ISO-10303-21;
HEADER;
/* Generated by software containing ST-Developer
 * from STEP Tools, Inc. (www.steptools.com) 
 */

FILE_DESCRIPTION(
/* description */ (''),
/* implementation_level */ '2;1');

FILE_NAME(
/* name */ 'CAM.step',
/* time_stamp */ '2026-08-10T17:13:18+08:00',
/* author */ (''),
/* organization */ (''),
/* preprocessor_version */ 'ST-DEVELOPER v20.1',
/* originating_system */ 'Autodesk Translation Framework v15.8.0.0',
/* authorisation */ '');

FILE_SCHEMA (('AUTOMOTIVE_DESIGN { 1 0 10303 214 3 1 1 }'));
ENDSEC;

DATA;
#10=MECHANICAL_DESIGN_GEOMETRIC_PRESENTATION_REPRESENTATION('',(#21),#4855);
#11=ITEM_DEFINED_TRANSFORMATION($,$,#2252,#2359);
#12=ITEM_DEFINED_TRANSFORMATION($,$,#2251,#2360);
#13=(
REPRESENTATION_RELATIONSHIP($,$,#4870,#4869)
REPRESENTATION_RELATIONSHIP_WITH_TRANSFORMATION(#11)
SHAPE_REPRESENTATION_RELATIONSHIP()
);
#14=(
REPRESENTATION_RELATIONSHIP($,$,#4869,#4868)
REPRESENTATION_RELATIONSHIP_WITH_TRANSFORMATION(#12)
SHAPE_REPRESENTATION_RELATIONSHIP()
);
#15=CONTEXT_DEPENDENT_SHAPE_REPRESENTATION(#13,#4866);
#16=CONTEXT_DEPENDENT_SHAPE_REPRESENTATION(#14,#4867);
#17=NEXT_ASSEMBLY_USAGE_OCCURRENCE('CAM:1','CAM:1','CAM:1',#4873,#4874,
'CAM:1');
#18=NEXT_ASSEMBLY_USAGE_OCCURRENCE('CAM Mechanism v16:1',
'CAM Mechanism v16:1','CAM Mechanism v16:1',#4872,#4873,
'CAM Mechanism v16:1');
#19=SHAPE_REPRESENTATION_RELATIONSHIP('SRR','None',#4870,#20);
#20=ADVANCED_BREP_SHAPE_REPRESENTATION('',(#22),#4854);
#21=STYLED_ITEM('',(#4888),#22);
#22=MANIFOLD_SOLID_BREP('Body1',#2237);
#23=B_SPLINE_SURFACE_WITH_KNOTS('',3,3,((#2820,#2821,#2822,#2823),(#2824,
#2825,#2826,#2827),(#2828,#2829,#2830,#2831),(#2832,#2833,#2834,#2835)),
 .UNSPECIFIED.,.F.,.F.,.F.,(4,4),(4,4),(0.,1.),(0.178916081666465,0.69945839699564),
 .UNSPECIFIED.);
#24=B_SPLINE_SURFACE_WITH_KNOTS('',3,3,((#2862,#2863,#2864,#2865),(#2866,
#2867,#2868,#2869),(#2870,#2871,#2872,#2873),(#2874,#2875,#2876,#2877)),
 .UNSPECIFIED.,.F.,.F.,.F.,(4,4),(4,4),(0.,1.),(-0.730460384926907,-0.0625972023991351),
 .UNSPECIFIED.);
#25=B_SPLINE_SURFACE_WITH_KNOTS('',3,3,((#2903,#2904,#2905,#2906),(#2907,
#2908,#2909,#2910),(#2911,#2912,#2913,#2914),(#2915,#2916,#2917,#2918)),
 .UNSPECIFIED.,.F.,.F.,.F.,(4,4),(4,4),(-3.51981069934456E-7,0.999999984912945),
(0.,0.2),.UNSPECIFIED.);
#26=B_SPLINE_SURFACE_WITH_KNOTS('',3,3,((#3224,#3225,#3226,#3227),(#3228,
#3229,#3230,#3231),(#3232,#3233,#3234,#3235),(#3236,#3237,#3238,#3239)),
 .UNSPECIFIED.,.F.,.F.,.F.,(4,4),(4,4),(0.,1.),(0.159934548694978,0.685863606627832),
 .UNSPECIFIED.);
#27=B_SPLINE_SURFACE_WITH_KNOTS('',3,3,((#3270,#3271,#3272,#3273),(#3274,
#3275,#3276,#3277),(#3278,#3279,#3280,#3281),(#3282,#3283,#3284,#3285)),
 .UNSPECIFIED.,.F.,.F.,.F.,(4,4),(4,4),(0.,1.),(-0.716894111591179,0.00678424793553178),
 .UNSPECIFIED.);
#28=B_SPLINE_SURFACE_WITH_KNOTS('',3,3,((#3306,#3307,#3308,#3309),(#3310,
#3311,#3312,#3313),(#3314,#3315,#3316,#3317),(#3318,#3319,#3320,#3321)),
 .UNSPECIFIED.,.F.,.F.,.F.,(4,4),(4,4),(-5.09813942849696E-19,0.416666672875484),
(-1.98727560919939E-16,0.2),.UNSPECIFIED.);
#29=B_SPLINE_SURFACE_WITH_KNOTS('',3,3,((#3337,#3338,#3339,#3340),(#3341,
#3342,#3343,#3344),(#3345,#3346,#3347,#3348),(#3349,#3350,#3351,#3352)),
 .UNSPECIFIED.,.F.,.F.,.F.,(4,4),(4,4),(0.,1.),(0.258477421667148,0.648602929445953),
 .UNSPECIFIED.);
#30=B_SPLINE_SURFACE_WITH_KNOTS('',3,3,((#3379,#3380,#3381,#3382),(#3383,
#3384,#3385,#3386),(#3387,#3388,#3389,#3390),(#3391,#3392,#3393,#3394)),
 .UNSPECIFIED.,.F.,.F.,.F.,(4,4),(4,4),(0.,1.),(-0.683991703773715,-0.23852431009616),
 .UNSPECIFIED.);
#31=B_SPLINE_SURFACE_WITH_KNOTS('',3,3,((#3411,#3412,#3413,#3414),(#3415,
#3416,#3417,#3418),(#3419,#3420,#3421,#3422),(#3423,#3424,#3425,#3426)),
 .UNSPECIFIED.,.F.,.F.,.F.,(4,4),(4,4),(0.,0.416666672875484),(0.,0.2),
 .UNSPECIFIED.);
#32=B_SPLINE_SURFACE_WITH_KNOTS('',3,3,((#3440,#3441,#3442,#3443),(#3444,
#3445,#3446,#3447),(#3448,#3449,#3450,#3451),(#3452,#3453,#3454,#3455)),
 .UNSPECIFIED.,.F.,.F.,.F.,(4,4),(4,4),(0.,1.),(0.141958781154229,0.527917622266368),
 .UNSPECIFIED.);
#33=B_SPLINE_SURFACE_WITH_KNOTS('',3,3,((#3482,#3483,#3484,#3485),(#3486,
#3487,#3488,#3489),(#3490,#3491,#3492,#3493),(#3494,#3495,#3496,#3497)),
 .UNSPECIFIED.,.F.,.F.,.F.,(4,4),(4,4),(0.,1.),(-0.563306396594129,-0.116745933202682),
 .UNSPECIFIED.);
#34=B_SPLINE_SURFACE_WITH_KNOTS('',3,3,((#3514,#3515,#3516,#3517),(#3518,
#3519,#3520,#3521),(#3522,#3523,#3524,#3525),(#3526,#3527,#3528,#3529)),
 .UNSPECIFIED.,.F.,.F.,.F.,(4,4),(4,4),(0.,0.416666672875484),(0.,0.2),
 .UNSPECIFIED.);
#35=B_SPLINE_SURFACE_WITH_KNOTS('',3,3,((#3543,#3544,#3545,#3546),(#3547,
#3548,#3549,#3550),(#3551,#3552,#3553,#3554),(#3555,#3556,#3557,#3558)),
 .UNSPECIFIED.,.F.,.F.,.F.,(4,4),(4,4),(0.,1.),(0.14195878115423,0.519584288933034),
 .UNSPECIFIED.);
#36=B_SPLINE_SURFACE_WITH_KNOTS('',3,3,((#3589,#3590,#3591,#3592),(#3593,
#3594,#3595,#3596),(#3597,#3598,#3599,#3600),(#3601,#3602,#3603,#3604)),
 .UNSPECIFIED.,.F.,.F.,.F.,(4,4),(4,4),(0.,1.),(-0.554973063260796,-0.0858225693141076),
 .UNSPECIFIED.);
#37=B_SPLINE_SURFACE_WITH_KNOTS('',3,3,((#3619,#3620,#3621,#3622),(#3623,
#3624,#3625,#3626),(#3627,#3628,#3629,#3630),(#3631,#3632,#3633,#3634)),
 .UNSPECIFIED.,.F.,.F.,.F.,(4,4),(4,4),(-2.7608009499442E-10,0.416666672875484),
(-2.54095702907083E-18,0.200000000000001),.UNSPECIFIED.);
#38=B_SPLINE_SURFACE_WITH_KNOTS('',3,3,((#3650,#3651,#3652,#3653),(#3654,
#3655,#3656,#3657),(#3658,#3659,#3660,#3661),(#3662,#3663,#3664,#3665)),
 .UNSPECIFIED.,.F.,.F.,.F.,(4,4),(4,4),(0.,1.),(0.055280442915919,0.428147336080444),
 .UNSPECIFIED.);
#39=B_SPLINE_SURFACE_WITH_KNOTS('',3,3,((#3696,#3697,#3698,#3699),(#3700,
#3701,#3702,#3703),(#3704,#3705,#3706,#3707),(#3708,#3709,#3710,#3711)),
 .UNSPECIFIED.,.F.,.F.,.F.,(4,4),(4,4),(0.,1.),(-0.463498586221969,0.00694752235161122),
 .UNSPECIFIED.);
#40=B_SPLINE_SURFACE_WITH_KNOTS('',3,3,((#3726,#3727,#3728,#3729),(#3730,
#3731,#3732,#3733),(#3734,#3735,#3736,#3737),(#3738,#3739,#3740,#3741)),
 .UNSPECIFIED.,.F.,.F.,.F.,(4,4),(4,4),(-5.42920610812486E-10,0.416666672875484),
(-4.43785354595045E-16,0.2),.UNSPECIFIED.);
#41=B_SPLINE_SURFACE_WITH_KNOTS('',3,3,((#3757,#3758,#3759,#3760),(#3761,
#3762,#3763,#3764),(#3765,#3766,#3767,#3768),(#3769,#3770,#3771,#3772)),
 .UNSPECIFIED.,.F.,.F.,.F.,(4,4),(4,4),(0.,1.),(0.18362544934142,0.548861919335655),
 .UNSPECIFIED.);
#42=B_SPLINE_SURFACE_WITH_KNOTS('',3,3,((#3803,#3804,#3805,#3806),(#3807,
#3808,#3809,#3810),(#3811,#3812,#3813,#3814),(#3815,#3816,#3817,#3818)),
 .UNSPECIFIED.,.F.,.F.,.F.,(4,4),(4,4),(0.,1.),(-0.584250693663418,-0.127053721165541),
 .UNSPECIFIED.);
#43=B_SPLINE_SURFACE_WITH_KNOTS('',3,3,((#3833,#3834,#3835,#3836),(#3837,
#3838,#3839,#3840),(#3841,#3842,#3843,#3844),(#3845,#3846,#3847,#3848)),
 .UNSPECIFIED.,.F.,.F.,.F.,(4,4),(4,4),(-2.71673014131831E-10,0.416666672875484),
(-1.80452476993702E-17,0.2),.UNSPECIFIED.);
#44=B_SPLINE_SURFACE_WITH_KNOTS('',3,3,((#3864,#3865,#3866,#3867),(#3868,
#3869,#3870,#3871),(#3872,#3873,#3874,#3875),(#3876,#3877,#3878,#3879)),
 .UNSPECIFIED.,.F.,.F.,.F.,(4,4),(4,4),(0.,1.),(0.258477421667148,0.620649289666874),
 .UNSPECIFIED.);
#45=B_SPLINE_SURFACE_WITH_KNOTS('',3,3,((#3910,#3911,#3912,#3913),(#3914,
#3915,#3916,#3917),(#3918,#3919,#3920,#3921),(#3922,#3923,#3924,#3925)),
 .UNSPECIFIED.,.F.,.F.,.F.,(4,4),(4,4),(0.,1.),(-0.655998977504071,-0.207600946207586),
 .UNSPECIFIED.);
#46=B_SPLINE_SURFACE_WITH_KNOTS('',3,3,((#3940,#3941,#3942,#3943),(#3944,
#3945,#3946,#3947),(#3948,#3949,#3950,#3951),(#3952,#3953,#3954,#3955)),
 .UNSPECIFIED.,.F.,.F.,.F.,(4,4),(4,4),(-2.80215905527825E-10,0.416666672875484),
(0.,0.2),.UNSPECIFIED.);
#47=B_SPLINE_SURFACE_WITH_KNOTS('',3,3,((#4015,#4016,#4017,#4018),(#4019,
#4020,#4021,#4022),(#4023,#4024,#4025,#4026),(#4027,#4028,#4029,#4030)),
 .UNSPECIFIED.,.F.,.F.,.F.,(4,4),(4,4),(0.192830133454364,0.672882339031973),
(0.,0.1),.UNSPECIFIED.);
#48=B_SPLINE_SURFACE_WITH_KNOTS('',3,3,((#4048,#4049,#4050,#4051),(#4052,
#4053,#4054,#4055),(#4056,#4057,#4058,#4059),(#4060,#4061,#4062,#4063)),
 .UNSPECIFIED.,.F.,.F.,.F.,(4,4),(4,4),(0.196841820650831,0.689845058006133),
(0.,0.1),.UNSPECIFIED.);
#49=B_SPLINE_SURFACE_WITH_KNOTS('',3,3,((#4082,#4083,#4084,#4085),(#4086,
#4087,#4088,#4089),(#4090,#4091,#4092,#4093),(#4094,#4095,#4096,#4097)),
 .UNSPECIFIED.,.F.,.F.,.F.,(4,4),(4,4),(0.0773301186151694,0.440380435729192),
(0.,0.1),.UNSPECIFIED.);
#50=B_SPLINE_SURFACE_WITH_KNOTS('',3,3,((#4102,#4103,#4104,#4105),(#4106,
#4107,#4108,#4109),(#4110,#4111,#4112,#4113),(#4114,#4115,#4116,#4117)),
 .UNSPECIFIED.,.F.,.F.,.F.,(4,4),(4,4),(0.,0.999999942703187),(0.,0.2),
 .UNSPECIFIED.);
#51=B_SPLINE_SURFACE_WITH_KNOTS('',3,3,((#4140,#4141,#4142,#4143),(#4144,
#4145,#4146,#4147),(#4148,#4149,#4150,#4151),(#4152,#4153,#4154,#4155)),
 .UNSPECIFIED.,.F.,.F.,.F.,(4,4),(4,4),(0.160712967635405,0.515232409575445),
(0.,0.1),.UNSPECIFIED.);
#52=B_SPLINE_SURFACE_WITH_KNOTS('',3,3,((#4178,#4179,#4180,#4181),(#4182,
#4183,#4184,#4185),(#4186,#4187,#4188,#4189),(#4190,#4191,#4192,#4193)),
 .UNSPECIFIED.,.F.,.F.,.F.,(4,4),(4,4),(0.0738712837451495,0.440380435729192),
(0.,0.1),.UNSPECIFIED.);
#53=B_SPLINE_SURFACE_WITH_KNOTS('',3,3,((#4213,#4214,#4215,#4216),(#4217,
#4218,#4219,#4220),(#4221,#4222,#4223,#4224),(#4225,#4226,#4227,#4228)),
 .UNSPECIFIED.,.F.,.F.,.F.,(4,4),(4,4),(0.191526545453484,0.556899076242112),
(0.,0.1),.UNSPECIFIED.);
#54=B_SPLINE_SURFACE_WITH_KNOTS('',3,3,((#4245,#4246,#4247,#4248),(#4249,
#4250,#4251,#4252),(#4253,#4254,#4255,#4256),(#4257,#4258,#4259,#4260)),
 .UNSPECIFIED.,.F.,.F.,.F.,(4,4),(4,4),(0.211176768732905,0.556899076242111),
(0.,0.1),.UNSPECIFIED.);
#55=B_SPLINE_SURFACE_WITH_KNOTS('',3,3,((#4288,#4289,#4290,#4291),(#4292,
#4293,#4294,#4295),(#4296,#4297,#4298,#4299),(#4300,#4301,#4302,#4303)),
 .UNSPECIFIED.,.F.,.F.,.F.,(4,4),(4,4),(0.299009438183376,0.640232409575444),
(0.,0.1),.UNSPECIFIED.);
#56=B_SPLINE_SURFACE_WITH_KNOTS('',3,3,((#4306,#4307,#4308,#4309),(#4310,
#4311,#4312,#4313),(#4314,#4315,#4316,#4317),(#4318,#4319,#4320,#4321)),
 .UNSPECIFIED.,.F.,.F.,.F.,(4,4),(4,4),(0.,0.999999816217296),(0.,0.2),
 .UNSPECIFIED.);
#57=B_SPLINE_SURFACE_WITH_KNOTS('',3,3,((#4354,#4355,#4356,#4357),(#4358,
#4359,#4360,#4361),(#4362,#4363,#4364,#4365),(#4366,#4367,#4368,#4369)),
 .UNSPECIFIED.,.F.,.F.,.F.,(4,4),(4,4),(0.,0.416666672875484),(0.,0.2),
 .UNSPECIFIED.);
#58=B_SPLINE_SURFACE_WITH_KNOTS('',3,3,((#4391,#4392,#4393,#4394),(#4395,
#4396,#4397,#4398),(#4399,#4400,#4401,#4402),(#4403,#4404,#4405,#4406)),
 .UNSPECIFIED.,.F.,.F.,.F.,(4,4),(4,4),(0.,0.416666672875484),(0.,0.2),
 .UNSPECIFIED.);
#59=B_SPLINE_SURFACE_WITH_KNOTS('',3,3,((#4420,#4421,#4422,#4423),(#4424,
#4425,#4426,#4427),(#4428,#4429,#4430,#4431),(#4432,#4433,#4434,#4435)),
 .UNSPECIFIED.,.F.,.F.,.F.,(4,4),(4,4),(0.,0.416666672875484),(0.,0.2),
 .UNSPECIFIED.);
#60=B_SPLINE_SURFACE_WITH_KNOTS('',3,3,((#4449,#4450,#4451,#4452),(#4453,
#4454,#4455,#4456),(#4457,#4458,#4459,#4460),(#4461,#4462,#4463,#4464)),
 .UNSPECIFIED.,.F.,.F.,.F.,(4,4),(4,4),(0.,0.416666672875484),(0.,0.2),
 .UNSPECIFIED.);
#61=B_SPLINE_SURFACE_WITH_KNOTS('',3,3,((#4478,#4479,#4480,#4481),(#4482,
#4483,#4484,#4485),(#4486,#4487,#4488,#4489),(#4490,#4491,#4492,#4493)),
 .UNSPECIFIED.,.F.,.F.,.F.,(4,4),(4,4),(0.,0.416666672875484),(0.,0.2),
 .UNSPECIFIED.);
#62=B_SPLINE_SURFACE_WITH_KNOTS('',3,3,((#4514,#4515,#4516,#4517),(#4518,
#4519,#4520,#4521),(#4522,#4523,#4524,#4525),(#4526,#4527,#4528,#4529)),
 .UNSPECIFIED.,.F.,.F.,.F.,(4,4),(4,4),(0.,0.599999798282182),(0.,0.2),
 .UNSPECIFIED.);
#63=B_SPLINE_SURFACE_WITH_KNOTS('',3,3,((#4532,#4533,#4534,#4535),(#4536,
#4537,#4538,#4539),(#4540,#4541,#4542,#4543),(#4544,#4545,#4546,#4547),
(#4548,#4549,#4550,#4551),(#4552,#4553,#4554,#4555)),.UNSPECIFIED.,.F.,
 .F.,.F.,(4,2,4),(4,4),(4.57039090573384E-8,0.320090537269576,0.640181074539152),
(0.,0.2),.UNSPECIFIED.);
#64=B_SPLINE_SURFACE_WITH_KNOTS('',3,3,((#4556,#4557,#4558,#4559),(#4560,
#4561,#4562,#4563),(#4564,#4565,#4566,#4567),(#4568,#4569,#4570,#4571),
(#4572,#4573,#4574,#4575),(#4576,#4577,#4578,#4579)),.UNSPECIFIED.,.F.,
 .F.,.F.,(4,2,4),(4,4),(0.,0.249873816175927,0.499747632351855),(0.,0.2),
 .UNSPECIFIED.);
#65=B_SPLINE_SURFACE_WITH_KNOTS('',3,3,((#4607,#4608,#4609,#4610),(#4611,
#4612,#4613,#4614),(#4615,#4616,#4617,#4618),(#4619,#4620,#4621,#4622)),
 .UNSPECIFIED.,.F.,.F.,.F.,(4,4),(4,4),(0.,0.599999678068569),(0.,0.2),
 .UNSPECIFIED.);
#66=B_SPLINE_SURFACE_WITH_KNOTS('',3,3,((#4625,#4626,#4627,#4628),(#4629,
#4630,#4631,#4632),(#4633,#4634,#4635,#4636),(#4637,#4638,#4639,#4640),
(#4641,#4642,#4643,#4644),(#4645,#4646,#4647,#4648),(#4649,#4650,#4651,
#4652),(#4653,#4654,#4655,#4656),(#4657,#4658,#4659,#4660),(#4661,#4662,
#4663,#4664)),.UNSPECIFIED.,.F.,.F.,.F.,(4,2,2,2,4),(4,4),(0.,0.160028219198273,
0.320056438396546,0.480084657594818,0.640112876793091),(0.,0.2),
 .UNSPECIFIED.);
#67=B_SPLINE_SURFACE_WITH_KNOTS('',3,3,((#4665,#4666,#4667,#4668),(#4669,
#4670,#4671,#4672),(#4673,#4674,#4675,#4676),(#4677,#4678,#4679,#4680),
(#4681,#4682,#4683,#4684),(#4685,#4686,#4687,#4688),(#4689,#4690,#4691,
#4692),(#4693,#4694,#4695,#4696),(#4697,#4698,#4699,#4700),(#4701,#4702,
#4703,#4704)),.UNSPECIFIED.,.F.,.F.,.F.,(4,2,2,2,4),(4,4),(0.,0.124917905747745,
0.24983581149549,0.374753717243235,0.49967162299098),(0.,0.2),
 .UNSPECIFIED.);
#68=B_SPLINE_SURFACE_WITH_KNOTS('',3,3,((#4728,#4729,#4730,#4731),(#4732,
#4733,#4734,#4735),(#4736,#4737,#4738,#4739),(#4740,#4741,#4742,#4743)),
 .UNSPECIFIED.,.F.,.F.,.F.,(4,4),(4,4),(0.,0.59999983778436),(0.,0.2),
 .UNSPECIFIED.);
#69=B_SPLINE_SURFACE_WITH_KNOTS('',3,3,((#4746,#4747,#4748,#4749),(#4750,
#4751,#4752,#4753),(#4754,#4755,#4756,#4757),(#4758,#4759,#4760,#4761),
(#4762,#4763,#4764,#4765),(#4766,#4767,#4768,#4769)),.UNSPECIFIED.,.F.,
 .F.,.F.,(4,2,4),(4,4),(1.5458784422086E-9,0.320065473741012,0.640130947482024),
(0.,0.2),.UNSPECIFIED.);
#70=B_SPLINE_SURFACE_WITH_KNOTS('',3,3,((#4770,#4771,#4772,#4773),(#4774,
#4775,#4776,#4777),(#4778,#4779,#4780,#4781),(#4782,#4783,#4784,#4785),
(#4786,#4787,#4788,#4789),(#4790,#4791,#4792,#4793),(#4794,#4795,#4796,
#4797),(#4798,#4799,#4800,#4801),(#4802,#4803,#4804,#4805),(#4806,#4807,
#4808,#4809)),.UNSPECIFIED.,.F.,.F.,.F.,(4,2,2,2,4),(4,4),(0.,0.124941965541926,
0.249883931083852,0.374825896625778,0.499767862167704),(0.,0.2),
 .UNSPECIFIED.);
#71=B_SPLINE_SURFACE_WITH_KNOTS('',3,3,((#4828,#4829,#4830,#4831),(#4832,
#4833,#4834,#4835),(#4836,#4837,#4838,#4839),(#4840,#4841,#4842,#4843)),
 .UNSPECIFIED.,.F.,.F.,.F.,(4,4),(4,4),(0.,0.416666722546021),(0.,0.2),
 .UNSPECIFIED.);
#72=FACE_BOUND('',#236,.T.);
#73=FACE_BOUND('',#269,.T.);
#74=FACE_BOUND('',#272,.T.);
#75=FACE_BOUND('',#275,.T.);
#76=FACE_BOUND('',#355,.T.);
#77=PLANE('',#2255);
#78=PLANE('',#2257);
#79=PLANE('',#2282);
#80=PLANE('',#2283);
#81=PLANE('',#2286);
#82=PLANE('',#2293);
#83=PLANE('',#2297);
#84=PLANE('',#2300);
#85=PLANE('',#2302);
#86=PLANE('',#2303);
#87=PLANE('',#2306);
#88=PLANE('',#2308);
#89=PLANE('',#2309);
#90=PLANE('',#2311);
#91=PLANE('',#2313);
#92=PLANE('',#2315);
#93=PLANE('',#2316);
#94=PLANE('',#2318);
#95=PLANE('',#2320);
#96=PLANE('',#2322);
#97=PLANE('',#2324);
#98=PLANE('',#2326);
#99=PLANE('',#2327);
#100=PLANE('',#2329);
#101=PLANE('',#2331);
#102=PLANE('',#2333);
#103=PLANE('',#2336);
#104=PLANE('',#2337);
#105=PLANE('',#2340);
#106=PLANE('',#2341);
#107=PLANE('',#2344);
#108=PLANE('',#2345);
#109=PLANE('',#2348);
#110=PLANE('',#2349);
#111=PLANE('',#2354);
#112=PLANE('',#2356);
#113=PLANE('',#2357);
#114=PLANE('',#2358);
#115=FACE_OUTER_BOUND('',#233,.T.);
#116=FACE_OUTER_BOUND('',#234,.T.);
#117=FACE_OUTER_BOUND('',#235,.T.);
#118=FACE_OUTER_BOUND('',#237,.T.);
#119=FACE_OUTER_BOUND('',#238,.T.);
#120=FACE_OUTER_BOUND('',#239,.T.);
#121=FACE_OUTER_BOUND('',#240,.T.);
#122=FACE_OUTER_BOUND('',#241,.T.);
#123=FACE_OUTER_BOUND('',#242,.T.);
#124=FACE_OUTER_BOUND('',#243,.T.);
#125=FACE_OUTER_BOUND('',#244,.T.);
#126=FACE_OUTER_BOUND('',#245,.T.);
#127=FACE_OUTER_BOUND('',#246,.T.);
#128=FACE_OUTER_BOUND('',#247,.T.);
#129=FACE_OUTER_BOUND('',#248,.T.);
#130=FACE_OUTER_BOUND('',#249,.T.);
#131=FACE_OUTER_BOUND('',#250,.T.);
#132=FACE_OUTER_BOUND('',#251,.T.);
#133=FACE_OUTER_BOUND('',#252,.T.);
#134=FACE_OUTER_BOUND('',#253,.T.);
#135=FACE_OUTER_BOUND('',#254,.T.);
#136=FACE_OUTER_BOUND('',#255,.T.);
#137=FACE_OUTER_BOUND('',#256,.T.);
#138=FACE_OUTER_BOUND('',#257,.T.);
#139=FACE_OUTER_BOUND('',#258,.T.);
#140=FACE_OUTER_BOUND('',#259,.T.);
#141=FACE_OUTER_BOUND('',#260,.T.);
#142=FACE_OUTER_BOUND('',#261,.T.);
#143=FACE_OUTER_BOUND('',#262,.T.);
#144=FACE_OUTER_BOUND('',#263,.T.);
#145=FACE_OUTER_BOUND('',#264,.T.);
#146=FACE_OUTER_BOUND('',#265,.T.);
#147=FACE_OUTER_BOUND('',#266,.T.);
#148=FACE_OUTER_BOUND('',#267,.T.);
#149=FACE_OUTER_BOUND('',#268,.T.);
#150=FACE_OUTER_BOUND('',#270,.T.);
#151=FACE_OUTER_BOUND('',#271,.T.);
#152=FACE_OUTER_BOUND('',#273,.T.);
#153=FACE_OUTER_BOUND('',#274,.T.);
#154=FACE_OUTER_BOUND('',#276,.T.);
#155=FACE_OUTER_BOUND('',#277,.T.);
#156=FACE_OUTER_BOUND('',#278,.T.);
#157=FACE_OUTER_BOUND('',#279,.T.);
#158=FACE_OUTER_BOUND('',#280,.T.);
#159=FACE_OUTER_BOUND('',#281,.T.);
#160=FACE_OUTER_BOUND('',#282,.T.);
#161=FACE_OUTER_BOUND('',#283,.T.);
#162=FACE_OUTER_BOUND('',#284,.T.);
#163=FACE_OUTER_BOUND('',#285,.T.);
#164=FACE_OUTER_BOUND('',#286,.T.);
#165=FACE_OUTER_BOUND('',#287,.T.);
#166=FACE_OUTER_BOUND('',#288,.T.);
#167=FACE_OUTER_BOUND('',#289,.T.);
#168=FACE_OUTER_BOUND('',#290,.T.);
#169=FACE_OUTER_BOUND('',#291,.T.);
#170=FACE_OUTER_BOUND('',#292,.T.);
#171=FACE_OUTER_BOUND('',#293,.T.);
#172=FACE_OUTER_BOUND('',#294,.T.);
#173=FACE_OUTER_BOUND('',#295,.T.);
#174=FACE_OUTER_BOUND('',#296,.T.);
#175=FACE_OUTER_BOUND('',#297,.T.);
#176=FACE_OUTER_BOUND('',#298,.T.);
#177=FACE_OUTER_BOUND('',#299,.T.);
#178=FACE_OUTER_BOUND('',#300,.T.);
#179=FACE_OUTER_BOUND('',#301,.T.);
#180=FACE_OUTER_BOUND('',#302,.T.);
#181=FACE_OUTER_BOUND('',#303,.T.);
#182=FACE_OUTER_BOUND('',#304,.T.);
#183=FACE_OUTER_BOUND('',#305,.T.);
#184=FACE_OUTER_BOUND('',#306,.T.);
#185=FACE_OUTER_BOUND('',#307,.T.);
#186=FACE_OUTER_BOUND('',#308,.T.);
#187=FACE_OUTER_BOUND('',#309,.T.);
#188=FACE_OUTER_BOUND('',#310,.T.);
#189=FACE_OUTER_BOUND('',#311,.T.);
#190=FACE_OUTER_BOUND('',#312,.T.);
#191=FACE_OUTER_BOUND('',#313,.T.);
#192=FACE_OUTER_BOUND('',#314,.T.);
#193=FACE_OUTER_BOUND('',#315,.T.);
#194=FACE_OUTER_BOUND('',#316,.T.);
#195=FACE_OUTER_BOUND('',#317,.T.);
#196=FACE_OUTER_BOUND('',#318,.T.);
#197=FACE_OUTER_BOUND('',#319,.T.);
#198=FACE_OUTER_BOUND('',#320,.T.);
#199=FACE_OUTER_BOUND('',#321,.T.);
#200=FACE_OUTER_BOUND('',#322,.T.);
#201=FACE_OUTER_BOUND('',#323,.T.);
#202=FACE_OUTER_BOUND('',#324,.T.);
#203=FACE_OUTER_BOUND('',#325,.T.);
#204=FACE_OUTER_BOUND('',#326,.T.);
#205=FACE_OUTER_BOUND('',#327,.T.);
#206=FACE_OUTER_BOUND('',#328,.T.);
#207=FACE_OUTER_BOUND('',#329,.T.);
#208=FACE_OUTER_BOUND('',#330,.T.);
#209=FACE_OUTER_BOUND('',#331,.T.);
#210=FACE_OUTER_BOUND('',#332,.T.);
#211=FACE_OUTER_BOUND('',#333,.T.);
#212=FACE_OUTER_BOUND('',#334,.T.);
#213=FACE_OUTER_BOUND('',#335,.T.);
#214=FACE_OUTER_BOUND('',#336,.T.);
#215=FACE_OUTER_BOUND('',#337,.T.);
#216=FACE_OUTER_BOUND('',#338,.T.);
#217=FACE_OUTER_BOUND('',#339,.T.);
#218=FACE_OUTER_BOUND('',#340,.T.);
#219=FACE_OUTER_BOUND('',#341,.T.);
#220=FACE_OUTER_BOUND('',#342,.T.);
#221=FACE_OUTER_BOUND('',#343,.T.);
#222=FACE_OUTER_BOUND('',#344,.T.);
#223=FACE_OUTER_BOUND('',#345,.T.);
#224=FACE_OUTER_BOUND('',#346,.T.);
#225=FACE_OUTER_BOUND('',#347,.T.);
#226=FACE_OUTER_BOUND('',#348,.T.);
#227=FACE_OUTER_BOUND('',#349,.T.);
#228=FACE_OUTER_BOUND('',#350,.T.);
#229=FACE_OUTER_BOUND('',#351,.T.);
#230=FACE_OUTER_BOUND('',#352,.T.);
#231=FACE_OUTER_BOUND('',#353,.T.);
#232=FACE_OUTER_BOUND('',#354,.T.);
#233=EDGE_LOOP('',(#1412,#1413,#1414,#1415));
#234=EDGE_LOOP('',(#1416));
#235=EDGE_LOOP('',(#1417,#1418,#1419,#1420,#1421,#1422,#1423,#1424,#1425,
#1426,#1427,#1428,#1429,#1430,#1431,#1432,#1433,#1434,#1435,#1436,#1437,
#1438,#1439,#1440,#1441,#1442,#1443,#1444,#1445,#1446,#1447,#1448,#1449));
#236=EDGE_LOOP('',(#1450));
#237=EDGE_LOOP('',(#1451,#1452,#1453,#1454));
#238=EDGE_LOOP('',(#1455,#1456,#1457,#1458,#1459));
#239=EDGE_LOOP('',(#1460,#1461,#1462,#1463,#1464,#1465,#1466,#1467,#1468));
#240=EDGE_LOOP('',(#1469,#1470,#1471,#1472,#1473,#1474,#1475,#1476,#1477,
#1478,#1479,#1480,#1481,#1482,#1483,#1484,#1485,#1486,#1487,#1488,#1489,
#1490,#1491,#1492,#1493,#1494,#1495,#1496,#1497,#1498,#1499,#1500,#1501,
#1502,#1503,#1504,#1505,#1506,#1507,#1508,#1509,#1510,#1511,#1512,#1513,
#1514,#1515,#1516,#1517,#1518,#1519,#1520,#1521,#1522,#1523,#1524,#1525,
#1526,#1527,#1528,#1529,#1530,#1531,#1532,#1533,#1534,#1535,#1536,#1537,
#1538,#1539,#1540,#1541,#1542,#1543,#1544,#1545,#1546,#1547,#1548,#1549,
#1550,#1551,#1552,#1553,#1554));
#241=EDGE_LOOP('',(#1555,#1556,#1557,#1558,#1559));
#242=EDGE_LOOP('',(#1560,#1561,#1562,#1563,#1564));
#243=EDGE_LOOP('',(#1565,#1566,#1567,#1568,#1569,#1570,#1571));
#244=EDGE_LOOP('',(#1572,#1573,#1574,#1575));
#245=EDGE_LOOP('',(#1576,#1577,#1578,#1579,#1580));
#246=EDGE_LOOP('',(#1581,#1582,#1583,#1584,#1585));
#247=EDGE_LOOP('',(#1586,#1587,#1588,#1589,#1590,#1591,#1592,#1593));
#248=EDGE_LOOP('',(#1594,#1595,#1596,#1597));
#249=EDGE_LOOP('',(#1598,#1599,#1600,#1601,#1602));
#250=EDGE_LOOP('',(#1603,#1604,#1605,#1606,#1607));
#251=EDGE_LOOP('',(#1608,#1609,#1610,#1611,#1612,#1613,#1614,#1615));
#252=EDGE_LOOP('',(#1616,#1617,#1618,#1619,#1620));
#253=EDGE_LOOP('',(#1621,#1622,#1623,#1624));
#254=EDGE_LOOP('',(#1625,#1626,#1627,#1628,#1629,#1630,#1631));
#255=EDGE_LOOP('',(#1632,#1633,#1634,#1635,#1636));
#256=EDGE_LOOP('',(#1637,#1638,#1639,#1640));
#257=EDGE_LOOP('',(#1641,#1642,#1643,#1644,#1645,#1646,#1647));
#258=EDGE_LOOP('',(#1648,#1649,#1650,#1651,#1652));
#259=EDGE_LOOP('',(#1653,#1654,#1655,#1656));
#260=EDGE_LOOP('',(#1657,#1658,#1659,#1660,#1661,#1662,#1663));
#261=EDGE_LOOP('',(#1664,#1665,#1666,#1667,#1668));
#262=EDGE_LOOP('',(#1669,#1670,#1671,#1672));
#263=EDGE_LOOP('',(#1673,#1674,#1675,#1676,#1677,#1678,#1679));
#264=EDGE_LOOP('',(#1680,#1681,#1682,#1683));
#265=EDGE_LOOP('',(#1684));
#266=EDGE_LOOP('',(#1685,#1686,#1687,#1688));
#267=EDGE_LOOP('',(#1689,#1690,#1691,#1692));
#268=EDGE_LOOP('',(#1693));
#269=EDGE_LOOP('',(#1694));
#270=EDGE_LOOP('',(#1695,#1696,#1697,#1698));
#271=EDGE_LOOP('',(#1699));
#272=EDGE_LOOP('',(#1700));
#273=EDGE_LOOP('',(#1701,#1702,#1703,#1704));
#274=EDGE_LOOP('',(#1705));
#275=EDGE_LOOP('',(#1706));
#276=EDGE_LOOP('',(#1707,#1708,#1709,#1710,#1711));
#277=EDGE_LOOP('',(#1712,#1713,#1714,#1715,#1716));
#278=EDGE_LOOP('',(#1717,#1718,#1719,#1720,#1721,#1722,#1723,#1724));
#279=EDGE_LOOP('',(#1725,#1726,#1727,#1728,#1729,#1730,#1731));
#280=EDGE_LOOP('',(#1732,#1733,#1734,#1735));
#281=EDGE_LOOP('',(#1736,#1737,#1738,#1739));
#282=EDGE_LOOP('',(#1740,#1741,#1742,#1743,#1744));
#283=EDGE_LOOP('',(#1745,#1746,#1747,#1748));
#284=EDGE_LOOP('',(#1749,#1750,#1751,#1752,#1753,#1754,#1755,#1756));
#285=EDGE_LOOP('',(#1757,#1758,#1759,#1760,#1761,#1762,#1763));
#286=EDGE_LOOP('',(#1764,#1765,#1766,#1767,#1768));
#287=EDGE_LOOP('',(#1769,#1770,#1771,#1772));
#288=EDGE_LOOP('',(#1773,#1774,#1775,#1776,#1777,#1778,#1779,#1780));
#289=EDGE_LOOP('',(#1781,#1782,#1783,#1784,#1785,#1786,#1787));
#290=EDGE_LOOP('',(#1788,#1789,#1790,#1791,#1792));
#291=EDGE_LOOP('',(#1793,#1794,#1795,#1796));
#292=EDGE_LOOP('',(#1797,#1798,#1799,#1800,#1801,#1802,#1803));
#293=EDGE_LOOP('',(#1804,#1805,#1806,#1807,#1808));
#294=EDGE_LOOP('',(#1809,#1810,#1811,#1812));
#295=EDGE_LOOP('',(#1813,#1814,#1815,#1816,#1817,#1818,#1819));
#296=EDGE_LOOP('',(#1820,#1821,#1822,#1823));
#297=EDGE_LOOP('',(#1824,#1825,#1826,#1827));
#298=EDGE_LOOP('',(#1828,#1829,#1830,#1831,#1832,#1833,#1834,#1835));
#299=EDGE_LOOP('',(#1836,#1837,#1838,#1839,#1840,#1841,#1842,#1843,#1844));
#300=EDGE_LOOP('',(#1845,#1846,#1847,#1848,#1849));
#301=EDGE_LOOP('',(#1850,#1851,#1852,#1853));
#302=EDGE_LOOP('',(#1854,#1855,#1856,#1857,#1858,#1859,#1860));
#303=EDGE_LOOP('',(#1861,#1862,#1863,#1864,#1865,#1866,#1867,#1868));
#304=EDGE_LOOP('',(#1869,#1870,#1871,#1872));
#305=EDGE_LOOP('',(#1873,#1874,#1875,#1876));
#306=EDGE_LOOP('',(#1877,#1878,#1879,#1880));
#307=EDGE_LOOP('',(#1881,#1882,#1883,#1884));
#308=EDGE_LOOP('',(#1885,#1886,#1887,#1888));
#309=EDGE_LOOP('',(#1889,#1890,#1891,#1892));
#310=EDGE_LOOP('',(#1893,#1894,#1895,#1896));
#311=EDGE_LOOP('',(#1897,#1898,#1899,#1900,#1901,#1902,#1903,#1904));
#312=EDGE_LOOP('',(#1905,#1906,#1907,#1908));
#313=EDGE_LOOP('',(#1909,#1910,#1911,#1912,#1913));
#314=EDGE_LOOP('',(#1914,#1915,#1916,#1917));
#315=EDGE_LOOP('',(#1918,#1919,#1920,#1921));
#316=EDGE_LOOP('',(#1922,#1923,#1924,#1925));
#317=EDGE_LOOP('',(#1926,#1927,#1928,#1929));
#318=EDGE_LOOP('',(#1930,#1931,#1932,#1933));
#319=EDGE_LOOP('',(#1934,#1935,#1936,#1937));
#320=EDGE_LOOP('',(#1938,#1939,#1940,#1941));
#321=EDGE_LOOP('',(#1942,#1943,#1944,#1945));
#322=EDGE_LOOP('',(#1946,#1947,#1948,#1949,#1950,#1951));
#323=EDGE_LOOP('',(#1952,#1953,#1954,#1955));
#324=EDGE_LOOP('',(#1956,#1957,#1958,#1959));
#325=EDGE_LOOP('',(#1960,#1961,#1962,#1963));
#326=EDGE_LOOP('',(#1964,#1965,#1966,#1967));
#327=EDGE_LOOP('',(#1968,#1969,#1970,#1971));
#328=EDGE_LOOP('',(#1972,#1973,#1974,#1975));
#329=EDGE_LOOP('',(#1976,#1977,#1978,#1979));
#330=EDGE_LOOP('',(#1980,#1981,#1982,#1983,#1984,#1985));
#331=EDGE_LOOP('',(#1986,#1987,#1988,#1989));
#332=EDGE_LOOP('',(#1990,#1991,#1992,#1993));
#333=EDGE_LOOP('',(#1994,#1995,#1996,#1997));
#334=EDGE_LOOP('',(#1998,#1999,#2000,#2001,#2002,#2003));
#335=EDGE_LOOP('',(#2004,#2005,#2006,#2007));
#336=EDGE_LOOP('',(#2008,#2009,#2010,#2011));
#337=EDGE_LOOP('',(#2012,#2013,#2014,#2015));
#338=EDGE_LOOP('',(#2016,#2017,#2018,#2019,#2020,#2021));
#339=EDGE_LOOP('',(#2022,#2023,#2024,#2025));
#340=EDGE_LOOP('',(#2026,#2027,#2028,#2029));
#341=EDGE_LOOP('',(#2030,#2031,#2032,#2033));
#342=EDGE_LOOP('',(#2034,#2035,#2036,#2037));
#343=EDGE_LOOP('',(#2038,#2039,#2040,#2041));
#344=EDGE_LOOP('',(#2042,#2043,#2044,#2045));
#345=EDGE_LOOP('',(#2046,#2047,#2048,#2049));
#346=EDGE_LOOP('',(#2050,#2051,#2052,#2053,#2054,#2055));
#347=EDGE_LOOP('',(#2056,#2057,#2058,#2059));
#348=EDGE_LOOP('',(#2060,#2061,#2062,#2063));
#349=EDGE_LOOP('',(#2064,#2065,#2066,#2067));
#350=EDGE_LOOP('',(#2068,#2069,#2070,#2071));
#351=EDGE_LOOP('',(#2072,#2073,#2074,#2075));
#352=EDGE_LOOP('',(#2076,#2077,#2078,#2079,#2080,#2081));
#353=EDGE_LOOP('',(#2082,#2083,#2084,#2085));
#354=EDGE_LOOP('',(#2086));
#355=EDGE_LOOP('',(#2087));
#356=B_SPLINE_CURVE_WITH_KNOTS('',3,(#2747,#2748,#2749,#2750),
 .UNSPECIFIED.,.F.,.F.,(4,4),(-0.672882339031973,-0.627160056358034),
 .UNSPECIFIED.);
#357=B_SPLINE_CURVE_WITH_KNOTS('',3,(#2838,#2839,#2840,#2841,#2842,#2843,
#2844),.UNSPECIFIED.,.F.,.F.,(4,3,4),(0.,0.0439051856728991,0.0874799827245031),
 .UNSPECIFIED.);
#358=B_SPLINE_CURVE_WITH_KNOTS('',3,(#2846,#2847,#2848,#2849),
 .UNSPECIFIED.,.F.,.F.,(4,4),(-0.699456605123061,-0.206528225947411),
 .UNSPECIFIED.);
#359=B_SPLINE_CURVE_WITH_KNOTS('',3,(#2851,#2852,#2853,#2854,#2855,#2856,
#2857),.UNSPECIFIED.,.F.,.F.,(4,3,4),(0.,0.0434415476576908,0.0874499263315254),
 .UNSPECIFIED.);
#360=B_SPLINE_CURVE_WITH_KNOTS('',3,(#2858,#2859,#2860,#2861),
 .UNSPECIFIED.,.F.,.F.,(4,4),(-0.671889120842759,-0.178916081666465),
 .UNSPECIFIED.);
#361=B_SPLINE_CURVE_WITH_KNOTS('',3,(#2880,#2881,#2882,#2883,#2884,#2885,
#2886),.UNSPECIFIED.,.F.,.F.,(4,3,4),(0.,0.137779447376456,0.275558894752912),
 .UNSPECIFIED.);
#362=B_SPLINE_CURVE_WITH_KNOTS('',3,(#2888,#2889,#2890,#2891),
 .UNSPECIFIED.,.F.,.F.,(4,4),(0.0625972023991351,0.730460384926907),
 .UNSPECIFIED.);
#363=B_SPLINE_CURVE_WITH_KNOTS('',3,(#2892,#2893,#2894,#2895,#2896,#2897,
#2898),.UNSPECIFIED.,.F.,.F.,(4,3,4),(0.,0.0447384376444179,0.0900435768591399),
 .UNSPECIFIED.);
#364=B_SPLINE_CURVE_WITH_KNOTS('',3,(#2899,#2900,#2901,#2902),
 .UNSPECIFIED.,.F.,.F.,(4,4),(0.0601859525421477,0.0706717368325352),
 .UNSPECIFIED.);
#365=B_SPLINE_CURVE_WITH_KNOTS('',3,(#2920,#2921,#2922,#2923),
 .UNSPECIFIED.,.F.,.F.,(4,4),(-3.51981069934456E-7,0.7737943803708),
 .UNSPECIFIED.);
#366=B_SPLINE_CURVE_WITH_KNOTS('',3,(#2927,#2928,#2929,#2930),
 .UNSPECIFIED.,.F.,.F.,(4,4),(7.45770822606622E-21,0.999999984912945),
 .UNSPECIFIED.);
#367=B_SPLINE_CURVE_WITH_KNOTS('',3,(#2934,#2935,#2936,#2937),
 .UNSPECIFIED.,.F.,.F.,(4,4),(0.99842073310888,0.999999984912945),
 .UNSPECIFIED.);
#368=B_SPLINE_CURVE_WITH_KNOTS('',3,(#2940,#2941,#2942,#2943),
 .UNSPECIFIED.,.F.,.F.,(4,4),(-0.149948917877245,-0.0719384193367883),
 .UNSPECIFIED.);
#369=B_SPLINE_CURVE_WITH_KNOTS('',3,(#2946,#2947,#2948,#2949),
 .UNSPECIFIED.,.F.,.F.,(4,4),(-0.627158928307441,-0.192830133454364),
 .UNSPECIFIED.);
#370=B_SPLINE_CURVE_WITH_KNOTS('',3,(#2951,#2952,#2953,#2954),
 .UNSPECIFIED.,.F.,.F.,(4,4),(0.0176632314017362,0.416666672875484),
 .UNSPECIFIED.);
#371=B_SPLINE_CURVE_WITH_KNOTS('',3,(#2962,#2963,#2964,#2965),
 .UNSPECIFIED.,.F.,.F.,(4,4),(0.300235752550627,0.716894111591179),
 .UNSPECIFIED.);
#372=B_SPLINE_CURVE_WITH_KNOTS('',3,(#2970,#2971,#2972,#2973),
 .UNSPECIFIED.,.F.,.F.,(4,4),(-0.00678424793553178,0.300235752550627),
 .UNSPECIFIED.);
#373=B_SPLINE_CURVE_WITH_KNOTS('',3,(#2975,#2976,#2977,#2978),
 .UNSPECIFIED.,.F.,.F.,(4,4),(0.261289385350838,0.416666672875484),
 .UNSPECIFIED.);
#374=B_SPLINE_CURVE_WITH_KNOTS('',3,(#2983,#2984,#2985,#2986),
 .UNSPECIFIED.,.F.,.F.,(4,4),(-0.440380435729192,-0.0738712837451495),
 .UNSPECIFIED.);
#375=B_SPLINE_CURVE_WITH_KNOTS('',3,(#2988,#2989,#2990,#2991),
 .UNSPECIFIED.,.F.,.F.,(4,4),(0.00828684447483618,0.416666672875484),
 .UNSPECIFIED.);
#376=B_SPLINE_CURVE_WITH_KNOTS('',3,(#2999,#3000,#3001,#3002),
 .UNSPECIFIED.,.F.,.F.,(4,4),(0.23852431009616,0.683991703773715),
 .UNSPECIFIED.);
#377=B_SPLINE_CURVE_WITH_KNOTS('',3,(#3004,#3005,#3006,#3007),
 .UNSPECIFIED.,.F.,.F.,(4,4),(0.0872450861683498,0.416666672875484),
 .UNSPECIFIED.);
#378=B_SPLINE_CURVE_WITH_KNOTS('',3,(#3012,#3013,#3014,#3015),
 .UNSPECIFIED.,.F.,.F.,(4,4),(-0.556899076242112,-0.191526545453484),
 .UNSPECIFIED.);
#379=B_SPLINE_CURVE_WITH_KNOTS('',3,(#3017,#3018,#3019,#3020),
 .UNSPECIFIED.,.F.,.F.,(4,4),(0.0113168899460876,0.416666672875484),
 .UNSPECIFIED.);
#380=B_SPLINE_CURVE_WITH_KNOTS('',3,(#3028,#3029,#3030,#3031),
 .UNSPECIFIED.,.F.,.F.,(4,4),(0.116745933202682,0.563306396594129),
 .UNSPECIFIED.);
#381=B_SPLINE_CURVE_WITH_KNOTS('',3,(#3033,#3034,#3035,#3036),
 .UNSPECIFIED.,.F.,.F.,(4,4),(0.0925048225489084,0.416666672875484),
 .UNSPECIFIED.);
#382=B_SPLINE_CURVE_WITH_KNOTS('',3,(#3041,#3042,#3043,#3044),
 .UNSPECIFIED.,.F.,.F.,(4,4),(-0.556899076242111,-0.211176768732905),
 .UNSPECIFIED.);
#383=B_SPLINE_CURVE_WITH_KNOTS('',3,(#3048,#3049,#3050,#3051),
 .UNSPECIFIED.,.F.,.F.,(4,4),(0.,0.416666672875484),.UNSPECIFIED.);
#384=B_SPLINE_CURVE_WITH_KNOTS('',3,(#3059,#3060,#3061,#3062),
 .UNSPECIFIED.,.F.,.F.,(4,4),(0.0858225693141076,0.554973063260796),
 .UNSPECIFIED.);
#385=B_SPLINE_CURVE_WITH_KNOTS('',3,(#3064,#3065,#3066,#3067),
 .UNSPECIFIED.,.F.,.F.,(4,4),(0.123428186437483,0.416666672875484),
 .UNSPECIFIED.);
#386=B_SPLINE_CURVE_WITH_KNOTS('',3,(#3072,#3073,#3074,#3075),
 .UNSPECIFIED.,.F.,.F.,(4,4),(-0.640232409575444,-0.299009438183376),
 .UNSPECIFIED.);
#387=B_SPLINE_CURVE_WITH_KNOTS('',3,(#3077,#3078,#3079,#3080,#3081,#3082),
 .UNSPECIFIED.,.F.,.F.,(4,2,4),(0.00543661946773051,0.320090537269576,0.640181074539152),
 .UNSPECIFIED.);
#388=B_SPLINE_CURVE_WITH_KNOTS('',3,(#3084,#3085,#3086,#3087),
 .UNSPECIFIED.,.F.,.F.,(4,4),(0.,0.599999798282182),.UNSPECIFIED.);
#389=B_SPLINE_CURVE_WITH_KNOTS('',3,(#3089,#3090,#3091,#3092,#3093,#3094),
 .UNSPECIFIED.,.F.,.F.,(4,2,4),(0.,0.249873816175927,0.499747632351855),
 .UNSPECIFIED.);
#390=B_SPLINE_CURVE_WITH_KNOTS('',3,(#3096,#3097,#3098,#3099),
 .UNSPECIFIED.,.F.,.F.,(4,4),(0.,0.719531059245435),.UNSPECIFIED.);
#391=B_SPLINE_CURVE_WITH_KNOTS('',3,(#3101,#3102,#3103,#3104),
 .UNSPECIFIED.,.F.,.F.,(4,4),(-0.00694752235161122,0.463498586221969),
 .UNSPECIFIED.);
#392=B_SPLINE_CURVE_WITH_KNOTS('',3,(#3106,#3107,#3108,#3109),
 .UNSPECIFIED.,.F.,.F.,(4,4),(0.132864944769867,0.416666672875484),
 .UNSPECIFIED.);
#393=B_SPLINE_CURVE_WITH_KNOTS('',3,(#3114,#3115,#3116,#3117),
 .UNSPECIFIED.,.F.,.F.,(4,4),(-0.515232409575445,-0.160712967635405),
 .UNSPECIFIED.);
#394=B_SPLINE_CURVE_WITH_KNOTS('',3,(#3119,#3120,#3121,#3122),
 .UNSPECIFIED.,.F.,.F.,(4,4),(0.0211861706948783,0.416666722546021),
 .UNSPECIFIED.);
#395=B_SPLINE_CURVE_WITH_KNOTS('',3,(#3130,#3131,#3132,#3133),
 .UNSPECIFIED.,.F.,.F.,(4,4),(0.127053721165541,0.584250693663418),
 .UNSPECIFIED.);
#396=B_SPLINE_CURVE_WITH_KNOTS('',3,(#3135,#3136,#3137,#3138),
 .UNSPECIFIED.,.F.,.F.,(4,4),(0.123863701252714,0.416666672875484),
 .UNSPECIFIED.);
#397=B_SPLINE_CURVE_WITH_KNOTS('',3,(#3143,#3144,#3145,#3146),
 .UNSPECIFIED.,.F.,.F.,(4,4),(-0.440380435729192,-0.0773301186151694),
 .UNSPECIFIED.);
#398=B_SPLINE_CURVE_WITH_KNOTS('',3,(#3148,#3149,#3150,#3151,#3152,#3153),
 .UNSPECIFIED.,.F.,.F.,(4,2,4),(0.0502235668971049,0.320065473741012,0.640130947482024),
 .UNSPECIFIED.);
#399=B_SPLINE_CURVE_WITH_KNOTS('',3,(#3155,#3156,#3157,#3158),
 .UNSPECIFIED.,.F.,.F.,(4,4),(0.,0.599999837784227),.UNSPECIFIED.);
#400=B_SPLINE_CURVE_WITH_KNOTS('',3,(#3160,#3161,#3162,#3163,#3164,#3165,
#3166,#3167,#3168,#3169),.UNSPECIFIED.,.F.,.F.,(4,2,2,2,4),(0.,0.124941965541926,
0.249883931083852,0.374825896625778,0.499767862167704),.UNSPECIFIED.);
#401=B_SPLINE_CURVE_WITH_KNOTS('',3,(#3171,#3172,#3173,#3174),
 .UNSPECIFIED.,.F.,.F.,(4,4),(0.,0.747900946360025),.UNSPECIFIED.);
#402=B_SPLINE_CURVE_WITH_KNOTS('',3,(#3176,#3177,#3178,#3179),
 .UNSPECIFIED.,.F.,.F.,(4,4),(0.207600946207586,0.655998977504071),
 .UNSPECIFIED.);
#403=B_SPLINE_CURVE_WITH_KNOTS('',3,(#3181,#3182,#3183,#3184),
 .UNSPECIFIED.,.F.,.F.,(4,4),(0.118168450056924,0.416666672875484),
 .UNSPECIFIED.);
#404=B_SPLINE_CURVE_WITH_KNOTS('',3,(#3188,#3189,#3190,#3191),
 .UNSPECIFIED.,.F.,.F.,(4,4),(-0.689845058006133,-0.196841820650831),
 .UNSPECIFIED.);
#405=B_SPLINE_CURVE_WITH_KNOTS('',3,(#3193,#3194,#3195,#3196,#3197,#3198,
#3199,#3200,#3201,#3202),.UNSPECIFIED.,.F.,.F.,(4,2,2,2,4),(0.,0.160028219198273,
0.320056438396546,0.480084657594818,0.640112876793091),.UNSPECIFIED.);
#406=B_SPLINE_CURVE_WITH_KNOTS('',3,(#3204,#3205,#3206,#3207),
 .UNSPECIFIED.,.F.,.F.,(4,4),(0.,0.599999678068569),.UNSPECIFIED.);
#407=B_SPLINE_CURVE_WITH_KNOTS('',3,(#3208,#3209,#3210,#3211,#3212,#3213,
#3214,#3215,#3216,#3217),.UNSPECIFIED.,.F.,.F.,(4,2,2,2,4),(0.,0.124917905747745,
0.24983581149549,0.374753717243235,0.49967162299098),.UNSPECIFIED.);
#408=B_SPLINE_CURVE_WITH_KNOTS('',3,(#3219,#3220,#3221,#3222),
 .UNSPECIFIED.,.F.,.F.,(4,4),(0.17494521604201,0.416666672875484),
 .UNSPECIFIED.);
#409=B_SPLINE_CURVE_WITH_KNOTS('',3,(#3242,#3243,#3244,#3245),
 .UNSPECIFIED.,.F.,.F.,(4,4),(0.,0.101913362512262),.UNSPECIFIED.);
#410=B_SPLINE_CURVE_WITH_KNOTS('',3,(#3247,#3248,#3249,#3250),
 .UNSPECIFIED.,.F.,.F.,(4,4),(-0.685861296561198,-0.159959817679833),
 .UNSPECIFIED.);
#411=B_SPLINE_CURVE_WITH_KNOTS('',3,(#3252,#3253,#3254,#3255,#3256,#3257,
#3258),.UNSPECIFIED.,.F.,.F.,(4,3,4),(0.,0.0434572770207932,0.0874798464498406),
 .UNSPECIFIED.);
#412=B_SPLINE_CURVE_WITH_KNOTS('',3,(#3260,#3261,#3262,#3263),
 .UNSPECIFIED.,.F.,.F.,(4,4),(-0.658267065020672,-0.195879923186333),
 .UNSPECIFIED.);
#413=B_SPLINE_CURVE_WITH_KNOTS('',3,(#3264,#3265,#3266,#3267,#3268,#3269),
 .UNSPECIFIED.,.F.,.F.,(4,2,4),(0.0291482524246005,0.0439064632746026,0.0874799827366699),
 .UNSPECIFIED.);
#414=B_SPLINE_CURVE_WITH_KNOTS('',3,(#3286,#3287,#3288,#3289,#3290,#3291,
#3292,#3293,#3294,#3295,#3296,#3297,#3298),.UNSPECIFIED.,.F.,.F.,(4,3,3,
3,4),(0.,0.13451648031913,0.155477128584235,0.292018512926382,0.311825328657018),
 .UNSPECIFIED.);
#415=B_SPLINE_CURVE_WITH_KNOTS('',3,(#3299,#3300,#3301,#3302,#3303,#3304,
#3305),.UNSPECIFIED.,.F.,.F.,(4,3,4),(0.,0.0447559556881581,0.0900753270373282),
 .UNSPECIFIED.);
#416=B_SPLINE_CURVE_WITH_KNOTS('',3,(#3323,#3324,#3325,#3326,#3327,#3328),
 .UNSPECIFIED.,.F.,.F.,(4,2,4),(-0.205326351348095,-0.172450638117867,-0.171761862580596),
 .UNSPECIFIED.);
#417=B_SPLINE_CURVE_WITH_KNOTS('',3,(#3332,#3333,#3334,#3335),
 .UNSPECIFIED.,.F.,.F.,(4,4),(-5.09813942849696E-19,0.416666672875484),
 .UNSPECIFIED.);
#418=B_SPLINE_CURVE_WITH_KNOTS('',3,(#3355,#3356,#3357,#3358,#3359,#3360,
#3361),.UNSPECIFIED.,.F.,.F.,(4,3,4),(0.,0.0515412545345244,0.102535852154835),
 .UNSPECIFIED.);
#419=B_SPLINE_CURVE_WITH_KNOTS('',3,(#3363,#3364,#3365,#3366),
 .UNSPECIFIED.,.F.,.F.,(4,4),(-0.648602544973137,-0.290381315288444),
 .UNSPECIFIED.);
#420=B_SPLINE_CURVE_WITH_KNOTS('',3,(#3368,#3369,#3370,#3371,#3372,#3373,
#3374),.UNSPECIFIED.,.F.,.F.,(4,3,4),(0.,0.0506645334658917,0.102535941796391),
 .UNSPECIFIED.);
#421=B_SPLINE_CURVE_WITH_KNOTS('',3,(#3375,#3376,#3377,#3378),
 .UNSPECIFIED.,.F.,.F.,(4,4),(-0.616699508479038,-0.258477421667148),
 .UNSPECIFIED.);
#422=B_SPLINE_CURVE_WITH_KNOTS('',3,(#3396,#3397,#3398,#3399),
 .UNSPECIFIED.,.F.,.F.,(4,4),(0.,0.142705408925455),.UNSPECIFIED.);
#423=B_SPLINE_CURVE_WITH_KNOTS('',3,(#3400,#3401,#3402,#3403,#3404,#3405,
#3406),.UNSPECIFIED.,.F.,.F.,(4,3,4),(0.,0.0529928275051058,0.107103278929973),
 .UNSPECIFIED.);
#424=B_SPLINE_CURVE_WITH_KNOTS('',3,(#3407,#3408,#3409,#3410),
 .UNSPECIFIED.,.F.,.F.,(4,4),(0.0566900155511313,0.0681705761239514),
 .UNSPECIFIED.);
#425=B_SPLINE_CURVE_WITH_KNOTS('',3,(#3430,#3431,#3432,#3433),
 .UNSPECIFIED.,.F.,.F.,(4,4),(0.,0.416666672875484),.UNSPECIFIED.);
#426=B_SPLINE_CURVE_WITH_KNOTS('',3,(#3458,#3459,#3460,#3461,#3462,#3463,
#3464),.UNSPECIFIED.,.F.,.F.,(4,3,4),(0.,0.0515406599148105,0.102535852154852),
 .UNSPECIFIED.);
#427=B_SPLINE_CURVE_WITH_KNOTS('',3,(#3466,#3467,#3468,#3469),
 .UNSPECIFIED.,.F.,.F.,(4,4),(-0.527917234632829,-0.173862781966732),
 .UNSPECIFIED.);
#428=B_SPLINE_CURVE_WITH_KNOTS('',3,(#3471,#3472,#3473,#3474,#3475,#3476,
#3477),.UNSPECIFIED.,.F.,.F.,(4,3,4),(0.,0.0506640046397851,0.102535941798404),
 .UNSPECIFIED.);
#429=B_SPLINE_CURVE_WITH_KNOTS('',3,(#3478,#3479,#3480,#3481),
 .UNSPECIFIED.,.F.,.F.,(4,4),(-0.496014209154549,-0.141958781278409),
 .UNSPECIFIED.);
#430=B_SPLINE_CURVE_WITH_KNOTS('',3,(#3499,#3500,#3501,#3502),
 .UNSPECIFIED.,.F.,.F.,(4,4),(0.,0.151441847762108),.UNSPECIFIED.);
#431=B_SPLINE_CURVE_WITH_KNOTS('',3,(#3503,#3504,#3505,#3506,#3507,#3508,
#3509),.UNSPECIFIED.,.F.,.F.,(4,3,4),(0.,0.0529962868919151,0.107103278928944),
 .UNSPECIFIED.);
#432=B_SPLINE_CURVE_WITH_KNOTS('',3,(#3510,#3511,#3512,#3513),
 .UNSPECIFIED.,.F.,.F.,(4,4),(0.0567497199605745,0.0624112069114631),
 .UNSPECIFIED.);
#433=B_SPLINE_CURVE_WITH_KNOTS('',3,(#3533,#3534,#3535,#3536),
 .UNSPECIFIED.,.F.,.F.,(4,4),(0.,0.416666672875484),.UNSPECIFIED.);
#434=B_SPLINE_CURVE_WITH_KNOTS('',3,(#3561,#3562,#3563,#3564),
 .UNSPECIFIED.,.F.,.F.,(4,4),(0.,0.0430241243730648),.UNSPECIFIED.);
#435=B_SPLINE_CURVE_WITH_KNOTS('',3,(#3566,#3567,#3568,#3569),
 .UNSPECIFIED.,.F.,.F.,(4,4),(-0.519583832082842,-0.148051609300451),
 .UNSPECIFIED.);
#436=B_SPLINE_CURVE_WITH_KNOTS('',3,(#3571,#3572,#3573,#3574,#3575,#3576,
#3577),.UNSPECIFIED.,.F.,.F.,(4,3,4),(0.,0.0506541119263305,0.102535941846445),
 .UNSPECIFIED.);
#437=B_SPLINE_CURVE_WITH_KNOTS('',3,(#3579,#3580,#3581,#3582),
 .UNSPECIFIED.,.F.,.F.,(4,4),(-0.487680890567557,-0.14195878115423),
 .UNSPECIFIED.);
#438=B_SPLINE_CURVE_WITH_KNOTS('',3,(#3583,#3584,#3585,#3586,#3587,#3588),
 .UNSPECIFIED.,.F.,.F.,(4,2,4),(0.0284912792662015,0.0515295365497441,0.102535852155123),
 .UNSPECIFIED.);
#439=B_SPLINE_CURVE_WITH_KNOTS('',3,(#3605,#3606,#3607,#3608,#3609,#3610,
#3611),.UNSPECIFIED.,.F.,.F.,(4,3,4),(0.,0.0803407053014082,0.159926653979447),
 .UNSPECIFIED.);
#440=B_SPLINE_CURVE_WITH_KNOTS('',3,(#3612,#3613,#3614,#3615,#3616,#3617,
#3618),.UNSPECIFIED.,.F.,.F.,(4,3,4),(0.,0.0529914174877867,0.107103278930262),
 .UNSPECIFIED.);
#441=B_SPLINE_CURVE_WITH_KNOTS('',3,(#3636,#3637,#3638,#3639,#3640,#3641),
 .UNSPECIFIED.,.F.,.F.,(4,2,4),(0.235898254461396,0.252121433889384,0.272310806756746),
 .UNSPECIFIED.);
#442=B_SPLINE_CURVE_WITH_KNOTS('',3,(#3645,#3646,#3647,#3648),
 .UNSPECIFIED.,.F.,.F.,(4,4),(0.,0.416666672875484),.UNSPECIFIED.);
#443=B_SPLINE_CURVE_WITH_KNOTS('',3,(#3668,#3669,#3670,#3671),
 .UNSPECIFIED.,.F.,.F.,(4,4),(0.,0.0588448955541098),.UNSPECIFIED.);
#444=B_SPLINE_CURVE_WITH_KNOTS('',3,(#3673,#3674,#3675,#3676),
 .UNSPECIFIED.,.F.,.F.,(4,4),(-0.428146875841635,-0.0552815284843999),
 .UNSPECIFIED.);
#445=B_SPLINE_CURVE_WITH_KNOTS('',3,(#3678,#3679,#3680,#3681,#3682,#3683,
#3684),.UNSPECIFIED.,.F.,.F.,(4,3,4),(0.,0.0506211967050374,0.102476485130173),
 .UNSPECIFIED.);
#446=B_SPLINE_CURVE_WITH_KNOTS('',3,(#3686,#3687,#3688,#3689),
 .UNSPECIFIED.,.F.,.F.,(4,4),(-0.396279241275841,-0.0586254507868385),
 .UNSPECIFIED.);
#447=B_SPLINE_CURVE_WITH_KNOTS('',3,(#3690,#3691,#3692,#3693,#3694,#3695),
 .UNSPECIFIED.,.F.,.F.,(4,2,4),(0.0389447290945054,0.0515247644002822,0.102535852155896),
 .UNSPECIFIED.);
#448=B_SPLINE_CURVE_WITH_KNOTS('',3,(#3712,#3713,#3714,#3715,#3716,#3717,
#3718),.UNSPECIFIED.,.F.,.F.,(4,3,4),(0.,0.0803517495012887,0.159926654004433),
 .UNSPECIFIED.);
#449=B_SPLINE_CURVE_WITH_KNOTS('',3,(#3719,#3720,#3721,#3722,#3723,#3724,
#3725),.UNSPECIFIED.,.F.,.F.,(4,3,4),(0.,0.0529623290636267,0.107039248484006),
 .UNSPECIFIED.);
#450=B_SPLINE_CURVE_WITH_KNOTS('',3,(#3743,#3744,#3745,#3746,#3747,#3748),
 .UNSPECIFIED.,.F.,.F.,(4,2,4),(-0.204682380935424,-0.174152702543316,-0.173314167664311),
 .UNSPECIFIED.);
#451=B_SPLINE_CURVE_WITH_KNOTS('',3,(#3752,#3753,#3754,#3755),
 .UNSPECIFIED.,.F.,.F.,(4,4),(1.07383034592496E-16,0.416666672875484),
 .UNSPECIFIED.);
#452=B_SPLINE_CURVE_WITH_KNOTS('',3,(#3775,#3776,#3777,#3778),
 .UNSPECIFIED.,.F.,.F.,(4,4),(0.,0.0437531884944457),.UNSPECIFIED.);
#453=B_SPLINE_CURVE_WITH_KNOTS('',3,(#3780,#3781,#3782,#3783),
 .UNSPECIFIED.,.F.,.F.,(4,4),(-0.548861500045562,-0.189282664402761),
 .UNSPECIFIED.);
#454=B_SPLINE_CURVE_WITH_KNOTS('',3,(#3785,#3786,#3787,#3788,#3789,#3790,
#3791),.UNSPECIFIED.,.F.,.F.,(4,3,4),(0.,0.0506401145000676,0.102535941916393),
 .UNSPECIFIED.);
#455=B_SPLINE_CURVE_WITH_KNOTS('',3,(#3793,#3794,#3795,#3796),
 .UNSPECIFIED.,.F.,.F.,(4,4),(-0.516958542187182,-0.183625450347503),
 .UNSPECIFIED.);
#456=B_SPLINE_CURVE_WITH_KNOTS('',3,(#3797,#3798,#3799,#3800,#3801,#3802),
 .UNSPECIFIED.,.F.,.F.,(4,2,4),(0.0289732796792001,0.0515137983237815,0.102535852158643),
 .UNSPECIFIED.);
#457=B_SPLINE_CURVE_WITH_KNOTS('',3,(#3819,#3820,#3821,#3822,#3823,#3824,
#3825),.UNSPECIFIED.,.F.,.F.,(4,3,4),(0.,0.0803396751695267,0.159926653976979),
 .UNSPECIFIED.);
#458=B_SPLINE_CURVE_WITH_KNOTS('',3,(#3826,#3827,#3828,#3829,#3830,#3831,
#3832),.UNSPECIFIED.,.F.,.F.,(4,3,4),(0.,0.0529912142131755,0.107103278930329),
 .UNSPECIFIED.);
#459=B_SPLINE_CURVE_WITH_KNOTS('',3,(#3850,#3851,#3852,#3853,#3854,#3855),
 .UNSPECIFIED.,.F.,.F.,(4,2,4),(0.234626763020683,0.250448422025115,0.270807424104128),
 .UNSPECIFIED.);
#460=B_SPLINE_CURVE_WITH_KNOTS('',3,(#3859,#3860,#3861,#3862),
 .UNSPECIFIED.,.F.,.F.,(4,4),(0.,0.416666672875484),.UNSPECIFIED.);
#461=B_SPLINE_CURVE_WITH_KNOTS('',3,(#3882,#3883,#3884,#3885),
 .UNSPECIFIED.,.F.,.F.,(4,4),(0.,0.0342273403356397),.UNSPECIFIED.);
#462=B_SPLINE_CURVE_WITH_KNOTS('',3,(#3887,#3888,#3889,#3890),
 .UNSPECIFIED.,.F.,.F.,(4,4),(-0.620648897392932,-0.269829822022112),
 .UNSPECIFIED.);
#463=B_SPLINE_CURVE_WITH_KNOTS('',3,(#3892,#3893,#3894,#3895,#3896,#3897,
#3898),.UNSPECIFIED.,.F.,.F.,(4,3,4),(0.,0.050609404275672,0.102473238430236),
 .UNSPECIFIED.);
#464=B_SPLINE_CURVE_WITH_KNOTS('',3,(#3900,#3901,#3902,#3903),
 .UNSPECIFIED.,.F.,.F.,(4,4),(-0.588783140764889,-0.258477421667148),
 .UNSPECIFIED.);
#465=B_SPLINE_CURVE_WITH_KNOTS('',3,(#3904,#3905,#3906,#3907,#3908,#3909),
 .UNSPECIFIED.,.F.,.F.,(4,2,4),(0.0226734484469845,0.0515133477527756,0.102535852158825),
 .UNSPECIFIED.);
#466=B_SPLINE_CURVE_WITH_KNOTS('',3,(#3926,#3927,#3928,#3929,#3930,#3931,
#3932),.UNSPECIFIED.,.F.,.F.,(4,3,4),(0.,0.0803439195052316,0.159926653986542),
 .UNSPECIFIED.);
#467=B_SPLINE_CURVE_WITH_KNOTS('',3,(#3933,#3934,#3935,#3936,#3937,#3938,
#3939),.UNSPECIFIED.,.F.,.F.,(4,3,4),(0.,0.0529593928096814,0.107036583049715),
 .UNSPECIFIED.);
#468=B_SPLINE_CURVE_WITH_KNOTS('',3,(#3957,#3958,#3959,#3960,#3961,#3962),
 .UNSPECIFIED.,.F.,.F.,(4,2,4),(0.172015418068685,0.190626041479508,0.211221606183528),
 .UNSPECIFIED.);
#469=B_SPLINE_CURVE_WITH_KNOTS('',3,(#3966,#3967,#3968,#3969),
 .UNSPECIFIED.,.F.,.F.,(4,4),(0.,0.416666672875484),.UNSPECIFIED.);
#470=B_SPLINE_CURVE_WITH_KNOTS('',3,(#4005,#4006,#4007,#4008),
 .UNSPECIFIED.,.F.,.F.,(4,4),(0.,0.0176632314017363),.UNSPECIFIED.);
#471=B_SPLINE_CURVE_WITH_KNOTS('',3,(#4010,#4011,#4012,#4013),
 .UNSPECIFIED.,.F.,.F.,(4,4),(0.192830133454364,0.672882339031973),
 .UNSPECIFIED.);
#472=B_SPLINE_CURVE_WITH_KNOTS('',3,(#4043,#4044,#4045,#4046),
 .UNSPECIFIED.,.F.,.F.,(4,4),(0.196841820650831,0.689845058006133),
 .UNSPECIFIED.);
#473=B_SPLINE_CURVE_WITH_KNOTS('',3,(#4067,#4068,#4069,#4070),
 .UNSPECIFIED.,.F.,.F.,(4,4),(0.93196245668684,0.999999942703187),
 .UNSPECIFIED.);
#474=B_SPLINE_CURVE_WITH_KNOTS('',3,(#4072,#4073,#4074,#4075),
 .UNSPECIFIED.,.F.,.F.,(4,4),(1.5458784422086E-9,0.0502235668971049),
 .UNSPECIFIED.);
#475=B_SPLINE_CURVE_WITH_KNOTS('',3,(#4077,#4078,#4079,#4080),
 .UNSPECIFIED.,.F.,.F.,(4,4),(0.0773301186151694,0.440380435729192),
 .UNSPECIFIED.);
#476=B_SPLINE_CURVE_WITH_KNOTS('',3,(#4121,#4122,#4123,#4124),
 .UNSPECIFIED.,.F.,.F.,(4,4),(0.,0.999999942703187),.UNSPECIFIED.);
#477=B_SPLINE_CURVE_WITH_KNOTS('',3,(#4130,#4131,#4132,#4133),
 .UNSPECIFIED.,.F.,.F.,(4,4),(0.,0.0211861706948783),.UNSPECIFIED.);
#478=B_SPLINE_CURVE_WITH_KNOTS('',3,(#4135,#4136,#4137,#4138),
 .UNSPECIFIED.,.F.,.F.,(4,4),(0.160712967635405,0.515232409575445),
 .UNSPECIFIED.);
#479=B_SPLINE_CURVE_WITH_KNOTS('',3,(#4170,#4171,#4172,#4173),
 .UNSPECIFIED.,.F.,.F.,(4,4),(0.,0.00828684447483613),.UNSPECIFIED.);
#480=B_SPLINE_CURVE_WITH_KNOTS('',3,(#4174,#4175,#4176,#4177),
 .UNSPECIFIED.,.F.,.F.,(4,4),(0.0738712837451495,0.440380435729192),
 .UNSPECIFIED.);
#481=B_SPLINE_CURVE_WITH_KNOTS('',3,(#4205,#4206,#4207,#4208),
 .UNSPECIFIED.,.F.,.F.,(4,4),(0.,0.0113168899460876),.UNSPECIFIED.);
#482=B_SPLINE_CURVE_WITH_KNOTS('',3,(#4209,#4210,#4211,#4212),
 .UNSPECIFIED.,.F.,.F.,(4,4),(0.191526545453484,0.556899076242112),
 .UNSPECIFIED.);
#483=B_SPLINE_CURVE_WITH_KNOTS('',3,(#4240,#4241,#4242,#4243),
 .UNSPECIFIED.,.F.,.F.,(4,4),(0.211176768732905,0.556899076242111),
 .UNSPECIFIED.);
#484=B_SPLINE_CURVE_WITH_KNOTS('',3,(#4273,#4274,#4275,#4276),
 .UNSPECIFIED.,.F.,.F.,(4,4),(0.903599304818301,0.999999816217296),
 .UNSPECIFIED.);
#485=B_SPLINE_CURVE_WITH_KNOTS('',3,(#4278,#4279,#4280,#4281),
 .UNSPECIFIED.,.F.,.F.,(4,4),(4.85127692880894E-8,0.00543661946773057),
 .UNSPECIFIED.);
#486=B_SPLINE_CURVE_WITH_KNOTS('',3,(#4283,#4284,#4285,#4286),
 .UNSPECIFIED.,.F.,.F.,(4,4),(0.299009438183376,0.640232409575444),
 .UNSPECIFIED.);
#487=B_SPLINE_CURVE_WITH_KNOTS('',3,(#4325,#4326,#4327,#4328),
 .UNSPECIFIED.,.F.,.F.,(4,4),(0.,0.999999816217296),.UNSPECIFIED.);
#488=B_SPLINE_CURVE_WITH_KNOTS('',3,(#4346,#4347,#4348,#4349),
 .UNSPECIFIED.,.F.,.F.,(4,4),(0.,0.416666672875484),.UNSPECIFIED.);
#489=B_SPLINE_CURVE_WITH_KNOTS('',3,(#4383,#4384,#4385,#4386),
 .UNSPECIFIED.,.F.,.F.,(4,4),(0.,0.416666672875484),.UNSPECIFIED.);
#490=B_SPLINE_CURVE_WITH_KNOTS('',3,(#4412,#4413,#4414,#4415),
 .UNSPECIFIED.,.F.,.F.,(4,4),(0.,0.416666672875484),.UNSPECIFIED.);
#491=B_SPLINE_CURVE_WITH_KNOTS('',3,(#4441,#4442,#4443,#4444),
 .UNSPECIFIED.,.F.,.F.,(4,4),(0.,0.416666672875484),.UNSPECIFIED.);
#492=B_SPLINE_CURVE_WITH_KNOTS('',3,(#4470,#4471,#4472,#4473),
 .UNSPECIFIED.,.F.,.F.,(4,4),(0.,0.416666672875484),.UNSPECIFIED.);
#493=B_SPLINE_CURVE_WITH_KNOTS('',3,(#4498,#4499,#4500,#4501),
 .UNSPECIFIED.,.F.,.F.,(4,4),(0.,0.599999798282182),.UNSPECIFIED.);
#494=B_SPLINE_CURVE_WITH_KNOTS('',3,(#4502,#4503,#4504,#4505,#4506,#4507),
 .UNSPECIFIED.,.F.,.F.,(4,2,4),(4.57039090573384E-8,0.320090537269576,0.640181074539152),
 .UNSPECIFIED.);
#495=B_SPLINE_CURVE_WITH_KNOTS('',3,(#4508,#4509,#4510,#4511,#4512,#4513),
 .UNSPECIFIED.,.F.,.F.,(4,2,4),(0.,0.249873816175927,0.499747632351855),
 .UNSPECIFIED.);
#496=B_SPLINE_CURVE_WITH_KNOTS('',3,(#4583,#4584,#4585,#4586),
 .UNSPECIFIED.,.F.,.F.,(4,4),(0.,0.599999678068569),.UNSPECIFIED.);
#497=B_SPLINE_CURVE_WITH_KNOTS('',3,(#4587,#4588,#4589,#4590,#4591,#4592,
#4593,#4594,#4595,#4596),.UNSPECIFIED.,.F.,.F.,(4,2,2,2,4),(0.,0.160028219198273,
0.320056438396546,0.480084657594818,0.640112876793091),.UNSPECIFIED.);
#498=B_SPLINE_CURVE_WITH_KNOTS('',3,(#4597,#4598,#4599,#4600,#4601,#4602,
#4603,#4604,#4605,#4606),.UNSPECIFIED.,.F.,.F.,(4,2,2,2,4),(0.,0.124917905747745,
0.24983581149549,0.374753717243235,0.49967162299098),.UNSPECIFIED.);
#499=B_SPLINE_CURVE_WITH_KNOTS('',3,(#4708,#4709,#4710,#4711),
 .UNSPECIFIED.,.F.,.F.,(4,4),(0.,0.59999983778436),.UNSPECIFIED.);
#500=B_SPLINE_CURVE_WITH_KNOTS('',3,(#4712,#4713,#4714,#4715,#4716,#4717),
 .UNSPECIFIED.,.F.,.F.,(4,2,4),(1.5458784422086E-9,0.320065473741012,0.640130947482024),
 .UNSPECIFIED.);
#501=B_SPLINE_CURVE_WITH_KNOTS('',3,(#4718,#4719,#4720,#4721,#4722,#4723,
#4724,#4725,#4726,#4727),.UNSPECIFIED.,.F.,.F.,(4,2,2,2,4),(0.,0.124941965541926,
0.249883931083852,0.374825896625778,0.499767862167704),.UNSPECIFIED.);
#502=B_SPLINE_CURVE_WITH_KNOTS('',3,(#4817,#4818,#4819,#4820),
 .UNSPECIFIED.,.F.,.F.,(4,4),(0.,0.416666722546021),.UNSPECIFIED.);
#503=B_SPLINE_CURVE_WITH_KNOTS('',3,(#4821,#4822,#4823,#4824),
 .UNSPECIFIED.,.F.,.F.,(4,4),(0.,0.416666722546021),.UNSPECIFIED.);
#504=CIRCLE('',#2254,9.9);
#505=CIRCLE('',#2256,2.47500003688037);
#506=CIRCLE('',#2258,9.9);
#507=CIRCLE('',#2259,11.55);
#508=CIRCLE('',#2260,9.9);
#509=CIRCLE('',#2261,11.55);
#510=CIRCLE('',#2262,9.9);
#511=CIRCLE('',#2263,11.55);
#512=CIRCLE('',#2264,9.9);
#513=CIRCLE('',#2265,11.55);
#514=CIRCLE('',#2266,9.9);
#515=CIRCLE('',#2267,11.55);
#516=CIRCLE('',#2268,9.9);
#517=CIRCLE('',#2269,11.55);
#518=CIRCLE('',#2270,9.9);
#519=CIRCLE('',#2271,11.55);
#520=CIRCLE('',#2272,9.9);
#521=CIRCLE('',#2273,11.55);
#522=CIRCLE('',#2274,5.3625);
#523=CIRCLE('',#2276,9.9);
#524=CIRCLE('',#2277,9.9);
#525=CIRCLE('',#2278,9.9);
#526=CIRCLE('',#2279,9.9);
#527=CIRCLE('',#2280,9.9);
#528=CIRCLE('',#2281,9.9);
#529=CIRCLE('',#2285,2.475);
#530=CIRCLE('',#2287,2.475);
#531=CIRCLE('',#2289,2.475);
#532=CIRCLE('',#2291,3.3);
#533=CIRCLE('',#2292,3.3);
#534=CIRCLE('',#2295,7.0125);
#535=CIRCLE('',#2296,7.0125);
#536=CIRCLE('',#2299,5.3625);
#537=CIRCLE('',#2335,11.55);
#538=CIRCLE('',#2339,11.55);
#539=CIRCLE('',#2343,11.55);
#540=CIRCLE('',#2347,11.55);
#541=LINE('',#2742,#694);
#542=LINE('',#2746,#695);
#543=LINE('',#2759,#696);
#544=LINE('',#2763,#697);
#545=LINE('',#2767,#698);
#546=LINE('',#2771,#699);
#547=LINE('',#2775,#700);
#548=LINE('',#2779,#701);
#549=LINE('',#2783,#702);
#550=LINE('',#2786,#703);
#551=LINE('',#2790,#704);
#552=LINE('',#2794,#705);
#553=LINE('',#2798,#706);
#554=LINE('',#2802,#707);
#555=LINE('',#2806,#708);
#556=LINE('',#2810,#709);
#557=LINE('',#2814,#710);
#558=LINE('',#2817,#711);
#559=LINE('',#2925,#712);
#560=LINE('',#2932,#713);
#561=LINE('',#2939,#714);
#562=LINE('',#2956,#715);
#563=LINE('',#2960,#716);
#564=LINE('',#2967,#717);
#565=LINE('',#2979,#718);
#566=LINE('',#2981,#719);
#567=LINE('',#2993,#720);
#568=LINE('',#2997,#721);
#569=LINE('',#3008,#722);
#570=LINE('',#3010,#723);
#571=LINE('',#3022,#724);
#572=LINE('',#3026,#725);
#573=LINE('',#3037,#726);
#574=LINE('',#3039,#727);
#575=LINE('',#3046,#728);
#576=LINE('',#3053,#729);
#577=LINE('',#3057,#730);
#578=LINE('',#3068,#731);
#579=LINE('',#3070,#732);
#580=LINE('',#3110,#733);
#581=LINE('',#3112,#734);
#582=LINE('',#3124,#735);
#583=LINE('',#3128,#736);
#584=LINE('',#3139,#737);
#585=LINE('',#3141,#738);
#586=LINE('',#3185,#739);
#587=LINE('',#3187,#740);
#588=LINE('',#3223,#741);
#589=LINE('',#3330,#742);
#590=LINE('',#3336,#743);
#591=LINE('',#3428,#744);
#592=LINE('',#3434,#745);
#593=LINE('',#3437,#746);
#594=LINE('',#3438,#747);
#595=LINE('',#3439,#748);
#596=LINE('',#3531,#749);
#597=LINE('',#3537,#750);
#598=LINE('',#3540,#751);
#599=LINE('',#3541,#752);
#600=LINE('',#3542,#753);
#601=LINE('',#3643,#754);
#602=LINE('',#3649,#755);
#603=LINE('',#3750,#756);
#604=LINE('',#3756,#757);
#605=LINE('',#3857,#758);
#606=LINE('',#3863,#759);
#607=LINE('',#3964,#760);
#608=LINE('',#3970,#761);
#609=LINE('',#3973,#762);
#610=LINE('',#3981,#763);
#611=LINE('',#3986,#764);
#612=LINE('',#3993,#765);
#613=LINE('',#3998,#766);
#614=LINE('',#4003,#767);
#615=LINE('',#4014,#768);
#616=LINE('',#4031,#769);
#617=LINE('',#4032,#770);
#618=LINE('',#4034,#771);
#619=LINE('',#4037,#772);
#620=LINE('',#4039,#773);
#621=LINE('',#4040,#774);
#622=LINE('',#4047,#775);
#623=LINE('',#4064,#776);
#624=LINE('',#4081,#777);
#625=LINE('',#4098,#778);
#626=LINE('',#4099,#779);
#627=LINE('',#4101,#780);
#628=LINE('',#4119,#781);
#629=LINE('',#4125,#782);
#630=LINE('',#4128,#783);
#631=LINE('',#4139,#784);
#632=LINE('',#4156,#785);
#633=LINE('',#4157,#786);
#634=LINE('',#4159,#787);
#635=LINE('',#4162,#788);
#636=LINE('',#4164,#789);
#637=LINE('',#4165,#790);
#638=LINE('',#4168,#791);
#639=LINE('',#4194,#792);
#640=LINE('',#4197,#793);
#641=LINE('',#4199,#794);
#642=LINE('',#4200,#795);
#643=LINE('',#4203,#796);
#644=LINE('',#4229,#797);
#645=LINE('',#4232,#798);
#646=LINE('',#4234,#799);
#647=LINE('',#4235,#800);
#648=LINE('',#4238,#801);
#649=LINE('',#4244,#802);
#650=LINE('',#4261,#803);
#651=LINE('',#4262,#804);
#652=LINE('',#4264,#805);
#653=LINE('',#4267,#806);
#654=LINE('',#4269,#807);
#655=LINE('',#4270,#808);
#656=LINE('',#4287,#809);
#657=LINE('',#4304,#810);
#658=LINE('',#4305,#811);
#659=LINE('',#4323,#812);
#660=LINE('',#4329,#813);
#661=LINE('',#4331,#814);
#662=LINE('',#4333,#815);
#663=LINE('',#4336,#816);
#664=LINE('',#4339,#817);
#665=LINE('',#4343,#818);
#666=LINE('',#4345,#819);
#667=LINE('',#4351,#820);
#668=LINE('',#4353,#821);
#669=LINE('',#4371,#822);
#670=LINE('',#4374,#823);
#671=LINE('',#4377,#824);
#672=LINE('',#4382,#825);
#673=LINE('',#4389,#826);
#674=LINE('',#4390,#827);
#675=LINE('',#4411,#828);
#676=LINE('',#4418,#829);
#677=LINE('',#4419,#830);
#678=LINE('',#4440,#831);
#679=LINE('',#4447,#832);
#680=LINE('',#4448,#833);
#681=LINE('',#4469,#834);
#682=LINE('',#4476,#835);
#683=LINE('',#4477,#836);
#684=LINE('',#4530,#837);
#685=LINE('',#4531,#838);
#686=LINE('',#4623,#839);
#687=LINE('',#4624,#840);
#688=LINE('',#4744,#841);
#689=LINE('',#4745,#842);
#690=LINE('',#4811,#843);
#691=LINE('',#4816,#844);
#692=LINE('',#4826,#845);
#693=LINE('',#4827,#846);
#694=VECTOR('',#2369,9.9);
#695=VECTOR('',#2372,8.25);
#696=VECTOR('',#2381,8.25);
#697=VECTOR('',#2384,8.25);
#698=VECTOR('',#2387,8.25);
#699=VECTOR('',#2390,8.25);
#700=VECTOR('',#2393,8.25);
#701=VECTOR('',#2396,8.25);
#702=VECTOR('',#2399,8.25);
#703=VECTOR('',#2402,8.25);
#704=VECTOR('',#2405,8.25);
#705=VECTOR('',#2408,8.25);
#706=VECTOR('',#2411,8.25);
#707=VECTOR('',#2414,8.25);
#708=VECTOR('',#2417,8.25);
#709=VECTOR('',#2420,8.25);
#710=VECTOR('',#2423,8.25);
#711=VECTOR('',#2426,8.25);
#712=VECTOR('',#2429,8.25);
#713=VECTOR('',#2430,8.25);
#714=VECTOR('',#2431,8.25);
#715=VECTOR('',#2434,8.25);
#716=VECTOR('',#2437,8.25);
#717=VECTOR('',#2438,9.9);
#718=VECTOR('',#2441,8.25);
#719=VECTOR('',#2442,8.25);
#720=VECTOR('',#2443,8.25);
#721=VECTOR('',#2446,8.25);
#722=VECTOR('',#2447,8.25);
#723=VECTOR('',#2448,8.25);
#724=VECTOR('',#2449,8.25);
#725=VECTOR('',#2452,8.25);
#726=VECTOR('',#2453,8.25);
#727=VECTOR('',#2454,8.25);
#728=VECTOR('',#2455,8.25);
#729=VECTOR('',#2456,8.25);
#730=VECTOR('',#2459,8.25);
#731=VECTOR('',#2460,8.25);
#732=VECTOR('',#2461,8.25);
#733=VECTOR('',#2462,8.25);
#734=VECTOR('',#2463,8.25);
#735=VECTOR('',#2464,8.25);
#736=VECTOR('',#2467,8.25);
#737=VECTOR('',#2468,8.25);
#738=VECTOR('',#2469,8.25);
#739=VECTOR('',#2470,8.25);
#740=VECTOR('',#2471,8.25);
#741=VECTOR('',#2472,8.25);
#742=VECTOR('',#2473,8.25);
#743=VECTOR('',#2474,8.25);
#744=VECTOR('',#2475,8.25);
#745=VECTOR('',#2476,8.25);
#746=VECTOR('',#2479,8.25);
#747=VECTOR('',#2480,8.25);
#748=VECTOR('',#2481,8.25);
#749=VECTOR('',#2482,8.25);
#750=VECTOR('',#2483,8.25);
#751=VECTOR('',#2486,8.25);
#752=VECTOR('',#2487,8.25);
#753=VECTOR('',#2488,8.25);
#754=VECTOR('',#2489,8.25);
#755=VECTOR('',#2490,8.25);
#756=VECTOR('',#2491,8.25);
#757=VECTOR('',#2492,8.25);
#758=VECTOR('',#2493,8.25);
#759=VECTOR('',#2494,8.25);
#760=VECTOR('',#2495,8.25);
#761=VECTOR('',#2496,8.25);
#762=VECTOR('',#2499,2.47500003688037);
#763=VECTOR('',#2510,2.475);
#764=VECTOR('',#2515,3.3);
#765=VECTOR('',#2524,7.0125);
#766=VECTOR('',#2531,5.3625);
#767=VECTOR('',#2538,8.25);
#768=VECTOR('',#2539,8.25);
#769=VECTOR('',#2540,8.25);
#770=VECTOR('',#2541,8.25);
#771=VECTOR('',#2544,8.25);
#772=VECTOR('',#2547,8.25);
#773=VECTOR('',#2548,8.25);
#774=VECTOR('',#2549,8.25);
#775=VECTOR('',#2552,8.25);
#776=VECTOR('',#2553,8.25);
#777=VECTOR('',#2556,8.25);
#778=VECTOR('',#2557,8.25);
#779=VECTOR('',#2558,8.25);
#780=VECTOR('',#2561,8.25);
#781=VECTOR('',#2562,8.25);
#782=VECTOR('',#2563,8.25);
#783=VECTOR('',#2566,8.25);
#784=VECTOR('',#2567,8.25);
#785=VECTOR('',#2568,8.25);
#786=VECTOR('',#2569,8.25);
#787=VECTOR('',#2572,8.25);
#788=VECTOR('',#2575,8.25);
#789=VECTOR('',#2576,8.25);
#790=VECTOR('',#2577,8.25);
#791=VECTOR('',#2580,8.25);
#792=VECTOR('',#2581,8.25);
#793=VECTOR('',#2584,8.25);
#794=VECTOR('',#2585,8.25);
#795=VECTOR('',#2586,8.25);
#796=VECTOR('',#2589,8.25);
#797=VECTOR('',#2590,8.25);
#798=VECTOR('',#2593,8.25);
#799=VECTOR('',#2594,8.25);
#800=VECTOR('',#2595,8.25);
#801=VECTOR('',#2598,8.25);
#802=VECTOR('',#2599,8.25);
#803=VECTOR('',#2600,8.25);
#804=VECTOR('',#2601,8.25);
#805=VECTOR('',#2604,8.25);
#806=VECTOR('',#2607,8.25);
#807=VECTOR('',#2608,8.25);
#808=VECTOR('',#2609,8.25);
#809=VECTOR('',#2612,8.25);
#810=VECTOR('',#2613,8.25);
#811=VECTOR('',#2614,8.25);
#812=VECTOR('',#2615,8.25);
#813=VECTOR('',#2616,8.25);
#814=VECTOR('',#2619,8.25);
#815=VECTOR('',#2622,8.25);
#816=VECTOR('',#2627,8.25);
#817=VECTOR('',#2632,8.25);
#818=VECTOR('',#2637,8.25);
#819=VECTOR('',#2638,8.25);
#820=VECTOR('',#2641,8.25);
#821=VECTOR('',#2644,8.25);
#822=VECTOR('',#2647,8.25);
#823=VECTOR('',#2652,8.25);
#824=VECTOR('',#2657,8.25);
#825=VECTOR('',#2662,8.25);
#826=VECTOR('',#2667,8.25);
#827=VECTOR('',#2668,8.25);
#828=VECTOR('',#2673,8.25);
#829=VECTOR('',#2678,8.25);
#830=VECTOR('',#2679,8.25);
#831=VECTOR('',#2684,8.25);
#832=VECTOR('',#2689,8.25);
#833=VECTOR('',#2690,8.25);
#834=VECTOR('',#2695,8.25);
#835=VECTOR('',#2700,8.25);
#836=VECTOR('',#2701,8.25);
#837=VECTOR('',#2706,8.25);
#838=VECTOR('',#2707,8.25);
#839=VECTOR('',#2710,8.25);
#840=VECTOR('',#2711,8.25);
#841=VECTOR('',#2714,8.25);
#842=VECTOR('',#2715,8.25);
#843=VECTOR('',#2718,8.25);
#844=VECTOR('',#2723,8.25);
#845=VECTOR('',#2726,8.25);
#846=VECTOR('',#2727,8.25);
#847=VERTEX_POINT('',#2740);
#848=VERTEX_POINT('',#2741);
#849=VERTEX_POINT('',#2743);
#850=VERTEX_POINT('',#2745);
#851=VERTEX_POINT('',#2752);
#852=VERTEX_POINT('',#2755);
#853=VERTEX_POINT('',#2756);
#854=VERTEX_POINT('',#2758);
#855=VERTEX_POINT('',#2760);
#856=VERTEX_POINT('',#2762);
#857=VERTEX_POINT('',#2764);
#858=VERTEX_POINT('',#2766);
#859=VERTEX_POINT('',#2768);
#860=VERTEX_POINT('',#2770);
#861=VERTEX_POINT('',#2772);
#862=VERTEX_POINT('',#2774);
#863=VERTEX_POINT('',#2776);
#864=VERTEX_POINT('',#2778);
#865=VERTEX_POINT('',#2780);
#866=VERTEX_POINT('',#2782);
#867=VERTEX_POINT('',#2784);
#868=VERTEX_POINT('',#2787);
#869=VERTEX_POINT('',#2789);
#870=VERTEX_POINT('',#2791);
#871=VERTEX_POINT('',#2793);
#872=VERTEX_POINT('',#2795);
#873=VERTEX_POINT('',#2797);
#874=VERTEX_POINT('',#2799);
#875=VERTEX_POINT('',#2801);
#876=VERTEX_POINT('',#2803);
#877=VERTEX_POINT('',#2805);
#878=VERTEX_POINT('',#2807);
#879=VERTEX_POINT('',#2809);
#880=VERTEX_POINT('',#2811);
#881=VERTEX_POINT('',#2813);
#882=VERTEX_POINT('',#2815);
#883=VERTEX_POINT('',#2818);
#884=VERTEX_POINT('',#2836);
#885=VERTEX_POINT('',#2837);
#886=VERTEX_POINT('',#2845);
#887=VERTEX_POINT('',#2850);
#888=VERTEX_POINT('',#2878);
#889=VERTEX_POINT('',#2879);
#890=VERTEX_POINT('',#2887);
#891=VERTEX_POINT('',#2919);
#892=VERTEX_POINT('',#2924);
#893=VERTEX_POINT('',#2926);
#894=VERTEX_POINT('',#2931);
#895=VERTEX_POINT('',#2933);
#896=VERTEX_POINT('',#2938);
#897=VERTEX_POINT('',#2945);
#898=VERTEX_POINT('',#2950);
#899=VERTEX_POINT('',#2955);
#900=VERTEX_POINT('',#2957);
#901=VERTEX_POINT('',#2959);
#902=VERTEX_POINT('',#2961);
#903=VERTEX_POINT('',#2966);
#904=VERTEX_POINT('',#2969);
#905=VERTEX_POINT('',#2974);
#906=VERTEX_POINT('',#2980);
#907=VERTEX_POINT('',#2982);
#908=VERTEX_POINT('',#2987);
#909=VERTEX_POINT('',#2992);
#910=VERTEX_POINT('',#2994);
#911=VERTEX_POINT('',#2996);
#912=VERTEX_POINT('',#2998);
#913=VERTEX_POINT('',#3003);
#914=VERTEX_POINT('',#3009);
#915=VERTEX_POINT('',#3011);
#916=VERTEX_POINT('',#3016);
#917=VERTEX_POINT('',#3021);
#918=VERTEX_POINT('',#3023);
#919=VERTEX_POINT('',#3025);
#920=VERTEX_POINT('',#3027);
#921=VERTEX_POINT('',#3032);
#922=VERTEX_POINT('',#3038);
#923=VERTEX_POINT('',#3040);
#924=VERTEX_POINT('',#3045);
#925=VERTEX_POINT('',#3047);
#926=VERTEX_POINT('',#3052);
#927=VERTEX_POINT('',#3054);
#928=VERTEX_POINT('',#3056);
#929=VERTEX_POINT('',#3058);
#930=VERTEX_POINT('',#3063);
#931=VERTEX_POINT('',#3069);
#932=VERTEX_POINT('',#3071);
#933=VERTEX_POINT('',#3076);
#934=VERTEX_POINT('',#3083);
#935=VERTEX_POINT('',#3088);
#936=VERTEX_POINT('',#3095);
#937=VERTEX_POINT('',#3100);
#938=VERTEX_POINT('',#3105);
#939=VERTEX_POINT('',#3111);
#940=VERTEX_POINT('',#3113);
#941=VERTEX_POINT('',#3118);
#942=VERTEX_POINT('',#3123);
#943=VERTEX_POINT('',#3125);
#944=VERTEX_POINT('',#3127);
#945=VERTEX_POINT('',#3129);
#946=VERTEX_POINT('',#3134);
#947=VERTEX_POINT('',#3140);
#948=VERTEX_POINT('',#3142);
#949=VERTEX_POINT('',#3147);
#950=VERTEX_POINT('',#3154);
#951=VERTEX_POINT('',#3159);
#952=VERTEX_POINT('',#3170);
#953=VERTEX_POINT('',#3175);
#954=VERTEX_POINT('',#3180);
#955=VERTEX_POINT('',#3186);
#956=VERTEX_POINT('',#3192);
#957=VERTEX_POINT('',#3203);
#958=VERTEX_POINT('',#3218);
#959=VERTEX_POINT('',#3240);
#960=VERTEX_POINT('',#3241);
#961=VERTEX_POINT('',#3246);
#962=VERTEX_POINT('',#3251);
#963=VERTEX_POINT('',#3259);
#964=VERTEX_POINT('',#3322);
#965=VERTEX_POINT('',#3329);
#966=VERTEX_POINT('',#3331);
#967=VERTEX_POINT('',#3353);
#968=VERTEX_POINT('',#3354);
#969=VERTEX_POINT('',#3362);
#970=VERTEX_POINT('',#3367);
#971=VERTEX_POINT('',#3395);
#972=VERTEX_POINT('',#3427);
#973=VERTEX_POINT('',#3429);
#974=VERTEX_POINT('',#3436);
#975=VERTEX_POINT('',#3456);
#976=VERTEX_POINT('',#3457);
#977=VERTEX_POINT('',#3465);
#978=VERTEX_POINT('',#3470);
#979=VERTEX_POINT('',#3498);
#980=VERTEX_POINT('',#3530);
#981=VERTEX_POINT('',#3532);
#982=VERTEX_POINT('',#3539);
#983=VERTEX_POINT('',#3559);
#984=VERTEX_POINT('',#3560);
#985=VERTEX_POINT('',#3565);
#986=VERTEX_POINT('',#3570);
#987=VERTEX_POINT('',#3578);
#988=VERTEX_POINT('',#3635);
#989=VERTEX_POINT('',#3642);
#990=VERTEX_POINT('',#3644);
#991=VERTEX_POINT('',#3666);
#992=VERTEX_POINT('',#3667);
#993=VERTEX_POINT('',#3672);
#994=VERTEX_POINT('',#3677);
#995=VERTEX_POINT('',#3685);
#996=VERTEX_POINT('',#3742);
#997=VERTEX_POINT('',#3749);
#998=VERTEX_POINT('',#3751);
#999=VERTEX_POINT('',#3773);
#1000=VERTEX_POINT('',#3774);
#1001=VERTEX_POINT('',#3779);
#1002=VERTEX_POINT('',#3784);
#1003=VERTEX_POINT('',#3792);
#1004=VERTEX_POINT('',#3849);
#1005=VERTEX_POINT('',#3856);
#1006=VERTEX_POINT('',#3858);
#1007=VERTEX_POINT('',#3880);
#1008=VERTEX_POINT('',#3881);
#1009=VERTEX_POINT('',#3886);
#1010=VERTEX_POINT('',#3891);
#1011=VERTEX_POINT('',#3899);
#1012=VERTEX_POINT('',#3956);
#1013=VERTEX_POINT('',#3963);
#1014=VERTEX_POINT('',#3965);
#1015=VERTEX_POINT('',#3972);
#1016=VERTEX_POINT('',#3976);
#1017=VERTEX_POINT('',#3979);
#1018=VERTEX_POINT('',#3983);
#1019=VERTEX_POINT('',#3985);
#1020=VERTEX_POINT('',#3990);
#1021=VERTEX_POINT('',#3992);
#1022=VERTEX_POINT('',#3997);
#1023=VERTEX_POINT('',#4002);
#1024=VERTEX_POINT('',#4004);
#1025=VERTEX_POINT('',#4009);
#1026=VERTEX_POINT('',#4036);
#1027=VERTEX_POINT('',#4038);
#1028=VERTEX_POINT('',#4042);
#1029=VERTEX_POINT('',#4066);
#1030=VERTEX_POINT('',#4071);
#1031=VERTEX_POINT('',#4076);
#1032=VERTEX_POINT('',#4118);
#1033=VERTEX_POINT('',#4120);
#1034=VERTEX_POINT('',#4127);
#1035=VERTEX_POINT('',#4129);
#1036=VERTEX_POINT('',#4134);
#1037=VERTEX_POINT('',#4161);
#1038=VERTEX_POINT('',#4163);
#1039=VERTEX_POINT('',#4167);
#1040=VERTEX_POINT('',#4169);
#1041=VERTEX_POINT('',#4196);
#1042=VERTEX_POINT('',#4198);
#1043=VERTEX_POINT('',#4202);
#1044=VERTEX_POINT('',#4204);
#1045=VERTEX_POINT('',#4231);
#1046=VERTEX_POINT('',#4233);
#1047=VERTEX_POINT('',#4237);
#1048=VERTEX_POINT('',#4239);
#1049=VERTEX_POINT('',#4266);
#1050=VERTEX_POINT('',#4268);
#1051=VERTEX_POINT('',#4272);
#1052=VERTEX_POINT('',#4277);
#1053=VERTEX_POINT('',#4282);
#1054=VERTEX_POINT('',#4322);
#1055=VERTEX_POINT('',#4324);
#1056=VERTEX_POINT('',#4342);
#1057=VERTEX_POINT('',#4344);
#1058=VERTEX_POINT('',#4380);
#1059=VERTEX_POINT('',#4381);
#1060=VERTEX_POINT('',#4409);
#1061=VERTEX_POINT('',#4410);
#1062=VERTEX_POINT('',#4438);
#1063=VERTEX_POINT('',#4439);
#1064=VERTEX_POINT('',#4467);
#1065=VERTEX_POINT('',#4468);
#1066=VERTEX_POINT('',#4496);
#1067=VERTEX_POINT('',#4497);
#1068=VERTEX_POINT('',#4581);
#1069=VERTEX_POINT('',#4582);
#1070=VERTEX_POINT('',#4706);
#1071=VERTEX_POINT('',#4707);
#1072=VERTEX_POINT('',#4814);
#1073=VERTEX_POINT('',#4815);
#1074=EDGE_CURVE('',#847,#848,#541,.T.);
#1075=EDGE_CURVE('',#849,#847,#504,.T.);
#1076=EDGE_CURVE('',#849,#850,#542,.T.);
#1077=EDGE_CURVE('',#850,#848,#356,.T.);
#1078=EDGE_CURVE('',#851,#851,#505,.T.);
#1079=EDGE_CURVE('',#852,#853,#506,.T.);
#1080=EDGE_CURVE('',#853,#854,#543,.T.);
#1081=EDGE_CURVE('',#854,#855,#507,.T.);
#1082=EDGE_CURVE('',#855,#856,#544,.T.);
#1083=EDGE_CURVE('',#856,#857,#508,.T.);
#1084=EDGE_CURVE('',#857,#858,#545,.T.);
#1085=EDGE_CURVE('',#858,#859,#509,.T.);
#1086=EDGE_CURVE('',#859,#860,#546,.T.);
#1087=EDGE_CURVE('',#860,#861,#510,.T.);
#1088=EDGE_CURVE('',#861,#862,#547,.T.);
#1089=EDGE_CURVE('',#862,#863,#511,.T.);
#1090=EDGE_CURVE('',#863,#864,#548,.T.);
#1091=EDGE_CURVE('',#864,#865,#512,.T.);
#1092=EDGE_CURVE('',#865,#866,#549,.T.);
#1093=EDGE_CURVE('',#866,#867,#513,.T.);
#1094=EDGE_CURVE('',#867,#849,#550,.T.);
#1095=EDGE_CURVE('',#847,#868,#514,.T.);
#1096=EDGE_CURVE('',#868,#869,#551,.T.);
#1097=EDGE_CURVE('',#869,#870,#515,.T.);
#1098=EDGE_CURVE('',#870,#871,#552,.T.);
#1099=EDGE_CURVE('',#871,#872,#516,.T.);
#1100=EDGE_CURVE('',#872,#873,#553,.T.);
#1101=EDGE_CURVE('',#873,#874,#517,.T.);
#1102=EDGE_CURVE('',#874,#875,#554,.T.);
#1103=EDGE_CURVE('',#875,#876,#518,.T.);
#1104=EDGE_CURVE('',#876,#877,#555,.T.);
#1105=EDGE_CURVE('',#877,#878,#519,.T.);
#1106=EDGE_CURVE('',#878,#879,#556,.T.);
#1107=EDGE_CURVE('',#879,#880,#520,.T.);
#1108=EDGE_CURVE('',#880,#881,#557,.T.);
#1109=EDGE_CURVE('',#881,#882,#521,.T.);
#1110=EDGE_CURVE('',#882,#852,#558,.T.);
#1111=EDGE_CURVE('',#883,#883,#522,.T.);
#1112=EDGE_CURVE('',#884,#885,#357,.F.);
#1113=EDGE_CURVE('',#886,#885,#358,.T.);
#1114=EDGE_CURVE('',#886,#887,#359,.F.);
#1115=EDGE_CURVE('',#887,#884,#360,.T.);
#1116=EDGE_CURVE('',#888,#889,#361,.T.);
#1117=EDGE_CURVE('',#888,#890,#362,.T.);
#1118=EDGE_CURVE('',#886,#890,#363,.T.);
#1119=EDGE_CURVE('',#889,#885,#364,.T.);
#1120=EDGE_CURVE('',#891,#890,#365,.T.);
#1121=EDGE_CURVE('',#891,#892,#559,.T.);
#1122=EDGE_CURVE('',#892,#893,#366,.T.);
#1123=EDGE_CURVE('',#894,#893,#560,.T.);
#1124=EDGE_CURVE('',#895,#894,#367,.T.);
#1125=EDGE_CURVE('',#895,#896,#561,.T.);
#1126=EDGE_CURVE('',#896,#887,#368,.T.);
#1127=EDGE_CURVE('',#848,#897,#369,.T.);
#1128=EDGE_CURVE('',#897,#898,#370,.T.);
#1129=EDGE_CURVE('',#898,#899,#562,.T.);
#1130=EDGE_CURVE('',#899,#900,#523,.T.);
#1131=EDGE_CURVE('',#900,#901,#563,.T.);
#1132=EDGE_CURVE('',#902,#901,#371,.T.);
#1133=EDGE_CURVE('',#902,#903,#564,.T.);
#1134=EDGE_CURVE('',#903,#903,#524,.T.);
#1135=EDGE_CURVE('',#904,#902,#372,.T.);
#1136=EDGE_CURVE('',#904,#905,#373,.T.);
#1137=EDGE_CURVE('',#905,#865,#565,.T.);
#1138=EDGE_CURVE('',#864,#906,#566,.T.);
#1139=EDGE_CURVE('',#906,#907,#374,.T.);
#1140=EDGE_CURVE('',#907,#908,#375,.T.);
#1141=EDGE_CURVE('',#908,#909,#567,.T.);
#1142=EDGE_CURVE('',#909,#910,#525,.T.);
#1143=EDGE_CURVE('',#910,#911,#568,.T.);
#1144=EDGE_CURVE('',#912,#911,#376,.T.);
#1145=EDGE_CURVE('',#912,#913,#377,.T.);
#1146=EDGE_CURVE('',#913,#861,#569,.T.);
#1147=EDGE_CURVE('',#860,#914,#570,.T.);
#1148=EDGE_CURVE('',#914,#915,#378,.T.);
#1149=EDGE_CURVE('',#915,#916,#379,.T.);
#1150=EDGE_CURVE('',#916,#917,#571,.T.);
#1151=EDGE_CURVE('',#917,#918,#526,.T.);
#1152=EDGE_CURVE('',#918,#919,#572,.T.);
#1153=EDGE_CURVE('',#920,#919,#380,.T.);
#1154=EDGE_CURVE('',#920,#921,#381,.T.);
#1155=EDGE_CURVE('',#921,#857,#573,.T.);
#1156=EDGE_CURVE('',#856,#922,#574,.T.);
#1157=EDGE_CURVE('',#922,#923,#382,.T.);
#1158=EDGE_CURVE('',#923,#924,#575,.T.);
#1159=EDGE_CURVE('',#924,#925,#383,.T.);
#1160=EDGE_CURVE('',#925,#926,#576,.T.);
#1161=EDGE_CURVE('',#926,#927,#527,.T.);
#1162=EDGE_CURVE('',#927,#928,#577,.T.);
#1163=EDGE_CURVE('',#929,#928,#384,.T.);
#1164=EDGE_CURVE('',#929,#930,#385,.T.);
#1165=EDGE_CURVE('',#930,#853,#578,.T.);
#1166=EDGE_CURVE('',#852,#931,#579,.T.);
#1167=EDGE_CURVE('',#931,#932,#386,.T.);
#1168=EDGE_CURVE('',#932,#933,#387,.T.);
#1169=EDGE_CURVE('',#933,#934,#388,.T.);
#1170=EDGE_CURVE('',#934,#935,#389,.T.);
#1171=EDGE_CURVE('',#935,#936,#390,.T.);
#1172=EDGE_CURVE('',#937,#936,#391,.T.);
#1173=EDGE_CURVE('',#937,#938,#392,.T.);
#1174=EDGE_CURVE('',#938,#880,#580,.T.);
#1175=EDGE_CURVE('',#879,#939,#581,.T.);
#1176=EDGE_CURVE('',#939,#940,#393,.T.);
#1177=EDGE_CURVE('',#940,#941,#394,.T.);
#1178=EDGE_CURVE('',#941,#942,#582,.T.);
#1179=EDGE_CURVE('',#942,#943,#528,.T.);
#1180=EDGE_CURVE('',#943,#944,#583,.T.);
#1181=EDGE_CURVE('',#945,#944,#395,.T.);
#1182=EDGE_CURVE('',#945,#946,#396,.T.);
#1183=EDGE_CURVE('',#946,#876,#584,.T.);
#1184=EDGE_CURVE('',#875,#947,#585,.T.);
#1185=EDGE_CURVE('',#947,#948,#397,.T.);
#1186=EDGE_CURVE('',#948,#949,#398,.T.);
#1187=EDGE_CURVE('',#949,#950,#399,.T.);
#1188=EDGE_CURVE('',#950,#951,#400,.T.);
#1189=EDGE_CURVE('',#951,#952,#401,.T.);
#1190=EDGE_CURVE('',#953,#952,#402,.T.);
#1191=EDGE_CURVE('',#953,#954,#403,.T.);
#1192=EDGE_CURVE('',#954,#872,#586,.T.);
#1193=EDGE_CURVE('',#871,#955,#587,.T.);
#1194=EDGE_CURVE('',#955,#895,#404,.T.);
#1195=EDGE_CURVE('',#894,#956,#405,.T.);
#1196=EDGE_CURVE('',#956,#957,#406,.T.);
#1197=EDGE_CURVE('',#957,#891,#407,.T.);
#1198=EDGE_CURVE('',#888,#958,#408,.T.);
#1199=EDGE_CURVE('',#958,#868,#588,.T.);
#1200=EDGE_CURVE('',#959,#960,#409,.T.);
#1201=EDGE_CURVE('',#961,#959,#410,.T.);
#1202=EDGE_CURVE('',#961,#962,#411,.F.);
#1203=EDGE_CURVE('',#962,#963,#412,.T.);
#1204=EDGE_CURVE('',#960,#963,#413,.T.);
#1205=EDGE_CURVE('',#904,#959,#414,.T.);
#1206=EDGE_CURVE('',#961,#901,#415,.T.);
#1207=EDGE_CURVE('',#960,#964,#416,.F.);
#1208=EDGE_CURVE('',#964,#965,#589,.T.);
#1209=EDGE_CURVE('',#965,#966,#417,.T.);
#1210=EDGE_CURVE('',#905,#966,#590,.T.);
#1211=EDGE_CURVE('',#967,#968,#418,.F.);
#1212=EDGE_CURVE('',#969,#968,#419,.T.);
#1213=EDGE_CURVE('',#969,#970,#420,.F.);
#1214=EDGE_CURVE('',#970,#967,#421,.T.);
#1215=EDGE_CURVE('',#912,#971,#422,.T.);
#1216=EDGE_CURVE('',#969,#911,#423,.T.);
#1217=EDGE_CURVE('',#971,#968,#424,.T.);
#1218=EDGE_CURVE('',#971,#972,#591,.T.);
#1219=EDGE_CURVE('',#972,#973,#425,.T.);
#1220=EDGE_CURVE('',#913,#973,#592,.T.);
#1221=EDGE_CURVE('',#967,#974,#593,.T.);
#1222=EDGE_CURVE('',#974,#906,#594,.T.);
#1223=EDGE_CURVE('',#863,#972,#595,.T.);
#1224=EDGE_CURVE('',#975,#976,#426,.F.);
#1225=EDGE_CURVE('',#977,#976,#427,.T.);
#1226=EDGE_CURVE('',#977,#978,#428,.F.);
#1227=EDGE_CURVE('',#978,#975,#429,.T.);
#1228=EDGE_CURVE('',#920,#979,#430,.T.);
#1229=EDGE_CURVE('',#977,#919,#431,.T.);
#1230=EDGE_CURVE('',#979,#976,#432,.T.);
#1231=EDGE_CURVE('',#979,#980,#596,.T.);
#1232=EDGE_CURVE('',#980,#981,#433,.T.);
#1233=EDGE_CURVE('',#921,#981,#597,.T.);
#1234=EDGE_CURVE('',#975,#982,#598,.T.);
#1235=EDGE_CURVE('',#982,#914,#599,.T.);
#1236=EDGE_CURVE('',#859,#980,#600,.T.);
#1237=EDGE_CURVE('',#983,#984,#434,.F.);
#1238=EDGE_CURVE('',#985,#984,#435,.T.);
#1239=EDGE_CURVE('',#985,#986,#436,.F.);
#1240=EDGE_CURVE('',#986,#987,#437,.T.);
#1241=EDGE_CURVE('',#987,#983,#438,.F.);
#1242=EDGE_CURVE('',#929,#984,#439,.T.);
#1243=EDGE_CURVE('',#985,#928,#440,.T.);
#1244=EDGE_CURVE('',#983,#988,#441,.T.);
#1245=EDGE_CURVE('',#988,#989,#601,.T.);
#1246=EDGE_CURVE('',#989,#990,#442,.T.);
#1247=EDGE_CURVE('',#930,#990,#602,.T.);
#1248=EDGE_CURVE('',#991,#992,#443,.T.);
#1249=EDGE_CURVE('',#993,#991,#444,.T.);
#1250=EDGE_CURVE('',#993,#994,#445,.F.);
#1251=EDGE_CURVE('',#994,#995,#446,.T.);
#1252=EDGE_CURVE('',#992,#995,#447,.T.);
#1253=EDGE_CURVE('',#937,#991,#448,.T.);
#1254=EDGE_CURVE('',#993,#936,#449,.T.);
#1255=EDGE_CURVE('',#992,#996,#450,.F.);
#1256=EDGE_CURVE('',#996,#997,#603,.T.);
#1257=EDGE_CURVE('',#997,#998,#451,.T.);
#1258=EDGE_CURVE('',#938,#998,#604,.T.);
#1259=EDGE_CURVE('',#999,#1000,#452,.F.);
#1260=EDGE_CURVE('',#1001,#1000,#453,.T.);
#1261=EDGE_CURVE('',#1001,#1002,#454,.F.);
#1262=EDGE_CURVE('',#1002,#1003,#455,.T.);
#1263=EDGE_CURVE('',#1003,#999,#456,.F.);
#1264=EDGE_CURVE('',#945,#1000,#457,.T.);
#1265=EDGE_CURVE('',#1001,#944,#458,.T.);
#1266=EDGE_CURVE('',#999,#1004,#459,.T.);
#1267=EDGE_CURVE('',#1004,#1005,#605,.T.);
#1268=EDGE_CURVE('',#1005,#1006,#460,.T.);
#1269=EDGE_CURVE('',#946,#1006,#606,.T.);
#1270=EDGE_CURVE('',#1007,#1008,#461,.F.);
#1271=EDGE_CURVE('',#1009,#1008,#462,.T.);
#1272=EDGE_CURVE('',#1009,#1010,#463,.F.);
#1273=EDGE_CURVE('',#1010,#1011,#464,.T.);
#1274=EDGE_CURVE('',#1011,#1007,#465,.F.);
#1275=EDGE_CURVE('',#953,#1008,#466,.T.);
#1276=EDGE_CURVE('',#1009,#952,#467,.T.);
#1277=EDGE_CURVE('',#1007,#1012,#468,.T.);
#1278=EDGE_CURVE('',#1012,#1013,#607,.T.);
#1279=EDGE_CURVE('',#1013,#1014,#469,.T.);
#1280=EDGE_CURVE('',#954,#1014,#608,.T.);
#1281=EDGE_CURVE('',#851,#1015,#609,.T.);
#1282=EDGE_CURVE('',#1015,#1015,#529,.T.);
#1283=EDGE_CURVE('',#1016,#1016,#530,.T.);
#1284=EDGE_CURVE('',#1017,#1017,#531,.T.);
#1285=EDGE_CURVE('',#1017,#1016,#610,.T.);
#1286=EDGE_CURVE('',#1018,#1018,#532,.T.);
#1287=EDGE_CURVE('',#1018,#1019,#611,.T.);
#1288=EDGE_CURVE('',#1019,#1019,#533,.T.);
#1289=EDGE_CURVE('',#1020,#1020,#534,.T.);
#1290=EDGE_CURVE('',#1020,#1021,#612,.T.);
#1291=EDGE_CURVE('',#1021,#1021,#535,.T.);
#1292=EDGE_CURVE('',#883,#1022,#613,.T.);
#1293=EDGE_CURVE('',#1022,#1022,#536,.T.);
#1294=EDGE_CURVE('',#1023,#962,#614,.T.);
#1295=EDGE_CURVE('',#1023,#1024,#470,.T.);
#1296=EDGE_CURVE('',#1024,#1025,#471,.T.);
#1297=EDGE_CURVE('',#963,#1025,#615,.T.);
#1298=EDGE_CURVE('',#1025,#850,#616,.T.);
#1299=EDGE_CURVE('',#897,#1024,#617,.T.);
#1300=EDGE_CURVE('',#867,#965,#618,.T.);
#1301=EDGE_CURVE('',#900,#1026,#619,.T.);
#1302=EDGE_CURVE('',#1026,#1027,#620,.T.);
#1303=EDGE_CURVE('',#1023,#1027,#621,.T.);
#1304=EDGE_CURVE('',#896,#1028,#472,.T.);
#1305=EDGE_CURVE('',#884,#1028,#622,.T.);
#1306=EDGE_CURVE('',#1028,#955,#623,.T.);
#1307=EDGE_CURVE('',#1010,#1029,#473,.T.);
#1308=EDGE_CURVE('',#1029,#1030,#474,.T.);
#1309=EDGE_CURVE('',#1030,#1031,#475,.T.);
#1310=EDGE_CURVE('',#1011,#1031,#624,.T.);
#1311=EDGE_CURVE('',#1031,#947,#625,.T.);
#1312=EDGE_CURVE('',#948,#1030,#626,.T.);
#1313=EDGE_CURVE('',#874,#1013,#627,.T.);
#1314=EDGE_CURVE('',#951,#1032,#628,.T.);
#1315=EDGE_CURVE('',#1032,#1033,#476,.T.);
#1316=EDGE_CURVE('',#1029,#1033,#629,.T.);
#1317=EDGE_CURVE('',#1034,#1002,#630,.T.);
#1318=EDGE_CURVE('',#1034,#1035,#477,.T.);
#1319=EDGE_CURVE('',#1035,#1036,#478,.T.);
#1320=EDGE_CURVE('',#1003,#1036,#631,.T.);
#1321=EDGE_CURVE('',#1036,#939,#632,.T.);
#1322=EDGE_CURVE('',#940,#1035,#633,.T.);
#1323=EDGE_CURVE('',#878,#1005,#634,.T.);
#1324=EDGE_CURVE('',#943,#1037,#635,.T.);
#1325=EDGE_CURVE('',#1037,#1038,#636,.T.);
#1326=EDGE_CURVE('',#1034,#1038,#637,.T.);
#1327=EDGE_CURVE('',#1039,#970,#638,.T.);
#1328=EDGE_CURVE('',#1039,#1040,#479,.T.);
#1329=EDGE_CURVE('',#1040,#974,#480,.T.);
#1330=EDGE_CURVE('',#907,#1040,#639,.T.);
#1331=EDGE_CURVE('',#910,#1041,#640,.T.);
#1332=EDGE_CURVE('',#1041,#1042,#641,.T.);
#1333=EDGE_CURVE('',#1039,#1042,#642,.T.);
#1334=EDGE_CURVE('',#1043,#978,#643,.T.);
#1335=EDGE_CURVE('',#1043,#1044,#481,.T.);
#1336=EDGE_CURVE('',#1044,#982,#482,.T.);
#1337=EDGE_CURVE('',#915,#1044,#644,.T.);
#1338=EDGE_CURVE('',#918,#1045,#645,.T.);
#1339=EDGE_CURVE('',#1045,#1046,#646,.T.);
#1340=EDGE_CURVE('',#1043,#1046,#647,.T.);
#1341=EDGE_CURVE('',#1047,#986,#648,.T.);
#1342=EDGE_CURVE('',#1047,#1048,#483,.T.);
#1343=EDGE_CURVE('',#987,#1048,#649,.T.);
#1344=EDGE_CURVE('',#1048,#922,#650,.T.);
#1345=EDGE_CURVE('',#923,#1047,#651,.T.);
#1346=EDGE_CURVE('',#855,#989,#652,.T.);
#1347=EDGE_CURVE('',#927,#1049,#653,.T.);
#1348=EDGE_CURVE('',#1049,#1050,#654,.T.);
#1349=EDGE_CURVE('',#924,#1050,#655,.T.);
#1350=EDGE_CURVE('',#994,#1051,#484,.T.);
#1351=EDGE_CURVE('',#1051,#1052,#485,.T.);
#1352=EDGE_CURVE('',#1052,#1053,#486,.T.);
#1353=EDGE_CURVE('',#995,#1053,#656,.T.);
#1354=EDGE_CURVE('',#1053,#931,#657,.T.);
#1355=EDGE_CURVE('',#932,#1052,#658,.T.);
#1356=EDGE_CURVE('',#935,#1054,#659,.T.);
#1357=EDGE_CURVE('',#1054,#1055,#487,.T.);
#1358=EDGE_CURVE('',#1051,#1055,#660,.T.);
#1359=EDGE_CURVE('',#882,#997,#661,.T.);
#1360=EDGE_CURVE('',#966,#866,#662,.T.);
#1361=EDGE_CURVE('',#973,#862,#663,.T.);
#1362=EDGE_CURVE('',#981,#858,#664,.T.);
#1363=EDGE_CURVE('',#870,#1056,#665,.T.);
#1364=EDGE_CURVE('',#1057,#869,#666,.T.);
#1365=EDGE_CURVE('',#1056,#1057,#488,.T.);
#1366=EDGE_CURVE('',#889,#1056,#667,.T.);
#1367=EDGE_CURVE('',#958,#1057,#668,.T.);
#1368=EDGE_CURVE('',#1014,#873,#669,.T.);
#1369=EDGE_CURVE('',#1006,#877,#670,.T.);
#1370=EDGE_CURVE('',#990,#854,#671,.T.);
#1371=EDGE_CURVE('',#1058,#1059,#672,.T.);
#1372=EDGE_CURVE('',#1027,#1058,#489,.T.);
#1373=EDGE_CURVE('',#1059,#1026,#537,.T.);
#1374=EDGE_CURVE('',#898,#1058,#673,.T.);
#1375=EDGE_CURVE('',#899,#1059,#674,.T.);
#1376=EDGE_CURVE('',#1060,#1061,#675,.T.);
#1377=EDGE_CURVE('',#1050,#1060,#490,.T.);
#1378=EDGE_CURVE('',#1061,#1049,#538,.T.);
#1379=EDGE_CURVE('',#925,#1060,#676,.T.);
#1380=EDGE_CURVE('',#926,#1061,#677,.T.);
#1381=EDGE_CURVE('',#1062,#1063,#678,.T.);
#1382=EDGE_CURVE('',#1046,#1062,#491,.T.);
#1383=EDGE_CURVE('',#1063,#1045,#539,.T.);
#1384=EDGE_CURVE('',#916,#1062,#679,.T.);
#1385=EDGE_CURVE('',#917,#1063,#680,.T.);
#1386=EDGE_CURVE('',#1064,#1065,#681,.T.);
#1387=EDGE_CURVE('',#1042,#1064,#492,.T.);
#1388=EDGE_CURVE('',#1065,#1041,#540,.T.);
#1389=EDGE_CURVE('',#908,#1064,#682,.T.);
#1390=EDGE_CURVE('',#909,#1065,#683,.T.);
#1391=EDGE_CURVE('',#1066,#1067,#493,.T.);
#1392=EDGE_CURVE('',#1055,#1066,#494,.T.);
#1393=EDGE_CURVE('',#1067,#1054,#495,.T.);
#1394=EDGE_CURVE('',#933,#1066,#684,.T.);
#1395=EDGE_CURVE('',#934,#1067,#685,.T.);
#1396=EDGE_CURVE('',#1068,#1069,#496,.T.);
#1397=EDGE_CURVE('',#893,#1068,#497,.T.);
#1398=EDGE_CURVE('',#1069,#892,#498,.T.);
#1399=EDGE_CURVE('',#956,#1068,#686,.T.);
#1400=EDGE_CURVE('',#957,#1069,#687,.T.);
#1401=EDGE_CURVE('',#1070,#1071,#499,.T.);
#1402=EDGE_CURVE('',#1033,#1070,#500,.T.);
#1403=EDGE_CURVE('',#1071,#1032,#501,.T.);
#1404=EDGE_CURVE('',#949,#1070,#688,.T.);
#1405=EDGE_CURVE('',#950,#1071,#689,.T.);
#1406=EDGE_CURVE('',#998,#881,#690,.T.);
#1407=EDGE_CURVE('',#1072,#1073,#691,.T.);
#1408=EDGE_CURVE('',#1038,#1072,#502,.T.);
#1409=EDGE_CURVE('',#1073,#1037,#503,.T.);
#1410=EDGE_CURVE('',#941,#1072,#692,.T.);
#1411=EDGE_CURVE('',#942,#1073,#693,.T.);
#1412=ORIENTED_EDGE('',*,*,#1074,.F.);
#1413=ORIENTED_EDGE('',*,*,#1075,.F.);
#1414=ORIENTED_EDGE('',*,*,#1076,.T.);
#1415=ORIENTED_EDGE('',*,*,#1077,.T.);
#1416=ORIENTED_EDGE('',*,*,#1078,.T.);
#1417=ORIENTED_EDGE('',*,*,#1079,.T.);
#1418=ORIENTED_EDGE('',*,*,#1080,.T.);
#1419=ORIENTED_EDGE('',*,*,#1081,.T.);
#1420=ORIENTED_EDGE('',*,*,#1082,.T.);
#1421=ORIENTED_EDGE('',*,*,#1083,.T.);
#1422=ORIENTED_EDGE('',*,*,#1084,.T.);
#1423=ORIENTED_EDGE('',*,*,#1085,.T.);
#1424=ORIENTED_EDGE('',*,*,#1086,.T.);
#1425=ORIENTED_EDGE('',*,*,#1087,.T.);
#1426=ORIENTED_EDGE('',*,*,#1088,.T.);
#1427=ORIENTED_EDGE('',*,*,#1089,.T.);
#1428=ORIENTED_EDGE('',*,*,#1090,.T.);
#1429=ORIENTED_EDGE('',*,*,#1091,.T.);
#1430=ORIENTED_EDGE('',*,*,#1092,.T.);
#1431=ORIENTED_EDGE('',*,*,#1093,.T.);
#1432=ORIENTED_EDGE('',*,*,#1094,.T.);
#1433=ORIENTED_EDGE('',*,*,#1075,.T.);
#1434=ORIENTED_EDGE('',*,*,#1095,.T.);
#1435=ORIENTED_EDGE('',*,*,#1096,.T.);
#1436=ORIENTED_EDGE('',*,*,#1097,.T.);
#1437=ORIENTED_EDGE('',*,*,#1098,.T.);
#1438=ORIENTED_EDGE('',*,*,#1099,.T.);
#1439=ORIENTED_EDGE('',*,*,#1100,.T.);
#1440=ORIENTED_EDGE('',*,*,#1101,.T.);
#1441=ORIENTED_EDGE('',*,*,#1102,.T.);
#1442=ORIENTED_EDGE('',*,*,#1103,.T.);
#1443=ORIENTED_EDGE('',*,*,#1104,.T.);
#1444=ORIENTED_EDGE('',*,*,#1105,.T.);
#1445=ORIENTED_EDGE('',*,*,#1106,.T.);
#1446=ORIENTED_EDGE('',*,*,#1107,.T.);
#1447=ORIENTED_EDGE('',*,*,#1108,.T.);
#1448=ORIENTED_EDGE('',*,*,#1109,.T.);
#1449=ORIENTED_EDGE('',*,*,#1110,.T.);
#1450=ORIENTED_EDGE('',*,*,#1111,.T.);
#1451=ORIENTED_EDGE('',*,*,#1112,.T.);
#1452=ORIENTED_EDGE('',*,*,#1113,.F.);
#1453=ORIENTED_EDGE('',*,*,#1114,.T.);
#1454=ORIENTED_EDGE('',*,*,#1115,.T.);
#1455=ORIENTED_EDGE('',*,*,#1116,.F.);
#1456=ORIENTED_EDGE('',*,*,#1117,.T.);
#1457=ORIENTED_EDGE('',*,*,#1118,.F.);
#1458=ORIENTED_EDGE('',*,*,#1113,.T.);
#1459=ORIENTED_EDGE('',*,*,#1119,.F.);
#1460=ORIENTED_EDGE('',*,*,#1118,.T.);
#1461=ORIENTED_EDGE('',*,*,#1120,.F.);
#1462=ORIENTED_EDGE('',*,*,#1121,.T.);
#1463=ORIENTED_EDGE('',*,*,#1122,.T.);
#1464=ORIENTED_EDGE('',*,*,#1123,.F.);
#1465=ORIENTED_EDGE('',*,*,#1124,.F.);
#1466=ORIENTED_EDGE('',*,*,#1125,.T.);
#1467=ORIENTED_EDGE('',*,*,#1126,.T.);
#1468=ORIENTED_EDGE('',*,*,#1114,.F.);
#1469=ORIENTED_EDGE('',*,*,#1074,.T.);
#1470=ORIENTED_EDGE('',*,*,#1127,.T.);
#1471=ORIENTED_EDGE('',*,*,#1128,.T.);
#1472=ORIENTED_EDGE('',*,*,#1129,.T.);
#1473=ORIENTED_EDGE('',*,*,#1130,.T.);
#1474=ORIENTED_EDGE('',*,*,#1131,.T.);
#1475=ORIENTED_EDGE('',*,*,#1132,.F.);
#1476=ORIENTED_EDGE('',*,*,#1133,.T.);
#1477=ORIENTED_EDGE('',*,*,#1134,.T.);
#1478=ORIENTED_EDGE('',*,*,#1133,.F.);
#1479=ORIENTED_EDGE('',*,*,#1135,.F.);
#1480=ORIENTED_EDGE('',*,*,#1136,.T.);
#1481=ORIENTED_EDGE('',*,*,#1137,.T.);
#1482=ORIENTED_EDGE('',*,*,#1091,.F.);
#1483=ORIENTED_EDGE('',*,*,#1138,.T.);
#1484=ORIENTED_EDGE('',*,*,#1139,.T.);
#1485=ORIENTED_EDGE('',*,*,#1140,.T.);
#1486=ORIENTED_EDGE('',*,*,#1141,.T.);
#1487=ORIENTED_EDGE('',*,*,#1142,.T.);
#1488=ORIENTED_EDGE('',*,*,#1143,.T.);
#1489=ORIENTED_EDGE('',*,*,#1144,.F.);
#1490=ORIENTED_EDGE('',*,*,#1145,.T.);
#1491=ORIENTED_EDGE('',*,*,#1146,.T.);
#1492=ORIENTED_EDGE('',*,*,#1087,.F.);
#1493=ORIENTED_EDGE('',*,*,#1147,.T.);
#1494=ORIENTED_EDGE('',*,*,#1148,.T.);
#1495=ORIENTED_EDGE('',*,*,#1149,.T.);
#1496=ORIENTED_EDGE('',*,*,#1150,.T.);
#1497=ORIENTED_EDGE('',*,*,#1151,.T.);
#1498=ORIENTED_EDGE('',*,*,#1152,.T.);
#1499=ORIENTED_EDGE('',*,*,#1153,.F.);
#1500=ORIENTED_EDGE('',*,*,#1154,.T.);
#1501=ORIENTED_EDGE('',*,*,#1155,.T.);
#1502=ORIENTED_EDGE('',*,*,#1083,.F.);
#1503=ORIENTED_EDGE('',*,*,#1156,.T.);
#1504=ORIENTED_EDGE('',*,*,#1157,.T.);
#1505=ORIENTED_EDGE('',*,*,#1158,.T.);
#1506=ORIENTED_EDGE('',*,*,#1159,.T.);
#1507=ORIENTED_EDGE('',*,*,#1160,.T.);
#1508=ORIENTED_EDGE('',*,*,#1161,.T.);
#1509=ORIENTED_EDGE('',*,*,#1162,.T.);
#1510=ORIENTED_EDGE('',*,*,#1163,.F.);
#1511=ORIENTED_EDGE('',*,*,#1164,.T.);
#1512=ORIENTED_EDGE('',*,*,#1165,.T.);
#1513=ORIENTED_EDGE('',*,*,#1079,.F.);
#1514=ORIENTED_EDGE('',*,*,#1166,.T.);
#1515=ORIENTED_EDGE('',*,*,#1167,.T.);
#1516=ORIENTED_EDGE('',*,*,#1168,.T.);
#1517=ORIENTED_EDGE('',*,*,#1169,.T.);
#1518=ORIENTED_EDGE('',*,*,#1170,.T.);
#1519=ORIENTED_EDGE('',*,*,#1171,.T.);
#1520=ORIENTED_EDGE('',*,*,#1172,.F.);
#1521=ORIENTED_EDGE('',*,*,#1173,.T.);
#1522=ORIENTED_EDGE('',*,*,#1174,.T.);
#1523=ORIENTED_EDGE('',*,*,#1107,.F.);
#1524=ORIENTED_EDGE('',*,*,#1175,.T.);
#1525=ORIENTED_EDGE('',*,*,#1176,.T.);
#1526=ORIENTED_EDGE('',*,*,#1177,.T.);
#1527=ORIENTED_EDGE('',*,*,#1178,.T.);
#1528=ORIENTED_EDGE('',*,*,#1179,.T.);
#1529=ORIENTED_EDGE('',*,*,#1180,.T.);
#1530=ORIENTED_EDGE('',*,*,#1181,.F.);
#1531=ORIENTED_EDGE('',*,*,#1182,.T.);
#1532=ORIENTED_EDGE('',*,*,#1183,.T.);
#1533=ORIENTED_EDGE('',*,*,#1103,.F.);
#1534=ORIENTED_EDGE('',*,*,#1184,.T.);
#1535=ORIENTED_EDGE('',*,*,#1185,.T.);
#1536=ORIENTED_EDGE('',*,*,#1186,.T.);
#1537=ORIENTED_EDGE('',*,*,#1187,.T.);
#1538=ORIENTED_EDGE('',*,*,#1188,.T.);
#1539=ORIENTED_EDGE('',*,*,#1189,.T.);
#1540=ORIENTED_EDGE('',*,*,#1190,.F.);
#1541=ORIENTED_EDGE('',*,*,#1191,.T.);
#1542=ORIENTED_EDGE('',*,*,#1192,.T.);
#1543=ORIENTED_EDGE('',*,*,#1099,.F.);
#1544=ORIENTED_EDGE('',*,*,#1193,.T.);
#1545=ORIENTED_EDGE('',*,*,#1194,.T.);
#1546=ORIENTED_EDGE('',*,*,#1124,.T.);
#1547=ORIENTED_EDGE('',*,*,#1195,.T.);
#1548=ORIENTED_EDGE('',*,*,#1196,.T.);
#1549=ORIENTED_EDGE('',*,*,#1197,.T.);
#1550=ORIENTED_EDGE('',*,*,#1120,.T.);
#1551=ORIENTED_EDGE('',*,*,#1117,.F.);
#1552=ORIENTED_EDGE('',*,*,#1198,.T.);
#1553=ORIENTED_EDGE('',*,*,#1199,.T.);
#1554=ORIENTED_EDGE('',*,*,#1095,.F.);
#1555=ORIENTED_EDGE('',*,*,#1200,.F.);
#1556=ORIENTED_EDGE('',*,*,#1201,.F.);
#1557=ORIENTED_EDGE('',*,*,#1202,.T.);
#1558=ORIENTED_EDGE('',*,*,#1203,.T.);
#1559=ORIENTED_EDGE('',*,*,#1204,.F.);
#1560=ORIENTED_EDGE('',*,*,#1205,.F.);
#1561=ORIENTED_EDGE('',*,*,#1135,.T.);
#1562=ORIENTED_EDGE('',*,*,#1132,.T.);
#1563=ORIENTED_EDGE('',*,*,#1206,.F.);
#1564=ORIENTED_EDGE('',*,*,#1201,.T.);
#1565=ORIENTED_EDGE('',*,*,#1205,.T.);
#1566=ORIENTED_EDGE('',*,*,#1200,.T.);
#1567=ORIENTED_EDGE('',*,*,#1207,.T.);
#1568=ORIENTED_EDGE('',*,*,#1208,.T.);
#1569=ORIENTED_EDGE('',*,*,#1209,.T.);
#1570=ORIENTED_EDGE('',*,*,#1210,.F.);
#1571=ORIENTED_EDGE('',*,*,#1136,.F.);
#1572=ORIENTED_EDGE('',*,*,#1211,.T.);
#1573=ORIENTED_EDGE('',*,*,#1212,.F.);
#1574=ORIENTED_EDGE('',*,*,#1213,.T.);
#1575=ORIENTED_EDGE('',*,*,#1214,.T.);
#1576=ORIENTED_EDGE('',*,*,#1215,.F.);
#1577=ORIENTED_EDGE('',*,*,#1144,.T.);
#1578=ORIENTED_EDGE('',*,*,#1216,.F.);
#1579=ORIENTED_EDGE('',*,*,#1212,.T.);
#1580=ORIENTED_EDGE('',*,*,#1217,.F.);
#1581=ORIENTED_EDGE('',*,*,#1215,.T.);
#1582=ORIENTED_EDGE('',*,*,#1218,.T.);
#1583=ORIENTED_EDGE('',*,*,#1219,.T.);
#1584=ORIENTED_EDGE('',*,*,#1220,.F.);
#1585=ORIENTED_EDGE('',*,*,#1145,.F.);
#1586=ORIENTED_EDGE('',*,*,#1217,.T.);
#1587=ORIENTED_EDGE('',*,*,#1211,.F.);
#1588=ORIENTED_EDGE('',*,*,#1221,.T.);
#1589=ORIENTED_EDGE('',*,*,#1222,.T.);
#1590=ORIENTED_EDGE('',*,*,#1138,.F.);
#1591=ORIENTED_EDGE('',*,*,#1090,.F.);
#1592=ORIENTED_EDGE('',*,*,#1223,.T.);
#1593=ORIENTED_EDGE('',*,*,#1218,.F.);
#1594=ORIENTED_EDGE('',*,*,#1224,.T.);
#1595=ORIENTED_EDGE('',*,*,#1225,.F.);
#1596=ORIENTED_EDGE('',*,*,#1226,.T.);
#1597=ORIENTED_EDGE('',*,*,#1227,.T.);
#1598=ORIENTED_EDGE('',*,*,#1228,.F.);
#1599=ORIENTED_EDGE('',*,*,#1153,.T.);
#1600=ORIENTED_EDGE('',*,*,#1229,.F.);
#1601=ORIENTED_EDGE('',*,*,#1225,.T.);
#1602=ORIENTED_EDGE('',*,*,#1230,.F.);
#1603=ORIENTED_EDGE('',*,*,#1228,.T.);
#1604=ORIENTED_EDGE('',*,*,#1231,.T.);
#1605=ORIENTED_EDGE('',*,*,#1232,.T.);
#1606=ORIENTED_EDGE('',*,*,#1233,.F.);
#1607=ORIENTED_EDGE('',*,*,#1154,.F.);
#1608=ORIENTED_EDGE('',*,*,#1230,.T.);
#1609=ORIENTED_EDGE('',*,*,#1224,.F.);
#1610=ORIENTED_EDGE('',*,*,#1234,.T.);
#1611=ORIENTED_EDGE('',*,*,#1235,.T.);
#1612=ORIENTED_EDGE('',*,*,#1147,.F.);
#1613=ORIENTED_EDGE('',*,*,#1086,.F.);
#1614=ORIENTED_EDGE('',*,*,#1236,.T.);
#1615=ORIENTED_EDGE('',*,*,#1231,.F.);
#1616=ORIENTED_EDGE('',*,*,#1237,.T.);
#1617=ORIENTED_EDGE('',*,*,#1238,.F.);
#1618=ORIENTED_EDGE('',*,*,#1239,.T.);
#1619=ORIENTED_EDGE('',*,*,#1240,.T.);
#1620=ORIENTED_EDGE('',*,*,#1241,.T.);
#1621=ORIENTED_EDGE('',*,*,#1242,.F.);
#1622=ORIENTED_EDGE('',*,*,#1163,.T.);
#1623=ORIENTED_EDGE('',*,*,#1243,.F.);
#1624=ORIENTED_EDGE('',*,*,#1238,.T.);
#1625=ORIENTED_EDGE('',*,*,#1242,.T.);
#1626=ORIENTED_EDGE('',*,*,#1237,.F.);
#1627=ORIENTED_EDGE('',*,*,#1244,.T.);
#1628=ORIENTED_EDGE('',*,*,#1245,.T.);
#1629=ORIENTED_EDGE('',*,*,#1246,.T.);
#1630=ORIENTED_EDGE('',*,*,#1247,.F.);
#1631=ORIENTED_EDGE('',*,*,#1164,.F.);
#1632=ORIENTED_EDGE('',*,*,#1248,.F.);
#1633=ORIENTED_EDGE('',*,*,#1249,.F.);
#1634=ORIENTED_EDGE('',*,*,#1250,.T.);
#1635=ORIENTED_EDGE('',*,*,#1251,.T.);
#1636=ORIENTED_EDGE('',*,*,#1252,.F.);
#1637=ORIENTED_EDGE('',*,*,#1253,.F.);
#1638=ORIENTED_EDGE('',*,*,#1172,.T.);
#1639=ORIENTED_EDGE('',*,*,#1254,.F.);
#1640=ORIENTED_EDGE('',*,*,#1249,.T.);
#1641=ORIENTED_EDGE('',*,*,#1253,.T.);
#1642=ORIENTED_EDGE('',*,*,#1248,.T.);
#1643=ORIENTED_EDGE('',*,*,#1255,.T.);
#1644=ORIENTED_EDGE('',*,*,#1256,.T.);
#1645=ORIENTED_EDGE('',*,*,#1257,.T.);
#1646=ORIENTED_EDGE('',*,*,#1258,.F.);
#1647=ORIENTED_EDGE('',*,*,#1173,.F.);
#1648=ORIENTED_EDGE('',*,*,#1259,.T.);
#1649=ORIENTED_EDGE('',*,*,#1260,.F.);
#1650=ORIENTED_EDGE('',*,*,#1261,.T.);
#1651=ORIENTED_EDGE('',*,*,#1262,.T.);
#1652=ORIENTED_EDGE('',*,*,#1263,.T.);
#1653=ORIENTED_EDGE('',*,*,#1264,.F.);
#1654=ORIENTED_EDGE('',*,*,#1181,.T.);
#1655=ORIENTED_EDGE('',*,*,#1265,.F.);
#1656=ORIENTED_EDGE('',*,*,#1260,.T.);
#1657=ORIENTED_EDGE('',*,*,#1264,.T.);
#1658=ORIENTED_EDGE('',*,*,#1259,.F.);
#1659=ORIENTED_EDGE('',*,*,#1266,.T.);
#1660=ORIENTED_EDGE('',*,*,#1267,.T.);
#1661=ORIENTED_EDGE('',*,*,#1268,.T.);
#1662=ORIENTED_EDGE('',*,*,#1269,.F.);
#1663=ORIENTED_EDGE('',*,*,#1182,.F.);
#1664=ORIENTED_EDGE('',*,*,#1270,.T.);
#1665=ORIENTED_EDGE('',*,*,#1271,.F.);
#1666=ORIENTED_EDGE('',*,*,#1272,.T.);
#1667=ORIENTED_EDGE('',*,*,#1273,.T.);
#1668=ORIENTED_EDGE('',*,*,#1274,.T.);
#1669=ORIENTED_EDGE('',*,*,#1275,.F.);
#1670=ORIENTED_EDGE('',*,*,#1190,.T.);
#1671=ORIENTED_EDGE('',*,*,#1276,.F.);
#1672=ORIENTED_EDGE('',*,*,#1271,.T.);
#1673=ORIENTED_EDGE('',*,*,#1275,.T.);
#1674=ORIENTED_EDGE('',*,*,#1270,.F.);
#1675=ORIENTED_EDGE('',*,*,#1277,.T.);
#1676=ORIENTED_EDGE('',*,*,#1278,.T.);
#1677=ORIENTED_EDGE('',*,*,#1279,.T.);
#1678=ORIENTED_EDGE('',*,*,#1280,.F.);
#1679=ORIENTED_EDGE('',*,*,#1191,.F.);
#1680=ORIENTED_EDGE('',*,*,#1078,.F.);
#1681=ORIENTED_EDGE('',*,*,#1281,.T.);
#1682=ORIENTED_EDGE('',*,*,#1282,.F.);
#1683=ORIENTED_EDGE('',*,*,#1281,.F.);
#1684=ORIENTED_EDGE('',*,*,#1283,.F.);
#1685=ORIENTED_EDGE('',*,*,#1284,.F.);
#1686=ORIENTED_EDGE('',*,*,#1285,.T.);
#1687=ORIENTED_EDGE('',*,*,#1283,.T.);
#1688=ORIENTED_EDGE('',*,*,#1285,.F.);
#1689=ORIENTED_EDGE('',*,*,#1286,.F.);
#1690=ORIENTED_EDGE('',*,*,#1287,.T.);
#1691=ORIENTED_EDGE('',*,*,#1288,.F.);
#1692=ORIENTED_EDGE('',*,*,#1287,.F.);
#1693=ORIENTED_EDGE('',*,*,#1286,.T.);
#1694=ORIENTED_EDGE('',*,*,#1284,.T.);
#1695=ORIENTED_EDGE('',*,*,#1289,.F.);
#1696=ORIENTED_EDGE('',*,*,#1290,.T.);
#1697=ORIENTED_EDGE('',*,*,#1291,.T.);
#1698=ORIENTED_EDGE('',*,*,#1290,.F.);
#1699=ORIENTED_EDGE('',*,*,#1291,.F.);
#1700=ORIENTED_EDGE('',*,*,#1288,.T.);
#1701=ORIENTED_EDGE('',*,*,#1111,.F.);
#1702=ORIENTED_EDGE('',*,*,#1292,.T.);
#1703=ORIENTED_EDGE('',*,*,#1293,.T.);
#1704=ORIENTED_EDGE('',*,*,#1292,.F.);
#1705=ORIENTED_EDGE('',*,*,#1293,.F.);
#1706=ORIENTED_EDGE('',*,*,#1282,.T.);
#1707=ORIENTED_EDGE('',*,*,#1203,.F.);
#1708=ORIENTED_EDGE('',*,*,#1294,.F.);
#1709=ORIENTED_EDGE('',*,*,#1295,.T.);
#1710=ORIENTED_EDGE('',*,*,#1296,.T.);
#1711=ORIENTED_EDGE('',*,*,#1297,.F.);
#1712=ORIENTED_EDGE('',*,*,#1077,.F.);
#1713=ORIENTED_EDGE('',*,*,#1298,.F.);
#1714=ORIENTED_EDGE('',*,*,#1296,.F.);
#1715=ORIENTED_EDGE('',*,*,#1299,.F.);
#1716=ORIENTED_EDGE('',*,*,#1127,.F.);
#1717=ORIENTED_EDGE('',*,*,#1297,.T.);
#1718=ORIENTED_EDGE('',*,*,#1298,.T.);
#1719=ORIENTED_EDGE('',*,*,#1076,.F.);
#1720=ORIENTED_EDGE('',*,*,#1094,.F.);
#1721=ORIENTED_EDGE('',*,*,#1300,.T.);
#1722=ORIENTED_EDGE('',*,*,#1208,.F.);
#1723=ORIENTED_EDGE('',*,*,#1207,.F.);
#1724=ORIENTED_EDGE('',*,*,#1204,.T.);
#1725=ORIENTED_EDGE('',*,*,#1206,.T.);
#1726=ORIENTED_EDGE('',*,*,#1131,.F.);
#1727=ORIENTED_EDGE('',*,*,#1301,.T.);
#1728=ORIENTED_EDGE('',*,*,#1302,.T.);
#1729=ORIENTED_EDGE('',*,*,#1303,.F.);
#1730=ORIENTED_EDGE('',*,*,#1294,.T.);
#1731=ORIENTED_EDGE('',*,*,#1202,.F.);
#1732=ORIENTED_EDGE('',*,*,#1115,.F.);
#1733=ORIENTED_EDGE('',*,*,#1126,.F.);
#1734=ORIENTED_EDGE('',*,*,#1304,.T.);
#1735=ORIENTED_EDGE('',*,*,#1305,.F.);
#1736=ORIENTED_EDGE('',*,*,#1194,.F.);
#1737=ORIENTED_EDGE('',*,*,#1306,.F.);
#1738=ORIENTED_EDGE('',*,*,#1304,.F.);
#1739=ORIENTED_EDGE('',*,*,#1125,.F.);
#1740=ORIENTED_EDGE('',*,*,#1273,.F.);
#1741=ORIENTED_EDGE('',*,*,#1307,.T.);
#1742=ORIENTED_EDGE('',*,*,#1308,.T.);
#1743=ORIENTED_EDGE('',*,*,#1309,.T.);
#1744=ORIENTED_EDGE('',*,*,#1310,.F.);
#1745=ORIENTED_EDGE('',*,*,#1185,.F.);
#1746=ORIENTED_EDGE('',*,*,#1311,.F.);
#1747=ORIENTED_EDGE('',*,*,#1309,.F.);
#1748=ORIENTED_EDGE('',*,*,#1312,.F.);
#1749=ORIENTED_EDGE('',*,*,#1310,.T.);
#1750=ORIENTED_EDGE('',*,*,#1311,.T.);
#1751=ORIENTED_EDGE('',*,*,#1184,.F.);
#1752=ORIENTED_EDGE('',*,*,#1102,.F.);
#1753=ORIENTED_EDGE('',*,*,#1313,.T.);
#1754=ORIENTED_EDGE('',*,*,#1278,.F.);
#1755=ORIENTED_EDGE('',*,*,#1277,.F.);
#1756=ORIENTED_EDGE('',*,*,#1274,.F.);
#1757=ORIENTED_EDGE('',*,*,#1276,.T.);
#1758=ORIENTED_EDGE('',*,*,#1189,.F.);
#1759=ORIENTED_EDGE('',*,*,#1314,.T.);
#1760=ORIENTED_EDGE('',*,*,#1315,.T.);
#1761=ORIENTED_EDGE('',*,*,#1316,.F.);
#1762=ORIENTED_EDGE('',*,*,#1307,.F.);
#1763=ORIENTED_EDGE('',*,*,#1272,.F.);
#1764=ORIENTED_EDGE('',*,*,#1262,.F.);
#1765=ORIENTED_EDGE('',*,*,#1317,.F.);
#1766=ORIENTED_EDGE('',*,*,#1318,.T.);
#1767=ORIENTED_EDGE('',*,*,#1319,.T.);
#1768=ORIENTED_EDGE('',*,*,#1320,.F.);
#1769=ORIENTED_EDGE('',*,*,#1176,.F.);
#1770=ORIENTED_EDGE('',*,*,#1321,.F.);
#1771=ORIENTED_EDGE('',*,*,#1319,.F.);
#1772=ORIENTED_EDGE('',*,*,#1322,.F.);
#1773=ORIENTED_EDGE('',*,*,#1320,.T.);
#1774=ORIENTED_EDGE('',*,*,#1321,.T.);
#1775=ORIENTED_EDGE('',*,*,#1175,.F.);
#1776=ORIENTED_EDGE('',*,*,#1106,.F.);
#1777=ORIENTED_EDGE('',*,*,#1323,.T.);
#1778=ORIENTED_EDGE('',*,*,#1267,.F.);
#1779=ORIENTED_EDGE('',*,*,#1266,.F.);
#1780=ORIENTED_EDGE('',*,*,#1263,.F.);
#1781=ORIENTED_EDGE('',*,*,#1265,.T.);
#1782=ORIENTED_EDGE('',*,*,#1180,.F.);
#1783=ORIENTED_EDGE('',*,*,#1324,.T.);
#1784=ORIENTED_EDGE('',*,*,#1325,.T.);
#1785=ORIENTED_EDGE('',*,*,#1326,.F.);
#1786=ORIENTED_EDGE('',*,*,#1317,.T.);
#1787=ORIENTED_EDGE('',*,*,#1261,.F.);
#1788=ORIENTED_EDGE('',*,*,#1214,.F.);
#1789=ORIENTED_EDGE('',*,*,#1327,.F.);
#1790=ORIENTED_EDGE('',*,*,#1328,.T.);
#1791=ORIENTED_EDGE('',*,*,#1329,.T.);
#1792=ORIENTED_EDGE('',*,*,#1221,.F.);
#1793=ORIENTED_EDGE('',*,*,#1139,.F.);
#1794=ORIENTED_EDGE('',*,*,#1222,.F.);
#1795=ORIENTED_EDGE('',*,*,#1329,.F.);
#1796=ORIENTED_EDGE('',*,*,#1330,.F.);
#1797=ORIENTED_EDGE('',*,*,#1216,.T.);
#1798=ORIENTED_EDGE('',*,*,#1143,.F.);
#1799=ORIENTED_EDGE('',*,*,#1331,.T.);
#1800=ORIENTED_EDGE('',*,*,#1332,.T.);
#1801=ORIENTED_EDGE('',*,*,#1333,.F.);
#1802=ORIENTED_EDGE('',*,*,#1327,.T.);
#1803=ORIENTED_EDGE('',*,*,#1213,.F.);
#1804=ORIENTED_EDGE('',*,*,#1227,.F.);
#1805=ORIENTED_EDGE('',*,*,#1334,.F.);
#1806=ORIENTED_EDGE('',*,*,#1335,.T.);
#1807=ORIENTED_EDGE('',*,*,#1336,.T.);
#1808=ORIENTED_EDGE('',*,*,#1234,.F.);
#1809=ORIENTED_EDGE('',*,*,#1148,.F.);
#1810=ORIENTED_EDGE('',*,*,#1235,.F.);
#1811=ORIENTED_EDGE('',*,*,#1336,.F.);
#1812=ORIENTED_EDGE('',*,*,#1337,.F.);
#1813=ORIENTED_EDGE('',*,*,#1229,.T.);
#1814=ORIENTED_EDGE('',*,*,#1152,.F.);
#1815=ORIENTED_EDGE('',*,*,#1338,.T.);
#1816=ORIENTED_EDGE('',*,*,#1339,.T.);
#1817=ORIENTED_EDGE('',*,*,#1340,.F.);
#1818=ORIENTED_EDGE('',*,*,#1334,.T.);
#1819=ORIENTED_EDGE('',*,*,#1226,.F.);
#1820=ORIENTED_EDGE('',*,*,#1240,.F.);
#1821=ORIENTED_EDGE('',*,*,#1341,.F.);
#1822=ORIENTED_EDGE('',*,*,#1342,.T.);
#1823=ORIENTED_EDGE('',*,*,#1343,.F.);
#1824=ORIENTED_EDGE('',*,*,#1157,.F.);
#1825=ORIENTED_EDGE('',*,*,#1344,.F.);
#1826=ORIENTED_EDGE('',*,*,#1342,.F.);
#1827=ORIENTED_EDGE('',*,*,#1345,.F.);
#1828=ORIENTED_EDGE('',*,*,#1343,.T.);
#1829=ORIENTED_EDGE('',*,*,#1344,.T.);
#1830=ORIENTED_EDGE('',*,*,#1156,.F.);
#1831=ORIENTED_EDGE('',*,*,#1082,.F.);
#1832=ORIENTED_EDGE('',*,*,#1346,.T.);
#1833=ORIENTED_EDGE('',*,*,#1245,.F.);
#1834=ORIENTED_EDGE('',*,*,#1244,.F.);
#1835=ORIENTED_EDGE('',*,*,#1241,.F.);
#1836=ORIENTED_EDGE('',*,*,#1243,.T.);
#1837=ORIENTED_EDGE('',*,*,#1162,.F.);
#1838=ORIENTED_EDGE('',*,*,#1347,.T.);
#1839=ORIENTED_EDGE('',*,*,#1348,.T.);
#1840=ORIENTED_EDGE('',*,*,#1349,.F.);
#1841=ORIENTED_EDGE('',*,*,#1158,.F.);
#1842=ORIENTED_EDGE('',*,*,#1345,.T.);
#1843=ORIENTED_EDGE('',*,*,#1341,.T.);
#1844=ORIENTED_EDGE('',*,*,#1239,.F.);
#1845=ORIENTED_EDGE('',*,*,#1251,.F.);
#1846=ORIENTED_EDGE('',*,*,#1350,.T.);
#1847=ORIENTED_EDGE('',*,*,#1351,.T.);
#1848=ORIENTED_EDGE('',*,*,#1352,.T.);
#1849=ORIENTED_EDGE('',*,*,#1353,.F.);
#1850=ORIENTED_EDGE('',*,*,#1167,.F.);
#1851=ORIENTED_EDGE('',*,*,#1354,.F.);
#1852=ORIENTED_EDGE('',*,*,#1352,.F.);
#1853=ORIENTED_EDGE('',*,*,#1355,.F.);
#1854=ORIENTED_EDGE('',*,*,#1254,.T.);
#1855=ORIENTED_EDGE('',*,*,#1171,.F.);
#1856=ORIENTED_EDGE('',*,*,#1356,.T.);
#1857=ORIENTED_EDGE('',*,*,#1357,.T.);
#1858=ORIENTED_EDGE('',*,*,#1358,.F.);
#1859=ORIENTED_EDGE('',*,*,#1350,.F.);
#1860=ORIENTED_EDGE('',*,*,#1250,.F.);
#1861=ORIENTED_EDGE('',*,*,#1353,.T.);
#1862=ORIENTED_EDGE('',*,*,#1354,.T.);
#1863=ORIENTED_EDGE('',*,*,#1166,.F.);
#1864=ORIENTED_EDGE('',*,*,#1110,.F.);
#1865=ORIENTED_EDGE('',*,*,#1359,.T.);
#1866=ORIENTED_EDGE('',*,*,#1256,.F.);
#1867=ORIENTED_EDGE('',*,*,#1255,.F.);
#1868=ORIENTED_EDGE('',*,*,#1252,.T.);
#1869=ORIENTED_EDGE('',*,*,#1300,.F.);
#1870=ORIENTED_EDGE('',*,*,#1093,.F.);
#1871=ORIENTED_EDGE('',*,*,#1360,.F.);
#1872=ORIENTED_EDGE('',*,*,#1209,.F.);
#1873=ORIENTED_EDGE('',*,*,#1137,.F.);
#1874=ORIENTED_EDGE('',*,*,#1210,.T.);
#1875=ORIENTED_EDGE('',*,*,#1360,.T.);
#1876=ORIENTED_EDGE('',*,*,#1092,.F.);
#1877=ORIENTED_EDGE('',*,*,#1223,.F.);
#1878=ORIENTED_EDGE('',*,*,#1089,.F.);
#1879=ORIENTED_EDGE('',*,*,#1361,.F.);
#1880=ORIENTED_EDGE('',*,*,#1219,.F.);
#1881=ORIENTED_EDGE('',*,*,#1146,.F.);
#1882=ORIENTED_EDGE('',*,*,#1220,.T.);
#1883=ORIENTED_EDGE('',*,*,#1361,.T.);
#1884=ORIENTED_EDGE('',*,*,#1088,.F.);
#1885=ORIENTED_EDGE('',*,*,#1236,.F.);
#1886=ORIENTED_EDGE('',*,*,#1085,.F.);
#1887=ORIENTED_EDGE('',*,*,#1362,.F.);
#1888=ORIENTED_EDGE('',*,*,#1232,.F.);
#1889=ORIENTED_EDGE('',*,*,#1155,.F.);
#1890=ORIENTED_EDGE('',*,*,#1233,.T.);
#1891=ORIENTED_EDGE('',*,*,#1362,.T.);
#1892=ORIENTED_EDGE('',*,*,#1084,.F.);
#1893=ORIENTED_EDGE('',*,*,#1363,.F.);
#1894=ORIENTED_EDGE('',*,*,#1097,.F.);
#1895=ORIENTED_EDGE('',*,*,#1364,.F.);
#1896=ORIENTED_EDGE('',*,*,#1365,.F.);
#1897=ORIENTED_EDGE('',*,*,#1119,.T.);
#1898=ORIENTED_EDGE('',*,*,#1112,.F.);
#1899=ORIENTED_EDGE('',*,*,#1305,.T.);
#1900=ORIENTED_EDGE('',*,*,#1306,.T.);
#1901=ORIENTED_EDGE('',*,*,#1193,.F.);
#1902=ORIENTED_EDGE('',*,*,#1098,.F.);
#1903=ORIENTED_EDGE('',*,*,#1363,.T.);
#1904=ORIENTED_EDGE('',*,*,#1366,.F.);
#1905=ORIENTED_EDGE('',*,*,#1199,.F.);
#1906=ORIENTED_EDGE('',*,*,#1367,.T.);
#1907=ORIENTED_EDGE('',*,*,#1364,.T.);
#1908=ORIENTED_EDGE('',*,*,#1096,.F.);
#1909=ORIENTED_EDGE('',*,*,#1116,.T.);
#1910=ORIENTED_EDGE('',*,*,#1366,.T.);
#1911=ORIENTED_EDGE('',*,*,#1365,.T.);
#1912=ORIENTED_EDGE('',*,*,#1367,.F.);
#1913=ORIENTED_EDGE('',*,*,#1198,.F.);
#1914=ORIENTED_EDGE('',*,*,#1313,.F.);
#1915=ORIENTED_EDGE('',*,*,#1101,.F.);
#1916=ORIENTED_EDGE('',*,*,#1368,.F.);
#1917=ORIENTED_EDGE('',*,*,#1279,.F.);
#1918=ORIENTED_EDGE('',*,*,#1192,.F.);
#1919=ORIENTED_EDGE('',*,*,#1280,.T.);
#1920=ORIENTED_EDGE('',*,*,#1368,.T.);
#1921=ORIENTED_EDGE('',*,*,#1100,.F.);
#1922=ORIENTED_EDGE('',*,*,#1323,.F.);
#1923=ORIENTED_EDGE('',*,*,#1105,.F.);
#1924=ORIENTED_EDGE('',*,*,#1369,.F.);
#1925=ORIENTED_EDGE('',*,*,#1268,.F.);
#1926=ORIENTED_EDGE('',*,*,#1183,.F.);
#1927=ORIENTED_EDGE('',*,*,#1269,.T.);
#1928=ORIENTED_EDGE('',*,*,#1369,.T.);
#1929=ORIENTED_EDGE('',*,*,#1104,.F.);
#1930=ORIENTED_EDGE('',*,*,#1346,.F.);
#1931=ORIENTED_EDGE('',*,*,#1081,.F.);
#1932=ORIENTED_EDGE('',*,*,#1370,.F.);
#1933=ORIENTED_EDGE('',*,*,#1246,.F.);
#1934=ORIENTED_EDGE('',*,*,#1165,.F.);
#1935=ORIENTED_EDGE('',*,*,#1247,.T.);
#1936=ORIENTED_EDGE('',*,*,#1370,.T.);
#1937=ORIENTED_EDGE('',*,*,#1080,.F.);
#1938=ORIENTED_EDGE('',*,*,#1371,.F.);
#1939=ORIENTED_EDGE('',*,*,#1372,.F.);
#1940=ORIENTED_EDGE('',*,*,#1302,.F.);
#1941=ORIENTED_EDGE('',*,*,#1373,.F.);
#1942=ORIENTED_EDGE('',*,*,#1129,.F.);
#1943=ORIENTED_EDGE('',*,*,#1374,.T.);
#1944=ORIENTED_EDGE('',*,*,#1371,.T.);
#1945=ORIENTED_EDGE('',*,*,#1375,.F.);
#1946=ORIENTED_EDGE('',*,*,#1295,.F.);
#1947=ORIENTED_EDGE('',*,*,#1303,.T.);
#1948=ORIENTED_EDGE('',*,*,#1372,.T.);
#1949=ORIENTED_EDGE('',*,*,#1374,.F.);
#1950=ORIENTED_EDGE('',*,*,#1128,.F.);
#1951=ORIENTED_EDGE('',*,*,#1299,.T.);
#1952=ORIENTED_EDGE('',*,*,#1130,.F.);
#1953=ORIENTED_EDGE('',*,*,#1375,.T.);
#1954=ORIENTED_EDGE('',*,*,#1373,.T.);
#1955=ORIENTED_EDGE('',*,*,#1301,.F.);
#1956=ORIENTED_EDGE('',*,*,#1376,.F.);
#1957=ORIENTED_EDGE('',*,*,#1377,.F.);
#1958=ORIENTED_EDGE('',*,*,#1348,.F.);
#1959=ORIENTED_EDGE('',*,*,#1378,.F.);
#1960=ORIENTED_EDGE('',*,*,#1160,.F.);
#1961=ORIENTED_EDGE('',*,*,#1379,.T.);
#1962=ORIENTED_EDGE('',*,*,#1376,.T.);
#1963=ORIENTED_EDGE('',*,*,#1380,.F.);
#1964=ORIENTED_EDGE('',*,*,#1159,.F.);
#1965=ORIENTED_EDGE('',*,*,#1349,.T.);
#1966=ORIENTED_EDGE('',*,*,#1377,.T.);
#1967=ORIENTED_EDGE('',*,*,#1379,.F.);
#1968=ORIENTED_EDGE('',*,*,#1161,.F.);
#1969=ORIENTED_EDGE('',*,*,#1380,.T.);
#1970=ORIENTED_EDGE('',*,*,#1378,.T.);
#1971=ORIENTED_EDGE('',*,*,#1347,.F.);
#1972=ORIENTED_EDGE('',*,*,#1381,.F.);
#1973=ORIENTED_EDGE('',*,*,#1382,.F.);
#1974=ORIENTED_EDGE('',*,*,#1339,.F.);
#1975=ORIENTED_EDGE('',*,*,#1383,.F.);
#1976=ORIENTED_EDGE('',*,*,#1150,.F.);
#1977=ORIENTED_EDGE('',*,*,#1384,.T.);
#1978=ORIENTED_EDGE('',*,*,#1381,.T.);
#1979=ORIENTED_EDGE('',*,*,#1385,.F.);
#1980=ORIENTED_EDGE('',*,*,#1335,.F.);
#1981=ORIENTED_EDGE('',*,*,#1340,.T.);
#1982=ORIENTED_EDGE('',*,*,#1382,.T.);
#1983=ORIENTED_EDGE('',*,*,#1384,.F.);
#1984=ORIENTED_EDGE('',*,*,#1149,.F.);
#1985=ORIENTED_EDGE('',*,*,#1337,.T.);
#1986=ORIENTED_EDGE('',*,*,#1151,.F.);
#1987=ORIENTED_EDGE('',*,*,#1385,.T.);
#1988=ORIENTED_EDGE('',*,*,#1383,.T.);
#1989=ORIENTED_EDGE('',*,*,#1338,.F.);
#1990=ORIENTED_EDGE('',*,*,#1386,.F.);
#1991=ORIENTED_EDGE('',*,*,#1387,.F.);
#1992=ORIENTED_EDGE('',*,*,#1332,.F.);
#1993=ORIENTED_EDGE('',*,*,#1388,.F.);
#1994=ORIENTED_EDGE('',*,*,#1141,.F.);
#1995=ORIENTED_EDGE('',*,*,#1389,.T.);
#1996=ORIENTED_EDGE('',*,*,#1386,.T.);
#1997=ORIENTED_EDGE('',*,*,#1390,.F.);
#1998=ORIENTED_EDGE('',*,*,#1328,.F.);
#1999=ORIENTED_EDGE('',*,*,#1333,.T.);
#2000=ORIENTED_EDGE('',*,*,#1387,.T.);
#2001=ORIENTED_EDGE('',*,*,#1389,.F.);
#2002=ORIENTED_EDGE('',*,*,#1140,.F.);
#2003=ORIENTED_EDGE('',*,*,#1330,.T.);
#2004=ORIENTED_EDGE('',*,*,#1142,.F.);
#2005=ORIENTED_EDGE('',*,*,#1390,.T.);
#2006=ORIENTED_EDGE('',*,*,#1388,.T.);
#2007=ORIENTED_EDGE('',*,*,#1331,.F.);
#2008=ORIENTED_EDGE('',*,*,#1391,.F.);
#2009=ORIENTED_EDGE('',*,*,#1392,.F.);
#2010=ORIENTED_EDGE('',*,*,#1357,.F.);
#2011=ORIENTED_EDGE('',*,*,#1393,.F.);
#2012=ORIENTED_EDGE('',*,*,#1169,.F.);
#2013=ORIENTED_EDGE('',*,*,#1394,.T.);
#2014=ORIENTED_EDGE('',*,*,#1391,.T.);
#2015=ORIENTED_EDGE('',*,*,#1395,.F.);
#2016=ORIENTED_EDGE('',*,*,#1351,.F.);
#2017=ORIENTED_EDGE('',*,*,#1358,.T.);
#2018=ORIENTED_EDGE('',*,*,#1392,.T.);
#2019=ORIENTED_EDGE('',*,*,#1394,.F.);
#2020=ORIENTED_EDGE('',*,*,#1168,.F.);
#2021=ORIENTED_EDGE('',*,*,#1355,.T.);
#2022=ORIENTED_EDGE('',*,*,#1170,.F.);
#2023=ORIENTED_EDGE('',*,*,#1395,.T.);
#2024=ORIENTED_EDGE('',*,*,#1393,.T.);
#2025=ORIENTED_EDGE('',*,*,#1356,.F.);
#2026=ORIENTED_EDGE('',*,*,#1396,.F.);
#2027=ORIENTED_EDGE('',*,*,#1397,.F.);
#2028=ORIENTED_EDGE('',*,*,#1122,.F.);
#2029=ORIENTED_EDGE('',*,*,#1398,.F.);
#2030=ORIENTED_EDGE('',*,*,#1196,.F.);
#2031=ORIENTED_EDGE('',*,*,#1399,.T.);
#2032=ORIENTED_EDGE('',*,*,#1396,.T.);
#2033=ORIENTED_EDGE('',*,*,#1400,.F.);
#2034=ORIENTED_EDGE('',*,*,#1195,.F.);
#2035=ORIENTED_EDGE('',*,*,#1123,.T.);
#2036=ORIENTED_EDGE('',*,*,#1397,.T.);
#2037=ORIENTED_EDGE('',*,*,#1399,.F.);
#2038=ORIENTED_EDGE('',*,*,#1197,.F.);
#2039=ORIENTED_EDGE('',*,*,#1400,.T.);
#2040=ORIENTED_EDGE('',*,*,#1398,.T.);
#2041=ORIENTED_EDGE('',*,*,#1121,.F.);
#2042=ORIENTED_EDGE('',*,*,#1401,.F.);
#2043=ORIENTED_EDGE('',*,*,#1402,.F.);
#2044=ORIENTED_EDGE('',*,*,#1315,.F.);
#2045=ORIENTED_EDGE('',*,*,#1403,.F.);
#2046=ORIENTED_EDGE('',*,*,#1187,.F.);
#2047=ORIENTED_EDGE('',*,*,#1404,.T.);
#2048=ORIENTED_EDGE('',*,*,#1401,.T.);
#2049=ORIENTED_EDGE('',*,*,#1405,.F.);
#2050=ORIENTED_EDGE('',*,*,#1308,.F.);
#2051=ORIENTED_EDGE('',*,*,#1316,.T.);
#2052=ORIENTED_EDGE('',*,*,#1402,.T.);
#2053=ORIENTED_EDGE('',*,*,#1404,.F.);
#2054=ORIENTED_EDGE('',*,*,#1186,.F.);
#2055=ORIENTED_EDGE('',*,*,#1312,.T.);
#2056=ORIENTED_EDGE('',*,*,#1188,.F.);
#2057=ORIENTED_EDGE('',*,*,#1405,.T.);
#2058=ORIENTED_EDGE('',*,*,#1403,.T.);
#2059=ORIENTED_EDGE('',*,*,#1314,.F.);
#2060=ORIENTED_EDGE('',*,*,#1359,.F.);
#2061=ORIENTED_EDGE('',*,*,#1109,.F.);
#2062=ORIENTED_EDGE('',*,*,#1406,.F.);
#2063=ORIENTED_EDGE('',*,*,#1257,.F.);
#2064=ORIENTED_EDGE('',*,*,#1174,.F.);
#2065=ORIENTED_EDGE('',*,*,#1258,.T.);
#2066=ORIENTED_EDGE('',*,*,#1406,.T.);
#2067=ORIENTED_EDGE('',*,*,#1108,.F.);
#2068=ORIENTED_EDGE('',*,*,#1407,.F.);
#2069=ORIENTED_EDGE('',*,*,#1408,.F.);
#2070=ORIENTED_EDGE('',*,*,#1325,.F.);
#2071=ORIENTED_EDGE('',*,*,#1409,.F.);
#2072=ORIENTED_EDGE('',*,*,#1178,.F.);
#2073=ORIENTED_EDGE('',*,*,#1410,.T.);
#2074=ORIENTED_EDGE('',*,*,#1407,.T.);
#2075=ORIENTED_EDGE('',*,*,#1411,.F.);
#2076=ORIENTED_EDGE('',*,*,#1318,.F.);
#2077=ORIENTED_EDGE('',*,*,#1326,.T.);
#2078=ORIENTED_EDGE('',*,*,#1408,.T.);
#2079=ORIENTED_EDGE('',*,*,#1410,.F.);
#2080=ORIENTED_EDGE('',*,*,#1177,.F.);
#2081=ORIENTED_EDGE('',*,*,#1322,.T.);
#2082=ORIENTED_EDGE('',*,*,#1179,.F.);
#2083=ORIENTED_EDGE('',*,*,#1411,.T.);
#2084=ORIENTED_EDGE('',*,*,#1409,.T.);
#2085=ORIENTED_EDGE('',*,*,#1324,.F.);
#2086=ORIENTED_EDGE('',*,*,#1134,.F.);
#2087=ORIENTED_EDGE('',*,*,#1289,.T.);
#2088=CYLINDRICAL_SURFACE('',#2253,9.9);
#2089=CYLINDRICAL_SURFACE('',#2275,9.9);
#2090=CYLINDRICAL_SURFACE('',#2284,2.47500003688037);
#2091=CYLINDRICAL_SURFACE('',#2288,2.475);
#2092=CYLINDRICAL_SURFACE('',#2290,3.3);
#2093=CYLINDRICAL_SURFACE('',#2294,7.0125);
#2094=CYLINDRICAL_SURFACE('',#2298,5.3625);
#2095=CYLINDRICAL_SURFACE('',#2301,10.725);
#2096=CYLINDRICAL_SURFACE('',#2304,10.725);
#2097=CYLINDRICAL_SURFACE('',#2305,10.725);
#2098=CYLINDRICAL_SURFACE('',#2307,10.725);
#2099=CYLINDRICAL_SURFACE('',#2310,10.725);
#2100=CYLINDRICAL_SURFACE('',#2312,10.725);
#2101=CYLINDRICAL_SURFACE('',#2314,10.725);
#2102=CYLINDRICAL_SURFACE('',#2317,10.725);
#2103=CYLINDRICAL_SURFACE('',#2319,11.55);
#2104=CYLINDRICAL_SURFACE('',#2321,11.55);
#2105=CYLINDRICAL_SURFACE('',#2323,11.55);
#2106=CYLINDRICAL_SURFACE('',#2325,11.55);
#2107=CYLINDRICAL_SURFACE('',#2328,11.55);
#2108=CYLINDRICAL_SURFACE('',#2330,11.55);
#2109=CYLINDRICAL_SURFACE('',#2332,11.55);
#2110=CYLINDRICAL_SURFACE('',#2334,11.55);
#2111=CYLINDRICAL_SURFACE('',#2338,11.55);
#2112=CYLINDRICAL_SURFACE('',#2342,11.55);
#2113=CYLINDRICAL_SURFACE('',#2346,11.55);
#2114=CYLINDRICAL_SURFACE('',#2350,11.55);
#2115=CYLINDRICAL_SURFACE('',#2351,11.55);
#2116=CYLINDRICAL_SURFACE('',#2352,11.55);
#2117=CYLINDRICAL_SURFACE('',#2353,11.55);
#2118=CYLINDRICAL_SURFACE('',#2355,11.55);
#2119=ADVANCED_FACE('',(#115),#2088,.T.);
#2120=ADVANCED_FACE('',(#116),#77,.F.);
#2121=ADVANCED_FACE('',(#117,#72),#78,.T.);
#2122=ADVANCED_FACE('',(#118),#23,.T.);
#2123=ADVANCED_FACE('',(#119),#24,.T.);
#2124=ADVANCED_FACE('',(#120),#25,.F.);
#2125=ADVANCED_FACE('',(#121),#2089,.T.);
#2126=ADVANCED_FACE('',(#122),#26,.T.);
#2127=ADVANCED_FACE('',(#123),#27,.T.);
#2128=ADVANCED_FACE('',(#124),#28,.F.);
#2129=ADVANCED_FACE('',(#125),#29,.T.);
#2130=ADVANCED_FACE('',(#126),#30,.T.);
#2131=ADVANCED_FACE('',(#127),#31,.F.);
#2132=ADVANCED_FACE('',(#128),#79,.F.);
#2133=ADVANCED_FACE('',(#129),#32,.T.);
#2134=ADVANCED_FACE('',(#130),#33,.T.);
#2135=ADVANCED_FACE('',(#131),#34,.F.);
#2136=ADVANCED_FACE('',(#132),#80,.F.);
#2137=ADVANCED_FACE('',(#133),#35,.T.);
#2138=ADVANCED_FACE('',(#134),#36,.T.);
#2139=ADVANCED_FACE('',(#135),#37,.F.);
#2140=ADVANCED_FACE('',(#136),#38,.T.);
#2141=ADVANCED_FACE('',(#137),#39,.T.);
#2142=ADVANCED_FACE('',(#138),#40,.F.);
#2143=ADVANCED_FACE('',(#139),#41,.T.);
#2144=ADVANCED_FACE('',(#140),#42,.T.);
#2145=ADVANCED_FACE('',(#141),#43,.F.);
#2146=ADVANCED_FACE('',(#142),#44,.T.);
#2147=ADVANCED_FACE('',(#143),#45,.T.);
#2148=ADVANCED_FACE('',(#144),#46,.F.);
#2149=ADVANCED_FACE('',(#145),#2090,.T.);
#2150=ADVANCED_FACE('',(#146),#81,.T.);
#2151=ADVANCED_FACE('',(#147),#2091,.F.);
#2152=ADVANCED_FACE('',(#148),#2092,.T.);
#2153=ADVANCED_FACE('',(#149,#73),#82,.T.);
#2154=ADVANCED_FACE('',(#150),#2093,.F.);
#2155=ADVANCED_FACE('',(#151,#74),#83,.T.);
#2156=ADVANCED_FACE('',(#152),#2094,.F.);
#2157=ADVANCED_FACE('',(#153,#75),#84,.T.);
#2158=ADVANCED_FACE('',(#154),#2095,.T.);
#2159=ADVANCED_FACE('',(#155),#47,.T.);
#2160=ADVANCED_FACE('',(#156),#85,.F.);
#2161=ADVANCED_FACE('',(#157),#86,.F.);
#2162=ADVANCED_FACE('',(#158),#2096,.T.);
#2163=ADVANCED_FACE('',(#159),#48,.T.);
#2164=ADVANCED_FACE('',(#160),#2097,.T.);
#2165=ADVANCED_FACE('',(#161),#49,.T.);
#2166=ADVANCED_FACE('',(#162),#87,.F.);
#2167=ADVANCED_FACE('',(#163),#50,.F.);
#2168=ADVANCED_FACE('',(#164),#2098,.T.);
#2169=ADVANCED_FACE('',(#165),#51,.T.);
#2170=ADVANCED_FACE('',(#166),#88,.F.);
#2171=ADVANCED_FACE('',(#167),#89,.F.);
#2172=ADVANCED_FACE('',(#168),#2099,.T.);
#2173=ADVANCED_FACE('',(#169),#52,.T.);
#2174=ADVANCED_FACE('',(#170),#90,.F.);
#2175=ADVANCED_FACE('',(#171),#2100,.T.);
#2176=ADVANCED_FACE('',(#172),#53,.T.);
#2177=ADVANCED_FACE('',(#173),#91,.F.);
#2178=ADVANCED_FACE('',(#174),#2101,.T.);
#2179=ADVANCED_FACE('',(#175),#54,.T.);
#2180=ADVANCED_FACE('',(#176),#92,.F.);
#2181=ADVANCED_FACE('',(#177),#93,.F.);
#2182=ADVANCED_FACE('',(#178),#2102,.T.);
#2183=ADVANCED_FACE('',(#179),#55,.T.);
#2184=ADVANCED_FACE('',(#180),#56,.F.);
#2185=ADVANCED_FACE('',(#181),#94,.F.);
#2186=ADVANCED_FACE('',(#182),#2103,.T.);
#2187=ADVANCED_FACE('',(#183),#95,.F.);
#2188=ADVANCED_FACE('',(#184),#2104,.T.);
#2189=ADVANCED_FACE('',(#185),#96,.F.);
#2190=ADVANCED_FACE('',(#186),#2105,.T.);
#2191=ADVANCED_FACE('',(#187),#97,.F.);
#2192=ADVANCED_FACE('',(#188),#2106,.T.);
#2193=ADVANCED_FACE('',(#189),#98,.F.);
#2194=ADVANCED_FACE('',(#190),#99,.F.);
#2195=ADVANCED_FACE('',(#191),#57,.F.);
#2196=ADVANCED_FACE('',(#192),#2107,.T.);
#2197=ADVANCED_FACE('',(#193),#100,.F.);
#2198=ADVANCED_FACE('',(#194),#2108,.T.);
#2199=ADVANCED_FACE('',(#195),#101,.F.);
#2200=ADVANCED_FACE('',(#196),#2109,.T.);
#2201=ADVANCED_FACE('',(#197),#102,.F.);
#2202=ADVANCED_FACE('',(#198),#2110,.T.);
#2203=ADVANCED_FACE('',(#199),#103,.F.);
#2204=ADVANCED_FACE('',(#200),#58,.F.);
#2205=ADVANCED_FACE('',(#201),#104,.F.);
#2206=ADVANCED_FACE('',(#202),#2111,.T.);
#2207=ADVANCED_FACE('',(#203),#105,.F.);
#2208=ADVANCED_FACE('',(#204),#59,.F.);
#2209=ADVANCED_FACE('',(#205),#106,.F.);
#2210=ADVANCED_FACE('',(#206),#2112,.T.);
#2211=ADVANCED_FACE('',(#207),#107,.F.);
#2212=ADVANCED_FACE('',(#208),#60,.F.);
#2213=ADVANCED_FACE('',(#209),#108,.F.);
#2214=ADVANCED_FACE('',(#210),#2113,.T.);
#2215=ADVANCED_FACE('',(#211),#109,.F.);
#2216=ADVANCED_FACE('',(#212),#61,.F.);
#2217=ADVANCED_FACE('',(#213),#110,.F.);
#2218=ADVANCED_FACE('',(#214),#2114,.T.);
#2219=ADVANCED_FACE('',(#215),#62,.F.);
#2220=ADVANCED_FACE('',(#216),#63,.F.);
#2221=ADVANCED_FACE('',(#217),#64,.F.);
#2222=ADVANCED_FACE('',(#218),#2115,.T.);
#2223=ADVANCED_FACE('',(#219),#65,.F.);
#2224=ADVANCED_FACE('',(#220),#66,.F.);
#2225=ADVANCED_FACE('',(#221),#67,.F.);
#2226=ADVANCED_FACE('',(#222),#2116,.T.);
#2227=ADVANCED_FACE('',(#223),#68,.F.);
#2228=ADVANCED_FACE('',(#224),#69,.F.);
#2229=ADVANCED_FACE('',(#225),#70,.F.);
#2230=ADVANCED_FACE('',(#226),#2117,.T.);
#2231=ADVANCED_FACE('',(#227),#111,.F.);
#2232=ADVANCED_FACE('',(#228),#2118,.T.);
#2233=ADVANCED_FACE('',(#229),#112,.F.);
#2234=ADVANCED_FACE('',(#230),#71,.F.);
#2235=ADVANCED_FACE('',(#231),#113,.F.);
#2236=ADVANCED_FACE('',(#232,#76),#114,.F.);
#2237=CLOSED_SHELL('',(#2119,#2120,#2121,#2122,#2123,#2124,#2125,#2126,
#2127,#2128,#2129,#2130,#2131,#2132,#2133,#2134,#2135,#2136,#2137,#2138,
#2139,#2140,#2141,#2142,#2143,#2144,#2145,#2146,#2147,#2148,#2149,#2150,
#2151,#2152,#2153,#2154,#2155,#2156,#2157,#2158,#2159,#2160,#2161,#2162,
#2163,#2164,#2165,#2166,#2167,#2168,#2169,#2170,#2171,#2172,#2173,#2174,
#2175,#2176,#2177,#2178,#2179,#2180,#2181,#2182,#2183,#2184,#2185,#2186,
#2187,#2188,#2189,#2190,#2191,#2192,#2193,#2194,#2195,#2196,#2197,#2198,
#2199,#2200,#2201,#2202,#2203,#2204,#2205,#2206,#2207,#2208,#2209,#2210,
#2211,#2212,#2213,#2214,#2215,#2216,#2217,#2218,#2219,#2220,#2221,#2222,
#2223,#2224,#2225,#2226,#2227,#2228,#2229,#2230,#2231,#2232,#2233,#2234,
#2235,#2236));
#2238=DERIVED_UNIT_ELEMENT(#2240,1.);
#2239=DERIVED_UNIT_ELEMENT(#4857,-3.);
#2240=(
MASS_UNIT()
NAMED_UNIT(*)
SI_UNIT(.KILO.,.GRAM.)
);
#2241=DERIVED_UNIT((#2238,#2239));
#2242=MEASURE_REPRESENTATION_ITEM('density measure',
POSITIVE_RATIO_MEASURE(7850.),#2241);
#2243=PROPERTY_DEFINITION_REPRESENTATION(#2248,#2245);
#2244=PROPERTY_DEFINITION_REPRESENTATION(#2249,#2246);
#2245=REPRESENTATION('material name',(#2247),#4854);
#2246=REPRESENTATION('density',(#2242),#4854);
#2247=DESCRIPTIVE_REPRESENTATION_ITEM('Steel','Steel');
#2248=PROPERTY_DEFINITION('material property','material name',#4874);
#2249=PROPERTY_DEFINITION('material property','density of part',#4874);
#2250=AXIS2_PLACEMENT_3D('',#2736,#2361,#2362);
#2251=AXIS2_PLACEMENT_3D('',#2737,#2363,#2364);
#2252=AXIS2_PLACEMENT_3D('',#2738,#2365,#2366);
#2253=AXIS2_PLACEMENT_3D('',#2739,#2367,#2368);
#2254=AXIS2_PLACEMENT_3D('',#2744,#2370,#2371);
#2255=AXIS2_PLACEMENT_3D('',#2751,#2373,#2374);
#2256=AXIS2_PLACEMENT_3D('',#2753,#2375,#2376);
#2257=AXIS2_PLACEMENT_3D('',#2754,#2377,#2378);
#2258=AXIS2_PLACEMENT_3D('',#2757,#2379,#2380);
#2259=AXIS2_PLACEMENT_3D('',#2761,#2382,#2383);
#2260=AXIS2_PLACEMENT_3D('',#2765,#2385,#2386);
#2261=AXIS2_PLACEMENT_3D('',#2769,#2388,#2389);
#2262=AXIS2_PLACEMENT_3D('',#2773,#2391,#2392);
#2263=AXIS2_PLACEMENT_3D('',#2777,#2394,#2395);
#2264=AXIS2_PLACEMENT_3D('',#2781,#2397,#2398);
#2265=AXIS2_PLACEMENT_3D('',#2785,#2400,#2401);
#2266=AXIS2_PLACEMENT_3D('',#2788,#2403,#2404);
#2267=AXIS2_PLACEMENT_3D('',#2792,#2406,#2407);
#2268=AXIS2_PLACEMENT_3D('',#2796,#2409,#2410);
#2269=AXIS2_PLACEMENT_3D('',#2800,#2412,#2413);
#2270=AXIS2_PLACEMENT_3D('',#2804,#2415,#2416);
#2271=AXIS2_PLACEMENT_3D('',#2808,#2418,#2419);
#2272=AXIS2_PLACEMENT_3D('',#2812,#2421,#2422);
#2273=AXIS2_PLACEMENT_3D('',#2816,#2424,#2425);
#2274=AXIS2_PLACEMENT_3D('',#2819,#2427,#2428);
#2275=AXIS2_PLACEMENT_3D('',#2944,#2432,#2433);
#2276=AXIS2_PLACEMENT_3D('',#2958,#2435,#2436);
#2277=AXIS2_PLACEMENT_3D('',#2968,#2439,#2440);
#2278=AXIS2_PLACEMENT_3D('',#2995,#2444,#2445);
#2279=AXIS2_PLACEMENT_3D('',#3024,#2450,#2451);
#2280=AXIS2_PLACEMENT_3D('',#3055,#2457,#2458);
#2281=AXIS2_PLACEMENT_3D('',#3126,#2465,#2466);
#2282=AXIS2_PLACEMENT_3D('',#3435,#2477,#2478);
#2283=AXIS2_PLACEMENT_3D('',#3538,#2484,#2485);
#2284=AXIS2_PLACEMENT_3D('',#3971,#2497,#2498);
#2285=AXIS2_PLACEMENT_3D('',#3974,#2500,#2501);
#2286=AXIS2_PLACEMENT_3D('',#3975,#2502,#2503);
#2287=AXIS2_PLACEMENT_3D('',#3977,#2504,#2505);
#2288=AXIS2_PLACEMENT_3D('',#3978,#2506,#2507);
#2289=AXIS2_PLACEMENT_3D('',#3980,#2508,#2509);
#2290=AXIS2_PLACEMENT_3D('',#3982,#2511,#2512);
#2291=AXIS2_PLACEMENT_3D('',#3984,#2513,#2514);
#2292=AXIS2_PLACEMENT_3D('',#3987,#2516,#2517);
#2293=AXIS2_PLACEMENT_3D('',#3988,#2518,#2519);
#2294=AXIS2_PLACEMENT_3D('',#3989,#2520,#2521);
#2295=AXIS2_PLACEMENT_3D('',#3991,#2522,#2523);
#2296=AXIS2_PLACEMENT_3D('',#3994,#2525,#2526);
#2297=AXIS2_PLACEMENT_3D('',#3995,#2527,#2528);
#2298=AXIS2_PLACEMENT_3D('',#3996,#2529,#2530);
#2299=AXIS2_PLACEMENT_3D('',#3999,#2532,#2533);
#2300=AXIS2_PLACEMENT_3D('',#4000,#2534,#2535);
#2301=AXIS2_PLACEMENT_3D('',#4001,#2536,#2537);
#2302=AXIS2_PLACEMENT_3D('',#4033,#2542,#2543);
#2303=AXIS2_PLACEMENT_3D('',#4035,#2545,#2546);
#2304=AXIS2_PLACEMENT_3D('',#4041,#2550,#2551);
#2305=AXIS2_PLACEMENT_3D('',#4065,#2554,#2555);
#2306=AXIS2_PLACEMENT_3D('',#4100,#2559,#2560);
#2307=AXIS2_PLACEMENT_3D('',#4126,#2564,#2565);
#2308=AXIS2_PLACEMENT_3D('',#4158,#2570,#2571);
#2309=AXIS2_PLACEMENT_3D('',#4160,#2573,#2574);
#2310=AXIS2_PLACEMENT_3D('',#4166,#2578,#2579);
#2311=AXIS2_PLACEMENT_3D('',#4195,#2582,#2583);
#2312=AXIS2_PLACEMENT_3D('',#4201,#2587,#2588);
#2313=AXIS2_PLACEMENT_3D('',#4230,#2591,#2592);
#2314=AXIS2_PLACEMENT_3D('',#4236,#2596,#2597);
#2315=AXIS2_PLACEMENT_3D('',#4263,#2602,#2603);
#2316=AXIS2_PLACEMENT_3D('',#4265,#2605,#2606);
#2317=AXIS2_PLACEMENT_3D('',#4271,#2610,#2611);
#2318=AXIS2_PLACEMENT_3D('',#4330,#2617,#2618);
#2319=AXIS2_PLACEMENT_3D('',#4332,#2620,#2621);
#2320=AXIS2_PLACEMENT_3D('',#4334,#2623,#2624);
#2321=AXIS2_PLACEMENT_3D('',#4335,#2625,#2626);
#2322=AXIS2_PLACEMENT_3D('',#4337,#2628,#2629);
#2323=AXIS2_PLACEMENT_3D('',#4338,#2630,#2631);
#2324=AXIS2_PLACEMENT_3D('',#4340,#2633,#2634);
#2325=AXIS2_PLACEMENT_3D('',#4341,#2635,#2636);
#2326=AXIS2_PLACEMENT_3D('',#4350,#2639,#2640);
#2327=AXIS2_PLACEMENT_3D('',#4352,#2642,#2643);
#2328=AXIS2_PLACEMENT_3D('',#4370,#2645,#2646);
#2329=AXIS2_PLACEMENT_3D('',#4372,#2648,#2649);
#2330=AXIS2_PLACEMENT_3D('',#4373,#2650,#2651);
#2331=AXIS2_PLACEMENT_3D('',#4375,#2653,#2654);
#2332=AXIS2_PLACEMENT_3D('',#4376,#2655,#2656);
#2333=AXIS2_PLACEMENT_3D('',#4378,#2658,#2659);
#2334=AXIS2_PLACEMENT_3D('',#4379,#2660,#2661);
#2335=AXIS2_PLACEMENT_3D('',#4387,#2663,#2664);
#2336=AXIS2_PLACEMENT_3D('',#4388,#2665,#2666);
#2337=AXIS2_PLACEMENT_3D('',#4407,#2669,#2670);
#2338=AXIS2_PLACEMENT_3D('',#4408,#2671,#2672);
#2339=AXIS2_PLACEMENT_3D('',#4416,#2674,#2675);
#2340=AXIS2_PLACEMENT_3D('',#4417,#2676,#2677);
#2341=AXIS2_PLACEMENT_3D('',#4436,#2680,#2681);
#2342=AXIS2_PLACEMENT_3D('',#4437,#2682,#2683);
#2343=AXIS2_PLACEMENT_3D('',#4445,#2685,#2686);
#2344=AXIS2_PLACEMENT_3D('',#4446,#2687,#2688);
#2345=AXIS2_PLACEMENT_3D('',#4465,#2691,#2692);
#2346=AXIS2_PLACEMENT_3D('',#4466,#2693,#2694);
#2347=AXIS2_PLACEMENT_3D('',#4474,#2696,#2697);
#2348=AXIS2_PLACEMENT_3D('',#4475,#2698,#2699);
#2349=AXIS2_PLACEMENT_3D('',#4494,#2702,#2703);
#2350=AXIS2_PLACEMENT_3D('',#4495,#2704,#2705);
#2351=AXIS2_PLACEMENT_3D('',#4580,#2708,#2709);
#2352=AXIS2_PLACEMENT_3D('',#4705,#2712,#2713);
#2353=AXIS2_PLACEMENT_3D('',#4810,#2716,#2717);
#2354=AXIS2_PLACEMENT_3D('',#4812,#2719,#2720);
#2355=AXIS2_PLACEMENT_3D('',#4813,#2721,#2722);
#2356=AXIS2_PLACEMENT_3D('',#4825,#2724,#2725);
#2357=AXIS2_PLACEMENT_3D('',#4844,#2728,#2729);
#2358=AXIS2_PLACEMENT_3D('',#4845,#2730,#2731);
#2359=AXIS2_PLACEMENT_3D('',#4846,#2732,#2733);
#2360=AXIS2_PLACEMENT_3D('',#4847,#2734,#2735);
#2361=DIRECTION('axis',(0.,0.,1.));
#2362=DIRECTION('refdir',(1.,0.,0.));
#2363=DIRECTION('axis',(0.,0.,1.));
#2364=DIRECTION('refdir',(1.,0.,0.));
#2365=DIRECTION('axis',(0.,0.,1.));
#2366=DIRECTION('refdir',(1.,0.,0.));
#2367=DIRECTION('center_axis',(-0.99981636272235,0.0190482308923296,-0.00209898368828168));
#2368=DIRECTION('ref_axis',(0.00778883311571243,0.503996082874995,0.863670818382419));
#2369=DIRECTION('',(0.99981636272235,-0.0190482308923296,0.00209898368828168));
#2370=DIRECTION('center_axis',(-0.99981636272235,0.0190482308923296,-0.00209898368828168));
#2371=DIRECTION('ref_axis',(0.00778883311571243,0.503996082874995,0.863670818382419));
#2372=DIRECTION('',(0.99981636272235,-0.0190482308923296,0.00209898368828167));
#2373=DIRECTION('center_axis',(0.99981636272235,-0.0190482308923296,0.00209898368828168));
#2374=DIRECTION('ref_axis',(0.00778883311571243,0.503996082874995,0.863670818382419));
#2375=DIRECTION('center_axis',(-0.99981636272235,0.0190482308923296,-0.00209898368828168));
#2376=DIRECTION('ref_axis',(0.00778883311571243,0.503996082874995,0.863670818382419));
#2377=DIRECTION('center_axis',(-0.99981636272235,0.0190482308923296,-0.00209898368828168));
#2378=DIRECTION('ref_axis',(0.00778883311571243,0.503996082874995,0.863670818382419));
#2379=DIRECTION('center_axis',(-0.99981636272235,0.0190482308923296,-0.00209898368828168));
#2380=DIRECTION('ref_axis',(0.00778883311571243,0.503996082874995,0.863670818382419));
#2381=DIRECTION('',(0.0143687980070214,0.817623429249094,0.575574031369367));
#2382=DIRECTION('center_axis',(-0.99981636272235,0.0190482308923296,-0.00209898368828168));
#2383=DIRECTION('ref_axis',(0.00778883311571245,0.503996082874995,0.863670818382419));
#2384=DIRECTION('',(-0.0182711657997621,-0.980558286883383,-0.195375562762191));
#2385=DIRECTION('center_axis',(-0.99981636272235,0.0190482308923296,-0.00209898368828168));
#2386=DIRECTION('ref_axis',(0.00778883311571243,0.503996082874995,0.863670818382419));
#2387=DIRECTION('',(0.0191565635790775,0.990486925949514,-0.136266927737152));
#2388=DIRECTION('center_axis',(-0.99981636272235,0.0190482308923296,-0.00209898368828168));
#2389=DIRECTION('ref_axis',(0.00778883311571245,0.503996082874995,0.863670818382419));
#2390=DIRECTION('',(-0.0173084998174304,-0.850588542692426,0.52554690263995));
#2391=DIRECTION('center_axis',(-0.99981636272235,0.0190482308923296,-0.00209898368828168));
#2392=DIRECTION('ref_axis',(0.00778883311571243,0.503996082874995,0.863670818382419));
#2393=DIRECTION('',(0.0136644906663479,0.631833087715522,-0.774984019811182));
#2394=DIRECTION('center_axis',(-0.99981636272235,0.0190482308923296,-0.00209898368828168));
#2395=DIRECTION('ref_axis',(0.00778883311571245,0.503996082874995,0.863670818382419));
#2396=DIRECTION('',(-0.00705770750687464,-0.264174050475924,0.964449200227722));
#2397=DIRECTION('center_axis',(-0.99981636272235,0.0190482308923296,-0.00209898368828168));
#2398=DIRECTION('ref_axis',(0.00778883311571243,0.503996082874995,0.863670818382419));
#2399=DIRECTION('',(0.000839747859716496,-0.065876451414266,-0.997827433964709));
#2400=DIRECTION('center_axis',(-0.99981636272235,0.0190482308923296,-0.00209898368828168));
#2401=DIRECTION('ref_axis',(0.00778883311571245,0.503996082874995,0.863670818382419));
#2402=DIRECTION('',(0.00698040777233563,0.464002118335338,0.885806586161816));
#2403=DIRECTION('center_axis',(-0.99981636272235,0.0190482308923296,-0.00209898368828168));
#2404=DIRECTION('ref_axis',(0.00778883311571243,0.503996082874995,0.863670818382419));
#2405=DIRECTION('',(-0.0140463800749627,-0.802939387805168,-0.59589515748817));
#2406=DIRECTION('center_axis',(-0.99981636272235,0.0190482308923296,-0.00209898368828168));
#2407=DIRECTION('ref_axis',(0.00778883311571245,0.503996082874995,0.863670818382419));
#2408=DIRECTION('',(0.0181205165457381,0.975353586446554,0.21990231532651));
#2409=DIRECTION('center_axis',(-0.99981636272235,0.0190482308923296,-0.00209898368828168));
#2410=DIRECTION('ref_axis',(0.00778883311571243,0.503996082874995,0.863670818382419));
#2411=DIRECTION('',(-0.0188919476562002,-0.961342491734519,0.274706585103856));
#2412=DIRECTION('center_axis',(-0.99981636272235,0.0190482308923296,-0.00209898368828168));
#2413=DIRECTION('ref_axis',(0.00778883311571245,0.503996082874995,0.863670818382419));
#2414=DIRECTION('',(0.0159745210512731,0.767919584389337,-0.640347036058176));
#2415=DIRECTION('center_axis',(-0.99981636272235,0.0190482308923296,-0.00209898368828168));
#2416=DIRECTION('ref_axis',(0.00778883311571243,0.503996082874995,0.863670818382419));
#2417=DIRECTION('',(-0.0116316735416576,-0.516160300909459,0.856413012474517));
#2418=DIRECTION('center_axis',(-0.99981636272235,0.0190482308923296,-0.00209898368828168));
#2419=DIRECTION('ref_axis',(0.00778883311571245,0.503996082874995,0.863670818382419));
#2420=DIRECTION('',(0.00447280522711102,0.125450151903509,-0.992089841395822));
#2421=DIRECTION('center_axis',(-0.99981636272235,0.0190482308923296,-0.00209898368828168));
#2422=DIRECTION('ref_axis',(0.00778883311571243,0.503996082874995,0.863670818382419));
#2423=DIRECTION('',(0.00187041554259028,0.206004998274494,0.978549151668747));
#2424=DIRECTION('center_axis',(-0.99981636272235,0.0190482308923296,-0.00209898368828168));
#2425=DIRECTION('ref_axis',(0.00778883311571245,0.503996082874995,0.863670818382419));
#2426=DIRECTION('',(-0.00942911745663759,-0.584338624896682,-0.811455151686058));
#2427=DIRECTION('center_axis',(0.99981636272235,-0.0190482308923296,0.00209898368828168));
#2428=DIRECTION('ref_axis',(-0.00778883311571244,-0.503996082874995,-0.863670818382419));
#2429=DIRECTION('',(-0.0189151497936265,-0.963342796941539,0.267605815873155));
#2430=DIRECTION('',(-0.0189139766113228,-0.963240764894816,0.267972928359557));
#2431=DIRECTION('',(-0.0189139784489324,-0.963240924635011,0.267972354035863));
#2432=DIRECTION('center_axis',(-0.99981636272235,0.0190482308923296,-0.00209898368828168));
#2433=DIRECTION('ref_axis',(0.00778883311571243,0.503996082874995,0.863670818382419));
#2434=DIRECTION('',(0.99981636272235,-0.0190482308923296,0.00209898368828167));
#2435=DIRECTION('center_axis',(0.99981636272235,-0.0190482308923296,0.00209898368828168));
#2436=DIRECTION('ref_axis',(0.00778883311571243,0.503996082874995,0.863670818382419));
#2437=DIRECTION('',(-0.99981636272235,0.0190482308923296,-0.00209898368828167));
#2438=DIRECTION('',(0.99981636272235,-0.0190482308923296,0.00209898368828168));
#2439=DIRECTION('center_axis',(-0.99981636272235,0.0190482308923296,-0.00209898368828168));
#2440=DIRECTION('ref_axis',(0.00778883311571243,0.503996082874995,0.863670818382419));
#2441=DIRECTION('',(-0.99981636272235,0.0190482308923296,-0.00209898368828167));
#2442=DIRECTION('',(0.99981636272235,-0.0190482308923296,0.00209898368828167));
#2443=DIRECTION('',(0.99981636272235,-0.0190482308923296,0.00209898368828167));
#2444=DIRECTION('center_axis',(0.99981636272235,-0.0190482308923296,0.00209898368828168));
#2445=DIRECTION('ref_axis',(0.00778883311571243,0.503996082874995,0.863670818382419));
#2446=DIRECTION('',(-0.99981636272235,0.0190482308923296,-0.00209898368828167));
#2447=DIRECTION('',(-0.99981636272235,0.0190482308923296,-0.00209898368828167));
#2448=DIRECTION('',(0.99981636272235,-0.0190482308923296,0.00209898368828167));
#2449=DIRECTION('',(0.99981636272235,-0.0190482308923296,0.00209898368828167));
#2450=DIRECTION('center_axis',(0.99981636272235,-0.0190482308923296,0.00209898368828168));
#2451=DIRECTION('ref_axis',(0.00778883311571243,0.503996082874995,0.863670818382419));
#2452=DIRECTION('',(-0.99981636272235,0.0190482308923296,-0.00209898368828167));
#2453=DIRECTION('',(-0.99981636272235,0.0190482308923296,-0.00209898368828167));
#2454=DIRECTION('',(0.99981636272235,-0.0190482308923296,0.00209898368828167));
#2455=DIRECTION('',(-0.99981636272235,0.0190482308923296,-0.00209898368828167));
#2456=DIRECTION('',(0.99981636272235,-0.0190482308923296,0.00209898368828167));
#2457=DIRECTION('center_axis',(0.99981636272235,-0.0190482308923296,0.00209898368828168));
#2458=DIRECTION('ref_axis',(0.00778883311571243,0.503996082874995,0.863670818382419));
#2459=DIRECTION('',(-0.99981636272235,0.0190482308923296,-0.00209898368828167));
#2460=DIRECTION('',(-0.99981636272235,0.0190482308923296,-0.00209898368828167));
#2461=DIRECTION('',(0.99981636272235,-0.0190482308923296,0.00209898368828167));
#2462=DIRECTION('',(-0.99981636272235,0.0190482308923296,-0.00209898368828167));
#2463=DIRECTION('',(0.99981636272235,-0.0190482308923296,0.00209898368828167));
#2464=DIRECTION('',(0.99981636272235,-0.0190482308923296,0.00209898368828167));
#2465=DIRECTION('center_axis',(0.999816362973676,-0.0190482183127352,0.00209897813240604));
#2466=DIRECTION('ref_axis',(0.0175092670556599,0.863495867851222,-0.504051893926646));
#2467=DIRECTION('',(-0.99981636272235,0.0190482308923296,-0.00209898368828167));
#2468=DIRECTION('',(-0.99981636272235,0.0190482308923296,-0.00209898368828167));
#2469=DIRECTION('',(0.99981636272235,-0.0190482308923296,0.00209898368828167));
#2470=DIRECTION('',(-0.99981636272235,0.0190482308923296,-0.00209898368828167));
#2471=DIRECTION('',(0.99981636272235,-0.0190482308923296,0.00209898368828167));
#2472=DIRECTION('',(-0.99981636272235,0.0190482308923296,-0.00209898368828167));
#2473=DIRECTION('',(-0.00698040777233563,-0.464002118335338,-0.885806586161816));
#2474=DIRECTION('',(0.000839747859716496,-0.065876451414266,-0.997827433964709));
#2475=DIRECTION('',(0.00705770750687463,0.264174050475923,-0.964449200227722));
#2476=DIRECTION('',(0.0136644906663479,0.631833087715522,-0.774984019811182));
#2477=DIRECTION('center_axis',(0.017816554027044,0.964286905415093,0.26425997511463));
#2478=DIRECTION('ref_axis',(0.99981636272235,-0.0190482308923296,0.00209898368828167));
#2479=DIRECTION('',(-0.99981636272235,0.0190482308923296,-0.00209898368828167));
#2480=DIRECTION('',(-0.00705770750687465,-0.264174050475924,0.964449200227722));
#2481=DIRECTION('',(0.99981636272235,-0.0190482308923296,0.00209898368828167));
#2482=DIRECTION('',(0.0173084998174304,0.850588542692426,-0.52554690263995));
#2483=DIRECTION('',(0.0191565635790775,0.990486925949514,-0.136266927737152));
#2484=DIRECTION('center_axis',(0.00822536726968373,0.525486722896257,0.850762039228968));
#2485=DIRECTION('ref_axis',(0.99981636272235,-0.0190482308923296,0.00209898368828167));
#2486=DIRECTION('',(-0.99981636272235,0.0190482308923296,-0.00209898368828167));
#2487=DIRECTION('',(-0.0173084998174304,-0.850588542692426,0.52554690263995));
#2488=DIRECTION('',(0.99981636272235,-0.0190482308923296,0.00209898368828167));
#2489=DIRECTION('',(0.0182711657997621,0.980558286883383,0.195375562762191));
#2490=DIRECTION('',(0.0143687980070214,0.817623429249094,0.575574031369367));
#2491=DIRECTION('',(0.00942911745663758,0.584338624896682,0.811455151686058));
#2492=DIRECTION('',(0.00187041554259028,0.206004998274494,0.978549151668747));
#2493=DIRECTION('',(-0.004472805227111,-0.125450151903509,0.992089841395822));
#2494=DIRECTION('',(-0.0116316735416576,-0.516160300909459,0.856413012474517));
#2495=DIRECTION('',(-0.0159745210512731,-0.767919584389337,0.640347036058176));
#2496=DIRECTION('',(-0.0188919476562002,-0.961342491734519,0.274706585103856));
#2497=DIRECTION('center_axis',(-0.99981636272235,0.0190482308923296,-0.00209898368828168));
#2498=DIRECTION('ref_axis',(0.00778883311571243,0.503996082874995,0.863670818382419));
#2499=DIRECTION('',(0.99981636272235,-0.0190482308923296,0.00209898368828167));
#2500=DIRECTION('center_axis',(0.99981636272235,-0.0190482308923296,0.00209898368828168));
#2501=DIRECTION('ref_axis',(0.00778883311571243,0.503996082874995,0.863670818382419));
#2502=DIRECTION('center_axis',(0.99981636272235,-0.0190482308923296,0.00209898368828168));
#2503=DIRECTION('ref_axis',(0.00778883311571243,0.503996082874995,0.863670818382419));
#2504=DIRECTION('center_axis',(-0.99981636272235,0.0190482308923296,-0.00209898368828168));
#2505=DIRECTION('ref_axis',(0.00778883311571243,0.503996082874995,0.863670818382419));
#2506=DIRECTION('center_axis',(-0.99981636272235,0.0190482308923296,-0.00209898368828168));
#2507=DIRECTION('ref_axis',(0.00778883311571243,0.503996082874995,0.863670818382419));
#2508=DIRECTION('center_axis',(-0.99981636272235,0.0190482308923296,-0.00209898368828168));
#2509=DIRECTION('ref_axis',(0.00778883311571243,0.503996082874995,0.863670818382419));
#2510=DIRECTION('',(-0.99981636272235,0.0190482308923296,-0.00209898368828168));
#2511=DIRECTION('center_axis',(0.99981636272235,-0.0190482308923296,0.00209898368828168));
#2512=DIRECTION('ref_axis',(0.00778883311571245,0.503996082874995,0.863670818382419));
#2513=DIRECTION('center_axis',(0.99981636272235,-0.0190482308923296,0.00209898368828168));
#2514=DIRECTION('ref_axis',(0.00778883311571245,0.503996082874995,0.863670818382419));
#2515=DIRECTION('',(-0.99981636272235,0.0190482308923296,-0.00209898368828168));
#2516=DIRECTION('center_axis',(-0.99981636272235,0.0190482308923296,-0.00209898368828168));
#2517=DIRECTION('ref_axis',(0.00778883311571245,0.503996082874995,0.863670818382419));
#2518=DIRECTION('center_axis',(0.99981636272235,-0.0190482308923296,0.00209898368828168));
#2519=DIRECTION('ref_axis',(0.00778883311571243,0.503996082874995,0.863670818382419));
#2520=DIRECTION('center_axis',(-0.99981636272235,0.0190482308923296,-0.00209898368828168));
#2521=DIRECTION('ref_axis',(0.00778883311571243,0.503996082874995,0.863670818382419));
#2522=DIRECTION('center_axis',(-0.99981636272235,0.0190482308923296,-0.00209898368828168));
#2523=DIRECTION('ref_axis',(0.00778883311571243,0.503996082874995,0.863670818382419));
#2524=DIRECTION('',(-0.99981636272235,0.0190482308923296,-0.00209898368828167));
#2525=DIRECTION('center_axis',(-0.99981636272235,0.0190482308923296,-0.00209898368828168));
#2526=DIRECTION('ref_axis',(0.00778883311571243,0.503996082874995,0.863670818382419));
#2527=DIRECTION('center_axis',(0.99981636272235,-0.0190482308923296,0.00209898368828168));
#2528=DIRECTION('ref_axis',(0.00778883311571243,0.503996082874995,0.863670818382419));
#2529=DIRECTION('center_axis',(0.99981636272235,-0.0190482308923296,0.00209898368828168));
#2530=DIRECTION('ref_axis',(-0.00778883311571244,-0.503996082874995,-0.863670818382419));
#2531=DIRECTION('',(0.99981636272235,-0.0190482308923296,0.00209898368828167));
#2532=DIRECTION('center_axis',(0.99981636272235,-0.0190482308923296,0.00209898368828168));
#2533=DIRECTION('ref_axis',(-0.00778883311571244,-0.503996082874995,-0.863670818382419));
#2534=DIRECTION('center_axis',(-0.99981636272235,0.0190482308923296,-0.00209898368828168));
#2535=DIRECTION('ref_axis',(-0.00778883311571243,-0.503996082874995,-0.863670818382419));
#2536=DIRECTION('center_axis',(-0.99981636272235,0.0190482308923296,-0.00209898368828168));
#2537=DIRECTION('ref_axis',(-0.011023018656281,-0.661238856408932,-0.75009443927729));
#2538=DIRECTION('',(0.99981636272235,-0.0190482308923296,0.00209898368828167));
#2539=DIRECTION('',(-0.99981636272235,0.0190482308923296,-0.00209898368828167));
#2540=DIRECTION('',(0.00698040777233562,0.464002118335338,0.885806586161816));
#2541=DIRECTION('',(-0.0144336086679855,-0.820562499003095,-0.571374532308376));
#2542=DIRECTION('center_axis',(0.0178469812568705,0.885629267289757,-0.464049874668473));
#2543=DIRECTION('ref_axis',(-0.99981636272235,0.0190482308923296,-0.00209898368828167));
#2544=DIRECTION('',(0.99981636272235,-0.0190482308923296,0.00209898368828167));
#2545=DIRECTION('center_axis',(-0.0128589858078875,-0.585643234308501,0.810466932448617));
#2546=DIRECTION('ref_axis',(0.99981636272235,-0.0190482308923296,0.00209898368828167));
#2547=DIRECTION('',(-0.0142087056639133,-0.810345091308975,-0.585780629309988));
#2548=DIRECTION('',(-0.99981636272235,0.0190482308923296,-0.00209898368828167));
#2549=DIRECTION('',(-0.0142087056639133,-0.810345091308975,-0.585780629309988));
#2550=DIRECTION('center_axis',(-0.99981636272235,0.0190482308923296,-0.00209898368828168));
#2551=DIRECTION('ref_axis',(0.00778883311571244,0.503996082874995,0.863670818382419));
#2552=DIRECTION('',(-0.99981636272235,0.0190482308923296,-0.00209898368828167));
#2553=DIRECTION('',(0.0181205165457381,0.975353586446554,0.21990231532651));
#2554=DIRECTION('center_axis',(-0.99981636272235,0.0190482308923296,-0.00209898368828168));
#2555=DIRECTION('ref_axis',(0.00778883311571244,0.503996082874995,0.863670818382419));
#2556=DIRECTION('',(-0.99981636272235,0.0190482308923296,-0.00209898368828167));
#2557=DIRECTION('',(0.0159745210512731,0.767919584389337,-0.640347036058176));
#2558=DIRECTION('',(-0.0111740225132856,-0.490490083422748,0.871375131206312));
#2559=DIRECTION('center_axis',(-0.0105856275125098,-0.640262974730838,-0.768082852092784));
#2560=DIRECTION('ref_axis',(-0.99981636272235,0.0190482308923296,-0.00209898368828167));
#2561=DIRECTION('',(0.99981636272235,-0.0190482308923296,0.00209898368828167));
#2562=DIRECTION('',(-0.0116835384171205,-0.519077163887023,0.854647525510406));
#2563=DIRECTION('',(-0.0116772936645957,-0.518725876070498,0.854860869561571));
#2564=DIRECTION('center_axis',(-0.99981636272235,0.0190482308923296,-0.00209898368828168));
#2565=DIRECTION('ref_axis',(0.00778883311571244,0.503996082874995,0.863670818382419));
#2566=DIRECTION('',(0.99981636272235,-0.0190482308923296,0.00209898368828167));
#2567=DIRECTION('',(-0.99981636272235,0.0190482308923296,-0.00209898368828167));
#2568=DIRECTION('',(0.00447280522711102,0.125450151903509,-0.992089841395822));
#2569=DIRECTION('',(0.00227402780740564,0.226684981000969,0.973965475869715));
#2570=DIRECTION('center_axis',(-0.0186342385423043,-0.991917045063376,-0.125512313605835));
#2571=DIRECTION('ref_axis',(-0.99981636272235,0.0190482308923296,-0.00209898368828167));
#2572=DIRECTION('',(0.99981636272235,-0.0190482308923296,0.00209898368828167));
#2573=DIRECTION('center_axis',(0.0190720314160798,0.978365539106198,-0.206002741503854));
#2574=DIRECTION('ref_axis',(-0.99981636272235,0.0190482308923296,-0.00209898368828167));
#2575=DIRECTION('',(0.00187041447685748,0.20600494360406,0.978549163180048));
#2576=DIRECTION('',(-0.99981636272235,0.0190482308923296,-0.00209898368828167));
#2577=DIRECTION('',(0.00187041447685747,0.20600494360406,0.978549163180048));
#2578=DIRECTION('center_axis',(-0.99981636272235,0.0190482308923296,-0.00209898368828168));
#2579=DIRECTION('ref_axis',(0.00778883311571244,0.503996082874995,0.863670818382419));
#2580=DIRECTION('',(0.99981636272235,-0.0190482308923296,0.00209898368828167));
#2581=DIRECTION('',(0.000204247100426268,-0.0989318582594129,-0.995094189363229));
#2582=DIRECTION('center_axis',(-0.0191600897349769,-0.995697544231339,0.0906603075939427));
#2583=DIRECTION('ref_axis',(0.99981636272235,-0.0190482308923296,0.00209898368828167));
#2584=DIRECTION('',(0.000363034431984655,-0.0906838756976852,-0.995879662858143));
#2585=DIRECTION('',(-0.99981636272235,0.0190482308923296,-0.00209898368828167));
#2586=DIRECTION('',(0.00036303443198466,-0.0906838756976851,-0.995879662858143));
#2587=DIRECTION('center_axis',(-0.99981636272235,0.0190482308923296,-0.00209898368828168));
#2588=DIRECTION('ref_axis',(0.00778883311571244,0.503996082874995,0.863670818382419));
#2589=DIRECTION('',(0.99981636272235,-0.0190482308923296,0.00209898368828167));
#2590=DIRECTION('',(0.0132270770524949,0.60668684087222,-0.794830876064294));
#2591=DIRECTION('center_axis',(-0.0137161221263054,-0.787796127569931,-0.615783346136965));
#2592=DIRECTION('ref_axis',(-0.99981636272235,0.0190482308923296,-0.00209898368828167));
#2593=DIRECTION('',(0.013383154578329,0.615641475443048,-0.78791272669493));
#2594=DIRECTION('',(-0.99981636272235,0.0190482308923296,-0.00209898368828167));
#2595=DIRECTION('',(0.013383154578329,0.615641475443049,-0.78791272669493));
#2596=DIRECTION('center_axis',(-0.99981636272235,0.0190482308923296,-0.00209898368828168));
#2597=DIRECTION('ref_axis',(0.00778883311571244,0.503996082874995,0.863670818382419));
#2598=DIRECTION('',(0.99981636272235,-0.0190482308923296,0.00209898368828167));
#2599=DIRECTION('',(-0.99981636272235,0.0190482308923296,-0.00209898368828167));
#2600=DIRECTION('',(-0.0182711657997621,-0.980558286883383,-0.195375562762191));
#2601=DIRECTION('',(0.0191486931272788,0.988722560331613,-0.148529546699698));
#2602=DIRECTION('center_axis',(-0.0057797346797907,-0.195301333646747,0.980726253213828));
#2603=DIRECTION('ref_axis',(0.99981636272235,-0.0190482308923296,0.00209898368828167));
#2604=DIRECTION('',(0.99981636272235,-0.0190482308923296,0.00209898368828167));
#2605=DIRECTION('center_axis',(-0.000753912573496751,-0.148542463932618,
-0.988905742740257));
#2606=DIRECTION('ref_axis',(-0.99981636272235,0.0190482308923296,-0.00209898368828167));
#2607=DIRECTION('',(0.0191486931272788,0.988722560331613,-0.148529546699698));
#2608=DIRECTION('',(-0.99981636272235,0.0190482308923296,-0.00209898368828167));
#2609=DIRECTION('',(0.0191486931272788,0.988722560331613,-0.148529546699698));
#2610=DIRECTION('center_axis',(-0.99981636272235,0.0190482308923296,-0.00209898368828168));
#2611=DIRECTION('ref_axis',(0.00778883311571244,0.503996082874995,0.863670818382419));
#2612=DIRECTION('',(-0.99981636272235,0.0190482308923296,-0.00209898368828167));
#2613=DIRECTION('',(-0.00942911745663759,-0.584338624896682,-0.811455151686058));
#2614=DIRECTION('',(0.0144683892365731,0.822137937684375,0.569104451865369));
#2615=DIRECTION('',(0.0144189098276524,0.819896310981285,0.572330441509677));
#2616=DIRECTION('',(0.0144239260154718,0.820123682485401,0.572004454340074));
#2617=DIRECTION('center_axis',(-0.0166833023301775,-0.811286346707331,0.584410926548805));
#2618=DIRECTION('ref_axis',(0.99981636272235,-0.0190482308923296,0.00209898368828167));
#2619=DIRECTION('',(0.99981636272235,-0.0190482308923296,0.00209898368828167));
#2620=DIRECTION('center_axis',(-0.99981636272235,0.0190482308923296,-0.00209898368828168));
#2621=DIRECTION('ref_axis',(0.00778883311571245,0.503996082874995,0.863670818382419));
#2622=DIRECTION('',(-0.99981636272235,0.0190482308923296,-0.00209898368828167));
#2623=DIRECTION('center_axis',(-0.019145120949821,-0.997645958268231,0.0658483583309437));
#2624=DIRECTION('ref_axis',(0.99981636272235,-0.0190482308923296,0.00209898368828167));
#2625=DIRECTION('center_axis',(-0.99981636272235,0.0190482308923296,-0.00209898368828168));
#2626=DIRECTION('ref_axis',(0.00778883311571245,0.503996082874995,0.863670818382419));
#2627=DIRECTION('',(-0.99981636272235,0.0190482308923296,-0.00209898368828167));
#2628=DIRECTION('center_axis',(-0.0134358672023976,-0.774870385398579,-0.631977343980603));
#2629=DIRECTION('ref_axis',(-0.99981636272235,0.0190482308923296,-0.00209898368828167));
#2630=DIRECTION('center_axis',(-0.99981636272235,0.0190482308923296,-0.00209898368828168));
#2631=DIRECTION('ref_axis',(0.00778883311571245,0.503996082874995,0.863670818382419));
#2632=DIRECTION('',(-0.99981636272235,0.0190482308923296,-0.00209898368828167));
#2633=DIRECTION('center_axis',(-0.00051662800150137,-0.136282113363985,
-0.990669934273042));
#2634=DIRECTION('ref_axis',(-0.99981636272235,0.0190482308923296,-0.00209898368828167));
#2635=DIRECTION('center_axis',(-0.99981636272235,0.0190482308923296,-0.00209898368828168));
#2636=DIRECTION('ref_axis',(0.00778883311571245,0.503996082874995,0.863670818382419));
#2637=DIRECTION('',(0.99981636272235,-0.0190482308923296,0.00209898368828167));
#2638=DIRECTION('',(-0.99981636272235,0.0190482308923296,-0.00209898368828167));
#2639=DIRECTION('center_axis',(0.00623600134435559,0.219823898395322,-0.975519638952244));
#2640=DIRECTION('ref_axis',(-0.99981636272235,0.0190482308923296,-0.00209898368828167));
#2641=DIRECTION('',(-0.0181205165457381,-0.975353586446554,-0.21990231532651));
#2642=DIRECTION('center_axis',(-0.0130361052251377,-0.595756245801027,0.803059496892743));
#2643=DIRECTION('ref_axis',(0.99981636272235,-0.0190482308923296,0.00209898368828167));
#2644=DIRECTION('',(-0.0140463800749627,-0.802939387805168,-0.59589515748817));
#2645=DIRECTION('center_axis',(-0.99981636272235,0.0190482308923296,-0.00209898368828168));
#2646=DIRECTION('ref_axis',(0.00778883311571245,0.503996082874995,0.863670818382419));
#2647=DIRECTION('',(-0.99981636272235,0.0190482308923296,-0.00209898368828167));
#2648=DIRECTION('center_axis',(0.00321483225169882,0.274695792624385,0.961525811597408));
#2649=DIRECTION('ref_axis',(0.99981636272235,-0.0190482308923296,0.00209898368828167));
#2650=DIRECTION('center_axis',(-0.99981636272235,0.0190482308923296,-0.00209898368828168));
#2651=DIRECTION('ref_axis',(0.00778883311571245,0.503996082874995,0.863670818382419));
#2652=DIRECTION('',(-0.99981636272235,0.0190482308923296,-0.00209898368828167));
#2653=DIRECTION('center_axis',(0.0152297407486626,0.856280157813393,0.516287077440254));
#2654=DIRECTION('ref_axis',(0.99981636272235,-0.0190482308923296,0.00209898368828167));
#2655=DIRECTION('center_axis',(-0.99981636272235,0.0190482308923296,-0.00209898368828168));
#2656=DIRECTION('ref_axis',(0.00778883311571245,0.503996082874995,0.863670818382419));
#2657=DIRECTION('',(-0.99981636272235,0.0190482308923296,-0.00209898368828167));
#2658=DIRECTION('center_axis',(0.0126798452863034,0.575438174648523,-0.817746983290487));
#2659=DIRECTION('ref_axis',(-0.99981636272235,0.0190482308923296,-0.00209898368828167));
#2660=DIRECTION('center_axis',(-0.99981636272235,0.0190482308923296,-0.00209898368828168));
#2661=DIRECTION('ref_axis',(0.00778883311571245,0.503996082874995,0.863670818382419));
#2662=DIRECTION('',(0.99981636272235,-0.0190482308923296,0.00209898368828167));
#2663=DIRECTION('center_axis',(0.99981636272235,-0.0190482308923296,0.00209898368828168));
#2664=DIRECTION('ref_axis',(-0.0181972712460205,-0.978032797560347,-0.207655258097359));
#2665=DIRECTION('center_axis',(0.00600834019092847,0.207578929075556,-0.978199820104254));
#2666=DIRECTION('ref_axis',(-0.99981636272235,0.0190482308923296,-0.00209898368828167));
#2667=DIRECTION('',(-0.0181972712460205,-0.978032797560347,-0.20765525809736));
#2668=DIRECTION('',(-0.0181972712460205,-0.978032797560347,-0.20765525809736));
#2669=DIRECTION('center_axis',(-0.99981636272235,0.0190482308923296,-0.00209898368828168));
#2670=DIRECTION('ref_axis',(0.00778883311571243,0.503996082874995,0.863670818382419));
#2671=DIRECTION('center_axis',(-0.99981636272235,0.0190482308923296,-0.00209898368828168));
#2672=DIRECTION('ref_axis',(0.00778883311571245,0.503996082874995,0.863670818382419));
#2673=DIRECTION('',(0.99981636272235,-0.0190482308923296,0.00209898368828167));
#2674=DIRECTION('center_axis',(0.99981636272235,-0.0190482308923296,0.00209898368828168));
#2675=DIRECTION('ref_axis',(0.0172052702140298,0.844013188291533,-0.536046375481472));
#2676=DIRECTION('center_axis',(0.00843916521424894,0.535984050965916,0.844185925966936));
#2677=DIRECTION('ref_axis',(0.99981636272235,-0.0190482308923296,0.00209898368828167));
#2678=DIRECTION('',(0.0172052702140298,0.844013188291533,-0.536046375481472));
#2679=DIRECTION('',(0.0172052702140298,0.844013188291533,-0.536046375481472));
#2680=DIRECTION('center_axis',(-0.99981636272235,0.0190482308923296,-0.00209898368828168));
#2681=DIRECTION('ref_axis',(0.00778883311571243,0.503996082874995,0.863670818382419));
#2682=DIRECTION('center_axis',(-0.99981636272235,0.0190482308923296,-0.00209898368828168));
#2683=DIRECTION('ref_axis',(0.00778883311571245,0.503996082874995,0.863670818382419));
#2684=DIRECTION('',(0.99981636272235,-0.0190482308923296,0.00209898368828167));
#2685=DIRECTION('center_axis',(0.99981636272235,-0.0190482308923296,0.00209898368828168));
#2686=DIRECTION('ref_axis',(0.00668701842170368,0.244136506762101,-0.96971781970356));
#2687=DIRECTION('center_axis',(0.0179589703847121,0.969553779305651,0.244219050069502));
#2688=DIRECTION('ref_axis',(0.99981636272235,-0.0190482308923296,0.00209898368828167));
#2689=DIRECTION('',(0.00668701842170367,0.2441365067621,-0.96971781970356));
#2690=DIRECTION('',(0.00668701842170367,0.2441365067621,-0.96971781970356));
#2691=DIRECTION('center_axis',(-0.99981636272235,0.0190482308923296,-0.00209898368828168));
#2692=DIRECTION('ref_axis',(0.00778883311571243,0.503996082874995,0.863670818382419));
#2693=DIRECTION('center_axis',(-0.99981636272235,0.0190482308923296,-0.00209898368828168));
#2694=DIRECTION('ref_axis',(0.00778883311571245,0.503996082874995,0.863670818382419));
#2695=DIRECTION('',(0.99981636272235,-0.0190482308923296,0.00209898368828167));
#2696=DIRECTION('center_axis',(0.99981636272235,-0.0190482308923296,0.00209898368828168));
#2697=DIRECTION('ref_axis',(-0.00742239314531569,-0.485898543861387,-0.873983703025051));
#2698=DIRECTION('center_axis',(0.0176677364890793,0.873807627554977,-0.485950698233983));
#2699=DIRECTION('ref_axis',(-0.99981636272235,0.0190482308923296,-0.00209898368828167));
#2700=DIRECTION('',(-0.00742239314531566,-0.485898543861387,-0.873983703025051));
#2701=DIRECTION('',(-0.00742239314531568,-0.485898543861387,-0.873983703025051));
#2702=DIRECTION('center_axis',(-0.99981636272235,0.0190482308923296,-0.00209898368828168));
#2703=DIRECTION('ref_axis',(0.00778883311571243,0.503996082874995,0.863670818382419));
#2704=DIRECTION('center_axis',(-0.99981636272235,0.0190482308923296,-0.00209898368828168));
#2705=DIRECTION('ref_axis',(0.00778883311571245,0.503996082874995,0.863670818382419));
#2706=DIRECTION('',(0.0182983603791228,0.9814731301091,0.190724054280734));
#2707=DIRECTION('',(0.0182969932537918,0.981427336785361,0.190959688542539));
#2708=DIRECTION('center_axis',(-0.99981636272235,0.0190482308923296,-0.00209898368828168));
#2709=DIRECTION('ref_axis',(0.00778883311571245,0.503996082874995,0.863670818382419));
#2710=DIRECTION('',(-0.0160461368742726,-0.772255793350012,0.635109054516431));
#2711=DIRECTION('',(-0.0160485318231775,-0.772400963341225,0.634932434559669));
#2712=DIRECTION('center_axis',(-0.99981636272235,0.0190482308923296,-0.00209898368828168));
#2713=DIRECTION('ref_axis',(0.00778883311571245,0.503996082874995,0.863670818382419));
#2714=DIRECTION('',(-0.00452002834738059,-0.127964242404453,0.991768482061007));
#2715=DIRECTION('',(-0.00452462974156198,-0.128209252691688,0.991736817532727));
#2716=DIRECTION('center_axis',(-0.99981636272235,0.0190482308923296,-0.00209898368828168));
#2717=DIRECTION('ref_axis',(0.00778883311571245,0.503996082874995,0.863670818382419));
#2718=DIRECTION('',(-0.99981636272235,0.0190482308923296,-0.00209898368828167));
#2719=DIRECTION('center_axis',(0.0190720313115622,0.978365527594773,-0.206002796184549));
#2720=DIRECTION('ref_axis',(-0.99981636272235,0.0190482308923296,-0.00209898368828167));
#2721=DIRECTION('center_axis',(-0.99981636272235,0.0190482308923296,-0.00209898368828168));
#2722=DIRECTION('ref_axis',(0.00778883311571245,0.503996082874995,0.863670818382419));
#2723=DIRECTION('',(0.99981636272235,-0.0190482308923296,0.00209898368828167));
#2724=DIRECTION('center_axis',(-0.0166833023887211,-0.811286350335383,0.584410921510628));
#2725=DIRECTION('ref_axis',(0.99981636272235,-0.0190482308923296,0.00209898368828167));
#2726=DIRECTION('',(0.00942911735305401,0.584338619859553,0.811455155314559));
#2727=DIRECTION('',(0.00942911735305401,0.584338619859553,0.811455155314559));
#2728=DIRECTION('center_axis',(-0.999816362973676,0.0190482183127352,-0.00209897813240604));
#2729=DIRECTION('ref_axis',(0.00778883157241965,0.503996082904397,0.863670818379179));
#2730=DIRECTION('center_axis',(-0.99981636272235,0.0190482308923296,-0.00209898368828168));
#2731=DIRECTION('ref_axis',(0.00778883311571243,0.503996082874995,0.863670818382419));
#2732=DIRECTION('',(0.,0.,1.));
#2733=DIRECTION('',(1.,0.,0.));
#2734=DIRECTION('',(0.,0.,1.));
#2735=DIRECTION('',(1.,0.,0.));
#2736=CARTESIAN_POINT('',(0.,0.,0.));
#2737=CARTESIAN_POINT('',(0.,0.,0.));
#2738=CARTESIAN_POINT('',(0.,0.,0.));
#2739=CARTESIAN_POINT('Origin',(-139.974964659902,15.4940556211452,11.014431500773));
#2740=CARTESIAN_POINT('',(-169.771615858405,11.0707030709824,2.40169810787872));
#2741=CARTESIAN_POINT('',(-157.081387159886,10.8290249517551,2.42847078035698));
#2742=CARTESIAN_POINT('',(-140.052074107747,10.5044944006828,2.46409039878701));
#2743=CARTESIAN_POINT('',(-169.763612447506,11.466643319925,2.18255400686269));
#2744=CARTESIAN_POINT('Origin',(-169.694506041824,16.0602642844197,10.9520392106388));
#2745=CARTESIAN_POINT('',(-157.578325823347,11.2344925352807,2.20813542242535));
#2746=CARTESIAN_POINT('',(-140.044070696848,10.9004346496254,2.24494629777097));
#2747=CARTESIAN_POINT('Ctrl Pts',(-157.578325823347,11.2344925352807,2.20813542242534));
#2748=CARTESIAN_POINT('Ctrl Pts',(-157.412709263248,11.0976590779619,2.27850625044304));
#2749=CARTESIAN_POINT('Ctrl Pts',(-157.247067948794,10.9624673107012,2.35198404959474));
#2750=CARTESIAN_POINT('Ctrl Pts',(-157.081399421904,10.8290348278068,2.42846511957662));
#2751=CARTESIAN_POINT('Origin',(-171.819115812609,16.1007417750659,10.9475788703012));
#2752=CARTESIAN_POINT('',(-171.838393174857,14.8533514513628,8.80999356295219));
#2753=CARTESIAN_POINT('Origin',(-171.819115812609,16.1007417750659,10.9475788703012));
#2754=CARTESIAN_POINT('Origin',(-169.694506041824,16.0602642844197,10.9520392106388));
#2755=CARTESIAN_POINT('',(-169.601158147739,21.845216677922,18.9854452115566));
#2756=CARTESIAN_POINT('',(-169.55225531029,24.1547362410108,16.6502221204214));
#2757=CARTESIAN_POINT('Origin',(-169.694506041824,16.0602642844197,10.9520392106388));
#2758=CARTESIAN_POINT('',(-169.528546793579,25.5038148992718,17.5999192721809));
#2759=CARTESIAN_POINT('',(-169.55225531029,24.1547362410108,16.6502221204214));
#2760=CARTESIAN_POINT('',(-169.483474445572,27.3857125049479,13.208626959768));
#2761=CARTESIAN_POINT('Origin',(-169.694506041824,16.0602642844197,10.9520392106388));
#2762=CARTESIAN_POINT('',(-169.513621869142,25.7677913315903,12.8862572812104));
#2763=CARTESIAN_POINT('',(-169.513621869142,25.7677913315903,12.8862572812104));
#2764=CARTESIAN_POINT('',(-169.504856431127,25.866084858345,9.60299662526685));
#2765=CARTESIAN_POINT('Origin',(-169.694506041824,16.0602642844197,10.9520392106388));
#2766=CARTESIAN_POINT('',(-169.473248101221,27.5003882861617,9.37815619450056));
#2767=CARTESIAN_POINT('',(-169.504856431127,25.866084858345,9.60299662526685));
#2768=CARTESIAN_POINT('',(-169.494593237668,25.8845619595423,4.88197248437325));
#2769=CARTESIAN_POINT('Origin',(-169.694506041824,16.0602642844197,10.9520392106388));
#2770=CARTESIAN_POINT('',(-169.523152262367,24.4810908640998,5.74912487372916));
#2771=CARTESIAN_POINT('',(-169.523152262367,24.4810908640998,5.74912487372916));
#2772=CARTESIAN_POINT('',(-169.559227952963,22.3154118598285,3.27969741373397));
#2773=CARTESIAN_POINT('Origin',(-169.694506041824,16.0602642844197,10.9520392106388));
#2774=CARTESIAN_POINT('',(-169.536681543363,23.3579364545591,2.00097378104551));
#2775=CARTESIAN_POINT('',(-169.559227952963,22.3154118598285,3.27969741373397));
#2776=CARTESIAN_POINT('',(-169.612989888855,19.1114745744417,-0.187349052765515));
#2777=CARTESIAN_POINT('Origin',(-169.694506041824,16.0602642844197,10.9520392106388));
#2778=CARTESIAN_POINT('',(-169.624635106242,18.6755873911564,1.40399212761023));
#2779=CARTESIAN_POINT('',(-169.624635106242,18.6755873911564,1.40399212761023));
#2780=CARTESIAN_POINT('',(-169.686192906749,15.4080874224436,1.07354761361404));
#2781=CARTESIAN_POINT('Origin',(-169.694506041824,16.0602642844197,10.9520392106388));
#2782=CARTESIAN_POINT('',(-169.68480732278,15.29939127761,-0.572867652427728));
#2783=CARTESIAN_POINT('',(-169.686192906749,15.4080874224436,1.07354761361404));
#2784=CARTESIAN_POINT('',(-169.77513012033,10.7010398246716,0.720973139695702));
#2785=CARTESIAN_POINT('Origin',(-169.694506041824,16.0602642844197,10.9520392106388));
#2786=CARTESIAN_POINT('',(-169.763612447506,11.466643319925,2.18255400686269));
#2787=CARTESIAN_POINT('',(-169.833565573302,8.11116435217363,5.05267715073178));
#2788=CARTESIAN_POINT('Origin',(-169.694506041824,16.0602642844197,10.9520392106388));
#2789=CARTESIAN_POINT('',(-169.856742100426,6.7863143622951,4.0694501408763));
#2790=CARTESIAN_POINT('',(-169.833565573302,8.11116435217363,5.05267715073178));
#2791=CARTESIAN_POINT('',(-169.903798376663,4.79493036798711,8.41216746784347));
#2792=CARTESIAN_POINT('Origin',(-169.694506041824,16.0602642844197,10.9520392106388));
#2793=CARTESIAN_POINT('',(-169.873899524362,6.40426378562391,8.77500628813222));
#2794=CARTESIAN_POINT('',(-169.873899524362,6.40426378562391,8.77500628813222));
#2795=CARTESIAN_POINT('',(-169.881536692356,6.54297362327306,13.6716344023928));
#2796=CARTESIAN_POINT('Origin',(-169.694506041824,16.0602642844197,10.9520392106388));
#2797=CARTESIAN_POINT('',(-169.912708405989,4.95675851191111,14.1249002678142));
#2798=CARTESIAN_POINT('',(-169.881536692356,6.54297362327306,13.6716344023928));
#2799=CARTESIAN_POINT('',(-169.879012128702,7.19079309174796,18.3480474763366));
#2800=CARTESIAN_POINT('Origin',(-169.694506041824,16.0602642844197,10.9520392106388));
#2801=CARTESIAN_POINT('',(-169.852654168967,8.45786040599037,17.2914748668406));
#2802=CARTESIAN_POINT('',(-169.852654168967,8.45786040599037,17.2914748668406));
#2803=CARTESIAN_POINT('',(-169.809659978622,10.9502773124412,19.4305280333624));
#2804=CARTESIAN_POINT('Origin',(-169.694506041824,16.0602642844197,10.9520392106388));
#2805=CARTESIAN_POINT('',(-169.828852239966,10.0986128159406,20.8436095039453));
#2806=CARTESIAN_POINT('',(-169.809659978622,10.9502773124412,19.4305280333624));
#2807=CARTESIAN_POINT('',(-169.746167310933,14.6113150369593,22.4106768779864));
#2808=CARTESIAN_POINT('Origin',(-169.694506041824,16.0602642844197,10.9520392106388));
#2809=CARTESIAN_POINT('',(-169.738787182308,14.8183077876001,20.7737286396833));
#2810=CARTESIAN_POINT('',(-169.738787182308,14.8183077876001,20.7737286396833));
#2811=CARTESIAN_POINT('',(-169.675989296688,18.0997137743623,20.6396758113853));
#2812=CARTESIAN_POINT('Origin',(-169.694506041824,16.0602642844197,10.9520392106388));
#2813=CARTESIAN_POINT('',(-169.672903111043,18.4396220215152,22.2542819116387));
#2814=CARTESIAN_POINT('',(-169.675989296688,18.0997137743623,20.6396758113853));
#2815=CARTESIAN_POINT('',(-169.585600103936,22.8093754090015,20.3243462118386));
#2816=CARTESIAN_POINT('Origin',(-169.694506041824,16.0602642844197,10.9520392106388));
#2817=CARTESIAN_POINT('',(-169.601158147739,21.845216677922,18.9854452115566));
#2818=CARTESIAN_POINT('',(-169.652738424241,18.7629432788369,15.5834739742145));
#2819=CARTESIAN_POINT('Origin',(-169.694506041824,16.0602642844197,10.9520392106388));
#2820=CARTESIAN_POINT('Ctrl Pts',(-157.329578067881,5.36032124523151,8.61995342458804));
#2821=CARTESIAN_POINT('Ctrl Pts',(-155.425002261388,4.91473587362333,10.4393585193363));
#2822=CARTESIAN_POINT('Ctrl Pts',(-153.511442934876,4.9524363911216,12.3654204183525));
#2823=CARTESIAN_POINT('Ctrl Pts',(-151.588558817279,5.46376165303495,14.1479055856641));
#2824=CARTESIAN_POINT('Ctrl Pts',(-157.230707689099,5.51473443638169,8.55815213984524));
#2825=CARTESIAN_POINT('Ctrl Pts',(-155.326279906513,5.05839163045585,10.3504425079619));
#2826=CARTESIAN_POINT('Ctrl Pts',(-153.413011811706,5.07813686389738,12.2522840314682));
#2827=CARTESIAN_POINT('Ctrl Pts',(-151.490524217661,5.56664662091773,14.0165964661831));
#2828=CARTESIAN_POINT('Ctrl Pts',(-157.131837310318,5.66914762753188,8.49635085510245));
#2829=CARTESIAN_POINT('Ctrl Pts',(-155.227557551638,5.20204738728837,10.2615264965875));
#2830=CARTESIAN_POINT('Ctrl Pts',(-153.314580688535,5.20383733667317,12.139147644584));
#2831=CARTESIAN_POINT('Ctrl Pts',(-151.392489618043,5.66953158880052,13.8852873467022));
#2832=CARTESIAN_POINT('Ctrl Pts',(-157.032966931537,5.82356081868206,8.43454957035965));
#2833=CARTESIAN_POINT('Ctrl Pts',(-155.128835196763,5.3457031441209,10.1726104852131));
#2834=CARTESIAN_POINT('Ctrl Pts',(-153.216149565364,5.32953780944895,12.0260112576997));
#2835=CARTESIAN_POINT('Ctrl Pts',(-151.294455018424,5.7724165566833,13.7539782272212));
#2836=CARTESIAN_POINT('',(-157.329578067881,5.36032124523151,8.61995342458804));
#2837=CARTESIAN_POINT('',(-156.730061501702,5.75137517840266,8.71190604409809));
#2838=CARTESIAN_POINT('Ctrl Pts',(-156.730060001899,5.75145421156141,8.71190886135602));
#2839=CARTESIAN_POINT('Ctrl Pts',(-156.831302446454,5.6873922708108,8.69683040715264));
#2840=CARTESIAN_POINT('Ctrl Pts',(-156.932062506705,5.62263200071976,8.68159695648675));
#2841=CARTESIAN_POINT('Ctrl Pts',(-157.032359033952,5.55718257333342,8.66621005512373));
#2842=CARTESIAN_POINT('Ctrl Pts',(-157.131900825037,5.4922256560173,8.65093894092911));
#2843=CARTESIAN_POINT('Ctrl Pts',(-157.230967975859,5.42660169712115,8.63551944641053));
#2844=CARTESIAN_POINT('Ctrl Pts',(-157.329578067881,5.36032124523151,8.61995342458804));
#2845=CARTESIAN_POINT('',(-151.294455018424,5.7724165566833,13.7539782272212));
#2846=CARTESIAN_POINT('Ctrl Pts',(-151.294471691452,5.77257795854862,13.7539555678256));
#2847=CARTESIAN_POINT('Ctrl Pts',(-153.114191380588,5.35487010680026,12.1176105712194));
#2848=CARTESIAN_POINT('Ctrl Pts',(-154.925796418445,5.35074245941473,10.369216156803));
#2849=CARTESIAN_POINT('Ctrl Pts',(-156.729836695981,5.75375265337183,8.71223953587229));
#2850=CARTESIAN_POINT('',(-151.893997224327,5.38642536894909,13.8635334651372));
#2851=CARTESIAN_POINT('Ctrl Pts',(-151.89399565132,5.38650716457106,13.8635264822979));
#2852=CARTESIAN_POINT('Ctrl Pts',(-151.795648624885,5.45172664505316,13.8450198311651));
#2853=CARTESIAN_POINT('Ctrl Pts',(-151.696847487781,5.51629964214075,13.8266929012373));
#2854=CARTESIAN_POINT('Ctrl Pts',(-151.597574778862,5.58021789724506,13.8085483294423));
#2855=CARTESIAN_POINT('Ctrl Pts',(-151.497006746607,5.64497016613212,13.7901670048929));
#2856=CARTESIAN_POINT('Ctrl Pts',(-151.395973170985,5.70903863813818,13.7719761929125));
#2857=CARTESIAN_POINT('Ctrl Pts',(-151.294455018424,5.7724165566833,13.7539782272212));
#2858=CARTESIAN_POINT('Ctrl Pts',(-151.894003245012,5.38650534258033,13.8635193821268));
#2859=CARTESIAN_POINT('Ctrl Pts',(-153.714111902808,4.94979859098529,12.1617010900556));
#2860=CARTESIAN_POINT('Ctrl Pts',(-155.525873554301,4.93833523490059,10.3429980890428));
#2861=CARTESIAN_POINT('Ctrl Pts',(-157.329578067881,5.36032124523151,8.61995342458804));
#2862=CARTESIAN_POINT('Ctrl Pts',(-150.669036697428,6.15791740516001,13.6444867943822));
#2863=CARTESIAN_POINT('Ctrl Pts',(-153.134313923717,5.61436055032106,11.5159375922355));
#2864=CARTESIAN_POINT('Ctrl Pts',(-155.585154187819,5.80684269862681,9.19011665994406));
#2865=CARTESIAN_POINT('Ctrl Pts',(-158.023155949594,6.70491855208325,7.15213365366544));
#2866=CARTESIAN_POINT('Ctrl Pts',(-150.763027737354,6.05738022536998,13.7834376388906));
#2867=CARTESIAN_POINT('Ctrl Pts',(-153.228847211081,5.48285174670126,11.6321122807211));
#2868=CARTESIAN_POINT('Ctrl Pts',(-155.680055459812,5.65233690664599,9.27287761035332));
#2869=CARTESIAN_POINT('Ctrl Pts',(-158.118174020063,6.54019768735833,7.19782807678847));
#2870=CARTESIAN_POINT('Ctrl Pts',(-150.857018777279,5.95684304557996,13.922388483399));
#2871=CARTESIAN_POINT('Ctrl Pts',(-153.323380498445,5.35134294308146,11.7482869692067));
#2872=CARTESIAN_POINT('Ctrl Pts',(-155.774956731805,5.49783111466517,9.35563856076259));
#2873=CARTESIAN_POINT('Ctrl Pts',(-158.213192090532,6.3754768226334,7.2435224999115));
#2874=CARTESIAN_POINT('Ctrl Pts',(-150.951009817204,5.85630586578993,14.0613393279075));
#2875=CARTESIAN_POINT('Ctrl Pts',(-153.417913785809,5.21983413946166,11.8644616576923));
#2876=CARTESIAN_POINT('Ctrl Pts',(-155.869858003797,5.34332532268435,9.43839951117185));
#2877=CARTESIAN_POINT('Ctrl Pts',(-158.308210161002,6.21075595790848,7.28921692303453));
#2878=CARTESIAN_POINT('',(-158.023155949594,6.70491855208325,7.15213365366543));
#2879=CARTESIAN_POINT('',(-156.657914396631,5.79783227008946,8.72283589934771));
#2880=CARTESIAN_POINT('Ctrl Pts',(-158.023155949594,6.70491855208324,7.15213365366546));
#2881=CARTESIAN_POINT('Ctrl Pts',(-157.793150940312,6.53277546097552,7.39916547609292));
#2882=CARTESIAN_POINT('Ctrl Pts',(-157.564525231389,6.37115075316231,7.65407639953711));
#2883=CARTESIAN_POINT('Ctrl Pts',(-157.337052612431,6.22029585646824,7.91612842132886));
#2884=CARTESIAN_POINT('Ctrl Pts',(-157.109579993472,6.06944095977416,8.17818044312061));
#2885=CARTESIAN_POINT('Ctrl Pts',(-156.883260480376,5.92935514930157,8.44737455672746));
#2886=CARTESIAN_POINT('Ctrl Pts',(-156.657867321533,5.80032314301634,8.72301706768286));
#2887=CARTESIAN_POINT('',(-150.669036697428,6.15791740516,13.6444867943822));
#2888=CARTESIAN_POINT('Ctrl Pts',(-158.023155949594,6.70491855208325,7.15213365366544));
#2889=CARTESIAN_POINT('Ctrl Pts',(-155.585154187819,5.80684269862681,9.19011665994406));
#2890=CARTESIAN_POINT('Ctrl Pts',(-153.134313923717,5.61436055032106,11.5159375922355));
#2891=CARTESIAN_POINT('Ctrl Pts',(-150.669036697428,6.15791740516001,13.6444867943822));
#2892=CARTESIAN_POINT('Ctrl Pts',(-151.294451846546,5.77258251386723,13.7539734129393));
#2893=CARTESIAN_POINT('Ctrl Pts',(-151.19192574397,5.8379516349628,13.7354057744505));
#2894=CARTESIAN_POINT('Ctrl Pts',(-151.088884297602,5.90255706683989,13.7170516037303));
#2895=CARTESIAN_POINT('Ctrl Pts',(-150.985305399308,5.9663944418169,13.6989129732457));
#2896=CARTESIAN_POINT('Ctrl Pts',(-150.880414467618,6.03104044450977,13.6805445808177));
#2897=CARTESIAN_POINT('Ctrl Pts',(-150.774999396599,6.09488215866836,13.6624019522218));
#2898=CARTESIAN_POINT('Ctrl Pts',(-150.669036697428,6.15791740516001,13.6444867943822));
#2899=CARTESIAN_POINT('Ctrl Pts',(-156.657867321533,5.80032314301634,8.72301706768286));
#2900=CARTESIAN_POINT('Ctrl Pts',(-156.681944898162,5.78485642365686,8.71937924304784));
#2901=CARTESIAN_POINT('Ctrl Pts',(-156.705994291539,5.76934623432215,8.71573189552924));
#2902=CARTESIAN_POINT('Ctrl Pts',(-156.73001579917,5.75379266513584,8.71207503328388));
#2903=CARTESIAN_POINT('Ctrl Pts',(-144.286412121079,6.03553483566664,13.6550708857061));
#2904=CARTESIAN_POINT('Ctrl Pts',(-144.296815453466,5.50569629734879,13.8022540844364));
#2905=CARTESIAN_POINT('Ctrl Pts',(-144.307218785852,4.97585775903094,13.9494372831666));
#2906=CARTESIAN_POINT('Ctrl Pts',(-144.317622118239,4.4460192207131,14.0966204818968));
#2907=CARTESIAN_POINT('Ctrl Pts',(-147.035903938483,6.08825039298158,13.6504973783912));
#2908=CARTESIAN_POINT('Ctrl Pts',(-147.046307058316,5.55843034954829,13.7977471715197));
#2909=CARTESIAN_POINT('Ctrl Pts',(-147.056710178142,5.02861030647053,13.9449969646506));
#2910=CARTESIAN_POINT('Ctrl Pts',(-147.067113297975,4.49879026303724,14.0922467577792));
#2911=CARTESIAN_POINT('Ctrl Pts',(-149.785395616074,6.14097646960372,13.6459608370093));
#2912=CARTESIAN_POINT('Ctrl Pts',(-149.795798516529,5.61117550559779,13.7932792781994));
#2913=CARTESIAN_POINT('Ctrl Pts',(-149.806201416977,5.08137454194635,13.9405977193874));
#2914=CARTESIAN_POINT('Ctrl Pts',(-149.816604317432,4.55157357794042,14.0879161605776));
#2915=CARTESIAN_POINT('Ctrl Pts',(-152.534887419088,6.19369289437126,13.6413886798623));
#2916=CARTESIAN_POINT('Ctrl Pts',(-152.545290106224,5.66391047367911,13.78877379046));
#2917=CARTESIAN_POINT('Ctrl Pts',(-152.55569279336,5.13412805298696,13.9361589010578));
#2918=CARTESIAN_POINT('Ctrl Pts',(-152.566095480497,4.60434563229482,14.0835440116556));
#2919=CARTESIAN_POINT('',(-144.28641212114,6.03553483105796,13.6550708691113));
#2920=CARTESIAN_POINT('Ctrl Pts',(-144.286412121079,6.03553483566664,13.6550708857061));
#2921=CARTESIAN_POINT('Ctrl Pts',(-146.413953689275,6.07632584248769,13.6515319310297));
#2922=CARTESIAN_POINT('Ctrl Pts',(-148.541495173756,6.11712314782686,13.6480151099972));
#2923=CARTESIAN_POINT('Ctrl Pts',(-150.669036697412,6.15791740607142,13.6444867943797));
#2924=CARTESIAN_POINT('',(-144.3176221183,4.44601921610443,14.096620465302));
#2925=CARTESIAN_POINT('',(-144.28641212108,6.03553483566664,13.6550708857061));
#2926=CARTESIAN_POINT('',(-152.566095480497,4.60434563229483,14.0835440116556));
#2927=CARTESIAN_POINT('Ctrl Pts',(-144.317625021545,4.4460192764363,14.0966204772784));
#2928=CARTESIAN_POINT('Ctrl Pts',(-147.067115233512,4.49879030019468,14.0922467547306));
#2929=CARTESIAN_POINT('Ctrl Pts',(-149.8166052852,4.55157359651518,14.0879161590386));
#2930=CARTESIAN_POINT('Ctrl Pts',(-152.566095480497,4.60434563229482,14.0835440116556));
#2931=CARTESIAN_POINT('',(-152.534887419088,6.19369289437126,13.6413886798623));
#2932=CARTESIAN_POINT('',(-152.534887419088,6.19369289437126,13.6413886798623));
#2933=CARTESIAN_POINT('',(-152.521861003807,6.19344313685644,13.6414103413511));
#2934=CARTESIAN_POINT('Ctrl Pts',(-152.521861003807,6.19344313685651,13.6414103413511));
#2935=CARTESIAN_POINT('Ctrl Pts',(-152.526203142233,6.19352638938545,13.6414031209434));
#2936=CARTESIAN_POINT('Ctrl Pts',(-152.530545280661,6.19360964189039,13.6413959004473));
#2937=CARTESIAN_POINT('Ctrl Pts',(-152.534887419088,6.19369289437126,13.6413886798623));
#2938=CARTESIAN_POINT('',(-152.537465036027,5.39876937403256,13.8624875334307));
#2939=CARTESIAN_POINT('',(-152.521861003807,6.19344313685644,13.6414103413511));
#2940=CARTESIAN_POINT('Ctrl Pts',(-152.537465036027,5.39876937403256,13.8624875334307));
#2941=CARTESIAN_POINT('Ctrl Pts',(-152.32297585621,5.39465476744653,13.8628363987919));
#2942=CARTESIAN_POINT('Ctrl Pts',(-152.108486529529,5.39054009454149,13.8631850303423));
#2943=CARTESIAN_POINT('Ctrl Pts',(-151.893997224328,5.38642536894959,13.8635334651371));
#2944=CARTESIAN_POINT('Origin',(-139.974964659902,15.4940556211452,11.014431500773));
#2945=CARTESIAN_POINT('',(-152.350717943311,7.60354403136999,5.33214234010627));
#2946=CARTESIAN_POINT('Ctrl Pts',(-157.081387159886,10.8290249517551,2.42847078035698));
#2947=CARTESIAN_POINT('Ctrl Pts',(-155.507655316148,9.56151317420003,3.15498733586834));
#2948=CARTESIAN_POINT('Ctrl Pts',(-153.931467916549,8.45275302796145,4.15250780655381));
#2949=CARTESIAN_POINT('Ctrl Pts',(-152.350717943311,7.60354403137,5.33214234010628));
#2950=CARTESIAN_POINT('',(-149.228451259855,5.98439362298739,8.9395961683799));
#2951=CARTESIAN_POINT('Ctrl Pts',(-152.350717612896,7.60356236461504,5.33215132609964));
#2952=CARTESIAN_POINT('Ctrl Pts',(-151.314135695205,6.83160438091039,6.41509874544366));
#2953=CARTESIAN_POINT('Ctrl Pts',(-150.273715657749,6.27777997390198,7.64937835143874));
#2954=CARTESIAN_POINT('Ctrl Pts',(-149.228451259855,5.98439362298739,8.9395961683799));
#2955=CARTESIAN_POINT('',(-144.279360190632,5.89010487866534,8.94998613779172));
#2956=CARTESIAN_POINT('',(-140.155117645237,5.81153092529781,8.95864444560909));
#2957=CARTESIAN_POINT('',(-144.239873391369,7.55021317055393,5.20654496278669));
#2958=CARTESIAN_POINT('Origin',(-144.099207205296,15.5726295745128,11.0057731929556));
#2959=CARTESIAN_POINT('',(-150.68978443386,7.67309513103497,5.19300421813216));
#2960=CARTESIAN_POINT('',(-140.115630845975,7.47163921718639,5.21520327060407));
#2961=CARTESIAN_POINT('',(-155.227927410599,10.7968018597517,2.43825489050956));
#2962=CARTESIAN_POINT('Ctrl Pts',(-155.227484746331,10.7971643642539,2.4378987408383));
#2963=CARTESIAN_POINT('Ctrl Pts',(-153.71777167717,9.58168572487901,3.13542569273292));
#2964=CARTESIAN_POINT('Ctrl Pts',(-152.205874616678,8.50755951168598,4.07541445362207));
#2965=CARTESIAN_POINT('Ctrl Pts',(-150.68978443386,7.67309513103497,5.19300421813216));
#2966=CARTESIAN_POINT('',(-140.052074107747,10.5044944006828,2.464090398787));
#2967=CARTESIAN_POINT('',(-140.052074107747,10.5044944006828,2.46409039878701));
#2968=CARTESIAN_POINT('Origin',(-139.974964659902,15.4940556211452,11.014431500773));
#2969=CARTESIAN_POINT('',(-158.563820958318,13.6726083290098,1.3149946397491));
#2970=CARTESIAN_POINT('Ctrl Pts',(-158.564395153063,13.6717588645327,1.31416543183498));
#2971=CARTESIAN_POINT('Ctrl Pts',(-157.453517677913,12.6616772735882,1.53923585766161));
#2972=CARTESIAN_POINT('Ctrl Pts',(-156.342257261528,11.6890668389908,1.92194844559552));
#2973=CARTESIAN_POINT('Ctrl Pts',(-155.229809905014,10.7932667434169,2.43633376195869));
#2974=CARTESIAN_POINT('',(-159.763015432982,15.2190337294322,1.09438002687506));
#2975=CARTESIAN_POINT('Ctrl Pts',(-158.562082801818,13.6751797600703,1.31750475175897));
#2976=CARTESIAN_POINT('Ctrl Pts',(-158.962439244107,14.1830871593705,1.20393563219233));
#2977=CARTESIAN_POINT('Ctrl Pts',(-159.362711287177,14.6996821949803,1.12900444137793));
#2978=CARTESIAN_POINT('Ctrl Pts',(-159.763015432982,15.2190337294322,1.09438002687507));
#2979=CARTESIAN_POINT('',(-139.966651156091,14.841878752144,1.13593990452233));
#2980=CARTESIAN_POINT('',(-158.047295571943,18.4550190500185,1.42829723777068));
#2981=CARTESIAN_POINT('',(-139.905093355584,18.1093787208569,1.46638441851852));
#2982=CARTESIAN_POINT('',(-152.280050505154,14.7491031212481,1.13716641358899));
#2983=CARTESIAN_POINT('Ctrl Pts',(-158.047295571943,18.4550190500185,1.42829723777068));
#2984=CARTESIAN_POINT('Ctrl Pts',(-156.12381290417,17.2516769164983,1.11276336892115));
#2985=CARTESIAN_POINT('Ctrl Pts',(-154.201905363631,15.9894843511042,1.01344907855124));
#2986=CARTESIAN_POINT('Ctrl Pts',(-152.280050518579,14.7491019151108,1.13716186266818));
#2987=CARTESIAN_POINT('',(-149.121779966658,10.8565227346071,2.34294456359576));
#2988=CARTESIAN_POINT('Ctrl Pts',(-152.280050505154,14.7491031212481,1.13716641358899));
#2989=CARTESIAN_POINT('Ctrl Pts',(-151.227949635536,13.3878093233689,1.27287195837201));
#2990=CARTESIAN_POINT('Ctrl Pts',(-150.175894744364,12.0546489153089,1.68578847444119));
#2991=CARTESIAN_POINT('Ctrl Pts',(-149.121779966658,10.8565227346071,2.34294456359576));
#2992=CARTESIAN_POINT('',(-144.172688897435,10.7622339902851,2.35333453300757));
#2993=CARTESIAN_POINT('',(-140.04844635204,10.6836600369175,2.36199284082494));
#2994=CARTESIAN_POINT('',(-144.09561316442,14.6748592051057,1.14656453065996));
#2995=CARTESIAN_POINT('Origin',(-144.099207205296,15.5726295745128,11.0057731929556));
#2996=CARTESIAN_POINT('',(-150.067027655286,14.7886249787185,1.13402832693335));
#2997=CARTESIAN_POINT('',(-139.971370619025,14.5962852517382,1.15522283847734));
#2998=CARTESIAN_POINT('',(-157.077814942817,19.2586906328761,1.69462141645699));
#2999=CARTESIAN_POINT('Ctrl Pts',(-157.077814417762,19.2587130884529,1.6945750992702));
#3000=CARTESIAN_POINT('Ctrl Pts',(-154.738946064532,17.835361044171,1.18900470904318));
#3001=CARTESIAN_POINT('Ctrl Pts',(-152.402917306688,16.2973819369965,0.995790804901638));
#3002=CARTESIAN_POINT('Ctrl Pts',(-150.067027655286,14.7886249787185,1.13402832693334));
#3003=CARTESIAN_POINT('',(-159.636050479196,22.1263581668171,3.30052982699498));
#3004=CARTESIAN_POINT('Ctrl Pts',(-157.077817882457,19.2585649100686,1.69488073407872));
#3005=CARTESIAN_POINT('Ctrl Pts',(-157.92871167489,20.2941071006168,2.07115543083926));
#3006=CARTESIAN_POINT('Ctrl Pts',(-158.781143208155,21.2674376298174,2.61533822433658));
#3007=CARTESIAN_POINT('Ctrl Pts',(-159.636050479196,22.1263581668171,3.30052982699499));
#3008=CARTESIAN_POINT('',(-139.839686202305,21.7492031895289,3.34208970464225));
#3009=CARTESIAN_POINT('',(-157.903723332405,24.2597206471809,5.77351834507097));
#3010=CARTESIAN_POINT('',(-139.803610511709,23.9148821938003,5.81151716463745));
#3011=CARTESIAN_POINT('',(-152.127131043023,21.7342658134481,3.11982665021082));
#3012=CARTESIAN_POINT('Ctrl Pts',(-157.903723332405,24.2597206471809,5.77351834507097));
#3013=CARTESIAN_POINT('Ctrl Pts',(-155.974641409504,23.58918458773,4.75180025897161));
#3014=CARTESIAN_POINT('Ctrl Pts',(-154.049410955791,22.7294196146523,3.84741794682949));
#3015=CARTESIAN_POINT('Ctrl Pts',(-152.127130948842,21.7342699178284,3.1198190356545));
#3016=CARTESIAN_POINT('',(-148.982096792144,18.0838697357796,1.39517680847851));
#3017=CARTESIAN_POINT('Ctrl Pts',(-152.127131043023,21.7342658134481,3.11982665021082));
#3018=CARTESIAN_POINT('Ctrl Pts',(-151.075755158824,20.6507359677902,2.31052443966376));
#3019=CARTESIAN_POINT('Ctrl Pts',(-150.02800081086,19.4011814600329,1.71961129533949));
#3020=CARTESIAN_POINT('Ctrl Pts',(-148.982096792144,18.0838697357796,1.39517680847852));
#3021=CARTESIAN_POINT('',(-144.033005722922,17.9895809914576,1.40556677789033));
#3022=CARTESIAN_POINT('',(-139.908763177527,17.91100703809,1.4142250857077));
#3023=CARTESIAN_POINT('',(-143.966713974971,21.667480181399,3.20543719867577));
#3024=CARTESIAN_POINT('Origin',(-144.099207205296,15.5726295745128,11.0057731929556));
#3025=CARTESIAN_POINT('',(-149.962375457225,21.7817079021329,3.19285009156197));
#3026=CARTESIAN_POINT('',(-139.842471429576,21.5889062280314,3.21409550649315));
#3027=CARTESIAN_POINT('',(-157.026296131553,24.6876261541417,6.57562870703961));
#3028=CARTESIAN_POINT('Ctrl Pts',(-157.026294991394,24.6876835586685,6.57560655578725));
#3029=CARTESIAN_POINT('Ctrl Pts',(-154.6661517301,23.9872479875499,5.26067675114669));
#3030=CARTESIAN_POINT('Ctrl Pts',(-152.312019319644,22.9877931618909,4.09532372566038));
#3031=CARTESIAN_POINT('Ctrl Pts',(-149.962375457225,21.7817079021328,3.19285009156197));
#3032=CARTESIAN_POINT('',(-159.58167895736,25.6770311653336,9.62382903852787));
#3033=CARTESIAN_POINT('Ctrl Pts',(-157.02630184225,24.687338633034,6.57573965565226));
#3034=CARTESIAN_POINT('Ctrl Pts',(-157.874892446595,25.1787382053057,7.53228788371169));
#3035=CARTESIAN_POINT('Ctrl Pts',(-158.726601481539,25.514944306823,8.56587190552182));
#3036=CARTESIAN_POINT('Ctrl Pts',(-159.58167895736,25.6770311653336,9.62382903852789));
#3037=CARTESIAN_POINT('',(-139.785314680469,25.2998761880454,9.66538891617514));
#3038=CARTESIAN_POINT('',(-157.646738389406,25.5417066775255,12.911170251015));
#3039=CARTESIAN_POINT('',(-139.794080118484,25.2015826612907,12.9486495721187));
#3040=CARTESIAN_POINT('',(-152.133898356037,25.5176693598615,9.5180649156589));
#3041=CARTESIAN_POINT('Ctrl Pts',(-157.646738389406,25.5417066775255,12.911170251015));
#3042=CARTESIAN_POINT('Ctrl Pts',(-155.805426880536,25.7295682274273,11.7961274875773));
#3043=CARTESIAN_POINT('Ctrl Pts',(-153.96775573381,25.7220935646618,10.6424395246746));
#3044=CARTESIAN_POINT('Ctrl Pts',(-152.133898356037,25.5176693598615,9.5180649156589));
#3045=CARTESIAN_POINT('',(-152.158120258708,25.5181308289992,9.51801406494221));
#3046=CARTESIAN_POINT('',(-139.785392597942,25.2824089684282,9.54398898844595));
#3047=CARTESIAN_POINT('',(-148.8779660994,24.022648882921,5.68852410627719));
#3048=CARTESIAN_POINT('Ctrl Pts',(-152.158120258708,25.5181308289991,9.51801406494221));
#3049=CARTESIAN_POINT('Ctrl Pts',(-151.059358873129,25.2929318837545,8.16057753050408));
#3050=CARTESIAN_POINT('Ctrl Pts',(-149.966160262441,24.7805800182747,6.84697088968682));
#3051=CARTESIAN_POINT('Ctrl Pts',(-148.8779660994,24.022648882921,5.68852410627719));
#3052=CARTESIAN_POINT('',(-143.928875030177,23.928360138599,5.69891407568899));
#3053=CARTESIAN_POINT('',(-139.804632484783,23.8497861852314,5.70757238350637));
#3054=CARTESIAN_POINT('',(-143.909635143336,25.3609829217957,9.53533068062857));
#3055=CARTESIAN_POINT('Origin',(-144.099207205296,15.5726295745128,11.0057731929556));
#3056=CARTESIAN_POINT('',(-149.790514849921,25.473023851188,9.52298454284056));
#3057=CARTESIAN_POINT('',(-139.785392597942,25.2824089684282,9.54398898844595));
#3058=CARTESIAN_POINT('',(-157.276843315695,25.2225752469114,14.0925838239511));
#3059=CARTESIAN_POINT('Ctrl Pts',(-157.276842731828,25.2226073388048,14.0925969418848));
#3060=CARTESIAN_POINT('Ctrl Pts',(-154.774740141059,25.6621386478755,12.628257596018));
#3061=CARTESIAN_POINT('Ctrl Pts',(-152.279087545182,25.7504306443675,11.0487781978733));
#3062=CARTESIAN_POINT('Ctrl Pts',(-149.79051484992,25.473023851188,9.52298454284056));
#3063=CARTESIAN_POINT('',(-159.629077836524,23.9656825479994,16.6710545336824));
#3064=CARTESIAN_POINT('Ctrl Pts',(-157.276851803788,25.2221087037625,14.0923931190262));
#3065=CARTESIAN_POINT('Ctrl Pts',(-158.058594665102,24.9320280274858,15.009111194382));
#3066=CARTESIAN_POINT('Ctrl Pts',(-158.842800273541,24.507780411523,15.8813563317651));
#3067=CARTESIAN_POINT('Ctrl Pts',(-159.629077836524,23.9656825479995,16.6710545336824));
#3068=CARTESIAN_POINT('',(-139.832713559632,23.5885275707113,16.7126144113297));
#3069=CARTESIAN_POINT('',(-157.658759960325,21.6176933380732,19.0105167146136));
#3070=CARTESIAN_POINT('',(-139.881616397081,21.2790080076224,19.0478375024649));
#3071=CARTESIAN_POINT('',(-152.176351385391,23.8684076372369,16.6226496511606));
#3072=CARTESIAN_POINT('Ctrl Pts',(-157.658759960325,21.6176933380732,19.0105167146136));
#3073=CARTESIAN_POINT('Ctrl Pts',(-155.829134036441,22.4967311805769,18.35625070773));
#3074=CARTESIAN_POINT('Ctrl Pts',(-154.001341177531,23.2622271569173,17.5447451134257));
#3075=CARTESIAN_POINT('Ctrl Pts',(-152.176351385391,23.8684076372369,16.6226496511606));
#3076=CARTESIAN_POINT('',(-148.865109157719,25.3834635299954,12.8835556338722));
#3077=CARTESIAN_POINT('Ctrl Pts',(-152.176348539499,23.8684054304937,16.6226510031709));
#3078=CARTESIAN_POINT('Ctrl Pts',(-151.626912034743,24.2418403167878,16.0691456799234));
#3079=CARTESIAN_POINT('Ctrl Pts',(-151.079918969594,24.5612901724609,15.4707321041227));
#3080=CARTESIAN_POINT('Ctrl Pts',(-149.974506958334,25.0701066128643,14.2214300269));
#3081=CARTESIAN_POINT('Ctrl Pts',(-149.417866062478,25.2627350541551,13.5578612457505));
#3082=CARTESIAN_POINT('Ctrl Pts',(-148.865109157719,25.3834635299954,12.8835556338722));
#3083=CARTESIAN_POINT('',(-143.916033926973,25.2887214756623,12.896278377639));
#3084=CARTESIAN_POINT('Ctrl Pts',(-148.86510916149,25.3834634134799,12.8835562338274));
#3085=CARTESIAN_POINT('Ctrl Pts',(-147.215417488286,25.351880625694,12.8878084755728));
#3086=CARTESIAN_POINT('Ctrl Pts',(-145.565725715908,25.3203007673238,12.892045125366));
#3087=CARTESIAN_POINT('Ctrl Pts',(-143.916033930427,25.2887213688555,12.8962789268983));
#3088=CARTESIAN_POINT('',(-143.956396407413,23.6896018417168,16.6718446974015));
#3089=CARTESIAN_POINT('Ctrl Pts',(-143.916033926973,25.2887214756623,12.896278377639));
#3090=CARTESIAN_POINT('Ctrl Pts',(-143.920275007548,25.1574897061221,13.5711435603785));
#3091=CARTESIAN_POINT('Ctrl Pts',(-143.925882361071,24.9539307635354,14.2371100096208));
#3092=CARTESIAN_POINT('Ctrl Pts',(-143.939389724916,24.4188018029428,15.5002693202576));
#3093=CARTESIAN_POINT('Ctrl Pts',(-143.947414725134,24.0818982666045,16.1096312027031));
#3094=CARTESIAN_POINT('Ctrl Pts',(-143.956396407413,23.6896018417168,16.6718446974015));
#3095=CARTESIAN_POINT('',(-149.891402130379,23.804299254662,16.6570558969122));
#3096=CARTESIAN_POINT('Ctrl Pts',(-143.95639750404,23.6896021036982,16.6718443497257));
#3097=CARTESIAN_POINT('Ctrl Pts',(-145.9347324792,23.7278301229065,16.6669213574387));
#3098=CARTESIAN_POINT('Ctrl Pts',(-147.913067214521,23.7660686553424,16.6619830546879));
#3099=CARTESIAN_POINT('Ctrl Pts',(-149.891402130382,23.8042992542782,16.657055895019));
#3100=CARTESIAN_POINT('',(-157.453386879014,20.4983417397021,19.7065992058896));
#3101=CARTESIAN_POINT('Ctrl Pts',(-157.453386571871,20.4983629440101,19.706645332064));
#3102=CARTESIAN_POINT('Ctrl Pts',(-154.929159653985,21.8193735849945,18.9794874717014));
#3103=CARTESIAN_POINT('Ctrl Pts',(-152.407607914311,22.9639123375012,17.9251282461233));
#3104=CARTESIAN_POINT('Ctrl Pts',(-149.891402130379,23.804299254662,16.6570558969122));
#3105=CARTESIAN_POINT('',(-159.752811822922,17.9106600813509,20.6605082246463));
#3106=CARTESIAN_POINT('Ctrl Pts',(-157.45339010972,20.4981187005124,19.7061140240803));
#3107=CARTESIAN_POINT('Ctrl Pts',(-158.21914838346,19.6866073299912,20.1459620438252));
#3108=CARTESIAN_POINT('Ctrl Pts',(-158.985851019518,18.8126724809074,20.4691498264482));
#3109=CARTESIAN_POINT('Ctrl Pts',(-159.752811822921,17.9106600813509,20.6605082246463));
#3110=CARTESIAN_POINT('',(-139.95644754603,17.5335051040627,20.7020681022935));
#3111=CARTESIAN_POINT('',(-157.868418631448,14.592156736903,20.798648925939));
#3112=CARTESIAN_POINT('',(-140.01924543165,14.2520991173005,20.8361209305916));
#3113=CARTESIAN_POINT('',(-152.157415644088,17.9707626030638,20.6310669865385));
#3114=CARTESIAN_POINT('Ctrl Pts',(-157.868418631448,14.592156736903,20.798648925939));
#3115=CARTESIAN_POINT('Ctrl Pts',(-155.965215058507,15.7167705486852,20.9494373184496));
#3116=CARTESIAN_POINT('Ctrl Pts',(-154.061080033114,16.8673654170172,20.8923211708153));
#3117=CARTESIAN_POINT('Ctrl Pts',(-152.157415644088,17.9707626030638,20.6310669865385));
#3118=CARTESIAN_POINT('',(-148.954950025015,21.4518706556786,19.0287892611321));
#3119=CARTESIAN_POINT('Ctrl Pts',(-152.157415790887,17.9707519423883,20.6310401664771));
#3120=CARTESIAN_POINT('Ctrl Pts',(-151.088707450653,19.221606890386,20.3370704694169));
#3121=CARTESIAN_POINT('Ctrl Pts',(-150.020599910602,20.4129600003585,19.7893041858002));
#3122=CARTESIAN_POINT('Ctrl Pts',(-148.954950025015,21.4518706556786,19.0287892611321));
#3123=CARTESIAN_POINT('',(-144.005858955792,21.3575819113565,19.0391792305439));
#3124=CARTESIAN_POINT('',(-139.881616398107,21.2790079577548,19.0478375383871));
#3125=CARTESIAN_POINT('',(-144.080690052811,17.6120785152563,20.6934099085413));
#3126=CARTESIAN_POINT('Origin',(-144.09920718686,15.5726295741615,11.0057731929943));
#3127=CARTESIAN_POINT('',(-150.155327274592,17.7278108604167,20.6806570021915));
#3128=CARTESIAN_POINT('',(-139.956447556581,17.5335045628254,20.7020682162554));
#3129=CARTESIAN_POINT('',(-157.519487874966,13.3813953464137,20.570573453946));
#3130=CARTESIAN_POINT('Ctrl Pts',(-157.519488642408,13.3813651880871,20.5706653261421));
#3131=CARTESIAN_POINT('Ctrl Pts',(-155.06611974103,14.7968450516989,20.9486023426155));
#3132=CARTESIAN_POINT('Ctrl Pts',(-152.610405828297,16.2979271246173,20.986369933211));
#3133=CARTESIAN_POINT('Ctrl Pts',(-150.155327274592,17.7278108604167,20.6806570021915));
#3134=CARTESIAN_POINT('',(-159.886482504856,10.7612236194298,19.4513604466234));
#3135=CARTESIAN_POINT('Ctrl Pts',(-157.519484349119,13.3815339023686,20.570151366871));
#3136=CARTESIAN_POINT('Ctrl Pts',(-158.309671586409,12.4603008341888,20.329284409032));
#3137=CARTESIAN_POINT('Ctrl Pts',(-159.098908877309,11.5738798765738,19.9518452492896));
#3138=CARTESIAN_POINT('Ctrl Pts',(-159.886482504856,10.7612236194298,19.4513604466234));
#3139=CARTESIAN_POINT('',(-140.090118227964,10.3840686421416,19.4929203242707));
#3140=CARTESIAN_POINT('',(-158.027860084895,8.2325776277066,17.3162994754639));
#3141=CARTESIAN_POINT('',(-140.13311241831,7.89165173569082,17.3538671577489));
#3142=CARTESIAN_POINT('',(-152.200303510182,10.8690077409316,19.6156087220896));
#3143=CARTESIAN_POINT('Ctrl Pts',(-158.027860084895,8.2325776277066,17.3162994754639));
#3144=CARTESIAN_POINT('Ctrl Pts',(-156.088502095558,8.96294845411606,18.2405582650983));
#3145=CARTESIAN_POINT('Ctrl Pts',(-154.145635972316,9.8619153313037,19.0237806193919));
#3146=CARTESIAN_POINT('Ctrl Pts',(-152.200308024066,10.8690101739815,19.6156120284145));
#3147=CARTESIAN_POINT('',(-149.091590367476,14.4000445761369,20.8138942530233));
#3148=CARTESIAN_POINT('Ctrl Pts',(-152.200140590617,10.8689199248934,19.6154893869481));
#3149=CARTESIAN_POINT('Ctrl Pts',(-151.727709595312,11.3658428216662,19.9010545469247));
#3150=CARTESIAN_POINT('Ctrl Pts',(-151.254648609488,11.8901468306328,20.1432564209511));
#3151=CARTESIAN_POINT('Ctrl Pts',(-150.21679456011,13.061655674564,20.5626403539176));
#3152=CARTESIAN_POINT('Ctrl Pts',(-149.653372347029,13.7284567196223,20.7246813940346));
#3153=CARTESIAN_POINT('Ctrl Pts',(-149.091590367476,14.4000445761369,20.8138942530233));
#3154=CARTESIAN_POINT('',(-144.142546864449,14.3033302683108,20.8239707393804));
#3155=CARTESIAN_POINT('Ctrl Pts',(-149.091590375768,14.4000441457743,20.8138941974574));
#3156=CARTESIAN_POINT('Ctrl Pts',(-147.441909291126,14.3678017470328,20.8172525730892));
#3157=CARTESIAN_POINT('Ctrl Pts',(-145.792227947896,14.3355727505487,20.8206125787761));
#3158=CARTESIAN_POINT('Ctrl Pts',(-144.142546871641,14.3033298952563,20.82397069112));
#3159=CARTESIAN_POINT('',(-144.215447986591,10.4337765829794,19.4667824909935));
#3160=CARTESIAN_POINT('Ctrl Pts',(-144.142546864449,14.3033302683108,20.8239707393804));
#3161=CARTESIAN_POINT('Ctrl Pts',(-144.149184650337,13.9588795364329,20.7794107274242));
#3162=CARTESIAN_POINT('Ctrl Pts',(-144.15564532402,13.6216425868579,20.7174915107336));
#3163=CARTESIAN_POINT('Ctrl Pts',(-144.168351339081,12.9550187990943,20.5593663489386));
#3164=CARTESIAN_POINT('Ctrl Pts',(-144.174650244781,12.6226860177249,20.4620712815131));
#3165=CARTESIAN_POINT('Ctrl Pts',(-144.186919622786,11.9714102240531,20.2335696334364));
#3166=CARTESIAN_POINT('Ctrl Pts',(-144.192850350834,11.6546806709648,20.1034765474566));
#3167=CARTESIAN_POINT('Ctrl Pts',(-144.204409823935,11.0333394686664,19.8098929957919));
#3168=CARTESIAN_POINT('Ctrl Pts',(-144.210081649206,10.7262379497089,19.6444846548262));
#3169=CARTESIAN_POINT('Ctrl Pts',(-144.215447986591,10.4337765829794,19.4667824909935));
#3170=CARTESIAN_POINT('',(-150.384452842448,10.5538982781538,19.4554048877216));
#3171=CARTESIAN_POINT('Ctrl Pts',(-144.215449904689,10.4337767065609,19.4667825398302));
#3172=CARTESIAN_POINT('Ctrl Pts',(-146.2717840132,10.4738283585705,19.4629969316876));
#3173=CARTESIAN_POINT('Ctrl Pts',(-148.328118620307,10.513852846878,19.4591946449822));
#3174=CARTESIAN_POINT('Ctrl Pts',(-150.384452842456,10.5538982779563,19.4554048899103));
#3175=CARTESIAN_POINT('',(-157.577054811781,7.52961964210816,16.3765342412327));
#3176=CARTESIAN_POINT('Ctrl Pts',(-157.577057004878,7.52951113528936,16.3765941899034));
#3177=CARTESIAN_POINT('Ctrl Pts',(-155.184680851277,8.29101161215486,17.6219142158967));
#3178=CARTESIAN_POINT('Ctrl Pts',(-152.786543395361,9.33456126725904,18.6825227277543));
#3179=CARTESIAN_POINT('Ctrl Pts',(-150.384452842448,10.5538982781537,19.4554048877216));
#3180=CARTESIAN_POINT('',(-159.95835921859,6.35391993026167,13.6924668156539));
#3181=CARTESIAN_POINT('Ctrl Pts',(-157.577047953939,7.52995894433246,16.3763467809649));
#3182=CARTESIAN_POINT('Ctrl Pts',(-158.373428728825,7.00832004951971,15.5487669036485));
#3183=CARTESIAN_POINT('Ctrl Pts',(-159.167301871352,6.60949673127557,14.6412662505664));
#3184=CARTESIAN_POINT('Ctrl Pts',(-159.95835921859,6.35391993026168,13.6924668156539));
#3185=CARTESIAN_POINT('',(-140.161994941698,5.9767649529735,13.7340266933011));
#3186=CARTESIAN_POINT('',(-157.958423347634,6.17725335664035,8.8000212719488));
#3187=CARTESIAN_POINT('',(-140.154357773705,5.83805511532436,8.8373985790405));
#3188=CARTESIAN_POINT('Ctrl Pts',(-157.958423347634,6.17725335664035,8.8000212719488));
#3189=CARTESIAN_POINT('Ctrl Pts',(-156.153762892619,5.78504431732967,10.3909145418739));
#3190=CARTESIAN_POINT('Ctrl Pts',(-154.34168194581,5.79206671306602,12.0701950823315));
#3191=CARTESIAN_POINT('Ctrl Pts',(-152.521861003807,6.19344313685645,13.6414103413511));
#3192=CARTESIAN_POINT('',(-149.205218993427,8.02154907983271,17.2829669277111));
#3193=CARTESIAN_POINT('Ctrl Pts',(-152.534887418872,6.19369291043487,13.6413887376189));
#3194=CARTESIAN_POINT('Ctrl Pts',(-152.257365618348,6.28120937708765,13.975558564307));
#3195=CARTESIAN_POINT('Ctrl Pts',(-151.9815937751,6.38409556831879,14.2984748795539));
#3196=CARTESIAN_POINT('Ctrl Pts',(-151.428603550675,6.62642878233315,14.941403382677));
#3197=CARTESIAN_POINT('Ctrl Pts',(-151.151005835868,6.76503346464026,15.2573444331514));
#3198=CARTESIAN_POINT('Ctrl Pts',(-150.596160572607,7.0708931132575,15.866397404739));
#3199=CARTESIAN_POINT('Ctrl Pts',(-150.31898918193,7.23948598185092,16.1627369138631));
#3200=CARTESIAN_POINT('Ctrl Pts',(-149.762318894042,7.61029203761928,16.7409405010351));
#3201=CARTESIAN_POINT('Ctrl Pts',(-149.482298778205,7.80935684322175,17.0179530013918));
#3202=CARTESIAN_POINT('Ctrl Pts',(-149.205218993427,8.02154907983274,17.2829669277111));
#3203=CARTESIAN_POINT('',(-144.256154879973,7.92582321443529,17.2916083527369));
#3204=CARTESIAN_POINT('Ctrl Pts',(-149.205218993421,8.02154908020556,17.2829669281646));
#3205=CARTESIAN_POINT('Ctrl Pts',(-147.555530947011,7.98964097116524,17.2858481626839));
#3206=CARTESIAN_POINT('Ctrl Pts',(-145.905842992084,7.95772753499362,17.2887227792009));
#3207=CARTESIAN_POINT('Ctrl Pts',(-144.256154880147,7.92582320434308,17.2916083404553));
#3208=CARTESIAN_POINT('Ctrl Pts',(-144.256154879973,7.92582321443529,17.2916083527369));
#3209=CARTESIAN_POINT('Ctrl Pts',(-144.259905036115,7.70770758843731,17.0261739616624));
#3210=CARTESIAN_POINT('Ctrl Pts',(-144.263370195574,7.50368791161149,16.7498623113033));
#3211=CARTESIAN_POINT('Ctrl Pts',(-144.26972651804,7.1230624092719,16.1735077367359));
#3212=CARTESIAN_POINT('Ctrl Pts',(-144.272575482424,6.94911829433719,15.8774188249801));
#3213=CARTESIAN_POINT('Ctrl Pts',(-144.277643339675,6.63256036617882,15.2686277521082));
#3214=CARTESIAN_POINT('Ctrl Pts',(-144.279877896973,6.48881009455532,14.9531458200853));
#3215=CARTESIAN_POINT('Ctrl Pts',(-144.283655714349,6.23629431763998,14.3114090934517));
#3216=CARTESIAN_POINT('Ctrl Pts',(-144.285192155394,6.12836980741267,13.9893497857412));
#3217=CARTESIAN_POINT('Ctrl Pts',(-144.28641212114,6.03553483105797,13.6550708691113));
#3218=CARTESIAN_POINT('',(-159.910388099535,7.92211065916225,5.0735095639928));
#3219=CARTESIAN_POINT('Ctrl Pts',(-158.02314381029,6.70558902550445,7.15243582760117));
#3220=CARTESIAN_POINT('Ctrl Pts',(-158.653754037304,7.02600091320319,6.41543965010813));
#3221=CARTESIAN_POINT('Ctrl Pts',(-159.282759291584,7.43473180934797,5.71543416718808));
#3222=CARTESIAN_POINT('Ctrl Pts',(-159.910388099535,7.92211065916225,5.0735095639928));
#3223=CARTESIAN_POINT('',(-140.114023822644,7.54495568187407,5.11506944164006));
#3224=CARTESIAN_POINT('Ctrl Pts',(-157.330308736171,11.1915407157417,1.30514599876102));
#3225=CARTESIAN_POINT('Ctrl Pts',(-155.428304652557,9.45922344509821,2.12129980659892));
#3226=CARTESIAN_POINT('Ctrl Pts',(-153.523055608238,7.94735690969961,3.39235552820383));
#3227=CARTESIAN_POINT('Ctrl Pts',(-151.610476799332,6.85180741693755,4.95006644712828));
#3228=CARTESIAN_POINT('Ctrl Pts',(-157.231950369423,11.335192469718,1.3895734200623));
#3229=CARTESIAN_POINT('Ctrl Pts',(-155.329611494148,9.6176372326438,2.18021985669085));
#3230=CARTESIAN_POINT('Ctrl Pts',(-153.424150379695,8.11365732230421,3.42183040629274));
#3231=CARTESIAN_POINT('Ctrl Pts',(-151.511510383465,7.01807176285628,4.950068445109));
#3232=CARTESIAN_POINT('Ctrl Pts',(-157.133592002674,11.4788442236943,1.47400084136357));
#3233=CARTESIAN_POINT('Ctrl Pts',(-155.23091833574,9.7760510201894,2.23913990678279));
#3234=CARTESIAN_POINT('Ctrl Pts',(-153.325245151152,8.27995773490882,3.45130528438166));
#3235=CARTESIAN_POINT('Ctrl Pts',(-151.412543967597,7.18433610877501,4.95007044308971));
#3236=CARTESIAN_POINT('Ctrl Pts',(-157.035233635926,11.6224959776707,1.55842826266485));
#3237=CARTESIAN_POINT('Ctrl Pts',(-155.132225177331,9.93446480773499,2.29805995687472));
#3238=CARTESIAN_POINT('Ctrl Pts',(-153.226339922608,8.44625814751342,3.48078016247057));
#3239=CARTESIAN_POINT('Ctrl Pts',(-151.31357755173,7.35060045469373,4.95007244107043));
#3240=CARTESIAN_POINT('',(-157.035233635926,11.6224959776706,1.55842826266486));
#3241=CARTESIAN_POINT('',(-156.544866840002,10.9604141659895,1.72480870580886));
#3242=CARTESIAN_POINT('Ctrl Pts',(-157.035233635926,11.6224959776707,1.55842826266485));
#3243=CARTESIAN_POINT('Ctrl Pts',(-156.871033790325,11.4006263018821,1.60699674624509));
#3244=CARTESIAN_POINT('Ctrl Pts',(-156.707608084889,11.1798947757097,1.66257333282497));
#3245=CARTESIAN_POINT('Ctrl Pts',(-156.544864054332,10.9605852000625,1.72503392817119));
#3246=CARTESIAN_POINT('',(-151.31357755173,7.35060045469373,4.95007244107042));
#3247=CARTESIAN_POINT('Ctrl Pts',(-151.313600721886,7.35073850856341,4.95020582707625));
#3248=CARTESIAN_POINT('Ctrl Pts',(-153.226240883969,8.44767097564086,3.48264599918933));
#3249=CARTESIAN_POINT('Ctrl Pts',(-155.131970090836,9.93937636858563,2.30572193857378));
#3250=CARTESIAN_POINT('Ctrl Pts',(-157.034927768206,11.6242492304945,1.56161591970512));
#3251=CARTESIAN_POINT('',(-151.911480495919,7.02761252576682,4.7071950170422));
#3252=CARTESIAN_POINT('Ctrl Pts',(-151.911479524914,7.02767022752873,4.70725613674945));
#3253=CARTESIAN_POINT('Ctrl Pts',(-151.813408062832,7.08225801230494,4.74825161168184));
#3254=CARTESIAN_POINT('Ctrl Pts',(-151.714879438487,7.13629968440111,4.7888605865276));
#3255=CARTESIAN_POINT('Ctrl Pts',(-151.615876147215,7.18978794862201,4.82907857251866));
#3256=CARTESIAN_POINT('Ctrl Pts',(-151.515585020791,7.24397198836701,4.86981971420916));
#3257=CARTESIAN_POINT('Ctrl Pts',(-151.414825177335,7.297578200259,4.91015216170693));
#3258=CARTESIAN_POINT('Ctrl Pts',(-151.31357755173,7.35060045469373,4.95007244107043));
#3259=CARTESIAN_POINT('',(-156.940289953856,10.8394253850636,1.47869655162546));
#3260=CARTESIAN_POINT('Ctrl Pts',(-151.911487265516,7.02767483790857,4.70724995354523));
#3261=CARTESIAN_POINT('Ctrl Pts',(-153.592324939445,8.02879906100526,3.36459465552629));
#3262=CARTESIAN_POINT('Ctrl Pts',(-155.267662671236,9.34377571775247,2.25033631032131));
#3263=CARTESIAN_POINT('Ctrl Pts',(-156.940276380957,10.8394994672552,1.47881074651374));
#3264=CARTESIAN_POINT('Ctrl Pts',(-156.544866840002,10.9604141659895,1.72480870580886));
#3265=CARTESIAN_POINT('Ctrl Pts',(-156.57842898425,10.9503588336737,1.70432754619795));
#3266=CARTESIAN_POINT('Ctrl Pts',(-156.61193716208,10.9402654253609,1.68377579486503));
#3267=CARTESIAN_POINT('Ctrl Pts',(-156.744167556534,10.9002214135874,1.60226718072148));
#3268=CARTESIAN_POINT('Ctrl Pts',(-156.842460941967,10.8699835910941,1.54077865902539));
#3269=CARTESIAN_POINT('Ctrl Pts',(-156.940289953856,10.8394253850636,1.47869655162544));
#3270=CARTESIAN_POINT('Ctrl Pts',(-150.68978443386,7.67309513103497,5.19300421813216));
#3271=CARTESIAN_POINT('Ctrl Pts',(-153.323024911557,9.12244518239017,3.25190425012267));
#3272=CARTESIAN_POINT('Ctrl Pts',(-155.943616030618,11.294781170081,1.84657181144855));
#3273=CARTESIAN_POINT('Ctrl Pts',(-158.562084793252,13.6750031128599,1.31685026876842));
#3274=CARTESIAN_POINT('Ctrl Pts',(-150.784836248588,7.50230267783135,5.19967263185438));
#3275=CARTESIAN_POINT('Ctrl Pts',(-153.418020889895,8.94999630146099,3.21694387232902));
#3276=CARTESIAN_POINT('Ctrl Pts',(-156.038256312906,11.1363668265036,1.76954458790384));
#3277=CARTESIAN_POINT('Ctrl Pts',(-158.656155879409,13.5429068210287,1.20753157078169));
#3278=CARTESIAN_POINT('Ctrl Pts',(-150.879888063316,7.33151022462773,5.2063410455766));
#3279=CARTESIAN_POINT('Ctrl Pts',(-153.513016868233,8.77754742053181,3.18198349453537));
#3280=CARTESIAN_POINT('Ctrl Pts',(-156.132896595193,10.9779524829263,1.69251736435912));
#3281=CARTESIAN_POINT('Ctrl Pts',(-158.750226965567,13.4108105291974,1.09821287279496));
#3282=CARTESIAN_POINT('Ctrl Pts',(-150.974939878044,7.16071777142411,5.21300945929883));
#3283=CARTESIAN_POINT('Ctrl Pts',(-153.60801284657,8.60509853960264,3.14702311674173));
#3284=CARTESIAN_POINT('Ctrl Pts',(-156.227536877481,10.8195381393489,1.6154901408144));
#3285=CARTESIAN_POINT('Ctrl Pts',(-158.844298051724,13.2787142373662,0.988894174808224));
#3286=CARTESIAN_POINT('Ctrl Pts',(-158.562084793252,13.6750031128599,1.31685026876842));
#3287=CARTESIAN_POINT('Ctrl Pts',(-158.339459264997,13.3796435853878,1.32330530548741));
#3288=CARTESIAN_POINT('Ctrl Pts',(-158.118267881138,13.0838978242788,1.34230720534838));
#3289=CARTESIAN_POINT('Ctrl Pts',(-157.89829124223,12.7884492944383,1.37366857527274));
#3290=CARTESIAN_POINT('Ctrl Pts',(-157.86401400762,12.7424118669072,1.37855537161574));
#3291=CARTESIAN_POINT('Ctrl Pts',(-157.829766268579,12.6963816197587,1.38374235873796));
#3292=CARTESIAN_POINT('Ctrl Pts',(-157.795547195905,12.650361104033,1.38922893413256));
#3293=CARTESIAN_POINT('Ctrl Pts',(-157.572638080948,12.3505752936969,1.42496946038925));
#3294=CARTESIAN_POINT('Ctrl Pts',(-157.351184487641,12.0515253147131,1.47338041593309));
#3295=CARTESIAN_POINT('Ctrl Pts',(-157.130962035765,11.7539143405482,1.53423873229415));
#3296=CARTESIAN_POINT('Ctrl Pts',(-157.099016369291,11.7107426255908,1.54306689427337));
#3297=CARTESIAN_POINT('Ctrl Pts',(-157.06709660991,11.6676011693451,1.55215706855759));
#3298=CARTESIAN_POINT('Ctrl Pts',(-157.035202073227,11.6244921006693,1.56150866228732));
#3299=CARTESIAN_POINT('Ctrl Pts',(-151.313575517586,7.35072405348092,4.95022516623431));
#3300=CARTESIAN_POINT('Ctrl Pts',(-151.211321654643,7.40542680738678,4.99135676206714));
#3301=CARTESIAN_POINT('Ctrl Pts',(-151.108548829794,7.45948476435721,5.03203394199816));
#3302=CARTESIAN_POINT('Ctrl Pts',(-151.005234917616,7.51289349978505,5.07225521596812));
#3303=CARTESIAN_POINT('Ctrl Pts',(-150.90062042599,7.56697457741879,5.11298282021999));
#3304=CARTESIAN_POINT('Ctrl Pts',(-150.795478093033,7.62037605190596,5.15323247176765));
#3305=CARTESIAN_POINT('Ctrl Pts',(-150.68978443386,7.67309513103497,5.19300421813215));
#3306=CARTESIAN_POINT('Ctrl Pts',(-156.541040927591,11.2147304640322,2.21031306639826));
#3307=CARTESIAN_POINT('Ctrl Pts',(-156.544880151865,10.9595292989478,1.72311944400926));
#3308=CARTESIAN_POINT('Ctrl Pts',(-156.54871937614,10.7043281338633,1.23592582162026));
#3309=CARTESIAN_POINT('Ctrl Pts',(-156.552558600415,10.4491269687789,0.748732199231258));
#3310=CARTESIAN_POINT('Ctrl Pts',(-157.61629934338,12.4534237789952,1.56993559712963));
#3311=CARTESIAN_POINT('Ctrl Pts',(-157.618775441769,12.2658599532717,1.04724674523876));
#3312=CARTESIAN_POINT('Ctrl Pts',(-157.621250984549,12.0783408195768,0.524698817323978));
#3313=CARTESIAN_POINT('Ctrl Pts',(-157.623727082938,11.8907769938534,0.00200996543311058));
#3314=CARTESIAN_POINT('Ctrl Pts',(-158.689541959297,13.8263174620787,1.18723040302081));
#3315=CARTESIAN_POINT('Ctrl Pts',(-158.690542696447,13.7138645683022,0.643407545023183));
#3316=CARTESIAN_POINT('Ctrl Pts',(-158.691543061796,13.6014470088451,0.0997282439856934));
#3317=CARTESIAN_POINT('Ctrl Pts',(-158.692543798945,13.4889941150686,-0.44409461401193));
#3318=CARTESIAN_POINT('Ctrl Pts',(-159.763015432982,15.2190337294322,1.09438002687507));
#3319=CARTESIAN_POINT('Ctrl Pts',(-159.762553571659,15.1828016811543,0.545574938194479));
#3320=CARTESIAN_POINT('Ctrl Pts',(-159.762091710336,15.1465696328765,-0.00323015048611187));
#3321=CARTESIAN_POINT('Ctrl Pts',(-159.761629849013,15.1103375845986,-0.552035239166703));
#3322=CARTESIAN_POINT('',(-156.546799764003,10.8319287164056,1.47952263281475));
#3323=CARTESIAN_POINT('Ctrl Pts',(-156.546799764003,10.8319287164056,1.47952263281477));
#3324=CARTESIAN_POINT('Ctrl Pts',(-156.546168677822,10.8738783180022,1.55960682190105));
#3325=CARTESIAN_POINT('Ctrl Pts',(-156.54553759164,10.9158279195989,1.63969101098734));
#3326=CARTESIAN_POINT('Ctrl Pts',(-156.54489328364,10.9586564027936,1.7214530353187));
#3327=CARTESIAN_POINT('Ctrl Pts',(-156.544880061821,10.9595352843915,1.72313087056378));
#3328=CARTESIAN_POINT('Ctrl Pts',(-156.544866840002,10.9604141659895,1.72480870580886));
#3329=CARTESIAN_POINT('',(-156.552558600415,10.4491269687789,0.74873219923126));
#3330=CARTESIAN_POINT('',(-156.541040927591,11.2147304640322,2.21031306639826));
#3331=CARTESIAN_POINT('',(-159.761629849013,15.1103375845986,-0.552035239166713));
#3332=CARTESIAN_POINT('Ctrl Pts',(-156.552558600415,10.4491269687789,0.748732199231258));
#3333=CARTESIAN_POINT('Ctrl Pts',(-157.623727082938,11.8907769938534,0.00200996543311058));
#3334=CARTESIAN_POINT('Ctrl Pts',(-158.692543798945,13.4889941150686,-0.44409461401193));
#3335=CARTESIAN_POINT('Ctrl Pts',(-159.761629849013,15.1103375845986,-0.552035239166703));
#3336=CARTESIAN_POINT('',(-159.763015432982,15.2190337294322,1.09438002687506));
#3337=CARTESIAN_POINT('Ctrl Pts',(-157.217532763817,18.6572651558573,0.63435640226898));
#3338=CARTESIAN_POINT('Ctrl Pts',(-155.172020153755,17.2729315076778,0.270139813916461));
#3339=CARTESIAN_POINT('Ctrl Pts',(-153.128442079229,15.8163460620707,0.171723940246893));
#3340=CARTESIAN_POINT('Ctrl Pts',(-151.08480584912,14.3929450219158,0.346754361922386));
#3341=CARTESIAN_POINT('Ctrl Pts',(-157.139770802031,18.7247488764808,0.797792163037479));
#3342=CARTESIAN_POINT('Ctrl Pts',(-155.093834930587,17.3616435861851,0.424608857723987));
#3343=CARTESIAN_POINT('Ctrl Pts',(-153.049858689635,15.9245075916206,0.313036296023281));
#3344=CARTESIAN_POINT('Ctrl Pts',(-151.005879011884,14.5173300444779,0.471698924325836));
#3345=CARTESIAN_POINT('Ctrl Pts',(-157.062008840244,18.7922325971042,0.961227923805978));
#3346=CARTESIAN_POINT('Ctrl Pts',(-155.015649707418,17.4503556646924,0.579077901531513));
#3347=CARTESIAN_POINT('Ctrl Pts',(-152.971275300041,16.0326691211705,0.454348651799668));
#3348=CARTESIAN_POINT('Ctrl Pts',(-150.926952174648,14.6417150670401,0.596643486729285));
#3349=CARTESIAN_POINT('Ctrl Pts',(-156.984246878458,18.8597163177277,1.12466368457448));
#3350=CARTESIAN_POINT('Ctrl Pts',(-154.93746448425,17.5390677431996,0.733546945339039));
#3351=CARTESIAN_POINT('Ctrl Pts',(-152.892691910447,16.1408306507204,0.595661007576055));
#3352=CARTESIAN_POINT('Ctrl Pts',(-150.848025337412,14.7661000896022,0.721588049132735));
#3353=CARTESIAN_POINT('',(-157.217532763818,18.6572651558573,0.634356402268981));
#3354=CARTESIAN_POINT('',(-156.48214819531,18.5342275467754,1.0337416529868));
#3355=CARTESIAN_POINT('Ctrl Pts',(-156.482148457148,18.5342199118359,1.03379708811828));
#3356=CARTESIAN_POINT('Ctrl Pts',(-156.60654985454,18.5543040549716,0.968889590578953));
#3357=CARTESIAN_POINT('Ctrl Pts',(-156.730352861417,18.5746546823398,0.902969980766698));
#3358=CARTESIAN_POINT('Ctrl Pts',(-156.853576988006,18.5952762753243,0.836024418442733));
#3359=CARTESIAN_POINT('Ctrl Pts',(-156.97549417472,18.615679151545,0.769788894220302));
#3360=CARTESIAN_POINT('Ctrl Pts',(-157.096805869235,18.6363407782138,0.702570160777062));
#3361=CARTESIAN_POINT('Ctrl Pts',(-157.217532763817,18.6572651558573,0.63435640226898));
#3362=CARTESIAN_POINT('',(-150.848025337413,14.7661000896022,0.721588049132731));
#3363=CARTESIAN_POINT('Ctrl Pts',(-150.848031672767,14.7660988371462,0.721677673723847));
#3364=CARTESIAN_POINT('Ctrl Pts',(-152.725488218513,16.0283696946419,0.606604192552357));
#3365=CARTESIAN_POINT('Ctrl Pts',(-154.60303215496,17.3104810905511,0.7132102848923));
#3366=CARTESIAN_POINT('Ctrl Pts',(-156.482138098138,18.5341971964869,1.03391662237673));
#3367=CARTESIAN_POINT('',(-151.586171474359,14.7427588097723,0.309237732061023));
#3368=CARTESIAN_POINT('Ctrl Pts',(-151.586171624623,14.7427564957656,0.309295883950821));
#3369=CARTESIAN_POINT('Ctrl Pts',(-151.465757515325,14.7468109824887,0.37925099831849));
#3370=CARTESIAN_POINT('Ctrl Pts',(-151.344772874911,14.7507617425092,0.448189538682407));
#3371=CARTESIAN_POINT('Ctrl Pts',(-151.223197323935,14.7546094027845,0.516125891866784));
#3372=CARTESIAN_POINT('Ctrl Pts',(-151.098725733726,14.7585487177965,0.585680550233158));
#3373=CARTESIAN_POINT('Ctrl Pts',(-150.973675067754,14.7623786878344,0.65416217256043));
#3374=CARTESIAN_POINT('Ctrl Pts',(-150.848025337412,14.7661000896022,0.721588049132735));
#3375=CARTESIAN_POINT('Ctrl Pts',(-151.586175092936,14.7427589194702,0.309295662716438));
#3376=CARTESIAN_POINT('Ctrl Pts',(-153.462691718738,16.0540942026109,0.189597864832142));
#3377=CARTESIAN_POINT('Ctrl Pts',(-155.33929670602,17.3861386122017,0.299924472724089));
#3378=CARTESIAN_POINT('Ctrl Pts',(-157.217532763817,18.6572651558573,0.63435640226898));
#3379=CARTESIAN_POINT('Ctrl Pts',(-150.067027655286,14.7886249787185,1.13402832693334));
#3380=CARTESIAN_POINT('Ctrl Pts',(-152.402917306688,16.2973819369965,0.995790804901638));
#3381=CARTESIAN_POINT('Ctrl Pts',(-154.738946064532,17.835361044171,1.18900470904318));
#3382=CARTESIAN_POINT('Ctrl Pts',(-157.077814417762,19.2587130884529,1.6945750992702));
#3383=CARTESIAN_POINT('Ctrl Pts',(-150.141886240451,14.656633605769,1.01011234262312));
#3384=CARTESIAN_POINT('Ctrl Pts',(-152.477384262457,16.1837640302997,0.852067401293352));
#3385=CARTESIAN_POINT('Ctrl Pts',(-154.812944975749,17.7445873182446,1.02964641842509));
#3386=CARTESIAN_POINT('Ctrl Pts',(-157.15131396676,19.193053152656,1.52526092206787));
#3387=CARTESIAN_POINT('Ctrl Pts',(-150.216744825615,14.5246422328196,0.886196358312907));
#3388=CARTESIAN_POINT('Ctrl Pts',(-152.551851218226,16.0701461236029,0.708343997685065));
#3389=CARTESIAN_POINT('Ctrl Pts',(-154.886943886965,17.6538135923183,0.870288127806995));
#3390=CARTESIAN_POINT('Ctrl Pts',(-157.224813515758,19.1273932168591,1.35594674486554));
#3391=CARTESIAN_POINT('Ctrl Pts',(-150.291603410779,14.3926508598701,0.762280374002691));
#3392=CARTESIAN_POINT('Ctrl Pts',(-152.626318173995,15.9565282169061,0.564620594076778));
#3393=CARTESIAN_POINT('Ctrl Pts',(-154.960942798181,17.5630398663919,0.710929837188903));
#3394=CARTESIAN_POINT('Ctrl Pts',(-157.298313064757,19.0617332810622,1.18663256766321));
#3395=CARTESIAN_POINT('',(-156.39947410505,18.5206003084955,1.07789362881856));
#3396=CARTESIAN_POINT('Ctrl Pts',(-157.077814417762,19.2587130884529,1.6945750992702));
#3397=CARTESIAN_POINT('Ctrl Pts',(-156.848248806666,19.0218544479975,1.48195649759894));
#3398=CARTESIAN_POINT('Ctrl Pts',(-156.622190653195,18.7756677768221,1.27632275238396));
#3399=CARTESIAN_POINT('Ctrl Pts',(-156.399475029613,18.5205736354445,1.07809197181818));
#3400=CARTESIAN_POINT('Ctrl Pts',(-150.848025627639,14.7660947728241,0.721678044243904));
#3401=CARTESIAN_POINT('Ctrl Pts',(-150.720486330242,14.7700513281834,0.792045574198236));
#3402=CARTESIAN_POINT('Ctrl Pts',(-150.59232049322,14.7738883482708,0.861236671265231));
#3403=CARTESIAN_POINT('Ctrl Pts',(-150.463509105203,14.7776069610094,0.929273251175047));
#3404=CARTESIAN_POINT('Ctrl Pts',(-150.331981072403,14.7814039996547,0.998744729215532));
#3405=CARTESIAN_POINT('Ctrl Pts',(-150.199826296687,14.7850762483618,1.06698800743118));
#3406=CARTESIAN_POINT('Ctrl Pts',(-150.067027655286,14.7886249787185,1.13402832693334));
#3407=CARTESIAN_POINT('Ctrl Pts',(-156.39947410505,18.5206003084955,1.07789362881852));
#3408=CARTESIAN_POINT('Ctrl Pts',(-156.427061748167,18.5251285472395,1.06323002117341));
#3409=CARTESIAN_POINT('Ctrl Pts',(-156.454619715687,18.5296709404896,1.0485127628697));
#3410=CARTESIAN_POINT('Ctrl Pts',(-156.48214819531,18.5342275467754,1.03374165298676));
#3411=CARTESIAN_POINT('Ctrl Pts',(-156.402063586327,18.4236745352637,1.43175118714579));
#3412=CARTESIAN_POINT('Ctrl Pts',(-156.398181847198,18.5689702630255,0.901304127020544));
#3413=CARTESIAN_POINT('Ctrl Pts',(-156.394300108069,18.7142659907872,0.370857066895298));
#3414=CARTESIAN_POINT('Ctrl Pts',(-156.39041836894,18.859561718549,-0.159589993229949));
#3415=CARTESIAN_POINT('Ctrl Pts',(-157.477363839557,19.7705221042606,1.79279977625134));
#3416=CARTESIAN_POINT('Ctrl Pts',(-157.472120617919,19.9894997517779,1.28249471632258));
#3417=CARTESIAN_POINT('Ctrl Pts',(-157.46687888345,20.2084140591458,0.772323234337207));
#3418=CARTESIAN_POINT('Ctrl Pts',(-157.461635661812,20.4273917066631,0.262018174408444));
#3419=CARTESIAN_POINT('Ctrl Pts',(-158.554726781492,21.0399583167239,2.43386984816453));
#3420=CARTESIAN_POINT('Ctrl Pts',(-158.548237115122,21.3282990202314,1.95930954788074));
#3421=CARTESIAN_POINT('Ctrl Pts',(-158.541749091209,21.6165677419804,1.48487837227287));
#3422=CARTESIAN_POINT('Ctrl Pts',(-158.535259424839,21.9049084454879,1.01031807198908));
#3423=CARTESIAN_POINT('Ctrl Pts',(-159.636050479196,22.1263581668171,3.30052982699499));
#3424=CARTESIAN_POINT('Ctrl Pts',(-159.62853500933,22.4738663650606,2.87428861609884));
#3425=CARTESIAN_POINT('Ctrl Pts',(-159.621019539463,22.8213745633042,2.44804740520269));
#3426=CARTESIAN_POINT('Ctrl Pts',(-159.613504069597,23.1688827615477,2.02180619430654));
#3427=CARTESIAN_POINT('',(-156.39041836894,18.859561718549,-0.159589993229945));
#3428=CARTESIAN_POINT('',(-156.402063586327,18.4236745352637,1.4317511871458));
#3429=CARTESIAN_POINT('',(-159.613504069597,23.1688827615477,2.02180619430653));
#3430=CARTESIAN_POINT('Ctrl Pts',(-156.39041836894,18.859561718549,-0.159589993229949));
#3431=CARTESIAN_POINT('Ctrl Pts',(-157.461635661812,20.4273917066631,0.262018174408444));
#3432=CARTESIAN_POINT('Ctrl Pts',(-158.535259424839,21.9049084454879,1.01031807198908));
#3433=CARTESIAN_POINT('Ctrl Pts',(-159.613504069597,23.1688827615477,2.02180619430654));
#3434=CARTESIAN_POINT('',(-159.636050479196,22.1263581668171,3.30052982699498));
#3435=CARTESIAN_POINT('Origin',(-160.526306144012,18.5022484888654,1.42309287930262));
#3436=CARTESIAN_POINT('',(-158.04147296325,18.6729626416612,0.632626647582804));
#3437=CARTESIAN_POINT('',(-139.899270746891,18.3273223124995,0.670713828330635));
#3438=CARTESIAN_POINT('',(-158.047295571943,18.4550190500185,1.42829723777068));
#3439=CARTESIAN_POINT('',(-164.638903484312,19.0167096257524,-0.176906608916307));
#3440=CARTESIAN_POINT('Ctrl Pts',(-157.065503620622,24.9457587090983,5.34167190507918));
#3441=CARTESIAN_POINT('Ctrl Pts',(-155.028603800268,24.1816679377291,4.17208804406258));
#3442=CARTESIAN_POINT('Ctrl Pts',(-152.996364971598,23.1885843235859,3.14458590224483));
#3443=CARTESIAN_POINT('Ctrl Pts',(-150.967620708186,22.0360154041697,2.33433680926944));
#3444=CARTESIAN_POINT('Ctrl Pts',(-156.990220734332,24.8834708222957,5.50830002196655));
#3445=CARTESIAN_POINT('Ctrl Pts',(-154.952929393523,24.1407929831311,4.34654372049851));
#3446=CARTESIAN_POINT('Ctrl Pts',(-152.920261283221,23.1706430279415,3.32268278407121));
#3447=CARTESIAN_POINT('Ctrl Pts',(-150.891081252054,22.0408576762338,2.51162326448919));
#3448=CARTESIAN_POINT('Ctrl Pts',(-156.914937848041,24.8211829354932,5.67492813885391));
#3449=CARTESIAN_POINT('Ctrl Pts',(-154.877254986777,24.0999180285331,4.52099939693444));
#3450=CARTESIAN_POINT('Ctrl Pts',(-152.844157594843,23.1527017322971,3.50077966589758));
#3451=CARTESIAN_POINT('Ctrl Pts',(-150.814541795923,22.045699948298,2.68890971970894));
#3452=CARTESIAN_POINT('Ctrl Pts',(-156.83965496175,24.7588950486906,5.84155625574127));
#3453=CARTESIAN_POINT('Ctrl Pts',(-154.801580580031,24.0590430739351,4.69545507337037));
#3454=CARTESIAN_POINT('Ctrl Pts',(-152.768053906465,23.1347604366526,3.67887654772396));
#3455=CARTESIAN_POINT('Ctrl Pts',(-150.738002339791,22.0505422203621,2.86619617492869));
#3456=CARTESIAN_POINT('',(-157.065503618286,24.9457587086391,5.34167190441283));
#3457=CARTESIAN_POINT('',(-156.334347503943,24.5808251219771,5.56000995804205));
#3458=CARTESIAN_POINT('Ctrl Pts',(-156.334348384551,24.5807826982353,5.56004442645449));
#3459=CARTESIAN_POINT('Ctrl Pts',(-156.458061255026,24.6401727362097,5.52455506865285));
#3460=CARTESIAN_POINT('Ctrl Pts',(-156.581164978382,24.700445411126,5.48851483080211));
#3461=CARTESIAN_POINT('Ctrl Pts',(-156.703678919475,24.7616135135346,5.45191636238872));
#3462=CARTESIAN_POINT('Ctrl Pts',(-156.824896264936,24.8221342586404,5.41570522470604));
#3463=CARTESIAN_POINT('Ctrl Pts',(-156.945497641919,24.8835123029161,5.3789591432076));
#3464=CARTESIAN_POINT('Ctrl Pts',(-157.065503620622,24.9457587090983,5.34167190507918));
#3465=CARTESIAN_POINT('',(-150.738002339791,22.0505422203621,2.8661961749287));
#3466=CARTESIAN_POINT('Ctrl Pts',(-150.738009841787,22.0504796281134,2.86626087435163));
#3467=CARTESIAN_POINT('Ctrl Pts',(-152.600260401957,23.0446702168342,3.61214123097411));
#3468=CARTESIAN_POINT('Ctrl Pts',(-154.465425523446,23.9047342311677,4.52912922461851));
#3469=CARTESIAN_POINT('Ctrl Pts',(-156.334338229693,24.5806567081334,5.56013718059656));
#3470=CARTESIAN_POINT('',(-151.470777676022,22.3185601464262,2.53963222256309));
#3471=CARTESIAN_POINT('Ctrl Pts',(-151.470778516171,22.3185196751903,2.53967214671723));
#3472=CARTESIAN_POINT('Ctrl Pts',(-151.351276961048,22.2731375921333,2.59507262049582));
#3473=CARTESIAN_POINT('Ctrl Pts',(-151.231191577891,22.2283737356592,2.64966888452722));
#3474=CARTESIAN_POINT('Ctrl Pts',(-151.11050217321,22.1842186523877,2.70347212470258));
#3475=CARTESIAN_POINT('Ctrl Pts',(-150.986935288597,22.1390108224702,2.75855814313221));
#3476=CARTESIAN_POINT('Ctrl Pts',(-150.862775266379,22.0944557880622,2.81279502647439));
#3477=CARTESIAN_POINT('Ctrl Pts',(-150.738002339791,22.0505422203621,2.86619617492869));
#3478=CARTESIAN_POINT('Ctrl Pts',(-151.470781873475,22.318521537584,2.5396735457554));
#3479=CARTESIAN_POINT('Ctrl Pts',(-153.33236712367,23.3511965516851,3.31542365218912));
#3480=CARTESIAN_POINT('Ctrl Pts',(-155.196974229986,24.2448277897531,4.26876601293953));
#3481=CARTESIAN_POINT('Ctrl Pts',(-157.065503618656,24.9457587083608,5.34167190395027));
#3482=CARTESIAN_POINT('Ctrl Pts',(-149.962375457225,21.7817079021328,3.19285009156197));
#3483=CARTESIAN_POINT('Ctrl Pts',(-152.312019319644,22.9877931618909,4.09532372566038));
#3484=CARTESIAN_POINT('Ctrl Pts',(-154.6661517301,23.9872479875499,5.26067675114669));
#3485=CARTESIAN_POINT('Ctrl Pts',(-157.026294991394,24.6876835586685,6.57560655578725));
#3486=CARTESIAN_POINT('Ctrl Pts',(-150.034809684278,21.7706017587275,3.01116179308525));
#3487=CARTESIAN_POINT('Ctrl Pts',(-152.383934918479,23.0037043575216,3.91177716289975));
#3488=CARTESIAN_POINT('Ctrl Pts',(-154.737553877331,24.0305806266079,5.08140495758594));
#3489=CARTESIAN_POINT('Ctrl Pts',(-157.097238572261,24.7561870021204,6.40632871304805));
#3490=CARTESIAN_POINT('Ctrl Pts',(-150.107243911331,21.7594956153221,2.82947349460853));
#3491=CARTESIAN_POINT('Ctrl Pts',(-152.455850517314,23.0196155531524,3.72823060013913));
#3492=CARTESIAN_POINT('Ctrl Pts',(-154.808956024563,24.0739132656658,4.90213316402519));
#3493=CARTESIAN_POINT('Ctrl Pts',(-157.168182153129,24.8246904455723,6.23705087030886));
#3494=CARTESIAN_POINT('Ctrl Pts',(-150.179678138384,21.7483894719167,2.64778519613181));
#3495=CARTESIAN_POINT('Ctrl Pts',(-152.527766116149,23.0355267487832,3.5446840373785));
#3496=CARTESIAN_POINT('Ctrl Pts',(-154.880358171794,24.1172459047238,4.72286137046443));
#3497=CARTESIAN_POINT('Ctrl Pts',(-157.239125733996,24.8931938890243,6.06777302756966));
#3498=CARTESIAN_POINT('',(-156.29383091782,24.5608834452862,5.57193552837092));
#3499=CARTESIAN_POINT('Ctrl Pts',(-157.026294991394,24.6876835586685,6.57560655578725));
#3500=CARTESIAN_POINT('Ctrl Pts',(-156.778218989304,24.6583766821035,6.24237605275121));
#3501=CARTESIAN_POINT('Ctrl Pts',(-156.534128238223,24.6160442404222,5.9076291765023));
#3502=CARTESIAN_POINT('Ctrl Pts',(-156.293834504291,24.5607107405565,5.57207659326952));
#3503=CARTESIAN_POINT('Ctrl Pts',(-150.738003725179,22.0504763626693,2.86625842448975));
#3504=CARTESIAN_POINT('Ctrl Pts',(-150.611372666662,22.004710984981,2.92199326683924));
#3505=CARTESIAN_POINT('Ctrl Pts',(-150.484099586381,21.9596615549532,2.97679727449037));
#3506=CARTESIAN_POINT('Ctrl Pts',(-150.356165752186,21.9153138133601,3.03068745649652));
#3507=CARTESIAN_POINT('Ctrl Pts',(-150.225550659054,21.8700366242971,3.08570707805278));
#3508=CARTESIAN_POINT('Ctrl Pts',(-150.094292825537,21.8255067934451,3.13975479036811));
#3509=CARTESIAN_POINT('Ctrl Pts',(-149.962375457225,21.7817079021328,3.19285009156197));
#3510=CARTESIAN_POINT('Ctrl Pts',(-156.29383091782,24.5608834452862,5.57193552837091));
#3511=CARTESIAN_POINT('Ctrl Pts',(-156.307343798515,24.5675192703186,5.56796745106173));
#3512=CARTESIAN_POINT('Ctrl Pts',(-156.320849319737,24.5741664886961,5.56399226531832));
#3513=CARTESIAN_POINT('Ctrl Pts',(-156.334347503943,24.5808251219771,5.56000995804205));
#3514=CARTESIAN_POINT('Ctrl Pts',(-156.300580742452,24.2291780082071,5.77688393326473));
#3515=CARTESIAN_POINT('Ctrl Pts',(-156.291061067552,24.6970017066879,5.48783313681276));
#3516=CARTESIAN_POINT('Ctrl Pts',(-156.281541392653,25.1648254051687,5.19878234036079));
#3517=CARTESIAN_POINT('Ctrl Pts',(-156.272021717753,25.6326491036496,4.90973154390882));
#3518=CARTESIAN_POINT('Ctrl Pts',(-157.389068877671,24.97267531725,6.9443728725444));
#3519=CARTESIAN_POINT('Ctrl Pts',(-157.378919965462,25.4806861574146,6.72029266027554));
#3520=CARTESIAN_POINT('Ctrl Pts',(-157.368773785153,25.988559614986,6.4962669990192));
#3521=CARTESIAN_POINT('Ctrl Pts',(-157.358624872944,26.4965704551506,6.27218678675034));
#3522=CARTESIAN_POINT('Ctrl Pts',(-158.48259130549,25.468690202372,8.26396674069604));
#3523=CARTESIAN_POINT('Ctrl Pts',(-158.472093735049,26.003094462548,8.11332862003952));
#3524=CARTESIAN_POINT('Ctrl Pts',(-158.461598939944,26.5373580519015,7.96273590059902));
#3525=CARTESIAN_POINT('Ctrl Pts',(-158.451101369503,27.0717623120774,7.81209777994251));
#3526=CARTESIAN_POINT('Ctrl Pts',(-159.58167895736,25.6770311653336,9.62382903852789));
#3527=CARTESIAN_POINT('Ctrl Pts',(-159.571142847392,26.2217989746058,9.54888222827245));
#3528=CARTESIAN_POINT('Ctrl Pts',(-159.560606737423,26.7665667838781,9.47393541801702));
#3529=CARTESIAN_POINT('Ctrl Pts',(-159.550070627455,27.3113345931503,9.39898860776159));
#3530=CARTESIAN_POINT('',(-156.272021717753,25.6326491036496,4.90973154390881));
#3531=CARTESIAN_POINT('',(-156.300580742452,24.2291780082071,5.77688393326473));
#3532=CARTESIAN_POINT('',(-159.550070627455,27.3113345931503,9.39898860776158));
#3533=CARTESIAN_POINT('Ctrl Pts',(-156.272021717753,25.6326491036496,4.90973154390882));
#3534=CARTESIAN_POINT('Ctrl Pts',(-157.358624872944,26.4965704551506,6.27218678675034));
#3535=CARTESIAN_POINT('Ctrl Pts',(-158.451101369503,27.0717623120774,7.81209777994251));
#3536=CARTESIAN_POINT('Ctrl Pts',(-159.550070627455,27.3113345931503,9.39898860776159));
#3537=CARTESIAN_POINT('',(-159.58167895736,25.6770311653336,9.62382903852787));
#3538=CARTESIAN_POINT('Origin',(-160.424823300138,24.3077519618088,5.76822562542155));
#3539=CARTESIAN_POINT('',(-157.889443820055,24.9614561949021,5.33994215039302));
#3540=CARTESIAN_POINT('',(-139.78933099936,24.6166177415215,5.37794096995949));
#3541=CARTESIAN_POINT('',(-157.903723332405,24.2597206471809,5.77351834507097));
#3542=CARTESIAN_POINT('',(-164.520506833125,25.789797010853,4.89241492822244));
#3543=CARTESIAN_POINT('Ctrl Pts',(-156.807724478188,26.3349697784005,13.07408484498));
#3544=CARTESIAN_POINT('Ctrl Pts',(-154.795896824115,26.5604486230933,11.7543006167838));
#3545=CARTESIAN_POINT('Ctrl Pts',(-152.788783663405,26.5329670538935,10.3845775704637));
#3546=CARTESIAN_POINT('Ctrl Pts',(-150.78660057646,26.2517782303593,9.06082632496426));
#3547=CARTESIAN_POINT('Ctrl Pts',(-156.734111282883,26.175550269949,13.154575471454));
#3548=CARTESIAN_POINT('Ctrl Pts',(-154.72213275671,26.4111395759652,11.85467801352));
#3549=CARTESIAN_POINT('Ctrl Pts',(-152.714792359199,26.3975631695884,10.502903501633));
#3550=CARTESIAN_POINT('Ctrl Pts',(-150.712321533585,26.1331035258841,9.19390961262794));
#3551=CARTESIAN_POINT('Ctrl Pts',(-156.660498087579,26.0161307614975,13.2350660979281));
#3552=CARTESIAN_POINT('Ctrl Pts',(-154.648368689304,26.2618305288371,11.9550554102563));
#3553=CARTESIAN_POINT('Ctrl Pts',(-152.640801054993,26.2621592852834,10.6212294328023));
#3554=CARTESIAN_POINT('Ctrl Pts',(-150.63804249071,26.014428821409,9.32699290029163));
#3555=CARTESIAN_POINT('Ctrl Pts',(-156.586884892274,25.8567112530461,13.3155567244021));
#3556=CARTESIAN_POINT('Ctrl Pts',(-154.574604621898,26.112521481709,12.0554328069925));
#3557=CARTESIAN_POINT('Ctrl Pts',(-152.566809750787,26.1267554009783,10.7395553639717));
#3558=CARTESIAN_POINT('Ctrl Pts',(-150.563763447835,25.8957541169338,9.46007618795531));
#3559=CARTESIAN_POINT('',(-156.28146535756,26.030275866038,13.0165096641629));
#3560=CARTESIAN_POINT('',(-156.489503656661,25.8689048135907,13.254529808506));
#3561=CARTESIAN_POINT('Ctrl Pts',(-156.489503697997,25.8689026255001,13.25452964121));
#3562=CARTESIAN_POINT('Ctrl Pts',(-156.419856325947,25.9234285728911,13.1759515227072));
#3563=CARTESIAN_POINT('Ctrl Pts',(-156.350511949756,25.9772136380747,13.0966064753086));
#3564=CARTESIAN_POINT('Ctrl Pts',(-156.281465897934,26.0302473469207,13.0165078372168));
#3565=CARTESIAN_POINT('',(-150.563763447835,25.8957541169338,9.46007618795532));
#3566=CARTESIAN_POINT('Ctrl Pts',(-150.56377263597,25.8956541527965,9.46007980005443));
#3567=CARTESIAN_POINT('Ctrl Pts',(-152.53451054658,26.1222794782312,10.7189045278321));
#3568=CARTESIAN_POINT('Ctrl Pts',(-154.509839335864,26.1118105592096,12.012893752161));
#3569=CARTESIAN_POINT('Ctrl Pts',(-156.489491636695,25.8686335557543,13.2544958456821));
#3570=CARTESIAN_POINT('',(-151.294160504854,26.3176679877188,9.39725780096578));
#3571=CARTESIAN_POINT('Ctrl Pts',(-151.294161519906,26.3176137944289,9.39725907220882));
#3572=CARTESIAN_POINT('Ctrl Pts',(-151.175086794192,26.2461314499064,9.40790740722379));
#3573=CARTESIAN_POINT('Ctrl Pts',(-151.055422568689,26.1756485404115,9.41840501427643));
#3574=CARTESIAN_POINT('Ctrl Pts',(-150.935148740145,26.1061504717918,9.42875379941977));
#3575=CARTESIAN_POINT('Ctrl Pts',(-150.811959800905,26.0349679588865,9.43935341098669));
#3576=CARTESIAN_POINT('Ctrl Pts',(-150.688171264945,25.9648416713903,9.44979346584238));
#3577=CARTESIAN_POINT('Ctrl Pts',(-150.563763447835,25.8957541169338,9.46007618795531));
#3578=CARTESIAN_POINT('',(-156.807724478188,26.3349697784005,13.07408484498));
#3579=CARTESIAN_POINT('Ctrl Pts',(-151.294164672148,26.3176141694938,9.39726116660774));
#3580=CARTESIAN_POINT('Ctrl Pts',(-153.127956113244,26.5358050457727,10.6156611080108));
#3581=CARTESIAN_POINT('Ctrl Pts',(-154.965864524306,26.5413992176452,11.8658015644721));
#3582=CARTESIAN_POINT('Ctrl Pts',(-156.807724478188,26.3349697784005,13.07408484498));
#3583=CARTESIAN_POINT('Ctrl Pts',(-156.281465359041,26.0302758631295,13.016509665627));
#3584=CARTESIAN_POINT('Ctrl Pts',(-156.336436379865,26.061217068893,13.0223473199327));
#3585=CARTESIAN_POINT('Ctrl Pts',(-156.391287615285,26.0923642112172,13.0282266902756));
#3586=CARTESIAN_POINT('Ctrl Pts',(-156.567199127816,26.1931369792472,13.0472578256824));
#3587=CARTESIAN_POINT('Ctrl Pts',(-156.687760172294,26.2635494596224,13.0605692267284));
#3588=CARTESIAN_POINT('Ctrl Pts',(-156.807724478188,26.3349697784005,13.07408484498));
#3589=CARTESIAN_POINT('Ctrl Pts',(-149.79051484992,25.473023851188,9.52298454284056));
#3590=CARTESIAN_POINT('Ctrl Pts',(-152.279087545182,25.7504306443675,11.0487781978733));
#3591=CARTESIAN_POINT('Ctrl Pts',(-154.774740141059,25.6621386478755,12.628257596018));
#3592=CARTESIAN_POINT('Ctrl Pts',(-157.276842731828,25.2226073388048,14.0925969418848));
#3593=CARTESIAN_POINT('Ctrl Pts',(-149.86059221489,25.5901616645628,9.38245484110374));
#3594=CARTESIAN_POINT('Ctrl Pts',(-152.34878474627,25.8895179457172,10.9263548047077));
#3595=CARTESIAN_POINT('Ctrl Pts',(-154.844150838031,25.8188353927043,12.529167991435));
#3596=CARTESIAN_POINT('Ctrl Pts',(-157.346091107003,25.3906974704268,14.0195827538091));
#3597=CARTESIAN_POINT('Ctrl Pts',(-149.930669579859,25.7072994779375,9.24192513936693));
#3598=CARTESIAN_POINT('Ctrl Pts',(-152.418481947359,26.0286052470669,10.803931411542));
#3599=CARTESIAN_POINT('Ctrl Pts',(-154.913561535003,25.9755321375332,12.4300783868521));
#3600=CARTESIAN_POINT('Ctrl Pts',(-157.415339482178,25.5587876020489,13.9465685657334));
#3601=CARTESIAN_POINT('Ctrl Pts',(-150.000746944828,25.8244372913122,9.10139543763012));
#3602=CARTESIAN_POINT('Ctrl Pts',(-152.488179148447,26.1676925484166,10.6815080183763));
#3603=CARTESIAN_POINT('Ctrl Pts',(-154.982972231974,26.132228882362,12.3309887822691));
#3604=CARTESIAN_POINT('Ctrl Pts',(-157.484587857354,25.7268777336709,13.8735543776576));
#3605=CARTESIAN_POINT('Ctrl Pts',(-157.276842731828,25.2226073388048,14.0925969418848));
#3606=CARTESIAN_POINT('Ctrl Pts',(-157.142879422458,25.3354524826073,13.9579383493881));
#3607=CARTESIAN_POINT('Ctrl Pts',(-157.009990445695,25.4460090304289,13.8203642355322));
#3608=CARTESIAN_POINT('Ctrl Pts',(-156.878149935029,25.5542037422408,13.679951920108));
#3609=CARTESIAN_POINT('Ctrl Pts',(-156.747547993259,25.661382024398,13.5408587009586));
#3610=CARTESIAN_POINT('Ctrl Pts',(-156.618009915074,25.7662139041202,13.3990176360575));
#3611=CARTESIAN_POINT('Ctrl Pts',(-156.489508816117,25.8686314454585,13.2545066203031));
#3612=CARTESIAN_POINT('Ctrl Pts',(-150.563765366086,25.895653316794,9.4600751563579));
#3613=CARTESIAN_POINT('Ctrl Pts',(-150.437551754628,25.823632556386,9.47080154198244));
#3614=CARTESIAN_POINT('Ctrl Pts',(-150.310689427853,25.7527683362613,9.48135322815756));
#3615=CARTESIAN_POINT('Ctrl Pts',(-150.183159780284,25.6830384455919,9.49173296697708));
#3616=CARTESIAN_POINT('Ctrl Pts',(-150.052933661674,25.6118341947682,9.50233217370598));
#3617=CARTESIAN_POINT('Ctrl Pts',(-149.92205757177,25.5418378311498,9.51274835349806));
#3618=CARTESIAN_POINT('Ctrl Pts',(-149.79051484992,25.473023851188,9.52298454284056));
#3619=CARTESIAN_POINT('Ctrl Pts',(-156.291050347025,25.5158784761897,12.91401633807));
#3620=CARTESIAN_POINT('Ctrl Pts',(-156.281001205834,26.0551855340052,13.0214728974403));
#3621=CARTESIAN_POINT('Ctrl Pts',(-156.270952064643,26.5944925918207,13.1289294568106));
#3622=CARTESIAN_POINT('Ctrl Pts',(-156.260902923453,27.1337996496362,13.2363860161809));
#3623=CARTESIAN_POINT('Ctrl Pts',(-157.398795498438,25.2682921929258,14.2602060752078));
#3624=CARTESIAN_POINT('Ctrl Pts',(-157.389187027887,25.7927262994805,14.4425971409375));
#3625=CARTESIAN_POINT('Ctrl Pts',(-157.379581067967,26.3170227035558,14.6249344574609));
#3626=CARTESIAN_POINT('Ctrl Pts',(-157.369972597416,26.8414568101105,14.8073255231905));
#3627=CARTESIAN_POINT('Ctrl Pts',(-158.511845032872,24.735956996148,15.5489612962511));
#3628=CARTESIAN_POINT('Ctrl Pts',(-158.502972788358,25.2296515899686,15.8030811242687));
#3629=CARTESIAN_POINT('Ctrl Pts',(-158.494102962751,25.7232123109977,16.057138266739));
#3630=CARTESIAN_POINT('Ctrl Pts',(-158.485230718237,26.2169069048183,16.3112580947565));
#3631=CARTESIAN_POINT('Ctrl Pts',(-159.629077836524,23.9656825479995,16.6710545336824));
#3632=CARTESIAN_POINT('Ctrl Pts',(-159.62117499762,24.4153754340865,16.9876202509356));
#3633=CARTESIAN_POINT('Ctrl Pts',(-159.613272158716,24.8650683201735,17.3041859681887));
#3634=CARTESIAN_POINT('Ctrl Pts',(-159.605369319812,25.3147612062605,17.6207516854419));
#3635=CARTESIAN_POINT('',(-156.275976637442,26.3248390623763,13.0752011800247));
#3636=CARTESIAN_POINT('Ctrl Pts',(-156.281465360629,26.0302758657032,13.0165096661302));
#3637=CARTESIAN_POINT('Ctrl Pts',(-156.280650215526,26.0740222415294,13.0252261013591));
#3638=CARTESIAN_POINT('Ctrl Pts',(-156.279835070422,26.1177686173556,13.0339425365881));
#3639=CARTESIAN_POINT('Ctrl Pts',(-156.278005496027,26.21595634958,13.053506374553));
#3640=CARTESIAN_POINT('Ctrl Pts',(-156.276991066735,26.2703977059781,13.0643537772888));
#3641=CARTESIAN_POINT('Ctrl Pts',(-156.275976637442,26.3248390623763,13.0752011800247));
#3642=CARTESIAN_POINT('',(-156.260902925657,27.1337996490551,13.2363860193035));
#3643=CARTESIAN_POINT('',(-156.291050349227,25.5158784756976,12.9140163407459));
#3644=CARTESIAN_POINT('',(-159.605369319812,25.3147612062605,17.6207516854419));
#3645=CARTESIAN_POINT('Ctrl Pts',(-156.260902925657,27.1337996490551,13.2363860193035));
#3646=CARTESIAN_POINT('Ctrl Pts',(-157.369972598894,26.8414568092828,14.8073255251835));
#3647=CARTESIAN_POINT('Ctrl Pts',(-158.485230718979,26.2169069042206,16.3112580956242));
#3648=CARTESIAN_POINT('Ctrl Pts',(-159.605369319812,25.3147612062605,17.6207516854419));
#3649=CARTESIAN_POINT('',(-159.629077836524,23.9656825479994,16.6710545336824));
#3650=CARTESIAN_POINT('Ctrl Pts',(-156.880894749683,22.0559497677641,19.7025022860311));
#3651=CARTESIAN_POINT('Ctrl Pts',(-154.879842599576,23.1022942010339,18.9312597331823));
#3652=CARTESIAN_POINT('Ctrl Pts',(-152.881153595596,24.002098203654,17.9558117862214));
#3653=CARTESIAN_POINT('Ctrl Pts',(-150.886184025435,24.6915225693398,16.8428643867725));
#3654=CARTESIAN_POINT('Ctrl Pts',(-156.807241537393,21.8843261341327,19.6531793111971));
#3655=CARTESIAN_POINT('Ctrl Pts',(-154.806350931943,22.9245221770042,18.9030893920169));
#3656=CARTESIAN_POINT('Ctrl Pts',(-152.807749878344,23.822167703484,17.9499470387828));
#3657=CARTESIAN_POINT('Ctrl Pts',(-150.81278867531,24.5135704885778,16.8589392951863));
#3658=CARTESIAN_POINT('Ctrl Pts',(-156.733588325102,21.7127025005013,19.6038563363631));
#3659=CARTESIAN_POINT('Ctrl Pts',(-154.732859264311,22.7467501529745,18.8749190508515));
#3660=CARTESIAN_POINT('Ctrl Pts',(-152.734346161093,23.642237203314,17.9440822913442));
#3661=CARTESIAN_POINT('Ctrl Pts',(-150.739393325185,24.3356184078157,16.8750142036));
#3662=CARTESIAN_POINT('Ctrl Pts',(-156.659935112811,21.5410788668699,19.5545333615291));
#3663=CARTESIAN_POINT('Ctrl Pts',(-154.659367596679,22.5689781289448,18.846748709686));
#3664=CARTESIAN_POINT('Ctrl Pts',(-152.660942443841,23.462306703144,17.9382175439056));
#3665=CARTESIAN_POINT('Ctrl Pts',(-150.665997975059,24.1576663270537,16.8910891120138));
#3666=CARTESIAN_POINT('',(-156.659935112811,21.5410788668699,19.5545333615291));
#3667=CARTESIAN_POINT('',(-156.373247746103,21.9241635040504,19.4726601106045));
#3668=CARTESIAN_POINT('Ctrl Pts',(-156.659935112811,21.5410788668699,19.5545333615291));
#3669=CARTESIAN_POINT('Ctrl Pts',(-156.563837159677,21.6687975532989,19.5292360979145));
#3670=CARTESIAN_POINT('Ctrl Pts',(-156.468278722039,21.7965003063341,19.5019360424732));
#3671=CARTESIAN_POINT('Ctrl Pts',(-156.3732480698,21.9241442592675,19.4726396522461));
#3672=CARTESIAN_POINT('',(-150.665997975059,24.1576663270537,16.8910891120138));
#3673=CARTESIAN_POINT('Ctrl Pts',(-150.666006600375,24.1575910102799,16.8910226015192));
#3674=CARTESIAN_POINT('Ctrl Pts',(-152.660950769152,23.4617655589108,17.9376897767042));
#3675=CARTESIAN_POINT('Ctrl Pts',(-154.659371977054,22.5681717748772,18.8458440829588));
#3676=CARTESIAN_POINT('Ctrl Pts',(-156.659920703637,21.5409042759168,19.5543208981816));
#3677=CARTESIAN_POINT('',(-151.397777677906,24.5102216934315,17.1252064336768));
#3678=CARTESIAN_POINT('Ctrl Pts',(-151.397778349357,24.5101825708538,17.1251712320138));
#3679=CARTESIAN_POINT('Ctrl Pts',(-151.278475023251,24.4504697074784,17.0854490410595));
#3680=CARTESIAN_POINT('Ctrl Pts',(-151.15858691901,24.3915841316848,17.0463114910707));
#3681=CARTESIAN_POINT('Ctrl Pts',(-151.038093853241,24.3335138829559,17.0077502804445));
#3682=CARTESIAN_POINT('Ctrl Pts',(-150.914663292815,24.2740279424258,16.9682489879188));
#3683=CARTESIAN_POINT('Ctrl Pts',(-150.79063793121,24.2154168535915,16.9293652871861));
#3684=CARTESIAN_POINT('Ctrl Pts',(-150.665997975059,24.1576663270537,16.8910891120138));
#3685=CARTESIAN_POINT('',(-156.827040737555,22.0840752181719,19.6816969691629));
#3686=CARTESIAN_POINT('Ctrl Pts',(-151.397781374932,24.5101814717847,17.1251728830097));
#3687=CARTESIAN_POINT('Ctrl Pts',(-153.204915177957,23.8537226041201,18.1112897192458));
#3688=CARTESIAN_POINT('Ctrl Pts',(-155.015004011293,23.0292180937935,18.9799761316817));
#3689=CARTESIAN_POINT('Ctrl Pts',(-156.827040699248,22.0840747685135,19.6816964624396));
#3690=CARTESIAN_POINT('Ctrl Pts',(-156.373247746103,21.9241635040504,19.4726601106045));
#3691=CARTESIAN_POINT('Ctrl Pts',(-156.403353571799,21.9345257959336,19.486185732687));
#3692=CARTESIAN_POINT('Ctrl Pts',(-156.43342447604,21.9449245287129,19.4997629393744));
#3693=CARTESIAN_POINT('Ctrl Pts',(-156.585255519124,21.9976742365367,19.5686563715919));
#3694=CARTESIAN_POINT('Ctrl Pts',(-156.706441958776,22.040576597188,19.6247544148309));
#3695=CARTESIAN_POINT('Ctrl Pts',(-156.82704073899,22.0840752178092,19.6816969694407));
#3696=CARTESIAN_POINT('Ctrl Pts',(-149.891402130379,23.804299254662,16.6570558969122));
#3697=CARTESIAN_POINT('Ctrl Pts',(-152.407607914311,22.9639123375012,17.9251282461233));
#3698=CARTESIAN_POINT('Ctrl Pts',(-154.929159653985,21.8193735849945,18.9794874717014));
#3699=CARTESIAN_POINT('Ctrl Pts',(-157.453386571871,20.4983629440101,19.706645332064));
#3700=CARTESIAN_POINT('Ctrl Pts',(-149.960492747143,23.986239061083,16.6345815784983));
#3701=CARTESIAN_POINT('Ctrl Pts',(-152.476691285057,23.1493530738959,17.9309732688395));
#3702=CARTESIAN_POINT('Ctrl Pts',(-154.99836672018,22.0015321541122,19.014467191603));
#3703=CARTESIAN_POINT('Ctrl Pts',(-157.522835026613,20.6708077842759,19.7684546410155));
#3704=CARTESIAN_POINT('Ctrl Pts',(-150.029583363906,24.1681788675041,16.6121072600843));
#3705=CARTESIAN_POINT('Ctrl Pts',(-152.545774655802,23.3347938102906,17.9368182915557));
#3706=CARTESIAN_POINT('Ctrl Pts',(-155.067573786375,22.1836907232299,19.0494469115046));
#3707=CARTESIAN_POINT('Ctrl Pts',(-157.592283481356,20.8432526245416,19.8302639499671));
#3708=CARTESIAN_POINT('Ctrl Pts',(-150.09867398067,24.3501186739252,16.5896329416704));
#3709=CARTESIAN_POINT('Ctrl Pts',(-152.614858026548,23.5202345466852,17.9426633142719));
#3710=CARTESIAN_POINT('Ctrl Pts',(-155.13678085257,22.3658492923476,19.0844266314062));
#3711=CARTESIAN_POINT('Ctrl Pts',(-157.661731936099,21.0156974648073,19.8920732589186));
#3712=CARTESIAN_POINT('Ctrl Pts',(-157.453386571871,20.4983629440101,19.706645332064));
#3713=CARTESIAN_POINT('Ctrl Pts',(-157.318483451136,20.672427338855,19.6884990638347));
#3714=CARTESIAN_POINT('Ctrl Pts',(-157.184603000745,20.8468428455707,19.6666471262889));
#3715=CARTESIAN_POINT('Ctrl Pts',(-157.051719826326,21.0215029870048,19.6410955597088));
#3716=CARTESIAN_POINT('Ctrl Pts',(-156.920121373523,21.1944745048794,19.6157910270366));
#3717=CARTESIAN_POINT('Ctrl Pts',(-156.789536273086,21.3676395907438,19.5868648311928));
#3718=CARTESIAN_POINT('Ctrl Pts',(-156.659938176963,21.5408953034849,19.5543270862021));
#3719=CARTESIAN_POINT('Ctrl Pts',(-150.665999213118,24.1575935869132,16.8910187257211));
#3720=CARTESIAN_POINT('Ctrl Pts',(-150.539546640627,24.097403143843,16.8510756074534));
#3721=CARTESIAN_POINT('Ctrl Pts',(-150.412450645899,24.038170454547,16.811808537106));
#3722=CARTESIAN_POINT('Ctrl Pts',(-150.284692483608,23.979877435877,16.7732045570296));
#3723=CARTESIAN_POINT('Ctrl Pts',(-150.154245655274,23.9203576426746,16.7337881575471));
#3724=CARTESIAN_POINT('Ctrl Pts',(-150.023154477678,23.8618384686983,16.6950769491383));
#3725=CARTESIAN_POINT('Ctrl Pts',(-149.891402130379,23.804299254662,16.6570558969122));
#3726=CARTESIAN_POINT('Ctrl Pts',(-156.378586623435,21.5933038263079,19.0132042679601));
#3727=CARTESIAN_POINT('Ctrl Pts',(-156.373400608829,21.9146900702433,19.4595046012129));
#3728=CARTESIAN_POINT('Ctrl Pts',(-156.368214594223,22.2360763141787,19.9058049344657));
#3729=CARTESIAN_POINT('Ctrl Pts',(-156.363028579617,22.5574625581142,20.3521052677186));
#3730=CARTESIAN_POINT('Ctrl Pts',(-157.50132418132,20.4987381362666,19.814460423497));
#3731=CARTESIAN_POINT('Ctrl Pts',(-157.497412271628,20.7581724926761,20.3054476609754));
#3732=CARTESIAN_POINT('Ctrl Pts',(-157.493501304038,21.0175427209362,20.796301692049));
#3733=CARTESIAN_POINT('Ctrl Pts',(-157.489589394346,21.2769770773458,21.2872889295274));
#3734=CARTESIAN_POINT('Ctrl Pts',(-158.626789762627,19.2349596492713,20.3795632573972));
#3735=CARTESIAN_POINT('Ctrl Pts',(-158.624303887961,19.4230170669936,20.9020746771351));
#3736=CARTESIAN_POINT('Ctrl Pts',(-158.621818777735,19.6110192490756,21.4244489630221));
#3737=CARTESIAN_POINT('Ctrl Pts',(-158.619332903069,19.7990766667978,21.94696038276));
#3738=CARTESIAN_POINT('Ctrl Pts',(-159.752811822921,17.9106600813509,20.6605082246463));
#3739=CARTESIAN_POINT('Ctrl Pts',(-159.751783094373,18.0239628304019,21.1987102580641));
#3740=CARTESIAN_POINT('Ctrl Pts',(-159.750754365825,18.1372655794529,21.7369122914819));
#3741=CARTESIAN_POINT('Ctrl Pts',(-159.749725637276,18.2505683285038,22.2751143248997));
#3742=CARTESIAN_POINT('',(-156.370807605922,22.075383187569,19.6826547712332));
#3743=CARTESIAN_POINT('Ctrl Pts',(-156.370807605922,22.075383187569,19.6826547712332));
#3744=CARTESIAN_POINT('Ctrl Pts',(-156.371599242712,22.026324094271,19.6145277430041));
#3745=CARTESIAN_POINT('Ctrl Pts',(-156.372390879501,21.977265000973,19.546400714775));
#3746=CARTESIAN_POINT('Ctrl Pts',(-156.373204259561,21.9268584398001,19.4764024945654));
#3747=CARTESIAN_POINT('Ctrl Pts',(-156.373226002832,21.9255109719253,19.4745313025849));
#3748=CARTESIAN_POINT('Ctrl Pts',(-156.373247746103,21.9241635040504,19.4726601106045));
#3749=CARTESIAN_POINT('',(-156.36302858402,22.5574625531087,20.3521052713742));
#3750=CARTESIAN_POINT('',(-156.378586627824,21.5933038220292,19.0132042710922));
#3751=CARTESIAN_POINT('',(-159.749725637276,18.2505683285038,22.2751143248997));
#3752=CARTESIAN_POINT('Ctrl Pts',(-156.36302858402,22.5574625531087,20.3521052713742));
#3753=CARTESIAN_POINT('Ctrl Pts',(-157.48958939729,21.2769770734943,21.2872889312465));
#3754=CARTESIAN_POINT('Ctrl Pts',(-158.619332904542,19.7990766647801,21.9469603831876));
#3755=CARTESIAN_POINT('Ctrl Pts',(-159.749725637276,18.2505683285038,22.2751143248997));
#3756=CARTESIAN_POINT('',(-159.752811822922,17.9106600813509,20.6605082246463));
#3757=CARTESIAN_POINT('Ctrl Pts',(-157.048168471816,14.4729628914933,21.6188528018743));
#3758=CARTESIAN_POINT('Ctrl Pts',(-155.085559939649,15.7312016557409,21.7868059457019));
#3759=CARTESIAN_POINT('Ctrl Pts',(-153.121880346366,17.0193002243281,21.7155538091984));
#3760=CARTESIAN_POINT('Ctrl Pts',(-151.158790753237,18.2506144294887,21.4100216923393));
#3761=CARTESIAN_POINT('Ctrl Pts',(-156.972797675271,14.3802063589169,21.4671040231624));
#3762=CARTESIAN_POINT('Ctrl Pts',(-155.010564757186,15.6199545260038,21.6461729951344));
#3763=CARTESIAN_POINT('Ctrl Pts',(-153.047228741573,16.891619934371,21.5894478636166));
#3764=CARTESIAN_POINT('Ctrl Pts',(-151.084428222975,18.1096329894133,21.3009039999367));
#3765=CARTESIAN_POINT('Ctrl Pts',(-156.897426878725,14.2874498263405,21.3153552444505));
#3766=CARTESIAN_POINT('Ctrl Pts',(-154.935569574724,15.5087073962667,21.5055400445668));
#3767=CARTESIAN_POINT('Ctrl Pts',(-152.972577136781,16.7639396444138,21.4633419180348));
#3768=CARTESIAN_POINT('Ctrl Pts',(-151.010065692712,17.9686515493378,21.1917863075342));
#3769=CARTESIAN_POINT('Ctrl Pts',(-156.82205608218,14.1946932937641,21.1636064657386));
#3770=CARTESIAN_POINT('Ctrl Pts',(-154.860574392261,15.3974602665296,21.3649070939993));
#3771=CARTESIAN_POINT('Ctrl Pts',(-152.897925531989,16.6362593544567,21.3372359724531));
#3772=CARTESIAN_POINT('Ctrl Pts',(-150.935703162449,17.8276701092624,21.0826686151317));
#3773=CARTESIAN_POINT('',(-156.518570633997,14.5003442310827,21.3238324715194));
#3774=CARTESIAN_POINT('',(-156.730925753565,14.2505988671286,21.1727958326001));
#3775=CARTESIAN_POINT('Ctrl Pts',(-156.730925749489,14.2505988857392,21.1727940599327));
#3776=CARTESIAN_POINT('Ctrl Pts',(-156.65985777727,14.3331103985603,21.2239608759495));
#3777=CARTESIAN_POINT('Ctrl Pts',(-156.589074351406,14.4163637751454,21.2743015593489));
#3778=CARTESIAN_POINT('Ctrl Pts',(-156.518570580657,14.5003441774534,21.3238061686535));
#3779=CARTESIAN_POINT('',(-150.935703162449,17.8276701092624,21.0826686151317));
#3780=CARTESIAN_POINT('Ctrl Pts',(-150.935709816615,17.8276609555221,21.0825742597987));
#3781=CARTESIAN_POINT('Ctrl Pts',(-152.867536022861,16.6546763823049,21.3326066360734));
#3782=CARTESIAN_POINT('Ctrl Pts',(-154.799774675704,15.4358373748113,21.3629731817791));
#3783=CARTESIAN_POINT('Ctrl Pts',(-156.73090936064,14.2506134453813,21.1725388650496));
#3784=CARTESIAN_POINT('',(-151.673227505735,17.9267129566993,21.4847701904162));
#3785=CARTESIAN_POINT('Ctrl Pts',(-151.673227467311,17.9267085837778,21.4847199700497));
#3786=CARTESIAN_POINT('Ctrl Pts',(-151.552976920371,17.9100015383957,21.4165142001651));
#3787=CARTESIAN_POINT('Ctrl Pts',(-151.432154837126,17.8934941998012,21.3493092103159));
#3788=CARTESIAN_POINT('Ctrl Pts',(-151.310740878405,17.8771834808668,21.2830910230161));
#3789=CARTESIAN_POINT('Ctrl Pts',(-151.186316241734,17.8604683082568,21.2152308364059));
#3790=CARTESIAN_POINT('Ctrl Pts',(-151.061310338446,17.8439650437281,21.1484289940355));
#3791=CARTESIAN_POINT('Ctrl Pts',(-150.935703162449,17.8276701092624,21.0826686151317));
#3792=CARTESIAN_POINT('',(-157.048168448366,14.4729628907948,21.6188528018917));
#3793=CARTESIAN_POINT('Ctrl Pts',(-151.673230319532,17.9267067814013,21.4847203544264));
#3794=CARTESIAN_POINT('Ctrl Pts',(-153.464926687181,16.7944974394489,21.7261764071852));
#3795=CARTESIAN_POINT('Ctrl Pts',(-155.256993630941,15.6212946049674,21.7721352514193));
#3796=CARTESIAN_POINT('Ctrl Pts',(-157.048168455598,14.4729629018912,21.6188528032623));
#3797=CARTESIAN_POINT('Ctrl Pts',(-156.518570635423,14.5003442294648,21.323832468736));
#3798=CARTESIAN_POINT('Ctrl Pts',(-156.573027477361,14.4976374995199,21.3533085674971));
#3799=CARTESIAN_POINT('Ctrl Pts',(-156.627374311781,14.4949031615466,21.3829865187064));
#3800=CARTESIAN_POINT('Ctrl Pts',(-156.804385396202,14.4858889237701,21.480505578939));
#3801=CARTESIAN_POINT('Ctrl Pts',(-156.926563637575,14.4794966233237,21.5491628287082));
#3802=CARTESIAN_POINT('Ctrl Pts',(-157.048168460607,14.472962877698,21.6188527793053));
#3803=CARTESIAN_POINT('Ctrl Pts',(-150.155327274592,17.7278108604167,20.6806570021915));
#3804=CARTESIAN_POINT('Ctrl Pts',(-152.610405828297,16.2979271246173,20.986369933211));
#3805=CARTESIAN_POINT('Ctrl Pts',(-155.06611974103,14.7968450516989,20.9486023426155));
#3806=CARTESIAN_POINT('Ctrl Pts',(-157.519488642408,13.3813651880871,20.5706653261421));
#3807=CARTESIAN_POINT('Ctrl Pts',(-150.225331914079,17.876068147783,20.7878942562899));
#3808=CARTESIAN_POINT('Ctrl Pts',(-152.680769195136,16.4298221705418,21.1159940804893));
#3809=CARTESIAN_POINT('Ctrl Pts',(-155.136932735836,14.9071855319652,21.0967921677427));
#3810=CARTESIAN_POINT('Ctrl Pts',(-157.590796601538,13.4671430682809,20.7317182109584));
#3811=CARTESIAN_POINT('Ctrl Pts',(-150.295336553566,18.0243254351492,20.8951315103884));
#3812=CARTESIAN_POINT('Ctrl Pts',(-152.751132561975,16.5617172164664,21.2456182277677));
#3813=CARTESIAN_POINT('Ctrl Pts',(-155.207745730642,15.0175260122314,21.2449819928699));
#3814=CARTESIAN_POINT('Ctrl Pts',(-157.662104560668,13.5529209484748,20.8927710957746));
#3815=CARTESIAN_POINT('Ctrl Pts',(-150.365341193053,18.1725827225155,21.0023687644868));
#3816=CARTESIAN_POINT('Ctrl Pts',(-152.821495928815,16.6936122623909,21.3752423750461));
#3817=CARTESIAN_POINT('Ctrl Pts',(-155.278558725449,15.1278664924976,21.3931718179972));
#3818=CARTESIAN_POINT('Ctrl Pts',(-157.733412519798,13.6386988286686,21.0538239805909));
#3819=CARTESIAN_POINT('Ctrl Pts',(-157.519488642408,13.3813651880871,20.5706653261421));
#3820=CARTESIAN_POINT('Ctrl Pts',(-157.385511146412,13.5215490862538,20.6765444306524));
#3821=CARTESIAN_POINT('Ctrl Pts',(-157.252512570107,13.6644959460873,20.7799151889838));
#3822=CARTESIAN_POINT('Ctrl Pts',(-157.120466923235,13.8101231397975,20.8807102752401));
#3823=CARTESIAN_POINT('Ctrl Pts',(-156.989658402079,13.9543859633046,20.9805610199294));
#3824=CARTESIAN_POINT('Ctrl Pts',(-156.859820098285,14.1012404659135,21.0778573582885));
#3825=CARTESIAN_POINT('Ctrl Pts',(-156.730925117333,14.2506037747928,21.1725373112353));
#3826=CARTESIAN_POINT('Ctrl Pts',(-150.935703058746,17.8276650588291,21.0825733851403));
#3827=CARTESIAN_POINT('Ctrl Pts',(-150.808273888995,17.8107309467092,21.0139655243699));
#3828=CARTESIAN_POINT('Ctrl Pts',(-150.680216420317,17.7940288585363,20.946515761223));
#3829=CARTESIAN_POINT('Ctrl Pts',(-150.551511656466,17.7775544261539,20.8802025320547));
#3830=CARTESIAN_POINT('Ctrl Pts',(-150.420084577197,17.7607315326895,20.8124866700644));
#3831=CARTESIAN_POINT('Ctrl Pts',(-150.288028821063,17.7441519512148,20.745979783562));
#3832=CARTESIAN_POINT('Ctrl Pts',(-150.155327274592,17.7278108604167,20.6806570021915));
#3833=CARTESIAN_POINT('Ctrl Pts',(-156.516215660192,14.5663949343342,20.801487699561));
#3834=CARTESIAN_POINT('Ctrl Pts',(-156.518675703064,14.4973973509354,21.3471371123474));
#3835=CARTESIAN_POINT('Ctrl Pts',(-156.521135745936,14.4283997675367,21.8927865251339));
#3836=CARTESIAN_POINT('Ctrl Pts',(-156.523595788808,14.359402184138,22.4384359379203));
#3837=CARTESIAN_POINT('Ctrl Pts',(-157.641635754687,13.2234620304198,20.6265993839464));
#3838=CARTESIAN_POINT('Ctrl Pts',(-157.645519623686,13.0786783853065,21.1627081111196));
#3839=CARTESIAN_POINT('Ctrl Pts',(-157.649402360705,12.9339385989667,21.6986756562122));
#3840=CARTESIAN_POINT('Ctrl Pts',(-157.653286229703,12.7891549538534,22.2347843833855));
#3841=CARTESIAN_POINT('Ctrl Pts',(-158.7657435949,11.9176558004278,20.1635640712379));
#3842=CARTESIAN_POINT('Ctrl Pts',(-158.770978065771,11.6991602450495,20.6740758225979));
#3843=CARTESIAN_POINT('Ctrl Pts',(-158.776211236398,11.4807177318565,21.1844495808811));
#3844=CARTESIAN_POINT('Ctrl Pts',(-158.781445707268,11.2622221764781,21.6949613322411));
#3845=CARTESIAN_POINT('Ctrl Pts',(-159.886482504856,10.7612236194298,19.4513604466234));
#3846=CARTESIAN_POINT('Ctrl Pts',(-159.892879925303,10.4773354539296,19.9223876034844));
#3847=CARTESIAN_POINT('Ctrl Pts',(-159.899277345751,10.1934472884294,20.3934147603454));
#3848=CARTESIAN_POINT('Ctrl Pts',(-159.905674766199,9.90955912292917,20.8644419172064));
#3849=CARTESIAN_POINT('',(-156.519905726705,14.4628985563869,21.6199618183704));
#3850=CARTESIAN_POINT('Ctrl Pts',(-156.518570637043,14.5003442291752,21.3238324712645));
#3851=CARTESIAN_POINT('Ctrl Pts',(-156.51876524684,14.4948859479802,21.3669978659884));
#3852=CARTESIAN_POINT('Ctrl Pts',(-156.518959856638,14.4894276667852,21.4101632607123));
#3853=CARTESIAN_POINT('Ctrl Pts',(-156.519404886525,14.4769457758557,21.5088730430809));
#3854=CARTESIAN_POINT('Ctrl Pts',(-156.519655306615,14.4699221661213,21.5644174307257));
#3855=CARTESIAN_POINT('Ctrl Pts',(-156.519905726705,14.4628985563869,21.6199618183704));
#3856=CARTESIAN_POINT('',(-156.523595791018,14.3594021810665,22.438435937522));
#3857=CARTESIAN_POINT('',(-156.516215662393,14.5663949317073,20.8014876992189));
#3858=CARTESIAN_POINT('',(-159.905674766199,9.90955912292917,20.8644419172064));
#3859=CARTESIAN_POINT('Ctrl Pts',(-156.523595791018,14.3594021810665,22.438435937522));
#3860=CARTESIAN_POINT('Ctrl Pts',(-157.653286231174,12.7891549518622,22.2347843826815));
#3861=CARTESIAN_POINT('Ctrl Pts',(-158.781445708001,11.2622221755962,21.6949613316996));
#3862=CARTESIAN_POINT('Ctrl Pts',(-159.905674766199,9.90955912292917,20.8644419172064));
#3863=CARTESIAN_POINT('',(-159.886482504856,10.7612236194298,19.4513604466234));
#3864=CARTESIAN_POINT('Ctrl Pts',(-157.21709886533,7.58334648478157,17.8463155348981));
#3865=CARTESIAN_POINT('Ctrl Pts',(-155.281379114179,8.37571852098919,18.8448369063351));
#3866=CARTESIAN_POINT('Ctrl Pts',(-153.341877419195,9.3498458835081,19.6913171218175));
#3867=CARTESIAN_POINT('Ctrl Pts',(-151.399718578374,10.4407185910107,20.3315710566122));
#3868=CARTESIAN_POINT('Ctrl Pts',(-157.139243944504,7.61861171314453,17.6730896762054));
#3869=CARTESIAN_POINT('Ctrl Pts',(-155.203913603566,8.39005535047465,18.6671754381281));
#3870=CARTESIAN_POINT('Ctrl Pts',(-153.264824713549,9.34244868510483,19.5130526853526));
#3871=CARTESIAN_POINT('Ctrl Pts',(-151.3230755213,10.4121796438608,20.1565750753838));
#3872=CARTESIAN_POINT('Ctrl Pts',(-157.061389023679,7.65387694150748,17.4998638175127));
#3873=CARTESIAN_POINT('Ctrl Pts',(-155.126448092953,8.40439217996011,18.4895139699212));
#3874=CARTESIAN_POINT('Ctrl Pts',(-153.187772007903,9.33505148670154,19.3347882488878));
#3875=CARTESIAN_POINT('Ctrl Pts',(-151.246432464227,10.3836406967108,19.9815790941554));
#3876=CARTESIAN_POINT('Ctrl Pts',(-156.983534102853,7.68914216987044,17.3266379588199));
#3877=CARTESIAN_POINT('Ctrl Pts',(-155.04898258234,8.41872900944557,18.3118525017142));
#3878=CARTESIAN_POINT('Ctrl Pts',(-153.110719302257,9.32765428829827,19.1565238124229));
#3879=CARTESIAN_POINT('Ctrl Pts',(-151.169789407154,10.3551017495609,19.806583112927));
#3880=CARTESIAN_POINT('',(-156.638094650158,7.8207982916035,17.640399310271));
#3881=CARTESIAN_POINT('',(-156.801620361065,7.75826608421895,17.4188652439105));
#3882=CARTESIAN_POINT('Ctrl Pts',(-156.801620261479,7.75827076879274,17.4188603202092));
#3883=CARTESIAN_POINT('Ctrl Pts',(-156.746941586366,7.77844396646674,17.4927685489826));
#3884=CARTESIAN_POINT('Ctrl Pts',(-156.692433716913,7.79929398492255,17.5666103109262));
#3885=CARTESIAN_POINT('Ctrl Pts',(-156.638094213634,7.8208188250893,17.6403772998465));
#3886=CARTESIAN_POINT('',(-151.169789407154,10.3551017495609,19.806583112927));
#3887=CARTESIAN_POINT('Ctrl Pts',(-151.169794451657,10.355156951807,19.8065110046228));
#3888=CARTESIAN_POINT('Ctrl Pts',(-153.049875465918,9.36027237482006,19.1764061961112));
#3889=CARTESIAN_POINT('Ctrl Pts',(-154.927458046498,8.47643594294738,18.3639730690523));
#3890=CARTESIAN_POINT('Ctrl Pts',(-156.801602127086,7.75844317064993,17.4186945853325));
#3891=CARTESIAN_POINT('',(-151.912303906938,10.1554998686125,20.1578575813197));
#3892=CARTESIAN_POINT('Ctrl Pts',(-151.912303244985,10.1555303310132,20.1578187164705));
#3893=CARTESIAN_POINT('Ctrl Pts',(-151.791203385362,10.1894730546804,20.0982318781196));
#3894=CARTESIAN_POINT('Ctrl Pts',(-151.669545517871,10.2228761910053,20.0395198931666));
#3895=CARTESIAN_POINT('Ctrl Pts',(-151.547309119627,10.2557468890872,19.9816707248053));
#3896=CARTESIAN_POINT('Ctrl Pts',(-151.422042909189,10.2894323366491,19.9223876781697));
#3897=CARTESIAN_POINT('Ctrl Pts',(-151.296209748407,10.3225477001077,19.8640299731415));
#3898=CARTESIAN_POINT('Ctrl Pts',(-151.169789407154,10.3551017495609,19.806583112927));
#3899=CARTESIAN_POINT('',(-157.21709886533,7.58334648478157,17.8463155348981));
#3900=CARTESIAN_POINT('Ctrl Pts',(-151.912305991082,10.1555288179723,20.157817760236));
#3901=CARTESIAN_POINT('Ctrl Pts',(-153.68314714991,9.17983330645954,19.5411828224942));
#3902=CARTESIAN_POINT('Ctrl Pts',(-155.45169585955,8.30600066733309,18.7569807432383));
#3903=CARTESIAN_POINT('Ctrl Pts',(-157.21709886533,7.58334648478157,17.8463155348981));
#3904=CARTESIAN_POINT('Ctrl Pts',(-156.63809465157,7.82079829234159,17.6403993070228));
#3905=CARTESIAN_POINT('Ctrl Pts',(-156.708286597927,7.79293052013917,17.6645968639365));
#3906=CARTESIAN_POINT('Ctrl Pts',(-156.778301523739,7.76480425267883,17.6890074591557));
#3907=CARTESIAN_POINT('Ctrl Pts',(-156.971703757545,7.68619656601748,17.7571991590002));
#3908=CARTESIAN_POINT('Ctrl Pts',(-157.094682064341,7.63517623915667,17.8014238526032));
#3909=CARTESIAN_POINT('Ctrl Pts',(-157.21709886533,7.58334648478154,17.8463155348981));
#3910=CARTESIAN_POINT('Ctrl Pts',(-150.384452842448,10.5538982781537,19.4554048877216));
#3911=CARTESIAN_POINT('Ctrl Pts',(-152.786543395361,9.33456126725904,18.6825227277543));
#3912=CARTESIAN_POINT('Ctrl Pts',(-155.184680851277,8.29101161215486,17.6219142158967));
#3913=CARTESIAN_POINT('Ctrl Pts',(-157.577057004878,7.52951113528936,16.3765941899034));
#3914=CARTESIAN_POINT('Ctrl Pts',(-150.456763061639,10.5890089717393,19.6340642643858));
#3915=CARTESIAN_POINT('Ctrl Pts',(-152.859373284229,9.34295067469936,18.8662231242551));
#3916=CARTESIAN_POINT('Ctrl Pts',(-155.258039163426,8.27154877819204,17.804561873087));
#3917=CARTESIAN_POINT('Ctrl Pts',(-157.650900926294,7.48378314108335,16.5521980830531));
#3918=CARTESIAN_POINT('Ctrl Pts',(-150.52907328083,10.6241196653248,19.8127236410499));
#3919=CARTESIAN_POINT('Ctrl Pts',(-152.932203173097,9.35134008213968,19.0499235207559));
#3920=CARTESIAN_POINT('Ctrl Pts',(-155.331397475575,8.25208594422922,17.9872095302774));
#3921=CARTESIAN_POINT('Ctrl Pts',(-157.724744847709,7.43805514687733,16.7278019762028));
#3922=CARTESIAN_POINT('Ctrl Pts',(-150.60138350002,10.6592303589103,19.991383017714));
#3923=CARTESIAN_POINT('Ctrl Pts',(-153.005033061965,9.35972948958,19.2336239172568));
#3924=CARTESIAN_POINT('Ctrl Pts',(-155.404755787723,8.2326231102664,18.1698571874677));
#3925=CARTESIAN_POINT('Ctrl Pts',(-157.798588769125,7.39232715267131,16.9034058693526));
#3926=CARTESIAN_POINT('Ctrl Pts',(-157.577057004878,7.52951113528938,16.3765941899035));
#3927=CARTESIAN_POINT('Ctrl Pts',(-157.445298443923,7.56043866778909,16.5512372729244));
#3928=CARTESIAN_POINT('Ctrl Pts',(-157.314505692927,7.59510102230522,16.7258943816291));
#3929=CARTESIAN_POINT('Ctrl Pts',(-157.184651391308,7.63348308612418,16.9004602494235));
#3930=CARTESIAN_POINT('Ctrl Pts',(-157.05602734022,7.67150151505518,17.0733722655629));
#3931=CARTESIAN_POINT('Ctrl Pts',(-156.928358513545,7.71315932149228,17.2461484128609));
#3932=CARTESIAN_POINT('Ctrl Pts',(-156.801616720046,7.75843758002661,17.4186872249505));
#3933=CARTESIAN_POINT('Ctrl Pts',(-151.169788144929,10.3551602891455,19.8065131183073));
#3934=CARTESIAN_POINT('Ctrl Pts',(-151.041506724135,10.3891885609874,19.7465745524694));
#3935=CARTESIAN_POINT('Ctrl Pts',(-150.912612664559,10.4225929106117,19.6876486541652));
#3936=CARTESIAN_POINT('Ctrl Pts',(-150.783086675862,10.4553847038225,19.6297169679617));
#3937=CARTESIAN_POINT('Ctrl Pts',(-150.650826822412,10.4888686232122,19.5705625356779));
#3938=CARTESIAN_POINT('Ctrl Pts',(-150.517954695287,10.5217020509549,19.5124655769321));
#3939=CARTESIAN_POINT('Ctrl Pts',(-150.384452842448,10.5538982781537,19.4554048877216));
#3940=CARTESIAN_POINT('Ctrl Pts',(-156.630082646804,8.20594755183152,17.3192339285116));
#3941=CARTESIAN_POINT('Ctrl Pts',(-156.63886863338,7.78359178051606,17.671424798462));
#3942=CARTESIAN_POINT('Ctrl Pts',(-156.647654619957,7.36123600920061,18.0236156684123));
#3943=CARTESIAN_POINT('Ctrl Pts',(-156.656440606534,6.93888023788515,18.3758065383627));
#3944=CARTESIAN_POINT('Ctrl Pts',(-157.744435900989,7.34653900187816,16.2608111085901));
#3945=CARTESIAN_POINT('Ctrl Pts',(-157.754031378107,6.8752314825142,16.5543534474309));
#3946=CARTESIAN_POINT('Ctrl Pts',(-157.763624256611,6.40405227325219,16.8478223899624));
#3947=CARTESIAN_POINT('Ctrl Pts',(-157.773219733729,5.93274475388824,17.1413647288031));
#3948=CARTESIAN_POINT('Ctrl Pts',(-158.854140808052,6.71067359669461,15.0168737092833));
#3949=CARTESIAN_POINT('Ctrl Pts',(-158.864286690858,6.20287464748396,15.2414338213355));
#3950=CARTESIAN_POINT('Ctrl Pts',(-158.874429906476,5.69520855466677,15.4659291312419));
#3951=CARTESIAN_POINT('Ctrl Pts',(-158.884575789282,5.18740960545612,15.690489243294));
#3952=CARTESIAN_POINT('Ctrl Pts',(-159.95835921859,6.35391993026168,13.6924668156539));
#3953=CARTESIAN_POINT('Ctrl Pts',(-159.9687497898,5.82518155980769,13.843555437461));
#3954=CARTESIAN_POINT('Ctrl Pts',(-159.979140361011,5.29644318935371,13.9946440592681));
#3955=CARTESIAN_POINT('Ctrl Pts',(-159.989530932222,4.76770481889972,14.1457326810752));
#3956=CARTESIAN_POINT('',(-156.64326162892,7.57241389297642,17.8475202311242));
#3957=CARTESIAN_POINT('Ctrl Pts',(-156.638094653281,7.8207982903582,17.6403993086997));
#3958=CARTESIAN_POINT('Ctrl Pts',(-156.638912216719,7.78149676932232,17.6731717669356));
#3959=CARTESIAN_POINT('Ctrl Pts',(-156.639729780156,7.74219524828644,17.7059442251715));
#3960=CARTESIAN_POINT('Ctrl Pts',(-156.641452105369,7.65940044915918,17.7749845326463));
#3961=CARTESIAN_POINT('Ctrl Pts',(-156.642356867144,7.6159071710678,17.8112523818852));
#3962=CARTESIAN_POINT('Ctrl Pts',(-156.643261628919,7.57241389297642,17.8475202311242));
#3963=CARTESIAN_POINT('',(-156.656440608787,6.93888023585522,18.3758065358722));
#3964=CARTESIAN_POINT('',(-156.630082649052,8.20594755009762,17.3192339263762));
#3965=CARTESIAN_POINT('',(-159.989530932222,4.76770481889973,14.1457326810752));
#3966=CARTESIAN_POINT('Ctrl Pts',(-156.656440608787,6.93888023585521,18.3758065358722));
#3967=CARTESIAN_POINT('Ctrl Pts',(-157.773219735224,5.93274475288573,17.1413647268517));
#3968=CARTESIAN_POINT('Ctrl Pts',(-158.884575790025,5.18740960517387,15.6904892422552));
#3969=CARTESIAN_POINT('Ctrl Pts',(-159.989530932222,4.76770481889972,14.1457326810752));
#3970=CARTESIAN_POINT('',(-159.95835921859,6.35391993026167,13.6924668156539));
#3971=CARTESIAN_POINT('Origin',(-144.924055655377,15.5883443640623,11.004041531516));
#3972=CARTESIAN_POINT('',(-150.71727251206,14.4509575923499,8.85433462521964));
#3973=CARTESIAN_POINT('',(-144.943333017626,14.3409540403591,8.86645622416697));
#3974=CARTESIAN_POINT('Origin',(-150.697995150099,15.6983478974655,10.9919199007161));
#3975=CARTESIAN_POINT('Origin',(-144.924055655377,15.5883443640623,11.004041531516));
#3976=CARTESIAN_POINT('',(-144.943333017626,14.3409540403591,8.86645622416697));
#3977=CARTESIAN_POINT('Origin',(-144.924055655377,15.5883443640623,11.004041531516));
#3978=CARTESIAN_POINT('Origin',(-137.500419162164,15.4469112496867,11.0196264854014));
#3979=CARTESIAN_POINT('',(-137.519696524125,14.1995209445711,8.88204120990496));
#3980=CARTESIAN_POINT('Origin',(-137.500419162164,15.4469112496867,11.0196264854014));
#3981=CARTESIAN_POINT('',(-137.519696524125,14.1995209445711,8.88204120990496));
#3982=CARTESIAN_POINT('Origin',(-144.924055655377,15.5883443640623,11.004041531516));
#3983=CARTESIAN_POINT('',(-137.526122311446,13.7837241761992,8.16951278473947));
#3984=CARTESIAN_POINT('Origin',(-137.500419162164,15.4469112496867,11.0196264854014));
#3985=CARTESIAN_POINT('',(-144.949758804659,13.9251572905748,8.15392783085397));
#3986=CARTESIAN_POINT('',(-144.949758804659,13.9251572905748,8.15392783085397));
#3987=CARTESIAN_POINT('Origin',(-144.924055655377,15.5883443640623,11.004041531516));
#3988=CARTESIAN_POINT('Origin',(-137.500419162164,15.4469112496867,11.0196264854014));
#3989=CARTESIAN_POINT('Origin',(-139.974964659902,15.4940556211452,11.014431500773));
#3990=CARTESIAN_POINT('',(-140.029583852126,11.9597830899843,4.95793988686624));
#3991=CARTESIAN_POINT('Origin',(-139.974964659902,15.4940556211452,11.014431500773));
#3992=CARTESIAN_POINT('',(-144.978674847601,12.0540718329014,4.94754991760925));
#3993=CARTESIAN_POINT('',(-140.029583852126,11.9597830899843,4.95793988686624));
#3994=CARTESIAN_POINT('Origin',(-144.924055655377,15.5883443640623,11.004041531516));
#3995=CARTESIAN_POINT('Origin',(-144.924055655377,15.5883443640623,11.004041531516));
#3996=CARTESIAN_POINT('Origin',(-164.72041963728,15.9654993357304,10.962481654488));
#3997=CARTESIAN_POINT('',(-150.656227532516,18.4010268918826,15.6233546642919));
#3998=CARTESIAN_POINT('',(-164.678652019697,18.6681783301476,15.5939164180637));
#3999=CARTESIAN_POINT('Origin',(-150.697995150099,15.6983478974655,10.9919199007161));
#4000=CARTESIAN_POINT('Origin',(-150.697995150099,15.6983478974655,10.9919199007161));
#4001=CARTESIAN_POINT('Origin',(-139.974964659902,15.4940556211452,11.014431500773));
#4002=CARTESIAN_POINT('',(-152.500080688913,7.03882637742742,4.70595932791959));
#4003=CARTESIAN_POINT('',(-140.127353028147,6.80310451685648,4.73193425142334));
#4004=CARTESIAN_POINT('',(-152.362625670462,6.92657996969243,4.86075835095187));
#4005=CARTESIAN_POINT('Ctrl Pts',(-152.500080688913,7.03882637742743,4.7059593279196));
#4006=CARTESIAN_POINT('Ctrl Pts',(-152.45427031538,7.00095708240884,4.75723499275531));
#4007=CARTESIAN_POINT('Ctrl Pts',(-152.408451888102,6.96354690822199,4.80884090046638));
#4008=CARTESIAN_POINT('Ctrl Pts',(-152.362625312512,6.9265998307079,4.86076808577801));
#4009=CARTESIAN_POINT('',(-157.584084659759,10.851690787654,1.47734498884184));
#4010=CARTESIAN_POINT('Ctrl Pts',(-152.362625670462,6.92657996969244,4.86075835095187));
#4011=CARTESIAN_POINT('Ctrl Pts',(-154.108122908124,7.9406001518958,3.44859686130847));
#4012=CARTESIAN_POINT('Ctrl Pts',(-155.847581887499,9.29811876385305,2.27745104320406));
#4013=CARTESIAN_POINT('Ctrl Pts',(-157.584084659759,10.851690787654,1.47734498884185));
#4014=CARTESIAN_POINT('',(-140.04982953326,10.5176329019987,1.51415586418746));
#4015=CARTESIAN_POINT('Ctrl Pts',(-152.350717943311,7.60354403137,5.33214234010628));
#4016=CARTESIAN_POINT('Ctrl Pts',(-152.354687185694,7.37788934414414,5.17501434372148));
#4017=CARTESIAN_POINT('Ctrl Pts',(-152.358656428078,7.15223465691829,5.01788634733667));
#4018=CARTESIAN_POINT('Ctrl Pts',(-152.362625670462,6.92657996969244,4.86075835095187));
#4019=CARTESIAN_POINT('Ctrl Pts',(-154.097879356765,8.54215242353975,4.02832328339618));
#4020=CARTESIAN_POINT('Ctrl Pts',(-154.101294377482,8.34160510330907,3.83504971401464));
#4021=CARTESIAN_POINT('Ctrl Pts',(-154.104707887408,8.14114747212647,3.64187043069001));
#4022=CARTESIAN_POINT('Ctrl Pts',(-154.108122908124,7.9406001518958,3.44859686130847));
#4023=CARTESIAN_POINT('Ctrl Pts',(-155.83946699334,9.7978362893285,2.94698023118359));
#4024=CARTESIAN_POINT('Ctrl Pts',(-155.842172410129,9.63123634954753,2.7237702326964));
#4025=CARTESIAN_POINT('Ctrl Pts',(-155.84487647071,9.46471870363402,2.50066104169126));
#4026=CARTESIAN_POINT('Ctrl Pts',(-155.847581887499,9.29811876385305,2.27745104320406));
#4027=CARTESIAN_POINT('Ctrl Pts',(-157.578325823347,11.2344925352807,2.20813542242534));
#4028=CARTESIAN_POINT('Ctrl Pts',(-157.580245435485,11.1068919527385,1.96453861123084));
#4029=CARTESIAN_POINT('Ctrl Pts',(-157.582165047622,10.9792913701962,1.72094180003635));
#4030=CARTESIAN_POINT('Ctrl Pts',(-157.584084659759,10.851690787654,1.47734498884185));
#4031=CARTESIAN_POINT('',(-157.578325823347,11.2344925352807,2.20813542242535));
#4032=CARTESIAN_POINT('',(-152.350717943311,7.60354403136999,5.33214234010627));
#4033=CARTESIAN_POINT('Origin',(-160.665283485276,11.2933044176339,2.20165475855506));
#4034=CARTESIAN_POINT('',(-164.801043715786,10.6062748759823,0.731415583544901));
#4035=CARTESIAN_POINT('Origin',(-148.364115949055,7.62878712415563,5.19788665494352));
#4036=CARTESIAN_POINT('',(-144.263317755715,6.21314376989412,4.24000692442522));
#4037=CARTESIAN_POINT('',(-144.239873391369,7.55021317055393,5.20654496278669));
#4038=CARTESIAN_POINT('',(-152.511802871086,6.37029167709753,4.22269030873886));
#4039=CARTESIAN_POINT('',(-144.263317755715,6.21314376989412,4.24000692442523));
#4040=CARTESIAN_POINT('',(-152.48835850674,7.70736107775734,5.18922834710035));
#4041=CARTESIAN_POINT('Origin',(-139.974964659902,15.4940556211452,11.014431500773));
#4042=CARTESIAN_POINT('',(-157.973372773784,5.37258664782194,8.61860186180444));
#4043=CARTESIAN_POINT('Ctrl Pts',(-152.537465036027,5.39876937403256,13.8624875334307));
#4044=CARTESIAN_POINT('Ctrl Pts',(-154.357703900512,4.9610636490452,12.1606551651237));
#4045=CARTESIAN_POINT('Ctrl Pts',(-156.169557770203,4.9505747877831,10.341752075259));
#4046=CARTESIAN_POINT('Ctrl Pts',(-157.973372773784,5.37258664782194,8.61860186180443));
#4047=CARTESIAN_POINT('',(-140.169307199855,5.03338840650595,8.65597916889613));
#4048=CARTESIAN_POINT('Ctrl Pts',(-152.521861003807,6.19344313685645,13.6414103413511));
#4049=CARTESIAN_POINT('Ctrl Pts',(-152.52706234788,5.92855188258182,13.7151027387109));
#4050=CARTESIAN_POINT('Ctrl Pts',(-152.532263691954,5.66366062830719,13.7887951360708));
#4051=CARTESIAN_POINT('Ctrl Pts',(-152.537465036027,5.39876937403256,13.8624875334307));
#4052=CARTESIAN_POINT('Ctrl Pts',(-154.34168194581,5.79206671306602,12.0701950823315));
#4053=CARTESIAN_POINT('Ctrl Pts',(-154.347023520945,5.51501755332016,12.1003515146778));
#4054=CARTESIAN_POINT('Ctrl Pts',(-154.352362325377,5.23811280879106,12.1304987327774));
#4055=CARTESIAN_POINT('Ctrl Pts',(-154.357703900512,4.9610636490452,12.1606551651237));
#4056=CARTESIAN_POINT('Ctrl Pts',(-156.153762892619,5.78504431732967,10.3909145418739));
#4057=CARTESIAN_POINT('Ctrl Pts',(-156.159028769277,5.5068395758928,10.3745263712093));
#4058=CARTESIAN_POINT('Ctrl Pts',(-156.164291893544,5.22877952921997,10.3581402459236));
#4059=CARTESIAN_POINT('Ctrl Pts',(-156.169557770203,4.9505747877831,10.341752075259));
#4060=CARTESIAN_POINT('Ctrl Pts',(-157.958423347634,6.17725335664035,8.8000212719488));
#4061=CARTESIAN_POINT('Ctrl Pts',(-157.963406489684,5.90903112036755,8.73954813523401));
#4062=CARTESIAN_POINT('Ctrl Pts',(-157.968389631734,5.64080888409475,8.67907499851922));
#4063=CARTESIAN_POINT('Ctrl Pts',(-157.973372773784,5.37258664782194,8.61860186180443));
#4064=CARTESIAN_POINT('',(-157.958423347634,6.17725335664035,8.8000212719488));
#4065=CARTESIAN_POINT('Origin',(-139.974964659902,15.4940556211452,11.014431500773));
#4066=CARTESIAN_POINT('',(-152.47350536802,10.1664533979398,20.1568381981263));
#4067=CARTESIAN_POINT('Ctrl Pts',(-151.91230390694,10.1554998685887,20.1578575815891));
#4068=CARTESIAN_POINT('Ctrl Pts',(-152.09937106626,10.1591507380563,20.1575176023588));
#4069=CARTESIAN_POINT('Ctrl Pts',(-152.286438220193,10.1628019014282,20.15717779993));
#4070=CARTESIAN_POINT('Ctrl Pts',(-152.47350536802,10.1664533979398,20.1568381981263));
#4071=CARTESIAN_POINT('',(-152.20952659264,10.4643558551577,20.3344965116597));
#4072=CARTESIAN_POINT('Ctrl Pts',(-152.473505360169,10.1664533918911,20.1568381945632));
#4073=CARTESIAN_POINT('Ctrl Pts',(-152.385475822915,10.2646205782951,20.2176080911059));
#4074=CARTESIAN_POINT('Ctrl Pts',(-152.297429345647,10.363925682647,20.2767995301377));
#4075=CARTESIAN_POINT('Ctrl Pts',(-152.20935927585,10.4642583533596,20.3343636205341));
#4076=CARTESIAN_POINT('',(-158.041039064763,7.59904397058541,17.8445857802119));
#4077=CARTESIAN_POINT('Ctrl Pts',(-152.20952659264,10.4643558551577,20.3344965116597));
#4078=CARTESIAN_POINT('Ctrl Pts',(-154.156408894207,9.3702775668875,19.6936828855236));
#4079=CARTESIAN_POINT('Ctrl Pts',(-156.100624218683,8.39333790789827,18.8455290686774));
#4080=CARTESIAN_POINT('Ctrl Pts',(-158.041039064763,7.59904397058539,17.8445857802119));
#4081=CARTESIAN_POINT('',(-140.146291398177,7.25811807856961,17.8821534624969));
#4082=CARTESIAN_POINT('Ctrl Pts',(-152.200308024066,10.8690101739815,19.6156120284145));
#4083=CARTESIAN_POINT('Ctrl Pts',(-152.203380880257,10.7341254010402,19.8552401894962));
#4084=CARTESIAN_POINT('Ctrl Pts',(-152.206453736448,10.599240628099,20.094868350578));
#4085=CARTESIAN_POINT('Ctrl Pts',(-152.20952659264,10.4643558551577,20.3344965116597));
#4086=CARTESIAN_POINT('Ctrl Pts',(-154.145635972316,9.8619153313037,19.0237806193919));
#4087=CARTESIAN_POINT('Ctrl Pts',(-154.149227136911,9.6980273021275,19.2470925517102));
#4088=CARTESIAN_POINT('Ctrl Pts',(-154.152817729612,9.53416559606371,19.4703709532053));
#4089=CARTESIAN_POINT('Ctrl Pts',(-154.156408894207,9.3702775668875,19.6936828855236));
#4090=CARTESIAN_POINT('Ctrl Pts',(-156.088502095558,8.96294845411606,18.2405582650983));
#4091=CARTESIAN_POINT('Ctrl Pts',(-156.092543004724,8.77306887199512,18.4422258555358));
#4092=CARTESIAN_POINT('Ctrl Pts',(-156.096583309517,8.58321749001921,18.6438614782399));
#4093=CARTESIAN_POINT('Ctrl Pts',(-156.100624218683,8.39333790789827,18.8455290686774));
#4094=CARTESIAN_POINT('Ctrl Pts',(-158.027860084895,8.2325776277066,17.3162994754639));
#4095=CARTESIAN_POINT('Ctrl Pts',(-158.032253078184,8.02139974199953,17.4923949103799));
#4096=CARTESIAN_POINT('Ctrl Pts',(-158.036646071474,7.81022185629246,17.6684903452959));
#4097=CARTESIAN_POINT('Ctrl Pts',(-158.041039064763,7.59904397058539,17.8445857802119));
#4098=CARTESIAN_POINT('',(-158.027860084895,8.2325776277066,17.3162994754639));
#4099=CARTESIAN_POINT('',(-152.200308024066,10.8690101739815,19.6156120284145));
#4100=CARTESIAN_POINT('Origin',(-160.754325206738,8.28452150369932,17.310575618533));
#4101=CARTESIAN_POINT('',(-164.904925724158,7.09602814305862,18.3584899201858));
#4102=CARTESIAN_POINT('Ctrl Pts',(-144.215449904689,10.4337767065609,19.4667825398302));
#4103=CARTESIAN_POINT('Ctrl Pts',(-144.221875850732,10.1482842712569,19.936838681798));
#4104=CARTESIAN_POINT('Ctrl Pts',(-144.228301796776,9.86279183595286,20.4068948237657));
#4105=CARTESIAN_POINT('Ctrl Pts',(-144.234727742819,9.57729940064883,20.8769509657335));
#4106=CARTESIAN_POINT('Ctrl Pts',(-146.964923616011,10.4873287844259,19.4617208963811));
#4107=CARTESIAN_POINT('Ctrl Pts',(-146.971348407144,10.201901318722,19.9318165136975));
#4108=CARTESIAN_POINT('Ctrl Pts',(-146.977773198281,9.91647385295016,20.4019121317427));
#4109=CARTESIAN_POINT('Ctrl Pts',(-146.984197989414,9.63104638724628,20.8720077490592));
#4110=CARTESIAN_POINT('Ctrl Pts',(-149.714398218709,10.5408322998236,19.4566294354883));
#4111=CARTESIAN_POINT('Ctrl Pts',(-149.720821902856,10.2554671057513,19.9267628718731));
#4112=CARTESIAN_POINT('Ctrl Pts',(-149.727245587006,9.970101911613,20.3968963089924));
#4113=CARTESIAN_POINT('Ctrl Pts',(-149.733669271154,9.68473671754069,20.8670297453772));
#4114=CARTESIAN_POINT('Ctrl Pts',(-152.463871600747,10.5944022456979,19.451577980738));
#4115=CARTESIAN_POINT('Ctrl Pts',(-152.470294112262,10.3091030138592,19.9217514589969));
#4116=CARTESIAN_POINT('Ctrl Pts',(-152.476716623778,10.0238037820204,20.3919249372557));
#4117=CARTESIAN_POINT('Ctrl Pts',(-152.483139135293,9.73850455018161,20.8620984155146));
#4118=CARTESIAN_POINT('',(-144.23472582498,9.57729926256586,20.8769509080857));
#4119=CARTESIAN_POINT('',(-144.215447986591,10.4337765829794,19.4667824909935));
#4120=CARTESIAN_POINT('',(-152.483139135293,9.73850455018162,20.8620984155146));
#4121=CARTESIAN_POINT('Ctrl Pts',(-144.234727742819,9.57729940064883,20.8769509657335));
#4122=CARTESIAN_POINT('Ctrl Pts',(-146.984197989414,9.63104638724628,20.8720077490592));
#4123=CARTESIAN_POINT('Ctrl Pts',(-149.733669271154,9.68473671754069,20.8670297453772));
#4124=CARTESIAN_POINT('Ctrl Pts',(-152.483139135293,9.73850455018161,20.8620984155146));
#4125=CARTESIAN_POINT('',(-152.463871600747,10.5944022456979,19.451577980738));
#4126=CARTESIAN_POINT('Origin',(-139.974964659902,15.4940556211452,11.014431500773));
#4127=CARTESIAN_POINT('',(-152.327631953327,17.9391804985914,21.4833963527365));
#4128=CARTESIAN_POINT('',(-139.954904464638,17.7034586412988,21.509371275879));
#4129=CARTESIAN_POINT('',(-152.155539571147,18.1577777123896,21.434588504131));
#4130=CARTESIAN_POINT('Ctrl Pts',(-152.327631953327,17.9391804985914,21.4833963527365));
#4131=CARTESIAN_POINT('Ctrl Pts',(-152.270266217246,18.0122170568759,21.4679109889512));
#4132=CARTESIAN_POINT('Ctrl Pts',(-152.212902039777,18.0850841048673,21.4516297422181));
#4133=CARTESIAN_POINT('Ctrl Pts',(-152.155539730179,18.1577661633245,21.4345594490645));
#4134=CARTESIAN_POINT('',(-157.872108695761,14.4886603615826,21.6171230450905));
#4135=CARTESIAN_POINT('Ctrl Pts',(-152.155539571147,18.1577777123896,21.434588504131));
#4136=CARTESIAN_POINT('Ctrl Pts',(-154.061059066472,16.9594437622393,21.7179430170783));
#4137=CARTESIAN_POINT('Ctrl Pts',(-155.967088417861,15.7099789896131,21.7801479903296));
#4138=CARTESIAN_POINT('Ctrl Pts',(-157.872108695761,14.4886603615826,21.6171230450905));
#4139=CARTESIAN_POINT('',(-140.022935495963,14.1486027419801,21.6545950497431));
#4140=CARTESIAN_POINT('Ctrl Pts',(-152.157415644088,17.9707626030638,20.6310669865385));
#4141=CARTESIAN_POINT('Ctrl Pts',(-152.156790286441,18.033100972839,20.8989074924027));
#4142=CARTESIAN_POINT('Ctrl Pts',(-152.156164928794,18.0954393426143,21.1667479982668));
#4143=CARTESIAN_POINT('Ctrl Pts',(-152.155539571147,18.1577777123896,21.434588504131));
#4144=CARTESIAN_POINT('Ctrl Pts',(-154.061080033114,16.8673654170172,20.8923211708153));
#4145=CARTESIAN_POINT('Ctrl Pts',(-154.061073051744,16.8980592240143,21.1675413348678));
#4146=CARTESIAN_POINT('Ctrl Pts',(-154.061066047841,16.9287499552421,21.4427228530258));
#4147=CARTESIAN_POINT('Ctrl Pts',(-154.061059066472,16.9594437622393,21.7179430170783));
#4148=CARTESIAN_POINT('Ctrl Pts',(-155.965215058507,15.7167705486852,20.9494373184496));
#4149=CARTESIAN_POINT('Ctrl Pts',(-155.965839532969,15.7145069989375,21.226353794868));
#4150=CARTESIAN_POINT('Ctrl Pts',(-155.966463943399,15.7122425393608,21.5032315139111));
#4151=CARTESIAN_POINT('Ctrl Pts',(-155.967088417861,15.7099789896131,21.7801479903296));
#4152=CARTESIAN_POINT('Ctrl Pts',(-157.868418631448,14.592156736903,20.798648925939));
#4153=CARTESIAN_POINT('Ctrl Pts',(-157.869648652886,14.5576579451295,21.0714736323228));
#4154=CARTESIAN_POINT('Ctrl Pts',(-157.870878674323,14.523159153356,21.3442983387067));
#4155=CARTESIAN_POINT('Ctrl Pts',(-157.872108695761,14.4886603615826,21.6171230450905));
#4156=CARTESIAN_POINT('',(-157.868418631448,14.592156736903,20.798648925939));
#4157=CARTESIAN_POINT('',(-152.157415644088,17.9707626030638,20.6310669865385));
#4158=CARTESIAN_POINT('Origin',(-160.640458220079,14.644968885309,20.7928293913757));
#4159=CARTESIAN_POINT('',(-164.772080906389,14.5165500882699,22.4211193218356));
#4160=CARTESIAN_POINT('Origin',(-148.20493254904,17.6906524676872,20.6847516008271));
#4161=CARTESIAN_POINT('',(-144.077603868924,17.951986672203,22.3080160277884));
#4162=CARTESIAN_POINT('',(-144.080690052811,17.6120785152563,20.6934099085413));
#4163=CARTESIAN_POINT('',(-152.326088861383,18.1091345770647,22.29069941236));
#4164=CARTESIAN_POINT('',(-144.077603868924,17.951986672203,22.3080160277884));
#4165=CARTESIAN_POINT('',(-152.32917504527,17.769226420118,20.676093293113));
#4166=CARTESIAN_POINT('Origin',(-139.974964659902,15.4940556211452,11.014431500773));
#4167=CARTESIAN_POINT('',(-152.343798776385,14.7571929148585,0.307647193115631));
#4168=CARTESIAN_POINT('',(-139.971071115619,14.5214710542876,0.333622116619356));
#4169=CARTESIAN_POINT('',(-152.279882014722,14.6674831320467,0.316209156443507));
#4170=CARTESIAN_POINT('Ctrl Pts',(-152.343798776385,14.7571929148585,0.307647193115635));
#4171=CARTESIAN_POINT('Ctrl Pts',(-152.322493151098,14.7272781848519,0.31037896727921));
#4172=CARTESIAN_POINT('Ctrl Pts',(-152.301187565383,14.6973750369145,0.313234697927168));
#4173=CARTESIAN_POINT('Ctrl Pts',(-152.279882000178,14.6674844386955,0.316214086607718));
#4174=CARTESIAN_POINT('Ctrl Pts',(-152.279882014722,14.6674831320467,0.316209156443517));
#4175=CARTESIAN_POINT('Ctrl Pts',(-154.1998054771,16.0081427533056,0.182527251909582));
#4176=CARTESIAN_POINT('Ctrl Pts',(-156.119786026256,17.3724300147484,0.290458011403068));
#4177=CARTESIAN_POINT('Ctrl Pts',(-158.04147296325,18.6729626416612,0.632626647582809));
#4178=CARTESIAN_POINT('Ctrl Pts',(-152.280050518579,14.7491019151108,1.13716186266818));
#4179=CARTESIAN_POINT('Ctrl Pts',(-152.279994350627,14.7218956540894,0.863510960593293));
#4180=CARTESIAN_POINT('Ctrl Pts',(-152.279938182674,14.6946893930681,0.589860058518405));
#4181=CARTESIAN_POINT('Ctrl Pts',(-152.279882014722,14.6674831320467,0.316209156443517));
#4182=CARTESIAN_POINT('Ctrl Pts',(-154.201905363631,15.9894843511042,1.01344907855124));
#4183=CARTESIAN_POINT('Ctrl Pts',(-154.201205354999,15.9957046329078,0.736460399180304));
#4184=CARTESIAN_POINT('Ctrl Pts',(-154.200505485731,16.0019224715021,0.459515931280518));
#4185=CARTESIAN_POINT('Ctrl Pts',(-154.1998054771,16.0081427533056,0.182527251909582));
#4186=CARTESIAN_POINT('Ctrl Pts',(-156.12381290417,17.2516769164983,1.11276336892115));
#4187=CARTESIAN_POINT('Ctrl Pts',(-156.122470549022,17.2919296142686,0.83864691771414));
#4188=CARTESIAN_POINT('Ctrl Pts',(-156.121128381403,17.3321773169781,0.564574462610078));
#4189=CARTESIAN_POINT('Ctrl Pts',(-156.119786026256,17.3724300147484,0.290458011403068));
#4190=CARTESIAN_POINT('Ctrl Pts',(-158.047295571943,18.4550190500185,1.42829723777068));
#4191=CARTESIAN_POINT('Ctrl Pts',(-158.045354702379,18.5276669138994,1.16307370770806));
#4192=CARTESIAN_POINT('Ctrl Pts',(-158.043413832815,18.6003147777803,0.897850177645433));
#4193=CARTESIAN_POINT('Ctrl Pts',(-158.04147296325,18.6729626416612,0.632626647582809));
#4194=CARTESIAN_POINT('',(-152.280050518579,14.7491019151107,1.13716186266818));
#4195=CARTESIAN_POINT('Origin',(-148.219855722105,14.7534331587074,1.13790622281679));
#4196=CARTESIAN_POINT('',(-144.095014157607,14.5252308102045,-0.49663691305597));
#4197=CARTESIAN_POINT('',(-144.09561316442,14.6748592051057,1.14656453065996));
#4198=CARTESIAN_POINT('',(-152.343499272978,14.6823787174079,-0.513953528742335));
#4199=CARTESIAN_POINT('',(-144.095014157607,14.5252308102045,-0.49663691305597));
#4200=CARTESIAN_POINT('',(-152.344098279791,14.8320071123091,1.12924791497361));
#4201=CARTESIAN_POINT('Origin',(-139.974964659902,15.4940556211452,11.014431500773));
#4202=CARTESIAN_POINT('',(-152.204157987815,22.3325323058429,2.5380925834661));
#4203=CARTESIAN_POINT('',(-139.831430327049,22.0968104452719,2.56406750696983));
#4204=CARTESIAN_POINT('',(-152.116218610273,22.234786561548,2.46408356290147));
#4205=CARTESIAN_POINT('Ctrl Pts',(-152.204157987815,22.3325323058429,2.53809258346609));
#4206=CARTESIAN_POINT('Ctrl Pts',(-152.174841810057,22.3000906472481,2.51324200425708));
#4207=CARTESIAN_POINT('Ctrl Pts',(-152.145528732139,22.2675064781242,2.48857470253078));
#4208=CARTESIAN_POINT('Ctrl Pts',(-152.116218712303,22.234782115136,2.46409181200414));
#4209=CARTESIAN_POINT('Ctrl Pts',(-152.116218610273,22.234786561548,2.46408356290146));
#4210=CARTESIAN_POINT('Ctrl Pts',(-154.037105326998,23.3097869586257,3.25265493966005));
#4211=CARTESIAN_POINT('Ctrl Pts',(-155.96118836105,24.2381205716451,4.23274166746636));
#4212=CARTESIAN_POINT('Ctrl Pts',(-157.889443820055,24.9614561949021,5.33994215039301));
#4213=CARTESIAN_POINT('Ctrl Pts',(-152.127130948842,21.7342699178284,3.1198190356545));
#4214=CARTESIAN_POINT('Ctrl Pts',(-152.123493502652,21.9011087990682,2.90124054473682));
#4215=CARTESIAN_POINT('Ctrl Pts',(-152.119856056463,22.0679476803081,2.68266205381914));
#4216=CARTESIAN_POINT('Ctrl Pts',(-152.116218610273,22.234786561548,2.46408356290146));
#4217=CARTESIAN_POINT('Ctrl Pts',(-154.049410955791,22.7294196146523,3.84741794682949));
#4218=CARTESIAN_POINT('Ctrl Pts',(-154.045308858007,22.9228859109075,3.64915351679962));
#4219=CARTESIAN_POINT('Ctrl Pts',(-154.041207424781,23.1163206623705,3.45091936968992));
#4220=CARTESIAN_POINT('Ctrl Pts',(-154.037105326998,23.3097869586257,3.25265493966005));
#4221=CARTESIAN_POINT('Ctrl Pts',(-155.974641409504,23.58918458773,4.75180025897161));
#4222=CARTESIAN_POINT('Ctrl Pts',(-155.970156829057,23.8055076615987,4.57877125718809));
#4223=CARTESIAN_POINT('Ctrl Pts',(-155.965672941497,24.0217974977764,4.40577066924988));
#4224=CARTESIAN_POINT('Ctrl Pts',(-155.96118836105,24.2381205716451,4.23274166746636));
#4225=CARTESIAN_POINT('Ctrl Pts',(-157.903723332405,24.2597206471809,5.77351834507097));
#4226=CARTESIAN_POINT('Ctrl Pts',(-157.898963494955,24.4936324964213,5.62899294684498));
#4227=CARTESIAN_POINT('Ctrl Pts',(-157.894203657505,24.7275443456617,5.484467548619));
#4228=CARTESIAN_POINT('Ctrl Pts',(-157.889443820055,24.9614561949021,5.33994215039301));
#4229=CARTESIAN_POINT('',(-152.127130948842,21.7342699178284,3.1198190356545));
#4230=CARTESIAN_POINT('Origin',(-148.090956532657,21.7460541350007,3.19677889083259));
#4231=CARTESIAN_POINT('',(-143.944631769917,22.68328861588,1.90538119962914));
#4232=CARTESIAN_POINT('',(-143.966713974971,21.667480181399,3.20543719867577));
#4233=CARTESIAN_POINT('',(-152.193116885288,22.8404365230834,1.88806458394278));
#4234=CARTESIAN_POINT('',(-143.944631769917,22.68328861588,1.90538119962915));
#4235=CARTESIAN_POINT('',(-152.215199090342,21.8246280886024,3.1881205829894));
#4236=CARTESIAN_POINT('Origin',(-139.974964659902,15.4940556211452,11.014431500773));
#4237=CARTESIAN_POINT('',(-152.118100684207,26.3333654721351,9.39552803963165));
#4238=CARTESIAN_POINT('',(-139.769594926112,26.0981050807018,9.42145211241869));
#4239=CARTESIAN_POINT('',(-157.631664677621,26.3506672642043,13.0723550902938));
#4240=CARTESIAN_POINT('Ctrl Pts',(-152.118100684207,26.3333654721351,9.39552803963165));
#4241=CARTESIAN_POINT('Ctrl Pts',(-153.951886384772,26.5519121488687,10.6139215118519));
#4242=CARTESIAN_POINT('Ctrl Pts',(-155.789803668369,26.5570968217313,11.8640711174497));
#4243=CARTESIAN_POINT('Ctrl Pts',(-157.631664677621,26.3506672642043,13.0723550902938));
#4244=CARTESIAN_POINT('',(-139.779006406699,26.0105432479695,13.1098344113975));
#4245=CARTESIAN_POINT('Ctrl Pts',(-152.133898356037,25.5176693598615,9.5180649156589));
#4246=CARTESIAN_POINT('Ctrl Pts',(-152.128632465427,25.7895680639527,9.47721929031648));
#4247=CARTESIAN_POINT('Ctrl Pts',(-152.123366574817,26.0614667680439,9.43637366497406));
#4248=CARTESIAN_POINT('Ctrl Pts',(-152.118100684207,26.3333654721351,9.39552803963165));
#4249=CARTESIAN_POINT('Ctrl Pts',(-153.96775573381,25.7220935646618,10.6424395246746));
#4250=CARTESIAN_POINT('Ctrl Pts',(-153.962465728076,25.9987114452377,10.6329334794222));
#4251=CARTESIAN_POINT('Ctrl Pts',(-153.957176390506,26.2752942682929,10.6234275571043));
#4252=CARTESIAN_POINT('Ctrl Pts',(-153.951886384772,26.5519121488687,10.6139215118519));
#4253=CARTESIAN_POINT('Ctrl Pts',(-155.805426880536,25.7295682274273,11.7961274875773));
#4254=CARTESIAN_POINT('Ctrl Pts',(-155.800218922052,26.0054227628997,11.8187759607941));
#4255=CARTESIAN_POINT('Ctrl Pts',(-155.795011626852,26.281242286259,11.8414226442329));
#4256=CARTESIAN_POINT('Ctrl Pts',(-155.789803668369,26.5570968217313,11.8640711174497));
#4257=CARTESIAN_POINT('Ctrl Pts',(-157.646738389406,25.5417066775255,12.911170251015));
#4258=CARTESIAN_POINT('Ctrl Pts',(-157.641713818811,25.8113602064184,12.9648985307746));
#4259=CARTESIAN_POINT('Ctrl Pts',(-157.636689248216,26.0810137353114,13.0186268105342));
#4260=CARTESIAN_POINT('Ctrl Pts',(-157.631664677621,26.3506672642043,13.0723550902938));
#4261=CARTESIAN_POINT('',(-157.646738389406,25.5417066775255,12.911170251015));
#4262=CARTESIAN_POINT('',(-152.133898356037,25.5176693598615,9.5180649156589));
#4263=CARTESIAN_POINT('Origin',(-160.415292906913,25.5944524292992,12.9053580329027));
#4264=CARTESIAN_POINT('',(-164.509388041029,27.2909475562585,13.2190694036172));
#4265=CARTESIAN_POINT('Origin',(-148.033877701022,25.4395568753974,9.52667237278538));
#4266=CARTESIAN_POINT('',(-143.878039799676,26.9923751463429,9.29025692857407));
#4267=CARTESIAN_POINT('',(-143.909635143336,25.3609829217957,9.53533068062857));
#4268=CARTESIAN_POINT('',(-152.126524915048,27.1495230535463,9.27294031288771));
#4269=CARTESIAN_POINT('',(-143.878039799676,26.9923751463429,9.29025692857407));
#4270=CARTESIAN_POINT('',(-152.158120258708,25.5181308289992,9.51801406494221));
#4271=CARTESIAN_POINT('Origin',(-139.974964659902,15.4940556211452,11.014431500773));
#4272=CARTESIAN_POINT('',(-152.192930644327,24.5256027366794,17.1232044866721));
#4273=CARTESIAN_POINT('Ctrl Pts',(-151.397777677907,24.5102216933539,17.125206433296));
#4274=CARTESIAN_POINT('Ctrl Pts',(-151.662828660761,24.5153489698509,17.1245387465041));
#4275=CARTESIAN_POINT('Ctrl Pts',(-151.927879649204,24.5204760003123,17.12387140799));
#4276=CARTESIAN_POINT('Ctrl Pts',(-152.192930644327,24.5256027366794,17.1232044866721));
#4277=CARTESIAN_POINT('',(-152.164414964271,24.5466714358265,17.0921608239495));
#4278=CARTESIAN_POINT('Ctrl Pts',(-152.192930396636,24.5256026259791,17.1232046391451));
#4279=CARTESIAN_POINT('Ctrl Pts',(-152.183423540731,24.5326421776722,17.1128718017322));
#4280=CARTESIAN_POINT('Ctrl Pts',(-152.173917455037,24.5396643435801,17.1025243066511));
#4281=CARTESIAN_POINT('Ctrl Pts',(-152.164412122031,24.5466690497759,17.0921622881218));
#4282=CARTESIAN_POINT('',(-157.650980938423,22.099772703613,19.6799672147546));
#4283=CARTESIAN_POINT('Ctrl Pts',(-152.164414964271,24.5466714358265,17.0921608239495));
#4284=CARTESIAN_POINT('Ctrl Pts',(-153.990583911747,23.8871009461071,18.0914143765359));
#4285=CARTESIAN_POINT('Ctrl Pts',(-155.819789514891,23.0549386690318,18.9708622388314));
#4286=CARTESIAN_POINT('Ctrl Pts',(-157.650980938423,22.099772703613,19.6799672147546));
#4287=CARTESIAN_POINT('',(-139.873837375179,21.7610873731622,19.7172880026059));
#4288=CARTESIAN_POINT('Ctrl Pts',(-152.176351385391,23.8684076372369,16.6226496511606));
#4289=CARTESIAN_POINT('Ctrl Pts',(-152.172372578351,24.0944955701001,16.7791533754236));
#4290=CARTESIAN_POINT('Ctrl Pts',(-152.168393771311,24.3205835029633,16.9356570996865));
#4291=CARTESIAN_POINT('Ctrl Pts',(-152.164414964271,24.5466714358265,17.0921608239495));
#4292=CARTESIAN_POINT('Ctrl Pts',(-154.001341177531,23.2622271569173,17.5447451134257));
#4293=CARTESIAN_POINT('Ctrl Pts',(-153.997755283399,23.4705265414083,17.7269757544378));
#4294=CARTESIAN_POINT('Ctrl Pts',(-153.994169805878,23.6788015616161,17.9091837355238));
#4295=CARTESIAN_POINT('Ctrl Pts',(-153.990583911747,23.8871009461071,18.0914143765359));
#4296=CARTESIAN_POINT('Ctrl Pts',(-155.829134036441,22.4967311805769,18.35625070773));
#4297=CARTESIAN_POINT('Ctrl Pts',(-155.826019065919,22.6828080465055,18.5611291977297));
#4298=CARTESIAN_POINT('Ctrl Pts',(-155.822904485413,22.8688618031033,18.7659837488317));
#4299=CARTESIAN_POINT('Ctrl Pts',(-155.819789514891,23.0549386690318,18.9708622388314));
#4300=CARTESIAN_POINT('Ctrl Pts',(-157.658759960325,21.6176933380732,19.0105167146136));
#4301=CARTESIAN_POINT('Ctrl Pts',(-157.656166953024,21.7783864599198,19.2336668813272));
#4302=CARTESIAN_POINT('Ctrl Pts',(-157.653573945723,21.9390795817664,19.4568170480409));
#4303=CARTESIAN_POINT('Ctrl Pts',(-157.650980938423,22.099772703613,19.6799672147546));
#4304=CARTESIAN_POINT('',(-157.658759960325,21.6176933380732,19.0105167146136));
#4305=CARTESIAN_POINT('',(-152.176351385391,23.8684076372369,16.6226496511606));
#4306=CARTESIAN_POINT('Ctrl Pts',(-143.95639750404,23.6896021036982,16.6718443497257));
#4307=CARTESIAN_POINT('Ctrl Pts',(-143.94846710334,24.1405450881262,16.9866260733692));
#4308=CARTESIAN_POINT('Ctrl Pts',(-143.940536702639,24.5914880725541,17.3014077970127));
#4309=CARTESIAN_POINT('Ctrl Pts',(-143.932606301939,25.042431056982,17.6161895206562));
#4310=CARTESIAN_POINT('Ctrl Pts',(-146.705875217554,23.7427311683736,16.6650024054914));
#4311=CARTESIAN_POINT('Ctrl Pts',(-146.697943902028,24.1937156220215,16.9797246992758));
#4312=CARTESIAN_POINT('Ctrl Pts',(-146.690012586503,24.6447000755575,17.294446992503));
#4313=CARTESIAN_POINT('Ctrl Pts',(-146.682081270977,25.0956845292054,17.6091692862874));
#4314=CARTESIAN_POINT('Ctrl Pts',(-149.455352467813,23.7958805396305,16.6581308886852));
#4315=CARTESIAN_POINT('Ctrl Pts',(-149.447420212519,24.2469075906198,16.9727921095012));
#4316=CARTESIAN_POINT('Ctrl Pts',(-149.439487957226,24.6979346414967,17.2874533297637));
#4317=CARTESIAN_POINT('Ctrl Pts',(-149.431555701932,25.1489616924861,17.6021145505798));
#4318=CARTESIAN_POINT('Ctrl Pts',(-152.204830383289,23.8490006986289,16.6513008118415));
#4319=CARTESIAN_POINT('Ctrl Pts',(-152.196897223981,24.3000687239959,16.9659032617286));
#4320=CARTESIAN_POINT('Ctrl Pts',(-152.188964064672,24.7511367493629,17.2805057116156));
#4321=CARTESIAN_POINT('Ctrl Pts',(-152.181030905364,25.2022047747299,17.5951081615027));
#4322=CARTESIAN_POINT('',(-143.932605206197,25.0424307548359,17.6161899258925));
#4323=CARTESIAN_POINT('',(-143.956396407413,23.6896018417168,16.6718446974015));
#4324=CARTESIAN_POINT('',(-152.181030905364,25.2022047747299,17.5951081615027));
#4325=CARTESIAN_POINT('Ctrl Pts',(-143.932606301939,25.042431056982,17.6161895206562));
#4326=CARTESIAN_POINT('Ctrl Pts',(-146.682081270977,25.0956845292054,17.6091692862874));
#4327=CARTESIAN_POINT('Ctrl Pts',(-149.431555701932,25.1489616924861,17.6021145505798));
#4328=CARTESIAN_POINT('Ctrl Pts',(-152.181030905364,25.2022047747299,17.5951081615027));
#4329=CARTESIAN_POINT('',(-152.204830383289,23.8490006986289,16.6513008118415));
#4330=CARTESIAN_POINT('Origin',(-160.50282918551,21.6718777756309,19.004545963249));
#4331=CARTESIAN_POINT('',(-164.611513699392,22.7146104603121,20.3347886556878));
#4332=CARTESIAN_POINT('Origin',(-139.974964659902,15.4940556211452,11.014431500773));
#4333=CARTESIAN_POINT('',(-159.761629849013,15.1103375845986,-0.552035239166713));
#4334=CARTESIAN_POINT('Origin',(-162.237560967593,15.2661781015932,1.08918504216916));
#4335=CARTESIAN_POINT('Origin',(-139.974964659902,15.4940556211452,11.014431500773));
#4336=CARTESIAN_POINT('',(-159.613504069597,23.1688827615477,2.02180619430653));
#4337=CARTESIAN_POINT('Origin',(-162.110596013808,22.1735025389781,3.29533484228907));
#4338=CARTESIAN_POINT('Origin',(-139.974964659902,15.4940556211452,11.014431500773));
#4339=CARTESIAN_POINT('',(-159.550070627455,27.3113345931503,9.39898860776158));
#4340=CARTESIAN_POINT('Origin',(-162.056224491972,25.7241755374946,9.61863405382196));
#4341=CARTESIAN_POINT('Origin',(-139.974964659902,15.4940556211452,11.014431500773));
#4342=CARTESIAN_POINT('',(-156.681226856748,4.54301751209436,8.43992652737904));
#4343=CARTESIAN_POINT('',(-164.929711972119,4.70016541929776,8.42260991169267));
#4344=CARTESIAN_POINT('',(-159.933564626659,6.59726066928373,4.09028255413731));
#4345=CARTESIAN_POINT('',(-159.933564626659,6.59726066928373,4.09028255413731));
#4346=CARTESIAN_POINT('Ctrl Pts',(-156.681226856748,4.54301751209435,8.43992652737904));
#4347=CARTESIAN_POINT('Ctrl Pts',(-157.771021286492,4.91660474198529,6.87272153448287));
#4348=CARTESIAN_POINT('Ctrl Pts',(-158.854678697053,5.62061528977653,5.38083273169057));
#4349=CARTESIAN_POINT('Ctrl Pts',(-159.933564626659,6.59726066928372,4.09028255413732));
#4350=CARTESIAN_POINT('Origin',(-160.775570562133,6.23092488333287,8.7941070398246));
#4351=CARTESIAN_POINT('',(-156.651328004447,6.15235092973117,8.80276534766777));
#4352=CARTESIAN_POINT('Origin',(-162.384933634147,7.96925503132328,5.06831457928689));
#4353=CARTESIAN_POINT('',(-159.910388099535,7.92211065916225,5.0735095639928));
#4354=CARTESIAN_POINT('Ctrl Pts',(-156.651328004447,6.15235092973117,8.80276534766779));
#4355=CARTESIAN_POINT('Ctrl Pts',(-156.661294288548,5.61590645718556,8.6818190742382));
#4356=CARTESIAN_POINT('Ctrl Pts',(-156.671260572648,5.07946198463996,8.56087280080862));
#4357=CARTESIAN_POINT('Ctrl Pts',(-156.681226856748,4.54301751209435,8.43992652737904));
#4358=CARTESIAN_POINT('Ctrl Pts',(-157.742551517854,6.47556184882252,7.45911694202942));
#4359=CARTESIAN_POINT('Ctrl Pts',(-157.752042266375,5.95586404254123,7.26363274442466));
#4360=CARTESIAN_POINT('Ctrl Pts',(-157.76153053797,5.43630254826658,7.06820573208763));
#4361=CARTESIAN_POINT('Ctrl Pts',(-157.771021286492,4.91660474198529,6.87272153448287));
#4362=CARTESIAN_POINT('Ctrl Pts',(-158.828514729104,7.08199275468554,6.1800252707658));
#4363=CARTESIAN_POINT('Ctrl Pts',(-158.837236845476,6.59482284654506,5.91360575015472));
#4364=CARTESIAN_POINT('Ctrl Pts',(-158.845956580681,6.10778519791702,5.64725225230165));
#4365=CARTESIAN_POINT('Ctrl Pts',(-158.854678697053,5.62061528977653,5.38083273169057));
#4366=CARTESIAN_POINT('Ctrl Pts',(-159.910388099535,7.92211065916225,5.0735095639928));
#4367=CARTESIAN_POINT('Ctrl Pts',(-159.918113608577,7.48049399586941,4.74576722737431));
#4368=CARTESIAN_POINT('Ctrl Pts',(-159.925839117618,7.03887733257656,4.41802489075582));
#4369=CARTESIAN_POINT('Ctrl Pts',(-159.933564626659,6.59726066928372,4.09028255413732));
#4370=CARTESIAN_POINT('Origin',(-139.974964659902,15.4940556211452,11.014431500773));
#4371=CARTESIAN_POINT('',(-159.989530932222,4.76770481889973,14.1457326810752));
#4372=CARTESIAN_POINT('Origin',(-162.432904753201,6.4010643024227,13.6872718309479));
#4373=CARTESIAN_POINT('Origin',(-139.974964659902,15.4940556211452,11.014431500773));
#4374=CARTESIAN_POINT('',(-159.905674766199,9.90955912292917,20.8644419172064));
#4375=CARTESIAN_POINT('Origin',(-162.361028039467,10.8083679915908,19.4461654619175));
#4376=CARTESIAN_POINT('Origin',(-139.974964659902,15.4940556211452,11.014431500773));
#4377=CARTESIAN_POINT('',(-159.605369319812,25.3147612062605,17.6207516854419));
#4378=CARTESIAN_POINT('Origin',(-162.103623371135,24.0128269201605,16.6658595489765));
#4379=CARTESIAN_POINT('Origin',(-139.974964659902,15.4940556211452,11.014431500773));
#4380=CARTESIAN_POINT('',(-149.258476757411,4.37063950701282,8.59696499251925));
#4381=CARTESIAN_POINT('',(-144.309385688188,4.27635076269077,8.60735496193108));
#4382=CARTESIAN_POINT('',(-149.258476757411,4.37063950701282,8.59696499251926));
#4383=CARTESIAN_POINT('Ctrl Pts',(-152.511802871086,6.37029167709752,4.22269030873886));
#4384=CARTESIAN_POINT('Ctrl Pts',(-151.432632812411,5.409869253768,5.52512324767339));
#4385=CARTESIAN_POINT('Ctrl Pts',(-150.348636393594,4.72458376499393,7.02546054229433));
#4386=CARTESIAN_POINT('Ctrl Pts',(-149.258476757411,4.37063950701282,8.59696499251926));
#4387=CARTESIAN_POINT('Origin',(-144.099207205296,15.5726295745128,11.0057731929556));
#4388=CARTESIAN_POINT('Origin',(-146.753905725243,5.93724925082637,8.94479115308581));
#4389=CARTESIAN_POINT('',(-149.228451259855,5.98439362298739,8.9395961683799));
#4390=CARTESIAN_POINT('',(-144.279360190632,5.89010487866534,8.94998613779172));
#4391=CARTESIAN_POINT('Ctrl Pts',(-152.48835850674,7.70736107775733,5.18922834710034));
#4392=CARTESIAN_POINT('Ctrl Pts',(-152.496173294856,7.26167127753739,4.86704900097985));
#4393=CARTESIAN_POINT('Ctrl Pts',(-152.503988082971,6.81598147731746,4.54486965485935));
#4394=CARTESIAN_POINT('Ctrl Pts',(-152.511802871086,6.37029167709752,4.22269030873886));
#4395=CARTESIAN_POINT('Ctrl Pts',(-151.406241597107,6.88114856429005,6.30592927791444));
#4396=CARTESIAN_POINT('Ctrl Pts',(-151.41503946895,6.39067776857939,6.04563914809729));
#4397=CARTESIAN_POINT('Ctrl Pts',(-151.423834940567,5.90034004947867,5.78541337749054));
#4398=CARTESIAN_POINT('Ctrl Pts',(-151.432632812411,5.409869253768,5.52512324767339));
#4399=CARTESIAN_POINT('Ctrl Pts',(-150.319987807352,6.29076770901317,7.59226251360261));
#4400=CARTESIAN_POINT('Ctrl Pts',(-150.329538167424,5.76866072166985,7.40331003263443));
#4401=CARTESIAN_POINT('Ctrl Pts',(-150.339086033522,5.24669075233725,7.21441302326251));
#4402=CARTESIAN_POINT('Ctrl Pts',(-150.348636393594,4.72458376499393,7.02546054229433));
#4403=CARTESIAN_POINT('Ctrl Pts',(-149.228451259855,5.98439362298739,8.9395961683799));
#4404=CARTESIAN_POINT('Ctrl Pts',(-149.23845975904,5.4464755843292,8.82538577642635));
#4405=CARTESIAN_POINT('Ctrl Pts',(-149.248468258225,4.90855754567101,8.7111753844728));
#4406=CARTESIAN_POINT('Ctrl Pts',(-149.258476757411,4.37063950701282,8.59696499251926));
#4407=CARTESIAN_POINT('Origin',(-144.263161987098,6.52451146458043,6.9914640994454));
#4408=CARTESIAN_POINT('Origin',(-139.974964659902,15.4940556211452,11.014431500773));
#4409=CARTESIAN_POINT('',(-148.849577403547,25.415270643602,4.80404758673275));
#4410=CARTESIAN_POINT('',(-143.900486334324,25.32098189928,4.81443755614457));
#4411=CARTESIAN_POINT('',(-148.849577403547,25.415270643602,4.80404758673275));
#4412=CARTESIAN_POINT('Ctrl Pts',(-152.126524915048,27.1495230535463,9.2729403128877));
#4413=CARTESIAN_POINT('Ctrl Pts',(-151.027936301103,26.8902831264765,7.68887954236131));
#4414=CARTESIAN_POINT('Ctrl Pts',(-149.935837591197,26.2960314591324,6.15595364772591));
#4415=CARTESIAN_POINT('Ctrl Pts',(-148.849577403547,25.415270643602,4.80404758673276));
#4416=CARTESIAN_POINT('Origin',(-144.099207205296,15.5726295745128,11.0057731929556));
#4417=CARTESIAN_POINT('Origin',(-146.403420564789,23.97550451076,5.6937190909831));
#4418=CARTESIAN_POINT('',(-148.8779660994,24.022648882921,5.68852410627719));
#4419=CARTESIAN_POINT('',(-143.928875030177,23.928360138599,5.69891407568899));
#4420=CARTESIAN_POINT('Ctrl Pts',(-152.158120258708,25.5181308289991,9.51801406494221));
#4421=CARTESIAN_POINT('Ctrl Pts',(-152.147588477488,26.0619282371815,9.43632281425737));
#4422=CARTESIAN_POINT('Ctrl Pts',(-152.137056696268,26.6057256453639,9.35463156357254));
#4423=CARTESIAN_POINT('Ctrl Pts',(-152.126524915048,27.1495230535463,9.2729403128877));
#4424=CARTESIAN_POINT('Ctrl Pts',(-151.059358873129,25.2929318837545,8.16057753050408));
#4425=CARTESIAN_POINT('Ctrl Pts',(-151.048883759764,25.8254289971944,8.0033291541931));
#4426=CARTESIAN_POINT('Ctrl Pts',(-151.038411414467,26.3577860130366,7.8461279186723));
#4427=CARTESIAN_POINT('Ctrl Pts',(-151.027936301103,26.8902831264765,7.68887954236131));
#4428=CARTESIAN_POINT('Ctrl Pts',(-149.966160262441,24.7805800182747,6.84697088968682));
#4429=CARTESIAN_POINT('Ctrl Pts',(-149.956051797897,25.2857760639903,6.61661305931818));
#4430=CARTESIAN_POINT('Ctrl Pts',(-149.945946055741,25.7908354134169,6.38631147809455));
#4431=CARTESIAN_POINT('Ctrl Pts',(-149.935837591197,26.2960314591324,6.15595364772591));
#4432=CARTESIAN_POINT('Ctrl Pts',(-148.8779660994,24.022648882921,5.68852410627719));
#4433=CARTESIAN_POINT('Ctrl Pts',(-148.868503200783,24.4868561364813,5.39369859976238));
#4434=CARTESIAN_POINT('Ctrl Pts',(-148.859040302165,24.9510633900417,5.09887309324757));
#4435=CARTESIAN_POINT('Ctrl Pts',(-148.849577403547,25.415270643602,4.80404758673276));
#4436=CARTESIAN_POINT('Origin',(-143.915277983109,24.8451718157512,7.54223014779567));
#4437=CARTESIAN_POINT('Origin',(-139.974964659902,15.4940556211452,11.014431500773));
#4438=CARTESIAN_POINT('',(-148.971063211748,18.4866949719371,-0.204857594032369));
#4439=CARTESIAN_POINT('',(-144.021972142526,18.392406227615,-0.194467624620537));
#4440=CARTESIAN_POINT('',(-148.971063211748,18.4866949719371,-0.204857594032369));
#4441=CARTESIAN_POINT('Ctrl Pts',(-152.193116885288,22.8404365230834,1.88806458394278));
#4442=CARTESIAN_POINT('Ctrl Pts',(-151.115321816144,21.5557271619814,0.90255433355326));
#4443=CARTESIAN_POINT('Ctrl Pts',(-150.042052045043,20.0629739037098,0.184601589200418));
#4444=CARTESIAN_POINT('Ctrl Pts',(-148.971063211749,18.4866949719371,-0.204857594032357));
#4445=CARTESIAN_POINT('Origin',(-144.099207205296,15.5726295745128,11.0057731929556));
#4446=CARTESIAN_POINT('Origin',(-146.507551257533,18.0367253636186,1.40037179318442));
#4447=CARTESIAN_POINT('',(-148.982096792144,18.0838697357796,1.39517680847851));
#4448=CARTESIAN_POINT('',(-144.033005722922,17.9895809914576,1.40556677789033));
#4449=CARTESIAN_POINT('Ctrl Pts',(-152.215199090342,21.8246280886024,3.18812058298941));
#4450=CARTESIAN_POINT('Ctrl Pts',(-152.207838355324,22.163230900096,2.7547685833072));
#4451=CARTESIAN_POINT('Ctrl Pts',(-152.200477620306,22.5018337115897,2.32141658362499));
#4452=CARTESIAN_POINT('Ctrl Pts',(-152.193116885288,22.8404365230834,1.88806458394278));
#4453=CARTESIAN_POINT('Ctrl Pts',(-151.134260743164,20.7204553427587,2.34372735152576));
#4454=CARTESIAN_POINT('Ctrl Pts',(-151.127947236067,20.9989023795507,1.86329281591855));
#4455=CARTESIAN_POINT('Ctrl Pts',(-151.121635323241,21.2772801251893,1.38298886916047));
#4456=CARTESIAN_POINT('Ctrl Pts',(-151.115321816144,21.5557271619814,0.90255433355326));
#4457=CARTESIAN_POINT('Ctrl Pts',(-150.05720122288,19.437959256484,1.72866912523639));
#4458=CARTESIAN_POINT('Ctrl Pts',(-150.052151017974,19.6463176586086,1.21393499253415));
#4459=CARTESIAN_POINT('Ctrl Pts',(-150.04710224995,19.8546155015852,0.699335721902662));
#4460=CARTESIAN_POINT('Ctrl Pts',(-150.042052045043,20.0629739037098,0.184601589200418));
#4461=CARTESIAN_POINT('Ctrl Pts',(-148.982096792144,18.0838697357796,1.39517680847852));
#4462=CARTESIAN_POINT('Ctrl Pts',(-148.978418932012,18.2181448144988,0.861832007641559));
#4463=CARTESIAN_POINT('Ctrl Pts',(-148.97474107188,18.3524198932179,0.328487206804601));
#4464=CARTESIAN_POINT('Ctrl Pts',(-148.971063211749,18.4866949719371,-0.204857594032357));
#4465=CARTESIAN_POINT('Origin',(-143.99766418303,19.9225898260511,2.11321817065373));
#4466=CARTESIAN_POINT('Origin',(-139.974964659902,15.4940556211452,11.014431500773));
#4467=CARTESIAN_POINT('',(-149.134026915348,10.0547901372358,0.900871453604422));
#4468=CARTESIAN_POINT('',(-144.184935846125,9.96050139291376,0.911261423016242));
#4469=CARTESIAN_POINT('',(-149.134026915348,10.0547901372358,0.900871453604423));
#4470=CARTESIAN_POINT('Ctrl Pts',(-152.343499272978,14.6823787174079,-0.51395352874233));
#4471=CARTESIAN_POINT('Ctrl Pts',(-151.274437235337,13.0641608287753,-0.366210401051726));
#4472=CARTESIAN_POINT('Ctrl Pts',(-150.205482936357,11.4774762816198,0.119016648146423));
#4473=CARTESIAN_POINT('Ctrl Pts',(-149.134026915348,10.0547901372358,0.900871453604425));
#4474=CARTESIAN_POINT('Origin',(-144.099207205296,15.5726295745128,11.0057731929556));
#4475=CARTESIAN_POINT('Origin',(-146.647234432046,10.8093783624461,2.34813954830167));
#4476=CARTESIAN_POINT('',(-149.121779966658,10.8565227346071,2.34294456359576));
#4477=CARTESIAN_POINT('',(-144.172688897435,10.7622339902851,2.35333453300757));
#4478=CARTESIAN_POINT('Ctrl Pts',(-152.344098279791,14.8320071123091,1.12924791497361));
#4479=CARTESIAN_POINT('Ctrl Pts',(-152.343898610854,14.7821309806754,0.581514100401627));
#4480=CARTESIAN_POINT('Ctrl Pts',(-152.343698941916,14.7322548490416,0.0337802858296487));
#4481=CARTESIAN_POINT('Ctrl Pts',(-152.343499272978,14.6823787174079,-0.51395352874233));
#4482=CARTESIAN_POINT('Ctrl Pts',(-151.270645388186,13.4419699142963,1.25621472186434));
#4483=CARTESIAN_POINT('Ctrl Pts',(-151.271909484431,13.31602058735,0.715358803179227));
#4484=CARTESIAN_POINT('Ctrl Pts',(-151.273173139092,13.1901101557215,0.174645517633387));
#4485=CARTESIAN_POINT('Ctrl Pts',(-151.274437235337,13.0641608287753,-0.366210401051726));
#4486=CARTESIAN_POINT('Ctrl Pts',(-150.197284844006,12.0789612946925,1.67245346147583));
#4487=CARTESIAN_POINT('Ctrl Pts',(-150.200017749648,11.8784502287997,1.15459460101718));
#4488=CARTESIAN_POINT('Ctrl Pts',(-150.202750030715,11.6779873475126,0.63687550860507));
#4489=CARTESIAN_POINT('Ctrl Pts',(-150.205482936357,11.4774762816198,0.119016648146423));
#4490=CARTESIAN_POINT('Ctrl Pts',(-149.121779966658,10.8565227346071,2.34294456359576));
#4491=CARTESIAN_POINT('Ctrl Pts',(-149.125862282888,10.5892785354833,1.86225352693198));
#4492=CARTESIAN_POINT('Ctrl Pts',(-149.129944599118,10.3220343363596,1.3815624902682));
#4493=CARTESIAN_POINT('Ctrl Pts',(-149.134026915348,10.0547901372358,0.900871453604425));
#4494=CARTESIAN_POINT('Origin',(-144.134923320898,12.6554687972794,1.54538750531804));
#4495=CARTESIAN_POINT('Origin',(-139.974964659902,15.4940556211452,11.014431500773));
#4496=CARTESIAN_POINT('',(-148.834916863093,27.0028941946755,13.1982503234354));
#4497=CARTESIAN_POINT('',(-143.885843888104,26.9080765813582,13.2113618637342));
#4498=CARTESIAN_POINT('Ctrl Pts',(-148.834916867444,27.0028940587397,13.1982510233833));
#4499=CARTESIAN_POINT('Ctrl Pts',(-147.185225956801,26.9712857341036,13.2026347518344));
#4500=CARTESIAN_POINT('Ctrl Pts',(-145.535534932225,26.9396808271531,13.2070002896708));
#4501=CARTESIAN_POINT('Ctrl Pts',(-143.885843892089,26.9080764567493,13.2113625045367));
#4502=CARTESIAN_POINT('Ctrl Pts',(-152.181030672607,25.2022046441089,17.595108342914));
#4503=CARTESIAN_POINT('Ctrl Pts',(-151.620571677228,25.6493631216754,16.9398524996517));
#4504=CARTESIAN_POINT('Ctrl Pts',(-151.062862809435,26.0316147724584,16.2298770565915));
#4505=CARTESIAN_POINT('Ctrl Pts',(-149.94584514301,26.6338176251659,14.7594887415243));
#4506=CARTESIAN_POINT('Ctrl Pts',(-149.388326656695,26.8603015823518,13.9851322401098));
#4507=CARTESIAN_POINT('Ctrl Pts',(-148.834916863093,27.0028941946754,13.1982503234354));
#4508=CARTESIAN_POINT('Ctrl Pts',(-143.885843888104,26.9080765813582,13.2113618637342));
#4509=CARTESIAN_POINT('Ctrl Pts',(-143.890737819076,26.7549718215038,13.9987046902886));
#4510=CARTESIAN_POINT('Ctrl Pts',(-143.897224569426,26.5174853375527,14.7756656635436));
#4511=CARTESIAN_POINT('Ctrl Pts',(-143.912873135354,25.8931661206904,16.2493517569368));
#4512=CARTESIAN_POINT('Ctrl Pts',(-143.92218113403,25.5001109566131,16.960274067542));
#4513=CARTESIAN_POINT('Ctrl Pts',(-143.932605206197,25.0424307548359,17.6161899258925));
#4514=CARTESIAN_POINT('Ctrl Pts',(-148.86510916149,25.3834634134799,12.8835562338274));
#4515=CARTESIAN_POINT('Ctrl Pts',(-148.855045063475,25.9232736285665,12.9884544970127));
#4516=CARTESIAN_POINT('Ctrl Pts',(-148.844980965459,26.4630838436531,13.093352760198));
#4517=CARTESIAN_POINT('Ctrl Pts',(-148.834916867444,27.0028940587397,13.1982510233833));
#4518=CARTESIAN_POINT('Ctrl Pts',(-147.215417488286,25.351880625694,12.8878084755728));
#4519=CARTESIAN_POINT('Ctrl Pts',(-147.205353644458,25.8916823284876,12.992750567643));
#4520=CARTESIAN_POINT('Ctrl Pts',(-147.195289800629,26.4314840313099,13.0976926597642));
#4521=CARTESIAN_POINT('Ctrl Pts',(-147.185225956801,26.9712857341036,13.2026347518344));
#4522=CARTESIAN_POINT('Ctrl Pts',(-145.565725715908,25.3203007673238,12.892045125366));
#4523=CARTESIAN_POINT('Ctrl Pts',(-145.555662121347,25.8600941205908,12.9970301801175));
#4524=CARTESIAN_POINT('Ctrl Pts',(-145.545598526785,26.3998874738861,13.1020152349192));
#4525=CARTESIAN_POINT('Ctrl Pts',(-145.535534932225,26.9396808271531,13.2070002896708));
#4526=CARTESIAN_POINT('Ctrl Pts',(-143.916033930427,25.2887213688555,12.8962789268983));
#4527=CARTESIAN_POINT('Ctrl Pts',(-143.905970584314,25.8285063981534,13.0013067861111));
#4528=CARTESIAN_POINT('Ctrl Pts',(-143.895907238202,26.3682914274514,13.1063346453239));
#4529=CARTESIAN_POINT('Ctrl Pts',(-143.885843892089,26.9080764567493,13.2113625045367));
#4530=CARTESIAN_POINT('',(-148.865109157719,25.3834635299954,12.8835556338722));
#4531=CARTESIAN_POINT('',(-143.916033926973,25.2887214756623,12.896278377639));
#4532=CARTESIAN_POINT('Ctrl Pts',(-152.204830150135,23.849000586027,16.6513009674076));
#4533=CARTESIAN_POINT('Ctrl Pts',(-152.196896990959,24.3000686053877,16.9659034259097));
#4534=CARTESIAN_POINT('Ctrl Pts',(-152.188963831783,24.7511366247483,17.2805058844119));
#4535=CARTESIAN_POINT('Ctrl Pts',(-152.181030672607,25.2022046441089,17.595108342914));
#4536=CARTESIAN_POINT('Ctrl Pts',(-151.645813577037,24.2307813741266,16.0898181607714));
#4537=CARTESIAN_POINT('Ctrl Pts',(-151.637398792385,24.7036820134966,16.3731367915575));
#4538=CARTESIAN_POINT('Ctrl Pts',(-151.628986461879,25.1764624823054,16.6565338688656));
#4539=CARTESIAN_POINT('Ctrl Pts',(-151.620571677228,25.6493631216754,16.9398524996517));
#4540=CARTESIAN_POINT('Ctrl Pts',(-151.089386801712,24.556932169664,15.4814323518237));
#4541=CARTESIAN_POINT('Ctrl Pts',(-151.080545325307,25.0484999589475,15.7309073581055));
#4542=CARTESIAN_POINT('Ctrl Pts',(-151.07170428584,25.5400469831749,15.9804020503097));
#4543=CARTESIAN_POINT('Ctrl Pts',(-151.062862809435,26.0316147724584,16.2298770565915));
#4544=CARTESIAN_POINT('Ctrl Pts',(-149.974506958334,25.0701066128643,14.2214300269));
#4545=CARTESIAN_POINT('Ctrl Pts',(-149.964952994549,25.591345511712,14.4007880543689));
#4546=CARTESIAN_POINT('Ctrl Pts',(-149.955399106795,26.1125787263181,14.5801307140554));
#4547=CARTESIAN_POINT('Ctrl Pts',(-149.94584514301,26.6338176251659,14.7594887415243));
#4548=CARTESIAN_POINT('Ctrl Pts',(-149.417866062478,25.2627350541551,13.5578612457505));
#4549=CARTESIAN_POINT('Ctrl Pts',(-149.408019368548,25.7952708603659,13.7003012685665));
#4550=CARTESIAN_POINT('Ctrl Pts',(-149.398173350626,26.3277657761411,13.8426922172938));
#4551=CARTESIAN_POINT('Ctrl Pts',(-149.388326656695,26.8603015823518,13.9851322401098));
#4552=CARTESIAN_POINT('Ctrl Pts',(-148.865109157719,25.3834635299954,12.8835556338722));
#4553=CARTESIAN_POINT('Ctrl Pts',(-148.85504505951,25.9232737515554,12.9884538637266));
#4554=CARTESIAN_POINT('Ctrl Pts',(-148.844980961302,26.4630839731154,13.093352093581));
#4555=CARTESIAN_POINT('Ctrl Pts',(-148.834916863093,27.0028941946754,13.1982503234354));
#4556=CARTESIAN_POINT('Ctrl Pts',(-143.916033926973,25.2887214756623,12.896278377639));
#4557=CARTESIAN_POINT('Ctrl Pts',(-143.905970580683,25.8285065108943,13.0013062063374));
#4558=CARTESIAN_POINT('Ctrl Pts',(-143.895907234394,26.3682915461262,13.1063340350358));
#4559=CARTESIAN_POINT('Ctrl Pts',(-143.885843888104,26.9080765813582,13.2113618637342));
#4560=CARTESIAN_POINT('Ctrl Pts',(-143.920275007548,25.1574897061221,13.5711435603785));
#4561=CARTESIAN_POINT('Ctrl Pts',(-143.91042892977,25.69000261446,13.7136692795506));
#4562=CARTESIAN_POINT('Ctrl Pts',(-143.900583896855,26.2224589131659,13.8561789711165));
#4563=CARTESIAN_POINT('Ctrl Pts',(-143.890737819076,26.7549718215038,13.9987046902886));
#4564=CARTESIAN_POINT('Ctrl Pts',(-143.925882361071,24.9539307635354,14.2371100096208));
#4565=CARTESIAN_POINT('Ctrl Pts',(-143.916329715797,25.4751183319921,14.4166302659713));
#4566=CARTESIAN_POINT('Ctrl Pts',(-143.906777214701,25.996297769096,14.5961454071931));
#4567=CARTESIAN_POINT('Ctrl Pts',(-143.897224569426,26.5174853375527,14.7756656635436));
#4568=CARTESIAN_POINT('Ctrl Pts',(-143.939389724916,24.4188018029428,15.5002693202576));
#4569=CARTESIAN_POINT('Ctrl Pts',(-143.930550799306,24.9102599552913,15.7499644032715));
#4570=CARTESIAN_POINT('Ctrl Pts',(-143.921712060963,25.4017079683419,15.9996566739229));
#4571=CARTESIAN_POINT('Ctrl Pts',(-143.912873135354,25.8931661206904,16.2493517569368));
#4572=CARTESIAN_POINT('Ctrl Pts',(-143.947414725134,24.0818982666045,16.1096312027031));
#4573=CARTESIAN_POINT('Ctrl Pts',(-143.939003203905,24.5546540240978,16.3931895116177));
#4574=CARTESIAN_POINT('Ctrl Pts',(-143.930592655258,25.0273551991198,16.6767157586274));
#4575=CARTESIAN_POINT('Ctrl Pts',(-143.92218113403,25.5001109566131,16.960274067542));
#4576=CARTESIAN_POINT('Ctrl Pts',(-143.956396407413,23.6896018417168,16.6718446974015));
#4577=CARTESIAN_POINT('Ctrl Pts',(-143.948466007007,24.1405448127565,16.9866264402318));
#4578=CARTESIAN_POINT('Ctrl Pts',(-143.940535606602,24.5914877837962,17.3014081830622));
#4579=CARTESIAN_POINT('Ctrl Pts',(-143.932605206197,25.0424307548359,17.6161899258925));
#4580=CARTESIAN_POINT('Origin',(-139.974964659902,15.4940556211452,11.014431500773));
#4581=CARTESIAN_POINT('',(-149.23169511927,6.7473270208052,18.3308968676632));
#4582=CARTESIAN_POINT('',(-144.282634957481,6.65136162492226,18.3392468697603));
#4583=CARTESIAN_POINT('Ctrl Pts',(-149.231695119262,6.74732702124018,18.3308968681923));
#4584=CARTESIAN_POINT('Ctrl Pts',(-147.582008388712,6.71533915416582,18.3336810883203));
#4585=CARTESIAN_POINT('Ctrl Pts',(-145.932321764245,6.68334507209261,18.336457587447));
#4586=CARTESIAN_POINT('Ctrl Pts',(-144.282634957683,6.651361613148,18.3392468554318));
#4587=CARTESIAN_POINT('Ctrl Pts',(-152.56609548025,4.60434565103579,14.0835440790382));
#4588=CARTESIAN_POINT('Ctrl Pts',(-152.288395786916,4.70732601801066,14.4733121468499));
#4589=CARTESIAN_POINT('Ctrl Pts',(-152.012393436483,4.82823117131335,14.8499518407381));
#4590=CARTESIAN_POINT('Ctrl Pts',(-151.458825044841,5.11269814260664,15.5998428197263));
#4591=CARTESIAN_POINT('Ctrl Pts',(-151.180880896526,5.27527845790287,15.9683443092224));
#4592=CARTESIAN_POINT('Ctrl Pts',(-150.625243863321,5.63386142368118,16.6787136341149));
#4593=CARTESIAN_POINT('Ctrl Pts',(-150.347624023104,5.83142465902758,17.0243470220403));
#4594=CARTESIAN_POINT('Ctrl Pts',(-149.789944915661,6.26578009295764,17.6987252155485));
#4595=CARTESIAN_POINT('Ctrl Pts',(-149.509372694335,6.49890099217968,18.0218096474363));
#4596=CARTESIAN_POINT('Ctrl Pts',(-149.23169511927,6.74732702080522,18.3308968676633));
#4597=CARTESIAN_POINT('Ctrl Pts',(-144.282634957481,6.65136162492226,18.3392468697604));
#4598=CARTESIAN_POINT('Ctrl Pts',(-144.286984828774,6.3968929123754,18.0295734666436));
#4599=CARTESIAN_POINT('Ctrl Pts',(-144.291001139177,6.15886945357719,17.7072099299302));
#4600=CARTESIAN_POINT('Ctrl Pts',(-144.298364413084,5.71480536852477,17.0347963696834));
#4601=CARTESIAN_POINT('Ctrl Pts',(-144.301662109768,5.51187007061088,16.6893593607515));
#4602=CARTESIAN_POINT('Ctrl Pts',(-144.307522136094,5.14255148804279,15.9791032192295));
#4603=CARTESIAN_POINT('Ctrl Pts',(-144.310102766113,4.97484233573571,15.6110410205285));
#4604=CARTESIAN_POINT('Ctrl Pts',(-144.314457872712,4.68023959870014,14.8623482826849));
#4605=CARTESIAN_POINT('Ctrl Pts',(-144.316224327861,4.55432717362491,14.4866124783977));
#4606=CARTESIAN_POINT('Ctrl Pts',(-144.317622118308,4.44601921533629,14.0966204625362));
#4607=CARTESIAN_POINT('Ctrl Pts',(-149.205218993421,8.02154908020556,17.2829669281646));
#4608=CARTESIAN_POINT('Ctrl Pts',(-149.214044368701,7.59680839388376,17.6322769081739));
#4609=CARTESIAN_POINT('Ctrl Pts',(-149.222869743982,7.17206770756197,17.9815868881831));
#4610=CARTESIAN_POINT('Ctrl Pts',(-149.231695119262,6.74732702124018,18.3308968681923));
#4611=CARTESIAN_POINT('Ctrl Pts',(-147.555530947011,7.98964097116524,17.2858481626839));
#4612=CARTESIAN_POINT('Ctrl Pts',(-147.564356760911,7.56487369881774,17.6351258045778));
#4613=CARTESIAN_POINT('Ctrl Pts',(-147.573182574811,7.14010642651331,17.9844034464264));
#4614=CARTESIAN_POINT('Ctrl Pts',(-147.582008388712,6.71533915416582,18.3336810883203));
#4615=CARTESIAN_POINT('Ctrl Pts',(-145.905842992084,7.95772753499362,17.2887227792009));
#4616=CARTESIAN_POINT('Ctrl Pts',(-145.914669249471,7.53293338067896,17.6379677152979));
#4617=CARTESIAN_POINT('Ctrl Pts',(-145.923495506857,7.10813922640727,17.98721265135));
#4618=CARTESIAN_POINT('Ctrl Pts',(-145.932321764245,6.68334507209261,18.336457587447));
#4619=CARTESIAN_POINT('Ctrl Pts',(-144.256154880147,7.92582320434308,17.2916083404553));
#4620=CARTESIAN_POINT('Ctrl Pts',(-144.264981572659,7.50100267394472,17.6408211787808));
#4621=CARTESIAN_POINT('Ctrl Pts',(-144.273808265171,7.07618214354636,17.9900340171063));
#4622=CARTESIAN_POINT('Ctrl Pts',(-144.282634957683,6.651361613148,18.3392468554318));
#4623=CARTESIAN_POINT('',(-149.205218993427,8.02154907983271,17.2829669277111));
#4624=CARTESIAN_POINT('',(-144.256154879973,7.92582321443529,17.2916083527369));
#4625=CARTESIAN_POINT('Ctrl Pts',(-152.534887418872,6.19369291043487,13.6413887376189));
#4626=CARTESIAN_POINT('Ctrl Pts',(-152.545290105998,5.66391049063517,13.7887738514253));
#4627=CARTESIAN_POINT('Ctrl Pts',(-152.555692793124,5.13412807083548,13.9361589652318));
#4628=CARTESIAN_POINT('Ctrl Pts',(-152.56609548025,4.60434565103579,14.0835440790382));
#4629=CARTESIAN_POINT('Ctrl Pts',(-152.257365618348,6.28120937708765,13.975558564307));
#4630=CARTESIAN_POINT('Ctrl Pts',(-152.267708943481,5.75658359239724,14.1414639194674));
#4631=CARTESIAN_POINT('Ctrl Pts',(-152.278052461783,5.23195180270107,14.3074067916895));
#4632=CARTESIAN_POINT('Ctrl Pts',(-152.288395786916,4.70732601801066,14.4733121468499));
#4633=CARTESIAN_POINT('Ctrl Pts',(-151.9815937751,6.38409556831879,14.2984748795539));
#4634=CARTESIAN_POINT('Ctrl Pts',(-151.991860307741,5.86547467586764,14.4822956593946));
#4635=CARTESIAN_POINT('Ctrl Pts',(-152.002126903841,5.34685206376449,14.6661310608975));
#4636=CARTESIAN_POINT('Ctrl Pts',(-152.012393436483,4.82823117131335,14.8499518407381));
#4637=CARTESIAN_POINT('Ctrl Pts',(-151.428603550675,6.62642878233315,14.941403382677));
#4638=CARTESIAN_POINT('Ctrl Pts',(-151.438677366141,6.12185302793417,15.160885824334));
#4639=CARTESIAN_POINT('Ctrl Pts',(-151.448751229375,5.61727389700563,15.3803603780692));
#4640=CARTESIAN_POINT('Ctrl Pts',(-151.458825044841,5.11269814260664,15.5998428197263));
#4641=CARTESIAN_POINT('Ctrl Pts',(-151.151005835868,6.76503346464026,15.2573444331514));
#4642=CARTESIAN_POINT('Ctrl Pts',(-151.160964159073,6.26845030377049,15.4943466466007));
#4643=CARTESIAN_POINT('Ctrl Pts',(-151.170922573321,5.77186161877265,15.7313420957731));
#4644=CARTESIAN_POINT('Ctrl Pts',(-151.180880896526,5.27527845790287,15.9683443092224));
#4645=CARTESIAN_POINT('Ctrl Pts',(-150.596160572607,7.0708931132575,15.866397404739));
#4646=CARTESIAN_POINT('Ctrl Pts',(-150.60585497955,6.59188354565298,16.1371674198442));
#4647=CARTESIAN_POINT('Ctrl Pts',(-150.615549456378,6.11287099128571,16.4079436190097));
#4648=CARTESIAN_POINT('Ctrl Pts',(-150.625243863321,5.63386142368118,16.6787136341149));
#4649=CARTESIAN_POINT('Ctrl Pts',(-150.31898918193,7.23948598185092,16.1627369138631));
#4650=CARTESIAN_POINT('Ctrl Pts',(-150.328534132537,6.77013169628547,16.4499373339341));
#4651=CARTESIAN_POINT('Ctrl Pts',(-150.338079072497,6.30077894459303,16.7371466019692));
#4652=CARTESIAN_POINT('Ctrl Pts',(-150.347624023104,5.83142465902758,17.0243470220403));
#4653=CARTESIAN_POINT('Ctrl Pts',(-149.762318894042,7.61029203761928,16.7409405010351));
#4654=CARTESIAN_POINT('Ctrl Pts',(-149.771527502507,7.16212543388911,17.060207619966));
#4655=CARTESIAN_POINT('Ctrl Pts',(-149.780736307197,6.71394669668781,17.3794580966176));
#4656=CARTESIAN_POINT('Ctrl Pts',(-149.789944915661,6.26578009295764,17.6987252155485));
#4657=CARTESIAN_POINT('Ctrl Pts',(-149.482298778205,7.80935684322175,17.0179530013918));
#4658=CARTESIAN_POINT('Ctrl Pts',(-149.491323219335,7.37255011555166,17.352585664899));
#4659=CARTESIAN_POINT('Ctrl Pts',(-149.500348253205,6.93570771984978,17.6871769839292));
#4660=CARTESIAN_POINT('Ctrl Pts',(-149.509372694335,6.49890099217968,18.0218096474363));
#4661=CARTESIAN_POINT('Ctrl Pts',(-149.205218993427,8.02154907983274,17.2829669277111));
#4662=CARTESIAN_POINT('Ctrl Pts',(-149.214044368708,7.59680839349023,17.6322769076952));
#4663=CARTESIAN_POINT('Ctrl Pts',(-149.222869743989,7.17206770714773,17.9815868876792));
#4664=CARTESIAN_POINT('Ctrl Pts',(-149.23169511927,6.74732702080522,18.3308968676633));
#4665=CARTESIAN_POINT('Ctrl Pts',(-144.256154879973,7.92582321443529,17.2916083527369));
#4666=CARTESIAN_POINT('Ctrl Pts',(-144.264981572476,7.50100268459761,17.6408211917447));
#4667=CARTESIAN_POINT('Ctrl Pts',(-144.273808264978,7.07618215475994,17.9900340307525));
#4668=CARTESIAN_POINT('Ctrl Pts',(-144.282634957481,6.65136162492226,18.3392468697604));
#4669=CARTESIAN_POINT('Ctrl Pts',(-144.259905036115,7.70770758843731,17.0261739616624));
#4670=CARTESIAN_POINT('Ctrl Pts',(-144.268931206966,7.27079520353815,17.360671712473));
#4671=CARTESIAN_POINT('Ctrl Pts',(-144.277958657923,6.83380529727456,17.695075715833));
#4672=CARTESIAN_POINT('Ctrl Pts',(-144.286984828774,6.3968929123754,18.0295734666436));
#4673=CARTESIAN_POINT('Ctrl Pts',(-144.263370195574,7.50368791161149,16.7498623113033));
#4674=CARTESIAN_POINT('Ctrl Pts',(-144.272580482964,7.05541673424692,17.068980155325));
#4675=CARTESIAN_POINT('Ctrl Pts',(-144.281790851787,6.60714063094176,17.3880920859085));
#4676=CARTESIAN_POINT('Ctrl Pts',(-144.291001139177,6.15886945357719,17.7072099299302));
#4677=CARTESIAN_POINT('Ctrl Pts',(-144.26972651804,7.1230624092719,16.1735077367359));
#4678=CARTESIAN_POINT('Ctrl Pts',(-144.279272401404,6.65364819676156,16.4606086244705));
#4679=CARTESIAN_POINT('Ctrl Pts',(-144.28881852972,6.18421958103511,16.7476954819488));
#4680=CARTESIAN_POINT('Ctrl Pts',(-144.298364413084,5.71480536852477,17.0347963696834));
#4681=CARTESIAN_POINT('Ctrl Pts',(-144.272575482424,6.94911829433719,15.8774188249801));
#4682=CARTESIAN_POINT('Ctrl Pts',(-144.282270951371,6.4700398312374,16.148069483193));
#4683=CARTESIAN_POINT('Ctrl Pts',(-144.291966640821,5.99094853371068,16.4187087025386));
#4684=CARTESIAN_POINT('Ctrl Pts',(-144.301662109768,5.51187007061088,16.6893593607515));
#4685=CARTESIAN_POINT('Ctrl Pts',(-144.277643339675,6.63256036617882,15.2686277521082));
#4686=CARTESIAN_POINT('Ctrl Pts',(-144.287602901232,6.13589291308906,15.5054548841686));
#4687=CARTESIAN_POINT('Ctrl Pts',(-144.297562574537,5.63921894113255,15.7422760871692));
#4688=CARTESIAN_POINT('Ctrl Pts',(-144.307522136094,5.14255148804279,15.9791032192295));
#4689=CARTESIAN_POINT('Ctrl Pts',(-144.279877896973,6.48881009455532,14.9531458200853));
#4690=CARTESIAN_POINT('Ctrl Pts',(-144.289952832191,5.98415556623816,15.1724467660511));
#4691=CARTESIAN_POINT('Ctrl Pts',(-144.300027830895,5.47949686405287,15.3917400745626));
#4692=CARTESIAN_POINT('Ctrl Pts',(-144.310102766113,4.97484233573571,15.6110410205285));
#4693=CARTESIAN_POINT('Ctrl Pts',(-144.283655714349,6.23629431763998,14.3114090934517));
#4694=CARTESIAN_POINT('Ctrl Pts',(-144.293923047037,5.71761221040069,14.495055439442));
#4695=CARTESIAN_POINT('Ctrl Pts',(-144.304190540024,5.19892170593943,14.6787019366946));
#4696=CARTESIAN_POINT('Ctrl Pts',(-144.314457872712,4.68023959870014,14.8623482826849));
#4697=CARTESIAN_POINT('Ctrl Pts',(-144.285192155394,6.12836980741267,13.9893497857412));
#4698=CARTESIAN_POINT('Ctrl Pts',(-144.295536093683,5.60369501824382,14.1551024928878));
#4699=CARTESIAN_POINT('Ctrl Pts',(-144.305880389572,5.07900196279377,14.3208597712511));
#4700=CARTESIAN_POINT('Ctrl Pts',(-144.316224327861,4.55432717362491,14.4866124783977));
#4701=CARTESIAN_POINT('Ctrl Pts',(-144.28641212114,6.03553483105797,13.6550708691113));
#4702=CARTESIAN_POINT('Ctrl Pts',(-144.29681545353,5.50569629248407,13.8022540669196));
#4703=CARTESIAN_POINT('Ctrl Pts',(-144.307218785919,4.97585775391018,13.9494372647279));
#4704=CARTESIAN_POINT('Ctrl Pts',(-144.317622118308,4.44601921533629,14.0966204625362));
#4705=CARTESIAN_POINT('Origin',(-139.974964659902,15.4940556211452,11.014431500773));
#4706=CARTESIAN_POINT('',(-149.09904841425,14.1889035761696,22.450312248424));
#4707=CARTESIAN_POINT('',(-144.150012503522,14.0917850013695,22.4603364883094));
#4708=CARTESIAN_POINT('Ctrl Pts',(-149.099048423888,14.1889030740791,22.4503121835972));
#4709=CARTESIAN_POINT('Ctrl Pts',(-147.449369883496,14.1565252036508,22.4536530682135));
#4710=CARTESIAN_POINT('Ctrl Pts',(-145.79969104253,14.1241629692106,22.4569958545585));
#4711=CARTESIAN_POINT('Ctrl Pts',(-144.150012511882,14.0917845661387,22.4603364320057));
#4712=CARTESIAN_POINT('Ctrl Pts',(-152.48313912745,9.73850454367927,20.8620984116762));
#4713=CARTESIAN_POINT('Ctrl Pts',(-151.921273381625,10.4130345790237,21.279075335105));
#4714=CARTESIAN_POINT('Ctrl Pts',(-151.358641584414,11.1373330537231,21.627015590942));
#4715=CARTESIAN_POINT('Ctrl Pts',(-150.228481806736,12.6239575835877,22.1575675239883));
#4716=CARTESIAN_POINT('Ctrl Pts',(-149.662965276918,13.4036412637328,22.3464226623278));
#4717=CARTESIAN_POINT('Ctrl Pts',(-149.09904841425,14.1889035761696,22.450312248424));
#4718=CARTESIAN_POINT('Ctrl Pts',(-144.150012503522,14.0917850013695,22.4603364883094));
#4719=CARTESIAN_POINT('Ctrl Pts',(-144.157728438794,13.6899252779055,22.4083498667875));
#4720=CARTESIAN_POINT('Ctrl Pts',(-144.165238281927,13.2964816440594,22.3361108386109));
#4721=CARTESIAN_POINT('Ctrl Pts',(-144.180005713151,12.5187528199513,22.1516316012792));
#4722=CARTESIAN_POINT('Ctrl Pts',(-144.187325838689,12.1310306968498,22.0381207493202));
#4723=CARTESIAN_POINT('Ctrl Pts',(-144.201583274396,11.3712078546918,21.7715356125559));
#4724=CARTESIAN_POINT('Ctrl Pts',(-144.208474201549,11.001689504438,21.6197604048984));
#4725=CARTESIAN_POINT('Ctrl Pts',(-144.22190390939,10.2767903616372,21.2772463795766));
#4726=CARTESIAN_POINT('Ctrl Pts',(-144.228493005275,9.91850472209824,21.0842700406362));
#4727=CARTESIAN_POINT('Ctrl Pts',(-144.23472582498,9.57729926256586,20.8769509080857));
#4728=CARTESIAN_POINT('Ctrl Pts',(-149.091590375768,14.4000441457743,20.8138941974574));
#4729=CARTESIAN_POINT('Ctrl Pts',(-149.094076391808,14.3296637885426,21.359366859504));
#4730=CARTESIAN_POINT('Ctrl Pts',(-149.096562407848,14.2592834313109,21.9048395215506));
#4731=CARTESIAN_POINT('Ctrl Pts',(-149.099048423888,14.1889030740791,22.4503121835972));
#4732=CARTESIAN_POINT('Ctrl Pts',(-147.441909291126,14.3678017470328,20.8172525730892));
#4733=CARTESIAN_POINT('Ctrl Pts',(-147.44439615525,14.2973762325442,21.3627194047665));
#4734=CARTESIAN_POINT('Ctrl Pts',(-147.446883019373,14.2269507181394,21.9081862365362));
#4735=CARTESIAN_POINT('Ctrl Pts',(-147.449369883496,14.1565252036508,22.4536530682135));
#4736=CARTESIAN_POINT('Ctrl Pts',(-145.792227947896,14.3355727505487,20.8206125787761));
#4737=CARTESIAN_POINT('Ctrl Pts',(-145.794715646108,14.2651028234081,21.3660736706727));
#4738=CARTESIAN_POINT('Ctrl Pts',(-145.797203344319,14.1946328963512,21.9115347626619));
#4739=CARTESIAN_POINT('Ctrl Pts',(-145.79969104253,14.1241629692106,22.4569958545585));
#4740=CARTESIAN_POINT('Ctrl Pts',(-144.142546871641,14.3033298952563,20.82397069112));
#4741=CARTESIAN_POINT('Ctrl Pts',(-144.145035418388,14.2328147855504,21.3694259380819));
#4742=CARTESIAN_POINT('Ctrl Pts',(-144.147523965135,14.1622996758446,21.9148811850438));
#4743=CARTESIAN_POINT('Ctrl Pts',(-144.150012511882,14.0917845661387,22.4603364320057));
#4744=CARTESIAN_POINT('',(-149.091590367476,14.4000445761369,20.8138942530233));
#4745=CARTESIAN_POINT('',(-144.142546864449,14.3033302683108,20.8239707393804));
#4746=CARTESIAN_POINT('Ctrl Pts',(-152.463871592887,10.5944022401028,19.4515779774503));
#4747=CARTESIAN_POINT('Ctrl Pts',(-152.470294104408,10.3091030079617,19.9217514555256));
#4748=CARTESIAN_POINT('Ctrl Pts',(-152.476716615929,10.0238037758205,20.3919249336009));
#4749=CARTESIAN_POINT('Ctrl Pts',(-152.48313912745,9.73850454367927,20.8620984116762));
#4750=CARTESIAN_POINT('Ctrl Pts',(-151.903745492403,11.1710747687641,19.8091516258954));
#4751=CARTESIAN_POINT('Ctrl Pts',(-151.90958771618,10.918420149675,20.2991637264996));
#4752=CARTESIAN_POINT('Ctrl Pts',(-151.915431157848,10.6656891981128,20.7890632345008));
#4753=CARTESIAN_POINT('Ctrl Pts',(-151.921273381625,10.4130345790237,21.279075335105));
#4754=CARTESIAN_POINT('Ctrl Pts',(-151.343009481702,11.7904068495456,20.1075508897815));
#4755=CARTESIAN_POINT('Ctrl Pts',(-151.348220068058,11.5727223474389,20.6140459358515));
#4756=CARTESIAN_POINT('Ctrl Pts',(-151.353430998059,11.3550175558298,21.1205205448721));
#4757=CARTESIAN_POINT('Ctrl Pts',(-151.358641584414,11.1373330537231,21.627015590942));
#4758=CARTESIAN_POINT('Ctrl Pts',(-150.21679456011,13.061655674564,20.5626403539176));
#4759=CARTESIAN_POINT('Ctrl Pts',(-150.220690457349,12.9157487297879,21.094284616202));
#4760=CARTESIAN_POINT('Ctrl Pts',(-150.224585909497,12.7698645283638,21.6259232617039));
#4761=CARTESIAN_POINT('Ctrl Pts',(-150.228481806736,12.6239575835877,22.1575675239883));
#4762=CARTESIAN_POINT('Ctrl Pts',(-149.653372347029,13.7284567196223,20.7246813940346));
#4763=CARTESIAN_POINT('Ctrl Pts',(-149.656570591126,13.620155029278,21.2652769131495));
#4764=CARTESIAN_POINT('Ctrl Pts',(-149.659767032821,13.5119429540771,21.8058271432129));
#4765=CARTESIAN_POINT('Ctrl Pts',(-149.662965276918,13.4036412637328,22.3464226623278));
#4766=CARTESIAN_POINT('Ctrl Pts',(-149.091590367476,14.4000445761369,20.8138942530233));
#4767=CARTESIAN_POINT('Ctrl Pts',(-149.094076383067,14.3296642428145,21.3593669181569));
#4768=CARTESIAN_POINT('Ctrl Pts',(-149.096562398659,14.259283909492,21.9048395832904));
#4769=CARTESIAN_POINT('Ctrl Pts',(-149.09904841425,14.1889035761696,22.450312248424));
#4770=CARTESIAN_POINT('Ctrl Pts',(-144.142546864449,14.3033302683108,20.8239707393804));
#4771=CARTESIAN_POINT('Ctrl Pts',(-144.145035410807,14.2328151793304,21.3694259890234));
#4772=CARTESIAN_POINT('Ctrl Pts',(-144.147523957165,14.16230009035,21.9148812386664));
#4773=CARTESIAN_POINT('Ctrl Pts',(-144.150012503522,14.0917850013695,22.4603364883094));
#4774=CARTESIAN_POINT('Ctrl Pts',(-144.149184650337,13.9588795364329,20.7794107274242));
#4775=CARTESIAN_POINT('Ctrl Pts',(-144.1520325351,13.8692303115246,21.3223890538304));
#4776=CARTESIAN_POINT('Ctrl Pts',(-144.15488055403,13.7795745028137,21.8653715403813));
#4777=CARTESIAN_POINT('Ctrl Pts',(-144.157728438794,13.6899252779055,22.4083498667875));
#4778=CARTESIAN_POINT('Ctrl Pts',(-144.15564532402,13.6216425868579,20.7174915107336));
#4779=CARTESIAN_POINT('Ctrl Pts',(-144.158843022767,13.5132530066689,21.2570296628647));
#4780=CARTESIAN_POINT('Ctrl Pts',(-144.16204058318,13.4048712242483,21.7965726864798));
#4781=CARTESIAN_POINT('Ctrl Pts',(-144.165238281927,13.2964816440594,22.3361108386109));
#4782=CARTESIAN_POINT('Ctrl Pts',(-144.168351339081,12.9550187990943,20.5593663489386));
#4783=CARTESIAN_POINT('Ctrl Pts',(-144.172236080019,12.8095996327826,21.0901230695064));
#4784=CARTESIAN_POINT('Ctrl Pts',(-144.176120972213,12.6641719862631,21.6208748807114));
#4785=CARTESIAN_POINT('Ctrl Pts',(-144.180005713151,12.5187528199513,22.1516316012792));
#4786=CARTESIAN_POINT('Ctrl Pts',(-144.174650244781,12.6226860177249,20.4620712815131));
#4787=CARTESIAN_POINT('Ctrl Pts',(-144.178875424456,12.4588019903162,20.987422186838));
#4788=CARTESIAN_POINT('Ctrl Pts',(-144.183100659014,12.2949147242585,21.5127698439953));
#4789=CARTESIAN_POINT('Ctrl Pts',(-144.187325838689,12.1310306968498,22.0381207493202));
#4790=CARTESIAN_POINT('Ctrl Pts',(-144.186919622786,11.9714102240531,20.2335696334364));
#4791=CARTESIAN_POINT('Ctrl Pts',(-144.191807501104,11.7713430552114,20.7462249255839));
#4792=CARTESIAN_POINT('Ctrl Pts',(-144.196695396077,11.5712750235335,21.2588803204084));
#4793=CARTESIAN_POINT('Ctrl Pts',(-144.201583274396,11.3712078546918,21.7715356125559));
#4794=CARTESIAN_POINT('Ctrl Pts',(-144.192850350834,11.6546806709648,20.1034765474566));
#4795=CARTESIAN_POINT('Ctrl Pts',(-144.198058282415,11.43701790445,20.6089042856819));
#4796=CARTESIAN_POINT('Ctrl Pts',(-144.203266269967,11.2193522709527,21.1143326666731));
#4797=CARTESIAN_POINT('Ctrl Pts',(-144.208474201549,11.001689504438,21.6197604048984));
#4798=CARTESIAN_POINT('Ctrl Pts',(-144.204409823935,11.0333394686664,19.8098929957919));
#4799=CARTESIAN_POINT('Ctrl Pts',(-144.210241203091,10.7811557002714,20.299012399635));
#4800=CARTESIAN_POINT('Ctrl Pts',(-144.216072530234,10.5289741300322,20.7881269757336));
#4801=CARTESIAN_POINT('Ctrl Pts',(-144.22190390939,10.2767903616372,21.2772463795766));
#4802=CARTESIAN_POINT('Ctrl Pts',(-144.210081649206,10.7262379497089,19.6444846548262));
#4803=CARTESIAN_POINT('Ctrl Pts',(-144.216218827959,10.4569909251643,20.1244179927862));
#4804=CARTESIAN_POINT('Ctrl Pts',(-144.222355826522,10.1877517466429,20.6043367026762));
#4805=CARTESIAN_POINT('Ctrl Pts',(-144.228493005275,9.91850472209824,21.0842700406362));
#4806=CARTESIAN_POINT('Ctrl Pts',(-144.215447986591,10.4337765829794,19.4667824909935));
#4807=CARTESIAN_POINT('Ctrl Pts',(-144.221873932721,10.1482841428416,19.9368386300242));
#4808=CARTESIAN_POINT('Ctrl Pts',(-144.22829987885,9.86279170270372,20.4068947690549));
#4809=CARTESIAN_POINT('Ctrl Pts',(-144.23472582498,9.57729926256586,20.8769509080857));
#4810=CARTESIAN_POINT('Origin',(-139.974964659902,15.4940556211452,11.014431500773));
#4811=CARTESIAN_POINT('',(-159.749725637276,18.2505683285038,22.2751143248997));
#4812=CARTESIAN_POINT('Origin',(-162.227357357533,17.9578044535119,20.6553132399404));
#4813=CARTESIAN_POINT('Origin',(-139.974964659902,15.4940556211452,11.014431500773));
#4814=CARTESIAN_POINT('',(-148.939391981383,22.4160293784468,20.3676902674011));
#4815=CARTESIAN_POINT('',(-143.99030091216,22.3217406341248,20.3780802368129));
#4816=CARTESIAN_POINT('',(-148.939391981383,22.4160293784468,20.3676902674011));
#4817=CARTESIAN_POINT('Ctrl Pts',(-152.326088861383,18.1091345770647,22.29069941236));
#4818=CARTESIAN_POINT('Ctrl Pts',(-151.19569618629,19.6576431200725,21.9625455188416));
#4819=CARTESIAN_POINT('Ctrl Pts',(-150.065952736481,21.1355437367036,21.3028740310895));
#4820=CARTESIAN_POINT('Ctrl Pts',(-148.939391981383,22.4160293784468,20.3676902674011));
#4821=CARTESIAN_POINT('Ctrl Pts',(-143.99030091216,22.3217406341248,20.3780802368129));
#4822=CARTESIAN_POINT('Ctrl Pts',(-144.017063692846,21.0203019388683,21.3155728825068));
#4823=CARTESIAN_POINT('Ctrl Pts',(-144.047009168243,19.521448268724,21.9775532522644));
#4824=CARTESIAN_POINT('Ctrl Pts',(-144.077603868924,17.951986672203,22.3080160277884));
#4825=CARTESIAN_POINT('Origin',(-146.480404490404,21.4047262835176,19.033984245838));
#4826=CARTESIAN_POINT('',(-148.954950025015,21.4518706556786,19.0287892611321));
#4827=CARTESIAN_POINT('',(-144.005858955792,21.3575819113565,19.0391792305439));
#4828=CARTESIAN_POINT('Ctrl Pts',(-152.32917504527,17.769226420118,20.6760932931129));
#4829=CARTESIAN_POINT('Ctrl Pts',(-152.328146317308,17.8825291391002,21.214295332862));
#4830=CARTESIAN_POINT('Ctrl Pts',(-152.327117589346,17.9958318580825,21.752497372611));
#4831=CARTESIAN_POINT('Ctrl Pts',(-152.326088861383,18.1091345770647,22.29069941236));
#4832=CARTESIAN_POINT('Ctrl Pts',(-151.203153044629,19.0935261636785,20.3951483675203));
#4833=CARTESIAN_POINT('Ctrl Pts',(-151.200667170369,19.2815835610303,20.9176597959332));
#4834=CARTESIAN_POINT('Ctrl Pts',(-151.19818206055,19.4695857227206,21.4400340904287));
#4835=CARTESIAN_POINT('Ctrl Pts',(-151.19569618629,19.6576431200725,21.9625455188416));
#4836=CARTESIAN_POINT('Ctrl Pts',(-150.077687522803,20.3573048274876,19.8300455040132));
#4837=CARTESIAN_POINT('Ctrl Pts',(-150.073775613328,20.6167391732849,20.3210327485284));
#4838=CARTESIAN_POINT('Ctrl Pts',(-150.069864645956,20.8761093909063,20.8118867865743));
#4839=CARTESIAN_POINT('Ctrl Pts',(-150.065952736481,21.1355437367036,21.3028740310895));
#4840=CARTESIAN_POINT('Ctrl Pts',(-148.954950025015,21.4518706556786,19.0287892611321));
#4841=CARTESIAN_POINT('Ctrl Pts',(-148.949764010471,21.7732568966013,19.4750895965551));
#4842=CARTESIAN_POINT('Ctrl Pts',(-148.944577995927,22.0946431375241,19.9213899319781));
#4843=CARTESIAN_POINT('Ctrl Pts',(-148.939391981383,22.4160293784468,20.3676902674011));
#4844=CARTESIAN_POINT('Origin',(-144.037899654716,19.8607730256891,20.7177461265376));
#4845=CARTESIAN_POINT('Origin',(-139.974964659902,15.4940556211452,11.014431500773));
#4846=CARTESIAN_POINT('',(0.,0.,0.));
#4847=CARTESIAN_POINT('',(0.,0.,0.));
#4848=UNCERTAINTY_MEASURE_WITH_UNIT(LENGTH_MEASURE(0.01),#4856,
'DISTANCE_ACCURACY_VALUE',
'Maximum model space distance between geometric entities at asserted c
onnectivities');
#4849=UNCERTAINTY_MEASURE_WITH_UNIT(LENGTH_MEASURE(0.01),#4856,
'DISTANCE_ACCURACY_VALUE',
'Maximum model space distance between geometric entities at asserted c
onnectivities');
#4850=UNCERTAINTY_MEASURE_WITH_UNIT(LENGTH_MEASURE(0.01),#4856,
'DISTANCE_ACCURACY_VALUE',
'Maximum model space distance between geometric entities at asserted c
onnectivities');
#4851=UNCERTAINTY_MEASURE_WITH_UNIT(LENGTH_MEASURE(0.01),#4856,
'DISTANCE_ACCURACY_VALUE',
'Maximum model space distance between geometric entities at asserted c
onnectivities');
#4852=(
GEOMETRIC_REPRESENTATION_CONTEXT(3)
GLOBAL_UNCERTAINTY_ASSIGNED_CONTEXT((#4848))
GLOBAL_UNIT_ASSIGNED_CONTEXT((#4856,#4858,#4859))
REPRESENTATION_CONTEXT('','3D')
);
#4853=(
GEOMETRIC_REPRESENTATION_CONTEXT(3)
GLOBAL_UNCERTAINTY_ASSIGNED_CONTEXT((#4849))
GLOBAL_UNIT_ASSIGNED_CONTEXT((#4856,#4858,#4859))
REPRESENTATION_CONTEXT('','3D')
);
#4854=(
GEOMETRIC_REPRESENTATION_CONTEXT(3)
GLOBAL_UNCERTAINTY_ASSIGNED_CONTEXT((#4850))
GLOBAL_UNIT_ASSIGNED_CONTEXT((#4856,#4858,#4859))
REPRESENTATION_CONTEXT('','3D')
);
#4855=(
GEOMETRIC_REPRESENTATION_CONTEXT(3)
GLOBAL_UNCERTAINTY_ASSIGNED_CONTEXT((#4851))
GLOBAL_UNIT_ASSIGNED_CONTEXT((#4856,#4858,#4859))
REPRESENTATION_CONTEXT('','3D')
);
#4856=(
LENGTH_UNIT()
NAMED_UNIT(*)
SI_UNIT(.MILLI.,.METRE.)
);
#4857=(
LENGTH_UNIT()
NAMED_UNIT(*)
SI_UNIT($,.METRE.)
);
#4858=(
NAMED_UNIT(*)
PLANE_ANGLE_UNIT()
SI_UNIT($,.RADIAN.)
);
#4859=(
NAMED_UNIT(*)
SI_UNIT($,.STERADIAN.)
SOLID_ANGLE_UNIT()
);
#4860=SHAPE_DEFINITION_REPRESENTATION(#4863,#4868);
#4861=SHAPE_DEFINITION_REPRESENTATION(#4864,#4869);
#4862=SHAPE_DEFINITION_REPRESENTATION(#4865,#4870);
#4863=PRODUCT_DEFINITION_SHAPE('',$,#4872);
#4864=PRODUCT_DEFINITION_SHAPE('',$,#4873);
#4865=PRODUCT_DEFINITION_SHAPE('',$,#4874);
#4866=PRODUCT_DEFINITION_SHAPE($,$,#17);
#4867=PRODUCT_DEFINITION_SHAPE($,$,#18);
#4868=SHAPE_REPRESENTATION('',(#2250,#2360),#4852);
#4869=SHAPE_REPRESENTATION('',(#2251,#2359),#4853);
#4870=SHAPE_REPRESENTATION('',(#2252),#4854);
#4871=PRODUCT_DEFINITION_CONTEXT('part definition',#4882,'design');
#4872=PRODUCT_DEFINITION('Drum','Drum v24',#4875,#4871);
#4873=PRODUCT_DEFINITION('CAM Mechanism','CAM Mechanism v16',#4876,#4871);
#4874=PRODUCT_DEFINITION('CAM','CAM',#4877,#4871);
#4875=PRODUCT_DEFINITION_FORMATION('',$,#4884);
#4876=PRODUCT_DEFINITION_FORMATION('',$,#4885);
#4877=PRODUCT_DEFINITION_FORMATION('',$,#4886);
#4878=PRODUCT_RELATED_PRODUCT_CATEGORY('Drum v24','Drum v24',(#4884));
#4879=PRODUCT_RELATED_PRODUCT_CATEGORY('CAM Mechanism v16',
'CAM Mechanism v16',(#4885));
#4880=PRODUCT_RELATED_PRODUCT_CATEGORY('CAM','CAM',(#4886));
#4881=APPLICATION_PROTOCOL_DEFINITION('international standard',
'automotive_design',2009,#4882);
#4882=APPLICATION_CONTEXT(
'Core Data for Automotive Mechanical Design Process');
#4883=PRODUCT_CONTEXT('part definition',#4882,'mechanical');
#4884=PRODUCT('Drum','Drum v24',$,(#4883));
#4885=PRODUCT('CAM Mechanism','CAM Mechanism v16',$,(#4883));
#4886=PRODUCT('CAM','CAM',$,(#4883));
#4887=PRESENTATION_STYLE_ASSIGNMENT((#4889));
#4888=PRESENTATION_STYLE_ASSIGNMENT((#4890));
#4889=SURFACE_STYLE_USAGE(.BOTH.,#4891);
#4890=SURFACE_STYLE_USAGE(.BOTH.,#4892);
#4891=SURFACE_SIDE_STYLE('',(#4893));
#4892=SURFACE_SIDE_STYLE('',(#4894));
#4893=SURFACE_STYLE_FILL_AREA(#4895);
#4894=SURFACE_STYLE_FILL_AREA(#4896);
#4895=FILL_AREA_STYLE('Steel - Satin',(#4897));
#4896=FILL_AREA_STYLE('ABS (White)',(#4898));
#4897=FILL_AREA_STYLE_COLOUR('Steel - Satin',#4899);
#4898=FILL_AREA_STYLE_COLOUR('ABS (White)',#4900);
#4899=COLOUR_RGB('Steel - Satin',0.627450980392157,0.627450980392157,0.627450980392157);
#4900=COLOUR_RGB('ABS (White)',0.964705882352941,0.964705882352941,0.952941176470588);
ENDSEC;
END-ISO-10303-21;
