ISO-10303-21;
HEADER;
/* Generated by software containing ST-Developer
 * from STEP Tools, Inc. (www.steptools.com) 
 */

FILE_DESCRIPTION(
/* description */ (''),
/* implementation_level */ '2;1');

FILE_NAME(
/* name */ 'Drum_(Bullet Holder).step',
/* time_stamp */ '2026-08-10T17:07:51+08:00',
/* author */ (''),
/* organization */ (''),
/* preprocessor_version */ 'ST-DEVELOPER v20.1',
/* originating_system */ 'Autodesk Translation Framework v15.8.0.0',
/* authorisation */ '');

FILE_SCHEMA (('AUTOMOTIVE_DESIGN { 1 0 10303 214 3 1 1 }'));
ENDSEC;

DATA;
#10=MECHANICAL_DESIGN_GEOMETRIC_PRESENTATION_REPRESENTATION('',(#17),#7925);
#11=ITEM_DEFINED_TRANSFORMATION($,$,#2348,#2632);
#12=(
REPRESENTATION_RELATIONSHIP($,$,#7936,#7935)
REPRESENTATION_RELATIONSHIP_WITH_TRANSFORMATION(#11)
SHAPE_REPRESENTATION_RELATIONSHIP()
);
#13=CONTEXT_DEPENDENT_SHAPE_REPRESENTATION(#12,#7934);
#14=NEXT_ASSEMBLY_USAGE_OCCURRENCE('Component1:1','Component1:1',
'Component1:1',#7938,#7939,'Component1:1');
#15=SHAPE_REPRESENTATION_RELATIONSHIP('SRR','None',#7936,#16);
#16=ADVANCED_BREP_SHAPE_REPRESENTATION('',(#18),#7924);
#17=STYLED_ITEM('',(#7950),#18);
#18=MANIFOLD_SOLID_BREP('Body1',#2334);
#19=B_SPLINE_CURVE_WITH_KNOTS('',3,(#3712,#3713,#3714,#3715,#3716,#3717),
 .UNSPECIFIED.,.F.,.F.,(4,1,1,4),(-1.,-0.571428571428571,-0.285714285714286,
0.),.UNSPECIFIED.);
#20=B_SPLINE_CURVE_WITH_KNOTS('',3,(#3759,#3760,#3761,#3762,#3763),
 .UNSPECIFIED.,.F.,.F.,(4,1,4),(-1.,-0.571428571428571,0.),
 .UNSPECIFIED.);
#21=B_SPLINE_CURVE_WITH_KNOTS('',3,(#3809,#3810,#3811,#3812,#3813,#3814),
 .UNSPECIFIED.,.F.,.F.,(4,1,1,4),(-1.,-0.571428571428571,-0.285714285714286,
0.),.UNSPECIFIED.);
#22=B_SPLINE_CURVE_WITH_KNOTS('',3,(#3854,#3855,#3856,#3857),
 .UNSPECIFIED.,.F.,.F.,(4,4),(-1.,0.),.UNSPECIFIED.);
#23=B_SPLINE_CURVE_WITH_KNOTS('',3,(#3895,#3896,#3897,#3898),
 .UNSPECIFIED.,.F.,.F.,(4,4),(-1.,0.),.UNSPECIFIED.);
#24=B_SPLINE_CURVE_WITH_KNOTS('',3,(#3940,#3941,#3942,#3943,#3944),
 .UNSPECIFIED.,.F.,.F.,(4,1,4),(-1.,-0.571428571428571,0.),
 .UNSPECIFIED.);
#25=B_SPLINE_CURVE_WITH_KNOTS('',3,(#3992,#3993,#3994,#3995,#3996,#3997),
 .UNSPECIFIED.,.F.,.F.,(4,1,1,4),(-1.,-0.714285714285714,-0.571428571428571,
0.),.UNSPECIFIED.);
#26=B_SPLINE_CURVE_WITH_KNOTS('',3,(#4039,#4040,#4041,#4042,#4043),
 .UNSPECIFIED.,.F.,.F.,(4,1,4),(-1.,-0.571428571428571,0.),
 .UNSPECIFIED.);
#27=B_SPLINE_CURVE_WITH_KNOTS('',3,(#4085,#4086,#4087,#4088,#4089),
 .UNSPECIFIED.,.F.,.F.,(4,1,4),(-1.,-0.571428571428571,0.),
 .UNSPECIFIED.);
#28=B_SPLINE_CURVE_WITH_KNOTS('',3,(#4131,#4132,#4133,#4134,#4135),
 .UNSPECIFIED.,.F.,.F.,(4,1,4),(-1.,-0.571428571428571,0.),
 .UNSPECIFIED.);
#29=B_SPLINE_CURVE_WITH_KNOTS('',3,(#4179,#4180,#4181,#4182,#4183),
 .UNSPECIFIED.,.F.,.F.,(4,1,4),(-1.,-0.571428571428571,0.),
 .UNSPECIFIED.);
#30=B_SPLINE_CURVE_WITH_KNOTS('',3,(#4229,#4230,#4231,#4232,#4233,#4234),
 .UNSPECIFIED.,.F.,.F.,(4,1,1,4),(-1.,-0.571428571428571,-0.285714285714286,
0.),.UNSPECIFIED.);
#31=B_SPLINE_CURVE_WITH_KNOTS('',3,(#4272,#4273,#4274,#4275),
 .UNSPECIFIED.,.F.,.F.,(4,4),(-1.,0.),.UNSPECIFIED.);
#32=B_SPLINE_CURVE_WITH_KNOTS('',3,(#4317,#4318,#4319,#4320,#4321),
 .UNSPECIFIED.,.F.,.F.,(4,1,4),(-1.,-0.571428571428571,0.),
 .UNSPECIFIED.);
#33=B_SPLINE_CURVE_WITH_KNOTS('',3,(#4377,#4378,#4379,#4380,#4381,#4382,
#4383,#4384),.UNSPECIFIED.,.F.,.F.,(4,1,1,1,1,4),(-1.,-0.571428571428571,
-0.428571428571429,-0.285714285714286,-0.178571428571429,0.),
 .UNSPECIFIED.);
#34=B_SPLINE_CURVE_WITH_KNOTS('',3,(#4428,#4429,#4430,#4431,#4432),
 .UNSPECIFIED.,.F.,.F.,(4,1,4),(-1.,-0.571428571428571,0.),
 .UNSPECIFIED.);
#35=B_SPLINE_CURVE_WITH_KNOTS('',3,(#4470,#4471,#4472,#4473),
 .UNSPECIFIED.,.F.,.F.,(4,4),(-1.,0.),.UNSPECIFIED.);
#36=B_SPLINE_CURVE_WITH_KNOTS('',3,(#4515,#4516,#4517,#4518,#4519),
 .UNSPECIFIED.,.F.,.F.,(4,1,4),(-1.,-0.571428571428571,0.),
 .UNSPECIFIED.);
#37=B_SPLINE_CURVE_WITH_KNOTS('',3,(#4575,#4576,#4577,#4578,#4579,#4580,
#4581,#4582),.UNSPECIFIED.,.F.,.F.,(4,1,1,1,1,4),(-1.,-0.857142857142857,
-0.571428571428571,-0.5,-0.285714285714286,0.),.UNSPECIFIED.);
#38=B_SPLINE_CURVE_WITH_KNOTS('',3,(#4630,#4631,#4632,#4633,#4634,#4635),
 .UNSPECIFIED.,.F.,.F.,(4,1,1,4),(-1.,-0.571428571428571,-0.285714285714286,
0.),.UNSPECIFIED.);
#39=B_SPLINE_CURVE_WITH_KNOTS('',3,(#4673,#4674,#4675,#4676),
 .UNSPECIFIED.,.F.,.F.,(4,4),(-1.,0.),.UNSPECIFIED.);
#40=B_SPLINE_CURVE_WITH_KNOTS('',3,(#7128,#7129,#7130,#7131,#7132,#7133,
#7134,#7135,#7136,#7137,#7138,#7139,#7140,#7141,#7142,#7143,#7144,#7145,
#7146,#7147,#7148,#7149,#7150,#7151,#7152,#7153,#7154,#7155,#7156,#7157,
#7158,#7159,#7160,#7161,#7162,#7163,#7164,#7165,#7166,#7167,#7168,#7169,
#7170,#7171,#7172,#7173,#7174,#7175,#7176,#7177,#7178,#7179,#7180,#7181,
#7182,#7183,#7184,#7185,#7186,#7187,#7188,#7189,#7190,#7191,#7192,#7193,
#7194,#7195,#7196,#7197),.UNSPECIFIED.,.F.,.F.,(4,3,3,3,3,3,3,3,3,3,3,3,
3,3,3,3,3,3,3,3,3,3,3,4),(-0.675749132792356,-0.660714281443702,-0.656249995758272,
-0.651785710072841,-0.647321424387411,-0.64285713870198,-0.607142853218537,
-0.571428567735094,-0.53571428225165,-0.499999996768207,-0.464285711284764,
-0.42857142580132,-0.392857140317877,-0.357142854834434,-0.32142856935099,
-0.285714283867547,-0.249999998384104,-0.21428571290066,-0.178571427417217,
-0.142857141933773,-0.10714285645033,-0.0714285709668867,-0.0357142854834434,
0.),.UNSPECIFIED.);
#41=B_SPLINE_CURVE_WITH_KNOTS('',3,(#7199,#7200,#7201,#7202,#7203,#7204,
#7205,#7206,#7207,#7208,#7209,#7210,#7211,#7212,#7213,#7214,#7215,#7216,
#7217,#7218,#7219,#7220,#7221,#7222,#7223,#7224,#7225,#7226,#7227,#7228,
#7229,#7230,#7231,#7232,#7233,#7234,#7235,#7236,#7237,#7238,#7239,#7240,
#7241,#7242,#7243,#7244,#7245,#7246,#7247,#7248,#7249,#7250,#7251,#7252,
#7253,#7254,#7255,#7256,#7257,#7258,#7259,#7260,#7261,#7262,#7263,#7264,
#7265,#7266,#7267,#7268,#7269,#7270,#7271,#7272,#7273,#7274,#7275,#7276,
#7277,#7278,#7279,#7280,#7281,#7282,#7283,#7284,#7285,#7286,#7287,#7288,
#7289,#7290,#7291,#7292,#7293,#7294,#7295,#7296,#7297,#7298,#7299,#7300,
#7301,#7302,#7303,#7304,#7305,#7306,#7307,#7308,#7309,#7310,#7311,#7312,
#7313,#7314,#7315,#7316,#7317,#7318,#7319,#7320,#7321,#7322,#7323,#7324,
#7325,#7326,#7327,#7328,#7329,#7330,#7331,#7332,#7333,#7334,#7335,#7336,
#7337,#7338,#7339,#7340,#7341,#7342,#7343,#7344,#7345,#7346,#7347,#7348,
#7349,#7350,#7351,#7352,#7353,#7354,#7355,#7356,#7357,#7358,#7359,#7360,
#7361,#7362,#7363,#7364,#7365,#7366,#7367,#7368,#7369,#7370,#7371,#7372,
#7373,#7374,#7375,#7376,#7377,#7378,#7379,#7380,#7381,#7382,#7383,#7384,
#7385,#7386,#7387,#7388,#7389,#7390,#7391,#7392,#7393,#7394,#7395,#7396,
#7397,#7398,#7399,#7400,#7401,#7402,#7403,#7404,#7405,#7406,#7407,#7408,
#7409,#7410,#7411,#7412,#7413,#7414,#7415,#7416,#7417,#7418,#7419,#7420,
#7421,#7422,#7423,#7424,#7425,#7426,#7427,#7428,#7429,#7430,#7431,#7432,
#7433,#7434,#7435,#7436,#7437,#7438,#7439,#7440,#7441,#7442,#7443,#7444,
#7445,#7446),.UNSPECIFIED.,.F.,.F.,(4,1,1,1,1,1,1,1,1,1,1,1,1,1,1,1,1,1,
1,1,1,1,1,1,1,1,1,1,1,1,1,1,1,1,1,1,1,1,1,1,1,1,1,1,1,1,1,1,1,1,1,1,1,1,
1,1,1,1,1,1,1,1,1,1,1,1,1,1,1,1,1,1,1,1,1,1,1,1,1,1,1,1,1,1,1,1,1,1,1,1,
1,1,1,1,1,1,1,1,1,1,1,1,1,1,1,1,1,1,1,1,1,1,1,1,1,1,1,1,1,1,1,1,1,1,1,1,
1,1,1,1,1,1,1,1,1,1,1,1,1,1,1,1,1,1,1,1,1,1,1,1,1,1,1,1,1,1,1,1,1,1,1,1,
1,1,1,1,1,1,1,1,1,1,1,1,1,1,1,1,1,1,1,1,1,1,1,1,1,1,1,1,1,1,1,1,1,1,1,1,
1,1,1,1,1,1,1,1,1,1,1,1,1,1,1,1,1,1,1,1,1,1,1,1,1,1,1,1,1,1,1,1,1,1,1,1,
1,1,1,1,1,1,1,1,1,1,1,4),(-1.,-0.964285714285714,-0.946428571428571,-0.9453125,
-0.944196428571429,-0.941964285714286,-0.9375,-0.933035714285714,-0.930803571428571,
-0.928571428571429,-0.928292410714286,-0.928013392857143,-0.927734375,-0.927594866071429,
-0.927455357142857,-0.926339285714286,-0.926199776785714,-0.926060267857143,
-0.925920758928572,-0.92578125,-0.925502232142857,-0.925223214285714,-0.924665178571429,
-0.924386160714286,-0.924107142857143,-0.919642857142857,-0.917410714285714,
-0.916294642857143,-0.916015625,-0.915736607142857,-0.915178571428571,-0.912946428571429,
-0.910714285714286,-0.910435267857143,-0.91015625,-0.910086495535714,-0.910016741071429,
-0.909877232142857,-0.909737723214286,-0.909598214285714,-0.908482142857143,
-0.908203125,-0.907924107142857,-0.907784598214286,-0.907645089285714,-0.907366071428571,
-0.906808035714286,-0.906529017857143,-0.906389508928571,-0.90625,-0.905133928571429,
-0.904575892857143,-0.904017857142857,-0.903878348214286,-0.903738839285714,
-0.903459821428571,-0.903180803571428,-0.902901785714286,-0.902622767857143,
-0.90234375,-0.902064732142857,-0.901785714285714,-0.899553571428571,-0.8994140625,
-0.899274553571429,-0.899204799107143,-0.899187360491071,-0.899169921875,
-0.899152483258929,-0.899135044642857,-0.898995535714286,-0.8984375,-0.898158482142857,
-0.898018973214286,-0.897879464285714,-0.897739955357143,-0.897600446428571,
-0.897321428571428,-0.897181919642857,-0.897042410714286,-0.896763392857143,
-0.896205357142857,-0.895647321428571,-0.895368303571428,-0.895089285714286,
-0.894810267857143,-0.89453125,-0.893973214285714,-0.893694196428571,-0.893415178571428,
-0.893345424107143,-0.893275669642857,-0.893205915178571,-0.893136160714286,
-0.893101283482143,-0.89306640625,-0.892996651785714,-0.892926897321428,
-0.892892020089286,-0.892874581473214,-0.892857142857143,-0.857142857142857,
-0.857073102678571,-0.857003348214286,-0.856968470982143,-0.85693359375,
-0.856916155133928,-0.856898716517857,-0.856863839285714,-0.856846400669643,
-0.856828962053571,-0.8568115234375,-0.856794084821428,-0.856759207589286,
-0.856741768973214,-0.856724330357143,-0.856654575892857,-0.856619698660714,
-0.856602260044643,-0.856584821428571,-0.8564453125,-0.856305803571428,
-0.856236049107143,-0.856166294642857,-0.856026785714286,-0.854910714285714,
-0.854352678571428,-0.854335239955357,-0.854317801339286,-0.854282924107143,
-0.854248046875,-0.854213169642857,-0.854073660714286,-0.853934151785714,
-0.853864397321428,-0.853794642857143,-0.853515625,-0.853236607142857,-0.853166852678571,
-0.853097098214286,-0.852957589285714,-0.852678571428571,-0.850446428571428,
-0.850306919642857,-0.850167410714286,-0.850132533482143,-0.850115094866071,
-0.85009765625,-0.850027901785714,-0.849958147321428,-0.849888392857143,
-0.849330357142857,-0.848772321428571,-0.848214285714286,-0.84765625,-0.847098214285714,
-0.845982142857143,-0.84375,-0.843470982142857,-0.843331473214286,-0.843191964285714,
-0.842912946428571,-0.8427734375,-0.842633928571428,-0.842354910714286,
-0.842075892857143,-0.841796875,-0.841517857142857,-0.840401785714286,-0.840122767857143,
-0.839983258928571,-0.83984375,-0.839285714285714,-0.838169642857143,-0.837053571428571,
-0.836495535714286,-0.8359375,-0.834821428571428,-0.834263392857143,-0.833705357142857,
-0.833426339285714,-0.833147321428571,-0.8330078125,-0.832868303571428,
-0.832589285714286,-0.83203125,-0.831752232142857,-0.831473214285714,-0.830915178571428,
-0.830357142857143,-0.825892857142857,-0.823660714285714,-0.821428571428571,
-0.819196428571429,-0.818638392857143,-0.818080357142857,-0.816964285714286,
-0.815848214285714,-0.814732142857143,-0.813616071428571,-0.813337053571429,
-0.813058035714286,-0.812779017857143,-0.8125,-0.808035714285714,-0.806919642857143,
-0.805803571428571,-0.805245535714286,-0.8046875,-0.804408482142857,-0.804268973214286,
-0.804129464285714,-0.803571428571428,-0.801339285714286,-0.799107142857143,
-0.797991071428571,-0.796875,-0.794642857142857,-0.793526785714286,-0.792410714285714,
-0.790178571428571,-0.7890625,-0.787946428571428,-0.786830357142857,-0.786272321428571,
-0.785993303571428,-0.785853794642857,-0.785714285714286,-0.767857142857143,
-0.763392857142857,-0.761160714285714,-0.758928571428571,-0.756696428571428,
-0.754464285714286,-0.754185267857143,-0.75390625,-0.753348214285714,-0.752232142857143,
-0.751116071428571,-0.750558035714286,-0.750279017857143,-0.75,-0.732142857142857,
-0.714285714285714,-0.678571428571428,-0.675624755542305),.UNSPECIFIED.);
#42=B_SPLINE_CURVE_WITH_KNOTS('',3,(#7492,#7493,#7494,#7495,#7496,#7497),
 .UNSPECIFIED.,.F.,.F.,(4,1,1,4),(-1.,-0.571428571428571,-0.285714285714286,
0.),.UNSPECIFIED.);
#43=B_SPLINE_CURVE_WITH_KNOTS('',3,(#7535,#7536,#7537,#7538),
 .UNSPECIFIED.,.F.,.F.,(4,4),(-1.,0.),.UNSPECIFIED.);
#44=B_SPLINE_CURVE_WITH_KNOTS('',3,(#7576,#7577,#7578,#7579),
 .UNSPECIFIED.,.F.,.F.,(4,4),(-1.,0.),.UNSPECIFIED.);
#45=B_SPLINE_CURVE_WITH_KNOTS('',3,(#7627,#7628,#7629,#7630,#7631,#7632),
 .UNSPECIFIED.,.F.,.F.,(4,1,1,4),(-1.,-0.785714285714286,-0.5,0.),
 .UNSPECIFIED.);
#46=B_SPLINE_CURVE_WITH_KNOTS('',3,(#7678,#7679,#7680,#7681,#7682,#7683),
 .UNSPECIFIED.,.F.,.F.,(4,1,1,4),(-1.,-0.571428571428571,-0.285714285714286,
0.),.UNSPECIFIED.);
#47=B_SPLINE_CURVE_WITH_KNOTS('',3,(#7721,#7722,#7723,#7724),
 .UNSPECIFIED.,.F.,.F.,(4,4),(-1.,0.),.UNSPECIFIED.);
#48=B_SPLINE_CURVE_WITH_KNOTS('',3,(#7766,#7767,#7768,#7769,#7770),
 .UNSPECIFIED.,.F.,.F.,(4,1,4),(-1.,-0.571428571428571,0.),
 .UNSPECIFIED.);
#49=B_SPLINE_CURVE_WITH_KNOTS('',3,(#7813,#7814,#7815,#7816),
 .UNSPECIFIED.,.F.,.F.,(4,4),(-1.,0.),.UNSPECIFIED.);
#50=B_SPLINE_SURFACE_WITH_KNOTS('',3,3,((#3666,#3667,#3668,#3669),(#3670,
#3671,#3672,#3673),(#3674,#3675,#3676,#3677),(#3678,#3679,#3680,#3681)),
 .UNSPECIFIED.,.F.,.F.,.F.,(4,4),(4,4),(0.,1.),(0.,1.),.UNSPECIFIED.);
#51=B_SPLINE_SURFACE_WITH_KNOTS('',3,3,((#3687,#3688,#3689,#3690),(#3691,
#3692,#3693,#3694),(#3695,#3696,#3697,#3698),(#3699,#3700,#3701,#3702),
(#3703,#3704,#3705,#3706),(#3707,#3708,#3709,#3710)),.UNSPECIFIED.,.F.,
 .F.,.F.,(4,1,1,4),(4,4),(0.,0.285714285714286,0.571428571428571,1.),(0.,
1.),.UNSPECIFIED.);
#52=B_SPLINE_SURFACE_WITH_KNOTS('',3,3,((#3719,#3720,#3721,#3722),(#3723,
#3724,#3725,#3726),(#3727,#3728,#3729,#3730),(#3731,#3732,#3733,#3734)),
 .UNSPECIFIED.,.F.,.F.,.F.,(4,4),(4,4),(0.,1.),(0.,1.),.UNSPECIFIED.);
#53=B_SPLINE_SURFACE_WITH_KNOTS('',3,3,((#3738,#3739,#3740,#3741),(#3742,
#3743,#3744,#3745),(#3746,#3747,#3748,#3749),(#3750,#3751,#3752,#3753),
(#3754,#3755,#3756,#3757)),.UNSPECIFIED.,.F.,.F.,.F.,(4,1,4),(4,4),(0.,
0.571428571428571,1.),(0.,1.),.UNSPECIFIED.);
#54=B_SPLINE_SURFACE_WITH_KNOTS('',3,3,((#3765,#3766,#3767,#3768),(#3769,
#3770,#3771,#3772),(#3773,#3774,#3775,#3776),(#3777,#3778,#3779,#3780)),
 .UNSPECIFIED.,.F.,.F.,.F.,(4,4),(4,4),(0.,1.),(0.,1.),.UNSPECIFIED.);
#55=B_SPLINE_SURFACE_WITH_KNOTS('',3,3,((#3784,#3785,#3786,#3787),(#3788,
#3789,#3790,#3791),(#3792,#3793,#3794,#3795),(#3796,#3797,#3798,#3799),
(#3800,#3801,#3802,#3803),(#3804,#3805,#3806,#3807)),.UNSPECIFIED.,.F.,
 .F.,.F.,(4,1,1,4),(4,4),(0.,0.285714285714286,0.571428571428571,1.),(0.,
1.),.UNSPECIFIED.);
#56=B_SPLINE_SURFACE_WITH_KNOTS('',3,3,((#3818,#3819,#3820,#3821),(#3822,
#3823,#3824,#3825),(#3826,#3827,#3828,#3829),(#3830,#3831,#3832,#3833)),
 .UNSPECIFIED.,.F.,.F.,.F.,(4,4),(4,4),(0.,1.),(0.,1.),.UNSPECIFIED.);
#57=B_SPLINE_SURFACE_WITH_KNOTS('',3,3,((#3837,#3838,#3839,#3840),(#3841,
#3842,#3843,#3844),(#3845,#3846,#3847,#3848),(#3849,#3850,#3851,#3852)),
 .UNSPECIFIED.,.F.,.F.,.F.,(4,4),(4,4),(0.,1.),(0.,1.),.UNSPECIFIED.);
#58=B_SPLINE_SURFACE_WITH_KNOTS('',3,3,((#3859,#3860,#3861,#3862),(#3863,
#3864,#3865,#3866),(#3867,#3868,#3869,#3870),(#3871,#3872,#3873,#3874)),
 .UNSPECIFIED.,.F.,.F.,.F.,(4,4),(4,4),(0.,1.),(0.,1.),.UNSPECIFIED.);
#59=B_SPLINE_SURFACE_WITH_KNOTS('',3,3,((#3878,#3879,#3880,#3881),(#3882,
#3883,#3884,#3885),(#3886,#3887,#3888,#3889),(#3890,#3891,#3892,#3893)),
 .UNSPECIFIED.,.F.,.F.,.F.,(4,4),(4,4),(0.,1.),(0.,1.),.UNSPECIFIED.);
#60=B_SPLINE_SURFACE_WITH_KNOTS('',3,3,((#3900,#3901,#3902,#3903),(#3904,
#3905,#3906,#3907),(#3908,#3909,#3910,#3911),(#3912,#3913,#3914,#3915)),
 .UNSPECIFIED.,.F.,.F.,.F.,(4,4),(4,4),(0.,1.),(0.,1.),.UNSPECIFIED.);
#61=B_SPLINE_SURFACE_WITH_KNOTS('',3,3,((#3919,#3920,#3921,#3922),(#3923,
#3924,#3925,#3926),(#3927,#3928,#3929,#3930),(#3931,#3932,#3933,#3934),
(#3935,#3936,#3937,#3938)),.UNSPECIFIED.,.F.,.F.,.F.,(4,1,4),(4,4),(0.,
0.571428571428571,1.),(0.,1.),.UNSPECIFIED.);
#62=B_SPLINE_SURFACE_WITH_KNOTS('',3,3,((#3946,#3947,#3948,#3949),(#3950,
#3951,#3952,#3953),(#3954,#3955,#3956,#3957),(#3958,#3959,#3960,#3961)),
 .UNSPECIFIED.,.F.,.F.,.F.,(4,4),(4,4),(0.,1.),(0.,1.),.UNSPECIFIED.);
#63=B_SPLINE_SURFACE_WITH_KNOTS('',3,3,((#3967,#3968,#3969,#3970),(#3971,
#3972,#3973,#3974),(#3975,#3976,#3977,#3978),(#3979,#3980,#3981,#3982),
(#3983,#3984,#3985,#3986),(#3987,#3988,#3989,#3990)),.UNSPECIFIED.,.F.,
 .F.,.F.,(4,1,1,4),(4,4),(0.,0.571428571428571,0.714285714285714,1.),(0.,
1.),.UNSPECIFIED.);
#64=B_SPLINE_SURFACE_WITH_KNOTS('',3,3,((#3999,#4000,#4001,#4002),(#4003,
#4004,#4005,#4006),(#4007,#4008,#4009,#4010),(#4011,#4012,#4013,#4014)),
 .UNSPECIFIED.,.F.,.F.,.F.,(4,4),(4,4),(0.,1.),(0.,1.),.UNSPECIFIED.);
#65=B_SPLINE_SURFACE_WITH_KNOTS('',3,3,((#4018,#4019,#4020,#4021),(#4022,
#4023,#4024,#4025),(#4026,#4027,#4028,#4029),(#4030,#4031,#4032,#4033),
(#4034,#4035,#4036,#4037)),.UNSPECIFIED.,.F.,.F.,.F.,(4,1,4),(4,4),(0.,
0.571428571428571,1.),(0.,1.),.UNSPECIFIED.);
#66=B_SPLINE_SURFACE_WITH_KNOTS('',3,3,((#4045,#4046,#4047,#4048),(#4049,
#4050,#4051,#4052),(#4053,#4054,#4055,#4056),(#4057,#4058,#4059,#4060)),
 .UNSPECIFIED.,.F.,.F.,.F.,(4,4),(4,4),(0.,1.),(0.,1.),.UNSPECIFIED.);
#67=B_SPLINE_SURFACE_WITH_KNOTS('',3,3,((#4064,#4065,#4066,#4067),(#4068,
#4069,#4070,#4071),(#4072,#4073,#4074,#4075),(#4076,#4077,#4078,#4079),
(#4080,#4081,#4082,#4083)),.UNSPECIFIED.,.F.,.F.,.F.,(4,1,4),(4,4),(0.,
0.571428571428571,1.),(0.,1.),.UNSPECIFIED.);
#68=B_SPLINE_SURFACE_WITH_KNOTS('',3,3,((#4091,#4092,#4093,#4094),(#4095,
#4096,#4097,#4098),(#4099,#4100,#4101,#4102),(#4103,#4104,#4105,#4106)),
 .UNSPECIFIED.,.F.,.F.,.F.,(4,4),(4,4),(0.,1.),(0.,1.),.UNSPECIFIED.);
#69=B_SPLINE_SURFACE_WITH_KNOTS('',3,3,((#4110,#4111,#4112,#4113),(#4114,
#4115,#4116,#4117),(#4118,#4119,#4120,#4121),(#4122,#4123,#4124,#4125),
(#4126,#4127,#4128,#4129)),.UNSPECIFIED.,.F.,.F.,.F.,(4,1,4),(4,4),(0.,
0.571428571428571,1.),(0.,1.),.UNSPECIFIED.);
#70=B_SPLINE_SURFACE_WITH_KNOTS('',3,3,((#4137,#4138,#4139,#4140),(#4141,
#4142,#4143,#4144),(#4145,#4146,#4147,#4148),(#4149,#4150,#4151,#4152)),
 .UNSPECIFIED.,.F.,.F.,.F.,(4,4),(4,4),(0.,1.),(0.,1.),.UNSPECIFIED.);
#71=B_SPLINE_SURFACE_WITH_KNOTS('',3,3,((#4158,#4159,#4160,#4161),(#4162,
#4163,#4164,#4165),(#4166,#4167,#4168,#4169),(#4170,#4171,#4172,#4173),
(#4174,#4175,#4176,#4177)),.UNSPECIFIED.,.F.,.F.,.F.,(4,1,4),(4,4),(0.,
0.571428571428571,1.),(0.,1.),.UNSPECIFIED.);
#72=B_SPLINE_SURFACE_WITH_KNOTS('',3,3,((#4185,#4186,#4187,#4188),(#4189,
#4190,#4191,#4192),(#4193,#4194,#4195,#4196),(#4197,#4198,#4199,#4200)),
 .UNSPECIFIED.,.F.,.F.,.F.,(4,4),(4,4),(0.,1.),(0.,1.),.UNSPECIFIED.);
#73=B_SPLINE_SURFACE_WITH_KNOTS('',3,3,((#4204,#4205,#4206,#4207),(#4208,
#4209,#4210,#4211),(#4212,#4213,#4214,#4215),(#4216,#4217,#4218,#4219),
(#4220,#4221,#4222,#4223),(#4224,#4225,#4226,#4227)),.UNSPECIFIED.,.F.,
 .F.,.F.,(4,1,1,4),(4,4),(0.,0.285714285714286,0.571428571428571,1.),(0.,
1.),.UNSPECIFIED.);
#74=B_SPLINE_SURFACE_WITH_KNOTS('',3,3,((#4236,#4237,#4238,#4239),(#4240,
#4241,#4242,#4243),(#4244,#4245,#4246,#4247),(#4248,#4249,#4250,#4251)),
 .UNSPECIFIED.,.F.,.F.,.F.,(4,4),(4,4),(0.,1.),(0.,1.),.UNSPECIFIED.);
#75=B_SPLINE_SURFACE_WITH_KNOTS('',3,3,((#4255,#4256,#4257,#4258),(#4259,
#4260,#4261,#4262),(#4263,#4264,#4265,#4266),(#4267,#4268,#4269,#4270)),
 .UNSPECIFIED.,.F.,.F.,.F.,(4,4),(4,4),(0.,1.),(0.,1.),.UNSPECIFIED.);
#76=B_SPLINE_SURFACE_WITH_KNOTS('',3,3,((#4277,#4278,#4279,#4280),(#4281,
#4282,#4283,#4284),(#4285,#4286,#4287,#4288),(#4289,#4290,#4291,#4292)),
 .UNSPECIFIED.,.F.,.F.,.F.,(4,4),(4,4),(0.,1.),(0.,1.),.UNSPECIFIED.);
#77=B_SPLINE_SURFACE_WITH_KNOTS('',3,3,((#4296,#4297,#4298,#4299),(#4300,
#4301,#4302,#4303),(#4304,#4305,#4306,#4307),(#4308,#4309,#4310,#4311),
(#4312,#4313,#4314,#4315)),.UNSPECIFIED.,.F.,.F.,.F.,(4,1,4),(4,4),(0.,
0.571428571428571,1.),(0.,1.),.UNSPECIFIED.);
#78=B_SPLINE_SURFACE_WITH_KNOTS('',3,3,((#4323,#4324,#4325,#4326),(#4327,
#4328,#4329,#4330),(#4331,#4332,#4333,#4334),(#4335,#4336,#4337,#4338)),
 .UNSPECIFIED.,.F.,.F.,.F.,(4,4),(4,4),(0.,1.),(0.,1.),.UNSPECIFIED.);
#79=B_SPLINE_SURFACE_WITH_KNOTS('',3,3,((#4344,#4345,#4346,#4347),(#4348,
#4349,#4350,#4351),(#4352,#4353,#4354,#4355),(#4356,#4357,#4358,#4359),
(#4360,#4361,#4362,#4363),(#4364,#4365,#4366,#4367),(#4368,#4369,#4370,
#4371),(#4372,#4373,#4374,#4375)),.UNSPECIFIED.,.F.,.F.,.F.,(4,1,1,1,1,
4),(4,4),(0.,0.178571428571429,0.285714285714286,0.428571428571429,0.571428571428571,
1.),(0.,1.),.UNSPECIFIED.);
#80=B_SPLINE_SURFACE_WITH_KNOTS('',3,3,((#4388,#4389,#4390,#4391),(#4392,
#4393,#4394,#4395),(#4396,#4397,#4398,#4399),(#4400,#4401,#4402,#4403)),
 .UNSPECIFIED.,.F.,.F.,.F.,(4,4),(4,4),(0.,1.),(0.,1.),.UNSPECIFIED.);
#81=B_SPLINE_SURFACE_WITH_KNOTS('',3,3,((#4407,#4408,#4409,#4410),(#4411,
#4412,#4413,#4414),(#4415,#4416,#4417,#4418),(#4419,#4420,#4421,#4422),
(#4423,#4424,#4425,#4426)),.UNSPECIFIED.,.F.,.F.,.F.,(4,1,4),(4,4),(0.,
0.571428571428571,1.),(0.,1.),.UNSPECIFIED.);
#82=B_SPLINE_SURFACE_WITH_KNOTS('',3,3,((#4434,#4435,#4436,#4437),(#4438,
#4439,#4440,#4441),(#4442,#4443,#4444,#4445),(#4446,#4447,#4448,#4449)),
 .UNSPECIFIED.,.F.,.F.,.F.,(4,4),(4,4),(0.,1.),(0.,1.),.UNSPECIFIED.);
#83=B_SPLINE_SURFACE_WITH_KNOTS('',3,3,((#4453,#4454,#4455,#4456),(#4457,
#4458,#4459,#4460),(#4461,#4462,#4463,#4464),(#4465,#4466,#4467,#4468)),
 .UNSPECIFIED.,.F.,.F.,.F.,(4,4),(4,4),(0.,1.),(0.,1.),.UNSPECIFIED.);
#84=B_SPLINE_SURFACE_WITH_KNOTS('',3,3,((#4475,#4476,#4477,#4478),(#4479,
#4480,#4481,#4482),(#4483,#4484,#4485,#4486),(#4487,#4488,#4489,#4490)),
 .UNSPECIFIED.,.F.,.F.,.F.,(4,4),(4,4),(0.,1.),(0.,1.),.UNSPECIFIED.);
#85=B_SPLINE_SURFACE_WITH_KNOTS('',3,3,((#4494,#4495,#4496,#4497),(#4498,
#4499,#4500,#4501),(#4502,#4503,#4504,#4505),(#4506,#4507,#4508,#4509),
(#4510,#4511,#4512,#4513)),.UNSPECIFIED.,.F.,.F.,.F.,(4,1,4),(4,4),(0.,
0.571428571428571,1.),(0.,1.),.UNSPECIFIED.);
#86=B_SPLINE_SURFACE_WITH_KNOTS('',3,3,((#4521,#4522,#4523,#4524),(#4525,
#4526,#4527,#4528),(#4529,#4530,#4531,#4532),(#4533,#4534,#4535,#4536)),
 .UNSPECIFIED.,.F.,.F.,.F.,(4,4),(4,4),(0.,1.),(0.,1.),.UNSPECIFIED.);
#87=B_SPLINE_SURFACE_WITH_KNOTS('',3,3,((#4542,#4543,#4544,#4545),(#4546,
#4547,#4548,#4549),(#4550,#4551,#4552,#4553),(#4554,#4555,#4556,#4557),
(#4558,#4559,#4560,#4561),(#4562,#4563,#4564,#4565),(#4566,#4567,#4568,
#4569),(#4570,#4571,#4572,#4573)),.UNSPECIFIED.,.F.,.F.,.F.,(4,1,1,1,1,
4),(4,4),(0.,0.285714285714286,0.5,0.571428571428571,0.857142857142857,
1.),(0.,1.),.UNSPECIFIED.);
#88=B_SPLINE_SURFACE_WITH_KNOTS('',3,3,((#4586,#4587,#4588,#4589),(#4590,
#4591,#4592,#4593),(#4594,#4595,#4596,#4597),(#4598,#4599,#4600,#4601)),
 .UNSPECIFIED.,.F.,.F.,.F.,(4,4),(4,4),(0.,1.),(0.,1.),.UNSPECIFIED.);
#89=B_SPLINE_SURFACE_WITH_KNOTS('',3,3,((#4605,#4606,#4607,#4608),(#4609,
#4610,#4611,#4612),(#4613,#4614,#4615,#4616),(#4617,#4618,#4619,#4620),
(#4621,#4622,#4623,#4624),(#4625,#4626,#4627,#4628)),.UNSPECIFIED.,.F.,
 .F.,.F.,(4,1,1,4),(4,4),(0.,0.285714285714286,0.571428571428571,1.),(0.,
1.),.UNSPECIFIED.);
#90=B_SPLINE_SURFACE_WITH_KNOTS('',3,3,((#4637,#4638,#4639,#4640),(#4641,
#4642,#4643,#4644),(#4645,#4646,#4647,#4648),(#4649,#4650,#4651,#4652)),
 .UNSPECIFIED.,.F.,.F.,.F.,(4,4),(4,4),(0.,1.),(0.,1.),.UNSPECIFIED.);
#91=B_SPLINE_SURFACE_WITH_KNOTS('',3,3,((#4656,#4657,#4658,#4659),(#4660,
#4661,#4662,#4663),(#4664,#4665,#4666,#4667),(#4668,#4669,#4670,#4671)),
 .UNSPECIFIED.,.F.,.F.,.F.,(4,4),(4,4),(0.,1.),(0.,1.),.UNSPECIFIED.);
#92=B_SPLINE_SURFACE_WITH_KNOTS('',3,3,((#4678,#4679,#4680,#4681),(#4682,
#4683,#4684,#4685),(#4686,#4687,#4688,#4689),(#4690,#4691,#4692,#4693)),
 .UNSPECIFIED.,.F.,.F.,.F.,(4,4),(4,4),(0.,1.),(0.,1.),.UNSPECIFIED.);
#93=B_SPLINE_SURFACE_WITH_KNOTS('',3,3,((#4697,#4698,#4699,#4700,#4701,
#4702,#4703,#4704,#4705),(#4706,#4707,#4708,#4709,#4710,#4711,#4712,#4713,
#4714),(#4715,#4716,#4717,#4718,#4719,#4720,#4721,#4722,#4723),(#4724,#4725,
#4726,#4727,#4728,#4729,#4730,#4731,#4732),(#4733,#4734,#4735,#4736,#4737,
#4738,#4739,#4740,#4741),(#4742,#4743,#4744,#4745,#4746,#4747,#4748,#4749,
#4750),(#4751,#4752,#4753,#4754,#4755,#4756,#4757,#4758,#4759),(#4760,#4761,
#4762,#4763,#4764,#4765,#4766,#4767,#4768),(#4769,#4770,#4771,#4772,#4773,
#4774,#4775,#4776,#4777),(#4778,#4779,#4780,#4781,#4782,#4783,#4784,#4785,
#4786),(#4787,#4788,#4789,#4790,#4791,#4792,#4793,#4794,#4795),(#4796,#4797,
#4798,#4799,#4800,#4801,#4802,#4803,#4804),(#4805,#4806,#4807,#4808,#4809,
#4810,#4811,#4812,#4813),(#4814,#4815,#4816,#4817,#4818,#4819,#4820,#4821,
#4822),(#4823,#4824,#4825,#4826,#4827,#4828,#4829,#4830,#4831),(#4832,#4833,
#4834,#4835,#4836,#4837,#4838,#4839,#4840),(#4841,#4842,#4843,#4844,#4845,
#4846,#4847,#4848,#4849),(#4850,#4851,#4852,#4853,#4854,#4855,#4856,#4857,
#4858),(#4859,#4860,#4861,#4862,#4863,#4864,#4865,#4866,#4867),(#4868,#4869,
#4870,#4871,#4872,#4873,#4874,#4875,#4876),(#4877,#4878,#4879,#4880,#4881,
#4882,#4883,#4884,#4885),(#4886,#4887,#4888,#4889,#4890,#4891,#4892,#4893,
#4894),(#4895,#4896,#4897,#4898,#4899,#4900,#4901,#4902,#4903),(#4904,#4905,
#4906,#4907,#4908,#4909,#4910,#4911,#4912),(#4913,#4914,#4915,#4916,#4917,
#4918,#4919,#4920,#4921),(#4922,#4923,#4924,#4925,#4926,#4927,#4928,#4929,
#4930),(#4931,#4932,#4933,#4934,#4935,#4936,#4937,#4938,#4939),(#4940,#4941,
#4942,#4943,#4944,#4945,#4946,#4947,#4948),(#4949,#4950,#4951,#4952,#4953,
#4954,#4955,#4956,#4957),(#4958,#4959,#4960,#4961,#4962,#4963,#4964,#4965,
#4966),(#4967,#4968,#4969,#4970,#4971,#4972,#4973,#4974,#4975),(#4976,#4977,
#4978,#4979,#4980,#4981,#4982,#4983,#4984),(#4985,#4986,#4987,#4988,#4989,
#4990,#4991,#4992,#4993),(#4994,#4995,#4996,#4997,#4998,#4999,#5000,#5001,
#5002),(#5003,#5004,#5005,#5006,#5007,#5008,#5009,#5010,#5011),(#5012,#5013,
#5014,#5015,#5016,#5017,#5018,#5019,#5020),(#5021,#5022,#5023,#5024,#5025,
#5026,#5027,#5028,#5029),(#5030,#5031,#5032,#5033,#5034,#5035,#5036,#5037,
#5038),(#5039,#5040,#5041,#5042,#5043,#5044,#5045,#5046,#5047),(#5048,#5049,
#5050,#5051,#5052,#5053,#5054,#5055,#5056),(#5057,#5058,#5059,#5060,#5061,
#5062,#5063,#5064,#5065),(#5066,#5067,#5068,#5069,#5070,#5071,#5072,#5073,
#5074),(#5075,#5076,#5077,#5078,#5079,#5080,#5081,#5082,#5083),(#5084,#5085,
#5086,#5087,#5088,#5089,#5090,#5091,#5092),(#5093,#5094,#5095,#5096,#5097,
#5098,#5099,#5100,#5101),(#5102,#5103,#5104,#5105,#5106,#5107,#5108,#5109,
#5110),(#5111,#5112,#5113,#5114,#5115,#5116,#5117,#5118,#5119),(#5120,#5121,
#5122,#5123,#5124,#5125,#5126,#5127,#5128),(#5129,#5130,#5131,#5132,#5133,
#5134,#5135,#5136,#5137),(#5138,#5139,#5140,#5141,#5142,#5143,#5144,#5145,
#5146),(#5147,#5148,#5149,#5150,#5151,#5152,#5153,#5154,#5155),(#5156,#5157,
#5158,#5159,#5160,#5161,#5162,#5163,#5164),(#5165,#5166,#5167,#5168,#5169,
#5170,#5171,#5172,#5173),(#5174,#5175,#5176,#5177,#5178,#5179,#5180,#5181,
#5182),(#5183,#5184,#5185,#5186,#5187,#5188,#5189,#5190,#5191),(#5192,#5193,
#5194,#5195,#5196,#5197,#5198,#5199,#5200),(#5201,#5202,#5203,#5204,#5205,
#5206,#5207,#5208,#5209),(#5210,#5211,#5212,#5213,#5214,#5215,#5216,#5217,
#5218),(#5219,#5220,#5221,#5222,#5223,#5224,#5225,#5226,#5227),(#5228,#5229,
#5230,#5231,#5232,#5233,#5234,#5235,#5236),(#5237,#5238,#5239,#5240,#5241,
#5242,#5243,#5244,#5245),(#5246,#5247,#5248,#5249,#5250,#5251,#5252,#5253,
#5254),(#5255,#5256,#5257,#5258,#5259,#5260,#5261,#5262,#5263),(#5264,#5265,
#5266,#5267,#5268,#5269,#5270,#5271,#5272),(#5273,#5274,#5275,#5276,#5277,
#5278,#5279,#5280,#5281),(#5282,#5283,#5284,#5285,#5286,#5287,#5288,#5289,
#5290),(#5291,#5292,#5293,#5294,#5295,#5296,#5297,#5298,#5299),(#5300,#5301,
#5302,#5303,#5304,#5305,#5306,#5307,#5308),(#5309,#5310,#5311,#5312,#5313,
#5314,#5315,#5316,#5317),(#5318,#5319,#5320,#5321,#5322,#5323,#5324,#5325,
#5326),(#5327,#5328,#5329,#5330,#5331,#5332,#5333,#5334,#5335),(#5336,#5337,
#5338,#5339,#5340,#5341,#5342,#5343,#5344),(#5345,#5346,#5347,#5348,#5349,
#5350,#5351,#5352,#5353),(#5354,#5355,#5356,#5357,#5358,#5359,#5360,#5361,
#5362),(#5363,#5364,#5365,#5366,#5367,#5368,#5369,#5370,#5371),(#5372,#5373,
#5374,#5375,#5376,#5377,#5378,#5379,#5380),(#5381,#5382,#5383,#5384,#5385,
#5386,#5387,#5388,#5389),(#5390,#5391,#5392,#5393,#5394,#5395,#5396,#5397,
#5398),(#5399,#5400,#5401,#5402,#5403,#5404,#5405,#5406,#5407),(#5408,#5409,
#5410,#5411,#5412,#5413,#5414,#5415,#5416),(#5417,#5418,#5419,#5420,#5421,
#5422,#5423,#5424,#5425),(#5426,#5427,#5428,#5429,#5430,#5431,#5432,#5433,
#5434),(#5435,#5436,#5437,#5438,#5439,#5440,#5441,#5442,#5443),(#5444,#5445,
#5446,#5447,#5448,#5449,#5450,#5451,#5452),(#5453,#5454,#5455,#5456,#5457,
#5458,#5459,#5460,#5461),(#5462,#5463,#5464,#5465,#5466,#5467,#5468,#5469,
#5470),(#5471,#5472,#5473,#5474,#5475,#5476,#5477,#5478,#5479),(#5480,#5481,
#5482,#5483,#5484,#5485,#5486,#5487,#5488),(#5489,#5490,#5491,#5492,#5493,
#5494,#5495,#5496,#5497),(#5498,#5499,#5500,#5501,#5502,#5503,#5504,#5505,
#5506),(#5507,#5508,#5509,#5510,#5511,#5512,#5513,#5514,#5515),(#5516,#5517,
#5518,#5519,#5520,#5521,#5522,#5523,#5524),(#5525,#5526,#5527,#5528,#5529,
#5530,#5531,#5532,#5533),(#5534,#5535,#5536,#5537,#5538,#5539,#5540,#5541,
#5542),(#5543,#5544,#5545,#5546,#5547,#5548,#5549,#5550,#5551),(#5552,#5553,
#5554,#5555,#5556,#5557,#5558,#5559,#5560),(#5561,#5562,#5563,#5564,#5565,
#5566,#5567,#5568,#5569),(#5570,#5571,#5572,#5573,#5574,#5575,#5576,#5577,
#5578),(#5579,#5580,#5581,#5582,#5583,#5584,#5585,#5586,#5587),(#5588,#5589,
#5590,#5591,#5592,#5593,#5594,#5595,#5596),(#5597,#5598,#5599,#5600,#5601,
#5602,#5603,#5604,#5605),(#5606,#5607,#5608,#5609,#5610,#5611,#5612,#5613,
#5614),(#5615,#5616,#5617,#5618,#5619,#5620,#5621,#5622,#5623),(#5624,#5625,
#5626,#5627,#5628,#5629,#5630,#5631,#5632),(#5633,#5634,#5635,#5636,#5637,
#5638,#5639,#5640,#5641),(#5642,#5643,#5644,#5645,#5646,#5647,#5648,#5649,
#5650),(#5651,#5652,#5653,#5654,#5655,#5656,#5657,#5658,#5659),(#5660,#5661,
#5662,#5663,#5664,#5665,#5666,#5667,#5668),(#5669,#5670,#5671,#5672,#5673,
#5674,#5675,#5676,#5677),(#5678,#5679,#5680,#5681,#5682,#5683,#5684,#5685,
#5686),(#5687,#5688,#5689,#5690,#5691,#5692,#5693,#5694,#5695),(#5696,#5697,
#5698,#5699,#5700,#5701,#5702,#5703,#5704),(#5705,#5706,#5707,#5708,#5709,
#5710,#5711,#5712,#5713),(#5714,#5715,#5716,#5717,#5718,#5719,#5720,#5721,
#5722),(#5723,#5724,#5725,#5726,#5727,#5728,#5729,#5730,#5731),(#5732,#5733,
#5734,#5735,#5736,#5737,#5738,#5739,#5740),(#5741,#5742,#5743,#5744,#5745,
#5746,#5747,#5748,#5749),(#5750,#5751,#5752,#5753,#5754,#5755,#5756,#5757,
#5758),(#5759,#5760,#5761,#5762,#5763,#5764,#5765,#5766,#5767),(#5768,#5769,
#5770,#5771,#5772,#5773,#5774,#5775,#5776),(#5777,#5778,#5779,#5780,#5781,
#5782,#5783,#5784,#5785),(#5786,#5787,#5788,#5789,#5790,#5791,#5792,#5793,
#5794),(#5795,#5796,#5797,#5798,#5799,#5800,#5801,#5802,#5803),(#5804,#5805,
#5806,#5807,#5808,#5809,#5810,#5811,#5812),(#5813,#5814,#5815,#5816,#5817,
#5818,#5819,#5820,#5821),(#5822,#5823,#5824,#5825,#5826,#5827,#5828,#5829,
#5830),(#5831,#5832,#5833,#5834,#5835,#5836,#5837,#5838,#5839),(#5840,#5841,
#5842,#5843,#5844,#5845,#5846,#5847,#5848),(#5849,#5850,#5851,#5852,#5853,
#5854,#5855,#5856,#5857),(#5858,#5859,#5860,#5861,#5862,#5863,#5864,#5865,
#5866),(#5867,#5868,#5869,#5870,#5871,#5872,#5873,#5874,#5875),(#5876,#5877,
#5878,#5879,#5880,#5881,#5882,#5883,#5884),(#5885,#5886,#5887,#5888,#5889,
#5890,#5891,#5892,#5893),(#5894,#5895,#5896,#5897,#5898,#5899,#5900,#5901,
#5902),(#5903,#5904,#5905,#5906,#5907,#5908,#5909,#5910,#5911),(#5912,#5913,
#5914,#5915,#5916,#5917,#5918,#5919,#5920),(#5921,#5922,#5923,#5924,#5925,
#5926,#5927,#5928,#5929),(#5930,#5931,#5932,#5933,#5934,#5935,#5936,#5937,
#5938),(#5939,#5940,#5941,#5942,#5943,#5944,#5945,#5946,#5947),(#5948,#5949,
#5950,#5951,#5952,#5953,#5954,#5955,#5956),(#5957,#5958,#5959,#5960,#5961,
#5962,#5963,#5964,#5965),(#5966,#5967,#5968,#5969,#5970,#5971,#5972,#5973,
#5974),(#5975,#5976,#5977,#5978,#5979,#5980,#5981,#5982,#5983),(#5984,#5985,
#5986,#5987,#5988,#5989,#5990,#5991,#5992),(#5993,#5994,#5995,#5996,#5997,
#5998,#5999,#6000,#6001),(#6002,#6003,#6004,#6005,#6006,#6007,#6008,#6009,
#6010),(#6011,#6012,#6013,#6014,#6015,#6016,#6017,#6018,#6019),(#6020,#6021,
#6022,#6023,#6024,#6025,#6026,#6027,#6028),(#6029,#6030,#6031,#6032,#6033,
#6034,#6035,#6036,#6037),(#6038,#6039,#6040,#6041,#6042,#6043,#6044,#6045,
#6046),(#6047,#6048,#6049,#6050,#6051,#6052,#6053,#6054,#6055),(#6056,#6057,
#6058,#6059,#6060,#6061,#6062,#6063,#6064),(#6065,#6066,#6067,#6068,#6069,
#6070,#6071,#6072,#6073),(#6074,#6075,#6076,#6077,#6078,#6079,#6080,#6081,
#6082),(#6083,#6084,#6085,#6086,#6087,#6088,#6089,#6090,#6091),(#6092,#6093,
#6094,#6095,#6096,#6097,#6098,#6099,#6100),(#6101,#6102,#6103,#6104,#6105,
#6106,#6107,#6108,#6109),(#6110,#6111,#6112,#6113,#6114,#6115,#6116,#6117,
#6118),(#6119,#6120,#6121,#6122,#6123,#6124,#6125,#6126,#6127),(#6128,#6129,
#6130,#6131,#6132,#6133,#6134,#6135,#6136),(#6137,#6138,#6139,#6140,#6141,
#6142,#6143,#6144,#6145),(#6146,#6147,#6148,#6149,#6150,#6151,#6152,#6153,
#6154),(#6155,#6156,#6157,#6158,#6159,#6160,#6161,#6162,#6163),(#6164,#6165,
#6166,#6167,#6168,#6169,#6170,#6171,#6172),(#6173,#6174,#6175,#6176,#6177,
#6178,#6179,#6180,#6181),(#6182,#6183,#6184,#6185,#6186,#6187,#6188,#6189,
#6190),(#6191,#6192,#6193,#6194,#6195,#6196,#6197,#6198,#6199),(#6200,#6201,
#6202,#6203,#6204,#6205,#6206,#6207,#6208),(#6209,#6210,#6211,#6212,#6213,
#6214,#6215,#6216,#6217),(#6218,#6219,#6220,#6221,#6222,#6223,#6224,#6225,
#6226),(#6227,#6228,#6229,#6230,#6231,#6232,#6233,#6234,#6235),(#6236,#6237,
#6238,#6239,#6240,#6241,#6242,#6243,#6244),(#6245,#6246,#6247,#6248,#6249,
#6250,#6251,#6252,#6253),(#6254,#6255,#6256,#6257,#6258,#6259,#6260,#6261,
#6262),(#6263,#6264,#6265,#6266,#6267,#6268,#6269,#6270,#6271),(#6272,#6273,
#6274,#6275,#6276,#6277,#6278,#6279,#6280),(#6281,#6282,#6283,#6284,#6285,
#6286,#6287,#6288,#6289),(#6290,#6291,#6292,#6293,#6294,#6295,#6296,#6297,
#6298),(#6299,#6300,#6301,#6302,#6303,#6304,#6305,#6306,#6307),(#6308,#6309,
#6310,#6311,#6312,#6313,#6314,#6315,#6316),(#6317,#6318,#6319,#6320,#6321,
#6322,#6323,#6324,#6325),(#6326,#6327,#6328,#6329,#6330,#6331,#6332,#6333,
#6334),(#6335,#6336,#6337,#6338,#6339,#6340,#6341,#6342,#6343),(#6344,#6345,
#6346,#6347,#6348,#6349,#6350,#6351,#6352),(#6353,#6354,#6355,#6356,#6357,
#6358,#6359,#6360,#6361),(#6362,#6363,#6364,#6365,#6366,#6367,#6368,#6369,
#6370),(#6371,#6372,#6373,#6374,#6375,#6376,#6377,#6378,#6379),(#6380,#6381,
#6382,#6383,#6384,#6385,#6386,#6387,#6388),(#6389,#6390,#6391,#6392,#6393,
#6394,#6395,#6396,#6397),(#6398,#6399,#6400,#6401,#6402,#6403,#6404,#6405,
#6406),(#6407,#6408,#6409,#6410,#6411,#6412,#6413,#6414,#6415),(#6416,#6417,
#6418,#6419,#6420,#6421,#6422,#6423,#6424),(#6425,#6426,#6427,#6428,#6429,
#6430,#6431,#6432,#6433),(#6434,#6435,#6436,#6437,#6438,#6439,#6440,#6441,
#6442),(#6443,#6444,#6445,#6446,#6447,#6448,#6449,#6450,#6451),(#6452,#6453,
#6454,#6455,#6456,#6457,#6458,#6459,#6460),(#6461,#6462,#6463,#6464,#6465,
#6466,#6467,#6468,#6469),(#6470,#6471,#6472,#6473,#6474,#6475,#6476,#6477,
#6478),(#6479,#6480,#6481,#6482,#6483,#6484,#6485,#6486,#6487),(#6488,#6489,
#6490,#6491,#6492,#6493,#6494,#6495,#6496),(#6497,#6498,#6499,#6500,#6501,
#6502,#6503,#6504,#6505),(#6506,#6507,#6508,#6509,#6510,#6511,#6512,#6513,
#6514),(#6515,#6516,#6517,#6518,#6519,#6520,#6521,#6522,#6523),(#6524,#6525,
#6526,#6527,#6528,#6529,#6530,#6531,#6532),(#6533,#6534,#6535,#6536,#6537,
#6538,#6539,#6540,#6541),(#6542,#6543,#6544,#6545,#6546,#6547,#6548,#6549,
#6550),(#6551,#6552,#6553,#6554,#6555,#6556,#6557,#6558,#6559),(#6560,#6561,
#6562,#6563,#6564,#6565,#6566,#6567,#6568),(#6569,#6570,#6571,#6572,#6573,
#6574,#6575,#6576,#6577),(#6578,#6579,#6580,#6581,#6582,#6583,#6584,#6585,
#6586),(#6587,#6588,#6589,#6590,#6591,#6592,#6593,#6594,#6595),(#6596,#6597,
#6598,#6599,#6600,#6601,#6602,#6603,#6604),(#6605,#6606,#6607,#6608,#6609,
#6610,#6611,#6612,#6613),(#6614,#6615,#6616,#6617,#6618,#6619,#6620,#6621,
#6622),(#6623,#6624,#6625,#6626,#6627,#6628,#6629,#6630,#6631),(#6632,#6633,
#6634,#6635,#6636,#6637,#6638,#6639,#6640),(#6641,#6642,#6643,#6644,#6645,
#6646,#6647,#6648,#6649),(#6650,#6651,#6652,#6653,#6654,#6655,#6656,#6657,
#6658),(#6659,#6660,#6661,#6662,#6663,#6664,#6665,#6666,#6667),(#6668,#6669,
#6670,#6671,#6672,#6673,#6674,#6675,#6676),(#6677,#6678,#6679,#6680,#6681,
#6682,#6683,#6684,#6685),(#6686,#6687,#6688,#6689,#6690,#6691,#6692,#6693,
#6694),(#6695,#6696,#6697,#6698,#6699,#6700,#6701,#6702,#6703),(#6704,#6705,
#6706,#6707,#6708,#6709,#6710,#6711,#6712),(#6713,#6714,#6715,#6716,#6717,
#6718,#6719,#6720,#6721),(#6722,#6723,#6724,#6725,#6726,#6727,#6728,#6729,
#6730),(#6731,#6732,#6733,#6734,#6735,#6736,#6737,#6738,#6739),(#6740,#6741,
#6742,#6743,#6744,#6745,#6746,#6747,#6748),(#6749,#6750,#6751,#6752,#6753,
#6754,#6755,#6756,#6757),(#6758,#6759,#6760,#6761,#6762,#6763,#6764,#6765,
#6766),(#6767,#6768,#6769,#6770,#6771,#6772,#6773,#6774,#6775),(#6776,#6777,
#6778,#6779,#6780,#6781,#6782,#6783,#6784),(#6785,#6786,#6787,#6788,#6789,
#6790,#6791,#6792,#6793),(#6794,#6795,#6796,#6797,#6798,#6799,#6800,#6801,
#6802),(#6803,#6804,#6805,#6806,#6807,#6808,#6809,#6810,#6811),(#6812,#6813,
#6814,#6815,#6816,#6817,#6818,#6819,#6820),(#6821,#6822,#6823,#6824,#6825,
#6826,#6827,#6828,#6829),(#6830,#6831,#6832,#6833,#6834,#6835,#6836,#6837,
#6838),(#6839,#6840,#6841,#6842,#6843,#6844,#6845,#6846,#6847),(#6848,#6849,
#6850,#6851,#6852,#6853,#6854,#6855,#6856),(#6857,#6858,#6859,#6860,#6861,
#6862,#6863,#6864,#6865),(#6866,#6867,#6868,#6869,#6870,#6871,#6872,#6873,
#6874),(#6875,#6876,#6877,#6878,#6879,#6880,#6881,#6882,#6883),(#6884,#6885,
#6886,#6887,#6888,#6889,#6890,#6891,#6892),(#6893,#6894,#6895,#6896,#6897,
#6898,#6899,#6900,#6901),(#6902,#6903,#6904,#6905,#6906,#6907,#6908,#6909,
#6910),(#6911,#6912,#6913,#6914,#6915,#6916,#6917,#6918,#6919),(#6920,#6921,
#6922,#6923,#6924,#6925,#6926,#6927,#6928),(#6929,#6930,#6931,#6932,#6933,
#6934,#6935,#6936,#6937),(#6938,#6939,#6940,#6941,#6942,#6943,#6944,#6945,
#6946),(#6947,#6948,#6949,#6950,#6951,#6952,#6953,#6954,#6955),(#6956,#6957,
#6958,#6959,#6960,#6961,#6962,#6963,#6964),(#6965,#6966,#6967,#6968,#6969,
#6970,#6971,#6972,#6973),(#6974,#6975,#6976,#6977,#6978,#6979,#6980,#6981,
#6982),(#6983,#6984,#6985,#6986,#6987,#6988,#6989,#6990,#6991),(#6992,#6993,
#6994,#6995,#6996,#6997,#6998,#6999,#7000),(#7001,#7002,#7003,#7004,#7005,
#7006,#7007,#7008,#7009),(#7010,#7011,#7012,#7013,#7014,#7015,#7016,#7017,
#7018),(#7019,#7020,#7021,#7022,#7023,#7024,#7025,#7026,#7027),(#7028,#7029,
#7030,#7031,#7032,#7033,#7034,#7035,#7036),(#7037,#7038,#7039,#7040,#7041,
#7042,#7043,#7044,#7045),(#7046,#7047,#7048,#7049,#7050,#7051,#7052,#7053,
#7054),(#7055,#7056,#7057,#7058,#7059,#7060,#7061,#7062,#7063),(#7064,#7065,
#7066,#7067,#7068,#7069,#7070,#7071,#7072),(#7073,#7074,#7075,#7076,#7077,
#7078,#7079,#7080,#7081),(#7082,#7083,#7084,#7085,#7086,#7087,#7088,#7089,
#7090),(#7091,#7092,#7093,#7094,#7095,#7096,#7097,#7098,#7099),(#7100,#7101,
#7102,#7103,#7104,#7105,#7106,#7107,#7108),(#7109,#7110,#7111,#7112,#7113,
#7114,#7115,#7116,#7117),(#7118,#7119,#7120,#7121,#7122,#7123,#7124,#7125,
#7126)),.UNSPECIFIED.,.F.,.F.,.F.,(4,1,1,1,1,1,1,1,1,1,1,1,1,1,1,1,1,1,
1,1,1,1,1,1,1,1,1,1,1,1,1,1,1,1,1,1,1,1,1,1,1,1,1,1,1,1,1,1,1,1,1,1,1,1,
1,1,1,1,1,1,1,1,1,1,1,1,1,1,1,1,1,1,1,1,1,1,1,1,1,1,1,1,1,1,1,1,1,1,1,1,
1,1,1,1,1,1,1,1,1,1,1,1,1,1,1,1,1,1,1,1,1,1,1,1,1,1,1,1,1,1,1,1,1,1,1,1,
1,1,1,1,1,1,1,1,1,1,1,1,1,1,1,1,1,1,1,1,1,1,1,1,1,1,1,1,1,1,1,1,1,1,1,1,
1,1,1,1,1,1,1,1,1,1,1,1,1,1,1,1,1,1,1,1,1,1,1,1,1,1,1,1,1,1,1,1,1,1,1,1,
1,1,1,1,1,1,1,1,1,1,1,1,1,1,1,1,1,1,1,1,1,1,1,1,1,1,1,1,1,1,1,1,1,1,1,1,
1,1,1,1,1,1,1,1,1,1,1,1,1,1,1,1,1,1,1,1,1,1,1,1,1,1,1,1,1,1,1,1,1,4),(4,
1,1,1,1,1,4),(0.,0.0357142857142857,0.0714285714285714,0.107142857142857,
0.142857142857143,0.178571428571429,0.214285714285714,0.25,0.285714285714286,
0.321428571428571,0.357142857142857,0.392857142857143,0.428571428571429,
0.464285714285714,0.5,0.535714285714286,0.571428571428571,0.607142857142857,
0.642857142857143,0.647321428571428,0.651785714285714,0.65625,0.660714285714286,
0.678571428571428,0.714285714285714,0.732142857142857,0.75,0.750279017857143,
0.750558035714286,0.751116071428571,0.752232142857143,0.753348214285714,
0.75390625,0.754185267857143,0.754464285714286,0.756696428571428,0.758928571428571,
0.761160714285714,0.763392857142857,0.767857142857143,0.785714285714286,
0.785853794642857,0.785993303571428,0.786272321428571,0.786830357142857,
0.787946428571428,0.7890625,0.790178571428571,0.792410714285714,0.793526785714286,
0.794642857142857,0.796875,0.797991071428571,0.799107142857143,0.801339285714286,
0.803571428571428,0.804129464285714,0.804268973214286,0.804408482142857,
0.8046875,0.805245535714286,0.805803571428571,0.806919642857143,0.808035714285714,
0.8125,0.812779017857143,0.813058035714286,0.813337053571429,0.813616071428571,
0.814732142857143,0.815848214285714,0.816964285714286,0.818080357142857,
0.818638392857143,0.819196428571429,0.821428571428571,0.823660714285714,
0.825892857142857,0.830357142857143,0.830915178571428,0.831473214285714,
0.831752232142857,0.83203125,0.832589285714286,0.832868303571428,0.8330078125,
0.833147321428571,0.833426339285714,0.833705357142857,0.834263392857143,
0.834821428571428,0.8359375,0.836495535714286,0.837053571428571,0.838169642857143,
0.839285714285714,0.83984375,0.839983258928571,0.840122767857143,0.840401785714286,
0.841517857142857,0.841796875,0.842075892857143,0.842354910714286,0.842633928571428,
0.8427734375,0.842912946428571,0.843191964285714,0.843331473214286,0.843470982142857,
0.84375,0.845982142857143,0.847098214285714,0.84765625,0.848214285714286,
0.848772321428571,0.849330357142857,0.849888392857143,0.849958147321428,
0.850027901785714,0.85009765625,0.850115094866071,0.850132533482143,0.850167410714286,
0.850306919642857,0.850446428571428,0.852678571428571,0.852957589285714,
0.853097098214286,0.853166852678571,0.853236607142857,0.853515625,0.853794642857143,
0.853864397321428,0.853934151785714,0.854073660714286,0.854213169642857,
0.854248046875,0.854282924107143,0.854317801339286,0.854335239955357,0.854352678571428,
0.854910714285714,0.856026785714286,0.856166294642857,0.856236049107143,
0.856305803571428,0.8564453125,0.856584821428571,0.856602260044643,0.856619698660714,
0.856654575892857,0.856724330357143,0.856741768973214,0.856759207589286,
0.856794084821428,0.8568115234375,0.856828962053571,0.856846400669643,0.856863839285714,
0.856898716517857,0.856916155133928,0.85693359375,0.856968470982143,0.857003348214286,
0.857073102678571,0.857142857142857,0.892857142857143,0.892874581473214,
0.892892020089286,0.892926897321428,0.892996651785714,0.89306640625,0.893101283482143,
0.893136160714286,0.893205915178571,0.893275669642857,0.893345424107143,
0.893415178571428,0.893694196428571,0.893973214285714,0.89453125,0.894810267857143,
0.895089285714286,0.895368303571428,0.895647321428571,0.896205357142857,
0.896763392857143,0.897042410714286,0.897181919642857,0.897321428571428,
0.897600446428571,0.897739955357143,0.897879464285714,0.898018973214286,
0.898158482142857,0.8984375,0.898995535714286,0.899135044642857,0.899152483258929,
0.899169921875,0.899187360491071,0.899204799107143,0.899274553571429,0.8994140625,
0.899553571428571,0.901785714285714,0.902064732142857,0.90234375,0.902622767857143,
0.902901785714286,0.903180803571428,0.903459821428571,0.903738839285714,
0.903878348214286,0.904017857142857,0.904575892857143,0.905133928571429,
0.90625,0.906389508928571,0.906529017857143,0.906808035714286,0.907366071428571,
0.907645089285714,0.907784598214286,0.907924107142857,0.908203125,0.908482142857143,
0.909598214285714,0.909737723214286,0.909877232142857,0.910016741071429,
0.910086495535714,0.91015625,0.910435267857143,0.910714285714286,0.912946428571429,
0.915178571428571,0.915736607142857,0.916015625,0.916294642857143,0.917410714285714,
0.919642857142857,0.924107142857143,0.924386160714286,0.924665178571429,
0.925223214285714,0.925502232142857,0.92578125,0.925920758928572,0.926060267857143,
0.926199776785714,0.926339285714286,0.927455357142857,0.927594866071429,
0.927734375,0.928013392857143,0.928292410714286,0.928571428571429,0.930803571428571,
0.933035714285714,0.9375,0.941964285714286,0.944196428571429,0.9453125,
0.946428571428571,0.964285714285714,1.),(0.,0.0357142857142857,0.0714285714285714,
0.142857142857143,0.285714285714286,0.357142857142857,1.),.UNSPECIFIED.);
#94=B_SPLINE_SURFACE_WITH_KNOTS('',3,3,((#7448,#7449,#7450,#7451),(#7452,
#7453,#7454,#7455),(#7456,#7457,#7458,#7459),(#7460,#7461,#7462,#7463)),
 .UNSPECIFIED.,.F.,.F.,.F.,(4,4),(4,4),(0.,1.),(0.,1.),.UNSPECIFIED.);
#95=B_SPLINE_SURFACE_WITH_KNOTS('',3,3,((#7467,#7468,#7469,#7470),(#7471,
#7472,#7473,#7474),(#7475,#7476,#7477,#7478),(#7479,#7480,#7481,#7482),
(#7483,#7484,#7485,#7486),(#7487,#7488,#7489,#7490)),.UNSPECIFIED.,.F.,
 .F.,.F.,(4,1,1,4),(4,4),(0.,0.285714285714286,0.571428571428571,1.),(0.,
1.),.UNSPECIFIED.);
#96=B_SPLINE_SURFACE_WITH_KNOTS('',3,3,((#7499,#7500,#7501,#7502),(#7503,
#7504,#7505,#7506),(#7507,#7508,#7509,#7510),(#7511,#7512,#7513,#7514)),
 .UNSPECIFIED.,.F.,.F.,.F.,(4,4),(4,4),(0.,1.),(0.,1.),.UNSPECIFIED.);
#97=B_SPLINE_SURFACE_WITH_KNOTS('',3,3,((#7518,#7519,#7520,#7521),(#7522,
#7523,#7524,#7525),(#7526,#7527,#7528,#7529),(#7530,#7531,#7532,#7533)),
 .UNSPECIFIED.,.F.,.F.,.F.,(4,4),(4,4),(0.,1.),(0.,1.),.UNSPECIFIED.);
#98=B_SPLINE_SURFACE_WITH_KNOTS('',3,3,((#7540,#7541,#7542,#7543),(#7544,
#7545,#7546,#7547),(#7548,#7549,#7550,#7551),(#7552,#7553,#7554,#7555)),
 .UNSPECIFIED.,.F.,.F.,.F.,(4,4),(4,4),(0.,1.),(0.,1.),.UNSPECIFIED.);
#99=B_SPLINE_SURFACE_WITH_KNOTS('',3,3,((#7559,#7560,#7561,#7562),(#7563,
#7564,#7565,#7566),(#7567,#7568,#7569,#7570),(#7571,#7572,#7573,#7574)),
 .UNSPECIFIED.,.F.,.F.,.F.,(4,4),(4,4),(0.,1.),(0.,1.),.UNSPECIFIED.);
#100=B_SPLINE_SURFACE_WITH_KNOTS('',3,3,((#7581,#7582,#7583,#7584),(#7585,
#7586,#7587,#7588),(#7589,#7590,#7591,#7592),(#7593,#7594,#7595,#7596)),
 .UNSPECIFIED.,.F.,.F.,.F.,(4,4),(4,4),(0.,1.),(0.,1.),.UNSPECIFIED.);
#101=B_SPLINE_SURFACE_WITH_KNOTS('',3,3,((#7602,#7603,#7604,#7605),(#7606,
#7607,#7608,#7609),(#7610,#7611,#7612,#7613),(#7614,#7615,#7616,#7617),
(#7618,#7619,#7620,#7621),(#7622,#7623,#7624,#7625)),.UNSPECIFIED.,.F.,
 .F.,.F.,(4,1,1,4),(4,4),(0.,0.5,0.785714285714286,1.),(0.,1.),
 .UNSPECIFIED.);
#102=B_SPLINE_SURFACE_WITH_KNOTS('',3,3,((#7634,#7635,#7636,#7637),(#7638,
#7639,#7640,#7641),(#7642,#7643,#7644,#7645),(#7646,#7647,#7648,#7649)),
 .UNSPECIFIED.,.F.,.F.,.F.,(4,4),(4,4),(0.,1.),(0.,1.),.UNSPECIFIED.);
#103=B_SPLINE_SURFACE_WITH_KNOTS('',3,3,((#7653,#7654,#7655,#7656),(#7657,
#7658,#7659,#7660),(#7661,#7662,#7663,#7664),(#7665,#7666,#7667,#7668),
(#7669,#7670,#7671,#7672),(#7673,#7674,#7675,#7676)),.UNSPECIFIED.,.F.,
 .F.,.F.,(4,1,1,4),(4,4),(0.,0.285714285714286,0.571428571428571,1.),(0.,
1.),.UNSPECIFIED.);
#104=B_SPLINE_SURFACE_WITH_KNOTS('',3,3,((#7685,#7686,#7687,#7688),(#7689,
#7690,#7691,#7692),(#7693,#7694,#7695,#7696),(#7697,#7698,#7699,#7700)),
 .UNSPECIFIED.,.F.,.F.,.F.,(4,4),(4,4),(0.,1.),(0.,1.),.UNSPECIFIED.);
#105=B_SPLINE_SURFACE_WITH_KNOTS('',3,3,((#7704,#7705,#7706,#7707),(#7708,
#7709,#7710,#7711),(#7712,#7713,#7714,#7715),(#7716,#7717,#7718,#7719)),
 .UNSPECIFIED.,.F.,.F.,.F.,(4,4),(4,4),(0.,1.),(0.,1.),.UNSPECIFIED.);
#106=B_SPLINE_SURFACE_WITH_KNOTS('',3,3,((#7726,#7727,#7728,#7729),(#7730,
#7731,#7732,#7733),(#7734,#7735,#7736,#7737),(#7738,#7739,#7740,#7741)),
 .UNSPECIFIED.,.F.,.F.,.F.,(4,4),(4,4),(0.,1.),(0.,1.),.UNSPECIFIED.);
#107=B_SPLINE_SURFACE_WITH_KNOTS('',3,3,((#7745,#7746,#7747,#7748),(#7749,
#7750,#7751,#7752),(#7753,#7754,#7755,#7756),(#7757,#7758,#7759,#7760),
(#7761,#7762,#7763,#7764)),.UNSPECIFIED.,.F.,.F.,.F.,(4,1,4),(4,4),(0.,
0.571428571428571,1.),(0.,1.),.UNSPECIFIED.);
#108=B_SPLINE_SURFACE_WITH_KNOTS('',3,3,((#7772,#7773,#7774,#7775),(#7776,
#7777,#7778,#7779),(#7780,#7781,#7782,#7783),(#7784,#7785,#7786,#7787)),
 .UNSPECIFIED.,.F.,.F.,.F.,(4,4),(4,4),(0.,1.),(0.,1.),.UNSPECIFIED.);
#109=B_SPLINE_SURFACE_WITH_KNOTS('',3,3,((#7797,#7798,#7799,#7800),(#7801,
#7802,#7803,#7804),(#7805,#7806,#7807,#7808),(#7809,#7810,#7811,#7812)),
 .UNSPECIFIED.,.F.,.F.,.F.,(4,4),(4,4),(0.,1.),(0.,1.),.UNSPECIFIED.);
#110=FACE_BOUND('',#480,.T.);
#111=FACE_BOUND('',#484,.T.);
#112=FACE_BOUND('',#487,.T.);
#113=FACE_BOUND('',#567,.T.);
#114=FACE_BOUND('',#580,.T.);
#115=FACE_BOUND('',#581,.T.);
#116=FACE_BOUND('',#582,.T.);
#117=FACE_BOUND('',#583,.T.);
#118=FACE_BOUND('',#584,.T.);
#119=FACE_BOUND('',#585,.T.);
#120=FACE_BOUND('',#586,.T.);
#121=FACE_BOUND('',#587,.T.);
#122=FACE_BOUND('',#588,.T.);
#123=CYLINDRICAL_SURFACE('',#2358,4.5);
#124=CYLINDRICAL_SURFACE('',#2451,2.);
#125=CYLINDRICAL_SURFACE('',#2453,6.5);
#126=CYLINDRICAL_SURFACE('',#2460,6.5);
#127=CYLINDRICAL_SURFACE('',#2613,6.5);
#128=CYLINDRICAL_SURFACE('',#2615,6.5);
#129=CYLINDRICAL_SURFACE('',#2617,6.5);
#130=CYLINDRICAL_SURFACE('',#2619,6.5);
#131=CYLINDRICAL_SURFACE('',#2621,6.5);
#132=CYLINDRICAL_SURFACE('',#2623,6.5);
#133=CYLINDRICAL_SURFACE('',#2625,6.5);
#134=CYLINDRICAL_SURFACE('',#2627,6.5);
#135=CYLINDRICAL_SURFACE('',#2629,26.5);
#136=CIRCLE('',#2353,4.5);
#137=CIRCLE('',#2354,6.5);
#138=CIRCLE('',#2359,4.5);
#139=CIRCLE('',#2361,4.5);
#140=CIRCLE('',#2363,4.5);
#141=CIRCLE('',#2365,4.5);
#142=CIRCLE('',#2367,4.5);
#143=CIRCLE('',#2369,4.5);
#144=CIRCLE('',#2371,4.5);
#145=CIRCLE('',#2373,4.5);
#146=CIRCLE('',#2375,4.5);
#147=CIRCLE('',#2377,4.5);
#148=CIRCLE('',#2379,4.5);
#149=CIRCLE('',#2381,4.5);
#150=CIRCLE('',#2383,4.5);
#151=CIRCLE('',#2385,4.5);
#152=CIRCLE('',#2387,4.5);
#153=CIRCLE('',#2389,4.5);
#154=CIRCLE('',#2391,6.5);
#155=CIRCLE('',#2395,6.5);
#156=CIRCLE('',#2396,6.5);
#157=CIRCLE('',#2400,6.5);
#158=CIRCLE('',#2404,6.5);
#159=CIRCLE('',#2408,6.5);
#160=CIRCLE('',#2412,6.5);
#161=CIRCLE('',#2416,6.5);
#162=CIRCLE('',#2420,6.5);
#163=CIRCLE('',#2424,6.5);
#164=CIRCLE('',#2428,6.5);
#165=CIRCLE('',#2432,6.5);
#166=CIRCLE('',#2436,6.5);
#167=CIRCLE('',#2440,6.5);
#168=CIRCLE('',#2444,6.5);
#169=CIRCLE('',#2446,6.5);
#170=CIRCLE('',#2450,2.);
#171=CIRCLE('',#2452,2.);
#172=CIRCLE('',#2454,6.5);
#173=CIRCLE('',#2455,6.5);
#174=CIRCLE('',#2456,6.5);
#175=CIRCLE('',#2458,6.5);
#176=CIRCLE('',#2459,6.5);
#177=CIRCLE('',#2461,6.5);
#178=CIRCLE('',#2462,6.5);
#179=CIRCLE('',#2464,11.);
#180=CIRCLE('',#2465,11.);
#181=CIRCLE('',#2466,11.);
#182=CIRCLE('',#2467,11.);
#183=CIRCLE('',#2468,11.);
#184=CIRCLE('',#2469,11.);
#185=CIRCLE('',#2470,11.);
#186=CIRCLE('',#2471,11.);
#187=CIRCLE('',#2472,11.);
#188=CIRCLE('',#2473,11.);
#189=CIRCLE('',#2474,11.);
#190=CIRCLE('',#2475,11.);
#191=CIRCLE('',#2476,11.);
#192=CIRCLE('',#2477,11.);
#193=CIRCLE('',#2478,11.);
#194=CIRCLE('',#2479,11.);
#195=CIRCLE('',#2480,11.);
#196=CIRCLE('',#2481,11.);
#197=CIRCLE('',#2482,11.);
#198=CIRCLE('',#2483,11.);
#199=CIRCLE('',#2484,11.);
#200=CIRCLE('',#2485,11.);
#201=CIRCLE('',#2486,11.);
#202=CIRCLE('',#2487,11.);
#203=CIRCLE('',#2488,11.);
#204=CIRCLE('',#2489,11.);
#205=CIRCLE('',#2490,11.);
#206=CIRCLE('',#2491,11.);
#207=CIRCLE('',#2492,11.);
#208=CIRCLE('',#2493,11.);
#209=CIRCLE('',#2494,11.);
#210=CIRCLE('',#2495,11.);
#211=CIRCLE('',#2496,11.);
#212=CIRCLE('',#2497,11.);
#213=CIRCLE('',#2498,11.);
#214=CIRCLE('',#2499,11.);
#215=CIRCLE('',#2500,11.);
#216=CIRCLE('',#2501,11.);
#217=CIRCLE('',#2502,11.);
#218=CIRCLE('',#2503,11.);
#219=CIRCLE('',#2504,11.);
#220=CIRCLE('',#2505,11.);
#221=CIRCLE('',#2506,11.);
#222=CIRCLE('',#2507,11.);
#223=CIRCLE('',#2508,11.);
#224=CIRCLE('',#2509,11.);
#225=CIRCLE('',#2510,11.);
#226=CIRCLE('',#2511,11.);
#227=CIRCLE('',#2512,11.);
#228=CIRCLE('',#2513,11.);
#229=CIRCLE('',#2514,11.);
#230=CIRCLE('',#2515,11.);
#231=CIRCLE('',#2516,11.);
#232=CIRCLE('',#2517,11.);
#233=CIRCLE('',#2518,11.);
#234=CIRCLE('',#2519,11.);
#235=CIRCLE('',#2520,11.);
#236=CIRCLE('',#2521,11.);
#237=CIRCLE('',#2522,11.);
#238=CIRCLE('',#2523,11.);
#239=CIRCLE('',#2524,6.5);
#240=CIRCLE('',#2525,6.5);
#241=CIRCLE('',#2526,6.5);
#242=CIRCLE('',#2527,6.5);
#243=CIRCLE('',#2528,6.5);
#244=CIRCLE('',#2529,6.5);
#245=CIRCLE('',#2530,6.5);
#246=CIRCLE('',#2531,6.5);
#247=CIRCLE('',#2532,6.5);
#248=CIRCLE('',#2533,6.5);
#249=CIRCLE('',#2534,6.5);
#250=CIRCLE('',#2535,6.5);
#251=CIRCLE('',#2536,6.5);
#252=CIRCLE('',#2537,6.5);
#253=CIRCLE('',#2538,6.5);
#254=CIRCLE('',#2539,6.5);
#255=CIRCLE('',#2540,6.5);
#256=CIRCLE('',#2541,6.5);
#257=CIRCLE('',#2542,6.5);
#258=CIRCLE('',#2543,6.5);
#259=CIRCLE('',#2544,6.5);
#260=CIRCLE('',#2545,6.5);
#261=CIRCLE('',#2546,6.5);
#262=CIRCLE('',#2547,6.5);
#263=CIRCLE('',#2548,6.5);
#264=CIRCLE('',#2549,6.5);
#265=CIRCLE('',#2550,6.5);
#266=CIRCLE('',#2551,6.5);
#267=CIRCLE('',#2552,6.5);
#268=CIRCLE('',#2553,6.5);
#269=CIRCLE('',#2554,6.5);
#270=CIRCLE('',#2555,6.5);
#271=CIRCLE('',#2557,6.5);
#272=CIRCLE('',#2559,6.5);
#273=CIRCLE('',#2561,6.5);
#274=CIRCLE('',#2563,6.5);
#275=CIRCLE('',#2565,6.5);
#276=CIRCLE('',#2567,6.5);
#277=CIRCLE('',#2569,6.5);
#278=CIRCLE('',#2571,6.5);
#279=CIRCLE('',#2573,6.5);
#280=CIRCLE('',#2575,6.5);
#281=CIRCLE('',#2577,6.5);
#282=CIRCLE('',#2579,6.5);
#283=CIRCLE('',#2581,6.5);
#284=CIRCLE('',#2583,6.5);
#285=CIRCLE('',#2584,6.5);
#286=CIRCLE('',#2586,6.5);
#287=CIRCLE('',#2588,6.5);
#288=CIRCLE('',#2590,6.5);
#289=CIRCLE('',#2592,6.5);
#290=CIRCLE('',#2593,6.5);
#291=CIRCLE('',#2595,26.5);
#292=CIRCLE('',#2596,6.5);
#293=CIRCLE('',#2597,6.5);
#294=CIRCLE('',#2598,6.5);
#295=CIRCLE('',#2599,6.5);
#296=CIRCLE('',#2600,6.5);
#297=CIRCLE('',#2601,6.5);
#298=CIRCLE('',#2602,6.5);
#299=CIRCLE('',#2603,6.5);
#300=CIRCLE('',#2604,6.5);
#301=CIRCLE('',#2605,6.5);
#302=CIRCLE('',#2606,6.5);
#303=CIRCLE('',#2607,6.5);
#304=CIRCLE('',#2608,6.5);
#305=CIRCLE('',#2610,6.5);
#306=CIRCLE('',#2612,6.5);
#307=CIRCLE('',#2614,6.5);
#308=CIRCLE('',#2616,6.5);
#309=CIRCLE('',#2618,6.5);
#310=CIRCLE('',#2620,6.5);
#311=CIRCLE('',#2622,6.5);
#312=CIRCLE('',#2624,6.5);
#313=CIRCLE('',#2626,6.5);
#314=CIRCLE('',#2628,6.5);
#315=CIRCLE('',#2630,26.5);
#316=FACE_OUTER_BOUND('',#446,.T.);
#317=FACE_OUTER_BOUND('',#447,.T.);
#318=FACE_OUTER_BOUND('',#448,.T.);
#319=FACE_OUTER_BOUND('',#449,.T.);
#320=FACE_OUTER_BOUND('',#450,.T.);
#321=FACE_OUTER_BOUND('',#451,.T.);
#322=FACE_OUTER_BOUND('',#452,.T.);
#323=FACE_OUTER_BOUND('',#453,.T.);
#324=FACE_OUTER_BOUND('',#454,.T.);
#325=FACE_OUTER_BOUND('',#455,.T.);
#326=FACE_OUTER_BOUND('',#456,.T.);
#327=FACE_OUTER_BOUND('',#457,.T.);
#328=FACE_OUTER_BOUND('',#458,.T.);
#329=FACE_OUTER_BOUND('',#459,.T.);
#330=FACE_OUTER_BOUND('',#460,.T.);
#331=FACE_OUTER_BOUND('',#461,.T.);
#332=FACE_OUTER_BOUND('',#462,.T.);
#333=FACE_OUTER_BOUND('',#463,.T.);
#334=FACE_OUTER_BOUND('',#464,.T.);
#335=FACE_OUTER_BOUND('',#465,.T.);
#336=FACE_OUTER_BOUND('',#466,.T.);
#337=FACE_OUTER_BOUND('',#467,.T.);
#338=FACE_OUTER_BOUND('',#468,.T.);
#339=FACE_OUTER_BOUND('',#469,.T.);
#340=FACE_OUTER_BOUND('',#470,.T.);
#341=FACE_OUTER_BOUND('',#471,.T.);
#342=FACE_OUTER_BOUND('',#472,.T.);
#343=FACE_OUTER_BOUND('',#473,.T.);
#344=FACE_OUTER_BOUND('',#474,.T.);
#345=FACE_OUTER_BOUND('',#475,.T.);
#346=FACE_OUTER_BOUND('',#476,.T.);
#347=FACE_OUTER_BOUND('',#477,.T.);
#348=FACE_OUTER_BOUND('',#478,.T.);
#349=FACE_OUTER_BOUND('',#479,.T.);
#350=FACE_OUTER_BOUND('',#481,.T.);
#351=FACE_OUTER_BOUND('',#482,.T.);
#352=FACE_OUTER_BOUND('',#483,.T.);
#353=FACE_OUTER_BOUND('',#485,.T.);
#354=FACE_OUTER_BOUND('',#486,.T.);
#355=FACE_OUTER_BOUND('',#488,.T.);
#356=FACE_OUTER_BOUND('',#489,.T.);
#357=FACE_OUTER_BOUND('',#490,.T.);
#358=FACE_OUTER_BOUND('',#491,.T.);
#359=FACE_OUTER_BOUND('',#492,.T.);
#360=FACE_OUTER_BOUND('',#493,.T.);
#361=FACE_OUTER_BOUND('',#494,.T.);
#362=FACE_OUTER_BOUND('',#495,.T.);
#363=FACE_OUTER_BOUND('',#496,.T.);
#364=FACE_OUTER_BOUND('',#497,.T.);
#365=FACE_OUTER_BOUND('',#498,.T.);
#366=FACE_OUTER_BOUND('',#499,.T.);
#367=FACE_OUTER_BOUND('',#500,.T.);
#368=FACE_OUTER_BOUND('',#501,.T.);
#369=FACE_OUTER_BOUND('',#502,.T.);
#370=FACE_OUTER_BOUND('',#503,.T.);
#371=FACE_OUTER_BOUND('',#504,.T.);
#372=FACE_OUTER_BOUND('',#505,.T.);
#373=FACE_OUTER_BOUND('',#506,.T.);
#374=FACE_OUTER_BOUND('',#507,.T.);
#375=FACE_OUTER_BOUND('',#508,.T.);
#376=FACE_OUTER_BOUND('',#509,.T.);
#377=FACE_OUTER_BOUND('',#510,.T.);
#378=FACE_OUTER_BOUND('',#511,.T.);
#379=FACE_OUTER_BOUND('',#512,.T.);
#380=FACE_OUTER_BOUND('',#513,.T.);
#381=FACE_OUTER_BOUND('',#514,.T.);
#382=FACE_OUTER_BOUND('',#515,.T.);
#383=FACE_OUTER_BOUND('',#516,.T.);
#384=FACE_OUTER_BOUND('',#517,.T.);
#385=FACE_OUTER_BOUND('',#518,.T.);
#386=FACE_OUTER_BOUND('',#519,.T.);
#387=FACE_OUTER_BOUND('',#520,.T.);
#388=FACE_OUTER_BOUND('',#521,.T.);
#389=FACE_OUTER_BOUND('',#522,.T.);
#390=FACE_OUTER_BOUND('',#523,.T.);
#391=FACE_OUTER_BOUND('',#524,.T.);
#392=FACE_OUTER_BOUND('',#525,.T.);
#393=FACE_OUTER_BOUND('',#526,.T.);
#394=FACE_OUTER_BOUND('',#527,.T.);
#395=FACE_OUTER_BOUND('',#528,.T.);
#396=FACE_OUTER_BOUND('',#529,.T.);
#397=FACE_OUTER_BOUND('',#530,.T.);
#398=FACE_OUTER_BOUND('',#531,.T.);
#399=FACE_OUTER_BOUND('',#532,.T.);
#400=FACE_OUTER_BOUND('',#533,.T.);
#401=FACE_OUTER_BOUND('',#534,.T.);
#402=FACE_OUTER_BOUND('',#535,.T.);
#403=FACE_OUTER_BOUND('',#536,.T.);
#404=FACE_OUTER_BOUND('',#537,.T.);
#405=FACE_OUTER_BOUND('',#538,.T.);
#406=FACE_OUTER_BOUND('',#539,.T.);
#407=FACE_OUTER_BOUND('',#540,.T.);
#408=FACE_OUTER_BOUND('',#541,.T.);
#409=FACE_OUTER_BOUND('',#542,.T.);
#410=FACE_OUTER_BOUND('',#543,.T.);
#411=FACE_OUTER_BOUND('',#544,.T.);
#412=FACE_OUTER_BOUND('',#545,.T.);
#413=FACE_OUTER_BOUND('',#546,.T.);
#414=FACE_OUTER_BOUND('',#547,.T.);
#415=FACE_OUTER_BOUND('',#548,.T.);
#416=FACE_OUTER_BOUND('',#549,.T.);
#417=FACE_OUTER_BOUND('',#550,.T.);
#418=FACE_OUTER_BOUND('',#551,.T.);
#419=FACE_OUTER_BOUND('',#552,.T.);
#420=FACE_OUTER_BOUND('',#553,.T.);
#421=FACE_OUTER_BOUND('',#554,.T.);
#422=FACE_OUTER_BOUND('',#555,.T.);
#423=FACE_OUTER_BOUND('',#556,.T.);
#424=FACE_OUTER_BOUND('',#557,.T.);
#425=FACE_OUTER_BOUND('',#558,.T.);
#426=FACE_OUTER_BOUND('',#559,.T.);
#427=FACE_OUTER_BOUND('',#560,.T.);
#428=FACE_OUTER_BOUND('',#561,.T.);
#429=FACE_OUTER_BOUND('',#562,.T.);
#430=FACE_OUTER_BOUND('',#563,.T.);
#431=FACE_OUTER_BOUND('',#564,.T.);
#432=FACE_OUTER_BOUND('',#565,.T.);
#433=FACE_OUTER_BOUND('',#566,.T.);
#434=FACE_OUTER_BOUND('',#568,.T.);
#435=FACE_OUTER_BOUND('',#569,.T.);
#436=FACE_OUTER_BOUND('',#570,.T.);
#437=FACE_OUTER_BOUND('',#571,.T.);
#438=FACE_OUTER_BOUND('',#572,.T.);
#439=FACE_OUTER_BOUND('',#573,.T.);
#440=FACE_OUTER_BOUND('',#574,.T.);
#441=FACE_OUTER_BOUND('',#575,.T.);
#442=FACE_OUTER_BOUND('',#576,.T.);
#443=FACE_OUTER_BOUND('',#577,.T.);
#444=FACE_OUTER_BOUND('',#578,.T.);
#445=FACE_OUTER_BOUND('',#579,.T.);
#446=EDGE_LOOP('',(#1431,#1432,#1433,#1434));
#447=EDGE_LOOP('',(#1435,#1436,#1437,#1438));
#448=EDGE_LOOP('',(#1439,#1440,#1441,#1442));
#449=EDGE_LOOP('',(#1443,#1444,#1445,#1446,#1447,#1448,#1449,#1450,#1451,
#1452,#1453,#1454,#1455,#1456,#1457,#1458,#1459,#1460,#1461,#1462,#1463,
#1464,#1465,#1466,#1467,#1468,#1469,#1470,#1471,#1472,#1473,#1474,#1475,
#1476,#1477,#1478));
#450=EDGE_LOOP('',(#1479,#1480,#1481,#1482));
#451=EDGE_LOOP('',(#1483,#1484,#1485,#1486));
#452=EDGE_LOOP('',(#1487,#1488,#1489,#1490,#1491));
#453=EDGE_LOOP('',(#1492,#1493,#1494,#1495,#1496));
#454=EDGE_LOOP('',(#1497,#1498,#1499,#1500));
#455=EDGE_LOOP('',(#1501,#1502,#1503,#1504));
#456=EDGE_LOOP('',(#1505,#1506,#1507,#1508));
#457=EDGE_LOOP('',(#1509,#1510,#1511,#1512));
#458=EDGE_LOOP('',(#1513,#1514,#1515,#1516));
#459=EDGE_LOOP('',(#1517,#1518,#1519,#1520));
#460=EDGE_LOOP('',(#1521,#1522,#1523,#1524));
#461=EDGE_LOOP('',(#1525,#1526,#1527,#1528));
#462=EDGE_LOOP('',(#1529,#1530,#1531,#1532));
#463=EDGE_LOOP('',(#1533,#1534,#1535,#1536));
#464=EDGE_LOOP('',(#1537,#1538,#1539,#1540));
#465=EDGE_LOOP('',(#1541,#1542,#1543,#1544));
#466=EDGE_LOOP('',(#1545,#1546,#1547,#1548));
#467=EDGE_LOOP('',(#1549,#1550,#1551,#1552));
#468=EDGE_LOOP('',(#1553,#1554,#1555,#1556));
#469=EDGE_LOOP('',(#1557,#1558,#1559,#1560));
#470=EDGE_LOOP('',(#1561,#1562,#1563,#1564));
#471=EDGE_LOOP('',(#1565,#1566,#1567,#1568));
#472=EDGE_LOOP('',(#1569,#1570,#1571,#1572));
#473=EDGE_LOOP('',(#1573,#1574,#1575,#1576));
#474=EDGE_LOOP('',(#1577,#1578,#1579,#1580));
#475=EDGE_LOOP('',(#1581,#1582,#1583,#1584));
#476=EDGE_LOOP('',(#1585,#1586,#1587,#1588));
#477=EDGE_LOOP('',(#1589,#1590,#1591,#1592));
#478=EDGE_LOOP('',(#1593,#1594,#1595,#1596));
#479=EDGE_LOOP('',(#1597));
#480=EDGE_LOOP('',(#1598));
#481=EDGE_LOOP('',(#1599,#1600,#1601,#1602));
#482=EDGE_LOOP('',(#1603,#1604,#1605,#1606,#1607,#1608,#1609,#1610,#1611,
#1612,#1613,#1614,#1615,#1616,#1617,#1618,#1619,#1620,#1621,#1622,#1623,
#1624,#1625,#1626,#1627,#1628,#1629,#1630,#1631,#1632,#1633,#1634,#1635,
#1636,#1637,#1638,#1639,#1640));
#483=EDGE_LOOP('',(#1641,#1642,#1643,#1644));
#484=EDGE_LOOP('',(#1645));
#485=EDGE_LOOP('',(#1646,#1647,#1648,#1649,#1650,#1651));
#486=EDGE_LOOP('',(#1652,#1653,#1654,#1655,#1656,#1657,#1658,#1659,#1660,
#1661,#1662,#1663,#1664,#1665,#1666,#1667,#1668,#1669,#1670,#1671,#1672,
#1673,#1674,#1675,#1676,#1677,#1678,#1679,#1680,#1681,#1682,#1683,#1684,
#1685,#1686,#1687,#1688,#1689,#1690,#1691,#1692,#1693,#1694,#1695,#1696,
#1697,#1698,#1699,#1700,#1701,#1702,#1703,#1704,#1705,#1706,#1707,#1708,
#1709,#1710,#1711));
#487=EDGE_LOOP('',(#1712));
#488=EDGE_LOOP('',(#1713,#1714,#1715,#1716));
#489=EDGE_LOOP('',(#1717,#1718,#1719,#1720));
#490=EDGE_LOOP('',(#1721,#1722,#1723,#1724));
#491=EDGE_LOOP('',(#1725,#1726,#1727,#1728));
#492=EDGE_LOOP('',(#1729,#1730,#1731,#1732));
#493=EDGE_LOOP('',(#1733,#1734,#1735,#1736,#1737));
#494=EDGE_LOOP('',(#1738,#1739,#1740,#1741,#1742));
#495=EDGE_LOOP('',(#1743,#1744,#1745,#1746));
#496=EDGE_LOOP('',(#1747,#1748,#1749,#1750));
#497=EDGE_LOOP('',(#1751,#1752,#1753,#1754));
#498=EDGE_LOOP('',(#1755,#1756,#1757,#1758));
#499=EDGE_LOOP('',(#1759,#1760,#1761,#1762));
#500=EDGE_LOOP('',(#1763,#1764,#1765,#1766,#1767));
#501=EDGE_LOOP('',(#1768,#1769,#1770,#1771,#1772));
#502=EDGE_LOOP('',(#1773,#1774,#1775,#1776));
#503=EDGE_LOOP('',(#1777,#1778,#1779,#1780));
#504=EDGE_LOOP('',(#1781,#1782,#1783,#1784));
#505=EDGE_LOOP('',(#1785,#1786,#1787,#1788));
#506=EDGE_LOOP('',(#1789,#1790,#1791,#1792));
#507=EDGE_LOOP('',(#1793,#1794,#1795,#1796));
#508=EDGE_LOOP('',(#1797,#1798,#1799,#1800,#1801));
#509=EDGE_LOOP('',(#1802,#1803,#1804,#1805,#1806));
#510=EDGE_LOOP('',(#1807,#1808,#1809,#1810));
#511=EDGE_LOOP('',(#1811,#1812,#1813,#1814));
#512=EDGE_LOOP('',(#1815,#1816,#1817,#1818));
#513=EDGE_LOOP('',(#1819,#1820,#1821,#1822));
#514=EDGE_LOOP('',(#1823,#1824,#1825,#1826));
#515=EDGE_LOOP('',(#1827,#1828,#1829,#1830));
#516=EDGE_LOOP('',(#1831,#1832,#1833,#1834,#1835));
#517=EDGE_LOOP('',(#1836,#1837,#1838,#1839,#1840,#1841));
#518=EDGE_LOOP('',(#1842,#1843,#1844,#1845,#1846));
#519=EDGE_LOOP('',(#1847,#1848,#1849,#1850));
#520=EDGE_LOOP('',(#1851,#1852,#1853,#1854));
#521=EDGE_LOOP('',(#1855,#1856,#1857,#1858));
#522=EDGE_LOOP('',(#1859,#1860,#1861,#1862));
#523=EDGE_LOOP('',(#1863,#1864,#1865,#1866));
#524=EDGE_LOOP('',(#1867,#1868,#1869,#1870,#1871));
#525=EDGE_LOOP('',(#1872,#1873,#1874,#1875,#1876,#1877));
#526=EDGE_LOOP('',(#1878,#1879,#1880,#1881,#1882));
#527=EDGE_LOOP('',(#1883,#1884,#1885,#1886));
#528=EDGE_LOOP('',(#1887,#1888,#1889,#1890));
#529=EDGE_LOOP('',(#1891,#1892,#1893,#1894));
#530=EDGE_LOOP('',(#1895,#1896,#1897,#1898));
#531=EDGE_LOOP('',(#1899,#1900,#1901,#1902,#1903));
#532=EDGE_LOOP('',(#1904,#1905,#1906,#1907));
#533=EDGE_LOOP('',(#1908,#1909,#1910,#1911));
#534=EDGE_LOOP('',(#1912,#1913,#1914,#1915));
#535=EDGE_LOOP('',(#1916,#1917,#1918,#1919));
#536=EDGE_LOOP('',(#1920,#1921,#1922,#1923));
#537=EDGE_LOOP('',(#1924,#1925,#1926,#1927));
#538=EDGE_LOOP('',(#1928,#1929,#1930,#1931,#1932));
#539=EDGE_LOOP('',(#1933,#1934,#1935,#1936,#1937));
#540=EDGE_LOOP('',(#1938,#1939,#1940,#1941));
#541=EDGE_LOOP('',(#1942,#1943,#1944,#1945));
#542=EDGE_LOOP('',(#1946,#1947,#1948,#1949));
#543=EDGE_LOOP('',(#1950,#1951,#1952,#1953));
#544=EDGE_LOOP('',(#1954,#1955,#1956,#1957));
#545=EDGE_LOOP('',(#1958,#1959,#1960,#1961));
#546=EDGE_LOOP('',(#1962,#1963,#1964,#1965,#1966,#1967,#1968));
#547=EDGE_LOOP('',(#1969,#1970,#1971,#1972,#1973));
#548=EDGE_LOOP('',(#1974,#1975));
#549=EDGE_LOOP('',(#1976,#1977));
#550=EDGE_LOOP('',(#1978,#1979));
#551=EDGE_LOOP('',(#1980,#1981));
#552=EDGE_LOOP('',(#1982,#1983));
#553=EDGE_LOOP('',(#1984,#1985));
#554=EDGE_LOOP('',(#1986,#1987));
#555=EDGE_LOOP('',(#1988,#1989));
#556=EDGE_LOOP('',(#1990,#1991));
#557=EDGE_LOOP('',(#1992,#1993));
#558=EDGE_LOOP('',(#1994,#1995));
#559=EDGE_LOOP('',(#1996,#1997));
#560=EDGE_LOOP('',(#1998,#1999));
#561=EDGE_LOOP('',(#2000,#2001,#2002));
#562=EDGE_LOOP('',(#2003,#2004));
#563=EDGE_LOOP('',(#2005,#2006));
#564=EDGE_LOOP('',(#2007,#2008));
#565=EDGE_LOOP('',(#2009,#2010,#2011));
#566=EDGE_LOOP('',(#2012));
#567=EDGE_LOOP('',(#2013,#2014,#2015,#2016,#2017,#2018,#2019,#2020,#2021,
#2022,#2023,#2024,#2025,#2026,#2027,#2028,#2029,#2030,#2031,#2032,#2033));
#568=EDGE_LOOP('',(#2034,#2035));
#569=EDGE_LOOP('',(#2036,#2037));
#570=EDGE_LOOP('',(#2038,#2039,#2040,#2041,#2042,#2043,#2044,#2045,#2046,
#2047,#2048,#2049));
#571=EDGE_LOOP('',(#2050,#2051,#2052,#2053,#2054,#2055,#2056,#2057,#2058,
#2059,#2060,#2061));
#572=EDGE_LOOP('',(#2062,#2063,#2064,#2065,#2066,#2067,#2068,#2069,#2070,
#2071,#2072));
#573=EDGE_LOOP('',(#2073,#2074,#2075,#2076,#2077,#2078,#2079,#2080,#2081,
#2082,#2083,#2084,#2085));
#574=EDGE_LOOP('',(#2086,#2087,#2088,#2089,#2090,#2091,#2092,#2093,#2094,
#2095,#2096,#2097));
#575=EDGE_LOOP('',(#2098,#2099,#2100,#2101,#2102,#2103,#2104,#2105,#2106,
#2107,#2108,#2109));
#576=EDGE_LOOP('',(#2110,#2111,#2112,#2113,#2114,#2115,#2116,#2117,#2118,
#2119,#2120,#2121));
#577=EDGE_LOOP('',(#2122,#2123,#2124,#2125,#2126,#2127,#2128,#2129,#2130,
#2131));
#578=EDGE_LOOP('',(#2132,#2133,#2134,#2135));
#579=EDGE_LOOP('',(#2136));
#580=EDGE_LOOP('',(#2137,#2138));
#581=EDGE_LOOP('',(#2139));
#582=EDGE_LOOP('',(#2140));
#583=EDGE_LOOP('',(#2141));
#584=EDGE_LOOP('',(#2142));
#585=EDGE_LOOP('',(#2143));
#586=EDGE_LOOP('',(#2144));
#587=EDGE_LOOP('',(#2145));
#588=EDGE_LOOP('',(#2146));
#589=LINE('',#3326,#703);
#590=LINE('',#3329,#704);
#591=LINE('',#3335,#705);
#592=LINE('',#3341,#706);
#593=LINE('',#3400,#707);
#594=LINE('',#3408,#708);
#595=LINE('',#3411,#709);
#596=LINE('',#3414,#710);
#597=LINE('',#3420,#711);
#598=LINE('',#3424,#712);
#599=LINE('',#3429,#713);
#600=LINE('',#3432,#714);
#601=LINE('',#3436,#715);
#602=LINE('',#3440,#716);
#603=LINE('',#3447,#717);
#604=LINE('',#3448,#718);
#605=LINE('',#3452,#719);
#606=LINE('',#3456,#720);
#607=LINE('',#3463,#721);
#608=LINE('',#3464,#722);
#609=LINE('',#3468,#723);
#610=LINE('',#3471,#724);
#611=LINE('',#3479,#725);
#612=LINE('',#3480,#726);
#613=LINE('',#3484,#727);
#614=LINE('',#3487,#728);
#615=LINE('',#3495,#729);
#616=LINE('',#3496,#730);
#617=LINE('',#3500,#731);
#618=LINE('',#3503,#732);
#619=LINE('',#3510,#733);
#620=LINE('',#3513,#734);
#621=LINE('',#3518,#735);
#622=LINE('',#3526,#736);
#623=LINE('',#3530,#737);
#624=LINE('',#3543,#738);
#625=LINE('',#3685,#739);
#626=LINE('',#3686,#740);
#627=LINE('',#3718,#741);
#628=LINE('',#3737,#742);
#629=LINE('',#3764,#743);
#630=LINE('',#3783,#744);
#631=LINE('',#3816,#745);
#632=LINE('',#3817,#746);
#633=LINE('',#3836,#747);
#634=LINE('',#3858,#748);
#635=LINE('',#3877,#749);
#636=LINE('',#3899,#750);
#637=LINE('',#3918,#751);
#638=LINE('',#3945,#752);
#639=LINE('',#3965,#753);
#640=LINE('',#3966,#754);
#641=LINE('',#3998,#755);
#642=LINE('',#4017,#756);
#643=LINE('',#4044,#757);
#644=LINE('',#4063,#758);
#645=LINE('',#4090,#759);
#646=LINE('',#4109,#760);
#647=LINE('',#4136,#761);
#648=LINE('',#4156,#762);
#649=LINE('',#4157,#763);
#650=LINE('',#4184,#764);
#651=LINE('',#4203,#765);
#652=LINE('',#4235,#766);
#653=LINE('',#4254,#767);
#654=LINE('',#4276,#768);
#655=LINE('',#4295,#769);
#656=LINE('',#4322,#770);
#657=LINE('',#4342,#771);
#658=LINE('',#4343,#772);
#659=LINE('',#4386,#773);
#660=LINE('',#4387,#774);
#661=LINE('',#4406,#775);
#662=LINE('',#4433,#776);
#663=LINE('',#4452,#777);
#664=LINE('',#4474,#778);
#665=LINE('',#4493,#779);
#666=LINE('',#4520,#780);
#667=LINE('',#4540,#781);
#668=LINE('',#4541,#782);
#669=LINE('',#4584,#783);
#670=LINE('',#4585,#784);
#671=LINE('',#4604,#785);
#672=LINE('',#4636,#786);
#673=LINE('',#4655,#787);
#674=LINE('',#4677,#788);
#675=LINE('',#4696,#789);
#676=LINE('',#7447,#790);
#677=LINE('',#7466,#791);
#678=LINE('',#7498,#792);
#679=LINE('',#7517,#793);
#680=LINE('',#7539,#794);
#681=LINE('',#7558,#795);
#682=LINE('',#7580,#796);
#683=LINE('',#7600,#797);
#684=LINE('',#7601,#798);
#685=LINE('',#7633,#799);
#686=LINE('',#7652,#800);
#687=LINE('',#7684,#801);
#688=LINE('',#7703,#802);
#689=LINE('',#7725,#803);
#690=LINE('',#7744,#804);
#691=LINE('',#7771,#805);
#692=LINE('',#7795,#806);
#693=LINE('',#7796,#807);
#694=LINE('',#7884,#808);
#695=LINE('',#7888,#809);
#696=LINE('',#7892,#810);
#697=LINE('',#7896,#811);
#698=LINE('',#7900,#812);
#699=LINE('',#7904,#813);
#700=LINE('',#7908,#814);
#701=LINE('',#7912,#815);
#702=LINE('',#7916,#816);
#703=VECTOR('',#2641,10.);
#704=VECTOR('',#2644,10.);
#705=VECTOR('',#2651,10.);
#706=VECTOR('',#2658,10.);
#707=VECTOR('',#2717,4.5);
#708=VECTOR('',#2728,10.);
#709=VECTOR('',#2731,10.);
#710=VECTOR('',#2734,10.);
#711=VECTOR('',#2741,10.);
#712=VECTOR('',#2746,10.);
#713=VECTOR('',#2753,10.);
#714=VECTOR('',#2756,10.);
#715=VECTOR('',#2761,10.);
#716=VECTOR('',#2766,10.);
#717=VECTOR('',#2775,10.);
#718=VECTOR('',#2776,10.);
#719=VECTOR('',#2781,10.);
#720=VECTOR('',#2786,10.);
#721=VECTOR('',#2795,10.);
#722=VECTOR('',#2796,10.);
#723=VECTOR('',#2801,10.);
#724=VECTOR('',#2804,10.);
#725=VECTOR('',#2815,10.);
#726=VECTOR('',#2816,10.);
#727=VECTOR('',#2821,10.);
#728=VECTOR('',#2824,10.);
#729=VECTOR('',#2835,10.);
#730=VECTOR('',#2836,10.);
#731=VECTOR('',#2841,10.);
#732=VECTOR('',#2844,10.);
#733=VECTOR('',#2855,10.);
#734=VECTOR('',#2858,10.);
#735=VECTOR('',#2865,10.);
#736=VECTOR('',#2876,2.);
#737=VECTOR('',#2881,6.5);
#738=VECTOR('',#2898,6.5);
#739=VECTOR('',#3025,22.2359598926665);
#740=VECTOR('',#3026,22.7107369691492);
#741=VECTOR('',#3027,22.0246711425647);
#742=VECTOR('',#3030,22.0180189764572);
#743=VECTOR('',#3031,22.2275647749585);
#744=VECTOR('',#3034,22.7108194349355);
#745=VECTOR('',#3035,22.2408216299767);
#746=VECTOR('',#3036,22.2408216299767);
#747=VECTOR('',#3039,22.1829143882096);
#748=VECTOR('',#3040,22.0369757190282);
#749=VECTOR('',#3043,22.0022852247009);
#750=VECTOR('',#3044,22.0043849094494);
#751=VECTOR('',#3047,22.0205414751978);
#752=VECTOR('',#3048,22.1626521842636);
#753=VECTOR('',#3051,22.2946249384363);
#754=VECTOR('',#3052,22.2946249384363);
#755=VECTOR('',#3053,22.5862800223265);
#756=VECTOR('',#3056,22.2306679408622);
#757=VECTOR('',#3057,22.0965296337163);
#758=VECTOR('',#3060,22.0123208909416);
#759=VECTOR('',#3061,22.0046974431602);
#760=VECTOR('',#3064,22.0920793118994);
#761=VECTOR('',#3065,22.2758745032262);
#762=VECTOR('',#3068,22.4997986039763);
#763=VECTOR('',#3069,22.4997986039763);
#764=VECTOR('',#3070,22.6087907959075);
#765=VECTOR('',#3073,22.2281482040427);
#766=VECTOR('',#3074,22.0343002360364);
#767=VECTOR('',#3077,22.0022780559822);
#768=VECTOR('',#3078,22.0043388035151);
#769=VECTOR('',#3081,22.082308205628);
#770=VECTOR('',#3082,22.3583780342674);
#771=VECTOR('',#3085,22.4499472738098);
#772=VECTOR('',#3086,22.4499472738098);
#773=VECTOR('',#3087,22.4005683166882);
#774=VECTOR('',#3088,22.4005683166882);
#775=VECTOR('',#3091,22.3416851315422);
#776=VECTOR('',#3092,22.1356259817891);
#777=VECTOR('',#3095,22.0278115713825);
#778=VECTOR('',#3096,22.0223747095367);
#779=VECTOR('',#3099,22.0261711770846);
#780=VECTOR('',#3100,22.2186603840158);
#781=VECTOR('',#3103,22.496444024062);
#782=VECTOR('',#3104,22.496444024062);
#783=VECTOR('',#3105,22.5595630681424);
#784=VECTOR('',#3106,22.5595630681424);
#785=VECTOR('',#3109,22.2395303793038);
#786=VECTOR('',#3110,22.0507910921921);
#787=VECTOR('',#3113,22.0014836744593);
#788=VECTOR('',#3114,22.0113267402946);
#789=VECTOR('',#3117,22.0235834624967);
#790=VECTOR('',#3118,22.5033227684047);
#791=VECTOR('',#3121,22.2059731189441);
#792=VECTOR('',#3122,22.0399986880903);
#793=VECTOR('',#3125,22.0054909858991);
#794=VECTOR('',#3126,22.0265526214618);
#795=VECTOR('',#3129,22.0776279363892);
#796=VECTOR('',#3130,22.1546400199535);
#797=VECTOR('',#3133,22.5184332523791);
#798=VECTOR('',#3134,22.5184332523791);
#799=VECTOR('',#3135,22.7889244129029);
#800=VECTOR('',#3138,22.2624031857225);
#801=VECTOR('',#3139,22.0558828681378);
#802=VECTOR('',#3142,22.0004318700262);
#803=VECTOR('',#3143,22.0007275729765);
#804=VECTOR('',#3146,22.0359208975408);
#805=VECTOR('',#3147,22.1433776474331);
#806=VECTOR('',#3154,22.5596297416374);
#807=VECTOR('',#3155,22.5596297416374);
#808=VECTOR('',#3272,6.5);
#809=VECTOR('',#3277,6.5);
#810=VECTOR('',#3282,6.5);
#811=VECTOR('',#3287,6.5);
#812=VECTOR('',#3292,6.5);
#813=VECTOR('',#3297,6.5);
#814=VECTOR('',#3302,6.5);
#815=VECTOR('',#3307,6.5);
#816=VECTOR('',#3312,26.5);
#817=ELLIPSE('',#2350,13.1571198007339,4.5);
#818=ELLIPSE('',#2351,19.00472860106,6.5);
#819=ELLIPSE('',#2356,13.1571198007339,4.5);
#820=ELLIPSE('',#2357,19.0047286010601,6.5);
#821=ELLIPSE('',#2360,13.1571198007339,4.5);
#822=ELLIPSE('',#2362,13.1571198007339,4.5);
#823=ELLIPSE('',#2364,13.1571198007339,4.5);
#824=ELLIPSE('',#2366,13.1571198007339,4.5);
#825=ELLIPSE('',#2368,13.1571198007339,4.5);
#826=ELLIPSE('',#2370,13.1571198007339,4.5);
#827=ELLIPSE('',#2372,13.1571198007339,4.5);
#828=ELLIPSE('',#2374,13.1571198007339,4.5);
#829=ELLIPSE('',#2376,13.1571198007339,4.5);
#830=ELLIPSE('',#2378,13.1571198007339,4.5);
#831=ELLIPSE('',#2380,13.1571198007339,4.5);
#832=ELLIPSE('',#2382,13.1571198007339,4.5);
#833=ELLIPSE('',#2384,13.1571198007339,4.5);
#834=ELLIPSE('',#2386,13.1571198007339,4.5);
#835=ELLIPSE('',#2388,13.1571198007339,4.5);
#836=ELLIPSE('',#2393,19.00472860106,6.5);
#837=ELLIPSE('',#2398,19.0047286010601,6.5);
#838=ELLIPSE('',#2402,19.00472860106,6.5);
#839=ELLIPSE('',#2406,19.0047286010601,6.5);
#840=ELLIPSE('',#2410,19.00472860106,6.5);
#841=ELLIPSE('',#2414,19.0047286010601,6.5);
#842=ELLIPSE('',#2418,19.00472860106,6.5);
#843=ELLIPSE('',#2422,19.0047286010601,6.5);
#844=ELLIPSE('',#2426,19.00472860106,6.5);
#845=ELLIPSE('',#2430,19.0047286010601,6.5);
#846=ELLIPSE('',#2434,19.00472860106,6.5);
#847=ELLIPSE('',#2438,19.0047286010601,6.5);
#848=ELLIPSE('',#2442,19.00472860106,6.5);
#849=ELLIPSE('',#2448,19.0047286010601,6.5);
#850=VERTEX_POINT('',#3322);
#851=VERTEX_POINT('',#3323);
#852=VERTEX_POINT('',#3325);
#853=VERTEX_POINT('',#3327);
#854=VERTEX_POINT('',#3331);
#855=VERTEX_POINT('',#3333);
#856=VERTEX_POINT('',#3337);
#857=VERTEX_POINT('',#3339);
#858=VERTEX_POINT('',#3343);
#859=VERTEX_POINT('',#3345);
#860=VERTEX_POINT('',#3347);
#861=VERTEX_POINT('',#3349);
#862=VERTEX_POINT('',#3351);
#863=VERTEX_POINT('',#3353);
#864=VERTEX_POINT('',#3355);
#865=VERTEX_POINT('',#3357);
#866=VERTEX_POINT('',#3359);
#867=VERTEX_POINT('',#3361);
#868=VERTEX_POINT('',#3363);
#869=VERTEX_POINT('',#3365);
#870=VERTEX_POINT('',#3367);
#871=VERTEX_POINT('',#3369);
#872=VERTEX_POINT('',#3371);
#873=VERTEX_POINT('',#3373);
#874=VERTEX_POINT('',#3375);
#875=VERTEX_POINT('',#3377);
#876=VERTEX_POINT('',#3379);
#877=VERTEX_POINT('',#3381);
#878=VERTEX_POINT('',#3383);
#879=VERTEX_POINT('',#3385);
#880=VERTEX_POINT('',#3387);
#881=VERTEX_POINT('',#3389);
#882=VERTEX_POINT('',#3391);
#883=VERTEX_POINT('',#3393);
#884=VERTEX_POINT('',#3395);
#885=VERTEX_POINT('',#3397);
#886=VERTEX_POINT('',#3399);
#887=VERTEX_POINT('',#3402);
#888=VERTEX_POINT('',#3406);
#889=VERTEX_POINT('',#3410);
#890=VERTEX_POINT('',#3412);
#891=VERTEX_POINT('',#3416);
#892=VERTEX_POINT('',#3418);
#893=VERTEX_POINT('',#3422);
#894=VERTEX_POINT('',#3428);
#895=VERTEX_POINT('',#3430);
#896=VERTEX_POINT('',#3434);
#897=VERTEX_POINT('',#3438);
#898=VERTEX_POINT('',#3444);
#899=VERTEX_POINT('',#3445);
#900=VERTEX_POINT('',#3450);
#901=VERTEX_POINT('',#3454);
#902=VERTEX_POINT('',#3460);
#903=VERTEX_POINT('',#3461);
#904=VERTEX_POINT('',#3466);
#905=VERTEX_POINT('',#3470);
#906=VERTEX_POINT('',#3476);
#907=VERTEX_POINT('',#3477);
#908=VERTEX_POINT('',#3482);
#909=VERTEX_POINT('',#3486);
#910=VERTEX_POINT('',#3492);
#911=VERTEX_POINT('',#3493);
#912=VERTEX_POINT('',#3498);
#913=VERTEX_POINT('',#3502);
#914=VERTEX_POINT('',#3508);
#915=VERTEX_POINT('',#3512);
#916=VERTEX_POINT('',#3516);
#917=VERTEX_POINT('',#3522);
#918=VERTEX_POINT('',#3525);
#919=VERTEX_POINT('',#3529);
#920=VERTEX_POINT('',#3531);
#921=VERTEX_POINT('',#3533);
#922=VERTEX_POINT('',#3537);
#923=VERTEX_POINT('',#3541);
#924=VERTEX_POINT('',#3546);
#925=VERTEX_POINT('',#3547);
#926=VERTEX_POINT('',#3549);
#927=VERTEX_POINT('',#3551);
#928=VERTEX_POINT('',#3553);
#929=VERTEX_POINT('',#3555);
#930=VERTEX_POINT('',#3557);
#931=VERTEX_POINT('',#3559);
#932=VERTEX_POINT('',#3561);
#933=VERTEX_POINT('',#3563);
#934=VERTEX_POINT('',#3565);
#935=VERTEX_POINT('',#3567);
#936=VERTEX_POINT('',#3569);
#937=VERTEX_POINT('',#3571);
#938=VERTEX_POINT('',#3573);
#939=VERTEX_POINT('',#3575);
#940=VERTEX_POINT('',#3577);
#941=VERTEX_POINT('',#3579);
#942=VERTEX_POINT('',#3581);
#943=VERTEX_POINT('',#3583);
#944=VERTEX_POINT('',#3585);
#945=VERTEX_POINT('',#3587);
#946=VERTEX_POINT('',#3589);
#947=VERTEX_POINT('',#3591);
#948=VERTEX_POINT('',#3593);
#949=VERTEX_POINT('',#3595);
#950=VERTEX_POINT('',#3597);
#951=VERTEX_POINT('',#3599);
#952=VERTEX_POINT('',#3601);
#953=VERTEX_POINT('',#3603);
#954=VERTEX_POINT('',#3605);
#955=VERTEX_POINT('',#3607);
#956=VERTEX_POINT('',#3609);
#957=VERTEX_POINT('',#3611);
#958=VERTEX_POINT('',#3613);
#959=VERTEX_POINT('',#3615);
#960=VERTEX_POINT('',#3617);
#961=VERTEX_POINT('',#3619);
#962=VERTEX_POINT('',#3621);
#963=VERTEX_POINT('',#3623);
#964=VERTEX_POINT('',#3625);
#965=VERTEX_POINT('',#3627);
#966=VERTEX_POINT('',#3629);
#967=VERTEX_POINT('',#3631);
#968=VERTEX_POINT('',#3633);
#969=VERTEX_POINT('',#3635);
#970=VERTEX_POINT('',#3637);
#971=VERTEX_POINT('',#3639);
#972=VERTEX_POINT('',#3641);
#973=VERTEX_POINT('',#3643);
#974=VERTEX_POINT('',#3645);
#975=VERTEX_POINT('',#3647);
#976=VERTEX_POINT('',#3649);
#977=VERTEX_POINT('',#3651);
#978=VERTEX_POINT('',#3653);
#979=VERTEX_POINT('',#3655);
#980=VERTEX_POINT('',#3657);
#981=VERTEX_POINT('',#3659);
#982=VERTEX_POINT('',#3661);
#983=VERTEX_POINT('',#3663);
#984=VERTEX_POINT('',#3682);
#985=VERTEX_POINT('',#3683);
#986=VERTEX_POINT('',#3711);
#987=VERTEX_POINT('',#3735);
#988=VERTEX_POINT('',#3758);
#989=VERTEX_POINT('',#3781);
#990=VERTEX_POINT('',#3808);
#991=VERTEX_POINT('',#3815);
#992=VERTEX_POINT('',#3834);
#993=VERTEX_POINT('',#3853);
#994=VERTEX_POINT('',#3875);
#995=VERTEX_POINT('',#3894);
#996=VERTEX_POINT('',#3916);
#997=VERTEX_POINT('',#3939);
#998=VERTEX_POINT('',#3962);
#999=VERTEX_POINT('',#3964);
#1000=VERTEX_POINT('',#3991);
#1001=VERTEX_POINT('',#4015);
#1002=VERTEX_POINT('',#4038);
#1003=VERTEX_POINT('',#4061);
#1004=VERTEX_POINT('',#4084);
#1005=VERTEX_POINT('',#4107);
#1006=VERTEX_POINT('',#4130);
#1007=VERTEX_POINT('',#4153);
#1008=VERTEX_POINT('',#4155);
#1009=VERTEX_POINT('',#4178);
#1010=VERTEX_POINT('',#4201);
#1011=VERTEX_POINT('',#4228);
#1012=VERTEX_POINT('',#4252);
#1013=VERTEX_POINT('',#4271);
#1014=VERTEX_POINT('',#4293);
#1015=VERTEX_POINT('',#4316);
#1016=VERTEX_POINT('',#4339);
#1017=VERTEX_POINT('',#4341);
#1018=VERTEX_POINT('',#4376);
#1019=VERTEX_POINT('',#4385);
#1020=VERTEX_POINT('',#4404);
#1021=VERTEX_POINT('',#4427);
#1022=VERTEX_POINT('',#4450);
#1023=VERTEX_POINT('',#4469);
#1024=VERTEX_POINT('',#4491);
#1025=VERTEX_POINT('',#4514);
#1026=VERTEX_POINT('',#4537);
#1027=VERTEX_POINT('',#4539);
#1028=VERTEX_POINT('',#4574);
#1029=VERTEX_POINT('',#4583);
#1030=VERTEX_POINT('',#4602);
#1031=VERTEX_POINT('',#4629);
#1032=VERTEX_POINT('',#4653);
#1033=VERTEX_POINT('',#4672);
#1034=VERTEX_POINT('',#4694);
#1035=VERTEX_POINT('',#7127);
#1036=VERTEX_POINT('',#7198);
#1037=VERTEX_POINT('',#7464);
#1038=VERTEX_POINT('',#7491);
#1039=VERTEX_POINT('',#7515);
#1040=VERTEX_POINT('',#7534);
#1041=VERTEX_POINT('',#7556);
#1042=VERTEX_POINT('',#7575);
#1043=VERTEX_POINT('',#7597);
#1044=VERTEX_POINT('',#7599);
#1045=VERTEX_POINT('',#7626);
#1046=VERTEX_POINT('',#7650);
#1047=VERTEX_POINT('',#7677);
#1048=VERTEX_POINT('',#7701);
#1049=VERTEX_POINT('',#7720);
#1050=VERTEX_POINT('',#7742);
#1051=VERTEX_POINT('',#7765);
#1052=VERTEX_POINT('',#7788);
#1053=VERTEX_POINT('',#7790);
#1054=VERTEX_POINT('',#7792);
#1055=VERTEX_POINT('',#7794);
#1056=VERTEX_POINT('',#7844);
#1057=VERTEX_POINT('',#7854);
#1058=VERTEX_POINT('',#7858);
#1059=VERTEX_POINT('',#7860);
#1060=VERTEX_POINT('',#7863);
#1061=VERTEX_POINT('',#7866);
#1062=VERTEX_POINT('',#7869);
#1063=VERTEX_POINT('',#7875);
#1064=VERTEX_POINT('',#7883);
#1065=VERTEX_POINT('',#7887);
#1066=VERTEX_POINT('',#7891);
#1067=VERTEX_POINT('',#7895);
#1068=VERTEX_POINT('',#7899);
#1069=VERTEX_POINT('',#7903);
#1070=VERTEX_POINT('',#7907);
#1071=VERTEX_POINT('',#7911);
#1072=VERTEX_POINT('',#7915);
#1073=EDGE_CURVE('',#850,#851,#817,.T.);
#1074=EDGE_CURVE('',#851,#852,#589,.T.);
#1075=EDGE_CURVE('',#852,#853,#818,.T.);
#1076=EDGE_CURVE('',#850,#853,#590,.T.);
#1077=EDGE_CURVE('',#854,#850,#136,.T.);
#1078=EDGE_CURVE('',#853,#855,#137,.T.);
#1079=EDGE_CURVE('',#855,#854,#591,.T.);
#1080=EDGE_CURVE('',#856,#854,#819,.T.);
#1081=EDGE_CURVE('',#855,#857,#820,.T.);
#1082=EDGE_CURVE('',#857,#856,#592,.T.);
#1083=EDGE_CURVE('',#858,#856,#138,.T.);
#1084=EDGE_CURVE('',#858,#859,#821,.T.);
#1085=EDGE_CURVE('',#860,#859,#139,.T.);
#1086=EDGE_CURVE('',#861,#860,#822,.T.);
#1087=EDGE_CURVE('',#862,#861,#140,.T.);
#1088=EDGE_CURVE('',#863,#862,#823,.T.);
#1089=EDGE_CURVE('',#864,#863,#141,.T.);
#1090=EDGE_CURVE('',#865,#864,#824,.T.);
#1091=EDGE_CURVE('',#866,#865,#142,.T.);
#1092=EDGE_CURVE('',#867,#866,#825,.T.);
#1093=EDGE_CURVE('',#868,#867,#143,.T.);
#1094=EDGE_CURVE('',#869,#868,#826,.T.);
#1095=EDGE_CURVE('',#870,#869,#144,.T.);
#1096=EDGE_CURVE('',#871,#870,#827,.T.);
#1097=EDGE_CURVE('',#872,#871,#145,.T.);
#1098=EDGE_CURVE('',#873,#872,#828,.T.);
#1099=EDGE_CURVE('',#874,#873,#146,.T.);
#1100=EDGE_CURVE('',#875,#874,#829,.T.);
#1101=EDGE_CURVE('',#876,#875,#147,.T.);
#1102=EDGE_CURVE('',#877,#876,#830,.T.);
#1103=EDGE_CURVE('',#878,#877,#148,.T.);
#1104=EDGE_CURVE('',#879,#878,#831,.T.);
#1105=EDGE_CURVE('',#880,#879,#149,.T.);
#1106=EDGE_CURVE('',#881,#880,#832,.T.);
#1107=EDGE_CURVE('',#882,#881,#150,.T.);
#1108=EDGE_CURVE('',#883,#882,#833,.T.);
#1109=EDGE_CURVE('',#884,#883,#151,.T.);
#1110=EDGE_CURVE('',#885,#884,#834,.T.);
#1111=EDGE_CURVE('',#885,#886,#593,.T.);
#1112=EDGE_CURVE('',#886,#886,#152,.T.);
#1113=EDGE_CURVE('',#887,#885,#835,.T.);
#1114=EDGE_CURVE('',#851,#887,#153,.T.);
#1115=EDGE_CURVE('',#857,#888,#154,.T.);
#1116=EDGE_CURVE('',#888,#858,#594,.T.);
#1117=EDGE_CURVE('',#882,#889,#595,.T.);
#1118=EDGE_CURVE('',#889,#890,#836,.T.);
#1119=EDGE_CURVE('',#883,#890,#596,.T.);
#1120=EDGE_CURVE('',#890,#891,#155,.T.);
#1121=EDGE_CURVE('',#891,#892,#156,.T.);
#1122=EDGE_CURVE('',#892,#884,#597,.T.);
#1123=EDGE_CURVE('',#892,#893,#837,.T.);
#1124=EDGE_CURVE('',#893,#887,#598,.T.);
#1125=EDGE_CURVE('',#893,#852,#157,.T.);
#1126=EDGE_CURVE('',#878,#894,#599,.T.);
#1127=EDGE_CURVE('',#894,#895,#838,.T.);
#1128=EDGE_CURVE('',#879,#895,#600,.T.);
#1129=EDGE_CURVE('',#895,#896,#158,.T.);
#1130=EDGE_CURVE('',#896,#880,#601,.T.);
#1131=EDGE_CURVE('',#896,#897,#839,.T.);
#1132=EDGE_CURVE('',#897,#881,#602,.T.);
#1133=EDGE_CURVE('',#897,#889,#159,.T.);
#1134=EDGE_CURVE('',#898,#899,#840,.T.);
#1135=EDGE_CURVE('',#875,#899,#603,.T.);
#1136=EDGE_CURVE('',#874,#898,#604,.T.);
#1137=EDGE_CURVE('',#899,#900,#160,.T.);
#1138=EDGE_CURVE('',#900,#876,#605,.T.);
#1139=EDGE_CURVE('',#900,#901,#841,.T.);
#1140=EDGE_CURVE('',#901,#877,#606,.T.);
#1141=EDGE_CURVE('',#901,#894,#161,.T.);
#1142=EDGE_CURVE('',#902,#903,#842,.T.);
#1143=EDGE_CURVE('',#871,#903,#607,.T.);
#1144=EDGE_CURVE('',#870,#902,#608,.T.);
#1145=EDGE_CURVE('',#903,#904,#162,.T.);
#1146=EDGE_CURVE('',#904,#872,#609,.T.);
#1147=EDGE_CURVE('',#905,#873,#610,.T.);
#1148=EDGE_CURVE('',#904,#905,#843,.T.);
#1149=EDGE_CURVE('',#905,#898,#163,.T.);
#1150=EDGE_CURVE('',#906,#907,#844,.T.);
#1151=EDGE_CURVE('',#867,#907,#611,.T.);
#1152=EDGE_CURVE('',#866,#906,#612,.T.);
#1153=EDGE_CURVE('',#907,#908,#164,.T.);
#1154=EDGE_CURVE('',#908,#868,#613,.T.);
#1155=EDGE_CURVE('',#909,#869,#614,.T.);
#1156=EDGE_CURVE('',#908,#909,#845,.T.);
#1157=EDGE_CURVE('',#909,#902,#165,.T.);
#1158=EDGE_CURVE('',#910,#911,#846,.T.);
#1159=EDGE_CURVE('',#863,#911,#615,.T.);
#1160=EDGE_CURVE('',#862,#910,#616,.T.);
#1161=EDGE_CURVE('',#911,#912,#166,.T.);
#1162=EDGE_CURVE('',#912,#864,#617,.T.);
#1163=EDGE_CURVE('',#913,#865,#618,.T.);
#1164=EDGE_CURVE('',#912,#913,#847,.T.);
#1165=EDGE_CURVE('',#913,#906,#167,.T.);
#1166=EDGE_CURVE('',#888,#914,#848,.T.);
#1167=EDGE_CURVE('',#859,#914,#619,.T.);
#1168=EDGE_CURVE('',#861,#915,#620,.T.);
#1169=EDGE_CURVE('',#915,#910,#168,.T.);
#1170=EDGE_CURVE('',#914,#916,#169,.T.);
#1171=EDGE_CURVE('',#916,#860,#621,.T.);
#1172=EDGE_CURVE('',#916,#915,#849,.T.);
#1173=EDGE_CURVE('',#917,#917,#170,.T.);
#1174=EDGE_CURVE('',#917,#918,#622,.T.);
#1175=EDGE_CURVE('',#918,#918,#171,.T.);
#1176=EDGE_CURVE('',#891,#919,#623,.T.);
#1177=EDGE_CURVE('',#920,#919,#172,.T.);
#1178=EDGE_CURVE('',#921,#920,#173,.T.);
#1179=EDGE_CURVE('',#919,#921,#174,.T.);
#1180=EDGE_CURVE('',#921,#922,#175,.T.);
#1181=EDGE_CURVE('',#922,#920,#176,.T.);
#1182=EDGE_CURVE('',#923,#923,#177,.T.);
#1183=EDGE_CURVE('',#923,#922,#624,.T.);
#1184=EDGE_CURVE('',#920,#921,#178,.T.);
#1185=EDGE_CURVE('',#924,#925,#179,.T.);
#1186=EDGE_CURVE('',#925,#926,#180,.T.);
#1187=EDGE_CURVE('',#926,#927,#181,.T.);
#1188=EDGE_CURVE('',#927,#928,#182,.T.);
#1189=EDGE_CURVE('',#928,#929,#183,.T.);
#1190=EDGE_CURVE('',#929,#930,#184,.T.);
#1191=EDGE_CURVE('',#930,#931,#185,.T.);
#1192=EDGE_CURVE('',#931,#932,#186,.T.);
#1193=EDGE_CURVE('',#932,#933,#187,.T.);
#1194=EDGE_CURVE('',#933,#934,#188,.T.);
#1195=EDGE_CURVE('',#934,#935,#189,.T.);
#1196=EDGE_CURVE('',#935,#936,#190,.T.);
#1197=EDGE_CURVE('',#936,#937,#191,.T.);
#1198=EDGE_CURVE('',#937,#938,#192,.T.);
#1199=EDGE_CURVE('',#938,#939,#193,.T.);
#1200=EDGE_CURVE('',#939,#940,#194,.T.);
#1201=EDGE_CURVE('',#940,#941,#195,.T.);
#1202=EDGE_CURVE('',#941,#942,#196,.T.);
#1203=EDGE_CURVE('',#942,#943,#197,.T.);
#1204=EDGE_CURVE('',#943,#944,#198,.T.);
#1205=EDGE_CURVE('',#944,#945,#199,.T.);
#1206=EDGE_CURVE('',#945,#946,#200,.T.);
#1207=EDGE_CURVE('',#946,#947,#201,.T.);
#1208=EDGE_CURVE('',#947,#948,#202,.T.);
#1209=EDGE_CURVE('',#948,#949,#203,.T.);
#1210=EDGE_CURVE('',#949,#950,#204,.T.);
#1211=EDGE_CURVE('',#950,#951,#205,.T.);
#1212=EDGE_CURVE('',#951,#952,#206,.T.);
#1213=EDGE_CURVE('',#952,#953,#207,.T.);
#1214=EDGE_CURVE('',#953,#954,#208,.T.);
#1215=EDGE_CURVE('',#954,#955,#209,.T.);
#1216=EDGE_CURVE('',#955,#956,#210,.T.);
#1217=EDGE_CURVE('',#956,#957,#211,.T.);
#1218=EDGE_CURVE('',#957,#958,#212,.T.);
#1219=EDGE_CURVE('',#958,#959,#213,.T.);
#1220=EDGE_CURVE('',#959,#960,#214,.T.);
#1221=EDGE_CURVE('',#960,#961,#215,.T.);
#1222=EDGE_CURVE('',#961,#962,#216,.T.);
#1223=EDGE_CURVE('',#962,#963,#217,.T.);
#1224=EDGE_CURVE('',#963,#964,#218,.T.);
#1225=EDGE_CURVE('',#964,#965,#219,.T.);
#1226=EDGE_CURVE('',#965,#966,#220,.T.);
#1227=EDGE_CURVE('',#966,#967,#221,.T.);
#1228=EDGE_CURVE('',#967,#968,#222,.T.);
#1229=EDGE_CURVE('',#968,#969,#223,.T.);
#1230=EDGE_CURVE('',#969,#970,#224,.T.);
#1231=EDGE_CURVE('',#970,#971,#225,.T.);
#1232=EDGE_CURVE('',#971,#972,#226,.T.);
#1233=EDGE_CURVE('',#972,#973,#227,.T.);
#1234=EDGE_CURVE('',#973,#974,#228,.T.);
#1235=EDGE_CURVE('',#974,#975,#229,.T.);
#1236=EDGE_CURVE('',#975,#976,#230,.T.);
#1237=EDGE_CURVE('',#976,#977,#231,.T.);
#1238=EDGE_CURVE('',#977,#978,#232,.T.);
#1239=EDGE_CURVE('',#978,#979,#233,.T.);
#1240=EDGE_CURVE('',#979,#980,#234,.T.);
#1241=EDGE_CURVE('',#980,#981,#235,.T.);
#1242=EDGE_CURVE('',#981,#982,#236,.T.);
#1243=EDGE_CURVE('',#982,#983,#237,.T.);
#1244=EDGE_CURVE('',#983,#924,#238,.T.);
#1245=EDGE_CURVE('',#984,#985,#239,.T.);
#1246=EDGE_CURVE('',#985,#925,#625,.T.);
#1247=EDGE_CURVE('',#984,#924,#626,.T.);
#1248=EDGE_CURVE('',#986,#985,#19,.T.);
#1249=EDGE_CURVE('',#986,#926,#627,.T.);
#1250=EDGE_CURVE('',#986,#987,#240,.T.);
#1251=EDGE_CURVE('',#987,#927,#628,.T.);
#1252=EDGE_CURVE('',#988,#987,#20,.T.);
#1253=EDGE_CURVE('',#988,#928,#629,.T.);
#1254=EDGE_CURVE('',#988,#989,#241,.T.);
#1255=EDGE_CURVE('',#989,#929,#630,.T.);
#1256=EDGE_CURVE('',#990,#989,#21,.T.);
#1257=EDGE_CURVE('',#990,#991,#631,.T.);
#1258=EDGE_CURVE('',#991,#930,#632,.T.);
#1259=EDGE_CURVE('',#990,#992,#242,.T.);
#1260=EDGE_CURVE('',#992,#931,#633,.T.);
#1261=EDGE_CURVE('',#993,#992,#22,.T.);
#1262=EDGE_CURVE('',#993,#932,#634,.T.);
#1263=EDGE_CURVE('',#993,#994,#243,.T.);
#1264=EDGE_CURVE('',#994,#933,#635,.T.);
#1265=EDGE_CURVE('',#995,#994,#23,.T.);
#1266=EDGE_CURVE('',#995,#934,#636,.T.);
#1267=EDGE_CURVE('',#995,#996,#244,.T.);
#1268=EDGE_CURVE('',#996,#935,#637,.T.);
#1269=EDGE_CURVE('',#997,#996,#24,.T.);
#1270=EDGE_CURVE('',#997,#936,#638,.T.);
#1271=EDGE_CURVE('',#997,#998,#245,.T.);
#1272=EDGE_CURVE('',#998,#999,#639,.T.);
#1273=EDGE_CURVE('',#999,#937,#640,.T.);
#1274=EDGE_CURVE('',#1000,#998,#25,.T.);
#1275=EDGE_CURVE('',#1000,#938,#641,.T.);
#1276=EDGE_CURVE('',#1000,#1001,#246,.T.);
#1277=EDGE_CURVE('',#1001,#939,#642,.T.);
#1278=EDGE_CURVE('',#1002,#1001,#26,.T.);
#1279=EDGE_CURVE('',#1002,#940,#643,.T.);
#1280=EDGE_CURVE('',#1002,#1003,#247,.T.);
#1281=EDGE_CURVE('',#1003,#941,#644,.T.);
#1282=EDGE_CURVE('',#1004,#1003,#27,.T.);
#1283=EDGE_CURVE('',#1004,#942,#645,.T.);
#1284=EDGE_CURVE('',#1004,#1005,#248,.T.);
#1285=EDGE_CURVE('',#1005,#943,#646,.T.);
#1286=EDGE_CURVE('',#1006,#1005,#28,.T.);
#1287=EDGE_CURVE('',#1006,#944,#647,.T.);
#1288=EDGE_CURVE('',#1006,#1007,#249,.T.);
#1289=EDGE_CURVE('',#1007,#1008,#648,.T.);
#1290=EDGE_CURVE('',#1008,#945,#649,.T.);
#1291=EDGE_CURVE('',#1009,#1007,#29,.T.);
#1292=EDGE_CURVE('',#1009,#946,#650,.T.);
#1293=EDGE_CURVE('',#1009,#1010,#250,.T.);
#1294=EDGE_CURVE('',#1010,#947,#651,.T.);
#1295=EDGE_CURVE('',#1011,#1010,#30,.T.);
#1296=EDGE_CURVE('',#1011,#948,#652,.T.);
#1297=EDGE_CURVE('',#1011,#1012,#251,.T.);
#1298=EDGE_CURVE('',#1012,#949,#653,.T.);
#1299=EDGE_CURVE('',#1013,#1012,#31,.T.);
#1300=EDGE_CURVE('',#1013,#950,#654,.T.);
#1301=EDGE_CURVE('',#1013,#1014,#252,.T.);
#1302=EDGE_CURVE('',#1014,#951,#655,.T.);
#1303=EDGE_CURVE('',#1015,#1014,#32,.T.);
#1304=EDGE_CURVE('',#1015,#952,#656,.T.);
#1305=EDGE_CURVE('',#1015,#1016,#253,.T.);
#1306=EDGE_CURVE('',#1016,#1017,#657,.T.);
#1307=EDGE_CURVE('',#1017,#953,#658,.T.);
#1308=EDGE_CURVE('',#1018,#1016,#33,.T.);
#1309=EDGE_CURVE('',#1018,#1019,#659,.T.);
#1310=EDGE_CURVE('',#1019,#954,#660,.T.);
#1311=EDGE_CURVE('',#1018,#1020,#254,.T.);
#1312=EDGE_CURVE('',#1020,#955,#661,.T.);
#1313=EDGE_CURVE('',#1021,#1020,#34,.T.);
#1314=EDGE_CURVE('',#1021,#956,#662,.T.);
#1315=EDGE_CURVE('',#1021,#1022,#255,.T.);
#1316=EDGE_CURVE('',#1022,#957,#663,.T.);
#1317=EDGE_CURVE('',#1023,#1022,#35,.T.);
#1318=EDGE_CURVE('',#1023,#958,#664,.T.);
#1319=EDGE_CURVE('',#1023,#1024,#256,.T.);
#1320=EDGE_CURVE('',#1024,#959,#665,.T.);
#1321=EDGE_CURVE('',#1025,#1024,#36,.T.);
#1322=EDGE_CURVE('',#1025,#960,#666,.T.);
#1323=EDGE_CURVE('',#1025,#1026,#257,.T.);
#1324=EDGE_CURVE('',#1026,#1027,#667,.T.);
#1325=EDGE_CURVE('',#1027,#961,#668,.T.);
#1326=EDGE_CURVE('',#1028,#1026,#37,.T.);
#1327=EDGE_CURVE('',#1028,#1029,#669,.T.);
#1328=EDGE_CURVE('',#1029,#962,#670,.T.);
#1329=EDGE_CURVE('',#1028,#1030,#258,.T.);
#1330=EDGE_CURVE('',#1030,#963,#671,.T.);
#1331=EDGE_CURVE('',#1031,#1030,#38,.T.);
#1332=EDGE_CURVE('',#1031,#964,#672,.T.);
#1333=EDGE_CURVE('',#1031,#1032,#259,.T.);
#1334=EDGE_CURVE('',#1032,#965,#673,.T.);
#1335=EDGE_CURVE('',#1033,#1032,#39,.T.);
#1336=EDGE_CURVE('',#1033,#966,#674,.T.);
#1337=EDGE_CURVE('',#1033,#1034,#260,.T.);
#1338=EDGE_CURVE('',#1034,#967,#675,.T.);
#1339=EDGE_CURVE('',#1035,#1034,#40,.T.);
#1340=EDGE_CURVE('',#1036,#1035,#41,.T.);
#1341=EDGE_CURVE('',#1036,#968,#676,.T.);
#1342=EDGE_CURVE('',#1036,#1037,#261,.T.);
#1343=EDGE_CURVE('',#1037,#969,#677,.T.);
#1344=EDGE_CURVE('',#1038,#1037,#42,.T.);
#1345=EDGE_CURVE('',#1038,#970,#678,.T.);
#1346=EDGE_CURVE('',#1038,#1039,#262,.T.);
#1347=EDGE_CURVE('',#1039,#971,#679,.T.);
#1348=EDGE_CURVE('',#1040,#1039,#43,.T.);
#1349=EDGE_CURVE('',#1040,#972,#680,.T.);
#1350=EDGE_CURVE('',#1040,#1041,#263,.T.);
#1351=EDGE_CURVE('',#1041,#973,#681,.T.);
#1352=EDGE_CURVE('',#1042,#1041,#44,.T.);
#1353=EDGE_CURVE('',#1042,#974,#682,.T.);
#1354=EDGE_CURVE('',#1042,#1043,#264,.T.);
#1355=EDGE_CURVE('',#1043,#1044,#683,.T.);
#1356=EDGE_CURVE('',#1044,#975,#684,.T.);
#1357=EDGE_CURVE('',#1045,#1043,#45,.T.);
#1358=EDGE_CURVE('',#1045,#976,#685,.T.);
#1359=EDGE_CURVE('',#1045,#1046,#265,.T.);
#1360=EDGE_CURVE('',#1046,#977,#686,.T.);
#1361=EDGE_CURVE('',#1047,#1046,#46,.T.);
#1362=EDGE_CURVE('',#1047,#978,#687,.T.);
#1363=EDGE_CURVE('',#1047,#1048,#266,.T.);
#1364=EDGE_CURVE('',#1048,#979,#688,.T.);
#1365=EDGE_CURVE('',#1049,#1048,#47,.T.);
#1366=EDGE_CURVE('',#1049,#980,#689,.T.);
#1367=EDGE_CURVE('',#1049,#1050,#267,.T.);
#1368=EDGE_CURVE('',#1050,#981,#690,.T.);
#1369=EDGE_CURVE('',#1051,#1050,#48,.T.);
#1370=EDGE_CURVE('',#1051,#982,#691,.T.);
#1371=EDGE_CURVE('',#1051,#1052,#268,.T.);
#1372=EDGE_CURVE('',#1052,#1053,#269,.T.);
#1373=EDGE_CURVE('',#1053,#1054,#270,.T.);
#1374=EDGE_CURVE('',#1054,#1055,#692,.T.);
#1375=EDGE_CURVE('',#1055,#983,#693,.T.);
#1376=EDGE_CURVE('',#984,#1054,#49,.T.);
#1377=EDGE_CURVE('',#1014,#1015,#271,.T.);
#1378=EDGE_CURVE('',#1010,#1011,#272,.T.);
#1379=EDGE_CURVE('',#1005,#1006,#273,.T.);
#1380=EDGE_CURVE('',#1003,#1004,#274,.T.);
#1381=EDGE_CURVE('',#1001,#1002,#275,.T.);
#1382=EDGE_CURVE('',#996,#997,#276,.T.);
#1383=EDGE_CURVE('',#994,#995,#277,.T.);
#1384=EDGE_CURVE('',#992,#993,#278,.T.);
#1385=EDGE_CURVE('',#987,#988,#279,.T.);
#1386=EDGE_CURVE('',#985,#986,#280,.T.);
#1387=EDGE_CURVE('',#1050,#1051,#281,.T.);
#1388=EDGE_CURVE('',#1046,#1047,#282,.T.);
#1389=EDGE_CURVE('',#1041,#1042,#283,.T.);
#1390=EDGE_CURVE('',#1039,#1056,#284,.T.);
#1391=EDGE_CURVE('',#1056,#1040,#285,.T.);
#1392=EDGE_CURVE('',#1037,#1038,#286,.T.);
#1393=EDGE_CURVE('',#1034,#1035,#287,.T.);
#1394=EDGE_CURVE('',#1032,#1033,#288,.T.);
#1395=EDGE_CURVE('',#1030,#1057,#289,.T.);
#1396=EDGE_CURVE('',#1057,#1031,#290,.T.);
#1397=EDGE_CURVE('',#1058,#1058,#291,.T.);
#1398=EDGE_CURVE('',#1016,#1059,#292,.T.);
#1399=EDGE_CURVE('',#1059,#1009,#293,.T.);
#1400=EDGE_CURVE('',#1007,#1060,#294,.T.);
#1401=EDGE_CURVE('',#1060,#1000,#295,.T.);
#1402=EDGE_CURVE('',#998,#1061,#296,.T.);
#1403=EDGE_CURVE('',#1061,#990,#297,.T.);
#1404=EDGE_CURVE('',#989,#1062,#298,.T.);
#1405=EDGE_CURVE('',#1062,#984,#299,.T.);
#1406=EDGE_CURVE('',#1054,#1045,#300,.T.);
#1407=EDGE_CURVE('',#1043,#1036,#301,.T.);
#1408=EDGE_CURVE('',#1035,#1028,#302,.T.);
#1409=EDGE_CURVE('',#1026,#1063,#303,.T.);
#1410=EDGE_CURVE('',#1063,#1018,#304,.T.);
#1411=EDGE_CURVE('',#1024,#1025,#305,.T.);
#1412=EDGE_CURVE('',#1020,#1021,#306,.T.);
#1413=EDGE_CURVE('',#1061,#1064,#694,.T.);
#1414=EDGE_CURVE('',#1064,#1064,#307,.T.);
#1415=EDGE_CURVE('',#1059,#1065,#695,.T.);
#1416=EDGE_CURVE('',#1065,#1065,#308,.T.);
#1417=EDGE_CURVE('',#1057,#1066,#696,.T.);
#1418=EDGE_CURVE('',#1066,#1066,#309,.T.);
#1419=EDGE_CURVE('',#1052,#1067,#697,.T.);
#1420=EDGE_CURVE('',#1067,#1067,#310,.T.);
#1421=EDGE_CURVE('',#1060,#1068,#698,.T.);
#1422=EDGE_CURVE('',#1068,#1068,#311,.T.);
#1423=EDGE_CURVE('',#1056,#1069,#699,.T.);
#1424=EDGE_CURVE('',#1069,#1069,#312,.T.);
#1425=EDGE_CURVE('',#1063,#1070,#700,.T.);
#1426=EDGE_CURVE('',#1070,#1070,#313,.T.);
#1427=EDGE_CURVE('',#1062,#1071,#701,.T.);
#1428=EDGE_CURVE('',#1071,#1071,#314,.T.);
#1429=EDGE_CURVE('',#1058,#1072,#702,.T.);
#1430=EDGE_CURVE('',#1072,#1072,#315,.T.);
#1431=ORIENTED_EDGE('',*,*,#1073,.T.);
#1432=ORIENTED_EDGE('',*,*,#1074,.T.);
#1433=ORIENTED_EDGE('',*,*,#1075,.T.);
#1434=ORIENTED_EDGE('',*,*,#1076,.F.);
#1435=ORIENTED_EDGE('',*,*,#1077,.T.);
#1436=ORIENTED_EDGE('',*,*,#1076,.T.);
#1437=ORIENTED_EDGE('',*,*,#1078,.T.);
#1438=ORIENTED_EDGE('',*,*,#1079,.T.);
#1439=ORIENTED_EDGE('',*,*,#1080,.T.);
#1440=ORIENTED_EDGE('',*,*,#1079,.F.);
#1441=ORIENTED_EDGE('',*,*,#1081,.T.);
#1442=ORIENTED_EDGE('',*,*,#1082,.T.);
#1443=ORIENTED_EDGE('',*,*,#1073,.F.);
#1444=ORIENTED_EDGE('',*,*,#1077,.F.);
#1445=ORIENTED_EDGE('',*,*,#1080,.F.);
#1446=ORIENTED_EDGE('',*,*,#1083,.F.);
#1447=ORIENTED_EDGE('',*,*,#1084,.T.);
#1448=ORIENTED_EDGE('',*,*,#1085,.F.);
#1449=ORIENTED_EDGE('',*,*,#1086,.F.);
#1450=ORIENTED_EDGE('',*,*,#1087,.F.);
#1451=ORIENTED_EDGE('',*,*,#1088,.F.);
#1452=ORIENTED_EDGE('',*,*,#1089,.F.);
#1453=ORIENTED_EDGE('',*,*,#1090,.F.);
#1454=ORIENTED_EDGE('',*,*,#1091,.F.);
#1455=ORIENTED_EDGE('',*,*,#1092,.F.);
#1456=ORIENTED_EDGE('',*,*,#1093,.F.);
#1457=ORIENTED_EDGE('',*,*,#1094,.F.);
#1458=ORIENTED_EDGE('',*,*,#1095,.F.);
#1459=ORIENTED_EDGE('',*,*,#1096,.F.);
#1460=ORIENTED_EDGE('',*,*,#1097,.F.);
#1461=ORIENTED_EDGE('',*,*,#1098,.F.);
#1462=ORIENTED_EDGE('',*,*,#1099,.F.);
#1463=ORIENTED_EDGE('',*,*,#1100,.F.);
#1464=ORIENTED_EDGE('',*,*,#1101,.F.);
#1465=ORIENTED_EDGE('',*,*,#1102,.F.);
#1466=ORIENTED_EDGE('',*,*,#1103,.F.);
#1467=ORIENTED_EDGE('',*,*,#1104,.F.);
#1468=ORIENTED_EDGE('',*,*,#1105,.F.);
#1469=ORIENTED_EDGE('',*,*,#1106,.F.);
#1470=ORIENTED_EDGE('',*,*,#1107,.F.);
#1471=ORIENTED_EDGE('',*,*,#1108,.F.);
#1472=ORIENTED_EDGE('',*,*,#1109,.F.);
#1473=ORIENTED_EDGE('',*,*,#1110,.F.);
#1474=ORIENTED_EDGE('',*,*,#1111,.T.);
#1475=ORIENTED_EDGE('',*,*,#1112,.T.);
#1476=ORIENTED_EDGE('',*,*,#1111,.F.);
#1477=ORIENTED_EDGE('',*,*,#1113,.F.);
#1478=ORIENTED_EDGE('',*,*,#1114,.F.);
#1479=ORIENTED_EDGE('',*,*,#1082,.F.);
#1480=ORIENTED_EDGE('',*,*,#1115,.T.);
#1481=ORIENTED_EDGE('',*,*,#1116,.T.);
#1482=ORIENTED_EDGE('',*,*,#1083,.T.);
#1483=ORIENTED_EDGE('',*,*,#1108,.T.);
#1484=ORIENTED_EDGE('',*,*,#1117,.T.);
#1485=ORIENTED_EDGE('',*,*,#1118,.T.);
#1486=ORIENTED_EDGE('',*,*,#1119,.F.);
#1487=ORIENTED_EDGE('',*,*,#1109,.T.);
#1488=ORIENTED_EDGE('',*,*,#1119,.T.);
#1489=ORIENTED_EDGE('',*,*,#1120,.T.);
#1490=ORIENTED_EDGE('',*,*,#1121,.T.);
#1491=ORIENTED_EDGE('',*,*,#1122,.T.);
#1492=ORIENTED_EDGE('',*,*,#1113,.T.);
#1493=ORIENTED_EDGE('',*,*,#1110,.T.);
#1494=ORIENTED_EDGE('',*,*,#1122,.F.);
#1495=ORIENTED_EDGE('',*,*,#1123,.T.);
#1496=ORIENTED_EDGE('',*,*,#1124,.T.);
#1497=ORIENTED_EDGE('',*,*,#1074,.F.);
#1498=ORIENTED_EDGE('',*,*,#1114,.T.);
#1499=ORIENTED_EDGE('',*,*,#1124,.F.);
#1500=ORIENTED_EDGE('',*,*,#1125,.T.);
#1501=ORIENTED_EDGE('',*,*,#1104,.T.);
#1502=ORIENTED_EDGE('',*,*,#1126,.T.);
#1503=ORIENTED_EDGE('',*,*,#1127,.T.);
#1504=ORIENTED_EDGE('',*,*,#1128,.F.);
#1505=ORIENTED_EDGE('',*,*,#1105,.T.);
#1506=ORIENTED_EDGE('',*,*,#1128,.T.);
#1507=ORIENTED_EDGE('',*,*,#1129,.T.);
#1508=ORIENTED_EDGE('',*,*,#1130,.T.);
#1509=ORIENTED_EDGE('',*,*,#1106,.T.);
#1510=ORIENTED_EDGE('',*,*,#1130,.F.);
#1511=ORIENTED_EDGE('',*,*,#1131,.T.);
#1512=ORIENTED_EDGE('',*,*,#1132,.T.);
#1513=ORIENTED_EDGE('',*,*,#1117,.F.);
#1514=ORIENTED_EDGE('',*,*,#1107,.T.);
#1515=ORIENTED_EDGE('',*,*,#1132,.F.);
#1516=ORIENTED_EDGE('',*,*,#1133,.T.);
#1517=ORIENTED_EDGE('',*,*,#1134,.T.);
#1518=ORIENTED_EDGE('',*,*,#1135,.F.);
#1519=ORIENTED_EDGE('',*,*,#1100,.T.);
#1520=ORIENTED_EDGE('',*,*,#1136,.T.);
#1521=ORIENTED_EDGE('',*,*,#1137,.T.);
#1522=ORIENTED_EDGE('',*,*,#1138,.T.);
#1523=ORIENTED_EDGE('',*,*,#1101,.T.);
#1524=ORIENTED_EDGE('',*,*,#1135,.T.);
#1525=ORIENTED_EDGE('',*,*,#1102,.T.);
#1526=ORIENTED_EDGE('',*,*,#1138,.F.);
#1527=ORIENTED_EDGE('',*,*,#1139,.T.);
#1528=ORIENTED_EDGE('',*,*,#1140,.T.);
#1529=ORIENTED_EDGE('',*,*,#1126,.F.);
#1530=ORIENTED_EDGE('',*,*,#1103,.T.);
#1531=ORIENTED_EDGE('',*,*,#1140,.F.);
#1532=ORIENTED_EDGE('',*,*,#1141,.T.);
#1533=ORIENTED_EDGE('',*,*,#1142,.T.);
#1534=ORIENTED_EDGE('',*,*,#1143,.F.);
#1535=ORIENTED_EDGE('',*,*,#1096,.T.);
#1536=ORIENTED_EDGE('',*,*,#1144,.T.);
#1537=ORIENTED_EDGE('',*,*,#1145,.T.);
#1538=ORIENTED_EDGE('',*,*,#1146,.T.);
#1539=ORIENTED_EDGE('',*,*,#1097,.T.);
#1540=ORIENTED_EDGE('',*,*,#1143,.T.);
#1541=ORIENTED_EDGE('',*,*,#1147,.T.);
#1542=ORIENTED_EDGE('',*,*,#1098,.T.);
#1543=ORIENTED_EDGE('',*,*,#1146,.F.);
#1544=ORIENTED_EDGE('',*,*,#1148,.T.);
#1545=ORIENTED_EDGE('',*,*,#1136,.F.);
#1546=ORIENTED_EDGE('',*,*,#1099,.T.);
#1547=ORIENTED_EDGE('',*,*,#1147,.F.);
#1548=ORIENTED_EDGE('',*,*,#1149,.T.);
#1549=ORIENTED_EDGE('',*,*,#1150,.T.);
#1550=ORIENTED_EDGE('',*,*,#1151,.F.);
#1551=ORIENTED_EDGE('',*,*,#1092,.T.);
#1552=ORIENTED_EDGE('',*,*,#1152,.T.);
#1553=ORIENTED_EDGE('',*,*,#1153,.T.);
#1554=ORIENTED_EDGE('',*,*,#1154,.T.);
#1555=ORIENTED_EDGE('',*,*,#1093,.T.);
#1556=ORIENTED_EDGE('',*,*,#1151,.T.);
#1557=ORIENTED_EDGE('',*,*,#1155,.T.);
#1558=ORIENTED_EDGE('',*,*,#1094,.T.);
#1559=ORIENTED_EDGE('',*,*,#1154,.F.);
#1560=ORIENTED_EDGE('',*,*,#1156,.T.);
#1561=ORIENTED_EDGE('',*,*,#1144,.F.);
#1562=ORIENTED_EDGE('',*,*,#1095,.T.);
#1563=ORIENTED_EDGE('',*,*,#1155,.F.);
#1564=ORIENTED_EDGE('',*,*,#1157,.T.);
#1565=ORIENTED_EDGE('',*,*,#1158,.T.);
#1566=ORIENTED_EDGE('',*,*,#1159,.F.);
#1567=ORIENTED_EDGE('',*,*,#1088,.T.);
#1568=ORIENTED_EDGE('',*,*,#1160,.T.);
#1569=ORIENTED_EDGE('',*,*,#1161,.T.);
#1570=ORIENTED_EDGE('',*,*,#1162,.T.);
#1571=ORIENTED_EDGE('',*,*,#1089,.T.);
#1572=ORIENTED_EDGE('',*,*,#1159,.T.);
#1573=ORIENTED_EDGE('',*,*,#1163,.T.);
#1574=ORIENTED_EDGE('',*,*,#1090,.T.);
#1575=ORIENTED_EDGE('',*,*,#1162,.F.);
#1576=ORIENTED_EDGE('',*,*,#1164,.T.);
#1577=ORIENTED_EDGE('',*,*,#1152,.F.);
#1578=ORIENTED_EDGE('',*,*,#1091,.T.);
#1579=ORIENTED_EDGE('',*,*,#1163,.F.);
#1580=ORIENTED_EDGE('',*,*,#1165,.T.);
#1581=ORIENTED_EDGE('',*,*,#1166,.T.);
#1582=ORIENTED_EDGE('',*,*,#1167,.F.);
#1583=ORIENTED_EDGE('',*,*,#1084,.F.);
#1584=ORIENTED_EDGE('',*,*,#1116,.F.);
#1585=ORIENTED_EDGE('',*,*,#1160,.F.);
#1586=ORIENTED_EDGE('',*,*,#1087,.T.);
#1587=ORIENTED_EDGE('',*,*,#1168,.T.);
#1588=ORIENTED_EDGE('',*,*,#1169,.T.);
#1589=ORIENTED_EDGE('',*,*,#1170,.T.);
#1590=ORIENTED_EDGE('',*,*,#1171,.T.);
#1591=ORIENTED_EDGE('',*,*,#1085,.T.);
#1592=ORIENTED_EDGE('',*,*,#1167,.T.);
#1593=ORIENTED_EDGE('',*,*,#1168,.F.);
#1594=ORIENTED_EDGE('',*,*,#1086,.T.);
#1595=ORIENTED_EDGE('',*,*,#1171,.F.);
#1596=ORIENTED_EDGE('',*,*,#1172,.T.);
#1597=ORIENTED_EDGE('',*,*,#1112,.F.);
#1598=ORIENTED_EDGE('',*,*,#1173,.F.);
#1599=ORIENTED_EDGE('',*,*,#1173,.T.);
#1600=ORIENTED_EDGE('',*,*,#1174,.T.);
#1601=ORIENTED_EDGE('',*,*,#1175,.F.);
#1602=ORIENTED_EDGE('',*,*,#1174,.F.);
#1603=ORIENTED_EDGE('',*,*,#1075,.F.);
#1604=ORIENTED_EDGE('',*,*,#1125,.F.);
#1605=ORIENTED_EDGE('',*,*,#1123,.F.);
#1606=ORIENTED_EDGE('',*,*,#1121,.F.);
#1607=ORIENTED_EDGE('',*,*,#1176,.T.);
#1608=ORIENTED_EDGE('',*,*,#1177,.F.);
#1609=ORIENTED_EDGE('',*,*,#1178,.F.);
#1610=ORIENTED_EDGE('',*,*,#1179,.F.);
#1611=ORIENTED_EDGE('',*,*,#1176,.F.);
#1612=ORIENTED_EDGE('',*,*,#1120,.F.);
#1613=ORIENTED_EDGE('',*,*,#1118,.F.);
#1614=ORIENTED_EDGE('',*,*,#1133,.F.);
#1615=ORIENTED_EDGE('',*,*,#1131,.F.);
#1616=ORIENTED_EDGE('',*,*,#1129,.F.);
#1617=ORIENTED_EDGE('',*,*,#1127,.F.);
#1618=ORIENTED_EDGE('',*,*,#1141,.F.);
#1619=ORIENTED_EDGE('',*,*,#1139,.F.);
#1620=ORIENTED_EDGE('',*,*,#1137,.F.);
#1621=ORIENTED_EDGE('',*,*,#1134,.F.);
#1622=ORIENTED_EDGE('',*,*,#1149,.F.);
#1623=ORIENTED_EDGE('',*,*,#1148,.F.);
#1624=ORIENTED_EDGE('',*,*,#1145,.F.);
#1625=ORIENTED_EDGE('',*,*,#1142,.F.);
#1626=ORIENTED_EDGE('',*,*,#1157,.F.);
#1627=ORIENTED_EDGE('',*,*,#1156,.F.);
#1628=ORIENTED_EDGE('',*,*,#1153,.F.);
#1629=ORIENTED_EDGE('',*,*,#1150,.F.);
#1630=ORIENTED_EDGE('',*,*,#1165,.F.);
#1631=ORIENTED_EDGE('',*,*,#1164,.F.);
#1632=ORIENTED_EDGE('',*,*,#1161,.F.);
#1633=ORIENTED_EDGE('',*,*,#1158,.F.);
#1634=ORIENTED_EDGE('',*,*,#1169,.F.);
#1635=ORIENTED_EDGE('',*,*,#1172,.F.);
#1636=ORIENTED_EDGE('',*,*,#1170,.F.);
#1637=ORIENTED_EDGE('',*,*,#1166,.F.);
#1638=ORIENTED_EDGE('',*,*,#1115,.F.);
#1639=ORIENTED_EDGE('',*,*,#1081,.F.);
#1640=ORIENTED_EDGE('',*,*,#1078,.F.);
#1641=ORIENTED_EDGE('',*,*,#1180,.T.);
#1642=ORIENTED_EDGE('',*,*,#1181,.T.);
#1643=ORIENTED_EDGE('',*,*,#1177,.T.);
#1644=ORIENTED_EDGE('',*,*,#1179,.T.);
#1645=ORIENTED_EDGE('',*,*,#1175,.T.);
#1646=ORIENTED_EDGE('',*,*,#1182,.F.);
#1647=ORIENTED_EDGE('',*,*,#1183,.T.);
#1648=ORIENTED_EDGE('',*,*,#1180,.F.);
#1649=ORIENTED_EDGE('',*,*,#1184,.F.);
#1650=ORIENTED_EDGE('',*,*,#1181,.F.);
#1651=ORIENTED_EDGE('',*,*,#1183,.F.);
#1652=ORIENTED_EDGE('',*,*,#1185,.T.);
#1653=ORIENTED_EDGE('',*,*,#1186,.T.);
#1654=ORIENTED_EDGE('',*,*,#1187,.T.);
#1655=ORIENTED_EDGE('',*,*,#1188,.T.);
#1656=ORIENTED_EDGE('',*,*,#1189,.T.);
#1657=ORIENTED_EDGE('',*,*,#1190,.T.);
#1658=ORIENTED_EDGE('',*,*,#1191,.T.);
#1659=ORIENTED_EDGE('',*,*,#1192,.T.);
#1660=ORIENTED_EDGE('',*,*,#1193,.T.);
#1661=ORIENTED_EDGE('',*,*,#1194,.T.);
#1662=ORIENTED_EDGE('',*,*,#1195,.T.);
#1663=ORIENTED_EDGE('',*,*,#1196,.T.);
#1664=ORIENTED_EDGE('',*,*,#1197,.T.);
#1665=ORIENTED_EDGE('',*,*,#1198,.T.);
#1666=ORIENTED_EDGE('',*,*,#1199,.T.);
#1667=ORIENTED_EDGE('',*,*,#1200,.T.);
#1668=ORIENTED_EDGE('',*,*,#1201,.T.);
#1669=ORIENTED_EDGE('',*,*,#1202,.T.);
#1670=ORIENTED_EDGE('',*,*,#1203,.T.);
#1671=ORIENTED_EDGE('',*,*,#1204,.T.);
#1672=ORIENTED_EDGE('',*,*,#1205,.T.);
#1673=ORIENTED_EDGE('',*,*,#1206,.T.);
#1674=ORIENTED_EDGE('',*,*,#1207,.T.);
#1675=ORIENTED_EDGE('',*,*,#1208,.T.);
#1676=ORIENTED_EDGE('',*,*,#1209,.T.);
#1677=ORIENTED_EDGE('',*,*,#1210,.T.);
#1678=ORIENTED_EDGE('',*,*,#1211,.T.);
#1679=ORIENTED_EDGE('',*,*,#1212,.T.);
#1680=ORIENTED_EDGE('',*,*,#1213,.T.);
#1681=ORIENTED_EDGE('',*,*,#1214,.T.);
#1682=ORIENTED_EDGE('',*,*,#1215,.T.);
#1683=ORIENTED_EDGE('',*,*,#1216,.T.);
#1684=ORIENTED_EDGE('',*,*,#1217,.T.);
#1685=ORIENTED_EDGE('',*,*,#1218,.T.);
#1686=ORIENTED_EDGE('',*,*,#1219,.T.);
#1687=ORIENTED_EDGE('',*,*,#1220,.T.);
#1688=ORIENTED_EDGE('',*,*,#1221,.T.);
#1689=ORIENTED_EDGE('',*,*,#1222,.T.);
#1690=ORIENTED_EDGE('',*,*,#1223,.T.);
#1691=ORIENTED_EDGE('',*,*,#1224,.T.);
#1692=ORIENTED_EDGE('',*,*,#1225,.T.);
#1693=ORIENTED_EDGE('',*,*,#1226,.T.);
#1694=ORIENTED_EDGE('',*,*,#1227,.T.);
#1695=ORIENTED_EDGE('',*,*,#1228,.T.);
#1696=ORIENTED_EDGE('',*,*,#1229,.T.);
#1697=ORIENTED_EDGE('',*,*,#1230,.T.);
#1698=ORIENTED_EDGE('',*,*,#1231,.T.);
#1699=ORIENTED_EDGE('',*,*,#1232,.T.);
#1700=ORIENTED_EDGE('',*,*,#1233,.T.);
#1701=ORIENTED_EDGE('',*,*,#1234,.T.);
#1702=ORIENTED_EDGE('',*,*,#1235,.T.);
#1703=ORIENTED_EDGE('',*,*,#1236,.T.);
#1704=ORIENTED_EDGE('',*,*,#1237,.T.);
#1705=ORIENTED_EDGE('',*,*,#1238,.T.);
#1706=ORIENTED_EDGE('',*,*,#1239,.T.);
#1707=ORIENTED_EDGE('',*,*,#1240,.T.);
#1708=ORIENTED_EDGE('',*,*,#1241,.T.);
#1709=ORIENTED_EDGE('',*,*,#1242,.T.);
#1710=ORIENTED_EDGE('',*,*,#1243,.T.);
#1711=ORIENTED_EDGE('',*,*,#1244,.T.);
#1712=ORIENTED_EDGE('',*,*,#1182,.T.);
#1713=ORIENTED_EDGE('',*,*,#1245,.T.);
#1714=ORIENTED_EDGE('',*,*,#1246,.T.);
#1715=ORIENTED_EDGE('',*,*,#1185,.F.);
#1716=ORIENTED_EDGE('',*,*,#1247,.F.);
#1717=ORIENTED_EDGE('',*,*,#1248,.F.);
#1718=ORIENTED_EDGE('',*,*,#1249,.T.);
#1719=ORIENTED_EDGE('',*,*,#1186,.F.);
#1720=ORIENTED_EDGE('',*,*,#1246,.F.);
#1721=ORIENTED_EDGE('',*,*,#1250,.T.);
#1722=ORIENTED_EDGE('',*,*,#1251,.T.);
#1723=ORIENTED_EDGE('',*,*,#1187,.F.);
#1724=ORIENTED_EDGE('',*,*,#1249,.F.);
#1725=ORIENTED_EDGE('',*,*,#1252,.F.);
#1726=ORIENTED_EDGE('',*,*,#1253,.T.);
#1727=ORIENTED_EDGE('',*,*,#1188,.F.);
#1728=ORIENTED_EDGE('',*,*,#1251,.F.);
#1729=ORIENTED_EDGE('',*,*,#1254,.T.);
#1730=ORIENTED_EDGE('',*,*,#1255,.T.);
#1731=ORIENTED_EDGE('',*,*,#1189,.F.);
#1732=ORIENTED_EDGE('',*,*,#1253,.F.);
#1733=ORIENTED_EDGE('',*,*,#1256,.F.);
#1734=ORIENTED_EDGE('',*,*,#1257,.T.);
#1735=ORIENTED_EDGE('',*,*,#1258,.T.);
#1736=ORIENTED_EDGE('',*,*,#1190,.F.);
#1737=ORIENTED_EDGE('',*,*,#1255,.F.);
#1738=ORIENTED_EDGE('',*,*,#1259,.T.);
#1739=ORIENTED_EDGE('',*,*,#1260,.T.);
#1740=ORIENTED_EDGE('',*,*,#1191,.F.);
#1741=ORIENTED_EDGE('',*,*,#1258,.F.);
#1742=ORIENTED_EDGE('',*,*,#1257,.F.);
#1743=ORIENTED_EDGE('',*,*,#1261,.F.);
#1744=ORIENTED_EDGE('',*,*,#1262,.T.);
#1745=ORIENTED_EDGE('',*,*,#1192,.F.);
#1746=ORIENTED_EDGE('',*,*,#1260,.F.);
#1747=ORIENTED_EDGE('',*,*,#1263,.T.);
#1748=ORIENTED_EDGE('',*,*,#1264,.T.);
#1749=ORIENTED_EDGE('',*,*,#1193,.F.);
#1750=ORIENTED_EDGE('',*,*,#1262,.F.);
#1751=ORIENTED_EDGE('',*,*,#1265,.F.);
#1752=ORIENTED_EDGE('',*,*,#1266,.T.);
#1753=ORIENTED_EDGE('',*,*,#1194,.F.);
#1754=ORIENTED_EDGE('',*,*,#1264,.F.);
#1755=ORIENTED_EDGE('',*,*,#1267,.T.);
#1756=ORIENTED_EDGE('',*,*,#1268,.T.);
#1757=ORIENTED_EDGE('',*,*,#1195,.F.);
#1758=ORIENTED_EDGE('',*,*,#1266,.F.);
#1759=ORIENTED_EDGE('',*,*,#1269,.F.);
#1760=ORIENTED_EDGE('',*,*,#1270,.T.);
#1761=ORIENTED_EDGE('',*,*,#1196,.F.);
#1762=ORIENTED_EDGE('',*,*,#1268,.F.);
#1763=ORIENTED_EDGE('',*,*,#1271,.T.);
#1764=ORIENTED_EDGE('',*,*,#1272,.T.);
#1765=ORIENTED_EDGE('',*,*,#1273,.T.);
#1766=ORIENTED_EDGE('',*,*,#1197,.F.);
#1767=ORIENTED_EDGE('',*,*,#1270,.F.);
#1768=ORIENTED_EDGE('',*,*,#1274,.F.);
#1769=ORIENTED_EDGE('',*,*,#1275,.T.);
#1770=ORIENTED_EDGE('',*,*,#1198,.F.);
#1771=ORIENTED_EDGE('',*,*,#1273,.F.);
#1772=ORIENTED_EDGE('',*,*,#1272,.F.);
#1773=ORIENTED_EDGE('',*,*,#1276,.T.);
#1774=ORIENTED_EDGE('',*,*,#1277,.T.);
#1775=ORIENTED_EDGE('',*,*,#1199,.F.);
#1776=ORIENTED_EDGE('',*,*,#1275,.F.);
#1777=ORIENTED_EDGE('',*,*,#1278,.F.);
#1778=ORIENTED_EDGE('',*,*,#1279,.T.);
#1779=ORIENTED_EDGE('',*,*,#1200,.F.);
#1780=ORIENTED_EDGE('',*,*,#1277,.F.);
#1781=ORIENTED_EDGE('',*,*,#1280,.T.);
#1782=ORIENTED_EDGE('',*,*,#1281,.T.);
#1783=ORIENTED_EDGE('',*,*,#1201,.F.);
#1784=ORIENTED_EDGE('',*,*,#1279,.F.);
#1785=ORIENTED_EDGE('',*,*,#1282,.F.);
#1786=ORIENTED_EDGE('',*,*,#1283,.T.);
#1787=ORIENTED_EDGE('',*,*,#1202,.F.);
#1788=ORIENTED_EDGE('',*,*,#1281,.F.);
#1789=ORIENTED_EDGE('',*,*,#1284,.T.);
#1790=ORIENTED_EDGE('',*,*,#1285,.T.);
#1791=ORIENTED_EDGE('',*,*,#1203,.F.);
#1792=ORIENTED_EDGE('',*,*,#1283,.F.);
#1793=ORIENTED_EDGE('',*,*,#1286,.F.);
#1794=ORIENTED_EDGE('',*,*,#1287,.T.);
#1795=ORIENTED_EDGE('',*,*,#1204,.F.);
#1796=ORIENTED_EDGE('',*,*,#1285,.F.);
#1797=ORIENTED_EDGE('',*,*,#1288,.T.);
#1798=ORIENTED_EDGE('',*,*,#1289,.T.);
#1799=ORIENTED_EDGE('',*,*,#1290,.T.);
#1800=ORIENTED_EDGE('',*,*,#1205,.F.);
#1801=ORIENTED_EDGE('',*,*,#1287,.F.);
#1802=ORIENTED_EDGE('',*,*,#1291,.F.);
#1803=ORIENTED_EDGE('',*,*,#1292,.T.);
#1804=ORIENTED_EDGE('',*,*,#1206,.F.);
#1805=ORIENTED_EDGE('',*,*,#1290,.F.);
#1806=ORIENTED_EDGE('',*,*,#1289,.F.);
#1807=ORIENTED_EDGE('',*,*,#1293,.T.);
#1808=ORIENTED_EDGE('',*,*,#1294,.T.);
#1809=ORIENTED_EDGE('',*,*,#1207,.F.);
#1810=ORIENTED_EDGE('',*,*,#1292,.F.);
#1811=ORIENTED_EDGE('',*,*,#1295,.F.);
#1812=ORIENTED_EDGE('',*,*,#1296,.T.);
#1813=ORIENTED_EDGE('',*,*,#1208,.F.);
#1814=ORIENTED_EDGE('',*,*,#1294,.F.);
#1815=ORIENTED_EDGE('',*,*,#1297,.T.);
#1816=ORIENTED_EDGE('',*,*,#1298,.T.);
#1817=ORIENTED_EDGE('',*,*,#1209,.F.);
#1818=ORIENTED_EDGE('',*,*,#1296,.F.);
#1819=ORIENTED_EDGE('',*,*,#1299,.F.);
#1820=ORIENTED_EDGE('',*,*,#1300,.T.);
#1821=ORIENTED_EDGE('',*,*,#1210,.F.);
#1822=ORIENTED_EDGE('',*,*,#1298,.F.);
#1823=ORIENTED_EDGE('',*,*,#1301,.T.);
#1824=ORIENTED_EDGE('',*,*,#1302,.T.);
#1825=ORIENTED_EDGE('',*,*,#1211,.F.);
#1826=ORIENTED_EDGE('',*,*,#1300,.F.);
#1827=ORIENTED_EDGE('',*,*,#1303,.F.);
#1828=ORIENTED_EDGE('',*,*,#1304,.T.);
#1829=ORIENTED_EDGE('',*,*,#1212,.F.);
#1830=ORIENTED_EDGE('',*,*,#1302,.F.);
#1831=ORIENTED_EDGE('',*,*,#1305,.T.);
#1832=ORIENTED_EDGE('',*,*,#1306,.T.);
#1833=ORIENTED_EDGE('',*,*,#1307,.T.);
#1834=ORIENTED_EDGE('',*,*,#1213,.F.);
#1835=ORIENTED_EDGE('',*,*,#1304,.F.);
#1836=ORIENTED_EDGE('',*,*,#1308,.F.);
#1837=ORIENTED_EDGE('',*,*,#1309,.T.);
#1838=ORIENTED_EDGE('',*,*,#1310,.T.);
#1839=ORIENTED_EDGE('',*,*,#1214,.F.);
#1840=ORIENTED_EDGE('',*,*,#1307,.F.);
#1841=ORIENTED_EDGE('',*,*,#1306,.F.);
#1842=ORIENTED_EDGE('',*,*,#1311,.T.);
#1843=ORIENTED_EDGE('',*,*,#1312,.T.);
#1844=ORIENTED_EDGE('',*,*,#1215,.F.);
#1845=ORIENTED_EDGE('',*,*,#1310,.F.);
#1846=ORIENTED_EDGE('',*,*,#1309,.F.);
#1847=ORIENTED_EDGE('',*,*,#1313,.F.);
#1848=ORIENTED_EDGE('',*,*,#1314,.T.);
#1849=ORIENTED_EDGE('',*,*,#1216,.F.);
#1850=ORIENTED_EDGE('',*,*,#1312,.F.);
#1851=ORIENTED_EDGE('',*,*,#1315,.T.);
#1852=ORIENTED_EDGE('',*,*,#1316,.T.);
#1853=ORIENTED_EDGE('',*,*,#1217,.F.);
#1854=ORIENTED_EDGE('',*,*,#1314,.F.);
#1855=ORIENTED_EDGE('',*,*,#1317,.F.);
#1856=ORIENTED_EDGE('',*,*,#1318,.T.);
#1857=ORIENTED_EDGE('',*,*,#1218,.F.);
#1858=ORIENTED_EDGE('',*,*,#1316,.F.);
#1859=ORIENTED_EDGE('',*,*,#1319,.T.);
#1860=ORIENTED_EDGE('',*,*,#1320,.T.);
#1861=ORIENTED_EDGE('',*,*,#1219,.F.);
#1862=ORIENTED_EDGE('',*,*,#1318,.F.);
#1863=ORIENTED_EDGE('',*,*,#1321,.F.);
#1864=ORIENTED_EDGE('',*,*,#1322,.T.);
#1865=ORIENTED_EDGE('',*,*,#1220,.F.);
#1866=ORIENTED_EDGE('',*,*,#1320,.F.);
#1867=ORIENTED_EDGE('',*,*,#1323,.T.);
#1868=ORIENTED_EDGE('',*,*,#1324,.T.);
#1869=ORIENTED_EDGE('',*,*,#1325,.T.);
#1870=ORIENTED_EDGE('',*,*,#1221,.F.);
#1871=ORIENTED_EDGE('',*,*,#1322,.F.);
#1872=ORIENTED_EDGE('',*,*,#1326,.F.);
#1873=ORIENTED_EDGE('',*,*,#1327,.T.);
#1874=ORIENTED_EDGE('',*,*,#1328,.T.);
#1875=ORIENTED_EDGE('',*,*,#1222,.F.);
#1876=ORIENTED_EDGE('',*,*,#1325,.F.);
#1877=ORIENTED_EDGE('',*,*,#1324,.F.);
#1878=ORIENTED_EDGE('',*,*,#1329,.T.);
#1879=ORIENTED_EDGE('',*,*,#1330,.T.);
#1880=ORIENTED_EDGE('',*,*,#1223,.F.);
#1881=ORIENTED_EDGE('',*,*,#1328,.F.);
#1882=ORIENTED_EDGE('',*,*,#1327,.F.);
#1883=ORIENTED_EDGE('',*,*,#1331,.F.);
#1884=ORIENTED_EDGE('',*,*,#1332,.T.);
#1885=ORIENTED_EDGE('',*,*,#1224,.F.);
#1886=ORIENTED_EDGE('',*,*,#1330,.F.);
#1887=ORIENTED_EDGE('',*,*,#1333,.T.);
#1888=ORIENTED_EDGE('',*,*,#1334,.T.);
#1889=ORIENTED_EDGE('',*,*,#1225,.F.);
#1890=ORIENTED_EDGE('',*,*,#1332,.F.);
#1891=ORIENTED_EDGE('',*,*,#1335,.F.);
#1892=ORIENTED_EDGE('',*,*,#1336,.T.);
#1893=ORIENTED_EDGE('',*,*,#1226,.F.);
#1894=ORIENTED_EDGE('',*,*,#1334,.F.);
#1895=ORIENTED_EDGE('',*,*,#1337,.T.);
#1896=ORIENTED_EDGE('',*,*,#1338,.T.);
#1897=ORIENTED_EDGE('',*,*,#1227,.F.);
#1898=ORIENTED_EDGE('',*,*,#1336,.F.);
#1899=ORIENTED_EDGE('',*,*,#1339,.F.);
#1900=ORIENTED_EDGE('',*,*,#1340,.F.);
#1901=ORIENTED_EDGE('',*,*,#1341,.T.);
#1902=ORIENTED_EDGE('',*,*,#1228,.F.);
#1903=ORIENTED_EDGE('',*,*,#1338,.F.);
#1904=ORIENTED_EDGE('',*,*,#1342,.T.);
#1905=ORIENTED_EDGE('',*,*,#1343,.T.);
#1906=ORIENTED_EDGE('',*,*,#1229,.F.);
#1907=ORIENTED_EDGE('',*,*,#1341,.F.);
#1908=ORIENTED_EDGE('',*,*,#1344,.F.);
#1909=ORIENTED_EDGE('',*,*,#1345,.T.);
#1910=ORIENTED_EDGE('',*,*,#1230,.F.);
#1911=ORIENTED_EDGE('',*,*,#1343,.F.);
#1912=ORIENTED_EDGE('',*,*,#1346,.T.);
#1913=ORIENTED_EDGE('',*,*,#1347,.T.);
#1914=ORIENTED_EDGE('',*,*,#1231,.F.);
#1915=ORIENTED_EDGE('',*,*,#1345,.F.);
#1916=ORIENTED_EDGE('',*,*,#1348,.F.);
#1917=ORIENTED_EDGE('',*,*,#1349,.T.);
#1918=ORIENTED_EDGE('',*,*,#1232,.F.);
#1919=ORIENTED_EDGE('',*,*,#1347,.F.);
#1920=ORIENTED_EDGE('',*,*,#1350,.T.);
#1921=ORIENTED_EDGE('',*,*,#1351,.T.);
#1922=ORIENTED_EDGE('',*,*,#1233,.F.);
#1923=ORIENTED_EDGE('',*,*,#1349,.F.);
#1924=ORIENTED_EDGE('',*,*,#1352,.F.);
#1925=ORIENTED_EDGE('',*,*,#1353,.T.);
#1926=ORIENTED_EDGE('',*,*,#1234,.F.);
#1927=ORIENTED_EDGE('',*,*,#1351,.F.);
#1928=ORIENTED_EDGE('',*,*,#1354,.T.);
#1929=ORIENTED_EDGE('',*,*,#1355,.T.);
#1930=ORIENTED_EDGE('',*,*,#1356,.T.);
#1931=ORIENTED_EDGE('',*,*,#1235,.F.);
#1932=ORIENTED_EDGE('',*,*,#1353,.F.);
#1933=ORIENTED_EDGE('',*,*,#1357,.F.);
#1934=ORIENTED_EDGE('',*,*,#1358,.T.);
#1935=ORIENTED_EDGE('',*,*,#1236,.F.);
#1936=ORIENTED_EDGE('',*,*,#1356,.F.);
#1937=ORIENTED_EDGE('',*,*,#1355,.F.);
#1938=ORIENTED_EDGE('',*,*,#1359,.T.);
#1939=ORIENTED_EDGE('',*,*,#1360,.T.);
#1940=ORIENTED_EDGE('',*,*,#1237,.F.);
#1941=ORIENTED_EDGE('',*,*,#1358,.F.);
#1942=ORIENTED_EDGE('',*,*,#1361,.F.);
#1943=ORIENTED_EDGE('',*,*,#1362,.T.);
#1944=ORIENTED_EDGE('',*,*,#1238,.F.);
#1945=ORIENTED_EDGE('',*,*,#1360,.F.);
#1946=ORIENTED_EDGE('',*,*,#1363,.T.);
#1947=ORIENTED_EDGE('',*,*,#1364,.T.);
#1948=ORIENTED_EDGE('',*,*,#1239,.F.);
#1949=ORIENTED_EDGE('',*,*,#1362,.F.);
#1950=ORIENTED_EDGE('',*,*,#1365,.F.);
#1951=ORIENTED_EDGE('',*,*,#1366,.T.);
#1952=ORIENTED_EDGE('',*,*,#1240,.F.);
#1953=ORIENTED_EDGE('',*,*,#1364,.F.);
#1954=ORIENTED_EDGE('',*,*,#1367,.T.);
#1955=ORIENTED_EDGE('',*,*,#1368,.T.);
#1956=ORIENTED_EDGE('',*,*,#1241,.F.);
#1957=ORIENTED_EDGE('',*,*,#1366,.F.);
#1958=ORIENTED_EDGE('',*,*,#1369,.F.);
#1959=ORIENTED_EDGE('',*,*,#1370,.T.);
#1960=ORIENTED_EDGE('',*,*,#1242,.F.);
#1961=ORIENTED_EDGE('',*,*,#1368,.F.);
#1962=ORIENTED_EDGE('',*,*,#1371,.T.);
#1963=ORIENTED_EDGE('',*,*,#1372,.T.);
#1964=ORIENTED_EDGE('',*,*,#1373,.T.);
#1965=ORIENTED_EDGE('',*,*,#1374,.T.);
#1966=ORIENTED_EDGE('',*,*,#1375,.T.);
#1967=ORIENTED_EDGE('',*,*,#1243,.F.);
#1968=ORIENTED_EDGE('',*,*,#1370,.F.);
#1969=ORIENTED_EDGE('',*,*,#1376,.F.);
#1970=ORIENTED_EDGE('',*,*,#1247,.T.);
#1971=ORIENTED_EDGE('',*,*,#1244,.F.);
#1972=ORIENTED_EDGE('',*,*,#1375,.F.);
#1973=ORIENTED_EDGE('',*,*,#1374,.F.);
#1974=ORIENTED_EDGE('',*,*,#1303,.T.);
#1975=ORIENTED_EDGE('',*,*,#1377,.T.);
#1976=ORIENTED_EDGE('',*,*,#1295,.T.);
#1977=ORIENTED_EDGE('',*,*,#1378,.T.);
#1978=ORIENTED_EDGE('',*,*,#1286,.T.);
#1979=ORIENTED_EDGE('',*,*,#1379,.T.);
#1980=ORIENTED_EDGE('',*,*,#1282,.T.);
#1981=ORIENTED_EDGE('',*,*,#1380,.T.);
#1982=ORIENTED_EDGE('',*,*,#1278,.T.);
#1983=ORIENTED_EDGE('',*,*,#1381,.T.);
#1984=ORIENTED_EDGE('',*,*,#1269,.T.);
#1985=ORIENTED_EDGE('',*,*,#1382,.T.);
#1986=ORIENTED_EDGE('',*,*,#1265,.T.);
#1987=ORIENTED_EDGE('',*,*,#1383,.T.);
#1988=ORIENTED_EDGE('',*,*,#1261,.T.);
#1989=ORIENTED_EDGE('',*,*,#1384,.T.);
#1990=ORIENTED_EDGE('',*,*,#1252,.T.);
#1991=ORIENTED_EDGE('',*,*,#1385,.T.);
#1992=ORIENTED_EDGE('',*,*,#1248,.T.);
#1993=ORIENTED_EDGE('',*,*,#1386,.T.);
#1994=ORIENTED_EDGE('',*,*,#1369,.T.);
#1995=ORIENTED_EDGE('',*,*,#1387,.T.);
#1996=ORIENTED_EDGE('',*,*,#1361,.T.);
#1997=ORIENTED_EDGE('',*,*,#1388,.T.);
#1998=ORIENTED_EDGE('',*,*,#1352,.T.);
#1999=ORIENTED_EDGE('',*,*,#1389,.T.);
#2000=ORIENTED_EDGE('',*,*,#1348,.T.);
#2001=ORIENTED_EDGE('',*,*,#1390,.T.);
#2002=ORIENTED_EDGE('',*,*,#1391,.T.);
#2003=ORIENTED_EDGE('',*,*,#1344,.T.);
#2004=ORIENTED_EDGE('',*,*,#1392,.T.);
#2005=ORIENTED_EDGE('',*,*,#1339,.T.);
#2006=ORIENTED_EDGE('',*,*,#1393,.T.);
#2007=ORIENTED_EDGE('',*,*,#1335,.T.);
#2008=ORIENTED_EDGE('',*,*,#1394,.T.);
#2009=ORIENTED_EDGE('',*,*,#1331,.T.);
#2010=ORIENTED_EDGE('',*,*,#1395,.T.);
#2011=ORIENTED_EDGE('',*,*,#1396,.T.);
#2012=ORIENTED_EDGE('',*,*,#1397,.T.);
#2013=ORIENTED_EDGE('',*,*,#1308,.T.);
#2014=ORIENTED_EDGE('',*,*,#1398,.T.);
#2015=ORIENTED_EDGE('',*,*,#1399,.T.);
#2016=ORIENTED_EDGE('',*,*,#1291,.T.);
#2017=ORIENTED_EDGE('',*,*,#1400,.T.);
#2018=ORIENTED_EDGE('',*,*,#1401,.T.);
#2019=ORIENTED_EDGE('',*,*,#1274,.T.);
#2020=ORIENTED_EDGE('',*,*,#1402,.T.);
#2021=ORIENTED_EDGE('',*,*,#1403,.T.);
#2022=ORIENTED_EDGE('',*,*,#1256,.T.);
#2023=ORIENTED_EDGE('',*,*,#1404,.T.);
#2024=ORIENTED_EDGE('',*,*,#1405,.T.);
#2025=ORIENTED_EDGE('',*,*,#1376,.T.);
#2026=ORIENTED_EDGE('',*,*,#1406,.T.);
#2027=ORIENTED_EDGE('',*,*,#1357,.T.);
#2028=ORIENTED_EDGE('',*,*,#1407,.T.);
#2029=ORIENTED_EDGE('',*,*,#1340,.T.);
#2030=ORIENTED_EDGE('',*,*,#1408,.T.);
#2031=ORIENTED_EDGE('',*,*,#1326,.T.);
#2032=ORIENTED_EDGE('',*,*,#1409,.T.);
#2033=ORIENTED_EDGE('',*,*,#1410,.T.);
#2034=ORIENTED_EDGE('',*,*,#1321,.T.);
#2035=ORIENTED_EDGE('',*,*,#1411,.T.);
#2036=ORIENTED_EDGE('',*,*,#1313,.T.);
#2037=ORIENTED_EDGE('',*,*,#1412,.T.);
#2038=ORIENTED_EDGE('',*,*,#1402,.F.);
#2039=ORIENTED_EDGE('',*,*,#1271,.F.);
#2040=ORIENTED_EDGE('',*,*,#1382,.F.);
#2041=ORIENTED_EDGE('',*,*,#1267,.F.);
#2042=ORIENTED_EDGE('',*,*,#1383,.F.);
#2043=ORIENTED_EDGE('',*,*,#1263,.F.);
#2044=ORIENTED_EDGE('',*,*,#1384,.F.);
#2045=ORIENTED_EDGE('',*,*,#1259,.F.);
#2046=ORIENTED_EDGE('',*,*,#1403,.F.);
#2047=ORIENTED_EDGE('',*,*,#1413,.T.);
#2048=ORIENTED_EDGE('',*,*,#1414,.F.);
#2049=ORIENTED_EDGE('',*,*,#1413,.F.);
#2050=ORIENTED_EDGE('',*,*,#1398,.F.);
#2051=ORIENTED_EDGE('',*,*,#1305,.F.);
#2052=ORIENTED_EDGE('',*,*,#1377,.F.);
#2053=ORIENTED_EDGE('',*,*,#1301,.F.);
#2054=ORIENTED_EDGE('',*,*,#1299,.T.);
#2055=ORIENTED_EDGE('',*,*,#1297,.F.);
#2056=ORIENTED_EDGE('',*,*,#1378,.F.);
#2057=ORIENTED_EDGE('',*,*,#1293,.F.);
#2058=ORIENTED_EDGE('',*,*,#1399,.F.);
#2059=ORIENTED_EDGE('',*,*,#1415,.T.);
#2060=ORIENTED_EDGE('',*,*,#1416,.F.);
#2061=ORIENTED_EDGE('',*,*,#1415,.F.);
#2062=ORIENTED_EDGE('',*,*,#1395,.F.);
#2063=ORIENTED_EDGE('',*,*,#1329,.F.);
#2064=ORIENTED_EDGE('',*,*,#1408,.F.);
#2065=ORIENTED_EDGE('',*,*,#1393,.F.);
#2066=ORIENTED_EDGE('',*,*,#1337,.F.);
#2067=ORIENTED_EDGE('',*,*,#1394,.F.);
#2068=ORIENTED_EDGE('',*,*,#1333,.F.);
#2069=ORIENTED_EDGE('',*,*,#1396,.F.);
#2070=ORIENTED_EDGE('',*,*,#1417,.T.);
#2071=ORIENTED_EDGE('',*,*,#1418,.F.);
#2072=ORIENTED_EDGE('',*,*,#1417,.F.);
#2073=ORIENTED_EDGE('',*,*,#1371,.F.);
#2074=ORIENTED_EDGE('',*,*,#1387,.F.);
#2075=ORIENTED_EDGE('',*,*,#1367,.F.);
#2076=ORIENTED_EDGE('',*,*,#1365,.T.);
#2077=ORIENTED_EDGE('',*,*,#1363,.F.);
#2078=ORIENTED_EDGE('',*,*,#1388,.F.);
#2079=ORIENTED_EDGE('',*,*,#1359,.F.);
#2080=ORIENTED_EDGE('',*,*,#1406,.F.);
#2081=ORIENTED_EDGE('',*,*,#1373,.F.);
#2082=ORIENTED_EDGE('',*,*,#1372,.F.);
#2083=ORIENTED_EDGE('',*,*,#1419,.T.);
#2084=ORIENTED_EDGE('',*,*,#1420,.F.);
#2085=ORIENTED_EDGE('',*,*,#1419,.F.);
#2086=ORIENTED_EDGE('',*,*,#1400,.F.);
#2087=ORIENTED_EDGE('',*,*,#1288,.F.);
#2088=ORIENTED_EDGE('',*,*,#1379,.F.);
#2089=ORIENTED_EDGE('',*,*,#1284,.F.);
#2090=ORIENTED_EDGE('',*,*,#1380,.F.);
#2091=ORIENTED_EDGE('',*,*,#1280,.F.);
#2092=ORIENTED_EDGE('',*,*,#1381,.F.);
#2093=ORIENTED_EDGE('',*,*,#1276,.F.);
#2094=ORIENTED_EDGE('',*,*,#1401,.F.);
#2095=ORIENTED_EDGE('',*,*,#1421,.T.);
#2096=ORIENTED_EDGE('',*,*,#1422,.F.);
#2097=ORIENTED_EDGE('',*,*,#1421,.F.);
#2098=ORIENTED_EDGE('',*,*,#1390,.F.);
#2099=ORIENTED_EDGE('',*,*,#1346,.F.);
#2100=ORIENTED_EDGE('',*,*,#1392,.F.);
#2101=ORIENTED_EDGE('',*,*,#1342,.F.);
#2102=ORIENTED_EDGE('',*,*,#1407,.F.);
#2103=ORIENTED_EDGE('',*,*,#1354,.F.);
#2104=ORIENTED_EDGE('',*,*,#1389,.F.);
#2105=ORIENTED_EDGE('',*,*,#1350,.F.);
#2106=ORIENTED_EDGE('',*,*,#1391,.F.);
#2107=ORIENTED_EDGE('',*,*,#1423,.T.);
#2108=ORIENTED_EDGE('',*,*,#1424,.F.);
#2109=ORIENTED_EDGE('',*,*,#1423,.F.);
#2110=ORIENTED_EDGE('',*,*,#1409,.F.);
#2111=ORIENTED_EDGE('',*,*,#1323,.F.);
#2112=ORIENTED_EDGE('',*,*,#1411,.F.);
#2113=ORIENTED_EDGE('',*,*,#1319,.F.);
#2114=ORIENTED_EDGE('',*,*,#1317,.T.);
#2115=ORIENTED_EDGE('',*,*,#1315,.F.);
#2116=ORIENTED_EDGE('',*,*,#1412,.F.);
#2117=ORIENTED_EDGE('',*,*,#1311,.F.);
#2118=ORIENTED_EDGE('',*,*,#1410,.F.);
#2119=ORIENTED_EDGE('',*,*,#1425,.T.);
#2120=ORIENTED_EDGE('',*,*,#1426,.F.);
#2121=ORIENTED_EDGE('',*,*,#1425,.F.);
#2122=ORIENTED_EDGE('',*,*,#1404,.F.);
#2123=ORIENTED_EDGE('',*,*,#1254,.F.);
#2124=ORIENTED_EDGE('',*,*,#1385,.F.);
#2125=ORIENTED_EDGE('',*,*,#1250,.F.);
#2126=ORIENTED_EDGE('',*,*,#1386,.F.);
#2127=ORIENTED_EDGE('',*,*,#1245,.F.);
#2128=ORIENTED_EDGE('',*,*,#1405,.F.);
#2129=ORIENTED_EDGE('',*,*,#1427,.T.);
#2130=ORIENTED_EDGE('',*,*,#1428,.F.);
#2131=ORIENTED_EDGE('',*,*,#1427,.F.);
#2132=ORIENTED_EDGE('',*,*,#1397,.F.);
#2133=ORIENTED_EDGE('',*,*,#1429,.T.);
#2134=ORIENTED_EDGE('',*,*,#1430,.T.);
#2135=ORIENTED_EDGE('',*,*,#1429,.F.);
#2136=ORIENTED_EDGE('',*,*,#1430,.F.);
#2137=ORIENTED_EDGE('',*,*,#1178,.T.);
#2138=ORIENTED_EDGE('',*,*,#1184,.T.);
#2139=ORIENTED_EDGE('',*,*,#1414,.T.);
#2140=ORIENTED_EDGE('',*,*,#1416,.T.);
#2141=ORIENTED_EDGE('',*,*,#1418,.T.);
#2142=ORIENTED_EDGE('',*,*,#1420,.T.);
#2143=ORIENTED_EDGE('',*,*,#1422,.T.);
#2144=ORIENTED_EDGE('',*,*,#1424,.T.);
#2145=ORIENTED_EDGE('',*,*,#1426,.T.);
#2146=ORIENTED_EDGE('',*,*,#1428,.T.);
#2147=PLANE('',#2349);
#2148=PLANE('',#2352);
#2149=PLANE('',#2355);
#2150=PLANE('',#2390);
#2151=PLANE('',#2392);
#2152=PLANE('',#2394);
#2153=PLANE('',#2397);
#2154=PLANE('',#2399);
#2155=PLANE('',#2401);
#2156=PLANE('',#2403);
#2157=PLANE('',#2405);
#2158=PLANE('',#2407);
#2159=PLANE('',#2409);
#2160=PLANE('',#2411);
#2161=PLANE('',#2413);
#2162=PLANE('',#2415);
#2163=PLANE('',#2417);
#2164=PLANE('',#2419);
#2165=PLANE('',#2421);
#2166=PLANE('',#2423);
#2167=PLANE('',#2425);
#2168=PLANE('',#2427);
#2169=PLANE('',#2429);
#2170=PLANE('',#2431);
#2171=PLANE('',#2433);
#2172=PLANE('',#2435);
#2173=PLANE('',#2437);
#2174=PLANE('',#2439);
#2175=PLANE('',#2441);
#2176=PLANE('',#2443);
#2177=PLANE('',#2445);
#2178=PLANE('',#2447);
#2179=PLANE('',#2449);
#2180=PLANE('',#2457);
#2181=PLANE('',#2463);
#2182=PLANE('',#2556);
#2183=PLANE('',#2558);
#2184=PLANE('',#2560);
#2185=PLANE('',#2562);
#2186=PLANE('',#2564);
#2187=PLANE('',#2566);
#2188=PLANE('',#2568);
#2189=PLANE('',#2570);
#2190=PLANE('',#2572);
#2191=PLANE('',#2574);
#2192=PLANE('',#2576);
#2193=PLANE('',#2578);
#2194=PLANE('',#2580);
#2195=PLANE('',#2582);
#2196=PLANE('',#2585);
#2197=PLANE('',#2587);
#2198=PLANE('',#2589);
#2199=PLANE('',#2591);
#2200=PLANE('',#2594);
#2201=PLANE('',#2609);
#2202=PLANE('',#2611);
#2203=PLANE('',#2631);
#2204=ADVANCED_FACE('',(#316),#2147,.F.);
#2205=ADVANCED_FACE('',(#317),#2148,.T.);
#2206=ADVANCED_FACE('',(#318),#2149,.F.);
#2207=ADVANCED_FACE('',(#319),#123,.F.);
#2208=ADVANCED_FACE('',(#320),#2150,.F.);
#2209=ADVANCED_FACE('',(#321),#2151,.F.);
#2210=ADVANCED_FACE('',(#322),#2152,.T.);
#2211=ADVANCED_FACE('',(#323),#2153,.F.);
#2212=ADVANCED_FACE('',(#324),#2154,.F.);
#2213=ADVANCED_FACE('',(#325),#2155,.F.);
#2214=ADVANCED_FACE('',(#326),#2156,.T.);
#2215=ADVANCED_FACE('',(#327),#2157,.F.);
#2216=ADVANCED_FACE('',(#328),#2158,.F.);
#2217=ADVANCED_FACE('',(#329),#2159,.F.);
#2218=ADVANCED_FACE('',(#330),#2160,.T.);
#2219=ADVANCED_FACE('',(#331),#2161,.F.);
#2220=ADVANCED_FACE('',(#332),#2162,.F.);
#2221=ADVANCED_FACE('',(#333),#2163,.F.);
#2222=ADVANCED_FACE('',(#334),#2164,.T.);
#2223=ADVANCED_FACE('',(#335),#2165,.F.);
#2224=ADVANCED_FACE('',(#336),#2166,.F.);
#2225=ADVANCED_FACE('',(#337),#2167,.F.);
#2226=ADVANCED_FACE('',(#338),#2168,.T.);
#2227=ADVANCED_FACE('',(#339),#2169,.F.);
#2228=ADVANCED_FACE('',(#340),#2170,.F.);
#2229=ADVANCED_FACE('',(#341),#2171,.F.);
#2230=ADVANCED_FACE('',(#342),#2172,.T.);
#2231=ADVANCED_FACE('',(#343),#2173,.F.);
#2232=ADVANCED_FACE('',(#344),#2174,.F.);
#2233=ADVANCED_FACE('',(#345),#2175,.F.);
#2234=ADVANCED_FACE('',(#346),#2176,.F.);
#2235=ADVANCED_FACE('',(#347),#2177,.T.);
#2236=ADVANCED_FACE('',(#348),#2178,.F.);
#2237=ADVANCED_FACE('',(#349,#110),#2179,.T.);
#2238=ADVANCED_FACE('',(#350),#124,.F.);
#2239=ADVANCED_FACE('',(#351),#125,.T.);
#2240=ADVANCED_FACE('',(#352,#111),#2180,.T.);
#2241=ADVANCED_FACE('',(#353),#126,.F.);
#2242=ADVANCED_FACE('',(#354,#112),#2181,.T.);
#2243=ADVANCED_FACE('',(#355),#50,.T.);
#2244=ADVANCED_FACE('',(#356),#51,.T.);
#2245=ADVANCED_FACE('',(#357),#52,.T.);
#2246=ADVANCED_FACE('',(#358),#53,.T.);
#2247=ADVANCED_FACE('',(#359),#54,.T.);
#2248=ADVANCED_FACE('',(#360),#55,.T.);
#2249=ADVANCED_FACE('',(#361),#56,.T.);
#2250=ADVANCED_FACE('',(#362),#57,.T.);
#2251=ADVANCED_FACE('',(#363),#58,.T.);
#2252=ADVANCED_FACE('',(#364),#59,.T.);
#2253=ADVANCED_FACE('',(#365),#60,.T.);
#2254=ADVANCED_FACE('',(#366),#61,.T.);
#2255=ADVANCED_FACE('',(#367),#62,.T.);
#2256=ADVANCED_FACE('',(#368),#63,.T.);
#2257=ADVANCED_FACE('',(#369),#64,.T.);
#2258=ADVANCED_FACE('',(#370),#65,.T.);
#2259=ADVANCED_FACE('',(#371),#66,.T.);
#2260=ADVANCED_FACE('',(#372),#67,.T.);
#2261=ADVANCED_FACE('',(#373),#68,.T.);
#2262=ADVANCED_FACE('',(#374),#69,.T.);
#2263=ADVANCED_FACE('',(#375),#70,.T.);
#2264=ADVANCED_FACE('',(#376),#71,.T.);
#2265=ADVANCED_FACE('',(#377),#72,.T.);
#2266=ADVANCED_FACE('',(#378),#73,.T.);
#2267=ADVANCED_FACE('',(#379),#74,.T.);
#2268=ADVANCED_FACE('',(#380),#75,.T.);
#2269=ADVANCED_FACE('',(#381),#76,.T.);
#2270=ADVANCED_FACE('',(#382),#77,.T.);
#2271=ADVANCED_FACE('',(#383),#78,.T.);
#2272=ADVANCED_FACE('',(#384),#79,.T.);
#2273=ADVANCED_FACE('',(#385),#80,.T.);
#2274=ADVANCED_FACE('',(#386),#81,.T.);
#2275=ADVANCED_FACE('',(#387),#82,.T.);
#2276=ADVANCED_FACE('',(#388),#83,.T.);
#2277=ADVANCED_FACE('',(#389),#84,.T.);
#2278=ADVANCED_FACE('',(#390),#85,.T.);
#2279=ADVANCED_FACE('',(#391),#86,.T.);
#2280=ADVANCED_FACE('',(#392),#87,.T.);
#2281=ADVANCED_FACE('',(#393),#88,.T.);
#2282=ADVANCED_FACE('',(#394),#89,.T.);
#2283=ADVANCED_FACE('',(#395),#90,.T.);
#2284=ADVANCED_FACE('',(#396),#91,.T.);
#2285=ADVANCED_FACE('',(#397),#92,.T.);
#2286=ADVANCED_FACE('',(#398),#93,.T.);
#2287=ADVANCED_FACE('',(#399),#94,.T.);
#2288=ADVANCED_FACE('',(#400),#95,.T.);
#2289=ADVANCED_FACE('',(#401),#96,.T.);
#2290=ADVANCED_FACE('',(#402),#97,.T.);
#2291=ADVANCED_FACE('',(#403),#98,.T.);
#2292=ADVANCED_FACE('',(#404),#99,.T.);
#2293=ADVANCED_FACE('',(#405),#100,.T.);
#2294=ADVANCED_FACE('',(#406),#101,.T.);
#2295=ADVANCED_FACE('',(#407),#102,.T.);
#2296=ADVANCED_FACE('',(#408),#103,.T.);
#2297=ADVANCED_FACE('',(#409),#104,.T.);
#2298=ADVANCED_FACE('',(#410),#105,.T.);
#2299=ADVANCED_FACE('',(#411),#106,.T.);
#2300=ADVANCED_FACE('',(#412),#107,.T.);
#2301=ADVANCED_FACE('',(#413),#108,.T.);
#2302=ADVANCED_FACE('',(#414),#109,.T.);
#2303=ADVANCED_FACE('',(#415),#2182,.T.);
#2304=ADVANCED_FACE('',(#416),#2183,.T.);
#2305=ADVANCED_FACE('',(#417),#2184,.T.);
#2306=ADVANCED_FACE('',(#418),#2185,.T.);
#2307=ADVANCED_FACE('',(#419),#2186,.T.);
#2308=ADVANCED_FACE('',(#420),#2187,.T.);
#2309=ADVANCED_FACE('',(#421),#2188,.T.);
#2310=ADVANCED_FACE('',(#422),#2189,.T.);
#2311=ADVANCED_FACE('',(#423),#2190,.T.);
#2312=ADVANCED_FACE('',(#424),#2191,.T.);
#2313=ADVANCED_FACE('',(#425),#2192,.T.);
#2314=ADVANCED_FACE('',(#426),#2193,.T.);
#2315=ADVANCED_FACE('',(#427),#2194,.T.);
#2316=ADVANCED_FACE('',(#428),#2195,.T.);
#2317=ADVANCED_FACE('',(#429),#2196,.T.);
#2318=ADVANCED_FACE('',(#430),#2197,.T.);
#2319=ADVANCED_FACE('',(#431),#2198,.T.);
#2320=ADVANCED_FACE('',(#432),#2199,.T.);
#2321=ADVANCED_FACE('',(#433,#113),#2200,.T.);
#2322=ADVANCED_FACE('',(#434),#2201,.T.);
#2323=ADVANCED_FACE('',(#435),#2202,.T.);
#2324=ADVANCED_FACE('',(#436),#127,.F.);
#2325=ADVANCED_FACE('',(#437),#128,.F.);
#2326=ADVANCED_FACE('',(#438),#129,.F.);
#2327=ADVANCED_FACE('',(#439),#130,.F.);
#2328=ADVANCED_FACE('',(#440),#131,.F.);
#2329=ADVANCED_FACE('',(#441),#132,.F.);
#2330=ADVANCED_FACE('',(#442),#133,.F.);
#2331=ADVANCED_FACE('',(#443),#134,.F.);
#2332=ADVANCED_FACE('',(#444),#135,.T.);
#2333=ADVANCED_FACE('',(#445,#114,#115,#116,#117,#118,#119,#120,#121,#122),
#2203,.F.);
#2334=CLOSED_SHELL('',(#2204,#2205,#2206,#2207,#2208,#2209,#2210,#2211,
#2212,#2213,#2214,#2215,#2216,#2217,#2218,#2219,#2220,#2221,#2222,#2223,
#2224,#2225,#2226,#2227,#2228,#2229,#2230,#2231,#2232,#2233,#2234,#2235,
#2236,#2237,#2238,#2239,#2240,#2241,#2242,#2243,#2244,#2245,#2246,#2247,
#2248,#2249,#2250,#2251,#2252,#2253,#2254,#2255,#2256,#2257,#2258,#2259,
#2260,#2261,#2262,#2263,#2264,#2265,#2266,#2267,#2268,#2269,#2270,#2271,
#2272,#2273,#2274,#2275,#2276,#2277,#2278,#2279,#2280,#2281,#2282,#2283,
#2284,#2285,#2286,#2287,#2288,#2289,#2290,#2291,#2292,#2293,#2294,#2295,
#2296,#2297,#2298,#2299,#2300,#2301,#2302,#2303,#2304,#2305,#2306,#2307,
#2308,#2309,#2310,#2311,#2312,#2313,#2314,#2315,#2316,#2317,#2318,#2319,
#2320,#2321,#2322,#2323,#2324,#2325,#2326,#2327,#2328,#2329,#2330,#2331,
#2332,#2333));
#2335=DERIVED_UNIT_ELEMENT(#2337,1.);
#2336=DERIVED_UNIT_ELEMENT(#7927,-3.);
#2337=(
MASS_UNIT()
NAMED_UNIT(*)
SI_UNIT(.KILO.,.GRAM.)
);
#2338=DERIVED_UNIT((#2335,#2336));
#2339=MEASURE_REPRESENTATION_ITEM('density measure',
POSITIVE_RATIO_MEASURE(7850.),#2338);
#2340=PROPERTY_DEFINITION_REPRESENTATION(#2345,#2342);
#2341=PROPERTY_DEFINITION_REPRESENTATION(#2346,#2343);
#2342=REPRESENTATION('material name',(#2344),#7924);
#2343=REPRESENTATION('density',(#2339),#7924);
#2344=DESCRIPTIVE_REPRESENTATION_ITEM('Steel','Steel');
#2345=PROPERTY_DEFINITION('material property','material name',#7939);
#2346=PROPERTY_DEFINITION('material property','density of part',#7939);
#2347=AXIS2_PLACEMENT_3D('',#3319,#2633,#2634);
#2348=AXIS2_PLACEMENT_3D('',#3320,#2635,#2636);
#2349=AXIS2_PLACEMENT_3D('',#3321,#2637,#2638);
#2350=AXIS2_PLACEMENT_3D('',#3324,#2639,#2640);
#2351=AXIS2_PLACEMENT_3D('',#3328,#2642,#2643);
#2352=AXIS2_PLACEMENT_3D('',#3330,#2645,#2646);
#2353=AXIS2_PLACEMENT_3D('',#3332,#2647,#2648);
#2354=AXIS2_PLACEMENT_3D('',#3334,#2649,#2650);
#2355=AXIS2_PLACEMENT_3D('',#3336,#2652,#2653);
#2356=AXIS2_PLACEMENT_3D('',#3338,#2654,#2655);
#2357=AXIS2_PLACEMENT_3D('',#3340,#2656,#2657);
#2358=AXIS2_PLACEMENT_3D('',#3342,#2659,#2660);
#2359=AXIS2_PLACEMENT_3D('',#3344,#2661,#2662);
#2360=AXIS2_PLACEMENT_3D('',#3346,#2663,#2664);
#2361=AXIS2_PLACEMENT_3D('',#3348,#2665,#2666);
#2362=AXIS2_PLACEMENT_3D('',#3350,#2667,#2668);
#2363=AXIS2_PLACEMENT_3D('',#3352,#2669,#2670);
#2364=AXIS2_PLACEMENT_3D('',#3354,#2671,#2672);
#2365=AXIS2_PLACEMENT_3D('',#3356,#2673,#2674);
#2366=AXIS2_PLACEMENT_3D('',#3358,#2675,#2676);
#2367=AXIS2_PLACEMENT_3D('',#3360,#2677,#2678);
#2368=AXIS2_PLACEMENT_3D('',#3362,#2679,#2680);
#2369=AXIS2_PLACEMENT_3D('',#3364,#2681,#2682);
#2370=AXIS2_PLACEMENT_3D('',#3366,#2683,#2684);
#2371=AXIS2_PLACEMENT_3D('',#3368,#2685,#2686);
#2372=AXIS2_PLACEMENT_3D('',#3370,#2687,#2688);
#2373=AXIS2_PLACEMENT_3D('',#3372,#2689,#2690);
#2374=AXIS2_PLACEMENT_3D('',#3374,#2691,#2692);
#2375=AXIS2_PLACEMENT_3D('',#3376,#2693,#2694);
#2376=AXIS2_PLACEMENT_3D('',#3378,#2695,#2696);
#2377=AXIS2_PLACEMENT_3D('',#3380,#2697,#2698);
#2378=AXIS2_PLACEMENT_3D('',#3382,#2699,#2700);
#2379=AXIS2_PLACEMENT_3D('',#3384,#2701,#2702);
#2380=AXIS2_PLACEMENT_3D('',#3386,#2703,#2704);
#2381=AXIS2_PLACEMENT_3D('',#3388,#2705,#2706);
#2382=AXIS2_PLACEMENT_3D('',#3390,#2707,#2708);
#2383=AXIS2_PLACEMENT_3D('',#3392,#2709,#2710);
#2384=AXIS2_PLACEMENT_3D('',#3394,#2711,#2712);
#2385=AXIS2_PLACEMENT_3D('',#3396,#2713,#2714);
#2386=AXIS2_PLACEMENT_3D('',#3398,#2715,#2716);
#2387=AXIS2_PLACEMENT_3D('',#3401,#2718,#2719);
#2388=AXIS2_PLACEMENT_3D('',#3403,#2720,#2721);
#2389=AXIS2_PLACEMENT_3D('',#3404,#2722,#2723);
#2390=AXIS2_PLACEMENT_3D('',#3405,#2724,#2725);
#2391=AXIS2_PLACEMENT_3D('',#3407,#2726,#2727);
#2392=AXIS2_PLACEMENT_3D('',#3409,#2729,#2730);
#2393=AXIS2_PLACEMENT_3D('',#3413,#2732,#2733);
#2394=AXIS2_PLACEMENT_3D('',#3415,#2735,#2736);
#2395=AXIS2_PLACEMENT_3D('',#3417,#2737,#2738);
#2396=AXIS2_PLACEMENT_3D('',#3419,#2739,#2740);
#2397=AXIS2_PLACEMENT_3D('',#3421,#2742,#2743);
#2398=AXIS2_PLACEMENT_3D('',#3423,#2744,#2745);
#2399=AXIS2_PLACEMENT_3D('',#3425,#2747,#2748);
#2400=AXIS2_PLACEMENT_3D('',#3426,#2749,#2750);
#2401=AXIS2_PLACEMENT_3D('',#3427,#2751,#2752);
#2402=AXIS2_PLACEMENT_3D('',#3431,#2754,#2755);
#2403=AXIS2_PLACEMENT_3D('',#3433,#2757,#2758);
#2404=AXIS2_PLACEMENT_3D('',#3435,#2759,#2760);
#2405=AXIS2_PLACEMENT_3D('',#3437,#2762,#2763);
#2406=AXIS2_PLACEMENT_3D('',#3439,#2764,#2765);
#2407=AXIS2_PLACEMENT_3D('',#3441,#2767,#2768);
#2408=AXIS2_PLACEMENT_3D('',#3442,#2769,#2770);
#2409=AXIS2_PLACEMENT_3D('',#3443,#2771,#2772);
#2410=AXIS2_PLACEMENT_3D('',#3446,#2773,#2774);
#2411=AXIS2_PLACEMENT_3D('',#3449,#2777,#2778);
#2412=AXIS2_PLACEMENT_3D('',#3451,#2779,#2780);
#2413=AXIS2_PLACEMENT_3D('',#3453,#2782,#2783);
#2414=AXIS2_PLACEMENT_3D('',#3455,#2784,#2785);
#2415=AXIS2_PLACEMENT_3D('',#3457,#2787,#2788);
#2416=AXIS2_PLACEMENT_3D('',#3458,#2789,#2790);
#2417=AXIS2_PLACEMENT_3D('',#3459,#2791,#2792);
#2418=AXIS2_PLACEMENT_3D('',#3462,#2793,#2794);
#2419=AXIS2_PLACEMENT_3D('',#3465,#2797,#2798);
#2420=AXIS2_PLACEMENT_3D('',#3467,#2799,#2800);
#2421=AXIS2_PLACEMENT_3D('',#3469,#2802,#2803);
#2422=AXIS2_PLACEMENT_3D('',#3472,#2805,#2806);
#2423=AXIS2_PLACEMENT_3D('',#3473,#2807,#2808);
#2424=AXIS2_PLACEMENT_3D('',#3474,#2809,#2810);
#2425=AXIS2_PLACEMENT_3D('',#3475,#2811,#2812);
#2426=AXIS2_PLACEMENT_3D('',#3478,#2813,#2814);
#2427=AXIS2_PLACEMENT_3D('',#3481,#2817,#2818);
#2428=AXIS2_PLACEMENT_3D('',#3483,#2819,#2820);
#2429=AXIS2_PLACEMENT_3D('',#3485,#2822,#2823);
#2430=AXIS2_PLACEMENT_3D('',#3488,#2825,#2826);
#2431=AXIS2_PLACEMENT_3D('',#3489,#2827,#2828);
#2432=AXIS2_PLACEMENT_3D('',#3490,#2829,#2830);
#2433=AXIS2_PLACEMENT_3D('',#3491,#2831,#2832);
#2434=AXIS2_PLACEMENT_3D('',#3494,#2833,#2834);
#2435=AXIS2_PLACEMENT_3D('',#3497,#2837,#2838);
#2436=AXIS2_PLACEMENT_3D('',#3499,#2839,#2840);
#2437=AXIS2_PLACEMENT_3D('',#3501,#2842,#2843);
#2438=AXIS2_PLACEMENT_3D('',#3504,#2845,#2846);
#2439=AXIS2_PLACEMENT_3D('',#3505,#2847,#2848);
#2440=AXIS2_PLACEMENT_3D('',#3506,#2849,#2850);
#2441=AXIS2_PLACEMENT_3D('',#3507,#2851,#2852);
#2442=AXIS2_PLACEMENT_3D('',#3509,#2853,#2854);
#2443=AXIS2_PLACEMENT_3D('',#3511,#2856,#2857);
#2444=AXIS2_PLACEMENT_3D('',#3514,#2859,#2860);
#2445=AXIS2_PLACEMENT_3D('',#3515,#2861,#2862);
#2446=AXIS2_PLACEMENT_3D('',#3517,#2863,#2864);
#2447=AXIS2_PLACEMENT_3D('',#3519,#2866,#2867);
#2448=AXIS2_PLACEMENT_3D('',#3520,#2868,#2869);
#2449=AXIS2_PLACEMENT_3D('',#3521,#2870,#2871);
#2450=AXIS2_PLACEMENT_3D('',#3523,#2872,#2873);
#2451=AXIS2_PLACEMENT_3D('',#3524,#2874,#2875);
#2452=AXIS2_PLACEMENT_3D('',#3527,#2877,#2878);
#2453=AXIS2_PLACEMENT_3D('',#3528,#2879,#2880);
#2454=AXIS2_PLACEMENT_3D('',#3532,#2882,#2883);
#2455=AXIS2_PLACEMENT_3D('',#3534,#2884,#2885);
#2456=AXIS2_PLACEMENT_3D('',#3535,#2886,#2887);
#2457=AXIS2_PLACEMENT_3D('',#3536,#2888,#2889);
#2458=AXIS2_PLACEMENT_3D('',#3538,#2890,#2891);
#2459=AXIS2_PLACEMENT_3D('',#3539,#2892,#2893);
#2460=AXIS2_PLACEMENT_3D('',#3540,#2894,#2895);
#2461=AXIS2_PLACEMENT_3D('',#3542,#2896,#2897);
#2462=AXIS2_PLACEMENT_3D('',#3544,#2899,#2900);
#2463=AXIS2_PLACEMENT_3D('',#3545,#2901,#2902);
#2464=AXIS2_PLACEMENT_3D('',#3548,#2903,#2904);
#2465=AXIS2_PLACEMENT_3D('',#3550,#2905,#2906);
#2466=AXIS2_PLACEMENT_3D('',#3552,#2907,#2908);
#2467=AXIS2_PLACEMENT_3D('',#3554,#2909,#2910);
#2468=AXIS2_PLACEMENT_3D('',#3556,#2911,#2912);
#2469=AXIS2_PLACEMENT_3D('',#3558,#2913,#2914);
#2470=AXIS2_PLACEMENT_3D('',#3560,#2915,#2916);
#2471=AXIS2_PLACEMENT_3D('',#3562,#2917,#2918);
#2472=AXIS2_PLACEMENT_3D('',#3564,#2919,#2920);
#2473=AXIS2_PLACEMENT_3D('',#3566,#2921,#2922);
#2474=AXIS2_PLACEMENT_3D('',#3568,#2923,#2924);
#2475=AXIS2_PLACEMENT_3D('',#3570,#2925,#2926);
#2476=AXIS2_PLACEMENT_3D('',#3572,#2927,#2928);
#2477=AXIS2_PLACEMENT_3D('',#3574,#2929,#2930);
#2478=AXIS2_PLACEMENT_3D('',#3576,#2931,#2932);
#2479=AXIS2_PLACEMENT_3D('',#3578,#2933,#2934);
#2480=AXIS2_PLACEMENT_3D('',#3580,#2935,#2936);
#2481=AXIS2_PLACEMENT_3D('',#3582,#2937,#2938);
#2482=AXIS2_PLACEMENT_3D('',#3584,#2939,#2940);
#2483=AXIS2_PLACEMENT_3D('',#3586,#2941,#2942);
#2484=AXIS2_PLACEMENT_3D('',#3588,#2943,#2944);
#2485=AXIS2_PLACEMENT_3D('',#3590,#2945,#2946);
#2486=AXIS2_PLACEMENT_3D('',#3592,#2947,#2948);
#2487=AXIS2_PLACEMENT_3D('',#3594,#2949,#2950);
#2488=AXIS2_PLACEMENT_3D('',#3596,#2951,#2952);
#2489=AXIS2_PLACEMENT_3D('',#3598,#2953,#2954);
#2490=AXIS2_PLACEMENT_3D('',#3600,#2955,#2956);
#2491=AXIS2_PLACEMENT_3D('',#3602,#2957,#2958);
#2492=AXIS2_PLACEMENT_3D('',#3604,#2959,#2960);
#2493=AXIS2_PLACEMENT_3D('',#3606,#2961,#2962);
#2494=AXIS2_PLACEMENT_3D('',#3608,#2963,#2964);
#2495=AXIS2_PLACEMENT_3D('',#3610,#2965,#2966);
#2496=AXIS2_PLACEMENT_3D('',#3612,#2967,#2968);
#2497=AXIS2_PLACEMENT_3D('',#3614,#2969,#2970);
#2498=AXIS2_PLACEMENT_3D('',#3616,#2971,#2972);
#2499=AXIS2_PLACEMENT_3D('',#3618,#2973,#2974);
#2500=AXIS2_PLACEMENT_3D('',#3620,#2975,#2976);
#2501=AXIS2_PLACEMENT_3D('',#3622,#2977,#2978);
#2502=AXIS2_PLACEMENT_3D('',#3624,#2979,#2980);
#2503=AXIS2_PLACEMENT_3D('',#3626,#2981,#2982);
#2504=AXIS2_PLACEMENT_3D('',#3628,#2983,#2984);
#2505=AXIS2_PLACEMENT_3D('',#3630,#2985,#2986);
#2506=AXIS2_PLACEMENT_3D('',#3632,#2987,#2988);
#2507=AXIS2_PLACEMENT_3D('',#3634,#2989,#2990);
#2508=AXIS2_PLACEMENT_3D('',#3636,#2991,#2992);
#2509=AXIS2_PLACEMENT_3D('',#3638,#2993,#2994);
#2510=AXIS2_PLACEMENT_3D('',#3640,#2995,#2996);
#2511=AXIS2_PLACEMENT_3D('',#3642,#2997,#2998);
#2512=AXIS2_PLACEMENT_3D('',#3644,#2999,#3000);
#2513=AXIS2_PLACEMENT_3D('',#3646,#3001,#3002);
#2514=AXIS2_PLACEMENT_3D('',#3648,#3003,#3004);
#2515=AXIS2_PLACEMENT_3D('',#3650,#3005,#3006);
#2516=AXIS2_PLACEMENT_3D('',#3652,#3007,#3008);
#2517=AXIS2_PLACEMENT_3D('',#3654,#3009,#3010);
#2518=AXIS2_PLACEMENT_3D('',#3656,#3011,#3012);
#2519=AXIS2_PLACEMENT_3D('',#3658,#3013,#3014);
#2520=AXIS2_PLACEMENT_3D('',#3660,#3015,#3016);
#2521=AXIS2_PLACEMENT_3D('',#3662,#3017,#3018);
#2522=AXIS2_PLACEMENT_3D('',#3664,#3019,#3020);
#2523=AXIS2_PLACEMENT_3D('',#3665,#3021,#3022);
#2524=AXIS2_PLACEMENT_3D('',#3684,#3023,#3024);
#2525=AXIS2_PLACEMENT_3D('',#3736,#3028,#3029);
#2526=AXIS2_PLACEMENT_3D('',#3782,#3032,#3033);
#2527=AXIS2_PLACEMENT_3D('',#3835,#3037,#3038);
#2528=AXIS2_PLACEMENT_3D('',#3876,#3041,#3042);
#2529=AXIS2_PLACEMENT_3D('',#3917,#3045,#3046);
#2530=AXIS2_PLACEMENT_3D('',#3963,#3049,#3050);
#2531=AXIS2_PLACEMENT_3D('',#4016,#3054,#3055);
#2532=AXIS2_PLACEMENT_3D('',#4062,#3058,#3059);
#2533=AXIS2_PLACEMENT_3D('',#4108,#3062,#3063);
#2534=AXIS2_PLACEMENT_3D('',#4154,#3066,#3067);
#2535=AXIS2_PLACEMENT_3D('',#4202,#3071,#3072);
#2536=AXIS2_PLACEMENT_3D('',#4253,#3075,#3076);
#2537=AXIS2_PLACEMENT_3D('',#4294,#3079,#3080);
#2538=AXIS2_PLACEMENT_3D('',#4340,#3083,#3084);
#2539=AXIS2_PLACEMENT_3D('',#4405,#3089,#3090);
#2540=AXIS2_PLACEMENT_3D('',#4451,#3093,#3094);
#2541=AXIS2_PLACEMENT_3D('',#4492,#3097,#3098);
#2542=AXIS2_PLACEMENT_3D('',#4538,#3101,#3102);
#2543=AXIS2_PLACEMENT_3D('',#4603,#3107,#3108);
#2544=AXIS2_PLACEMENT_3D('',#4654,#3111,#3112);
#2545=AXIS2_PLACEMENT_3D('',#4695,#3115,#3116);
#2546=AXIS2_PLACEMENT_3D('',#7465,#3119,#3120);
#2547=AXIS2_PLACEMENT_3D('',#7516,#3123,#3124);
#2548=AXIS2_PLACEMENT_3D('',#7557,#3127,#3128);
#2549=AXIS2_PLACEMENT_3D('',#7598,#3131,#3132);
#2550=AXIS2_PLACEMENT_3D('',#7651,#3136,#3137);
#2551=AXIS2_PLACEMENT_3D('',#7702,#3140,#3141);
#2552=AXIS2_PLACEMENT_3D('',#7743,#3144,#3145);
#2553=AXIS2_PLACEMENT_3D('',#7789,#3148,#3149);
#2554=AXIS2_PLACEMENT_3D('',#7791,#3150,#3151);
#2555=AXIS2_PLACEMENT_3D('',#7793,#3152,#3153);
#2556=AXIS2_PLACEMENT_3D('',#7817,#3156,#3157);
#2557=AXIS2_PLACEMENT_3D('',#7818,#3158,#3159);
#2558=AXIS2_PLACEMENT_3D('',#7819,#3160,#3161);
#2559=AXIS2_PLACEMENT_3D('',#7820,#3162,#3163);
#2560=AXIS2_PLACEMENT_3D('',#7821,#3164,#3165);
#2561=AXIS2_PLACEMENT_3D('',#7822,#3166,#3167);
#2562=AXIS2_PLACEMENT_3D('',#7823,#3168,#3169);
#2563=AXIS2_PLACEMENT_3D('',#7824,#3170,#3171);
#2564=AXIS2_PLACEMENT_3D('',#7825,#3172,#3173);
#2565=AXIS2_PLACEMENT_3D('',#7826,#3174,#3175);
#2566=AXIS2_PLACEMENT_3D('',#7827,#3176,#3177);
#2567=AXIS2_PLACEMENT_3D('',#7828,#3178,#3179);
#2568=AXIS2_PLACEMENT_3D('',#7829,#3180,#3181);
#2569=AXIS2_PLACEMENT_3D('',#7830,#3182,#3183);
#2570=AXIS2_PLACEMENT_3D('',#7831,#3184,#3185);
#2571=AXIS2_PLACEMENT_3D('',#7832,#3186,#3187);
#2572=AXIS2_PLACEMENT_3D('',#7833,#3188,#3189);
#2573=AXIS2_PLACEMENT_3D('',#7834,#3190,#3191);
#2574=AXIS2_PLACEMENT_3D('',#7835,#3192,#3193);
#2575=AXIS2_PLACEMENT_3D('',#7836,#3194,#3195);
#2576=AXIS2_PLACEMENT_3D('',#7837,#3196,#3197);
#2577=AXIS2_PLACEMENT_3D('',#7838,#3198,#3199);
#2578=AXIS2_PLACEMENT_3D('',#7839,#3200,#3201);
#2579=AXIS2_PLACEMENT_3D('',#7840,#3202,#3203);
#2580=AXIS2_PLACEMENT_3D('',#7841,#3204,#3205);
#2581=AXIS2_PLACEMENT_3D('',#7842,#3206,#3207);
#2582=AXIS2_PLACEMENT_3D('',#7843,#3208,#3209);
#2583=AXIS2_PLACEMENT_3D('',#7845,#3210,#3211);
#2584=AXIS2_PLACEMENT_3D('',#7846,#3212,#3213);
#2585=AXIS2_PLACEMENT_3D('',#7847,#3214,#3215);
#2586=AXIS2_PLACEMENT_3D('',#7848,#3216,#3217);
#2587=AXIS2_PLACEMENT_3D('',#7849,#3218,#3219);
#2588=AXIS2_PLACEMENT_3D('',#7850,#3220,#3221);
#2589=AXIS2_PLACEMENT_3D('',#7851,#3222,#3223);
#2590=AXIS2_PLACEMENT_3D('',#7852,#3224,#3225);
#2591=AXIS2_PLACEMENT_3D('',#7853,#3226,#3227);
#2592=AXIS2_PLACEMENT_3D('',#7855,#3228,#3229);
#2593=AXIS2_PLACEMENT_3D('',#7856,#3230,#3231);
#2594=AXIS2_PLACEMENT_3D('',#7857,#3232,#3233);
#2595=AXIS2_PLACEMENT_3D('',#7859,#3234,#3235);
#2596=AXIS2_PLACEMENT_3D('',#7861,#3236,#3237);
#2597=AXIS2_PLACEMENT_3D('',#7862,#3238,#3239);
#2598=AXIS2_PLACEMENT_3D('',#7864,#3240,#3241);
#2599=AXIS2_PLACEMENT_3D('',#7865,#3242,#3243);
#2600=AXIS2_PLACEMENT_3D('',#7867,#3244,#3245);
#2601=AXIS2_PLACEMENT_3D('',#7868,#3246,#3247);
#2602=AXIS2_PLACEMENT_3D('',#7870,#3248,#3249);
#2603=AXIS2_PLACEMENT_3D('',#7871,#3250,#3251);
#2604=AXIS2_PLACEMENT_3D('',#7872,#3252,#3253);
#2605=AXIS2_PLACEMENT_3D('',#7873,#3254,#3255);
#2606=AXIS2_PLACEMENT_3D('',#7874,#3256,#3257);
#2607=AXIS2_PLACEMENT_3D('',#7876,#3258,#3259);
#2608=AXIS2_PLACEMENT_3D('',#7877,#3260,#3261);
#2609=AXIS2_PLACEMENT_3D('',#7878,#3262,#3263);
#2610=AXIS2_PLACEMENT_3D('',#7879,#3264,#3265);
#2611=AXIS2_PLACEMENT_3D('',#7880,#3266,#3267);
#2612=AXIS2_PLACEMENT_3D('',#7881,#3268,#3269);
#2613=AXIS2_PLACEMENT_3D('',#7882,#3270,#3271);
#2614=AXIS2_PLACEMENT_3D('',#7885,#3273,#3274);
#2615=AXIS2_PLACEMENT_3D('',#7886,#3275,#3276);
#2616=AXIS2_PLACEMENT_3D('',#7889,#3278,#3279);
#2617=AXIS2_PLACEMENT_3D('',#7890,#3280,#3281);
#2618=AXIS2_PLACEMENT_3D('',#7893,#3283,#3284);
#2619=AXIS2_PLACEMENT_3D('',#7894,#3285,#3286);
#2620=AXIS2_PLACEMENT_3D('',#7897,#3288,#3289);
#2621=AXIS2_PLACEMENT_3D('',#7898,#3290,#3291);
#2622=AXIS2_PLACEMENT_3D('',#7901,#3293,#3294);
#2623=AXIS2_PLACEMENT_3D('',#7902,#3295,#3296);
#2624=AXIS2_PLACEMENT_3D('',#7905,#3298,#3299);
#2625=AXIS2_PLACEMENT_3D('',#7906,#3300,#3301);
#2626=AXIS2_PLACEMENT_3D('',#7909,#3303,#3304);
#2627=AXIS2_PLACEMENT_3D('',#7910,#3305,#3306);
#2628=AXIS2_PLACEMENT_3D('',#7913,#3308,#3309);
#2629=AXIS2_PLACEMENT_3D('',#7914,#3310,#3311);
#2630=AXIS2_PLACEMENT_3D('',#7917,#3313,#3314);
#2631=AXIS2_PLACEMENT_3D('',#7918,#3315,#3316);
#2632=AXIS2_PLACEMENT_3D('',#7919,#3317,#3318);
#2633=DIRECTION('axis',(0.,0.,1.));
#2634=DIRECTION('refdir',(1.,0.,0.));
#2635=DIRECTION('axis',(0.,0.,1.));
#2636=DIRECTION('refdir',(1.,0.,0.));
#2637=DIRECTION('center_axis',(-0.342020143325669,-0.909473306030942,-0.236390624130141));
#2638=DIRECTION('ref_axis',(-2.45711350647128E-16,-0.251561647821004,0.967841276938311));
#2639=DIRECTION('center_axis',(-0.342020143325669,-0.909473306030942,-0.236390624130141));
#2640=DIRECTION('ref_axis',(-0.939692620785908,0.33102121225494,0.0860391508429811));
#2641=DIRECTION('',(2.45711350647128E-16,0.251561647821004,-0.967841276938311));
#2642=DIRECTION('center_axis',(0.342020143325669,0.909473306030942,0.236390624130141));
#2643=DIRECTION('ref_axis',(-0.939692620785908,0.33102121225494,0.0860391508429811));
#2644=DIRECTION('',(2.45711350647128E-16,0.251561647821004,-0.967841276938311));
#2645=DIRECTION('center_axis',(1.,-1.22464679914735E-16,2.22044604925031E-16));
#2646=DIRECTION('ref_axis',(-7.04136402448281E-17,0.707106781186548,0.707106781186547));
#2647=DIRECTION('center_axis',(-1.,1.22464679914735E-16,-2.22044604925031E-16));
#2648=DIRECTION('ref_axis',(-2.22044604925031E-16,-1.22464679914735E-16,
1.));
#2649=DIRECTION('center_axis',(1.,-1.22464679914735E-16,2.22044604925031E-16));
#2650=DIRECTION('ref_axis',(-2.22044604925031E-16,-1.22464679914735E-16,
1.));
#2651=DIRECTION('',(-2.08342736218603E-16,-0.895955219294162,0.44414439658691));
#2652=DIRECTION('center_axis',(-0.342020143325669,0.41735921203613,0.841922508125344));
#2653=DIRECTION('ref_axis',(2.08342736218603E-16,0.895955219294162,-0.44414439658691));
#2654=DIRECTION('center_axis',(-0.342020143325669,0.41735921203613,0.841922508125344));
#2655=DIRECTION('ref_axis',(0.939692620785908,0.151906330177948,0.30643473251637));
#2656=DIRECTION('center_axis',(0.342020143325669,-0.41735921203613,-0.841922508125344));
#2657=DIRECTION('ref_axis',(0.939692620785908,0.151906330177948,0.30643473251637));
#2658=DIRECTION('',(-2.08342736218603E-16,-0.895955219294162,0.44414439658691));
#2659=DIRECTION('center_axis',(-1.,1.22464679914735E-16,-2.22044604925031E-16));
#2660=DIRECTION('ref_axis',(-2.22044604925031E-16,-1.22464679914735E-16,
1.));
#2661=DIRECTION('center_axis',(-1.,1.22464679914735E-16,-2.22044604925031E-16));
#2662=DIRECTION('ref_axis',(-2.22044604925031E-16,-1.22464679914735E-16,
1.));
#2663=DIRECTION('center_axis',(0.342020143325669,0.475941328671284,0.81024815533397));
#2664=DIRECTION('ref_axis',(-0.939692620785908,0.173228476893455,0.294906210910664));
#2665=DIRECTION('center_axis',(-1.,1.22464679914735E-16,-2.22044604925031E-16));
#2666=DIRECTION('ref_axis',(-2.22044604925031E-16,-1.22464679914735E-16,
1.));
#2667=DIRECTION('center_axis',(-0.342020143325669,-0.300211585707596,0.890446643750438));
#2668=DIRECTION('ref_axis',(0.939692620785908,-0.109268081179422,0.324096073527401));
#2669=DIRECTION('center_axis',(-1.,1.22464679914735E-16,-2.22044604925031E-16));
#2670=DIRECTION('ref_axis',(-2.22044604925031E-16,-1.22464679914735E-16,
1.));
#2671=DIRECTION('center_axis',(-0.342020143325669,0.236390624130141,-0.909473306030942));
#2672=DIRECTION('ref_axis',(-0.939692620785908,-0.0860391508429812,0.33102121225494));
#2673=DIRECTION('center_axis',(-1.,1.22464679914735E-16,-2.22044604925031E-16));
#2674=DIRECTION('ref_axis',(-2.22044604925031E-16,-1.22464679914735E-16,
1.));
#2675=DIRECTION('center_axis',(-0.342020143325669,-0.841922508125344,0.41735921203613));
#2676=DIRECTION('ref_axis',(0.939692620785908,-0.30643473251637,0.151906330177948));
#2677=DIRECTION('center_axis',(-1.,1.22464679914735E-16,-2.22044604925031E-16));
#2678=DIRECTION('ref_axis',(-2.22044604925031E-16,-1.22464679914735E-16,
1.));
#2679=DIRECTION('center_axis',(-0.342020143325669,0.81024815533397,-0.475941328671284));
#2680=DIRECTION('ref_axis',(-0.939692620785908,-0.294906210910664,0.173228476893455));
#2681=DIRECTION('center_axis',(-1.,1.22464679914735E-16,-2.22044604925031E-16));
#2682=DIRECTION('ref_axis',(-2.22044604925031E-16,-1.22464679914735E-16,
1.));
#2683=DIRECTION('center_axis',(-0.342020143325669,-0.890446643750438,-0.300211585707596));
#2684=DIRECTION('ref_axis',(-0.939692620785908,0.324096073527401,0.109268081179421));
#2685=DIRECTION('center_axis',(-1.,1.22464679914735E-16,-2.22044604925031E-16));
#2686=DIRECTION('ref_axis',(-2.22044604925031E-16,-1.22464679914735E-16,
1.));
#2687=DIRECTION('center_axis',(-0.342020143325669,0.909473306030942,0.236390624130141));
#2688=DIRECTION('ref_axis',(0.939692620785908,0.33102121225494,0.0860391508429815));
#2689=DIRECTION('center_axis',(-1.,1.22464679914735E-16,-2.22044604925031E-16));
#2690=DIRECTION('ref_axis',(-2.22044604925031E-16,-1.22464679914735E-16,
1.));
#2691=DIRECTION('center_axis',(-0.342020143325669,-0.41735921203613,-0.841922508125344));
#2692=DIRECTION('ref_axis',(-0.939692620785908,0.151906330177948,0.30643473251637));
#2693=DIRECTION('center_axis',(-1.,1.22464679914735E-16,-2.22044604925031E-16));
#2694=DIRECTION('ref_axis',(-2.22044604925031E-16,-1.22464679914735E-16,
1.));
#2695=DIRECTION('center_axis',(-0.342020143325669,0.475941328671284,0.81024815533397));
#2696=DIRECTION('ref_axis',(0.939692620785908,0.173228476893455,0.294906210910664));
#2697=DIRECTION('center_axis',(-1.,1.22464679914735E-16,-2.22044604925031E-16));
#2698=DIRECTION('ref_axis',(-2.22044604925031E-16,-1.22464679914735E-16,
1.));
#2699=DIRECTION('center_axis',(-0.342020143325668,0.300211585707596,-0.890446643750439));
#2700=DIRECTION('ref_axis',(-0.939692620785909,-0.109268081179421,0.3240960735274));
#2701=DIRECTION('center_axis',(-1.,1.22464679914735E-16,-2.22044604925031E-16));
#2702=DIRECTION('ref_axis',(-2.22044604925031E-16,-1.22464679914735E-16,
1.));
#2703=DIRECTION('center_axis',(-0.342020143325669,-0.236390624130141,0.909473306030942));
#2704=DIRECTION('ref_axis',(0.939692620785908,-0.0860391508429814,0.33102121225494));
#2705=DIRECTION('center_axis',(-1.,1.22464679914735E-16,-2.22044604925031E-16));
#2706=DIRECTION('ref_axis',(-2.22044604925031E-16,-1.22464679914735E-16,
1.));
#2707=DIRECTION('center_axis',(-0.342020143325668,0.841922508125344,-0.41735921203613));
#2708=DIRECTION('ref_axis',(-0.939692620785908,-0.30643473251637,0.151906330177947));
#2709=DIRECTION('center_axis',(-1.,1.22464679914735E-16,-2.22044604925031E-16));
#2710=DIRECTION('ref_axis',(-2.22044604925031E-16,-1.22464679914735E-16,
1.));
#2711=DIRECTION('center_axis',(-0.342020143325669,-0.81024815533397,0.475941328671284));
#2712=DIRECTION('ref_axis',(0.939692620785908,-0.294906210910664,0.173228476893455));
#2713=DIRECTION('center_axis',(-1.,1.22464679914735E-16,-2.22044604925031E-16));
#2714=DIRECTION('ref_axis',(-2.22044604925031E-16,-1.22464679914735E-16,
1.));
#2715=DIRECTION('center_axis',(-0.342020143325669,0.890446643750438,0.300211585707595));
#2716=DIRECTION('ref_axis',(0.939692620785908,0.3240960735274,0.109268081179422));
#2717=DIRECTION('',(-1.,1.22464679914735E-16,-2.22044604925031E-16));
#2718=DIRECTION('center_axis',(-1.,1.22464679914735E-16,-2.22044604925031E-16));
#2719=DIRECTION('ref_axis',(-2.22044604925031E-16,-1.22464679914735E-16,
1.));
#2720=DIRECTION('center_axis',(-0.342020143325669,0.890446643750438,0.300211585707595));
#2721=DIRECTION('ref_axis',(0.939692620785908,0.3240960735274,0.109268081179422));
#2722=DIRECTION('center_axis',(-1.,1.22464679914735E-16,-2.22044604925031E-16));
#2723=DIRECTION('ref_axis',(-2.22044604925031E-16,-1.22464679914735E-16,
1.));
#2724=DIRECTION('center_axis',(-1.,1.22464679914735E-16,-2.22044604925031E-16));
#2725=DIRECTION('ref_axis',(-2.22044604925031E-16,-1.22464679914735E-16,
1.));
#2726=DIRECTION('center_axis',(1.,-1.22464679914735E-16,2.22044604925031E-16));
#2727=DIRECTION('ref_axis',(-2.22044604925031E-16,-1.22464679914735E-16,
1.));
#2728=DIRECTION('',(-2.1805745916725E-16,-0.862248077096021,0.506486182974633));
#2729=DIRECTION('center_axis',(-0.342020143325669,-0.81024815533397,0.475941328671284));
#2730=DIRECTION('ref_axis',(-1.29430865346929E-16,0.506486182974633,0.862248077096021));
#2731=DIRECTION('',(1.29430865346929E-16,-0.506486182974633,-0.862248077096021));
#2732=DIRECTION('center_axis',(0.342020143325669,0.81024815533397,-0.475941328671284));
#2733=DIRECTION('ref_axis',(0.939692620785908,-0.294906210910664,0.173228476893455));
#2734=DIRECTION('',(1.29430865346929E-16,-0.506486182974633,-0.862248077096021));
#2735=DIRECTION('center_axis',(1.,-1.22464679914735E-16,2.22044604925031E-16));
#2736=DIRECTION('ref_axis',(1.22464679914735E-16,1.,-6.12323399573676E-17));
#2737=DIRECTION('center_axis',(1.,-1.22464679914735E-16,2.22044604925031E-16));
#2738=DIRECTION('ref_axis',(-2.22044604925031E-16,-1.22464679914735E-16,
1.));
#2739=DIRECTION('center_axis',(1.,-1.22464679914735E-16,2.22044604925031E-16));
#2740=DIRECTION('ref_axis',(-2.22044604925031E-16,-1.22464679914735E-16,
1.));
#2741=DIRECTION('',(-2.49532861897598E-16,-0.31947849654977,0.947593525854993));
#2742=DIRECTION('center_axis',(-0.342020143325669,0.890446643750438,0.300211585707595));
#2743=DIRECTION('ref_axis',(2.49532861897598E-16,0.31947849654977,-0.947593525854994));
#2744=DIRECTION('center_axis',(0.342020143325669,-0.890446643750438,-0.300211585707595));
#2745=DIRECTION('ref_axis',(0.939692620785908,0.324096073527401,0.109268081179422));
#2746=DIRECTION('',(-2.49532861897598E-16,-0.31947849654977,0.947593525854994));
#2747=DIRECTION('center_axis',(-1.,1.22464679914735E-16,-2.22044604925031E-16));
#2748=DIRECTION('ref_axis',(-2.22044604925031E-16,-1.22464679914735E-16,
1.));
#2749=DIRECTION('center_axis',(1.,-1.22464679914735E-16,2.22044604925031E-16));
#2750=DIRECTION('ref_axis',(-2.22044604925031E-16,-1.22464679914735E-16,
1.));
#2751=DIRECTION('center_axis',(-0.342020143325669,-0.236390624130141,0.909473306030942));
#2752=DIRECTION('ref_axis',(6.26684654838144E-17,0.967841276938311,0.251561647821004));
#2753=DIRECTION('',(-6.26684654838144E-17,-0.967841276938311,-0.251561647821004));
#2754=DIRECTION('center_axis',(0.342020143325669,0.236390624130141,-0.909473306030942));
#2755=DIRECTION('ref_axis',(0.939692620785908,-0.0860391508429814,0.33102121225494));
#2756=DIRECTION('',(-6.26684654838144E-17,-0.967841276938311,-0.251561647821004));
#2757=DIRECTION('center_axis',(1.,-1.22464679914735E-16,2.22044604925031E-16));
#2758=DIRECTION('ref_axis',(2.43604851491927E-16,0.707106781186548,-0.707106781186548));
#2759=DIRECTION('center_axis',(1.,-1.22464679914735E-16,2.22044604925031E-16));
#2760=DIRECTION('ref_axis',(-2.22044604925031E-16,-1.22464679914735E-16,
1.));
#2761=DIRECTION('',(-1.44550021334753E-16,0.44414439658691,0.895955219294162));
#2762=DIRECTION('center_axis',(-0.342020143325668,0.841922508125344,-0.41735921203613));
#2763=DIRECTION('ref_axis',(1.44550021334753E-16,-0.44414439658691,-0.895955219294162));
#2764=DIRECTION('center_axis',(0.342020143325668,-0.841922508125344,0.41735921203613));
#2765=DIRECTION('ref_axis',(-0.939692620785909,-0.30643473251637,0.151906330177947));
#2766=DIRECTION('',(-1.44550021334753E-16,0.44414439658691,0.895955219294162));
#2767=DIRECTION('center_axis',(-1.,1.22464679914735E-16,-2.22044604925031E-16));
#2768=DIRECTION('ref_axis',(-2.22044604925031E-16,-1.22464679914735E-16,
1.));
#2769=DIRECTION('center_axis',(1.,-1.22464679914735E-16,2.22044604925031E-16));
#2770=DIRECTION('ref_axis',(-2.22044604925031E-16,-1.22464679914735E-16,
1.));
#2771=DIRECTION('center_axis',(-0.342020143325669,0.475941328671284,0.81024815533397));
#2772=DIRECTION('ref_axis',(2.1805745916725E-16,0.862248077096021,-0.506486182974633));
#2773=DIRECTION('center_axis',(0.342020143325669,-0.475941328671284,-0.81024815533397));
#2774=DIRECTION('ref_axis',(0.939692620785908,0.173228476893455,0.294906210910664));
#2775=DIRECTION('',(-2.1805745916725E-16,-0.862248077096021,0.506486182974633));
#2776=DIRECTION('',(-2.1805745916725E-16,-0.862248077096021,0.506486182974633));
#2777=DIRECTION('center_axis',(1.,-1.22464679914735E-16,2.22044604925031E-16));
#2778=DIRECTION('ref_axis',(2.22044604925031E-16,2.46519032881566E-32,-1.));
#2779=DIRECTION('center_axis',(1.,-1.22464679914735E-16,2.22044604925031E-16));
#2780=DIRECTION('ref_axis',(-2.22044604925031E-16,-1.22464679914735E-16,
1.));
#2781=DIRECTION('',(4.51082612846706E-17,0.947593525854993,0.31947849654977));
#2782=DIRECTION('center_axis',(-0.342020143325668,0.300211585707596,-0.890446643750439));
#2783=DIRECTION('ref_axis',(-4.51082612846706E-17,-0.947593525854993,-0.31947849654977));
#2784=DIRECTION('center_axis',(0.342020143325668,-0.300211585707596,0.890446643750439));
#2785=DIRECTION('ref_axis',(-0.939692620785909,-0.109268081179421,0.3240960735274));
#2786=DIRECTION('',(4.51082612846706E-17,0.947593525854993,0.31947849654977));
#2787=DIRECTION('center_axis',(-1.,1.22464679914735E-16,-2.22044604925031E-16));
#2788=DIRECTION('ref_axis',(-2.22044604925031E-16,-1.22464679914735E-16,
1.));
#2789=DIRECTION('center_axis',(1.,-1.22464679914735E-16,2.22044604925031E-16));
#2790=DIRECTION('ref_axis',(-2.22044604925031E-16,-1.22464679914735E-16,
1.));
#2791=DIRECTION('center_axis',(-0.342020143325669,0.909473306030942,0.236390624130141));
#2792=DIRECTION('ref_axis',(2.45711350647128E-16,0.251561647821004,-0.967841276938311));
#2793=DIRECTION('center_axis',(0.342020143325669,-0.909473306030942,-0.236390624130141));
#2794=DIRECTION('ref_axis',(0.939692620785908,0.33102121225494,0.0860391508429815));
#2795=DIRECTION('',(-2.45711350647128E-16,-0.251561647821004,0.967841276938311));
#2796=DIRECTION('',(-2.45711350647128E-16,-0.251561647821004,0.967841276938311));
#2797=DIRECTION('center_axis',(1.,-1.22464679914735E-16,2.22044604925031E-16));
#2798=DIRECTION('ref_axis',(7.04136402448281E-17,-0.707106781186547,-0.707106781186548));
#2799=DIRECTION('center_axis',(1.,-1.22464679914735E-16,2.22044604925031E-16));
#2800=DIRECTION('ref_axis',(-2.22044604925031E-16,-1.22464679914735E-16,
1.));
#2801=DIRECTION('',(2.08342736218603E-16,0.895955219294162,-0.44414439658691));
#2802=DIRECTION('center_axis',(-0.342020143325669,-0.41735921203613,-0.841922508125344));
#2803=DIRECTION('ref_axis',(-2.08342736218603E-16,-0.895955219294162,0.44414439658691));
#2804=DIRECTION('',(2.08342736218603E-16,0.895955219294162,-0.44414439658691));
#2805=DIRECTION('center_axis',(0.342020143325669,0.41735921203613,0.841922508125344));
#2806=DIRECTION('ref_axis',(-0.939692620785908,0.151906330177948,0.30643473251637));
#2807=DIRECTION('center_axis',(-1.,1.22464679914735E-16,-2.22044604925031E-16));
#2808=DIRECTION('ref_axis',(-2.22044604925031E-16,-1.22464679914735E-16,
1.));
#2809=DIRECTION('center_axis',(1.,-1.22464679914735E-16,2.22044604925031E-16));
#2810=DIRECTION('ref_axis',(-2.22044604925031E-16,-1.22464679914735E-16,
1.));
#2811=DIRECTION('center_axis',(-0.342020143325669,0.81024815533397,-0.475941328671284));
#2812=DIRECTION('ref_axis',(1.29430865346929E-16,-0.506486182974633,-0.862248077096021));
#2813=DIRECTION('center_axis',(0.342020143325669,-0.81024815533397,0.475941328671284));
#2814=DIRECTION('ref_axis',(-0.939692620785908,-0.294906210910664,0.173228476893455));
#2815=DIRECTION('',(-1.29430865346929E-16,0.506486182974633,0.862248077096021));
#2816=DIRECTION('',(-1.29430865346929E-16,0.506486182974633,0.862248077096021));
#2817=DIRECTION('center_axis',(1.,-1.22464679914735E-16,2.22044604925031E-16));
#2818=DIRECTION('ref_axis',(-1.22464679914735E-16,-1.,-6.12323399573677E-17));
#2819=DIRECTION('center_axis',(1.,-1.22464679914735E-16,2.22044604925031E-16));
#2820=DIRECTION('ref_axis',(-2.22044604925031E-16,-1.22464679914735E-16,
1.));
#2821=DIRECTION('',(2.49532861897598E-16,0.31947849654977,-0.947593525854994));
#2822=DIRECTION('center_axis',(-0.342020143325669,-0.890446643750438,-0.300211585707596));
#2823=DIRECTION('ref_axis',(-2.49532861897598E-16,-0.31947849654977,0.947593525854993));
#2824=DIRECTION('',(2.49532861897598E-16,0.319478496549771,-0.947593525854994));
#2825=DIRECTION('center_axis',(0.342020143325669,0.890446643750438,0.300211585707596));
#2826=DIRECTION('ref_axis',(-0.939692620785908,0.324096073527401,0.109268081179421));
#2827=DIRECTION('center_axis',(-1.,1.22464679914735E-16,-2.22044604925031E-16));
#2828=DIRECTION('ref_axis',(-2.22044604925031E-16,-1.22464679914735E-16,
1.));
#2829=DIRECTION('center_axis',(1.,-1.22464679914735E-16,2.22044604925031E-16));
#2830=DIRECTION('ref_axis',(-2.22044604925031E-16,-1.22464679914735E-16,
1.));
#2831=DIRECTION('center_axis',(-0.342020143325669,0.236390624130141,-0.909473306030942));
#2832=DIRECTION('ref_axis',(-6.26684654838143E-17,-0.967841276938311,-0.251561647821004));
#2833=DIRECTION('center_axis',(0.342020143325669,-0.236390624130141,0.909473306030942));
#2834=DIRECTION('ref_axis',(-0.939692620785908,-0.0860391508429812,0.33102121225494));
#2835=DIRECTION('',(6.26684654838143E-17,0.967841276938311,0.251561647821004));
#2836=DIRECTION('',(6.26684654838143E-17,0.967841276938311,0.251561647821004));
#2837=DIRECTION('center_axis',(1.,-1.22464679914735E-16,2.22044604925031E-16));
#2838=DIRECTION('ref_axis',(-2.43604851491927E-16,-0.707106781186548,0.707106781186547));
#2839=DIRECTION('center_axis',(1.,-1.22464679914735E-16,2.22044604925031E-16));
#2840=DIRECTION('ref_axis',(-2.22044604925031E-16,-1.22464679914735E-16,
1.));
#2841=DIRECTION('',(1.44550021334753E-16,-0.44414439658691,-0.895955219294162));
#2842=DIRECTION('center_axis',(-0.342020143325669,-0.841922508125344,0.41735921203613));
#2843=DIRECTION('ref_axis',(-1.44550021334753E-16,0.44414439658691,0.895955219294162));
#2844=DIRECTION('',(1.44550021334753E-16,-0.44414439658691,-0.895955219294162));
#2845=DIRECTION('center_axis',(0.342020143325669,0.841922508125344,-0.41735921203613));
#2846=DIRECTION('ref_axis',(0.939692620785908,-0.30643473251637,0.151906330177948));
#2847=DIRECTION('center_axis',(-1.,1.22464679914735E-16,-2.22044604925031E-16));
#2848=DIRECTION('ref_axis',(-2.22044604925031E-16,-1.22464679914735E-16,
1.));
#2849=DIRECTION('center_axis',(1.,-1.22464679914735E-16,2.22044604925031E-16));
#2850=DIRECTION('ref_axis',(-2.22044604925031E-16,-1.22464679914735E-16,
1.));
#2851=DIRECTION('center_axis',(-0.342020143325669,-0.475941328671284,-0.81024815533397));
#2852=DIRECTION('ref_axis',(-2.1805745916725E-16,-0.862248077096021,0.506486182974633));
#2853=DIRECTION('center_axis',(0.342020143325669,0.475941328671284,0.81024815533397));
#2854=DIRECTION('ref_axis',(-0.939692620785908,0.173228476893455,0.294906210910664));
#2855=DIRECTION('',(2.1805745916725E-16,0.862248077096021,-0.506486182974633));
#2856=DIRECTION('center_axis',(-1.,1.22464679914735E-16,-2.22044604925031E-16));
#2857=DIRECTION('ref_axis',(-2.22044604925031E-16,-1.22464679914735E-16,
1.));
#2858=DIRECTION('',(4.51082612846705E-17,0.947593525854993,0.319478496549771));
#2859=DIRECTION('center_axis',(1.,-1.22464679914735E-16,2.22044604925031E-16));
#2860=DIRECTION('ref_axis',(-2.22044604925031E-16,-1.22464679914735E-16,
1.));
#2861=DIRECTION('center_axis',(1.,-1.22464679914735E-16,2.22044604925031E-16));
#2862=DIRECTION('ref_axis',(-2.22044604925031E-16,-1.22464679914735E-16,
1.));
#2863=DIRECTION('center_axis',(1.,-1.22464679914735E-16,2.22044604925031E-16));
#2864=DIRECTION('ref_axis',(-2.22044604925031E-16,-1.22464679914735E-16,
1.));
#2865=DIRECTION('',(-4.51082612846706E-17,-0.947593525854993,-0.31947849654977));
#2866=DIRECTION('center_axis',(-0.342020143325669,-0.300211585707596,0.890446643750438));
#2867=DIRECTION('ref_axis',(4.51082612846705E-17,0.947593525854993,0.319478496549771));
#2868=DIRECTION('center_axis',(0.342020143325669,0.300211585707596,-0.890446643750438));
#2869=DIRECTION('ref_axis',(0.939692620785908,-0.109268081179422,0.324096073527401));
#2870=DIRECTION('center_axis',(1.,-1.22464679914735E-16,2.22044604925031E-16));
#2871=DIRECTION('ref_axis',(-2.22044604925031E-16,-1.22464679914735E-16,
1.));
#2872=DIRECTION('center_axis',(1.,-1.22464679914735E-16,2.22044604925031E-16));
#2873=DIRECTION('ref_axis',(-2.22044604925031E-16,-1.22464679914735E-16,
1.));
#2874=DIRECTION('center_axis',(-1.,1.22464679914735E-16,-2.22044604925031E-16));
#2875=DIRECTION('ref_axis',(-2.22044604925031E-16,-1.22464679914735E-16,
1.));
#2876=DIRECTION('',(-1.,1.22464679914735E-16,-2.22044604925031E-16));
#2877=DIRECTION('center_axis',(1.,-1.22464679914735E-16,2.22044604925031E-16));
#2878=DIRECTION('ref_axis',(-2.22044604925031E-16,-1.22464679914735E-16,
1.));
#2879=DIRECTION('center_axis',(1.,-1.22464679914735E-16,2.22044604925031E-16));
#2880=DIRECTION('ref_axis',(-2.22044604925031E-16,-1.22464679914735E-16,
1.));
#2881=DIRECTION('',(-1.,1.22464679914735E-16,-2.22044604925031E-16));
#2882=DIRECTION('center_axis',(-1.,1.22464679914735E-16,-2.22044604925031E-16));
#2883=DIRECTION('ref_axis',(-2.22044604925031E-16,-1.22464679914735E-16,
1.));
#2884=DIRECTION('center_axis',(-1.,1.22464679914735E-16,-2.22044604925031E-16));
#2885=DIRECTION('ref_axis',(-2.22044604925031E-16,-1.22464679914735E-16,
1.));
#2886=DIRECTION('center_axis',(-1.,1.22464679914735E-16,-2.22044604925031E-16));
#2887=DIRECTION('ref_axis',(-2.22044604925031E-16,-1.22464679914735E-16,
1.));
#2888=DIRECTION('center_axis',(-1.,1.22464679914735E-16,-2.22044604925031E-16));
#2889=DIRECTION('ref_axis',(-2.22044604925031E-16,-1.22464679914735E-16,
1.));
#2890=DIRECTION('center_axis',(-1.,1.22464679914735E-16,-2.22044604925031E-16));
#2891=DIRECTION('ref_axis',(2.22044604925031E-16,1.22464679914735E-16,-1.));
#2892=DIRECTION('center_axis',(-1.,1.22464679914735E-16,-2.22044604925031E-16));
#2893=DIRECTION('ref_axis',(2.22044604925031E-16,1.22464679914735E-16,-1.));
#2894=DIRECTION('center_axis',(1.,-1.22464679914735E-16,2.22044604925031E-16));
#2895=DIRECTION('ref_axis',(2.22044604925031E-16,1.22464679914735E-16,-1.));
#2896=DIRECTION('center_axis',(1.,-1.22464679914764E-16,2.22044604925013E-16));
#2897=DIRECTION('ref_axis',(2.22044604925031E-16,1.22464679914735E-16,-1.));
#2898=DIRECTION('',(1.,-1.22464679914735E-16,2.22044604925031E-16));
#2899=DIRECTION('center_axis',(-1.,1.22464679914735E-16,-2.22044604925031E-16));
#2900=DIRECTION('ref_axis',(2.22044604925031E-16,1.22464679914735E-16,-1.));
#2901=DIRECTION('center_axis',(-1.,1.22464679914764E-16,-2.22044604925013E-16));
#2902=DIRECTION('ref_axis',(-2.22044604925013E-16,-1.22464679914735E-16,
1.));
#2903=DIRECTION('center_axis',(-1.,1.22464679914735E-16,-2.22044604925031E-16));
#2904=DIRECTION('ref_axis',(-2.22044604925031E-16,-1.22464679914735E-16,
1.));
#2905=DIRECTION('center_axis',(-1.,1.22464679914735E-16,-2.22044604925031E-16));
#2906=DIRECTION('ref_axis',(-2.22044604925031E-16,-1.22464679914735E-16,
1.));
#2907=DIRECTION('center_axis',(-1.,1.22464679914735E-16,-2.22044604925031E-16));
#2908=DIRECTION('ref_axis',(-2.22044604925031E-16,-1.22464679914735E-16,
1.));
#2909=DIRECTION('center_axis',(-1.,1.22464679914735E-16,-2.22044604925031E-16));
#2910=DIRECTION('ref_axis',(-2.22044604925031E-16,-1.22464679914735E-16,
1.));
#2911=DIRECTION('center_axis',(-1.,1.22464679914735E-16,-2.22044604925031E-16));
#2912=DIRECTION('ref_axis',(-2.22044604925031E-16,-1.22464679914735E-16,
1.));
#2913=DIRECTION('center_axis',(-1.,1.22464679914735E-16,-2.22044604925031E-16));
#2914=DIRECTION('ref_axis',(-2.22044604925031E-16,-1.22464679914735E-16,
1.));
#2915=DIRECTION('center_axis',(-1.,1.22464679914735E-16,-2.22044604925031E-16));
#2916=DIRECTION('ref_axis',(-2.22044604925031E-16,-1.22464679914735E-16,
1.));
#2917=DIRECTION('center_axis',(-1.,1.22464679914735E-16,-2.22044604925031E-16));
#2918=DIRECTION('ref_axis',(-2.22044604925031E-16,-1.22464679914735E-16,
1.));
#2919=DIRECTION('center_axis',(-1.,1.22464679914735E-16,-2.22044604925031E-16));
#2920=DIRECTION('ref_axis',(-2.22044604925031E-16,-1.22464679914735E-16,
1.));
#2921=DIRECTION('center_axis',(-1.,1.22464679914735E-16,-2.22044604925031E-16));
#2922=DIRECTION('ref_axis',(-2.22044604925031E-16,-1.22464679914735E-16,
1.));
#2923=DIRECTION('center_axis',(-1.,1.22464679914735E-16,-2.22044604925031E-16));
#2924=DIRECTION('ref_axis',(-2.22044604925031E-16,-1.22464679914735E-16,
1.));
#2925=DIRECTION('center_axis',(-1.,1.22464679914735E-16,-2.22044604925031E-16));
#2926=DIRECTION('ref_axis',(-2.22044604925031E-16,-1.22464679914735E-16,
1.));
#2927=DIRECTION('center_axis',(-1.,1.22464679914735E-16,-2.22044604925031E-16));
#2928=DIRECTION('ref_axis',(-2.22044604925031E-16,-1.22464679914735E-16,
1.));
#2929=DIRECTION('center_axis',(-1.,1.22464679914735E-16,-2.22044604925031E-16));
#2930=DIRECTION('ref_axis',(-2.22044604925031E-16,-1.22464679914735E-16,
1.));
#2931=DIRECTION('center_axis',(-1.,1.22464679914735E-16,-2.22044604925031E-16));
#2932=DIRECTION('ref_axis',(-2.22044604925031E-16,-1.22464679914735E-16,
1.));
#2933=DIRECTION('center_axis',(-1.,1.22464679914735E-16,-2.22044604925031E-16));
#2934=DIRECTION('ref_axis',(-2.22044604925031E-16,-1.22464679914735E-16,
1.));
#2935=DIRECTION('center_axis',(-1.,1.22464679914735E-16,-2.22044604925031E-16));
#2936=DIRECTION('ref_axis',(-2.22044604925031E-16,-1.22464679914735E-16,
1.));
#2937=DIRECTION('center_axis',(-1.,1.22464679914735E-16,-2.22044604925031E-16));
#2938=DIRECTION('ref_axis',(-2.22044604925031E-16,-1.22464679914735E-16,
1.));
#2939=DIRECTION('center_axis',(-1.,1.22464679914735E-16,-2.22044604925031E-16));
#2940=DIRECTION('ref_axis',(-2.22044604925031E-16,-1.22464679914735E-16,
1.));
#2941=DIRECTION('center_axis',(-1.,1.22464679914735E-16,-2.22044604925031E-16));
#2942=DIRECTION('ref_axis',(-2.22044604925031E-16,-1.22464679914735E-16,
1.));
#2943=DIRECTION('center_axis',(-1.,1.22464679914735E-16,-2.22044604925031E-16));
#2944=DIRECTION('ref_axis',(-2.22044604925031E-16,-1.22464679914735E-16,
1.));
#2945=DIRECTION('center_axis',(-1.,1.22464679914735E-16,-2.22044604925031E-16));
#2946=DIRECTION('ref_axis',(-2.22044604925031E-16,-1.22464679914735E-16,
1.));
#2947=DIRECTION('center_axis',(-1.,1.22464679914735E-16,-2.22044604925031E-16));
#2948=DIRECTION('ref_axis',(-2.22044604925031E-16,-1.22464679914735E-16,
1.));
#2949=DIRECTION('center_axis',(-1.,1.22464679914735E-16,-2.22044604925031E-16));
#2950=DIRECTION('ref_axis',(-2.22044604925031E-16,-1.22464679914735E-16,
1.));
#2951=DIRECTION('center_axis',(-1.,1.22464679914735E-16,-2.22044604925031E-16));
#2952=DIRECTION('ref_axis',(-2.22044604925031E-16,-1.22464679914735E-16,
1.));
#2953=DIRECTION('center_axis',(-1.,1.22464679914735E-16,-2.22044604925031E-16));
#2954=DIRECTION('ref_axis',(-2.22044604925031E-16,-1.22464679914735E-16,
1.));
#2955=DIRECTION('center_axis',(-1.,1.22464679914735E-16,-2.22044604925031E-16));
#2956=DIRECTION('ref_axis',(-2.22044604925031E-16,-1.22464679914735E-16,
1.));
#2957=DIRECTION('center_axis',(-1.,1.22464679914735E-16,-2.22044604925031E-16));
#2958=DIRECTION('ref_axis',(-2.22044604925031E-16,-1.22464679914735E-16,
1.));
#2959=DIRECTION('center_axis',(-1.,1.22464679914735E-16,-2.22044604925031E-16));
#2960=DIRECTION('ref_axis',(-2.22044604925031E-16,-1.22464679914735E-16,
1.));
#2961=DIRECTION('center_axis',(-1.,1.22464679914735E-16,-2.22044604925031E-16));
#2962=DIRECTION('ref_axis',(-2.22044604925031E-16,-1.22464679914735E-16,
1.));
#2963=DIRECTION('center_axis',(-1.,1.22464679914735E-16,-2.22044604925031E-16));
#2964=DIRECTION('ref_axis',(-2.22044604925031E-16,-1.22464679914735E-16,
1.));
#2965=DIRECTION('center_axis',(-1.,1.22464679914735E-16,-2.22044604925031E-16));
#2966=DIRECTION('ref_axis',(-2.22044604925031E-16,-1.22464679914735E-16,
1.));
#2967=DIRECTION('center_axis',(-1.,1.22464679914735E-16,-2.22044604925031E-16));
#2968=DIRECTION('ref_axis',(-2.22044604925031E-16,-1.22464679914735E-16,
1.));
#2969=DIRECTION('center_axis',(-1.,1.22464679914735E-16,-2.22044604925031E-16));
#2970=DIRECTION('ref_axis',(-2.22044604925031E-16,-1.22464679914735E-16,
1.));
#2971=DIRECTION('center_axis',(-1.,1.22464679914735E-16,-2.22044604925031E-16));
#2972=DIRECTION('ref_axis',(-2.22044604925031E-16,-1.22464679914735E-16,
1.));
#2973=DIRECTION('center_axis',(-1.,1.22464679914735E-16,-2.22044604925031E-16));
#2974=DIRECTION('ref_axis',(-2.22044604925031E-16,-1.22464679914735E-16,
1.));
#2975=DIRECTION('center_axis',(-1.,1.22464679914735E-16,-2.22044604925031E-16));
#2976=DIRECTION('ref_axis',(-2.22044604925031E-16,-1.22464679914735E-16,
1.));
#2977=DIRECTION('center_axis',(-1.,1.22464679914735E-16,-2.22044604925031E-16));
#2978=DIRECTION('ref_axis',(-2.22044604925031E-16,-1.22464679914735E-16,
1.));
#2979=DIRECTION('center_axis',(-1.,1.22464679914735E-16,-2.22044604925031E-16));
#2980=DIRECTION('ref_axis',(-2.22044604925031E-16,-1.22464679914735E-16,
1.));
#2981=DIRECTION('center_axis',(-1.,1.22464679914735E-16,-2.22044604925031E-16));
#2982=DIRECTION('ref_axis',(-2.22044604925031E-16,-1.22464679914735E-16,
1.));
#2983=DIRECTION('center_axis',(-1.,1.22464679914735E-16,-2.22044604925031E-16));
#2984=DIRECTION('ref_axis',(-2.22044604925031E-16,-1.22464679914735E-16,
1.));
#2985=DIRECTION('center_axis',(-1.,1.22464679914735E-16,-2.22044604925031E-16));
#2986=DIRECTION('ref_axis',(-2.22044604925031E-16,-1.22464679914735E-16,
1.));
#2987=DIRECTION('center_axis',(-1.,1.22464679914735E-16,-2.22044604925031E-16));
#2988=DIRECTION('ref_axis',(-2.22044604925031E-16,-1.22464679914735E-16,
1.));
#2989=DIRECTION('center_axis',(-1.,1.22464679914735E-16,-2.22044604925031E-16));
#2990=DIRECTION('ref_axis',(-2.22044604925031E-16,-1.22464679914735E-16,
1.));
#2991=DIRECTION('center_axis',(-1.,1.22464679914735E-16,-2.22044604925031E-16));
#2992=DIRECTION('ref_axis',(-2.22044604925031E-16,-1.22464679914735E-16,
1.));
#2993=DIRECTION('center_axis',(-1.,1.22464679914735E-16,-2.22044604925031E-16));
#2994=DIRECTION('ref_axis',(-2.22044604925031E-16,-1.22464679914735E-16,
1.));
#2995=DIRECTION('center_axis',(-1.,1.22464679914735E-16,-2.22044604925031E-16));
#2996=DIRECTION('ref_axis',(-2.22044604925031E-16,-1.22464679914735E-16,
1.));
#2997=DIRECTION('center_axis',(-1.,1.22464679914735E-16,-2.22044604925031E-16));
#2998=DIRECTION('ref_axis',(-2.22044604925031E-16,-1.22464679914735E-16,
1.));
#2999=DIRECTION('center_axis',(-1.,1.22464679914735E-16,-2.22044604925031E-16));
#3000=DIRECTION('ref_axis',(-2.22044604925031E-16,-1.22464679914735E-16,
1.));
#3001=DIRECTION('center_axis',(-1.,1.22464679914735E-16,-2.22044604925031E-16));
#3002=DIRECTION('ref_axis',(-2.22044604925031E-16,-1.22464679914735E-16,
1.));
#3003=DIRECTION('center_axis',(-1.,1.22464679914735E-16,-2.22044604925031E-16));
#3004=DIRECTION('ref_axis',(-2.22044604925031E-16,-1.22464679914735E-16,
1.));
#3005=DIRECTION('center_axis',(-1.,1.22464679914735E-16,-2.22044604925031E-16));
#3006=DIRECTION('ref_axis',(-2.22044604925031E-16,-1.22464679914735E-16,
1.));
#3007=DIRECTION('center_axis',(-1.,1.22464679914735E-16,-2.22044604925031E-16));
#3008=DIRECTION('ref_axis',(-2.22044604925031E-16,-1.22464679914735E-16,
1.));
#3009=DIRECTION('center_axis',(-1.,1.22464679914735E-16,-2.22044604925031E-16));
#3010=DIRECTION('ref_axis',(-2.22044604925031E-16,-1.22464679914735E-16,
1.));
#3011=DIRECTION('center_axis',(-1.,1.22464679914735E-16,-2.22044604925031E-16));
#3012=DIRECTION('ref_axis',(-2.22044604925031E-16,-1.22464679914735E-16,
1.));
#3013=DIRECTION('center_axis',(-1.,1.22464679914735E-16,-2.22044604925031E-16));
#3014=DIRECTION('ref_axis',(-2.22044604925031E-16,-1.22464679914735E-16,
1.));
#3015=DIRECTION('center_axis',(-1.,1.22464679914735E-16,-2.22044604925031E-16));
#3016=DIRECTION('ref_axis',(-2.22044604925031E-16,-1.22464679914735E-16,
1.));
#3017=DIRECTION('center_axis',(-1.,1.22464679914735E-16,-2.22044604925031E-16));
#3018=DIRECTION('ref_axis',(-2.22044604925031E-16,-1.22464679914735E-16,
1.));
#3019=DIRECTION('center_axis',(-1.,1.22464679914735E-16,-2.22044604925031E-16));
#3020=DIRECTION('ref_axis',(-2.22044604925031E-16,-1.22464679914735E-16,
1.));
#3021=DIRECTION('center_axis',(-1.,1.22464679914735E-16,-2.22044604925031E-16));
#3022=DIRECTION('ref_axis',(-2.22044604925031E-16,-1.22464679914735E-16,
1.));
#3023=DIRECTION('center_axis',(1.,-1.22464679914735E-16,2.22044604925031E-16));
#3024=DIRECTION('ref_axis',(2.22044604925031E-16,1.22464679914735E-16,-1.));
#3025=DIRECTION('',(-0.989388364891579,0.106311606949026,0.0990379000437889));
#3026=DIRECTION('',(-0.968704803806467,0.229356448385511,0.0949032279022142));
#3027=DIRECTION('',(-0.998879840593076,-0.00153586286655682,0.0472938175875724));
#3028=DIRECTION('center_axis',(1.,-1.22464679914735E-16,2.22044604925031E-16));
#3029=DIRECTION('ref_axis',(2.22044604925031E-16,1.22464679914735E-16,-1.));
#3030=DIRECTION('',(-0.99918162590029,-0.00353157848438087,-0.0402939997600227));
#3031=DIRECTION('',(-0.989762046483165,0.106520376250364,-0.0949973725159755));
#3032=DIRECTION('center_axis',(1.,-1.22464679914735E-16,2.22044604925031E-16));
#3033=DIRECTION('ref_axis',(2.22044604925031E-16,1.22464679914735E-16,-1.));
#3034=DIRECTION('',(-0.968701286319855,0.230861180285813,-0.091219149959311));
#3035=DIRECTION('',(-0.989172089323709,0.144044378222816,-0.0281032881593907));
#3036=DIRECTION('',(-0.989172089323709,0.144044378222816,-0.0281032881593907));
#3037=DIRECTION('center_axis',(1.,-1.22464679914735E-16,2.22044604925031E-16));
#3038=DIRECTION('ref_axis',(2.22044604925031E-16,1.22464679914735E-16,-1.));
#3039=DIRECTION('',(-0.991754267044963,0.127112123627303,-0.0163089492324087));
#3040=DIRECTION('',(-0.998322105560234,0.0571679450588309,0.00920867023691373));
#3041=DIRECTION('center_axis',(1.,-1.22464679914735E-16,2.22044604925031E-16));
#3042=DIRECTION('ref_axis',(2.22044604925031E-16,1.22464679914735E-16,-1.));
#3043=DIRECTION('',(-0.999896136938613,0.0092604155458467,-0.0110435519266884));
#3044=DIRECTION('',(-0.999800725652299,0.00439634266512315,-0.019472574465329));
#3045=DIRECTION('center_axis',(1.,-1.22464679914735E-16,2.22044604925031E-16));
#3046=DIRECTION('ref_axis',(2.22044604925031E-16,1.22464679914735E-16,-1.));
#3047=DIRECTION('',(-0.999067167570745,-0.000934896702460317,-0.0431731473293836));
#3048=DIRECTION('',(-0.992660978347208,0.022299624866584,-0.118856673340515));
#3049=DIRECTION('center_axis',(1.,-1.22464679914735E-16,2.22044604925031E-16));
#3050=DIRECTION('ref_axis',(2.22044604925031E-16,1.22464679914735E-16,-1.));
#3051=DIRECTION('',(-0.986784934070437,0.0476218664959625,-0.154879474828155));
#3052=DIRECTION('',(-0.986784934070437,0.0476218664959625,-0.154879474828155));
#3053=DIRECTION('',(-0.974042647937287,0.0856449728418412,-0.209537248779872));
#3054=DIRECTION('center_axis',(1.,-1.22464679914735E-16,2.22044604925031E-16));
#3055=DIRECTION('ref_axis',(2.22044604925031E-16,1.22464679914735E-16,-1.));
#3056=DIRECTION('',(-0.989623886179406,0.0883360259476467,-0.113319505924384));
#3057=DIRECTION('',(-0.995631457277842,0.0751102911706564,-0.0554657140859166));
#3058=DIRECTION('center_axis',(1.,-1.22464679914735E-16,2.22044604925031E-16));
#3059=DIRECTION('ref_axis',(2.22044604925031E-16,1.22464679914735E-16,-1.));
#3060=DIRECTION('',(-0.999440272972456,0.033432279066529,0.00119309562104565));
#3061=DIRECTION('',(-0.999786525437473,-0.0195174697985045,0.00678026004878074));
#3062=DIRECTION('center_axis',(1.,-1.22464679914735E-16,2.22044604925031E-16));
#3063=DIRECTION('ref_axis',(2.22044604925031E-16,1.22464679914735E-16,-1.));
#3064=DIRECTION('',(-0.995832021486099,-0.0725890911134724,-0.0552214526631552));
#3065=DIRECTION('',(-0.987615547789773,-0.0886714739377009,-0.129432992214587));
#3066=DIRECTION('center_axis',(1.,-1.22464679914735E-16,2.22044604925031E-16));
#3067=DIRECTION('ref_axis',(2.22044604925031E-16,1.22464679914735E-16,-1.));
#3068=DIRECTION('',(-0.977786529880849,-0.0881960831632798,-0.190144557897992));
#3069=DIRECTION('',(-0.977786529880849,-0.0881960831632798,-0.190144557897992));
#3070=DIRECTION('',(-0.973072828113493,-0.0894690902857429,-0.212425405897339));
#3071=DIRECTION('center_axis',(1.,-1.22464679914735E-16,2.22044604925031E-16));
#3072=DIRECTION('ref_axis',(2.22044604925031E-16,1.22464679914735E-16,-1.));
#3073=DIRECTION('',(-0.989736067892457,-0.0220122552691897,-0.14120189988361));
#3074=DIRECTION('',(-0.998443325375937,0.0120612791970307,-0.0544559597874529));
#3075=DIRECTION('center_axis',(1.,-1.22464679914735E-16,2.22044604925031E-16));
#3076=DIRECTION('ref_axis',(2.22044604925031E-16,1.22464679914735E-16,-1.));
#3077=DIRECTION('',(-0.999896462721886,-0.0137787746700369,0.00414839786568489));
#3078=DIRECTION('',(-0.99980282054581,-0.0185703066289113,0.00703304630664895));
#3079=DIRECTION('center_axis',(1.,-1.22464679914735E-16,2.22044604925031E-16));
#3080=DIRECTION('ref_axis',(2.22044604925031E-16,1.22464679914735E-16,-1.));
#3081=DIRECTION('',(-0.996272662945308,-0.085696150177361,0.00984636545348168));
#3082=DIRECTION('',(-0.983971197118229,-0.172924516453601,-0.0435636872981134));
#3083=DIRECTION('center_axis',(1.,-1.22464679914735E-16,2.22044604925031E-16));
#3084=DIRECTION('ref_axis',(2.22044604925031E-16,1.22464679914735E-16,-1.));
#3085=DIRECTION('',(-0.979957758104194,-0.189847055529713,-0.0603397699539804));
#3086=DIRECTION('',(-0.979957758104194,-0.189847055529713,-0.0603397699539804));
#3087=DIRECTION('',(-0.98211793955291,-0.159422621900826,-0.100143798782619));
#3088=DIRECTION('',(-0.98211793955291,-0.159422621900826,-0.100143798782619));
#3089=DIRECTION('center_axis',(1.,-1.22464679914735E-16,2.22044604925031E-16));
#3090=DIRECTION('ref_axis',(2.22044604925031E-16,1.22464679914735E-16,-1.));
#3091=DIRECTION('',(-0.984706384969152,-0.143564268397766,-0.0987047934013297));
#3092=DIRECTION('',(-0.993872954760768,-0.0760355800442484,-0.0802193266141974));
#3093=DIRECTION('center_axis',(1.,-1.22464679914735E-16,2.22044604925031E-16));
#3094=DIRECTION('ref_axis',(2.22044604925031E-16,1.22464679914735E-16,-1.));
#3095=DIRECTION('',(-0.998737433753128,-0.0300964221274237,-0.0402211859017733));
#3096=DIRECTION('',(-0.998984001052029,-0.0277458342946709,-0.0355124530463914));
#3097=DIRECTION('center_axis',(1.,-1.22464679914735E-16,2.22044604925031E-16));
#3098=DIRECTION('ref_axis',(2.22044604925031E-16,1.22464679914735E-16,-1.));
#3099=DIRECTION('',(-0.998811814505836,-0.039132061907094,0.0290454976624208));
#3100=DIRECTION('',(-0.990158705329819,-0.119894788521199,0.0721871037307489));
#3101=DIRECTION('center_axis',(1.,-1.22464679914735E-16,2.22044604925031E-16));
#3102=DIRECTION('ref_axis',(2.22044604925031E-16,1.22464679914735E-16,-1.));
#3103=DIRECTION('',(-0.977932333504309,-0.192961363896313,0.0800890949511365));
#3104=DIRECTION('',(-0.977932333504309,-0.192961363896313,0.0800890949511365));
#3105=DIRECTION('',(-0.975196192122504,-0.210813858809046,0.067452974758767));
#3106=DIRECTION('',(-0.975196192122504,-0.210813858809046,0.067452974758767));
#3107=DIRECTION('center_axis',(1.,-1.22464679914735E-16,2.22044604925031E-16));
#3108=DIRECTION('ref_axis',(2.22044604925031E-16,1.22464679914735E-16,-1.));
#3109=DIRECTION('',(-0.989229521702188,-0.146277365457818,0.00528069574773678));
#3110=DIRECTION('',(-0.997696631745329,-0.0608831867946707,-0.0299110108446721));
#3111=DIRECTION('center_axis',(1.,-1.22464679914735E-16,2.22044604925031E-16));
#3112=DIRECTION('ref_axis',(2.22044604925031E-16,1.22464679914735E-16,-1.));
#3113=DIRECTION('',(-0.999932564799663,-0.00631506209512991,-0.00974606812529008));
#3114=DIRECTION('',(-0.999485413104434,0.0086334379584644,0.0308929237929529));
#3115=DIRECTION('center_axis',(1.,-1.22464679914735E-16,2.22044604925031E-16));
#3116=DIRECTION('ref_axis',(2.22044604925031E-16,1.22464679914735E-16,-1.));
#3117=DIRECTION('',(-0.998929172333063,0.00827570911223592,0.0455194606807927));
#3118=DIRECTION('',(-0.977633402249761,-0.0800373791916662,0.194491513279335));
#3119=DIRECTION('center_axis',(1.,-1.22464679914735E-16,2.22044604925031E-16));
#3120=DIRECTION('ref_axis',(2.22044604925031E-16,1.22464679914735E-16,-1.));
#3121=DIRECTION('',(-0.990724427259241,-0.0804769775303456,0.10949230712442));
#3122=DIRECTION('',(-0.998185177383341,-0.0552423281099051,0.0239715839523821));
#3123=DIRECTION('center_axis',(1.,-1.22464679914735E-16,2.22044604925031E-16));
#3124=DIRECTION('ref_axis',(2.22044604925031E-16,1.22464679914735E-16,-1.));
#3125=DIRECTION('',(-0.999750472011616,-0.00895554753068918,-0.0204644052192356));
#3126=DIRECTION('',(-0.998794517602546,0.0475562796251985,-0.0121619026186932));
#3127=DIRECTION('center_axis',(1.,-1.22464679914735E-16,2.22044604925031E-16));
#3128=DIRECTION('ref_axis',(2.22044604925031E-16,1.22464679914735E-16,-1.));
#3129=DIRECTION('',(-0.99648386427143,0.0791866953138856,0.0273747243263643));
#3130=DIRECTION('',(-0.99301997144552,0.0942771974956946,0.0708741584972782));
#3131=DIRECTION('center_axis',(1.,-1.22464679914735E-16,2.22044604925031E-16));
#3132=DIRECTION('ref_axis',(2.22044604925031E-16,1.22464679914735E-16,-1.));
#3133=DIRECTION('',(-0.976977383525367,0.0965056323992771,0.190267850660962));
#3134=DIRECTION('',(-0.976977383525367,0.0965056323992771,0.190267850660962));
#3135=DIRECTION('',(-0.965381235261098,0.104729581727011,0.238894925264313));
#3136=DIRECTION('center_axis',(1.,-1.22464679914735E-16,2.22044604925031E-16));
#3137=DIRECTION('ref_axis',(2.22044604925031E-16,1.22464679914735E-16,-1.));
#3138=DIRECTION('',(-0.988213168922804,0.00923115204052591,0.152805492700868));
#3139=DIRECTION('',(-0.997466305544335,-0.0297489222714136,0.0646217527418223));
#3140=DIRECTION('center_axis',(1.,-1.22464679914735E-16,2.22044604925031E-16));
#3141=DIRECTION('ref_axis',(2.22044604925031E-16,1.22464679914735E-16,-1.));
#3142=DIRECTION('',(-0.999980369929611,-0.0024066123484295,-0.00578515103031026));
#3143=DIRECTION('',(-0.999966929594755,0.000984079433245882,-0.00807287461241689));
#3144=DIRECTION('center_axis',(1.,-1.22464679914735E-16,2.22044604925031E-16));
#3145=DIRECTION('ref_axis',(2.22044604925031E-16,1.22464679914735E-16,-1.));
#3146=DIRECTION('',(-0.998369893515783,0.0537109487847986,-0.0193051729316364));
#3147=DIRECTION('',(-0.993525032643349,0.113609792720049,-0.000908024855993152));
#3148=DIRECTION('center_axis',(1.,-1.22464679914735E-16,2.22044604925031E-16));
#3149=DIRECTION('ref_axis',(2.22044604925031E-16,1.22464679914735E-16,-1.));
#3150=DIRECTION('center_axis',(1.,-1.22464679914735E-16,2.22044604925031E-16));
#3151=DIRECTION('ref_axis',(2.22044604925031E-16,1.22464679914735E-16,-1.));
#3152=DIRECTION('center_axis',(1.,-1.22464679914735E-16,2.22044604925031E-16));
#3153=DIRECTION('ref_axis',(2.22044604925031E-16,1.22464679914735E-16,-1.));
#3154=DIRECTION('',(-0.975193309994601,0.2076658742099,0.0766348016922557));
#3155=DIRECTION('',(-0.975193309994601,0.2076658742099,0.0766348016922557));
#3156=DIRECTION('center_axis',(-1.,1.22464679914735E-16,-2.22044604925031E-16));
#3157=DIRECTION('ref_axis',(-2.22044604925031E-16,-1.22464679914735E-16,
1.));
#3158=DIRECTION('center_axis',(1.,-1.22464679914735E-16,2.22044604925031E-16));
#3159=DIRECTION('ref_axis',(2.22044604925031E-16,1.22464679914735E-16,-1.));
#3160=DIRECTION('center_axis',(-1.,1.22464679914735E-16,-2.22044604925031E-16));
#3161=DIRECTION('ref_axis',(-2.22044604925031E-16,-1.22464679914735E-16,
1.));
#3162=DIRECTION('center_axis',(1.,-1.22464679914735E-16,2.22044604925031E-16));
#3163=DIRECTION('ref_axis',(2.22044604925031E-16,1.22464679914735E-16,-1.));
#3164=DIRECTION('center_axis',(-1.,1.22464679914735E-16,-2.22044604925031E-16));
#3165=DIRECTION('ref_axis',(-2.22044604925031E-16,-1.22464679914735E-16,
1.));
#3166=DIRECTION('center_axis',(1.,-1.22464679914735E-16,2.22044604925031E-16));
#3167=DIRECTION('ref_axis',(2.22044604925031E-16,1.22464679914735E-16,-1.));
#3168=DIRECTION('center_axis',(-1.,1.22464679914735E-16,-2.22044604925031E-16));
#3169=DIRECTION('ref_axis',(-2.22044604925031E-16,-1.22464679914735E-16,
1.));
#3170=DIRECTION('center_axis',(1.,-1.22464679914735E-16,2.22044604925031E-16));
#3171=DIRECTION('ref_axis',(2.22044604925031E-16,1.22464679914735E-16,-1.));
#3172=DIRECTION('center_axis',(-1.,1.22464679914735E-16,-2.22044604925031E-16));
#3173=DIRECTION('ref_axis',(-2.22044604925031E-16,-1.22464679914735E-16,
1.));
#3174=DIRECTION('center_axis',(1.,-1.22464679914735E-16,2.22044604925031E-16));
#3175=DIRECTION('ref_axis',(2.22044604925031E-16,1.22464679914735E-16,-1.));
#3176=DIRECTION('center_axis',(-1.,1.22464679914735E-16,-2.22044604925031E-16));
#3177=DIRECTION('ref_axis',(-2.22044604925031E-16,-1.22464679914735E-16,
1.));
#3178=DIRECTION('center_axis',(1.,-1.22464679914735E-16,2.22044604925031E-16));
#3179=DIRECTION('ref_axis',(2.22044604925031E-16,1.22464679914735E-16,-1.));
#3180=DIRECTION('center_axis',(-1.,1.22464679914735E-16,-2.22044604925031E-16));
#3181=DIRECTION('ref_axis',(-2.22044604925031E-16,-1.22464679914735E-16,
1.));
#3182=DIRECTION('center_axis',(1.,-1.22464679914735E-16,2.22044604925031E-16));
#3183=DIRECTION('ref_axis',(2.22044604925031E-16,1.22464679914735E-16,-1.));
#3184=DIRECTION('center_axis',(-1.,1.22464679914735E-16,-2.22044604925031E-16));
#3185=DIRECTION('ref_axis',(-2.22044604925031E-16,-1.22464679914735E-16,
1.));
#3186=DIRECTION('center_axis',(1.,-1.22464679914735E-16,2.22044604925031E-16));
#3187=DIRECTION('ref_axis',(2.22044604925031E-16,1.22464679914735E-16,-1.));
#3188=DIRECTION('center_axis',(-1.,1.22464679914735E-16,-2.22044604925031E-16));
#3189=DIRECTION('ref_axis',(-2.22044604925031E-16,-1.22464679914735E-16,
1.));
#3190=DIRECTION('center_axis',(1.,-1.22464679914735E-16,2.22044604925031E-16));
#3191=DIRECTION('ref_axis',(2.22044604925031E-16,1.22464679914735E-16,-1.));
#3192=DIRECTION('center_axis',(-1.,1.22464679914735E-16,-2.22044604925031E-16));
#3193=DIRECTION('ref_axis',(-2.22044604925031E-16,-1.22464679914735E-16,
1.));
#3194=DIRECTION('center_axis',(1.,-1.22464679914735E-16,2.22044604925031E-16));
#3195=DIRECTION('ref_axis',(2.22044604925031E-16,1.22464679914735E-16,-1.));
#3196=DIRECTION('center_axis',(-1.,1.22464679914735E-16,-2.22044604925031E-16));
#3197=DIRECTION('ref_axis',(-2.22044604925031E-16,-1.22464679914735E-16,
1.));
#3198=DIRECTION('center_axis',(1.,-1.22464679914735E-16,2.22044604925031E-16));
#3199=DIRECTION('ref_axis',(2.22044604925031E-16,1.22464679914735E-16,-1.));
#3200=DIRECTION('center_axis',(-1.,1.22464679914735E-16,-2.22044604925031E-16));
#3201=DIRECTION('ref_axis',(-2.22044604925031E-16,-1.22464679914735E-16,
1.));
#3202=DIRECTION('center_axis',(1.,-1.22464679914735E-16,2.22044604925031E-16));
#3203=DIRECTION('ref_axis',(2.22044604925031E-16,1.22464679914735E-16,-1.));
#3204=DIRECTION('center_axis',(-1.,1.22464679914735E-16,-2.22044604925031E-16));
#3205=DIRECTION('ref_axis',(-2.22044604925031E-16,-1.22464679914735E-16,
1.));
#3206=DIRECTION('center_axis',(1.,-1.22464679914735E-16,2.22044604925031E-16));
#3207=DIRECTION('ref_axis',(2.22044604925031E-16,1.22464679914735E-16,-1.));
#3208=DIRECTION('center_axis',(-1.,1.22464679914735E-16,-2.22044604925031E-16));
#3209=DIRECTION('ref_axis',(-2.22044604925031E-16,-1.22464679914735E-16,
1.));
#3210=DIRECTION('center_axis',(1.,-1.22464679914735E-16,2.22044604925031E-16));
#3211=DIRECTION('ref_axis',(2.22044604925031E-16,1.22464679914735E-16,-1.));
#3212=DIRECTION('center_axis',(1.,-1.22464679914735E-16,2.22044604925031E-16));
#3213=DIRECTION('ref_axis',(2.22044604925031E-16,1.22464679914735E-16,-1.));
#3214=DIRECTION('center_axis',(-1.,1.22464679914735E-16,-2.22044604925031E-16));
#3215=DIRECTION('ref_axis',(-2.22044604925031E-16,-1.22464679914735E-16,
1.));
#3216=DIRECTION('center_axis',(1.,-1.22464679914735E-16,2.22044604925031E-16));
#3217=DIRECTION('ref_axis',(2.22044604925031E-16,1.22464679914735E-16,-1.));
#3218=DIRECTION('center_axis',(-1.,1.22464679914735E-16,-2.22044604925031E-16));
#3219=DIRECTION('ref_axis',(-2.22044604925031E-16,-1.22464679914735E-16,
1.));
#3220=DIRECTION('center_axis',(1.,-1.22464679914735E-16,2.22044604925031E-16));
#3221=DIRECTION('ref_axis',(2.22044604925031E-16,1.22464679914735E-16,-1.));
#3222=DIRECTION('center_axis',(-1.,1.22464679914735E-16,-2.22044604925031E-16));
#3223=DIRECTION('ref_axis',(-2.22044604925031E-16,-1.22464679914735E-16,
1.));
#3224=DIRECTION('center_axis',(1.,-1.22464679914735E-16,2.22044604925031E-16));
#3225=DIRECTION('ref_axis',(2.22044604925031E-16,1.22464679914735E-16,-1.));
#3226=DIRECTION('center_axis',(-1.,1.22464679914735E-16,-2.22044604925031E-16));
#3227=DIRECTION('ref_axis',(-2.22044604925031E-16,-1.22464679914735E-16,
1.));
#3228=DIRECTION('center_axis',(1.,-1.22464679914735E-16,2.22044604925031E-16));
#3229=DIRECTION('ref_axis',(2.22044604925031E-16,1.22464679914735E-16,-1.));
#3230=DIRECTION('center_axis',(1.,-1.22464679914735E-16,2.22044604925031E-16));
#3231=DIRECTION('ref_axis',(2.22044604925031E-16,1.22464679914735E-16,-1.));
#3232=DIRECTION('center_axis',(-1.,1.22464679914735E-16,-2.22044604925031E-16));
#3233=DIRECTION('ref_axis',(-2.22044604925031E-16,-1.22464679914735E-16,
1.));
#3234=DIRECTION('center_axis',(-1.,1.22464679914735E-16,-2.22044604925031E-16));
#3235=DIRECTION('ref_axis',(-2.22044604925031E-16,-1.22464679914735E-16,
1.));
#3236=DIRECTION('center_axis',(1.,-1.22464679914735E-16,2.22044604925031E-16));
#3237=DIRECTION('ref_axis',(2.22044604925031E-16,1.22464679914735E-16,-1.));
#3238=DIRECTION('center_axis',(1.,-1.22464679914735E-16,2.22044604925031E-16));
#3239=DIRECTION('ref_axis',(2.22044604925031E-16,1.22464679914735E-16,-1.));
#3240=DIRECTION('center_axis',(1.,-1.22464679914735E-16,2.22044604925031E-16));
#3241=DIRECTION('ref_axis',(2.22044604925031E-16,1.22464679914735E-16,-1.));
#3242=DIRECTION('center_axis',(1.,-1.22464679914735E-16,2.22044604925031E-16));
#3243=DIRECTION('ref_axis',(2.22044604925031E-16,1.22464679914735E-16,-1.));
#3244=DIRECTION('center_axis',(1.,-1.22464679914735E-16,2.22044604925031E-16));
#3245=DIRECTION('ref_axis',(2.22044604925031E-16,1.22464679914735E-16,-1.));
#3246=DIRECTION('center_axis',(1.,-1.22464679914735E-16,2.22044604925031E-16));
#3247=DIRECTION('ref_axis',(2.22044604925031E-16,1.22464679914735E-16,-1.));
#3248=DIRECTION('center_axis',(1.,-1.22464679914735E-16,2.22044604925031E-16));
#3249=DIRECTION('ref_axis',(2.22044604925031E-16,1.22464679914735E-16,-1.));
#3250=DIRECTION('center_axis',(1.,-1.22464679914735E-16,2.22044604925031E-16));
#3251=DIRECTION('ref_axis',(2.22044604925031E-16,1.22464679914735E-16,-1.));
#3252=DIRECTION('center_axis',(1.,-1.22464679914735E-16,2.22044604925031E-16));
#3253=DIRECTION('ref_axis',(2.22044604925031E-16,1.22464679914735E-16,-1.));
#3254=DIRECTION('center_axis',(1.,-1.22464679914735E-16,2.22044604925031E-16));
#3255=DIRECTION('ref_axis',(2.22044604925031E-16,1.22464679914735E-16,-1.));
#3256=DIRECTION('center_axis',(1.,-1.22464679914735E-16,2.22044604925031E-16));
#3257=DIRECTION('ref_axis',(2.22044604925031E-16,1.22464679914735E-16,-1.));
#3258=DIRECTION('center_axis',(1.,-1.22464679914735E-16,2.22044604925031E-16));
#3259=DIRECTION('ref_axis',(2.22044604925031E-16,1.22464679914735E-16,-1.));
#3260=DIRECTION('center_axis',(1.,-1.22464679914735E-16,2.22044604925031E-16));
#3261=DIRECTION('ref_axis',(2.22044604925031E-16,1.22464679914735E-16,-1.));
#3262=DIRECTION('center_axis',(-1.,1.22464679914735E-16,-2.22044604925031E-16));
#3263=DIRECTION('ref_axis',(-2.22044604925031E-16,-1.22464679914735E-16,
1.));
#3264=DIRECTION('center_axis',(1.,-1.22464679914735E-16,2.22044604925031E-16));
#3265=DIRECTION('ref_axis',(2.22044604925031E-16,1.22464679914735E-16,-1.));
#3266=DIRECTION('center_axis',(-1.,1.22464679914735E-16,-2.22044604925031E-16));
#3267=DIRECTION('ref_axis',(-2.22044604925031E-16,-1.22464679914735E-16,
1.));
#3268=DIRECTION('center_axis',(1.,-1.22464679914735E-16,2.22044604925031E-16));
#3269=DIRECTION('ref_axis',(2.22044604925031E-16,1.22464679914735E-16,-1.));
#3270=DIRECTION('center_axis',(1.,-1.22464679914735E-16,2.22044604925031E-16));
#3271=DIRECTION('ref_axis',(2.22044604925031E-16,1.22464679914735E-16,-1.));
#3272=DIRECTION('',(1.,-1.22464679914735E-16,2.22044604925031E-16));
#3273=DIRECTION('center_axis',(-1.,1.22464679914735E-16,-2.22044604925031E-16));
#3274=DIRECTION('ref_axis',(2.22044604925031E-16,1.22464679914735E-16,-1.));
#3275=DIRECTION('center_axis',(1.,-1.22464679914735E-16,2.22044604925031E-16));
#3276=DIRECTION('ref_axis',(2.22044604925031E-16,1.22464679914735E-16,-1.));
#3277=DIRECTION('',(1.,-1.22464679914735E-16,2.22044604925031E-16));
#3278=DIRECTION('center_axis',(-1.,1.22464679914735E-16,-2.22044604925031E-16));
#3279=DIRECTION('ref_axis',(2.22044604925031E-16,1.22464679914735E-16,-1.));
#3280=DIRECTION('center_axis',(1.,-1.22464679914735E-16,2.22044604925031E-16));
#3281=DIRECTION('ref_axis',(2.22044604925031E-16,1.22464679914735E-16,-1.));
#3282=DIRECTION('',(1.,-1.22464679914735E-16,2.22044604925031E-16));
#3283=DIRECTION('center_axis',(-1.,1.22464679914735E-16,-2.22044604925031E-16));
#3284=DIRECTION('ref_axis',(2.22044604925031E-16,1.22464679914735E-16,-1.));
#3285=DIRECTION('center_axis',(1.,-1.22464679914735E-16,2.22044604925031E-16));
#3286=DIRECTION('ref_axis',(2.22044604925031E-16,1.22464679914735E-16,-1.));
#3287=DIRECTION('',(1.,-1.22464679914735E-16,2.22044604925031E-16));
#3288=DIRECTION('center_axis',(-1.,1.22464679914735E-16,-2.22044604925031E-16));
#3289=DIRECTION('ref_axis',(2.22044604925031E-16,1.22464679914735E-16,-1.));
#3290=DIRECTION('center_axis',(1.,-1.22464679914735E-16,2.22044604925031E-16));
#3291=DIRECTION('ref_axis',(2.22044604925031E-16,1.22464679914735E-16,-1.));
#3292=DIRECTION('',(1.,-1.22464679914735E-16,2.22044604925031E-16));
#3293=DIRECTION('center_axis',(-1.,1.22464679914735E-16,-2.22044604925031E-16));
#3294=DIRECTION('ref_axis',(2.22044604925031E-16,1.22464679914735E-16,-1.));
#3295=DIRECTION('center_axis',(1.,-1.22464679914735E-16,2.22044604925031E-16));
#3296=DIRECTION('ref_axis',(2.22044604925031E-16,1.22464679914735E-16,-1.));
#3297=DIRECTION('',(1.,-1.22464679914735E-16,2.22044604925031E-16));
#3298=DIRECTION('center_axis',(-1.,1.22464679914735E-16,-2.22044604925031E-16));
#3299=DIRECTION('ref_axis',(2.22044604925031E-16,1.22464679914735E-16,-1.));
#3300=DIRECTION('center_axis',(1.,-1.22464679914735E-16,2.22044604925031E-16));
#3301=DIRECTION('ref_axis',(2.22044604925031E-16,1.22464679914735E-16,-1.));
#3302=DIRECTION('',(1.,-1.22464679914735E-16,2.22044604925031E-16));
#3303=DIRECTION('center_axis',(-1.,1.22464679914735E-16,-2.22044604925031E-16));
#3304=DIRECTION('ref_axis',(2.22044604925031E-16,1.22464679914735E-16,-1.));
#3305=DIRECTION('center_axis',(1.,-1.22464679914735E-16,2.22044604925031E-16));
#3306=DIRECTION('ref_axis',(2.22044604925031E-16,1.22464679914735E-16,-1.));
#3307=DIRECTION('',(1.,-1.22464679914735E-16,2.22044604925031E-16));
#3308=DIRECTION('center_axis',(-1.,1.22464679914735E-16,-2.22044604925031E-16));
#3309=DIRECTION('ref_axis',(2.22044604925031E-16,1.22464679914735E-16,-1.));
#3310=DIRECTION('center_axis',(-1.,1.22464679914735E-16,-2.22044604925031E-16));
#3311=DIRECTION('ref_axis',(-2.22044604925031E-16,-1.22464679914735E-16,
1.));
#3312=DIRECTION('',(1.,-1.22464679914735E-16,2.22044604925031E-16));
#3313=DIRECTION('center_axis',(-1.,1.22464679914735E-16,-2.22044604925031E-16));
#3314=DIRECTION('ref_axis',(-2.22044604925031E-16,-1.22464679914735E-16,
1.));
#3315=DIRECTION('center_axis',(-1.,1.22464679914735E-16,-2.22044604925031E-16));
#3316=DIRECTION('ref_axis',(-2.22044604925031E-16,-1.22464679914735E-16,
1.));
#3317=DIRECTION('',(0.,0.,1.));
#3318=DIRECTION('',(1.,0.,0.));
#3319=CARTESIAN_POINT('',(0.,0.,0.));
#3320=CARTESIAN_POINT('',(0.,0.,0.));
#3321=CARTESIAN_POINT('Origin',(-179.958095293111,17.8601110185311,5.78865441584267));
#3322=CARTESIAN_POINT('',(-181.958095293111,18.5674115765538,5.96112026527692));
#3323=CARTESIAN_POINT('',(-179.958095293111,17.8889232564359,5.67780415958641));
#3324=CARTESIAN_POINT('Origin',(-179.223144623548,16.5,9.95809529311128));
#3325=CARTESIAN_POINT('',(-179.958095293111,18.3382040247388,3.94927170535656));
#3326=CARTESIAN_POINT('',(-179.958095293111,17.2820117666197,8.012794395102));
#3327=CARTESIAN_POINT('',(-181.958095293111,19.0264556511134,4.19502512660579));
#3328=CARTESIAN_POINT('Origin',(-179.379234850749,16.5,10.1839333612473));
#3329=CARTESIAN_POINT('',(-181.958095293111,18.5646418511306,5.97177631962226));
#3330=CARTESIAN_POINT('Origin',(-181.958095293111,19.5109722515712,5.82006902991243));
#3331=CARTESIAN_POINT('',(-181.958095293111,19.6916851302193,6.78584908111305));
#3332=CARTESIAN_POINT('Origin',(-181.958095293111,16.5,9.95809529311128));
#3333=CARTESIAN_POINT('',(-181.958095293111,21.4157215043914,5.93120693091294));
#3334=CARTESIAN_POINT('Origin',(-181.958095293111,16.5,10.1839333612473));
#3335=CARTESIAN_POINT('',(-181.958095293111,21.519167656603,5.87992643400434));
#3336=CARTESIAN_POINT('Origin',(-179.958095293111,21.8424783367505,6.53212849612139));
#3337=CARTESIAN_POINT('',(-179.958095293111,20.1737601527975,7.35934822197923));
#3338=CARTESIAN_POINT('Origin',(-178.043979933811,16.5,9.95809529311128));
#3339=CARTESIAN_POINT('',(-179.958095293111,21.8684408259932,6.51925832820421));
#3340=CARTESIAN_POINT('Origin',(-177.488053166147,16.5,10.1839333612473));
#3341=CARTESIAN_POINT('',(-179.958095293111,18.9715914183598,7.95528928650377));
#3342=CARTESIAN_POINT('Origin',(-179.958095293111,16.5,9.95809529311128));
#3343=CARTESIAN_POINT('',(-179.958095293111,20.569675271872,8.03774553811511));
#3344=CARTESIAN_POINT('Origin',(-179.958095293111,16.5,9.95809529311128));
#3345=CARTESIAN_POINT('',(-181.958095293111,20.8290682188968,8.72961315806091));
#3346=CARTESIAN_POINT('Origin',(-178.844222858964,16.5,9.95809529311128));
#3347=CARTESIAN_POINT('',(-181.958095293111,20.9999246920736,9.98412922608356));
#3348=CARTESIAN_POINT('Origin',(-181.958095293111,16.5,9.95809529311128));
#3349=CARTESIAN_POINT('',(-179.958095293111,20.9333235569553,10.7298739137952));
#3350=CARTESIAN_POINT('Origin',(-178.076020728079,16.5,9.95809529311128));
#3351=CARTESIAN_POINT('',(-179.958095293111,20.727438564511,11.5004192484737));
#3352=CARTESIAN_POINT('Origin',(-179.958095293111,16.5,9.95809529311128));
#3353=CARTESIAN_POINT('',(-181.958095293111,20.4177084885893,12.1720420400849));
#3354=CARTESIAN_POINT('Origin',(-178.778703863135,16.5,9.95809529311128));
#3355=CARTESIAN_POINT('',(-181.958095293111,19.7479339595947,13.0727260889058));
#3356=CARTESIAN_POINT('Origin',(-181.958095293111,16.5,9.95809529311128));
#3357=CARTESIAN_POINT('',(-179.958095293111,19.1825302152405,13.571131640053));
#3358=CARTESIAN_POINT('Origin',(-177.763638098802,16.5,9.95809529311128));
#3359=CARTESIAN_POINT('',(-179.958095293111,18.4929406769644,13.9927188763097));
#3360=CARTESIAN_POINT('Origin',(-179.958095293111,16.5,9.95809529311128));
#3361=CARTESIAN_POINT('',(-181.958095293111,17.8079504820128,14.263820033106));
#3362=CARTESIAN_POINT('Origin',(-179.064967775225,16.5,9.95809529311128));
#3363=CARTESIAN_POINT('',(-181.958095293111,16.778834749712,14.4494482276237));
#3364=CARTESIAN_POINT('Origin',(-181.958095293111,16.5,9.95809529311128));
#3365=CARTESIAN_POINT('',(-179.958095293111,16.0165029513929,14.4320455167937));
#3366=CARTESIAN_POINT('Origin',(-177.289821553561,16.5,9.95809529311128));
#3367=CARTESIAN_POINT('',(-179.958095293111,15.2197072764041,14.2721247948541));
#3368=CARTESIAN_POINT('Origin',(-179.958095293111,16.5,9.95809529311128));
#3369=CARTESIAN_POINT('',(-181.958095293111,14.5364621097709,14.0071098588587));
#3370=CARTESIAN_POINT('Origin',(-179.53532507795,16.5,9.95809529311128));
#3371=CARTESIAN_POINT('',(-181.958095293111,13.6288400315933,13.4231263803916));
#3372=CARTESIAN_POINT('Origin',(-181.958095293111,16.5,9.95809529311128));
#3373=CARTESIAN_POINT('',(-179.958095293111,13.0799849744175,12.882731548236));
#3374=CARTESIAN_POINT('Origin',(-176.932126398482,16.5,9.95809529311128));
#3375=CARTESIAN_POINT('',(-179.958095293111,12.6118247735484,12.2235077077519));
#3376=CARTESIAN_POINT('Origin',(-179.958095293111,16.5,9.95809529311128));
#3377=CARTESIAN_POINT('',(-181.958095293111,12.2964932801363,11.5644984978083));
#3378=CARTESIAN_POINT('Origin',(-179.914246842534,16.5,9.95809529311128));
#3379=CARTESIAN_POINT('',(-181.958095293111,12.0208462582026,10.3907403639752));
#3380=CARTESIAN_POINT('Origin',(-181.958095293111,16.5,9.95809529311128));
#3381=CARTESIAN_POINT('',(-179.958095293111,12.0127335241545,9.61980610505872));
#3382=CARTESIAN_POINT('Origin',(-176.900085604215,16.5,9.95809529311128));
#3383=CARTESIAN_POINT('',(-179.958095293111,12.1427367681382,8.83370340045758));
#3384=CARTESIAN_POINT('Origin',(-179.958095293111,16.5,9.95809529311128));
#3385=CARTESIAN_POINT('',(-181.958095293111,12.381969385848,8.14375688451524));
#3386=CARTESIAN_POINT('Origin',(-179.979765838363,16.5,9.95809529311128));
#3387=CARTESIAN_POINT('',(-181.958095293111,13.106891273875,7.00228522264091));
#3388=CARTESIAN_POINT('Origin',(-181.958095293111,16.5,9.95809529311128));
#3389=CARTESIAN_POINT('',(-179.958095293111,13.6559044017499,6.4708155182704));
#3390=CARTESIAN_POINT('Origin',(-177.212468233492,16.5,9.95809529311128));
#3391=CARTESIAN_POINT('',(-179.958095293111,14.3043722027791,6.03009089188273));
#3392=CARTESIAN_POINT('Origin',(-179.958095293111,16.5,9.95809529311128));
#3393=CARTESIAN_POINT('',(-181.958095293111,14.9700745529678,5.7261538797026));
#3394=CARTESIAN_POINT('Origin',(-179.693501926273,16.5,9.95809529311128));
#3395=CARTESIAN_POINT('',(-181.958095293111,16.3757838076147,5.45981002675152));
#3396=CARTESIAN_POINT('Origin',(-181.958095293111,16.5,9.95809529311128));
#3397=CARTESIAN_POINT('',(-181.636204577456,16.5,5.45809529311128));
#3398=CARTESIAN_POINT('Origin',(-177.686284778733,16.5,9.95809529311128));
#3399=CARTESIAN_POINT('',(-185.958095293111,16.5,5.45809529311129));
#3400=CARTESIAN_POINT('',(-179.958095293111,16.5,5.45809529311128));
#3401=CARTESIAN_POINT('Origin',(-185.958095293111,16.5,9.95809529311128));
#3402=CARTESIAN_POINT('',(-179.958095293111,17.1296365510536,5.50236215325907));
#3403=CARTESIAN_POINT('Origin',(-177.686284778733,16.5,9.95809529311128));
#3404=CARTESIAN_POINT('Origin',(-179.958095293111,16.5,9.95809529311128));
#3405=CARTESIAN_POINT('Origin',(-179.958095293111,16.5,10.1839333612473));
#3406=CARTESIAN_POINT('',(-179.958095293111,22.2083780663813,7.07516835706042));
#3407=CARTESIAN_POINT('Origin',(-179.958095293111,16.5,10.1839333612473));
#3408=CARTESIAN_POINT('',(-179.958095293111,18.5881929090041,9.20167209853205));
#3409=CARTESIAN_POINT('Origin',(-179.958095293111,14.3538121768678,6.11425808937533));
#3410=CARTESIAN_POINT('',(-179.958095293111,13.3912349958131,4.475555294866));
#3411=CARTESIAN_POINT('',(-179.958095293111,15.5177387372847,8.09574045224317));
#3412=CARTESIAN_POINT('',(-181.958095293111,14.0516762986504,4.16266181335893));
#3413=CARTESIAN_POINT('Origin',(-179.379234850749,16.5,10.1839333612473));
#3414=CARTESIAN_POINT('',(-181.958095293111,14.9814774461002,5.7455663000356));
#3415=CARTESIAN_POINT('Origin',(-181.958095293111,15.5433608361855,4.9691364033318));
#3416=CARTESIAN_POINT('',(-181.958095293111,16.5,3.68393336124732));
#3417=CARTESIAN_POINT('Origin',(-181.958095293111,16.5,10.1839333612473));
#3418=CARTESIAN_POINT('',(-181.958095293111,16.968808312759,3.70086165364694));
#3419=CARTESIAN_POINT('Origin',(-181.958095293111,16.5,10.1839333612473));
#3420=CARTESIAN_POINT('',(-181.958095293111,17.0056950013688,3.59145339082378));
#3421=CARTESIAN_POINT('Origin',(-179.958095293111,17.6954866765579,3.82401471728827));
#3422=CARTESIAN_POINT('',(-179.958095293111,17.7047443457487,3.796555882079));
#3423=CARTESIAN_POINT('Origin',(-177.488053166147,16.5,10.1839333612473));
#3424=CARTESIAN_POINT('',(-179.958095293111,16.6717897141423,6.86036497090026));
#3425=CARTESIAN_POINT('Origin',(-179.958095293111,16.5,10.1839333612473));
#3426=CARTESIAN_POINT('Origin',(-179.958095293111,16.5,10.1839333612473));
#3427=CARTESIAN_POINT('Origin',(-179.958095293111,12.1047210545954,8.82382234271621));
#3428=CARTESIAN_POINT('',(-179.958095293111,10.2653383441093,8.34572933650851));
#3429=CARTESIAN_POINT('',(-179.958095293111,14.3288610338547,9.40192159462765));
#3430=CARTESIAN_POINT('',(-181.958095293111,10.5110917653585,7.65747771013384));
#3431=CARTESIAN_POINT('Origin',(-179.379234850749,16.5,10.1839333612473));
#3432=CARTESIAN_POINT('',(-181.958095293111,12.287842958375,8.11929151011672));
#3433=CARTESIAN_POINT('Origin',(-181.958095293111,12.1361356686651,7.1729611096761));
#3434=CARTESIAN_POINT('',(-181.958095293111,12.2472735696657,5.26821185685595));
#3435=CARTESIAN_POINT('Origin',(-181.958095293111,16.5,10.1839333612473));
#3436=CARTESIAN_POINT('',(-181.958095293111,12.195993072757,5.16476570464434));
#3437=CARTESIAN_POINT('Origin',(-179.958095293111,12.8481951348741,4.84145502449682));
#3438=CARTESIAN_POINT('',(-179.958095293111,12.8353249669569,4.81549253525408));
#3439=CARTESIAN_POINT('Origin',(-177.488053166147,16.5,10.1839333612473));
#3440=CARTESIAN_POINT('',(-179.958095293111,14.2713559252565,7.71234194288752));
#3441=CARTESIAN_POINT('Origin',(-179.958095293111,16.5,10.1839333612473));
#3442=CARTESIAN_POINT('Origin',(-179.958095293111,16.5,10.1839333612473));
#3443=CARTESIAN_POINT('Origin',(-179.958095293111,12.430324728128,12.3301211843795));
#3444=CARTESIAN_POINT('',(-179.958095293111,10.7916219336187,13.2926983654342));
#3445=CARTESIAN_POINT('',(-181.958095293111,10.4787284521116,12.6322570625969));
#3446=CARTESIAN_POINT('Origin',(-179.379234850749,16.5,10.1839333612473));
#3447=CARTESIAN_POINT('',(-181.958095293111,12.0616329387883,11.7024559151471));
#3448=CARTESIAN_POINT('',(-179.958095293111,14.4118070909959,11.1661946239626));
#3449=CARTESIAN_POINT('Origin',(-181.958095293111,11.2852030420845,11.1405725250618));
#3450=CARTESIAN_POINT('',(-181.958095293111,10.0169282923997,9.71512504848832));
#3451=CARTESIAN_POINT('Origin',(-181.958095293111,16.5,10.1839333612473));
#3452=CARTESIAN_POINT('',(-181.958095293111,9.90752002957649,9.67823835987851));
#3453=CARTESIAN_POINT('Origin',(-179.958095293111,10.140081356041,8.98844668468936));
#3454=CARTESIAN_POINT('',(-179.958095293111,10.1126225208317,8.97918901549862));
#3455=CARTESIAN_POINT('Origin',(-177.488053166147,16.5,10.1839333612473));
#3456=CARTESIAN_POINT('',(-179.958095293111,13.176431609653,10.012143647105));
#3457=CARTESIAN_POINT('Origin',(-179.958095293111,16.5,10.1839333612473));
#3458=CARTESIAN_POINT('Origin',(-179.958095293111,16.5,10.1839333612473));
#3459=CARTESIAN_POINT('Origin',(-179.958095293111,15.1398889814689,14.5792123066519));
#3460=CARTESIAN_POINT('',(-179.958095293111,14.6617959752612,16.418595017138));
#3461=CARTESIAN_POINT('',(-181.958095293111,13.9735443488866,16.1728415958888));
#3462=CARTESIAN_POINT('Origin',(-179.379234850749,16.5,10.1839333612473));
#3463=CARTESIAN_POINT('',(-181.958095293111,14.4353581488694,14.3960904028723));
#3464=CARTESIAN_POINT('',(-179.958095293111,15.7179882333803,12.3550723273926));
#3465=CARTESIAN_POINT('Origin',(-181.958095293111,13.4890277484288,14.5477976925822));
#3466=CARTESIAN_POINT('',(-181.958095293111,11.5842784956086,14.4366597915817));
#3467=CARTESIAN_POINT('Origin',(-181.958095293111,16.5,10.1839333612473));
#3468=CARTESIAN_POINT('',(-181.958095293111,11.480832343397,14.4879402884903));
#3469=CARTESIAN_POINT('Origin',(-179.958095293111,11.1575216632495,13.8357382263732));
#3470=CARTESIAN_POINT('',(-179.958095293111,11.1315591740068,13.8486083942904));
#3471=CARTESIAN_POINT('',(-179.958095293111,14.0284085816402,12.4125774359908));
#3472=CARTESIAN_POINT('Origin',(-177.488053166147,16.5,10.1839333612473));
#3473=CARTESIAN_POINT('Origin',(-179.958095293111,16.5,10.1839333612473));
#3474=CARTESIAN_POINT('Origin',(-179.958095293111,16.5,10.1839333612473));
#3475=CARTESIAN_POINT('Origin',(-179.958095293111,18.6461878231322,14.2536086331193));
#3476=CARTESIAN_POINT('',(-179.958095293111,19.6087650041869,15.8923114276286));
#3477=CARTESIAN_POINT('',(-181.958095293111,18.9483237013496,16.2052049091357));
#3478=CARTESIAN_POINT('Origin',(-179.379234850749,16.5,10.1839333612473));
#3479=CARTESIAN_POINT('',(-181.958095293111,18.0185225538998,14.622300422459));
#3480=CARTESIAN_POINT('',(-179.958095293111,17.4822612627153,12.2721262702514));
#3481=CARTESIAN_POINT('Origin',(-181.958095293111,17.4566391638145,15.3987303191628));
#3482=CARTESIAN_POINT('',(-181.958095293111,16.031191687241,16.6670050688476));
#3483=CARTESIAN_POINT('Origin',(-181.958095293111,16.5,10.1839333612473));
#3484=CARTESIAN_POINT('',(-181.958095293111,15.9943049986312,16.7764133316708));
#3485=CARTESIAN_POINT('Origin',(-179.958095293111,15.3045133234421,16.5438520052063));
#3486=CARTESIAN_POINT('',(-179.958095293111,15.2952556542513,16.5713108404156));
#3487=CARTESIAN_POINT('',(-179.958095293111,16.3282102858577,13.5075017515943));
#3488=CARTESIAN_POINT('Origin',(-177.488053166147,16.5,10.1839333612473));
#3489=CARTESIAN_POINT('Origin',(-179.958095293111,16.5,10.1839333612473));
#3490=CARTESIAN_POINT('Origin',(-179.958095293111,16.5,10.1839333612473));
#3491=CARTESIAN_POINT('Origin',(-179.958095293111,20.8952789454046,11.5440443797784));
#3492=CARTESIAN_POINT('',(-179.958095293111,22.7346616558907,12.0221373859861));
#3493=CARTESIAN_POINT('',(-181.958095293111,22.4889082346415,12.7103890123608));
#3494=CARTESIAN_POINT('Origin',(-179.379234850749,16.5,10.1839333612473));
#3495=CARTESIAN_POINT('',(-181.958095293111,20.712157041625,12.2485752123779));
#3496=CARTESIAN_POINT('',(-179.958095293111,18.6711389661453,10.9659451278669));
#3497=CARTESIAN_POINT('Origin',(-181.958095293111,20.8638643313349,13.1949056128185));
#3498=CARTESIAN_POINT('',(-181.958095293111,20.7527264303343,15.0996548656387));
#3499=CARTESIAN_POINT('Origin',(-181.958095293111,16.5,10.1839333612473));
#3500=CARTESIAN_POINT('',(-181.958095293111,20.8040069272429,15.2031010178503));
#3501=CARTESIAN_POINT('Origin',(-179.958095293111,20.1518048651259,15.5264116979978));
#3502=CARTESIAN_POINT('',(-179.958095293111,20.1646750330431,15.5523741872405));
#3503=CARTESIAN_POINT('',(-179.958095293111,18.7286440747435,12.6555247796071));
#3504=CARTESIAN_POINT('Origin',(-177.488053166147,16.5,10.1839333612473));
#3505=CARTESIAN_POINT('Origin',(-179.958095293111,16.5,10.1839333612473));
#3506=CARTESIAN_POINT('Origin',(-179.958095293111,16.5,10.1839333612473));
#3507=CARTESIAN_POINT('Origin',(-179.958095293111,20.569675271872,8.03774553811511));
#3508=CARTESIAN_POINT('',(-181.958095293111,22.5212715478884,7.73560965989774));
#3509=CARTESIAN_POINT('Origin',(-179.379234850749,16.5,10.1839333612473));
#3510=CARTESIAN_POINT('',(-181.958095293111,20.9383670612117,8.66541080734752));
#3511=CARTESIAN_POINT('Origin',(-179.958095293111,16.5,10.1839333612473));
#3512=CARTESIAN_POINT('',(-179.958095293111,22.8873774791683,11.388677706996));
#3513=CARTESIAN_POINT('',(-179.958095293111,19.823568390347,10.3557230753896));
#3514=CARTESIAN_POINT('Origin',(-179.958095293111,16.5,10.1839333612473));
#3515=CARTESIAN_POINT('Origin',(-181.958095293111,21.7147969579155,9.22729419743284));
#3516=CARTESIAN_POINT('',(-181.958095293111,22.9830717076003,10.6527416740063));
#3517=CARTESIAN_POINT('Origin',(-181.958095293111,16.5,10.1839333612473));
#3518=CARTESIAN_POINT('',(-181.958095293111,23.0924799704235,10.6896283626161));
#3519=CARTESIAN_POINT('Origin',(-179.958095293111,22.859918643959,11.3794200378052));
#3520=CARTESIAN_POINT('Origin',(-177.488053166147,16.5,10.1839333612473));
#3521=CARTESIAN_POINT('Origin',(-185.958095293111,16.5,9.95809529311128));
#3522=CARTESIAN_POINT('',(-185.958095293111,16.5,8.18393336124729));
#3523=CARTESIAN_POINT('Origin',(-185.958095293111,16.5,10.1839333612473));
#3524=CARTESIAN_POINT('Origin',(-179.958095293111,16.5,10.1839333612473));
#3525=CARTESIAN_POINT('',(-188.958095293111,16.5,8.18393336124729));
#3526=CARTESIAN_POINT('',(-179.958095293111,16.5,8.18393336124732));
#3527=CARTESIAN_POINT('Origin',(-188.958095293111,16.5,10.1839333612473));
#3528=CARTESIAN_POINT('Origin',(-188.958095293111,16.5,10.1839333612473));
#3529=CARTESIAN_POINT('',(-188.958095293111,16.5,3.68393336124732));
#3530=CARTESIAN_POINT('',(-188.958095293111,16.5,3.68393336124732));
#3531=CARTESIAN_POINT('',(-188.958095293111,22.9990191022758,10.0710143271793));
#3532=CARTESIAN_POINT('Origin',(-188.958095293111,16.5,10.1839333612473));
#3533=CARTESIAN_POINT('',(-188.958095293111,10.0009808977242,10.0710143271793));
#3534=CARTESIAN_POINT('Origin',(-188.958095293111,16.5,10.1839333612473));
#3535=CARTESIAN_POINT('Origin',(-188.958095293111,16.5,10.1839333612473));
#3536=CARTESIAN_POINT('Origin',(-188.958095293111,16.5,10.1839333612473));
#3537=CARTESIAN_POINT('',(-188.958095293111,16.5,16.4580952931113));
#3538=CARTESIAN_POINT('Origin',(-188.958095293111,16.5,9.95809529311128));
#3539=CARTESIAN_POINT('Origin',(-188.958095293111,16.5,9.95809529311128));
#3540=CARTESIAN_POINT('Origin',(-275.958095293111,16.5,9.95809529311125));
#3541=CARTESIAN_POINT('',(-275.958095293111,16.5,16.4580952931112));
#3542=CARTESIAN_POINT('Origin',(-275.958095293111,16.5,9.95809529311125));
#3543=CARTESIAN_POINT('',(-275.958095293111,16.5,16.4580952931112));
#3544=CARTESIAN_POINT('Origin',(-188.958095293111,16.5,9.95809529311128));
#3545=CARTESIAN_POINT('Origin',(-275.958095293111,16.5000000385401,9.95817704367575));
#3546=CARTESIAN_POINT('',(-275.958095293111,6.30060094448076,5.83835514277738));
#3547=CARTESIAN_POINT('',(-275.958095293111,5.87107411670019,7.12508725088491));
#3548=CARTESIAN_POINT('Origin',(-275.958095293111,16.5,9.95809529311125));
#3549=CARTESIAN_POINT('',(-275.958095293111,5.54301987436201,8.98619687950323));
#3550=CARTESIAN_POINT('Origin',(-275.958095293111,16.5,9.95809529311125));
#3551=CARTESIAN_POINT('',(-275.958095293111,5.54399914168251,10.9409712733581));
#3552=CARTESIAN_POINT('Origin',(-275.958095293111,16.5,9.95809529311125));
#3553=CARTESIAN_POINT('',(-275.958095293111,5.8918195825734,12.8678217804854));
#3554=CARTESIAN_POINT('Origin',(-275.958095293111,16.5,9.95809529311125));
#3555=CARTESIAN_POINT('',(-275.958095293111,6.33479355302638,14.1614960461213));
#3556=CARTESIAN_POINT('Origin',(-275.958095293111,16.5,9.95809529311125));
#3557=CARTESIAN_POINT('',(-275.958095293111,7.04046899037238,15.5721199704611));
#3558=CARTESIAN_POINT('Origin',(-275.958095293111,16.5,9.95809529311125));
#3559=CARTESIAN_POINT('',(-275.958095293111,7.20426996742188,15.8393709337716));
#3560=CARTESIAN_POINT('Origin',(-275.958095293111,16.5,9.95809529311125));
#3561=CARTESIAN_POINT('',(-275.958095293111,8.04340568744122,16.9927248237119));
#3562=CARTESIAN_POINT('Origin',(-275.958095293111,16.5,9.95809529311125));
#3563=CARTESIAN_POINT('',(-275.958095293111,9.06465489047416,18.0646138493258));
#3564=CARTESIAN_POINT('Origin',(-275.958095293111,16.5,9.95809529311125));
#3565=CARTESIAN_POINT('',(-275.958095293111,9.27219311983982,18.2501883764714));
#3566=CARTESIAN_POINT('Origin',(-275.958095293111,16.5,9.95809529311125));
#3567=CARTESIAN_POINT('',(-275.958095293111,9.7611989341349,18.6522634646326));
#3568=CARTESIAN_POINT('Origin',(-275.958095293111,16.5,9.95809529311125));
#3569=CARTESIAN_POINT('',(-275.958095293111,11.0338275714341,19.5038251751677));
#3570=CARTESIAN_POINT('Origin',(-275.958095293111,16.5,9.95809529311125));
#3571=CARTESIAN_POINT('',(-275.958095293111,11.6003519113292,19.8066204927127));
#3572=CARTESIAN_POINT('Origin',(-275.958095293111,16.5,9.95809529311125));
#3573=CARTESIAN_POINT('',(-275.958095293111,12.4941796488802,20.2027721213257));
#3574=CARTESIAN_POINT('Origin',(-275.958095293111,16.5,9.95809529311125));
#3575=CARTESIAN_POINT('',(-275.958095293111,13.5891889918537,20.5659781768376));
#3576=CARTESIAN_POINT('Origin',(-275.958095293111,16.5,9.95809529311125));
#3577=CARTESIAN_POINT('',(-275.958095293111,14.437434049418,20.7629933351799));
#3578=CARTESIAN_POINT('Origin',(-275.958095293111,16.5,9.95809529311125));
#3579=CARTESIAN_POINT('',(-275.958095293111,15.7899655111299,20.9351555108843));
#3580=CARTESIAN_POINT('Origin',(-275.958095293111,16.5,9.95809529311125));
#3581=CARTESIAN_POINT('',(-275.958095293111,17.2089433267265,20.9352260365929));
#3582=CARTESIAN_POINT('Origin',(-275.958095293111,16.5,9.95809529311125));
#3583=CARTESIAN_POINT('',(-275.958095293111,18.8327471670234,20.7078995078281));
#3584=CARTESIAN_POINT('Origin',(-275.958095293111,16.5,9.95809529311125));
#3585=CARTESIAN_POINT('',(-275.958095293111,19.8741088741329,20.4278321238772));
#3586=CARTESIAN_POINT('Origin',(-275.958095293111,16.5,9.95809529311125));
#3587=CARTESIAN_POINT('',(-275.958095293111,20.5546494020172,20.1835448297684));
#3588=CARTESIAN_POINT('Origin',(-275.958095293111,16.5,9.95809529311125));
#3589=CARTESIAN_POINT('',(-275.958095293111,20.812108718214,20.0776663513282));
#3590=CARTESIAN_POINT('Origin',(-275.958095293111,16.5,9.95809529311125));
#3591=CARTESIAN_POINT('',(-275.958095293111,21.897157867359,19.5430150608926));
#3592=CARTESIAN_POINT('Origin',(-275.958095293111,16.5,9.95809529311125));
#3593=CARTESIAN_POINT('',(-275.958095293111,23.2013135404673,18.6811908922865));
#3594=CARTESIAN_POINT('Origin',(-275.958095293111,16.5,9.95809529311125));
#3595=CARTESIAN_POINT('',(-275.958095293111,24.3827793250323,17.6302390686699));
#3596=CARTESIAN_POINT('Origin',(-275.958095293111,16.5,9.95809529311125));
#3597=CARTESIAN_POINT('',(-275.958095293111,24.4797580472137,17.5293211851269));
#3598=CARTESIAN_POINT('Origin',(-275.958095293111,16.5,9.95809529311125));
#3599=CARTESIAN_POINT('',(-275.958095293111,25.4051677006058,16.4154932384208));
#3600=CARTESIAN_POINT('Origin',(-275.958095293111,16.5,9.95809529311125));
#3601=CARTESIAN_POINT('',(-275.958095293111,26.2046932133049,15.136794901665));
#3602=CARTESIAN_POINT('Origin',(-275.958095293111,16.5,9.95809529311125));
#3603=CARTESIAN_POINT('',(-275.958095293111,26.3385890123018,14.8776650148465));
#3604=CARTESIAN_POINT('Origin',(-275.958095293111,16.5,9.95809529311125));
#3605=CARTESIAN_POINT('',(-275.958095293111,27.083003720095,12.958100669849));
#3606=CARTESIAN_POINT('Origin',(-275.958095293111,16.5,9.95809529311125));
#3607=CARTESIAN_POINT('',(-275.958095293111,27.1383189055586,12.7556247145179));
#3608=CARTESIAN_POINT('Origin',(-275.958095293111,16.5,9.95809529311125));
#3609=CARTESIAN_POINT('',(-275.958095293111,27.3583161910977,11.7179161630142));
#3610=CARTESIAN_POINT('Origin',(-275.958095293111,16.5,9.95809529311125));
#3611=CARTESIAN_POINT('',(-275.958095293111,27.4875249331182,10.4818279005611));
#3612=CARTESIAN_POINT('Origin',(-275.958095293111,16.5,9.95809529311125));
#3613=CARTESIAN_POINT('',(-275.958095293111,27.492791500141,10.3562598751964));
#3614=CARTESIAN_POINT('Origin',(-275.958095293111,16.5,9.95809529311125));
#3615=CARTESIAN_POINT('',(-275.958095293111,27.4248710084131,8.67466494847406));
#3616=CARTESIAN_POINT('Origin',(-275.958095293111,16.5,9.95809529311125));
#3617=CARTESIAN_POINT('',(-275.958095293111,27.1184555621321,7.08609225080338));
#3618=CARTESIAN_POINT('Origin',(-275.958095293111,16.5,9.95809529311125));
#3619=CARTESIAN_POINT('',(-275.958095293111,26.8290327683556,6.1750962090197));
#3620=CARTESIAN_POINT('Origin',(-275.958095293111,16.5,9.95809529311125));
#3621=CARTESIAN_POINT('',(-275.958095293111,26.4582178388202,5.28541967045108));
#3622=CARTESIAN_POINT('Origin',(-275.958095293111,16.5,9.95809529311125));
#3623=CARTESIAN_POINT('',(-275.958095293111,25.9339646493263,4.30121355532826));
#3624=CARTESIAN_POINT('Origin',(-275.958095293111,16.5,9.95809529311125));
#3625=CARTESIAN_POINT('',(-275.958095293111,25.0387933622656,3.02347144487485));
#3626=CARTESIAN_POINT('Origin',(-275.958095293111,16.5,9.95809529311125));
#3627=CARTESIAN_POINT('',(-275.958095293111,24.0747609729876,1.98169283322348));
#3628=CARTESIAN_POINT('Origin',(-275.958095293111,16.5,9.95809529311125));
#3629=CARTESIAN_POINT('',(-275.958095293111,23.2869238077959,1.30144090315355));
#3630=CARTESIAN_POINT('Origin',(-275.958095293111,16.5,9.95809529311125));
#3631=CARTESIAN_POINT('',(-275.958095293111,23.0517597158526,1.12212083492431));
#3632=CARTESIAN_POINT('Origin',(-275.958095293111,16.5,9.95809529311125));
#3633=CARTESIAN_POINT('',(-275.958095293111,20.8568945941674,-0.14227447711576));
#3634=CARTESIAN_POINT('Origin',(-275.958095293111,16.5,9.95809529311125));
#3635=CARTESIAN_POINT('',(-275.958095293111,19.9286510018872,-0.493907017798274));
#3636=CARTESIAN_POINT('Origin',(-275.958095293111,16.5,9.95809529311125));
#3637=CARTESIAN_POINT('',(-275.958095293111,18.6610667758334,-0.827533589359599));
#3638=CARTESIAN_POINT('Origin',(-275.958095293111,16.5,9.95809529311125));
#3639=CARTESIAN_POINT('',(-275.958095293111,17.3486518214591,-1.00911903350489));
#3640=CARTESIAN_POINT('Origin',(-275.958095293111,16.5,9.95809529311125));
#3641=CARTESIAN_POINT('',(-275.958095293111,15.8770299476211,-1.02425000804547));
#3642=CARTESIAN_POINT('Origin',(-275.958095293111,16.5,9.95809529311125));
#3643=CARTESIAN_POINT('',(-275.958095293111,14.884969043142,-0.922698566180027));
#3644=CARTESIAN_POINT('Origin',(-275.958095293111,16.5,9.95809529311125));
#3645=CARTESIAN_POINT('',(-275.958095293111,14.1777328871975,-0.793977784058373));
#3646=CARTESIAN_POINT('Origin',(-275.958095293111,16.5,9.95809529311125));
#3647=CARTESIAN_POINT('',(-275.958095293111,12.7530700985308,-0.384076447556931));
#3648=CARTESIAN_POINT('Origin',(-275.958095293111,16.5,9.95809529311125));
#3649=CARTESIAN_POINT('',(-275.958095293111,12.119422492228,-0.132025652566372));
#3650=CARTESIAN_POINT('Origin',(-275.958095293111,16.5,9.95809529311125));
#3651=CARTESIAN_POINT('',(-275.958095293111,10.8304353034724,0.531747317787645));
#3652=CARTESIAN_POINT('Origin',(-275.958095293111,16.5,9.95809529311125));
#3653=CARTESIAN_POINT('',(-275.958095293111,9.62079739231469,1.37458951269636));
#3654=CARTESIAN_POINT('Origin',(-275.958095293111,16.5,9.95809529311125));
#3655=CARTESIAN_POINT('',(-275.958095293111,8.41675705995808,2.49745299018166));
#3656=CARTESIAN_POINT('Origin',(-275.958095293111,16.5,9.95809529311125));
#3657=CARTESIAN_POINT('',(-275.958095293111,8.35560901557638,2.56425356550853));
#3658=CARTESIAN_POINT('Origin',(-275.958095293111,16.5,9.95809529311125));
#3659=CARTESIAN_POINT('',(-275.958095293111,7.6630358507752,3.40767052632586));
#3660=CARTESIAN_POINT('Origin',(-275.958095293111,16.5,9.95809529311125));
#3661=CARTESIAN_POINT('',(-275.958095293111,7.11053043816833,4.22766238211434));
#3662=CARTESIAN_POINT('Origin',(-275.958095293111,16.5,9.95809529311125));
#3663=CARTESIAN_POINT('',(-275.958095293111,6.43132580777409,5.52844519284332));
#3664=CARTESIAN_POINT('Origin',(-275.958095293111,16.5,9.95809529311125));
#3665=CARTESIAN_POINT('Origin',(-275.958095293111,16.5,9.95809529311125));
#3666=CARTESIAN_POINT('Ctrl Pts',(-253.958095293111,1.09174697301918,3.68303289636698));
#3667=CARTESIAN_POINT('Ctrl Pts',(-261.291428626445,2.82803163017304,4.40147364517045));
#3668=CARTESIAN_POINT('Ctrl Pts',(-268.624761959778,4.5643162873269,5.11991439397391));
#3669=CARTESIAN_POINT('Ctrl Pts',(-275.958095293111,6.30060094448076,5.83835514277737));
#3670=CARTESIAN_POINT('Ctrl Pts',(-253.958095293111,1.97191391652698,3.92080426179019));
#3671=CARTESIAN_POINT('Ctrl Pts',(-261.291428626445,3.35823516921514,4.70001381356822));
#3672=CARTESIAN_POINT('Ctrl Pts',(-268.624761959778,4.74482220058681,5.47867801602738));
#3673=CARTESIAN_POINT('Ctrl Pts',(-275.958095293111,6.13114345327497,6.25788756780542));
#3674=CARTESIAN_POINT('Ctrl Pts',(-253.958095293111,2.80087340160007,4.34632072543879));
#3675=CARTESIAN_POINT('Ctrl Pts',(-261.291428626445,3.86301652366315,5.12701854762649));
#3676=CARTESIAN_POINT('Ctrl Pts',(-268.624761959778,4.92546126545106,5.90718925376619));
#3677=CARTESIAN_POINT('Ctrl Pts',(-275.958095293111,5.98760438751414,6.68788707595389));
#3678=CARTESIAN_POINT('Ctrl Pts',(-253.958095293111,3.50713348845672,4.92288447765731));
#3679=CARTESIAN_POINT('Ctrl Pts',(-261.291428626445,4.29511369787121,5.65695206873317));
#3680=CARTESIAN_POINT('Ctrl Pts',(-268.624761959778,5.0830939072857,6.39101965980903));
#3681=CARTESIAN_POINT('Ctrl Pts',(-275.958095293111,5.87107411670019,7.1250872508849));
#3682=CARTESIAN_POINT('',(-253.958095293111,1.09174697301917,3.683032896367));
#3683=CARTESIAN_POINT('',(-253.958095293111,3.50713348845673,4.92288447765731));
#3684=CARTESIAN_POINT('Origin',(-253.958095293111,-0.603420250875175,9.95809529311128));
#3685=CARTESIAN_POINT('',(-253.958095293111,3.50713348845673,4.92288447765731));
#3686=CARTESIAN_POINT('',(-253.958095293111,1.09174697301917,3.683032896367));
#3687=CARTESIAN_POINT('Ctrl Pts',(-253.958095293111,3.50713348845673,4.92288447765732));
#3688=CARTESIAN_POINT('Ctrl Pts',(-261.291428626445,4.29511369787122,5.65695206873318));
#3689=CARTESIAN_POINT('Ctrl Pts',(-268.624761959778,5.08309390728571,6.39101965980903));
#3690=CARTESIAN_POINT('Ctrl Pts',(-275.958095293111,5.87107411670019,7.12508725088489));
#3691=CARTESIAN_POINT('Ctrl Pts',(-253.958095293111,3.88364087116028,5.15842679324206));
#3692=CARTESIAN_POINT('Ctrl Pts',(-261.291428626445,4.53026566281437,5.87195888985038));
#3693=CARTESIAN_POINT('Ctrl Pts',(-268.624761959778,5.17803869171632,6.58567932706625));
#3694=CARTESIAN_POINT('Ctrl Pts',(-275.958095293111,5.82466348337042,7.29921142367458));
#3695=CARTESIAN_POINT('Ctrl Pts',(-253.958095293111,4.5635230971697,5.66821488708119));
#3696=CARTESIAN_POINT('Ctrl Pts',(-261.291428626445,4.95571019231179,6.32874645566395));
#3697=CARTESIAN_POINT('Ctrl Pts',(-268.624761959778,5.348215279874,6.98920966945346));
#3698=CARTESIAN_POINT('Ctrl Pts',(-275.958095293111,5.74040237501609,7.64974123803622));
#3699=CARTESIAN_POINT('Ctrl Pts',(-253.958095293112,5.31501199963798,6.65387940932883));
#3700=CARTESIAN_POINT('Ctrl Pts',(-261.291428626445,5.41756065034268,7.19244434163637));
#3701=CARTESIAN_POINT('Ctrl Pts',(-268.624761959778,5.52070761049528,7.73110658902139));
#3702=CARTESIAN_POINT('Ctrl Pts',(-275.958095293111,5.62325626119998,8.26967152132893));
#3703=CARTESIAN_POINT('Ctrl Pts',(-253.958095293111,5.50884126151493,7.44115513805107));
#3704=CARTESIAN_POINT('Ctrl Pts',(-261.291428626445,5.52832161621499,7.86657978633588));
#3705=CARTESIAN_POINT('Ctrl Pts',(-268.624761959778,5.54742213148413,8.2915246437956));
#3706=CARTESIAN_POINT('Ctrl Pts',(-275.958095293111,5.56690248618419,8.71694929208041));
#3707=CARTESIAN_POINT('Ctrl Pts',(-253.958095293111,5.57684674891799,7.94456610006054));
#3708=CARTESIAN_POINT('Ctrl Pts',(-261.291428626445,5.565571124066,8.29177635987477));
#3709=CARTESIAN_POINT('Ctrl Pts',(-268.624761959778,5.554295499214,8.63898661968901));
#3710=CARTESIAN_POINT('Ctrl Pts',(-275.958095293111,5.543019874362,8.98619687950324));
#3711=CARTESIAN_POINT('',(-253.958095293111,5.576846748918,7.94456610006055));
#3712=CARTESIAN_POINT('Ctrl Pts',(-253.958095293111,5.57684674891799,7.94456610006054));
#3713=CARTESIAN_POINT('Ctrl Pts',(-253.958095293111,5.50884126151493,7.44115513805107));
#3714=CARTESIAN_POINT('Ctrl Pts',(-253.958095293112,5.31501199963798,6.65387940932883));
#3715=CARTESIAN_POINT('Ctrl Pts',(-253.958095293111,4.5635230971697,5.66821488708119));
#3716=CARTESIAN_POINT('Ctrl Pts',(-253.958095293111,3.88364087116028,5.15842679324206));
#3717=CARTESIAN_POINT('Ctrl Pts',(-253.958095293111,3.50713348845673,4.92288447765732));
#3718=CARTESIAN_POINT('',(-253.958095293111,5.576846748918,7.94456610006055));
#3719=CARTESIAN_POINT('Ctrl Pts',(-253.958095293111,5.57684674891799,7.94456610006055));
#3720=CARTESIAN_POINT('Ctrl Pts',(-261.291428626445,5.565571124066,8.29177635987478));
#3721=CARTESIAN_POINT('Ctrl Pts',(-268.624761959778,5.554295499214,8.63898661968901));
#3722=CARTESIAN_POINT('Ctrl Pts',(-275.958095293111,5.543019874362,8.98619687950324));
#3723=CARTESIAN_POINT('Ctrl Pts',(-253.958095293111,5.98410496876564,9.1945924444541));
#3724=CARTESIAN_POINT('Ctrl Pts',(-261.291428626445,5.81698084559324,9.34181229983416));
#3725=CARTESIAN_POINT('Ctrl Pts',(-268.624761959778,5.65249699310205,9.48887733574426));
#3726=CARTESIAN_POINT('Ctrl Pts',(-275.958095293111,5.48537286992965,9.63609719112432));
#3727=CARTESIAN_POINT('Ctrl Pts',(-253.958095293111,5.99999954500061,10.5690552907766));
#3728=CARTESIAN_POINT('Ctrl Pts',(-261.291428626445,5.8276856474706,10.4763817266095));
#3729=CARTESIAN_POINT('Ctrl Pts',(-268.624761959778,5.65801491340387,10.3838026099867));
#3730=CARTESIAN_POINT('Ctrl Pts',(-275.958095293111,5.48570101587386,10.2911290458195));
#3731=CARTESIAN_POINT('Ctrl Pts',(-253.958095293111,5.62175750376847,11.8281653247117));
#3732=CARTESIAN_POINT('Ctrl Pts',(-261.291428626445,5.59583804973981,11.5324339742605));
#3733=CARTESIAN_POINT('Ctrl Pts',(-268.624761959778,5.56991859571116,11.2367026238093));
#3734=CARTESIAN_POINT('Ctrl Pts',(-275.958095293111,5.54399914168251,10.9409712733581));
#3735=CARTESIAN_POINT('',(-253.958095293111,5.62175750376846,11.8281653247117));
#3736=CARTESIAN_POINT('Origin',(-253.958095293111,-0.603420250875175,9.95809529311128));
#3737=CARTESIAN_POINT('',(-253.958095293111,5.62175750376846,11.8281653247117));
#3738=CARTESIAN_POINT('Ctrl Pts',(-253.958095293111,5.62175750376846,11.8281653247117));
#3739=CARTESIAN_POINT('Ctrl Pts',(-261.291428626445,5.59583804973981,11.5324339742605));
#3740=CARTESIAN_POINT('Ctrl Pts',(-268.624761959778,5.56991859571116,11.2367026238093));
#3741=CARTESIAN_POINT('Ctrl Pts',(-275.958095293111,5.54399914168251,10.9409712733581));
#3742=CARTESIAN_POINT('Ctrl Pts',(-253.958095293111,5.5378309472165,12.543469580299));
#3743=CARTESIAN_POINT('Ctrl Pts',(-261.291428626445,5.5503340307044,12.1329410136302));
#3744=CARTESIAN_POINT('Ctrl Pts',(-268.624761959778,5.56486424539853,11.723451027149));
#3745=CARTESIAN_POINT('Ctrl Pts',(-275.958095293111,5.57736732888643,11.3129224604802));
#3746=CARTESIAN_POINT('Ctrl Pts',(-253.958095293111,5.20558001074326,13.7108340505877));
#3747=CARTESIAN_POINT('Ctrl Pts',(-261.291428626445,5.36027682312977,13.1275738151429));
#3748=CARTESIAN_POINT('Ctrl Pts',(-268.624761959778,5.51424397312735,12.5441195293118));
#3749=CARTESIAN_POINT('Ctrl Pts',(-275.958095293111,5.66894078551387,11.9608592938669));
#3750=CARTESIAN_POINT('Ctrl Pts',(-253.958095293111,4.08968962493314,14.6372099856238));
#3751=CARTESIAN_POINT('Ctrl Pts',(-261.291428626445,4.66378965185649,13.9575178992334));
#3752=CARTESIAN_POINT('Ctrl Pts',(-268.624761959778,5.24363164927056,13.2774067344585));
#3753=CARTESIAN_POINT('Ctrl Pts',(-275.958095293111,5.81773167619391,12.5977146480682));
#3754=CARTESIAN_POINT('Ctrl Pts',(-253.958095293111,3.5241310196155,14.9793820315351));
#3755=CARTESIAN_POINT('Ctrl Pts',(-261.291428626445,4.31336054060146,14.2755286145185));
#3756=CARTESIAN_POINT('Ctrl Pts',(-268.624761959778,5.10259006158743,13.5716751975019));
#3757=CARTESIAN_POINT('Ctrl Pts',(-275.958095293111,5.8918195825734,12.8678217804854));
#3758=CARTESIAN_POINT('',(-253.958095293111,3.52413101961549,14.9793820315351));
#3759=CARTESIAN_POINT('Ctrl Pts',(-253.958095293111,3.5241310196155,14.9793820315351));
#3760=CARTESIAN_POINT('Ctrl Pts',(-253.958095293111,4.08968962493314,14.6372099856238));
#3761=CARTESIAN_POINT('Ctrl Pts',(-253.958095293111,5.20558001074326,13.7108340505877));
#3762=CARTESIAN_POINT('Ctrl Pts',(-253.958095293111,5.5378309472165,12.543469580299));
#3763=CARTESIAN_POINT('Ctrl Pts',(-253.958095293111,5.62175750376846,11.8281653247117));
#3764=CARTESIAN_POINT('',(-253.958095293111,3.52413101961549,14.9793820315351));
#3765=CARTESIAN_POINT('Ctrl Pts',(-253.958095293111,3.5241310196155,14.9793820315351));
#3766=CARTESIAN_POINT('Ctrl Pts',(-261.291428626445,4.31336054060146,14.2755286145185));
#3767=CARTESIAN_POINT('Ctrl Pts',(-268.624761959778,5.10259006158743,13.5716751975019));
#3768=CARTESIAN_POINT('Ctrl Pts',(-275.958095293111,5.8918195825734,12.8678217804854));
#3769=CARTESIAN_POINT('Ctrl Pts',(-253.958095293111,2.81416598954215,15.5629808607872));
#3770=CARTESIAN_POINT('Ctrl Pts',(-261.291428626445,3.88016217208645,14.8110307086069));
#3771=CARTESIAN_POINT('Ctrl Pts',(-268.624761959778,4.94647082199175,14.0596241402978));
#3772=CARTESIAN_POINT('Ctrl Pts',(-275.958095293111,6.01246700453605,13.3076739881175));
#3773=CARTESIAN_POINT('Ctrl Pts',(-253.958095293111,1.9789846663231,15.9934762074415));
#3774=CARTESIAN_POINT('Ctrl Pts',(-261.291428626445,3.37273333820838,15.2421336257492));
#3775=CARTESIAN_POINT('Ctrl Pts',(-268.624761959778,4.76675720615616,14.4913536680186));
#3776=CARTESIAN_POINT('Ctrl Pts',(-275.958095293111,6.16050587804144,13.7400110863263));
#3777=CARTESIAN_POINT('Ctrl Pts',(-253.958095293111,1.09174697301918,16.2331576898556));
#3778=CARTESIAN_POINT('Ctrl Pts',(-261.291428626445,2.83942916635491,15.5426038086108));
#3779=CARTESIAN_POINT('Ctrl Pts',(-268.624761959778,4.58711135969065,14.8520499273661));
#3780=CARTESIAN_POINT('Ctrl Pts',(-275.958095293111,6.33479355302638,14.1614960461213));
#3781=CARTESIAN_POINT('',(-253.958095293111,1.09174697301918,16.2331576898556));
#3782=CARTESIAN_POINT('Origin',(-253.958095293111,-0.603420250875175,9.95809529311128));
#3783=CARTESIAN_POINT('',(-253.958095293111,1.09174697301918,16.2331576898556));
#3784=CARTESIAN_POINT('Ctrl Pts',(-253.958095293111,1.09174697301918,16.2331576898556));
#3785=CARTESIAN_POINT('Ctrl Pts',(-261.291428626445,2.83942916635491,15.5426038086108));
#3786=CARTESIAN_POINT('Ctrl Pts',(-268.624761959778,4.58711135969065,14.8520499273661));
#3787=CARTESIAN_POINT('Ctrl Pts',(-275.958095293111,6.33479355302638,14.1614960461213));
#3788=CARTESIAN_POINT('Ctrl Pts',(-253.958095293111,1.1087415538484,16.2715432454958));
#3789=CARTESIAN_POINT('Ctrl Pts',(-261.291428626445,2.87015244977746,15.6144742936723));
#3790=CARTESIAN_POINT('Ctrl Pts',(-268.624761959778,4.63083431878622,14.9575020244397));
#3791=CARTESIAN_POINT('Ctrl Pts',(-275.958095293111,6.39224521471529,14.3004330726162));
#3792=CARTESIAN_POINT('Ctrl Pts',(-253.958095293111,1.34882828354584,16.303886253147));
#3793=CARTESIAN_POINT('Ctrl Pts',(-261.291428626445,3.06980526206025,15.7279628223411));
#3794=CARTESIAN_POINT('Ctrl Pts',(-268.624761959778,4.79186966138802,15.1518742809345));
#3795=CARTESIAN_POINT('Ctrl Pts',(-275.958095293111,6.51284663990243,14.5759508501285));
#3796=CARTESIAN_POINT('Ctrl Pts',(-253.958095293111,2.35474806778699,16.2581511720617));
#3797=CARTESIAN_POINT('Ctrl Pts',(-261.291428626445,3.81776119505091,15.8551053792386));
#3798=CARTESIAN_POINT('Ctrl Pts',(-268.624761959778,5.28047216151254,15.4520966306194));
#3799=CARTESIAN_POINT('Ctrl Pts',(-275.958095293111,6.74348528877645,15.0490508377962));
#3800=CARTESIAN_POINT('Ctrl Pts',(-253.958095293111,3.31264715981377,16.2035020936571));
#3801=CARTESIAN_POINT('Ctrl Pts',(-261.291428626445,4.51569872148975,15.9285739749272));
#3802=CARTESIAN_POINT('Ctrl Pts',(-268.624761959778,5.72231953578957,15.6531102015491));
#3803=CARTESIAN_POINT('Ctrl Pts',(-275.958095293111,6.92537109746555,15.3781820828192));
#3804=CARTESIAN_POINT('Ctrl Pts',(-253.958095293111,3.83680366751782,16.19716018963));
#3805=CARTESIAN_POINT('Ctrl Pts',(-261.291428626445,4.90469210846934,15.988813449907));
#3806=CARTESIAN_POINT('Ctrl Pts',(-268.624761959778,5.97258054942086,15.7804667101841));
#3807=CARTESIAN_POINT('Ctrl Pts',(-275.958095293111,7.04046899037237,15.5721199704611));
#3808=CARTESIAN_POINT('',(-253.958095293111,3.83680366751782,16.19716018963));
#3809=CARTESIAN_POINT('Ctrl Pts',(-253.958095293111,3.83680366751782,16.19716018963));
#3810=CARTESIAN_POINT('Ctrl Pts',(-253.958095293111,3.31264715981377,16.2035020936571));
#3811=CARTESIAN_POINT('Ctrl Pts',(-253.958095293111,2.35474806778699,16.2581511720617));
#3812=CARTESIAN_POINT('Ctrl Pts',(-253.958095293111,1.34882828354584,16.303886253147));
#3813=CARTESIAN_POINT('Ctrl Pts',(-253.958095293111,1.1087415538484,16.2715432454958));
#3814=CARTESIAN_POINT('Ctrl Pts',(-253.958095293111,1.09174697301918,16.2331576898556));
#3815=CARTESIAN_POINT('',(-257.513780641917,4.35458666074278,16.0961399010067));
#3816=CARTESIAN_POINT('',(-253.958095293111,3.83680366751782,16.19716018963));
#3817=CARTESIAN_POINT('',(-253.958095293111,3.83680366751782,16.19716018963));
#3818=CARTESIAN_POINT('Ctrl Pts',(-253.958095293111,3.83680366751782,16.19716018963));
#3819=CARTESIAN_POINT('Ctrl Pts',(-261.291428626445,4.90469210846934,15.988813449907));
#3820=CARTESIAN_POINT('Ctrl Pts',(-268.624761959778,5.97258054942086,15.7804667101841));
#3821=CARTESIAN_POINT('Ctrl Pts',(-275.958095293111,7.04046899037237,15.5721199704611));
#3822=CARTESIAN_POINT('Ctrl Pts',(-253.958095293111,4.01933458636439,16.1907941267532));
#3823=CARTESIAN_POINT('Ctrl Pts',(-261.291428626445,5.04415515773249,16.0145216025292));
#3824=CARTESIAN_POINT('Ctrl Pts',(-268.624761959778,6.06897574817806,15.8382480890176));
#3825=CARTESIAN_POINT('Ctrl Pts',(-275.958095293111,7.09379631954615,15.6619755647935));
#3826=CARTESIAN_POINT('Ctrl Pts',(-253.958095293111,4.20213382807449,16.1921259586175));
#3827=CARTESIAN_POINT('Ctrl Pts',(-261.291428626445,5.18422388644123,16.0451080609778));
#3828=CARTESIAN_POINT('Ctrl Pts',(-268.624761959778,6.16631397684495,15.8980891740625));
#3829=CARTESIAN_POINT('Ctrl Pts',(-275.958095293111,7.14840403521168,15.7510712764228));
#3830=CARTESIAN_POINT('Ctrl Pts',(-253.958095293111,4.3845526112939,16.2011509583558));
#3831=CARTESIAN_POINT('Ctrl Pts',(-261.291428626445,5.32445839666989,16.0805576168278));
#3832=CARTESIAN_POINT('Ctrl Pts',(-268.624761959778,6.26436418204589,15.9599642752997));
#3833=CARTESIAN_POINT('Ctrl Pts',(-275.958095293111,7.20426996742188,15.8393709337716));
#3834=CARTESIAN_POINT('',(-253.958095293111,4.3845526112939,16.2011509583558));
#3835=CARTESIAN_POINT('Origin',(-253.958095293111,4.0633639969736,22.6932105602103));
#3836=CARTESIAN_POINT('',(-253.958095293111,4.3845526112939,16.2011509583558));
#3837=CARTESIAN_POINT('Ctrl Pts',(-253.958095293111,4.3845526112939,16.2011509583558));
#3838=CARTESIAN_POINT('Ctrl Pts',(-261.291428626445,5.32445839666989,16.0805576168278));
#3839=CARTESIAN_POINT('Ctrl Pts',(-268.624761959778,6.26436418204589,15.9599642752997));
#3840=CARTESIAN_POINT('Ctrl Pts',(-275.958095293111,7.20426996742188,15.8393709337716));
#3841=CARTESIAN_POINT('Ctrl Pts',(-253.958095293111,5.39670756187272,16.2316307218695));
#3842=CARTESIAN_POINT('Ctrl Pts',(-261.291428626445,6.07996567258109,16.2366419842484));
#3843=CARTESIAN_POINT('Ctrl Pts',(-268.624761959778,6.77538877348998,16.2364185595233));
#3844=CARTESIAN_POINT('Ctrl Pts',(-275.958095293111,7.45864688419835,16.2414298219022));
#3845=CARTESIAN_POINT('Ctrl Pts',(-253.958095293112,6.08882386420017,16.4282824639772));
#3846=CARTESIAN_POINT('Ctrl Pts',(-261.291428626445,6.6386772490193,16.4960137145312));
#3847=CARTESIAN_POINT('Ctrl Pts',(-268.624761959778,7.18929052677749,16.5592289807307));
#3848=CARTESIAN_POINT('Ctrl Pts',(-275.958095293111,7.73914391159663,16.6269602312847));
#3849=CARTESIAN_POINT('Ctrl Pts',(-253.958095293111,6.78359707026957,16.7897935812947));
#3850=CARTESIAN_POINT('Ctrl Pts',(-261.291428626445,7.20353327599346,16.8574373287671));
#3851=CARTESIAN_POINT('Ctrl Pts',(-268.624761959778,7.62346948171734,16.9250810762395));
#3852=CARTESIAN_POINT('Ctrl Pts',(-275.958095293111,8.04340568744122,16.9927248237119));
#3853=CARTESIAN_POINT('',(-253.958095293111,6.78359707027303,16.7897935812965));
#3854=CARTESIAN_POINT('Ctrl Pts',(-253.958095293111,6.78359707026957,16.7897935812947));
#3855=CARTESIAN_POINT('Ctrl Pts',(-253.958095293112,6.08882386420017,16.4282824639772));
#3856=CARTESIAN_POINT('Ctrl Pts',(-253.958095293111,5.39670756187272,16.2316307218695));
#3857=CARTESIAN_POINT('Ctrl Pts',(-253.958095293111,4.3845526112939,16.2011509583558));
#3858=CARTESIAN_POINT('',(-253.958095293111,6.78359707027303,16.7897935812965));
#3859=CARTESIAN_POINT('Ctrl Pts',(-253.958095293111,6.78359707027303,16.7897935812965));
#3860=CARTESIAN_POINT('Ctrl Pts',(-261.291428626445,7.20353327599576,16.8574373287683));
#3861=CARTESIAN_POINT('Ctrl Pts',(-268.624761959778,7.62346948171849,16.9250810762401));
#3862=CARTESIAN_POINT('Ctrl Pts',(-275.958095293111,8.04340568744122,16.9927248237119));
#3863=CARTESIAN_POINT('Ctrl Pts',(-253.958095293111,7.56763916273031,17.1510720134959));
#3864=CARTESIAN_POINT('Ctrl Pts',(-261.291428626445,7.83141339088188,17.2249867373522));
#3865=CARTESIAN_POINT('Ctrl Pts',(-268.624761959778,8.09547035277964,17.2984919834222));
#3866=CARTESIAN_POINT('Ctrl Pts',(-275.958095293111,8.35924458093121,17.3724067072786));
#3867=CARTESIAN_POINT('Ctrl Pts',(-253.958095293111,8.27844438313023,17.6704283186081));
#3868=CARTESIAN_POINT('Ctrl Pts',(-261.291428626445,8.4190906907597,17.6906773155347));
#3869=CARTESIAN_POINT('Ctrl Pts',(-268.624761959778,8.56004430587554,17.7105347392576));
#3870=CARTESIAN_POINT('Ctrl Pts',(-275.958095293111,8.70069061350501,17.7307837361843));
#3871=CARTESIAN_POINT('Ctrl Pts',(-253.958095293111,8.86090458633457,18.3075972287099));
#3872=CARTESIAN_POINT('Ctrl Pts',(-261.291428626445,8.9288213543811,18.2266027689152));
#3873=CARTESIAN_POINT('Ctrl Pts',(-268.624761959778,8.99673812242763,18.1456083091205));
#3874=CARTESIAN_POINT('Ctrl Pts',(-275.958095293111,9.06465489047416,18.0646138493257));
#3875=CARTESIAN_POINT('',(-253.958095293111,8.86090458633518,18.3075972287106));
#3876=CARTESIAN_POINT('Origin',(-253.958095293111,4.0633639969736,22.6932105602103));
#3877=CARTESIAN_POINT('',(-253.958095293111,8.86090458633518,18.3075972287106));
#3878=CARTESIAN_POINT('Ctrl Pts',(-253.958095293111,8.86090458633518,18.3075972287106));
#3879=CARTESIAN_POINT('Ctrl Pts',(-261.291428626445,8.9288213543815,18.2266027689156));
#3880=CARTESIAN_POINT('Ctrl Pts',(-268.624761959778,8.99673812242783,18.1456083091207));
#3881=CARTESIAN_POINT('Ctrl Pts',(-275.958095293111,9.06465489047415,18.0646138493257));
#3882=CARTESIAN_POINT('Ctrl Pts',(-253.958095293111,8.97747286701107,18.4319084473952));
#3883=CARTESIAN_POINT('Ctrl Pts',(-261.291428626445,9.02930782969527,18.3303818242097));
#3884=CARTESIAN_POINT('Ctrl Pts',(-268.624761959778,9.08121281896467,18.2288708228331));
#3885=CARTESIAN_POINT('Ctrl Pts',(-275.958095293111,9.13304778164887,18.1273441996476));
#3886=CARTESIAN_POINT('Ctrl Pts',(-253.958095293111,9.08144154301105,18.5559635780897));
#3887=CARTESIAN_POINT('Ctrl Pts',(-261.291428626445,9.12168558099566,18.4337059699097));
#3888=CARTESIAN_POINT('Ctrl Pts',(-268.624761959778,9.16199053973529,18.3114665881375));
#3889=CARTESIAN_POINT('Ctrl Pts',(-275.958095293111,9.2022345777199,18.1892089799575));
#3890=CARTESIAN_POINT('Ctrl Pts',(-253.958095293111,9.17545430364262,18.6786704001844));
#3891=CARTESIAN_POINT('Ctrl Pts',(-261.291428626445,9.20770057570835,18.5358430589467));
#3892=CARTESIAN_POINT('Ctrl Pts',(-268.624761959778,9.23994684777408,18.3930157177091));
#3893=CARTESIAN_POINT('Ctrl Pts',(-275.958095293111,9.27219311983982,18.2501883764714));
#3894=CARTESIAN_POINT('',(-253.958095293111,9.17545430364261,18.6786704001844));
#3895=CARTESIAN_POINT('Ctrl Pts',(-253.958095293111,9.17545430364262,18.6786704001844));
#3896=CARTESIAN_POINT('Ctrl Pts',(-253.958095293111,9.08144154301105,18.5559635780897));
#3897=CARTESIAN_POINT('Ctrl Pts',(-253.958095293111,8.97747286701107,18.4319084473952));
#3898=CARTESIAN_POINT('Ctrl Pts',(-253.958095293111,8.86090458633518,18.3075972287106));
#3899=CARTESIAN_POINT('',(-253.958095293111,9.17545430364261,18.6786704001844));
#3900=CARTESIAN_POINT('Ctrl Pts',(-253.958095293111,9.17545430364262,18.6786704001844));
#3901=CARTESIAN_POINT('Ctrl Pts',(-261.291428626445,9.20770057570835,18.5358430589467));
#3902=CARTESIAN_POINT('Ctrl Pts',(-268.624761959778,9.23994684777408,18.3930157177091));
#3903=CARTESIAN_POINT('Ctrl Pts',(-275.958095293111,9.27219311983982,18.2501883764714));
#3904=CARTESIAN_POINT('Ctrl Pts',(-253.958095293111,9.40330605882705,18.9688153987659));
#3905=CARTESIAN_POINT('Ctrl Pts',(-261.291428626445,9.41263038709289,18.7755026126688));
#3906=CARTESIAN_POINT('Ctrl Pts',(-268.624761959778,9.42196843264104,18.5821804403787));
#3907=CARTESIAN_POINT('Ctrl Pts',(-275.958095293111,9.43129276090687,18.3888676542816));
#3908=CARTESIAN_POINT('Ctrl Pts',(-253.958095293111,9.60639364410268,19.2784012136156));
#3909=CARTESIAN_POINT('Ctrl Pts',(-261.291428626445,9.60238601607657,19.0265927156792));
#3910=CARTESIAN_POINT('Ctrl Pts',(-268.624761959778,9.59839234269193,18.7747751951518));
#3911=CARTESIAN_POINT('Ctrl Pts',(-275.958095293111,9.59438471466582,18.5229666972154));
#3912=CARTESIAN_POINT('Ctrl Pts',(-253.958095293111,9.78178586574645,19.6029595460142));
#3913=CARTESIAN_POINT('Ctrl Pts',(-261.291428626445,9.77492355520927,19.2860608522203));
#3914=CARTESIAN_POINT('Ctrl Pts',(-268.624761959778,9.76806124467208,18.9691621584265));
#3915=CARTESIAN_POINT('Ctrl Pts',(-275.958095293111,9.7611989341349,18.6522634646326));
#3916=CARTESIAN_POINT('',(-253.958095293111,9.78178586574645,19.6029595460142));
#3917=CARTESIAN_POINT('Origin',(-253.958095293111,4.0633639969736,22.6932105602103));
#3918=CARTESIAN_POINT('',(-253.958095293111,9.78178586574645,19.6029595460142));
#3919=CARTESIAN_POINT('Ctrl Pts',(-253.958095293111,9.78178586574645,19.6029595460142));
#3920=CARTESIAN_POINT('Ctrl Pts',(-261.291428626445,9.77492355520926,19.2860608522203));
#3921=CARTESIAN_POINT('Ctrl Pts',(-268.624761959778,9.76806124467208,18.9691621584265));
#3922=CARTESIAN_POINT('Ctrl Pts',(-275.958095293111,9.7611989341349,18.6522634646326));
#3923=CARTESIAN_POINT('Ctrl Pts',(-253.958095293111,9.97305719383198,19.9241191242711));
#3924=CARTESIAN_POINT('Ctrl Pts',(-261.291428626445,9.98051381791714,19.559836538777));
#3925=CARTESIAN_POINT('Ctrl Pts',(-268.624761959778,9.98445674516346,19.1953715168744));
#3926=CARTESIAN_POINT('Ctrl Pts',(-275.958095293111,9.99191336924862,18.8310889313803));
#3927=CARTESIAN_POINT('Ctrl Pts',(-253.958095293111,10.3287571728235,20.5340701924882));
#3928=CARTESIAN_POINT('Ctrl Pts',(-261.291428626445,10.3549526486073,20.0654373791145));
#3929=CARTESIAN_POINT('Ctrl Pts',(-268.624761959778,10.3819320195397,19.596585261513));
#3930=CARTESIAN_POINT('Ctrl Pts',(-275.958095293111,10.4081274953235,19.1279524481392));
#3931=CARTESIAN_POINT('Ctrl Pts',(-253.958095293111,10.5133539355344,21.6091247186764));
#3932=CARTESIAN_POINT('Ctrl Pts',(-261.291428626445,10.62258496818,20.8726596394707));
#3933=CARTESIAN_POINT('Ctrl Pts',(-268.624761959778,10.7346124913755,20.131499666889));
#3934=CARTESIAN_POINT('Ctrl Pts',(-275.958095293111,10.8438435240211,19.3950345876833));
#3935=CARTESIAN_POINT('Ctrl Pts',(-253.958095293111,10.5396087416764,22.1380042861922));
#3936=CARTESIAN_POINT('Ctrl Pts',(-261.291428626445,10.7043483515956,21.2599445825174));
#3937=CARTESIAN_POINT('Ctrl Pts',(-268.624761959778,10.8690879615148,20.3818848788425));
#3938=CARTESIAN_POINT('Ctrl Pts',(-275.958095293111,11.0338275714341,19.5038251751677));
#3939=CARTESIAN_POINT('',(-253.958095293111,10.5396087416764,22.1380042861922));
#3940=CARTESIAN_POINT('Ctrl Pts',(-253.958095293111,10.5396087416764,22.1380042861922));
#3941=CARTESIAN_POINT('Ctrl Pts',(-253.958095293111,10.5133539355344,21.6091247186764));
#3942=CARTESIAN_POINT('Ctrl Pts',(-253.958095293111,10.3287571728235,20.5340701924882));
#3943=CARTESIAN_POINT('Ctrl Pts',(-253.958095293111,9.97305719383198,19.9241191242711));
#3944=CARTESIAN_POINT('Ctrl Pts',(-253.958095293111,9.78178586574645,19.6029595460142));
#3945=CARTESIAN_POINT('',(-253.958095293111,10.5396087416764,22.1380042861922));
#3946=CARTESIAN_POINT('Ctrl Pts',(-253.958095293111,10.5396087416764,22.1380042861922));
#3947=CARTESIAN_POINT('Ctrl Pts',(-261.291428626445,10.7043483515956,21.2599445825174));
#3948=CARTESIAN_POINT('Ctrl Pts',(-268.624761959778,10.8690879615149,20.3818848788425));
#3949=CARTESIAN_POINT('Ctrl Pts',(-275.958095293111,11.0338275714341,19.5038251751677));
#3950=CARTESIAN_POINT('Ctrl Pts',(-253.958095293111,10.5715827171465,22.5109670935224));
#3951=CARTESIAN_POINT('Ctrl Pts',(-261.291428626445,10.7876052877975,21.5440592216162));
#3952=CARTESIAN_POINT('Ctrl Pts',(-268.624761959778,11.0036452900528,20.5771507938438));
#3953=CARTESIAN_POINT('Ctrl Pts',(-275.958095293111,11.2196678607038,19.6102429219376));
#3954=CARTESIAN_POINT('Ctrl Pts',(-253.958095293111,10.5712582827626,22.8866932616422));
#3955=CARTESIAN_POINT('Ctrl Pts',(-261.291428626445,10.8503719375771,21.8282062302682));
#3956=CARTESIAN_POINT('Ctrl Pts',(-268.624761959778,11.129503020489,20.7697191117422));
#3957=CARTESIAN_POINT('Ctrl Pts',(-275.958095293111,11.4086166753035,19.7112320803682));
#3958=CARTESIAN_POINT('Ctrl Pts',(-253.958095293111,10.5386402589334,23.2596002946684));
#3959=CARTESIAN_POINT('Ctrl Pts',(-261.291428626445,10.8925441430654,22.1086070273498));
#3960=CARTESIAN_POINT('Ctrl Pts',(-268.624761959778,11.2464480271973,20.9576137600313));
#3961=CARTESIAN_POINT('Ctrl Pts',(-275.958095293111,11.6003519113292,19.8066204927127));
#3962=CARTESIAN_POINT('',(-253.958095293111,10.5386402589334,23.2596002946684));
#3963=CARTESIAN_POINT('Origin',(-253.958095293111,4.0633639969736,22.6932105602103));
#3964=CARTESIAN_POINT('',(-258.309785201721,10.7486511627327,22.5765867783591));
#3965=CARTESIAN_POINT('',(-253.958095293111,10.5386402589334,23.2596002946684));
#3966=CARTESIAN_POINT('',(-253.958095293111,10.5386402589334,23.2596002946684));
#3967=CARTESIAN_POINT('Ctrl Pts',(-253.958095293111,10.5386402589334,23.2596002946684));
#3968=CARTESIAN_POINT('Ctrl Pts',(-261.291428626445,10.8925441430654,22.1086070273498));
#3969=CARTESIAN_POINT('Ctrl Pts',(-268.624761959778,11.2464480271973,20.9576137600313));
#3970=CARTESIAN_POINT('Ctrl Pts',(-275.958095293111,11.6003519113292,19.8066204927127));
#3971=CARTESIAN_POINT('Ctrl Pts',(-253.958095293111,10.518028617567,23.7938854984039));
#3972=CARTESIAN_POINT('Ctrl Pts',(-261.291428626445,10.9344191924556,22.492040592658));
#3973=CARTESIAN_POINT('Ctrl Pts',(-268.624761959778,11.3507476268284,21.1914416931172));
#3974=CARTESIAN_POINT('Ctrl Pts',(-275.958095293111,11.767138201717,19.8895967873713));
#3975=CARTESIAN_POINT('Ctrl Pts',(-253.958095293111,10.4692658226103,24.410938277182));
#3976=CARTESIAN_POINT('Ctrl Pts',(-261.291428626445,10.9723266506246,22.9363899127668));
#3977=CARTESIAN_POINT('Ctrl Pts',(-268.624761959778,11.4751956093382,21.4625682281631));
#3978=CARTESIAN_POINT('Ctrl Pts',(-275.958095293111,11.9782564373526,19.9880198637479));
#3979=CARTESIAN_POINT('Ctrl Pts',(-253.958095293111,10.4858745976518,24.8629511090476));
#3980=CARTESIAN_POINT('Ctrl Pts',(-261.291428626445,11.0832455326406,23.2806621601851));
#3981=CARTESIAN_POINT('Ctrl Pts',(-268.624761959778,11.6805860814866,21.6986091314401));
#3982=CARTESIAN_POINT('Ctrl Pts',(-275.958095293111,12.2779570164753,20.1163201825776));
#3983=CARTESIAN_POINT('Ctrl Pts',(-253.958095293111,10.5209125210273,24.9401560607118));
#3984=CARTESIAN_POINT('Ctrl Pts',(-261.291428626445,11.1498457710888,23.3493709981124));
#3985=CARTESIAN_POINT('Ctrl Pts',(-268.624761959778,11.7784988092167,21.7596375917637));
#3986=CARTESIAN_POINT('Ctrl Pts',(-275.958095293111,12.4074320592783,20.1688525291643));
#3987=CARTESIAN_POINT('Ctrl Pts',(-253.958095293111,10.5597783097699,24.9354390973758));
#3988=CARTESIAN_POINT('Ctrl Pts',(-261.291428626445,11.20457875614,23.3578834386925));
#3989=CARTESIAN_POINT('Ctrl Pts',(-268.624761959778,11.8493792025101,21.7803277800091));
#3990=CARTESIAN_POINT('Ctrl Pts',(-275.958095293111,12.4941796488802,20.2027721213257));
#3991=CARTESIAN_POINT('',(-253.958095293111,10.5597783097699,24.9354390973759));
#3992=CARTESIAN_POINT('Ctrl Pts',(-253.958095293111,10.5597783097699,24.9354390973758));
#3993=CARTESIAN_POINT('Ctrl Pts',(-253.958095293111,10.5209125210273,24.9401560607118));
#3994=CARTESIAN_POINT('Ctrl Pts',(-253.958095293111,10.4858745976518,24.8629511090476));
#3995=CARTESIAN_POINT('Ctrl Pts',(-253.958095293111,10.4692658226103,24.410938277182));
#3996=CARTESIAN_POINT('Ctrl Pts',(-253.958095293111,10.518028617567,23.7938854984039));
#3997=CARTESIAN_POINT('Ctrl Pts',(-253.958095293111,10.5386402589334,23.2596002946684));
#3998=CARTESIAN_POINT('',(-253.958095293111,10.5597783097699,24.9354390973759));
#3999=CARTESIAN_POINT('Ctrl Pts',(-253.958095293111,10.5597783097699,24.9354390973758));
#4000=CARTESIAN_POINT('Ctrl Pts',(-261.291428626445,11.20457875614,23.3578834386925));
#4001=CARTESIAN_POINT('Ctrl Pts',(-268.624761959778,11.8493792025101,21.7803277800091));
#4002=CARTESIAN_POINT('Ctrl Pts',(-275.958095293111,12.4941796488802,20.2027721213257));
#4003=CARTESIAN_POINT('Ctrl Pts',(-253.958095293111,10.8099996796502,24.2656732067557));
#4004=CARTESIAN_POINT('Ctrl Pts',(-261.291428626445,11.4908986082089,22.9581128594204));
#4005=CARTESIAN_POINT('Ctrl Pts',(-268.624761959778,12.1715971656891,21.6504395050334));
#4006=CARTESIAN_POINT('Ctrl Pts',(-275.958095293111,12.8524960942478,20.3428791576981));
#4007=CARTESIAN_POINT('Ctrl Pts',(-253.958095293111,11.17167213196,23.6376949751939));
#4008=CARTESIAN_POINT('Ctrl Pts',(-261.291428626445,11.8539026121024,22.5798944564765));
#4009=CARTESIAN_POINT('Ctrl Pts',(-268.624761959778,12.5359386199657,21.521970559382));
#4010=CARTESIAN_POINT('Ctrl Pts',(-275.958095293111,13.2181691001081,20.4641700406645));
#4011=CARTESIAN_POINT('Ctrl Pts',(-253.958095293111,11.6254201317962,23.0851464842652));
#4012=CARTESIAN_POINT('Ctrl Pts',(-261.291428626445,12.2800097518153,22.2454237151226));
#4013=CARTESIAN_POINT('Ctrl Pts',(-268.624761959778,12.9345993718345,21.4057009459801));
#4014=CARTESIAN_POINT('Ctrl Pts',(-275.958095293111,13.5891889918537,20.5659781768376));
#4015=CARTESIAN_POINT('',(-253.958095293111,11.6254201317962,23.0851464842651));
#4016=CARTESIAN_POINT('Origin',(-253.958095293111,16.6487253934859,27.2102409374723));
#4017=CARTESIAN_POINT('',(-253.958095293111,11.6254201317962,23.0851464842651));
#4018=CARTESIAN_POINT('Ctrl Pts',(-253.958095293111,11.6254201317962,23.0851464842652));
#4019=CARTESIAN_POINT('Ctrl Pts',(-261.291428626445,12.2800097518153,22.2454237151226));
#4020=CARTESIAN_POINT('Ctrl Pts',(-268.624761959778,12.9345993718345,21.4057009459801));
#4021=CARTESIAN_POINT('Ctrl Pts',(-275.958095293111,13.5891889918537,20.5659781768376));
#4022=CARTESIAN_POINT('Ctrl Pts',(-253.958095293111,11.834532229305,22.7364295765698));
#4023=CARTESIAN_POINT('Ctrl Pts',(-261.291428626445,12.4721234068283,22.0296242035012));
#4024=CARTESIAN_POINT('Ctrl Pts',(-268.624761959778,13.1115980610863,21.3166877374493));
#4025=CARTESIAN_POINT('Ctrl Pts',(-275.958095293111,13.7491892386097,20.6098823643808));
#4026=CARTESIAN_POINT('Ctrl Pts',(-253.958095293111,12.1772691331816,22.3117639005546));
#4027=CARTESIAN_POINT('Ctrl Pts',(-261.291428626445,12.7952842643326,21.7675111728469));
#4028=CARTESIAN_POINT('Ctrl Pts',(-268.624761959778,13.4129131508037,21.2246313128682));
#4029=CARTESIAN_POINT('Ctrl Pts',(-275.958095293111,14.0309282819547,20.6803785851605));
#4030=CARTESIAN_POINT('Ctrl Pts',(-253.958095293111,12.5777780128951,22.0914649870318));
#4031=CARTESIAN_POINT('Ctrl Pts',(-261.291428626445,13.1572581526152,21.6401100927178));
#4032=CARTESIAN_POINT('Ctrl Pts',(-268.624761959778,13.7357250183262,21.1910157419));
#4033=CARTESIAN_POINT('Ctrl Pts',(-275.958095293111,14.3152051580464,20.739660847586));
#4034=CARTESIAN_POINT('Ctrl Pts',(-253.958095293111,12.7777572747686,21.9885931301347));
#4035=CARTESIAN_POINT('Ctrl Pts',(-261.291428626445,13.3309828663184,21.5800598651498));
#4036=CARTESIAN_POINT('Ctrl Pts',(-268.624761959778,13.8842084578682,21.1715266001648));
#4037=CARTESIAN_POINT('Ctrl Pts',(-275.958095293111,14.437434049418,20.7629933351799));
#4038=CARTESIAN_POINT('',(-253.958095293111,12.7777572747686,21.9885931301346));
#4039=CARTESIAN_POINT('Ctrl Pts',(-253.958095293111,12.7777572747686,21.9885931301347));
#4040=CARTESIAN_POINT('Ctrl Pts',(-253.958095293111,12.5777780128951,22.0914649870318));
#4041=CARTESIAN_POINT('Ctrl Pts',(-253.958095293111,12.1772691331816,22.3117639005546));
#4042=CARTESIAN_POINT('Ctrl Pts',(-253.958095293111,11.834532229305,22.7364295765698));
#4043=CARTESIAN_POINT('Ctrl Pts',(-253.958095293111,11.6254201317962,23.0851464842652));
#4044=CARTESIAN_POINT('',(-253.958095293111,12.7777572747686,21.9885931301346));
#4045=CARTESIAN_POINT('Ctrl Pts',(-253.958095293111,12.7777572747686,21.9885931301347));
#4046=CARTESIAN_POINT('Ctrl Pts',(-261.291428626445,13.3309828663184,21.5800598651498));
#4047=CARTESIAN_POINT('Ctrl Pts',(-268.624761959778,13.8842084578682,21.1715266001648));
#4048=CARTESIAN_POINT('Ctrl Pts',(-275.958095293111,14.437434049418,20.7629933351799));
#4049=CARTESIAN_POINT('Ctrl Pts',(-253.958095293111,13.4566824039473,21.4852850505752));
#4050=CARTESIAN_POINT('Ctrl Pts',(-261.291428626445,13.9325695961606,21.2730806554024));
#4051=CARTESIAN_POINT('Ctrl Pts',(-268.624761959778,14.4082537279801,21.0604703889161));
#4052=CARTESIAN_POINT('Ctrl Pts',(-275.958095293111,14.8841409201934,20.8482659937432));
#4053=CARTESIAN_POINT('Ctrl Pts',(-253.958095293111,14.2347343378785,21.116235232074));
#4054=CARTESIAN_POINT('Ctrl Pts',(-261.291428626445,14.6019293124074,21.0462295724245));
#4055=CARTESIAN_POINT('Ctrl Pts',(-268.624761959778,14.9689459654571,20.9758062165646));
#4056=CARTESIAN_POINT('Ctrl Pts',(-275.958095293111,15.3361409399861,20.9058005569152));
#4057=CARTESIAN_POINT('Ctrl Pts',(-253.958095293111,15.0540434562016,20.9088927072204));
#4058=CARTESIAN_POINT('Ctrl Pts',(-261.291428626445,15.2993508078444,20.9176469751083));
#4059=CARTESIAN_POINT('Ctrl Pts',(-268.624761959778,15.5446581594871,20.9264012429963));
#4060=CARTESIAN_POINT('Ctrl Pts',(-275.958095293111,15.7899655111299,20.9351555108843));
#4061=CARTESIAN_POINT('',(-253.958095293111,15.0540434562019,20.9088927072203));
#4062=CARTESIAN_POINT('Origin',(-253.958095293111,16.6487253934859,27.2102409374723));
#4063=CARTESIAN_POINT('',(-253.958095293111,15.0540434562019,20.9088927072203));
#4064=CARTESIAN_POINT('Ctrl Pts',(-253.958095293111,15.0540434562019,20.9088927072203));
#4065=CARTESIAN_POINT('Ctrl Pts',(-261.291428626445,15.2993508078446,20.9176469751083));
#4066=CARTESIAN_POINT('Ctrl Pts',(-268.624761959778,15.5446581594872,20.9264012429963));
#4067=CARTESIAN_POINT('Ctrl Pts',(-275.958095293111,15.7899655111299,20.9351555108843));
#4068=CARTESIAN_POINT('Ctrl Pts',(-253.958095293111,15.5389033695193,20.7239737296921));
#4069=CARTESIAN_POINT('Ctrl Pts',(-261.291428626444,15.711797969456,20.8011914521993));
#4070=CARTESIAN_POINT('Ctrl Pts',(-268.624761959778,15.8869761065215,20.8753961965124));
#4071=CARTESIAN_POINT('Ctrl Pts',(-275.958095293111,16.0598707064582,20.9526139190196));
#4072=CARTESIAN_POINT('Ctrl Pts',(-253.958095293111,16.366751292686,20.5318748638613));
#4073=CARTESIAN_POINT('Ctrl Pts',(-261.291428626445,16.4224494034908,20.6762561682203));
#4074=CARTESIAN_POINT('Ctrl Pts',(-268.624761959778,16.477633839635,20.8213554081951));
#4075=CARTESIAN_POINT('Ctrl Pts',(-275.958095293111,16.5333319504398,20.9657367125541));
#4076=CARTESIAN_POINT('Ctrl Pts',(-253.958095293111,17.243900030481,20.6787163939233));
#4077=CARTESIAN_POINT('Ctrl Pts',(-261.291428626445,17.1653210080949,20.7686260986301));
#4078=CARTESIAN_POINT('Ctrl Pts',(-268.624761959778,17.0850921520459,20.8583900157742));
#4079=CARTESIAN_POINT('Ctrl Pts',(-275.958095293111,17.0065131296597,20.948299720481));
#4080=CARTESIAN_POINT('Ctrl Pts',(-253.958095293111,17.6384193444975,20.7860284656333));
#4081=CARTESIAN_POINT('Ctrl Pts',(-261.291428626445,17.4952606719072,20.8357609892865));
#4082=CARTESIAN_POINT('Ctrl Pts',(-268.624761959778,17.3521019993168,20.8854935129397));
#4083=CARTESIAN_POINT('Ctrl Pts',(-275.958095293111,17.2089433267265,20.9352260365929));
#4084=CARTESIAN_POINT('',(-253.958095293111,17.6384193444986,20.7860284656336));
#4085=CARTESIAN_POINT('Ctrl Pts',(-253.958095293111,17.6384193444975,20.7860284656333));
#4086=CARTESIAN_POINT('Ctrl Pts',(-253.958095293111,17.243900030481,20.6787163939233));
#4087=CARTESIAN_POINT('Ctrl Pts',(-253.958095293111,16.366751292686,20.5318748638613));
#4088=CARTESIAN_POINT('Ctrl Pts',(-253.958095293111,15.5389033695193,20.7239737296921));
#4089=CARTESIAN_POINT('Ctrl Pts',(-253.958095293111,15.0540434562019,20.9088927072203));
#4090=CARTESIAN_POINT('',(-253.958095293111,17.6384193444986,20.7860284656336));
#4091=CARTESIAN_POINT('Ctrl Pts',(-253.958095293111,17.6384193444986,20.7860284656336));
#4092=CARTESIAN_POINT('Ctrl Pts',(-261.291428626445,17.4952606719079,20.8357609892867));
#4093=CARTESIAN_POINT('Ctrl Pts',(-268.624761959778,17.3521019993172,20.8854935129398));
#4094=CARTESIAN_POINT('Ctrl Pts',(-275.958095293111,17.2089433267265,20.9352260365929));
#4095=CARTESIAN_POINT('Ctrl Pts',(-253.958095293111,18.6431957698057,20.9408211588401));
#4096=CARTESIAN_POINT('Ctrl Pts',(-261.291428626445,18.3469772911342,20.9275020928053));
#4097=CARTESIAN_POINT('Ctrl Pts',(-268.624761959778,18.0510780645049,20.9132878302229));
#4098=CARTESIAN_POINT('Ctrl Pts',(-275.958095293111,17.7548595858333,20.8999687641882));
#4099=CARTESIAN_POINT('Ctrl Pts',(-253.958095293111,19.6102018206322,21.3354478505475));
#4100=CARTESIAN_POINT('Ctrl Pts',(-261.291428626445,19.1727189768205,21.1652255604322));
#4101=CARTESIAN_POINT('Ctrl Pts',(-268.624761959778,18.7356191876459,20.9941343185759));
#4102=CARTESIAN_POINT('Ctrl Pts',(-275.958095293111,18.2981363438342,20.8239120284606));
#4103=CARTESIAN_POINT('Ctrl Pts',(-253.958095293111,20.4363911250809,21.9278562197809));
#4104=CARTESIAN_POINT('Ctrl Pts',(-261.291428626445,19.9018431390618,21.5212039824633));
#4105=CARTESIAN_POINT('Ctrl Pts',(-268.624761959778,19.3672951530426,21.1145517451457));
#4106=CARTESIAN_POINT('Ctrl Pts',(-275.958095293111,18.8327471670234,20.7078995078281));
#4107=CARTESIAN_POINT('',(-253.958095293111,20.4363911250809,21.9278562197809));
#4108=CARTESIAN_POINT('Origin',(-253.958095293111,16.6487253934859,27.2102409374723));
#4109=CARTESIAN_POINT('',(-253.958095293111,20.4363911250809,21.9278562197809));
#4110=CARTESIAN_POINT('Ctrl Pts',(-253.958095293111,20.4363911250809,21.9278562197809));
#4111=CARTESIAN_POINT('Ctrl Pts',(-261.291428626445,19.9018431390618,21.5212039824633));
#4112=CARTESIAN_POINT('Ctrl Pts',(-268.624761959778,19.3672951530426,21.1145517451457));
#4113=CARTESIAN_POINT('Ctrl Pts',(-275.958095293111,18.8327471670234,20.7078995078281));
#4114=CARTESIAN_POINT('Ctrl Pts',(-253.958095293111,20.768110999036,22.1058266767296));
#4115=CARTESIAN_POINT('Ctrl Pts',(-261.291428626445,20.1893855502485,21.6251247634111));
#4116=CARTESIAN_POINT('Ctrl Pts',(-268.624761959778,19.6122841128722,21.1450245855579));
#4117=CARTESIAN_POINT('Ctrl Pts',(-275.958095293111,19.0335586640846,20.6643226722394));
#4118=CARTESIAN_POINT('Ctrl Pts',(-253.958095293111,21.2257769750493,22.4182012226756));
#4119=CARTESIAN_POINT('Ctrl Pts',(-261.291428626445,20.6115824423328,21.8049016226171));
#4120=CARTESIAN_POINT('Ctrl Pts',(-268.624761959778,19.9970357955597,21.1915129398358));
#4121=CARTESIAN_POINT('Ctrl Pts',(-275.958095293111,19.3828412628432,20.5782133397773));
#4122=CARTESIAN_POINT('Ctrl Pts',(-253.958095293111,21.6561454340377,23.0100204251177));
#4123=CARTESIAN_POINT('Ctrl Pts',(-261.291428626445,21.0138577380419,22.1660911236694));
#4124=CARTESIAN_POINT('Ctrl Pts',(-268.624761959778,20.3697117920972,21.3190339040188));
#4125=CARTESIAN_POINT('Ctrl Pts',(-275.958095293111,19.7274240961015,20.4751046025705));
#4126=CARTESIAN_POINT('Ctrl Pts',(-253.958095293111,21.8493434995853,23.3110652150264));
#4127=CARTESIAN_POINT('Ctrl Pts',(-261.291428626445,21.1909319577678,22.3499875179767));
#4128=CARTESIAN_POINT('Ctrl Pts',(-268.624761959778,20.5325204159504,21.388909820927));
#4129=CARTESIAN_POINT('Ctrl Pts',(-275.958095293111,19.8741088741329,20.4278321238772));
#4130=CARTESIAN_POINT('',(-253.958095293111,21.8493434995852,23.3110652150264));
#4131=CARTESIAN_POINT('Ctrl Pts',(-253.958095293111,21.8493434995853,23.3110652150264));
#4132=CARTESIAN_POINT('Ctrl Pts',(-253.958095293111,21.6561454340377,23.0100204251177));
#4133=CARTESIAN_POINT('Ctrl Pts',(-253.958095293111,21.2257769750493,22.4182012226756));
#4134=CARTESIAN_POINT('Ctrl Pts',(-253.958095293111,20.768110999036,22.1058266767296));
#4135=CARTESIAN_POINT('Ctrl Pts',(-253.958095293111,20.4363911250809,21.9278562197809));
#4136=CARTESIAN_POINT('',(-253.958095293111,21.8493434995852,23.3110652150264));
#4137=CARTESIAN_POINT('Ctrl Pts',(-253.958095293111,21.8493434995852,23.3110652150265));
#4138=CARTESIAN_POINT('Ctrl Pts',(-261.291428626445,21.1909319577678,22.3499875179767));
#4139=CARTESIAN_POINT('Ctrl Pts',(-268.624761959778,20.5325204159504,21.388909820927));
#4140=CARTESIAN_POINT('Ctrl Pts',(-275.958095293111,19.8741088741329,20.4278321238772));
#4141=CARTESIAN_POINT('Ctrl Pts',(-253.958095293111,22.1180771674928,23.6694951188118));
#4142=CARTESIAN_POINT('Ctrl Pts',(-261.291428626445,21.4465584147075,22.5642996001427));
#4143=CARTESIAN_POINT('Ctrl Pts',(-268.624761959778,20.7750695050173,21.4590848214892));
#4144=CARTESIAN_POINT('Ctrl Pts',(-275.958095293111,20.1035507522321,20.3538893028201));
#4145=CARTESIAN_POINT('Ctrl Pts',(-253.958095293111,22.3496163957034,24.0557946213925));
#4146=CARTESIAN_POINT('Ctrl Pts',(-261.291428626445,21.6765877948718,22.7946696835193));
#4147=CARTESIAN_POINT('Ctrl Pts',(-268.624761959778,21.0035896246955,21.5335264780699));
#4148=CARTESIAN_POINT('Ctrl Pts',(-275.958095293111,20.3305610238639,20.2724015401967));
#4149=CARTESIAN_POINT('Ctrl Pts',(-253.958095293111,22.5390435108506,24.4617590881153));
#4150=CARTESIAN_POINT('Ctrl Pts',(-261.291428626445,21.8775788079061,23.0356876686663));
#4151=CARTESIAN_POINT('Ctrl Pts',(-268.624761959778,21.2161141049617,21.6096162492174));
#4152=CARTESIAN_POINT('Ctrl Pts',(-275.958095293111,20.5546494020172,20.1835448297684));
#4153=CARTESIAN_POINT('',(-253.958095293111,22.5390435108506,24.4617590881153));
#4154=CARTESIAN_POINT('Origin',(-253.958095293111,16.6487253934859,27.2102409374723));
#4155=CARTESIAN_POINT('',(-260.847753709632,21.9175981665952,23.1219665939017));
#4156=CARTESIAN_POINT('',(-253.958095293111,22.5390435108506,24.4617590881153));
#4157=CARTESIAN_POINT('',(-253.958095293111,22.5390435108506,24.4617590881153));
#4158=CARTESIAN_POINT('Ctrl Pts',(-253.958095293111,22.5390435108506,24.4617590881153));
#4159=CARTESIAN_POINT('Ctrl Pts',(-261.291428626445,21.8775788079061,23.0356876686663));
#4160=CARTESIAN_POINT('Ctrl Pts',(-268.624761959778,21.2161141049617,21.6096162492174));
#4161=CARTESIAN_POINT('Ctrl Pts',(-275.958095293111,20.5546494020172,20.1835448297684));
#4162=CARTESIAN_POINT('Ctrl Pts',(-253.958095293111,22.6263690304308,24.6082788018757));
#4163=CARTESIAN_POINT('Ctrl Pts',(-261.291428626445,21.9521946169652,23.1267865915641));
#4164=CARTESIAN_POINT('Ctrl Pts',(-268.624761959778,21.2781162648016,21.6454913370341));
#4165=CARTESIAN_POINT('Ctrl Pts',(-275.958095293111,20.6039418513359,20.1639991267225));
#4166=CARTESIAN_POINT('Ctrl Pts',(-253.958095293112,22.7546126872056,24.8150120405675));
#4167=CARTESIAN_POINT('Ctrl Pts',(-261.291428626445,22.0664017182708,23.253080847871));
#4168=CARTESIAN_POINT('Ctrl Pts',(-268.624761959778,21.3781672707415,21.6911015812505));
#4169=CARTESIAN_POINT('Ctrl Pts',(-275.958095293111,20.6899563018067,20.1291703885541));
#4170=CARTESIAN_POINT('Ctrl Pts',(-253.958095293111,22.8195684907505,24.8812904878385));
#4171=CARTESIAN_POINT('Ctrl Pts',(-261.291428626445,22.1382008964229,23.2852423080757));
#4172=CARTESIAN_POINT('Ctrl Pts',(-268.624761959778,21.4568897711584,21.6893046329996));
#4173=CARTESIAN_POINT('Ctrl Pts',(-275.958095293111,20.7755221768307,20.0932564532367));
#4174=CARTESIAN_POINT('Ctrl Pts',(-253.958095293111,22.8348966631845,24.8803479129969));
#4175=CARTESIAN_POINT('Ctrl Pts',(-261.291428626445,22.160634014861,23.2794540591074));
#4176=CARTESIAN_POINT('Ctrl Pts',(-268.624761959778,21.4863713665375,21.6785602052178));
#4177=CARTESIAN_POINT('Ctrl Pts',(-275.958095293111,20.812108718214,20.0776663513282));
#4178=CARTESIAN_POINT('',(-253.958095293111,22.8348966631845,24.8803479129969));
#4179=CARTESIAN_POINT('Ctrl Pts',(-253.958095293111,22.8348966631845,24.8803479129969));
#4180=CARTESIAN_POINT('Ctrl Pts',(-253.958095293111,22.8195684907505,24.8812904878385));
#4181=CARTESIAN_POINT('Ctrl Pts',(-253.958095293112,22.7546126872056,24.8150120405675));
#4182=CARTESIAN_POINT('Ctrl Pts',(-253.958095293111,22.6263690304308,24.6082788018757));
#4183=CARTESIAN_POINT('Ctrl Pts',(-253.958095293111,22.5390435108506,24.4617590881153));
#4184=CARTESIAN_POINT('',(-253.958095293111,22.8348966631845,24.8803479129969));
#4185=CARTESIAN_POINT('Ctrl Pts',(-253.958095293111,22.8348966631845,24.8803479129969));
#4186=CARTESIAN_POINT('Ctrl Pts',(-261.291428626445,22.160634014861,23.2794540591074));
#4187=CARTESIAN_POINT('Ctrl Pts',(-268.624761959778,21.4863713665375,21.6785602052178));
#4188=CARTESIAN_POINT('Ctrl Pts',(-275.958095293111,20.812108718214,20.0776663513282));
#4189=CARTESIAN_POINT('Ctrl Pts',(-253.958095293111,22.5597748651434,24.1807550501975));
#4190=CARTESIAN_POINT('Ctrl Pts',(-261.291428626445,22.1010184785424,22.7603254539841));
#4191=CARTESIAN_POINT('Ctrl Pts',(-268.624761959778,21.6419870605731,21.3399550330959));
#4192=CARTESIAN_POINT('Ctrl Pts',(-275.958095293111,21.1832306739721,19.9195254368825));
#4193=CARTESIAN_POINT('Ctrl Pts',(-253.958095293111,22.4072873150454,23.4331290455633));
#4194=CARTESIAN_POINT('Ctrl Pts',(-261.291428626445,22.1201654491248,22.2023875468347));
#4195=CARTESIAN_POINT('Ctrl Pts',(-268.624761959778,21.8327654102378,20.9716902241753));
#4196=CARTESIAN_POINT('Ctrl Pts',(-275.958095293111,21.5456435443171,19.7409487254468));
#4197=CARTESIAN_POINT('Ctrl Pts',(-253.958095293111,22.3864495397878,22.681671818198));
#4198=CARTESIAN_POINT('Ctrl Pts',(-261.291428626445,22.2233523156449,21.6354528990962));
#4199=CARTESIAN_POINT('Ctrl Pts',(-268.624761959778,22.0602550915019,20.5892339799944));
#4200=CARTESIAN_POINT('Ctrl Pts',(-275.958095293111,21.897157867359,19.5430150608926));
#4201=CARTESIAN_POINT('',(-253.958095293111,22.3864495397878,22.6816718181979));
#4202=CARTESIAN_POINT('Origin',(-253.958095293111,28.8839519152278,22.5014972329986));
#4203=CARTESIAN_POINT('',(-253.958095293111,22.3864495397878,22.6816718181979));
#4204=CARTESIAN_POINT('Ctrl Pts',(-253.958095293111,22.3864495397878,22.6816718181979));
#4205=CARTESIAN_POINT('Ctrl Pts',(-261.291428626445,22.2233523156448,21.6354528990961));
#4206=CARTESIAN_POINT('Ctrl Pts',(-268.624761959778,22.0602550915019,20.5892339799943));
#4207=CARTESIAN_POINT('Ctrl Pts',(-275.958095293111,21.897157867359,19.5430150608926));
#4208=CARTESIAN_POINT('Ctrl Pts',(-253.958095293112,22.3417590019506,22.3445210369991));
#4209=CARTESIAN_POINT('Ctrl Pts',(-261.291428626445,22.2369652572009,21.3865349506422));
#4210=CARTESIAN_POINT('Ctrl Pts',(-268.624761959778,22.1317843976329,20.4278938018767));
#4211=CARTESIAN_POINT('Ctrl Pts',(-275.958095293111,22.0269906528833,19.4699077155198));
#4212=CARTESIAN_POINT('Ctrl Pts',(-253.958095293111,22.3073588089355,21.6992545905175));
#4213=CARTESIAN_POINT('Ctrl Pts',(-261.291428626445,22.2993737576203,20.9055325063552));
#4214=CARTESIAN_POINT('Ctrl Pts',(-268.624761959778,22.2916697850169,20.1121380907164));
#4215=CARTESIAN_POINT('Ctrl Pts',(-275.958095293111,22.2836847337016,19.3184160065542));
#4216=CARTESIAN_POINT('Ctrl Pts',(-253.958095293111,22.4770770259443,20.7669500491642));
#4217=CARTESIAN_POINT('Ctrl Pts',(-261.291428626445,22.5587058888759,20.1898482424355));
#4218=CARTESIAN_POINT('Ctrl Pts',(-268.624761959778,22.6401301959636,19.6123776352073));
#4219=CARTESIAN_POINT('Ctrl Pts',(-275.958095293111,22.7217590588952,19.0352758284786));
#4220=CARTESIAN_POINT('Ctrl Pts',(-253.958095293111,22.7506140285379,20.2171899124268));
#4221=CARTESIAN_POINT('Ctrl Pts',(-261.291428626445,22.8414266052249,19.7501449572762));
#4222=CARTESIAN_POINT('Ctrl Pts',(-268.624761959778,22.9332625787744,19.2843950785067));
#4223=CARTESIAN_POINT('Ctrl Pts',(-275.958095293111,23.0240751554613,18.8173501233561));
#4224=CARTESIAN_POINT('Ctrl Pts',(-253.958095293111,22.9355516934093,19.8810898598847));
#4225=CARTESIAN_POINT('Ctrl Pts',(-261.291428626445,23.0241389757619,19.481123537352));
#4226=CARTESIAN_POINT('Ctrl Pts',(-268.624761959778,23.1127262581146,19.0811572148192));
#4227=CARTESIAN_POINT('Ctrl Pts',(-275.958095293111,23.2013135404673,18.6811908922865));
#4228=CARTESIAN_POINT('',(-253.958095293111,22.9355516934093,19.8810898598848));
#4229=CARTESIAN_POINT('Ctrl Pts',(-253.958095293111,22.9355516934093,19.8810898598847));
#4230=CARTESIAN_POINT('Ctrl Pts',(-253.958095293111,22.7506140285379,20.2171899124268));
#4231=CARTESIAN_POINT('Ctrl Pts',(-253.958095293111,22.4770770259443,20.7669500491642));
#4232=CARTESIAN_POINT('Ctrl Pts',(-253.958095293111,22.3073588089355,21.6992545905175));
#4233=CARTESIAN_POINT('Ctrl Pts',(-253.958095293112,22.3417590019506,22.3445210369991));
#4234=CARTESIAN_POINT('Ctrl Pts',(-253.958095293111,22.3864495397878,22.6816718181979));
#4235=CARTESIAN_POINT('',(-253.958095293111,22.9355516934093,19.8810898598848));
#4236=CARTESIAN_POINT('Ctrl Pts',(-253.958095293111,22.9355516934092,19.8810898598847));
#4237=CARTESIAN_POINT('Ctrl Pts',(-261.291428626445,23.0241389757619,19.481123537352));
#4238=CARTESIAN_POINT('Ctrl Pts',(-268.624761959778,23.1127262581146,19.0811572148192));
#4239=CARTESIAN_POINT('Ctrl Pts',(-275.958095293111,23.2013135404673,18.6811908922865));
#4240=CARTESIAN_POINT('Ctrl Pts',(-253.958095293111,23.3318608969766,18.9814565514929));
#4241=CARTESIAN_POINT('Ctrl Pts',(-261.291428626445,23.4280201630382,18.7743994822457));
#4242=CARTESIAN_POINT('Ctrl Pts',(-268.624761959778,23.5234974632818,18.5668656214797));
#4243=CARTESIAN_POINT('Ctrl Pts',(-275.958095293111,23.6196567293434,18.3598085522324));
#4244=CARTESIAN_POINT('Ctrl Pts',(-253.958095293111,23.9354126481548,18.173869684718));
#4245=CARTESIAN_POINT('Ctrl Pts',(-261.291428626445,23.962103403532,18.1188483927216));
#4246=CARTESIAN_POINT('Ctrl Pts',(-268.624761959778,23.9881470452166,18.0633035682121));
#4247=CARTESIAN_POINT('Ctrl Pts',(-275.958095293111,24.0148378005938,18.0082822762157));
#4248=CARTESIAN_POINT('Ctrl Pts',(-253.958095293111,24.6859437565931,17.5389648653422));
#4249=CARTESIAN_POINT('Ctrl Pts',(-261.291428626445,24.5848889460729,17.5693895997848));
#4250=CARTESIAN_POINT('Ctrl Pts',(-268.624761959778,24.4838341355526,17.5998143342274));
#4251=CARTESIAN_POINT('Ctrl Pts',(-275.958095293111,24.3827793250323,17.6302390686699));
#4252=CARTESIAN_POINT('',(-253.958095293111,24.6859437565932,17.5389648653423));
#4253=CARTESIAN_POINT('Origin',(-253.958095293111,28.8839519152278,22.5014972329986));
#4254=CARTESIAN_POINT('',(-253.958095293111,24.6859437565932,17.5389648653423));
#4255=CARTESIAN_POINT('Ctrl Pts',(-253.958095293111,24.6859437565932,17.5389648653423));
#4256=CARTESIAN_POINT('Ctrl Pts',(-261.291428626445,24.5848889460729,17.5693895997848));
#4257=CARTESIAN_POINT('Ctrl Pts',(-268.624761959778,24.4838341355526,17.5998143342274));
#4258=CARTESIAN_POINT('Ctrl Pts',(-275.958095293111,24.3827793250323,17.6302390686699));
#4259=CARTESIAN_POINT('Ctrl Pts',(-253.958095293111,24.7519148439899,17.482482054078));
#4260=CARTESIAN_POINT('Ctrl Pts',(-261.291428626445,24.639716729197,17.5205903955584));
#4261=CARTESIAN_POINT('Ctrl Pts',(-268.624761959778,24.5275172556207,17.5586975441448));
#4262=CARTESIAN_POINT('Ctrl Pts',(-275.958095293111,24.4153191408277,17.5968058856253));
#4263=CARTESIAN_POINT('Ctrl Pts',(-253.958095293111,24.8194428090395,17.4276548094202));
#4264=CARTESIAN_POINT('Ctrl Pts',(-261.291428626445,24.6955110792067,17.472825504324));
#4265=CARTESIAN_POINT('Ctrl Pts',(-268.624761959778,24.5715779836445,17.5179949885204));
#4266=CARTESIAN_POINT('Ctrl Pts',(-275.958095293111,24.4476462538117,17.5631656834242));
#4267=CARTESIAN_POINT('Ctrl Pts',(-253.958095293111,24.8883853659615,17.3745636513746));
#4268=CARTESIAN_POINT('Ctrl Pts',(-261.291428626445,24.7521762597122,17.4261494959587));
#4269=CARTESIAN_POINT('Ctrl Pts',(-268.624761959778,24.615967153463,17.4777353405428));
#4270=CARTESIAN_POINT('Ctrl Pts',(-275.958095293111,24.4797580472137,17.5293211851269));
#4271=CARTESIAN_POINT('',(-253.958095293111,24.8883853659615,17.3745636513746));
#4272=CARTESIAN_POINT('Ctrl Pts',(-253.958095293111,24.8883853659615,17.3745636513746));
#4273=CARTESIAN_POINT('Ctrl Pts',(-253.958095293111,24.8194428090395,17.4276548094202));
#4274=CARTESIAN_POINT('Ctrl Pts',(-253.958095293111,24.7519148439899,17.482482054078));
#4275=CARTESIAN_POINT('Ctrl Pts',(-253.958095293111,24.6859437565932,17.5389648653423));
#4276=CARTESIAN_POINT('',(-253.958095293111,24.8883853659615,17.3745636513746));
#4277=CARTESIAN_POINT('Ctrl Pts',(-253.958095293111,24.8883853659615,17.3745636513746));
#4278=CARTESIAN_POINT('Ctrl Pts',(-261.291428626445,24.7521762597122,17.4261494959587));
#4279=CARTESIAN_POINT('Ctrl Pts',(-268.624761959778,24.615967153463,17.4777353405428));
#4280=CARTESIAN_POINT('Ctrl Pts',(-275.958095293111,24.4797580472137,17.5293211851269));
#4281=CARTESIAN_POINT('Ctrl Pts',(-253.958095293111,25.5983879095007,16.8212382829658));
#4282=CARTESIAN_POINT('Ctrl Pts',(-261.291428626445,25.3364301789982,16.9406310135032));
#4283=CARTESIAN_POINT('Ctrl Pts',(-268.624761959778,25.0741954839497,17.0595086349735));
#4284=CARTESIAN_POINT('Ctrl Pts',(-275.958095293111,24.8122377534472,17.1789013655109));
#4285=CARTESIAN_POINT('Ctrl Pts',(-253.958095293111,26.4246064274805,16.4177572363309));
#4286=CARTESIAN_POINT('Ctrl Pts',(-261.291428626445,25.9903520694403,16.5475323687684));
#4287=CARTESIAN_POINT('Ctrl Pts',(-268.624761959778,25.5558545356966,16.6767759852865));
#4288=CARTESIAN_POINT('Ctrl Pts',(-275.958095293111,25.1216001776564,16.806551117724));
#4289=CARTESIAN_POINT('Ctrl Pts',(-253.958095293111,27.2975365008571,16.1980627617721));
#4290=CARTESIAN_POINT('Ctrl Pts',(-261.291428626445,26.6667469007733,16.2705395873216));
#4291=CARTESIAN_POINT('Ctrl Pts',(-268.624761959778,26.0359573006895,16.3430164128712));
#4292=CARTESIAN_POINT('Ctrl Pts',(-275.958095293111,25.4051677006058,16.4154932384208));
#4293=CARTESIAN_POINT('',(-253.958095293111,27.297536500858,16.1980627617718));
#4294=CARTESIAN_POINT('Origin',(-253.958095293111,28.8839519152278,22.5014972329986));
#4295=CARTESIAN_POINT('',(-253.958095293111,27.297536500858,16.1980627617718));
#4296=CARTESIAN_POINT('Ctrl Pts',(-253.958095293111,27.297536500858,16.1980627617718));
#4297=CARTESIAN_POINT('Ctrl Pts',(-261.291428626445,26.6667469007739,16.2705395873215));
#4298=CARTESIAN_POINT('Ctrl Pts',(-268.624761959778,26.0359573006899,16.3430164128711));
#4299=CARTESIAN_POINT('Ctrl Pts',(-275.958095293111,25.4051677006058,16.4154932384208));
#4300=CARTESIAN_POINT('Ctrl Pts',(-253.958095293112,27.7668613679691,16.0509759777262));
#4301=CARTESIAN_POINT('Ctrl Pts',(-261.291428626445,27.0352732523448,16.0946540132963));
#4302=CARTESIAN_POINT('Ctrl Pts',(-268.624761959778,26.3055164512,16.1390834170144));
#4303=CARTESIAN_POINT('Ctrl Pts',(-275.958095293111,25.5739283355757,16.1827614525844));
#4304=CARTESIAN_POINT('Ctrl Pts',(-253.958095293111,28.5393552449029,15.8768817399021));
#4305=CARTESIAN_POINT('Ctrl Pts',(-261.291428626445,27.6442027799943,15.839315362733));
#4306=CARTESIAN_POINT('Ctrl Pts',(-268.624761959778,26.7484364341968,15.8014633406288));
#4307=CARTESIAN_POINT('Ctrl Pts',(-275.958095293111,25.8532839692882,15.7638969634597));
#4308=CARTESIAN_POINT('Ctrl Pts',(-253.958095293111,29.5824896048543,16.0085630367042));
#4309=CARTESIAN_POINT('Ctrl Pts',(-261.291428626445,28.4244250242693,15.782281714557));
#4310=CARTESIAN_POINT('Ctrl Pts',(-268.624761959778,27.261250889523,15.5532964413136));
#4311=CARTESIAN_POINT('Ctrl Pts',(-275.958095293111,26.103186308938,15.3270151191663));
#4312=CARTESIAN_POINT('Ctrl Pts',(-253.958095293111,30.0710049235672,16.1108082908428));
#4313=CARTESIAN_POINT('Ctrl Pts',(-261.291428626445,28.7822343534798,15.7861371611169));
#4314=CARTESIAN_POINT('Ctrl Pts',(-268.624761959778,27.4934637833923,15.4614660313909));
#4315=CARTESIAN_POINT('Ctrl Pts',(-275.958095293111,26.2046932133049,15.136794901665));
#4316=CARTESIAN_POINT('',(-253.958095293111,30.0710049235674,16.1108082908429));
#4317=CARTESIAN_POINT('Ctrl Pts',(-253.958095293111,30.0710049235672,16.1108082908428));
#4318=CARTESIAN_POINT('Ctrl Pts',(-253.958095293111,29.5824896048543,16.0085630367042));
#4319=CARTESIAN_POINT('Ctrl Pts',(-253.958095293111,28.5393552449029,15.8768817399021));
#4320=CARTESIAN_POINT('Ctrl Pts',(-253.958095293112,27.7668613679691,16.0509759777262));
#4321=CARTESIAN_POINT('Ctrl Pts',(-253.958095293111,27.297536500858,16.1980627617718));
#4322=CARTESIAN_POINT('',(-253.958095293111,30.0710049235674,16.1108082908429));
#4323=CARTESIAN_POINT('Ctrl Pts',(-253.958095293111,30.0710049235674,16.1108082908428));
#4324=CARTESIAN_POINT('Ctrl Pts',(-261.291428626445,28.7822343534799,15.7861371611169));
#4325=CARTESIAN_POINT('Ctrl Pts',(-268.624761959778,27.4934637833924,15.4614660313909));
#4326=CARTESIAN_POINT('Ctrl Pts',(-275.958095293111,26.2046932133049,15.136794901665));
#4327=CARTESIAN_POINT('Ctrl Pts',(-253.958095293111,30.2491419702526,16.1438967605021));
#4328=CARTESIAN_POINT('Ctrl Pts',(-261.291428626445,28.9162505017369,15.7796031799557));
#4329=CARTESIAN_POINT('Ctrl Pts',(-268.624761959778,27.5833592244927,15.4153086673561));
#4330=CARTESIAN_POINT('Ctrl Pts',(-275.958095293111,26.2504677559771,15.0510150868096));
#4331=CARTESIAN_POINT('Ctrl Pts',(-253.958095293111,30.4258945809829,16.1844377533238));
#4332=CARTESIAN_POINT('Ctrl Pts',(-261.291428626445,29.0489646260279,15.7778349236501));
#4333=CARTESIAN_POINT('Ctrl Pts',(-268.624761959778,27.6720348744965,15.371231164778));
#4334=CARTESIAN_POINT('Ctrl Pts',(-275.958095293111,26.2951049195414,14.9646283351044));
#4335=CARTESIAN_POINT('Ctrl Pts',(-253.958095293111,30.6006453990319,16.2322896688272));
#4336=CARTESIAN_POINT('Ctrl Pts',(-261.291428626445,29.1799599367885,15.7807481175003));
#4337=CARTESIAN_POINT('Ctrl Pts',(-268.624761959778,27.7592744745452,15.3292065661734));
#4338=CARTESIAN_POINT('Ctrl Pts',(-275.958095293111,26.3385890123018,14.8776650148465));
#4339=CARTESIAN_POINT('',(-253.958095293111,30.6006453990319,16.2322896688272));
#4340=CARTESIAN_POINT('Origin',(-253.958095293111,28.8839519152278,22.5014972329986));
#4341=CARTESIAN_POINT('',(-257.023851769464,30.0067169003865,16.0435192458287));
#4342=CARTESIAN_POINT('',(-253.958095293111,30.6006453990319,16.2322896688272));
#4343=CARTESIAN_POINT('',(-253.958095293111,30.6006453990319,16.2322896688272));
#4344=CARTESIAN_POINT('Ctrl Pts',(-253.958095293111,30.6006453990319,16.2322896688272));
#4345=CARTESIAN_POINT('Ctrl Pts',(-261.291428626445,29.1799599367885,15.7807481175003));
#4346=CARTESIAN_POINT('Ctrl Pts',(-268.624761959778,27.7592744745452,15.3292065661734));
#4347=CARTESIAN_POINT('Ctrl Pts',(-275.958095293111,26.3385890123018,14.8776650148465));
#4348=CARTESIAN_POINT('Ctrl Pts',(-253.958095293111,30.9250238487334,16.311973872992));
#4349=CARTESIAN_POINT('Ctrl Pts',(-261.291428626444,29.4144363503792,15.7972451980367));
#4350=CARTESIAN_POINT('Ctrl Pts',(-268.624761959778,27.9040656869362,15.2826214785739));
#4351=CARTESIAN_POINT('Ctrl Pts',(-275.958095293111,26.393478188582,14.7678928036186));
#4352=CARTESIAN_POINT('Ctrl Pts',(-253.958095293112,31.4347199937301,16.4493644936803));
#4353=CARTESIAN_POINT('Ctrl Pts',(-261.291428626445,29.7825532171907,15.8298153536514));
#4354=CARTESIAN_POINT('Ctrl Pts',(-268.624761959778,28.1305274500729,15.2103363004757));
#4355=CARTESIAN_POINT('Ctrl Pts',(-275.958095293112,26.4783606735335,14.5907871604467));
#4356=CARTESIAN_POINT('Ctrl Pts',(-253.958095293111,32.0096780545876,16.582851171763));
#4357=CARTESIAN_POINT('Ctrl Pts',(-261.291428626445,30.2056901190604,15.8290428954456));
#4358=CARTESIAN_POINT('Ctrl Pts',(-268.624761959778,28.4025039961357,15.07564759382));
#4359=CARTESIAN_POINT('Ctrl Pts',(-275.958095293111,26.5985160606085,14.3218393175026));
#4360=CARTESIAN_POINT('Ctrl Pts',(-253.958095293112,32.3021212475964,16.5993021200138));
#4361=CARTESIAN_POINT('Ctrl Pts',(-261.291428626445,30.4355203766947,15.7570369242355));
#4362=CARTESIAN_POINT('Ctrl Pts',(-268.624761959778,28.5694564901971,14.9150461850445));
#4363=CARTESIAN_POINT('Ctrl Pts',(-275.958095293111,26.7028556192954,14.0727809892662));
#4364=CARTESIAN_POINT('Ctrl Pts',(-253.958095293111,32.2327634462476,16.3372047936802));
#4365=CARTESIAN_POINT('Ctrl Pts',(-261.291428626445,30.4483763414326,15.4296801444371));
#4366=CARTESIAN_POINT('Ctrl Pts',(-268.624761959778,28.6647616573341,14.5225562731902));
#4367=CARTESIAN_POINT('Ctrl Pts',(-275.958095293112,26.880374552519,13.6150316239471));
#4368=CARTESIAN_POINT('Ctrl Pts',(-253.958095293112,31.262290420411,15.6652527478087));
#4369=CARTESIAN_POINT('Ctrl Pts',(-261.291428626445,29.841427173625,14.8568171911746));
#4370=CARTESIAN_POINT('Ctrl Pts',(-268.624761959778,28.423534173594,14.0499231353178));
#4371=CARTESIAN_POINT('Ctrl Pts',(-275.958095293111,27.0026709268081,13.2414875786838));
#4372=CARTESIAN_POINT('Ctrl Pts',(-253.958095293111,30.65416105321,15.2013786759718));
#4373=CARTESIAN_POINT('Ctrl Pts',(-261.291428626445,29.463775275505,14.4536193405976));
#4374=CARTESIAN_POINT('Ctrl Pts',(-268.624761959778,28.2733894978,13.7058600052233));
#4375=CARTESIAN_POINT('Ctrl Pts',(-275.958095293111,27.083003720095,12.958100669849));
#4376=CARTESIAN_POINT('',(-253.958095293111,30.65416105321,15.2013786759718));
#4377=CARTESIAN_POINT('Ctrl Pts',(-253.958095293111,30.65416105321,15.2013786759718));
#4378=CARTESIAN_POINT('Ctrl Pts',(-253.958095293112,31.262290420411,15.6652527478087));
#4379=CARTESIAN_POINT('Ctrl Pts',(-253.958095293111,32.2327634462476,16.3372047936802));
#4380=CARTESIAN_POINT('Ctrl Pts',(-253.958095293112,32.3021212475964,16.5993021200138));
#4381=CARTESIAN_POINT('Ctrl Pts',(-253.958095293111,32.0096780545876,16.582851171763));
#4382=CARTESIAN_POINT('Ctrl Pts',(-253.958095293112,31.4347199937301,16.4493644936803));
#4383=CARTESIAN_POINT('Ctrl Pts',(-253.958095293111,30.9250238487334,16.311973872992));
#4384=CARTESIAN_POINT('Ctrl Pts',(-253.958095293111,30.6006453990319,16.2322896688272));
#4385=CARTESIAN_POINT('',(-256.653980988533,30.2165505090988,14.9264868083554));
#4386=CARTESIAN_POINT('',(-253.958095293111,30.65416105321,15.2013786759718));
#4387=CARTESIAN_POINT('',(-253.958095293111,30.65416105321,15.2013786759718));
#4388=CARTESIAN_POINT('Ctrl Pts',(-253.958095293111,30.65416105321,15.2013786759718));
#4389=CARTESIAN_POINT('Ctrl Pts',(-261.291428626445,29.463775275505,14.4536193405976));
#4390=CARTESIAN_POINT('Ctrl Pts',(-268.624761959778,28.2733894978,13.7058600052233));
#4391=CARTESIAN_POINT('Ctrl Pts',(-275.958095293111,27.083003720095,12.958100669849));
#4392=CARTESIAN_POINT('Ctrl Pts',(-253.958095293111,30.5489883159114,15.1243214632004));
#4393=CARTESIAN_POINT('Ctrl Pts',(-261.291428626445,29.400020759695,14.3798097924821));
#4394=CARTESIAN_POINT('Ctrl Pts',(-268.624761959778,28.2510530440289,13.6352983216307));
#4395=CARTESIAN_POINT('Ctrl Pts',(-275.958095293111,27.1020854878124,12.8907866509124));
#4396=CARTESIAN_POINT('Ctrl Pts',(-253.958095293111,30.4461347865602,15.0440988915347));
#4397=CARTESIAN_POINT('Ctrl Pts',(-261.291428626445,29.3375982454637,14.3038293848902));
#4398=CARTESIAN_POINT('Ctrl Pts',(-268.624761959778,28.2290615430121,13.5635600766418));
#4399=CARTESIAN_POINT('Ctrl Pts',(-275.958095293111,27.1205250019156,12.8232905699973));
#4400=CARTESIAN_POINT('Ctrl Pts',(-253.958095293111,30.3457865862416,14.9608561296644));
#4401=CARTESIAN_POINT('Ctrl Pts',(-261.291428626445,29.2766306926806,14.2257789912822));
#4402=CARTESIAN_POINT('Ctrl Pts',(-268.624761959778,28.2074747991196,13.4907018529));
#4403=CARTESIAN_POINT('Ctrl Pts',(-275.958095293111,27.1383189055586,12.7556247145179));
#4404=CARTESIAN_POINT('',(-253.958095293111,30.3457865862417,14.9608561296643));
#4405=CARTESIAN_POINT('Origin',(-253.958095293111,34.4957726117904,9.95809529311128));
#4406=CARTESIAN_POINT('',(-253.958095293111,30.3457865862417,14.9608561296643));
#4407=CARTESIAN_POINT('Ctrl Pts',(-253.958095293111,30.3457865862417,14.9608561296643));
#4408=CARTESIAN_POINT('Ctrl Pts',(-261.291428626445,29.2766306926806,14.2257789912822));
#4409=CARTESIAN_POINT('Ctrl Pts',(-268.624761959778,28.2074747991196,13.4907018529));
#4410=CARTESIAN_POINT('Ctrl Pts',(-275.958095293111,27.1383189055586,12.7556247145178));
#4411=CARTESIAN_POINT('Ctrl Pts',(-253.958095293111,29.9483801666904,14.6424806831758));
#4412=CARTESIAN_POINT('Ctrl Pts',(-261.291428626444,29.031196392855,13.9496420652086));
#4413=CARTESIAN_POINT('Ctrl Pts',(-268.624761959778,28.1069086143555,13.2529791579221));
#4414=CARTESIAN_POINT('Ctrl Pts',(-275.958095293111,27.1897248405201,12.5601405399549));
#4415=CARTESIAN_POINT('Ctrl Pts',(-253.958095293111,29.4486279226454,14.1628411379781));
#4416=CARTESIAN_POINT('Ctrl Pts',(-261.291428626445,28.7219808387338,13.5134633619069));
#4417=CARTESIAN_POINT('Ctrl Pts',(-268.624761959778,27.9969004086813,12.8649407857376));
#4418=CARTESIAN_POINT('Ctrl Pts',(-275.958095293111,27.2702533247696,12.2155630096664));
#4419=CARTESIAN_POINT('Ctrl Pts',(-253.958095293111,29.1687361954603,13.7134606455911));
#4420=CARTESIAN_POINT('Ctrl Pts',(-261.291428626445,28.5562335802872,13.0976877728416));
#4421=CARTESIAN_POINT('Ctrl Pts',(-268.624761959778,27.946565646548,12.4833340828292));
#4422=CARTESIAN_POINT('Ctrl Pts',(-275.958095293111,27.3340630313749,11.8675612100797));
#4423=CARTESIAN_POINT('Ctrl Pts',(-253.958095293111,29.0414113522656,13.493621173457));
#4424=CARTESIAN_POINT('Ctrl Pts',(-261.291428626445,28.4803796318763,12.9017195033094));
#4425=CARTESIAN_POINT('Ctrl Pts',(-268.624761959778,27.919347911487,12.3098178331618));
#4426=CARTESIAN_POINT('Ctrl Pts',(-275.958095293111,27.3583161910977,11.7179161630142));
#4427=CARTESIAN_POINT('',(-253.958095293111,29.0414113522656,13.4936211734571));
#4428=CARTESIAN_POINT('Ctrl Pts',(-253.958095293111,29.0414113522656,13.493621173457));
#4429=CARTESIAN_POINT('Ctrl Pts',(-253.958095293111,29.1687361954603,13.7134606455911));
#4430=CARTESIAN_POINT('Ctrl Pts',(-253.958095293111,29.4486279226454,14.1628411379781));
#4431=CARTESIAN_POINT('Ctrl Pts',(-253.958095293111,29.9483801666904,14.6424806831758));
#4432=CARTESIAN_POINT('Ctrl Pts',(-253.958095293111,30.3457865862417,14.9608561296643));
#4433=CARTESIAN_POINT('',(-253.958095293111,29.0414113522656,13.4936211734571));
#4434=CARTESIAN_POINT('Ctrl Pts',(-253.958095293111,29.0414113522656,13.493621173457));
#4435=CARTESIAN_POINT('Ctrl Pts',(-261.291428626445,28.4803796318763,12.9017195033094));
#4436=CARTESIAN_POINT('Ctrl Pts',(-268.624761959778,27.919347911487,12.3098178331618));
#4437=CARTESIAN_POINT('Ctrl Pts',(-275.958095293111,27.3583161910977,11.7179161630142));
#4438=CARTESIAN_POINT('Ctrl Pts',(-253.958095293111,28.6212811367553,12.8454737552261));
#4439=CARTESIAN_POINT('Ctrl Pts',(-261.291428626445,28.2224935834898,12.3331931132834));
#4440=CARTESIAN_POINT('Ctrl Pts',(-268.624761959778,27.8234161960755,11.8210406343414));
#4441=CARTESIAN_POINT('Ctrl Pts',(-275.958095293111,27.4246286428099,11.3087599923988));
#4442=CARTESIAN_POINT('Ctrl Pts',(-253.958095293111,28.3180014222488,12.1218299356711));
#4443=CARTESIAN_POINT('Ctrl Pts',(-261.291428626445,28.0346964847439,11.7131335506664));
#4444=CARTESIAN_POINT('Ctrl Pts',(-268.624761959778,27.7510949113238,11.3045492178902));
#4445=CARTESIAN_POINT('Ctrl Pts',(-275.958095293111,27.4677899738189,10.8958528328855));
#4446=CARTESIAN_POINT('Ctrl Pts',(-253.958095293111,28.1504832487138,11.367812604783));
#4447=CARTESIAN_POINT('Ctrl Pts',(-261.291428626445,27.9294971435153,11.0724843700424));
#4448=CARTESIAN_POINT('Ctrl Pts',(-268.624761959778,27.7085110383167,10.7771561353017));
#4449=CARTESIAN_POINT('Ctrl Pts',(-275.958095293111,27.4875249331182,10.4818279005611));
#4450=CARTESIAN_POINT('',(-253.958095293111,28.1504832487139,11.367812604783));
#4451=CARTESIAN_POINT('Origin',(-253.958095293111,34.4957726117904,9.95809529311128));
#4452=CARTESIAN_POINT('',(-253.958095293111,28.1504832487139,11.367812604783));
#4453=CARTESIAN_POINT('Ctrl Pts',(-253.958095293111,28.1504832487139,11.367812604783));
#4454=CARTESIAN_POINT('Ctrl Pts',(-261.291428626445,27.9294971435153,11.0724843700424));
#4455=CARTESIAN_POINT('Ctrl Pts',(-268.624761959778,27.7085110383168,10.7771561353017));
#4456=CARTESIAN_POINT('Ctrl Pts',(-275.958095293111,27.4875249331182,10.4818279005611));
#4457=CARTESIAN_POINT('Ctrl Pts',(-253.958095293111,28.1332859666229,11.2919989181568));
#4458=CARTESIAN_POINT('Ctrl Pts',(-261.291428626445,27.9186975749835,11.0079933803876));
#4459=CARTESIAN_POINT('Ctrl Pts',(-268.624761959778,27.7041079382607,10.7239879139461));
#4460=CARTESIAN_POINT('Ctrl Pts',(-275.958095293111,27.4895195466212,10.4399823761769));
#4461=CARTESIAN_POINT('Ctrl Pts',(-253.958095293111,28.1176952319767,11.2154486778557));
#4462=CARTESIAN_POINT('Ctrl Pts',(-261.291428626445,27.9088889544137,10.9430075847107));
#4463=CARTESIAN_POINT('Ctrl Pts',(-268.624761959778,27.7000813847193,10.6705665502236));
#4464=CARTESIAN_POINT('Ctrl Pts',(-275.958095293111,27.4912751071563,10.3981254570786));
#4465=CARTESIAN_POINT('Ctrl Pts',(-253.958095293111,28.1038206596071,11.1383284230389));
#4466=CARTESIAN_POINT('Ctrl Pts',(-261.291428626445,27.9001442731184,10.8776389070914));
#4467=CARTESIAN_POINT('Ctrl Pts',(-268.624761959778,27.6964678866297,10.6169493911439));
#4468=CARTESIAN_POINT('Ctrl Pts',(-275.958095293111,27.492791500141,10.3562598751964));
#4469=CARTESIAN_POINT('',(-253.958095293111,28.103820659607,11.1383284230389));
#4470=CARTESIAN_POINT('Ctrl Pts',(-253.958095293111,28.1038206596071,11.1383284230389));
#4471=CARTESIAN_POINT('Ctrl Pts',(-253.958095293111,28.1176952319767,11.2154486778557));
#4472=CARTESIAN_POINT('Ctrl Pts',(-253.958095293111,28.1332859666229,11.2919989181568));
#4473=CARTESIAN_POINT('Ctrl Pts',(-253.958095293111,28.1504832487139,11.367812604783));
#4474=CARTESIAN_POINT('',(-253.958095293111,28.103820659607,11.1383284230389));
#4475=CARTESIAN_POINT('Ctrl Pts',(-253.958095293111,28.103820659607,11.1383284230389));
#4476=CARTESIAN_POINT('Ctrl Pts',(-261.291428626445,27.9001442731183,10.8776389070914));
#4477=CARTESIAN_POINT('Ctrl Pts',(-268.624761959778,27.6964678866297,10.6169493911439));
#4478=CARTESIAN_POINT('Ctrl Pts',(-275.958095293111,27.492791500141,10.3562598751964));
#4479=CARTESIAN_POINT('Ctrl Pts',(-253.958095293111,27.9138191796808,10.1093111045654));
#4480=CARTESIAN_POINT('Ctrl Pts',(-261.291428626445,27.7806079517101,10.0045780310853));
#4481=CARTESIAN_POINT('Ctrl Pts',(-268.624761959778,27.6463285695341,9.89982365619328));
#4482=CARTESIAN_POINT('Ctrl Pts',(-275.958095293111,27.5131173415634,9.79509058271325));
#4483=CARTESIAN_POINT('Ctrl Pts',(-253.958095293111,27.9771928393527,9.03446389777057));
#4484=CARTESIAN_POINT('Ctrl Pts',(-261.291428626445,27.8152792485356,9.1004651909527));
#4485=CARTESIAN_POINT('Ctrl Pts',(-268.624761959778,27.6523022339859,9.16636568522515));
#4486=CARTESIAN_POINT('Ctrl Pts',(-275.958095293111,27.4903886431688,9.23236697840728));
#4487=CARTESIAN_POINT('Ctrl Pts',(-253.958095293111,28.286800502491,8.034903845038));
#4488=CARTESIAN_POINT('Ctrl Pts',(-261.291428626445,27.9994906711317,8.24815754618336));
#4489=CARTESIAN_POINT('Ctrl Pts',(-268.624761959778,27.7121808397724,8.46141124732872));
#4490=CARTESIAN_POINT('Ctrl Pts',(-275.958095293111,27.4248710084131,8.67466494847407));
#4491=CARTESIAN_POINT('',(-253.958095293111,28.286800502491,8.034903845038));
#4492=CARTESIAN_POINT('Origin',(-253.958095293111,34.4957726117904,9.95809529311128));
#4493=CARTESIAN_POINT('',(-253.958095293111,28.286800502491,8.034903845038));
#4494=CARTESIAN_POINT('Ctrl Pts',(-253.958095293111,28.286800502491,8.034903845038));
#4495=CARTESIAN_POINT('Ctrl Pts',(-261.291428626445,27.9994906711317,8.24815754618336));
#4496=CARTESIAN_POINT('Ctrl Pts',(-268.624761959778,27.7121808397724,8.46141124732871));
#4497=CARTESIAN_POINT('Ctrl Pts',(-275.958095293111,27.4248710084131,8.67466494847407));
#4498=CARTESIAN_POINT('Ctrl Pts',(-253.958095293111,28.4026420079968,7.51859828079485));
#4499=CARTESIAN_POINT('Ctrl Pts',(-261.291428626444,28.0638735382507,7.80216384532608));
#4500=CARTESIAN_POINT('Ctrl Pts',(-268.624761959778,27.7276519486649,8.08476478676034));
#4501=CARTESIAN_POINT('Ctrl Pts',(-275.958095293111,27.3888834789188,8.36833035129156));
#4502=CARTESIAN_POINT('Ctrl Pts',(-253.958095293112,28.6470994616411,6.69645182232797));
#4503=CARTESIAN_POINT('Ctrl Pts',(-261.291428626445,28.1997662969915,7.07570368171006));
#4504=CARTESIAN_POINT('Ctrl Pts',(-268.624761959778,27.7506757936133,7.45564406338861));
#4505=CARTESIAN_POINT('Ctrl Pts',(-275.958095293111,27.3033426289637,7.8348959227707));
#4506=CARTESIAN_POINT('Ctrl Pts',(-253.958095293111,29.3794650611109,5.84932374214178));
#4507=CARTESIAN_POINT('Ctrl Pts',(-261.291428626445,28.6478281157997,6.33525551367631));
#4508=CARTESIAN_POINT('Ctrl Pts',(-268.624761959778,27.9104909708024,6.82346748478095));
#4509=CARTESIAN_POINT('Ctrl Pts',(-275.958095293111,27.1788540254912,7.30939925631547));
#4510=CARTESIAN_POINT('Ctrl Pts',(-253.958095293111,29.7823571500956,5.48219150890642));
#4511=CARTESIAN_POINT('Ctrl Pts',(-261.291428626445,28.8943899541078,6.01682508953874));
#4512=CARTESIAN_POINT('Ctrl Pts',(-268.624761959778,28.00642275812,6.55145867017107));
#4513=CARTESIAN_POINT('Ctrl Pts',(-275.958095293111,27.1184555621321,7.08609225080339));
#4514=CARTESIAN_POINT('',(-253.958095293111,29.782357150098,5.48219150890418));
#4515=CARTESIAN_POINT('Ctrl Pts',(-253.958095293111,29.7823571500956,5.48219150890642));
#4516=CARTESIAN_POINT('Ctrl Pts',(-253.958095293111,29.3794650611109,5.84932374214178));
#4517=CARTESIAN_POINT('Ctrl Pts',(-253.958095293112,28.6470994616411,6.69645182232797));
#4518=CARTESIAN_POINT('Ctrl Pts',(-253.958095293111,28.4026420079968,7.51859828079485));
#4519=CARTESIAN_POINT('Ctrl Pts',(-253.958095293111,28.286800502491,8.034903845038));
#4520=CARTESIAN_POINT('',(-253.958095293111,29.782357150098,5.48219150890418));
#4521=CARTESIAN_POINT('Ctrl Pts',(-253.958095293111,29.782357150098,5.48219150890419));
#4522=CARTESIAN_POINT('Ctrl Pts',(-261.291428626445,28.8943899541094,6.01682508953725));
#4523=CARTESIAN_POINT('Ctrl Pts',(-268.624761959778,28.0064227581208,6.55145867017032));
#4524=CARTESIAN_POINT('Ctrl Pts',(-275.958095293111,27.1184555621321,7.08609225080339));
#4525=CARTESIAN_POINT('Ctrl Pts',(-253.958095293111,30.1913386994904,5.05150755067107));
#4526=CARTESIAN_POINT('Ctrl Pts',(-261.291428626445,29.1393297386048,5.62717452126865));
#4527=CARTESIAN_POINT('Ctrl Pts',(-268.624761959778,28.0872489526206,6.20275818399353));
#4528=CARTESIAN_POINT('Ctrl Pts',(-275.958095293111,27.035239991735,6.7784251545911));
#4529=CARTESIAN_POINT('Ctrl Pts',(-253.958095293111,30.6596787873997,4.6772678247978));
#4530=CARTESIAN_POINT('Ctrl Pts',(-261.291428626445,29.4193566402508,5.27633307863972));
#4531=CARTESIAN_POINT('Ctrl Pts',(-268.624761959778,28.1789663685417,5.87531209827121));
#4532=CARTESIAN_POINT('Ctrl Pts',(-275.958095293111,26.9386442213928,6.47437735211313));
#4533=CARTESIAN_POINT('Ctrl Pts',(-253.958095293111,31.1699772900554,4.37337636751393));
#4534=CARTESIAN_POINT('Ctrl Pts',(-261.291428626445,29.7229957828221,4.97394964801586));
#4535=CARTESIAN_POINT('Ctrl Pts',(-268.624761959778,28.2760142755888,5.57452292851779));
#4536=CARTESIAN_POINT('Ctrl Pts',(-275.958095293111,26.8290327683556,6.17509620901972));
#4537=CARTESIAN_POINT('',(-253.958095293111,31.1699772900556,4.37337636751373));
#4538=CARTESIAN_POINT('Origin',(-253.958095293111,34.4957726117904,9.95809529311128));
#4539=CARTESIAN_POINT('',(-260.939013229887,29.7925328594155,4.94508811108706));
#4540=CARTESIAN_POINT('',(-253.958095293111,31.1699772900556,4.37337636751373));
#4541=CARTESIAN_POINT('',(-253.958095293111,31.1699772900556,4.37337636751373));
#4542=CARTESIAN_POINT('Ctrl Pts',(-253.958095293111,31.1699772900556,4.37337636751371));
#4543=CARTESIAN_POINT('Ctrl Pts',(-261.291428626445,29.7229957828223,4.97394964801572));
#4544=CARTESIAN_POINT('Ctrl Pts',(-268.624761959778,28.2760142755889,5.57452292851772));
#4545=CARTESIAN_POINT('Ctrl Pts',(-275.958095293111,26.8290327683556,6.17509620901972));
#4546=CARTESIAN_POINT('Ctrl Pts',(-253.958095293111,31.4196262917721,4.18684789836444));
#4547=CARTESIAN_POINT('Ctrl Pts',(-261.291428626445,29.8788604549834,4.82088528246132));
#4548=CARTESIAN_POINT('Ctrl Pts',(-268.624761959778,28.3382189268872,5.45483423848226));
#4549=CARTESIAN_POINT('Ctrl Pts',(-275.958095293111,26.7974530900985,6.08887162257914));
#4550=CARTESIAN_POINT('Ctrl Pts',(-253.958095293112,31.7927700158865,3.90682165284651));
#4551=CARTESIAN_POINT('Ctrl Pts',(-261.291428626445,30.1086731708728,4.58407611915963));
#4552=CARTESIAN_POINT('Ctrl Pts',(-268.624761959778,28.4243959616407,5.2614161714926));
#4553=CARTESIAN_POINT('Ctrl Pts',(-275.958095293112,26.7402991166271,5.93867063780572));
#4554=CARTESIAN_POINT('Ctrl Pts',(-253.958095293112,31.9527536798589,3.72872094559454));
#4555=CARTESIAN_POINT('Ctrl Pts',(-261.291428626445,30.1922955536344,4.40862658703081));
#4556=CARTESIAN_POINT('Ctrl Pts',(-268.624761959778,28.4316952071665,5.08858499875485));
#4557=CARTESIAN_POINT('Ctrl Pts',(-275.958095293111,26.671237080942,5.76849064019112));
#4558=CARTESIAN_POINT('Ctrl Pts',(-253.958095293111,31.9312949452578,3.63763595399347));
#4559=CARTESIAN_POINT('Ctrl Pts',(-261.291428626445,30.154187394548,4.29150375343883));
#4560=CARTESIAN_POINT('Ctrl Pts',(-268.624761959778,28.3771599526577,4.94532755569404));
#4561=CARTESIAN_POINT('Ctrl Pts',(-275.958095293111,26.6000524019479,5.59919535513939));
#4562=CARTESIAN_POINT('Ctrl Pts',(-253.958095293112,31.7093279413947,3.65241523341444));
#4563=CARTESIAN_POINT('Ctrl Pts',(-261.291428626445,29.9845580537935,4.25235978439545));
#4564=CARTESIAN_POINT('Ctrl Pts',(-268.624761959778,28.2602200732603,4.85209963733574));
#4565=CARTESIAN_POINT('Ctrl Pts',(-275.958095293111,26.535450185659,5.45204418831676));
#4566=CARTESIAN_POINT('Ctrl Pts',(-253.958095293111,31.3481869246462,3.73256798582669));
#4567=CARTESIAN_POINT('Ctrl Pts',(-261.291428626445,29.7249009159804,4.26394604342592));
#4568=CARTESIAN_POINT('Ctrl Pts',(-268.624761959778,28.1010071026393,4.79560616367158));
#4569=CARTESIAN_POINT('Ctrl Pts',(-275.958095293111,26.4777210939735,5.32698422127081));
#4570=CARTESIAN_POINT('Ctrl Pts',(-253.958095293111,31.2140863822614,3.7637100322469));
#4571=CARTESIAN_POINT('Ctrl Pts',(-261.291428626445,29.628796867781,4.27094657831496));
#4572=CARTESIAN_POINT('Ctrl Pts',(-268.624761959778,28.0435073533006,4.77818312438303));
#4573=CARTESIAN_POINT('Ctrl Pts',(-275.958095293111,26.4582178388202,5.2854196704511));
#4574=CARTESIAN_POINT('',(-253.958095293111,31.2140863822614,3.76371003224691));
#4575=CARTESIAN_POINT('Ctrl Pts',(-253.958095293111,31.2140863822614,3.7637100322469));
#4576=CARTESIAN_POINT('Ctrl Pts',(-253.958095293111,31.3481869246462,3.73256798582669));
#4577=CARTESIAN_POINT('Ctrl Pts',(-253.958095293112,31.7093279413947,3.65241523341444));
#4578=CARTESIAN_POINT('Ctrl Pts',(-253.958095293111,31.9312949452578,3.63763595399347));
#4579=CARTESIAN_POINT('Ctrl Pts',(-253.958095293112,31.9527536798589,3.72872094559454));
#4580=CARTESIAN_POINT('Ctrl Pts',(-253.958095293112,31.7927700158865,3.90682165284651));
#4581=CARTESIAN_POINT('Ctrl Pts',(-253.958095293111,31.4196262917721,4.18684789836444));
#4582=CARTESIAN_POINT('Ctrl Pts',(-253.958095293111,31.1699772900556,4.37337636751371));
#4583=CARTESIAN_POINT('',(-263.060806305452,29.246300156642,4.3933319904863));
#4584=CARTESIAN_POINT('',(-253.958095293111,31.2140863822614,3.76371003224691));
#4585=CARTESIAN_POINT('',(-253.958095293111,31.2140863822614,3.76371003224691));
#4586=CARTESIAN_POINT('Ctrl Pts',(-253.958095293111,31.2140863822614,3.7637100322469));
#4587=CARTESIAN_POINT('Ctrl Pts',(-261.291428626445,29.628796867781,4.27094657831497));
#4588=CARTESIAN_POINT('Ctrl Pts',(-268.624761959778,28.0435073533006,4.77818312438303));
#4589=CARTESIAN_POINT('Ctrl Pts',(-275.958095293111,26.4582178388202,5.2854196704511));
#4590=CARTESIAN_POINT('Ctrl Pts',(-253.958095293111,30.566586682869,4.01058402577986));
#4591=CARTESIAN_POINT('Ctrl Pts',(-261.291428626445,29.144461024646,4.32324669539589));
#4592=CARTESIAN_POINT('Ctrl Pts',(-268.624761959778,27.7223783527145,4.63610805594847));
#4593=CARTESIAN_POINT('Ctrl Pts',(-275.958095293111,26.3002526944915,4.9487707255645));
#4594=CARTESIAN_POINT('Ctrl Pts',(-253.958095293111,29.87938731289,4.15299638122526));
#4595=CARTESIAN_POINT('Ctrl Pts',(-261.291428626445,28.6279812081388,4.30864382361427));
#4596=CARTESIAN_POINT('Ctrl Pts',(-268.624761959778,27.3766081119257,4.46449207908074));
#4597=CARTESIAN_POINT('Ctrl Pts',(-275.958095293111,26.1252020071745,4.62013952146976));
#4598=CARTESIAN_POINT('Ctrl Pts',(-253.958095293111,29.1871045622299,4.18377336182263));
#4599=CARTESIAN_POINT('Ctrl Pts',(-261.291428626445,28.102724591262,4.22292009299118));
#4600=CARTESIAN_POINT('Ctrl Pts',(-268.624761959778,27.0183446202942,4.26206682415972));
#4601=CARTESIAN_POINT('Ctrl Pts',(-275.958095293111,25.9339646493263,4.30121355532827));
#4602=CARTESIAN_POINT('',(-253.958095293111,29.1871045622299,4.18377336182264));
#4603=CARTESIAN_POINT('Origin',(-253.958095293111,28.8984176465763,-2.30981269402743));
#4604=CARTESIAN_POINT('',(-253.958095293111,29.1871045622299,4.18377336182264));
#4605=CARTESIAN_POINT('Ctrl Pts',(-253.958095293111,29.1871045622299,4.18377336182264));
#4606=CARTESIAN_POINT('Ctrl Pts',(-261.291428626445,28.102724591262,4.22292009299118));
#4607=CARTESIAN_POINT('Ctrl Pts',(-268.624761959778,27.0183446202942,4.26206682415972));
#4608=CARTESIAN_POINT('Ctrl Pts',(-275.958095293111,25.9339646493263,4.30121355532827));
#4609=CARTESIAN_POINT('Ctrl Pts',(-253.958095293111,28.8364656721386,4.23002008865998));
#4610=CARTESIAN_POINT('Ctrl Pts',(-261.291428626445,27.8436789932862,4.21112367976245));
#4611=CARTESIAN_POINT('Ctrl Pts',(-268.624761959778,26.8502769073223,4.19257380271864));
#4612=CARTESIAN_POINT('Ctrl Pts',(-275.958095293111,25.8574902284699,4.17367739382111));
#4613=CARTESIAN_POINT('Ctrl Pts',(-253.958095293111,28.1796056549652,4.26893283252767));
#4614=CARTESIAN_POINT('Ctrl Pts',(-261.291428626445,27.3527638773738,4.15323342801493));
#4615=CARTESIAN_POINT('Ctrl Pts',(-268.624761959778,26.526209777412,4.03740664114401));
#4616=CARTESIAN_POINT('Ctrl Pts',(-275.958095293111,25.6993679998206,3.92170723663127));
#4617=CARTESIAN_POINT('Ctrl Pts',(-253.958095293111,27.2500666669375,4.11814384707173));
#4618=CARTESIAN_POINT('Ctrl Pts',(-261.291428626445,26.6351828548692,3.90946400159618));
#4619=CARTESIAN_POINT('Ctrl Pts',(-268.624761959778,26.0198878565048,3.70102071850098));
#4620=CARTESIAN_POINT('Ctrl Pts',(-275.958095293111,25.4050040444365,3.49234087302542));
#4621=CARTESIAN_POINT('Ctrl Pts',(-253.958095293111,26.7101203867017,3.8598936687792));
#4622=CARTESIAN_POINT('Ctrl Pts',(-261.291428626445,26.1994016305512,3.63902899378014));
#4623=CARTESIAN_POINT('Ctrl Pts',(-268.624761959778,25.6901341166918,3.41748785985904));
#4624=CARTESIAN_POINT('Ctrl Pts',(-275.958095293111,25.1794153605412,3.19662318485999));
#4625=CARTESIAN_POINT('Ctrl Pts',(-253.958095293111,26.3813157953018,3.68303289636703));
#4626=CARTESIAN_POINT('Ctrl Pts',(-261.291428626445,25.9338083176231,3.46317907920296));
#4627=CARTESIAN_POINT('Ctrl Pts',(-268.624761959778,25.4863008399443,3.2433252620389));
#4628=CARTESIAN_POINT('Ctrl Pts',(-275.958095293111,25.0387933622656,3.02347144487483));
#4629=CARTESIAN_POINT('',(-253.958095293111,26.3813157953018,3.68303289636704));
#4630=CARTESIAN_POINT('Ctrl Pts',(-253.958095293111,26.3813157953018,3.68303289636703));
#4631=CARTESIAN_POINT('Ctrl Pts',(-253.958095293111,26.7101203867017,3.8598936687792));
#4632=CARTESIAN_POINT('Ctrl Pts',(-253.958095293111,27.2500666669375,4.11814384707173));
#4633=CARTESIAN_POINT('Ctrl Pts',(-253.958095293111,28.1796056549652,4.26893283252767));
#4634=CARTESIAN_POINT('Ctrl Pts',(-253.958095293111,28.8364656721386,4.23002008865998));
#4635=CARTESIAN_POINT('Ctrl Pts',(-253.958095293111,29.1871045622299,4.18377336182264));
#4636=CARTESIAN_POINT('',(-253.958095293111,26.3813157953018,3.68303289636704));
#4637=CARTESIAN_POINT('Ctrl Pts',(-253.958095293111,26.3813157953018,3.68303289636702));
#4638=CARTESIAN_POINT('Ctrl Pts',(-261.291428626445,25.9338083176231,3.46317907920296));
#4639=CARTESIAN_POINT('Ctrl Pts',(-268.624761959778,25.4863008399443,3.24332526203889));
#4640=CARTESIAN_POINT('Ctrl Pts',(-275.958095293111,25.0387933622656,3.02347144487483));
#4641=CARTESIAN_POINT('Ctrl Pts',(-253.958095293111,25.5678764399301,3.34137388372909));
#4642=CARTESIAN_POINT('Ctrl Pts',(-261.291428626445,25.292120577722,3.11274727417579));
#4643=CARTESIAN_POINT('Ctrl Pts',(-268.624761959778,25.0160716366294,2.88457437879029));
#4644=CARTESIAN_POINT('Ctrl Pts',(-275.958095293111,24.7403157744213,2.655947769237));
#4645=CARTESIAN_POINT('Ctrl Pts',(-253.958095293111,24.8253149355344,2.83200106874995));
#4646=CARTESIAN_POINT('Ctrl Pts',(-261.291428626445,24.6896764688253,2.6570968592812));
#4647=CARTESIAN_POINT('Ctrl Pts',(-268.624761959778,24.5537168881994,2.48262718263836));
#4648=CARTESIAN_POINT('Ctrl Pts',(-275.958095293111,24.4180784214903,2.3077229731696));
#4649=CARTESIAN_POINT('Ctrl Pts',(-253.958095293111,24.2137017085768,2.19612079197226));
#4650=CARTESIAN_POINT('Ctrl Pts',(-261.291428626445,24.1673881300471,2.12464480572267));
#4651=CARTESIAN_POINT('Ctrl Pts',(-268.624761959778,24.1210745515174,2.05316881947308));
#4652=CARTESIAN_POINT('Ctrl Pts',(-275.958095293111,24.0747609729876,1.98169283322349));
#4653=CARTESIAN_POINT('',(-253.958095293111,24.2137017085768,2.19612079197227));
#4654=CARTESIAN_POINT('Origin',(-253.958095293111,28.8984176465763,-2.30981269402743));
#4655=CARTESIAN_POINT('',(-253.958095293111,24.2137017085768,2.19612079197227));
#4656=CARTESIAN_POINT('Ctrl Pts',(-253.958095293111,24.2137017085768,2.19612079197226));
#4657=CARTESIAN_POINT('Ctrl Pts',(-261.291428626445,24.1673881300471,2.12464480572267));
#4658=CARTESIAN_POINT('Ctrl Pts',(-268.624761959778,24.1210745515174,2.05316881947308));
#4659=CARTESIAN_POINT('Ctrl Pts',(-275.958095293111,24.0747609729876,1.98169283322349));
#4660=CARTESIAN_POINT('Ctrl Pts',(-253.958095293111,23.7392611608709,1.73686728457387));
#4661=CARTESIAN_POINT('Ctrl Pts',(-261.291428626445,23.7680554274196,1.73863063333567));
#4662=CARTESIAN_POINT('Ctrl Pts',(-268.624761959778,23.7942826381195,1.74091864369525));
#4663=CARTESIAN_POINT('Ctrl Pts',(-275.958095293111,23.8230769046681,1.74268199245705));
#4664=CARTESIAN_POINT('Ctrl Pts',(-253.958095293111,23.3830901672996,1.20017436745806));
#4665=CARTESIAN_POINT('Ctrl Pts',(-261.291428626445,23.4423998476412,1.3054664474626));
#4666=CARTESIAN_POINT('Ctrl Pts',(-268.624761959778,23.5007625807647,1.41030057939634));
#4667=CARTESIAN_POINT('Ctrl Pts',(-275.958095293111,23.5600722611063,1.51559265940087));
#4668=CARTESIAN_POINT('Ctrl Pts',(-253.958095293111,23.0968903839999,0.621446663583864));
#4669=CARTESIAN_POINT('Ctrl Pts',(-261.291428626445,23.1602348585986,0.84811141010709));
#4670=CARTESIAN_POINT('Ctrl Pts',(-268.624761959778,23.2235793331972,1.07477615663032));
#4671=CARTESIAN_POINT('Ctrl Pts',(-275.958095293111,23.2869238077959,1.30144090315354));
#4672=CARTESIAN_POINT('',(-253.958095293111,23.096890384,0.621446663583858));
#4673=CARTESIAN_POINT('Ctrl Pts',(-253.958095293111,23.0968903839999,0.621446663583864));
#4674=CARTESIAN_POINT('Ctrl Pts',(-253.958095293111,23.3830901672996,1.20017436745806));
#4675=CARTESIAN_POINT('Ctrl Pts',(-253.958095293111,23.7392611608709,1.73686728457387));
#4676=CARTESIAN_POINT('Ctrl Pts',(-253.958095293111,24.2137017085768,2.19612079197226));
#4677=CARTESIAN_POINT('',(-253.958095293111,23.096890384,0.621446663583858));
#4678=CARTESIAN_POINT('Ctrl Pts',(-253.958095293111,23.096890384,0.621446663583863));
#4679=CARTESIAN_POINT('Ctrl Pts',(-261.291428626445,23.1602348585986,0.848111410107089));
#4680=CARTESIAN_POINT('Ctrl Pts',(-268.624761959778,23.2235793331972,1.07477615663032));
#4681=CARTESIAN_POINT('Ctrl Pts',(-275.958095293111,23.2869238077959,1.30144090315354));
#4682=CARTESIAN_POINT('Ctrl Pts',(-253.958095293111,23.0140473438955,0.457484319401304));
#4683=CARTESIAN_POINT('Ctrl Pts',(-261.291428626445,23.0791465424903,0.718528532983506));
#4684=CARTESIAN_POINT('Ctrl Pts',(-268.624761959778,23.1442448217383,0.979573179377165));
#4685=CARTESIAN_POINT('Ctrl Pts',(-275.958095293111,23.209344020333,1.24061739295937));
#4686=CARTESIAN_POINT('Ctrl Pts',(-253.958095293111,22.9381593739217,0.290008058035297));
#4687=CARTESIAN_POINT('Ctrl Pts',(-261.291428626445,23.002422072874,0.586950843719578));
#4688=CARTESIAN_POINT('Ctrl Pts',(-268.624761959778,23.0666838470097,0.883894050060492));
#4689=CARTESIAN_POINT('Ctrl Pts',(-275.958095293111,23.1309465459619,1.18083683574477));
#4690=CARTESIAN_POINT('Ctrl Pts',(-253.958095293111,22.8694989455079,0.119619193453063));
#4691=CARTESIAN_POINT('Ctrl Pts',(-261.291428626445,22.9302525356228,0.453786407276813));
#4692=CARTESIAN_POINT('Ctrl Pts',(-268.624761959778,22.9910061257377,0.787953621100564));
#4693=CARTESIAN_POINT('Ctrl Pts',(-275.958095293111,23.0517597158526,1.12212083492431));
#4694=CARTESIAN_POINT('',(-253.958095293111,22.8694989455079,0.119619193453073));
#4695=CARTESIAN_POINT('Origin',(-253.958095293111,28.8984176465763,-2.30981269402743));
#4696=CARTESIAN_POINT('',(-253.958095293111,22.8694989455079,0.119619193453073));
#4697=CARTESIAN_POINT('Ctrl Pts',(-253.958095293111,22.8694989455079,0.119619193453055));
#4698=CARTESIAN_POINT('Ctrl Pts',(-254.220000055016,22.8716687165834,0.131553736803903));
#4699=CARTESIAN_POINT('Ctrl Pts',(-254.743809578826,22.8760082587345,0.1554228235056));
#4700=CARTESIAN_POINT('Ctrl Pts',(-255.791428626445,22.8846873430366,0.203160996908993));
#4701=CARTESIAN_POINT('Ctrl Pts',(-257.624761959778,22.8998757405653,0.286702800364931));
#4702=CARTESIAN_POINT('Ctrl Pts',(-259.720000055016,22.9172339091696,0.382179147171718));
#4703=CARTESIAN_POINT('Ctrl Pts',(-266.00571434073,22.9693084149823,0.668608187592078));
#4704=CARTESIAN_POINT('Ctrl Pts',(-271.243809578826,23.012703836493,0.907299054609044));
#4705=CARTESIAN_POINT('Ctrl Pts',(-275.958095293111,23.0517597158526,1.12212083492431));
#4706=CARTESIAN_POINT('Ctrl Pts',(-253.958095293111,22.8482841946283,0.0682888032154264));
#4707=CARTESIAN_POINT('Ctrl Pts',(-254.220000055016,22.8504175483423,0.0806201396342227));
#4708=CARTESIAN_POINT('Ctrl Pts',(-254.743809578826,22.8546842300907,0.10528280417881));
#4709=CARTESIAN_POINT('Ctrl Pts',(-255.791428626445,22.8632176191727,0.154608141530505));
#4710=CARTESIAN_POINT('Ctrl Pts',(-257.624761959778,22.8781510226832,0.24092747305287));
#4711=CARTESIAN_POINT('Ctrl Pts',(-259.720000055016,22.895217648145,0.339578098442419));
#4712=CARTESIAN_POINT('Ctrl Pts',(-266.00571434073,22.9464181365078,0.635530172243766));
#4713=CARTESIAN_POINT('Ctrl Pts',(-271.243809578826,22.9890830075481,0.882156189102684));
#4714=CARTESIAN_POINT('Ctrl Pts',(-275.958095293111,23.0274833744002,1.10412024464102));
#4715=CARTESIAN_POINT('Ctrl Pts',(-253.958095291961,22.8062702214457,-0.0364520524589055));
#4716=CARTESIAN_POINT('Ctrl Pts',(-254.220000053866,22.8083234908928,-0.0233018337089132));
#4717=CARTESIAN_POINT('Ctrl Pts',(-254.743809577675,22.8124304097651,0.00300015373556647));
#4718=CARTESIAN_POINT('Ctrl Pts',(-255.791428625293,22.8206438689284,0.0556025843776489));
#4719=CARTESIAN_POINT('Ctrl Pts',(-257.624761958623,22.8350178276474,0.147658490757661));
#4720=CARTESIAN_POINT('Ctrl Pts',(-259.720000053853,22.8514470054915,0.252872568690639));
#4721=CARTESIAN_POINT('Ctrl Pts',(-266.005714339567,22.9007254836645,0.56847786537108));
#4722=CARTESIAN_POINT('Ctrl Pts',(-271.243809577576,22.9418234736986,0.831615221342244));
#4723=CARTESIAN_POINT('Ctrl Pts',(-275.958095291862,22.9787823237454,1.0683191588421));
#4724=CARTESIAN_POINT('Ctrl Pts',(-253.958095290888,22.7461850289508,-0.196354209348405));
#4725=CARTESIAN_POINT('Ctrl Pts',(-254.220000052792,22.7480791308104,-0.181931526596664));
#4726=CARTESIAN_POINT('Ctrl Pts',(-254.7438095766,22.7518673448991,-0.153085447954605));
#4727=CARTESIAN_POINT('Ctrl Pts',(-255.791428624217,22.7594437627451,-0.0953940011875562));
#4728=CARTESIAN_POINT('Ctrl Pts',(-257.624761957545,22.7727025050329,0.0055667910977025));
#4729=CARTESIAN_POINT('Ctrl Pts',(-259.720000052767,22.7878554023858,0.120953925266118));
#4730=CARTESIAN_POINT('Ctrl Pts',(-266.005714338481,22.8333138473295,0.467098332785932));
#4731=CARTESIAN_POINT('Ctrl Pts',(-271.243809576409,22.8711967741853,0.755613173147667));
#4732=CARTESIAN_POINT('Ctrl Pts',(-275.958095290695,22.9052906076589,1.01522146267901));
#4733=CARTESIAN_POINT('Ctrl Pts',(-253.958095289696,22.6901773328628,-0.357093163718391));
#4734=CARTESIAN_POINT('Ctrl Pts',(-254.2200000516,22.6918567725496,-0.341386604352255));
#4735=CARTESIAN_POINT('Ctrl Pts',(-254.743809575407,22.695216802722,-0.309968683927722));
#4736=CARTESIAN_POINT('Ctrl Pts',(-255.791428623023,22.7019357164984,-0.247137627119825));
#4737=CARTESIAN_POINT('Ctrl Pts',(-257.624761956348,22.7136950427413,-0.137178157504941));
#4738=CARTESIAN_POINT('Ctrl Pts',(-259.720000051562,22.7271397134473,-0.0114874909239312));
#4739=CARTESIAN_POINT('Ctrl Pts',(-266.005714337276,22.7674463005909,0.365470078478856));
#4740=CARTESIAN_POINT('Ctrl Pts',(-271.243809575114,22.8011338296878,0.680013237780321));
#4741=CARTESIAN_POINT('Ctrl Pts',(-275.9580952894,22.8313637440511,0.962731306370783));
#4742=CARTESIAN_POINT('Ctrl Pts',(-253.958095287992,22.6399743748706,-0.51358432128532));
#4743=CARTESIAN_POINT('Ctrl Pts',(-254.220000049897,22.6413683657792,-0.496626071972978));
#4744=CARTESIAN_POINT('Ctrl Pts',(-254.743809573702,22.6441557101618,-0.462710144960408));
#4745=CARTESIAN_POINT('Ctrl Pts',(-255.791428621316,22.6497310340183,-0.394877721424408));
#4746=CARTESIAN_POINT('Ctrl Pts',(-257.624761954637,22.65948717105,-0.276171589765049));
#4747=CARTESIAN_POINT('Ctrl Pts',(-259.720000049839,22.6706340282981,-0.140510141749041));
#4748=CARTESIAN_POINT('Ctrl Pts',(-266.005714335553,22.704089790906,0.266487824531587));
#4749=CARTESIAN_POINT('Ctrl Pts',(-271.243809573263,22.7319149189473,0.605603768032356));
#4750=CARTESIAN_POINT('Ctrl Pts',(-275.958095287548,22.7570067553017,0.910852255654521));
#4751=CARTESIAN_POINT('Ctrl Pts',(-253.958095287375,22.592128735103,-0.677379417175057));
#4752=CARTESIAN_POINT('Ctrl Pts',(-254.22000004928,22.5932013946852,-0.659084276601956));
#4753=CARTESIAN_POINT('Ctrl Pts',(-254.743809573085,22.595346638325,-0.62249221623694));
#4754=CARTESIAN_POINT('Ctrl Pts',(-255.791428620699,22.5996372008516,-0.549309868185288));
#4755=CARTESIAN_POINT('Ctrl Pts',(-257.624761954018,22.6071456047387,-0.421238861855846));
#4756=CARTESIAN_POINT('Ctrl Pts',(-259.720000049216,22.6157262806889,-0.27486358573822));
#4757=CARTESIAN_POINT('Ctrl Pts',(-266.00571433493,22.6414701083881,0.164219841602036));
#4758=CARTESIAN_POINT('Ctrl Pts',(-271.243809572593,22.6629168202197,0.530275305140724));
#4759=CARTESIAN_POINT('Ctrl Pts',(-275.958095286878,22.6822246927,0.859587835456549));
#4760=CARTESIAN_POINT('Ctrl Pts',(-253.958095285974,22.5487928640345,-0.844058685838244));
#4761=CARTESIAN_POINT('Ctrl Pts',(-254.220000047878,22.5494863792406,-0.824381561089451));
#4762=CARTESIAN_POINT('Ctrl Pts',(-254.743809571682,22.5508731510082,-0.785026077056534));
#4763=CARTESIAN_POINT('Ctrl Pts',(-255.791428619294,22.5536469522372,-0.70631633898786));
#4764=CARTESIAN_POINT('Ctrl Pts',(-257.62476195261,22.5585008285868,-0.568572980942394));
#4765=CARTESIAN_POINT('Ctrl Pts',(-259.720000047798,22.5640468930306,-0.411146163717272));
#4766=CARTESIAN_POINT('Ctrl Pts',(-266.005714333512,22.5806912501873,0.0611048674350246));
#4767=CARTESIAN_POINT('Ctrl Pts',(-271.24380957107,22.5945393633132,0.45475328214406));
#4768=CARTESIAN_POINT('Ctrl Pts',(-275.958095285355,22.607022637023,0.80894152762234));
#4769=CARTESIAN_POINT('Ctrl Pts',(-253.958095284874,22.5117972133728,-1.00592672419375));
#4770=CARTESIAN_POINT('Ctrl Pts',(-254.220000046779,22.512032126079,-0.984913093562685));
#4771=CARTESIAN_POINT('Ctrl Pts',(-254.743809570581,22.5125006921149,-0.942888889620614));
#4772=CARTESIAN_POINT('Ctrl Pts',(-255.791428618193,22.5134390789338,-0.858837435655168));
#4773=CARTESIAN_POINT('Ctrl Pts',(-257.624761951506,22.5150799129525,-0.71175065133573));
#4774=CARTESIAN_POINT('Ctrl Pts',(-259.720000046687,22.5169491977851,-0.543665923568927));
#4775=CARTESIAN_POINT('Ctrl Pts',(-266.005714332401,22.5225870648059,-0.0393388805025946));
#4776=CARTESIAN_POINT('Ctrl Pts',(-271.243809569875,22.527177267881,0.38067142247357));
#4777=CARTESIAN_POINT('Ctrl Pts',(-275.958095284161,22.5314056965936,0.758916773832704));
#4778=CARTESIAN_POINT('Ctrl Pts',(-253.958095282591,22.4796725415201,-1.16870231965037));
#4779=CARTESIAN_POINT('Ctrl Pts',(-254.220000044496,22.4793845133607,-1.14634109059301));
#4780=CARTESIAN_POINT('Ctrl Pts',(-254.743809568296,22.4788074513666,-1.10161988947491));
#4781=CARTESIAN_POINT('Ctrl Pts',(-255.791428615906,22.4776543293568,-1.01217623486282));
#4782=CARTESIAN_POINT('Ctrl Pts',(-257.624761949213,22.4756352934553,-0.855651179668164));
#4783=CARTESIAN_POINT('Ctrl Pts',(-259.720000044378,22.4733230692499,-0.676771345096404));
#4784=CARTESIAN_POINT('Ctrl Pts',(-266.005714330092,22.4664103631356,-0.140101885577521));
#4785=CARTESIAN_POINT('Ctrl Pts',(-271.243809567394,22.4605635157744,0.307014848720144));
#4786=CARTESIAN_POINT('Ctrl Pts',(-275.95809528168,22.4553790089051,0.709516971752608));
#4787=CARTESIAN_POINT('Ctrl Pts',(-253.958095280443,22.4514518336946,-1.33894054003697));
#4788=CARTESIAN_POINT('Ctrl Pts',(-254.220000042348,22.4505900913817,-1.31513206469558));
#4789=CARTESIAN_POINT('Ctrl Pts',(-254.743809566146,22.4488654127233,-1.26751740502122));
#4790=CARTESIAN_POINT('Ctrl Pts',(-255.791428613754,22.4454172450498,-1.17228580308584));
#4791=CARTESIAN_POINT('Ctrl Pts',(-257.624761947056,22.4393816783851,-1.00563294267595));
#4792=CARTESIAN_POINT('Ctrl Pts',(-259.720000042206,22.4324782427964,-0.815183362144709));
#4793=CARTESIAN_POINT('Ctrl Pts',(-266.005714327919,22.4117963913264,-0.243780022950942));
#4794=CARTESIAN_POINT('Ctrl Pts',(-271.24380956506,22.3944591003449,0.232192921660308));
#4795=CARTESIAN_POINT('Ctrl Pts',(-275.958095279345,22.3789477387135,0.66074547780541));
#4796=CARTESIAN_POINT('Ctrl Pts',(-253.958095276978,22.4289822648222,-1.50850089000595));
#4797=CARTESIAN_POINT('Ctrl Pts',(-254.220000038883,22.4274727241036,-1.48325254131286));
#4798=CARTESIAN_POINT('Ctrl Pts',(-254.743809562678,22.4244529960022,-1.43275335725368));
#4799=CARTESIAN_POINT('Ctrl Pts',(-255.791428610283,22.4184141840864,-1.33175746666728));
#4800=CARTESIAN_POINT('Ctrl Pts',(-257.624761943576,22.4078455736747,-1.15501200652055));
#4801=CARTESIAN_POINT('Ctrl Pts',(-259.720000038702,22.3957641044953,-0.953005438500968));
#4802=CARTESIAN_POINT('Ctrl Pts',(-266.005714324415,22.3595351077718,-0.347044994974194));
#4803=CARTESIAN_POINT('Ctrl Pts',(-271.243809561295,22.3292888114006,0.158135328586318));
#4804=CARTESIAN_POINT('Ctrl Pts',(-275.95809527558,22.302117078465,0.612605605061909));
#4805=CARTESIAN_POINT('Ctrl Pts',(-253.958095275572,22.4122523673946,-1.6714188037998));
#4806=CARTESIAN_POINT('Ctrl Pts',(-254.220000037477,22.4100232802681,-1.64479010694512));
#4807=CARTESIAN_POINT('Ctrl Pts',(-254.743809561271,22.4055639215117,-1.59153566541865));
#4808=CARTESIAN_POINT('Ctrl Pts',(-255.791428608874,22.396646384148,-1.4850238410351));
#4809=CARTESIAN_POINT('Ctrl Pts',(-257.624761942164,22.3810394306871,-1.29863129637278));
#4810=CARTESIAN_POINT('Ctrl Pts',(-259.72000003728,22.3631973123836,-1.08562520257818));
#4811=CARTESIAN_POINT('Ctrl Pts',(-266.005714322994,22.3096991856736,-0.446536566978543));
#4812=CARTESIAN_POINT('Ctrl Pts',(-271.243809559767,22.2650158160091,0.085784080948588));
#4813=CARTESIAN_POINT('Ctrl Pts',(-275.958095274052,22.2248922477324,0.565100624332837));
#4814=CARTESIAN_POINT('Ctrl Pts',(-253.958095271652,22.3998069712496,-1.84081379221701));
#4815=CARTESIAN_POINT('Ctrl Pts',(-254.220000033556,22.3968016803025,-1.81273102612557));
#4816=CARTESIAN_POINT('Ctrl Pts',(-254.743809557347,22.3907902461518,-1.75656452846958));
#4817=CARTESIAN_POINT('Ctrl Pts',(-255.791428604947,22.378768226974,-1.64423249508162));
#4818=CARTESIAN_POINT('Ctrl Pts',(-257.624761938227,22.357728784624,-1.4476504071372));
#4819=CARTESIAN_POINT('Ctrl Pts',(-259.720000033315,22.3336796783782,-1.22298059923522));
#4820=CARTESIAN_POINT('Ctrl Pts',(-266.005714319029,22.2615526699795,-0.548994183963035));
#4821=CARTESIAN_POINT('Ctrl Pts',(-271.243809555507,22.2013737297799,0.0127439728023175));
#4822=CARTESIAN_POINT('Ctrl Pts',(-275.958095269792,22.1472784927318,0.518233762448148));
#4823=CARTESIAN_POINT('Ctrl Pts',(-253.958095267423,22.3923074052112,-2.01219384634976));
#4824=CARTESIAN_POINT('Ctrl Pts',(-254.220000029327,22.3884630134553,-1.98262062552904));
#4825=CARTESIAN_POINT('Ctrl Pts',(-254.743809553114,22.3807732420737,-1.92347366160558));
#4826=CARTESIAN_POINT('Ctrl Pts',(-255.791428600711,22.3653946835487,-1.80518025412077));
#4827=CARTESIAN_POINT('Ctrl Pts',(-257.62476193398,22.3384811527323,-1.59816623409598));
#4828=CARTESIAN_POINT('Ctrl Pts',(-259.720000029039,22.3077181613759,-1.36157631340868));
#4829=CARTESIAN_POINT('Ctrl Pts',(-266.005714314753,22.2154527294814,-0.651818997981564));
#4830=CARTESIAN_POINT('Ctrl Pts',(-271.243809550911,22.1384801378525,-0.0603097712070184));
#4831=CARTESIAN_POINT('Ctrl Pts',(-275.958095265197,22.0692810862458,0.472008203565904));
#4832=CARTESIAN_POINT('Ctrl Pts',(-253.958095264767,22.3895851669795,-2.1809698404306));
#4833=CARTESIAN_POINT('Ctrl Pts',(-254.220000026672,22.3848400534096,-2.14993307498262));
#4834=CARTESIAN_POINT('Ctrl Pts',(-254.743809550456,22.3753489105217,-2.08785641419996));
#4835=CARTESIAN_POINT('Ctrl Pts',(-255.79142859805,22.3563675371276,-1.96370621101582));
#4836=CARTESIAN_POINT('Ctrl Pts',(-257.624761931313,22.3231491571959,-1.74644001794331));
#4837=CARTESIAN_POINT('Ctrl Pts',(-259.720000026353,22.2851809649677,-1.49812099989788));
#4838=CARTESIAN_POINT('Ctrl Pts',(-266.005714312067,22.1712982117109,-0.753238534881616));
#4839=CARTESIAN_POINT('Ctrl Pts',(-271.243809548026,22.076317371634,-0.132234690258201));
#4840=CARTESIAN_POINT('Ctrl Pts',(-275.958095262311,21.9909053273766,0.426427087805459));
#4841=CARTESIAN_POINT('Ctrl Pts',(-253.958095258007,22.3912208231017,-2.34761099104995));
#4842=CARTESIAN_POINT('Ctrl Pts',(-254.220000019912,22.38551885244,-2.31512421211552));
#4843=CARTESIAN_POINT('Ctrl Pts',(-254.743809543691,22.3741139096964,-2.25014847314907));
#4844=CARTESIAN_POINT('Ctrl Pts',(-255.791428591279,22.3513050219482,-2.12019916829602));
#4845=CARTESIAN_POINT('Ctrl Pts',(-257.624761924525,22.3113884005418,-1.89278555902767));
#4846=CARTESIAN_POINT('Ctrl Pts',(-259.720000019518,22.2657646701619,-1.63287397955996));
#4847=CARTESIAN_POINT('Ctrl Pts',(-266.005714305231,22.1289173441213,-0.853191219444278));
#4848=CARTESIAN_POINT('Ctrl Pts',(-271.24380954068,22.0147920117861,-0.203268508585318));
#4849=CARTESIAN_POINT('Ctrl Pts',(-275.958095254966,21.9121565398759,0.381493512234354));
#4850=CARTESIAN_POINT('Ctrl Pts',(-253.958095251554,22.3970334189266,-2.51716373247085));
#4851=CARTESIAN_POINT('Ctrl Pts',(-254.220000013458,22.3903204420096,-2.48318745044242));
#4852=CARTESIAN_POINT('Ctrl Pts',(-254.743809537231,22.3768934407544,-2.41523116891218));
#4853=CARTESIAN_POINT('Ctrl Pts',(-255.791428584814,22.3500404818149,-2.27932230965959));
#4854=CARTESIAN_POINT('Ctrl Pts',(-257.624761918044,22.3030466867712,-2.04147784190446));
#4855=CARTESIAN_POINT('Ctrl Pts',(-259.720000012992,22.2493345404659,-1.76963801767446));
#4856=CARTESIAN_POINT('Ctrl Pts',(-266.005714298705,22.0882230629133,-0.954207137030599));
#4857=CARTESIAN_POINT('Ctrl Pts',(-271.243809533667,21.9538736587036,-0.274362547479728));
#4858=CARTESIAN_POINT('Ctrl Pts',(-275.958095247953,21.8330400741986,0.337210529032099));
#4859=CARTESIAN_POINT('Ctrl Pts',(-253.958095244378,22.4068786881924,-2.68679026260608));
#4860=CARTESIAN_POINT('Ctrl Pts',(-254.220000006283,22.3991024689314,-2.65131626029561));
#4861=CARTESIAN_POINT('Ctrl Pts',(-254.74380953005,22.3835488645226,-2.5803626251213));
#4862=CARTESIAN_POINT('Ctrl Pts',(-255.791428577626,22.3524428173061,-2.43846096462806));
#4863=CARTESIAN_POINT('Ctrl Pts',(-257.624761910838,22.2980059914538,-2.19012705472218));
#4864=CARTESIAN_POINT('Ctrl Pts',(-259.720000005736,22.2357869641461,-1.90629025199926));
#4865=CARTESIAN_POINT('Ctrl Pts',(-266.005714291449,22.0491576667702,-1.05491402696922));
#4866=CARTESIAN_POINT('Ctrl Pts',(-271.243809525871,21.893533251656,-0.344950894778824));
#4867=CARTESIAN_POINT('Ctrl Pts',(-275.958095240157,21.7535613049594,0.293581146809587));
#4868=CARTESIAN_POINT('Ctrl Pts',(-253.958095239892,22.4164817015745,-2.8068899564764));
#4869=CARTESIAN_POINT('Ctrl Pts',(-254.220000001796,22.4079179662464,-2.77034753265598));
#4870=CARTESIAN_POINT('Ctrl Pts',(-254.743809525559,22.3907893101089,-2.69725793463834));
#4871=CARTESIAN_POINT('Ctrl Pts',(-255.791428573131,22.3565331789573,-2.5510834715174));
#4872=CARTESIAN_POINT('Ctrl Pts',(-257.624761906333,22.2965836853247,-2.29527309557403));
#4873=CARTESIAN_POINT('Ctrl Pts',(-259.720000001199,22.2280643736309,-2.00289592151103));
#4874=CARTESIAN_POINT('Ctrl Pts',(-266.005714286912,22.0225346900519,-1.12587760675106));
#4875=CARTESIAN_POINT('Ctrl Pts',(-271.243809520995,21.8511582724629,-0.394621561087514));
#4876=CARTESIAN_POINT('Ctrl Pts',(-275.958095235281,21.6970110365565,0.263142067679955));
#4877=CARTESIAN_POINT('Ctrl Pts',(-253.958095238915,22.4229700288443,-2.87770485768629));
#4878=CARTESIAN_POINT('Ctrl Pts',(-254.22000000082,22.4139320931625,-2.84053192019741));
#4879=CARTESIAN_POINT('Ctrl Pts',(-254.743809524582,22.3958550085367,-2.76618027079333));
#4880=CARTESIAN_POINT('Ctrl Pts',(-255.791428572153,22.3597020480874,-2.61748272518461));
#4881=CARTESIAN_POINT('Ctrl Pts',(-257.624761905352,22.2964330735601,-2.35725586291023));
#4882=CARTESIAN_POINT('Ctrl Pts',(-259.720000000211,22.2241199380729,-2.05982643442477));
#4883=CARTESIAN_POINT('Ctrl Pts',(-266.005714285924,22.0072094451697,-1.16767576077974));
#4884=CARTESIAN_POINT('Ctrl Pts',(-271.243809519934,21.8263466369753,-0.423721581118004));
#4885=CARTESIAN_POINT('Ctrl Pts',(-275.95809523422,21.6636637947034,0.245391293681818));
#4886=CARTESIAN_POINT('Ctrl Pts',(-253.958095238815,22.4249709394455,-2.89895058184458));
#4887=CARTESIAN_POINT('Ctrl Pts',(-254.220000000719,22.4157900180298,-2.86158774688456));
#4888=CARTESIAN_POINT('Ctrl Pts',(-254.743809524481,22.3974269643427,-2.78685651130111));
#4889=CARTESIAN_POINT('Ctrl Pts',(-255.791428572052,22.3607020633731,-2.63739958533816));
#4890=CARTESIAN_POINT('Ctrl Pts',(-257.624761905251,22.2964321955014,-2.37584403005457));
#4891=CARTESIAN_POINT('Ctrl Pts',(-259.72000000011,22.2229751932833,-2.07689708225636));
#4892=CARTESIAN_POINT('Ctrl Pts',(-266.005714285823,22.0026330428393,-1.18018887559143));
#4893=CARTESIAN_POINT('Ctrl Pts',(-271.243809519825,21.8189107264308,-0.432454657789967));
#4894=CARTESIAN_POINT('Ctrl Pts',(-275.958095234111,21.653654140949,0.24007637149036));
#4895=CARTESIAN_POINT('Ctrl Pts',(-253.958095238659,22.4270257912793,-2.92019659839913));
#4896=CARTESIAN_POINT('Ctrl Pts',(-254.220000000564,22.4177011870797,-2.88264413592165));
#4897=CARTESIAN_POINT('Ctrl Pts',(-254.743809524326,22.3990507615133,-2.80753351652428));
#4898=CARTESIAN_POINT('Ctrl Pts',(-255.791428571897,22.3617511230735,-2.6573179512391));
#4899=CARTESIAN_POINT('Ctrl Pts',(-257.624761905095,22.2964754578987,-2.39443463982037));
#4900=CARTESIAN_POINT('Ctrl Pts',(-259.719999999953,22.2218689432095,-2.09396964760138));
#4901=CARTESIAN_POINT('Ctrl Pts',(-266.005714285665,21.9980784057618,-1.19271037663888));
#4902=CARTESIAN_POINT('Ctrl Pts',(-271.243809519656,21.8114818921708,-0.441172559604863));
#4903=CARTESIAN_POINT('Ctrl Pts',(-275.958095233942,21.6436390165786,0.234771764989757));
#4904=CARTESIAN_POINT('Ctrl Pts',(-253.958095237724,22.4312426817133,-2.96268835713007));
#4905=CARTESIAN_POINT('Ctrl Pts',(-254.219999999629,22.4216293029162,-2.92475618161057));
#4906=CARTESIAN_POINT('Ctrl Pts',(-254.74380952339,22.4024013180846,-2.84888606217111));
#4907=CARTESIAN_POINT('Ctrl Pts',(-255.79142857096,22.3639465711473,-2.69715157048791));
#4908=CARTESIAN_POINT('Ctrl Pts',(-257.624761904156,22.2966494553641,-2.43161005900878));
#4909=CARTESIAN_POINT('Ctrl Pts',(-259.719999999007,22.2197326637994,-2.12810677420685));
#4910=CARTESIAN_POINT('Ctrl Pts',(-266.00571428472,21.989011535706,-1.21773438800829));
#4911=CARTESIAN_POINT('Ctrl Pts',(-271.24380951864,21.7966386661848,-0.458595964737353));
#4912=CARTESIAN_POINT('Ctrl Pts',(-275.958095232926,21.6235978478358,0.224183194613728));
#4913=CARTESIAN_POINT('Ctrl Pts',(-253.958095236891,22.4409408262984,-3.0546529516732));
#4914=CARTESIAN_POINT('Ctrl Pts',(-254.219999998795,22.4306943839287,-3.01589793901974));
#4915=CARTESIAN_POINT('Ctrl Pts',(-254.743809522556,22.4102002479062,-2.9383819805402));
#4916=CARTESIAN_POINT('Ctrl Pts',(-255.791428570125,22.3692132225445,-2.78335597494332));
#4917=CARTESIAN_POINT('Ctrl Pts',(-257.624761903319,22.2974845938775,-2.5120541384133));
#4918=CARTESIAN_POINT('Ctrl Pts',(-259.719999998164,22.2155031024767,-2.20196684597648));
#4919=CARTESIAN_POINT('Ctrl Pts',(-266.005714283877,21.969588447918,-1.27184636360056));
#4920=CARTESIAN_POINT('Ctrl Pts',(-271.243809517734,21.764552243877,-0.496237060651508));
#4921=CARTESIAN_POINT('Ctrl Pts',(-275.95809523202,21.5801162812222,0.201353167110685));
#4922=CARTESIAN_POINT('Ctrl Pts',(-253.958095224399,22.4544356698999,-3.16721388653197));
#4923=CARTESIAN_POINT('Ctrl Pts',(-254.219999986304,22.4433896778037,-3.12745122656745));
#4924=CARTESIAN_POINT('Ctrl Pts',(-254.743809510053,22.4212962247183,-3.04791843966547));
#4925=CARTESIAN_POINT('Ctrl Pts',(-255.791428557611,22.3771107820408,-2.88886030538574));
#4926=CARTESIAN_POINT('Ctrl Pts',(-257.624761890774,22.2997846910267,-2.61050060811945));
#4927=CARTESIAN_POINT('Ctrl Pts',(-259.719999985532,22.2114050709906,-2.29233993766861));
#4928=CARTESIAN_POINT('Ctrl Pts',(-266.005714271245,21.9463012164421,-1.33803587363257));
#4929=CARTESIAN_POINT('Ctrl Pts',(-271.243809504161,21.725255347542,-0.542142028618917));
#4930=CARTESIAN_POINT('Ctrl Pts',(-275.958095218446,21.5264274898103,0.173585850742573));
#4931=CARTESIAN_POINT('Ctrl Pts',(-253.958095218362,22.4691266674811,-3.27785206327598));
#4932=CARTESIAN_POINT('Ctrl Pts',(-254.219999980267,22.4572647347577,-3.23709982397125));
#4933=CARTESIAN_POINT('Ctrl Pts',(-254.743809504011,22.4335392882903,-3.1555870793628));
#4934=CARTESIAN_POINT('Ctrl Pts',(-255.791428551564,22.3860899705643,-2.99256982575898));
#4935=CARTESIAN_POINT('Ctrl Pts',(-257.624761884712,22.3030519786499,-2.70728081764795));
#4936=CARTESIAN_POINT('Ctrl Pts',(-259.719999979428,22.2081439417568,-2.38119715718993));
#4937=CARTESIAN_POINT('Ctrl Pts',(-266.00571426514,21.9234575087788,-1.40314316492438));
#4938=CARTESIAN_POINT('Ctrl Pts',(-271.243809497601,21.6860832070949,-0.587389178869032));
#4939=CARTESIAN_POINT('Ctrl Pts',(-275.958095211887,21.4725684180738,0.14615112861602));
#4940=CARTESIAN_POINT('Ctrl Pts',(-253.958095213181,22.4768709991228,-3.33281690171837));
#4941=CARTESIAN_POINT('Ctrl Pts',(-254.219999975086,22.4645932157071,-3.29157426811029));
#4942=CARTESIAN_POINT('Ctrl Pts',(-254.743809498825,22.4400359711187,-3.20908013500266));
#4943=CARTESIAN_POINT('Ctrl Pts',(-255.791428546374,22.3909231535315,-3.04410070208774));
#4944=CARTESIAN_POINT('Ctrl Pts',(-257.624761879509,22.3049739337069,-2.75537724049738));
#4945=CARTESIAN_POINT('Ctrl Pts',(-259.719999974188,22.2067383218549,-2.42536565419377));
#4946=CARTESIAN_POINT('Ctrl Pts',(-266.005714259901,21.9120714693479,-1.43554218058041));
#4947=CARTESIAN_POINT('Ctrl Pts',(-271.243809491971,21.6663718541065,-0.609928839334997));
#4948=CARTESIAN_POINT('Ctrl Pts',(-275.958095206257,21.4453717526238,0.132438565610411));
#4949=CARTESIAN_POINT('Ctrl Pts',(-253.958095212748,22.4809003472691,-3.36066092414226));
#4950=CARTESIAN_POINT('Ctrl Pts',(-254.219999974652,22.4684087872207,-3.31917011908582));
#4951=CARTESIAN_POINT('Ctrl Pts',(-254.743809498391,22.4434239761206,-3.2361795311104));
#4952=CARTESIAN_POINT('Ctrl Pts',(-255.791428545939,22.3934560387075,-3.07020730001936));
#4953=CARTESIAN_POINT('Ctrl Pts',(-257.624761879074,22.3060103450627,-2.77974632222237));
#4954=CARTESIAN_POINT('Ctrl Pts',(-259.71999997375,22.2060644147906,-2.4477484737374));
#4955=CARTESIAN_POINT('Ctrl Pts',(-266.005714259462,21.9062669226994,-1.45196888199122));
#4956=CARTESIAN_POINT('Ctrl Pts',(-271.2438094915,21.6562906383072,-0.621382504967561));
#4957=CARTESIAN_POINT('Ctrl Pts',(-275.958095205786,21.4314425574356,0.125451986048239));
#4958=CARTESIAN_POINT('Ctrl Pts',(-253.958095212755,22.4811450194445,-3.36235032516147));
#4959=CARTESIAN_POINT('Ctrl Pts',(-254.21999997466,22.4686404958657,-3.32084444328917));
#4960=CARTESIAN_POINT('Ctrl Pts',(-254.743809498399,22.4436297581456,-3.23782370600436));
#4961=CARTESIAN_POINT('Ctrl Pts',(-255.791428545947,22.3936099670534,-3.07179117198808));
#4962=CARTESIAN_POINT('Ctrl Pts',(-257.624761879081,22.3060735299401,-2.781224668681));
#4963=CARTESIAN_POINT('Ctrl Pts',(-259.719999973758,22.206023894931,-2.4491062400482));
#4964=CARTESIAN_POINT('Ctrl Pts',(-266.00571425947,21.9059152781234,-1.45296480485129));
#4965=CARTESIAN_POINT('Ctrl Pts',(-271.243809491508,21.6556797609456,-0.622077262356791));
#4966=CARTESIAN_POINT('Ctrl Pts',(-275.958095205794,21.4305983365266,0.125028611344696));
#4967=CARTESIAN_POINT('Ctrl Pts',(-253.95809521274,22.4815742473308,-3.36531038282714));
#4968=CARTESIAN_POINT('Ctrl Pts',(-254.219999974645,22.4690470256986,-3.32377808586362));
#4969=CARTESIAN_POINT('Ctrl Pts',(-254.743809498384,22.4439908913693,-3.24070451406635));
#4970=CARTESIAN_POINT('Ctrl Pts',(-255.791428545932,22.3938803075592,-3.07456631533927));
#4971=CARTESIAN_POINT('Ctrl Pts',(-257.624761879066,22.3061849826538,-2.78381489417101));
#4972=CARTESIAN_POINT('Ctrl Pts',(-259.719999973742,22.2059537592207,-2.45148511036822));
#4973=CARTESIAN_POINT('Ctrl Pts',(-266.005714259455,21.9053003891175,-1.45470971285189));
#4974=CARTESIAN_POINT('Ctrl Pts',(-271.243809491492,21.6546108677533,-0.623293497026668));
#4975=CARTESIAN_POINT('Ctrl Pts',(-275.958095205777,21.4291208783741,0.124287848316565));
#4976=CARTESIAN_POINT('Ctrl Pts',(-253.958095212719,22.4821905396362,-3.36955008786428));
#4977=CARTESIAN_POINT('Ctrl Pts',(-254.219999974623,22.4696308522275,-3.3279799123037));
#4978=CARTESIAN_POINT('Ctrl Pts',(-254.743809498362,22.4445097860816,-3.24483058252398));
#4979=CARTESIAN_POINT('Ctrl Pts',(-255.791428545911,22.3942693389009,-3.07854086861742));
#4980=CARTESIAN_POINT('Ctrl Pts',(-257.624761879045,22.306346752816,-2.78752429504446));
#4981=CARTESIAN_POINT('Ctrl Pts',(-259.719999973721,22.2058558010747,-2.45489147619498));
#4982=CARTESIAN_POINT('Ctrl Pts',(-266.005714259433,21.9044232523268,-1.45720699232539));
#4983=CARTESIAN_POINT('Ctrl Pts',(-271.243809491468,21.6530843928246,-0.625033136922661));
#4984=CARTESIAN_POINT('Ctrl Pts',(-275.958095205754,21.4270100194678,0.12323002316771));
#4985=CARTESIAN_POINT('Ctrl Pts',(-253.958095212688,22.4828108666895,-3.37380366692344));
#4986=CARTESIAN_POINT('Ctrl Pts',(-254.219999974593,22.4702186627397,-3.33219544590864));
#4987=CARTESIAN_POINT('Ctrl Pts',(-254.743809498332,22.4450325628127,-3.24897002035786));
#4988=CARTESIAN_POINT('Ctrl Pts',(-255.79142854588,22.3946620487662,-3.08252811975394));
#4989=CARTESIAN_POINT('Ctrl Pts',(-257.624761879014,22.3065118449209,-2.79124521427542));
#4990=CARTESIAN_POINT('Ctrl Pts',(-259.71999997369,22.2057607552928,-2.45830799311596));
#4991=CARTESIAN_POINT('Ctrl Pts',(-266.005714259402,21.9035478095365,-1.45971041819871));
#4992=CARTESIAN_POINT('Ctrl Pts',(-271.243809491435,21.651558559261,-0.626775236512334));
#4993=CARTESIAN_POINT('Ctrl Pts',(-275.958095205721,21.4248988881637,0.122172741753946));
#4994=CARTESIAN_POINT('Ctrl Pts',(-253.958095212678,22.4832471858085,-3.3767882364543));
#4995=CARTESIAN_POINT('Ctrl Pts',(-254.219999974583,22.4706321932739,-3.33515329277426));
#4996=CARTESIAN_POINT('Ctrl Pts',(-254.743809498322,22.4454005160472,-3.25187442134376));
#4997=CARTESIAN_POINT('Ctrl Pts',(-255.79142854587,22.3949388475308,-3.0853256295276));
#4998=CARTESIAN_POINT('Ctrl Pts',(-257.624761879004,22.3066291232245,-2.79385566384201));
#4999=CARTESIAN_POINT('Ctrl Pts',(-259.71999997368,22.2056957238822,-2.46070465699212));
#5000=CARTESIAN_POINT('Ctrl Pts',(-266.005714259392,21.9029358520876,-1.46146573809241));
#5001=CARTESIAN_POINT('Ctrl Pts',(-271.243809491424,21.6504908189399,-0.627996055978755));
#5002=CARTESIAN_POINT('Ctrl Pts',(-275.95809520571,21.4234209533169,0.121432930261966));
#5003=CARTESIAN_POINT('Ctrl Pts',(-253.958095212676,22.4834970997145,-3.37849566112227));
#5004=CARTESIAN_POINT('Ctrl Pts',(-254.219999974581,22.4708690776221,-3.33684542326068));
#5005=CARTESIAN_POINT('Ctrl Pts',(-254.74380949832,22.4456113412181,-3.25353596300495));
#5006=CARTESIAN_POINT('Ctrl Pts',(-255.791428545868,22.3950975544087,-3.08692599399877));
#5007=CARTESIAN_POINT('Ctrl Pts',(-257.624761879002,22.3066966230237,-2.79534896773786));
#5008=CARTESIAN_POINT('Ctrl Pts',(-259.719999973678,22.2056589867289,-2.46207560375986));
#5009=CARTESIAN_POINT('Ctrl Pts',(-266.00571425939,21.902586405545,-1.46246962448913));
#5010=CARTESIAN_POINT('Ctrl Pts',(-271.243809491422,21.6498807759546,-0.628694019094548));
#5011=CARTESIAN_POINT('Ctrl Pts',(-275.958095205708,21.422576378291,0.121010262414005));
#5012=CARTESIAN_POINT('Ctrl Pts',(-253.958095212662,22.4841228992345,-3.38276768136959));
#5013=CARTESIAN_POINT('Ctrl Pts',(-254.219999974567,22.4714622904851,-3.34107916575062));
#5014=CARTESIAN_POINT('Ctrl Pts',(-254.743809498306,22.446139380504,-3.25769314840851));
#5015=CARTESIAN_POINT('Ctrl Pts',(-255.791428545854,22.3954952468025,-3.09093006679539));
#5016=CARTESIAN_POINT('Ctrl Pts',(-257.624761878988,22.306866208076,-2.7990850917965));
#5017=CARTESIAN_POINT('Ctrl Pts',(-259.719999973664,22.2055678764331,-2.46550549325925));
#5018=CARTESIAN_POINT('Ctrl Pts',(-266.005714259376,21.9017132154725,-1.46498084776377));
#5019=CARTESIAN_POINT('Ctrl Pts',(-271.243809491407,21.6483558301778,-0.630439552383062));
#5020=CARTESIAN_POINT('Ctrl Pts',(-275.958095205693,21.4204648726875,0.119953728758548));
#5021=CARTESIAN_POINT('Ctrl Pts',(-253.958095212519,22.485194575365,-3.39005685944754));
#5022=CARTESIAN_POINT('Ctrl Pts',(-254.219999974424,22.4724784728132,-3.34830295767932));
#5023=CARTESIAN_POINT('Ctrl Pts',(-254.743809498163,22.4470445724215,-3.26478615105739));
#5024=CARTESIAN_POINT('Ctrl Pts',(-255.791428545711,22.3961784606943,-3.09776150780355));
#5025=CARTESIAN_POINT('Ctrl Pts',(-257.624761878844,22.3071609574306,-2.80545878182563));
#5026=CARTESIAN_POINT('Ctrl Pts',(-259.719999973519,22.2054186530506,-2.47135595902845));
#5027=CARTESIAN_POINT('Ctrl Pts',(-266.005714259231,21.9002321407491,-1.46926204543974));
#5028=CARTESIAN_POINT('Ctrl Pts',(-271.243809491252,21.6457646386607,-0.633411570122133));
#5029=CARTESIAN_POINT('Ctrl Pts',(-275.958095205538,21.4168747927281,0.118158661705825));
#5030=CARTESIAN_POINT('Ctrl Pts',(-253.958095212362,22.4867261249446,-3.40040730901834));
#5031=CARTESIAN_POINT('Ctrl Pts',(-254.219999974267,22.4739314402996,-3.35856034741543));
#5032=CARTESIAN_POINT('Ctrl Pts',(-254.743809498005,22.4483403726107,-3.27485740264257));
#5033=CARTESIAN_POINT('Ctrl Pts',(-255.791428545553,22.3971599293885,-3.10746050150049));
#5034=CARTESIAN_POINT('Ctrl Pts',(-257.624761878686,22.3075923426916,-2.81450630451066));
#5035=CARTESIAN_POINT('Ctrl Pts',(-259.71999997336,22.2052213568239,-2.47965885603761));
#5036=CARTESIAN_POINT('Ctrl Pts',(-266.005714259072,21.8981488741918,-1.47533150585973));
#5037=CARTESIAN_POINT('Ctrl Pts',(-271.243809491081,21.6421094633481,-0.637618248182369));
#5038=CARTESIAN_POINT('Ctrl Pts',(-275.958095205367,21.4118051397378,0.115627060670004));
#5039=CARTESIAN_POINT('Ctrl Pts',(-253.958095212222,22.4882759133425,-3.41081463164389));
#5040=CARTESIAN_POINT('Ctrl Pts',(-254.219999974127,22.4754024135051,-3.36887389974737));
#5041=CARTESIAN_POINT('Ctrl Pts',(-254.743809497865,22.4496537127065,-3.28498339786857));
#5042=CARTESIAN_POINT('Ctrl Pts',(-255.791428545413,22.3981580059796,-3.11721139897259));
#5043=CARTESIAN_POINT('Ctrl Pts',(-257.624761878546,22.308038705244,-2.82360076329901));
#5044=CARTESIAN_POINT('Ctrl Pts',(-259.719999973219,22.2050371761639,-2.48800302109062));
#5045=CARTESIAN_POINT('Ctrl Pts',(-266.005714258931,21.8960731288314,-1.48142518336859));
#5046=CARTESIAN_POINT('Ctrl Pts',(-271.243809490929,21.6384571803526,-0.64183510255801));
#5047=CARTESIAN_POINT('Ctrl Pts',(-275.958095205215,21.4067341832786,0.113098071579342));
#5048=CARTESIAN_POINT('Ctrl Pts',(-253.958095212016,22.4903661962836,-3.42476297119873));
#5049=CARTESIAN_POINT('Ctrl Pts',(-254.219999973921,22.4773873049765,-3.38269631718431));
#5050=CARTESIAN_POINT('Ctrl Pts',(-254.743809497659,22.4514278170712,-3.29855394693682));
#5051=CARTESIAN_POINT('Ctrl Pts',(-255.791428545206,22.3995105402831,-3.13027823534763));
#5052=CARTESIAN_POINT('Ctrl Pts',(-257.624761878339,22.3086534874964,-2.83578607672724));
#5053=CARTESIAN_POINT('Ctrl Pts',(-259.71999997301,22.2048087935124,-2.49918076562766));
#5054=CARTESIAN_POINT('Ctrl Pts',(-266.005714258722,21.8933153507831,-1.48958079634921));
#5055=CARTESIAN_POINT('Ctrl Pts',(-271.243809490705,21.6335912153585,-0.647470202644449));
#5056=CARTESIAN_POINT('Ctrl Pts',(-275.95809520499,21.399971171831,0.109729569615095));
#5057=CARTESIAN_POINT('Ctrl Pts',(-253.958095211401,22.4962104082917,-3.46339914153528));
#5058=CARTESIAN_POINT('Ctrl Pts',(-254.219999973306,22.4829404628648,-3.42098272549079));
#5059=CARTESIAN_POINT('Ctrl Pts',(-254.743809497043,22.4563988555472,-3.33614075864838));
#5060=CARTESIAN_POINT('Ctrl Pts',(-255.79142854459,22.4033173510661,-3.16646592613751));
#5061=CARTESIAN_POINT('Ctrl Pts',(-257.624761877721,22.3104228879028,-2.86952522855795));
#5062=CARTESIAN_POINT('Ctrl Pts',(-259.719999972388,22.2042496720953,-2.53012124429142));
#5063=CARTESIAN_POINT('Ctrl Pts',(-266.0057142581,21.8857709301535,-1.51212698410676));
#5064=CARTESIAN_POINT('Ctrl Pts',(-271.243809490036,21.6202247537512,-0.663014926516234));
#5065=CARTESIAN_POINT('Ctrl Pts',(-275.958095204322,21.3813657360667,0.100480562284539));
#5066=CARTESIAN_POINT('Ctrl Pts',(-253.958095199735,22.5018572976331,-3.4996058271104));
#5067=CARTESIAN_POINT('Ctrl Pts',(-254.21999996164,22.4883175306358,-3.45686017835861));
#5068=CARTESIAN_POINT('Ctrl Pts',(-254.743809485368,22.4612360429382,-3.37135838466466));
#5069=CARTESIAN_POINT('Ctrl Pts',(-255.791428532904,22.4070750140641,-3.20036525488297));
#5070=CARTESIAN_POINT('Ctrl Pts',(-257.624761866006,22.3122911302374,-2.90111608533491));
#5071=CARTESIAN_POINT('Ctrl Pts',(-259.719999960592,22.2039574549164,-2.55906741082654));
#5072=CARTESIAN_POINT('Ctrl Pts',(-266.005714246303,21.8790029881389,-1.5331715246633));
#5073=CARTESIAN_POINT('Ctrl Pts',(-271.24380947736,21.6080400258659,-0.677358005386211));
#5074=CARTESIAN_POINT('Ctrl Pts',(-275.958095191646,21.3643242199134,0.0920636721460787));
#5075=CARTESIAN_POINT('Ctrl Pts',(-253.958095198968,22.5065369914057,-3.52893273930143));
#5076=CARTESIAN_POINT('Ctrl Pts',(-254.219999960873,22.4927775471949,-3.48591863470478));
#5077=CARTESIAN_POINT('Ctrl Pts',(-254.743809484599,22.4652566939935,-3.39987983826192));
#5078=CARTESIAN_POINT('Ctrl Pts',(-255.791428532135,22.4102169451478,-3.22781279370687));
#5079=CARTESIAN_POINT('Ctrl Pts',(-257.624761865235,22.3138952895593,-2.92668417620602));
#5080=CARTESIAN_POINT('Ctrl Pts',(-259.719999959816,22.2038041084274,-2.58248713067303));
#5081=CARTESIAN_POINT('Ctrl Pts',(-266.005714245527,21.8735773881927,-1.55014830149071));
#5082=CARTESIAN_POINT('Ctrl Pts',(-271.243809476527,21.5982199312852,-0.688957852687846));
#5083=CARTESIAN_POINT('Ctrl Pts',(-275.958095190812,21.35054993549,0.0852960300518891));
#5084=CARTESIAN_POINT('Ctrl Pts',(-253.958095198976,22.5066809852908,-3.52983483723039));
#5085=CARTESIAN_POINT('Ctrl Pts',(-254.21999996088,22.4929147811912,-3.48681247111918));
#5086=CARTESIAN_POINT('Ctrl Pts',(-254.743809484607,22.4653804082725,-3.40075715256792));
#5087=CARTESIAN_POINT('Ctrl Pts',(-255.791428532143,22.4103136199322,-3.22865706287875));
#5088=CARTESIAN_POINT('Ctrl Pts',(-257.624761865243,22.3139446452922,-2.92747061737497));
#5089=CARTESIAN_POINT('Ctrl Pts',(-259.719999959823,22.2037993855287,-2.5832074870487));
#5090=CARTESIAN_POINT('Ctrl Pts',(-266.005714245535,21.8734104279657,-1.5506703815448));
#5091=CARTESIAN_POINT('Ctrl Pts',(-271.243809476535,21.5979177784451,-0.689314781445434));
#5092=CARTESIAN_POINT('Ctrl Pts',(-275.95809519082,21.3501261046523,0.0850878085562858));
#5093=CARTESIAN_POINT('Ctrl Pts',(-253.958095198965,22.5069331905596,-3.53141401313861));
#5094=CARTESIAN_POINT('Ctrl Pts',(-254.21999996087,22.493155154169,-3.48837718625171));
#5095=CARTESIAN_POINT('Ctrl Pts',(-254.743809484597,22.4655971165222,-3.40229294494273));
#5096=CARTESIAN_POINT('Ctrl Pts',(-255.791428532133,22.4104829988712,-3.23013501094003));
#5097=CARTESIAN_POINT('Ctrl Pts',(-257.624761865233,22.3140311977818,-2.92884733660122));
#5098=CARTESIAN_POINT('Ctrl Pts',(-259.719999959813,22.2037912785295,-2.58446851047449));
#5099=CARTESIAN_POINT('Ctrl Pts',(-266.005714245525,21.873118345976,-1.55158434631767));
#5100=CARTESIAN_POINT('Ctrl Pts',(-271.243809476524,21.5973890381192,-0.689939427204336));
#5101=CARTESIAN_POINT('Ctrl Pts',(-275.95809519081,21.3493843830868,0.0847234567598229));
#5102=CARTESIAN_POINT('Ctrl Pts',(-253.958095198953,22.5074382603275,-3.53457318840457));
#5103=CARTESIAN_POINT('Ctrl Pts',(-254.219999960858,22.4936365506629,-3.49150742728988));
#5104=CARTESIAN_POINT('Ctrl Pts',(-254.743809484585,22.4660311661817,-3.40536531610731));
#5105=CARTESIAN_POINT('Ctrl Pts',(-255.791428532121,22.4108223551475,-3.23309164377021));
#5106=CARTESIAN_POINT('Ctrl Pts',(-257.624761865221,22.3142048403319,-2.93160142583414));
#5107=CARTESIAN_POINT('Ctrl Pts',(-259.719999959801,22.2037755326081,-2.58699111460655));
#5108=CARTESIAN_POINT('Ctrl Pts',(-266.005714245513,21.8725344414739,-1.55341252893996));
#5109=CARTESIAN_POINT('Ctrl Pts',(-271.243809476511,21.5963316435372,-0.691188803609811));
#5110=CARTESIAN_POINT('Ctrl Pts',(-275.958095190796,21.3479008695758,0.0839948964546418));
#5111=CARTESIAN_POINT('Ctrl Pts',(-253.958095198896,22.5081617745571,-3.53908924800221));
#5112=CARTESIAN_POINT('Ctrl Pts',(-254.219999960801,22.4943262207499,-3.49598211779604));
#5113=CARTESIAN_POINT('Ctrl Pts',(-254.743809484528,22.4666531468444,-3.40975726168767));
#5114=CARTESIAN_POINT('Ctrl Pts',(-255.791428532064,22.4113089580964,-3.23731810621703));
#5115=CARTESIAN_POINT('Ctrl Pts',(-257.624761865164,22.3144545310671,-2.93553828560714));
#5116=CARTESIAN_POINT('Ctrl Pts',(-259.719999959744,22.2037544611436,-2.59059696801645));
#5117=CARTESIAN_POINT('Ctrl Pts',(-266.005714245455,21.8717011105498,-1.55602552395146));
#5118=CARTESIAN_POINT('Ctrl Pts',(-271.243809476449,21.5948213320521,-0.692973838272732));
#5119=CARTESIAN_POINT('Ctrl Pts',(-275.958095190735,21.3457813635217,0.0829545054382151));
#5120=CARTESIAN_POINT('Ctrl Pts',(-253.958095198833,22.5090329608953,-3.54451203931034));
#5121=CARTESIAN_POINT('Ctrl Pts',(-254.219999960738,22.4951567548811,-3.50135521579592));
#5122=CARTESIAN_POINT('Ctrl Pts',(-254.743809484464,22.4674023752464,-3.41503096557315));
#5123=CARTESIAN_POINT('Ctrl Pts',(-255.791428532,22.4118955763504,-3.24239302934406));
#5124=CARTESIAN_POINT('Ctrl Pts',(-257.6247618651,22.3147565801595,-2.94026533441163));
#5125=CARTESIAN_POINT('Ctrl Pts',(-259.719999959679,22.2037312821182,-2.59492641071826));
#5126=CARTESIAN_POINT('Ctrl Pts',(-266.005714245391,21.8707022785183,-1.55916232702949));
#5127=CARTESIAN_POINT('Ctrl Pts',(-271.24380947638,21.593009343025,-0.695116131886888));
#5128=CARTESIAN_POINT('Ctrl Pts',(-275.958095190665,21.3432376347698,0.0817066913725248));
#5129=CARTESIAN_POINT('Ctrl Pts',(-253.958095198775,22.5101983631641,-3.55174634089311));
#5130=CARTESIAN_POINT('Ctrl Pts',(-254.21999996068,22.4962679029476,-3.50852319891361));
#5131=CARTESIAN_POINT('Ctrl Pts',(-254.743809484407,22.4684050137315,-3.422066304945));
#5132=CARTESIAN_POINT('Ctrl Pts',(-255.791428531942,22.412681196845,-3.24916308801484));
#5133=CARTESIAN_POINT('Ctrl Pts',(-257.624761865042,22.3151624179162,-2.94657114458775));
#5134=CARTESIAN_POINT('Ctrl Pts',(-259.719999959621,22.2037030768971,-2.60070161896327));
#5135=CARTESIAN_POINT('Ctrl Pts',(-266.005714245333,21.8693719724055,-1.56334589190715));
#5136=CARTESIAN_POINT('Ctrl Pts',(-271.243809476317,21.5905938519088,-0.697972742696978));
#5137=CARTESIAN_POINT('Ctrl Pts',(-275.958095190603,21.3398455680113,0.080043812933995));
#5138=CARTESIAN_POINT('Ctrl Pts',(-253.958095198515,22.5113698419396,-3.55898851865358));
#5139=CARTESIAN_POINT('Ctrl Pts',(-254.21999996042,22.4973850524185,-3.51569897676473));
#5140=CARTESIAN_POINT('Ctrl Pts',(-254.743809484146,22.4694134992564,-3.42910925237555));
#5141=CARTESIAN_POINT('Ctrl Pts',(-255.791428531682,22.4134723597952,-3.25594040509362));
#5142=CARTESIAN_POINT('Ctrl Pts',(-257.624761864781,22.3155732606695,-2.95288357591918));
#5143=CARTESIAN_POINT('Ctrl Pts',(-259.719999959358,22.2036792427646,-2.60648260761913));
#5144=CARTESIAN_POINT('Ctrl Pts',(-266.00571424507,21.8680442348034,-1.56753328181684));
#5145=CARTESIAN_POINT('Ctrl Pts',(-271.243809476035,21.5881790703153,-0.700829508864579));
#5146=CARTESIAN_POINT('Ctrl Pts',(-275.95809519032,21.3364528589362,0.0783822451347817));
#5147=CARTESIAN_POINT('Ctrl Pts',(-253.958095198445,22.5125463100861,-3.56623241020962));
#5148=CARTESIAN_POINT('Ctrl Pts',(-254.219999960349,22.4985071196597,-3.5228764062215));
#5149=CARTESIAN_POINT('Ctrl Pts',(-254.743809484076,22.4704267632388,-3.43615374933433));
#5150=CARTESIAN_POINT('Ctrl Pts',(-255.791428531611,22.4142680187028,-3.26271904532538));
#5151=CARTESIAN_POINT('Ctrl Pts',(-257.62476186471,22.3159881091522,-2.95919695802867));
#5152=CARTESIAN_POINT('Ctrl Pts',(-259.719999959287,22.2036588724876,-2.61226422692245));
#5153=CARTESIAN_POINT('Ctrl Pts',(-266.005714244998,21.8667182427535,-1.57171981048772));
#5154=CARTESIAN_POINT('Ctrl Pts',(-271.243809475958,21.5857649359286,-0.703686083481003));
#5155=CARTESIAN_POINT('Ctrl Pts',(-275.958095190244,21.3330595082525,0.0767219883052269));
#5156=CARTESIAN_POINT('Ctrl Pts',(-253.958095198375,22.5137262578481,-3.57347836446487));
#5157=CARTESIAN_POINT('Ctrl Pts',(-254.21999996028,22.4996326199873,-3.53005586330231));
#5158=CARTESIAN_POINT('Ctrl Pts',(-254.743809484006,22.471443367263,-3.44320020386344));
#5159=CARTESIAN_POINT('Ctrl Pts',(-255.791428531541,22.4150668315495,-3.26949950292376));
#5160=CARTESIAN_POINT('Ctrl Pts',(-257.62476186464,22.3164057859084,-2.96551191225133));
#5161=CARTESIAN_POINT('Ctrl Pts',(-259.719999959216,22.2036409583568,-2.6180471385059));
#5162=CARTESIAN_POINT('Ctrl Pts',(-266.005714244928,21.8653935901556,-1.57590678963783));
#5163=CARTESIAN_POINT('Ctrl Pts',(-271.243809475882,21.5833512115384,-0.706542415360252));
#5164=CARTESIAN_POINT('Ctrl Pts',(-275.958095190168,21.3296657300444,0.0750626055656883));
#5165=CARTESIAN_POINT('Ctrl Pts',(-253.958095198087,22.5149117188773,-3.5807291401927));
#5166=CARTESIAN_POINT('Ctrl Pts',(-254.219999959992,22.5007635655741,-3.53724009882783));
#5167=CARTESIAN_POINT('Ctrl Pts',(-254.743809483718,22.4724652760522,-3.45025132524154));
#5168=CARTESIAN_POINT('Ctrl Pts',(-255.791428531253,22.4158706726348,-3.27628442962576));
#5169=CARTESIAN_POINT('Ctrl Pts',(-257.624761864351,22.3168280022067,-2.97183096228914));
#5170=CARTESIAN_POINT('Ctrl Pts',(-259.719999958925,22.2036270040871,-2.62383359854222));
#5171=CARTESIAN_POINT('Ctrl Pts',(-266.005714244637,21.864071265091,-1.58009628380218));
#5172=CARTESIAN_POINT('Ctrl Pts',(-271.243809475569,21.5809380703256,-0.7093982104412));
#5173=CARTESIAN_POINT('Ctrl Pts',(-275.958095189855,21.3262713108691,0.0734045341265273));
#5174=CARTESIAN_POINT('Ctrl Pts',(-253.958095198019,22.5161015005358,-3.58797807463237));
#5175=CARTESIAN_POINT('Ctrl Pts',(-254.219999959924,22.5018987674329,-3.54442246911078));
#5176=CARTESIAN_POINT('Ctrl Pts',(-254.74380948365,22.4734913169129,-3.45730055924549));
#5177=CARTESIAN_POINT('Ctrl Pts',(-255.791428531185,22.4166783928927,-3.283067399008));
#5178=CARTESIAN_POINT('Ctrl Pts',(-257.624761864282,22.3172536599185,-2.97814796008942));
#5179=CARTESIAN_POINT('Ctrl Pts',(-259.719999958856,22.2036160122769,-2.62961801973225));
#5180=CARTESIAN_POINT('Ctrl Pts',(-266.005714244568,21.8627503580444,-1.5842831649912));
#5181=CARTESIAN_POINT('Ctrl Pts',(-271.243809475495,21.5785254472909,-0.712253125071184));
#5182=CARTESIAN_POINT('Ctrl Pts',(-275.958095189781,21.3228762514387,0.0717477743173762));
#5183=CARTESIAN_POINT('Ctrl Pts',(-253.958095197914,22.5172944315759,-3.59522737305221));
#5184=CARTESIAN_POINT('Ctrl Pts',(-254.219999959818,22.503037077001,-3.55160519373133));
#5185=CARTESIAN_POINT('Ctrl Pts',(-254.743809483544,22.4745203813724,-3.46435012395603));
#5186=CARTESIAN_POINT('Ctrl Pts',(-255.791428531079,22.4174889692917,-3.28985065616469));
#5187=CARTESIAN_POINT('Ctrl Pts',(-257.624761864177,22.3176818799034,-2.98446516589879));
#5188=CARTESIAN_POINT('Ctrl Pts',(-259.71999995875,22.2036072432687,-2.63540253722479));
#5189=CARTESIAN_POINT('Ctrl Pts',(-266.005714244461,21.8614306736436,-1.58846991092995));
#5190=CARTESIAN_POINT('Ctrl Pts',(-271.243809475381,21.5761131477293,-0.715107338737522));
#5191=CARTESIAN_POINT('Ctrl Pts',(-275.958095189667,21.3194807653815,0.0700918890382831));
#5192=CARTESIAN_POINT('Ctrl Pts',(-253.958095197646,22.518791440154,-3.60428944309169));
#5193=CARTESIAN_POINT('Ctrl Pts',(-254.219999959551,22.504465732921,-3.56058404030128));
#5194=CARTESIAN_POINT('Ctrl Pts',(-254.743809483276,22.4758123264758,-3.47316249233223));
#5195=CARTESIAN_POINT('Ctrl Pts',(-255.791428530811,22.4185074982421,-3.29833009929319));
#5196=CARTESIAN_POINT('Ctrl Pts',(-257.624761863908,22.3182219247208,-2.99236195651592));
#5197=CARTESIAN_POINT('Ctrl Pts',(-259.719999958479,22.2036004230727,-2.64263329149242));
#5198=CARTESIAN_POINT('Ctrl Pts',(-266.005714244191,21.8597833894875,-1.59370330098757));
#5199=CARTESIAN_POINT('Ctrl Pts',(-271.24380947509,21.5730983384952,-0.718673577837981));
#5200=CARTESIAN_POINT('Ctrl Pts',(-275.958095189376,21.3152356083015,0.0680236723893477));
#5201=CARTESIAN_POINT('Ctrl Pts',(-253.95809519735,22.5201450712886,-3.61244222013075));
#5202=CARTESIAN_POINT('Ctrl Pts',(-254.219999959254,22.5057577613175,-3.56866193706158));
#5203=CARTESIAN_POINT('Ctrl Pts',(-254.74380948298,22.4769811433023,-3.48109059398319));
#5204=CARTESIAN_POINT('Ctrl Pts',(-255.791428530514,22.4194298980001,-3.30595864515028));
#5205=CARTESIAN_POINT('Ctrl Pts',(-257.62476186361,22.3187130881107,-2.99946624289));
#5206=CARTESIAN_POINT('Ctrl Pts',(-259.719999958179,22.2035987160891,-2.64913826081842));
#5207=CARTESIAN_POINT('Ctrl Pts',(-266.005714243891,21.858303216606,-1.59841114258285));
#5208=CARTESIAN_POINT('Ctrl Pts',(-271.243809474768,21.5703855880218,-0.721880849405792));
#5209=CARTESIAN_POINT('Ctrl Pts',(-275.958095189054,21.3114140085423,0.0661642458391095));
#5210=CARTESIAN_POINT('Ctrl Pts',(-253.958095197303,22.5209365230852,-3.61719433657551));
#5211=CARTESIAN_POINT('Ctrl Pts',(-254.219999959208,22.5065132491506,-3.57337039120258));
#5212=CARTESIAN_POINT('Ctrl Pts',(-254.743809482933,22.477664702251,-3.48571171808827));
#5213=CARTESIAN_POINT('Ctrl Pts',(-255.791428530468,22.4199696001336,-3.31040511459195));
#5214=CARTESIAN_POINT('Ctrl Pts',(-257.624761863564,22.3190010397969,-3.00360706088226));
#5215=CARTESIAN_POINT('Ctrl Pts',(-259.719999958132,22.2035989484513,-2.65292973720442));
#5216=CARTESIAN_POINT('Ctrl Pts',(-266.005714243844,21.8574403138151,-1.60115472351483));
#5217=CARTESIAN_POINT('Ctrl Pts',(-271.243809474718,21.5688033238088,-0.723750718523381));
#5218=CARTESIAN_POINT('Ctrl Pts',(-275.958095189003,21.3091843929861,0.0650802981894144));
#5219=CARTESIAN_POINT('Ctrl Pts',(-253.958095197301,22.5211627761882,-3.61855178523408));
#5220=CARTESIAN_POINT('Ctrl Pts',(-254.219999959205,22.5067292247997,-3.57471536637381));
#5221=CARTESIAN_POINT('Ctrl Pts',(-254.743809482931,22.4778601229424,-3.48703174600421));
#5222=CARTESIAN_POINT('Ctrl Pts',(-255.791428530465,22.4201239109593,-3.3116752482769));
#5223=CARTESIAN_POINT('Ctrl Pts',(-257.624761863561,22.3190834083045,-3.00478987936373));
#5224=CARTESIAN_POINT('Ctrl Pts',(-259.71999995813,22.2035990969312,-2.65401276555521));
#5225=CARTESIAN_POINT('Ctrl Pts',(-266.005714243842,21.8571938033993,-1.60193838816111));
#5226=CARTESIAN_POINT('Ctrl Pts',(-271.243809474715,21.5683512600394,-0.724284889346571));
#5227=CARTESIAN_POINT('Ctrl Pts',(-275.958095189001,21.3085473350461,0.0647706501382763));
#5228=CARTESIAN_POINT('Ctrl Pts',(-253.958095197299,22.5213136508947,-3.61945670674793));
#5229=CARTESIAN_POINT('Ctrl Pts',(-254.219999959204,22.5068732473296,-3.57561197263097));
#5230=CARTESIAN_POINT('Ctrl Pts',(-254.743809482929,22.4779904410803,-3.48791172152902));
#5231=CARTESIAN_POINT('Ctrl Pts',(-255.791428530464,22.420226820352,-3.31252196255516));
#5232=CARTESIAN_POINT('Ctrl Pts',(-257.624761863559,22.3191383523517,-3.00557838622705));
#5233=CARTESIAN_POINT('Ctrl Pts',(-259.719999958128,22.2035992232581,-2.65473474862338));
#5234=CARTESIAN_POINT('Ctrl Pts',(-266.00571424384,21.857029477486,-1.60246080506206));
#5235=CARTESIAN_POINT('Ctrl Pts',(-271.243809474713,21.5680498872791,-0.724640982326955));
#5236=CARTESIAN_POINT('Ctrl Pts',(-275.958095188999,21.3081226231066,0.06456423177836));
#5237=CARTESIAN_POINT('Ctrl Pts',(-253.958095197293,22.5215777875532,-3.62104021926926));
#5238=CARTESIAN_POINT('Ctrl Pts',(-254.219999959198,22.5071253912672,-3.57718093453605));
#5239=CARTESIAN_POINT('Ctrl Pts',(-254.743809482923,22.4782185994601,-3.48945158154727));
#5240=CARTESIAN_POINT('Ctrl Pts',(-255.791428530458,22.4204070077317,-3.31400361945168));
#5241=CARTESIAN_POINT('Ctrl Pts',(-257.624761863554,22.3192345903576,-3.0069581869628));
#5242=CARTESIAN_POINT('Ctrl Pts',(-259.719999958122,22.2035995185738,-2.65599813922473));
#5243=CARTESIAN_POINT('Ctrl Pts',(-266.005714243834,21.8567419474966,-1.60337498085368));
#5244=CARTESIAN_POINT('Ctrl Pts',(-271.243809474707,21.5675224929158,-0.725264089654052));
#5245=CARTESIAN_POINT('Ctrl Pts',(-275.958095188993,21.3073793597671,0.0642030355437801));
#5246=CARTESIAN_POINT('Ctrl Pts',(-253.958095197269,22.5219554464708,-3.62330219852083));
#5247=CARTESIAN_POINT('Ctrl Pts',(-254.219999959174,22.5074859137288,-3.57942213047422));
#5248=CARTESIAN_POINT('Ctrl Pts',(-254.743809482899,22.4785448484904,-3.49165120792919));
#5249=CARTESIAN_POINT('Ctrl Pts',(-255.791428530433,22.4206647104168,-3.31612010963979));
#5250=CARTESIAN_POINT('Ctrl Pts',(-257.624761863529,22.3193723363845,-3.00892918568796));
#5251=CARTESIAN_POINT('Ctrl Pts',(-259.719999958098,22.2036001688213,-2.65780284814244));
#5252=CARTESIAN_POINT('Ctrl Pts',(-266.005714243809,21.8563313227856,-1.60468089016161));
#5253=CARTESIAN_POINT('Ctrl Pts',(-271.24380947468,21.5667690945143,-0.726154081354905));
#5254=CARTESIAN_POINT('Ctrl Pts',(-275.958095188966,21.3063175051585,0.0636871434840945));
#5255=CARTESIAN_POINT('Ctrl Pts',(-253.95809519725,22.5225602548228,-3.62692025502713));
#5256=CARTESIAN_POINT('Ctrl Pts',(-254.219999959155,22.5080632953859,-3.58300694144834));
#5257=CARTESIAN_POINT('Ctrl Pts',(-254.74380948288,22.4790673763557,-3.49516952557424));
#5258=CARTESIAN_POINT('Ctrl Pts',(-255.791428530414,22.4210775310991,-3.31950544288309));
#5259=CARTESIAN_POINT('Ctrl Pts',(-257.62476186351,22.3195931690678,-3.01208179381326));
#5260=CARTESIAN_POINT('Ctrl Pts',(-259.719999958078,22.2036015847478,-2.66068947399722));
#5261=CARTESIAN_POINT('Ctrl Pts',(-266.00571424379,21.8556744980231,-1.606769623176));
#5262=CARTESIAN_POINT('Ctrl Pts',(-271.243809474659,21.5655637013602,-0.727577709418781));
#5263=CARTESIAN_POINT('Ctrl Pts',(-275.958095188945,21.3046184314966,0.0628619349993473));
#5264=CARTESIAN_POINT('Ctrl Pts',(-253.958095197135,22.5233175486451,-3.63144213869356));
#5265=CARTESIAN_POINT('Ctrl Pts',(-254.21999995904,22.5087862904544,-3.58748728422957));
#5266=CARTESIAN_POINT('Ctrl Pts',(-254.743809482765,22.4797217714843,-3.49956677290456));
#5267=CARTESIAN_POINT('Ctrl Pts',(-255.791428530299,22.4215947287713,-3.3237365129418));
#5268=CARTESIAN_POINT('Ctrl Pts',(-257.624761863394,22.3198702685979,-3.01602203905871));
#5269=CARTESIAN_POINT('Ctrl Pts',(-259.719999957962,22.2036042749026,-2.66429728334936));
#5270=CARTESIAN_POINT('Ctrl Pts',(-266.005714243674,21.8548540180125,-1.60938045087101));
#5271=CARTESIAN_POINT('Ctrl Pts',(-271.243809474535,21.5640570376039,-0.729356545662619));
#5272=CARTESIAN_POINT('Ctrl Pts',(-275.95809518882,21.3024943901713,0.0618308346893395));
#5273=CARTESIAN_POINT('Ctrl Pts',(-253.958095197132,22.5251378184469,-3.64228505732834));
#5274=CARTESIAN_POINT('Ctrl Pts',(-254.219999959037,22.5105241959661,-3.59823056527785));
#5275=CARTESIAN_POINT('Ctrl Pts',(-254.743809482762,22.4812949483567,-3.51011077843774));
#5276=CARTESIAN_POINT('Ctrl Pts',(-255.791428530296,22.4228384484239,-3.33388196778564));
#5277=CARTESIAN_POINT('Ctrl Pts',(-257.624761863392,22.3205374380529,-3.02547002983138));
#5278=CARTESIAN_POINT('Ctrl Pts',(-259.719999957959,22.2036125295671,-2.67294817070891));
#5279=CARTESIAN_POINT('Ctrl Pts',(-266.005714243671,21.8528855297117,-1.61564003614451));
#5280=CARTESIAN_POINT('Ctrl Pts',(-271.243809474531,21.5604412584375,-0.733623349852771));
#5281=CARTESIAN_POINT('Ctrl Pts',(-275.958095188817,21.2973960537822,0.0593575070559979));
#5282=CARTESIAN_POINT('Ctrl Pts',(-253.958095195551,22.5267407799941,-3.6517753661829));
#5283=CARTESIAN_POINT('Ctrl Pts',(-254.219999957456,22.5120549895901,-3.60763384395006));
#5284=CARTESIAN_POINT('Ctrl Pts',(-254.743809481179,22.4826813727327,-3.51933980928863));
#5285=CARTESIAN_POINT('Ctrl Pts',(-255.791428528712,22.4239361675829,-3.34276268976141));
#5286=CARTESIAN_POINT('Ctrl Pts',(-257.624761861804,22.3211298874646,-3.03374101138458));
#5287=CARTESIAN_POINT('Ctrl Pts',(-259.71999995636,22.2036273699222,-2.68052141981259));
#5288=CARTESIAN_POINT('Ctrl Pts',(-266.005714242072,21.8511683389072,-1.62112455522618));
#5289=CARTESIAN_POINT('Ctrl Pts',(-271.243809472813,21.5572778433769,-0.737351182023827));
#5290=CARTESIAN_POINT('Ctrl Pts',(-275.958095187099,21.2929336161063,0.0571962181671485));
#5291=CARTESIAN_POINT('Ctrl Pts',(-253.958095195465,22.5281160993835,-3.65987872591096));
#5292=CARTESIAN_POINT('Ctrl Pts',(-254.21999995737,22.513368391101,-3.61566277605713));
#5293=CARTESIAN_POINT('Ctrl Pts',(-254.743809481094,22.4838709366919,-3.52721987600937));
#5294=CARTESIAN_POINT('Ctrl Pts',(-255.791428528627,22.4248780582266,-3.35034503581655));
#5295=CARTESIAN_POINT('Ctrl Pts',(-257.624761861718,22.3216383478927,-3.04080233545768));
#5296=CARTESIAN_POINT('Ctrl Pts',(-259.719999956274,22.2036404730485,-2.68698724223192));
#5297=CARTESIAN_POINT('Ctrl Pts',(-266.005714241986,21.8496954128935,-1.62580411443597));
#5298=CARTESIAN_POINT('Ctrl Pts',(-271.24380947272,21.5545664058272,-0.740541318459091));
#5299=CARTESIAN_POINT('Ctrl Pts',(-275.958095187006,21.2891076567421,0.0553457789098884));
#5300=CARTESIAN_POINT('Ctrl Pts',(-253.958095195463,22.5283453711606,-3.66122881860433));
#5301=CARTESIAN_POINT('Ctrl Pts',(-254.219999957368,22.5135873420815,-3.61700046752908));
#5302=CARTESIAN_POINT('Ctrl Pts',(-254.743809481092,22.4840692460324,-3.52853276478888));
#5303=CARTESIAN_POINT('Ctrl Pts',(-255.791428528625,22.4250350843336,-3.35160831945984));
#5304=CARTESIAN_POINT('Ctrl Pts',(-257.624761861716,22.3217231282914,-3.04197880984644));
#5305=CARTESIAN_POINT('Ctrl Pts',(-259.719999956272,22.2036426867022,-2.68806450486402));
#5306=CARTESIAN_POINT('Ctrl Pts',(-266.005714241983,21.8494499274268,-1.62658374774639));
#5307=CARTESIAN_POINT('Ctrl Pts',(-271.243809472718,21.5541145004154,-0.741072905925998));
#5308=CARTESIAN_POINT('Ctrl Pts',(-275.958095187004,21.2884699769912,0.0550374134286079));
#5309=CARTESIAN_POINT('Ctrl Pts',(-253.958095195455,22.5285747309651,-3.66257864806931));
#5310=CARTESIAN_POINT('Ctrl Pts',(-254.21999995736,22.5138063799493,-3.61833789924727));
#5311=CARTESIAN_POINT('Ctrl Pts',(-254.743809481084,22.4842676398571,-3.52984540005702));
#5312=CARTESIAN_POINT('Ctrl Pts',(-255.791428528617,22.4251921902413,-3.35287136278085));
#5313=CARTESIAN_POINT('Ctrl Pts',(-257.624761861708,22.3218079801633,-3.04315506624004));
#5314=CARTESIAN_POINT('Ctrl Pts',(-259.719999956264,22.2036449617312,-2.68914157167567));
#5315=CARTESIAN_POINT('Ctrl Pts',(-266.005714241975,21.84920447597,-1.62736326860645));
#5316=CARTESIAN_POINT('Ctrl Pts',(-271.243809472709,21.5536625956691,-0.741604389786472));
#5317=CARTESIAN_POINT('Ctrl Pts',(-275.958095186995,21.2878322773844,0.0547290890102172));
#5318=CARTESIAN_POINT('Ctrl Pts',(-253.958095195442,22.5290335926977,-3.66527759307611));
#5319=CARTESIAN_POINT('Ctrl Pts',(-254.219999957347,22.5142445955661,-3.62101205582562));
#5320=CARTESIAN_POINT('Ctrl Pts',(-254.743809481071,22.4846645629693,-3.53246997825417));
#5321=CARTESIAN_POINT('Ctrl Pts',(-255.791428528604,22.4255065286163,-3.3553967857343));
#5322=CARTESIAN_POINT('Ctrl Pts',(-257.624761861695,22.3219777949571,-3.0455069658916));
#5323=CARTESIAN_POINT('Ctrl Pts',(-259.719999956251,22.2036496054268,-2.69129515177559));
#5324=CARTESIAN_POINT('Ctrl Pts',(-266.005714241962,21.8487136128786,-1.62892192637782));
#5325=CARTESIAN_POINT('Ctrl Pts',(-271.243809472696,21.5527587868346,-0.742667148206916));
#5326=CARTESIAN_POINT('Ctrl Pts',(-275.958095186981,21.2865568384657,0.0541125223017595));
#5327=CARTESIAN_POINT('Ctrl Pts',(-253.958095195335,22.5297226194491,-3.66932447011639));
#5328=CARTESIAN_POINT('Ctrl Pts',(-254.219999957239,22.514902644844,-3.62502177727954));
#5329=CARTESIAN_POINT('Ctrl Pts',(-254.743809480963,22.485260655006,-3.53640537569948));
#5330=CARTESIAN_POINT('Ctrl Pts',(-255.791428528496,22.4259787084566,-3.35918354795107));
#5331=CARTESIAN_POINT('Ctrl Pts',(-257.624761861587,22.3222331260068,-3.04903360277113));
#5332=CARTESIAN_POINT('Ctrl Pts',(-259.719999956142,22.2036570984401,-2.69452444187042));
#5333=CARTESIAN_POINT('Ctrl Pts',(-266.005714241853,21.8479776464608,-1.63125948201307));
#5334=CARTESIAN_POINT('Ctrl Pts',(-271.243809472578,21.5514030740953,-0.744260490833475));
#5335=CARTESIAN_POINT('Ctrl Pts',(-275.958095186864,21.284643531205,0.0531879802299436));
#5336=CARTESIAN_POINT('Ctrl Pts',(-253.958095195235,22.5306423150763,-3.67471390667781));
#5337=CARTESIAN_POINT('Ctrl Pts',(-254.219999957139,22.5157810204747,-3.63036173527517));
#5338=CARTESIAN_POINT('Ctrl Pts',(-254.743809480863,22.4860563885171,-3.54164636468412));
#5339=CARTESIAN_POINT('Ctrl Pts',(-255.791428528396,22.4266091598471,-3.3642266107495));
#5340=CARTESIAN_POINT('Ctrl Pts',(-257.624761861486,22.3225743314189,-3.05373028207626));
#5341=CARTESIAN_POINT('Ctrl Pts',(-259.719999956041,22.2036677269658,-2.6988251981628));
#5342=CARTESIAN_POINT('Ctrl Pts',(-266.005714241752,21.8469965950055,-1.63437275236903));
#5343=CARTESIAN_POINT('Ctrl Pts',(-271.24380947247,21.5495954402579,-0.746383170651055));
#5344=CARTESIAN_POINT('Ctrl Pts',(-275.958095186756,21.2820921374298,0.0519559145963473));
#5345=CARTESIAN_POINT('Ctrl Pts',(-253.958095195126,22.5315630288924,-3.68009718015853));
#5346=CARTESIAN_POINT('Ctrl Pts',(-254.219999957031,22.5166603986033,-3.63569559689484));
#5347=CARTESIAN_POINT('Ctrl Pts',(-254.743809480755,22.4868530929675,-3.54688138971523));
#5348=CARTESIAN_POINT('Ctrl Pts',(-255.791428528287,22.4272405192359,-3.36926397542265));
#5349=CARTESIAN_POINT('Ctrl Pts',(-257.624761861378,22.322916334494,-3.05842172740307));
#5350=CARTESIAN_POINT('Ctrl Pts',(-259.719999955931,22.2036790262224,-2.70312124626418));
#5351=CARTESIAN_POINT('Ctrl Pts',(-266.005714241643,21.8460158376922,-1.63748291541757));
#5352=CARTESIAN_POINT('Ctrl Pts',(-271.243809472352,21.5477877715954,-0.748503992573047));
#5353=CARTESIAN_POINT('Ctrl Pts',(-275.958095186638,21.279540426392,0.0507245061733501));
#5354=CARTESIAN_POINT('Ctrl Pts',(-253.958095195011,22.5323311073582,-3.68457801042739));
#5355=CARTESIAN_POINT('Ctrl Pts',(-254.219999956915,22.5173940184309,-3.64013530991915));
#5356=CARTESIAN_POINT('Ctrl Pts',(-254.743809480639,22.4875177930547,-3.55123885450115));
#5357=CARTESIAN_POINT('Ctrl Pts',(-255.791428528171,22.4277673822972,-3.37345695743053));
#5358=CARTESIAN_POINT('Ctrl Pts',(-257.624761861261,22.3232019801325,-3.06232684988806));
#5359=CARTESIAN_POINT('Ctrl Pts',(-259.719999955814,22.2036889831572,-2.7066973214338));
#5360=CARTESIAN_POINT('Ctrl Pts',(-266.005714241526,21.8451987872356,-1.6400721763038));
#5361=CARTESIAN_POINT('Ctrl Pts',(-271.243809472226,21.5462813369724,-0.750269728917255));
#5362=CARTESIAN_POINT('Ctrl Pts',(-275.958095186512,21.277413736281,0.0496988802311086));
#5363=CARTESIAN_POINT('Ctrl Pts',(-253.958095194979,22.5329458563115,-3.68815844916458));
#5364=CARTESIAN_POINT('Ctrl Pts',(-254.219999956884,22.5179811936418,-3.64368289266617));
#5365=CARTESIAN_POINT('Ctrl Pts',(-254.743809480607,22.4880498201203,-3.55472072158156));
#5366=CARTESIAN_POINT('Ctrl Pts',(-255.79142852814,22.4281891137304,-3.37680739685045));
#5367=CARTESIAN_POINT('Ctrl Pts',(-257.62476186123,22.3234306935045,-3.0654472869713));
#5368=CARTESIAN_POINT('Ctrl Pts',(-259.719999955782,22.2036971013361,-2.70955488127573));
#5369=CARTESIAN_POINT('Ctrl Pts',(-266.005714241494,21.8445451355784,-1.64214119227088));
#5370=CARTESIAN_POINT('Ctrl Pts',(-271.243809472193,21.5450761537893,-0.751681308806988));
#5371=CARTESIAN_POINT('Ctrl Pts',(-275.958095186478,21.2757122257357,0.0488787081642497));
#5372=CARTESIAN_POINT('Ctrl Pts',(-253.95809519491,22.5338684222975,-3.69352577980689));
#5373=CARTESIAN_POINT('Ctrl Pts',(-254.219999956814,22.5188623924376,-3.64900097823385));
#5374=CARTESIAN_POINT('Ctrl Pts',(-254.743809480538,22.4888482830526,-3.55994030873507));
#5375=CARTESIAN_POINT('Ctrl Pts',(-255.79142852807,22.4288221064133,-3.38182999541013));
#5376=CARTESIAN_POINT('Ctrl Pts',(-257.62476186116,22.3237741116694,-3.07012514667869));
#5377=CARTESIAN_POINT('Ctrl Pts',(-259.719999955712,22.2037095701829,-2.7138387146489));
#5378=CARTESIAN_POINT('Ctrl Pts',(-266.005714241424,21.8435647918157,-1.6452431436037));
#5379=CARTESIAN_POINT('Ctrl Pts',(-271.243809472117,21.5432683389736,-0.753797649543463));
#5380=CARTESIAN_POINT('Ctrl Pts',(-275.958095186403,21.2731598014964,0.0476487787713479));
#5381=CARTESIAN_POINT('Ctrl Pts',(-253.958095194475,22.5352543611466,-3.70156679523862));
#5382=CARTESIAN_POINT('Ctrl Pts',(-254.21999995638,22.5201862567912,-3.65696827611715));
#5383=CARTESIAN_POINT('Ctrl Pts',(-254.743809480103,22.4900479891711,-3.56776012000415));
#5384=CARTESIAN_POINT('Ctrl Pts',(-255.791428527635,22.4297735052716,-3.38935488477876));
#5385=CARTESIAN_POINT('Ctrl Pts',(-257.624761860724,22.3242909629654,-3.07713386778687));
#5386=CARTESIAN_POINT('Ctrl Pts',(-259.719999955272,22.20372975199,-2.72025728561133));
#5387=CARTESIAN_POINT('Ctrl Pts',(-266.005714240984,21.8420951854509,-1.6498924918523));
#5388=CARTESIAN_POINT('Ctrl Pts',(-271.243809471644,21.5405564495933,-0.75696822677514));
#5389=CARTESIAN_POINT('Ctrl Pts',(-275.95809518593,21.269330571196,0.0458051174113575));
#5390=CARTESIAN_POINT('Ctrl Pts',(-253.95809519392,22.53710452387,-3.7122553801129));
#5391=CARTESIAN_POINT('Ctrl Pts',(-254.219999955824,22.5219536111181,-3.66755892618155));
#5392=CARTESIAN_POINT('Ctrl Pts',(-254.743809479547,22.491649714906,-3.5781548347726));
#5393=CARTESIAN_POINT('Ctrl Pts',(-255.791428527078,22.4310439855781,-3.39935779439007));
#5394=CARTESIAN_POINT('Ctrl Pts',(-257.624761860166,22.3249817511905,-3.08645104834051));
#5395=CARTESIAN_POINT('Ctrl Pts',(-259.719999954711,22.2037579791959,-2.72879046531122));
#5396=CARTESIAN_POINT('Ctrl Pts',(-266.005714240422,21.8401360107857,-1.65607523413715));
#5397=CARTESIAN_POINT('Ctrl Pts',(-271.243809471041,21.5369400946701,-0.761186638024966));
#5398=CARTESIAN_POINT('Ctrl Pts',(-275.958095185327,21.2642236651361,0.0433495327393098));
#5399=CARTESIAN_POINT('Ctrl Pts',(-253.958095193584,22.5395727032775,-3.72645493320546));
#5400=CARTESIAN_POINT('Ctrl Pts',(-254.219999955488,22.5243113337508,-3.68162841944604));
#5401=CARTESIAN_POINT('Ctrl Pts',(-254.743809479211,22.4937865168485,-3.59196416859896));
#5402=CARTESIAN_POINT('Ctrl Pts',(-255.791428526742,22.4327389532546,-3.41264684897593));
#5403=CARTESIAN_POINT('Ctrl Pts',(-257.624761859828,22.3259035012873,-3.09882957183466));
#5404=CARTESIAN_POINT('Ctrl Pts',(-259.719999954371,22.2037960182998,-2.74012819376321));
#5405=CARTESIAN_POINT('Ctrl Pts',(-266.005714240083,21.8375230870792,-1.66429152551741));
#5406=CARTESIAN_POINT('Ctrl Pts',(-271.243809470676,21.5321174228292,-0.766798319658182));
#5407=CARTESIAN_POINT('Ctrl Pts',(-275.958095184962,21.2574127713486,0.0400789280112835));
#5408=CARTESIAN_POINT('Ctrl Pts',(-253.958095191517,22.5415833430093,-3.7379507540437));
#5409=CARTESIAN_POINT('Ctrl Pts',(-254.219999953422,22.5262321852,-3.69301925618545));
#5410=CARTESIAN_POINT('Ctrl Pts',(-254.743809477142,22.4955277478451,-3.60314479307397));
#5411=CARTESIAN_POINT('Ctrl Pts',(-255.791428524672,22.4341209870721,-3.42340729209169));
#5412=CARTESIAN_POINT('Ctrl Pts',(-257.624761857753,22.3266568932427,-3.10885443731541));
#5413=CARTESIAN_POINT('Ctrl Pts',(-259.719999952282,22.2038307549226,-2.74931124519776));
#5414=CARTESIAN_POINT('Ctrl Pts',(-266.005714237993,21.835402903599,-1.6709549512293));
#5415=CARTESIAN_POINT('Ctrl Pts',(-271.243809468431,21.528197708268,-0.771341123139515));
#5416=CARTESIAN_POINT('Ctrl Pts',(-275.958095182716,21.2518768677015,0.0374258383089167));
#5417=CARTESIAN_POINT('Ctrl Pts',(-253.958095191378,22.5431265102862,-3.7467356017546));
#5418=CARTESIAN_POINT('Ctrl Pts',(-254.219999953283,22.527706275756,-3.70172380804424));
#5419=CARTESIAN_POINT('Ctrl Pts',(-254.743809477003,22.4968636820031,-3.61168873673477));
#5420=CARTESIAN_POINT('Ctrl Pts',(-255.791428524532,22.4351806113795,-3.43163003578963));
#5421=CARTESIAN_POINT('Ctrl Pts',(-257.624761857613,22.3272329721592,-3.11651506349052));
#5422=CARTESIAN_POINT('Ctrl Pts',(-259.719999952141,22.2038541965597,-2.75632937336807));
#5423=CARTESIAN_POINT('Ctrl Pts',(-266.005714237852,21.8337685038448,-1.67604597845205));
#5424=CARTESIAN_POINT('Ctrl Pts',(-271.243809468279,21.5251815204715,-0.774824818201145));
#5425=CARTESIAN_POINT('Ctrl Pts',(-275.958095182565,21.2476172989283,0.0353874685853973));
#5426=CARTESIAN_POINT('Ctrl Pts',(-253.958095191352,22.5435122491746,-3.74892938193921));
#5427=CARTESIAN_POINT('Ctrl Pts',(-254.219999953257,22.5280747450839,-3.7038975402693));
#5428=CARTESIAN_POINT('Ctrl Pts',(-254.743809476977,22.4971976116663,-3.6138223700359));
#5429=CARTESIAN_POINT('Ctrl Pts',(-255.791428524507,22.435445462255,-3.43368347423669));
#5430=CARTESIAN_POINT('Ctrl Pts',(-257.624761857588,22.3273769345765,-3.11842815773881));
#5431=CARTESIAN_POINT('Ctrl Pts',(-259.719999952115,22.203859998168,-2.75808206004015));
#5432=CARTESIAN_POINT('Ctrl Pts',(-266.005714237826,21.8333598359854,-1.6773175140045));
#5433=CARTESIAN_POINT('Ctrl Pts',(-271.243809468251,21.5244274147477,-0.775695136756003));
#5434=CARTESIAN_POINT('Ctrl Pts',(-275.958095182537,21.2465523411161,0.0348780133023822));
#5435=CARTESIAN_POINT('Ctrl Pts',(-253.95809519134,22.5438207983993,-3.75068289898603));
#5436=CARTESIAN_POINT('Ctrl Pts',(-254.219999953244,22.5283694784956,-3.70563503485376));
#5437=CARTESIAN_POINT('Ctrl Pts',(-254.743809476965,22.4974647131826,-3.61552781819194));
#5438=CARTESIAN_POINT('Ctrl Pts',(-255.791428524494,22.4356573002488,-3.43532483103407));
#5439=CARTESIAN_POINT('Ctrl Pts',(-257.624761857575,22.3274920611189,-3.11995735305509));
#5440=CARTESIAN_POINT('Ctrl Pts',(-259.719999952102,22.2038645960653,-2.75948306369746));
#5441=CARTESIAN_POINT('Ctrl Pts',(-266.005714237813,21.8330328543598,-1.6783339785199));
#5442=CARTESIAN_POINT('Ctrl Pts',(-271.243809468237,21.5238240937734,-0.776391023011087));
#5443=CARTESIAN_POINT('Ctrl Pts',(-275.958095182523,21.2457003355057,0.0344705313697644));
#5444=CARTESIAN_POINT('Ctrl Pts',(-253.958095191332,22.5441293179876,-3.75243540473669));
#5445=CARTESIAN_POINT('Ctrl Pts',(-254.219999953237,22.5286641821834,-3.70737152880092));
#5446=CARTESIAN_POINT('Ctrl Pts',(-254.743809476957,22.4977317849093,-3.61723228764791));
#5447=CARTESIAN_POINT('Ctrl Pts',(-255.791428524486,22.4358691082129,-3.4369652523886));
#5448=CARTESIAN_POINT('Ctrl Pts',(-257.624761857567,22.3276071573275,-3.12148568928926));
#5449=CARTESIAN_POINT('Ctrl Pts',(-259.719999952094,22.203869163796,-2.76088329847093));
#5450=CARTESIAN_POINT('Ctrl Pts',(-266.005714237806,21.8327058404746,-1.67934992998279));
#5451=CARTESIAN_POINT('Ctrl Pts',(-271.243809468229,21.5232207481345,-0.777086662542454));
#5452=CARTESIAN_POINT('Ctrl Pts',(-275.958095182515,21.2448483036584,0.0340631043013633));
#5453=CARTESIAN_POINT('Ctrl Pts',(-253.958095191296,22.5444378652487,-3.75418679812829));
#5454=CARTESIAN_POINT('Ctrl Pts',(-254.219999953201,22.5289589134445,-3.70910692653783));
#5455=CARTESIAN_POINT('Ctrl Pts',(-254.743809476921,22.4979988834152,-3.61893568988075));
#5456=CARTESIAN_POINT('Ctrl Pts',(-255.791428524451,22.4360809419607,-3.43860466779255));
#5457=CARTESIAN_POINT('Ctrl Pts',(-257.624761857531,22.3277222769435,-3.12301312326973));
#5458=CARTESIAN_POINT('Ctrl Pts',(-259.719999952058,22.2038737494058,-2.76228273385021));
#5459=CARTESIAN_POINT('Ctrl Pts',(-266.00571423777,21.8323788420603,-1.68036546952303));
#5460=CARTESIAN_POINT('Ctrl Pts',(-271.24380946819,21.5226173649352,-0.7777819290965));
#5461=CARTESIAN_POINT('Ctrl Pts',(-275.958095182476,21.2439962324581,0.033655759531842));
#5462=CARTESIAN_POINT('Ctrl Pts',(-253.958095191288,22.5447077638159,-3.75571772149944));
#5463=CARTESIAN_POINT('Ctrl Pts',(-254.219999953193,22.5292167229815,-3.71062386805194));
#5464=CARTESIAN_POINT('Ctrl Pts',(-254.743809476913,22.498232514722,-3.62042466674046));
#5465=CARTESIAN_POINT('Ctrl Pts',(-255.791428524443,22.4362662169764,-3.44003771628032));
#5466=CARTESIAN_POINT('Ctrl Pts',(-257.624761857524,22.3278229282685,-3.12434829610391));
#5467=CARTESIAN_POINT('Ctrl Pts',(-259.71999995205,22.2038776871382,-2.76350604434898));
#5468=CARTESIAN_POINT('Ctrl Pts',(-266.005714237762,21.8320926430641,-1.68125321542447));
#5469=CARTESIAN_POINT('Ctrl Pts',(-271.243809468182,21.5220893707569,-0.778389957180667));
#5470=CARTESIAN_POINT('Ctrl Pts',(-275.958095182468,21.2432506357372,0.0332994048744387));
#5471=CARTESIAN_POINT('Ctrl Pts',(-253.958095191285,22.544861978764,-3.75659215053821));
#5472=CARTESIAN_POINT('Ctrl Pts',(-254.21999995319,22.5293640299117,-3.7114903115912));
#5473=CARTESIAN_POINT('Ctrl Pts',(-254.74380947691,22.4983660055502,-3.62127513891133));
#5474=CARTESIAN_POINT('Ctrl Pts',(-255.791428524439,22.4363720756664,-3.44085624608244));
#5475=CARTESIAN_POINT('Ctrl Pts',(-257.62476185752,22.3278804306462,-3.12511092636683));
#5476=CARTESIAN_POINT('Ctrl Pts',(-259.719999952047,22.2038799248446,-2.76420478767786));
#5477=CARTESIAN_POINT('Ctrl Pts',(-266.005714237758,21.8319290883403,-1.6817603067542));
#5478=CARTESIAN_POINT('Ctrl Pts',(-271.243809468178,21.5217876499754,-0.778737306827867));
#5479=CARTESIAN_POINT('Ctrl Pts',(-275.958095182464,21.2428245706346,0.0330957942182522));
#5480=CARTESIAN_POINT('Ctrl Pts',(-253.958095191282,22.5450161876136,-3.75746633721629));
#5481=CARTESIAN_POINT('Ctrl Pts',(-254.219999953187,22.5295113307459,-3.71235651553313));
#5482=CARTESIAN_POINT('Ctrl Pts',(-254.743809476907,22.4984994902802,-3.62212537697629));
#5483=CARTESIAN_POINT('Ctrl Pts',(-255.791428524436,22.4364779282612,-3.44167455279663));
#5484=CARTESIAN_POINT('Ctrl Pts',(-257.624761857517,22.3279379269263,-3.12587335278567));
#5485=CARTESIAN_POINT('Ctrl Pts',(-259.719999952043,22.2038821564195,-2.76490334898886));
#5486=CARTESIAN_POINT('Ctrl Pts',(-266.005714237755,21.8317655275416,-1.68226728238529));
#5487=CARTESIAN_POINT('Ctrl Pts',(-271.243809468175,21.5214859225959,-0.779084593016884));
#5488=CARTESIAN_POINT('Ctrl Pts',(-275.95809518246,21.2423984989766,0.032892197280021));
#5489=CARTESIAN_POINT('Ctrl Pts',(-253.958095191276,22.5452089378043,-3.75855861996269));
#5490=CARTESIAN_POINT('Ctrl Pts',(-254.219999953181,22.5296954459266,-3.71343882506393));
#5491=CARTESIAN_POINT('Ctrl Pts',(-254.743809476901,22.4986663353273,-3.62318773944526));
#5492=CARTESIAN_POINT('Ctrl Pts',(-255.79142852443,22.4366102331543,-3.44269702177026));
#5493=CARTESIAN_POINT('Ctrl Pts',(-257.624761857511,22.3280097864286,-3.12682600746998));
#5494=CARTESIAN_POINT('Ctrl Pts',(-259.719999952038,22.2038849349373,-2.76577621293248));
#5495=CARTESIAN_POINT('Ctrl Pts',(-266.005714237749,21.8315610658172,-1.68290078913553));
#5496=CARTESIAN_POINT('Ctrl Pts',(-271.243809468169,21.521108750912,-0.779518581348902));
#5497=CARTESIAN_POINT('Ctrl Pts',(-275.958095182454,21.2418658971135,0.0326377268287943));
#5498=CARTESIAN_POINT('Ctrl Pts',(-253.958095191267,22.5455173098523,-3.76030528586626));
#5499=CARTESIAN_POINT('Ctrl Pts',(-254.219999953172,22.5299900020003,-3.71516954500814));
#5500=CARTESIAN_POINT('Ctrl Pts',(-254.743809476892,22.4989332592557,-3.62488656638088));
#5501=CARTESIAN_POINT('Ctrl Pts',(-255.791428524421,22.4368218929882,-3.44433206377457));
#5502=CARTESIAN_POINT('Ctrl Pts',(-257.624761857502,22.3281247338872,-3.12834942468233));
#5503=CARTESIAN_POINT('Ctrl Pts',(-259.719999952028,22.2038893530364,-2.76717205380134));
#5504=CARTESIAN_POINT('Ctrl Pts',(-266.00571423774,21.8312339005284,-1.68391392694703));
#5505=CARTESIAN_POINT('Ctrl Pts',(-271.243809468159,21.5205052492514,-0.780212706464923));
#5506=CARTESIAN_POINT('Ctrl Pts',(-275.958095182444,21.2410137079164,0.032230628981185));
#5507=CARTESIAN_POINT('Ctrl Pts',(-253.958095191222,22.545902785719,-3.76248712709591));
#5508=CARTESIAN_POINT('Ctrl Pts',(-254.219999953126,22.5303582080178,-3.71733147492272));
#5509=CARTESIAN_POINT('Ctrl Pts',(-254.743809476846,22.4992669246197,-3.62700866837823));
#5510=CARTESIAN_POINT('Ctrl Pts',(-255.791428524376,22.4370864779965,-3.44637451520511));
#5511=CARTESIAN_POINT('Ctrl Pts',(-257.624761857456,22.3282684272548,-3.13025248198316));
#5512=CARTESIAN_POINT('Ctrl Pts',(-259.719999951983,22.2038948800136,-2.76891577852923));
#5513=CARTESIAN_POINT('Ctrl Pts',(-266.005714237694,21.8308249510947,-1.68517977995393));
#5514=CARTESIAN_POINT('Ctrl Pts',(-271.243809468109,21.5197508208903,-0.781079879553154));
#5515=CARTESIAN_POINT('Ctrl Pts',(-275.958095182395,21.2399484222687,0.0317218595642676));
#5516=CARTESIAN_POINT('Ctrl Pts',(-253.958095191192,22.5465193172979,-3.7659735153602));
#5517=CARTESIAN_POINT('Ctrl Pts',(-254.219999953097,22.5309471082633,-3.72078605084496));
#5518=CARTESIAN_POINT('Ctrl Pts',(-254.743809476817,22.4998005615754,-3.63039961616854));
#5519=CARTESIAN_POINT('Ctrl Pts',(-255.791428524346,22.4375095889936,-3.44963821016672));
#5520=CARTESIAN_POINT('Ctrl Pts',(-257.624761857427,22.3284981171598,-3.133293480818));
#5521=CARTESIAN_POINT('Ctrl Pts',(-259.719999951952,22.2039035142966,-2.77170225120433));
#5522=CARTESIAN_POINT('Ctrl Pts',(-266.005714237664,21.8301704333582,-1.68720275631605));
#5523=CARTESIAN_POINT('Ctrl Pts',(-271.243809468077,21.5185436230361,-0.78246631325943));
#5524=CARTESIAN_POINT('Ctrl Pts',(-275.958095182363,21.2382438604139,0.0309080480148447));
#5525=CARTESIAN_POINT('Ctrl Pts',(-253.958095191023,22.5471359053965,-3.76945532213423));
#5526=CARTESIAN_POINT('Ctrl Pts',(-254.219999952928,22.5315360659255,-3.72423611493447));
#5527=CARTESIAN_POINT('Ctrl Pts',(-254.743809476648,22.5003342548103,-3.63378617522498));
#5528=CARTESIAN_POINT('Ctrl Pts',(-255.791428524177,22.4379327569151,-3.45289777874877));
#5529=CARTESIAN_POINT('Ctrl Pts',(-257.624761857257,22.3287278619928,-3.13633079510147));
#5530=CARTESIAN_POINT('Ctrl Pts',(-259.719999951782,22.2039121873668,-2.77448546760815));
#5531=CARTESIAN_POINT('Ctrl Pts',(-266.005714237493,21.8295159758465,-1.68922414769905));
#5532=CARTESIAN_POINT('Ctrl Pts',(-271.243809467893,21.5173362518352,-0.783851163833473));
#5533=CARTESIAN_POINT('Ctrl Pts',(-275.958095182179,21.2365391413569,0.0300945657622372));
#5534=CARTESIAN_POINT('Ctrl Pts',(-253.958095190986,22.5477519429551,-3.77292925944858));
#5535=CARTESIAN_POINT('Ctrl Pts',(-254.219999952891,22.5321244744617,-3.72767838123588));
#5536=CARTESIAN_POINT('Ctrl Pts',(-254.743809476611,22.5008674045327,-3.63716509524819));
#5537=CARTESIAN_POINT('Ctrl Pts',(-255.79142852414,22.4383553897762,-3.45615001045226));
#5538=CARTESIAN_POINT('Ctrl Pts',(-257.62476185722,22.3289570895266,-3.13936131771107));
#5539=CARTESIAN_POINT('Ctrl Pts',(-259.719999951745,22.203920376605,-2.7772625882921));
#5540=CARTESIAN_POINT('Ctrl Pts',(-266.005714237456,21.8288610685246,-1.69124116394446));
#5541=CARTESIAN_POINT('Ctrl Pts',(-271.243809467854,21.5161286980861,-0.785234394981777));
#5542=CARTESIAN_POINT('Ctrl Pts',(-275.958095182139,21.2348342652052,0.0292814128467906));
#5543=CARTESIAN_POINT('Ctrl Pts',(-253.958095190931,22.5483678219341,-3.77639912752811));
#5544=CARTESIAN_POINT('Ctrl Pts',(-254.219999952835,22.5327127255333,-3.73111662674999));
#5545=CARTESIAN_POINT('Ctrl Pts',(-254.743809476555,22.501400398617,-3.64054008914878));
#5546=CARTESIAN_POINT('Ctrl Pts',(-255.791428524084,22.438777871054,-3.45939850758466));
#5547=CARTESIAN_POINT('Ctrl Pts',(-257.624761857164,22.3291861721427,-3.14238843858646));
#5548=CARTESIAN_POINT('Ctrl Pts',(-259.719999951688,22.203928426636,-2.78003667708233));
#5549=CARTESIAN_POINT('Ctrl Pts',(-266.0057142374,21.8282060487424,-1.69325631096924));
#5550=CARTESIAN_POINT('Ctrl Pts',(-271.243809467793,21.5149210195573,-0.786616534503227));
#5551=CARTESIAN_POINT('Ctrl Pts',(-275.958095182079,21.2331292843429,0.0284684795029889));
#5552=CARTESIAN_POINT('Ctrl Pts',(-253.958095190775,22.5491374493204,-3.78072929727733));
#5553=CARTESIAN_POINT('Ctrl Pts',(-254.21999995268,22.5334478204489,-3.73540736038061));
#5554=CARTESIAN_POINT('Ctrl Pts',(-254.7438094764,22.5020664253234,-3.64475193248246));
#5555=CARTESIAN_POINT('Ctrl Pts',(-255.791428523928,22.4393057645978,-3.46345258831784));
#5556=CARTESIAN_POINT('Ctrl Pts',(-257.624761857008,22.3294723291675,-3.14616641551102));
#5557=CARTESIAN_POINT('Ctrl Pts',(-259.719999951531,22.2039382979054,-2.78349902141459));
#5558=CARTESIAN_POINT('Ctrl Pts',(-266.005714237243,21.8273871406143,-1.69577218791147));
#5559=CARTESIAN_POINT('Ctrl Pts',(-271.243809467624,21.5134111816704,-0.788342139595433));
#5560=CARTESIAN_POINT('Ctrl Pts',(-275.95809518191,21.2309978619818,0.0274527245453771));
#5561=CARTESIAN_POINT('Ctrl Pts',(-253.958095190623,22.5499064662895,-3.78504829096755));
#5562=CARTESIAN_POINT('Ctrl Pts',(-254.219999952528,22.5341823090253,-3.73968704404292));
#5563=CARTESIAN_POINT('Ctrl Pts',(-254.743809476247,22.5027318539108,-3.64895297838829));
#5564=CARTESIAN_POINT('Ctrl Pts',(-255.791428523776,22.4398330763991,-3.46749637634628));
#5565=CARTESIAN_POINT('Ctrl Pts',(-257.624761856855,22.329757933177,-3.14993498337928));
#5566=CARTESIAN_POINT('Ctrl Pts',(-259.719999951377,22.2039476492922,-2.78695296827232));
#5567=CARTESIAN_POINT('Ctrl Pts',(-266.005714237089,21.8265678104809,-1.69828269356606));
#5568=CARTESIAN_POINT('Ctrl Pts',(-271.243809467459,21.5119010088171,-0.790064926025386));
#5569=CARTESIAN_POINT('Ctrl Pts',(-275.958095181744,21.2288661780607,0.0264375186179536));
#5570=CARTESIAN_POINT('Ctrl Pts',(-253.95809519057,22.5504059019815,-3.78784954239404));
#5571=CARTESIAN_POINT('Ctrl Pts',(-254.219999952475,22.5346593036689,-3.74246280701953));
#5572=CARTESIAN_POINT('Ctrl Pts',(-254.743809476194,22.5031639653461,-3.65167775832495));
#5573=CARTESIAN_POINT('Ctrl Pts',(-255.791428523723,22.440175422525,-3.47011919632065));
#5574=CARTESIAN_POINT('Ctrl Pts',(-257.624761856802,22.3299431888264,-3.15237936687216));
#5575=CARTESIAN_POINT('Ctrl Pts',(-259.719999951324,22.2039533677129,-2.78919339532843));
#5576=CARTESIAN_POINT('Ctrl Pts',(-266.005714237035,21.8260349437066,-1.69991139764));
#5577=CARTESIAN_POINT('Ctrl Pts',(-271.243809467401,21.5109192257018,-0.791183334291105));
#5578=CARTESIAN_POINT('Ctrl Pts',(-275.958095181687,21.2274804560742,0.0257779024501583));
#5579=CARTESIAN_POINT('Ctrl Pts',(-253.958095190564,22.5506363056816,-3.78914113287124));
#5580=CARTESIAN_POINT('Ctrl Pts',(-254.219999952469,22.5348793504651,-3.74374264587775));
#5581=CARTESIAN_POINT('Ctrl Pts',(-254.743809476188,22.5033632982101,-3.65293409325833));
#5582=CARTESIAN_POINT('Ctrl Pts',(-255.791428523717,22.4403333276486,-3.4713285240887));
#5583=CARTESIAN_POINT('Ctrl Pts',(-257.624761856796,22.3300285952715,-3.15350643136844));
#5584=CARTESIAN_POINT('Ctrl Pts',(-259.719999951318,22.2039559179374,-2.79022644140949));
#5585=CARTESIAN_POINT('Ctrl Pts',(-266.005714237029,21.8257889282336,-1.70066240484494));
#5586=CARTESIAN_POINT('Ctrl Pts',(-271.243809467395,21.5104660614785,-0.791699250182929));
#5587=CARTESIAN_POINT('Ctrl Pts',(-275.95809518168,21.2268408675806,0.0254735156999098));
#5588=CARTESIAN_POINT('Ctrl Pts',(-253.95809519056,22.5507898906711,-3.7900019065172));
#5589=CARTESIAN_POINT('Ctrl Pts',(-254.219999952465,22.5350260309888,-3.74459558839635));
#5590=CARTESIAN_POINT('Ctrl Pts',(-254.743809476184,22.5034961697138,-3.65377137303365));
#5591=CARTESIAN_POINT('Ctrl Pts',(-255.791428523713,22.4404385812004,-3.47213447886423));
#5592=CARTESIAN_POINT('Ctrl Pts',(-257.624761856792,22.3300855173131,-3.15425756687335));
#5593=CARTESIAN_POINT('Ctrl Pts',(-259.719999951313,22.2039576035488,-2.79091492400959));
#5594=CARTESIAN_POINT('Ctrl Pts',(-266.005714237025,21.825624906664,-1.70116294037372));
#5595=CARTESIAN_POINT('Ctrl Pts',(-271.24380946739,21.5101639429999,-0.792043121247064));
#5596=CARTESIAN_POINT('Ctrl Pts',(-275.958095181676,21.2264144687182,0.0252706049282346));
#5597=CARTESIAN_POINT('Ctrl Pts',(-253.958095190549,22.5512121732714,-3.79236783102704));
#5598=CARTESIAN_POINT('Ctrl Pts',(-254.219999952453,22.5354293268837,-3.74693999089853));
#5599=CARTESIAN_POINT('Ctrl Pts',(-254.743809476173,22.5038614919629,-3.6560727302237));
#5600=CARTESIAN_POINT('Ctrl Pts',(-255.791428523701,22.440727956392,-3.47434974672206));
#5601=CARTESIAN_POINT('Ctrl Pts',(-257.624761856781,22.3302419849036,-3.15632217701699));
#5602=CARTESIAN_POINT('Ctrl Pts',(-259.719999951302,22.2039621756276,-2.7928073477774));
#5603=CARTESIAN_POINT('Ctrl Pts',(-266.005714237014,21.8251737978053,-1.70253883591866));
#5604=CARTESIAN_POINT('Ctrl Pts',(-271.243809467378,21.5093330798784,-0.792988465376143));
#5605=CARTESIAN_POINT('Ctrl Pts',(-275.958095181664,21.2252418448989,0.0247126569370183));
#5606=CARTESIAN_POINT('Ctrl Pts',(-253.958095190363,22.5516729262884,-3.79494645113537));
#5607=CARTESIAN_POINT('Ctrl Pts',(-254.219999952267,22.5358693693041,-3.74949518218755));
#5608=CARTESIAN_POINT('Ctrl Pts',(-254.743809475987,22.5042601092667,-3.65858104222579));
#5609=CARTESIAN_POINT('Ctrl Pts',(-255.791428523515,22.4410437273717,-3.47676432171903));
#5610=CARTESIAN_POINT('Ctrl Pts',(-257.624761856594,22.3304127706323,-3.15857268917068));
#5611=CARTESIAN_POINT('Ctrl Pts',(-259.719999951114,22.2039672453773,-2.79487025719054));
#5612=CARTESIAN_POINT('Ctrl Pts',(-266.005714236825,21.8246818131195,-1.70403945301631));
#5613=CARTESIAN_POINT('Ctrl Pts',(-271.243809467176,21.5084265466382,-0.79401864872273));
#5614=CARTESIAN_POINT('Ctrl Pts',(-275.958095181461,21.2239625209207,0.0241041923380462));
#5615=CARTESIAN_POINT('Ctrl Pts',(-253.958095190352,22.5521330078182,-3.79751857700249));
#5616=CARTESIAN_POINT('Ctrl Pts',(-254.219999952256,22.5363087427312,-3.75204393017987));
#5617=CARTESIAN_POINT('Ctrl Pts',(-254.743809475976,22.5046580662574,-3.66108303319328));
#5618=CARTESIAN_POINT('Ctrl Pts',(-255.791428523504,22.4413588517199,-3.47917279990739));
#5619=CARTESIAN_POINT('Ctrl Pts',(-257.624761856583,22.3305829376095,-3.16081751863578));
#5620=CARTESIAN_POINT('Ctrl Pts',(-259.719999951103,22.2039717456946,-2.79692805351436));
#5621=CARTESIAN_POINT('Ctrl Pts',(-266.005714236814,21.8241893189672,-1.70553618030648));
#5622=CARTESIAN_POINT('Ctrl Pts',(-271.243809467164,21.5075198705957,-0.795047709106166));
#5623=CARTESIAN_POINT('Ctrl Pts',(-275.95809518145,21.2226830990312,0.023495933701047));
#5624=CARTESIAN_POINT('Ctrl Pts',(-253.958095190337,22.5523630041638,-3.79880383936097));
#5625=CARTESIAN_POINT('Ctrl Pts',(-254.219999952242,22.5365283855404,-3.75331751384971));
#5626=CARTESIAN_POINT('Ctrl Pts',(-254.743809475961,22.5048570016913,-3.66233325781876));
#5627=CARTESIAN_POINT('Ctrl Pts',(-255.79142852349,22.4415163727043,-3.48037630810511));
#5628=CARTESIAN_POINT('Ctrl Pts',(-257.624761856568,22.3306679829851,-3.16193927130722));
#5629=CARTESIAN_POINT('Ctrl Pts',(-259.719999951088,22.2039739603739,-2.79795636341699));
#5630=CARTESIAN_POINT('Ctrl Pts',(-266.0057142368,21.8239430487611,-1.70628420163165));
#5631=CARTESIAN_POINT('Ctrl Pts',(-271.243809467148,21.5070665037249,-0.795562013626426));
#5632=CARTESIAN_POINT('Ctrl Pts',(-275.958095181434,21.2220433685032,0.0231918455762224));
#5633=CARTESIAN_POINT('Ctrl Pts',(-253.958095190328,22.5525929267753,-3.80008814176946));
#5634=CARTESIAN_POINT('Ctrl Pts',(-254.219999952232,22.5367479551462,-3.75459014787873));
#5635=CARTESIAN_POINT('Ctrl Pts',(-254.743809475952,22.5050558650804,-3.66358255395706));
#5636=CARTESIAN_POINT('Ctrl Pts',(-255.79142852348,22.4416738238647,-3.48157892958959));
#5637=CARTESIAN_POINT('Ctrl Pts',(-257.624761856559,22.3307529625264,-3.16306021094066));
#5638=CARTESIAN_POINT('Ctrl Pts',(-259.719999951079,22.2039761142369,-2.79898394701266));
#5639=CARTESIAN_POINT('Ctrl Pts',(-266.00571423679,21.8236967304817,-1.70703174408608));
#5640=CARTESIAN_POINT('Ctrl Pts',(-271.243809467138,21.5066131077195,-0.796076091386686));
#5641=CARTESIAN_POINT('Ctrl Pts',(-275.958095181423,21.2214036183956,0.022887798646328));
#5642=CARTESIAN_POINT('Ctrl Pts',(-253.958095190315,22.5527844830159,-3.80115768132935));
#5643=CARTESIAN_POINT('Ctrl Pts',(-254.21999995222,22.5369308843377,-3.75564997242971));
#5644=CARTESIAN_POINT('Ctrl Pts',(-254.743809475939,22.505221539915,-3.66462294706334));
#5645=CARTESIAN_POINT('Ctrl Pts',(-255.791428523468,22.4418049902433,-3.48258046122811));
#5646=CARTESIAN_POINT('Ctrl Pts',(-257.624761856546,22.3308237388309,-3.16399373348908));
#5647=CARTESIAN_POINT('Ctrl Pts',(-259.719999951066,22.2039778720903,-2.79983973814078));
#5648=CARTESIAN_POINT('Ctrl Pts',(-266.005714236778,21.8234914391501,-1.70765437495728));
#5649=CARTESIAN_POINT('Ctrl Pts',(-271.243809467124,21.506235253198,-0.796504299658557));
#5650=CARTESIAN_POINT('Ctrl Pts',(-275.95809518141,21.2208704769913,0.0226344605349118));
#5651=CARTESIAN_POINT('Ctrl Pts',(-253.958095190312,22.5529376818857,-3.80201278436535));
#5652=CARTESIAN_POINT('Ctrl Pts',(-254.219999952216,22.5370771818498,-3.75649730867315));
#5653=CARTESIAN_POINT('Ctrl Pts',(-254.743809475936,22.5053540346331,-3.66545474928994));
#5654=CARTESIAN_POINT('Ctrl Pts',(-255.791428523464,22.4419098794516,-3.48338119585115));
#5655=CARTESIAN_POINT('Ctrl Pts',(-257.624761856543,22.3308803183134,-3.16474009934554));
#5656=CARTESIAN_POINT('Ctrl Pts',(-259.719999951062,22.2039792400873,-2.80052396622297));
#5657=CARTESIAN_POINT('Ctrl Pts',(-266.005714236774,21.8233271745574,-1.70815220000493));
#5658=CARTESIAN_POINT('Ctrl Pts',(-271.24380946712,21.5059329547283,-0.796846751815126));
#5659=CARTESIAN_POINT('Ctrl Pts',(-275.958095181406,21.2204439540811,0.0224318106445029));
#5660=CARTESIAN_POINT('Ctrl Pts',(-253.958095190309,22.5530908568083,-3.80286757289183));
#5661=CARTESIAN_POINT('Ctrl Pts',(-254.219999952213,22.5372234556048,-3.75734433389293));
#5662=CARTESIAN_POINT('Ctrl Pts',(-254.743809475933,22.5054865059893,-3.66628624754538));
#5663=CARTESIAN_POINT('Ctrl Pts',(-255.791428523461,22.4420147460736,-3.48418164052758));
#5664=CARTESIAN_POINT('Ctrl Pts',(-257.62476185654,22.3309368765827,-3.16548619988447));
#5665=CARTESIAN_POINT('Ctrl Pts',(-259.719999951059,22.2039805885093,-2.80120795751697));
#5666=CARTESIAN_POINT('Ctrl Pts',(-266.005714236771,21.8231628949561,-1.70864987192775));
#5667=CARTESIAN_POINT('Ctrl Pts',(-271.243809467117,21.5056306463098,-0.797189127493294));
#5668=CARTESIAN_POINT('Ctrl Pts',(-275.958095181403,21.2200174246465,0.0222291744867881));
#5669=CARTESIAN_POINT('Ctrl Pts',(-253.958095190296,22.5532440166641,-3.80372200512545));
#5670=CARTESIAN_POINT('Ctrl Pts',(-254.219999952201,22.5373697145825,-3.75819100806476));
#5671=CARTESIAN_POINT('Ctrl Pts',(-254.74380947592,22.5056189629541,-3.66711740417909));
#5672=CARTESIAN_POINT('Ctrl Pts',(-255.791428523449,22.4421195992683,-3.48498176349438));
#5673=CARTESIAN_POINT('Ctrl Pts',(-257.624761856527,22.3309934229061,-3.1662320124258));
#5674=CARTESIAN_POINT('Ctrl Pts',(-259.719999951047,22.2039819257658,-2.80189169431298));
#5675=CARTESIAN_POINT('Ctrl Pts',(-266.005714236758,21.8229986111308,-1.70914741519817));
#5676=CARTESIAN_POINT('Ctrl Pts',(-271.243809467104,21.5053283228941,-0.797531388163887));
#5677=CARTESIAN_POINT('Ctrl Pts',(-275.958095181389,21.2195908854252,0.0220265589284342));
#5678=CARTESIAN_POINT('Ctrl Pts',(-253.958095190293,22.5533971237046,-3.80457587429974));
#5679=CARTESIAN_POINT('Ctrl Pts',(-254.219999952198,22.5375159210422,-3.75903712445014));
#5680=CARTESIAN_POINT('Ctrl Pts',(-254.743809475917,22.5057513681786,-3.66794801458153));
#5681=CARTESIAN_POINT('Ctrl Pts',(-255.791428523445,22.4422244020958,-3.48578136233457));
#5682=CARTESIAN_POINT('Ctrl Pts',(-257.624761856524,22.3310499214602,-3.16697734060006));
#5683=CARTESIAN_POINT('Ctrl Pts',(-259.719999951043,22.2039832190881,-2.80257499695374));
#5684=CARTESIAN_POINT('Ctrl Pts',(-266.005714236755,21.822834290512,-1.70964465089281));
#5685=CARTESIAN_POINT('Ctrl Pts',(-271.2438094671,21.505025984343,-0.797873533322702));
#5686=CARTESIAN_POINT('Ctrl Pts',(-275.958095181386,21.2191643364199,0.0218239639700636));
#5687=CARTESIAN_POINT('Ctrl Pts',(-253.95809519029,22.5535502057333,-3.80542942469676));
#5688=CARTESIAN_POINT('Ctrl Pts',(-254.219999952195,22.5376621026912,-3.75988292558591));
#5689=CARTESIAN_POINT('Ctrl Pts',(-254.743809475914,22.5058837490108,-3.66877831687812));
#5690=CARTESIAN_POINT('Ctrl Pts',(-255.791428523442,22.4423291813516,-3.48658066726834));
#5691=CARTESIAN_POINT('Ctrl Pts',(-257.624761856521,22.331106397896,-3.16772239981119));
#5692=CARTESIAN_POINT('Ctrl Pts',(-259.719999951041,22.2039844920296,-2.80325805955607));
#5693=CARTESIAN_POINT('Ctrl Pts',(-266.005714236752,21.8226699543389,-1.71014173121575));
#5694=CARTESIAN_POINT('Ctrl Pts',(-271.243809467097,21.5047236356498,-0.798215601249922));
#5695=CARTESIAN_POINT('Ctrl Pts',(-275.958095181383,21.2187377808921,0.0216213827452274));
#5696=CARTESIAN_POINT('Ctrl Pts',(-253.95809519023,22.5542772729153,-3.80948210276023));
#5697=CARTESIAN_POINT('Ctrl Pts',(-254.219999952135,22.5383563945193,-3.76389881984062));
#5698=CARTESIAN_POINT('Ctrl Pts',(-254.743809475854,22.5065124888868,-3.67272063666834));
#5699=CARTESIAN_POINT('Ctrl Pts',(-255.791428523383,22.4428268185632,-3.49037584495137));
#5700=CARTESIAN_POINT('Ctrl Pts',(-257.624761856461,22.3313746041182,-3.17126007150552));
#5701=CARTESIAN_POINT('Ctrl Pts',(-259.71999995098,22.2039904855246,-2.806501406321));
#5702=CARTESIAN_POINT('Ctrl Pts',(-266.005714236692,21.8218893393025,-1.71250226636414));
#5703=CARTESIAN_POINT('Ctrl Pts',(-271.243809467032,21.5032874067884,-0.799839872772693));
#5704=CARTESIAN_POINT('Ctrl Pts',(-275.958095181318,21.2167115956603,0.0206592197802042));
#5705=CARTESIAN_POINT('Ctrl Pts',(-253.958095189403,22.5552723332687,-3.8150180421756));
#5706=CARTESIAN_POINT('Ctrl Pts',(-254.219999951307,22.5393066166118,-3.76938463154326));
#5707=CARTESIAN_POINT('Ctrl Pts',(-254.743809475026,22.5073730171919,-3.67810609791291));
#5708=CARTESIAN_POINT('Ctrl Pts',(-255.791428522553,22.4435079764955,-3.49556069996307));
#5709=CARTESIAN_POINT('Ctrl Pts',(-257.62476185563,22.3317418454874,-3.17609376427331));
#5710=CARTESIAN_POINT('Ctrl Pts',(-259.719999950143,22.2039988834792,-2.8109333215175));
#5711=CARTESIAN_POINT('Ctrl Pts',(-266.005714235855,21.8208216184756,-1.71573111359297));
#5712=CARTESIAN_POINT('Ctrl Pts',(-271.243809466133,21.5013214393972,-0.802058012210272));
#5713=CARTESIAN_POINT('Ctrl Pts',(-275.958095180418,21.213938539573,0.0193433791717627));
#5714=CARTESIAN_POINT('Ctrl Pts',(-253.958095189264,22.5563400671725,-3.8209439493316));
#5715=CARTESIAN_POINT('Ctrl Pts',(-254.219999951169,22.5403260842708,-3.77525686683652));
#5716=CARTESIAN_POINT('Ctrl Pts',(-254.743809474887,22.5082959494755,-3.68387097360442));
#5717=CARTESIAN_POINT('Ctrl Pts',(-255.791428522415,22.4442378409035,-3.50111087226899));
#5718=CARTESIAN_POINT('Ctrl Pts',(-257.624761855491,22.3321338380357,-3.18126818872508));
#5719=CARTESIAN_POINT('Ctrl Pts',(-259.719999950003,22.2040047231155,-2.81567824479085));
#5720=CARTESIAN_POINT('Ctrl Pts',(-266.005714235715,21.8196690681502,-1.71918791168243));
#5721=CARTESIAN_POINT('Ctrl Pts',(-271.243809465982,21.4992033165755,-0.804440010904773));
#5722=CARTESIAN_POINT('Ctrl Pts',(-275.958095180268,21.2109516243451,0.017927474006557));
#5723=CARTESIAN_POINT('Ctrl Pts',(-253.958095189175,22.5569495154092,-3.82432232370967));
#5724=CARTESIAN_POINT('Ctrl Pts',(-254.21999995108,22.540907958335,-3.77860466252249));
#5725=CARTESIAN_POINT('Ctrl Pts',(-254.743809474798,22.5088226733418,-3.68715760171107));
#5726=CARTESIAN_POINT('Ctrl Pts',(-255.791428522326,22.4446542662202,-3.50427517537463));
#5727=CARTESIAN_POINT('Ctrl Pts',(-257.624761855401,22.3323572389147,-3.18421841220756));
#5728=CARTESIAN_POINT('Ctrl Pts',(-259.719999949913,22.2040075158773,-2.81838375764666));
#5729=CARTESIAN_POINT('Ctrl Pts',(-266.005714235625,21.8190100807162,-1.72115953562075));
#5730=CARTESIAN_POINT('Ctrl Pts',(-271.243809465886,21.497992686721,-0.805799186287639));
#5731=CARTESIAN_POINT('Ctrl Pts',(-275.958095180171,21.2092446593857,0.017118715081521));
#5732=CARTESIAN_POINT('Ctrl Pts',(-253.958095189129,22.5574061956377,-3.82685184673002));
#5733=CARTESIAN_POINT('Ctrl Pts',(-254.219999951034,22.54134396133,-3.78111129745602));
#5734=CARTESIAN_POINT('Ctrl Pts',(-254.743809474752,22.5092173209119,-3.68961845520347));
#5735=CARTESIAN_POINT('Ctrl Pts',(-255.79142852228,22.4449662038948,-3.50664447123289));
#5736=CARTESIAN_POINT('Ctrl Pts',(-257.624761855355,22.332524433251,-3.18642747658918));
#5737=CARTESIAN_POINT('Ctrl Pts',(-259.719999949867,22.2040092847279,-2.82040967543724));
#5738=CARTESIAN_POINT('Ctrl Pts',(-266.005714235578,21.8185155959322,-1.72263613916893));
#5739=CARTESIAN_POINT('Ctrl Pts',(-271.243809465836,21.4970845751002,-0.806817576163784));
#5740=CARTESIAN_POINT('Ctrl Pts',(-275.958095180121,21.2079643575606,0.0165123107681926));
#5741=CARTESIAN_POINT('Ctrl Pts',(-253.958095189068,22.557862533825,-3.82937748344814));
#5742=CARTESIAN_POINT('Ctrl Pts',(-254.219999950973,22.5417796258056,-3.78361409247693));
#5743=CARTESIAN_POINT('Ctrl Pts',(-254.743809474691,22.5096116366832,-3.69207555978456));
#5744=CARTESIAN_POINT('Ctrl Pts',(-255.791428522218,22.4452778235337,-3.50901020195385));
#5745=CARTESIAN_POINT('Ctrl Pts',(-257.624761855294,22.3326913332921,-3.18863329554218));
#5746=CARTESIAN_POINT('Ctrl Pts',(-259.719999949805,22.2040107848866,-2.82243270477495));
#5747=CARTESIAN_POINT('Ctrl Pts',(-266.005714235516,21.8180209269722,-1.72411096756145));
#5748=CARTESIAN_POINT('Ctrl Pts',(-271.243809465769,21.4961763219979,-0.807834966136345));
#5749=CARTESIAN_POINT('Ctrl Pts',(-275.958095180055,21.2066839776482,0.0159060713453851));
#5750=CARTESIAN_POINT('Ctrl Pts',(-253.958095189023,22.5583184531244,-3.83189883092705));
#5751=CARTESIAN_POINT('Ctrl Pts',(-254.219999950928,22.5422148750412,-3.78611264510417));
#5752=CARTESIAN_POINT('Ctrl Pts',(-254.743809474646,22.510005544859,-3.69452851758293));
#5753=CARTESIAN_POINT('Ctrl Pts',(-255.791428522173,22.4455890505186,-3.51137197520118));
#5754=CARTESIAN_POINT('Ctrl Pts',(-257.624761855249,22.3328578671991,-3.19083549035965));
#5755=CARTESIAN_POINT('Ctrl Pts',(-259.719999949759,22.204011950869,-2.82445250001165));
#5756=CARTESIAN_POINT('Ctrl Pts',(-266.005714235471,21.8175260113945,-1.72558368620374));
#5757=CARTESIAN_POINT('Ctrl Pts',(-271.24380946572,21.4952679251711,-0.808851347988619));
#5758=CARTESIAN_POINT('Ctrl Pts',(-275.958095180006,21.2054035196724,0.0152999968231405));
#5759=CARTESIAN_POINT('Ctrl Pts',(-253.958095188967,22.5586411656403,-3.83368212627704));
#5760=CARTESIAN_POINT('Ctrl Pts',(-254.219999950872,22.5425229489347,-3.78787982760416));
#5761=CARTESIAN_POINT('Ctrl Pts',(-254.74380947459,22.5102843403458,-3.69626346799421));
#5762=CARTESIAN_POINT('Ctrl Pts',(-255.791428522117,22.4458092903497,-3.51304246780023));
#5763=CARTESIAN_POINT('Ctrl Pts',(-257.624761855193,22.3329756333936,-3.19239317497484));
#5764=CARTESIAN_POINT('Ctrl Pts',(-259.719999949703,22.204012598842,-2.8258812310124));
#5765=CARTESIAN_POINT('Ctrl Pts',(-266.005714235415,21.8171753323965,-1.72662570861187));
#5766=CARTESIAN_POINT('Ctrl Pts',(-271.24380946566,21.4946243740241,-0.809570565263658));
#5767=CARTESIAN_POINT('Ctrl Pts',(-275.958095179945,21.2044964733233,0.0148708108482507));
#5768=CARTESIAN_POINT('Ctrl Pts',(-253.958095188962,22.5588308447938,-3.83472983311645));
#5769=CARTESIAN_POINT('Ctrl Pts',(-254.219999950867,22.5427040180477,-3.78891806748797));
#5770=CARTESIAN_POINT('Ctrl Pts',(-254.743809474585,22.5104481892692,-3.69728277336966));
#5771=CARTESIAN_POINT('Ctrl Pts',(-255.791428522112,22.4459386990021,-3.51402390475393));
#5772=CARTESIAN_POINT('Ctrl Pts',(-257.624761855187,22.3330447714559,-3.19330834155372));
#5773=CARTESIAN_POINT('Ctrl Pts',(-259.719999949698,22.2040128557163,-2.82672065719682));
#5774=CARTESIAN_POINT('Ctrl Pts',(-266.005714235409,21.8169689482955,-1.72723792784395));
#5775=CARTESIAN_POINT('Ctrl Pts',(-271.243809465654,21.4942457797929,-0.809993394149331));
#5776=CARTESIAN_POINT('Ctrl Pts',(-275.95809517994,21.2039628983632,0.0146183871633517));
#5777=CARTESIAN_POINT('Ctrl Pts',(-253.958095188962,22.5588877397893,-3.83504406668483));
#5778=CARTESIAN_POINT('Ctrl Pts',(-254.219999950867,22.5427583300922,-3.7892294617166));
#5779=CARTESIAN_POINT('Ctrl Pts',(-254.743809474585,22.5104973354034,-3.69758848887315));
#5780=CARTESIAN_POINT('Ctrl Pts',(-255.791428522112,22.445977513324,-3.51431826285262));
#5781=CARTESIAN_POINT('Ctrl Pts',(-257.624761855187,22.3330655050974,-3.19358282414533));
#5782=CARTESIAN_POINT('Ctrl Pts',(-259.719999949697,22.2040129256838,-2.8269724247074));
#5783=CARTESIAN_POINT('Ctrl Pts',(-266.005714235409,21.816907027439,-1.72742155119922));
#5784=CARTESIAN_POINT('Ctrl Pts',(-271.243809465653,21.4941321992038,-0.810120226793348));
#5785=CARTESIAN_POINT('Ctrl Pts',(-275.958095179939,21.2038028246562,0.0145426626347867));
#5786=CARTESIAN_POINT('Ctrl Pts',(-253.958095188961,22.5589304078003,-3.8352797013188));
#5787=CARTESIAN_POINT('Ctrl Pts',(-254.219999950865,22.542799060936,-3.78946296740672));
#5788=CARTESIAN_POINT('Ctrl Pts',(-254.743809474584,22.5105341918909,-3.69781773655502));
#5789=CARTESIAN_POINT('Ctrl Pts',(-255.791428522111,22.4460066211208,-3.5145389946381));
#5790=CARTESIAN_POINT('Ctrl Pts',(-257.624761855186,22.333081052662,-3.19378865298358));
#5791=CARTESIAN_POINT('Ctrl Pts',(-259.719999949696,22.2040129757366,-2.82716122103604));
#5792=CARTESIAN_POINT('Ctrl Pts',(-266.005714235408,21.816860585479,-1.72755925287181));
#5793=CARTESIAN_POINT('Ctrl Pts',(-271.243809465652,21.4940470120184,-0.810215339246393));
#5794=CARTESIAN_POINT('Ctrl Pts',(-275.958095179938,21.2036827684617,0.0144858711710567));
#5795=CARTESIAN_POINT('Ctrl Pts',(-253.958095188961,22.5589588499423,-3.83543676402401));
#5796=CARTESIAN_POINT('Ctrl Pts',(-254.219999950865,22.5428262116525,-3.78961861104991));
#5797=CARTESIAN_POINT('Ctrl Pts',(-254.743809474583,22.5105587597539,-3.69797054206072));
#5798=CARTESIAN_POINT('Ctrl Pts',(-255.791428522111,22.4460260232792,-3.51468612388222));
#5799=CARTESIAN_POINT('Ctrl Pts',(-257.624761855186,22.3330914148348,-3.19392584875561));
#5800=CARTESIAN_POINT('Ctrl Pts',(-259.719999949696,22.2040130064857,-2.82728706420503));
#5801=CARTESIAN_POINT('Ctrl Pts',(-266.005714235408,21.8168296220152,-1.72765103855179));
#5802=CARTESIAN_POINT('Ctrl Pts',(-271.243809465652,21.493990219834,-0.810278742533369));
#5803=CARTESIAN_POINT('Ctrl Pts',(-275.958095179938,21.2036027306177,0.0144480110005317));
#5804=CARTESIAN_POINT('Ctrl Pts',(-253.958095188961,22.558977810721,-3.83554146640117));
#5805=CARTESIAN_POINT('Ctrl Pts',(-254.219999950865,22.542844311486,-3.78972236744829));
#5806=CARTESIAN_POINT('Ctrl Pts',(-254.743809474583,22.5105751376965,-3.69807240649891));
#5807=CARTESIAN_POINT('Ctrl Pts',(-255.791428522111,22.4460389574406,-3.51478420440266));
#5808=CARTESIAN_POINT('Ctrl Pts',(-257.624761855186,22.3330983223785,-3.19401730741716));
#5809=CARTESIAN_POINT('Ctrl Pts',(-259.719999949696,22.2040130264641,-2.82737095501532));
#5810=CARTESIAN_POINT('Ctrl Pts',(-266.005714235408,21.8168089793091,-1.72771222587147));
#5811=CARTESIAN_POINT('Ctrl Pts',(-271.243809465652,21.4939523581832,-0.810321010050209));
#5812=CARTESIAN_POINT('Ctrl Pts',(-275.958095179938,21.2035493719535,0.014422771101594));
#5813=CARTESIAN_POINT('Ctrl Pts',(-253.958095188959,22.5590299523388,-3.83582938464174));
#5814=CARTESIAN_POINT('Ctrl Pts',(-254.219999950864,22.5428940855257,-3.79000768450405));
#5815=CARTESIAN_POINT('Ctrl Pts',(-254.743809474582,22.5106201765617,-3.69835252108484));
#5816=CARTESIAN_POINT('Ctrl Pts',(-255.791428522109,22.4460745259749,-3.51505391414875));
#5817=CARTESIAN_POINT('Ctrl Pts',(-257.624761855184,22.3331173178144,-3.1942688085867));
#5818=CARTESIAN_POINT('Ctrl Pts',(-259.719999949695,22.2040130811297,-2.82760164590941));
#5819=CARTESIAN_POINT('Ctrl Pts',(-266.005714235406,21.8167522120992,-1.72788048832686));
#5820=CARTESIAN_POINT('Ctrl Pts',(-271.243809465651,21.4938482378438,-0.810437240213218));
#5821=CARTESIAN_POINT('Ctrl Pts',(-275.958095179937,21.2034026352079,0.0143533622653439));
#5822=CARTESIAN_POINT('Ctrl Pts',(-253.958095188958,22.5591152620219,-3.83630039558751));
#5823=CARTESIAN_POINT('Ctrl Pts',(-254.219999950863,22.5429755211063,-3.79047444037242));
#5824=CARTESIAN_POINT('Ctrl Pts',(-254.743809474581,22.5106938639167,-3.69881076668506));
#5825=CARTESIAN_POINT('Ctrl Pts',(-255.791428522108,22.4461327168991,-3.51549513932562));
#5826=CARTESIAN_POINT('Ctrl Pts',(-257.624761855183,22.3331483899629,-3.19468024790179));
#5827=CARTESIAN_POINT('Ctrl Pts',(-259.719999949693,22.2040131602941,-2.82797904370351));
#5828=CARTESIAN_POINT('Ctrl Pts',(-266.005714235405,21.8166593128024,-1.72815576426034));
#5829=CARTESIAN_POINT('Ctrl Pts',(-271.243809465649,21.4936778547291,-0.81062740487));
#5830=CARTESIAN_POINT('Ctrl Pts',(-275.958095179935,21.2031625182478,0.0142397890014691));
#5831=CARTESIAN_POINT('Ctrl Pts',(-253.958095188885,22.5597976720146,-3.84006738724834));
#5832=CARTESIAN_POINT('Ctrl Pts',(-254.21999995079,22.5436269397749,-3.79420740943683));
#5833=CARTESIAN_POINT('Ctrl Pts',(-254.743809474508,22.5112832988854,-3.70247568478324));
#5834=CARTESIAN_POINT('Ctrl Pts',(-255.791428522035,22.4465981855158,-3.51902396124351));
#5835=CARTESIAN_POINT('Ctrl Pts',(-257.62476185511,22.3333969163421,-3.19797089534783));
#5836=CARTESIAN_POINT('Ctrl Pts',(-259.71999994962,22.2040137477155,-2.83099746445797));
#5837=CARTESIAN_POINT('Ctrl Pts',(-266.005714235331,21.8159161084138,-1.73035764252671));
#5838=CARTESIAN_POINT('Ctrl Pts',(-271.243809465571,21.4923147336243,-0.812148335868565));
#5839=CARTESIAN_POINT('Ctrl Pts',(-275.958095179856,21.2012415533092,0.0133312647385629));
#5840=CARTESIAN_POINT('Ctrl Pts',(-253.958095187572,22.5605183669712,-3.84403921311813));
#5841=CARTESIAN_POINT('Ctrl Pts',(-254.219999949477,22.5443149352084,-3.7981434847513));
#5842=CARTESIAN_POINT('Ctrl Pts',(-254.743809473193,22.5119058761792,-3.70634015416438));
#5843=CARTESIAN_POINT('Ctrl Pts',(-255.791428520719,22.4470899455537,-3.52274532319536));
#5844=CARTESIAN_POINT('Ctrl Pts',(-257.624761853791,22.3336597258219,-3.20144170752256));
#5845=CARTESIAN_POINT('Ctrl Pts',(-259.719999948292,22.2040148091441,-2.83418143845249));
#5846=CARTESIAN_POINT('Ctrl Pts',(-266.005714234003,21.8151323807146,-1.73268360003654));
#5847=CARTESIAN_POINT('Ctrl Pts',(-271.243809464143,21.4908753772815,-0.813750288773923));
#5848=CARTESIAN_POINT('Ctrl Pts',(-275.958095178429,21.1992136055519,0.0123728218289603));
#5849=CARTESIAN_POINT('Ctrl Pts',(-253.958095187507,22.5612356411223,-3.8479856691833));
#5850=CARTESIAN_POINT('Ctrl Pts',(-254.219999949412,22.5449995259473,-3.80205436829529));
#5851=CARTESIAN_POINT('Ctrl Pts',(-254.743809473129,22.5125250991529,-3.71017988750327));
#5852=CARTESIAN_POINT('Ctrl Pts',(-255.791428520655,22.4475784339341,-3.52644276126779));
#5853=CARTESIAN_POINT('Ctrl Pts',(-257.624761853726,22.3339194276612,-3.20489012337352));
#5854=CARTESIAN_POINT('Ctrl Pts',(-259.719999948226,22.2040130362039,-2.8373452330707));
#5855=CARTESIAN_POINT('Ctrl Pts',(-266.005714233938,21.8143462058507,-1.73499365399084));
#5856=CARTESIAN_POINT('Ctrl Pts',(-271.243809464073,21.4894354534739,-0.815348449356388));
#5857=CARTESIAN_POINT('Ctrl Pts',(-275.958095178359,21.1971853803228,0.0114149666278144));
#5858=CARTESIAN_POINT('Ctrl Pts',(-253.958095187501,22.5613677125613,-3.84871212828136));
#5859=CARTESIAN_POINT('Ctrl Pts',(-254.219999949405,22.545125577259,-3.80277428004948));
#5860=CARTESIAN_POINT('Ctrl Pts',(-254.743809473122,22.5126391101115,-3.71088670402975));
#5861=CARTESIAN_POINT('Ctrl Pts',(-255.791428520648,22.4476683642848,-3.52712338787684));
#5862=CARTESIAN_POINT('Ctrl Pts',(-257.62476185372,22.333967216843,-3.20552491705125));
#5863=CARTESIAN_POINT('Ctrl Pts',(-259.71999994822,22.2040126635847,-2.83792764370256));
#5864=CARTESIAN_POINT('Ctrl Pts',(-266.005714233931,21.8142013501733,-1.73541892835367));
#5865=CARTESIAN_POINT('Ctrl Pts',(-271.243809464066,21.4891701868079,-0.815642730512461));
#5866=CARTESIAN_POINT('Ctrl Pts',(-275.958095178352,21.1968117513654,0.011238537661314));
#5867=CARTESIAN_POINT('Ctrl Pts',(-253.958095187499,22.5614431642341,-3.84912709315598));
#5868=CARTESIAN_POINT('Ctrl Pts',(-254.219999949404,22.5451975890032,-3.803185505157));
#5869=CARTESIAN_POINT('Ctrl Pts',(-254.74380947312,22.5127042419747,-3.7112904494708));
#5870=CARTESIAN_POINT('Ctrl Pts',(-255.791428520646,22.4477197364099,-3.52751217411673));
#5871=CARTESIAN_POINT('Ctrl Pts',(-257.624761853718,22.3339945094007,-3.20588752454808));
#5872=CARTESIAN_POINT('Ctrl Pts',(-259.719999948218,22.2040124365228,-2.83826033201063));
#5873=CARTESIAN_POINT('Ctrl Pts',(-266.00571423393,21.8141185648272,-1.73566186224719));
#5874=CARTESIAN_POINT('Ctrl Pts',(-271.243809464064,21.489018600825,-0.815810857717101));
#5875=CARTESIAN_POINT('Ctrl Pts',(-275.95809517835,21.1965982466698,0.0111377262646027));
#5876=CARTESIAN_POINT('Ctrl Pts',(-253.958095187496,22.5615563283135,-3.84974940948654));
#5877=CARTESIAN_POINT('Ctrl Pts',(-254.2199999494,22.5453055933346,-3.80380221341017));
#5878=CARTESIAN_POINT('Ctrl Pts',(-254.743809473117,22.5128019267621,-3.71189594130664));
#5879=CARTESIAN_POINT('Ctrl Pts',(-255.791428520643,22.447796782157,-3.52809523337951));
#5880=CARTESIAN_POINT('Ctrl Pts',(-257.624761853715,22.3340354367762,-3.20643132652802));
#5881=CARTESIAN_POINT('Ctrl Pts',(-259.719999948215,22.2040120855331,-2.83875926728313));
#5882=CARTESIAN_POINT('Ctrl Pts',(-266.005714233926,21.8139943798824,-1.7360262036546));
#5883=CARTESIAN_POINT('Ctrl Pts',(-271.24380946406,21.4887912168125,-0.816063015049433));
#5884=CARTESIAN_POINT('Ctrl Pts',(-275.958095178346,21.196277987192,0.0109865143251501));
#5885=CARTESIAN_POINT('Ctrl Pts',(-253.958095187476,22.5617260415212,-3.850682488853));
#5886=CARTESIAN_POINT('Ctrl Pts',(-254.219999949381,22.5454675674646,-3.80472688656817));
#5887=CARTESIAN_POINT('Ctrl Pts',(-254.743809473097,22.5129484224424,-3.71280380043242));
#5888=CARTESIAN_POINT('Ctrl Pts',(-255.791428520623,22.4479123212312,-3.52896946605019));
#5889=CARTESIAN_POINT('Ctrl Pts',(-257.624761853695,22.3340968014759,-3.20724671117986));
#5890=CARTESIAN_POINT('Ctrl Pts',(-259.719999948195,22.2040115352699,-2.83950738941956));
#5891=CARTESIAN_POINT('Ctrl Pts',(-266.005714233906,21.8138080917468,-1.73657257673919));
#5892=CARTESIAN_POINT('Ctrl Pts',(-271.243809464039,21.488450121864,-0.816441125377303));
#5893=CARTESIAN_POINT('Ctrl Pts',(-275.958095178325,21.1957975888459,0.0107597157496757));
#5894=CARTESIAN_POINT('Ctrl Pts',(-253.958095187455,22.5618956664476,-3.85161474241728));
#5895=CARTESIAN_POINT('Ctrl Pts',(-254.21999994936,22.545629454196,-3.80565074341652));
#5896=CARTESIAN_POINT('Ctrl Pts',(-254.743809473077,22.5130948324847,-3.71371086220821));
#5897=CARTESIAN_POINT('Ctrl Pts',(-255.791428520603,22.4480277781933,-3.52984293931555));
#5898=CARTESIAN_POINT('Ctrl Pts',(-257.624761853674,22.3341580902286,-3.2080614028024));
#5899=CARTESIAN_POINT('Ctrl Pts',(-259.719999948174,22.2040109160835,-2.84025489426488));
#5900=CARTESIAN_POINT('Ctrl Pts',(-266.005714233885,21.8136217558714,-1.73711856035284));
#5901=CARTESIAN_POINT('Ctrl Pts',(-271.243809464017,21.4881089964245,-0.816819033904605));
#5902=CARTESIAN_POINT('Ctrl Pts',(-275.958095178302,21.1953171758964,0.0105329481090626));
#5903=CARTESIAN_POINT('Ctrl Pts',(-253.958095187452,22.5620086975238,-3.85223581690706));
#5904=CARTESIAN_POINT('Ctrl Pts',(-254.219999949357,22.5457373268482,-3.80626622406801));
#5905=CARTESIAN_POINT('Ctrl Pts',(-254.743809473074,22.5131923882397,-3.71431515491401));
#5906=CARTESIAN_POINT('Ctrl Pts',(-255.791428520599,22.4481047002028,-3.53042485639808));
#5907=CARTESIAN_POINT('Ctrl Pts',(-257.624761853671,22.3341989031312,-3.20860416225727));
#5908=CARTESIAN_POINT('Ctrl Pts',(-259.719999948171,22.2040104612033,-2.84075290087299));
#5909=CARTESIAN_POINT('Ctrl Pts',(-266.005714233882,21.8134974988123,-1.73748231483388));
#5910=CARTESIAN_POINT('Ctrl Pts',(-271.243809464013,21.4878815666749,-0.817070888530991));
#5911=CARTESIAN_POINT('Ctrl Pts',(-275.958095178299,21.1949968945137,0.0103817825719021));
#5912=CARTESIAN_POINT('Ctrl Pts',(-253.95809518745,22.5620840408007,-3.85264976978251));
#5913=CARTESIAN_POINT('Ctrl Pts',(-254.219999949355,22.5458092312754,-3.8066764487783));
#5914=CARTESIAN_POINT('Ctrl Pts',(-254.743809473072,22.5132574149427,-3.71471792315795));
#5915=CARTESIAN_POINT('Ctrl Pts',(-255.791428520598,22.4481559714821,-3.53081271184486));
#5916=CARTESIAN_POINT('Ctrl Pts',(-257.624761853669,22.3342261023926,-3.20896592016395));
#5917=CARTESIAN_POINT('Ctrl Pts',(-259.719999948169,22.2040101494698,-2.84108483237635));
#5918=CARTESIAN_POINT('Ctrl Pts',(-266.00571423388,21.8134146546854,-1.73772477036945));
#5919=CARTESIAN_POINT('Ctrl Pts',(-271.243809464011,21.4877299434254,-0.817238769091202));
#5920=CARTESIAN_POINT('Ctrl Pts',(-275.958095178297,21.1947833719697,0.0102810089844657));
#5921=CARTESIAN_POINT('Ctrl Pts',(-253.958095187445,22.5621782057784,-3.8531670628694));
#5922=CARTESIAN_POINT('Ctrl Pts',(-254.21999994935,22.5458990978785,-3.80718908364914));
#5923=CARTESIAN_POINT('Ctrl Pts',(-254.743809473067,22.5133386847181,-3.7152212411667));
#5924=CARTESIAN_POINT('Ctrl Pts',(-255.791428520593,22.4482200476804,-3.53129739655785));
#5925=CARTESIAN_POINT('Ctrl Pts',(-257.624761853664,22.3342600897472,-3.20941799615084));
#5926=CARTESIAN_POINT('Ctrl Pts',(-259.719999948164,22.2040097492039,-2.84149963921487));
#5927=CARTESIAN_POINT('Ctrl Pts',(-266.005714233875,21.8133110934263,-1.73802778000978));
#5928=CARTESIAN_POINT('Ctrl Pts',(-271.243809464006,21.4875404079464,-0.817448577519364));
#5929=CARTESIAN_POINT('Ctrl Pts',(-275.958095178291,21.1945164657476,0.0101550484452276));
#5930=CARTESIAN_POINT('Ctrl Pts',(-253.95809518744,22.5622629324828,-3.85363242276161));
#5931=CARTESIAN_POINT('Ctrl Pts',(-254.219999949345,22.5459799562722,-3.80765025354041));
#5932=CARTESIAN_POINT('Ctrl Pts',(-254.743809473061,22.5134118064108,-3.71567403061939));
#5933=CARTESIAN_POINT('Ctrl Pts',(-255.791428520587,22.4482776960502,-3.53173342556846));
#5934=CARTESIAN_POINT('Ctrl Pts',(-257.624761853659,22.3342906597172,-3.20982469392215));
#5935=CARTESIAN_POINT('Ctrl Pts',(-259.719999948158,22.2040093720547,-2.84187281350522));
#5936=CARTESIAN_POINT('Ctrl Pts',(-266.00571423387,21.8132178768177,-1.73830039426436));
#5937=CARTESIAN_POINT('Ctrl Pts',(-271.243809464,21.4873698182894,-0.817637354287459));
#5938=CARTESIAN_POINT('Ctrl Pts',(-275.958095178286,21.1942762464979,0.0100416916940989));
#5939=CARTESIAN_POINT('Ctrl Pts',(-253.958095187439,22.5623194035599,-3.85394255415632));
#5940=CARTESIAN_POINT('Ctrl Pts',(-254.219999949344,22.5460338485704,-3.80795759260059));
#5941=CARTESIAN_POINT('Ctrl Pts',(-254.743809473061,22.5134605411377,-3.71597578493596));
#5942=CARTESIAN_POINT('Ctrl Pts',(-255.791428520586,22.4483161156481,-3.53202401047208));
#5943=CARTESIAN_POINT('Ctrl Pts',(-257.624761853658,22.3343110278248,-3.21009573227363));
#5944=CARTESIAN_POINT('Ctrl Pts',(-259.719999948157,22.2040091098233,-2.84212151258764));
#5945=CARTESIAN_POINT('Ctrl Pts',(-266.005714233869,21.8131557238934,-1.73848207731559));
#5946=CARTESIAN_POINT('Ctrl Pts',(-271.243809463999,21.4872560886218,-0.817763184253962));
#5947=CARTESIAN_POINT('Ctrl Pts',(-275.958095178285,21.194116098811,0.00996612374930529));
#5948=CARTESIAN_POINT('Ctrl Pts',(-253.958095187439,22.562347636796,-3.85409760021461));
#5949=CARTESIAN_POINT('Ctrl Pts',(-254.219999949344,22.5460607924361,-3.80811124269159));
#5950=CARTESIAN_POINT('Ctrl Pts',(-254.74380947306,22.5134849062598,-3.71612664307739));
#5951=CARTESIAN_POINT('Ctrl Pts',(-255.791428520586,22.4483353232859,-3.5321692847293));
#5952=CARTESIAN_POINT('Ctrl Pts',(-257.624761853658,22.334321209862,-3.21023123471751));
#5953=CARTESIAN_POINT('Ctrl Pts',(-259.719999948157,22.2040089768755,-2.84224584717398));
#5954=CARTESIAN_POINT('Ctrl Pts',(-266.005714233869,21.8131246460558,-1.73857290868651));
#5955=CARTESIAN_POINT('Ctrl Pts',(-271.243809463999,21.4871992231415,-0.817826094993057));
#5956=CARTESIAN_POINT('Ctrl Pts',(-275.958095178284,21.1940360246634,0.00992834042143612));
#5957=CARTESIAN_POINT('Ctrl Pts',(-253.958095187438,22.5623711636425,-3.85422679475683));
#5958=CARTESIAN_POINT('Ctrl Pts',(-254.219999949343,22.5460832448232,-3.80823927409449));
#5959=CARTESIAN_POINT('Ctrl Pts',(-254.74380947306,22.5135052097182,-3.71625234814822));
#5960=CARTESIAN_POINT('Ctrl Pts',(-255.791428520585,22.4483513288967,-3.53229033718923));
#5961=CARTESIAN_POINT('Ctrl Pts',(-257.624761853657,22.334329694229,-3.21034414505137));
#5962=CARTESIAN_POINT('Ctrl Pts',(-259.719999948157,22.2040088654893,-2.84234945196821));
#5963=CARTESIAN_POINT('Ctrl Pts',(-266.005714233868,21.8130987476423,-1.73864859813561));
#5964=CARTESIAN_POINT('Ctrl Pts',(-271.243809463998,21.487151834702,-0.817878517070148));
#5965=CARTESIAN_POINT('Ctrl Pts',(-275.958095178284,21.1939692959536,0.00989685485198707));
#5966=CARTESIAN_POINT('Ctrl Pts',(-253.958095187438,22.5623899829817,-3.85433013516858));
#5967=CARTESIAN_POINT('Ctrl Pts',(-254.219999949343,22.5461012046043,-3.80834168409486));
#5968=CARTESIAN_POINT('Ctrl Pts',(-254.74380947306,22.5135214503875,-3.71635289734893));
#5969=CARTESIAN_POINT('Ctrl Pts',(-255.791428520586,22.4483641313381,-3.5323871647676));
#5970=CARTESIAN_POINT('Ctrl Pts',(-257.624761853657,22.3343364797761,-3.21043445981529));
#5971=CARTESIAN_POINT('Ctrl Pts',(-259.719999948157,22.2040087746057,-2.84243232362479));
#5972=CARTESIAN_POINT('Ctrl Pts',(-266.005714233868,21.8130780273661,-1.73870913991981));
#5973=CARTESIAN_POINT('Ctrl Pts',(-271.243809463998,21.4871139236268,-0.817920452608251));
#5974=CARTESIAN_POINT('Ctrl Pts',(-275.958095178284,21.1939159128338,0.00987166671869394));
#5975=CARTESIAN_POINT('Ctrl Pts',(-253.958095187427,22.5625499592832,-3.85520857410879));
#5976=CARTESIAN_POINT('Ctrl Pts',(-254.219999949332,22.5462538747167,-3.80921221510603));
#5977=CARTESIAN_POINT('Ctrl Pts',(-254.743809473048,22.5136595079818,-3.71720761173542));
#5978=CARTESIAN_POINT('Ctrl Pts',(-255.791428520574,22.4484729640354,-3.53321024666852));
#5979=CARTESIAN_POINT('Ctrl Pts',(-257.624761853646,22.3343941687547,-3.21120218404899));
#5980=CARTESIAN_POINT('Ctrl Pts',(-259.719999948145,22.2040080129585,-2.84313677832869));
#5981=CARTESIAN_POINT('Ctrl Pts',(-266.005714233857,21.812901917176,-1.73922380430383));
#5982=CARTESIAN_POINT('Ctrl Pts',(-271.243809463986,21.4867916776496,-0.818276892637649));
#5983=CARTESIAN_POINT('Ctrl Pts',(-275.958095178271,21.1934621554526,0.00965756941188404));
#5984=CARTESIAN_POINT('Ctrl Pts',(-253.958095187351,22.5630061581218,-3.85771265560105));
#5985=CARTESIAN_POINT('Ctrl Pts',(-254.219999949256,22.5466892319763,-3.81169376245665));
#5986=CARTESIAN_POINT('Ctrl Pts',(-254.743809472972,22.5140531811718,-3.71964408580783));
#5987=CARTESIAN_POINT('Ctrl Pts',(-255.791428520498,22.4487832699946,-3.53555657916106));
#5988=CARTESIAN_POINT('Ctrl Pts',(-257.624761853569,22.3345585810878,-3.21339076345051));
#5989=CARTESIAN_POINT('Ctrl Pts',(-259.719999948068,22.2040056854094,-2.84514504486854));
#5990=CARTESIAN_POINT('Ctrl Pts',(-266.00571423378,21.8123993917035,-1.74069125129365));
#5991=CARTESIAN_POINT('Ctrl Pts',(-271.243809463903,21.4858722423901,-0.819293228244848));
#5992=CARTESIAN_POINT('Ctrl Pts',(-275.958095178189,21.1921675717711,0.00904684835438314));
#5993=CARTESIAN_POINT('Ctrl Pts',(-253.958095186867,22.5634949473399,-3.86039274645258));
#5994=CARTESIAN_POINT('Ctrl Pts',(-254.219999948772,22.547155683734,-3.81434977701968));
#5995=CARTESIAN_POINT('Ctrl Pts',(-254.743809472488,22.5144749521644,-3.72225191577756));
#5996=CARTESIAN_POINT('Ctrl Pts',(-255.791428520014,22.4491156852798,-3.5380680718428));
#5997=CARTESIAN_POINT('Ctrl Pts',(-257.624761853084,22.334734617653,-3.21573363173827));
#5998=CARTESIAN_POINT('Ctrl Pts',(-259.719999947579,22.2040029758065,-2.84729504819745));
#5999=CARTESIAN_POINT('Ctrl Pts',(-266.005714233291,21.8118605828754,-1.74226342273425));
#6000=CARTESIAN_POINT('Ctrl Pts',(-271.243809463377,21.4848861829217,-0.820381127006082));
#6001=CARTESIAN_POINT('Ctrl Pts',(-275.958095177663,21.1907794380159,0.00839232278618986));
#6002=CARTESIAN_POINT('Ctrl Pts',(-253.958095186831,22.5638512990214,-3.86234512606067));
#6003=CARTESIAN_POINT('Ctrl Pts',(-254.219999948736,22.5474957165714,-3.81628460923095));
#6004=CARTESIAN_POINT('Ctrl Pts',(-254.743809472452,22.5147823468728,-3.72415165078047));
#6005=CARTESIAN_POINT('Ctrl Pts',(-255.791428519977,22.4493578041693,-3.53989761483484));
#6006=CARTESIAN_POINT('Ctrl Pts',(-257.624761853047,22.3348625033895,-3.21744033613639));
#6007=CARTESIAN_POINT('Ctrl Pts',(-259.719999947542,22.204000307284,-2.84886135421482));
#6008=CARTESIAN_POINT('Ctrl Pts',(-266.005714233254,21.8114662620811,-1.74340859115527));
#6009=CARTESIAN_POINT('Ctrl Pts',(-271.243809463338,21.4841654474252,-0.821175140314079));
#6010=CARTESIAN_POINT('Ctrl Pts',(-275.958095177624,21.1897649633254,0.00791416262091149));
#6011=CARTESIAN_POINT('Ctrl Pts',(-253.958095186829,22.5639262966832,-3.86275596924637));
#6012=CARTESIAN_POINT('Ctrl Pts',(-254.219999948734,22.5475672788525,-3.81669175987436));
#6013=CARTESIAN_POINT('Ctrl Pts',(-254.74380947245,22.5148470383749,-3.72455141624303));
#6014=CARTESIAN_POINT('Ctrl Pts',(-255.791428519976,22.4494087541311,-3.54028261003161));
#6015=CARTESIAN_POINT('Ctrl Pts',(-257.624761853045,22.3348894056369,-3.21779948326537));
#6016=CARTESIAN_POINT('Ctrl Pts',(-259.719999947541,22.2039997263461,-2.84919096023978));
#6017=CARTESIAN_POINT('Ctrl Pts',(-266.005714233252,21.8113832320063,-1.7436495761623));
#6018=CARTESIAN_POINT('Ctrl Pts',(-271.243809463336,21.4840137082282,-0.82134226621601));
#6019=CARTESIAN_POINT('Ctrl Pts',(-275.958095177622,21.1895513872762,0.00781350248025512));
#6020=CARTESIAN_POINT('Ctrl Pts',(-253.958095186826,22.5640012852223,-3.86316672649449));
#6021=CARTESIAN_POINT('Ctrl Pts',(-254.219999948731,22.547638832121,-3.81709882567622));
#6022=CARTESIAN_POINT('Ctrl Pts',(-254.743809472447,22.514911721067,-3.72495109895909));
#6023=CARTESIAN_POINT('Ctrl Pts',(-255.791428519973,22.4494596957054,-3.54066752676867));
#6024=CARTESIAN_POINT('Ctrl Pts',(-257.624761853043,22.3349163002174,-3.21815855933304));
#6025=CARTESIAN_POINT('Ctrl Pts',(-259.719999947538,22.2039991384813,-2.8495205032));
#6026=CARTESIAN_POINT('Ctrl Pts',(-266.005714233249,21.8113001976463,-1.74389052440669));
#6027=CARTESIAN_POINT('Ctrl Pts',(-271.243809463333,21.483861965429,-0.821509368950948));
#6028=CARTESIAN_POINT('Ctrl Pts',(-275.958095177619,21.1893378096064,0.00771284577782383));
#6029=CARTESIAN_POINT('Ctrl Pts',(-253.95809518682,22.5640950037979,-3.86368001205348));
#6030=CARTESIAN_POINT('Ctrl Pts',(-254.219999948725,22.5477282568175,-3.81760749899585));
#6031=CARTESIAN_POINT('Ctrl Pts',(-254.743809472441,22.5149925579256,-3.7254505473637));
#6032=CARTESIAN_POINT('Ctrl Pts',(-255.791428519966,22.4495233569677,-3.5411485257779));
#6033=CARTESIAN_POINT('Ctrl Pts',(-257.624761853036,22.3349499041013,-3.21860727143516));
#6034=CARTESIAN_POINT('Ctrl Pts',(-259.719999947531,22.2039983906986,-2.84993231391707));
#6035=CARTESIAN_POINT('Ctrl Pts',(-266.005714233243,21.8111963967633,-1.74419164136572));
#6036=CARTESIAN_POINT('Ctrl Pts',(-271.243809463326,21.4836722801267,-0.821718203690944));
#6037=CARTESIAN_POINT('Ctrl Pts',(-275.958095177612,21.1890708344807,0.00758703134650581));
#6038=CARTESIAN_POINT('Ctrl Pts',(-253.958095186813,22.564174643565,-3.8641161135273));
#6039=CARTESIAN_POINT('Ctrl Pts',(-254.219999948717,22.547804247022,-3.81803968239512));
#6040=CARTESIAN_POINT('Ctrl Pts',(-254.743809472433,22.5150612489156,-3.72587489412455));
#6041=CARTESIAN_POINT('Ctrl Pts',(-255.791428519959,22.4495774496176,-3.54155719974945));
#6042=CARTESIAN_POINT('Ctrl Pts',(-257.624761853029,22.3349784495608,-3.21898851750363));
#6043=CARTESIAN_POINT('Ctrl Pts',(-259.719999947524,22.2039977389468,-2.85028221149715));
#6044=CARTESIAN_POINT('Ctrl Pts',(-266.005714233235,21.8111081555062,-1.74444750514203));
#6045=CARTESIAN_POINT('Ctrl Pts',(-271.243809463318,21.4835110399535,-0.821895663992942));
#6046=CARTESIAN_POINT('Ctrl Pts',(-275.958095177604,21.1888439021806,0.00748009638627995));
#6047=CARTESIAN_POINT('Ctrl Pts',(-253.958095186812,22.5642214783507,-3.86437255223526));
#6048=CARTESIAN_POINT('Ctrl Pts',(-254.219999948717,22.5478489350876,-3.81829381714288));
#6049=CARTESIAN_POINT('Ctrl Pts',(-254.743809472433,22.5151016435305,-3.72612442089561));
#6050=CARTESIAN_POINT('Ctrl Pts',(-255.791428519958,22.4496092573414,-3.5417975106232));
#6051=CARTESIAN_POINT('Ctrl Pts',(-257.624761853028,22.3349952302142,-3.21921270049706));
#6052=CARTESIAN_POINT('Ctrl Pts',(-259.719999947523,22.2039973457567,-2.85048796236123));
#6053=CARTESIAN_POINT('Ctrl Pts',(-266.005714233235,21.8110562410317,-1.74459796095952));
#6054=CARTESIAN_POINT('Ctrl Pts',(-271.243809463317,21.4834161901895,-0.822000035776798));
#6055=CARTESIAN_POINT('Ctrl Pts',(-275.958095177603,21.1887104114535,0.00741719588609296));
#6056=CARTESIAN_POINT('Ctrl Pts',(-253.958095186812,22.5642402113948,-3.86447512072184));
#6057=CARTESIAN_POINT('Ctrl Pts',(-254.219999948716,22.5478668094466,-3.81839546409261));
#6058=CARTESIAN_POINT('Ctrl Pts',(-254.743809472433,22.5151178005203,-3.72622422477767));
#6059=CARTESIAN_POINT('Ctrl Pts',(-255.791428519958,22.4496219795918,-3.54189362836392));
#6060=CARTESIAN_POINT('Ctrl Pts',(-257.624761853028,22.3350019416718,-3.21930236749685));
#6061=CARTESIAN_POINT('Ctrl Pts',(-259.719999947523,22.2039971877424,-2.85057025711414));
#6062=CARTESIAN_POINT('Ctrl Pts',(-266.005714233235,21.8110354745734,-1.7446581388283));
#6063=CARTESIAN_POINT('Ctrl Pts',(-271.243809463317,21.4833782501305,-0.8220417834252));
#6064=CARTESIAN_POINT('Ctrl Pts',(-275.958095177603,21.1886570150614,0.00739203590091574));
#6065=CARTESIAN_POINT('Ctrl Pts',(-253.958095186811,22.5642729925975,-3.86465460082115));
#6066=CARTESIAN_POINT('Ctrl Pts',(-254.219999948716,22.5478980879854,-3.81857333177278));
#6067=CARTESIAN_POINT('Ctrl Pts',(-254.743809472432,22.5151460737174,-3.72639886754368));
#6068=CARTESIAN_POINT('Ctrl Pts',(-255.791428519958,22.4496442421195,-3.54206182137721));
#6069=CARTESIAN_POINT('Ctrl Pts',(-257.624761853027,22.335013685513,-3.21945927336198));
#6070=CARTESIAN_POINT('Ctrl Pts',(-259.719999947523,22.2039969101607,-2.85071426302266));
#6071=CARTESIAN_POINT('Ctrl Pts',(-266.005714233234,21.8109991330603,-1.74476344667512));
#6072=CARTESIAN_POINT('Ctrl Pts',(-271.243809463317,21.4833118541267,-0.822114836379728));
#6073=CARTESIAN_POINT('Ctrl Pts',(-275.958095177603,21.1885635711094,0.00734800649096292));
#6074=CARTESIAN_POINT('Ctrl Pts',(-253.95809518681,22.5643057721354,-3.86483406009543));
#6075=CARTESIAN_POINT('Ctrl Pts',(-254.219999948715,22.5479293648646,-3.8187511788223));
#6076=CARTESIAN_POINT('Ctrl Pts',(-254.743809472431,22.5151743452723,-3.72657349010199));
#6077=CARTESIAN_POINT('Ctrl Pts',(-255.791428519956,22.4496665030327,-3.54222999499462));
#6078=CARTESIAN_POINT('Ctrl Pts',(-257.624761853026,22.3350254277957,-3.21961616128836));
#6079=CARTESIAN_POINT('Ctrl Pts',(-259.719999947521,22.2039966311181,-2.85085825281924));
#6080=CARTESIAN_POINT('Ctrl Pts',(-266.005714233233,21.8109627902096,-1.74486874307629));
#6081=CARTESIAN_POINT('Ctrl Pts',(-271.243809463315,21.4832454574989,-0.822187884707069));
#6082=CARTESIAN_POINT('Ctrl Pts',(-275.958095177601,21.1884701266257,0.00730397820922929));
#6083=CARTESIAN_POINT('Ctrl Pts',(-253.95809518681,22.5643338644313,-3.86498784961645));
#6084=CARTESIAN_POINT('Ctrl Pts',(-254.219999948715,22.5479561692351,-3.81890358691371));
#6085=CARTESIAN_POINT('Ctrl Pts',(-254.743809472431,22.5151985737693,-3.72672313521538));
#6086=CARTESIAN_POINT('Ctrl Pts',(-255.791428519956,22.4496855798052,-3.54237411427034));
#6087=CARTESIAN_POINT('Ctrl Pts',(-257.624761853026,22.3350354890264,-3.21975061022149));
#6088=CARTESIAN_POINT('Ctrl Pts',(-259.719999947521,22.203996388767,-2.85098164937073));
#6089=CARTESIAN_POINT('Ctrl Pts',(-266.005714233233,21.8109316376453,-1.74495898531338));
#6090=CARTESIAN_POINT('Ctrl Pts',(-271.243809463315,21.483188544507,-0.822250488161515));
#6091=CARTESIAN_POINT('Ctrl Pts',(-275.958095177601,21.1883900309744,0.00726624048790553));
#6092=CARTESIAN_POINT('Ctrl Pts',(-253.95809518681,22.564352591925,-3.86509036988446));
#6093=CARTESIAN_POINT('Ctrl Pts',(-254.219999948714,22.5479740380629,-3.81900518600179));
#6094=CARTESIAN_POINT('Ctrl Pts',(-254.743809472431,22.5152147252982,-3.72682289211715));
#6095=CARTESIAN_POINT('Ctrl Pts',(-255.791428519956,22.4496982967036,-3.54247018662659));
#6096=CARTESIAN_POINT('Ctrl Pts',(-257.624761853026,22.3350421953564,-3.21984023480812));
#6097=CARTESIAN_POINT('Ctrl Pts',(-259.719999947521,22.2039962260311,-2.85106390589822));
#6098=CARTESIAN_POINT('Ctrl Pts',(-266.005714233233,21.8109108669296,-1.74501913352797));
#6099=CARTESIAN_POINT('Ctrl Pts',(-271.243809463315,21.4831506032905,-0.82229222766609));
#6100=CARTESIAN_POINT('Ctrl Pts',(-275.958095177601,21.1883366337722,0.00724108222192387));
#6101=CARTESIAN_POINT('Ctrl Pts',(-253.95809518681,22.5643713188382,-3.86519288364019));
#6102=CARTESIAN_POINT('Ctrl Pts',(-254.219999948714,22.5479919064559,-3.81910677939687));
#6103=CARTESIAN_POINT('Ctrl Pts',(-254.74380947243,22.515230876564,-3.72692264432932));
#6104=CARTESIAN_POINT('Ctrl Pts',(-255.791428519956,22.4497110138015,-3.54256625693285));
#6105=CARTESIAN_POINT('Ctrl Pts',(-257.624761853026,22.3350489025679,-3.21992986128682));
#6106=CARTESIAN_POINT('Ctrl Pts',(-259.719999947521,22.2039960643898,-2.85114616582022));
#6107=CARTESIAN_POINT('Ctrl Pts',(-266.005714233232,21.8108901008023,-1.74507930478039));
#6108=CARTESIAN_POINT('Ctrl Pts',(-271.243809463315,21.483112659299,-0.822333952101478));
#6109=CARTESIAN_POINT('Ctrl Pts',(-275.958095177601,21.1882832364182,0.00721592427829417));
#6110=CARTESIAN_POINT('Ctrl Pts',(-253.958095186809,22.5643900442658,-3.86529538591929));
#6111=CARTESIAN_POINT('Ctrl Pts',(-254.219999948714,22.5480097731342,-3.81920836014974));
#6112=CARTESIAN_POINT('Ctrl Pts',(-254.74380947243,22.5152470258655,-3.72702238267417));
#6113=CARTESIAN_POINT('Ctrl Pts',(-255.791428519956,22.4497237282281,-3.54266230981958));
#6114=CARTESIAN_POINT('Ctrl Pts',(-257.624761853026,22.3350556060931,-3.22001946530902));
#6115=CARTESIAN_POINT('Ctrl Pts',(-259.719999947521,22.2039958988892,-2.85122840275824));
#6116=CARTESIAN_POINT('Ctrl Pts',(-266.005714233232,21.8108693253224,-1.74513942510836));
#6117=CARTESIAN_POINT('Ctrl Pts',(-271.243809463315,21.4830747192803,-0.822375697194845));
#6118=CARTESIAN_POINT('Ctrl Pts',(-275.958095177601,21.1882298389123,0.00719076665701753));
#6119=CARTESIAN_POINT('Ctrl Pts',(-253.958095186809,22.5644040877884,-3.86537225797736));
#6120=CARTESIAN_POINT('Ctrl Pts',(-254.219999948714,22.5480231729582,-3.81928454301096));
#6121=CARTESIAN_POINT('Ctrl Pts',(-254.74380947243,22.5152591380789,-3.72709718601126));
#6122=CARTESIAN_POINT('Ctrl Pts',(-255.791428519956,22.4497332654329,-3.54273435523467));
#6123=CARTESIAN_POINT('Ctrl Pts',(-257.624761853026,22.3350606368055,-3.22008668315522));
#6124=CARTESIAN_POINT('Ctrl Pts',(-259.719999947521,22.2039957783152,-2.85129009803851));
#6125=CARTESIAN_POINT('Ctrl Pts',(-266.005714233232,21.8108537559761,-1.74518457963001));
#6126=CARTESIAN_POINT('Ctrl Pts',(-271.243809463315,21.4830462576493,-0.82240697079306));
#6127=CARTESIAN_POINT('Ctrl Pts',(-275.958095177601,21.188189790707,0.00717189860223697));
#6128=CARTESIAN_POINT('Ctrl Pts',(-253.958095186809,22.564418131011,-3.86544912668609));
#6129=CARTESIAN_POINT('Ctrl Pts',(-254.219999948714,22.5480365717583,-3.81936071871335));
#6130=CARTESIAN_POINT('Ctrl Pts',(-254.74380947243,22.5152712484394,-3.72717197784805));
#6131=CARTESIAN_POINT('Ctrl Pts',(-255.791428519956,22.4497427985101,-3.54280637720111));
#6132=CARTESIAN_POINT('Ctrl Pts',(-257.624761853026,22.3350656600694,-3.220153860138));
#6133=CARTESIAN_POINT('Ctrl Pts',(-259.719999947521,22.2039956494243,-2.85135174804793));
#6134=CARTESIAN_POINT('Ctrl Pts',(-266.005714233232,21.8108381609554,-1.74522959755219));
#6135=CARTESIAN_POINT('Ctrl Pts',(-271.243809463315,21.4830178089746,-0.822438312800591));
#6136=CARTESIAN_POINT('Ctrl Pts',(-275.958095177601,21.1881497424257,0.0071530307086336));
#6137=CARTESIAN_POINT('Ctrl Pts',(-253.958095186809,22.5644368538673,-3.86555160831282));
#6138=CARTESIAN_POINT('Ctrl Pts',(-254.219999948714,22.5480544370513,-3.81946228518881));
#6139=CARTESIAN_POINT('Ctrl Pts',(-254.74380947243,22.5152873977404,-3.72727170943772));
#6140=CARTESIAN_POINT('Ctrl Pts',(-255.791428519956,22.4497555166894,-3.5429024435856));
#6141=CARTESIAN_POINT('Ctrl Pts',(-257.624761853026,22.3350723728627,-3.22024350752616));
#6142=CARTESIAN_POINT('Ctrl Pts',(-259.719999947521,22.203995494827,-2.85143403777171));
#6143=CARTESIAN_POINT('Ctrl Pts',(-266.005714233232,21.8108174248146,-1.74528992350747));
#6144=CARTESIAN_POINT('Ctrl Pts',(-271.243809463315,21.482979847303,-0.822479942500002));
#6145=CARTESIAN_POINT('Ctrl Pts',(-275.958095177601,21.1880963446161,0.00712787373206584));
#6146=CARTESIAN_POINT('Ctrl Pts',(-253.95809518681,22.5644555781361,-3.86565409398063));
#6147=CARTESIAN_POINT('Ctrl Pts',(-254.219999948714,22.5480723006829,-3.81956383947721));
#6148=CARTESIAN_POINT('Ctrl Pts',(-254.74380947243,22.5153035418346,-3.72737141016391));
#6149=CARTESIAN_POINT('Ctrl Pts',(-255.791428519956,22.449768219978,-3.54299842802456));
#6150=CARTESIAN_POINT('Ctrl Pts',(-257.624761853026,22.335079056594,-3.22033299826913));
#6151=CARTESIAN_POINT('Ctrl Pts',(-259.719999947521,22.2039953072774,-2.8515161506274));
#6152=CARTESIAN_POINT('Ctrl Pts',(-266.005714233232,21.8107965820223,-1.74534968353415));
#6153=CARTESIAN_POINT('Ctrl Pts',(-271.243809463315,21.4829419408128,-0.822521863983703));
#6154=CARTESIAN_POINT('Ctrl Pts',(-275.958095177601,21.1880429466546,0.00710271707785348));
#6155=CARTESIAN_POINT('Ctrl Pts',(-253.95809518681,22.5644742971349,-3.86575654816109));
#6156=CARTESIAN_POINT('Ctrl Pts',(-254.219999948714,22.5480901640579,-3.81966538887011));
#6157=CARTESIAN_POINT('Ctrl Pts',(-254.74380947243,22.5153196914803,-3.72747113684181));
#6158=CARTESIAN_POINT('Ctrl Pts',(-255.791428519956,22.4497809446379,-3.54309452236403));
#6159=CARTESIAN_POINT('Ctrl Pts',(-257.624761853026,22.3350857848822,-3.22042272200486));
#6160=CARTESIAN_POINT('Ctrl Pts',(-259.719999947521,22.2039951708364,-2.85159853155068));
#6161=CARTESIAN_POINT('Ctrl Pts',(-266.005714233232,21.810775910536,-1.74541034916037));
#6162=CARTESIAN_POINT('Ctrl Pts',(-271.243809463315,21.4829039439274,-0.822563306491549));
#6163=CARTESIAN_POINT('Ctrl Pts',(-275.958095177601,21.1879895485412,0.00707756074599833));
#6164=CARTESIAN_POINT('Ctrl Pts',(-253.95809518681,22.5644930236753,-3.86585903988975));
#6165=CARTESIAN_POINT('Ctrl Pts',(-254.219999948714,22.5481080268323,-3.81976693273377));
#6166=CARTESIAN_POINT('Ctrl Pts',(-254.743809472431,22.5153358310996,-3.72757080814862));
#6167=CARTESIAN_POINT('Ctrl Pts',(-255.791428519956,22.4497936335862,-3.54319042546917));
#6168=CARTESIAN_POINT('Ctrl Pts',(-257.624761853026,22.3350924398234,-3.22051205546737));
#6169=CARTESIAN_POINT('Ctrl Pts',(-259.719999947521,22.2039949504621,-2.85168046640752));
#6170=CARTESIAN_POINT('Ctrl Pts',(-266.005714233232,21.8107549599102,-1.74546953595515));
#6171=CARTESIAN_POINT('Ctrl Pts',(-271.243809463315,21.4828660935002,-0.822605524178491));
#6172=CARTESIAN_POINT('Ctrl Pts',(-275.958095177601,21.1879361503266,0.00705240462904691));
#6173=CARTESIAN_POINT('Ctrl Pts',(-253.958095186809,22.5645163991849,-3.86598697746118));
#6174=CARTESIAN_POINT('Ctrl Pts',(-254.219999948714,22.548130339717,-3.81989377597754));
#6175=CARTESIAN_POINT('Ctrl Pts',(-254.74380947243,22.5153560099828,-3.72769541639879));
#6176=CARTESIAN_POINT('Ctrl Pts',(-255.791428519956,22.4498095531859,-3.54331060990007));
#6177=CARTESIAN_POINT('Ctrl Pts',(-257.624761853026,22.3351008963449,-3.22062444880254));
#6178=CARTESIAN_POINT('Ctrl Pts',(-259.719999947521,22.2039948363758,-2.85178373655659));
#6179=CARTESIAN_POINT('Ctrl Pts',(-266.005714233232,21.8107293425621,-1.74554654084454));
#6180=CARTESIAN_POINT('Ctrl Pts',(-271.243809463315,21.4828184727908,-0.822656666819789));
#6181=CARTESIAN_POINT('Ctrl Pts',(-275.958095177601,21.1878694023685,0.00702095988580989));
#6182=CARTESIAN_POINT('Ctrl Pts',(-253.95809518681,22.5645539089504,-3.86619224435599));
#6183=CARTESIAN_POINT('Ctrl Pts',(-254.219999948715,22.5481661124639,-3.82009709713642));
#6184=CARTESIAN_POINT('Ctrl Pts',(-254.743809472431,22.5153883249454,-3.72789493214058));
#6185=CARTESIAN_POINT('Ctrl Pts',(-255.791428519956,22.4498349363865,-3.54350242906928));
#6186=CARTESIAN_POINT('Ctrl Pts',(-257.624761853026,22.3351141662932,-3.22080289073271));
#6187=CARTESIAN_POINT('Ctrl Pts',(-259.719999947521,22.2039943394474,-2.8519472970608));
#6188=CARTESIAN_POINT('Ctrl Pts',(-266.005714233233,21.8106871576754,-1.74566340627847));
#6189=CARTESIAN_POINT('Ctrl Pts',(-271.243809463315,21.4827429419888,-0.822742000795895));
#6190=CARTESIAN_POINT('Ctrl Pts',(-275.958095177601,21.1877626052307,0.00697064915623898));
#6191=CARTESIAN_POINT('Ctrl Pts',(-253.958095186808,22.5646004213947,-3.86644682863702));
#6192=CARTESIAN_POINT('Ctrl Pts',(-254.219999948713,22.548210512609,-3.82034956172623));
#6193=CARTESIAN_POINT('Ctrl Pts',(-254.743809472429,22.5154284743633,-3.72814301898722));
#6194=CARTESIAN_POINT('Ctrl Pts',(-255.791428519954,22.449866610383,-3.54374189828168));
#6195=CARTESIAN_POINT('Ctrl Pts',(-257.624761853024,22.33513098044,-3.22102713154665));
#6196=CARTESIAN_POINT('Ctrl Pts',(-259.719999947519,22.203994047378,-2.85215347985284));
#6197=CARTESIAN_POINT('Ctrl Pts',(-266.005714233231,21.810636169639,-1.74581871231402));
#6198=CARTESIAN_POINT('Ctrl Pts',(-271.243809463313,21.482647466192,-0.822843042038046));
#6199=CARTESIAN_POINT('Ctrl Pts',(-275.958095177599,21.1876291080488,0.00690776235613206));
#6200=CARTESIAN_POINT('Ctrl Pts',(-253.958095187701,22.5743165119446,-3.91959440945414));
#6201=CARTESIAN_POINT('Ctrl Pts',(-254.219999949606,22.5574798933457,-3.87299563483282));
#6202=CARTESIAN_POINT('Ctrl Pts',(-254.743809473323,22.5238080894026,-3.77980542762749));
#6203=CARTESIAN_POINT('Ctrl Pts',(-255.791428520849,22.4564630535305,-3.59341769816897));
#6204=CARTESIAN_POINT('Ctrl Pts',(-257.624761853921,22.3386107690805,-3.26724700067039));
#6205=CARTESIAN_POINT('Ctrl Pts',(-259.719999948422,22.2039292200966,-2.89451520072277));
#6206=CARTESIAN_POINT('Ctrl Pts',(-266.005714234134,21.7998504168895,-1.77614483093588));
#6207=CARTESIAN_POINT('Ctrl Pts',(-271.243809464284,21.4632410142229,-0.844799265099944));
#6208=CARTESIAN_POINT('Ctrl Pts',(-275.958095178569,21.1601818794429,-0.0060213219163065));
#6209=CARTESIAN_POINT('Ctrl Pts',(-253.958095210966,22.5819262348096,-3.96048581505571));
#6210=CARTESIAN_POINT('Ctrl Pts',(-254.21999997287,22.5646797898064,-3.9135947437897));
#6211=CARTESIAN_POINT('Ctrl Pts',(-254.743809496608,22.5301817940999,-3.8197840288233));
#6212=CARTESIAN_POINT('Ctrl Pts',(-255.791428544155,22.4611908896183,-3.63219106629219));
#6213=CARTESIAN_POINT('Ctrl Pts',(-257.624761877284,22.3404513624011,-3.30387291414408));
#6214=CARTESIAN_POINT('Ctrl Pts',(-259.719999971949,22.2024391927097,-2.92851708487297));
#6215=CARTESIAN_POINT('Ctrl Pts',(-266.005714257661,21.7885243588602,-1.80313051395511));
#6216=CARTESIAN_POINT('Ctrl Pts',(-271.243809489564,21.4431574037914,-0.862857652414398));
#6217=CARTESIAN_POINT('Ctrl Pts',(-275.95809520385,21.1327213937329,-0.0188183696261215));
#6218=CARTESIAN_POINT('Ctrl Pts',(-253.9580952142,22.5954898584569,-4.03222433111175));
#6219=CARTESIAN_POINT('Ctrl Pts',(-254.219999976105,22.5777458826055,-3.98458057158434));
#6220=CARTESIAN_POINT('Ctrl Pts',(-254.743809499845,22.542260495876,-3.88930659014355));
#6221=CARTESIAN_POINT('Ctrl Pts',(-255.791428547395,22.4712871668724,-3.6987451394124));
#6222=CARTESIAN_POINT('Ctrl Pts',(-257.624761880533,22.3470865762309,-3.36527703623226));
#6223=CARTESIAN_POINT('Ctrl Pts',(-259.719999975219,22.2051551706794,-2.98423463535211));
#6224=CARTESIAN_POINT('Ctrl Pts',(-266.005714260931,21.7792998274946,-1.84078481441496));
#6225=CARTESIAN_POINT('Ctrl Pts',(-271.243809493078,21.4246403781283,-0.889071113885878));
#6226=CARTESIAN_POINT('Ctrl Pts',(-275.958095207363,21.1052488128015,-0.031483442392559));
#6227=CARTESIAN_POINT('Ctrl Pts',(-253.958095214198,22.5955162537431,-4.03236390734576));
#6228=CARTESIAN_POINT('Ctrl Pts',(-254.219999976103,22.5777713387394,-3.98471885307786));
#6229=CARTESIAN_POINT('Ctrl Pts',(-254.743809499843,22.5422840624321,-3.88944222023476));
#6230=CARTESIAN_POINT('Ctrl Pts',(-255.791428547392,22.4713069655049,-3.69887552839268));
#6231=CARTESIAN_POINT('Ctrl Pts',(-257.62476188053,22.347099768976,-3.36539818723971));
#6232=CARTESIAN_POINT('Ctrl Pts',(-259.719999975217,22.2051607605411,-2.98434493592653));
#6233=CARTESIAN_POINT('Ctrl Pts',(-266.005714260929,21.7792828773637,-1.8408640393524));
#6234=CARTESIAN_POINT('Ctrl Pts',(-271.243809493075,21.4246036777319,-0.889119131336326));
#6235=CARTESIAN_POINT('Ctrl Pts',(-275.958095207361,21.1051952076654,-0.0315081545139651));
#6236=CARTESIAN_POINT('Ctrl Pts',(-253.9580952142,22.5955625144768,-4.03260854547514));
#6237=CARTESIAN_POINT('Ctrl Pts',(-254.219999976105,22.5778159222613,-3.9849610403317));
#6238=CARTESIAN_POINT('Ctrl Pts',(-254.743809499845,22.5423252998038,-3.8896795511809));
#6239=CARTESIAN_POINT('Ctrl Pts',(-255.791428547394,22.4713415023332,-3.6991031014471));
#6240=CARTESIAN_POINT('Ctrl Pts',(-257.624761880532,22.3471225886755,-3.36560873244138));
#6241=CARTESIAN_POINT('Ctrl Pts',(-259.719999975219,22.2051702283502,-2.98453623557097));
#6242=CARTESIAN_POINT('Ctrl Pts',(-266.005714260931,21.7792520923398,-1.84099651935265));
#6243=CARTESIAN_POINT('Ctrl Pts',(-271.243809493077,21.4245400582947,-0.889206492742072));
#6244=CARTESIAN_POINT('Ctrl Pts',(-275.958095207363,21.1051013984166,-0.0315514001600868));
#6245=CARTESIAN_POINT('Ctrl Pts',(-253.958095214199,22.5956286153035,-4.03295807878224));
#6246=CARTESIAN_POINT('Ctrl Pts',(-254.219999976104,22.5778796478911,-3.9853071870958));
#6247=CARTESIAN_POINT('Ctrl Pts',(-254.743809499844,22.5423842689728,-3.89001889153684));
#6248=CARTESIAN_POINT('Ctrl Pts',(-255.791428547393,22.4713909646251,-3.6994288621864));
#6249=CARTESIAN_POINT('Ctrl Pts',(-257.624761880531,22.3471554074631,-3.36591069331901));
#6250=CARTESIAN_POINT('Ctrl Pts',(-259.719999975218,22.2051839973074,-2.98481083906709));
#6251=CARTESIAN_POINT('Ctrl Pts',(-266.00571426093,21.7792088563867,-1.84118984481324));
#6252=CARTESIAN_POINT('Ctrl Pts',(-271.243809493076,21.4244487978817,-0.889329228392472));
#6253=CARTESIAN_POINT('Ctrl Pts',(-275.958095207362,21.1049673844578,-0.0316131780365212));
#6254=CARTESIAN_POINT('Ctrl Pts',(-253.9580952142,22.5956947961275,-4.03330802574052));
#6255=CARTESIAN_POINT('Ctrl Pts',(-254.219999976105,22.577943441526,-3.98565368198852));
#6256=CARTESIAN_POINT('Ctrl Pts',(-254.743809499845,22.5424432915569,-3.89035850057562));
#6257=CARTESIAN_POINT('Ctrl Pts',(-255.791428547395,22.4714404417925,-3.69975468130732));
#6258=CARTESIAN_POINT('Ctrl Pts',(-257.624761880532,22.3471881836995,-3.36621239957323));
#6259=CARTESIAN_POINT('Ctrl Pts',(-259.719999975219,22.2051977024964,-2.98508507416962));
#6260=CARTESIAN_POINT('Ctrl Pts',(-266.005714260931,21.7791652691381,-1.84138123089302));
#6261=CARTESIAN_POINT('Ctrl Pts',(-271.243809493077,21.424357752332,-0.889453141291398));
#6262=CARTESIAN_POINT('Ctrl Pts',(-275.958095207363,21.1048333695047,-0.0316749537555413));
#6263=CARTESIAN_POINT('Ctrl Pts',(-253.9580952142,22.5957477702825,-4.03358812717361));
#6264=CARTESIAN_POINT('Ctrl Pts',(-254.219999976105,22.5779945103899,-3.98593104651039));
#6265=CARTESIAN_POINT('Ctrl Pts',(-254.743809499845,22.542490548396,-3.89063038334858));
#6266=CARTESIAN_POINT('Ctrl Pts',(-255.791428547395,22.4714800760194,-3.70001560847979));
#6267=CARTESIAN_POINT('Ctrl Pts',(-257.624761880532,22.3472144768164,-3.36645414599258));
#6268=CARTESIAN_POINT('Ctrl Pts',(-259.719999975219,22.2052087418096,-2.98530486225375));
#6269=CARTESIAN_POINT('Ctrl Pts',(-266.005714260931,21.7791305814228,-1.84153533286907));
#6270=CARTESIAN_POINT('Ctrl Pts',(-271.243809493077,21.4242848350115,-0.889551824974184));
#6271=CARTESIAN_POINT('Ctrl Pts',(-275.958095207363,21.1047261569455,-0.031724373036308));
#6272=CARTESIAN_POINT('Ctrl Pts',(-253.958095214201,22.5958007710137,-4.03386836349311));
#6273=CARTESIAN_POINT('Ctrl Pts',(-254.219999976105,22.578045602979,-3.98620853040244));
#6274=CARTESIAN_POINT('Ctrl Pts',(-254.743809499845,22.5425378254132,-3.89090236630028));
#6275=CARTESIAN_POINT('Ctrl Pts',(-255.791428547395,22.4715197211832,-3.70027658565063));
#6276=CARTESIAN_POINT('Ctrl Pts',(-257.624761880533,22.3472407669964,-3.36669586722114));
#6277=CARTESIAN_POINT('Ctrl Pts',(-259.719999975219,22.2052197725191,-2.98552459519819));
#6278=CARTESIAN_POINT('Ctrl Pts',(-266.005714260931,21.7790958167428,-1.84168900767265));
#6279=CARTESIAN_POINT('Ctrl Pts',(-271.243809493078,21.4242119686127,-0.889650787086043));
#6280=CARTESIAN_POINT('Ctrl Pts',(-275.958095207363,21.1046189439885,-0.031773791454102));
#6281=CARTESIAN_POINT('Ctrl Pts',(-253.958095214201,22.5958670687024,-4.03421889425855));
#6282=CARTESIAN_POINT('Ctrl Pts',(-254.219999976106,22.5781095165602,-3.98655562679996));
#6283=CARTESIAN_POINT('Ctrl Pts',(-254.743809499846,22.5425969702763,-3.89124259119892));
#6284=CARTESIAN_POINT('Ctrl Pts',(-255.791428547395,22.4715693291111,-3.70060307030436));
#6285=CARTESIAN_POINT('Ctrl Pts',(-257.624761880533,22.3472736847515,-3.36699830349999));
#6286=CARTESIAN_POINT('Ctrl Pts',(-259.71999997522,22.2052336134132,-2.9857995345571));
#6287=CARTESIAN_POINT('Ctrl Pts',(-266.005714260932,21.7790524390396,-1.84188152211804));
#6288=CARTESIAN_POINT('Ctrl Pts',(-271.243809493078,21.4241208656073,-0.889774377112935));
#6289=CARTESIAN_POINT('Ctrl Pts',(-275.958095207364,21.1044849270464,-0.0318355628582668));
#6290=CARTESIAN_POINT('Ctrl Pts',(-253.958095214202,22.5959466992654,-4.03463990001029));
#6291=CARTESIAN_POINT('Ctrl Pts',(-254.219999976106,22.5781862843364,-3.9869725015568));
#6292=CARTESIAN_POINT('Ctrl Pts',(-254.743809499847,22.5426680127021,-3.89165120519218));
#6293=CARTESIAN_POINT('Ctrl Pts',(-255.791428547396,22.4716289206138,-3.70099516154877));
#6294=CARTESIAN_POINT('Ctrl Pts',(-257.624761880534,22.3473132373767,-3.36736148124145));
#6295=CARTESIAN_POINT('Ctrl Pts',(-259.71999997522,22.205250265519,-2.98612967409255));
#6296=CARTESIAN_POINT('Ctrl Pts',(-266.005714260932,21.7790003842699,-1.84211251781277));
#6297=CARTESIAN_POINT('Ctrl Pts',(-271.243809493079,21.4240115742452,-0.889922858117232));
#6298=CARTESIAN_POINT('Ctrl Pts',(-275.958095207365,21.1043241055227,-0.0319096859543206));
#6299=CARTESIAN_POINT('Ctrl Pts',(-253.958095214202,22.596026403306,-4.03506127531315));
#6300=CARTESIAN_POINT('Ctrl Pts',(-254.219999976107,22.5782631251158,-3.98738974371236));
#6301=CARTESIAN_POINT('Ctrl Pts',(-254.743809499847,22.5427391268292,-3.89206018033898));
#6302=CARTESIAN_POINT('Ctrl Pts',(-255.791428547397,22.4716885815658,-3.70138760338958));
#6303=CARTESIAN_POINT('Ctrl Pts',(-257.624761880534,22.3473528551337,-3.36772498903525));
#6304=CARTESIAN_POINT('Ctrl Pts',(-259.719999975221,22.2052669761526,-2.9864601110276));
#6305=CARTESIAN_POINT('Ctrl Pts',(-266.005714260933,21.778948376632,-1.84234375919118));
#6306=CARTESIAN_POINT('Ctrl Pts',(-271.24380949308,21.4239022902289,-0.890071375275664));
#6307=CARTESIAN_POINT('Ctrl Pts',(-275.958095207365,21.1041632828057,-0.0319838064614113));
#6308=CARTESIAN_POINT('Ctrl Pts',(-253.958095214203,22.5961859567291,-4.03590475649141));
#6309=CARTESIAN_POINT('Ctrl Pts',(-254.219999976108,22.5784169499454,-3.98822494811974));
#6310=CARTESIAN_POINT('Ctrl Pts',(-254.743809499848,22.542881494478,-3.8928788312392));
#6311=CARTESIAN_POINT('Ctrl Pts',(-255.791428547398,22.4718080348467,-3.702173147241));
#6312=CARTESIAN_POINT('Ctrl Pts',(-257.624761880535,22.3474322082775,-3.36845259558818));
#6313=CARTESIAN_POINT('Ctrl Pts',(-259.719999975222,22.2053005005976,-2.98712150368869));
#6314=CARTESIAN_POINT('Ctrl Pts',(-266.005714260934,21.7788444148328,-1.8428065093522));
#6315=CARTESIAN_POINT('Ctrl Pts',(-271.243809493081,21.4236837570919,-0.890368592987721));
#6316=CARTESIAN_POINT('Ctrl Pts',(-275.958095207366,21.1038416349854,-0.0321320422976281));
#6317=CARTESIAN_POINT('Ctrl Pts',(-253.958095214214,22.5964258727967,-4.03717294293093));
#6318=CARTESIAN_POINT('Ctrl Pts',(-254.219999976119,22.5786482666417,-3.98948068717687));
#6319=CARTESIAN_POINT('Ctrl Pts',(-254.743809499859,22.543095611929,-3.89410967277334));
#6320=CARTESIAN_POINT('Ctrl Pts',(-255.791428547408,22.471987754308,-3.70335419647724));
#6321=CARTESIAN_POINT('Ctrl Pts',(-257.624761880546,22.3475517307207,-3.3695465053619));
#6322=CARTESIAN_POINT('Ctrl Pts',(-259.719999975233,22.2053512240731,-2.98811581246496));
#6323=CARTESIAN_POINT('Ctrl Pts',(-266.005714260945,21.7786887533806,-1.84350208086822));
#6324=CARTESIAN_POINT('Ctrl Pts',(-271.243809493092,21.4233560650978,-0.890814980207409));
#6325=CARTESIAN_POINT('Ctrl Pts',(-275.958095207378,21.1033591543069,-0.0323543766344356));
#6326=CARTESIAN_POINT('Ctrl Pts',(-253.95809521422,22.596853871098,-4.03943491852081));
#6327=CARTESIAN_POINT('Ctrl Pts',(-254.219999976125,22.5790609584851,-3.99172044093222));
#6328=CARTESIAN_POINT('Ctrl Pts',(-254.743809499865,22.543477690606,-3.89630498148365));
#6329=CARTESIAN_POINT('Ctrl Pts',(-255.791428547415,22.472308606902,-3.70546061646837));
#6330=CARTESIAN_POINT('Ctrl Pts',(-257.624761880552,22.3477654374022,-3.37149736862725));
#6331=CARTESIAN_POINT('Ctrl Pts',(-259.719999975239,22.2054424770977,-2.98988889010998));
#6332=CARTESIAN_POINT('Ctrl Pts',(-266.005714260951,21.7784126514093,-1.84474183444274));
#6333=CARTESIAN_POINT('Ctrl Pts',(-271.243809493099,21.4227738124594,-0.891610179038756));
#6334=CARTESIAN_POINT('Ctrl Pts',(-275.958095207385,21.1025013854272,-0.0327495824439859));
#6335=CARTESIAN_POINT('Ctrl Pts',(-253.958095214259,22.5972842843452,-4.04170910371082));
#6336=CARTESIAN_POINT('Ctrl Pts',(-254.219999976164,22.5794760377956,-3.99397226742228));
#6337=CARTESIAN_POINT('Ctrl Pts',(-254.743809499904,22.543862100323,-3.89851208112792));
#6338=CARTESIAN_POINT('Ctrl Pts',(-255.791428547454,22.4726316791458,-3.70757827183224));
#6339=CARTESIAN_POINT('Ctrl Pts',(-257.624761880591,22.3479811672337,-3.37345848642794));
#6340=CARTESIAN_POINT('Ctrl Pts',(-259.719999975278,22.2055355217545,-2.99167106318037));
#6341=CARTESIAN_POINT('Ctrl Pts',(-266.00571426099,21.7781376815335,-1.84598739843002));
#6342=CARTESIAN_POINT('Ctrl Pts',(-271.243809493141,21.4221920162728,-0.892407758594276));
#6343=CARTESIAN_POINT('Ctrl Pts',(-275.958095207427,21.1016435783801,-0.0331447054005482));
#6344=CARTESIAN_POINT('Ctrl Pts',(-253.958095214266,22.5977167761446,-4.04399367998191));
#6345=CARTESIAN_POINT('Ctrl Pts',(-254.219999976171,22.5798931688116,-3.99623435125663));
#6346=CARTESIAN_POINT('Ctrl Pts',(-254.743809499911,22.5442485094559,-3.9007291783497));
#6347=CARTESIAN_POINT('Ctrl Pts',(-255.791428547461,22.4729566448276,-3.70970539756159));
#6348=CARTESIAN_POINT('Ctrl Pts',(-257.624761880599,22.3481986065386,-3.37542816019108));
#6349=CARTESIAN_POINT('Ctrl Pts',(-259.719999975286,22.2056300722754,-2.99346078361733));
#6350=CARTESIAN_POINT('Ctrl Pts',(-266.005714260998,21.7778635732442,-1.84723730033275));
#6351=CARTESIAN_POINT('Ctrl Pts',(-271.243809493149,21.4216106651641,-0.893207662554369));
#6352=CARTESIAN_POINT('Ctrl Pts',(-275.958095207435,21.1007857331707,-0.0335397454992513));
#6353=CARTESIAN_POINT('Ctrl Pts',(-253.958095214277,22.5980422578624,-4.04571271950972));
#6354=CARTESIAN_POINT('Ctrl Pts',(-254.219999976181,22.5802071167191,-3.99793645559817));
#6355=CARTESIAN_POINT('Ctrl Pts',(-254.743809499922,22.54453938929,-3.90239740983171));
#6356=CARTESIAN_POINT('Ctrl Pts',(-255.791428547471,22.4732013889659,-3.7113058858024));
#6357=CARTESIAN_POINT('Ctrl Pts',(-257.624761880609,22.3483626127267,-3.37691009510781));
#6358=CARTESIAN_POINT('Ctrl Pts',(-259.719999975296,22.2057018043806,-2.99480721726282));
#6359=CARTESIAN_POINT('Ctrl Pts',(-266.005714261008,21.7776584938867,-1.84817728943305));
#6360=CARTESIAN_POINT('Ctrl Pts',(-271.243809493161,21.4211748707671,-0.893808734550947));
#6361=CARTESIAN_POINT('Ctrl Pts',(-275.958095207446,21.100142330187,-0.0338359841431064));
#6362=CARTESIAN_POINT('Ctrl Pts',(-253.958095214285,22.5983688096595,-4.04743713916382));
#6363=CARTESIAN_POINT('Ctrl Pts',(-254.21999997619,22.5805221216438,-3.99964387499853));
#6364=CARTESIAN_POINT('Ctrl Pts',(-254.74380949993,22.5448313000991,-3.90407082668492));
#6365=CARTESIAN_POINT('Ctrl Pts',(-255.79142854748,22.4734471119133,-3.71291129959346));
#6366=CARTESIAN_POINT('Ctrl Pts',(-257.624761880618,22.3485275065207,-3.37839650136516));
#6367=CARTESIAN_POINT('Ctrl Pts',(-259.719999975305,22.2057743202454,-2.99615760526708));
#6368=CARTESIAN_POINT('Ctrl Pts',(-266.005714261017,21.7774538848044,-1.84911967128605));
#6369=CARTESIAN_POINT('Ctrl Pts',(-271.24380949317,21.4207392924109,-0.894410936330782));
#6370=CARTESIAN_POINT('Ctrl Pts',(-275.958095207455,21.0994989081288,-0.0341321813555656));
#6371=CARTESIAN_POINT('Ctrl Pts',(-253.958095214296,22.598805626405,-4.04974348140303));
#6372=CARTESIAN_POINT('Ctrl Pts',(-254.219999976201,22.5809435253933,-4.00192746471808));
#6373=CARTESIAN_POINT('Ctrl Pts',(-254.743809499941,22.5452218773841,-3.90630890876682));
#6374=CARTESIAN_POINT('Ctrl Pts',(-255.79142854749,22.4737760367402,-3.71505836898884));
#6375=CARTESIAN_POINT('Ctrl Pts',(-257.624761880628,22.3487485390418,-3.38038429578845));
#6376=CARTESIAN_POINT('Ctrl Pts',(-259.719999975316,22.2058720450407,-2.99796335886656));
#6377=CARTESIAN_POINT('Ctrl Pts',(-266.005714261028,21.7771816976812,-1.85037936433542));
#6378=CARTESIAN_POINT('Ctrl Pts',(-271.243809493181,21.4201588048323,-0.89521535605778));
#6379=CARTESIAN_POINT('Ctrl Pts',(-275.958095207467,21.098640986622,-0.0345270557286777));
#6380=CARTESIAN_POINT('Ctrl Pts',(-253.958095214328,22.5993543492306,-4.05264004771569));
#6381=CARTESIAN_POINT('Ctrl Pts',(-254.219999976233,22.5814729502243,-4.00479543219632));
#6382=CARTESIAN_POINT('Ctrl Pts',(-254.743809499973,22.5457127047978,-3.90911967071843));
#6383=CARTESIAN_POINT('Ctrl Pts',(-255.791428547523,22.4741896707422,-3.7177547277161));
#6384=CARTESIAN_POINT('Ctrl Pts',(-257.624761880661,22.3490270830504,-3.38288044049406));
#6385=CARTESIAN_POINT('Ctrl Pts',(-259.719999975348,22.2059961937327,-3.00023065039746));
#6386=CARTESIAN_POINT('Ctrl Pts',(-266.00571426106,21.7768426944614,-1.85196028360379));
#6387=CARTESIAN_POINT('Ctrl Pts',(-271.243809493216,21.4194337191793,-0.896223624458924));
#6388=CARTESIAN_POINT('Ctrl Pts',(-275.958095207502,21.0975685370675,-0.0350205451104208));
#6389=CARTESIAN_POINT('Ctrl Pts',(-253.958095214359,22.5999064567368,-4.05555365943893));
#6390=CARTESIAN_POINT('Ctrl Pts',(-254.219999976264,22.582005718607,-4.00768024009108));
#6391=CARTESIAN_POINT('Ctrl Pts',(-254.743809500004,22.5462067935722,-3.91194686346318));
#6392=CARTESIAN_POINT('Ctrl Pts',(-255.791428547553,22.4746064016561,-3.72046669762632));
#6393=CARTESIAN_POINT('Ctrl Pts',(-257.624761880691,22.349308436257,-3.3853907624538));
#6394=CARTESIAN_POINT('Ctrl Pts',(-259.719999975379,22.2061228231239,-3.00251048213132));
#6395=CARTESIAN_POINT('Ctrl Pts',(-266.005714261091,21.7765051848464,-1.85354882322824));
#6396=CARTESIAN_POINT('Ctrl Pts',(-271.24380949325,21.4187093103027,-0.897235444632441));
#6397=CARTESIAN_POINT('Ctrl Pts',(-275.958095207535,21.0964960239669,-0.0355138963711351));
#6398=CARTESIAN_POINT('Ctrl Pts',(-253.958095214369,22.6002946095375,-4.05760162213423));
#6399=CARTESIAN_POINT('Ctrl Pts',(-254.219999976274,22.5823803130619,-4.00970793557797));
#6400=CARTESIAN_POINT('Ctrl Pts',(-254.743809500014,22.5465542708865,-3.91393402206057));
#6401=CARTESIAN_POINT('Ctrl Pts',(-255.791428547564,22.4748996451367,-3.72237278490833));
#6402=CARTESIAN_POINT('Ctrl Pts',(-257.624761880702,22.3495067700498,-3.38715497229717));
#6403=CARTESIAN_POINT('Ctrl Pts',(-259.719999975389,22.2062126865789,-3.00411253464031));
#6404=CARTESIAN_POINT('Ctrl Pts',(-266.005714261101,21.7762696479899,-1.85466446266098));
#6405=CARTESIAN_POINT('Ctrl Pts',(-271.243809493261,21.4182025680026,-0.897945527748448));
#6406=CARTESIAN_POINT('Ctrl Pts',(-275.958095207546,21.0957452314434,-0.0358591697358067));
#6407=CARTESIAN_POINT('Ctrl Pts',(-253.958095214372,22.6005168841973,-4.05877426698416));
#6408=CARTESIAN_POINT('Ctrl Pts',(-254.219999976276,22.5825948341991,-4.01086896974656));
#6409=CARTESIAN_POINT('Ctrl Pts',(-254.743809500017,22.5467532848506,-3.91507183416398));
#6410=CARTESIAN_POINT('Ctrl Pts',(-255.791428547566,22.4750676448817,-3.72346415358127));
#6411=CARTESIAN_POINT('Ctrl Pts',(-257.624761880704,22.3496204947754,-3.38816506421771));
#6412=CARTESIAN_POINT('Ctrl Pts',(-259.719999975392,22.2062643821082,-3.00502973552258));
#6413=CARTESIAN_POINT('Ctrl Pts',(-266.005714261104,21.7761352589689,-1.85530300716979));
#6414=CARTESIAN_POINT('Ctrl Pts',(-271.243809493264,21.4179130975851,-0.898351798358212));
#6415=CARTESIAN_POINT('Ctrl Pts',(-275.958095207549,21.0953161976161,-0.0360564480813399));
#6416=CARTESIAN_POINT('Ctrl Pts',(-253.958095214373,22.600739475702,-4.05994850853586));
#6417=CARTESIAN_POINT('Ctrl Pts',(-254.219999976278,22.58280966828,-4.01203158115));
#6418=CARTESIAN_POINT('Ctrl Pts',(-254.743809500019,22.546952604002,-3.91621118481896));
#6419=CARTESIAN_POINT('Ctrl Pts',(-255.791428547568,22.4752359342557,-3.72455698318963));
#6420=CARTESIAN_POINT('Ctrl Pts',(-257.624761880706,22.3497344819517,-3.38917648151254));
#6421=CARTESIAN_POINT('Ctrl Pts',(-259.719999975394,22.206316309242,-3.00594810803661));
#6422=CARTESIAN_POINT('Ctrl Pts',(-266.005714261106,21.7760010079301,-1.85594225611218));
#6423=CARTESIAN_POINT('Ctrl Pts',(-271.243809493266,21.4176236910339,-0.898758405558732));
#6424=CARTESIAN_POINT('Ctrl Pts',(-275.958095207551,21.0948871574372,-0.0362537126133392));
#6425=CARTESIAN_POINT('Ctrl Pts',(-253.958095214382,22.6009625742803,-4.0611253230557));
#6426=CARTESIAN_POINT('Ctrl Pts',(-254.219999976286,22.5830250036293,-4.01319673654516));
#6427=CARTESIAN_POINT('Ctrl Pts',(-254.743809500027,22.5471524125175,-3.91735301989357));
#6428=CARTESIAN_POINT('Ctrl Pts',(-255.791428547576,22.4754046894781,-3.72565217968671));
#6429=CARTESIAN_POINT('Ctrl Pts',(-257.624761880715,22.3498488935103,-3.39019005829036));
#6430=CARTESIAN_POINT('Ctrl Pts',(-259.719999975402,22.2063686119803,-3.00686839534316));
#6431=CARTESIAN_POINT('Ctrl Pts',(-266.005714261115,21.7758669931603,-1.85658272436403));
#6432=CARTESIAN_POINT('Ctrl Pts',(-271.243809493275,21.4173343794516,-0.899165513614362));
#6433=CARTESIAN_POINT('Ctrl Pts',(-275.95809520756,21.0944581077324,-0.0364509564247247));
#6434=CARTESIAN_POINT('Ctrl Pts',(-253.958095214383,22.6011861136318,-4.06230435023806));
#6435=CARTESIAN_POINT('Ctrl Pts',(-254.219999976288,22.583240774038,-4.01436407606956));
#6436=CARTESIAN_POINT('Ctrl Pts',(-254.743809500029,22.5473526449659,-3.91849698368804));
#6437=CARTESIAN_POINT('Ctrl Pts',(-255.791428547578,22.4755738460807,-3.72674939243382));
#6438=CARTESIAN_POINT('Ctrl Pts',(-257.624761880716,22.3499636673026,-3.39120545626312));
#6439=CARTESIAN_POINT('Ctrl Pts',(-259.719999975404,22.2064212336345,-3.00779028875937));
#6440=CARTESIAN_POINT('Ctrl Pts',(-266.005714261116,21.7757331601888,-1.85722411397669));
#6441=CARTESIAN_POINT('Ctrl Pts',(-271.243809493276,21.4170451611886,-0.899573114547838));
#6442=CARTESIAN_POINT('Ctrl Pts',(-275.958095207562,21.0940290485018,-0.0366481795148928));
#6443=CARTESIAN_POINT('Ctrl Pts',(-253.958095214386,22.6013540062702,-4.06318982611064));
#6444=CARTESIAN_POINT('Ctrl Pts',(-254.21999997629,22.5834028371359,-4.01524077204347));
#6445=CARTESIAN_POINT('Ctrl Pts',(-254.743809500031,22.5475030488769,-3.91935611928222));
#6446=CARTESIAN_POINT('Ctrl Pts',(-255.79142854758,22.475700931723,-3.72757340784876));
#6447=CARTESIAN_POINT('Ctrl Pts',(-257.624761880719,22.3500499458623,-3.3919680107434));
#6448=CARTESIAN_POINT('Ctrl Pts',(-259.719999975406,22.2064608750294,-3.00848259941812));
#6449=CARTESIAN_POINT('Ctrl Pts',(-266.005714261119,21.7756328926045,-1.8577057070496));
#6450=CARTESIAN_POINT('Ctrl Pts',(-271.243809493279,21.4168282937355,-0.899879059680921));
#6451=CARTESIAN_POINT('Ctrl Pts',(-275.958095207565,21.0937072493167,-0.0367960864717536));
#6452=CARTESIAN_POINT('Ctrl Pts',(-253.958095214387,22.6015221270704,-4.0640764538562));
#6453=CARTESIAN_POINT('Ctrl Pts',(-254.219999976292,22.5835651255847,-4.01611860584602));
#6454=CARTESIAN_POINT('Ctrl Pts',(-254.743809500032,22.5476536725497,-3.92021636479375));
#6455=CARTESIAN_POINT('Ctrl Pts',(-255.791428547582,22.4758282259168,-3.72839847718179));
#6456=CARTESIAN_POINT('Ctrl Pts',(-257.62476188072,22.3501364133896,-3.39273152133216));
#6457=CARTESIAN_POINT('Ctrl Pts',(-259.719999975408,22.2065006831625,-3.00917575524147));
#6458=CARTESIAN_POINT('Ctrl Pts',(-266.00571426112,21.7755327243032,-1.85818780822873));
#6459=CARTESIAN_POINT('Ctrl Pts',(-271.243809493281,21.4166114721125,-0.900185247250883));
#6460=CARTESIAN_POINT('Ctrl Pts',(-275.958095207566,21.0933854453696,-0.0369439830676971));
#6461=CARTESIAN_POINT('Ctrl Pts',(-253.95809521439,22.6017465982459,-4.06526019441067));
#6462=CARTESIAN_POINT('Ctrl Pts',(-254.219999976295,22.583781816575,-4.01729060256578));
#6463=CARTESIAN_POINT('Ctrl Pts',(-254.743809500036,22.5478548030287,-3.92136487306532));
#6464=CARTESIAN_POINT('Ctrl Pts',(-255.791428547585,22.4759982355137,-3.72950000933288));
#6465=CARTESIAN_POINT('Ctrl Pts',(-257.624761880723,22.3502519612926,-3.39375084444199));
#6466=CARTESIAN_POINT('Ctrl Pts',(-259.719999975411,22.206553988463,-3.01010112147946));
#6467=CARTESIAN_POINT('Ctrl Pts',(-266.005714261123,21.7753993051559,-1.85883132241015));
#6468=CARTESIAN_POINT('Ctrl Pts',(-271.243809493284,21.416322437167,-0.900593817922217));
#6469=CARTESIAN_POINT('Ctrl Pts',(-275.95809520757,21.0929563670913,-0.0371411647141929));
#6470=CARTESIAN_POINT('Ctrl Pts',(-253.958095214396,22.6021402191701,-4.06733576943374));
#6471=CARTESIAN_POINT('Ctrl Pts',(-254.219999976301,22.5841618125,-4.0193455775015));
#6472=CARTESIAN_POINT('Ctrl Pts',(-254.743809500041,22.5482075487052,-3.92337864644646));
#6473=CARTESIAN_POINT('Ctrl Pts',(-255.791428547591,22.4762964809422,-3.73143138097967));
#6474=CARTESIAN_POINT('Ctrl Pts',(-257.624761880729,22.3504548310207,-3.39553801158223));
#6475=CARTESIAN_POINT('Ctrl Pts',(-259.719999975417,22.2066478562096,-3.01172347694549));
#6476=CARTESIAN_POINT('Ctrl Pts',(-266.005714261129,21.7751661729113,-1.85995927573843));
#6477=CARTESIAN_POINT('Ctrl Pts',(-271.24380949329,21.4158167835034,-0.901309651111442));
#6478=CARTESIAN_POINT('Ctrl Pts',(-275.958095207576,21.09220546344,-0.037486196331275));
#6479=CARTESIAN_POINT('Ctrl Pts',(-253.958095214426,22.6025355152314,-4.06941987827463));
#6480=CARTESIAN_POINT('Ctrl Pts',(-254.219999976331,22.5845434645363,-4.02140899105937));
#6481=CARTESIAN_POINT('Ctrl Pts',(-254.743809500071,22.5485619113232,-3.92540066187313));
#6482=CARTESIAN_POINT('Ctrl Pts',(-255.791428547621,22.476596266087,-3.73337060768129));
#6483=CARTESIAN_POINT('Ctrl Pts',(-257.624761880759,22.350659104128,-3.39733234994806));
#6484=CARTESIAN_POINT('Ctrl Pts',(-259.719999975447,22.206742966233,-3.01335219287557));
#6485=CARTESIAN_POINT('Ctrl Pts',(-266.005714261159,21.7749338262948,-1.86109130464807));
#6486=CARTESIAN_POINT('Ctrl Pts',(-271.243809493323,21.415311438979,-0.902027125292232));
#6487=CARTESIAN_POINT('Ctrl Pts',(-275.958095207609,21.0914545264666,-0.037831155417621));
#6488=CARTESIAN_POINT('Ctrl Pts',(-253.958095214429,22.602825763168,-4.07094994028628));
#6489=CARTESIAN_POINT('Ctrl Pts',(-254.219999976333,22.5848237118882,-4.02292384498872));
#6490=CARTESIAN_POINT('Ctrl Pts',(-254.743809500074,22.548822157381,-3.92688509894804));
#6491=CARTESIAN_POINT('Ctrl Pts',(-255.791428547623,22.4768165096807,-3.73479421173461));
#6492=CARTESIAN_POINT('Ctrl Pts',(-257.624761880762,22.3508093432767,-3.39864949547803));
#6493=CARTESIAN_POINT('Ctrl Pts',(-259.71999997545,22.2068131997127,-3.01454766826037));
#6494=CARTESIAN_POINT('Ctrl Pts',(-266.005714261162,21.7747640457366,-1.86192178603673));
#6495=CARTESIAN_POINT('Ctrl Pts',(-271.243809493326,21.4149416360356,-0.902553385849862));
#6496=CARTESIAN_POINT('Ctrl Pts',(-275.958095207611,21.0909047129976,-0.0380836704937205));
#6497=CARTESIAN_POINT('Ctrl Pts',(-253.958095214429,22.6028966033532,-4.07132336894404));
#6498=CARTESIAN_POINT('Ctrl Pts',(-254.219999976334,22.5848921122968,-4.02329356130135));
#6499=CARTESIAN_POINT('Ctrl Pts',(-254.743809500074,22.5488856782272,-3.92724739051918));
#6500=CARTESIAN_POINT('Ctrl Pts',(-255.791428547624,22.4768702714115,-3.73514165387381));
#6501=CARTESIAN_POINT('Ctrl Pts',(-257.624761880762,22.3508460265456,-3.3989709510567));
#6502=CARTESIAN_POINT('Ctrl Pts',(-259.71999997545,22.2068303646953,-3.01483942467046));
#6503=CARTESIAN_POINT('Ctrl Pts',(-266.005714261162,21.7747226560824,-1.86212444616223));
#6504=CARTESIAN_POINT('Ctrl Pts',(-271.243809493326,21.4148514500515,-0.902681794676429));
#6505=CARTESIAN_POINT('Ctrl Pts',(-275.958095207612,21.0907706110361,-0.0381452571080085));
#6506=CARTESIAN_POINT('Ctrl Pts',(-253.958095214429,22.6029178585172,-4.07143541322221));
#6507=CARTESIAN_POINT('Ctrl Pts',(-254.219999976334,22.584912635487,-4.0234044916723));
#6508=CARTESIAN_POINT('Ctrl Pts',(-254.743809500074,22.5489047374696,-3.92735609307317));
#6509=CARTESIAN_POINT('Ctrl Pts',(-255.791428547624,22.4768864027586,-3.73524590079641));
#6510=CARTESIAN_POINT('Ctrl Pts',(-257.624761880762,22.3508570340756,-3.39906740062165));
#6511=CARTESIAN_POINT('Ctrl Pts',(-259.71999997545,22.2068355164327,-3.01492696295756));
#6512=CARTESIAN_POINT('Ctrl Pts',(-266.005714261162,21.7747102404502,-1.86218525067616));
#6513=CARTESIAN_POINT('Ctrl Pts',(-271.243809493326,21.414824394916,-0.902720320828625));
#6514=CARTESIAN_POINT('Ctrl Pts',(-275.958095207612,21.0907303803733,-0.0381637329303838));
#6515=CARTESIAN_POINT('Ctrl Pts',(-253.958095214429,22.6029391171381,-4.07154747511362));
#6516=CARTESIAN_POINT('Ctrl Pts',(-254.219999976334,22.5849331620942,-4.02351543945344));
#6517=CARTESIAN_POINT('Ctrl Pts',(-254.743809500074,22.5489238000472,-3.92746481262394));
#6518=CARTESIAN_POINT('Ctrl Pts',(-255.791428547624,22.4769025372792,-3.73535016389622));
#6519=CARTESIAN_POINT('Ctrl Pts',(-257.624761880762,22.3508680444941,-3.39916386492181));
#6520=CARTESIAN_POINT('Ctrl Pts',(-259.71999997545,22.2068406707249,-3.01501451429745));
#6521=CARTESIAN_POINT('Ctrl Pts',(-266.005714261162,21.7746978264124,-1.86224606336906));
#6522=CARTESIAN_POINT('Ctrl Pts',(-271.243809493326,21.4147973404262,-0.902758850474103));
#6523=CARTESIAN_POINT('Ctrl Pts',(-275.958095207612,21.0906901496362,-0.0381822085908475));
#6524=CARTESIAN_POINT('Ctrl Pts',(-253.958095214429,22.60298164084,-4.07177163161216));
#6525=CARTESIAN_POINT('Ctrl Pts',(-254.219999976334,22.5849742216859,-4.02373736732424));
#6526=CARTESIAN_POINT('Ctrl Pts',(-254.743809500074,22.5489619314179,-3.92768228323144));
#6527=CARTESIAN_POINT('Ctrl Pts',(-255.791428547624,22.4769348122082,-3.73555871998491));
#6528=CARTESIAN_POINT('Ctrl Pts',(-257.624761880762,22.3508900706496,-3.39935682059425));
#6529=CARTESIAN_POINT('Ctrl Pts',(-259.71999997545,22.2068509839932,-3.01518964088576));
#6530=CARTESIAN_POINT('Ctrl Pts',(-266.005714261162,21.7746730010352,-1.86236770289141));
#6531=CARTESIAN_POINT('Ctrl Pts',(-271.243809493326,21.4147432327873,-0.902835916770506));
#6532=CARTESIAN_POINT('Ctrl Pts',(-275.958095207612,21.0906096880131,-0.0382191595879515));
#6533=CARTESIAN_POINT('Ctrl Pts',(-253.95809521443,22.6030738148812,-4.0722575054907));
#6534=CARTESIAN_POINT('Ctrl Pts',(-254.219999976335,22.5850632230543,-4.02421841031335));
#6535=CARTESIAN_POINT('Ctrl Pts',(-254.743809500075,22.5490445874017,-3.92815366423454));
#6536=CARTESIAN_POINT('Ctrl Pts',(-255.791428547625,22.4770047774618,-3.73601077722237));
#6537=CARTESIAN_POINT('Ctrl Pts',(-257.624761880763,22.3509378270837,-3.39977506102096));
#6538=CARTESIAN_POINT('Ctrl Pts',(-259.719999975451,22.2068733587346,-3.01556923254938));
#6539=CARTESIAN_POINT('Ctrl Pts',(-266.005714261164,21.7746192316291,-1.86263135320245));
#6540=CARTESIAN_POINT('Ctrl Pts',(-271.243809493327,21.4146260065749,-0.90300293151994));
#6541=CARTESIAN_POINT('Ctrl Pts',(-275.958095207613,21.0904353536911,-0.0382992183276285));
#6542=CARTESIAN_POINT('Ctrl Pts',(-253.958095214431,22.6032157497703,-4.07300565566922));
#6543=CARTESIAN_POINT('Ctrl Pts',(-254.219999976336,22.5852002752903,-4.02495912026866));
#6544=CARTESIAN_POINT('Ctrl Pts',(-254.743809500076,22.5491718743147,-3.92887949363579));
#6545=CARTESIAN_POINT('Ctrl Pts',(-255.791428547626,22.4771125337455,-3.73670684562275));
#6546=CARTESIAN_POINT('Ctrl Pts',(-257.624761880764,22.3510114047483,-3.40041904755503));
#6547=CARTESIAN_POINT('Ctrl Pts',(-259.719999975452,22.2069078750411,-3.01615369644166));
#6548=CARTESIAN_POINT('Ctrl Pts',(-266.005714261164,21.7745365642603,-1.86303725173439));
#6549=CARTESIAN_POINT('Ctrl Pts',(-271.243809493328,21.4144456847076,-0.90326001635304));
#6550=CARTESIAN_POINT('Ctrl Pts',(-275.958095207614,21.0901671440676,-0.0384223791429083));
#6551=CARTESIAN_POINT('Ctrl Pts',(-253.958095214464,22.6042390274073,-4.078399224469));
#6552=CARTESIAN_POINT('Ctrl Pts',(-254.219999976369,22.5861883825471,-4.03029904256824));
#6553=CARTESIAN_POINT('Ctrl Pts',(-254.743809500109,22.5500896397611,-3.93411211718401));
#6554=CARTESIAN_POINT('Ctrl Pts',(-255.791428547659,22.4778896166173,-3.74172487739808));
#6555=CARTESIAN_POINT('Ctrl Pts',(-257.624761880797,22.351542291995,-3.40506153759536));
#6556=CARTESIAN_POINT('Ctrl Pts',(-259.719999975486,22.2071573908949,-3.02036696873845));
#6557=CARTESIAN_POINT('Ctrl Pts',(-266.005714261198,21.7739419909581,-1.86596300785328));
#6558=CARTESIAN_POINT('Ctrl Pts',(-271.243809493364,21.4131476137144,-0.905112349050942));
#6559=CARTESIAN_POINT('Ctrl Pts',(-275.95809520765,21.0882360062312,-0.0393090748372871));
#6560=CARTESIAN_POINT('Ctrl Pts',(-253.958095215055,22.6053320574816,-4.08415886306506));
#6561=CARTESIAN_POINT('Ctrl Pts',(-254.21999997696,22.5872441520277,-4.03600137014376));
#6562=CARTESIAN_POINT('Ctrl Pts',(-254.743809500701,22.5510708696018,-3.9396997201486));
#6563=CARTESIAN_POINT('Ctrl Pts',(-255.791428548251,22.4787217855628,-3.74708313333361));
#6564=CARTESIAN_POINT('Ctrl Pts',(-257.624761881391,22.3521135846972,-3.41001832685646));
#6565=CARTESIAN_POINT('Ctrl Pts',(-259.719999976083,22.2074304520795,-3.02486445401618));
#6566=CARTESIAN_POINT('Ctrl Pts',(-266.005714261795,21.7733207973379,-1.86908502554888));
#6567=CARTESIAN_POINT('Ctrl Pts',(-271.243809494006,21.4117796250403,-0.907079346124912));
#6568=CARTESIAN_POINT('Ctrl Pts',(-275.958095208292,21.0861973268703,-0.040244473541534));
#6569=CARTESIAN_POINT('Ctrl Pts',(-253.958095215082,22.606491324878,-4.09026587457717));
#6570=CARTESIAN_POINT('Ctrl Pts',(-254.219999976987,22.5883640688528,-4.04204739902071));
#6571=CARTESIAN_POINT('Ctrl Pts',(-254.743809500728,22.5521120844437,-3.94562377907145));
#6572=CARTESIAN_POINT('Ctrl Pts',(-255.791428548278,22.479605597276,-3.7527632570148));
#6573=CARTESIAN_POINT('Ctrl Pts',(-257.624761881418,22.3527219400388,-3.4152715588703));
#6574=CARTESIAN_POINT('Ctrl Pts',(-259.719999976111,22.207723996165,-3.02962978769497));
#6575=CARTESIAN_POINT('Ctrl Pts',(-266.005714261823,21.772669927688,-1.87238677584263));
#6576=CARTESIAN_POINT('Ctrl Pts',(-271.243809494036,21.4103416718433,-0.909161041860802));
#6577=CARTESIAN_POINT('Ctrl Pts',(-275.958095208321,21.0840510633907,-0.0412284818444331));
#6578=CARTESIAN_POINT('Ctrl Pts',(-253.958095215092,22.6068397961828,-4.09210155801756));
#6579=CARTESIAN_POINT('Ctrl Pts',(-254.219999976997,22.588700726593,-4.04386474488533));
#6580=CARTESIAN_POINT('Ctrl Pts',(-254.743809500738,22.5524251147511,-3.94740444810062));
#6581=CARTESIAN_POINT('Ctrl Pts',(-255.791428548288,22.4798713730202,-3.75447057405081));
#6582=CARTESIAN_POINT('Ctrl Pts',(-257.624761881428,22.3529050199738,-3.41685050812265));
#6583=CARTESIAN_POINT('Ctrl Pts',(-259.71999997612,22.207812565169,-3.03106202294765));
#6584=CARTESIAN_POINT('Ctrl Pts',(-266.005714261833,21.7724749711315,-1.87337890922626));
#6585=CARTESIAN_POINT('Ctrl Pts',(-271.243809494046,21.4099104179554,-0.909786279253371));
#6586=CARTESIAN_POINT('Ctrl Pts',(-275.958095208332,21.0834071653392,-0.0415236428732523));
#6587=CARTESIAN_POINT('Ctrl Pts',(-253.958095215101,22.6071889369296,-4.09394071609282));
#6588=CARTESIAN_POINT('Ctrl Pts',(-254.219999977006,22.5890380455715,-4.04568552349222));
#6589=CARTESIAN_POINT('Ctrl Pts',(-254.743809500747,22.5527387898964,-3.94918846611607));
#6590=CARTESIAN_POINT('Ctrl Pts',(-255.791428548297,22.4801377607946,-3.756181072532));
#6591=CARTESIAN_POINT('Ctrl Pts',(-257.624761881437,22.3530886545327,-3.41843234565442));
#6592=CARTESIAN_POINT('Ctrl Pts',(-259.71999997613,22.207901623221,-3.03249681157128));
#6593=CARTESIAN_POINT('Ctrl Pts',(-266.005714261842,21.7722803067371,-1.87437259055926));
#6594=CARTESIAN_POINT('Ctrl Pts',(-271.243809494057,21.409479292727,-0.91041222924951));
#6595=CARTESIAN_POINT('Ctrl Pts',(-275.958095208342,21.0827632482827,-0.0418187624387974));
#6596=CARTESIAN_POINT('Ctrl Pts',(-253.958095215111,22.607538730251,-4.09578327145943));
#6597=CARTESIAN_POINT('Ctrl Pts',(-254.219999977016,22.5893760091201,-4.04750965839508));
#6598=CARTESIAN_POINT('Ctrl Pts',(-254.743809500757,22.5530530936105,-3.95097575848596));
#6599=CARTESIAN_POINT('Ctrl Pts',(-255.791428548307,22.4804047451273,-3.7578946814355));
#6600=CARTESIAN_POINT('Ctrl Pts',(-257.624761881447,22.3532728296403,-3.42001700677978));
#6601=CARTESIAN_POINT('Ctrl Pts',(-259.71999997614,22.20799115785,-3.03393409621714));
#6602=CARTESIAN_POINT('Ctrl Pts',(-266.005714261852,21.7720859268069,-1.87536778402654));
#6603=CARTESIAN_POINT('Ctrl Pts',(-271.243809494067,21.409048292581,-0.911038875698224));
#6604=CARTESIAN_POINT('Ctrl Pts',(-275.958095208352,21.0821193122239,-0.042113840539845));
#6605=CARTESIAN_POINT('Ctrl Pts',(-253.95809521512,22.60788916171,-4.09762916008026));
#6606=CARTESIAN_POINT('Ctrl Pts',(-254.219999977025,22.5897146029957,-4.0493370864514));
#6607=CARTESIAN_POINT('Ctrl Pts',(-254.743809500766,22.5533680120201,-3.95276626374437));
#6608=CARTESIAN_POINT('Ctrl Pts',(-255.791428548316,22.4806723129032,-3.75961134276087));
#6609=CARTESIAN_POINT('Ctrl Pts',(-257.624761881456,22.3534575334877,-3.42160443944271));
#6610=CARTESIAN_POINT('Ctrl Pts',(-259.719999976149,22.2080811586498,-3.03537383108989));
#6611=CARTESIAN_POINT('Ctrl Pts',(-266.005714261861,21.7718918255973,-1.87636446530107));
#6612=CARTESIAN_POINT('Ctrl Pts',(-271.243809494077,21.4086174140228,-0.911666202494521));
#6613=CARTESIAN_POINT('Ctrl Pts',(-275.958095208363,21.0814753571653,-0.0424088771751711));
#6614=CARTESIAN_POINT('Ctrl Pts',(-253.958095215129,22.6082402099198,-4.09947827964815));
#6615=CARTESIAN_POINT('Ctrl Pts',(-254.219999977034,22.5900538060095,-4.05116770625033));
#6616=CARTESIAN_POINT('Ctrl Pts',(-254.743809500775,22.5536835243801,-3.95455988254699));
#6617=CARTESIAN_POINT('Ctrl Pts',(-255.791428548325,22.4809404442164,-3.7613309610239));
#6618=CARTESIAN_POINT('Ctrl Pts',(-257.624761881465,22.3536427476901,-3.42319455520634));
#6619=CARTESIAN_POINT('Ctrl Pts',(-259.719999976158,22.2081716092029,-3.03681593710222));
#6620=CARTESIAN_POINT('Ctrl Pts',(-266.00571426187,21.7716979914373,-1.87736257681429));
#6621=CARTESIAN_POINT('Ctrl Pts',(-271.243809494086,21.4081866534961,-0.912294193504292));
#6622=CARTESIAN_POINT('Ctrl Pts',(-275.958095208372,21.0808313831097,-0.0427038723435533));
#6623=CARTESIAN_POINT('Ctrl Pts',(-253.958095215138,22.6085332597517,-4.10102189541765));
#6624=CARTESIAN_POINT('Ctrl Pts',(-254.219999977043,22.5903369786647,-4.05269587362156));
#6625=CARTESIAN_POINT('Ctrl Pts',(-254.743809500784,22.5539469423996,-3.95605715154408));
#6626=CARTESIAN_POINT('Ctrl Pts',(-255.791428548334,22.4811643532459,-3.76276643484449));
#6627=CARTESIAN_POINT('Ctrl Pts',(-257.624761881474,22.3537975156857,-3.42452188578582));
#6628=CARTESIAN_POINT('Ctrl Pts',(-259.719999976167,22.2082473575376,-3.03801966794754));
#6629=CARTESIAN_POINT('Ctrl Pts',(-266.005714261879,21.771536687526,-1.87819554605364));
#6630=CARTESIAN_POINT('Ctrl Pts',(-271.243809494096,21.4078277817993,-0.912818059423309));
#6631=CARTESIAN_POINT('Ctrl Pts',(-275.958095208382,21.0802947222349,-0.0429496670937308));
#6632=CARTESIAN_POINT('Ctrl Pts',(-253.958095215141,22.6087679792408,-4.1022582604205));
#6633=CARTESIAN_POINT('Ctrl Pts',(-254.219999977045,22.5905637928038,-4.05391986119939));
#6634=CARTESIAN_POINT('Ctrl Pts',(-254.743809500786,22.5541579457545,-3.95725638380297));
#6635=CARTESIAN_POINT('Ctrl Pts',(-255.791428548337,22.4813437351161,-3.76391615693268));
#6636=CARTESIAN_POINT('Ctrl Pts',(-257.624761881477,22.3539215598682,-3.4255849645753));
#6637=CARTESIAN_POINT('Ctrl Pts',(-259.71999997617,22.2083081582516,-3.03898372360743));
#6638=CARTESIAN_POINT('Ctrl Pts',(-266.005714261882,21.7714077598346,-1.87886254349885));
#6639=CARTESIAN_POINT('Ctrl Pts',(-271.243809494099,21.4075407399053,-0.913237468139183));
#6640=CARTESIAN_POINT('Ctrl Pts',(-275.958095208385,21.0798653840388,-0.0431462821591799));
#6641=CARTESIAN_POINT('Ctrl Pts',(-253.958095215144,22.6091203467066,-4.10411433277103));
#6642=CARTESIAN_POINT('Ctrl Pts',(-254.219999977049,22.5909042986854,-4.05575734892982));
#6643=CARTESIAN_POINT('Ctrl Pts',(-254.74380950079,22.5544747283542,-3.95905670166039));
#6644=CARTESIAN_POINT('Ctrl Pts',(-255.79142854834,22.4816130712651,-3.76564213567456));
#6645=CARTESIAN_POINT('Ctrl Pts',(-257.62476188148,22.3541078646076,-3.42718084919021));
#6646=CARTESIAN_POINT('Ctrl Pts',(-259.719999976173,22.2083995694155,-3.04043092622837));
#6647=CARTESIAN_POINT('Ctrl Pts',(-266.005714261886,21.7712144929737,-1.8798637152182));
#6648=CARTESIAN_POINT('Ctrl Pts',(-271.243809494103,21.407110231632,-0.913866893164251));
#6649=CARTESIAN_POINT('Ctrl Pts',(-275.958095208389,21.0792213672494,-0.0434411840223526));
#6650=CARTESIAN_POINT('Ctrl Pts',(-253.958095215187,22.6096500820005,-4.10690475354666));
#6651=CARTESIAN_POINT('Ctrl Pts',(-254.219999977091,22.5914162284414,-4.058519824306));
#6652=CARTESIAN_POINT('Ctrl Pts',(-254.743809500832,22.554951045707,-3.96176327881246));
#6653=CARTESIAN_POINT('Ctrl Pts',(-255.791428548383,22.4820181651339,-3.76823692377634));
#6654=CARTESIAN_POINT('Ctrl Pts',(-257.624761881523,22.3543883159639,-3.42957999853619));
#6655=CARTESIAN_POINT('Ctrl Pts',(-259.719999976216,22.2085375659103,-3.04260645332001));
#6656=CARTESIAN_POINT('Ctrl Pts',(-266.005714261928,21.7709251565185,-1.88136855249971));
#6657=CARTESIAN_POINT('Ctrl Pts',(-271.243809494149,21.4064646705293,-0.91481218539147));
#6658=CARTESIAN_POINT('Ctrl Pts',(-275.958095208435,21.0782553064641,-0.0438834590596903));
#6659=CARTESIAN_POINT('Ctrl Pts',(-253.958095215201,22.6105945112075,-4.11187979080784));
#6660=CARTESIAN_POINT('Ctrl Pts',(-254.219999977106,22.5923289680502,-4.06344499565585));
#6661=CARTESIAN_POINT('Ctrl Pts',(-254.743809500847,22.5558004056571,-3.96658871575194));
#6662=CARTESIAN_POINT('Ctrl Pts',(-255.791428548397,22.4827407662276,-3.77286289447326));
#6663=CARTESIAN_POINT('Ctrl Pts',(-257.624761881538,22.3548890885655,-3.4338569005493));
#6664=CARTESIAN_POINT('Ctrl Pts',(-259.719999976231,22.2087848180479,-3.04648440746052));
#6665=CARTESIAN_POINT('Ctrl Pts',(-266.005714261943,21.7704118582893,-1.88404972469008));
#6666=CARTESIAN_POINT('Ctrl Pts',(-271.243809494165,21.4053175406465,-0.916495817339046));
#6667=CARTESIAN_POINT('Ctrl Pts',(-275.958095208451,21.0765377638167,-0.044669504603122));
#6668=CARTESIAN_POINT('Ctrl Pts',(-253.958095215342,22.6113655305377,-4.11594195020389));
#6669=CARTESIAN_POINT('Ctrl Pts',(-254.219999977247,22.593074199155,-4.06746642493137));
#6670=CARTESIAN_POINT('Ctrl Pts',(-254.743809500988,22.5564940558981,-3.97052866007373));
#6671=CARTESIAN_POINT('Ctrl Pts',(-255.791428548538,22.4833312591377,-3.77663989350942));
#6672=CARTESIAN_POINT('Ctrl Pts',(-257.624761881679,22.3552990514411,-3.43734871898366));
#6673=CARTESIAN_POINT('Ctrl Pts',(-259.719999976374,22.2089884400209,-3.04965018837115));
#6674=CARTESIAN_POINT('Ctrl Pts',(-266.005714262086,21.7699965627189,-1.88623798196384));
#6675=CARTESIAN_POINT('Ctrl Pts',(-271.243809494318,21.4043861019549,-0.917867351921679));
#6676=CARTESIAN_POINT('Ctrl Pts',(-275.958095208604,21.0751421370672,-0.0453078970163145));
#6677=CARTESIAN_POINT('Ctrl Pts',(-253.95809521535,22.6119599465312,-4.11907404729698));
#6678=CARTESIAN_POINT('Ctrl Pts',(-254.219999977255,22.5936487577595,-4.07056708109431));
#6679=CARTESIAN_POINT('Ctrl Pts',(-254.743809500997,22.5570288994662,-3.97356643292186));
#6680=CARTESIAN_POINT('Ctrl Pts',(-255.791428548547,22.4837866728905,-3.77955190117709));
#6681=CARTESIAN_POINT('Ctrl Pts',(-257.624761881687,22.3556154627412,-3.44004063603455));
#6682=CARTESIAN_POINT('Ctrl Pts',(-259.719999976382,22.2091459901529,-3.05209056641204));
#6683=CARTESIAN_POINT('Ctrl Pts',(-266.005714262094,21.769677535508,-1.88792377763722));
#6684=CARTESIAN_POINT('Ctrl Pts',(-271.243809494327,21.4036699047811,-0.918924204200117));
#6685=CARTESIAN_POINT('Ctrl Pts',(-275.958095208613,21.0740685068922,-0.045798812551978));
#6686=CARTESIAN_POINT('Ctrl Pts',(-253.958095215353,22.6121978531333,-4.12032766994047));
#6687=CARTESIAN_POINT('Ctrl Pts',(-254.219999977258,22.5938787196375,-4.07180811773068));
#6688=CARTESIAN_POINT('Ctrl Pts',(-254.743809500999,22.5572429718129,-3.97478229708098));
#6689=CARTESIAN_POINT('Ctrl Pts',(-255.79142854855,22.4839689662572,-3.78071742084303));
#6690=CARTESIAN_POINT('Ctrl Pts',(-257.62476188169,22.3557421428048,-3.44111805234369));
#6691=CARTESIAN_POINT('Ctrl Pts',(-259.719999976385,22.2092091117645,-3.05306729098139));
#6692=CARTESIAN_POINT('Ctrl Pts',(-266.005714262097,21.7695499837357,-1.88859843802204));
#6693=CARTESIAN_POINT('Ctrl Pts',(-271.24380949433,21.4033834514251,-0.919347104715329));
#6694=CARTESIAN_POINT('Ctrl Pts',(-275.958095208616,21.0736390485,-0.0459951649392434));
#6695=CARTESIAN_POINT('Ctrl Pts',(-253.958095215361,22.6126145650178,-4.1225236167487));
#6696=CARTESIAN_POINT('Ctrl Pts',(-254.219999977265,22.5942815236982,-4.07398201412679));
#6697=CARTESIAN_POINT('Ctrl Pts',(-254.743809501007,22.5576179599881,-3.97691209131613));
#6698=CARTESIAN_POINT('Ctrl Pts',(-255.791428548557,22.4842883228984,-3.78275901208806));
#6699=CARTESIAN_POINT('Ctrl Pts',(-257.624761881698,22.3559641440077,-3.44300528693064));
#6700=CARTESIAN_POINT('Ctrl Pts',(-259.719999976392,22.2093198484843,-3.05477811163954));
#6701=CARTESIAN_POINT('Ctrl Pts',(-266.005714262104,21.7693269326776,-1.88978004874884));
#6702=CARTESIAN_POINT('Ctrl Pts',(-271.243809494338,21.4028822234728,-0.920087592514951));
#6703=CARTESIAN_POINT('Ctrl Pts',(-275.958095208624,21.0728874797196,-0.0463387453205462));
#6704=CARTESIAN_POINT('Ctrl Pts',(-253.958095215392,22.6130916808053,-4.12503821781161));
#6705=CARTESIAN_POINT('Ctrl Pts',(-254.219999977297,22.5947427348254,-4.07647135959411));
#6706=CARTESIAN_POINT('Ctrl Pts',(-254.743809501038,22.5580473608011,-3.97935092000744));
#6707=CARTESIAN_POINT('Ctrl Pts',(-255.791428548589,22.484654104073,-3.78509681279166));
#6708=CARTESIAN_POINT('Ctrl Pts',(-257.624761881729,22.3562185897555,-3.44516628270045));
#6709=CARTESIAN_POINT('Ctrl Pts',(-259.719999976424,22.2094470490455,-3.05673701822411));
#6710=CARTESIAN_POINT('Ctrl Pts',(-266.005714262137,21.7690724213638,-1.89113282087101));
#6711=CARTESIAN_POINT('Ctrl Pts',(-271.243809494373,21.4023095336848,-0.920934773562836));
#6712=CARTESIAN_POINT('Ctrl Pts',(-275.958095208659,21.0720285060479,-0.0467313256477846));
#6713=CARTESIAN_POINT('Ctrl Pts',(-253.958095215399,22.6135097347473,-4.12724184865113));
#6714=CARTESIAN_POINT('Ctrl Pts',(-254.219999977304,22.5951468641526,-4.07865284668334));
#6715=CARTESIAN_POINT('Ctrl Pts',(-254.743809501045,22.5584236406811,-3.98148811837278));
#6716=CARTESIAN_POINT('Ctrl Pts',(-255.791428548596,22.4849746852754,-3.78714543492803));
#6717=CARTESIAN_POINT('Ctrl Pts',(-257.624761881737,22.3564416980403,-3.44705989513167));
#6718=CARTESIAN_POINT('Ctrl Pts',(-259.719999976431,22.2095587586825,-3.05845347092302));
#6719=CARTESIAN_POINT('Ctrl Pts',(-266.005714262144,21.7688499402373,-1.89231782352614));
#6720=CARTESIAN_POINT('Ctrl Pts',(-271.24380949438,21.4018085416134,-0.921676796255157));
#6721=CARTESIAN_POINT('Ctrl Pts',(-275.958095208666,21.0712768709088,-0.0470747608349));
#6722=CARTESIAN_POINT('Ctrl Pts',(-253.958095215402,22.6137487947831,-4.12850207537883));
#6723=CARTESIAN_POINT('Ctrl Pts',(-254.219999977307,22.5953779650723,-4.07990040739937));
#6724=CARTESIAN_POINT('Ctrl Pts',(-254.743809501048,22.5586388232718,-3.98271034651974));
#6725=CARTESIAN_POINT('Ctrl Pts',(-255.791428548599,22.4851580313047,-3.78831699848057));
#6726=CARTESIAN_POINT('Ctrl Pts',(-257.62476188174,22.3565693299835,-3.44814279506207));
#6727=CARTESIAN_POINT('Ctrl Pts',(-259.719999976434,22.2096227169264,-3.05943503841951));
#6728=CARTESIAN_POINT('Ctrl Pts',(-266.005714262147,21.7687228796932,-1.89299540672605));
#6729=CARTESIAN_POINT('Ctrl Pts',(-271.243809494384,21.4015222904312,-0.922101012400363));
#6730=CARTESIAN_POINT('Ctrl Pts',(-275.958095208669,21.0708473556377,-0.0472709887700047));
#6731=CARTESIAN_POINT('Ctrl Pts',(-253.958095215404,22.6139879639663,-4.12976294723434));
#6732=CARTESIAN_POINT('Ctrl Pts',(-254.219999977309,22.5956091737116,-4.08114860509858));
#6733=CARTESIAN_POINT('Ctrl Pts',(-254.74380950105,22.5588541107718,-3.98393319561611));
#6734=CARTESIAN_POINT('Ctrl Pts',(-255.791428548601,22.4853414765774,-3.78948915066043));
#6735=CARTESIAN_POINT('Ctrl Pts',(-257.624761881741,22.3566970513036,-3.44922622732854));
#6736=CARTESIAN_POINT('Ctrl Pts',(-259.719999976436,22.2096867534852,-3.06041707512704));
#6737=CARTESIAN_POINT('Ctrl Pts',(-266.005714262148,21.7685958631975,-1.89367326367366));
#6738=CARTESIAN_POINT('Ctrl Pts',(-271.243809494386,21.4012360586321,-0.922525361319822));
#6739=CARTESIAN_POINT('Ctrl Pts',(-275.958095208671,21.0704178340489,-0.0474672028760752));
#6740=CARTESIAN_POINT('Ctrl Pts',(-253.958095215413,22.6142871557477,-4.13134039838279));
#6741=CARTESIAN_POINT('Ctrl Pts',(-254.219999977318,22.5958984122002,-4.08271019856022));
#6742=CARTESIAN_POINT('Ctrl Pts',(-254.743809501059,22.5591234423805,-3.98546307204349));
#6743=CARTESIAN_POINT('Ctrl Pts',(-255.79142854861,22.4855709947192,-3.79095559467383));
#6744=CARTESIAN_POINT('Ctrl Pts',(-257.624761881751,22.3568568955647,-3.45058166284665));
#6745=CARTESIAN_POINT('Ctrl Pts',(-259.719999976446,22.2097669690633,-3.06164563594214));
#6746=CARTESIAN_POINT('Ctrl Pts',(-266.005714262158,21.7684371997375,-1.89452123995547));
#6747=CARTESIAN_POINT('Ctrl Pts',(-271.243809494396,21.4008783040739,-0.923056041385031));
#6748=CARTESIAN_POINT('Ctrl Pts',(-275.958095208681,21.0698809202188,-0.0477124445788366));
#6749=CARTESIAN_POINT('Ctrl Pts',(-253.958095215418,22.6150057908631,-4.13512976862498));
#6750=CARTESIAN_POINT('Ctrl Pts',(-254.219999977323,22.5965931514661,-4.08646146416507));
#6751=CARTESIAN_POINT('Ctrl Pts',(-254.743809501064,22.5597703897967,-3.98913812752587));
#6752=CARTESIAN_POINT('Ctrl Pts',(-255.791428548615,22.4861223585864,-3.79447823075594));
#6753=CARTESIAN_POINT('Ctrl Pts',(-257.624761881755,22.3572409880604,-3.45383756407429));
#6754=CARTESIAN_POINT('Ctrl Pts',(-259.71999997645,22.2099598935652,-3.06459669332804));
#6755=CARTESIAN_POINT('Ctrl Pts',(-266.005714262163,21.7680566238471,-1.89655778601952));
#6756=CARTESIAN_POINT('Ctrl Pts',(-271.243809494401,21.400019798273,-0.924330421966041));
#6757=CARTESIAN_POINT('Ctrl Pts',(-275.958095208686,21.0685922891271,-0.0483009416876035));
#6758=CARTESIAN_POINT('Ctrl Pts',(-253.958095215535,22.6156662528029,-4.13861369153162));
#6759=CARTESIAN_POINT('Ctrl Pts',(-254.219999977439,22.5972316916118,-4.08991035606669));
#6760=CARTESIAN_POINT('Ctrl Pts',(-254.743809501181,22.5603650826707,-3.99251693659792));
#6761=CARTESIAN_POINT('Ctrl Pts',(-255.791428548731,22.4866293605868,-3.79771689491186));
#6762=CARTESIAN_POINT('Ctrl Pts',(-257.624761881872,22.3575945271043,-3.45683095242641));
#6763=CARTESIAN_POINT('Ctrl Pts',(-259.719999976568,22.2101380289578,-3.06730966804573));
#6764=CARTESIAN_POINT('Ctrl Pts',(-266.00571426228,21.7677086360709,-1.8984300159899));
#6765=CARTESIAN_POINT('Ctrl Pts',(-271.243809494527,21.3992330585713,-0.925500245576));
#6766=CARTESIAN_POINT('Ctrl Pts',(-275.958095208813,21.0674109571319,-0.048840207207354));
#6767=CARTESIAN_POINT('Ctrl Pts',(-253.95809521554,22.6162672139709,-4.14178484651756));
#6768=CARTESIAN_POINT('Ctrl Pts',(-254.219999977445,22.5978127128746,-4.09304959480116));
#6769=CARTESIAN_POINT('Ctrl Pts',(-254.743809501187,22.5609062239372,-3.99559234177387));
#6770=CARTESIAN_POINT('Ctrl Pts',(-255.791428548737,22.4870907420458,-3.80066463402247));
#6771=CARTESIAN_POINT('Ctrl Pts',(-257.624761881878,22.3579163287019,-3.45955527479709));
#6772=CARTESIAN_POINT('Ctrl Pts',(-259.719999976574,22.2103003098356,-3.06977865200887));
#6773=CARTESIAN_POINT('Ctrl Pts',(-266.005714262286,21.7673923592165,-1.90013300988589));
#6774=CARTESIAN_POINT('Ctrl Pts',(-271.243809494534,21.398517967672,-0.926564823877789));
#6775=CARTESIAN_POINT('Ctrl Pts',(-275.958095208819,21.0663369479378,-0.0493302929826281));
#6776=CARTESIAN_POINT('Ctrl Pts',(-253.958095215542,22.6164475560485,-4.14273655944855));
#6777=CARTESIAN_POINT('Ctrl Pts',(-254.219999977447,22.5979870722738,-4.09399172830857));
#6778=CARTESIAN_POINT('Ctrl Pts',(-254.743809501188,22.5610686179332,-3.99651531617054));
#6779=CARTESIAN_POINT('Ctrl Pts',(-255.791428548739,22.4872292052819,-3.80154929046028));
#6780=CARTESIAN_POINT('Ctrl Pts',(-257.62476188188,22.3580129130585,-3.4603728745258));
#6781=CARTESIAN_POINT('Ctrl Pts',(-259.719999976576,22.2103490323954,-3.07051961425244));
#6782=CARTESIAN_POINT('Ctrl Pts',(-266.005714262288,21.7672974974957,-1.90064406595566));
#6783=CARTESIAN_POINT('Ctrl Pts',(-271.243809494535,21.3983034483896,-0.926884268860858));
#6784=CARTESIAN_POINT('Ctrl Pts',(-275.958095208821,21.0660147404459,-0.0494773083412995));
#6785=CARTESIAN_POINT('Ctrl Pts',(-253.958095215544,22.6165978868212,-4.14352996682609));
#6786=CARTESIAN_POINT('Ctrl Pts',(-254.219999977448,22.5981324169142,-4.0947771491353));
#6787=CARTESIAN_POINT('Ctrl Pts',(-254.74380950119,22.5612039902497,-3.99728476356144));
#6788=CARTESIAN_POINT('Ctrl Pts',(-255.79142854874,22.4873446330096,-3.80228679131246));
#6789=CARTESIAN_POINT('Ctrl Pts',(-257.624761881882,22.3580934376927,-3.46105446857889));
#6790=CARTESIAN_POINT('Ctrl Pts',(-259.719999976577,22.2103896674995,-3.0711373132408));
#6791=CARTESIAN_POINT('Ctrl Pts',(-266.00571426229,21.7672184654226,-1.90107008771433));
#6792=CARTESIAN_POINT('Ctrl Pts',(-271.243809494537,21.3981246885836,-0.927150530929416));
#6793=CARTESIAN_POINT('Ctrl Pts',(-275.958095208823,21.0657462302584,-0.0495998124951391));
#6794=CARTESIAN_POINT('Ctrl Pts',(-253.958095215544,22.6167181729862,-4.14416484889918));
#6795=CARTESIAN_POINT('Ctrl Pts',(-254.219999977449,22.5982487138451,-4.09540563980655));
#6796=CARTESIAN_POINT('Ctrl Pts',(-254.74380950119,22.561312308702,-3.99790047136632));
#6797=CARTESIAN_POINT('Ctrl Pts',(-255.791428548741,22.4874369945152,-3.80287693344709));
#6798=CARTESIAN_POINT('Ctrl Pts',(-257.624761881882,22.3581578745304,-3.46159987072369));
#6799=CARTESIAN_POINT('Ctrl Pts',(-259.719999976578,22.2104221903824,-3.07163158367219));
#6800=CARTESIAN_POINT('Ctrl Pts',(-266.00571426229,21.7671552466864,-1.90141096449988));
#6801=CARTESIAN_POINT('Ctrl Pts',(-271.243809494538,21.3979816842811,-0.927363574298347));
#6802=CARTESIAN_POINT('Ctrl Pts',(-275.958095208823,21.0655314197419,-0.0496978106311036));
#6803=CARTESIAN_POINT('Ctrl Pts',(-253.958095215545,22.6168986293395,-4.14511736063919));
#6804=CARTESIAN_POINT('Ctrl Pts',(-254.21999997745,22.5984231860294,-4.09634856230438));
#6805=CARTESIAN_POINT('Ctrl Pts',(-254.743809501192,22.5614748125047,-3.99882421514267));
#6806=CARTESIAN_POINT('Ctrl Pts',(-255.791428548742,22.487575561598,-3.80376232001672));
#6807=CARTESIAN_POINT('Ctrl Pts',(-257.624761881883,22.3582545523071,-3.46241813192875));
#6808=CARTESIAN_POINT('Ctrl Pts',(-259.719999976579,22.2104709944603,-3.07237312905394));
#6809=CARTESIAN_POINT('Ctrl Pts',(-266.005714262291,21.7670604307066,-1.90192236806199));
#6810=CARTESIAN_POINT('Ctrl Pts',(-271.243809494539,21.3977671811824,-0.927683172674519));
#6811=CARTESIAN_POINT('Ctrl Pts',(-275.958095208825,21.0652092016008,-0.0498448026479037));
#6812=CARTESIAN_POINT('Ctrl Pts',(-253.958095215549,22.6171694079448,-4.14654679486435));
#6813=CARTESIAN_POINT('Ctrl Pts',(-254.219999977454,22.5986849871966,-4.0977636047742));
#6814=CARTESIAN_POINT('Ctrl Pts',(-254.743809501195,22.5617186586955,-4.00021047351156));
#6815=CARTESIAN_POINT('Ctrl Pts',(-255.791428548746,22.487783497936,-3.80509101077183));
#6816=CARTESIAN_POINT('Ctrl Pts',(-257.624761881887,22.3583996462955,-3.46364607873034));
#6817=CARTESIAN_POINT('Ctrl Pts',(-259.719999976583,22.2105442681463,-3.07348593711807));
#6818=CARTESIAN_POINT('Ctrl Pts',(-266.005714262295,21.7669182458767,-1.90268977398021));
#6819=CARTESIAN_POINT('Ctrl Pts',(-271.243809494543,21.397445438982,-0.928162692843876));
#6820=CARTESIAN_POINT('Ctrl Pts',(-275.958095208829,21.0647258655157,-0.0500652712211627));
#6821=CARTESIAN_POINT('Ctrl Pts',(-253.958095215592,22.6183735303545,-4.15290463010052));
#6822=CARTESIAN_POINT('Ctrl Pts',(-254.219999977497,22.599849202235,-4.10405742337765));
#6823=CARTESIAN_POINT('Ctrl Pts',(-254.743809501239,22.5628030577065,-4.00637625158755));
#6824=CARTESIAN_POINT('Ctrl Pts',(-255.791428548789,22.4887082661721,-3.81100071502823));
#6825=CARTESIAN_POINT('Ctrl Pts',(-257.62476188193,22.3590450593057,-3.4691076460587));
#6826=CARTESIAN_POINT('Ctrl Pts',(-259.719999976627,22.2108704119673,-3.07843531362403));
#6827=CARTESIAN_POINT('Ctrl Pts',(-266.005714262339,21.7662866127466,-1.90610275108223));
#6828=CARTESIAN_POINT('Ctrl Pts',(-271.24380949459,21.3960155481984,-0.930294714229406));
#6829=CARTESIAN_POINT('Ctrl Pts',(-275.958095208876,21.0625776420479,-0.0510449932177693));
#6830=CARTESIAN_POINT('Ctrl Pts',(-253.958095215977,22.6204254384808,-4.16374930563238));
#6831=CARTESIAN_POINT('Ctrl Pts',(-254.219999977882,22.6018332144025,-4.11479288620957));
#6832=CARTESIAN_POINT('Ctrl Pts',(-254.743809501624,22.5646512666993,-4.01689322472849));
#6833=CARTESIAN_POINT('Ctrl Pts',(-255.791428549175,22.4902848800312,-3.82108077284197));
#6834=CARTESIAN_POINT('Ctrl Pts',(-257.624761882317,22.360146369677,-3.47842303349416));
#6835=CARTESIAN_POINT('Ctrl Pts',(-259.719999977016,22.2114284651311,-3.08687648810209));
#6836=CARTESIAN_POINT('Ctrl Pts',(-266.005714262728,21.7652151625607,-1.91192281882541));
#6837=CARTESIAN_POINT('Ctrl Pts',(-271.243809495009,21.3935852130021,-0.933925011974643));
#6838=CARTESIAN_POINT('Ctrl Pts',(-275.958095209294,21.0589251795936,-0.0527094623640714));
#6839=CARTESIAN_POINT('Ctrl Pts',(-253.958095216341,22.6225985911529,-4.17526144186861));
#6840=CARTESIAN_POINT('Ctrl Pts',(-254.219999978245,22.6039344584249,-4.12618900135507));
#6841=CARTESIAN_POINT('Ctrl Pts',(-254.743809501988,22.5666086828079,-4.02805723706858));
#6842=CARTESIAN_POINT('Ctrl Pts',(-255.791428549539,22.4919546508877,-3.83178063997234));
#6843=CARTESIAN_POINT('Ctrl Pts',(-257.624761882682,22.3613127500238,-3.48831058186222));
#6844=CARTESIAN_POINT('Ctrl Pts',(-259.719999977383,22.2120194918558,-3.09583538555412));
#6845=CARTESIAN_POINT('Ctrl Pts',(-266.005714263096,21.7640803813731,-1.9180972082741));
#6846=CARTESIAN_POINT('Ctrl Pts',(-271.243809495403,21.3910113481372,-0.937773778240429));
#6847=CARTESIAN_POINT('Ctrl Pts',(-275.958095209689,21.0550569590342,-0.0544698489967409));
#6848=CARTESIAN_POINT('Ctrl Pts',(-253.958095216405,22.6239237770805,-4.18229480089662));
#6849=CARTESIAN_POINT('Ctrl Pts',(-254.21999997831,22.6052157245832,-4.1331514405049));
#6850=CARTESIAN_POINT('Ctrl Pts',(-254.743809502052,22.5678021075611,-4.03487782572638));
#6851=CARTESIAN_POINT('Ctrl Pts',(-255.791428549603,22.4929723946901,-3.83831753834228));
#6852=CARTESIAN_POINT('Ctrl Pts',(-257.624761882746,22.3620230501721,-3.49435101078062));
#6853=CARTESIAN_POINT('Ctrl Pts',(-259.719999977448,22.2123784190036,-3.10130837005782));
#6854=CARTESIAN_POINT('Ctrl Pts',(-266.005714263161,21.7633852340008,-1.92186811537814));
#6855=CARTESIAN_POINT('Ctrl Pts',(-271.243809495473,21.3894376452356,-0.940125366690089));
#6856=CARTESIAN_POINT('Ctrl Pts',(-275.958095209759,21.0526927002846,-0.0555448796391486));
#6857=CARTESIAN_POINT('Ctrl Pts',(-253.958095216412,22.6244052797316,-4.18485190164507));
#6858=CARTESIAN_POINT('Ctrl Pts',(-254.219999978316,22.605681259951,-4.13568275368053));
#6859=CARTESIAN_POINT('Ctrl Pts',(-254.743809502059,22.5682357081688,-4.03735756266679));
#6860=CARTESIAN_POINT('Ctrl Pts',(-255.79142854961,22.4933421259706,-3.84069412389783));
#6861=CARTESIAN_POINT('Ctrl Pts',(-257.624761882753,22.3622810099235,-3.4965470802508));
#6862=CARTESIAN_POINT('Ctrl Pts',(-259.719999977455,22.2125086389509,-3.10329813027911));
#6863=CARTESIAN_POINT('Ctrl Pts',(-266.005714263167,21.7631322391421,-1.92323897381904));
#6864=CARTESIAN_POINT('Ctrl Pts',(-271.24380949548,21.3888652881264,-0.94098038019074));
#6865=CARTESIAN_POINT('Ctrl Pts',(-275.958095209766,21.0518329320753,-0.0559357168291266));
#6866=CARTESIAN_POINT('Ctrl Pts',(-253.958095216423,22.6251271670101,-4.18868722378486));
#6867=CARTESIAN_POINT('Ctrl Pts',(-254.219999978328,22.6063792002648,-4.13947939768721));
#6868=CARTESIAN_POINT('Ctrl Pts',(-254.74380950207,22.5688857542257,-4.04107684851875));
#6869=CARTESIAN_POINT('Ctrl Pts',(-255.791428549621,22.49389638384,-3.8442586953219));
#6870=CARTESIAN_POINT('Ctrl Pts',(-257.624761882764,22.3626676381156,-3.4998408994123));
#6871=CARTESIAN_POINT('Ctrl Pts',(-259.719999977467,22.2127036888197,-3.10628250935504));
#6872=CARTESIAN_POINT('Ctrl Pts',(-266.005714263179,21.7627525618499,-1.9252950776433));
#6873=CARTESIAN_POINT('Ctrl Pts',(-271.243809495493,21.3880066434277,-0.94226275932574));
#6874=CARTESIAN_POINT('Ctrl Pts',(-275.958095209778,21.0505432420132,-0.0565218895680264));
#6875=CARTESIAN_POINT('Ctrl Pts',(-253.958095216591,22.6266894558571,-4.19699672244568));
#6876=CARTESIAN_POINT('Ctrl Pts',(-254.219999978495,22.6078896278901,-4.14770512068191));
#6877=CARTESIAN_POINT('Ctrl Pts',(-254.743809502238,22.5702924545486,-4.04913499227647));
#6878=CARTESIAN_POINT('Ctrl Pts',(-255.791428549789,22.4950956343992,-3.85198170840783));
#6879=CARTESIAN_POINT('Ctrl Pts',(-257.624761882933,22.3635038464072,-3.50697740406687));
#6880=CARTESIAN_POINT('Ctrl Pts',(-259.719999977636,22.2131249686912,-3.11274858673228));
#6881=CARTESIAN_POINT('Ctrl Pts',(-266.005714263348,21.7619291722526,-1.92975053819325));
#6882=CARTESIAN_POINT('Ctrl Pts',(-271.243809495675,21.3861456125229,-0.945040312404043));
#6883=CARTESIAN_POINT('Ctrl Pts',(-275.958095209961,21.0477487091167,-0.0577914806561783));
#6884=CARTESIAN_POINT('Ctrl Pts',(-253.958095216813,22.6300384768376,-4.21486161051911));
#6885=CARTESIAN_POINT('Ctrl Pts',(-254.219999978718,22.6111271198903,-4.16538990139112));
#6886=CARTESIAN_POINT('Ctrl Pts',(-254.743809502461,22.5733068821305,-4.06645952082376));
#6887=CARTESIAN_POINT('Ctrl Pts',(-255.791428550012,22.4976639395784,-3.86858576992716));
#6888=CARTESIAN_POINT('Ctrl Pts',(-257.624761883157,22.3652914304957,-3.52232060837069));
#6889=CARTESIAN_POINT('Ctrl Pts',(-259.719999977861,22.2140202695741,-3.12665063438421));
#6890=CARTESIAN_POINT('Ctrl Pts',(-266.005714263574,21.7601477774138,-1.93933000797658));
#6891=CARTESIAN_POINT('Ctrl Pts',(-271.243809495917,21.3821330840244,-0.951014423212175));
#6892=CARTESIAN_POINT('Ctrl Pts',(-275.958095210203,21.0417286589728,-0.0605236589084157));
#6893=CARTESIAN_POINT('Ctrl Pts',(-253.958095218342,22.632990021833,-4.23072249299416));
#6894=CARTESIAN_POINT('Ctrl Pts',(-254.219999980246,22.6139795681366,-4.1810912528314));
#6895=CARTESIAN_POINT('Ctrl Pts',(-254.74380950399,22.5759610927983,-4.08184155682081));
#6896=CARTESIAN_POINT('Ctrl Pts',(-255.791428551543,22.4999217190076,-3.88332942748004));
#6897=CARTESIAN_POINT('Ctrl Pts',(-257.624761884691,22.3668554082528,-3.53594683346566));
#6898=CARTESIAN_POINT('Ctrl Pts',(-259.719999979407,22.2147911227318,-3.13899859591999));
#6899=CARTESIAN_POINT('Ctrl Pts',(-266.005714265119,21.7585403072673,-1.94784921704679));
#6900=CARTESIAN_POINT('Ctrl Pts',(-271.243809497578,21.3785398969113,-0.956321272823109));
#6901=CARTESIAN_POINT('Ctrl Pts',(-275.958095211863,21.0363517303772,-0.0629589498934324));
#6902=CARTESIAN_POINT('Ctrl Pts',(-253.958095218444,22.6350755842599,-4.24201188577554));
#6903=CARTESIAN_POINT('Ctrl Pts',(-254.219999980349,22.6159942065343,-4.19226711786009));
#6904=CARTESIAN_POINT('Ctrl Pts',(-254.743809504093,22.5778338801837,-4.09279034837883));
#6905=CARTESIAN_POINT('Ctrl Pts',(-255.791428551646,22.5015108073112,-3.89382408999595));
#6906=CARTESIAN_POINT('Ctrl Pts',(-257.624761884794,22.3679480200137,-3.54564675100093));
#6907=CARTESIAN_POINT('Ctrl Pts',(-259.71999997951,22.215316318765,-3.14779014854157));
#6908=CARTESIAN_POINT('Ctrl Pts',(-266.005714265223,21.7573633265091,-1.95391610306267));
#6909=CARTESIAN_POINT('Ctrl Pts',(-271.243809497689,21.3759441821433,-0.960116062412726));
#6910=CARTESIAN_POINT('Ctrl Pts',(-275.958095211975,21.0324793830823,-0.0647102399345769));
#6911=CARTESIAN_POINT('Ctrl Pts',(-253.958095218443,22.6355379904046,-4.24451718272391));
#6912=CARTESIAN_POINT('Ctrl Pts',(-254.219999980348,22.6164408632003,-4.19474722179868));
#6913=CARTESIAN_POINT('Ctrl Pts',(-254.743809504092,22.5782490379266,-4.09522006666321));
#6914=CARTESIAN_POINT('Ctrl Pts',(-255.791428551645,22.5018629671739,-3.89615303660791));
#6915=CARTESIAN_POINT('Ctrl Pts',(-257.624761884793,22.3681899336225,-3.54779934757571));
#6916=CARTESIAN_POINT('Ctrl Pts',(-259.719999979509,22.2154322368172,-3.14974120394396));
#6917=CARTESIAN_POINT('Ctrl Pts',(-266.005714265221,21.757101257074,-1.95526252624147));
#6918=CARTESIAN_POINT('Ctrl Pts',(-271.243809497688,21.3753671260779,-0.960958656740833));
#6919=CARTESIAN_POINT('Ctrl Pts',(-275.958095211974,21.0316188364007,-0.0650993600867387));
#6920=CARTESIAN_POINT('Ctrl Pts',(-253.958095218472,22.6359989670538,-4.24701822613368));
#6921=CARTESIAN_POINT('Ctrl Pts',(-254.219999980376,22.6168861079405,-4.19722312798313));
#6922=CARTESIAN_POINT('Ctrl Pts',(-254.74380950412,22.5786628180318,-4.09764569353478));
#6923=CARTESIAN_POINT('Ctrl Pts',(-255.791428551674,22.502213818823,-3.89847810969807));
#6924=CARTESIAN_POINT('Ctrl Pts',(-257.624761884822,22.3684306596023,-3.54994844636367));
#6925=CARTESIAN_POINT('Ctrl Pts',(-259.719999979538,22.2155471010274,-3.15168916625626));
#6926=CARTESIAN_POINT('Ctrl Pts',(-266.00571426525,21.7568385554421,-1.95660719499938));
#6927=CARTESIAN_POINT('Ctrl Pts',(-271.243809497719,21.3747897161796,-0.961800163827676));
#6928=CARTESIAN_POINT('Ctrl Pts',(-275.958095212005,21.0307582521393,-0.0654883971176247));
#6929=CARTESIAN_POINT('Ctrl Pts',(-253.958095218474,22.6364582843562,-4.24951384138293));
#6930=CARTESIAN_POINT('Ctrl Pts',(-254.219999980379,22.6173297117763,-4.19969366440286));
#6931=CARTESIAN_POINT('Ctrl Pts',(-254.743809504123,22.579074994854,-4.10006607189325));
#6932=CARTESIAN_POINT('Ctrl Pts',(-255.791428551676,22.5025631416982,-3.90079817233479));
#6933=CARTESIAN_POINT('Ctrl Pts',(-257.624761884825,22.3686699879844,-3.55209295605838));
#6934=CARTESIAN_POINT('Ctrl Pts',(-259.719999979541,22.215660721036,-3.15363304211542));
#6935=CARTESIAN_POINT('Ctrl Pts',(-266.005714265253,21.7565750522521,-1.95794917893837));
#6936=CARTESIAN_POINT('Ctrl Pts',(-271.243809497722,21.3742119367415,-0.962640536663535));
#6937=CARTESIAN_POINT('Ctrl Pts',(-275.958095212008,21.029897630304,-0.0658773510224357));
#6938=CARTESIAN_POINT('Ctrl Pts',(-253.958095218481,22.6367446954955,-4.25107154088771));
#6939=CARTESIAN_POINT('Ctrl Pts',(-254.219999980386,22.6176063098675,-4.20123571484134));
#6940=CARTESIAN_POINT('Ctrl Pts',(-254.74380950413,22.5793319666523,-4.10157682301886));
#6941=CARTESIAN_POINT('Ctrl Pts',(-255.791428551683,22.5027808611067,-3.90224632601056));
#6942=CARTESIAN_POINT('Ctrl Pts',(-257.624761884831,22.3688190155008,-3.55343156293841));
#6943=CARTESIAN_POINT('Ctrl Pts',(-259.719999979548,22.215731242603,-3.15484644707755));
#6944=CARTESIAN_POINT('Ctrl Pts',(-266.00571426526,21.7564100606587,-1.95878700627343));
#6945=CARTESIAN_POINT('Ctrl Pts',(-271.243809497729,21.3738506673081,-0.963165281410798));
#6946=CARTESIAN_POINT('Ctrl Pts',(-275.958095212015,21.0293597260048,-0.0661204125760586));
#6947=CARTESIAN_POINT('Ctrl Pts',(-253.958095218482,22.6369733972076,-4.25231631059182));
#6948=CARTESIAN_POINT('Ctrl Pts',(-254.219999980387,22.6178271659697,-4.20246798069136));
#6949=CARTESIAN_POINT('Ctrl Pts',(-254.743809504131,22.579537131501,-4.10278408098322));
#6950=CARTESIAN_POINT('Ctrl Pts',(-255.791428551684,22.502954643482,-3.90340356838044));
#6951=CARTESIAN_POINT('Ctrl Pts',(-257.624761884833,22.3689378785119,-3.55450127782869));
#6952=CARTESIAN_POINT('Ctrl Pts',(-259.719999979549,22.2157873404677,-3.15581612972352));
#6953=CARTESIAN_POINT('Ctrl Pts',(-266.005714265261,21.7562778638839,-1.95945659641592));
#6954=CARTESIAN_POINT('Ctrl Pts',(-271.243809497731,21.373561555457,-0.963584779244566));
#6955=CARTESIAN_POINT('Ctrl Pts',(-275.958095212016,21.0289293931748,-0.0663148410362272));
#6956=CARTESIAN_POINT('Ctrl Pts',(-253.958095218484,22.6371447153751,-4.25324922974542));
#6957=CARTESIAN_POINT('Ctrl Pts',(-254.219999980389,22.6179926023739,-4.20339152982605));
#6958=CARTESIAN_POINT('Ctrl Pts',(-254.743809504133,22.5796908043344,-4.10368888981024));
#6959=CARTESIAN_POINT('Ctrl Pts',(-255.791428551686,22.5030847892178,-3.90427089686098));
#6960=CARTESIAN_POINT('Ctrl Pts',(-257.624761884834,22.3690268517796,-3.55530301541513));
#6961=CARTESIAN_POINT('Ctrl Pts',(-259.719999979551,22.2158292592768,-3.15654290501217));
#6962=CARTESIAN_POINT('Ctrl Pts',(-266.005714265263,21.7561786203729,-1.95995849124286));
#6963=CARTESIAN_POINT('Ctrl Pts',(-271.243809497732,21.3733446728788,-0.963899250538366));
#6964=CARTESIAN_POINT('Ctrl Pts',(-275.958095212018,21.0286066388575,-0.0664606519898356));
#6965=CARTESIAN_POINT('Ctrl Pts',(-253.958095218485,22.6373158205325,-4.25418146730149));
#6966=CARTESIAN_POINT('Ctrl Pts',(-254.21999998039,22.6181578282338,-4.20431440524897));
#6967=CARTESIAN_POINT('Ctrl Pts',(-254.743809504134,22.5798442715669,-4.10459304078623));
#6968=CARTESIAN_POINT('Ctrl Pts',(-255.791428551687,22.5032147392278,-3.90513759912309));
#6969=CARTESIAN_POINT('Ctrl Pts',(-257.624761884835,22.3691156466159,-3.55610418223533));
#6970=CARTESIAN_POINT('Ctrl Pts',(-259.719999979552,22.2158710194766,-3.15726917333063));
#6971=CARTESIAN_POINT('Ctrl Pts',(-266.005714265264,21.7560792774305,-1.96046006836011));
#6972=CARTESIAN_POINT('Ctrl Pts',(-271.243809497734,21.373127741223,-0.964213569497128));
#6973=CARTESIAN_POINT('Ctrl Pts',(-275.958095212019,21.0282838798458,-0.0666064525517754));
#6974=CARTESIAN_POINT('Ctrl Pts',(-253.958095218489,22.6378854556348,-4.25728663892446));
#6975=CARTESIAN_POINT('Ctrl Pts',(-254.219999980394,22.6187078740182,-4.2073883966908));
#6976=CARTESIAN_POINT('Ctrl Pts',(-254.743809504138,22.5803551385998,-4.10760467116428));
#6977=CARTESIAN_POINT('Ctrl Pts',(-255.791428551691,22.5036472488728,-3.90802450807249));
#6978=CARTESIAN_POINT('Ctrl Pts',(-257.624761884839,22.3694110307087,-3.55877282793657));
#6979=CARTESIAN_POINT('Ctrl Pts',(-259.719999979556,22.2160096881052,-3.15968837200315));
#6980=CARTESIAN_POINT('Ctrl Pts',(-266.005714265268,21.7557478024257,-1.96213094266412));
#6981=CARTESIAN_POINT('Ctrl Pts',(-271.243809497738,21.3724044699261,-0.965260779991398));
#6982=CARTESIAN_POINT('Ctrl Pts',(-275.958095212024,21.0272080008265,-0.067092419785509));
#6983=CARTESIAN_POINT('Ctrl Pts',(-253.958095218569,22.6384520430748,-4.26038260871278));
#6984=CARTESIAN_POINT('Ctrl Pts',(-254.219999980473,22.6192549099752,-4.21045330801825));
#6985=CARTESIAN_POINT('Ctrl Pts',(-254.743809504217,22.580863069438,-4.11060745291659));
#6986=CARTESIAN_POINT('Ctrl Pts',(-255.791428551771,22.5040769716184,-3.91090304328141));
#6987=CARTESIAN_POINT('Ctrl Pts',(-257.624761884919,22.3697038869965,-3.56143391820184));
#6988=CARTESIAN_POINT('Ctrl Pts',(-259.719999979636,22.2161461154057,-3.16210089393899));
#6989=CARTESIAN_POINT('Ctrl Pts',(-266.005714265348,21.7554149940706,-1.96379806115803));
#6990=CARTESIAN_POINT('Ctrl Pts',(-271.243809497824,21.3716804471993,-0.966305643641137));
#6991=CARTESIAN_POINT('Ctrl Pts',(-275.95809521211,21.0261320514066,-0.0675782311396204));
#6992=CARTESIAN_POINT('Ctrl Pts',(-253.958095218572,22.6390149018064,-4.26346598450837));
#6993=CARTESIAN_POINT('Ctrl Pts',(-254.219999980477,22.6197982583858,-4.2135057594209));
#6994=CARTESIAN_POINT('Ctrl Pts',(-254.743809504221,22.5813673970894,-4.11359805480998));
#6995=CARTESIAN_POINT('Ctrl Pts',(-255.791428551775,22.5045032578681,-3.913769946877));
#6996=CARTESIAN_POINT('Ctrl Pts',(-257.624761884923,22.3699936006683,-3.56408434900489));
#6997=CARTESIAN_POINT('Ctrl Pts',(-259.71999997964,22.2162797455771,-3.1645039238448));
#6998=CARTESIAN_POINT('Ctrl Pts',(-266.005714265352,21.7550803765345,-1.9654589056116));
#6999=CARTESIAN_POINT('Ctrl Pts',(-271.243809497829,21.3709556131846,-0.967347938170454));
#7000=CARTESIAN_POINT('Ctrl Pts',(-275.958095212114,21.0250560316139,-0.0680638865960926));
#7001=CARTESIAN_POINT('Ctrl Pts',(-253.958095218574,22.6392397279969,-4.26469830572852));
#7002=CARTESIAN_POINT('Ctrl Pts',(-254.219999980478,22.6200152841199,-4.21472572274092));
#7003=CARTESIAN_POINT('Ctrl Pts',(-254.743809504222,22.5815688218901,-4.11479330223558));
#7004=CARTESIAN_POINT('Ctrl Pts',(-255.791428551776,22.5046734808226,-3.91491576260759));
#7005=CARTESIAN_POINT('Ctrl Pts',(-257.624761884924,22.37010922037,-3.56514365916879));
#7006=CARTESIAN_POINT('Ctrl Pts',(-259.719999979641,22.2163329614643,-3.16546437005877));
#7007=CARTESIAN_POINT('Ctrl Pts',(-266.005714265354,21.7549463814673,-1.96612276221964));
#7008=CARTESIAN_POINT('Ctrl Pts',(-271.24380949783,21.3706656072284,-0.967764628697595));
#7009=CARTESIAN_POINT('Ctrl Pts',(-275.958095212116,21.0246256174425,-0.0682581349209074));
#7010=CARTESIAN_POINT('Ctrl Pts',(-253.95809521858,22.6395201730403,-4.26623683398485));
#7011=CARTESIAN_POINT('Ctrl Pts',(-254.219999980484,22.6202859856344,-4.21624882682504));
#7012=CARTESIAN_POINT('Ctrl Pts',(-254.743809504228,22.5818200361636,-4.11628555682559));
#7013=CARTESIAN_POINT('Ctrl Pts',(-255.791428551782,22.5048857207966,-3.91634631935482));
#7014=CARTESIAN_POINT('Ctrl Pts',(-257.62476188493,22.3702532551246,-3.56646624346523));
#7015=CARTESIAN_POINT('Ctrl Pts',(-259.719999979647,22.2163990465313,-3.16666355183312));
#7016=CARTESIAN_POINT('Ctrl Pts',(-266.00571426536,21.7547786218341,-1.96695176382624));
#7017=CARTESIAN_POINT('Ctrl Pts',(-271.243809497836,21.3703029613094,-0.968285048219741));
#7018=CARTESIAN_POINT('Ctrl Pts',(-275.958095212122,21.0240875880024,-0.0685009193432187));
#7019=CARTESIAN_POINT('Ctrl Pts',(-253.958095218582,22.6398557185474,-4.268079827175));
#7020=CARTESIAN_POINT('Ctrl Pts',(-254.219999980487,22.6206098502122,-4.21807334746577));
#7021=CARTESIAN_POINT('Ctrl Pts',(-254.743809504231,22.5821205388673,-4.1180731323745));
#7022=CARTESIAN_POINT('Ctrl Pts',(-255.791428551784,22.5051394997676,-3.91806000471309));
#7023=CARTESIAN_POINT('Ctrl Pts',(-257.624761884933,22.3704252675468,-3.56805062099737));
#7024=CARTESIAN_POINT('Ctrl Pts',(-259.71999997965,22.2164776113953,-3.16810014902577));
#7025=CARTESIAN_POINT('Ctrl Pts',(-266.005714265362,21.7545768443953,-1.96794501983291));
#7026=CARTESIAN_POINT('Ctrl Pts',(-271.243809497839,21.3698675639487,-0.968908853841029));
#7027=CARTESIAN_POINT('Ctrl Pts',(-275.958095212125,21.0234419339149,-0.0687922190748602));
#7028=CARTESIAN_POINT('Ctrl Pts',(-253.958095218609,22.6409709385864,-4.27421265501434));
#7029=CARTESIAN_POINT('Ctrl Pts',(-254.219999980514,22.621686172923,-4.22414472990635));
#7030=CARTESIAN_POINT('Ctrl Pts',(-254.743809504258,22.5831190660367,-4.12402161840109));
#7031=CARTESIAN_POINT('Ctrl Pts',(-255.791428551811,22.5059824367361,-3.92376270350752));
#7032=CARTESIAN_POINT('Ctrl Pts',(-257.62476188496,22.3709959207197,-3.57332318614652));
#7033=CARTESIAN_POINT('Ctrl Pts',(-259.719999979677,22.2167370789026,-3.17288110631267));
#7034=CARTESIAN_POINT('Ctrl Pts',(-266.00571426539,21.7539027760012,-1.97125128738038));
#7035=CARTESIAN_POINT('Ctrl Pts',(-271.243809497868,21.3684154730433,-0.970985731536393));
#7036=CARTESIAN_POINT('Ctrl Pts',(-275.958095212154,21.0212896911035,-0.0697630795925119));
#7037=CARTESIAN_POINT('Ctrl Pts',(-253.958095218909,22.6428416145567,-4.28455813680332));
#7038=CARTESIAN_POINT('Ctrl Pts',(-254.219999980814,22.623491024512,-4.23438673794669));
#7039=CARTESIAN_POINT('Ctrl Pts',(-254.743809504558,22.5847922615723,-4.13405663549668));
#7040=CARTESIAN_POINT('Ctrl Pts',(-255.791428552112,22.5073923274288,-3.93338378200137));
#7041=CARTESIAN_POINT('Ctrl Pts',(-257.624761885261,22.3719450201632,-3.58221982575785));
#7042=CARTESIAN_POINT('Ctrl Pts',(-259.719999979981,22.2171595253069,-3.1809496103628));
#7043=CARTESIAN_POINT('Ctrl Pts',(-266.005714265693,21.7527454370336,-1.97683642015463));
#7044=CARTESIAN_POINT('Ctrl Pts',(-271.243809498195,21.3659410209296,-0.974497661664121));
#7045=CARTESIAN_POINT('Ctrl Pts',(-275.95809521248,21.0176304001256,-0.0714124822447321));
#7046=CARTESIAN_POINT('Ctrl Pts',(-253.958095219193,22.6462634957013,-4.30370262742434));
#7047=CARTESIAN_POINT('Ctrl Pts',(-254.219999981098,22.6267901588876,-4.25334029648775));
#7048=CARTESIAN_POINT('Ctrl Pts',(-254.743809504843,22.5878458940109,-4.1526282793062));
#7049=CARTESIAN_POINT('Ctrl Pts',(-255.791428552397,22.5099549643615,-3.95119164673355));
#7050=CARTESIAN_POINT('Ctrl Pts',(-257.624761885547,22.3736484060046,-3.59869102317851));
#7051=CARTESIAN_POINT('Ctrl Pts',(-259.719999980268,22.2178808701931,-3.19589294890778));
#7052=CARTESIAN_POINT('Ctrl Pts',(-266.00571426598,21.7505208592097,-1.98719738725755));
#7053=CARTESIAN_POINT('Ctrl Pts',(-271.243809498504,21.3612607871257,-0.981035648262301));
#7054=CARTESIAN_POINT('Ctrl Pts',(-275.958095212789,21.0107407244788,-0.0745136914036933));
#7055=CARTESIAN_POINT('Ctrl Pts',(-253.958095220333,22.65033472325,-4.32695540557971));
#7056=CARTESIAN_POINT('Ctrl Pts',(-254.219999982238,22.630710389933,-4.27636251677942));
#7057=CARTESIAN_POINT('Ctrl Pts',(-254.743809505984,22.5914641055862,-4.17518922098594));
#7058=CARTESIAN_POINT('Ctrl Pts',(-255.791428553539,22.5129691633626,-3.9728301934752));
#7059=CARTESIAN_POINT('Ctrl Pts',(-257.624761886692,22.375605554782,-3.6187152050894));
#7060=CARTESIAN_POINT('Ctrl Pts',(-259.719999981421,22.2186298364588,-3.21407137235964));
#7061=CARTESIAN_POINT('Ctrl Pts',(-266.005714267133,21.7476459085979,-1.99984241707506));
#7062=CARTESIAN_POINT('Ctrl Pts',(-271.243809499742,21.3553636359545,-0.989055545760231));
#7063=CARTESIAN_POINT('Ctrl Pts',(-275.958095214028,21.0021256362472,-0.0783835473551294));
#7064=CARTESIAN_POINT('Ctrl Pts',(-253.958095221231,22.6540699365811,-4.34908715663344));
#7065=CARTESIAN_POINT('Ctrl Pts',(-254.219999983136,22.6342985613156,-4.29827695116774));
#7066=CARTESIAN_POINT('Ctrl Pts',(-254.743809506883,22.5947581650781,-4.19666885802654));
#7067=CARTESIAN_POINT('Ctrl Pts',(-255.791428554438,22.515675026964,-3.99344039923432));
#7068=CARTESIAN_POINT('Ctrl Pts',(-257.624761887593,22.3772820457241,-3.6378037312094));
#7069=CARTESIAN_POINT('Ctrl Pts',(-259.719999982329,22.2191297691551,-3.23142006060049));
#7070=CARTESIAN_POINT('Ctrl Pts',(-266.005714268041,21.7446168336898,-2.0119755004061));
#7071=CARTESIAN_POINT('Ctrl Pts',(-271.243809500718,21.349391320268,-0.996828223586255));
#7072=CARTESIAN_POINT('Ctrl Pts',(-275.958095215004,20.9935065654897,-0.0822445252036431));
#7073=CARTESIAN_POINT('Ctrl Pts',(-253.95809522165,22.6564785456591,-4.36389368233444));
#7074=CARTESIAN_POINT('Ctrl Pts',(-254.219999983555,22.6366066507543,-4.3129393656767));
#7075=CARTESIAN_POINT('Ctrl Pts',(-254.743809507302,22.5968652112331,-4.2110430180623));
#7076=CARTESIAN_POINT('Ctrl Pts',(-255.791428554858,22.5173799905421,-4.00723808229483));
#7077=CARTESIAN_POINT('Ctrl Pts',(-257.624761888014,22.3782833605218,-3.65059254534553));
#7078=CARTESIAN_POINT('Ctrl Pts',(-259.719999982753,22.2193268949825,-3.24305572997012));
#7079=CARTESIAN_POINT('Ctrl Pts',(-266.005714268465,21.7424014880545,-2.0201525002003));
#7080=CARTESIAN_POINT('Ctrl Pts',(-271.243809501173,21.3451652382144,-1.00212024638086));
#7081=CARTESIAN_POINT('Ctrl Pts',(-275.958095215459,20.9874711299296,-0.0849425465415088));
#7082=CARTESIAN_POINT('Ctrl Pts',(-253.958095221616,22.6577925451759,-4.37214519985268));
#7083=CARTESIAN_POINT('Ctrl Pts',(-254.21999998352,22.6378639527063,-4.32111103544162));
#7084=CARTESIAN_POINT('Ctrl Pts',(-254.743809507267,22.5980091097422,-4.21905495264415));
#7085=CARTESIAN_POINT('Ctrl Pts',(-255.791428554823,22.5182970904479,-4.01493058604111));
#7086=CARTESIAN_POINT('Ctrl Pts',(-257.624761887979,22.3788035540075,-3.6577260028213));
#7087=CARTESIAN_POINT('Ctrl Pts',(-259.719999982717,22.2193934418291,-3.24955008984138));
#7088=CARTESIAN_POINT('Ctrl Pts',(-266.00571426843,21.7411072930923,-2.02473051279679));
#7089=CARTESIAN_POINT('Ctrl Pts',(-271.243809501135,21.3427363787237,-1.00509789978329));
#7090=CARTESIAN_POINT('Ctrl Pts',(-275.958095215421,20.9840217142701,-0.0864829403840837));
#7091=CARTESIAN_POINT('Ctrl Pts',(-253.958095223347,22.6635095590841,-4.40864931768962));
#7092=CARTESIAN_POINT('Ctrl Pts',(-254.219999985252,22.6433280402169,-4.35726293392765));
#7093=CARTESIAN_POINT('Ctrl Pts',(-254.743809509,22.6029673915965,-4.25450251466746));
#7094=CARTESIAN_POINT('Ctrl Pts',(-255.791428556557,22.5222437140241,-4.04896937327572));
#7095=CARTESIAN_POINT('Ctrl Pts',(-257.624761889718,22.3809798258626,-3.68929954319657));
#7096=CARTESIAN_POINT('Ctrl Pts',(-259.719999984468,22.2195466774364,-3.27830668859772));
#7097=CARTESIAN_POINT('Ctrl Pts',(-266.005714270181,21.7351902965772,-2.04503385021052));
#7098=CARTESIAN_POINT('Ctrl Pts',(-271.243809503017,21.3317648986445,-1.01836562201224));
#7099=CARTESIAN_POINT('Ctrl Pts',(-275.958095217303,20.9684975590343,-0.0934107142966779));
#7100=CARTESIAN_POINT('Ctrl Pts',(-253.958095232317,22.6746359050458,-4.49317533550273));
#7101=CARTESIAN_POINT('Ctrl Pts',(-254.219999994222,22.6538206859556,-4.44101330581945));
#7102=CARTESIAN_POINT('Ctrl Pts',(-254.743809517978,22.6121906390262,-4.33669545575002));
#7103=CARTESIAN_POINT('Ctrl Pts',(-255.791428565543,22.5289301553547,-4.12805356913948));
#7104=CARTESIAN_POINT('Ctrl Pts',(-257.624761898726,22.3832247261332,-3.7629368887471));
#7105=CARTESIAN_POINT('Ctrl Pts',(-259.719999993539,22.21670608534,-3.34569003872629));
#7106=CARTESIAN_POINT('Ctrl Pts',(-266.005714279252,21.7171408389586,-2.09380151333676));
#7107=CARTESIAN_POINT('Ctrl Pts',(-271.243809512764,21.3008700254153,-1.05109366027279));
#7108=CARTESIAN_POINT('Ctrl Pts',(-275.95809522705,20.9261960817916,-0.112177125973747));
#7109=CARTESIAN_POINT('Ctrl Pts',(-253.958095293111,22.6680330565673,-4.52035161387817));
#7110=CARTESIAN_POINT('Ctrl Pts',(-254.220000055016,22.6467978105991,-4.46807780427251));
#7111=CARTESIAN_POINT('Ctrl Pts',(-254.743809578826,22.6043310951992,-4.36353984504671));
#7112=CARTESIAN_POINT('Ctrl Pts',(-255.791428626445,22.5193939017454,-4.15445430211985));
#7113=CARTESIAN_POINT('Ctrl Pts',(-257.624761959778,22.3707578402454,-3.78856490275546));
#7114=CARTESIAN_POINT('Ctrl Pts',(-259.720000055016,22.2009059102779,-3.37045125940645));
#7115=CARTESIAN_POINT('Ctrl Pts',(-266.00571434073,21.6912601207813,-2.11588011980643));
#7116=CARTESIAN_POINT('Ctrl Pts',(-271.243809578826,21.266879217852,-1.07123272786006));
#7117=CARTESIAN_POINT('Ctrl Pts',(-275.958095293111,20.8846447904244,-0.130304154958275));
#7118=CARTESIAN_POINT('Ctrl Pts',(-253.958095293111,22.6580015716546,-4.51897977615605));
#7119=CARTESIAN_POINT('Ctrl Pts',(-254.220000055016,22.6365598219226,-4.46687614164366));
#7120=CARTESIAN_POINT('Ctrl Pts',(-254.743809578826,22.5936763224587,-4.36266887261889));
#7121=CARTESIAN_POINT('Ctrl Pts',(-255.791428626445,22.5079093235307,-4.15425433456935));
#7122=CARTESIAN_POINT('Ctrl Pts',(-257.624761959778,22.3578170754068,-3.78952889298266));
#7123=CARTESIAN_POINT('Ctrl Pts',(-259.720000055016,22.1862830775508,-3.37269981688359));
#7124=CARTESIAN_POINT('Ctrl Pts',(-266.00571434073,21.671681083983,-2.12221258858636));
#7125=CARTESIAN_POINT('Ctrl Pts',(-271.243809578826,21.2428460893432,-1.08013989833867));
#7126=CARTESIAN_POINT('Ctrl Pts',(-275.958095293111,20.8568945941674,-0.142274477115749));
#7127=CARTESIAN_POINT('',(-253.958095289506,22.4365562050004,-3.01261618844249));
#7128=CARTESIAN_POINT('Ctrl Pts',(-253.9580952859,22.4366199794797,-3.01290811561489));
#7129=CARTESIAN_POINT('Ctrl Pts',(-253.958095286327,22.434032941885,-2.98911420479535));
#7130=CARTESIAN_POINT('Ctrl Pts',(-253.958095286217,22.4315389144395,-2.9652863635164));
#7131=CARTESIAN_POINT('Ctrl Pts',(-253.958095286315,22.429142873967,-2.9414409187906));
#7132=CARTESIAN_POINT('Ctrl Pts',(-253.958095286345,22.4284314196975,-2.934360511071));
#7133=CARTESIAN_POINT('Ctrl Pts',(-253.958095286392,22.4277286046378,-2.92727855130967));
#7134=CARTESIAN_POINT('Ctrl Pts',(-253.958095286388,22.4270347218087,-2.92019656868341));
#7135=CARTESIAN_POINT('Ctrl Pts',(-253.958095286383,22.4263408389795,-2.91311458605714));
#7136=CARTESIAN_POINT('Ctrl Pts',(-253.958095286327,22.4256558883808,-2.90603258056594));
#7137=CARTESIAN_POINT('Ctrl Pts',(-253.958095286261,22.4249799279874,-2.89895062380739));
#7138=CARTESIAN_POINT('Ctrl Pts',(-253.958095286195,22.424303967594,-2.89186866704883));
#7139=CARTESIAN_POINT('Ctrl Pts',(-253.95809528612,22.423636997406,-2.88478675902292));
#7140=CARTESIAN_POINT('Ctrl Pts',(-253.958095286078,22.4229790959546,-2.87770505996279));
#7141=CARTESIAN_POINT('Ctrl Pts',(-253.958095286035,22.4223211945031,-2.87062336090266));
#7142=CARTESIAN_POINT('Ctrl Pts',(-253.958095286024,22.4216723617884,-2.86354187080831));
#7143=CARTESIAN_POINT('Ctrl Pts',(-253.958095286032,22.4210328568054,-2.85646224763014));
#7144=CARTESIAN_POINT('Ctrl Pts',(-253.958095286094,22.4159168169416,-2.79982526220475));
#7145=CARTESIAN_POINT('Ctrl Pts',(-253.958095287339,22.4113977519126,-2.7433077594142));
#7146=CARTESIAN_POINT('Ctrl Pts',(-253.958095288724,22.407497341228,-2.6867779197614));
#7147=CARTESIAN_POINT('Ctrl Pts',(-253.958095290108,22.4035969305435,-2.63024808010859));
#7148=CARTESIAN_POINT('Ctrl Pts',(-253.958095291633,22.4003151742036,-2.57370590359355));
#7149=CARTESIAN_POINT('Ctrl Pts',(-253.958095293038,22.397705530099,-2.5171760251924));
#7150=CARTESIAN_POINT('Ctrl Pts',(-253.958095294443,22.3950958859943,-2.46064614679125));
#7151=CARTESIAN_POINT('Ctrl Pts',(-253.958095295727,22.3931583541251,-2.40412856650397));
#7152=CARTESIAN_POINT('Ctrl Pts',(-253.958095297063,22.3919169788683,-2.34809625134443));
#7153=CARTESIAN_POINT('Ctrl Pts',(-253.958095298398,22.3906756036115,-2.29206393618488));
#7154=CARTESIAN_POINT('Ctrl Pts',(-253.958095299785,22.3901303849673,-2.23651688615312));
#7155=CARTESIAN_POINT('Ctrl Pts',(-253.958095300487,22.3903114820443,-2.18061402887329));
#7156=CARTESIAN_POINT('Ctrl Pts',(-253.95809530119,22.3904925791213,-2.12471117159346));
#7157=CARTESIAN_POINT('Ctrl Pts',(-253.958095301208,22.3913999919196,-2.06845250706555));
#7158=CARTESIAN_POINT('Ctrl Pts',(-253.958095301489,22.3931036260148,-2.01175983252469));
#7159=CARTESIAN_POINT('Ctrl Pts',(-253.958095301769,22.39480726011,-1.95506715798382));
#7160=CARTESIAN_POINT('Ctrl Pts',(-253.958095302312,22.3973071155021,-1.89794047342996));
#7161=CARTESIAN_POINT('Ctrl Pts',(-253.958095302804,22.4006312759081,-1.8411446331564));
#7162=CARTESIAN_POINT('Ctrl Pts',(-253.958095303295,22.403955436314,-1.78434879288283));
#7163=CARTESIAN_POINT('Ctrl Pts',(-253.958095303735,22.4081039017338,-1.72788379688958));
#7164=CARTESIAN_POINT('Ctrl Pts',(-253.958095303756,22.4129664506972,-1.67249831332749));
#7165=CARTESIAN_POINT('Ctrl Pts',(-253.958095303777,22.4178289996606,-1.61711282976541));
#7166=CARTESIAN_POINT('Ctrl Pts',(-253.958095303379,22.4234056321676,-1.56280685863459));
#7167=CARTESIAN_POINT('Ctrl Pts',(-253.958095303324,22.4299388765786,-1.50739381480432));
#7168=CARTESIAN_POINT('Ctrl Pts',(-253.958095303269,22.4364721209896,-1.45198077097404));
#7169=CARTESIAN_POINT('Ctrl Pts',(-253.958095303557,22.4439619773046,-1.3954606544442));
#7170=CARTESIAN_POINT('Ctrl Pts',(-253.958095303626,22.4524103567754,-1.33882755950672));
#7171=CARTESIAN_POINT('Ctrl Pts',(-253.958095303695,22.4608587362461,-1.28219446456924));
#7172=CARTESIAN_POINT('Ctrl Pts',(-253.958095303544,22.4702656388726,-1.2254483912241));
#7173=CARTESIAN_POINT('Ctrl Pts',(-253.958095303416,22.4803232021678,-1.16994608869462));
#7174=CARTESIAN_POINT('Ctrl Pts',(-253.958095303288,22.490380765463,-1.11444378616514));
#7175=CARTESIAN_POINT('Ctrl Pts',(-253.958095303182,22.5010889894268,-1.06018525445143));
#7176=CARTESIAN_POINT('Ctrl Pts',(-253.958095302879,22.5126090431899,-1.00607798225005));
#7177=CARTESIAN_POINT('Ctrl Pts',(-253.958095302576,22.5241290969529,-0.951970710048667));
#7178=CARTESIAN_POINT('Ctrl Pts',(-253.958095302076,22.5364609805151,-0.898014697359601));
#7179=CARTESIAN_POINT('Ctrl Pts',(-253.958095301626,22.5498495674762,-0.843256812948572));
#7180=CARTESIAN_POINT('Ctrl Pts',(-253.958095301176,22.5632381544373,-0.788498928537543));
#7181=CARTESIAN_POINT('Ctrl Pts',(-253.958095300776,22.5776834447974,-0.73293917240447));
#7182=CARTESIAN_POINT('Ctrl Pts',(-253.958095300246,22.5928803632723,-0.677860111728717));
#7183=CARTESIAN_POINT('Ctrl Pts',(-253.958095299716,22.6080772817473,-0.622781051052963));
#7184=CARTESIAN_POINT('Ctrl Pts',(-253.958095299054,22.6240258283371,-0.568182685834557));
#7185=CARTESIAN_POINT('Ctrl Pts',(-253.958095298574,22.6403672612965,-0.514801643665083));
#7186=CARTESIAN_POINT('Ctrl Pts',(-253.958095298094,22.6567086942559,-0.461420601495609));
#7187=CARTESIAN_POINT('Ctrl Pts',(-253.958095297795,22.6734430135847,-0.409256882375154));
#7188=CARTESIAN_POINT('Ctrl Pts',(-253.958095297411,22.6911447892617,-0.356385197116884));
#7189=CARTESIAN_POINT('Ctrl Pts',(-253.958095297027,22.7088465649387,-0.303513511858615));
#7190=CARTESIAN_POINT('Ctrl Pts',(-253.958095296558,22.7275157969639,-0.249933860462442));
#7191=CARTESIAN_POINT('Ctrl Pts',(-253.958095296068,22.7468646117227,-0.196493675308726));
#7192=CARTESIAN_POINT('Ctrl Pts',(-253.958095295579,22.7662134264815,-0.143053490155009));
#7193=CARTESIAN_POINT('Ctrl Pts',(-253.95809529507,22.786241823974,-0.0897527712437551));
#7194=CARTESIAN_POINT('Ctrl Pts',(-253.95809529467,22.8067595160125,-0.0369171978912718));
#7195=CARTESIAN_POINT('Ctrl Pts',(-253.95809529427,22.827277208051,0.0159183754612116));
#7196=CARTESIAN_POINT('Ctrl Pts',(-253.958095293978,22.8482841946354,0.0682888032549235));
#7197=CARTESIAN_POINT('Ctrl Pts',(-253.958095293111,22.8694989455079,0.119619193453055));
#7198=CARTESIAN_POINT('',(-253.958095293111,22.6580015716546,-4.51897977615605));
#7199=CARTESIAN_POINT('Ctrl Pts',(-253.958095293111,22.6580015716546,-4.51897977615605));
#7200=CARTESIAN_POINT('Ctrl Pts',(-253.958095293111,22.6680330565673,-4.52035161387817));
#7201=CARTESIAN_POINT('Ctrl Pts',(-253.958095232317,22.6746359050458,-4.49317533550273));
#7202=CARTESIAN_POINT('Ctrl Pts',(-253.958095223347,22.6635095590841,-4.40864931768962));
#7203=CARTESIAN_POINT('Ctrl Pts',(-253.958095221616,22.6577925451759,-4.37214519985268));
#7204=CARTESIAN_POINT('Ctrl Pts',(-253.95809522165,22.6564785456591,-4.36389368233444));
#7205=CARTESIAN_POINT('Ctrl Pts',(-253.958095221231,22.6540699365811,-4.34908715663344));
#7206=CARTESIAN_POINT('Ctrl Pts',(-253.958095220333,22.65033472325,-4.32695540557971));
#7207=CARTESIAN_POINT('Ctrl Pts',(-253.958095219193,22.6462634957013,-4.30370262742434));
#7208=CARTESIAN_POINT('Ctrl Pts',(-253.958095218909,22.6428416145567,-4.28455813680332));
#7209=CARTESIAN_POINT('Ctrl Pts',(-253.958095218609,22.6409709385864,-4.27421265501434));
#7210=CARTESIAN_POINT('Ctrl Pts',(-253.958095218582,22.6398557185474,-4.268079827175));
#7211=CARTESIAN_POINT('Ctrl Pts',(-253.95809521858,22.6395201730403,-4.26623683398485));
#7212=CARTESIAN_POINT('Ctrl Pts',(-253.958095218574,22.6392397279969,-4.26469830572852));
#7213=CARTESIAN_POINT('Ctrl Pts',(-253.958095218572,22.6390149018064,-4.26346598450837));
#7214=CARTESIAN_POINT('Ctrl Pts',(-253.958095218569,22.6384520430748,-4.26038260871278));
#7215=CARTESIAN_POINT('Ctrl Pts',(-253.958095218489,22.6378854556348,-4.25728663892446));
#7216=CARTESIAN_POINT('Ctrl Pts',(-253.958095218485,22.6373158205325,-4.25418146730149));
#7217=CARTESIAN_POINT('Ctrl Pts',(-253.958095218484,22.6371447153751,-4.25324922974542));
#7218=CARTESIAN_POINT('Ctrl Pts',(-253.958095218482,22.6369733972076,-4.25231631059182));
#7219=CARTESIAN_POINT('Ctrl Pts',(-253.958095218481,22.6367446954955,-4.25107154088771));
#7220=CARTESIAN_POINT('Ctrl Pts',(-253.958095218474,22.6364582843562,-4.24951384138293));
#7221=CARTESIAN_POINT('Ctrl Pts',(-253.958095218472,22.6359989670538,-4.24701822613368));
#7222=CARTESIAN_POINT('Ctrl Pts',(-253.958095218443,22.6355379904046,-4.24451718272391));
#7223=CARTESIAN_POINT('Ctrl Pts',(-253.958095218444,22.6350755842599,-4.24201188577554));
#7224=CARTESIAN_POINT('Ctrl Pts',(-253.958095218342,22.632990021833,-4.23072249299416));
#7225=CARTESIAN_POINT('Ctrl Pts',(-253.958095216813,22.6300384768376,-4.21486161051911));
#7226=CARTESIAN_POINT('Ctrl Pts',(-253.958095216591,22.6266894558571,-4.19699672244568));
#7227=CARTESIAN_POINT('Ctrl Pts',(-253.958095216423,22.6251271670101,-4.18868722378486));
#7228=CARTESIAN_POINT('Ctrl Pts',(-253.958095216412,22.6244052797316,-4.18485190164507));
#7229=CARTESIAN_POINT('Ctrl Pts',(-253.958095216405,22.6239237770805,-4.18229480089662));
#7230=CARTESIAN_POINT('Ctrl Pts',(-253.958095216341,22.6225985911529,-4.17526144186861));
#7231=CARTESIAN_POINT('Ctrl Pts',(-253.958095215977,22.6204254384808,-4.16374930563238));
#7232=CARTESIAN_POINT('Ctrl Pts',(-253.958095215592,22.6183735303545,-4.15290463010052));
#7233=CARTESIAN_POINT('Ctrl Pts',(-253.958095215549,22.6171694079448,-4.14654679486435));
#7234=CARTESIAN_POINT('Ctrl Pts',(-253.958095215545,22.6168986293395,-4.14511736063919));
#7235=CARTESIAN_POINT('Ctrl Pts',(-253.958095215544,22.6167181729862,-4.14416484889918));
#7236=CARTESIAN_POINT('Ctrl Pts',(-253.958095215544,22.6165978868212,-4.14352996682609));
#7237=CARTESIAN_POINT('Ctrl Pts',(-253.958095215542,22.6164475560485,-4.14273655944855));
#7238=CARTESIAN_POINT('Ctrl Pts',(-253.95809521554,22.6162672139709,-4.14178484651756));
#7239=CARTESIAN_POINT('Ctrl Pts',(-253.958095215535,22.6156662528029,-4.13861369153162));
#7240=CARTESIAN_POINT('Ctrl Pts',(-253.958095215418,22.6150057908631,-4.13512976862498));
#7241=CARTESIAN_POINT('Ctrl Pts',(-253.958095215413,22.6142871557477,-4.13134039838279));
#7242=CARTESIAN_POINT('Ctrl Pts',(-253.958095215404,22.6139879639663,-4.12976294723434));
#7243=CARTESIAN_POINT('Ctrl Pts',(-253.958095215402,22.6137487947831,-4.12850207537883));
#7244=CARTESIAN_POINT('Ctrl Pts',(-253.958095215399,22.6135097347473,-4.12724184865113));
#7245=CARTESIAN_POINT('Ctrl Pts',(-253.958095215392,22.6130916808053,-4.12503821781161));
#7246=CARTESIAN_POINT('Ctrl Pts',(-253.958095215361,22.6126145650178,-4.1225236167487));
#7247=CARTESIAN_POINT('Ctrl Pts',(-253.958095215353,22.6121978531333,-4.12032766994047));
#7248=CARTESIAN_POINT('Ctrl Pts',(-253.95809521535,22.6119599465312,-4.11907404729698));
#7249=CARTESIAN_POINT('Ctrl Pts',(-253.958095215342,22.6113655305377,-4.11594195020389));
#7250=CARTESIAN_POINT('Ctrl Pts',(-253.958095215201,22.6105945112075,-4.11187979080784));
#7251=CARTESIAN_POINT('Ctrl Pts',(-253.958095215187,22.6096500820005,-4.10690475354666));
#7252=CARTESIAN_POINT('Ctrl Pts',(-253.958095215144,22.6091203467066,-4.10411433277103));
#7253=CARTESIAN_POINT('Ctrl Pts',(-253.958095215141,22.6087679792408,-4.1022582604205));
#7254=CARTESIAN_POINT('Ctrl Pts',(-253.958095215138,22.6085332597517,-4.10102189541765));
#7255=CARTESIAN_POINT('Ctrl Pts',(-253.958095215129,22.6082402099198,-4.09947827964815));
#7256=CARTESIAN_POINT('Ctrl Pts',(-253.95809521512,22.60788916171,-4.09762916008026));
#7257=CARTESIAN_POINT('Ctrl Pts',(-253.958095215111,22.607538730251,-4.09578327145943));
#7258=CARTESIAN_POINT('Ctrl Pts',(-253.958095215101,22.6071889369296,-4.09394071609282));
#7259=CARTESIAN_POINT('Ctrl Pts',(-253.958095215092,22.6068397961828,-4.09210155801756));
#7260=CARTESIAN_POINT('Ctrl Pts',(-253.958095215082,22.606491324878,-4.09026587457717));
#7261=CARTESIAN_POINT('Ctrl Pts',(-253.958095215055,22.6053320574816,-4.08415886306506));
#7262=CARTESIAN_POINT('Ctrl Pts',(-253.958095214464,22.6042390274073,-4.078399224469));
#7263=CARTESIAN_POINT('Ctrl Pts',(-253.958095214431,22.6032157497703,-4.07300565566922));
#7264=CARTESIAN_POINT('Ctrl Pts',(-253.95809521443,22.6030738148812,-4.0722575054907));
#7265=CARTESIAN_POINT('Ctrl Pts',(-253.958095214429,22.60298164084,-4.07177163161216));
#7266=CARTESIAN_POINT('Ctrl Pts',(-253.958095214429,22.6029391171381,-4.07154747511362));
#7267=CARTESIAN_POINT('Ctrl Pts',(-253.958095214429,22.6029178585172,-4.07143541322221));
#7268=CARTESIAN_POINT('Ctrl Pts',(-253.958095214429,22.6028966033532,-4.07132336894404));
#7269=CARTESIAN_POINT('Ctrl Pts',(-253.958095214429,22.602825763168,-4.07094994028628));
#7270=CARTESIAN_POINT('Ctrl Pts',(-253.958095214426,22.6025355152314,-4.06941987827463));
#7271=CARTESIAN_POINT('Ctrl Pts',(-253.958095214396,22.6021402191701,-4.06733576943374));
#7272=CARTESIAN_POINT('Ctrl Pts',(-253.95809521439,22.6017465982459,-4.06526019441067));
#7273=CARTESIAN_POINT('Ctrl Pts',(-253.958095214387,22.6015221270704,-4.0640764538562));
#7274=CARTESIAN_POINT('Ctrl Pts',(-253.958095214386,22.6013540062702,-4.06318982611064));
#7275=CARTESIAN_POINT('Ctrl Pts',(-253.958095214383,22.6011861136318,-4.06230435023806));
#7276=CARTESIAN_POINT('Ctrl Pts',(-253.958095214382,22.6009625742803,-4.0611253230557));
#7277=CARTESIAN_POINT('Ctrl Pts',(-253.958095214373,22.600739475702,-4.05994850853586));
#7278=CARTESIAN_POINT('Ctrl Pts',(-253.958095214372,22.6005168841973,-4.05877426698416));
#7279=CARTESIAN_POINT('Ctrl Pts',(-253.958095214369,22.6002946095375,-4.05760162213423));
#7280=CARTESIAN_POINT('Ctrl Pts',(-253.958095214359,22.5999064567368,-4.05555365943893));
#7281=CARTESIAN_POINT('Ctrl Pts',(-253.958095214328,22.5993543492306,-4.05264004771569));
#7282=CARTESIAN_POINT('Ctrl Pts',(-253.958095214296,22.598805626405,-4.04974348140303));
#7283=CARTESIAN_POINT('Ctrl Pts',(-253.958095214285,22.5983688096595,-4.04743713916382));
#7284=CARTESIAN_POINT('Ctrl Pts',(-253.958095214277,22.5980422578624,-4.04571271950972));
#7285=CARTESIAN_POINT('Ctrl Pts',(-253.958095214266,22.5977167761446,-4.04399367998191));
#7286=CARTESIAN_POINT('Ctrl Pts',(-253.958095214259,22.5972842843452,-4.04170910371082));
#7287=CARTESIAN_POINT('Ctrl Pts',(-253.95809521422,22.596853871098,-4.03943491852081));
#7288=CARTESIAN_POINT('Ctrl Pts',(-253.958095214214,22.5964258727967,-4.03717294293093));
#7289=CARTESIAN_POINT('Ctrl Pts',(-253.958095214203,22.5961859567291,-4.03590475649141));
#7290=CARTESIAN_POINT('Ctrl Pts',(-253.958095214202,22.596026403306,-4.03506127531315));
#7291=CARTESIAN_POINT('Ctrl Pts',(-253.958095214202,22.5959466992654,-4.03463990001029));
#7292=CARTESIAN_POINT('Ctrl Pts',(-253.958095214201,22.5958670687024,-4.03421889425855));
#7293=CARTESIAN_POINT('Ctrl Pts',(-253.958095214201,22.5958007710137,-4.03386836349311));
#7294=CARTESIAN_POINT('Ctrl Pts',(-253.9580952142,22.5957477702825,-4.03358812717361));
#7295=CARTESIAN_POINT('Ctrl Pts',(-253.9580952142,22.5956947961275,-4.03330802574052));
#7296=CARTESIAN_POINT('Ctrl Pts',(-253.958095214199,22.5956286153035,-4.03295807878224));
#7297=CARTESIAN_POINT('Ctrl Pts',(-253.9580952142,22.5955625144768,-4.03260854547514));
#7298=CARTESIAN_POINT('Ctrl Pts',(-253.958095214198,22.5955162537431,-4.03236390734576));
#7299=CARTESIAN_POINT('Ctrl Pts',(-253.9580952142,22.5954898584569,-4.03222433111175));
#7300=CARTESIAN_POINT('Ctrl Pts',(-253.958095210966,22.5819262348096,-3.96048581505571));
#7301=CARTESIAN_POINT('Ctrl Pts',(-253.958095187701,22.5743165119446,-3.91959440945414));
#7302=CARTESIAN_POINT('Ctrl Pts',(-253.958095186808,22.5646004213947,-3.86644682863702));
#7303=CARTESIAN_POINT('Ctrl Pts',(-253.95809518681,22.5645539089504,-3.86619224435599));
#7304=CARTESIAN_POINT('Ctrl Pts',(-253.958095186809,22.5645163991849,-3.86598697746118));
#7305=CARTESIAN_POINT('Ctrl Pts',(-253.95809518681,22.5644930236753,-3.86585903988975));
#7306=CARTESIAN_POINT('Ctrl Pts',(-253.95809518681,22.5644742971349,-3.86575654816109));
#7307=CARTESIAN_POINT('Ctrl Pts',(-253.95809518681,22.5644555781361,-3.86565409398063));
#7308=CARTESIAN_POINT('Ctrl Pts',(-253.958095186809,22.5644368538673,-3.86555160831282));
#7309=CARTESIAN_POINT('Ctrl Pts',(-253.958095186809,22.564418131011,-3.86544912668609));
#7310=CARTESIAN_POINT('Ctrl Pts',(-253.958095186809,22.5644040877884,-3.86537225797736));
#7311=CARTESIAN_POINT('Ctrl Pts',(-253.958095186809,22.5643900442658,-3.86529538591929));
#7312=CARTESIAN_POINT('Ctrl Pts',(-253.95809518681,22.5643713188382,-3.86519288364019));
#7313=CARTESIAN_POINT('Ctrl Pts',(-253.95809518681,22.564352591925,-3.86509036988446));
#7314=CARTESIAN_POINT('Ctrl Pts',(-253.95809518681,22.5643338644313,-3.86498784961645));
#7315=CARTESIAN_POINT('Ctrl Pts',(-253.95809518681,22.5643057721354,-3.86483406009543));
#7316=CARTESIAN_POINT('Ctrl Pts',(-253.958095186811,22.5642729925975,-3.86465460082115));
#7317=CARTESIAN_POINT('Ctrl Pts',(-253.958095186812,22.5642402113948,-3.86447512072184));
#7318=CARTESIAN_POINT('Ctrl Pts',(-253.958095186812,22.5642214783507,-3.86437255223526));
#7319=CARTESIAN_POINT('Ctrl Pts',(-253.958095186813,22.564174643565,-3.8641161135273));
#7320=CARTESIAN_POINT('Ctrl Pts',(-253.95809518682,22.5640950037979,-3.86368001205348));
#7321=CARTESIAN_POINT('Ctrl Pts',(-253.958095186826,22.5640012852223,-3.86316672649449));
#7322=CARTESIAN_POINT('Ctrl Pts',(-253.958095186829,22.5639262966832,-3.86275596924637));
#7323=CARTESIAN_POINT('Ctrl Pts',(-253.958095186831,22.5638512990214,-3.86234512606067));
#7324=CARTESIAN_POINT('Ctrl Pts',(-253.958095186867,22.5634949473399,-3.86039274645258));
#7325=CARTESIAN_POINT('Ctrl Pts',(-253.958095187351,22.5630061581218,-3.85771265560105));
#7326=CARTESIAN_POINT('Ctrl Pts',(-253.958095187427,22.5625499592832,-3.85520857410879));
#7327=CARTESIAN_POINT('Ctrl Pts',(-253.958095187438,22.5623899829817,-3.85433013516858));
#7328=CARTESIAN_POINT('Ctrl Pts',(-253.958095187438,22.5623711636425,-3.85422679475683));
#7329=CARTESIAN_POINT('Ctrl Pts',(-253.958095187439,22.562347636796,-3.85409760021461));
#7330=CARTESIAN_POINT('Ctrl Pts',(-253.958095187439,22.5623194035599,-3.85394255415632));
#7331=CARTESIAN_POINT('Ctrl Pts',(-253.95809518744,22.5622629324828,-3.85363242276161));
#7332=CARTESIAN_POINT('Ctrl Pts',(-253.958095187445,22.5621782057784,-3.8531670628694));
#7333=CARTESIAN_POINT('Ctrl Pts',(-253.95809518745,22.5620840408007,-3.85264976978251));
#7334=CARTESIAN_POINT('Ctrl Pts',(-253.958095187452,22.5620086975238,-3.85223581690706));
#7335=CARTESIAN_POINT('Ctrl Pts',(-253.958095187455,22.5618956664476,-3.85161474241728));
#7336=CARTESIAN_POINT('Ctrl Pts',(-253.958095187476,22.5617260415212,-3.850682488853));
#7337=CARTESIAN_POINT('Ctrl Pts',(-253.958095187496,22.5615563283135,-3.84974940948654));
#7338=CARTESIAN_POINT('Ctrl Pts',(-253.958095187499,22.5614431642341,-3.84912709315598));
#7339=CARTESIAN_POINT('Ctrl Pts',(-253.958095187501,22.5613677125613,-3.84871212828136));
#7340=CARTESIAN_POINT('Ctrl Pts',(-253.958095187507,22.5612356411223,-3.8479856691833));
#7341=CARTESIAN_POINT('Ctrl Pts',(-253.958095187572,22.5605183669712,-3.84403921311813));
#7342=CARTESIAN_POINT('Ctrl Pts',(-253.958095188885,22.5597976720146,-3.84006738724834));
#7343=CARTESIAN_POINT('Ctrl Pts',(-253.958095188958,22.5591152620219,-3.83630039558751));
#7344=CARTESIAN_POINT('Ctrl Pts',(-253.958095188959,22.5590299523388,-3.83582938464174));
#7345=CARTESIAN_POINT('Ctrl Pts',(-253.958095188961,22.558977810721,-3.83554146640117));
#7346=CARTESIAN_POINT('Ctrl Pts',(-253.958095188961,22.5589588499423,-3.83543676402401));
#7347=CARTESIAN_POINT('Ctrl Pts',(-253.958095188961,22.5589304078003,-3.8352797013188));
#7348=CARTESIAN_POINT('Ctrl Pts',(-253.958095188962,22.5588877397893,-3.83504406668483));
#7349=CARTESIAN_POINT('Ctrl Pts',(-253.958095188962,22.5588308447938,-3.83472983311645));
#7350=CARTESIAN_POINT('Ctrl Pts',(-253.958095188967,22.5586411656403,-3.83368212627704));
#7351=CARTESIAN_POINT('Ctrl Pts',(-253.958095189023,22.5583184531244,-3.83189883092705));
#7352=CARTESIAN_POINT('Ctrl Pts',(-253.958095189068,22.557862533825,-3.82937748344814));
#7353=CARTESIAN_POINT('Ctrl Pts',(-253.958095189129,22.5574061956377,-3.82685184673002));
#7354=CARTESIAN_POINT('Ctrl Pts',(-253.958095189175,22.5569495154092,-3.82432232370967));
#7355=CARTESIAN_POINT('Ctrl Pts',(-253.958095189264,22.5563400671725,-3.8209439493316));
#7356=CARTESIAN_POINT('Ctrl Pts',(-253.958095189403,22.5552723332687,-3.8150180421756));
#7357=CARTESIAN_POINT('Ctrl Pts',(-253.95809519023,22.5542772729153,-3.80948210276023));
#7358=CARTESIAN_POINT('Ctrl Pts',(-253.95809519029,22.5535502057333,-3.80542942469676));
#7359=CARTESIAN_POINT('Ctrl Pts',(-253.958095190293,22.5533971237046,-3.80457587429974));
#7360=CARTESIAN_POINT('Ctrl Pts',(-253.958095190296,22.5532440166641,-3.80372200512545));
#7361=CARTESIAN_POINT('Ctrl Pts',(-253.958095190309,22.5530908568083,-3.80286757289183));
#7362=CARTESIAN_POINT('Ctrl Pts',(-253.958095190312,22.5529376818857,-3.80201278436535));
#7363=CARTESIAN_POINT('Ctrl Pts',(-253.958095190315,22.5527844830159,-3.80115768132935));
#7364=CARTESIAN_POINT('Ctrl Pts',(-253.958095190328,22.5525929267753,-3.80008814176946));
#7365=CARTESIAN_POINT('Ctrl Pts',(-253.958095190337,22.5523630041638,-3.79880383936097));
#7366=CARTESIAN_POINT('Ctrl Pts',(-253.958095190352,22.5521330078182,-3.79751857700249));
#7367=CARTESIAN_POINT('Ctrl Pts',(-253.958095190363,22.5516729262884,-3.79494645113537));
#7368=CARTESIAN_POINT('Ctrl Pts',(-253.958095190549,22.5512121732714,-3.79236783102704));
#7369=CARTESIAN_POINT('Ctrl Pts',(-253.95809519056,22.5507898906711,-3.7900019065172));
#7370=CARTESIAN_POINT('Ctrl Pts',(-253.958095190564,22.5506363056816,-3.78914113287124));
#7371=CARTESIAN_POINT('Ctrl Pts',(-253.95809519057,22.5504059019815,-3.78784954239404));
#7372=CARTESIAN_POINT('Ctrl Pts',(-253.958095190623,22.5499064662895,-3.78504829096755));
#7373=CARTESIAN_POINT('Ctrl Pts',(-253.958095190775,22.5491374493204,-3.78072929727733));
#7374=CARTESIAN_POINT('Ctrl Pts',(-253.958095190931,22.5483678219341,-3.77639912752811));
#7375=CARTESIAN_POINT('Ctrl Pts',(-253.958095190986,22.5477519429551,-3.77292925944858));
#7376=CARTESIAN_POINT('Ctrl Pts',(-253.958095191023,22.5471359053965,-3.76945532213423));
#7377=CARTESIAN_POINT('Ctrl Pts',(-253.958095191192,22.5465193172979,-3.7659735153602));
#7378=CARTESIAN_POINT('Ctrl Pts',(-253.958095191222,22.545902785719,-3.76248712709591));
#7379=CARTESIAN_POINT('Ctrl Pts',(-253.958095191267,22.5455173098523,-3.76030528586626));
#7380=CARTESIAN_POINT('Ctrl Pts',(-253.958095191276,22.5452089378043,-3.75855861996269));
#7381=CARTESIAN_POINT('Ctrl Pts',(-253.958095191282,22.5450161876136,-3.75746633721629));
#7382=CARTESIAN_POINT('Ctrl Pts',(-253.958095191285,22.544861978764,-3.75659215053821));
#7383=CARTESIAN_POINT('Ctrl Pts',(-253.958095191288,22.5447077638159,-3.75571772149944));
#7384=CARTESIAN_POINT('Ctrl Pts',(-253.958095191296,22.5444378652487,-3.75418679812829));
#7385=CARTESIAN_POINT('Ctrl Pts',(-253.958095191332,22.5441293179876,-3.75243540473669));
#7386=CARTESIAN_POINT('Ctrl Pts',(-253.95809519134,22.5438207983993,-3.75068289898603));
#7387=CARTESIAN_POINT('Ctrl Pts',(-253.958095191352,22.5435122491746,-3.74892938193921));
#7388=CARTESIAN_POINT('Ctrl Pts',(-253.958095191378,22.5431265102862,-3.7467356017546));
#7389=CARTESIAN_POINT('Ctrl Pts',(-253.958095191517,22.5415833430093,-3.7379507540437));
#7390=CARTESIAN_POINT('Ctrl Pts',(-253.958095193584,22.5395727032775,-3.72645493320546));
#7391=CARTESIAN_POINT('Ctrl Pts',(-253.95809519392,22.53710452387,-3.7122553801129));
#7392=CARTESIAN_POINT('Ctrl Pts',(-253.958095194475,22.5352543611466,-3.70156679523862));
#7393=CARTESIAN_POINT('Ctrl Pts',(-253.95809519491,22.5338684222975,-3.69352577980689));
#7394=CARTESIAN_POINT('Ctrl Pts',(-253.958095194979,22.5329458563115,-3.68815844916458));
#7395=CARTESIAN_POINT('Ctrl Pts',(-253.958095195011,22.5323311073582,-3.68457801042739));
#7396=CARTESIAN_POINT('Ctrl Pts',(-253.958095195126,22.5315630288924,-3.68009718015853));
#7397=CARTESIAN_POINT('Ctrl Pts',(-253.958095195235,22.5306423150763,-3.67471390667781));
#7398=CARTESIAN_POINT('Ctrl Pts',(-253.958095195335,22.5297226194491,-3.66932447011639));
#7399=CARTESIAN_POINT('Ctrl Pts',(-253.958095195442,22.5290335926977,-3.66527759307611));
#7400=CARTESIAN_POINT('Ctrl Pts',(-253.958095195455,22.5285747309651,-3.66257864806931));
#7401=CARTESIAN_POINT('Ctrl Pts',(-253.958095195463,22.5283453711606,-3.66122881860433));
#7402=CARTESIAN_POINT('Ctrl Pts',(-253.958095195465,22.5281160993835,-3.65987872591096));
#7403=CARTESIAN_POINT('Ctrl Pts',(-253.958095195551,22.5267407799941,-3.6517753661829));
#7404=CARTESIAN_POINT('Ctrl Pts',(-253.958095197132,22.5251378184469,-3.64228505732834));
#7405=CARTESIAN_POINT('Ctrl Pts',(-253.958095197135,22.5233175486451,-3.63144213869356));
#7406=CARTESIAN_POINT('Ctrl Pts',(-253.95809519725,22.5225602548228,-3.62692025502713));
#7407=CARTESIAN_POINT('Ctrl Pts',(-253.958095197269,22.5219554464708,-3.62330219852083));
#7408=CARTESIAN_POINT('Ctrl Pts',(-253.958095197293,22.5215777875532,-3.62104021926926));
#7409=CARTESIAN_POINT('Ctrl Pts',(-253.958095197299,22.5213136508947,-3.61945670674793));
#7410=CARTESIAN_POINT('Ctrl Pts',(-253.958095197301,22.5211627761882,-3.61855178523408));
#7411=CARTESIAN_POINT('Ctrl Pts',(-253.958095197303,22.5209365230852,-3.61719433657551));
#7412=CARTESIAN_POINT('Ctrl Pts',(-253.95809519735,22.5201450712886,-3.61244222013075));
#7413=CARTESIAN_POINT('Ctrl Pts',(-253.958095197646,22.518791440154,-3.60428944309169));
#7414=CARTESIAN_POINT('Ctrl Pts',(-253.958095197914,22.5172944315759,-3.59522737305221));
#7415=CARTESIAN_POINT('Ctrl Pts',(-253.958095198019,22.5161015005358,-3.58797807463237));
#7416=CARTESIAN_POINT('Ctrl Pts',(-253.958095198087,22.5149117188773,-3.5807291401927));
#7417=CARTESIAN_POINT('Ctrl Pts',(-253.958095198375,22.5137262578481,-3.57347836446487));
#7418=CARTESIAN_POINT('Ctrl Pts',(-253.958095198445,22.5125463100861,-3.56623241020962));
#7419=CARTESIAN_POINT('Ctrl Pts',(-253.958095198515,22.5113698419396,-3.55898851865358));
#7420=CARTESIAN_POINT('Ctrl Pts',(-253.958095198775,22.5101983631641,-3.55174634089311));
#7421=CARTESIAN_POINT('Ctrl Pts',(-253.958095198833,22.5090329608953,-3.54451203931034));
#7422=CARTESIAN_POINT('Ctrl Pts',(-253.958095198896,22.5081617745571,-3.53908924800221));
#7423=CARTESIAN_POINT('Ctrl Pts',(-253.958095198953,22.5074382603275,-3.53457318840457));
#7424=CARTESIAN_POINT('Ctrl Pts',(-253.958095198965,22.5069331905596,-3.53141401313861));
#7425=CARTESIAN_POINT('Ctrl Pts',(-253.958095198976,22.5066809852908,-3.52983483723039));
#7426=CARTESIAN_POINT('Ctrl Pts',(-253.958095198968,22.5065369914057,-3.52893273930143));
#7427=CARTESIAN_POINT('Ctrl Pts',(-253.958095199735,22.5018572976331,-3.4996058271104));
#7428=CARTESIAN_POINT('Ctrl Pts',(-253.958095211401,22.4962104082917,-3.46339914153528));
#7429=CARTESIAN_POINT('Ctrl Pts',(-253.958095212016,22.4903661962836,-3.42476297119873));
#7430=CARTESIAN_POINT('Ctrl Pts',(-253.958095212222,22.4882759133425,-3.41081463164389));
#7431=CARTESIAN_POINT('Ctrl Pts',(-253.958095212362,22.4867261249446,-3.40040730901834));
#7432=CARTESIAN_POINT('Ctrl Pts',(-253.958095212519,22.485194575365,-3.39005685944754));
#7433=CARTESIAN_POINT('Ctrl Pts',(-253.958095212662,22.4841228992345,-3.38276768136959));
#7434=CARTESIAN_POINT('Ctrl Pts',(-253.958095212676,22.4834970997145,-3.37849566112227));
#7435=CARTESIAN_POINT('Ctrl Pts',(-253.958095212678,22.4832471858085,-3.3767882364543));
#7436=CARTESIAN_POINT('Ctrl Pts',(-253.958095212688,22.4828108666895,-3.37380366692344));
#7437=CARTESIAN_POINT('Ctrl Pts',(-253.958095212719,22.4821905396362,-3.36955008786428));
#7438=CARTESIAN_POINT('Ctrl Pts',(-253.95809521274,22.4815742473308,-3.36531038282714));
#7439=CARTESIAN_POINT('Ctrl Pts',(-253.958095212755,22.4811450194445,-3.36235032516147));
#7440=CARTESIAN_POINT('Ctrl Pts',(-253.958095212748,22.4809003472691,-3.36066092414226));
#7441=CARTESIAN_POINT('Ctrl Pts',(-253.958095213181,22.4768709991228,-3.33281690171837));
#7442=CARTESIAN_POINT('Ctrl Pts',(-253.958095218362,22.4691266674811,-3.27785206327598));
#7443=CARTESIAN_POINT('Ctrl Pts',(-253.958095224399,22.4544356698999,-3.16721388653197));
#7444=CARTESIAN_POINT('Ctrl Pts',(-253.958095234283,22.4437578287154,-3.07814966159555));
#7445=CARTESIAN_POINT('Ctrl Pts',(-253.958095236566,22.4370625241809,-3.01698104943477));
#7446=CARTESIAN_POINT('Ctrl Pts',(-253.958095236719,22.4365557936453,-3.01231758290278));
#7447=CARTESIAN_POINT('',(-253.958095293111,22.6580015716546,-4.51897977615605));
#7448=CARTESIAN_POINT('Ctrl Pts',(-253.958095293111,22.6580015716546,-4.51897977615606));
#7449=CARTESIAN_POINT('Ctrl Pts',(-261.291428626445,22.0576325791589,-3.06007800980929));
#7450=CARTESIAN_POINT('Ctrl Pts',(-268.624761959778,21.4572635866631,-1.60117624346252));
#7451=CARTESIAN_POINT('Ctrl Pts',(-275.958095293111,20.8568945941674,-0.142274477115747));
#7452=CARTESIAN_POINT('Ctrl Pts',(-253.958095293111,22.4219629301046,-3.94648621092303));
#7453=CARTESIAN_POINT('Ctrl Pts',(-261.291428626445,21.7989314881397,-2.72213617012628));
#7454=CARTESIAN_POINT('Ctrl Pts',(-268.624761959778,21.1760118438038,-1.49772091653642));
#7455=CARTESIAN_POINT('Ctrl Pts',(-275.958095293111,20.5529804018389,-0.273370875739666));
#7456=CARTESIAN_POINT('Ctrl Pts',(-253.958095293111,22.1035873458626,-3.40801429943467));
#7457=CARTESIAN_POINT('Ctrl Pts',(-261.291428626445,21.4834038132147,-2.402279919601));
#7458=CARTESIAN_POINT('Ctrl Pts',(-268.624761959778,20.8633291434254,-1.39647530334831));
#7459=CARTESIAN_POINT('Ctrl Pts',(-275.958095293111,20.2431456107775,-0.390740923514649));
#7460=CARTESIAN_POINT('Ctrl Pts',(-253.958095293111,21.7157206016199,-2.92529024653429));
#7461=CARTESIAN_POINT('Ctrl Pts',(-261.291428626445,21.1200307350423,-2.11482917028895));
#7462=CARTESIAN_POINT('Ctrl Pts',(-268.624761959778,20.5243408684648,-1.30436809404361));
#7463=CARTESIAN_POINT('Ctrl Pts',(-275.958095293111,19.9286510018872,-0.493907017798276));
#7464=CARTESIAN_POINT('',(-253.958095293111,21.7157206016199,-2.92529024653429));
#7465=CARTESIAN_POINT('Origin',(-253.958095293111,16.6487253934859,-6.99659956427801));
#7466=CARTESIAN_POINT('',(-253.958095293111,21.7157206016199,-2.92529024653429));
#7467=CARTESIAN_POINT('Ctrl Pts',(-253.958095293111,21.7157206016199,-2.92529024653429));
#7468=CARTESIAN_POINT('Ctrl Pts',(-261.291428626445,21.1200307350423,-2.11482917028895));
#7469=CARTESIAN_POINT('Ctrl Pts',(-268.624761959778,20.5243408684648,-1.30436809404362));
#7470=CARTESIAN_POINT('Ctrl Pts',(-275.958095293111,19.9286510018872,-0.493907017798281));
#7471=CARTESIAN_POINT('Ctrl Pts',(-253.958095293111,21.5592828932599,-2.69370407677705));
#7472=CARTESIAN_POINT('Ctrl Pts',(-261.291428626445,20.9762272232848,-1.97359572338072));
#7473=CARTESIAN_POINT('Ctrl Pts',(-268.624761959778,20.3930216181515,-1.25294854554816));
#7474=CARTESIAN_POINT('Ctrl Pts',(-275.958095293111,19.8099659481764,-0.532840192151839));
#7475=CARTESIAN_POINT('Ctrl Pts',(-253.958095293112,21.2320842999138,-2.26818024448965));
#7476=CARTESIAN_POINT('Ctrl Pts',(-261.291428626445,20.6784585763162,-1.71429925257404));
#7477=CARTESIAN_POINT('Ctrl Pts',(-268.624761959778,20.1248951200072,-1.16054390793318));
#7478=CARTESIAN_POINT('Ctrl Pts',(-275.958095293111,19.5712693964097,-0.606662916017572));
#7479=CARTESIAN_POINT('Ctrl Pts',(-253.958095293111,20.6340071473625,-1.73217205526722));
#7480=CARTESIAN_POINT('Ctrl Pts',(-261.291428626445,20.1391817464232,-1.39545933557431));
#7481=CARTESIAN_POINT('Ctrl Pts',(-268.624761959778,19.6442181825082,-1.05826375888881));
#7482=CARTESIAN_POINT('Ctrl Pts',(-275.958095293111,19.1493927815688,-0.721551039195904));
#7483=CARTESIAN_POINT('Ctrl Pts',(-253.958095293111,20.1741547706609,-1.49064932633522));
#7484=CARTESIAN_POINT('Ctrl Pts',(-261.291428626445,19.7309122480977,-1.25707226678887));
#7485=CARTESIAN_POINT('Ctrl Pts',(-268.624761959778,19.2880194964729,-1.02430148276731));
#7486=CARTESIAN_POINT('Ctrl Pts',(-275.958095293111,18.8447769739097,-0.790724423220965));
#7487=CARTESIAN_POINT('Ctrl Pts',(-253.958095293111,19.8786076149028,-1.35586726822152));
#7488=CARTESIAN_POINT('Ctrl Pts',(-261.291428626445,19.4727606685463,-1.17975604193421));
#7489=CARTESIAN_POINT('Ctrl Pts',(-268.624761959778,19.0669137221899,-1.0036448156469));
#7490=CARTESIAN_POINT('Ctrl Pts',(-275.958095293111,18.6610667758334,-0.827533589359584));
#7491=CARTESIAN_POINT('',(-253.958095293111,19.8786076149028,-1.35586726822151));
#7492=CARTESIAN_POINT('Ctrl Pts',(-253.958095293111,19.8786076149028,-1.35586726822152));
#7493=CARTESIAN_POINT('Ctrl Pts',(-253.958095293111,20.1741547706609,-1.49064932633522));
#7494=CARTESIAN_POINT('Ctrl Pts',(-253.958095293111,20.6340071473625,-1.73217205526722));
#7495=CARTESIAN_POINT('Ctrl Pts',(-253.958095293112,21.2320842999138,-2.26818024448965));
#7496=CARTESIAN_POINT('Ctrl Pts',(-253.958095293111,21.5592828932599,-2.69370407677705));
#7497=CARTESIAN_POINT('Ctrl Pts',(-253.958095293111,21.7157206016199,-2.92529024653429));
#7498=CARTESIAN_POINT('',(-253.958095293111,19.8786076149028,-1.35586726822151));
#7499=CARTESIAN_POINT('Ctrl Pts',(-253.958095293111,19.8786076149028,-1.3558672682215));
#7500=CARTESIAN_POINT('Ctrl Pts',(-261.291428626445,19.4727606685463,-1.1797560419342));
#7501=CARTESIAN_POINT('Ctrl Pts',(-268.624761959778,19.0669137221899,-1.00364481564689));
#7502=CARTESIAN_POINT('Ctrl Pts',(-275.958095293111,18.6610667758334,-0.827533589359584));
#7503=CARTESIAN_POINT('Ctrl Pts',(-253.958095293111,19.1611306160572,-0.945040077491852));
#7504=CARTESIAN_POINT('Ctrl Pts',(-261.291428626445,18.8499634457855,-0.934940495851682));
#7505=CARTESIAN_POINT('Ctrl Pts',(-268.624761959778,18.5389393935005,-0.924450404559979));
#7506=CARTESIAN_POINT('Ctrl Pts',(-275.958095293111,18.2277722232288,-0.914350822919809));
#7507=CARTESIAN_POINT('Ctrl Pts',(-253.958095293111,18.3645848887563,-0.672884009558162));
#7508=CARTESIAN_POINT('Ctrl Pts',(-261.291428626445,18.1727637173298,-0.77373079910328));
#7509=CARTESIAN_POINT('Ctrl Pts',(-268.624761959778,17.9810624361856,-0.874179080241354));
#7510=CARTESIAN_POINT('Ctrl Pts',(-275.958095293111,17.7892412647592,-0.975025869786472));
#7511=CARTESIAN_POINT('Ctrl Pts',(-253.958095293111,17.5457230419195,-0.558789748921188));
#7512=CARTESIAN_POINT('Ctrl Pts',(-261.291428626445,17.4800326350993,-0.708899510449089));
#7513=CARTESIAN_POINT('Ctrl Pts',(-268.624761959778,17.4143422282792,-0.85900927197699));
#7514=CARTESIAN_POINT('Ctrl Pts',(-275.958095293111,17.3486518214591,-1.00911903350489));
#7515=CARTESIAN_POINT('',(-253.958095293111,17.5457230419195,-0.558789748921202));
#7516=CARTESIAN_POINT('Origin',(-253.958095293111,16.6487253934859,-6.99659956427801));
#7517=CARTESIAN_POINT('',(-253.958095293111,17.5457230419195,-0.558789748921202));
#7518=CARTESIAN_POINT('Ctrl Pts',(-253.958095293111,17.5457230419194,-0.558789748921191));
#7519=CARTESIAN_POINT('Ctrl Pts',(-261.291428626445,17.4800326350993,-0.70889951044909));
#7520=CARTESIAN_POINT('Ctrl Pts',(-268.624761959778,17.4143422282792,-0.859009271976991));
#7521=CARTESIAN_POINT('Ctrl Pts',(-275.958095293111,17.3486518214591,-1.00911903350489));
#7522=CARTESIAN_POINT('Ctrl Pts',(-253.958095293111,16.6806096108004,-0.386210535267703));
#7523=CARTESIAN_POINT('Ctrl Pts',(-261.291428626445,16.7395158040628,-0.608972022829667));
#7524=CARTESIAN_POINT('Ctrl Pts',(-268.624761959778,16.8002756896663,-0.824233121500445));
#7525=CARTESIAN_POINT('Ctrl Pts',(-275.958095293111,16.8591818829287,-1.04699460906241));
#7526=CARTESIAN_POINT('Ctrl Pts',(-253.958095293111,15.7899750213784,-0.446989638526057));
#7527=CARTESIAN_POINT('Ctrl Pts',(-261.291428626445,15.9799928712824,-0.650721185670776));
#7528=CARTESIAN_POINT('Ctrl Pts',(-268.624761959778,16.1771573360054,-0.848321794013716));
#7529=CARTESIAN_POINT('Ctrl Pts',(-275.958095293111,16.3671751859093,-1.05205334115844));
#7530=CARTESIAN_POINT('Ctrl Pts',(-253.958095293111,14.8295290519758,-0.756365220037732));
#7531=CARTESIAN_POINT('Ctrl Pts',(-261.291428626445,15.1786960171909,-0.845660149373646));
#7532=CARTESIAN_POINT('Ctrl Pts',(-268.624761959778,15.527862982406,-0.934955078709561));
#7533=CARTESIAN_POINT('Ctrl Pts',(-275.958095293111,15.8770299476211,-1.02425000804548));
#7534=CARTESIAN_POINT('',(-253.958095293111,14.8295290519758,-0.756365220037689));
#7535=CARTESIAN_POINT('Ctrl Pts',(-253.958095293111,14.8295290519758,-0.756365220037732));
#7536=CARTESIAN_POINT('Ctrl Pts',(-253.958095293111,15.7899750213784,-0.446989638526057));
#7537=CARTESIAN_POINT('Ctrl Pts',(-253.958095293111,16.6806096108004,-0.386210535267703));
#7538=CARTESIAN_POINT('Ctrl Pts',(-253.958095293111,17.5457230419194,-0.558789748921191));
#7539=CARTESIAN_POINT('',(-253.958095293111,14.8295290519758,-0.756365220037689));
#7540=CARTESIAN_POINT('Ctrl Pts',(-253.958095293111,14.8295290519758,-0.756365220037704));
#7541=CARTESIAN_POINT('Ctrl Pts',(-261.291428626445,15.1786960171909,-0.845660149373627));
#7542=CARTESIAN_POINT('Ctrl Pts',(-268.624761959778,15.527862982406,-0.93495507870955));
#7543=CARTESIAN_POINT('Ctrl Pts',(-275.958095293111,15.8770299476211,-1.02425000804547));
#7544=CARTESIAN_POINT('Ctrl Pts',(-253.958095293111,14.2322567269257,-0.930486185481754));
#7545=CARTESIAN_POINT('Ctrl Pts',(-261.291428626445,14.6698665767139,-0.95550439045665));
#7546=CARTESIAN_POINT('Ctrl Pts',(-268.624761959778,15.1074248636047,-0.980399478755028));
#7547=CARTESIAN_POINT('Ctrl Pts',(-275.958095293111,15.5450347133929,-1.00541768372992));
#7548=CARTESIAN_POINT('Ctrl Pts',(-253.958095293111,13.6602206441889,-1.19092202377444));
#7549=CARTESIAN_POINT('Ctrl Pts',(-261.291428626445,14.1781308771693,-1.11782849558588));
#7550=CARTESIAN_POINT('Ctrl Pts',(-268.624761959778,14.695984154143,-1.04461432369253));
#7551=CARTESIAN_POINT('Ctrl Pts',(-275.958095293111,15.2138943871234,-0.971520795503969));
#7552=CARTESIAN_POINT('Ctrl Pts',(-253.958095293111,13.1367146464898,-1.52706754471871));
#7553=CARTESIAN_POINT('Ctrl Pts',(-261.291428626445,13.7194661120406,-1.32561121853914));
#7554=CARTESIAN_POINT('Ctrl Pts',(-268.624761959778,14.3022175775913,-1.12415489235957));
#7555=CARTESIAN_POINT('Ctrl Pts',(-275.958095293111,14.884969043142,-0.922698566180007));
#7556=CARTESIAN_POINT('',(-253.958095293111,13.1367146464898,-1.52706754471868));
#7557=CARTESIAN_POINT('Origin',(-253.958095293111,16.6487253934859,-6.99659956427801));
#7558=CARTESIAN_POINT('',(-253.958095293111,13.1367146464898,-1.52706754471868));
#7559=CARTESIAN_POINT('Ctrl Pts',(-253.958095293111,13.1367146464898,-1.52706754471867));
#7560=CARTESIAN_POINT('Ctrl Pts',(-261.291428626445,13.7194661120405,-1.32561121853912));
#7561=CARTESIAN_POINT('Ctrl Pts',(-268.624761959778,14.3022175775913,-1.12415489235956));
#7562=CARTESIAN_POINT('Ctrl Pts',(-275.958095293111,14.884969043142,-0.922698566180009));
#7563=CARTESIAN_POINT('Ctrl Pts',(-253.958095293111,12.7283890540922,-1.77728023962531));
#7564=CARTESIAN_POINT('Ctrl Pts',(-261.291428626445,13.3686233183713,-1.48059471008193));
#7565=CARTESIAN_POINT('Ctrl Pts',(-268.624761959778,14.0076710862488,-1.18419684677169));
#7566=CARTESIAN_POINT('Ctrl Pts',(-275.958095293111,14.6479053505278,-0.887511317228317));
#7567=CARTESIAN_POINT('Ctrl Pts',(-253.958095293111,12.3747366977052,-2.05777380134309));
#7568=CARTESIAN_POINT('Ctrl Pts',(-261.291428626445,13.0542990138968,-1.65325919724058));
#7569=CARTESIAN_POINT('Ctrl Pts',(-268.624761959778,13.7324297785503,-1.24908844062882));
#7570=CARTESIAN_POINT('Ctrl Pts',(-275.958095293111,14.4119920947419,-0.84457383652631));
#7571=CARTESIAN_POINT('Ctrl Pts',(-253.958095293111,12.0890555145903,-2.36416925228272));
#7572=CARTESIAN_POINT('Ctrl Pts',(-261.291428626445,12.7852813054594,-1.84077209620794));
#7573=CARTESIAN_POINT('Ctrl Pts',(-268.624761959778,13.4815070963285,-1.31737494013316));
#7574=CARTESIAN_POINT('Ctrl Pts',(-275.958095293111,14.1777328871975,-0.793977784058386));
#7575=CARTESIAN_POINT('',(-253.958095293111,12.0890555145904,-2.36416925228269));
#7576=CARTESIAN_POINT('Ctrl Pts',(-253.958095293111,12.0890555145903,-2.36416925228272));
#7577=CARTESIAN_POINT('Ctrl Pts',(-253.958095293111,12.3747366977052,-2.05777380134309));
#7578=CARTESIAN_POINT('Ctrl Pts',(-253.958095293111,12.7283890540922,-1.77728023962531));
#7579=CARTESIAN_POINT('Ctrl Pts',(-253.958095293111,13.1367146464898,-1.52706754471867));
#7580=CARTESIAN_POINT('',(-253.958095293111,12.0890555145904,-2.36416925228269));
#7581=CARTESIAN_POINT('Ctrl Pts',(-253.958095293111,12.0890555145904,-2.36416925228269));
#7582=CARTESIAN_POINT('Ctrl Pts',(-261.291428626445,12.7852813054594,-1.84077209620792));
#7583=CARTESIAN_POINT('Ctrl Pts',(-268.624761959778,13.4815070963285,-1.31737494013315));
#7584=CARTESIAN_POINT('Ctrl Pts',(-275.958095293111,14.1777328871975,-0.793977784058388));
#7585=CARTESIAN_POINT('Ctrl Pts',(-253.958095293111,11.4296668966017,-3.0132010169148));
#7586=CARTESIAN_POINT('Ctrl Pts',(-261.291428626445,12.1847358590992,-2.2387859558638));
#7587=CARTESIAN_POINT('Ctrl Pts',(-268.624761959778,12.9392824286612,-1.46399056443928));
#7588=CARTESIAN_POINT('Ctrl Pts',(-275.958095293111,13.6943513911587,-0.689575503388282));
#7589=CARTESIAN_POINT('Ctrl Pts',(-253.958095293111,10.9112847079245,-3.804764674955));
#7590=CARTESIAN_POINT('Ctrl Pts',(-261.291428626445,11.6803796496424,-2.72080025265112));
#7591=CARTESIAN_POINT('Ctrl Pts',(-268.624761959778,12.4489286976244,-1.63649178796056));
#7592=CARTESIAN_POINT('Ctrl Pts',(-275.958095293111,13.2180236393423,-0.552527365656686));
#7593=CARTESIAN_POINT('Ctrl Pts',(-253.958095293111,10.579914456869,-4.66861034273944));
#7594=CARTESIAN_POINT('Ctrl Pts',(-261.291428626445,11.3042996707563,-3.24043237767861));
#7595=CARTESIAN_POINT('Ctrl Pts',(-268.624761959778,12.0286848846435,-1.81225441261778));
#7596=CARTESIAN_POINT('Ctrl Pts',(-275.958095293111,12.7530700985308,-0.384076447556947));
#7597=CARTESIAN_POINT('',(-253.958095293111,10.579914456869,-4.66861034273943));
#7598=CARTESIAN_POINT('Origin',(-253.958095293111,16.6487253934859,-6.99659956427801));
#7599=CARTESIAN_POINT('',(-266.449267799683,11.8137900024884,-2.2359352520586));
#7600=CARTESIAN_POINT('',(-253.958095293111,10.579914456869,-4.66861034273943));
#7601=CARTESIAN_POINT('',(-253.958095293111,10.579914456869,-4.66861034273943));
#7602=CARTESIAN_POINT('Ctrl Pts',(-253.958095293111,10.579914456869,-4.66861034273944));
#7603=CARTESIAN_POINT('Ctrl Pts',(-261.291428626445,11.3042996707563,-3.24043237767861));
#7604=CARTESIAN_POINT('Ctrl Pts',(-268.624761959778,12.0286848846435,-1.81225441261778));
#7605=CARTESIAN_POINT('Ctrl Pts',(-275.958095293111,12.7530700985308,-0.384076447556947));
#7606=CARTESIAN_POINT('Ctrl Pts',(-253.958095293111,10.3948265221339,-4.94146150901578));
#7607=CARTESIAN_POINT('Ctrl Pts',(-261.291428626445,11.1449538345559,-3.40960102355708));
#7608=CARTESIAN_POINT('Ctrl Pts',(-268.624761959778,11.8960663363789,-1.87721599748126));
#7609=CARTESIAN_POINT('Ctrl Pts',(-275.958095293111,12.6461936488008,-0.34535551202256));
#7610=CARTESIAN_POINT('Ctrl Pts',(-253.958095293111,10.0901258596838,-5.3386052988239));
#7611=CARTESIAN_POINT('Ctrl Pts',(-261.291428626445,10.886496399826,-3.65303623627028));
#7612=CARTESIAN_POINT('Ctrl Pts',(-268.624761959778,11.6828176862015,-1.96747377193441));
#7613=CARTESIAN_POINT('Ctrl Pts',(-275.958095293111,12.4791882263437,-0.281904709380786));
#7614=CARTESIAN_POINT('Ctrl Pts',(-253.958095293111,9.81959027925112,-5.58458531047104));
#7615=CARTESIAN_POINT('Ctrl Pts',(-261.291428626445,10.6358736468118,-3.78842570017487));
#7616=CARTESIAN_POINT('Ctrl Pts',(-268.624761959778,11.4523995103829,-1.99216263258525));
#7617=CARTESIAN_POINT('Ctrl Pts',(-275.958095293111,12.2686828779436,-0.196003022289082));
#7618=CARTESIAN_POINT('Ctrl Pts',(-253.958095293111,9.74942996290647,-5.59436395121253));
#7619=CARTESIAN_POINT('Ctrl Pts',(-261.291428626445,10.5542577515029,-3.78010343379007));
#7620=CARTESIAN_POINT('Ctrl Pts',(-268.624761959778,11.3592825947408,-1.96568720310991));
#7621=CARTESIAN_POINT('Ctrl Pts',(-275.958095293111,12.1641103833372,-0.151426685687455));
#7622=CARTESIAN_POINT('Ctrl Pts',(-253.958095293111,9.73274797045623,-5.57618404704086));
#7623=CARTESIAN_POINT('Ctrl Pts',(-261.291428626445,10.5283061443802,-3.76146458221603));
#7624=CARTESIAN_POINT('Ctrl Pts',(-268.624761959778,11.3238643183041,-1.9467451173912));
#7625=CARTESIAN_POINT('Ctrl Pts',(-275.958095293111,12.119422492228,-0.132025652566372));
#7626=CARTESIAN_POINT('',(-253.958095293111,9.73274797045623,-5.57618404704086));
#7627=CARTESIAN_POINT('Ctrl Pts',(-253.958095293111,9.73274797045623,-5.57618404704086));
#7628=CARTESIAN_POINT('Ctrl Pts',(-253.958095293111,9.74942996290647,-5.59436395121253));
#7629=CARTESIAN_POINT('Ctrl Pts',(-253.958095293111,9.81959027925112,-5.58458531047104));
#7630=CARTESIAN_POINT('Ctrl Pts',(-253.958095293111,10.0901258596838,-5.3386052988239));
#7631=CARTESIAN_POINT('Ctrl Pts',(-253.958095293111,10.3948265221339,-4.94146150901578));
#7632=CARTESIAN_POINT('Ctrl Pts',(-253.958095293111,10.579914456869,-4.66861034273944));
#7633=CARTESIAN_POINT('',(-253.958095293111,9.73274797045623,-5.57618404704086));
#7634=CARTESIAN_POINT('Ctrl Pts',(-253.958095293111,9.73274797045623,-5.57618404704086));
#7635=CARTESIAN_POINT('Ctrl Pts',(-261.291428626445,10.5283061443802,-3.76146458221603));
#7636=CARTESIAN_POINT('Ctrl Pts',(-268.624761959778,11.3238643183041,-1.9467451173912));
#7637=CARTESIAN_POINT('Ctrl Pts',(-275.958095293111,12.119422492228,-0.132025652566372));
#7638=CARTESIAN_POINT('Ctrl Pts',(-253.958095293111,10.2246152931923,-4.75459406310755));
#7639=CARTESIAN_POINT('Ctrl Pts',(-261.291428626445,10.7081086280664,-3.14945573993439));
#7640=CARTESIAN_POINT('Ctrl Pts',(-268.624761959778,11.1922978544861,-1.54456357802883));
#7641=CARTESIAN_POINT('Ctrl Pts',(-275.958095293111,11.6757911893601,0.060574745144332));
#7642=CARTESIAN_POINT('Ctrl Pts',(-253.958095293111,10.5317215939707,-3.82309492875929));
#7643=CARTESIAN_POINT('Ctrl Pts',(-261.291428626445,10.7692045282194,-2.45450609086727));
#7644=CARTESIAN_POINT('Ctrl Pts',(-268.624761959778,11.0073996346323,-1.08611468407887));
#7645=CARTESIAN_POINT('Ctrl Pts',(-275.958095293111,11.244882568881,0.282474153813159));
#7646=CARTESIAN_POINT('Ctrl Pts',(-253.958095293111,10.6249276748775,-2.87007016971204));
#7647=CARTESIAN_POINT('Ctrl Pts',(-261.291428626445,10.6934302177424,-1.73613100721215));
#7648=CARTESIAN_POINT('Ctrl Pts',(-268.624761959778,10.7619327606074,-0.602191844712252));
#7649=CARTESIAN_POINT('Ctrl Pts',(-275.958095293111,10.8304353034724,0.531747317787642));
#7650=CARTESIAN_POINT('',(-253.958095293111,10.6249276748775,-2.87007016971205));
#7651=CARTESIAN_POINT('Origin',(-253.958095293111,4.1557923406727,-2.23738697273013));
#7652=CARTESIAN_POINT('',(-253.958095293111,10.6249276748775,-2.87007016971205));
#7653=CARTESIAN_POINT('Ctrl Pts',(-253.958095293111,10.6249276748775,-2.87007016971203));
#7654=CARTESIAN_POINT('Ctrl Pts',(-261.291428626445,10.6934302177424,-1.73613100721214));
#7655=CARTESIAN_POINT('Ctrl Pts',(-268.624761959778,10.7619327606074,-0.602191844712246));
#7656=CARTESIAN_POINT('Ctrl Pts',(-275.958095293111,10.8304353034724,0.531747317787646));
#7657=CARTESIAN_POINT('Ctrl Pts',(-253.958095293111,10.7114952355078,-2.53523405790742));
#7658=CARTESIAN_POINT('Ctrl Pts',(-261.291428626445,10.710846368149,-1.48895328912436));
#7659=CARTESIAN_POINT('Ctrl Pts',(-268.624761959778,10.7106700053414,-0.442109230776766));
#7660=CARTESIAN_POINT('Ctrl Pts',(-275.958095293111,10.7100211379826,0.604171538006293));
#7661=CARTESIAN_POINT('Ctrl Pts',(-253.958095293111,10.8154950103029,-1.90570158591607));
#7662=CARTESIAN_POINT('Ctrl Pts',(-261.291428626445,10.701086085869,-1.0190841423875));
#7663=CARTESIAN_POINT('Ctrl Pts',(-268.624761959778,10.5863777597054,-0.132982055041324));
#7664=CARTESIAN_POINT('Ctrl Pts',(-275.958095293111,10.4719688352715,0.753635388487252));
#7665=CARTESIAN_POINT('Ctrl Pts',(-253.958095293111,10.7148545987807,-0.988300026975414));
#7666=CARTESIAN_POINT('Ctrl Pts',(-261.291428626445,10.4983853525308,-0.315306032254546));
#7667=CARTESIAN_POINT('Ctrl Pts',(-268.624761959778,10.2821730942417,0.357971309102432));
#7668=CARTESIAN_POINT('Ctrl Pts',(-275.958095293111,10.0657038479918,1.0309653038233));
#7669=CARTESIAN_POINT('Ctrl Pts',(-253.958095293111,10.456107185905,-0.413788011174511));
#7670=CARTESIAN_POINT('Ctrl Pts',(-261.291428626445,10.2328659791101,0.13899918777328));
#7671=CARTESIAN_POINT('Ctrl Pts',(-268.624761959778,10.0085098802829,0.689987727112108));
#7672=CARTESIAN_POINT('Ctrl Pts',(-275.958095293111,9.78526867348806,1.2427749260599));
#7673=CARTESIAN_POINT('Ctrl Pts',(-253.958095293111,10.2769361373863,-0.0507002965110049));
#7674=CARTESIAN_POINT('Ctrl Pts',(-261.291428626445,10.0582232223625,0.424396306558121));
#7675=CARTESIAN_POINT('Ctrl Pts',(-268.624761959778,9.83951030733857,0.899492909627247));
#7676=CARTESIAN_POINT('Ctrl Pts',(-275.958095293111,9.62079739231469,1.37458951269637));
#7677=CARTESIAN_POINT('',(-253.958095293111,10.2769361373863,-0.0507002965110059));
#7678=CARTESIAN_POINT('Ctrl Pts',(-253.958095293111,10.2769361373863,-0.0507002965110049));
#7679=CARTESIAN_POINT('Ctrl Pts',(-253.958095293111,10.456107185905,-0.413788011174511));
#7680=CARTESIAN_POINT('Ctrl Pts',(-253.958095293111,10.7148545987807,-0.988300026975414));
#7681=CARTESIAN_POINT('Ctrl Pts',(-253.958095293111,10.8154950103029,-1.90570158591607));
#7682=CARTESIAN_POINT('Ctrl Pts',(-253.958095293111,10.7114952355078,-2.53523405790742));
#7683=CARTESIAN_POINT('Ctrl Pts',(-253.958095293111,10.6249276748775,-2.87007016971203));
#7684=CARTESIAN_POINT('',(-253.958095293111,10.2769361373863,-0.0507002965110059));
#7685=CARTESIAN_POINT('Ctrl Pts',(-253.958095293111,10.2769361373863,-0.0507002965109915));
#7686=CARTESIAN_POINT('Ctrl Pts',(-261.291428626445,10.0582232223625,0.42439630655813));
#7687=CARTESIAN_POINT('Ctrl Pts',(-268.624761959778,9.83951030733857,0.899492909627251));
#7688=CARTESIAN_POINT('Ctrl Pts',(-275.958095293111,9.62079739231469,1.37458951269637));
#7689=CARTESIAN_POINT('Ctrl Pts',(-253.958095293111,9.91105627885665,0.973499123889619));
#7690=CARTESIAN_POINT('Ctrl Pts',(-261.291428626445,9.67107503738573,1.22148502086276));
#7691=CARTESIAN_POINT('Ctrl Pts',(-268.624761959778,9.43214671189856,1.4701282675631));
#7692=CARTESIAN_POINT('Ctrl Pts',(-275.958095293111,9.19216547042764,1.71811416453625));
#7693=CARTESIAN_POINT('Ctrl Pts',(-253.958095293111,9.28324044140956,1.9029183901479));
#7694=CARTESIAN_POINT('Ctrl Pts',(-261.291428626445,9.11826630605745,1.96630059419714));
#7695=CARTESIAN_POINT('Ctrl Pts',(-268.624761959778,8.95429102466489,2.03042033780681));
#7696=CARTESIAN_POINT('Ctrl Pts',(-275.958095293111,8.78931688931278,2.09380254185605));
#7697=CARTESIAN_POINT('Ctrl Pts',(-253.958095293111,8.46970357096726,2.62472881128185));
#7698=CARTESIAN_POINT('Ctrl Pts',(-261.291428626445,8.4520547339642,2.5823035375818));
#7699=CARTESIAN_POINT('Ctrl Pts',(-268.624761959778,8.43440589696114,2.53987826388174));
#7700=CARTESIAN_POINT('Ctrl Pts',(-275.958095293111,8.41675705995808,2.49745299018168));
#7701=CARTESIAN_POINT('',(-253.958095293111,8.46970357096726,2.62472881128187));
#7702=CARTESIAN_POINT('Origin',(-253.958095293111,4.1557923406727,-2.23738697273013));
#7703=CARTESIAN_POINT('',(-253.958095293111,8.46970357096726,2.62472881128187));
#7704=CARTESIAN_POINT('Ctrl Pts',(-253.958095293111,8.46970357096726,2.62472881128188));
#7705=CARTESIAN_POINT('Ctrl Pts',(-261.291428626445,8.4520547339642,2.58230353758181));
#7706=CARTESIAN_POINT('Ctrl Pts',(-268.624761959778,8.43440589696114,2.53987826388174));
#7707=CARTESIAN_POINT('Ctrl Pts',(-275.958095293111,8.41675705995808,2.49745299018168));
#7708=CARTESIAN_POINT('Ctrl Pts',(-253.958095293111,8.42496345729881,2.66488358778059));
#7709=CARTESIAN_POINT('Ctrl Pts',(-261.291428626445,8.41540311600827,2.61646751174377));
#7710=CARTESIAN_POINT('Ctrl Pts',(-268.624761959778,8.4058431745705,2.56805189465723));
#7711=CARTESIAN_POINT('Ctrl Pts',(-275.958095293111,8.39628283327997,2.51963581862041));
#7712=CARTESIAN_POINT('Ctrl Pts',(-253.958095293111,8.37968493122486,2.70392989561765));
#7713=CARTESIAN_POINT('Ctrl Pts',(-261.291428626445,8.37842313263995,2.64992075666509));
#7714=CARTESIAN_POINT('Ctrl Pts',(-268.624761959778,8.37716172014582,2.59591206755885));
#7715=CARTESIAN_POINT('Ctrl Pts',(-275.958095293111,8.37589992156092,2.5419029286063));
#7716=CARTESIAN_POINT('Ctrl Pts',(-253.958095293111,8.33395855205545,2.74186268058723));
#7717=CARTESIAN_POINT('Ctrl Pts',(-261.291428626445,8.34117537322909,2.68265964222767));
#7718=CARTESIAN_POINT('Ctrl Pts',(-268.624761959778,8.34839219440273,2.6234566038681));
#7719=CARTESIAN_POINT('Ctrl Pts',(-275.958095293111,8.35560901557637,2.56425356550854));
#7720=CARTESIAN_POINT('',(-253.958095293111,8.33395855205537,2.74186268058714));
#7721=CARTESIAN_POINT('Ctrl Pts',(-253.958095293111,8.33395855205545,2.74186268058723));
#7722=CARTESIAN_POINT('Ctrl Pts',(-253.958095293111,8.37968493122486,2.70392989561765));
#7723=CARTESIAN_POINT('Ctrl Pts',(-253.958095293111,8.42496345729881,2.66488358778059));
#7724=CARTESIAN_POINT('Ctrl Pts',(-253.958095293111,8.46970357096726,2.62472881128188));
#7725=CARTESIAN_POINT('',(-253.958095293111,8.33395855205537,2.74186268058714));
#7726=CARTESIAN_POINT('Ctrl Pts',(-253.958095293111,8.33395855205537,2.74186268058714));
#7727=CARTESIAN_POINT('Ctrl Pts',(-261.291428626445,8.34117537322904,2.68265964222761));
#7728=CARTESIAN_POINT('Ctrl Pts',(-268.624761959778,8.34839219440271,2.62345660386807));
#7729=CARTESIAN_POINT('Ctrl Pts',(-275.958095293111,8.35560901557638,2.56425356550853));
#7730=CARTESIAN_POINT('Ctrl Pts',(-253.958095293111,7.78198529729531,3.20503206617699));
#7731=CARTESIAN_POINT('Ctrl Pts',(-261.291428626445,7.89161059254983,3.08118882865578));
#7732=CARTESIAN_POINT('Ctrl Pts',(-268.624761959778,8.00136361611423,2.9575483066885));
#7733=CARTESIAN_POINT('Ctrl Pts',(-275.958095293111,8.11098891136874,2.83370506916729));
#7734=CARTESIAN_POINT('Ctrl Pts',(-253.958095293111,7.15240521655037,3.57548767118248));
#7735=CARTESIAN_POINT('Ctrl Pts',(-261.291428626445,7.39481515579779,3.42202402997396));
#7736=CARTESIAN_POINT('Ctrl Pts',(-268.624761959778,7.63734215297414,3.26876936305224));
#7737=CARTESIAN_POINT('Ctrl Pts',(-275.958095293111,7.87975209222156,3.11530572184371));
#7738=CARTESIAN_POINT('Ctrl Pts',(-253.958095293111,6.47946563202152,3.83307778996079));
#7739=CARTESIAN_POINT('Ctrl Pts',(-261.291428626445,6.87398903827274,3.69127536874914));
#7740=CARTESIAN_POINT('Ctrl Pts',(-268.624761959778,7.26851244452397,3.5494729475375));
#7741=CARTESIAN_POINT('Ctrl Pts',(-275.958095293111,7.6630358507752,3.40767052632586));
#7742=CARTESIAN_POINT('',(-253.958095293111,6.47946563202151,3.83307778996077));
#7743=CARTESIAN_POINT('Origin',(-253.958095293111,4.1557923406727,-2.23738697273013));
#7744=CARTESIAN_POINT('',(-253.958095293111,6.47946563202151,3.83307778996077));
#7745=CARTESIAN_POINT('Ctrl Pts',(-253.958095293111,6.47946563202151,3.83307778996077));
#7746=CARTESIAN_POINT('Ctrl Pts',(-261.291428626445,6.87398903827274,3.69127536874914));
#7747=CARTESIAN_POINT('Ctrl Pts',(-268.624761959778,7.26851244452397,3.5494729475375));
#7748=CARTESIAN_POINT('Ctrl Pts',(-275.958095293111,7.6630358507752,3.40767052632586));
#7749=CARTESIAN_POINT('Ctrl Pts',(-253.958095293111,6.18699084811404,3.9783935046831));
#7750=CARTESIAN_POINT('Ctrl Pts',(-261.291428626445,6.64235429091331,3.83909253192179));
#7751=CARTESIAN_POINT('Ctrl Pts',(-268.624761959778,7.09548212510904,3.69832374613735));
#7752=CARTESIAN_POINT('Ctrl Pts',(-275.958095293111,7.55084556790831,3.55902277337604));
#7753=CARTESIAN_POINT('Ctrl Pts',(-253.958095293112,5.73705830967741,4.20693539970691));
#7754=CARTESIAN_POINT('Ctrl Pts',(-261.291428626445,6.27832288816107,4.08082704600419));
#7755=CARTESIAN_POINT('Ctrl Pts',(-268.624761959778,6.82005428795924,3.95504269427555));
#7756=CARTESIAN_POINT('Ctrl Pts',(-275.958095293111,7.3613188664429,3.82893434057283));
#7757=CARTESIAN_POINT('Ctrl Pts',(-253.958095293111,4.99385798559721,4.26595125349197));
#7758=CARTESIAN_POINT('Ctrl Pts',(-261.291428626445,5.72284359561131,4.21255795659493));
#7759=CARTESIAN_POINT('Ctrl Pts',(-268.624761959778,6.4551544312094,4.16044435032473));
#7760=CARTESIAN_POINT('Ctrl Pts',(-275.958095293111,7.1841400412235,4.10705105342769));
#7761=CARTESIAN_POINT('Ctrl Pts',(-253.958095293111,4.59482589352166,4.24776911941389));
#7762=CARTESIAN_POINT('Ctrl Pts',(-261.291428626445,5.43339407507055,4.24106687364738));
#7763=CARTESIAN_POINT('Ctrl Pts',(-268.624761959778,6.27196225661944,4.23436462788086));
#7764=CARTESIAN_POINT('Ctrl Pts',(-275.958095293111,7.11053043816833,4.22766238211435));
#7765=CARTESIAN_POINT('',(-253.958095293111,4.59482589352168,4.2477691194139));
#7766=CARTESIAN_POINT('Ctrl Pts',(-253.958095293111,4.59482589352166,4.24776911941389));
#7767=CARTESIAN_POINT('Ctrl Pts',(-253.958095293111,4.99385798559721,4.26595125349197));
#7768=CARTESIAN_POINT('Ctrl Pts',(-253.958095293112,5.73705830967741,4.20693539970691));
#7769=CARTESIAN_POINT('Ctrl Pts',(-253.958095293111,6.18699084811404,3.9783935046831));
#7770=CARTESIAN_POINT('Ctrl Pts',(-253.958095293111,6.47946563202151,3.83307778996077));
#7771=CARTESIAN_POINT('',(-253.958095293111,4.59482589352168,4.2477691194139));
#7772=CARTESIAN_POINT('Ctrl Pts',(-253.958095293111,4.59482589352168,4.24776911941389));
#7773=CARTESIAN_POINT('Ctrl Pts',(-261.291428626445,5.43339407507056,4.24106687364738));
#7774=CARTESIAN_POINT('Ctrl Pts',(-268.624761959778,6.27196225661944,4.23436462788087));
#7775=CARTESIAN_POINT('Ctrl Pts',(-275.958095293111,7.11053043816833,4.22766238211435));
#7776=CARTESIAN_POINT('Ctrl Pts',(-253.958095293111,3.62784255022646,4.31323217484705));
#7777=CARTESIAN_POINT('Ctrl Pts',(-261.291428626445,4.70376383107738,4.42373054917012));
#7778=CARTESIAN_POINT('Ctrl Pts',(-268.624761959778,5.77960112756999,4.53500157268817));
#7779=CARTESIAN_POINT('Ctrl Pts',(-275.958095293111,6.85552240842092,4.64549994701124));
#7780=CARTESIAN_POINT('Ctrl Pts',(-253.958095293111,2.64661755785994,4.15884110894106));
#7781=CARTESIAN_POINT('Ctrl Pts',(-261.291428626445,3.97394036207535,4.46576694197388));
#7782=CARTESIAN_POINT('Ctrl Pts',(-268.624761959778,5.30112534354314,4.77345674258644));
#7783=CARTESIAN_POINT('Ctrl Pts',(-275.958095293111,6.62844814775855,5.08038257561927));
#7784=CARTESIAN_POINT('Ctrl Pts',(-253.958095293111,1.74646057562542,3.79959244134228));
#7785=CARTESIAN_POINT('Ctrl Pts',(-261.291428626445,3.30808231967497,4.37587669184263));
#7786=CARTESIAN_POINT('Ctrl Pts',(-268.624761959778,4.86970406372453,4.95216094234298));
#7787=CARTESIAN_POINT('Ctrl Pts',(-275.958095293111,6.43132580777408,5.52844519284332));
#7788=CARTESIAN_POINT('',(-253.958095293111,4.1557923406727,4.26261302726987));
#7789=CARTESIAN_POINT('Origin',(-253.958095293111,4.1557923406727,-2.23738697273013));
#7790=CARTESIAN_POINT('',(-253.958095293111,2.30176986811667,3.99258900404999));
#7791=CARTESIAN_POINT('Origin',(-253.958095293111,4.1557923406727,-2.23738697273013));
#7792=CARTESIAN_POINT('',(-253.958095293111,1.7464605756253,3.79959244134227));
#7793=CARTESIAN_POINT('Origin',(-253.958095293111,4.1557923406727,-2.23738697273013));
#7794=CARTESIAN_POINT('',(-264.263688171525,3.94102029256903,4.60944937787389));
#7795=CARTESIAN_POINT('',(-253.958095293111,1.7464605756253,3.79959244134227));
#7796=CARTESIAN_POINT('',(-253.958095293111,1.7464605756253,3.79959244134227));
#7797=CARTESIAN_POINT('Ctrl Pts',(-253.958095293111,1.7464605756253,3.79959244134225));
#7798=CARTESIAN_POINT('Ctrl Pts',(-261.291428626445,3.30808231967489,4.37587669184261));
#7799=CARTESIAN_POINT('Ctrl Pts',(-268.624761959778,4.86970406372449,4.95216094234296));
#7800=CARTESIAN_POINT('Ctrl Pts',(-275.958095293111,6.43132580777409,5.52844519284332));
#7801=CARTESIAN_POINT('Ctrl Pts',(-253.958095293111,1.37828541718602,3.72267695965264));
#7802=CARTESIAN_POINT('Ctrl Pts',(-261.291428626445,3.04812042677532,4.35894503170037));
#7803=CARTESIAN_POINT('Ctrl Pts',(-268.624761959778,4.71633979797788,4.99480615474772));
#7804=CARTESIAN_POINT('Ctrl Pts',(-275.958095293111,6.38617480756718,5.63107422679545));
#7805=CARTESIAN_POINT('Ctrl Pts',(-253.958095293112,1.13921289431384,3.67349683992124));
#7806=CARTESIAN_POINT('Ctrl Pts',(-261.291428626445,2.87429371788948,4.36062361707521));
#7807=CARTESIAN_POINT('Ctrl Pts',(-268.624761959778,4.60751223860508,5.04726686563084));
#7808=CARTESIAN_POINT('Ctrl Pts',(-275.958095293111,6.34259306218072,5.73439364278481));
#7809=CARTESIAN_POINT('Ctrl Pts',(-253.958095293111,1.09174697301918,3.68303289636696));
#7810=CARTESIAN_POINT('Ctrl Pts',(-261.291428626445,2.82803163017304,4.40147364517043));
#7811=CARTESIAN_POINT('Ctrl Pts',(-268.624761959778,4.5643162873269,5.1199143939739));
#7812=CARTESIAN_POINT('Ctrl Pts',(-275.958095293111,6.30060094448076,5.83835514277737));
#7813=CARTESIAN_POINT('Ctrl Pts',(-253.958095293111,1.09174697301918,3.68303289636696));
#7814=CARTESIAN_POINT('Ctrl Pts',(-253.958095293112,1.13921289431384,3.67349683992124));
#7815=CARTESIAN_POINT('Ctrl Pts',(-253.958095293111,1.37828541718602,3.72267695965264));
#7816=CARTESIAN_POINT('Ctrl Pts',(-253.958095293111,1.7464605756253,3.79959244134225));
#7817=CARTESIAN_POINT('Origin',(-253.958095293111,16.5,9.95809529311128));
#7818=CARTESIAN_POINT('Origin',(-253.958095293111,28.8839519152278,22.5014972329986));
#7819=CARTESIAN_POINT('Origin',(-253.958095293111,16.5,9.95809529311128));
#7820=CARTESIAN_POINT('Origin',(-253.958095293111,28.8839519152278,22.5014972329986));
#7821=CARTESIAN_POINT('Origin',(-253.958095293111,16.5,9.95809529311128));
#7822=CARTESIAN_POINT('Origin',(-253.958095293111,16.6487253934859,27.2102409374723));
#7823=CARTESIAN_POINT('Origin',(-253.958095293111,16.5,9.95809529311128));
#7824=CARTESIAN_POINT('Origin',(-253.958095293111,16.6487253934859,27.2102409374723));
#7825=CARTESIAN_POINT('Origin',(-253.958095293111,16.5,9.95809529311128));
#7826=CARTESIAN_POINT('Origin',(-253.958095293111,16.6487253934859,27.2102409374723));
#7827=CARTESIAN_POINT('Origin',(-253.958095293111,16.5,9.95809529311128));
#7828=CARTESIAN_POINT('Origin',(-253.958095293111,4.0633639969736,22.6932105602103));
#7829=CARTESIAN_POINT('Origin',(-253.958095293111,16.5,9.95809529311128));
#7830=CARTESIAN_POINT('Origin',(-253.958095293111,4.0633639969736,22.6932105602103));
#7831=CARTESIAN_POINT('Origin',(-253.958095293111,16.5,9.95809529311128));
#7832=CARTESIAN_POINT('Origin',(-253.958095293111,4.0633639969736,22.6932105602103));
#7833=CARTESIAN_POINT('Origin',(-253.958095293111,16.5,9.95809529311128));
#7834=CARTESIAN_POINT('Origin',(-253.958095293111,-0.603420250875175,9.95809529311128));
#7835=CARTESIAN_POINT('Origin',(-253.958095293111,16.5,9.95809529311128));
#7836=CARTESIAN_POINT('Origin',(-253.958095293111,-0.603420250875175,9.95809529311128));
#7837=CARTESIAN_POINT('Origin',(-253.958095293111,16.5,9.95809529311128));
#7838=CARTESIAN_POINT('Origin',(-253.958095293111,4.1557923406727,-2.23738697273013));
#7839=CARTESIAN_POINT('Origin',(-253.958095293111,16.5,9.95809529311128));
#7840=CARTESIAN_POINT('Origin',(-253.958095293111,4.1557923406727,-2.23738697273013));
#7841=CARTESIAN_POINT('Origin',(-253.958095293111,16.5,9.95809529311128));
#7842=CARTESIAN_POINT('Origin',(-253.958095293111,16.6487253934859,-6.99659956427801));
#7843=CARTESIAN_POINT('Origin',(-253.958095293111,16.5,9.95809529311128));
#7844=CARTESIAN_POINT('',(-253.958095293111,16.6487253934859,-0.496599564278009));
#7845=CARTESIAN_POINT('Origin',(-253.958095293111,16.6487253934859,-6.99659956427801));
#7846=CARTESIAN_POINT('Origin',(-253.958095293111,16.6487253934859,-6.99659956427801));
#7847=CARTESIAN_POINT('Origin',(-253.958095293111,16.5,9.95809529311128));
#7848=CARTESIAN_POINT('Origin',(-253.958095293111,16.6487253934859,-6.99659956427801));
#7849=CARTESIAN_POINT('Origin',(-253.958095293111,16.5,9.95809529311128));
#7850=CARTESIAN_POINT('Origin',(-253.958095293111,28.8984176465763,-2.30981269402743));
#7851=CARTESIAN_POINT('Origin',(-253.958095293111,16.5,9.95809529311128));
#7852=CARTESIAN_POINT('Origin',(-253.958095293111,28.8984176465763,-2.30981269402743));
#7853=CARTESIAN_POINT('Origin',(-253.958095293111,16.5,9.95809529311128));
#7854=CARTESIAN_POINT('',(-253.958095293111,28.8984176465763,4.19018730597257));
#7855=CARTESIAN_POINT('Origin',(-253.958095293111,28.8984176465763,-2.30981269402743));
#7856=CARTESIAN_POINT('Origin',(-253.958095293111,28.8984176465763,-2.30981269402743));
#7857=CARTESIAN_POINT('Origin',(-253.958095293111,16.5,9.95809529311128));
#7858=CARTESIAN_POINT('',(-253.958095293111,16.5,-16.5419047068887));
#7859=CARTESIAN_POINT('Origin',(-253.958095293111,16.5,9.95809529311128));
#7860=CARTESIAN_POINT('',(-253.958095293111,28.8839519152278,29.0014972329986));
#7861=CARTESIAN_POINT('Origin',(-253.958095293111,28.8839519152278,22.5014972329986));
#7862=CARTESIAN_POINT('Origin',(-253.958095293111,28.8839519152278,22.5014972329986));
#7863=CARTESIAN_POINT('',(-253.958095293111,16.6487253934859,33.7102409374723));
#7864=CARTESIAN_POINT('Origin',(-253.958095293111,16.6487253934859,27.2102409374723));
#7865=CARTESIAN_POINT('Origin',(-253.958095293111,16.6487253934859,27.2102409374723));
#7866=CARTESIAN_POINT('',(-253.958095293111,4.0633639969736,29.1932105602103));
#7867=CARTESIAN_POINT('Origin',(-253.958095293111,4.0633639969736,22.6932105602103));
#7868=CARTESIAN_POINT('Origin',(-253.958095293111,4.0633639969736,22.6932105602103));
#7869=CARTESIAN_POINT('',(-253.958095293111,-0.603420250875177,16.4580952931113));
#7870=CARTESIAN_POINT('Origin',(-253.958095293111,-0.603420250875175,9.95809529311128));
#7871=CARTESIAN_POINT('Origin',(-253.958095293111,-0.603420250875175,9.95809529311128));
#7872=CARTESIAN_POINT('Origin',(-253.958095293111,4.1557923406727,-2.23738697273013));
#7873=CARTESIAN_POINT('Origin',(-253.958095293111,16.6487253934859,-6.99659956427801));
#7874=CARTESIAN_POINT('Origin',(-253.958095293111,28.8984176465763,-2.30981269402743));
#7875=CARTESIAN_POINT('',(-253.958095293111,34.4957726117904,16.4580952931113));
#7876=CARTESIAN_POINT('Origin',(-253.958095293111,34.4957726117904,9.95809529311128));
#7877=CARTESIAN_POINT('Origin',(-253.958095293111,34.4957726117904,9.95809529311128));
#7878=CARTESIAN_POINT('Origin',(-253.958095293111,16.5,9.95809529311128));
#7879=CARTESIAN_POINT('Origin',(-253.958095293111,34.4957726117904,9.95809529311128));
#7880=CARTESIAN_POINT('Origin',(-253.958095293111,16.5,9.95809529311128));
#7881=CARTESIAN_POINT('Origin',(-253.958095293111,34.4957726117904,9.95809529311128));
#7882=CARTESIAN_POINT('Origin',(-253.958095293111,4.0633639969736,22.6932105602103));
#7883=CARTESIAN_POINT('',(-188.958095293111,4.06336399697359,29.1932105602103));
#7884=CARTESIAN_POINT('',(-253.958095293111,4.0633639969736,29.1932105602103));
#7885=CARTESIAN_POINT('Origin',(-188.958095293111,4.06336399697359,22.6932105602103));
#7886=CARTESIAN_POINT('Origin',(-253.958095293111,28.8839519152278,22.5014972329986));
#7887=CARTESIAN_POINT('',(-188.958095293111,28.8839519152278,29.0014972329986));
#7888=CARTESIAN_POINT('',(-253.958095293111,28.8839519152278,29.0014972329986));
#7889=CARTESIAN_POINT('Origin',(-188.958095293111,28.8839519152278,22.5014972329986));
#7890=CARTESIAN_POINT('Origin',(-253.958095293111,28.8984176465763,-2.30981269402743));
#7891=CARTESIAN_POINT('',(-188.958095293111,28.8984176465763,4.19018730597255));
#7892=CARTESIAN_POINT('',(-253.958095293111,28.8984176465763,4.19018730597257));
#7893=CARTESIAN_POINT('Origin',(-188.958095293111,28.8984176465763,-2.30981269402743));
#7894=CARTESIAN_POINT('Origin',(-253.958095293111,4.1557923406727,-2.23738697273013));
#7895=CARTESIAN_POINT('',(-188.958095293111,4.15579234067269,4.26261302726986));
#7896=CARTESIAN_POINT('',(-253.958095293111,4.1557923406727,4.26261302726987));
#7897=CARTESIAN_POINT('Origin',(-188.958095293111,4.1557923406727,-2.23738697273013));
#7898=CARTESIAN_POINT('Origin',(-253.958095293111,16.6487253934859,27.2102409374723));
#7899=CARTESIAN_POINT('',(-188.958095293111,16.6487253934859,33.7102409374723));
#7900=CARTESIAN_POINT('',(-253.958095293111,16.6487253934859,33.7102409374723));
#7901=CARTESIAN_POINT('Origin',(-188.958095293111,16.6487253934859,27.2102409374723));
#7902=CARTESIAN_POINT('Origin',(-253.958095293111,16.6487253934859,-6.99659956427801));
#7903=CARTESIAN_POINT('',(-188.958095293111,16.6487253934859,-0.496599564277989));
#7904=CARTESIAN_POINT('',(-253.958095293111,16.6487253934859,-0.496599564278009));
#7905=CARTESIAN_POINT('Origin',(-188.958095293111,16.6487253934859,-6.99659956427801));
#7906=CARTESIAN_POINT('Origin',(-253.958095293111,34.4957726117904,9.95809529311128));
#7907=CARTESIAN_POINT('',(-188.958095293111,34.4957726117904,16.4580952931113));
#7908=CARTESIAN_POINT('',(-253.958095293111,34.4957726117904,16.4580952931113));
#7909=CARTESIAN_POINT('Origin',(-188.958095293111,34.4957726117904,9.95809529311128));
#7910=CARTESIAN_POINT('Origin',(-253.958095293111,-0.603420250875175,9.95809529311128));
#7911=CARTESIAN_POINT('',(-188.958095293111,-0.603420250875186,16.4580952931113));
#7912=CARTESIAN_POINT('',(-253.958095293111,-0.603420250875177,16.4580952931113));
#7913=CARTESIAN_POINT('Origin',(-188.958095293111,-0.603420250875184,9.95809529311128));
#7914=CARTESIAN_POINT('Origin',(-188.958095293111,16.5,9.95809529311128));
#7915=CARTESIAN_POINT('',(-188.958095293111,16.5,-16.5419047068887));
#7916=CARTESIAN_POINT('',(-188.958095293111,16.5,-16.5419047068887));
#7917=CARTESIAN_POINT('Origin',(-188.958095293111,16.5,9.95809529311128));
#7918=CARTESIAN_POINT('Origin',(-188.958095293111,16.5,9.95809529311128));
#7919=CARTESIAN_POINT('',(0.,0.,0.));
#7920=UNCERTAINTY_MEASURE_WITH_UNIT(LENGTH_MEASURE(0.01),#7926,
'DISTANCE_ACCURACY_VALUE',
'Maximum model space distance between geometric entities at asserted c
onnectivities');
#7921=UNCERTAINTY_MEASURE_WITH_UNIT(LENGTH_MEASURE(0.01),#7926,
'DISTANCE_ACCURACY_VALUE',
'Maximum model space distance between geometric entities at asserted c
onnectivities');
#7922=UNCERTAINTY_MEASURE_WITH_UNIT(LENGTH_MEASURE(0.01),#7926,
'DISTANCE_ACCURACY_VALUE',
'Maximum model space distance between geometric entities at asserted c
onnectivities');
#7923=(
GEOMETRIC_REPRESENTATION_CONTEXT(3)
GLOBAL_UNCERTAINTY_ASSIGNED_CONTEXT((#7920))
GLOBAL_UNIT_ASSIGNED_CONTEXT((#7926,#7928,#7929))
REPRESENTATION_CONTEXT('','3D')
);
#7924=(
GEOMETRIC_REPRESENTATION_CONTEXT(3)
GLOBAL_UNCERTAINTY_ASSIGNED_CONTEXT((#7921))
GLOBAL_UNIT_ASSIGNED_CONTEXT((#7926,#7928,#7929))
REPRESENTATION_CONTEXT('','3D')
);
#7925=(
GEOMETRIC_REPRESENTATION_CONTEXT(3)
GLOBAL_UNCERTAINTY_ASSIGNED_CONTEXT((#7922))
GLOBAL_UNIT_ASSIGNED_CONTEXT((#7926,#7928,#7929))
REPRESENTATION_CONTEXT('','3D')
);
#7926=(
LENGTH_UNIT()
NAMED_UNIT(*)
SI_UNIT(.MILLI.,.METRE.)
);
#7927=(
LENGTH_UNIT()
NAMED_UNIT(*)
SI_UNIT($,.METRE.)
);
#7928=(
NAMED_UNIT(*)
PLANE_ANGLE_UNIT()
SI_UNIT($,.RADIAN.)
);
#7929=(
NAMED_UNIT(*)
SI_UNIT($,.STERADIAN.)
SOLID_ANGLE_UNIT()
);
#7930=SHAPE_DEFINITION_REPRESENTATION(#7932,#7935);
#7931=SHAPE_DEFINITION_REPRESENTATION(#7933,#7936);
#7932=PRODUCT_DEFINITION_SHAPE('',$,#7938);
#7933=PRODUCT_DEFINITION_SHAPE('',$,#7939);
#7934=PRODUCT_DEFINITION_SHAPE($,$,#14);
#7935=SHAPE_REPRESENTATION('',(#2347,#2632),#7923);
#7936=SHAPE_REPRESENTATION('',(#2348),#7924);
#7937=PRODUCT_DEFINITION_CONTEXT('part definition',#7945,'design');
#7938=PRODUCT_DEFINITION('Drum','Drum v24',#7940,#7937);
#7939=PRODUCT_DEFINITION('Component1','Component1',#7941,#7937);
#7940=PRODUCT_DEFINITION_FORMATION('',$,#7947);
#7941=PRODUCT_DEFINITION_FORMATION('',$,#7948);
#7942=PRODUCT_RELATED_PRODUCT_CATEGORY('Drum v24','Drum v24',(#7947));
#7943=PRODUCT_RELATED_PRODUCT_CATEGORY('Component1','Component1',(#7948));
#7944=APPLICATION_PROTOCOL_DEFINITION('international standard',
'automotive_design',2009,#7945);
#7945=APPLICATION_CONTEXT(
'Core Data for Automotive Mechanical Design Process');
#7946=PRODUCT_CONTEXT('part definition',#7945,'mechanical');
#7947=PRODUCT('Drum','Drum v24',$,(#7946));
#7948=PRODUCT('Component1','Component1',$,(#7946));
#7949=PRESENTATION_STYLE_ASSIGNMENT((#7951));
#7950=PRESENTATION_STYLE_ASSIGNMENT((#7952));
#7951=SURFACE_STYLE_USAGE(.BOTH.,#7953);
#7952=SURFACE_STYLE_USAGE(.BOTH.,#7954);
#7953=SURFACE_SIDE_STYLE('',(#7955));
#7954=SURFACE_SIDE_STYLE('',(#7956));
#7955=SURFACE_STYLE_FILL_AREA(#7957);
#7956=SURFACE_STYLE_FILL_AREA(#7958);
#7957=FILL_AREA_STYLE('Steel - Satin',(#7959));
#7958=FILL_AREA_STYLE('ABS (White)',(#7960));
#7959=FILL_AREA_STYLE_COLOUR('Steel - Satin',#7961);
#7960=FILL_AREA_STYLE_COLOUR('ABS (White)',#7962);
#7961=COLOUR_RGB('Steel - Satin',0.627450980392157,0.627450980392157,0.627450980392157);
#7962=COLOUR_RGB('ABS (White)',1.,0.482352941176471,0.);
ENDSEC;
END-ISO-10303-21;
