ISO-10303-21;
HEADER;
/* Generated by software containing ST-Developer
 * from STEP Tools, Inc. (www.steptools.com) 
 */

FILE_DESCRIPTION(
/* description */ (''),
/* implementation_level */ '2;1');

FILE_NAME(
/* name */ 'Follower.step',
/* time_stamp */ '2026-08-10T17:29:40+08:00',
/* author */ (''),
/* organization */ (''),
/* preprocessor_version */ 'ST-DEVELOPER v20.1',
/* originating_system */ 'Autodesk Translation Framework v15.8.0.0',
/* authorisation */ '');

FILE_SCHEMA (('AUTOMOTIVE_DESIGN { 1 0 10303 214 3 1 1 }'));
ENDSEC;

DATA;
#10=MECHANICAL_DESIGN_GEOMETRIC_PRESENTATION_REPRESENTATION('',(#32,#33),
#6045);
#11=ITEM_DEFINED_TRANSFORMATION($,$,#1846,#1851);
#12=ITEM_DEFINED_TRANSFORMATION($,$,#1732,#1852);
#13=ITEM_DEFINED_TRANSFORMATION($,$,#1845,#1853);
#14=ITEM_DEFINED_TRANSFORMATION($,$,#1731,#1854);
#15=(
REPRESENTATION_RELATIONSHIP($,$,#6068,#6067)
REPRESENTATION_RELATIONSHIP_WITH_TRANSFORMATION(#11)
SHAPE_REPRESENTATION_RELATIONSHIP()
);
#16=(
REPRESENTATION_RELATIONSHIP($,$,#6066,#6065)
REPRESENTATION_RELATIONSHIP_WITH_TRANSFORMATION(#12)
SHAPE_REPRESENTATION_RELATIONSHIP()
);
#17=(
REPRESENTATION_RELATIONSHIP($,$,#6067,#6065)
REPRESENTATION_RELATIONSHIP_WITH_TRANSFORMATION(#13)
SHAPE_REPRESENTATION_RELATIONSHIP()
);
#18=(
REPRESENTATION_RELATIONSHIP($,$,#6065,#6064)
REPRESENTATION_RELATIONSHIP_WITH_TRANSFORMATION(#14)
SHAPE_REPRESENTATION_RELATIONSHIP()
);
#19=CONTEXT_DEPENDENT_SHAPE_REPRESENTATION(#15,#6060);
#20=CONTEXT_DEPENDENT_SHAPE_REPRESENTATION(#16,#6061);
#21=CONTEXT_DEPENDENT_SHAPE_REPRESENTATION(#17,#6062);
#22=CONTEXT_DEPENDENT_SHAPE_REPRESENTATION(#18,#6063);
#23=NEXT_ASSEMBLY_USAGE_OCCURRENCE('Component4:1','Component4:1',
'Component4:1',#6073,#6074,'Component4:1');
#24=NEXT_ASSEMBLY_USAGE_OCCURRENCE('Handle:1','Handle:1','Handle:1',#6071,
#6072,'Handle:1');
#25=NEXT_ASSEMBLY_USAGE_OCCURRENCE('Spring:1','Spring:1','Spring:1',#6071,
#6073,'Spring:1');
#26=NEXT_ASSEMBLY_USAGE_OCCURRENCE('CAM Mechanism v16:1',
'CAM Mechanism v16:1','CAM Mechanism v16:1',#6070,#6071,
'CAM Mechanism v16:1');
#27=B_SPLINE_SURFACE_WITH_KNOTS('',3,3,((#2800,#2801,#2802,#2803,#2804,
#2805,#2806,#2807,#2808,#2809,#2810,#2811,#2812,#2813,#2814,#2815,#2816,
#2817,#2818,#2819,#2820,#2821,#2822,#2823,#2824,#2825,#2826,#2827,#2828,
#2829,#2830,#2831,#2832,#2833,#2834,#2835,#2836,#2837,#2838,#2839,#2840,
#2841,#2842,#2843,#2844,#2845,#2846,#2847,#2848,#2849,#2850,#2851,#2852,
#2853,#2854,#2855,#2856,#2857,#2858,#2859,#2860,#2861,#2862,#2863,#2864,
#2865,#2866,#2867,#2868,#2869,#2870,#2871,#2872,#2873,#2874,#2875,#2876,
#2877,#2878,#2879,#2880,#2881,#2882,#2883,#2884,#2885,#2886,#2887,#2888,
#2889,#2890,#2891,#2892,#2893,#2894,#2895,#2896,#2897,#2898,#2899,#2900,
#2901,#2902,#2903,#2904,#2905,#2906,#2907,#2908,#2909,#2910,#2911,#2912,
#2913,#2914,#2915,#2916,#2917,#2918,#2919,#2920,#2921,#2922,#2923,#2924,
#2925,#2926,#2927,#2928,#2929,#2930,#2931,#2932,#2933,#2934,#2935,#2936,
#2937,#2938,#2939,#2940,#2941,#2942,#2943,#2944,#2945,#2946,#2947,#2948,
#2949,#2950,#2951,#2952,#2953,#2954,#2955,#2956,#2957,#2958,#2959,#2960,
#2961,#2962,#2963,#2964,#2965,#2966,#2967,#2968,#2969,#2970,#2971,#2972,
#2973,#2974,#2975,#2976,#2977,#2978,#2979,#2980,#2981,#2982,#2983,#2984,
#2985,#2986,#2987,#2988,#2989,#2990,#2991,#2992,#2993,#2994,#2995,#2996,
#2997,#2998,#2999,#3000,#3001,#3002,#3003,#3004,#3005,#3006,#3007,#3008,
#3009,#3010,#3011,#3012,#3013,#3014,#3015,#3016,#3017,#3018,#3019,#3020,
#3021,#3022,#3023,#3024,#3025,#3026,#3027,#3028,#3029,#3030,#3031,#3032,
#3033,#3034,#3035,#3036,#3037,#3038,#3039,#3040,#3041,#3042,#3043,#3044,
#3045,#3046,#3047),(#3048,#3049,#3050,#3051,#3052,#3053,#3054,#3055,#3056,
#3057,#3058,#3059,#3060,#3061,#3062,#3063,#3064,#3065,#3066,#3067,#3068,
#3069,#3070,#3071,#3072,#3073,#3074,#3075,#3076,#3077,#3078,#3079,#3080,
#3081,#3082,#3083,#3084,#3085,#3086,#3087,#3088,#3089,#3090,#3091,#3092,
#3093,#3094,#3095,#3096,#3097,#3098,#3099,#3100,#3101,#3102,#3103,#3104,
#3105,#3106,#3107,#3108,#3109,#3110,#3111,#3112,#3113,#3114,#3115,#3116,
#3117,#3118,#3119,#3120,#3121,#3122,#3123,#3124,#3125,#3126,#3127,#3128,
#3129,#3130,#3131,#3132,#3133,#3134,#3135,#3136,#3137,#3138,#3139,#3140,
#3141,#3142,#3143,#3144,#3145,#3146,#3147,#3148,#3149,#3150,#3151,#3152,
#3153,#3154,#3155,#3156,#3157,#3158,#3159,#3160,#3161,#3162,#3163,#3164,
#3165,#3166,#3167,#3168,#3169,#3170,#3171,#3172,#3173,#3174,#3175,#3176,
#3177,#3178,#3179,#3180,#3181,#3182,#3183,#3184,#3185,#3186,#3187,#3188,
#3189,#3190,#3191,#3192,#3193,#3194,#3195,#3196,#3197,#3198,#3199,#3200,
#3201,#3202,#3203,#3204,#3205,#3206,#3207,#3208,#3209,#3210,#3211,#3212,
#3213,#3214,#3215,#3216,#3217,#3218,#3219,#3220,#3221,#3222,#3223,#3224,
#3225,#3226,#3227,#3228,#3229,#3230,#3231,#3232,#3233,#3234,#3235,#3236,
#3237,#3238,#3239,#3240,#3241,#3242,#3243,#3244,#3245,#3246,#3247,#3248,
#3249,#3250,#3251,#3252,#3253,#3254,#3255,#3256,#3257,#3258,#3259,#3260,
#3261,#3262,#3263,#3264,#3265,#3266,#3267,#3268,#3269,#3270,#3271,#3272,
#3273,#3274,#3275,#3276,#3277,#3278,#3279,#3280,#3281,#3282,#3283,#3284,
#3285,#3286,#3287,#3288,#3289,#3290,#3291,#3292,#3293,#3294,#3295),(#3296,
#3297,#3298,#3299,#3300,#3301,#3302,#3303,#3304,#3305,#3306,#3307,#3308,
#3309,#3310,#3311,#3312,#3313,#3314,#3315,#3316,#3317,#3318,#3319,#3320,
#3321,#3322,#3323,#3324,#3325,#3326,#3327,#3328,#3329,#3330,#3331,#3332,
#3333,#3334,#3335,#3336,#3337,#3338,#3339,#3340,#3341,#3342,#3343,#3344,
#3345,#3346,#3347,#3348,#3349,#3350,#3351,#3352,#3353,#3354,#3355,#3356,
#3357,#3358,#3359,#3360,#3361,#3362,#3363,#3364,#3365,#3366,#3367,#3368,
#3369,#3370,#3371,#3372,#3373,#3374,#3375,#3376,#3377,#3378,#3379,#3380,
#3381,#3382,#3383,#3384,#3385,#3386,#3387,#3388,#3389,#3390,#3391,#3392,
#3393,#3394,#3395,#3396,#3397,#3398,#3399,#3400,#3401,#3402,#3403,#3404,
#3405,#3406,#3407,#3408,#3409,#3410,#3411,#3412,#3413,#3414,#3415,#3416,
#3417,#3418,#3419,#3420,#3421,#3422,#3423,#3424,#3425,#3426,#3427,#3428,
#3429,#3430,#3431,#3432,#3433,#3434,#3435,#3436,#3437,#3438,#3439,#3440,
#3441,#3442,#3443,#3444,#3445,#3446,#3447,#3448,#3449,#3450,#3451,#3452,
#3453,#3454,#3455,#3456,#3457,#3458,#3459,#3460,#3461,#3462,#3463,#3464,
#3465,#3466,#3467,#3468,#3469,#3470,#3471,#3472,#3473,#3474,#3475,#3476,
#3477,#3478,#3479,#3480,#3481,#3482,#3483,#3484,#3485,#3486,#3487,#3488,
#3489,#3490,#3491,#3492,#3493,#3494,#3495,#3496,#3497,#3498,#3499,#3500,
#3501,#3502,#3503,#3504,#3505,#3506,#3507,#3508,#3509,#3510,#3511,#3512,
#3513,#3514,#3515,#3516,#3517,#3518,#3519,#3520,#3521,#3522,#3523,#3524,
#3525,#3526,#3527,#3528,#3529,#3530,#3531,#3532,#3533,#3534,#3535,#3536,
#3537,#3538,#3539,#3540,#3541,#3542,#3543),(#3544,#3545,#3546,#3547,#3548,
#3549,#3550,#3551,#3552,#3553,#3554,#3555,#3556,#3557,#3558,#3559,#3560,
#3561,#3562,#3563,#3564,#3565,#3566,#3567,#3568,#3569,#3570,#3571,#3572,
#3573,#3574,#3575,#3576,#3577,#3578,#3579,#3580,#3581,#3582,#3583,#3584,
#3585,#3586,#3587,#3588,#3589,#3590,#3591,#3592,#3593,#3594,#3595,#3596,
#3597,#3598,#3599,#3600,#3601,#3602,#3603,#3604,#3605,#3606,#3607,#3608,
#3609,#3610,#3611,#3612,#3613,#3614,#3615,#3616,#3617,#3618,#3619,#3620,
#3621,#3622,#3623,#3624,#3625,#3626,#3627,#3628,#3629,#3630,#3631,#3632,
#3633,#3634,#3635,#3636,#3637,#3638,#3639,#3640,#3641,#3642,#3643,#3644,
#3645,#3646,#3647,#3648,#3649,#3650,#3651,#3652,#3653,#3654,#3655,#3656,
#3657,#3658,#3659,#3660,#3661,#3662,#3663,#3664,#3665,#3666,#3667,#3668,
#3669,#3670,#3671,#3672,#3673,#3674,#3675,#3676,#3677,#3678,#3679,#3680,
#3681,#3682,#3683,#3684,#3685,#3686,#3687,#3688,#3689,#3690,#3691,#3692,
#3693,#3694,#3695,#3696,#3697,#3698,#3699,#3700,#3701,#3702,#3703,#3704,
#3705,#3706,#3707,#3708,#3709,#3710,#3711,#3712,#3713,#3714,#3715,#3716,
#3717,#3718,#3719,#3720,#3721,#3722,#3723,#3724,#3725,#3726,#3727,#3728,
#3729,#3730,#3731,#3732,#3733,#3734,#3735,#3736,#3737,#3738,#3739,#3740,
#3741,#3742,#3743,#3744,#3745,#3746,#3747,#3748,#3749,#3750,#3751,#3752,
#3753,#3754,#3755,#3756,#3757,#3758,#3759,#3760,#3761,#3762,#3763,#3764,
#3765,#3766,#3767,#3768,#3769,#3770,#3771,#3772,#3773,#3774,#3775,#3776,
#3777,#3778,#3779,#3780,#3781,#3782,#3783,#3784,#3785,#3786,#3787,#3788,
#3789,#3790,#3791),(#3792,#3793,#3794,#3795,#3796,#3797,#3798,#3799,#3800,
#3801,#3802,#3803,#3804,#3805,#3806,#3807,#3808,#3809,#3810,#3811,#3812,
#3813,#3814,#3815,#3816,#3817,#3818,#3819,#3820,#3821,#3822,#3823,#3824,
#3825,#3826,#3827,#3828,#3829,#3830,#3831,#3832,#3833,#3834,#3835,#3836,
#3837,#3838,#3839,#3840,#3841,#3842,#3843,#3844,#3845,#3846,#3847,#3848,
#3849,#3850,#3851,#3852,#3853,#3854,#3855,#3856,#3857,#3858,#3859,#3860,
#3861,#3862,#3863,#3864,#3865,#3866,#3867,#3868,#3869,#3870,#3871,#3872,
#3873,#3874,#3875,#3876,#3877,#3878,#3879,#3880,#3881,#3882,#3883,#3884,
#3885,#3886,#3887,#3888,#3889,#3890,#3891,#3892,#3893,#3894,#3895,#3896,
#3897,#3898,#3899,#3900,#3901,#3902,#3903,#3904,#3905,#3906,#3907,#3908,
#3909,#3910,#3911,#3912,#3913,#3914,#3915,#3916,#3917,#3918,#3919,#3920,
#3921,#3922,#3923,#3924,#3925,#3926,#3927,#3928,#3929,#3930,#3931,#3932,
#3933,#3934,#3935,#3936,#3937,#3938,#3939,#3940,#3941,#3942,#3943,#3944,
#3945,#3946,#3947,#3948,#3949,#3950,#3951,#3952,#3953,#3954,#3955,#3956,
#3957,#3958,#3959,#3960,#3961,#3962,#3963,#3964,#3965,#3966,#3967,#3968,
#3969,#3970,#3971,#3972,#3973,#3974,#3975,#3976,#3977,#3978,#3979,#3980,
#3981,#3982,#3983,#3984,#3985,#3986,#3987,#3988,#3989,#3990,#3991,#3992,
#3993,#3994,#3995,#3996,#3997,#3998,#3999,#4000,#4001,#4002,#4003,#4004,
#4005,#4006,#4007,#4008,#4009,#4010,#4011,#4012,#4013,#4014,#4015,#4016,
#4017,#4018,#4019,#4020,#4021,#4022,#4023,#4024,#4025,#4026,#4027,#4028,
#4029,#4030,#4031,#4032,#4033,#4034,#4035,#4036,#4037,#4038,#4039),(#4040,
#4041,#4042,#4043,#4044,#4045,#4046,#4047,#4048,#4049,#4050,#4051,#4052,
#4053,#4054,#4055,#4056,#4057,#4058,#4059,#4060,#4061,#4062,#4063,#4064,
#4065,#4066,#4067,#4068,#4069,#4070,#4071,#4072,#4073,#4074,#4075,#4076,
#4077,#4078,#4079,#4080,#4081,#4082,#4083,#4084,#4085,#4086,#4087,#4088,
#4089,#4090,#4091,#4092,#4093,#4094,#4095,#4096,#4097,#4098,#4099,#4100,
#4101,#4102,#4103,#4104,#4105,#4106,#4107,#4108,#4109,#4110,#4111,#4112,
#4113,#4114,#4115,#4116,#4117,#4118,#4119,#4120,#4121,#4122,#4123,#4124,
#4125,#4126,#4127,#4128,#4129,#4130,#4131,#4132,#4133,#4134,#4135,#4136,
#4137,#4138,#4139,#4140,#4141,#4142,#4143,#4144,#4145,#4146,#4147,#4148,
#4149,#4150,#4151,#4152,#4153,#4154,#4155,#4156,#4157,#4158,#4159,#4160,
#4161,#4162,#4163,#4164,#4165,#4166,#4167,#4168,#4169,#4170,#4171,#4172,
#4173,#4174,#4175,#4176,#4177,#4178,#4179,#4180,#4181,#4182,#4183,#4184,
#4185,#4186,#4187,#4188,#4189,#4190,#4191,#4192,#4193,#4194,#4195,#4196,
#4197,#4198,#4199,#4200,#4201,#4202,#4203,#4204,#4205,#4206,#4207,#4208,
#4209,#4210,#4211,#4212,#4213,#4214,#4215,#4216,#4217,#4218,#4219,#4220,
#4221,#4222,#4223,#4224,#4225,#4226,#4227,#4228,#4229,#4230,#4231,#4232,
#4233,#4234,#4235,#4236,#4237,#4238,#4239,#4240,#4241,#4242,#4243,#4244,
#4245,#4246,#4247,#4248,#4249,#4250,#4251,#4252,#4253,#4254,#4255,#4256,
#4257,#4258,#4259,#4260,#4261,#4262,#4263,#4264,#4265,#4266,#4267,#4268,
#4269,#4270,#4271,#4272,#4273,#4274,#4275,#4276,#4277,#4278,#4279,#4280,
#4281,#4282,#4283,#4284,#4285,#4286,#4287),(#4288,#4289,#4290,#4291,#4292,
#4293,#4294,#4295,#4296,#4297,#4298,#4299,#4300,#4301,#4302,#4303,#4304,
#4305,#4306,#4307,#4308,#4309,#4310,#4311,#4312,#4313,#4314,#4315,#4316,
#4317,#4318,#4319,#4320,#4321,#4322,#4323,#4324,#4325,#4326,#4327,#4328,
#4329,#4330,#4331,#4332,#4333,#4334,#4335,#4336,#4337,#4338,#4339,#4340,
#4341,#4342,#4343,#4344,#4345,#4346,#4347,#4348,#4349,#4350,#4351,#4352,
#4353,#4354,#4355,#4356,#4357,#4358,#4359,#4360,#4361,#4362,#4363,#4364,
#4365,#4366,#4367,#4368,#4369,#4370,#4371,#4372,#4373,#4374,#4375,#4376,
#4377,#4378,#4379,#4380,#4381,#4382,#4383,#4384,#4385,#4386,#4387,#4388,
#4389,#4390,#4391,#4392,#4393,#4394,#4395,#4396,#4397,#4398,#4399,#4400,
#4401,#4402,#4403,#4404,#4405,#4406,#4407,#4408,#4409,#4410,#4411,#4412,
#4413,#4414,#4415,#4416,#4417,#4418,#4419,#4420,#4421,#4422,#4423,#4424,
#4425,#4426,#4427,#4428,#4429,#4430,#4431,#4432,#4433,#4434,#4435,#4436,
#4437,#4438,#4439,#4440,#4441,#4442,#4443,#4444,#4445,#4446,#4447,#4448,
#4449,#4450,#4451,#4452,#4453,#4454,#4455,#4456,#4457,#4458,#4459,#4460,
#4461,#4462,#4463,#4464,#4465,#4466,#4467,#4468,#4469,#4470,#4471,#4472,
#4473,#4474,#4475,#4476,#4477,#4478,#4479,#4480,#4481,#4482,#4483,#4484,
#4485,#4486,#4487,#4488,#4489,#4490,#4491,#4492,#4493,#4494,#4495,#4496,
#4497,#4498,#4499,#4500,#4501,#4502,#4503,#4504,#4505,#4506,#4507,#4508,
#4509,#4510,#4511,#4512,#4513,#4514,#4515,#4516,#4517,#4518,#4519,#4520,
#4521,#4522,#4523,#4524,#4525,#4526,#4527,#4528,#4529,#4530,#4531,#4532,
#4533,#4534,#4535),(#4536,#4537,#4538,#4539,#4540,#4541,#4542,#4543,#4544,
#4545,#4546,#4547,#4548,#4549,#4550,#4551,#4552,#4553,#4554,#4555,#4556,
#4557,#4558,#4559,#4560,#4561,#4562,#4563,#4564,#4565,#4566,#4567,#4568,
#4569,#4570,#4571,#4572,#4573,#4574,#4575,#4576,#4577,#4578,#4579,#4580,
#4581,#4582,#4583,#4584,#4585,#4586,#4587,#4588,#4589,#4590,#4591,#4592,
#4593,#4594,#4595,#4596,#4597,#4598,#4599,#4600,#4601,#4602,#4603,#4604,
#4605,#4606,#4607,#4608,#4609,#4610,#4611,#4612,#4613,#4614,#4615,#4616,
#4617,#4618,#4619,#4620,#4621,#4622,#4623,#4624,#4625,#4626,#4627,#4628,
#4629,#4630,#4631,#4632,#4633,#4634,#4635,#4636,#4637,#4638,#4639,#4640,
#4641,#4642,#4643,#4644,#4645,#4646,#4647,#4648,#4649,#4650,#4651,#4652,
#4653,#4654,#4655,#4656,#4657,#4658,#4659,#4660,#4661,#4662,#4663,#4664,
#4665,#4666,#4667,#4668,#4669,#4670,#4671,#4672,#4673,#4674,#4675,#4676,
#4677,#4678,#4679,#4680,#4681,#4682,#4683,#4684,#4685,#4686,#4687,#4688,
#4689,#4690,#4691,#4692,#4693,#4694,#4695,#4696,#4697,#4698,#4699,#4700,
#4701,#4702,#4703,#4704,#4705,#4706,#4707,#4708,#4709,#4710,#4711,#4712,
#4713,#4714,#4715,#4716,#4717,#4718,#4719,#4720,#4721,#4722,#4723,#4724,
#4725,#4726,#4727,#4728,#4729,#4730,#4731,#4732,#4733,#4734,#4735,#4736,
#4737,#4738,#4739,#4740,#4741,#4742,#4743,#4744,#4745,#4746,#4747,#4748,
#4749,#4750,#4751,#4752,#4753,#4754,#4755,#4756,#4757,#4758,#4759,#4760,
#4761,#4762,#4763,#4764,#4765,#4766,#4767,#4768,#4769,#4770,#4771,#4772,
#4773,#4774,#4775,#4776,#4777,#4778,#4779,#4780,#4781,#4782,#4783),(#4784,
#4785,#4786,#4787,#4788,#4789,#4790,#4791,#4792,#4793,#4794,#4795,#4796,
#4797,#4798,#4799,#4800,#4801,#4802,#4803,#4804,#4805,#4806,#4807,#4808,
#4809,#4810,#4811,#4812,#4813,#4814,#4815,#4816,#4817,#4818,#4819,#4820,
#4821,#4822,#4823,#4824,#4825,#4826,#4827,#4828,#4829,#4830,#4831,#4832,
#4833,#4834,#4835,#4836,#4837,#4838,#4839,#4840,#4841,#4842,#4843,#4844,
#4845,#4846,#4847,#4848,#4849,#4850,#4851,#4852,#4853,#4854,#4855,#4856,
#4857,#4858,#4859,#4860,#4861,#4862,#4863,#4864,#4865,#4866,#4867,#4868,
#4869,#4870,#4871,#4872,#4873,#4874,#4875,#4876,#4877,#4878,#4879,#4880,
#4881,#4882,#4883,#4884,#4885,#4886,#4887,#4888,#4889,#4890,#4891,#4892,
#4893,#4894,#4895,#4896,#4897,#4898,#4899,#4900,#4901,#4902,#4903,#4904,
#4905,#4906,#4907,#4908,#4909,#4910,#4911,#4912,#4913,#4914,#4915,#4916,
#4917,#4918,#4919,#4920,#4921,#4922,#4923,#4924,#4925,#4926,#4927,#4928,
#4929,#4930,#4931,#4932,#4933,#4934,#4935,#4936,#4937,#4938,#4939,#4940,
#4941,#4942,#4943,#4944,#4945,#4946,#4947,#4948,#4949,#4950,#4951,#4952,
#4953,#4954,#4955,#4956,#4957,#4958,#4959,#4960,#4961,#4962,#4963,#4964,
#4965,#4966,#4967,#4968,#4969,#4970,#4971,#4972,#4973,#4974,#4975,#4976,
#4977,#4978,#4979,#4980,#4981,#4982,#4983,#4984,#4985,#4986,#4987,#4988,
#4989,#4990,#4991,#4992,#4993,#4994,#4995,#4996,#4997,#4998,#4999,#5000,
#5001,#5002,#5003,#5004,#5005,#5006,#5007,#5008,#5009,#5010,#5011,#5012,
#5013,#5014,#5015,#5016,#5017,#5018,#5019,#5020,#5021,#5022,#5023,#5024,
#5025,#5026,#5027,#5028,#5029,#5030,#5031),(#5032,#5033,#5034,#5035,#5036,
#5037,#5038,#5039,#5040,#5041,#5042,#5043,#5044,#5045,#5046,#5047,#5048,
#5049,#5050,#5051,#5052,#5053,#5054,#5055,#5056,#5057,#5058,#5059,#5060,
#5061,#5062,#5063,#5064,#5065,#5066,#5067,#5068,#5069,#5070,#5071,#5072,
#5073,#5074,#5075,#5076,#5077,#5078,#5079,#5080,#5081,#5082,#5083,#5084,
#5085,#5086,#5087,#5088,#5089,#5090,#5091,#5092,#5093,#5094,#5095,#5096,
#5097,#5098,#5099,#5100,#5101,#5102,#5103,#5104,#5105,#5106,#5107,#5108,
#5109,#5110,#5111,#5112,#5113,#5114,#5115,#5116,#5117,#5118,#5119,#5120,
#5121,#5122,#5123,#5124,#5125,#5126,#5127,#5128,#5129,#5130,#5131,#5132,
#5133,#5134,#5135,#5136,#5137,#5138,#5139,#5140,#5141,#5142,#5143,#5144,
#5145,#5146,#5147,#5148,#5149,#5150,#5151,#5152,#5153,#5154,#5155,#5156,
#5157,#5158,#5159,#5160,#5161,#5162,#5163,#5164,#5165,#5166,#5167,#5168,
#5169,#5170,#5171,#5172,#5173,#5174,#5175,#5176,#5177,#5178,#5179,#5180,
#5181,#5182,#5183,#5184,#5185,#5186,#5187,#5188,#5189,#5190,#5191,#5192,
#5193,#5194,#5195,#5196,#5197,#5198,#5199,#5200,#5201,#5202,#5203,#5204,
#5205,#5206,#5207,#5208,#5209,#5210,#5211,#5212,#5213,#5214,#5215,#5216,
#5217,#5218,#5219,#5220,#5221,#5222,#5223,#5224,#5225,#5226,#5227,#5228,
#5229,#5230,#5231,#5232,#5233,#5234,#5235,#5236,#5237,#5238,#5239,#5240,
#5241,#5242,#5243,#5244,#5245,#5246,#5247,#5248,#5249,#5250,#5251,#5252,
#5253,#5254,#5255,#5256,#5257,#5258,#5259,#5260,#5261,#5262,#5263,#5264,
#5265,#5266,#5267,#5268,#5269,#5270,#5271,#5272,#5273,#5274,#5275,#5276,
#5277,#5278,#5279),(#5280,#5281,#5282,#5283,#5284,#5285,#5286,#5287,#5288,
#5289,#5290,#5291,#5292,#5293,#5294,#5295,#5296,#5297,#5298,#5299,#5300,
#5301,#5302,#5303,#5304,#5305,#5306,#5307,#5308,#5309,#5310,#5311,#5312,
#5313,#5314,#5315,#5316,#5317,#5318,#5319,#5320,#5321,#5322,#5323,#5324,
#5325,#5326,#5327,#5328,#5329,#5330,#5331,#5332,#5333,#5334,#5335,#5336,
#5337,#5338,#5339,#5340,#5341,#5342,#5343,#5344,#5345,#5346,#5347,#5348,
#5349,#5350,#5351,#5352,#5353,#5354,#5355,#5356,#5357,#5358,#5359,#5360,
#5361,#5362,#5363,#5364,#5365,#5366,#5367,#5368,#5369,#5370,#5371,#5372,
#5373,#5374,#5375,#5376,#5377,#5378,#5379,#5380,#5381,#5382,#5383,#5384,
#5385,#5386,#5387,#5388,#5389,#5390,#5391,#5392,#5393,#5394,#5395,#5396,
#5397,#5398,#5399,#5400,#5401,#5402,#5403,#5404,#5405,#5406,#5407,#5408,
#5409,#5410,#5411,#5412,#5413,#5414,#5415,#5416,#5417,#5418,#5419,#5420,
#5421,#5422,#5423,#5424,#5425,#5426,#5427,#5428,#5429,#5430,#5431,#5432,
#5433,#5434,#5435,#5436,#5437,#5438,#5439,#5440,#5441,#5442,#5443,#5444,
#5445,#5446,#5447,#5448,#5449,#5450,#5451,#5452,#5453,#5454,#5455,#5456,
#5457,#5458,#5459,#5460,#5461,#5462,#5463,#5464,#5465,#5466,#5467,#5468,
#5469,#5470,#5471,#5472,#5473,#5474,#5475,#5476,#5477,#5478,#5479,#5480,
#5481,#5482,#5483,#5484,#5485,#5486,#5487,#5488,#5489,#5490,#5491,#5492,
#5493,#5494,#5495,#5496,#5497,#5498,#5499,#5500,#5501,#5502,#5503,#5504,
#5505,#5506,#5507,#5508,#5509,#5510,#5511,#5512,#5513,#5514,#5515,#5516,
#5517,#5518,#5519,#5520,#5521,#5522,#5523,#5524,#5525,#5526,#5527),(#5528,
#5529,#5530,#5531,#5532,#5533,#5534,#5535,#5536,#5537,#5538,#5539,#5540,
#5541,#5542,#5543,#5544,#5545,#5546,#5547,#5548,#5549,#5550,#5551,#5552,
#5553,#5554,#5555,#5556,#5557,#5558,#5559,#5560,#5561,#5562,#5563,#5564,
#5565,#5566,#5567,#5568,#5569,#5570,#5571,#5572,#5573,#5574,#5575,#5576,
#5577,#5578,#5579,#5580,#5581,#5582,#5583,#5584,#5585,#5586,#5587,#5588,
#5589,#5590,#5591,#5592,#5593,#5594,#5595,#5596,#5597,#5598,#5599,#5600,
#5601,#5602,#5603,#5604,#5605,#5606,#5607,#5608,#5609,#5610,#5611,#5612,
#5613,#5614,#5615,#5616,#5617,#5618,#5619,#5620,#5621,#5622,#5623,#5624,
#5625,#5626,#5627,#5628,#5629,#5630,#5631,#5632,#5633,#5634,#5635,#5636,
#5637,#5638,#5639,#5640,#5641,#5642,#5643,#5644,#5645,#5646,#5647,#5648,
#5649,#5650,#5651,#5652,#5653,#5654,#5655,#5656,#5657,#5658,#5659,#5660,
#5661,#5662,#5663,#5664,#5665,#5666,#5667,#5668,#5669,#5670,#5671,#5672,
#5673,#5674,#5675,#5676,#5677,#5678,#5679,#5680,#5681,#5682,#5683,#5684,
#5685,#5686,#5687,#5688,#5689,#5690,#5691,#5692,#5693,#5694,#5695,#5696,
#5697,#5698,#5699,#5700,#5701,#5702,#5703,#5704,#5705,#5706,#5707,#5708,
#5709,#5710,#5711,#5712,#5713,#5714,#5715,#5716,#5717,#5718,#5719,#5720,
#5721,#5722,#5723,#5724,#5725,#5726,#5727,#5728,#5729,#5730,#5731,#5732,
#5733,#5734,#5735,#5736,#5737,#5738,#5739,#5740,#5741,#5742,#5743,#5744,
#5745,#5746,#5747,#5748,#5749,#5750,#5751,#5752,#5753,#5754,#5755,#5756,
#5757,#5758,#5759,#5760,#5761,#5762,#5763,#5764,#5765,#5766,#5767,#5768,
#5769,#5770,#5771,#5772,#5773,#5774,#5775)),.UNSPECIFIED.,.T.,.F.,.F.,(4,
1,1,1,1,1,1,1,1,4),(4,1,1,1,1,1,1,1,1,1,1,1,1,1,1,1,1,1,1,1,1,1,1,1,1,1,
1,1,1,1,1,1,1,1,1,1,1,1,1,1,1,1,1,1,1,1,1,1,1,1,1,1,1,1,1,1,1,1,1,1,1,1,
1,1,1,1,1,1,1,1,1,1,1,1,1,1,1,1,1,1,1,1,1,1,1,1,1,1,1,1,1,1,1,1,1,1,1,1,
1,1,1,1,1,1,1,1,1,1,1,1,1,1,1,1,1,1,1,1,1,1,1,1,1,1,1,1,1,1,1,1,1,1,1,1,
1,1,1,1,1,1,1,1,1,1,1,1,1,1,1,1,1,1,1,1,1,1,1,1,1,1,1,1,1,1,1,1,1,1,1,1,
1,1,1,1,1,1,1,1,1,1,1,1,1,1,1,1,1,1,1,1,1,1,1,1,1,1,1,1,1,1,1,1,1,1,1,1,
1,1,1,1,1,1,1,1,1,1,1,1,1,1,1,1,1,1,1,1,1,1,1,1,1,1,1,1,1,1,1,1,1,1,1,1,
1,1,1,4),(-3.14159265358979,-2.46839422782055,-2.24399475256414,-1.79519580205131,
-1.12199737628207,-0.448798950512828,0.448798950512828,1.34639685153848,
2.24399475256414,3.14159265358979),(0.,0.499798831252922,0.999597662505843,
1.49939649375876,1.99919532501169,2.49899415626461,2.99879298751753,3.49859181877045,
3.99839065002337,4.4981894812763,4.99798831252922,5.49778714378214,5.99758597503506,
6.49738480628798,6.9971836375409,7.49698246879383,7.99678130004675,8.49658013129967,
8.99637896255259,9.49617779380551,9.99597662505843,10.4957754563114,10.9955742875643,
11.9951719500701,12.494970781323,12.994769612576,13.4945684438289,13.9943672750818,
14.4941661063347,14.9939649375877,15.4937637688406,15.9935626000935,16.4933614313464,
16.9931602625993,17.4929590938523,17.9927579251052,18.992355587611,19.4921544188639,
19.9919532501169,20.4917520813698,20.9915509126227,21.4913497438756,21.9911485751286,
22.4909474063815,22.9907462376344,23.4905450688873,23.9903439001402,24.4901427313932,
24.9899415626461,25.9895392251519,26.4893380564048,26.9891368876578,27.4889357189107,
27.9887345501636,28.4885333814165,28.9883322126695,29.4881310439224,29.9879298751753,
30.4877287064282,30.9875275376811,31.4873263689341,31.987125200187,32.9867228626928,
33.4865216939457,33.9863205251987,34.4861193564516,34.9859181877045,35.4857170189574,
35.9855158502104,36.4853146814633,36.9851135127162,37.4849123439691,37.984711175222,
38.484510006475,38.9843088377279,39.9839065002337,40.4837053314867,40.9835041627396,
41.4833029939925,41.9831018252454,42.4829006564983,42.9826994877513,43.4824983190042,
43.9822971502571,44.48209598151,44.981894812763,45.4816936440159,45.9814924752688,
46.9810901377746,47.4808889690276,47.9806878002805,48.4804866315334,48.9802854627863,
49.4800842940392,49.9798831252922,50.4796819565451,50.979480787798,51.4792796190509,
51.9790784503039,52.4788772815568,52.9786761128097,53.9782737753155,54.4780726065685,
54.9778714378214,55.4776702690743,55.9774691003272,56.4772679315801,56.9770667628331,
57.476865594086,57.9766644253389,58.4764632565918,58.9762620878448,59.4760609190977,
59.9758597503506,60.9754574128564,61.9750550753623,62.9746527378681,63.4744515691211,
63.974250400374,64.9738480628798,65.4736468941327,65.9734457253857,66.4732445566386,
66.9730433878915,67.4728422191444,67.9726410503973,68.4724398816503,68.9722387129032,
69.4720375441561,69.971836375409,70.471635206662,70.9714340379149,71.9710317004207,
72.4708305316736,72.9706293629266,73.4704281941795,73.9702270254324,74.4700258566853,
74.9698246879383,75.4696235191912,75.9694223504441,76.469221181697,76.9690200129499,
77.4688188442029,77.9686176754558,78.9682153379616,79.4680141692145,79.9678130004675,
80.4676118317204,80.9674106629733,81.4672094942262,81.9670083254792,82.4668071567321,
82.966605987985,83.4664048192379,83.9662036504908,84.4660024817438,84.9658013129967,
85.9653989755025,86.4651978067554,86.9649966380084,87.4647954692613,87.9645943005142,
88.4643931317671,88.9641919630201,89.463990794273,89.9637896255259,90.4635884567788,
90.9633872880317,91.4631861192847,91.9629849505376,92.9625826130434,93.4623814442964,
93.9621802755493,94.4619791068022,94.9617779380551,95.461576769308,95.961375600561,
96.4611744318139,96.9609732630668,97.4607720943197,97.9605709255727,98.4603697568256,
98.9601685880785,99.9597662505843,100.459565081837,100.95936391309,101.459162744343,
101.958961575596,102.458760406849,102.958559238102,103.458358069355,103.958156900608,
104.457955731861,104.957754563114,105.457553394366,105.957352225619,106.956949888125,
107.456748719378,107.956547550631,108.456346381884,108.956145213137,109.45594404439,
109.955742875643,110.455541706896,110.955340538149,111.455139369402,111.954938200654,
112.454737031907,112.95453586316,113.954133525666,114.453932356919,114.953731188172,
115.453530019425,115.953328850678,116.453127681931,116.952926513184,117.452725344437,
117.95252417569,118.452323006942,118.952121838195,119.451920669448,119.951719500701,
120.951317163207,121.45111599446,121.950914825713,122.450713656966,122.950512488219,
123.450311319472,123.950110150725,124.449908981978,124.94970781323,125.449506644483,
125.949305475736,126.449104306989,126.948903138242,127.448701969495,127.948500800748,
128.448299632001,128.948098463254,129.447897294507,129.94769612576,130.447494957013,
130.947293788265,131.447092619518,131.946891450771),.UNSPECIFIED.);
#28=SHAPE_REPRESENTATION_RELATIONSHIP('SRR','None',#6066,#30);
#29=SHAPE_REPRESENTATION_RELATIONSHIP('SRR','None',#6068,#31);
#30=ADVANCED_BREP_SHAPE_REPRESENTATION('',(#34),#6042);
#31=ADVANCED_BREP_SHAPE_REPRESENTATION('',(#35),#6044);
#32=STYLED_ITEM('',(#6094),#34);
#33=STYLED_ITEM('',(#6093),#35);
#34=MANIFOLD_SOLID_BREP('Body1',#1705);
#35=MANIFOLD_SOLID_BREP('Body1',#1706);
#36=B_SPLINE_CURVE_WITH_KNOTS('',3,(#2663,#2664,#2665,#2666,#2667,#2668,
#2669,#2670),.UNSPECIFIED.,.F.,.F.,(4,2,2,4),(0.734565843589733,0.795730494676034,
0.856895145762334,0.864546000092589),.UNSPECIFIED.);
#37=B_SPLINE_CURVE_WITH_KNOTS('',3,(#2674,#2675,#2676,#2677,#2678,#2679,
#2680,#2681),.UNSPECIFIED.,.F.,.F.,(4,2,2,4),(0.114875124693962,0.122525979023978,
0.183690630110278,0.244855281196578),.UNSPECIFIED.);
#38=B_SPLINE_CURVE_WITH_KNOTS('',3,(#5779,#5780,#5781,#5782,#5783,#5784,
#5785,#5786,#5787,#5788,#5789,#5790,#5791,#5792,#5793,#5794,#5795,#5796,
#5797,#5798,#5799,#5800,#5801,#5802,#5803,#5804,#5805,#5806,#5807,#5808,
#5809,#5810,#5811,#5812,#5813,#5814,#5815,#5816,#5817,#5818,#5819,#5820,
#5821,#5822,#5823,#5824,#5825,#5826,#5827,#5828,#5829,#5830,#5831,#5832,
#5833,#5834,#5835,#5836,#5837,#5838,#5839,#5840,#5841,#5842,#5843,#5844,
#5845,#5846,#5847,#5848,#5849,#5850,#5851,#5852,#5853,#5854,#5855,#5856,
#5857,#5858,#5859,#5860,#5861,#5862,#5863,#5864,#5865,#5866,#5867,#5868,
#5869,#5870,#5871,#5872,#5873,#5874,#5875,#5876,#5877,#5878,#5879,#5880,
#5881,#5882,#5883,#5884,#5885,#5886,#5887,#5888,#5889,#5890,#5891,#5892,
#5893,#5894,#5895,#5896,#5897,#5898,#5899,#5900,#5901,#5902,#5903,#5904,
#5905,#5906,#5907,#5908,#5909,#5910,#5911,#5912,#5913,#5914,#5915,#5916,
#5917,#5918,#5919,#5920,#5921,#5922,#5923,#5924,#5925,#5926,#5927,#5928,
#5929,#5930,#5931,#5932,#5933,#5934,#5935,#5936,#5937,#5938,#5939,#5940,
#5941,#5942,#5943,#5944,#5945,#5946,#5947,#5948,#5949,#5950,#5951,#5952,
#5953,#5954,#5955,#5956,#5957,#5958,#5959,#5960,#5961,#5962,#5963,#5964,
#5965,#5966,#5967,#5968,#5969,#5970,#5971,#5972,#5973,#5974,#5975,#5976,
#5977,#5978,#5979,#5980,#5981,#5982,#5983,#5984,#5985,#5986,#5987,#5988,
#5989,#5990,#5991,#5992,#5993,#5994,#5995,#5996,#5997,#5998,#5999,#6000,
#6001,#6002,#6003,#6004,#6005,#6006,#6007,#6008,#6009,#6010,#6011,#6012,
#6013,#6014,#6015,#6016,#6017,#6018,#6019,#6020,#6021,#6022,#6023,#6024,
#6025,#6026),.UNSPECIFIED.,.F.,.F.,(4,1,1,1,1,1,1,1,1,1,1,1,1,1,1,1,1,1,
1,1,1,1,1,1,1,1,1,1,1,1,1,1,1,1,1,1,1,1,1,1,1,1,1,1,1,1,1,1,1,1,1,1,1,1,
1,1,1,1,1,1,1,1,1,1,1,1,1,1,1,1,1,1,1,1,1,1,1,1,1,1,1,1,1,1,1,1,1,1,1,1,
1,1,1,1,1,1,1,1,1,1,1,1,1,1,1,1,1,1,1,1,1,1,1,1,1,1,1,1,1,1,1,1,1,1,1,1,
1,1,1,1,1,1,1,1,1,1,1,1,1,1,1,1,1,1,1,1,1,1,1,1,1,1,1,1,1,1,1,1,1,1,1,1,
1,1,1,1,1,1,1,1,1,1,1,1,1,1,1,1,1,1,1,1,1,1,1,1,1,1,1,1,1,1,1,1,1,1,1,1,
1,1,1,1,1,1,1,1,1,1,1,1,1,1,1,1,1,1,1,1,1,1,1,1,1,1,1,1,1,1,1,1,1,1,1,1,
1,1,1,1,1,1,1,1,1,1,1,4),(0.,0.499798831252922,0.999597662505843,1.49939649375876,
1.99919532501169,2.49899415626461,2.99879298751753,3.49859181877045,3.99839065002337,
4.4981894812763,4.99798831252922,5.49778714378214,5.99758597503506,6.49738480628798,
6.9971836375409,7.49698246879383,7.99678130004675,8.49658013129967,8.99637896255259,
9.49617779380551,9.99597662505843,10.4957754563114,10.9955742875643,11.9951719500701,
12.494970781323,12.994769612576,13.4945684438289,13.9943672750818,14.4941661063347,
14.9939649375877,15.4937637688406,15.9935626000935,16.4933614313464,16.9931602625993,
17.4929590938523,17.9927579251052,18.992355587611,19.4921544188639,19.9919532501169,
20.4917520813698,20.9915509126227,21.4913497438756,21.9911485751286,22.4909474063815,
22.9907462376344,23.4905450688873,23.9903439001402,24.4901427313932,24.9899415626461,
25.9895392251519,26.4893380564048,26.9891368876578,27.4889357189107,27.9887345501636,
28.4885333814165,28.9883322126695,29.4881310439224,29.9879298751753,30.4877287064282,
30.9875275376811,31.4873263689341,31.987125200187,32.9867228626928,33.4865216939457,
33.9863205251987,34.4861193564516,34.9859181877045,35.4857170189574,35.9855158502104,
36.4853146814633,36.9851135127162,37.4849123439691,37.984711175222,38.484510006475,
38.9843088377279,39.9839065002337,40.4837053314867,40.9835041627396,41.4833029939925,
41.9831018252454,42.4829006564983,42.9826994877513,43.4824983190042,43.9822971502571,
44.48209598151,44.981894812763,45.4816936440159,45.9814924752688,46.9810901377746,
47.4808889690276,47.9806878002805,48.4804866315334,48.9802854627863,49.4800842940392,
49.9798831252922,50.4796819565451,50.979480787798,51.4792796190509,51.9790784503039,
52.4788772815568,52.9786761128097,53.9782737753155,54.4780726065685,54.9778714378214,
55.4776702690743,55.9774691003272,56.4772679315801,56.9770667628331,57.476865594086,
57.9766644253389,58.4764632565918,58.9762620878448,59.4760609190977,59.9758597503506,
60.9754574128564,61.9750550753623,62.9746527378681,63.4744515691211,63.974250400374,
64.9738480628798,65.4736468941327,65.9734457253857,66.4732445566386,66.9730433878915,
67.4728422191444,67.9726410503973,68.4724398816503,68.9722387129032,69.4720375441561,
69.971836375409,70.471635206662,70.9714340379149,71.9710317004207,72.4708305316736,
72.9706293629266,73.4704281941795,73.9702270254324,74.4700258566853,74.9698246879383,
75.4696235191912,75.9694223504441,76.469221181697,76.9690200129499,77.4688188442029,
77.9686176754558,78.9682153379616,79.4680141692145,79.9678130004675,80.4676118317204,
80.9674106629733,81.4672094942262,81.9670083254792,82.4668071567321,82.966605987985,
83.4664048192379,83.9662036504908,84.4660024817438,84.9658013129967,85.9653989755025,
86.4651978067554,86.9649966380084,87.4647954692613,87.9645943005142,88.4643931317671,
88.9641919630201,89.463990794273,89.9637896255259,90.4635884567788,90.9633872880317,
91.4631861192847,91.9629849505376,92.9625826130434,93.4623814442964,93.9621802755493,
94.4619791068022,94.9617779380551,95.461576769308,95.961375600561,96.4611744318139,
96.9609732630668,97.4607720943197,97.9605709255727,98.4603697568256,98.9601685880785,
99.9597662505843,100.459565081837,100.95936391309,101.459162744343,101.958961575596,
102.458760406849,102.958559238102,103.458358069355,103.958156900608,104.457955731861,
104.957754563114,105.457553394366,105.957352225619,106.956949888125,107.456748719378,
107.956547550631,108.456346381884,108.956145213137,109.45594404439,109.955742875643,
110.455541706896,110.955340538149,111.455139369402,111.954938200654,112.454737031907,
112.95453586316,113.954133525666,114.453932356919,114.953731188172,115.453530019425,
115.953328850678,116.453127681931,116.952926513184,117.452725344437,117.95252417569,
118.452323006942,118.952121838195,119.451920669448,119.951719500701,120.951317163207,
121.45111599446,121.950914825713,122.450713656966,122.950512488219,123.450311319472,
123.950110150725,124.449908981978,124.94970781323,125.449506644483,125.949305475736,
126.449104306989,126.948903138242,127.448701969495,127.948500800748,128.448299632001,
128.948098463254,129.447897294507,129.94769612576,130.447494957013,130.947293788265,
131.447092619518,131.946891450771),.UNSPECIFIED.);
#39=ELLIPSE('',#1793,4.94974746830584,3.5);
#40=ELLIPSE('',#1794,4.94974746830583,3.5);
#41=ELLIPSE('',#1841,5.09116882454314,3.6);
#42=ELLIPSE('',#1842,5.09116882454314,3.6);
#43=FACE_BOUND('',#220,.T.);
#44=FACE_BOUND('',#264,.T.);
#45=FACE_BOUND('',#265,.T.);
#46=FACE_BOUND('',#272,.T.);
#47=PLANE('',#1736);
#48=PLANE('',#1737);
#49=PLANE('',#1738);
#50=PLANE('',#1739);
#51=PLANE('',#1740);
#52=PLANE('',#1741);
#53=PLANE('',#1745);
#54=PLANE('',#1746);
#55=PLANE('',#1747);
#56=PLANE('',#1748);
#57=PLANE('',#1749);
#58=PLANE('',#1753);
#59=PLANE('',#1754);
#60=PLANE('',#1755);
#61=PLANE('',#1756);
#62=PLANE('',#1757);
#63=PLANE('',#1761);
#64=PLANE('',#1762);
#65=PLANE('',#1763);
#66=PLANE('',#1764);
#67=PLANE('',#1765);
#68=PLANE('',#1766);
#69=PLANE('',#1767);
#70=PLANE('',#1768);
#71=PLANE('',#1769);
#72=PLANE('',#1770);
#73=PLANE('',#1771);
#74=PLANE('',#1772);
#75=PLANE('',#1773);
#76=PLANE('',#1774);
#77=PLANE('',#1775);
#78=PLANE('',#1776);
#79=PLANE('',#1777);
#80=PLANE('',#1778);
#81=PLANE('',#1779);
#82=PLANE('',#1780);
#83=PLANE('',#1781);
#84=PLANE('',#1782);
#85=PLANE('',#1788);
#86=PLANE('',#1789);
#87=PLANE('',#1790);
#88=PLANE('',#1796);
#89=PLANE('',#1797);
#90=PLANE('',#1798);
#91=PLANE('',#1799);
#92=PLANE('',#1801);
#93=PLANE('',#1802);
#94=PLANE('',#1803);
#95=PLANE('',#1809);
#96=PLANE('',#1810);
#97=PLANE('',#1811);
#98=PLANE('',#1812);
#99=PLANE('',#1813);
#100=PLANE('',#1814);
#101=PLANE('',#1815);
#102=PLANE('',#1816);
#103=PLANE('',#1817);
#104=PLANE('',#1820);
#105=PLANE('',#1821);
#106=PLANE('',#1822);
#107=PLANE('',#1823);
#108=PLANE('',#1824);
#109=PLANE('',#1825);
#110=PLANE('',#1826);
#111=PLANE('',#1827);
#112=PLANE('',#1828);
#113=PLANE('',#1829);
#114=PLANE('',#1830);
#115=PLANE('',#1831);
#116=PLANE('',#1832);
#117=PLANE('',#1833);
#118=PLANE('',#1834);
#119=PLANE('',#1835);
#120=PLANE('',#1836);
#121=PLANE('',#1837);
#122=PLANE('',#1838);
#123=PLANE('',#1844);
#124=PLANE('',#1849);
#125=PLANE('',#1850);
#126=FACE_OUTER_BOUND('',#217,.T.);
#127=FACE_OUTER_BOUND('',#218,.T.);
#128=FACE_OUTER_BOUND('',#219,.T.);
#129=FACE_OUTER_BOUND('',#221,.T.);
#130=FACE_OUTER_BOUND('',#222,.T.);
#131=FACE_OUTER_BOUND('',#223,.T.);
#132=FACE_OUTER_BOUND('',#224,.T.);
#133=FACE_OUTER_BOUND('',#225,.T.);
#134=FACE_OUTER_BOUND('',#226,.T.);
#135=FACE_OUTER_BOUND('',#227,.T.);
#136=FACE_OUTER_BOUND('',#228,.T.);
#137=FACE_OUTER_BOUND('',#229,.T.);
#138=FACE_OUTER_BOUND('',#230,.T.);
#139=FACE_OUTER_BOUND('',#231,.T.);
#140=FACE_OUTER_BOUND('',#232,.T.);
#141=FACE_OUTER_BOUND('',#233,.T.);
#142=FACE_OUTER_BOUND('',#234,.T.);
#143=FACE_OUTER_BOUND('',#235,.T.);
#144=FACE_OUTER_BOUND('',#236,.T.);
#145=FACE_OUTER_BOUND('',#237,.T.);
#146=FACE_OUTER_BOUND('',#238,.T.);
#147=FACE_OUTER_BOUND('',#239,.T.);
#148=FACE_OUTER_BOUND('',#240,.T.);
#149=FACE_OUTER_BOUND('',#241,.T.);
#150=FACE_OUTER_BOUND('',#242,.T.);
#151=FACE_OUTER_BOUND('',#243,.T.);
#152=FACE_OUTER_BOUND('',#244,.T.);
#153=FACE_OUTER_BOUND('',#245,.T.);
#154=FACE_OUTER_BOUND('',#246,.T.);
#155=FACE_OUTER_BOUND('',#247,.T.);
#156=FACE_OUTER_BOUND('',#248,.T.);
#157=FACE_OUTER_BOUND('',#249,.T.);
#158=FACE_OUTER_BOUND('',#250,.T.);
#159=FACE_OUTER_BOUND('',#251,.T.);
#160=FACE_OUTER_BOUND('',#252,.T.);
#161=FACE_OUTER_BOUND('',#253,.T.);
#162=FACE_OUTER_BOUND('',#254,.T.);
#163=FACE_OUTER_BOUND('',#255,.T.);
#164=FACE_OUTER_BOUND('',#256,.T.);
#165=FACE_OUTER_BOUND('',#257,.T.);
#166=FACE_OUTER_BOUND('',#258,.T.);
#167=FACE_OUTER_BOUND('',#259,.T.);
#168=FACE_OUTER_BOUND('',#260,.T.);
#169=FACE_OUTER_BOUND('',#261,.T.);
#170=FACE_OUTER_BOUND('',#262,.T.);
#171=FACE_OUTER_BOUND('',#263,.T.);
#172=FACE_OUTER_BOUND('',#266,.T.);
#173=FACE_OUTER_BOUND('',#267,.T.);
#174=FACE_OUTER_BOUND('',#268,.T.);
#175=FACE_OUTER_BOUND('',#269,.T.);
#176=FACE_OUTER_BOUND('',#270,.T.);
#177=FACE_OUTER_BOUND('',#271,.T.);
#178=FACE_OUTER_BOUND('',#273,.T.);
#179=FACE_OUTER_BOUND('',#274,.T.);
#180=FACE_OUTER_BOUND('',#275,.T.);
#181=FACE_OUTER_BOUND('',#276,.T.);
#182=FACE_OUTER_BOUND('',#277,.T.);
#183=FACE_OUTER_BOUND('',#278,.T.);
#184=FACE_OUTER_BOUND('',#279,.T.);
#185=FACE_OUTER_BOUND('',#280,.T.);
#186=FACE_OUTER_BOUND('',#281,.T.);
#187=FACE_OUTER_BOUND('',#282,.T.);
#188=FACE_OUTER_BOUND('',#283,.T.);
#189=FACE_OUTER_BOUND('',#284,.T.);
#190=FACE_OUTER_BOUND('',#285,.T.);
#191=FACE_OUTER_BOUND('',#286,.T.);
#192=FACE_OUTER_BOUND('',#287,.T.);
#193=FACE_OUTER_BOUND('',#288,.T.);
#194=FACE_OUTER_BOUND('',#289,.T.);
#195=FACE_OUTER_BOUND('',#290,.T.);
#196=FACE_OUTER_BOUND('',#291,.T.);
#197=FACE_OUTER_BOUND('',#292,.T.);
#198=FACE_OUTER_BOUND('',#293,.T.);
#199=FACE_OUTER_BOUND('',#294,.T.);
#200=FACE_OUTER_BOUND('',#295,.T.);
#201=FACE_OUTER_BOUND('',#296,.T.);
#202=FACE_OUTER_BOUND('',#297,.T.);
#203=FACE_OUTER_BOUND('',#298,.T.);
#204=FACE_OUTER_BOUND('',#299,.T.);
#205=FACE_OUTER_BOUND('',#300,.T.);
#206=FACE_OUTER_BOUND('',#301,.T.);
#207=FACE_OUTER_BOUND('',#302,.T.);
#208=FACE_OUTER_BOUND('',#303,.T.);
#209=FACE_OUTER_BOUND('',#304,.T.);
#210=FACE_OUTER_BOUND('',#305,.T.);
#211=FACE_OUTER_BOUND('',#306,.T.);
#212=FACE_OUTER_BOUND('',#307,.T.);
#213=FACE_OUTER_BOUND('',#308,.T.);
#214=FACE_OUTER_BOUND('',#309,.T.);
#215=FACE_OUTER_BOUND('',#310,.T.);
#216=FACE_OUTER_BOUND('',#311,.T.);
#217=EDGE_LOOP('',(#1133,#1134,#1135,#1136));
#218=EDGE_LOOP('',(#1137));
#219=EDGE_LOOP('',(#1138,#1139,#1140,#1141));
#220=EDGE_LOOP('',(#1142));
#221=EDGE_LOOP('',(#1143,#1144,#1145,#1146));
#222=EDGE_LOOP('',(#1147,#1148,#1149,#1150));
#223=EDGE_LOOP('',(#1151,#1152,#1153,#1154));
#224=EDGE_LOOP('',(#1155,#1156,#1157,#1158,#1159,#1160,#1161,#1162,#1163,
#1164,#1165,#1166,#1167,#1168,#1169,#1170,#1171,#1172));
#225=EDGE_LOOP('',(#1173,#1174,#1175,#1176));
#226=EDGE_LOOP('',(#1177));
#227=EDGE_LOOP('',(#1178,#1179,#1180,#1181));
#228=EDGE_LOOP('',(#1182,#1183,#1184,#1185));
#229=EDGE_LOOP('',(#1186,#1187,#1188,#1189));
#230=EDGE_LOOP('',(#1190,#1191,#1192,#1193,#1194,#1195,#1196));
#231=EDGE_LOOP('',(#1197,#1198,#1199,#1200));
#232=EDGE_LOOP('',(#1201));
#233=EDGE_LOOP('',(#1202,#1203,#1204,#1205));
#234=EDGE_LOOP('',(#1206,#1207,#1208,#1209));
#235=EDGE_LOOP('',(#1210,#1211,#1212,#1213));
#236=EDGE_LOOP('',(#1214,#1215,#1216,#1217));
#237=EDGE_LOOP('',(#1218,#1219,#1220,#1221));
#238=EDGE_LOOP('',(#1222,#1223,#1224,#1225));
#239=EDGE_LOOP('',(#1226,#1227,#1228,#1229));
#240=EDGE_LOOP('',(#1230,#1231,#1232,#1233,#1234));
#241=EDGE_LOOP('',(#1235,#1236,#1237,#1238,#1239,#1240));
#242=EDGE_LOOP('',(#1241,#1242,#1243,#1244,#1245,#1246,#1247));
#243=EDGE_LOOP('',(#1248,#1249,#1250,#1251));
#244=EDGE_LOOP('',(#1252,#1253,#1254,#1255));
#245=EDGE_LOOP('',(#1256,#1257,#1258,#1259));
#246=EDGE_LOOP('',(#1260,#1261,#1262,#1263,#1264,#1265));
#247=EDGE_LOOP('',(#1266,#1267,#1268,#1269));
#248=EDGE_LOOP('',(#1270,#1271,#1272,#1273));
#249=EDGE_LOOP('',(#1274,#1275,#1276,#1277));
#250=EDGE_LOOP('',(#1278,#1279,#1280,#1281));
#251=EDGE_LOOP('',(#1282,#1283,#1284,#1285,#1286,#1287,#1288,#1289,#1290,
#1291,#1292,#1293,#1294,#1295,#1296,#1297));
#252=EDGE_LOOP('',(#1298,#1299,#1300,#1301));
#253=EDGE_LOOP('',(#1302,#1303,#1304,#1305,#1306,#1307));
#254=EDGE_LOOP('',(#1308,#1309,#1310,#1311,#1312));
#255=EDGE_LOOP('',(#1313,#1314,#1315,#1316,#1317,#1318,#1319,#1320,#1321));
#256=EDGE_LOOP('',(#1322,#1323,#1324));
#257=EDGE_LOOP('',(#1325,#1326,#1327));
#258=EDGE_LOOP('',(#1328,#1329,#1330,#1331,#1332));
#259=EDGE_LOOP('',(#1333,#1334,#1335,#1336));
#260=EDGE_LOOP('',(#1337,#1338,#1339,#1340,#1341,#1342));
#261=EDGE_LOOP('',(#1343));
#262=EDGE_LOOP('',(#1344,#1345));
#263=EDGE_LOOP('',(#1346,#1347,#1348,#1349,#1350,#1351));
#264=EDGE_LOOP('',(#1352));
#265=EDGE_LOOP('',(#1353));
#266=EDGE_LOOP('',(#1354,#1355,#1356,#1357,#1358));
#267=EDGE_LOOP('',(#1359,#1360,#1361,#1362,#1363));
#268=EDGE_LOOP('',(#1364,#1365,#1366,#1367,#1368));
#269=EDGE_LOOP('',(#1369,#1370,#1371,#1372,#1373,#1374,#1375,#1376,#1377,
#1378,#1379));
#270=EDGE_LOOP('',(#1380,#1381,#1382,#1383));
#271=EDGE_LOOP('',(#1384,#1385,#1386,#1387,#1388,#1389,#1390,#1391,#1392,
#1393,#1394,#1395,#1396,#1397,#1398,#1399,#1400,#1401,#1402,#1403));
#272=EDGE_LOOP('',(#1404,#1405,#1406,#1407,#1408,#1409));
#273=EDGE_LOOP('',(#1410,#1411,#1412,#1413));
#274=EDGE_LOOP('',(#1414,#1415,#1416,#1417,#1418,#1419,#1420,#1421,#1422));
#275=EDGE_LOOP('',(#1423,#1424,#1425,#1426,#1427,#1428));
#276=EDGE_LOOP('',(#1429,#1430,#1431,#1432,#1433,#1434,#1435,#1436));
#277=EDGE_LOOP('',(#1437,#1438,#1439,#1440));
#278=EDGE_LOOP('',(#1441,#1442,#1443,#1444,#1445,#1446,#1447));
#279=EDGE_LOOP('',(#1448,#1449,#1450,#1451,#1452,#1453,#1454,#1455,#1456,
#1457));
#280=EDGE_LOOP('',(#1458,#1459,#1460,#1461,#1462));
#281=EDGE_LOOP('',(#1463,#1464,#1465,#1466));
#282=EDGE_LOOP('',(#1467,#1468,#1469,#1470));
#283=EDGE_LOOP('',(#1471,#1472,#1473,#1474));
#284=EDGE_LOOP('',(#1475,#1476,#1477,#1478));
#285=EDGE_LOOP('',(#1479,#1480,#1481,#1482));
#286=EDGE_LOOP('',(#1483,#1484,#1485,#1486));
#287=EDGE_LOOP('',(#1487,#1488,#1489,#1490));
#288=EDGE_LOOP('',(#1491,#1492,#1493,#1494));
#289=EDGE_LOOP('',(#1495,#1496,#1497,#1498));
#290=EDGE_LOOP('',(#1499,#1500,#1501,#1502,#1503,#1504,#1505,#1506,#1507,
#1508,#1509));
#291=EDGE_LOOP('',(#1510,#1511,#1512,#1513));
#292=EDGE_LOOP('',(#1514,#1515,#1516,#1517));
#293=EDGE_LOOP('',(#1518,#1519,#1520,#1521,#1522));
#294=EDGE_LOOP('',(#1523,#1524,#1525,#1526,#1527,#1528));
#295=EDGE_LOOP('',(#1529,#1530,#1531,#1532));
#296=EDGE_LOOP('',(#1533,#1534,#1535,#1536));
#297=EDGE_LOOP('',(#1537,#1538,#1539,#1540));
#298=EDGE_LOOP('',(#1541,#1542,#1543,#1544));
#299=EDGE_LOOP('',(#1545,#1546,#1547));
#300=EDGE_LOOP('',(#1548,#1549,#1550));
#301=EDGE_LOOP('',(#1551,#1552,#1553,#1554,#1555,#1556));
#302=EDGE_LOOP('',(#1557,#1558,#1559,#1560));
#303=EDGE_LOOP('',(#1561));
#304=EDGE_LOOP('',(#1562,#1563));
#305=EDGE_LOOP('',(#1564,#1565,#1566,#1567,#1568,#1569,#1570,#1571,#1572,
#1573));
#306=EDGE_LOOP('',(#1574,#1575,#1576,#1577,#1578));
#307=EDGE_LOOP('',(#1579,#1580,#1581,#1582,#1583,#1584,#1585));
#308=EDGE_LOOP('',(#1586,#1587,#1588,#1589,#1590,#1591,#1592,#1593,#1594,
#1595,#1596));
#309=EDGE_LOOP('',(#1597,#1598,#1599,#1600));
#310=EDGE_LOOP('',(#1601));
#311=EDGE_LOOP('',(#1602));
#312=LINE('',#2318,#518);
#313=LINE('',#2324,#519);
#314=LINE('',#2326,#520);
#315=LINE('',#2328,#521);
#316=LINE('',#2329,#522);
#317=LINE('',#2333,#523);
#318=LINE('',#2335,#524);
#319=LINE('',#2337,#525);
#320=LINE('',#2338,#526);
#321=LINE('',#2340,#527);
#322=LINE('',#2341,#528);
#323=LINE('',#2343,#529);
#324=LINE('',#2346,#530);
#325=LINE('',#2348,#531);
#326=LINE('',#2350,#532);
#327=LINE('',#2352,#533);
#328=LINE('',#2354,#534);
#329=LINE('',#2356,#535);
#330=LINE('',#2358,#536);
#331=LINE('',#2360,#537);
#332=LINE('',#2362,#538);
#333=LINE('',#2364,#539);
#334=LINE('',#2366,#540);
#335=LINE('',#2368,#541);
#336=LINE('',#2370,#542);
#337=LINE('',#2372,#543);
#338=LINE('',#2373,#544);
#339=LINE('',#2378,#545);
#340=LINE('',#2384,#546);
#341=LINE('',#2386,#547);
#342=LINE('',#2388,#548);
#343=LINE('',#2389,#549);
#344=LINE('',#2393,#550);
#345=LINE('',#2395,#551);
#346=LINE('',#2397,#552);
#347=LINE('',#2398,#553);
#348=LINE('',#2401,#554);
#349=LINE('',#2403,#555);
#350=LINE('',#2404,#556);
#351=LINE('',#2407,#557);
#352=LINE('',#2409,#558);
#353=LINE('',#2411,#559);
#354=LINE('',#2413,#560);
#355=LINE('',#2414,#561);
#356=LINE('',#2419,#562);
#357=LINE('',#2424,#563);
#358=LINE('',#2425,#564);
#359=LINE('',#2428,#565);
#360=LINE('',#2430,#566);
#361=LINE('',#2431,#567);
#362=LINE('',#2434,#568);
#363=LINE('',#2436,#569);
#364=LINE('',#2437,#570);
#365=LINE('',#2440,#571);
#366=LINE('',#2442,#572);
#367=LINE('',#2443,#573);
#368=LINE('',#2448,#574);
#369=LINE('',#2451,#575);
#370=LINE('',#2452,#576);
#371=LINE('',#2455,#577);
#372=LINE('',#2456,#578);
#373=LINE('',#2459,#579);
#374=LINE('',#2461,#580);
#375=LINE('',#2462,#581);
#376=LINE('',#2466,#582);
#377=LINE('',#2468,#583);
#378=LINE('',#2470,#584);
#379=LINE('',#2472,#585);
#380=LINE('',#2473,#586);
#381=LINE('',#2476,#587);
#382=LINE('',#2478,#588);
#383=LINE('',#2479,#589);
#384=LINE('',#2482,#590);
#385=LINE('',#2484,#591);
#386=LINE('',#2485,#592);
#387=LINE('',#2488,#593);
#388=LINE('',#2490,#594);
#389=LINE('',#2491,#595);
#390=LINE('',#2494,#596);
#391=LINE('',#2495,#597);
#392=LINE('',#2499,#598);
#393=LINE('',#2501,#599);
#394=LINE('',#2503,#600);
#395=LINE('',#2504,#601);
#396=LINE('',#2507,#602);
#397=LINE('',#2509,#603);
#398=LINE('',#2510,#604);
#399=LINE('',#2513,#605);
#400=LINE('',#2515,#606);
#401=LINE('',#2516,#607);
#402=LINE('',#2518,#608);
#403=LINE('',#2521,#609);
#404=LINE('',#2522,#610);
#405=LINE('',#2524,#611);
#406=LINE('',#2526,#612);
#407=LINE('',#2528,#613);
#408=LINE('',#2530,#614);
#409=LINE('',#2532,#615);
#410=LINE('',#2534,#616);
#411=LINE('',#2536,#617);
#412=LINE('',#2538,#618);
#413=LINE('',#2539,#619);
#414=LINE('',#2542,#620);
#415=LINE('',#2543,#621);
#416=LINE('',#2544,#622);
#417=LINE('',#2546,#623);
#418=LINE('',#2549,#624);
#419=LINE('',#2550,#625);
#420=LINE('',#2553,#626);
#421=LINE('',#2555,#627);
#422=LINE('',#2557,#628);
#423=LINE('',#2558,#629);
#424=LINE('',#2560,#630);
#425=LINE('',#2563,#631);
#426=LINE('',#2564,#632);
#427=LINE('',#2568,#633);
#428=LINE('',#2569,#634);
#429=LINE('',#2570,#635);
#430=LINE('',#2572,#636);
#431=LINE('',#2578,#637);
#432=LINE('',#2585,#638);
#433=LINE('',#2590,#639);
#434=LINE('',#2591,#640);
#435=LINE('',#2594,#641);
#436=LINE('',#2599,#642);
#437=LINE('',#2600,#643);
#438=LINE('',#2602,#644);
#439=LINE('',#2603,#645);
#440=LINE('',#2607,#646);
#441=LINE('',#2609,#647);
#442=LINE('',#2611,#648);
#443=LINE('',#2613,#649);
#444=LINE('',#2615,#650);
#445=LINE('',#2617,#651);
#446=LINE('',#2619,#652);
#447=LINE('',#2623,#653);
#448=LINE('',#2625,#654);
#449=LINE('',#2627,#655);
#450=LINE('',#2628,#656);
#451=LINE('',#2631,#657);
#452=LINE('',#2633,#658);
#453=LINE('',#2634,#659);
#454=LINE('',#2637,#660);
#455=LINE('',#2639,#661);
#456=LINE('',#2641,#662);
#457=LINE('',#2643,#663);
#458=LINE('',#2645,#664);
#459=LINE('',#2646,#665);
#460=LINE('',#2649,#666);
#461=LINE('',#2651,#667);
#462=LINE('',#2653,#668);
#463=LINE('',#2654,#669);
#464=LINE('',#2659,#670);
#465=LINE('',#2685,#671);
#466=LINE('',#2687,#672);
#467=LINE('',#2688,#673);
#468=LINE('',#2691,#674);
#469=LINE('',#2693,#675);
#470=LINE('',#2695,#676);
#471=LINE('',#2697,#677);
#472=LINE('',#2699,#678);
#473=LINE('',#2700,#679);
#474=LINE('',#2703,#680);
#475=LINE('',#2705,#681);
#476=LINE('',#2707,#682);
#477=LINE('',#2708,#683);
#478=LINE('',#2710,#684);
#479=LINE('',#2711,#685);
#480=LINE('',#2713,#686);
#481=LINE('',#2714,#687);
#482=LINE('',#2717,#688);
#483=LINE('',#2718,#689);
#484=LINE('',#2721,#690);
#485=LINE('',#2722,#691);
#486=LINE('',#2725,#692);
#487=LINE('',#2726,#693);
#488=LINE('',#2729,#694);
#489=LINE('',#2730,#695);
#490=LINE('',#2733,#696);
#491=LINE('',#2734,#697);
#492=LINE('',#2738,#698);
#493=LINE('',#2741,#699);
#494=LINE('',#2742,#700);
#495=LINE('',#2745,#701);
#496=LINE('',#2746,#702);
#497=LINE('',#2748,#703);
#498=LINE('',#2752,#704);
#499=LINE('',#2753,#705);
#500=LINE('',#2756,#706);
#501=LINE('',#2757,#707);
#502=LINE('',#2759,#708);
#503=LINE('',#2761,#709);
#504=LINE('',#2764,#710);
#505=LINE('',#2766,#711);
#506=LINE('',#2767,#712);
#507=LINE('',#2770,#713);
#508=LINE('',#2772,#714);
#509=LINE('',#2773,#715);
#510=LINE('',#2775,#716);
#511=LINE('',#2776,#717);
#512=LINE('',#2779,#718);
#513=LINE('',#2782,#719);
#514=LINE('',#2784,#720);
#515=LINE('',#2787,#721);
#516=LINE('',#2795,#722);
#517=LINE('',#2796,#723);
#518=VECTOR('',#1865,1.);
#519=VECTOR('',#1872,10.);
#520=VECTOR('',#1873,10.);
#521=VECTOR('',#1874,10.);
#522=VECTOR('',#1875,10.);
#523=VECTOR('',#1878,10.);
#524=VECTOR('',#1879,10.);
#525=VECTOR('',#1880,10.);
#526=VECTOR('',#1881,10.);
#527=VECTOR('',#1884,10.);
#528=VECTOR('',#1885,10.);
#529=VECTOR('',#1888,10.);
#530=VECTOR('',#1891,10.);
#531=VECTOR('',#1892,10.);
#532=VECTOR('',#1893,10.);
#533=VECTOR('',#1894,10.);
#534=VECTOR('',#1895,10.);
#535=VECTOR('',#1896,10.);
#536=VECTOR('',#1897,10.);
#537=VECTOR('',#1898,10.);
#538=VECTOR('',#1899,10.);
#539=VECTOR('',#1900,10.);
#540=VECTOR('',#1901,10.);
#541=VECTOR('',#1902,10.);
#542=VECTOR('',#1903,10.);
#543=VECTOR('',#1904,10.);
#544=VECTOR('',#1905,10.);
#545=VECTOR('',#1910,1.5);
#546=VECTOR('',#1917,10.);
#547=VECTOR('',#1918,10.);
#548=VECTOR('',#1919,10.);
#549=VECTOR('',#1920,10.);
#550=VECTOR('',#1923,10.);
#551=VECTOR('',#1924,10.);
#552=VECTOR('',#1925,10.);
#553=VECTOR('',#1926,10.);
#554=VECTOR('',#1929,10.);
#555=VECTOR('',#1930,10.);
#556=VECTOR('',#1931,10.);
#557=VECTOR('',#1934,10.);
#558=VECTOR('',#1935,10.);
#559=VECTOR('',#1936,10.);
#560=VECTOR('',#1937,10.);
#561=VECTOR('',#1938,10.);
#562=VECTOR('',#1943,1.5);
#563=VECTOR('',#1950,10.);
#564=VECTOR('',#1951,10.);
#565=VECTOR('',#1954,10.);
#566=VECTOR('',#1955,10.);
#567=VECTOR('',#1956,10.);
#568=VECTOR('',#1959,10.);
#569=VECTOR('',#1960,10.);
#570=VECTOR('',#1961,10.);
#571=VECTOR('',#1964,10.);
#572=VECTOR('',#1965,10.);
#573=VECTOR('',#1966,10.);
#574=VECTOR('',#1971,10.);
#575=VECTOR('',#1976,10.);
#576=VECTOR('',#1977,10.);
#577=VECTOR('',#1980,10.);
#578=VECTOR('',#1981,10.);
#579=VECTOR('',#1984,10.);
#580=VECTOR('',#1985,10.);
#581=VECTOR('',#1986,10.);
#582=VECTOR('',#1991,10.);
#583=VECTOR('',#1992,10.);
#584=VECTOR('',#1993,10.);
#585=VECTOR('',#1994,10.);
#586=VECTOR('',#1995,10.);
#587=VECTOR('',#1998,10.);
#588=VECTOR('',#1999,10.);
#589=VECTOR('',#2000,10.);
#590=VECTOR('',#2003,10.);
#591=VECTOR('',#2004,10.);
#592=VECTOR('',#2005,10.);
#593=VECTOR('',#2008,10.);
#594=VECTOR('',#2009,10.);
#595=VECTOR('',#2010,10.);
#596=VECTOR('',#2013,10.);
#597=VECTOR('',#2014,10.);
#598=VECTOR('',#2017,10.);
#599=VECTOR('',#2018,10.);
#600=VECTOR('',#2019,10.);
#601=VECTOR('',#2020,10.);
#602=VECTOR('',#2023,10.);
#603=VECTOR('',#2024,10.);
#604=VECTOR('',#2025,10.);
#605=VECTOR('',#2028,10.);
#606=VECTOR('',#2029,10.);
#607=VECTOR('',#2030,10.);
#608=VECTOR('',#2033,10.);
#609=VECTOR('',#2036,10.);
#610=VECTOR('',#2037,10.);
#611=VECTOR('',#2038,10.);
#612=VECTOR('',#2039,10.);
#613=VECTOR('',#2040,10.);
#614=VECTOR('',#2041,10.);
#615=VECTOR('',#2042,10.);
#616=VECTOR('',#2043,10.);
#617=VECTOR('',#2044,10.);
#618=VECTOR('',#2045,10.);
#619=VECTOR('',#2046,10.);
#620=VECTOR('',#2049,10.);
#621=VECTOR('',#2050,10.);
#622=VECTOR('',#2051,10.);
#623=VECTOR('',#2054,10.);
#624=VECTOR('',#2057,10.);
#625=VECTOR('',#2058,10.);
#626=VECTOR('',#2061,10.);
#627=VECTOR('',#2062,10.);
#628=VECTOR('',#2063,10.);
#629=VECTOR('',#2064,10.);
#630=VECTOR('',#2067,10.);
#631=VECTOR('',#2070,10.);
#632=VECTOR('',#2071,10.);
#633=VECTOR('',#2074,10.);
#634=VECTOR('',#2075,10.);
#635=VECTOR('',#2076,10.);
#636=VECTOR('',#2079,10.);
#637=VECTOR('',#2084,1.5);
#638=VECTOR('',#2095,10.);
#639=VECTOR('',#2100,10.);
#640=VECTOR('',#2101,10.);
#641=VECTOR('',#2104,10.);
#642=VECTOR('',#2111,10.);
#643=VECTOR('',#2112,10.);
#644=VECTOR('',#2115,10.);
#645=VECTOR('',#2116,10.);
#646=VECTOR('',#2123,10.);
#647=VECTOR('',#2124,10.);
#648=VECTOR('',#2125,10.);
#649=VECTOR('',#2126,10.);
#650=VECTOR('',#2127,10.);
#651=VECTOR('',#2128,10.);
#652=VECTOR('',#2129,10.);
#653=VECTOR('',#2132,10.);
#654=VECTOR('',#2133,10.);
#655=VECTOR('',#2134,10.);
#656=VECTOR('',#2135,10.);
#657=VECTOR('',#2138,10.);
#658=VECTOR('',#2139,10.);
#659=VECTOR('',#2140,10.);
#660=VECTOR('',#2143,10.);
#661=VECTOR('',#2144,10.);
#662=VECTOR('',#2145,10.);
#663=VECTOR('',#2146,10.);
#664=VECTOR('',#2147,10.);
#665=VECTOR('',#2148,10.);
#666=VECTOR('',#2151,10.);
#667=VECTOR('',#2152,10.);
#668=VECTOR('',#2153,10.);
#669=VECTOR('',#2154,10.);
#670=VECTOR('',#2159,1.5);
#671=VECTOR('',#2168,10.);
#672=VECTOR('',#2169,10.);
#673=VECTOR('',#2170,10.);
#674=VECTOR('',#2173,10.);
#675=VECTOR('',#2174,10.);
#676=VECTOR('',#2175,10.);
#677=VECTOR('',#2176,10.);
#678=VECTOR('',#2177,10.);
#679=VECTOR('',#2178,10.);
#680=VECTOR('',#2181,10.);
#681=VECTOR('',#2182,10.);
#682=VECTOR('',#2183,10.);
#683=VECTOR('',#2184,10.);
#684=VECTOR('',#2185,10.);
#685=VECTOR('',#2186,10.);
#686=VECTOR('',#2189,10.);
#687=VECTOR('',#2190,10.);
#688=VECTOR('',#2193,10.);
#689=VECTOR('',#2194,10.);
#690=VECTOR('',#2197,10.);
#691=VECTOR('',#2198,10.);
#692=VECTOR('',#2201,10.);
#693=VECTOR('',#2202,10.);
#694=VECTOR('',#2205,10.);
#695=VECTOR('',#2206,10.);
#696=VECTOR('',#2209,10.);
#697=VECTOR('',#2210,10.);
#698=VECTOR('',#2215,10.);
#699=VECTOR('',#2218,10.);
#700=VECTOR('',#2219,10.);
#701=VECTOR('',#2222,10.);
#702=VECTOR('',#2223,10.);
#703=VECTOR('',#2226,10.);
#704=VECTOR('',#2231,10.);
#705=VECTOR('',#2232,10.);
#706=VECTOR('',#2235,10.);
#707=VECTOR('',#2236,10.);
#708=VECTOR('',#2239,10.);
#709=VECTOR('',#2242,10.);
#710=VECTOR('',#2245,10.);
#711=VECTOR('',#2246,10.);
#712=VECTOR('',#2247,10.);
#713=VECTOR('',#2250,10.);
#714=VECTOR('',#2251,10.);
#715=VECTOR('',#2252,10.);
#716=VECTOR('',#2255,10.);
#717=VECTOR('',#2256,10.);
#718=VECTOR('',#2261,10.);
#719=VECTOR('',#2266,10.);
#720=VECTOR('',#2269,10.);
#721=VECTOR('',#2274,10.);
#722=VECTOR('',#2287,10.);
#723=VECTOR('',#2288,10.);
#724=CIRCLE('',#1734,1.);
#725=CIRCLE('',#1735,1.);
#726=CIRCLE('',#1743,1.5);
#727=CIRCLE('',#1744,1.5);
#728=CIRCLE('',#1751,1.5);
#729=CIRCLE('',#1752,1.5);
#730=CIRCLE('',#1759,4.0353834374015);
#731=CIRCLE('',#1760,4.0353834374015);
#732=CIRCLE('',#1784,1.5);
#733=CIRCLE('',#1785,1.5);
#734=CIRCLE('',#1786,1.5);
#735=CIRCLE('',#1787,1.5);
#736=CIRCLE('',#1791,3.5);
#737=CIRCLE('',#1800,4.1353834374015);
#738=CIRCLE('',#1805,1.6);
#739=CIRCLE('',#1806,1.6);
#740=CIRCLE('',#1807,1.6);
#741=CIRCLE('',#1808,1.6);
#742=CIRCLE('',#1819,4.1353834374015);
#743=CIRCLE('',#1839,3.6);
#744=CIRCLE('',#1847,0.249999999999999);
#745=CIRCLE('',#1848,0.249999999999999);
#746=VERTEX_POINT('',#2315);
#747=VERTEX_POINT('',#2317);
#748=VERTEX_POINT('',#2322);
#749=VERTEX_POINT('',#2323);
#750=VERTEX_POINT('',#2325);
#751=VERTEX_POINT('',#2327);
#752=VERTEX_POINT('',#2331);
#753=VERTEX_POINT('',#2332);
#754=VERTEX_POINT('',#2334);
#755=VERTEX_POINT('',#2336);
#756=VERTEX_POINT('',#2345);
#757=VERTEX_POINT('',#2347);
#758=VERTEX_POINT('',#2349);
#759=VERTEX_POINT('',#2351);
#760=VERTEX_POINT('',#2353);
#761=VERTEX_POINT('',#2355);
#762=VERTEX_POINT('',#2357);
#763=VERTEX_POINT('',#2359);
#764=VERTEX_POINT('',#2361);
#765=VERTEX_POINT('',#2363);
#766=VERTEX_POINT('',#2365);
#767=VERTEX_POINT('',#2367);
#768=VERTEX_POINT('',#2369);
#769=VERTEX_POINT('',#2371);
#770=VERTEX_POINT('',#2375);
#771=VERTEX_POINT('',#2377);
#772=VERTEX_POINT('',#2382);
#773=VERTEX_POINT('',#2383);
#774=VERTEX_POINT('',#2385);
#775=VERTEX_POINT('',#2387);
#776=VERTEX_POINT('',#2391);
#777=VERTEX_POINT('',#2392);
#778=VERTEX_POINT('',#2394);
#779=VERTEX_POINT('',#2396);
#780=VERTEX_POINT('',#2400);
#781=VERTEX_POINT('',#2402);
#782=VERTEX_POINT('',#2406);
#783=VERTEX_POINT('',#2408);
#784=VERTEX_POINT('',#2410);
#785=VERTEX_POINT('',#2412);
#786=VERTEX_POINT('',#2416);
#787=VERTEX_POINT('',#2418);
#788=VERTEX_POINT('',#2423);
#789=VERTEX_POINT('',#2427);
#790=VERTEX_POINT('',#2429);
#791=VERTEX_POINT('',#2433);
#792=VERTEX_POINT('',#2435);
#793=VERTEX_POINT('',#2439);
#794=VERTEX_POINT('',#2441);
#795=VERTEX_POINT('',#2445);
#796=VERTEX_POINT('',#2447);
#797=VERTEX_POINT('',#2454);
#798=VERTEX_POINT('',#2458);
#799=VERTEX_POINT('',#2460);
#800=VERTEX_POINT('',#2465);
#801=VERTEX_POINT('',#2467);
#802=VERTEX_POINT('',#2469);
#803=VERTEX_POINT('',#2471);
#804=VERTEX_POINT('',#2475);
#805=VERTEX_POINT('',#2477);
#806=VERTEX_POINT('',#2481);
#807=VERTEX_POINT('',#2483);
#808=VERTEX_POINT('',#2487);
#809=VERTEX_POINT('',#2489);
#810=VERTEX_POINT('',#2493);
#811=VERTEX_POINT('',#2497);
#812=VERTEX_POINT('',#2498);
#813=VERTEX_POINT('',#2500);
#814=VERTEX_POINT('',#2502);
#815=VERTEX_POINT('',#2506);
#816=VERTEX_POINT('',#2508);
#817=VERTEX_POINT('',#2512);
#818=VERTEX_POINT('',#2514);
#819=VERTEX_POINT('',#2520);
#820=VERTEX_POINT('',#2523);
#821=VERTEX_POINT('',#2525);
#822=VERTEX_POINT('',#2527);
#823=VERTEX_POINT('',#2529);
#824=VERTEX_POINT('',#2531);
#825=VERTEX_POINT('',#2533);
#826=VERTEX_POINT('',#2535);
#827=VERTEX_POINT('',#2537);
#828=VERTEX_POINT('',#2541);
#829=VERTEX_POINT('',#2548);
#830=VERTEX_POINT('',#2552);
#831=VERTEX_POINT('',#2554);
#832=VERTEX_POINT('',#2556);
#833=VERTEX_POINT('',#2562);
#834=VERTEX_POINT('',#2566);
#835=VERTEX_POINT('',#2567);
#836=VERTEX_POINT('',#2574);
#837=VERTEX_POINT('',#2575);
#838=VERTEX_POINT('',#2577);
#839=VERTEX_POINT('',#2580);
#840=VERTEX_POINT('',#2587);
#841=VERTEX_POINT('',#2589);
#842=VERTEX_POINT('',#2593);
#843=VERTEX_POINT('',#2595);
#844=VERTEX_POINT('',#2608);
#845=VERTEX_POINT('',#2610);
#846=VERTEX_POINT('',#2612);
#847=VERTEX_POINT('',#2614);
#848=VERTEX_POINT('',#2616);
#849=VERTEX_POINT('',#2618);
#850=VERTEX_POINT('',#2620);
#851=VERTEX_POINT('',#2622);
#852=VERTEX_POINT('',#2624);
#853=VERTEX_POINT('',#2626);
#854=VERTEX_POINT('',#2630);
#855=VERTEX_POINT('',#2632);
#856=VERTEX_POINT('',#2636);
#857=VERTEX_POINT('',#2638);
#858=VERTEX_POINT('',#2640);
#859=VERTEX_POINT('',#2642);
#860=VERTEX_POINT('',#2644);
#861=VERTEX_POINT('',#2648);
#862=VERTEX_POINT('',#2650);
#863=VERTEX_POINT('',#2652);
#864=VERTEX_POINT('',#2656);
#865=VERTEX_POINT('',#2658);
#866=VERTEX_POINT('',#2660);
#867=VERTEX_POINT('',#2662);
#868=VERTEX_POINT('',#2671);
#869=VERTEX_POINT('',#2673);
#870=VERTEX_POINT('',#2684);
#871=VERTEX_POINT('',#2686);
#872=VERTEX_POINT('',#2690);
#873=VERTEX_POINT('',#2692);
#874=VERTEX_POINT('',#2694);
#875=VERTEX_POINT('',#2696);
#876=VERTEX_POINT('',#2698);
#877=VERTEX_POINT('',#2702);
#878=VERTEX_POINT('',#2704);
#879=VERTEX_POINT('',#2706);
#880=VERTEX_POINT('',#2709);
#881=VERTEX_POINT('',#2716);
#882=VERTEX_POINT('',#2720);
#883=VERTEX_POINT('',#2724);
#884=VERTEX_POINT('',#2728);
#885=VERTEX_POINT('',#2732);
#886=VERTEX_POINT('',#2736);
#887=VERTEX_POINT('',#2740);
#888=VERTEX_POINT('',#2744);
#889=VERTEX_POINT('',#2751);
#890=VERTEX_POINT('',#2755);
#891=VERTEX_POINT('',#2763);
#892=VERTEX_POINT('',#2765);
#893=VERTEX_POINT('',#2769);
#894=VERTEX_POINT('',#2771);
#895=VERTEX_POINT('',#2791);
#896=VERTEX_POINT('',#5776);
#897=VERTEX_POINT('',#5778);
#898=EDGE_CURVE('',#746,#746,#724,.T.);
#899=EDGE_CURVE('',#746,#747,#312,.T.);
#900=EDGE_CURVE('',#747,#747,#725,.T.);
#901=EDGE_CURVE('',#748,#749,#313,.T.);
#902=EDGE_CURVE('',#748,#750,#314,.T.);
#903=EDGE_CURVE('',#751,#750,#315,.T.);
#904=EDGE_CURVE('',#749,#751,#316,.T.);
#905=EDGE_CURVE('',#752,#753,#317,.T.);
#906=EDGE_CURVE('',#752,#754,#318,.T.);
#907=EDGE_CURVE('',#755,#754,#319,.T.);
#908=EDGE_CURVE('',#753,#755,#320,.T.);
#909=EDGE_CURVE('',#753,#748,#321,.T.);
#910=EDGE_CURVE('',#750,#755,#322,.T.);
#911=EDGE_CURVE('',#754,#751,#323,.T.);
#912=EDGE_CURVE('',#756,#749,#324,.T.);
#913=EDGE_CURVE('',#756,#757,#325,.F.);
#914=EDGE_CURVE('',#758,#757,#326,.T.);
#915=EDGE_CURVE('',#758,#759,#327,.T.);
#916=EDGE_CURVE('',#760,#759,#328,.F.);
#917=EDGE_CURVE('',#760,#761,#329,.F.);
#918=EDGE_CURVE('',#762,#761,#330,.T.);
#919=EDGE_CURVE('',#763,#762,#331,.F.);
#920=EDGE_CURVE('',#764,#763,#332,.F.);
#921=EDGE_CURVE('',#764,#765,#333,.T.);
#922=EDGE_CURVE('',#765,#766,#334,.T.);
#923=EDGE_CURVE('',#766,#767,#335,.T.);
#924=EDGE_CURVE('',#768,#767,#336,.F.);
#925=EDGE_CURVE('',#769,#768,#337,.T.);
#926=EDGE_CURVE('',#752,#769,#338,.T.);
#927=EDGE_CURVE('',#770,#770,#726,.T.);
#928=EDGE_CURVE('',#770,#771,#339,.T.);
#929=EDGE_CURVE('',#771,#771,#727,.T.);
#930=EDGE_CURVE('',#772,#773,#340,.T.);
#931=EDGE_CURVE('',#774,#772,#341,.T.);
#932=EDGE_CURVE('',#775,#774,#342,.T.);
#933=EDGE_CURVE('',#773,#775,#343,.T.);
#934=EDGE_CURVE('',#776,#777,#344,.T.);
#935=EDGE_CURVE('',#778,#776,#345,.T.);
#936=EDGE_CURVE('',#779,#778,#346,.T.);
#937=EDGE_CURVE('',#779,#777,#347,.T.);
#938=EDGE_CURVE('',#772,#780,#348,.T.);
#939=EDGE_CURVE('',#781,#780,#349,.T.);
#940=EDGE_CURVE('',#774,#781,#350,.T.);
#941=EDGE_CURVE('',#782,#773,#351,.T.);
#942=EDGE_CURVE('',#783,#782,#352,.T.);
#943=EDGE_CURVE('',#783,#784,#353,.T.);
#944=EDGE_CURVE('',#785,#784,#354,.T.);
#945=EDGE_CURVE('',#780,#785,#355,.T.);
#946=EDGE_CURVE('',#786,#786,#728,.T.);
#947=EDGE_CURVE('',#786,#787,#356,.T.);
#948=EDGE_CURVE('',#787,#787,#729,.T.);
#949=EDGE_CURVE('',#781,#788,#357,.T.);
#950=EDGE_CURVE('',#788,#785,#358,.T.);
#951=EDGE_CURVE('',#789,#779,#359,.T.);
#952=EDGE_CURVE('',#789,#790,#360,.T.);
#953=EDGE_CURVE('',#790,#777,#361,.T.);
#954=EDGE_CURVE('',#791,#789,#362,.T.);
#955=EDGE_CURVE('',#791,#792,#363,.T.);
#956=EDGE_CURVE('',#792,#790,#364,.T.);
#957=EDGE_CURVE('',#793,#791,#365,.T.);
#958=EDGE_CURVE('',#793,#794,#366,.T.);
#959=EDGE_CURVE('',#794,#792,#367,.T.);
#960=EDGE_CURVE('',#795,#793,#730,.T.);
#961=EDGE_CURVE('',#795,#796,#368,.T.);
#962=EDGE_CURVE('',#796,#794,#731,.T.);
#963=EDGE_CURVE('',#776,#796,#369,.T.);
#964=EDGE_CURVE('',#778,#795,#370,.T.);
#965=EDGE_CURVE('',#797,#775,#371,.T.);
#966=EDGE_CURVE('',#797,#782,#372,.T.);
#967=EDGE_CURVE('',#798,#797,#373,.T.);
#968=EDGE_CURVE('',#798,#799,#374,.T.);
#969=EDGE_CURVE('',#799,#783,#375,.T.);
#970=EDGE_CURVE('',#799,#800,#376,.T.);
#971=EDGE_CURVE('',#800,#801,#377,.T.);
#972=EDGE_CURVE('',#802,#801,#378,.T.);
#973=EDGE_CURVE('',#802,#803,#379,.T.);
#974=EDGE_CURVE('',#803,#784,#380,.T.);
#975=EDGE_CURVE('',#799,#804,#381,.T.);
#976=EDGE_CURVE('',#804,#805,#382,.T.);
#977=EDGE_CURVE('',#805,#800,#383,.T.);
#978=EDGE_CURVE('',#804,#806,#384,.T.);
#979=EDGE_CURVE('',#806,#807,#385,.T.);
#980=EDGE_CURVE('',#807,#805,#386,.T.);
#981=EDGE_CURVE('',#806,#808,#387,.T.);
#982=EDGE_CURVE('',#808,#809,#388,.T.);
#983=EDGE_CURVE('',#809,#807,#389,.T.);
#984=EDGE_CURVE('',#801,#810,#390,.T.);
#985=EDGE_CURVE('',#810,#809,#391,.T.);
#986=EDGE_CURVE('',#811,#812,#392,.T.);
#987=EDGE_CURVE('',#812,#813,#393,.T.);
#988=EDGE_CURVE('',#813,#814,#394,.T.);
#989=EDGE_CURVE('',#814,#811,#395,.T.);
#990=EDGE_CURVE('',#812,#815,#396,.T.);
#991=EDGE_CURVE('',#815,#816,#397,.T.);
#992=EDGE_CURVE('',#816,#813,#398,.T.);
#993=EDGE_CURVE('',#815,#817,#399,.T.);
#994=EDGE_CURVE('',#817,#818,#400,.T.);
#995=EDGE_CURVE('',#818,#816,#401,.T.);
#996=EDGE_CURVE('',#818,#814,#402,.T.);
#997=EDGE_CURVE('',#817,#819,#403,.T.);
#998=EDGE_CURVE('',#819,#810,#404,.T.);
#999=EDGE_CURVE('',#808,#820,#405,.T.);
#1000=EDGE_CURVE('',#821,#820,#406,.T.);
#1001=EDGE_CURVE('',#822,#821,#407,.T.);
#1002=EDGE_CURVE('',#822,#823,#408,.T.);
#1003=EDGE_CURVE('',#823,#824,#409,.T.);
#1004=EDGE_CURVE('',#825,#824,#410,.T.);
#1005=EDGE_CURVE('',#825,#826,#411,.T.);
#1006=EDGE_CURVE('',#826,#827,#412,.T.);
#1007=EDGE_CURVE('',#827,#811,#413,.T.);
#1008=EDGE_CURVE('',#828,#803,#414,.T.);
#1009=EDGE_CURVE('',#823,#828,#415,.T.);
#1010=EDGE_CURVE('',#803,#822,#416,.T.);
#1011=EDGE_CURVE('',#788,#821,#417,.T.);
#1012=EDGE_CURVE('',#819,#829,#418,.T.);
#1013=EDGE_CURVE('',#829,#802,#419,.T.);
#1014=EDGE_CURVE('',#830,#798,#420,.T.);
#1015=EDGE_CURVE('',#830,#831,#421,.T.);
#1016=EDGE_CURVE('',#831,#832,#422,.T.);
#1017=EDGE_CURVE('',#832,#820,#423,.T.);
#1018=EDGE_CURVE('',#803,#829,#424,.T.);
#1019=EDGE_CURVE('',#833,#823,#425,.T.);
#1020=EDGE_CURVE('',#824,#833,#426,.T.);
#1021=EDGE_CURVE('',#834,#835,#427,.T.);
#1022=EDGE_CURVE('',#835,#833,#428,.T.);
#1023=EDGE_CURVE('',#828,#834,#429,.T.);
#1024=EDGE_CURVE('',#835,#825,#430,.T.);
#1025=EDGE_CURVE('',#836,#837,#732,.T.);
#1026=EDGE_CURVE('',#837,#838,#431,.T.);
#1027=EDGE_CURVE('',#838,#838,#733,.T.);
#1028=EDGE_CURVE('',#837,#839,#734,.T.);
#1029=EDGE_CURVE('',#836,#839,#735,.T.);
#1030=EDGE_CURVE('',#839,#836,#432,.T.);
#1031=EDGE_CURVE('',#840,#826,#736,.T.);
#1032=EDGE_CURVE('',#841,#834,#433,.T.);
#1033=EDGE_CURVE('',#840,#841,#434,.T.);
#1034=EDGE_CURVE('',#842,#840,#435,.T.);
#1035=EDGE_CURVE('',#843,#842,#39,.T.);
#1036=EDGE_CURVE('',#827,#843,#40,.T.);
#1037=EDGE_CURVE('',#836,#842,#436,.T.);
#1038=EDGE_CURVE('',#827,#839,#437,.T.);
#1039=EDGE_CURVE('',#841,#803,#438,.T.);
#1040=EDGE_CURVE('',#829,#842,#439,.T.);
#1041=EDGE_CURVE('',#820,#760,#440,.T.);
#1042=EDGE_CURVE('',#759,#844,#441,.F.);
#1043=EDGE_CURVE('',#844,#845,#442,.F.);
#1044=EDGE_CURVE('',#845,#846,#443,.F.);
#1045=EDGE_CURVE('',#846,#847,#444,.F.);
#1046=EDGE_CURVE('',#847,#848,#445,.F.);
#1047=EDGE_CURVE('',#848,#849,#446,.F.);
#1048=EDGE_CURVE('',#849,#850,#737,.F.);
#1049=EDGE_CURVE('',#850,#851,#447,.F.);
#1050=EDGE_CURVE('',#851,#852,#448,.F.);
#1051=EDGE_CURVE('',#852,#853,#449,.F.);
#1052=EDGE_CURVE('',#798,#853,#450,.T.);
#1053=EDGE_CURVE('',#757,#854,#451,.T.);
#1054=EDGE_CURVE('',#854,#855,#452,.T.);
#1055=EDGE_CURVE('',#855,#758,#453,.T.);
#1056=EDGE_CURVE('',#855,#856,#454,.T.);
#1057=EDGE_CURVE('',#857,#856,#455,.F.);
#1058=EDGE_CURVE('',#857,#858,#456,.T.);
#1059=EDGE_CURVE('',#858,#859,#457,.F.);
#1060=EDGE_CURVE('',#860,#859,#458,.F.);
#1061=EDGE_CURVE('',#844,#860,#459,.T.);
#1062=EDGE_CURVE('',#861,#854,#460,.F.);
#1063=EDGE_CURVE('',#862,#861,#461,.T.);
#1064=EDGE_CURVE('',#863,#862,#462,.T.);
#1065=EDGE_CURVE('',#856,#863,#463,.T.);
#1066=EDGE_CURVE('',#864,#864,#738,.F.);
#1067=EDGE_CURVE('',#864,#865,#464,.T.);
#1068=EDGE_CURVE('',#866,#865,#739,.T.);
#1069=EDGE_CURVE('',#866,#867,#36,.T.);
#1070=EDGE_CURVE('',#867,#868,#740,.F.);
#1071=EDGE_CURVE('',#868,#869,#37,.T.);
#1072=EDGE_CURVE('',#865,#869,#741,.T.);
#1073=EDGE_CURVE('',#857,#870,#465,.T.);
#1074=EDGE_CURVE('',#870,#871,#466,.T.);
#1075=EDGE_CURVE('',#858,#871,#467,.T.);
#1076=EDGE_CURVE('',#872,#870,#468,.F.);
#1077=EDGE_CURVE('',#873,#872,#469,.F.);
#1078=EDGE_CURVE('',#874,#873,#470,.T.);
#1079=EDGE_CURVE('',#875,#874,#471,.F.);
#1080=EDGE_CURVE('',#875,#876,#472,.T.);
#1081=EDGE_CURVE('',#871,#876,#473,.T.);
#1082=EDGE_CURVE('',#877,#871,#474,.T.);
#1083=EDGE_CURVE('',#877,#878,#475,.T.);
#1084=EDGE_CURVE('',#879,#878,#476,.F.);
#1085=EDGE_CURVE('',#830,#879,#477,.F.);
#1086=EDGE_CURVE('',#853,#880,#478,.T.);
#1087=EDGE_CURVE('',#880,#859,#479,.F.);
#1088=EDGE_CURVE('',#863,#857,#480,.T.);
#1089=EDGE_CURVE('',#872,#862,#481,.F.);
#1090=EDGE_CURVE('',#881,#860,#482,.T.);
#1091=EDGE_CURVE('',#845,#881,#483,.F.);
#1092=EDGE_CURVE('',#882,#881,#484,.T.);
#1093=EDGE_CURVE('',#846,#882,#485,.T.);
#1094=EDGE_CURVE('',#883,#882,#486,.T.);
#1095=EDGE_CURVE('',#847,#883,#487,.F.);
#1096=EDGE_CURVE('',#884,#883,#488,.T.);
#1097=EDGE_CURVE('',#848,#884,#489,.F.);
#1098=EDGE_CURVE('',#885,#884,#490,.T.);
#1099=EDGE_CURVE('',#849,#885,#491,.T.);
#1100=EDGE_CURVE('',#886,#885,#742,.T.);
#1101=EDGE_CURVE('',#850,#886,#492,.F.);
#1102=EDGE_CURVE('',#887,#886,#493,.T.);
#1103=EDGE_CURVE('',#851,#887,#494,.T.);
#1104=EDGE_CURVE('',#888,#887,#495,.T.);
#1105=EDGE_CURVE('',#852,#888,#496,.T.);
#1106=EDGE_CURVE('',#880,#888,#497,.T.);
#1107=EDGE_CURVE('',#889,#879,#498,.F.);
#1108=EDGE_CURVE('',#831,#889,#499,.T.);
#1109=EDGE_CURVE('',#890,#889,#500,.F.);
#1110=EDGE_CURVE('',#832,#890,#501,.F.);
#1111=EDGE_CURVE('',#761,#890,#502,.F.);
#1112=EDGE_CURVE('',#878,#762,#503,.T.);
#1113=EDGE_CURVE('',#767,#891,#504,.F.);
#1114=EDGE_CURVE('',#892,#766,#505,.F.);
#1115=EDGE_CURVE('',#891,#892,#506,.F.);
#1116=EDGE_CURVE('',#891,#893,#507,.F.);
#1117=EDGE_CURVE('',#894,#892,#508,.F.);
#1118=EDGE_CURVE('',#893,#894,#509,.F.);
#1119=EDGE_CURVE('',#893,#764,#510,.F.);
#1120=EDGE_CURVE('',#765,#894,#511,.F.);
#1121=EDGE_CURVE('',#876,#877,#512,.T.);
#1122=EDGE_CURVE('',#763,#875,#513,.T.);
#1123=EDGE_CURVE('',#861,#756,#514,.T.);
#1124=EDGE_CURVE('',#868,#867,#515,.F.);
#1125=EDGE_CURVE('',#873,#769,#743,.T.);
#1126=EDGE_CURVE('',#768,#895,#41,.F.);
#1127=EDGE_CURVE('',#895,#874,#42,.F.);
#1128=EDGE_CURVE('',#866,#874,#516,.T.);
#1129=EDGE_CURVE('',#768,#869,#517,.T.);
#1130=EDGE_CURVE('',#896,#896,#744,.T.);
#1131=EDGE_CURVE('',#896,#897,#38,.T.);
#1132=EDGE_CURVE('',#897,#897,#745,.T.);
#1133=ORIENTED_EDGE('',*,*,#898,.F.);
#1134=ORIENTED_EDGE('',*,*,#899,.T.);
#1135=ORIENTED_EDGE('',*,*,#900,.F.);
#1136=ORIENTED_EDGE('',*,*,#899,.F.);
#1137=ORIENTED_EDGE('',*,*,#898,.T.);
#1138=ORIENTED_EDGE('',*,*,#901,.F.);
#1139=ORIENTED_EDGE('',*,*,#902,.T.);
#1140=ORIENTED_EDGE('',*,*,#903,.F.);
#1141=ORIENTED_EDGE('',*,*,#904,.F.);
#1142=ORIENTED_EDGE('',*,*,#900,.T.);
#1143=ORIENTED_EDGE('',*,*,#905,.F.);
#1144=ORIENTED_EDGE('',*,*,#906,.T.);
#1145=ORIENTED_EDGE('',*,*,#907,.F.);
#1146=ORIENTED_EDGE('',*,*,#908,.F.);
#1147=ORIENTED_EDGE('',*,*,#909,.F.);
#1148=ORIENTED_EDGE('',*,*,#908,.T.);
#1149=ORIENTED_EDGE('',*,*,#910,.F.);
#1150=ORIENTED_EDGE('',*,*,#902,.F.);
#1151=ORIENTED_EDGE('',*,*,#910,.T.);
#1152=ORIENTED_EDGE('',*,*,#907,.T.);
#1153=ORIENTED_EDGE('',*,*,#911,.T.);
#1154=ORIENTED_EDGE('',*,*,#903,.T.);
#1155=ORIENTED_EDGE('',*,*,#905,.T.);
#1156=ORIENTED_EDGE('',*,*,#909,.T.);
#1157=ORIENTED_EDGE('',*,*,#901,.T.);
#1158=ORIENTED_EDGE('',*,*,#912,.F.);
#1159=ORIENTED_EDGE('',*,*,#913,.T.);
#1160=ORIENTED_EDGE('',*,*,#914,.F.);
#1161=ORIENTED_EDGE('',*,*,#915,.T.);
#1162=ORIENTED_EDGE('',*,*,#916,.F.);
#1163=ORIENTED_EDGE('',*,*,#917,.T.);
#1164=ORIENTED_EDGE('',*,*,#918,.F.);
#1165=ORIENTED_EDGE('',*,*,#919,.F.);
#1166=ORIENTED_EDGE('',*,*,#920,.F.);
#1167=ORIENTED_EDGE('',*,*,#921,.T.);
#1168=ORIENTED_EDGE('',*,*,#922,.T.);
#1169=ORIENTED_EDGE('',*,*,#923,.T.);
#1170=ORIENTED_EDGE('',*,*,#924,.F.);
#1171=ORIENTED_EDGE('',*,*,#925,.F.);
#1172=ORIENTED_EDGE('',*,*,#926,.F.);
#1173=ORIENTED_EDGE('',*,*,#927,.F.);
#1174=ORIENTED_EDGE('',*,*,#928,.T.);
#1175=ORIENTED_EDGE('',*,*,#929,.F.);
#1176=ORIENTED_EDGE('',*,*,#928,.F.);
#1177=ORIENTED_EDGE('',*,*,#927,.T.);
#1178=ORIENTED_EDGE('',*,*,#930,.F.);
#1179=ORIENTED_EDGE('',*,*,#931,.F.);
#1180=ORIENTED_EDGE('',*,*,#932,.F.);
#1181=ORIENTED_EDGE('',*,*,#933,.F.);
#1182=ORIENTED_EDGE('',*,*,#934,.F.);
#1183=ORIENTED_EDGE('',*,*,#935,.F.);
#1184=ORIENTED_EDGE('',*,*,#936,.F.);
#1185=ORIENTED_EDGE('',*,*,#937,.T.);
#1186=ORIENTED_EDGE('',*,*,#931,.T.);
#1187=ORIENTED_EDGE('',*,*,#938,.T.);
#1188=ORIENTED_EDGE('',*,*,#939,.F.);
#1189=ORIENTED_EDGE('',*,*,#940,.F.);
#1190=ORIENTED_EDGE('',*,*,#930,.T.);
#1191=ORIENTED_EDGE('',*,*,#941,.F.);
#1192=ORIENTED_EDGE('',*,*,#942,.F.);
#1193=ORIENTED_EDGE('',*,*,#943,.T.);
#1194=ORIENTED_EDGE('',*,*,#944,.F.);
#1195=ORIENTED_EDGE('',*,*,#945,.F.);
#1196=ORIENTED_EDGE('',*,*,#938,.F.);
#1197=ORIENTED_EDGE('',*,*,#946,.F.);
#1198=ORIENTED_EDGE('',*,*,#947,.T.);
#1199=ORIENTED_EDGE('',*,*,#948,.F.);
#1200=ORIENTED_EDGE('',*,*,#947,.F.);
#1201=ORIENTED_EDGE('',*,*,#946,.T.);
#1202=ORIENTED_EDGE('',*,*,#949,.F.);
#1203=ORIENTED_EDGE('',*,*,#939,.T.);
#1204=ORIENTED_EDGE('',*,*,#945,.T.);
#1205=ORIENTED_EDGE('',*,*,#950,.F.);
#1206=ORIENTED_EDGE('',*,*,#951,.F.);
#1207=ORIENTED_EDGE('',*,*,#952,.T.);
#1208=ORIENTED_EDGE('',*,*,#953,.T.);
#1209=ORIENTED_EDGE('',*,*,#937,.F.);
#1210=ORIENTED_EDGE('',*,*,#954,.F.);
#1211=ORIENTED_EDGE('',*,*,#955,.T.);
#1212=ORIENTED_EDGE('',*,*,#956,.T.);
#1213=ORIENTED_EDGE('',*,*,#952,.F.);
#1214=ORIENTED_EDGE('',*,*,#957,.F.);
#1215=ORIENTED_EDGE('',*,*,#958,.T.);
#1216=ORIENTED_EDGE('',*,*,#959,.T.);
#1217=ORIENTED_EDGE('',*,*,#955,.F.);
#1218=ORIENTED_EDGE('',*,*,#960,.F.);
#1219=ORIENTED_EDGE('',*,*,#961,.T.);
#1220=ORIENTED_EDGE('',*,*,#962,.T.);
#1221=ORIENTED_EDGE('',*,*,#958,.F.);
#1222=ORIENTED_EDGE('',*,*,#935,.T.);
#1223=ORIENTED_EDGE('',*,*,#963,.T.);
#1224=ORIENTED_EDGE('',*,*,#961,.F.);
#1225=ORIENTED_EDGE('',*,*,#964,.F.);
#1226=ORIENTED_EDGE('',*,*,#933,.T.);
#1227=ORIENTED_EDGE('',*,*,#965,.F.);
#1228=ORIENTED_EDGE('',*,*,#966,.T.);
#1229=ORIENTED_EDGE('',*,*,#941,.T.);
#1230=ORIENTED_EDGE('',*,*,#967,.F.);
#1231=ORIENTED_EDGE('',*,*,#968,.T.);
#1232=ORIENTED_EDGE('',*,*,#969,.T.);
#1233=ORIENTED_EDGE('',*,*,#942,.T.);
#1234=ORIENTED_EDGE('',*,*,#966,.F.);
#1235=ORIENTED_EDGE('',*,*,#934,.T.);
#1236=ORIENTED_EDGE('',*,*,#953,.F.);
#1237=ORIENTED_EDGE('',*,*,#956,.F.);
#1238=ORIENTED_EDGE('',*,*,#959,.F.);
#1239=ORIENTED_EDGE('',*,*,#962,.F.);
#1240=ORIENTED_EDGE('',*,*,#963,.F.);
#1241=ORIENTED_EDGE('',*,*,#969,.F.);
#1242=ORIENTED_EDGE('',*,*,#970,.T.);
#1243=ORIENTED_EDGE('',*,*,#971,.T.);
#1244=ORIENTED_EDGE('',*,*,#972,.F.);
#1245=ORIENTED_EDGE('',*,*,#973,.T.);
#1246=ORIENTED_EDGE('',*,*,#974,.T.);
#1247=ORIENTED_EDGE('',*,*,#943,.F.);
#1248=ORIENTED_EDGE('',*,*,#975,.T.);
#1249=ORIENTED_EDGE('',*,*,#976,.T.);
#1250=ORIENTED_EDGE('',*,*,#977,.T.);
#1251=ORIENTED_EDGE('',*,*,#970,.F.);
#1252=ORIENTED_EDGE('',*,*,#978,.T.);
#1253=ORIENTED_EDGE('',*,*,#979,.T.);
#1254=ORIENTED_EDGE('',*,*,#980,.T.);
#1255=ORIENTED_EDGE('',*,*,#976,.F.);
#1256=ORIENTED_EDGE('',*,*,#981,.T.);
#1257=ORIENTED_EDGE('',*,*,#982,.T.);
#1258=ORIENTED_EDGE('',*,*,#983,.T.);
#1259=ORIENTED_EDGE('',*,*,#979,.F.);
#1260=ORIENTED_EDGE('',*,*,#984,.F.);
#1261=ORIENTED_EDGE('',*,*,#971,.F.);
#1262=ORIENTED_EDGE('',*,*,#977,.F.);
#1263=ORIENTED_EDGE('',*,*,#980,.F.);
#1264=ORIENTED_EDGE('',*,*,#983,.F.);
#1265=ORIENTED_EDGE('',*,*,#985,.F.);
#1266=ORIENTED_EDGE('',*,*,#986,.T.);
#1267=ORIENTED_EDGE('',*,*,#987,.T.);
#1268=ORIENTED_EDGE('',*,*,#988,.T.);
#1269=ORIENTED_EDGE('',*,*,#989,.T.);
#1270=ORIENTED_EDGE('',*,*,#990,.T.);
#1271=ORIENTED_EDGE('',*,*,#991,.T.);
#1272=ORIENTED_EDGE('',*,*,#992,.T.);
#1273=ORIENTED_EDGE('',*,*,#987,.F.);
#1274=ORIENTED_EDGE('',*,*,#993,.T.);
#1275=ORIENTED_EDGE('',*,*,#994,.T.);
#1276=ORIENTED_EDGE('',*,*,#995,.T.);
#1277=ORIENTED_EDGE('',*,*,#991,.F.);
#1278=ORIENTED_EDGE('',*,*,#995,.F.);
#1279=ORIENTED_EDGE('',*,*,#996,.T.);
#1280=ORIENTED_EDGE('',*,*,#988,.F.);
#1281=ORIENTED_EDGE('',*,*,#992,.F.);
#1282=ORIENTED_EDGE('',*,*,#994,.F.);
#1283=ORIENTED_EDGE('',*,*,#997,.T.);
#1284=ORIENTED_EDGE('',*,*,#998,.T.);
#1285=ORIENTED_EDGE('',*,*,#985,.T.);
#1286=ORIENTED_EDGE('',*,*,#982,.F.);
#1287=ORIENTED_EDGE('',*,*,#999,.T.);
#1288=ORIENTED_EDGE('',*,*,#1000,.F.);
#1289=ORIENTED_EDGE('',*,*,#1001,.F.);
#1290=ORIENTED_EDGE('',*,*,#1002,.T.);
#1291=ORIENTED_EDGE('',*,*,#1003,.T.);
#1292=ORIENTED_EDGE('',*,*,#1004,.F.);
#1293=ORIENTED_EDGE('',*,*,#1005,.T.);
#1294=ORIENTED_EDGE('',*,*,#1006,.T.);
#1295=ORIENTED_EDGE('',*,*,#1007,.T.);
#1296=ORIENTED_EDGE('',*,*,#989,.F.);
#1297=ORIENTED_EDGE('',*,*,#996,.F.);
#1298=ORIENTED_EDGE('',*,*,#1008,.F.);
#1299=ORIENTED_EDGE('',*,*,#1009,.F.);
#1300=ORIENTED_EDGE('',*,*,#1002,.F.);
#1301=ORIENTED_EDGE('',*,*,#1010,.F.);
#1302=ORIENTED_EDGE('',*,*,#1010,.T.);
#1303=ORIENTED_EDGE('',*,*,#1001,.T.);
#1304=ORIENTED_EDGE('',*,*,#1011,.F.);
#1305=ORIENTED_EDGE('',*,*,#950,.T.);
#1306=ORIENTED_EDGE('',*,*,#944,.T.);
#1307=ORIENTED_EDGE('',*,*,#974,.F.);
#1308=ORIENTED_EDGE('',*,*,#1012,.T.);
#1309=ORIENTED_EDGE('',*,*,#1013,.T.);
#1310=ORIENTED_EDGE('',*,*,#972,.T.);
#1311=ORIENTED_EDGE('',*,*,#984,.T.);
#1312=ORIENTED_EDGE('',*,*,#998,.F.);
#1313=ORIENTED_EDGE('',*,*,#1014,.F.);
#1314=ORIENTED_EDGE('',*,*,#1015,.T.);
#1315=ORIENTED_EDGE('',*,*,#1016,.T.);
#1316=ORIENTED_EDGE('',*,*,#1017,.T.);
#1317=ORIENTED_EDGE('',*,*,#999,.F.);
#1318=ORIENTED_EDGE('',*,*,#981,.F.);
#1319=ORIENTED_EDGE('',*,*,#978,.F.);
#1320=ORIENTED_EDGE('',*,*,#975,.F.);
#1321=ORIENTED_EDGE('',*,*,#968,.F.);
#1322=ORIENTED_EDGE('',*,*,#1018,.F.);
#1323=ORIENTED_EDGE('',*,*,#973,.F.);
#1324=ORIENTED_EDGE('',*,*,#1013,.F.);
#1325=ORIENTED_EDGE('',*,*,#1003,.F.);
#1326=ORIENTED_EDGE('',*,*,#1019,.F.);
#1327=ORIENTED_EDGE('',*,*,#1020,.F.);
#1328=ORIENTED_EDGE('',*,*,#1021,.T.);
#1329=ORIENTED_EDGE('',*,*,#1022,.T.);
#1330=ORIENTED_EDGE('',*,*,#1019,.T.);
#1331=ORIENTED_EDGE('',*,*,#1009,.T.);
#1332=ORIENTED_EDGE('',*,*,#1023,.T.);
#1333=ORIENTED_EDGE('',*,*,#1024,.T.);
#1334=ORIENTED_EDGE('',*,*,#1004,.T.);
#1335=ORIENTED_EDGE('',*,*,#1020,.T.);
#1336=ORIENTED_EDGE('',*,*,#1022,.F.);
#1337=ORIENTED_EDGE('',*,*,#1025,.T.);
#1338=ORIENTED_EDGE('',*,*,#1026,.T.);
#1339=ORIENTED_EDGE('',*,*,#1027,.T.);
#1340=ORIENTED_EDGE('',*,*,#1026,.F.);
#1341=ORIENTED_EDGE('',*,*,#1028,.T.);
#1342=ORIENTED_EDGE('',*,*,#1029,.F.);
#1343=ORIENTED_EDGE('',*,*,#1027,.F.);
#1344=ORIENTED_EDGE('',*,*,#1029,.T.);
#1345=ORIENTED_EDGE('',*,*,#1030,.T.);
#1346=ORIENTED_EDGE('',*,*,#1031,.T.);
#1347=ORIENTED_EDGE('',*,*,#1005,.F.);
#1348=ORIENTED_EDGE('',*,*,#1024,.F.);
#1349=ORIENTED_EDGE('',*,*,#1021,.F.);
#1350=ORIENTED_EDGE('',*,*,#1032,.F.);
#1351=ORIENTED_EDGE('',*,*,#1033,.F.);
#1352=ORIENTED_EDGE('',*,*,#929,.T.);
#1353=ORIENTED_EDGE('',*,*,#948,.T.);
#1354=ORIENTED_EDGE('',*,*,#1034,.F.);
#1355=ORIENTED_EDGE('',*,*,#1035,.F.);
#1356=ORIENTED_EDGE('',*,*,#1036,.F.);
#1357=ORIENTED_EDGE('',*,*,#1006,.F.);
#1358=ORIENTED_EDGE('',*,*,#1031,.F.);
#1359=ORIENTED_EDGE('',*,*,#1036,.T.);
#1360=ORIENTED_EDGE('',*,*,#1035,.T.);
#1361=ORIENTED_EDGE('',*,*,#1037,.F.);
#1362=ORIENTED_EDGE('',*,*,#1030,.F.);
#1363=ORIENTED_EDGE('',*,*,#1038,.F.);
#1364=ORIENTED_EDGE('',*,*,#1034,.T.);
#1365=ORIENTED_EDGE('',*,*,#1033,.T.);
#1366=ORIENTED_EDGE('',*,*,#1039,.T.);
#1367=ORIENTED_EDGE('',*,*,#1018,.T.);
#1368=ORIENTED_EDGE('',*,*,#1040,.T.);
#1369=ORIENTED_EDGE('',*,*,#1012,.F.);
#1370=ORIENTED_EDGE('',*,*,#997,.F.);
#1371=ORIENTED_EDGE('',*,*,#993,.F.);
#1372=ORIENTED_EDGE('',*,*,#990,.F.);
#1373=ORIENTED_EDGE('',*,*,#986,.F.);
#1374=ORIENTED_EDGE('',*,*,#1007,.F.);
#1375=ORIENTED_EDGE('',*,*,#1038,.T.);
#1376=ORIENTED_EDGE('',*,*,#1028,.F.);
#1377=ORIENTED_EDGE('',*,*,#1025,.F.);
#1378=ORIENTED_EDGE('',*,*,#1037,.T.);
#1379=ORIENTED_EDGE('',*,*,#1040,.F.);
#1380=ORIENTED_EDGE('',*,*,#1023,.F.);
#1381=ORIENTED_EDGE('',*,*,#1008,.T.);
#1382=ORIENTED_EDGE('',*,*,#1039,.F.);
#1383=ORIENTED_EDGE('',*,*,#1032,.T.);
#1384=ORIENTED_EDGE('',*,*,#940,.T.);
#1385=ORIENTED_EDGE('',*,*,#949,.T.);
#1386=ORIENTED_EDGE('',*,*,#1011,.T.);
#1387=ORIENTED_EDGE('',*,*,#1000,.T.);
#1388=ORIENTED_EDGE('',*,*,#1041,.T.);
#1389=ORIENTED_EDGE('',*,*,#916,.T.);
#1390=ORIENTED_EDGE('',*,*,#1042,.T.);
#1391=ORIENTED_EDGE('',*,*,#1043,.T.);
#1392=ORIENTED_EDGE('',*,*,#1044,.T.);
#1393=ORIENTED_EDGE('',*,*,#1045,.T.);
#1394=ORIENTED_EDGE('',*,*,#1046,.T.);
#1395=ORIENTED_EDGE('',*,*,#1047,.T.);
#1396=ORIENTED_EDGE('',*,*,#1048,.T.);
#1397=ORIENTED_EDGE('',*,*,#1049,.T.);
#1398=ORIENTED_EDGE('',*,*,#1050,.T.);
#1399=ORIENTED_EDGE('',*,*,#1051,.T.);
#1400=ORIENTED_EDGE('',*,*,#1052,.F.);
#1401=ORIENTED_EDGE('',*,*,#967,.T.);
#1402=ORIENTED_EDGE('',*,*,#965,.T.);
#1403=ORIENTED_EDGE('',*,*,#932,.T.);
#1404=ORIENTED_EDGE('',*,*,#936,.T.);
#1405=ORIENTED_EDGE('',*,*,#964,.T.);
#1406=ORIENTED_EDGE('',*,*,#960,.T.);
#1407=ORIENTED_EDGE('',*,*,#957,.T.);
#1408=ORIENTED_EDGE('',*,*,#954,.T.);
#1409=ORIENTED_EDGE('',*,*,#951,.T.);
#1410=ORIENTED_EDGE('',*,*,#914,.T.);
#1411=ORIENTED_EDGE('',*,*,#1053,.T.);
#1412=ORIENTED_EDGE('',*,*,#1054,.T.);
#1413=ORIENTED_EDGE('',*,*,#1055,.T.);
#1414=ORIENTED_EDGE('',*,*,#1055,.F.);
#1415=ORIENTED_EDGE('',*,*,#1056,.T.);
#1416=ORIENTED_EDGE('',*,*,#1057,.F.);
#1417=ORIENTED_EDGE('',*,*,#1058,.T.);
#1418=ORIENTED_EDGE('',*,*,#1059,.T.);
#1419=ORIENTED_EDGE('',*,*,#1060,.F.);
#1420=ORIENTED_EDGE('',*,*,#1061,.F.);
#1421=ORIENTED_EDGE('',*,*,#1042,.F.);
#1422=ORIENTED_EDGE('',*,*,#915,.F.);
#1423=ORIENTED_EDGE('',*,*,#1054,.F.);
#1424=ORIENTED_EDGE('',*,*,#1062,.F.);
#1425=ORIENTED_EDGE('',*,*,#1063,.F.);
#1426=ORIENTED_EDGE('',*,*,#1064,.F.);
#1427=ORIENTED_EDGE('',*,*,#1065,.F.);
#1428=ORIENTED_EDGE('',*,*,#1056,.F.);
#1429=ORIENTED_EDGE('',*,*,#1066,.F.);
#1430=ORIENTED_EDGE('',*,*,#1067,.T.);
#1431=ORIENTED_EDGE('',*,*,#1068,.F.);
#1432=ORIENTED_EDGE('',*,*,#1069,.T.);
#1433=ORIENTED_EDGE('',*,*,#1070,.T.);
#1434=ORIENTED_EDGE('',*,*,#1071,.T.);
#1435=ORIENTED_EDGE('',*,*,#1072,.F.);
#1436=ORIENTED_EDGE('',*,*,#1067,.F.);
#1437=ORIENTED_EDGE('',*,*,#1058,.F.);
#1438=ORIENTED_EDGE('',*,*,#1073,.T.);
#1439=ORIENTED_EDGE('',*,*,#1074,.T.);
#1440=ORIENTED_EDGE('',*,*,#1075,.F.);
#1441=ORIENTED_EDGE('',*,*,#1074,.F.);
#1442=ORIENTED_EDGE('',*,*,#1076,.F.);
#1443=ORIENTED_EDGE('',*,*,#1077,.F.);
#1444=ORIENTED_EDGE('',*,*,#1078,.F.);
#1445=ORIENTED_EDGE('',*,*,#1079,.F.);
#1446=ORIENTED_EDGE('',*,*,#1080,.T.);
#1447=ORIENTED_EDGE('',*,*,#1081,.F.);
#1448=ORIENTED_EDGE('',*,*,#1075,.T.);
#1449=ORIENTED_EDGE('',*,*,#1082,.F.);
#1450=ORIENTED_EDGE('',*,*,#1083,.T.);
#1451=ORIENTED_EDGE('',*,*,#1084,.F.);
#1452=ORIENTED_EDGE('',*,*,#1085,.F.);
#1453=ORIENTED_EDGE('',*,*,#1014,.T.);
#1454=ORIENTED_EDGE('',*,*,#1052,.T.);
#1455=ORIENTED_EDGE('',*,*,#1086,.T.);
#1456=ORIENTED_EDGE('',*,*,#1087,.T.);
#1457=ORIENTED_EDGE('',*,*,#1059,.F.);
#1458=ORIENTED_EDGE('',*,*,#1073,.F.);
#1459=ORIENTED_EDGE('',*,*,#1088,.F.);
#1460=ORIENTED_EDGE('',*,*,#1064,.T.);
#1461=ORIENTED_EDGE('',*,*,#1089,.F.);
#1462=ORIENTED_EDGE('',*,*,#1076,.T.);
#1463=ORIENTED_EDGE('',*,*,#1043,.F.);
#1464=ORIENTED_EDGE('',*,*,#1061,.T.);
#1465=ORIENTED_EDGE('',*,*,#1090,.F.);
#1466=ORIENTED_EDGE('',*,*,#1091,.F.);
#1467=ORIENTED_EDGE('',*,*,#1044,.F.);
#1468=ORIENTED_EDGE('',*,*,#1091,.T.);
#1469=ORIENTED_EDGE('',*,*,#1092,.F.);
#1470=ORIENTED_EDGE('',*,*,#1093,.F.);
#1471=ORIENTED_EDGE('',*,*,#1045,.F.);
#1472=ORIENTED_EDGE('',*,*,#1093,.T.);
#1473=ORIENTED_EDGE('',*,*,#1094,.F.);
#1474=ORIENTED_EDGE('',*,*,#1095,.F.);
#1475=ORIENTED_EDGE('',*,*,#1046,.F.);
#1476=ORIENTED_EDGE('',*,*,#1095,.T.);
#1477=ORIENTED_EDGE('',*,*,#1096,.F.);
#1478=ORIENTED_EDGE('',*,*,#1097,.F.);
#1479=ORIENTED_EDGE('',*,*,#1047,.F.);
#1480=ORIENTED_EDGE('',*,*,#1097,.T.);
#1481=ORIENTED_EDGE('',*,*,#1098,.F.);
#1482=ORIENTED_EDGE('',*,*,#1099,.F.);
#1483=ORIENTED_EDGE('',*,*,#1048,.F.);
#1484=ORIENTED_EDGE('',*,*,#1099,.T.);
#1485=ORIENTED_EDGE('',*,*,#1100,.F.);
#1486=ORIENTED_EDGE('',*,*,#1101,.F.);
#1487=ORIENTED_EDGE('',*,*,#1049,.F.);
#1488=ORIENTED_EDGE('',*,*,#1101,.T.);
#1489=ORIENTED_EDGE('',*,*,#1102,.F.);
#1490=ORIENTED_EDGE('',*,*,#1103,.F.);
#1491=ORIENTED_EDGE('',*,*,#1050,.F.);
#1492=ORIENTED_EDGE('',*,*,#1103,.T.);
#1493=ORIENTED_EDGE('',*,*,#1104,.F.);
#1494=ORIENTED_EDGE('',*,*,#1105,.F.);
#1495=ORIENTED_EDGE('',*,*,#1105,.T.);
#1496=ORIENTED_EDGE('',*,*,#1106,.F.);
#1497=ORIENTED_EDGE('',*,*,#1086,.F.);
#1498=ORIENTED_EDGE('',*,*,#1051,.F.);
#1499=ORIENTED_EDGE('',*,*,#1060,.T.);
#1500=ORIENTED_EDGE('',*,*,#1087,.F.);
#1501=ORIENTED_EDGE('',*,*,#1106,.T.);
#1502=ORIENTED_EDGE('',*,*,#1104,.T.);
#1503=ORIENTED_EDGE('',*,*,#1102,.T.);
#1504=ORIENTED_EDGE('',*,*,#1100,.T.);
#1505=ORIENTED_EDGE('',*,*,#1098,.T.);
#1506=ORIENTED_EDGE('',*,*,#1096,.T.);
#1507=ORIENTED_EDGE('',*,*,#1094,.T.);
#1508=ORIENTED_EDGE('',*,*,#1092,.T.);
#1509=ORIENTED_EDGE('',*,*,#1090,.T.);
#1510=ORIENTED_EDGE('',*,*,#1015,.F.);
#1511=ORIENTED_EDGE('',*,*,#1085,.T.);
#1512=ORIENTED_EDGE('',*,*,#1107,.F.);
#1513=ORIENTED_EDGE('',*,*,#1108,.F.);
#1514=ORIENTED_EDGE('',*,*,#1016,.F.);
#1515=ORIENTED_EDGE('',*,*,#1108,.T.);
#1516=ORIENTED_EDGE('',*,*,#1109,.F.);
#1517=ORIENTED_EDGE('',*,*,#1110,.F.);
#1518=ORIENTED_EDGE('',*,*,#1017,.F.);
#1519=ORIENTED_EDGE('',*,*,#1110,.T.);
#1520=ORIENTED_EDGE('',*,*,#1111,.F.);
#1521=ORIENTED_EDGE('',*,*,#917,.F.);
#1522=ORIENTED_EDGE('',*,*,#1041,.F.);
#1523=ORIENTED_EDGE('',*,*,#1112,.T.);
#1524=ORIENTED_EDGE('',*,*,#918,.T.);
#1525=ORIENTED_EDGE('',*,*,#1111,.T.);
#1526=ORIENTED_EDGE('',*,*,#1109,.T.);
#1527=ORIENTED_EDGE('',*,*,#1107,.T.);
#1528=ORIENTED_EDGE('',*,*,#1084,.T.);
#1529=ORIENTED_EDGE('',*,*,#1113,.F.);
#1530=ORIENTED_EDGE('',*,*,#923,.F.);
#1531=ORIENTED_EDGE('',*,*,#1114,.F.);
#1532=ORIENTED_EDGE('',*,*,#1115,.F.);
#1533=ORIENTED_EDGE('',*,*,#1116,.F.);
#1534=ORIENTED_EDGE('',*,*,#1115,.T.);
#1535=ORIENTED_EDGE('',*,*,#1117,.F.);
#1536=ORIENTED_EDGE('',*,*,#1118,.F.);
#1537=ORIENTED_EDGE('',*,*,#1119,.F.);
#1538=ORIENTED_EDGE('',*,*,#1118,.T.);
#1539=ORIENTED_EDGE('',*,*,#1120,.F.);
#1540=ORIENTED_EDGE('',*,*,#921,.F.);
#1541=ORIENTED_EDGE('',*,*,#1120,.T.);
#1542=ORIENTED_EDGE('',*,*,#1117,.T.);
#1543=ORIENTED_EDGE('',*,*,#1114,.T.);
#1544=ORIENTED_EDGE('',*,*,#922,.F.);
#1545=ORIENTED_EDGE('',*,*,#1121,.T.);
#1546=ORIENTED_EDGE('',*,*,#1082,.T.);
#1547=ORIENTED_EDGE('',*,*,#1081,.T.);
#1548=ORIENTED_EDGE('',*,*,#1088,.T.);
#1549=ORIENTED_EDGE('',*,*,#1057,.T.);
#1550=ORIENTED_EDGE('',*,*,#1065,.T.);
#1551=ORIENTED_EDGE('',*,*,#919,.T.);
#1552=ORIENTED_EDGE('',*,*,#1112,.F.);
#1553=ORIENTED_EDGE('',*,*,#1083,.F.);
#1554=ORIENTED_EDGE('',*,*,#1121,.F.);
#1555=ORIENTED_EDGE('',*,*,#1080,.F.);
#1556=ORIENTED_EDGE('',*,*,#1122,.F.);
#1557=ORIENTED_EDGE('',*,*,#1123,.F.);
#1558=ORIENTED_EDGE('',*,*,#1062,.T.);
#1559=ORIENTED_EDGE('',*,*,#1053,.F.);
#1560=ORIENTED_EDGE('',*,*,#913,.F.);
#1561=ORIENTED_EDGE('',*,*,#1066,.T.);
#1562=ORIENTED_EDGE('',*,*,#1124,.F.);
#1563=ORIENTED_EDGE('',*,*,#1070,.F.);
#1564=ORIENTED_EDGE('',*,*,#1125,.F.);
#1565=ORIENTED_EDGE('',*,*,#1077,.T.);
#1566=ORIENTED_EDGE('',*,*,#1089,.T.);
#1567=ORIENTED_EDGE('',*,*,#1063,.T.);
#1568=ORIENTED_EDGE('',*,*,#1123,.T.);
#1569=ORIENTED_EDGE('',*,*,#912,.T.);
#1570=ORIENTED_EDGE('',*,*,#904,.T.);
#1571=ORIENTED_EDGE('',*,*,#911,.F.);
#1572=ORIENTED_EDGE('',*,*,#906,.F.);
#1573=ORIENTED_EDGE('',*,*,#926,.T.);
#1574=ORIENTED_EDGE('',*,*,#1078,.T.);
#1575=ORIENTED_EDGE('',*,*,#1125,.T.);
#1576=ORIENTED_EDGE('',*,*,#925,.T.);
#1577=ORIENTED_EDGE('',*,*,#1126,.T.);
#1578=ORIENTED_EDGE('',*,*,#1127,.T.);
#1579=ORIENTED_EDGE('',*,*,#1069,.F.);
#1580=ORIENTED_EDGE('',*,*,#1128,.T.);
#1581=ORIENTED_EDGE('',*,*,#1127,.F.);
#1582=ORIENTED_EDGE('',*,*,#1126,.F.);
#1583=ORIENTED_EDGE('',*,*,#1129,.T.);
#1584=ORIENTED_EDGE('',*,*,#1071,.F.);
#1585=ORIENTED_EDGE('',*,*,#1124,.T.);
#1586=ORIENTED_EDGE('',*,*,#1068,.T.);
#1587=ORIENTED_EDGE('',*,*,#1072,.T.);
#1588=ORIENTED_EDGE('',*,*,#1129,.F.);
#1589=ORIENTED_EDGE('',*,*,#924,.T.);
#1590=ORIENTED_EDGE('',*,*,#1113,.T.);
#1591=ORIENTED_EDGE('',*,*,#1116,.T.);
#1592=ORIENTED_EDGE('',*,*,#1119,.T.);
#1593=ORIENTED_EDGE('',*,*,#920,.T.);
#1594=ORIENTED_EDGE('',*,*,#1122,.T.);
#1595=ORIENTED_EDGE('',*,*,#1079,.T.);
#1596=ORIENTED_EDGE('',*,*,#1128,.F.);
#1597=ORIENTED_EDGE('',*,*,#1130,.T.);
#1598=ORIENTED_EDGE('',*,*,#1131,.T.);
#1599=ORIENTED_EDGE('',*,*,#1132,.F.);
#1600=ORIENTED_EDGE('',*,*,#1131,.F.);
#1601=ORIENTED_EDGE('',*,*,#1132,.T.);
#1602=ORIENTED_EDGE('',*,*,#1130,.F.);
#1603=CYLINDRICAL_SURFACE('',#1733,1.);
#1604=CYLINDRICAL_SURFACE('',#1742,1.5);
#1605=CYLINDRICAL_SURFACE('',#1750,1.5);
#1606=CYLINDRICAL_SURFACE('',#1758,4.0353834374015);
#1607=CYLINDRICAL_SURFACE('',#1783,1.5);
#1608=CYLINDRICAL_SURFACE('',#1792,3.5);
#1609=CYLINDRICAL_SURFACE('',#1795,3.5);
#1610=CYLINDRICAL_SURFACE('',#1804,1.6);
#1611=CYLINDRICAL_SURFACE('',#1818,4.1353834374015);
#1612=CYLINDRICAL_SURFACE('',#1840,3.6);
#1613=CYLINDRICAL_SURFACE('',#1843,3.6);
#1614=ADVANCED_FACE('',(#126),#1603,.T.);
#1615=ADVANCED_FACE('',(#127),#47,.T.);
#1616=ADVANCED_FACE('',(#128,#43),#48,.T.);
#1617=ADVANCED_FACE('',(#129),#49,.T.);
#1618=ADVANCED_FACE('',(#130),#50,.T.);
#1619=ADVANCED_FACE('',(#131),#51,.T.);
#1620=ADVANCED_FACE('',(#132),#52,.T.);
#1621=ADVANCED_FACE('',(#133),#1604,.T.);
#1622=ADVANCED_FACE('',(#134),#53,.T.);
#1623=ADVANCED_FACE('',(#135),#54,.T.);
#1624=ADVANCED_FACE('',(#136),#55,.T.);
#1625=ADVANCED_FACE('',(#137),#56,.F.);
#1626=ADVANCED_FACE('',(#138),#57,.T.);
#1627=ADVANCED_FACE('',(#139),#1605,.T.);
#1628=ADVANCED_FACE('',(#140),#58,.T.);
#1629=ADVANCED_FACE('',(#141),#59,.F.);
#1630=ADVANCED_FACE('',(#142),#60,.F.);
#1631=ADVANCED_FACE('',(#143),#61,.F.);
#1632=ADVANCED_FACE('',(#144),#62,.F.);
#1633=ADVANCED_FACE('',(#145),#1606,.F.);
#1634=ADVANCED_FACE('',(#146),#63,.F.);
#1635=ADVANCED_FACE('',(#147),#64,.F.);
#1636=ADVANCED_FACE('',(#148),#65,.F.);
#1637=ADVANCED_FACE('',(#149),#66,.T.);
#1638=ADVANCED_FACE('',(#150),#67,.F.);
#1639=ADVANCED_FACE('',(#151),#68,.F.);
#1640=ADVANCED_FACE('',(#152),#69,.F.);
#1641=ADVANCED_FACE('',(#153),#70,.F.);
#1642=ADVANCED_FACE('',(#154),#71,.F.);
#1643=ADVANCED_FACE('',(#155),#72,.F.);
#1644=ADVANCED_FACE('',(#156),#73,.F.);
#1645=ADVANCED_FACE('',(#157),#74,.F.);
#1646=ADVANCED_FACE('',(#158),#75,.F.);
#1647=ADVANCED_FACE('',(#159),#76,.F.);
#1648=ADVANCED_FACE('',(#160),#77,.T.);
#1649=ADVANCED_FACE('',(#161),#78,.F.);
#1650=ADVANCED_FACE('',(#162),#79,.F.);
#1651=ADVANCED_FACE('',(#163),#80,.F.);
#1652=ADVANCED_FACE('',(#164),#81,.T.);
#1653=ADVANCED_FACE('',(#165),#82,.F.);
#1654=ADVANCED_FACE('',(#166),#83,.F.);
#1655=ADVANCED_FACE('',(#167),#84,.F.);
#1656=ADVANCED_FACE('',(#168),#1607,.F.);
#1657=ADVANCED_FACE('',(#169),#85,.F.);
#1658=ADVANCED_FACE('',(#170),#86,.T.);
#1659=ADVANCED_FACE('',(#171,#44,#45),#87,.T.);
#1660=ADVANCED_FACE('',(#172),#1608,.F.);
#1661=ADVANCED_FACE('',(#173),#1609,.F.);
#1662=ADVANCED_FACE('',(#174),#88,.F.);
#1663=ADVANCED_FACE('',(#175),#89,.F.);
#1664=ADVANCED_FACE('',(#176),#90,.F.);
#1665=ADVANCED_FACE('',(#177,#46),#91,.T.);
#1666=ADVANCED_FACE('',(#178),#92,.T.);
#1667=ADVANCED_FACE('',(#179),#93,.T.);
#1668=ADVANCED_FACE('',(#180),#94,.T.);
#1669=ADVANCED_FACE('',(#181),#1610,.T.);
#1670=ADVANCED_FACE('',(#182),#95,.T.);
#1671=ADVANCED_FACE('',(#183),#96,.T.);
#1672=ADVANCED_FACE('',(#184),#97,.T.);
#1673=ADVANCED_FACE('',(#185),#98,.T.);
#1674=ADVANCED_FACE('',(#186),#99,.T.);
#1675=ADVANCED_FACE('',(#187),#100,.T.);
#1676=ADVANCED_FACE('',(#188),#101,.T.);
#1677=ADVANCED_FACE('',(#189),#102,.T.);
#1678=ADVANCED_FACE('',(#190),#103,.T.);
#1679=ADVANCED_FACE('',(#191),#1611,.T.);
#1680=ADVANCED_FACE('',(#192),#104,.T.);
#1681=ADVANCED_FACE('',(#193),#105,.T.);
#1682=ADVANCED_FACE('',(#194),#106,.T.);
#1683=ADVANCED_FACE('',(#195),#107,.F.);
#1684=ADVANCED_FACE('',(#196),#108,.T.);
#1685=ADVANCED_FACE('',(#197),#109,.T.);
#1686=ADVANCED_FACE('',(#198),#110,.T.);
#1687=ADVANCED_FACE('',(#199),#111,.T.);
#1688=ADVANCED_FACE('',(#200),#112,.T.);
#1689=ADVANCED_FACE('',(#201),#113,.T.);
#1690=ADVANCED_FACE('',(#202),#114,.T.);
#1691=ADVANCED_FACE('',(#203),#115,.T.);
#1692=ADVANCED_FACE('',(#204),#116,.F.);
#1693=ADVANCED_FACE('',(#205),#117,.F.);
#1694=ADVANCED_FACE('',(#206),#118,.T.);
#1695=ADVANCED_FACE('',(#207),#119,.T.);
#1696=ADVANCED_FACE('',(#208),#120,.T.);
#1697=ADVANCED_FACE('',(#209),#121,.F.);
#1698=ADVANCED_FACE('',(#210),#122,.F.);
#1699=ADVANCED_FACE('',(#211),#1612,.T.);
#1700=ADVANCED_FACE('',(#212),#1613,.T.);
#1701=ADVANCED_FACE('',(#213),#123,.T.);
#1702=ADVANCED_FACE('',(#214),#27,.T.);
#1703=ADVANCED_FACE('',(#215),#124,.T.);
#1704=ADVANCED_FACE('',(#216),#125,.F.);
#1705=CLOSED_SHELL('',(#1614,#1615,#1616,#1617,#1618,#1619,#1620,#1621,
#1622,#1623,#1624,#1625,#1626,#1627,#1628,#1629,#1630,#1631,#1632,#1633,
#1634,#1635,#1636,#1637,#1638,#1639,#1640,#1641,#1642,#1643,#1644,#1645,
#1646,#1647,#1648,#1649,#1650,#1651,#1652,#1653,#1654,#1655,#1656,#1657,
#1658,#1659,#1660,#1661,#1662,#1663,#1664,#1665,#1666,#1667,#1668,#1669,
#1670,#1671,#1672,#1673,#1674,#1675,#1676,#1677,#1678,#1679,#1680,#1681,
#1682,#1683,#1684,#1685,#1686,#1687,#1688,#1689,#1690,#1691,#1692,#1693,
#1694,#1695,#1696,#1697,#1698,#1699,#1700,#1701));
#1706=CLOSED_SHELL('',(#1702,#1703,#1704));
#1707=DERIVED_UNIT_ELEMENT(#1711,1.);
#1708=DERIVED_UNIT_ELEMENT(#6047,-3.);
#1709=DERIVED_UNIT_ELEMENT(#1711,1.);
#1710=DERIVED_UNIT_ELEMENT(#6047,-3.);
#1711=(
MASS_UNIT()
NAMED_UNIT(*)
SI_UNIT(.KILO.,.GRAM.)
);
#1712=DERIVED_UNIT((#1707,#1708));
#1713=DERIVED_UNIT((#1709,#1710));
#1714=MEASURE_REPRESENTATION_ITEM('density measure',
POSITIVE_RATIO_MEASURE(7850.),#1712);
#1715=MEASURE_REPRESENTATION_ITEM('density measure',
POSITIVE_RATIO_MEASURE(7850.),#1713);
#1716=PROPERTY_DEFINITION_REPRESENTATION(#1726,#1720);
#1717=PROPERTY_DEFINITION_REPRESENTATION(#1727,#1721);
#1718=PROPERTY_DEFINITION_REPRESENTATION(#1728,#1722);
#1719=PROPERTY_DEFINITION_REPRESENTATION(#1729,#1723);
#1720=REPRESENTATION('material name',(#1724),#6042);
#1721=REPRESENTATION('density',(#1714),#6042);
#1722=REPRESENTATION('material name',(#1725),#6044);
#1723=REPRESENTATION('density',(#1715),#6044);
#1724=DESCRIPTIVE_REPRESENTATION_ITEM('Steel','Steel');
#1725=DESCRIPTIVE_REPRESENTATION_ITEM('Steel','Steel');
#1726=PROPERTY_DEFINITION('material property','material name',#6072);
#1727=PROPERTY_DEFINITION('material property','density of part',#6072);
#1728=PROPERTY_DEFINITION('material property','material name',#6074);
#1729=PROPERTY_DEFINITION('material property','density of part',#6074);
#1730=AXIS2_PLACEMENT_3D('',#2311,#1855,#1856);
#1731=AXIS2_PLACEMENT_3D('',#2312,#1857,#1858);
#1732=AXIS2_PLACEMENT_3D('',#2313,#1859,#1860);
#1733=AXIS2_PLACEMENT_3D('',#2314,#1861,#1862);
#1734=AXIS2_PLACEMENT_3D('',#2316,#1863,#1864);
#1735=AXIS2_PLACEMENT_3D('',#2319,#1866,#1867);
#1736=AXIS2_PLACEMENT_3D('',#2320,#1868,#1869);
#1737=AXIS2_PLACEMENT_3D('',#2321,#1870,#1871);
#1738=AXIS2_PLACEMENT_3D('',#2330,#1876,#1877);
#1739=AXIS2_PLACEMENT_3D('',#2339,#1882,#1883);
#1740=AXIS2_PLACEMENT_3D('',#2342,#1886,#1887);
#1741=AXIS2_PLACEMENT_3D('',#2344,#1889,#1890);
#1742=AXIS2_PLACEMENT_3D('',#2374,#1906,#1907);
#1743=AXIS2_PLACEMENT_3D('',#2376,#1908,#1909);
#1744=AXIS2_PLACEMENT_3D('',#2379,#1911,#1912);
#1745=AXIS2_PLACEMENT_3D('',#2380,#1913,#1914);
#1746=AXIS2_PLACEMENT_3D('',#2381,#1915,#1916);
#1747=AXIS2_PLACEMENT_3D('',#2390,#1921,#1922);
#1748=AXIS2_PLACEMENT_3D('',#2399,#1927,#1928);
#1749=AXIS2_PLACEMENT_3D('',#2405,#1932,#1933);
#1750=AXIS2_PLACEMENT_3D('',#2415,#1939,#1940);
#1751=AXIS2_PLACEMENT_3D('',#2417,#1941,#1942);
#1752=AXIS2_PLACEMENT_3D('',#2420,#1944,#1945);
#1753=AXIS2_PLACEMENT_3D('',#2421,#1946,#1947);
#1754=AXIS2_PLACEMENT_3D('',#2422,#1948,#1949);
#1755=AXIS2_PLACEMENT_3D('',#2426,#1952,#1953);
#1756=AXIS2_PLACEMENT_3D('',#2432,#1957,#1958);
#1757=AXIS2_PLACEMENT_3D('',#2438,#1962,#1963);
#1758=AXIS2_PLACEMENT_3D('',#2444,#1967,#1968);
#1759=AXIS2_PLACEMENT_3D('',#2446,#1969,#1970);
#1760=AXIS2_PLACEMENT_3D('',#2449,#1972,#1973);
#1761=AXIS2_PLACEMENT_3D('',#2450,#1974,#1975);
#1762=AXIS2_PLACEMENT_3D('',#2453,#1978,#1979);
#1763=AXIS2_PLACEMENT_3D('',#2457,#1982,#1983);
#1764=AXIS2_PLACEMENT_3D('',#2463,#1987,#1988);
#1765=AXIS2_PLACEMENT_3D('',#2464,#1989,#1990);
#1766=AXIS2_PLACEMENT_3D('',#2474,#1996,#1997);
#1767=AXIS2_PLACEMENT_3D('',#2480,#2001,#2002);
#1768=AXIS2_PLACEMENT_3D('',#2486,#2006,#2007);
#1769=AXIS2_PLACEMENT_3D('',#2492,#2011,#2012);
#1770=AXIS2_PLACEMENT_3D('',#2496,#2015,#2016);
#1771=AXIS2_PLACEMENT_3D('',#2505,#2021,#2022);
#1772=AXIS2_PLACEMENT_3D('',#2511,#2026,#2027);
#1773=AXIS2_PLACEMENT_3D('',#2517,#2031,#2032);
#1774=AXIS2_PLACEMENT_3D('',#2519,#2034,#2035);
#1775=AXIS2_PLACEMENT_3D('',#2540,#2047,#2048);
#1776=AXIS2_PLACEMENT_3D('',#2545,#2052,#2053);
#1777=AXIS2_PLACEMENT_3D('',#2547,#2055,#2056);
#1778=AXIS2_PLACEMENT_3D('',#2551,#2059,#2060);
#1779=AXIS2_PLACEMENT_3D('',#2559,#2065,#2066);
#1780=AXIS2_PLACEMENT_3D('',#2561,#2068,#2069);
#1781=AXIS2_PLACEMENT_3D('',#2565,#2072,#2073);
#1782=AXIS2_PLACEMENT_3D('',#2571,#2077,#2078);
#1783=AXIS2_PLACEMENT_3D('',#2573,#2080,#2081);
#1784=AXIS2_PLACEMENT_3D('',#2576,#2082,#2083);
#1785=AXIS2_PLACEMENT_3D('',#2579,#2085,#2086);
#1786=AXIS2_PLACEMENT_3D('',#2581,#2087,#2088);
#1787=AXIS2_PLACEMENT_3D('',#2582,#2089,#2090);
#1788=AXIS2_PLACEMENT_3D('',#2583,#2091,#2092);
#1789=AXIS2_PLACEMENT_3D('',#2584,#2093,#2094);
#1790=AXIS2_PLACEMENT_3D('',#2586,#2096,#2097);
#1791=AXIS2_PLACEMENT_3D('',#2588,#2098,#2099);
#1792=AXIS2_PLACEMENT_3D('',#2592,#2102,#2103);
#1793=AXIS2_PLACEMENT_3D('',#2596,#2105,#2106);
#1794=AXIS2_PLACEMENT_3D('',#2597,#2107,#2108);
#1795=AXIS2_PLACEMENT_3D('',#2598,#2109,#2110);
#1796=AXIS2_PLACEMENT_3D('',#2601,#2113,#2114);
#1797=AXIS2_PLACEMENT_3D('',#2604,#2117,#2118);
#1798=AXIS2_PLACEMENT_3D('',#2605,#2119,#2120);
#1799=AXIS2_PLACEMENT_3D('',#2606,#2121,#2122);
#1800=AXIS2_PLACEMENT_3D('',#2621,#2130,#2131);
#1801=AXIS2_PLACEMENT_3D('',#2629,#2136,#2137);
#1802=AXIS2_PLACEMENT_3D('',#2635,#2141,#2142);
#1803=AXIS2_PLACEMENT_3D('',#2647,#2149,#2150);
#1804=AXIS2_PLACEMENT_3D('',#2655,#2155,#2156);
#1805=AXIS2_PLACEMENT_3D('',#2657,#2157,#2158);
#1806=AXIS2_PLACEMENT_3D('',#2661,#2160,#2161);
#1807=AXIS2_PLACEMENT_3D('',#2672,#2162,#2163);
#1808=AXIS2_PLACEMENT_3D('',#2682,#2164,#2165);
#1809=AXIS2_PLACEMENT_3D('',#2683,#2166,#2167);
#1810=AXIS2_PLACEMENT_3D('',#2689,#2171,#2172);
#1811=AXIS2_PLACEMENT_3D('',#2701,#2179,#2180);
#1812=AXIS2_PLACEMENT_3D('',#2712,#2187,#2188);
#1813=AXIS2_PLACEMENT_3D('',#2715,#2191,#2192);
#1814=AXIS2_PLACEMENT_3D('',#2719,#2195,#2196);
#1815=AXIS2_PLACEMENT_3D('',#2723,#2199,#2200);
#1816=AXIS2_PLACEMENT_3D('',#2727,#2203,#2204);
#1817=AXIS2_PLACEMENT_3D('',#2731,#2207,#2208);
#1818=AXIS2_PLACEMENT_3D('',#2735,#2211,#2212);
#1819=AXIS2_PLACEMENT_3D('',#2737,#2213,#2214);
#1820=AXIS2_PLACEMENT_3D('',#2739,#2216,#2217);
#1821=AXIS2_PLACEMENT_3D('',#2743,#2220,#2221);
#1822=AXIS2_PLACEMENT_3D('',#2747,#2224,#2225);
#1823=AXIS2_PLACEMENT_3D('',#2749,#2227,#2228);
#1824=AXIS2_PLACEMENT_3D('',#2750,#2229,#2230);
#1825=AXIS2_PLACEMENT_3D('',#2754,#2233,#2234);
#1826=AXIS2_PLACEMENT_3D('',#2758,#2237,#2238);
#1827=AXIS2_PLACEMENT_3D('',#2760,#2240,#2241);
#1828=AXIS2_PLACEMENT_3D('',#2762,#2243,#2244);
#1829=AXIS2_PLACEMENT_3D('',#2768,#2248,#2249);
#1830=AXIS2_PLACEMENT_3D('',#2774,#2253,#2254);
#1831=AXIS2_PLACEMENT_3D('',#2777,#2257,#2258);
#1832=AXIS2_PLACEMENT_3D('',#2778,#2259,#2260);
#1833=AXIS2_PLACEMENT_3D('',#2780,#2262,#2263);
#1834=AXIS2_PLACEMENT_3D('',#2781,#2264,#2265);
#1835=AXIS2_PLACEMENT_3D('',#2783,#2267,#2268);
#1836=AXIS2_PLACEMENT_3D('',#2785,#2270,#2271);
#1837=AXIS2_PLACEMENT_3D('',#2786,#2272,#2273);
#1838=AXIS2_PLACEMENT_3D('',#2788,#2275,#2276);
#1839=AXIS2_PLACEMENT_3D('',#2789,#2277,#2278);
#1840=AXIS2_PLACEMENT_3D('',#2790,#2279,#2280);
#1841=AXIS2_PLACEMENT_3D('',#2792,#2281,#2282);
#1842=AXIS2_PLACEMENT_3D('',#2793,#2283,#2284);
#1843=AXIS2_PLACEMENT_3D('',#2794,#2285,#2286);
#1844=AXIS2_PLACEMENT_3D('',#2797,#2289,#2290);
#1845=AXIS2_PLACEMENT_3D('',#2798,#2291,#2292);
#1846=AXIS2_PLACEMENT_3D('',#2799,#2293,#2294);
#1847=AXIS2_PLACEMENT_3D('',#5777,#2295,#2296);
#1848=AXIS2_PLACEMENT_3D('',#6027,#2297,#2298);
#1849=AXIS2_PLACEMENT_3D('',#6028,#2299,#2300);
#1850=AXIS2_PLACEMENT_3D('',#6029,#2301,#2302);
#1851=AXIS2_PLACEMENT_3D('',#6030,#2303,#2304);
#1852=AXIS2_PLACEMENT_3D('',#6031,#2305,#2306);
#1853=AXIS2_PLACEMENT_3D('',#6032,#2307,#2308);
#1854=AXIS2_PLACEMENT_3D('',#6033,#2309,#2310);
#1855=DIRECTION('axis',(0.,0.,1.));
#1856=DIRECTION('refdir',(1.,0.,0.));
#1857=DIRECTION('axis',(0.,0.,1.));
#1858=DIRECTION('refdir',(1.,0.,0.));
#1859=DIRECTION('axis',(0.,0.,1.));
#1860=DIRECTION('refdir',(1.,0.,0.));
#1861=DIRECTION('center_axis',(1.,0.,0.));
#1862=DIRECTION('ref_axis',(0.,1.,1.94289029309402E-15));
#1863=DIRECTION('center_axis',(1.,-9.66816832082388E-32,-1.10933564796705E-31));
#1864=DIRECTION('ref_axis',(1.07852076885685E-31,1.,1.94289029309402E-15));
#1865=DIRECTION('',(-1.,0.,0.));
#1866=DIRECTION('center_axis',(-1.,1.24900090270333E-16,-2.77333911991769E-31));
#1867=DIRECTION('ref_axis',(0.,1.,1.94289029309402E-15));
#1868=DIRECTION('center_axis',(1.,-9.66816832082388E-32,-1.10933564796705E-31));
#1869=DIRECTION('ref_axis',(9.86076131526265E-32,1.,1.94289029309402E-15));
#1870=DIRECTION('center_axis',(1.,-1.24900090270333E-16,2.77333911991769E-31));
#1871=DIRECTION('ref_axis',(-1.24900090270333E-16,-1.,2.41913352309052E-15));
#1872=DIRECTION('',(1.24900090270333E-16,1.,2.15105711021124E-15));
#1873=DIRECTION('',(0.,-2.22044604925031E-15,-1.));
#1874=DIRECTION('',(-1.24900090270333E-16,-1.,2.41913352309052E-15));
#1875=DIRECTION('',(0.,-2.22044604925031E-15,-1.));
#1876=DIRECTION('center_axis',(-1.,1.24900090270333E-16,-2.77333911991769E-31));
#1877=DIRECTION('ref_axis',(1.24900090270333E-16,1.,-2.41913352309052E-15));
#1878=DIRECTION('',(-1.24900090270333E-16,-1.,-2.15105711021124E-15));
#1879=DIRECTION('',(0.,-2.22044604925031E-15,-1.));
#1880=DIRECTION('',(1.24900090270333E-16,1.,-2.41913352309052E-15));
#1881=DIRECTION('',(0.,-2.22044604925031E-15,-1.));
#1882=DIRECTION('center_axis',(-1.24900090270333E-16,-1.,2.22044604925031E-15));
#1883=DIRECTION('ref_axis',(-1.,1.24900090270331E-16,-7.27458067097533E-16));
#1884=DIRECTION('',(1.,-1.24900090270333E-16,-3.2975016689649E-31));
#1885=DIRECTION('',(-1.,1.24900090270331E-16,-7.27458067097533E-16));
#1886=DIRECTION('center_axis',(0.,-2.22044604925031E-15,-1.));
#1887=DIRECTION('ref_axis',(-1.,0.,0.));
#1888=DIRECTION('',(1.,-1.24900090270331E-16,7.27458067097533E-16));
#1889=DIRECTION('center_axis',(-6.10829396544641E-32,2.15105711021124E-15,
-1.));
#1890=DIRECTION('ref_axis',(1.,-6.60802277276561E-32,-6.10829396544642E-32));
#1891=DIRECTION('',(-1.,6.60802277276561E-32,6.10829396544642E-32));
#1892=DIRECTION('',(6.60802277276562E-32,1.,2.15105711021124E-15));
#1893=DIRECTION('',(-1.,6.60802277276561E-32,6.10829396544642E-32));
#1894=DIRECTION('',(-6.60802277276562E-32,-1.,-2.15105711021124E-15));
#1895=DIRECTION('',(-1.,6.60802277276561E-32,6.10829396544642E-32));
#1896=DIRECTION('',(6.60802277276562E-32,1.,2.15105711021124E-15));
#1897=DIRECTION('',(1.,-6.60802277276561E-32,-6.10829396544642E-32));
#1898=DIRECTION('',(6.60802277276562E-32,1.,2.15105711021124E-15));
#1899=DIRECTION('',(-1.,6.60802277276561E-32,6.10829396544642E-32));
#1900=DIRECTION('',(6.60802277276562E-32,1.,2.15105711021124E-15));
#1901=DIRECTION('',(-1.,6.60802277276561E-32,6.10829396544642E-32));
#1902=DIRECTION('',(-6.60802277276562E-32,-1.,-2.15105711021124E-15));
#1903=DIRECTION('',(-1.,6.60802277276561E-32,6.10829396544642E-32));
#1904=DIRECTION('',(-6.60802277276562E-32,-1.,-2.15105711021124E-15));
#1905=DIRECTION('',(-1.,6.60802277276561E-32,6.10829396544642E-32));
#1906=DIRECTION('center_axis',(0.,-1.,0.));
#1907=DIRECTION('ref_axis',(1.,0.,-6.24500451351653E-17));
#1908=DIRECTION('center_axis',(-1.24900090270331E-16,-1.,-1.97564282267456E-22));
#1909=DIRECTION('ref_axis',(1.,-1.24900090270331E-16,-6.24500451351653E-17));
#1910=DIRECTION('',(0.,1.,0.));
#1911=DIRECTION('center_axis',(6.60802277276562E-32,1.,2.15105711021124E-15));
#1912=DIRECTION('ref_axis',(1.,0.,-6.24500451351653E-17));
#1913=DIRECTION('center_axis',(-1.24900090270331E-16,-1.,-1.97564282267456E-22));
#1914=DIRECTION('ref_axis',(1.,-1.24900090270331E-16,-6.24500451351653E-17));
#1915=DIRECTION('center_axis',(0.970209649273561,-5.21854480371542E-16,
0.242266870323768));
#1916=DIRECTION('ref_axis',(-0.242266870323768,4.36329311725622E-16,0.970209649273561));
#1917=DIRECTION('',(0.242266870323768,2.08697636446545E-15,-0.970209649273561));
#1918=DIRECTION('',(7.46855479656917E-19,1.,2.15105711021124E-15));
#1919=DIRECTION('',(-0.242266870323768,4.36329311725622E-16,0.970209649273561));
#1920=DIRECTION('',(-8.77283788839795E-19,-1.,-2.15053478206981E-15));
#1921=DIRECTION('center_axis',(-0.960291701080463,5.01362337827837E-16,
-0.278997936974435));
#1922=DIRECTION('ref_axis',(0.278997936974435,-4.60390854499018E-16,-0.960291701080463));
#1923=DIRECTION('',(-0.278997936974435,-2.06564229148598E-15,0.960291701080463));
#1924=DIRECTION('',(-1.02862659464982E-16,1.,2.15105711021124E-15));
#1925=DIRECTION('',(0.278997936974435,-4.60390854499018E-16,-0.960291701080463));
#1926=DIRECTION('',(6.60802277276562E-32,1.,2.15105711021124E-15));
#1927=DIRECTION('center_axis',(6.10829396544641E-32,-2.15105711021124E-15,
1.));
#1928=DIRECTION('ref_axis',(1.,-6.60802277276561E-32,-6.10829396544642E-32));
#1929=DIRECTION('',(1.,-6.60802277276561E-32,-6.10829396544642E-32));
#1930=DIRECTION('',(6.60802277276562E-32,1.,2.15105711021124E-15));
#1931=DIRECTION('',(1.,-6.60802277276561E-32,-6.10829396544642E-32));
#1932=DIRECTION('center_axis',(-6.60802277276562E-32,-1.,-2.15105711021124E-15));
#1933=DIRECTION('ref_axis',(-1.,6.60802277276561E-32,6.10829396544642E-32));
#1934=DIRECTION('',(-0.859234588638217,-1.10044163385857E-15,0.511581783967837));
#1935=DIRECTION('',(0.0175139045123069,-2.15072718066647E-15,0.999846619811626));
#1936=DIRECTION('',(0.999999978604193,4.44970556109128E-19,-0.000206861339941596));
#1937=DIRECTION('',(0.274721127897378,2.06829292421117E-15,-0.961523947640823));
#1938=DIRECTION('',(0.707106781186547,1.52102706934991E-15,-0.707106781186547));
#1939=DIRECTION('center_axis',(-6.60802277276562E-32,-1.,-2.15105711021124E-15));
#1940=DIRECTION('ref_axis',(-1.,6.60802277276561E-32,6.10829396544642E-32));
#1941=DIRECTION('center_axis',(-6.60802277276562E-32,-1.,-2.15105711021124E-15));
#1942=DIRECTION('ref_axis',(-1.,6.60802277276561E-32,6.10829396544642E-32));
#1943=DIRECTION('',(6.60802277276562E-32,1.,2.15105711021124E-15));
#1944=DIRECTION('center_axis',(6.60802277276562E-32,1.,2.15105711021124E-15));
#1945=DIRECTION('ref_axis',(-1.,6.60802277276561E-32,6.10829396544642E-32));
#1946=DIRECTION('center_axis',(-6.60802277276562E-32,-1.,-2.15105711021124E-15));
#1947=DIRECTION('ref_axis',(-1.,6.60802277276561E-32,6.10829396544642E-32));
#1948=DIRECTION('center_axis',(0.707106781186548,-1.52102706934991E-15,
0.707106781186548));
#1949=DIRECTION('ref_axis',(0.707106781186548,1.52102706934991E-15,-0.707106781186548));
#1950=DIRECTION('',(0.707106781186548,1.52102706934991E-15,-0.707106781186548));
#1951=DIRECTION('',(6.60802277276562E-32,1.,2.15105711021124E-15));
#1952=DIRECTION('center_axis',(0.707106781186548,-1.52102706934991E-15,
0.707106781186548));
#1953=DIRECTION('ref_axis',(0.707106781186548,1.52102706934991E-15,-0.707106781186548));
#1954=DIRECTION('',(0.707106781186548,1.52102706934991E-15,-0.707106781186548));
#1955=DIRECTION('',(6.60802277276562E-32,1.,2.15105711021124E-15));
#1956=DIRECTION('',(0.707106781186547,1.52102706934991E-15,-0.707106781186547));
#1957=DIRECTION('center_axis',(6.10829396544641E-32,-2.15105711021124E-15,
1.));
#1958=DIRECTION('ref_axis',(1.,-6.60802277276561E-32,-6.10829396544642E-32));
#1959=DIRECTION('',(1.,-6.60802277276561E-32,-6.10829396544642E-32));
#1960=DIRECTION('',(6.60802277276562E-32,1.,2.15105711021124E-15));
#1961=DIRECTION('',(1.,-6.60802277276561E-32,-6.10829396544642E-32));
#1962=DIRECTION('center_axis',(-1.,6.60802277276561E-32,6.10829396544642E-32));
#1963=DIRECTION('ref_axis',(6.10829396544641E-32,-2.15105711021124E-15,
1.));
#1964=DIRECTION('',(6.10829396544641E-32,-2.15105711021124E-15,1.));
#1965=DIRECTION('',(6.60802277276562E-32,1.,2.15105711021124E-15));
#1966=DIRECTION('',(6.10829396544641E-32,-2.15105711021124E-15,1.));
#1967=DIRECTION('center_axis',(6.60802277276562E-32,1.,2.15105711021124E-15));
#1968=DIRECTION('ref_axis',(-1.,6.60802277276561E-32,6.10829396544642E-32));
#1969=DIRECTION('center_axis',(6.60802277276562E-32,1.,2.15105711021124E-15));
#1970=DIRECTION('ref_axis',(-1.,6.60802277276561E-32,6.10829396544642E-32));
#1971=DIRECTION('',(6.60802277276562E-32,1.,2.15105711021124E-15));
#1972=DIRECTION('center_axis',(6.60802277276562E-32,1.,2.15105711021124E-15));
#1973=DIRECTION('ref_axis',(-1.,6.60802277276561E-32,6.10829396544642E-32));
#1974=DIRECTION('center_axis',(-6.10829396544641E-32,2.15105711021124E-15,
-1.));
#1975=DIRECTION('ref_axis',(-1.,6.60802277276561E-32,6.10829396544642E-32));
#1976=DIRECTION('',(-1.,6.60802277276561E-32,6.10829396544642E-32));
#1977=DIRECTION('',(-1.,6.60802277276561E-32,6.10829396544642E-32));
#1978=DIRECTION('center_axis',(-0.511581783967837,1.84826267122967E-15,
-0.859234588638217));
#1979=DIRECTION('ref_axis',(-0.859234588638217,-1.10044163385857E-15,0.511581783967837));
#1980=DIRECTION('',(-0.859234588638217,-1.10044163385857E-15,0.511581783967837));
#1981=DIRECTION('',(6.60802277276562E-32,1.,2.15105711021124E-15));
#1982=DIRECTION('center_axis',(-0.999846619811626,-3.76734088287585E-17,
0.0175139045123069));
#1983=DIRECTION('ref_axis',(0.0175139045123069,-2.15072718066647E-15,0.999846619811626));
#1984=DIRECTION('',(0.0175139045123069,-2.15072718066647E-15,0.999846619811626));
#1985=DIRECTION('',(-0.0175139045123069,2.15072718066647E-15,-0.999846619811626));
#1986=DIRECTION('',(6.60802277276562E-32,1.,2.15105711021124E-15));
#1987=DIRECTION('center_axis',(-6.60802277276562E-32,-1.,-2.15105711021124E-15));
#1988=DIRECTION('ref_axis',(-1.,6.60802277276561E-32,6.10829396544642E-32));
#1989=DIRECTION('center_axis',(0.000206861339941596,-2.15105706418764E-15,
0.999999978604193));
#1990=DIRECTION('ref_axis',(-0.999999978604193,-4.44970556109128E-19,0.000206861339941596));
#1991=DIRECTION('',(-6.60802277276562E-32,-1.,-2.15105711021124E-15));
#1992=DIRECTION('',(-0.999999978604193,-4.44970556109128E-19,0.000206861339941596));
#1993=DIRECTION('',(-6.60802277276562E-32,-1.,-2.15105711021124E-15));
#1994=DIRECTION('',(0.999999978604193,4.44970556109128E-19,-0.000206861339941596));
#1995=DIRECTION('',(-6.60802277276562E-32,-1.,-2.15105711021124E-15));
#1996=DIRECTION('center_axis',(0.955548008571247,6.34208112633596E-16,-0.294835553004594));
#1997=DIRECTION('ref_axis',(0.294835553004594,-2.05543833798537E-15,0.955548008571247));
#1998=DIRECTION('',(-0.294835553004594,2.05543833798537E-15,-0.955548008571247));
#1999=DIRECTION('',(-6.60802277276562E-32,-1.,-2.15105711021124E-15));
#2000=DIRECTION('',(0.294835553004594,-2.05543833798537E-15,0.955548008571247));
#2001=DIRECTION('center_axis',(6.10829396544641E-32,-2.15105711021124E-15,
1.));
#2002=DIRECTION('ref_axis',(-1.,6.60802277276561E-32,6.10829396544642E-32));
#2003=DIRECTION('',(1.,-6.60802277276561E-32,-6.10829396544642E-32));
#2004=DIRECTION('',(-6.60802277276562E-32,-1.,-2.15105711021124E-15));
#2005=DIRECTION('',(-1.,6.60802277276561E-32,6.10829396544642E-32));
#2006=DIRECTION('center_axis',(1.,-6.60802277276561E-32,-6.10829396544642E-32));
#2007=DIRECTION('ref_axis',(6.10829396544641E-32,-2.15105711021124E-15,
1.));
#2008=DIRECTION('',(-6.10829396544641E-32,2.15105711021124E-15,-1.));
#2009=DIRECTION('',(-6.60802277276562E-32,-1.,-2.15105711021124E-15));
#2010=DIRECTION('',(6.10829396544641E-32,-2.15105711021124E-15,1.));
#2011=DIRECTION('center_axis',(-6.60802277276562E-32,-1.,-2.15105711021124E-15));
#2012=DIRECTION('ref_axis',(1.,-6.60802277276561E-32,-6.10829396544642E-32));
#2013=DIRECTION('',(-0.273072493297819,2.0693028679969E-15,-0.961993458088002));
#2014=DIRECTION('',(1.,-6.60802277276561E-32,-6.10829396544642E-32));
#2015=DIRECTION('center_axis',(-1.,6.60802277276561E-32,6.10829396544642E-32));
#2016=DIRECTION('ref_axis',(6.10829396544641E-32,-2.15105711021124E-15,
1.));
#2017=DIRECTION('',(-6.10829396544641E-32,2.15105711021124E-15,-1.));
#2018=DIRECTION('',(6.60802277276562E-32,1.,2.15105711021124E-15));
#2019=DIRECTION('',(6.10829396544641E-32,-2.15105711021124E-15,1.));
#2020=DIRECTION('',(-6.60802277276562E-32,-1.,-2.15105711021124E-15));
#2021=DIRECTION('center_axis',(-6.10829396544641E-32,2.15105711021124E-15,
-1.));
#2022=DIRECTION('ref_axis',(-1.,6.60802277276561E-32,6.10829396544642E-32));
#2023=DIRECTION('',(1.,-6.60802277276561E-32,-6.10829396544642E-32));
#2024=DIRECTION('',(6.60802277276562E-32,1.,2.15105711021124E-15));
#2025=DIRECTION('',(-1.,6.60802277276561E-32,6.10829396544642E-32));
#2026=DIRECTION('center_axis',(1.,-6.60802277276561E-32,-6.10829396544642E-32));
#2027=DIRECTION('ref_axis',(-6.10829396544641E-32,2.15105711021124E-15,
-1.));
#2028=DIRECTION('',(6.10829396544641E-32,-2.15105711021124E-15,1.));
#2029=DIRECTION('',(6.60802277276562E-32,1.,2.15105711021124E-15));
#2030=DIRECTION('',(-6.10829396544641E-32,2.15105711021124E-15,-1.));
#2031=DIRECTION('center_axis',(6.60802277276562E-32,1.,2.15105711021124E-15));
#2032=DIRECTION('ref_axis',(-1.,6.60802277276561E-32,6.10829396544642E-32));
#2033=DIRECTION('',(-1.,6.60802277276561E-32,6.10829396544642E-32));
#2034=DIRECTION('center_axis',(-6.10829396544641E-32,2.15105711021124E-15,
-1.));
#2035=DIRECTION('ref_axis',(1.,-6.60802277276561E-32,-6.10829396544642E-32));
#2036=DIRECTION('',(1.,-6.60802277276561E-32,-6.10829396544642E-32));
#2037=DIRECTION('',(-6.60802277276562E-32,-1.,-2.15105711021124E-15));
#2038=DIRECTION('',(1.,-6.60802277276561E-32,-6.10829396544642E-32));
#2039=DIRECTION('',(-1.,6.60802277276561E-32,6.10829396544642E-32));
#2040=DIRECTION('',(-6.60802277276562E-32,-1.,-2.15105711021124E-15));
#2041=DIRECTION('',(-1.,6.60802277276561E-32,6.10829396544642E-32));
#2042=DIRECTION('',(-1.,6.60802277276561E-32,6.10829396544642E-32));
#2043=DIRECTION('',(-6.60802277276562E-32,-1.,-2.15105711021124E-15));
#2044=DIRECTION('',(-1.,6.60802277276561E-32,6.10829396544642E-32));
#2045=DIRECTION('',(-6.60802277276562E-32,-1.,-2.15105711021124E-15));
#2046=DIRECTION('',(1.,-6.60802277276561E-32,-6.10829396544642E-32));
#2047=DIRECTION('center_axis',(-6.60802277276562E-32,-1.,-2.15105711021124E-15));
#2048=DIRECTION('ref_axis',(-1.,6.60802277276561E-32,6.10829396544642E-32));
#2049=DIRECTION('',(6.10829396544641E-32,-2.15105711021124E-15,1.));
#2050=DIRECTION('',(-0.286772939568325,-2.06070965915748E-15,0.957998580965202));
#2051=DIRECTION('',(0.274721127897378,2.06829292421117E-15,-0.961523947640823));
#2052=DIRECTION('center_axis',(0.961523947640823,-5.90940835488907E-16,
0.274721127897378));
#2053=DIRECTION('ref_axis',(-0.274721127897378,-2.06829292421117E-15,0.961523947640823));
#2054=DIRECTION('',(0.274721127897378,2.06829292421117E-15,-0.961523947640823));
#2055=DIRECTION('center_axis',(-0.961993458088002,-5.87394528311385E-16,
0.273072493297819));
#2056=DIRECTION('ref_axis',(-0.273072493297819,2.0693028679969E-15,-0.961993458088002));
#2057=DIRECTION('',(0.273072493297819,-2.0693028679969E-15,0.961993458088002));
#2058=DIRECTION('',(0.273072493297819,-2.0693028679969E-15,0.961993458088002));
#2059=DIRECTION('center_axis',(-6.60802277276562E-32,-1.,-2.15105711021124E-15));
#2060=DIRECTION('ref_axis',(1.,-6.60802277276561E-32,-6.10829396544642E-32));
#2061=DIRECTION('',(-0.999999978604193,-4.44970556109128E-19,0.000206861339941596));
#2062=DIRECTION('',(-0.294835553004594,2.05543833798537E-15,-0.955548008571247));
#2063=DIRECTION('',(1.,-6.60802277276561E-32,-6.10829396544642E-32));
#2064=DIRECTION('',(-6.10829396544641E-32,2.15105711021124E-15,-1.));
#2065=DIRECTION('center_axis',(-6.60802277276562E-32,-1.,-2.15105711021124E-15));
#2066=DIRECTION('ref_axis',(-1.,6.60802277276561E-32,6.10829396544642E-32));
#2067=DIRECTION('',(-1.,6.60802277276561E-32,6.10829396544642E-32));
#2068=DIRECTION('center_axis',(-6.60802277276562E-32,-1.,-2.15105711021124E-15));
#2069=DIRECTION('ref_axis',(1.,-6.60802277276561E-32,-6.10829396544642E-32));
#2070=DIRECTION('',(-0.286772939568325,-2.06070965915748E-15,0.957998580965202));
#2071=DIRECTION('',(0.999916678480844,2.77674809067725E-17,-0.0129087604299105));
#2072=DIRECTION('center_axis',(0.957998580965203,-6.16864970674625E-16,
0.286772939568325));
#2073=DIRECTION('ref_axis',(-0.286772939568325,-2.06070965915748E-15,0.957998580965202));
#2074=DIRECTION('',(0.286772939568325,2.06070965915748E-15,-0.957998580965202));
#2075=DIRECTION('',(-6.60802277276562E-32,-1.,-2.15105711021124E-15));
#2076=DIRECTION('',(6.60802277276562E-32,1.,2.15105711021124E-15));
#2077=DIRECTION('center_axis',(-0.0129087604299105,2.15087788086503E-15,
-0.999916678480844));
#2078=DIRECTION('ref_axis',(0.999916678480844,2.77674809067725E-17,-0.0129087604299105));
#2079=DIRECTION('',(-0.999916678480844,-2.77674809067725E-17,0.0129087604299105));
#2080=DIRECTION('center_axis',(-6.60802277276562E-32,-1.,-2.15105711021124E-15));
#2081=DIRECTION('ref_axis',(-1.,6.60802277276561E-32,6.10829396544642E-32));
#2082=DIRECTION('center_axis',(6.60802277276562E-32,1.,2.15105711021124E-15));
#2083=DIRECTION('ref_axis',(-1.,6.60802277276561E-32,6.10829396544642E-32));
#2084=DIRECTION('',(-6.60802277276562E-32,-1.,-2.15105711021124E-15));
#2085=DIRECTION('center_axis',(-6.60802277276562E-32,-1.,-2.15105711021124E-15));
#2086=DIRECTION('ref_axis',(-1.,6.60802277276561E-32,6.10829396544642E-32));
#2087=DIRECTION('center_axis',(6.60802277276562E-32,1.,2.15105711021124E-15));
#2088=DIRECTION('ref_axis',(-1.,6.60802277276561E-32,6.10829396544642E-32));
#2089=DIRECTION('center_axis',(-6.60802277276562E-32,-1.,-2.15105711021124E-15));
#2090=DIRECTION('ref_axis',(-1.,6.60802277276561E-32,6.10829396544642E-32));
#2091=DIRECTION('center_axis',(-6.60802277276562E-32,-1.,-2.15105711021124E-15));
#2092=DIRECTION('ref_axis',(-1.,6.60802277276561E-32,6.10829396544642E-32));
#2093=DIRECTION('center_axis',(-6.60802277276562E-32,-1.,-2.15105711021124E-15));
#2094=DIRECTION('ref_axis',(-1.,6.60802277276561E-32,6.10829396544642E-32));
#2095=DIRECTION('',(6.10829396544641E-32,-2.15105711021124E-15,1.));
#2096=DIRECTION('center_axis',(-6.60802277276562E-32,-1.,-2.15105711021124E-15));
#2097=DIRECTION('ref_axis',(1.,-6.60802277276561E-32,-6.10829396544642E-32));
#2098=DIRECTION('center_axis',(-6.60802277276562E-32,-1.,-2.15105711021124E-15));
#2099=DIRECTION('ref_axis',(-0.707106781186548,1.5210270693499E-15,-0.707106781186547));
#2100=DIRECTION('',(-6.10829396544641E-32,2.15105711021124E-15,-1.));
#2101=DIRECTION('',(1.,-6.60802277276561E-32,-6.10829396544642E-32));
#2102=DIRECTION('center_axis',(-6.60802277276562E-32,-1.,-2.15105711021124E-15));
#2103=DIRECTION('ref_axis',(-0.707106781186549,-1.5210270693499E-15,0.707106781186546));
#2104=DIRECTION('',(6.60802277276562E-32,1.,2.15105711021124E-15));
#2105=DIRECTION('center_axis',(8.99179379730573E-32,0.707106781186546,0.707106781186549));
#2106=DIRECTION('ref_axis',(3.53361628409686E-33,0.70710678118655,-0.707106781186546));
#2107=DIRECTION('center_axis',(3.53361628409678E-33,0.707106781186549,-0.707106781186546));
#2108=DIRECTION('ref_axis',(5.60747306672776E-17,-0.707106781186546,-0.707106781186549));
#2109=DIRECTION('center_axis',(-6.10829396544641E-32,2.15105711021124E-15,
-1.));
#2110=DIRECTION('ref_axis',(-0.707106781186549,-0.707106781186546,-1.5210270693499E-15));
#2111=DIRECTION('',(6.10829396544641E-32,-2.15105711021124E-15,1.));
#2112=DIRECTION('',(6.10829396544641E-32,-2.15105711021124E-15,1.));
#2113=DIRECTION('center_axis',(6.10829396544641E-32,-2.15105711021124E-15,
1.));
#2114=DIRECTION('ref_axis',(-1.,6.60802277276561E-32,6.10829396544642E-32));
#2115=DIRECTION('',(-6.60802277276562E-32,-1.,-2.15105711021124E-15));
#2116=DIRECTION('',(-1.,6.60802277276561E-32,6.10829396544642E-32));
#2117=DIRECTION('center_axis',(-6.60802277276562E-32,-1.,-2.15105711021124E-15));
#2118=DIRECTION('ref_axis',(1.,-6.60802277276561E-32,-6.10829396544642E-32));
#2119=DIRECTION('center_axis',(1.,-6.60802277276561E-32,-6.10829396544642E-32));
#2120=DIRECTION('ref_axis',(6.10829396544641E-32,-2.15105711021124E-15,
1.));
#2121=DIRECTION('center_axis',(-6.60802277276562E-32,-1.,-2.15105711021124E-15));
#2122=DIRECTION('ref_axis',(1.,-6.60802277276561E-32,-6.10829396544642E-32));
#2123=DIRECTION('',(-6.10829396544641E-32,2.15105711021124E-15,-1.));
#2124=DIRECTION('',(0.274721127897378,2.06829292421117E-15,-0.961523947640823));
#2125=DIRECTION('',(0.707106781186548,1.52102706934991E-15,-0.707106781186548));
#2126=DIRECTION('',(1.,-6.60802277276561E-32,-6.10829396544642E-32));
#2127=DIRECTION('',(0.707106781186548,1.52102706934991E-15,-0.707106781186548));
#2128=DIRECTION('',(1.,-6.60802277276561E-32,-6.10829396544642E-32));
#2129=DIRECTION('',(6.10829396544641E-32,-2.15105711021124E-15,1.));
#2130=DIRECTION('center_axis',(6.60802277276562E-32,1.,2.15105711021124E-15));
#2131=DIRECTION('ref_axis',(-1.,6.60802277276561E-32,6.10829396544642E-32));
#2132=DIRECTION('',(-1.,6.60802277276561E-32,6.10829396544642E-32));
#2133=DIRECTION('',(-0.859234588638217,-1.10044163385857E-15,0.511581783967837));
#2134=DIRECTION('',(0.0175139045123069,-2.15072718066647E-15,0.999846619811626));
#2135=DIRECTION('',(-0.999999978604193,-4.44970556109128E-19,0.000206861339941596));
#2136=DIRECTION('center_axis',(-6.60802277276562E-32,-1.,-2.15105711021124E-15));
#2137=DIRECTION('ref_axis',(1.,-6.60802277276561E-32,-6.10829396544642E-32));
#2138=DIRECTION('',(0.999916678480844,2.77674809067725E-17,-0.0129087604299105));
#2139=DIRECTION('',(-0.286772939568325,-2.06070965915748E-15,0.957998580965202));
#2140=DIRECTION('',(0.274721127897378,2.06829292421117E-15,-0.961523947640823));
#2141=DIRECTION('center_axis',(0.961523947640823,-5.90940835488907E-16,
0.274721127897378));
#2142=DIRECTION('ref_axis',(-0.274721127897378,-2.06829292421117E-15,0.961523947640823));
#2143=DIRECTION('',(6.60802277276562E-32,1.,2.15105711021124E-15));
#2144=DIRECTION('',(-0.274721127897378,-2.06829292421117E-15,0.961523947640823));
#2145=DIRECTION('',(-0.274721127897378,-2.06829292421117E-15,0.961523947640823));
#2146=DIRECTION('',(6.60802277276562E-32,1.,2.15105711021124E-15));
#2147=DIRECTION('',(-0.274721127897378,-2.06829292421117E-15,0.961523947640823));
#2148=DIRECTION('',(6.60802277276562E-32,1.,2.15105711021124E-15));
#2149=DIRECTION('center_axis',(0.957998580965203,-6.16864970674625E-16,
0.286772939568325));
#2150=DIRECTION('ref_axis',(-0.286772939568325,-2.06070965915748E-15,0.957998580965202));
#2151=DIRECTION('',(6.60802277276562E-32,1.,2.15105711021124E-15));
#2152=DIRECTION('',(0.286772939568325,2.06070965915748E-15,-0.957998580965202));
#2153=DIRECTION('',(6.60802277276562E-32,1.,2.15105711021124E-15));
#2154=DIRECTION('',(-0.286772939568325,-2.06070965915748E-15,0.957998580965202));
#2155=DIRECTION('center_axis',(-6.60802277276562E-32,-1.,-2.15105711021124E-15));
#2156=DIRECTION('ref_axis',(-1.,6.60802277276561E-32,6.10829396544642E-32));
#2157=DIRECTION('center_axis',(6.60802277276562E-32,1.,2.15105711021124E-15));
#2158=DIRECTION('ref_axis',(-1.,6.60802277276561E-32,6.10829396544642E-32));
#2159=DIRECTION('',(6.60802277276562E-32,1.,2.15105711021124E-15));
#2160=DIRECTION('center_axis',(6.60802277276562E-32,1.,2.15105711021124E-15));
#2161=DIRECTION('ref_axis',(-1.,6.60802277276561E-32,6.10829396544642E-32));
#2162=DIRECTION('center_axis',(6.60802277276562E-32,1.,2.15105711021124E-15));
#2163=DIRECTION('ref_axis',(-1.,6.60802277276561E-32,6.10829396544642E-32));
#2164=DIRECTION('center_axis',(6.60802277276562E-32,1.,2.15105711021124E-15));
#2165=DIRECTION('ref_axis',(-1.,6.60802277276561E-32,6.10829396544642E-32));
#2166=DIRECTION('center_axis',(-6.60802277276562E-32,-1.,-2.15105711021124E-15));
#2167=DIRECTION('ref_axis',(-1.,6.60802277276561E-32,6.10829396544642E-32));
#2168=DIRECTION('',(6.10829396544641E-32,-2.15105711021124E-15,1.));
#2169=DIRECTION('',(-1.,6.60802277276561E-32,6.10829396544642E-32));
#2170=DIRECTION('',(-0.999999978604193,-4.44970556109128E-19,0.000206861339941596));
#2171=DIRECTION('center_axis',(6.10829396544641E-32,-2.15105711021124E-15,
1.));
#2172=DIRECTION('ref_axis',(-1.,6.60802277276561E-32,6.10829396544642E-32));
#2173=DIRECTION('',(6.60802277276562E-32,1.,2.15105711021124E-15));
#2174=DIRECTION('',(-1.,6.60802277276561E-32,6.10829396544642E-32));
#2175=DIRECTION('',(6.60802277276562E-32,1.,2.15105711021124E-15));
#2176=DIRECTION('',(1.,-6.60802277276561E-32,-6.10829396544642E-32));
#2177=DIRECTION('',(6.60802277276562E-32,1.,2.15105711021124E-15));
#2178=DIRECTION('',(-1.,6.60802277276561E-32,6.10829396544642E-32));
#2179=DIRECTION('center_axis',(0.000206861339941596,-2.15105706418764E-15,
0.999999978604193));
#2180=DIRECTION('ref_axis',(-0.999999978604193,-4.44970556109128E-19,0.000206861339941596));
#2181=DIRECTION('',(0.999999978604193,4.44970556109128E-19,-0.000206861339941596));
#2182=DIRECTION('',(-6.60802277276562E-32,-1.,-2.15105711021124E-15));
#2183=DIRECTION('',(0.999999978604193,4.44970556109128E-19,-0.000206861339941596));
#2184=DIRECTION('',(6.60802277276562E-32,1.,2.15105711021124E-15));
#2185=DIRECTION('',(6.60802277276562E-32,1.,2.15105711021124E-15));
#2186=DIRECTION('',(-0.999999978604193,-4.44970556109128E-19,0.000206861339941596));
#2187=DIRECTION('center_axis',(1.,-6.60802277276561E-32,-6.10829396544642E-32));
#2188=DIRECTION('ref_axis',(6.10829396544641E-32,-2.15105711021124E-15,
1.));
#2189=DIRECTION('',(6.10829396544641E-32,-2.15105711021124E-15,1.));
#2190=DIRECTION('',(6.10829396544641E-32,-2.15105711021124E-15,1.));
#2191=DIRECTION('center_axis',(0.707106781186548,-1.52102706934991E-15,
0.707106781186548));
#2192=DIRECTION('ref_axis',(0.707106781186548,1.52102706934991E-15,-0.707106781186548));
#2193=DIRECTION('',(0.707106781186548,1.52102706934991E-15,-0.707106781186548));
#2194=DIRECTION('',(-6.60802277276562E-32,-1.,-2.15105711021124E-15));
#2195=DIRECTION('center_axis',(6.10829396544641E-32,-2.15105711021124E-15,
1.));
#2196=DIRECTION('ref_axis',(1.,-6.60802277276561E-32,-6.10829396544642E-32));
#2197=DIRECTION('',(1.,-6.60802277276561E-32,-6.10829396544642E-32));
#2198=DIRECTION('',(6.60802277276562E-32,1.,2.15105711021124E-15));
#2199=DIRECTION('center_axis',(0.707106781186548,-1.52102706934991E-15,
0.707106781186548));
#2200=DIRECTION('ref_axis',(0.707106781186548,1.52102706934991E-15,-0.707106781186548));
#2201=DIRECTION('',(0.707106781186548,1.52102706934991E-15,-0.707106781186548));
#2202=DIRECTION('',(-6.60802277276562E-32,-1.,-2.15105711021124E-15));
#2203=DIRECTION('center_axis',(6.10829396544641E-32,-2.15105711021124E-15,
1.));
#2204=DIRECTION('ref_axis',(1.,-6.60802277276561E-32,-6.10829396544642E-32));
#2205=DIRECTION('',(1.,-6.60802277276561E-32,-6.10829396544642E-32));
#2206=DIRECTION('',(-6.60802277276562E-32,-1.,-2.15105711021124E-15));
#2207=DIRECTION('center_axis',(-1.,6.60802277276561E-32,6.10829396544642E-32));
#2208=DIRECTION('ref_axis',(6.10829396544641E-32,-2.15105711021124E-15,
1.));
#2209=DIRECTION('',(6.10829396544641E-32,-2.15105711021124E-15,1.));
#2210=DIRECTION('',(6.60802277276562E-32,1.,2.15105711021124E-15));
#2211=DIRECTION('center_axis',(6.60802277276562E-32,1.,2.15105711021124E-15));
#2212=DIRECTION('ref_axis',(-1.,6.60802277276561E-32,6.10829396544642E-32));
#2213=DIRECTION('center_axis',(6.60802277276562E-32,1.,2.15105711021124E-15));
#2214=DIRECTION('ref_axis',(-1.,6.60802277276561E-32,6.10829396544642E-32));
#2215=DIRECTION('',(-6.60802277276562E-32,-1.,-2.15105711021124E-15));
#2216=DIRECTION('center_axis',(-6.10829396544641E-32,2.15105711021124E-15,
-1.));
#2217=DIRECTION('ref_axis',(-1.,6.60802277276561E-32,6.10829396544642E-32));
#2218=DIRECTION('',(-1.,6.60802277276561E-32,6.10829396544642E-32));
#2219=DIRECTION('',(6.60802277276562E-32,1.,2.15105711021124E-15));
#2220=DIRECTION('center_axis',(-0.511581783967837,1.84826267122967E-15,
-0.859234588638217));
#2221=DIRECTION('ref_axis',(-0.859234588638217,-1.10044163385857E-15,0.511581783967837));
#2222=DIRECTION('',(-0.859234588638217,-1.10044163385857E-15,0.511581783967837));
#2223=DIRECTION('',(6.60802277276562E-32,1.,2.15105711021124E-15));
#2224=DIRECTION('center_axis',(-0.999846619811626,-3.76734088287585E-17,
0.0175139045123069));
#2225=DIRECTION('ref_axis',(0.0175139045123069,-2.15072718066647E-15,0.999846619811626));
#2226=DIRECTION('',(0.0175139045123069,-2.15072718066647E-15,0.999846619811626));
#2227=DIRECTION('center_axis',(-6.60802277276562E-32,-1.,-2.15105711021124E-15));
#2228=DIRECTION('ref_axis',(-1.,6.60802277276561E-32,6.10829396544642E-32));
#2229=DIRECTION('center_axis',(0.955548008571247,6.34208112633596E-16,-0.294835553004594));
#2230=DIRECTION('ref_axis',(0.294835553004594,-2.05543833798537E-15,0.955548008571247));
#2231=DIRECTION('',(-0.294835553004594,2.05543833798537E-15,-0.955548008571247));
#2232=DIRECTION('',(-6.60802277276562E-32,-1.,-2.15105711021124E-15));
#2233=DIRECTION('center_axis',(6.10829396544641E-32,-2.15105711021124E-15,
1.));
#2234=DIRECTION('ref_axis',(-1.,6.60802277276561E-32,6.10829396544642E-32));
#2235=DIRECTION('',(1.,-6.60802277276561E-32,-6.10829396544642E-32));
#2236=DIRECTION('',(6.60802277276562E-32,1.,2.15105711021124E-15));
#2237=DIRECTION('center_axis',(1.,-6.60802277276561E-32,-6.10829396544642E-32));
#2238=DIRECTION('ref_axis',(6.10829396544641E-32,-2.15105711021124E-15,
1.));
#2239=DIRECTION('',(-6.10829396544641E-32,2.15105711021124E-15,-1.));
#2240=DIRECTION('center_axis',(-6.60802277276562E-32,-1.,-2.15105711021124E-15));
#2241=DIRECTION('ref_axis',(1.,-6.60802277276561E-32,-6.10829396544642E-32));
#2242=DIRECTION('',(-0.273072493297819,2.0693028679969E-15,-0.961993458088002));
#2243=DIRECTION('center_axis',(-1.,6.60802277276561E-32,6.10829396544642E-32));
#2244=DIRECTION('ref_axis',(6.10829396544641E-32,-2.15105711021124E-15,
1.));
#2245=DIRECTION('',(6.10829396544641E-32,-2.15105711021124E-15,1.));
#2246=DIRECTION('',(-6.10829396544641E-32,2.15105711021124E-15,-1.));
#2247=DIRECTION('',(-6.60802277276562E-32,-1.,-2.15105711021124E-15));
#2248=DIRECTION('center_axis',(-6.10829396544641E-32,2.15105711021124E-15,
-1.));
#2249=DIRECTION('ref_axis',(-1.,6.60802277276561E-32,6.10829396544642E-32));
#2250=DIRECTION('',(-1.,6.60802277276561E-32,6.10829396544642E-32));
#2251=DIRECTION('',(1.,-6.60802277276561E-32,-6.10829396544642E-32));
#2252=DIRECTION('',(-6.60802277276562E-32,-1.,-2.15105711021124E-15));
#2253=DIRECTION('center_axis',(1.,-6.60802277276561E-32,-6.10829396544642E-32));
#2254=DIRECTION('ref_axis',(-6.10829396544641E-32,2.15105711021124E-15,
-1.));
#2255=DIRECTION('',(-6.10829396544641E-32,2.15105711021124E-15,-1.));
#2256=DIRECTION('',(6.10829396544641E-32,-2.15105711021124E-15,1.));
#2257=DIRECTION('center_axis',(6.60802277276562E-32,1.,2.15105711021124E-15));
#2258=DIRECTION('ref_axis',(-1.,6.60802277276561E-32,6.10829396544642E-32));
#2259=DIRECTION('center_axis',(-6.60802277276562E-32,-1.,-2.15105711021124E-15));
#2260=DIRECTION('ref_axis',(-1.,6.60802277276561E-32,6.10829396544642E-32));
#2261=DIRECTION('',(0.273072493297819,-2.0693028679969E-15,0.961993458088002));
#2262=DIRECTION('center_axis',(-6.60802277276562E-32,-1.,-2.15105711021124E-15));
#2263=DIRECTION('ref_axis',(-1.,6.60802277276561E-32,6.10829396544642E-32));
#2264=DIRECTION('center_axis',(-0.961993458088002,-5.87394528311385E-16,
0.273072493297819));
#2265=DIRECTION('ref_axis',(-0.273072493297819,2.0693028679969E-15,-0.961993458088002));
#2266=DIRECTION('',(0.273072493297819,-2.0693028679969E-15,0.961993458088002));
#2267=DIRECTION('center_axis',(-0.0129087604299105,2.15087788086503E-15,
-0.999916678480844));
#2268=DIRECTION('ref_axis',(0.999916678480844,2.77674809067725E-17,-0.0129087604299105));
#2269=DIRECTION('',(-0.999916678480844,-2.77674809067725E-17,0.0129087604299105));
#2270=DIRECTION('center_axis',(-6.60802277276562E-32,-1.,-2.15105711021124E-15));
#2271=DIRECTION('ref_axis',(-1.,6.60802277276561E-32,6.10829396544642E-32));
#2272=DIRECTION('center_axis',(-6.60802277276562E-32,-1.,-2.15105711021124E-15));
#2273=DIRECTION('ref_axis',(-1.,6.60802277276561E-32,6.10829396544642E-32));
#2274=DIRECTION('',(-6.10829396544641E-32,2.15105711021124E-15,-1.));
#2275=DIRECTION('center_axis',(-6.60802277276562E-32,-1.,-2.15105711021124E-15));
#2276=DIRECTION('ref_axis',(1.,-6.60802277276561E-32,-6.10829396544642E-32));
#2277=DIRECTION('center_axis',(-6.60802277276562E-32,-1.,-2.15105711021124E-15));
#2278=DIRECTION('ref_axis',(-0.707106781186549,-1.5210270693499E-15,0.707106781186546));
#2279=DIRECTION('center_axis',(-6.60802277276562E-32,-1.,-2.15105711021124E-15));
#2280=DIRECTION('ref_axis',(-0.707106781186549,-1.5210270693499E-15,0.707106781186546));
#2281=DIRECTION('center_axis',(-3.53361628409686E-33,-0.707106781186549,
0.707106781186546));
#2282=DIRECTION('ref_axis',(8.99179379730573E-32,0.707106781186546,0.707106781186549));
#2283=DIRECTION('center_axis',(-8.99179379730573E-32,-0.707106781186546,
-0.707106781186549));
#2284=DIRECTION('ref_axis',(-3.53361628409677E-33,-0.707106781186549,0.707106781186546));
#2285=DIRECTION('center_axis',(-6.10829396544641E-32,2.15105711021124E-15,
-1.));
#2286=DIRECTION('ref_axis',(-0.707106781186549,-0.707106781186546,-1.5210270693499E-15));
#2287=DIRECTION('',(6.10829396544641E-32,-2.15105711021124E-15,1.));
#2288=DIRECTION('',(6.10829396544641E-32,-2.15105711021124E-15,1.));
#2289=DIRECTION('center_axis',(-6.60802277276562E-32,-1.,-2.15105711021124E-15));
#2290=DIRECTION('ref_axis',(1.,-6.60802277276561E-32,-6.10829396544642E-32));
#2291=DIRECTION('axis',(0.,0.,1.));
#2292=DIRECTION('refdir',(1.,0.,0.));
#2293=DIRECTION('axis',(0.,0.,1.));
#2294=DIRECTION('refdir',(1.,0.,0.));
#2295=DIRECTION('center_axis',(-0.0262293936063842,-0.788242592655369,-0.614805362724646));
#2296=DIRECTION('ref_axis',(0.00134280681909074,0.614988622470843,-0.78853483822927));
#2297=DIRECTION('center_axis',(-0.0262293936063843,-0.788242592655368,-0.614805362724647));
#2298=DIRECTION('ref_axis',(0.00134280681909082,0.614988622470845,-0.788534838229269));
#2299=DIRECTION('center_axis',(-0.0262293936063843,-0.788242592655368,-0.614805362724647));
#2300=DIRECTION('ref_axis',(0.999655048394639,-0.0215083554777423,-0.0150723211137204));
#2301=DIRECTION('center_axis',(-0.0262293936063842,-0.788242592655369,-0.614805362724646));
#2302=DIRECTION('ref_axis',(0.999655048394639,-0.0215083554777423,-0.0150723211137204));
#2303=DIRECTION('',(0.,0.,1.));
#2304=DIRECTION('',(1.,0.,0.));
#2305=DIRECTION('',(-7.89908112232698E-16,4.36202381618455E-15,1.));
#2306=DIRECTION('',(1.,1.2490009027033E-16,6.24500451351649E-17));
#2307=DIRECTION('',(0.,0.,1.));
#2308=DIRECTION('',(1.,0.,0.));
#2309=DIRECTION('',(0.,0.,1.));
#2310=DIRECTION('',(1.,0.,0.));
#2311=CARTESIAN_POINT('',(0.,0.,0.));
#2312=CARTESIAN_POINT('',(0.,0.,0.));
#2313=CARTESIAN_POINT('',(0.,0.,0.));
#2314=CARTESIAN_POINT('Origin',(-145.9829412145,33.8923816177341,5.86194698091738));
#2315=CARTESIAN_POINT('',(-141.9829412145,32.8923816177341,5.86194698091738));
#2316=CARTESIAN_POINT('Origin',(-141.9829412145,33.8923816177341,5.86194698091738));
#2317=CARTESIAN_POINT('',(-145.9829412145,32.8923816177341,5.86194698091738));
#2318=CARTESIAN_POINT('',(-145.9829412145,32.8923816177341,5.86194698091738));
#2319=CARTESIAN_POINT('Origin',(-145.9829412145,33.8923816177341,5.86194698091738));
#2320=CARTESIAN_POINT('Origin',(-141.9829412145,33.8923816177341,5.86194698091738));
#2321=CARTESIAN_POINT('Origin',(-145.9829412145,35.4284425725235,7.86194698091737));
#2322=CARTESIAN_POINT('',(-145.9829412145,32.4284425725235,7.86194698091738));
#2323=CARTESIAN_POINT('',(-145.9829412145,35.4284425725235,7.86194698091737));
#2324=CARTESIAN_POINT('',(-145.9829412145,35.3784425725234,7.86194698091743));
#2325=CARTESIAN_POINT('',(-145.9829412145,32.4284425725235,3.86194698091738));
#2326=CARTESIAN_POINT('',(-145.9829412145,32.4284425725235,7.86194698091738));
#2327=CARTESIAN_POINT('',(-145.9829412145,35.4284425725235,3.86194698091737));
#2328=CARTESIAN_POINT('',(-145.9829412145,32.4284425725235,3.86194698091738));
#2329=CARTESIAN_POINT('',(-145.9829412145,35.4284425725235,7.86194698091737));
#2330=CARTESIAN_POINT('Origin',(-146.9829412145,32.4284425725235,7.86194698091738));
#2331=CARTESIAN_POINT('',(-146.9829412145,35.4284425725235,7.86194698091737));
#2332=CARTESIAN_POINT('',(-146.9829412145,32.4284425725235,7.86194698091738));
#2333=CARTESIAN_POINT('',(-146.9829412145,33.8784425725234,7.86194698091743));
#2334=CARTESIAN_POINT('',(-146.9829412145,35.4284425725235,3.86194698091737));
#2335=CARTESIAN_POINT('',(-146.9829412145,35.4284425725235,7.86194698091737));
#2336=CARTESIAN_POINT('',(-146.9829412145,32.4284425725235,3.86194698091738));
#2337=CARTESIAN_POINT('',(-146.9829412145,35.4284425725235,3.86194698091737));
#2338=CARTESIAN_POINT('',(-146.9829412145,32.4284425725235,7.86194698091738));
#2339=CARTESIAN_POINT('Origin',(-145.9829412145,32.4284425725235,7.86194698091738));
#2340=CARTESIAN_POINT('',(-156.49147060725,32.4284425725235,7.86194698091742));
#2341=CARTESIAN_POINT('',(-146.9829412145,32.4284425725235,3.86194698091738));
#2342=CARTESIAN_POINT('Origin',(-146.4829412145,33.9284425725235,3.86194698091738));
#2343=CARTESIAN_POINT('',(-145.9829412145,35.4284425725235,3.86194698091737));
#2344=CARTESIAN_POINT('Origin',(-167.,35.3284425725234,7.86194698091743));
#2345=CARTESIAN_POINT('',(-45.0006166086952,35.4284425725234,7.86194698091743));
#2346=CARTESIAN_POINT('',(-136.5,35.4284425725234,7.86194698091743));
#2347=CARTESIAN_POINT('',(-45.0006166086952,30.2284425725234,7.86194698091742));
#2348=CARTESIAN_POINT('',(-45.0006166086952,35.3284425725234,7.86194698091743));
#2349=CARTESIAN_POINT('',(-42.8674268653425,30.2284425725234,7.86194698091742));
#2350=CARTESIAN_POINT('',(-136.5,30.2284425725234,7.86194698091742));
#2351=CARTESIAN_POINT('',(-42.8674268653425,16.3284425725234,7.86194698091739));
#2352=CARTESIAN_POINT('',(-42.8674268653425,32.8284425725234,7.86194698091742));
#2353=CARTESIAN_POINT('',(-47.9000000447035,16.3284425725234,7.86194698091739));
#2354=CARTESIAN_POINT('',(-110.000000059605,16.3284425725234,7.86194698091739));
#2355=CARTESIAN_POINT('',(-47.9000000447035,3.22844257252342,7.86194698091736));
#2356=CARTESIAN_POINT('',(-47.9000000447035,25.8284425725234,7.86194698091741));
#2357=CARTESIAN_POINT('',(-63.1323372919157,3.22844257252342,7.86194698091736));
#2358=CARTESIAN_POINT('',(-111.250000078231,3.22844257252342,7.86194698091736));
#2359=CARTESIAN_POINT('',(-63.1323372919157,30.2284425725234,7.86194698091742));
#2360=CARTESIAN_POINT('',(-63.1323372919157,32.8284425725234,7.86194698091742));
#2361=CARTESIAN_POINT('',(-114.18523115694,30.2284425725234,7.86194698091742));
#2362=CARTESIAN_POINT('',(-136.5,30.2284425725234,7.86194698091742));
#2363=CARTESIAN_POINT('',(-114.18523115694,31.4284425725234,7.86194698091742));
#2364=CARTESIAN_POINT('',(-114.18523115694,32.8284425725234,7.86194698091742));
#2365=CARTESIAN_POINT('',(-140.38523115694,31.4284425725234,7.86194698091742));
#2366=CARTESIAN_POINT('',(-147.14261557847,31.4284425725234,7.86194698091742));
#2367=CARTESIAN_POINT('',(-140.38523115694,30.2284425725234,7.86194698091742));
#2368=CARTESIAN_POINT('',(-140.38523115694,32.8284425725234,7.86194698091742));
#2369=CARTESIAN_POINT('',(-163.5,30.2284425725234,7.86194698091742));
#2370=CARTESIAN_POINT('',(-136.5,30.2284425725234,7.86194698091742));
#2371=CARTESIAN_POINT('',(-163.5,35.4284425725234,7.86194698091743));
#2372=CARTESIAN_POINT('',(-163.5,35.3284425725234,7.86194698091743));
#2373=CARTESIAN_POINT('',(-136.5,35.4284425725234,7.86194698091743));
#2374=CARTESIAN_POINT('Origin',(-54.2684771441161,35.3284425734917,10.7397006880372));
#2375=CARTESIAN_POINT('',(-55.7684771441161,3.32844257349168,10.7397006880372));
#2376=CARTESIAN_POINT('Origin',(-54.2684771441161,3.32844257349168,10.7397006880372));
#2377=CARTESIAN_POINT('',(-55.7684771441161,35.3284425734917,10.7397006880372));
#2378=CARTESIAN_POINT('',(-55.7684771441161,35.3284425734917,10.7397006880372));
#2379=CARTESIAN_POINT('Origin',(-54.2684771441161,35.3284425725234,10.7397006880372));
#2380=CARTESIAN_POINT('Origin',(-54.2684771441161,3.32844257349168,10.7397006880372));
#2381=CARTESIAN_POINT('Origin',(-61.7409035400996,23.3284425725234,19.9984682023844));
#2382=CARTESIAN_POINT('',(-62.4809012033737,23.3284425725234,22.9619475769639));
#2383=CARTESIAN_POINT('',(-61.7409035400996,23.3284425725234,19.9984682023844));
#2384=CARTESIAN_POINT('',(-61.6267594125312,23.3284425725234,19.5413535592358));
#2385=CARTESIAN_POINT('',(-62.4809012033737,16.3284425725234,22.9619475769639));
#2386=CARTESIAN_POINT('',(-62.4809012033737,19.8284425725234,22.9619475769638));
#2387=CARTESIAN_POINT('',(-61.7409035400996,16.3284425725234,19.9984682023844));
#2388=CARTESIAN_POINT('',(-61.7409035400996,16.3284425725234,19.9984682023844));
#2389=CARTESIAN_POINT('',(-61.7409035400996,19.8284425725234,19.9984682023844));
#2390=CARTESIAN_POINT('Origin',(-63.0000002682209,23.3284425725234,22.9619475769639));
#2391=CARTESIAN_POINT('',(-62.2159643772396,23.3284425725234,20.2633499901022));
#2392=CARTESIAN_POINT('',(-63.0000002682209,23.3284425725234,22.9619475769638));
#2393=CARTESIAN_POINT('',(-62.4143815269343,23.3284425725234,20.9462881661696));
#2394=CARTESIAN_POINT('',(-62.2159643772396,16.3284425725234,20.2633499901022));
#2395=CARTESIAN_POINT('',(-62.2159643772396,19.8284425725234,20.2633499901021));
#2396=CARTESIAN_POINT('',(-63.0000002682209,16.3284425725234,22.9619475769638));
#2397=CARTESIAN_POINT('',(-63.0000002682209,16.3284425725234,22.9619475769639));
#2398=CARTESIAN_POINT('',(-63.0000002682209,16.3284425725234,22.9619475769638));
#2399=CARTESIAN_POINT('Origin',(-63.0000002682209,16.3284425725234,22.9619475769638));
#2400=CARTESIAN_POINT('',(-48.0000000447035,23.3284425725234,22.9619475769638));
#2401=CARTESIAN_POINT('',(-48.0000000447035,23.3284425725234,22.9619475769638));
#2402=CARTESIAN_POINT('',(-48.0000000447035,16.3284425725234,22.9619475769638));
#2403=CARTESIAN_POINT('',(-48.0000000447035,16.3284425725234,22.9619475769638));
#2404=CARTESIAN_POINT('',(-58.0000001937151,16.3284425725234,22.9619475769638));
#2405=CARTESIAN_POINT('Origin',(-60.000000141561,23.3284425725234,19.4619475248098));
#2406=CARTESIAN_POINT('',(-60.0000002235174,23.3284425725234,18.9619475173592));
#2407=CARTESIAN_POINT('',(-62.1857895799077,23.3284425725234,20.2633499901022));
#2408=CARTESIAN_POINT('',(-60.07001198313,23.3284425725234,14.965064860693));
#2409=CARTESIAN_POINT('',(-60.0000002235174,23.3284425725234,18.9619475173592));
#2410=CARTESIAN_POINT('',(-45.,23.3284425725234,14.9619474577546));
#2411=CARTESIAN_POINT('',(-52.5004651878553,23.3284425725234,14.9634990140667));
#2412=CARTESIAN_POINT('',(-47.0000000298023,23.3284425725234,21.9619475620627));
#2413=CARTESIAN_POINT('',(-45.,23.3284425725234,14.9619474577546));
#2414=CARTESIAN_POINT('',(-47.0000000298023,23.3284425725234,21.9619475620627));
#2415=CARTESIAN_POINT('Origin',(-48.1712790962906,35.3284425725234,10.8108004214496));
#2416=CARTESIAN_POINT('',(-46.6712790962906,3.32844257252341,10.8108004214495));
#2417=CARTESIAN_POINT('Origin',(-48.1712790962906,3.32844257252341,10.8108004214495));
#2418=CARTESIAN_POINT('',(-46.6712790962906,35.3284425725234,10.8108004214496));
#2419=CARTESIAN_POINT('',(-46.6712790962906,35.3284425725234,10.8108004214496));
#2420=CARTESIAN_POINT('Origin',(-48.1712790962906,35.3284425725234,10.8108004214496));
#2421=CARTESIAN_POINT('Origin',(-48.1712790962906,3.32844257252341,10.8108004214495));
#2422=CARTESIAN_POINT('Origin',(-48.0000000447035,16.3284425725234,22.9619475769638));
#2423=CARTESIAN_POINT('',(-47.0000000298023,16.3284425725234,21.9619475620627));
#2424=CARTESIAN_POINT('',(-46.3754140543107,16.3284425725234,21.337361586571));
#2425=CARTESIAN_POINT('',(-47.0000000298023,16.3284425725234,21.9619475620627));
#2426=CARTESIAN_POINT('Origin',(-64.0000002831221,16.3284425725234,23.961947591865));
#2427=CARTESIAN_POINT('',(-64.0000002831221,16.3284425725234,23.961947591865));
#2428=CARTESIAN_POINT('',(-58.1254142293993,16.3284425725234,18.0873615381422));
#2429=CARTESIAN_POINT('',(-64.0000002831221,23.3284425725234,23.961947591865));
#2430=CARTESIAN_POINT('',(-64.0000002831221,16.3284425725234,23.961947591865));
#2431=CARTESIAN_POINT('',(-63.0000002682209,23.3284425725234,22.9619475769638));
#2432=CARTESIAN_POINT('Origin',(-75.0000002831221,16.3284425725234,23.961947591865));
#2433=CARTESIAN_POINT('',(-75.0000002831221,16.3284425725234,23.961947591865));
#2434=CARTESIAN_POINT('',(-64.0000002011657,16.3284425725234,23.961947591865));
#2435=CARTESIAN_POINT('',(-75.0000002831221,23.3284425725234,23.961947591865));
#2436=CARTESIAN_POINT('',(-75.0000002831221,16.3284425725234,23.961947591865));
#2437=CARTESIAN_POINT('',(-64.0000002831221,23.3284425725234,23.961947591865));
#2438=CARTESIAN_POINT('Origin',(-75.0000002831221,16.3284425725234,22.6940629931907));
#2439=CARTESIAN_POINT('',(-75.0000002831221,16.3284425725234,22.6940629931907));
#2440=CARTESIAN_POINT('',(-75.0000002831221,16.3284425725234,17.0788332670387));
#2441=CARTESIAN_POINT('',(-75.0000002831221,23.3284425725234,22.6940629931907));
#2442=CARTESIAN_POINT('',(-75.0000002831221,16.3284425725234,22.6940629931907));
#2443=CARTESIAN_POINT('',(-75.0000002831221,23.3284425725234,23.961947591865));
#2444=CARTESIAN_POINT('Origin',(-70.9646168457206,16.3284425725234,22.6940629931907));
#2445=CARTESIAN_POINT('',(-74.1857895799077,16.3284425725234,20.2633499901021));
#2446=CARTESIAN_POINT('Origin',(-70.9646168457206,16.3284425725234,22.6940629931907));
#2447=CARTESIAN_POINT('',(-74.1857895799077,23.3284425725234,20.2633499901022));
#2448=CARTESIAN_POINT('',(-74.1857895799077,16.3284425725234,20.2633499901021));
#2449=CARTESIAN_POINT('Origin',(-70.9646168457206,23.3284425725234,22.6940629931907));
#2450=CARTESIAN_POINT('Origin',(-62.1857895799077,16.3284425725234,20.2633499901021));
#2451=CARTESIAN_POINT('',(-74.1857895799077,23.3284425725234,20.2633499901022));
#2452=CARTESIAN_POINT('',(-57.5928948495585,16.3284425725234,20.2633499901021));
#2453=CARTESIAN_POINT('Origin',(-60.0000002235174,16.3284425725234,18.9619475173592));
#2454=CARTESIAN_POINT('',(-60.0000002235174,16.3284425725234,18.9619475173592));
#2455=CARTESIAN_POINT('',(-55.7679870151432,16.3284425725234,16.4422388190085));
#2456=CARTESIAN_POINT('',(-60.0000002235174,16.3284425725234,18.9619475173592));
#2457=CARTESIAN_POINT('Origin',(-60.07001198313,16.3284425725234,14.965064860693));
#2458=CARTESIAN_POINT('',(-60.0682603303187,16.3284425725234,15.0650645004833));
#2459=CARTESIAN_POINT('',(-60.0995850931824,16.3284425725234,13.2767734747059));
#2460=CARTESIAN_POINT('',(-60.07001198313,16.3284425725234,14.965064860693));
#2461=CARTESIAN_POINT('',(-60.0000002235174,16.3284425725234,18.9619475173592));
#2462=CARTESIAN_POINT('',(-60.07001198313,23.3284425725234,14.965064860693));
#2463=CARTESIAN_POINT('Origin',(-60.000000141561,23.3284425725234,19.4619475248098));
#2464=CARTESIAN_POINT('Origin',(-45.,30.3284425725234,14.9619474577546));
#2465=CARTESIAN_POINT('',(-60.07001198313,3.3284425725234,14.965064860693));
#2466=CARTESIAN_POINT('',(-60.07001198313,16.3284425725234,14.965064860693));
#2467=CARTESIAN_POINT('',(-61.0120325170128,3.3284425725234,14.965259728327));
#2468=CARTESIAN_POINT('',(-45.,3.3284425725234,14.9619474577545));
#2469=CARTESIAN_POINT('',(-61.0120325170128,30.3284425725234,14.9652597283271));
#2470=CARTESIAN_POINT('',(-61.0120325170128,30.3284425725234,14.9652597283271));
#2471=CARTESIAN_POINT('',(-45.,30.3284425725234,14.9619469809174));
#2472=CARTESIAN_POINT('',(-61.0120325170128,30.3284425725234,14.9652597283271));
#2473=CARTESIAN_POINT('',(-45.,30.3284425725234,14.9619474577546));
#2474=CARTESIAN_POINT('Origin',(-61.9222815182355,16.3284425725234,8.96194736834758));
#2475=CARTESIAN_POINT('',(-61.9222815182355,16.3284425725234,8.96194736834758));
#2476=CARTESIAN_POINT('',(-61.1820882614535,16.3284425725234,11.3608785191811));
#2477=CARTESIAN_POINT('',(-61.9222815182355,3.32844257252341,8.96194736834755));
#2478=CARTESIAN_POINT('',(-61.9222815182355,16.3284425725234,8.96194736834758));
#2479=CARTESIAN_POINT('',(-61.9222815182355,3.32844257252341,8.96194736834755));
#2480=CARTESIAN_POINT('Origin',(-48.0000000447035,16.3284425725234,8.96194736834758));
#2481=CARTESIAN_POINT('',(-48.0000000447035,16.3284425725234,8.96194736834758));
#2482=CARTESIAN_POINT('',(-50.5000000819564,16.3284425725234,8.96194736834758));
#2483=CARTESIAN_POINT('',(-48.0000000447035,3.32844257252341,8.96194736834755));
#2484=CARTESIAN_POINT('',(-48.0000000447035,16.3284425725234,8.96194736834758));
#2485=CARTESIAN_POINT('',(-48.0000000447035,3.32844257252341,8.96194736834755));
#2486=CARTESIAN_POINT('Origin',(-48.0000000447035,16.3284425725234,7.96194735344642));
#2487=CARTESIAN_POINT('',(-48.0000000447035,16.3284425725234,7.96194735344642));
#2488=CARTESIAN_POINT('',(-48.0000000447035,16.3284425725234,9.71277544716658));
#2489=CARTESIAN_POINT('',(-48.0000000447035,3.32844257252342,7.96194735344638));
#2490=CARTESIAN_POINT('',(-48.0000000447035,16.3284425725234,7.96194735344642));
#2491=CARTESIAN_POINT('',(-48.0000000447035,3.32844257252342,7.96194735344638));
#2492=CARTESIAN_POINT('Origin',(-55.5000001564622,3.32844257252341,11.4636035408867));
#2493=CARTESIAN_POINT('',(-63.0000002682209,3.32844257252342,7.96194735344638));
#2494=CARTESIAN_POINT('',(-61.0120325170128,3.3284425725234,14.965259728327));
#2495=CARTESIAN_POINT('',(-63.0000002682209,3.32844257252342,7.96194735344638));
#2496=CARTESIAN_POINT('Origin',(-140.28523115694,30.3284425725234,2.96194698091742));
#2497=CARTESIAN_POINT('',(-140.28523115694,30.3284425725234,7.96194698091742));
#2498=CARTESIAN_POINT('',(-140.28523115694,30.3284425725234,2.96194698091742));
#2499=CARTESIAN_POINT('',(-140.28523115694,30.3284425725234,7.96194698091742));
#2500=CARTESIAN_POINT('',(-140.28523115694,31.3284425725234,2.96194698091742));
#2501=CARTESIAN_POINT('',(-140.28523115694,30.3284425725234,2.96194698091742));
#2502=CARTESIAN_POINT('',(-140.28523115694,31.3284425725234,7.96194698091742));
#2503=CARTESIAN_POINT('',(-140.28523115694,31.3284425725234,7.96194698091742));
#2504=CARTESIAN_POINT('',(-140.28523115694,32.8284425725234,7.96194698091742));
#2505=CARTESIAN_POINT('Origin',(-114.28523115694,30.3284425725234,2.96194698091742));
#2506=CARTESIAN_POINT('',(-114.28523115694,30.3284425725234,2.96194698091742));
#2507=CARTESIAN_POINT('',(-140.28523115694,30.3284425725234,2.96194698091742));
#2508=CARTESIAN_POINT('',(-114.28523115694,31.3284425725234,2.96194698091742));
#2509=CARTESIAN_POINT('',(-114.28523115694,30.3284425725234,2.96194698091742));
#2510=CARTESIAN_POINT('',(-140.28523115694,31.3284425725234,2.96194698091742));
#2511=CARTESIAN_POINT('Origin',(-114.28523115694,30.3284425725234,7.96194698091742));
#2512=CARTESIAN_POINT('',(-114.28523115694,30.3284425725234,7.96194698091742));
#2513=CARTESIAN_POINT('',(-114.28523115694,30.3284425725234,2.96194698091742));
#2514=CARTESIAN_POINT('',(-114.28523115694,31.3284425725234,7.96194698091742));
#2515=CARTESIAN_POINT('',(-114.28523115694,32.8284425725234,7.96194698091742));
#2516=CARTESIAN_POINT('',(-114.28523115694,31.3284425725234,2.96194698091742));
#2517=CARTESIAN_POINT('Origin',(-127.28523115694,31.3284425725234,5.46194698091742));
#2518=CARTESIAN_POINT('',(-147.14261557847,31.3284425725234,7.96194698091742));
#2519=CARTESIAN_POINT('Origin',(-167.,35.3284425725234,7.96194698091743));
#2520=CARTESIAN_POINT('',(-63.0000002682209,30.3284425725234,7.96194735344645));
#2521=CARTESIAN_POINT('',(-45.,30.3284425725234,7.96194698091742));
#2522=CARTESIAN_POINT('',(-63.0000002682209,30.3284425725234,7.96194735344645));
#2523=CARTESIAN_POINT('',(-47.9000000447035,16.3284425725234,7.96194735344642));
#2524=CARTESIAN_POINT('',(-42.9999999701977,16.3284425725234,7.96194735344642));
#2525=CARTESIAN_POINT('',(-42.9999999701977,16.3284425725234,7.96194735344642));
#2526=CARTESIAN_POINT('',(-110.000000059605,16.3284425725234,7.96194698091739));
#2527=CARTESIAN_POINT('',(-42.9999999701977,30.3284425725234,7.96194735344645));
#2528=CARTESIAN_POINT('',(-42.9999999701977,30.3284425725234,7.96194735344645));
#2529=CARTESIAN_POINT('',(-43.000347074043,30.3284425725234,7.96194735344645));
#2530=CARTESIAN_POINT('',(-42.9999999701977,30.3284425725234,7.96194735344645));
#2531=CARTESIAN_POINT('',(-45.,30.3284425725234,7.96194698091742));
#2532=CARTESIAN_POINT('',(-84.5000001341105,30.3284425725234,7.96194735344645));
#2533=CARTESIAN_POINT('',(-45.,35.3284425725234,7.96194698091743));
#2534=CARTESIAN_POINT('',(-45.,35.3284425725234,7.96194698091743));
#2535=CARTESIAN_POINT('',(-163.5,35.3284425725234,7.96194698091743));
#2536=CARTESIAN_POINT('',(-45.,35.3284425725234,7.96194698091743));
#2537=CARTESIAN_POINT('',(-163.5,30.3284425725234,7.96194698091742));
#2538=CARTESIAN_POINT('',(-163.5,35.3284425725234,7.96194698091743));
#2539=CARTESIAN_POINT('',(-45.,30.3284425725234,7.96194698091742));
#2540=CARTESIAN_POINT('Origin',(-53.0000001192093,30.3284425725234,11.4636035408868));
#2541=CARTESIAN_POINT('',(-45.,30.3284425725234,14.6420220786746));
#2542=CARTESIAN_POINT('',(-45.,30.3284425725234,14.9619469809174));
#2543=CARTESIAN_POINT('',(-45.,30.3284425725234,14.6420220786746));
#2544=CARTESIAN_POINT('',(-45.,30.3284425725234,14.9619474577546));
#2545=CARTESIAN_POINT('Origin',(-42.9999999701977,30.3284425725234,7.96194735344645));
#2546=CARTESIAN_POINT('',(-43.8398413590676,16.3284425725234,10.9013922144911));
#2547=CARTESIAN_POINT('Origin',(-61.0120325170128,30.3284425725234,14.9652597283271));
#2548=CARTESIAN_POINT('',(-61.0129728770404,30.3284425725234,14.9619469809174));
#2549=CARTESIAN_POINT('',(-63.1495266271201,30.3284425725234,7.43518840626889));
#2550=CARTESIAN_POINT('',(-63.0000002682209,30.3284425725234,7.96194735344645));
#2551=CARTESIAN_POINT('Origin',(-53.0000001192093,16.3284425725234,11.4636035408867));
#2552=CARTESIAN_POINT('',(-59.9345135144947,16.3284425725234,15.0650368334372));
#2553=CARTESIAN_POINT('',(-48.9996173662568,16.3284425725234,15.0627748261195));
#2554=CARTESIAN_POINT('',(-61.7867744017547,16.3284425725234,9.06194736834757));
#2555=CARTESIAN_POINT('',(-61.0865334605963,16.3284425725234,11.3313949638807));
#2556=CARTESIAN_POINT('',(-47.9000000447035,16.3284425725234,9.06194736834757));
#2557=CARTESIAN_POINT('',(-50.5000000819564,16.3284425725234,9.06194736834757));
#2558=CARTESIAN_POINT('',(-47.9000000447035,16.3284425725234,9.71277544716658));
#2559=CARTESIAN_POINT('Origin',(-53.0000001192093,30.3284425725234,11.4636035408868));
#2560=CARTESIAN_POINT('',(-167.,30.3284425725234,14.9619469809174));
#2561=CARTESIAN_POINT('Origin',(-106.,30.3284425725234,11.4619469809174));
#2562=CARTESIAN_POINT('',(-42.9925894230217,30.3284425725234,7.93603201191814));
#2563=CARTESIAN_POINT('',(-45.,30.3284425725234,14.6420220786746));
#2564=CARTESIAN_POINT('',(-42.9925894230217,30.3284425725234,7.93603201191814));
#2565=CARTESIAN_POINT('Origin',(-42.9925894230217,35.3284425725234,7.93603201191815));
#2566=CARTESIAN_POINT('',(-45.,35.3284425725234,14.6420220786746));
#2567=CARTESIAN_POINT('',(-42.9925894230217,35.3284425725234,7.93603201191815));
#2568=CARTESIAN_POINT('',(-45.,35.3284425725234,14.6420220786746));
#2569=CARTESIAN_POINT('',(-42.9925894230217,35.3284425725234,7.93603201191815));
#2570=CARTESIAN_POINT('',(-45.,35.3284425725234,14.6420220786745));
#2571=CARTESIAN_POINT('Origin',(-45.,35.3284425725234,7.96194735344646));
#2572=CARTESIAN_POINT('',(-42.9925894230217,35.3284425725234,7.93603201191815));
#2573=CARTESIAN_POINT('Origin',(-163.5,30.3284425725234,11.1223750670379));
#2574=CARTESIAN_POINT('',(-163.5,30.3284425725234,12.6223750670379));
#2575=CARTESIAN_POINT('',(-162.,30.3284425725234,11.1223750670379));
#2576=CARTESIAN_POINT('Origin',(-163.5,30.3284425725234,11.1223750670379));
#2577=CARTESIAN_POINT('',(-162.,26.3284425725234,11.1223750670379));
#2578=CARTESIAN_POINT('',(-162.,30.3284425725234,11.1223750670379));
#2579=CARTESIAN_POINT('Origin',(-163.5,26.3284425725234,11.1223750670379));
#2580=CARTESIAN_POINT('',(-163.5,30.3284425725234,9.62237506703791));
#2581=CARTESIAN_POINT('Origin',(-163.5,30.3284425725234,11.1223750670379));
#2582=CARTESIAN_POINT('Origin',(-163.5,30.3284425725234,11.1223750670379));
#2583=CARTESIAN_POINT('Origin',(-164.25,26.3284425725234,11.1223750670379));
#2584=CARTESIAN_POINT('Origin',(-164.25,30.3284425725234,11.1223750670379));
#2585=CARTESIAN_POINT('',(-163.5,30.3284425725234,13.2119469809174));
#2586=CARTESIAN_POINT('Origin',(-106.,35.3284425725234,11.4619469809174));
#2587=CARTESIAN_POINT('',(-163.5,35.3284425725234,14.9619469809174));
#2588=CARTESIAN_POINT('Origin',(-163.5,35.3284425725234,11.4619469809174));
#2589=CARTESIAN_POINT('',(-45.,35.3284425725234,14.9619469809174));
#2590=CARTESIAN_POINT('',(-45.,35.3284425725234,14.9619469809174));
#2591=CARTESIAN_POINT('',(-167.,35.3284425725234,14.9619469809174));
#2592=CARTESIAN_POINT('Origin',(-163.5,35.3284425725234,11.4619469809174));
#2593=CARTESIAN_POINT('',(-163.5,30.3284425725234,14.9619469809174));
#2594=CARTESIAN_POINT('',(-163.5,35.3284425725234,14.9619469809174));
#2595=CARTESIAN_POINT('',(-167.,33.8284425725234,11.4619469809174));
#2596=CARTESIAN_POINT('Origin',(-163.5,33.8284425725234,11.4619469809174));
#2597=CARTESIAN_POINT('Origin',(-163.5,33.8284425725234,11.4619469809174));
#2598=CARTESIAN_POINT('Origin',(-163.5,33.8284425725234,13.2119469809174));
#2599=CARTESIAN_POINT('',(-163.5,30.3284425725234,13.2119469809174));
#2600=CARTESIAN_POINT('',(-163.5,30.3284425725234,13.2119469809174));
#2601=CARTESIAN_POINT('Origin',(-45.,35.3284425725234,14.9619469809174));
#2602=CARTESIAN_POINT('',(-45.,35.3284425725234,14.9619469809174));
#2603=CARTESIAN_POINT('',(-167.,30.3284425725234,14.9619469809174));
#2604=CARTESIAN_POINT('Origin',(-106.,30.3284425725234,11.4619469809174));
#2605=CARTESIAN_POINT('Origin',(-45.,35.3284425725234,7.96194698091743));
#2606=CARTESIAN_POINT('Origin',(-53.0000001192093,16.3284425725234,11.4636035408867));
#2607=CARTESIAN_POINT('',(-47.9000000447035,16.3284425725234,9.71277544716658));
#2608=CARTESIAN_POINT('',(-46.9109663745116,16.3284425725234,22.0143352630093));
#2609=CARTESIAN_POINT('',(-43.7436889643035,16.3284425725234,10.9288643272809));
#2610=CARTESIAN_POINT('',(-47.9585786884662,16.3284425725234,23.0619475769638));
#2611=CARTESIAN_POINT('',(-46.304703376192,16.3284425725234,21.4080722646897));
#2612=CARTESIAN_POINT('',(-62.9585789119836,16.3284425725234,23.0619475769638));
#2613=CARTESIAN_POINT('',(-58.0000001937151,16.3284425725234,23.0619475769638));
#2614=CARTESIAN_POINT('',(-63.9585789268848,16.3284425725234,24.061947591865));
#2615=CARTESIAN_POINT('',(-58.0547035512807,16.3284425725234,18.1580722162609));
#2616=CARTESIAN_POINT('',(-75.1000002831221,16.3284425725234,24.061947591865));
#2617=CARTESIAN_POINT('',(-64.0000002011657,16.3284425725234,24.061947591865));
#2618=CARTESIAN_POINT('',(-75.1000002831221,16.3284425725234,22.6940629931907));
#2619=CARTESIAN_POINT('',(-75.1000002831221,16.3284425725234,17.0788332670387));
#2620=CARTESIAN_POINT('',(-74.2352265549848,16.3284425725234,20.1633499901022));
#2621=CARTESIAN_POINT('Origin',(-70.9646168457206,16.3284425725234,22.6940629931907));
#2622=CARTESIAN_POINT('',(-62.21330529993,16.3284425725234,20.1633499901021));
#2623=CARTESIAN_POINT('',(-57.5928948495585,16.3284425725234,20.1633499901022));
#2624=CARTESIAN_POINT('',(-60.1010008310341,16.3284425725234,18.9056998643156));
#2625=CARTESIAN_POINT('',(-55.81914519354,16.3284425725234,16.3563153601446));
#2626=CARTESIAN_POINT('',(-60.1682753082856,16.3284425725234,15.0650851897161));
#2627=CARTESIAN_POINT('',(-60.1995697551635,16.3284425725234,13.2785248651571));
#2628=CARTESIAN_POINT('',(-48.9996173662568,16.3284425725234,15.0627748261195));
#2629=CARTESIAN_POINT('Origin',(-106.,30.2284425725234,11.4619469809174));
#2630=CARTESIAN_POINT('',(-42.8577469516135,30.2284425725234,7.83428288486712));
#2631=CARTESIAN_POINT('',(-75.5187969212074,30.2284425725234,8.25593168673266));
#2632=CARTESIAN_POINT('',(-42.8967448701609,30.2284425725234,7.96455999778174));
#2633=CARTESIAN_POINT('',(-45.9719478332041,30.2284425725234,18.2376355509005));
#2634=CARTESIAN_POINT('',(-45.7434701688657,30.2284425725234,17.9280985432485));
#2635=CARTESIAN_POINT('Origin',(-42.9038475754336,30.3284425725234,7.98941946623618));
#2636=CARTESIAN_POINT('',(-42.8967448701609,30.4284425725234,7.96455999778171));
#2637=CARTESIAN_POINT('',(-42.8967448701609,32.8284425725234,7.96455999778174));
#2638=CARTESIAN_POINT('',(-44.9,30.4284425725234,14.9759529522186));
#2639=CARTESIAN_POINT('',(-43.7436889643035,30.4284425725234,10.9288643272809));
#2640=CARTESIAN_POINT('',(-44.9245654009066,30.4284425725234,15.0619318553916));
#2641=CARTESIAN_POINT('',(-43.7436889643035,30.4284425725234,10.9288643272809));
#2642=CARTESIAN_POINT('',(-44.9245654009066,23.4284425725234,15.0619318553916));
#2643=CARTESIAN_POINT('',(-44.9245654009066,30.3284425725234,15.0619318553916));
#2644=CARTESIAN_POINT('',(-46.9109663745116,23.4284425725234,22.0143352630093));
#2645=CARTESIAN_POINT('',(-45.0642249630236,23.4284425725234,15.5507403228012));
#2646=CARTESIAN_POINT('',(-46.9109663745116,23.3284425725234,22.0143352630093));
#2647=CARTESIAN_POINT('Origin',(-42.8967895649252,35.3284425725234,7.96470930587498));
#2648=CARTESIAN_POINT('',(-42.8577469516135,35.4284425725234,7.83428288486713));
#2649=CARTESIAN_POINT('',(-42.8577469516135,35.3284425725234,7.83428288486713));
#2650=CARTESIAN_POINT('',(-44.9,35.4284425725234,14.6566683068361));
#2651=CARTESIAN_POINT('',(-45.9719478332041,35.4284425725234,18.2376355509006));
#2652=CARTESIAN_POINT('',(-44.9,30.4284425725234,14.6566683068361));
#2653=CARTESIAN_POINT('',(-44.9,35.3284425725234,14.6566683068361));
#2654=CARTESIAN_POINT('',(-43.7928493398474,30.4284425725234,10.9581018976851));
#2655=CARTESIAN_POINT('Origin',(-163.5,30.3284425725234,11.1223750670379));
#2656=CARTESIAN_POINT('',(-161.9,26.2284425725234,11.1223750670379));
#2657=CARTESIAN_POINT('Origin',(-163.5,26.2284425725234,11.1223750670379));
#2658=CARTESIAN_POINT('',(-161.9,30.2284425725234,11.1223750670379));
#2659=CARTESIAN_POINT('',(-161.9,30.3284425725234,11.1223750670379));
#2660=CARTESIAN_POINT('',(-163.5,30.2284425725234,12.7223750670379));
#2661=CARTESIAN_POINT('Origin',(-163.5,30.2284425725234,11.1223750670379));
#2662=CARTESIAN_POINT('',(-164.68321595662,30.4284425725234,12.1994080284648));
#2663=CARTESIAN_POINT('Ctrl Pts',(-163.5,30.2284425725234,12.7223750670379));
#2664=CARTESIAN_POINT('Ctrl Pts',(-163.703882170288,30.2284425725234,12.7223750670379));
#2665=CARTESIAN_POINT('Ctrl Pts',(-163.919484917265,30.2473947809687,12.6810526015961));
#2666=CARTESIAN_POINT('Ctrl Pts',(-164.312944859463,30.3157525027363,12.5168512442655));
#2667=CARTESIAN_POINT('Ctrl Pts',(-164.490998904895,30.3643720150848,12.3941178619395));
#2668=CARTESIAN_POINT('Ctrl Pts',(-164.648929444351,30.4166537128623,12.2361873224836));
#2669=CARTESIAN_POINT('Ctrl Pts',(-164.666231303578,30.4225318335537,12.2180671718863));
#2670=CARTESIAN_POINT('Ctrl Pts',(-164.68321595662,30.4284425725234,12.1994080284648));
#2671=CARTESIAN_POINT('',(-164.68321595662,30.4284425725234,10.045342105611));
#2672=CARTESIAN_POINT('Origin',(-163.5,30.4284425725234,11.1223750670379));
#2673=CARTESIAN_POINT('',(-163.5,30.2284425725234,9.52237506703791));
#2674=CARTESIAN_POINT('Ctrl Pts',(-164.683215956618,30.4284425725229,10.0453421056093));
#2675=CARTESIAN_POINT('Ctrl Pts',(-164.666231303577,30.4225318335534,10.0266829621884));
#2676=CARTESIAN_POINT('Ctrl Pts',(-164.648929444351,30.4166537128621,10.0085628115917));
#2677=CARTESIAN_POINT('Ctrl Pts',(-164.490998904895,30.3643720150848,9.85063227213634));
#2678=CARTESIAN_POINT('Ctrl Pts',(-164.312944859463,30.3157525027363,9.7278988898103));
#2679=CARTESIAN_POINT('Ctrl Pts',(-163.919484917265,30.2473947809687,9.56369753247968));
#2680=CARTESIAN_POINT('Ctrl Pts',(-163.703882170288,30.2284425725234,9.52237506703791));
#2681=CARTESIAN_POINT('Ctrl Pts',(-163.5,30.2284425725234,9.52237506703791));
#2682=CARTESIAN_POINT('Origin',(-163.5,30.2284425725234,11.1223750670379));
#2683=CARTESIAN_POINT('Origin',(-53.0000001192093,30.4284425725234,11.4636035408868));
#2684=CARTESIAN_POINT('',(-44.9,30.4284425725234,15.0619469809174));
#2685=CARTESIAN_POINT('',(-44.9,30.4284425725234,9.7127752609021));
#2686=CARTESIAN_POINT('',(-44.9976845517369,30.4284425725234,15.0619469809174));
#2687=CARTESIAN_POINT('',(-49.0000000596046,30.4284425725234,15.0619469809174));
#2688=CARTESIAN_POINT('',(-48.9996173662568,30.4284425725234,15.0627748261195));
#2689=CARTESIAN_POINT('Origin',(-45.,35.3284425725234,15.0619469809174));
#2690=CARTESIAN_POINT('',(-44.9,35.4284425725234,15.0619469809174));
#2691=CARTESIAN_POINT('',(-44.9,35.3284425725234,15.0619469809174));
#2692=CARTESIAN_POINT('',(-163.5,35.4284425725234,15.0619469809174));
#2693=CARTESIAN_POINT('',(-75.5,35.4284425725234,15.0619469809174));
#2694=CARTESIAN_POINT('',(-163.5,30.2284425725234,15.0619469809174));
#2695=CARTESIAN_POINT('',(-163.5,35.3284425725234,15.0619469809174));
#2696=CARTESIAN_POINT('',(-61.0885375807908,30.2284425725234,15.0619469809174));
#2697=CARTESIAN_POINT('',(-75.5,30.2284425725234,15.0619469809174));
#2698=CARTESIAN_POINT('',(-61.0885375807908,30.4284425725234,15.0619469809174));
#2699=CARTESIAN_POINT('',(-61.0885375807908,32.8284425725234,15.0619469809174));
#2700=CARTESIAN_POINT('',(-49.0000000596046,30.4284425725234,15.0619469809174));
#2701=CARTESIAN_POINT('Origin',(-44.999979313866,30.3284425725234,15.061947455615));
#2702=CARTESIAN_POINT('',(-61.0875927832658,30.4284425725234,15.0652753609649));
#2703=CARTESIAN_POINT('',(-48.9996173662568,30.4284425725234,15.0627748261195));
#2704=CARTESIAN_POINT('',(-61.0875927832658,3.2284425725234,15.0652753609649));
#2705=CARTESIAN_POINT('',(-61.0875927832658,30.3284425725234,15.0652753609649));
#2706=CARTESIAN_POINT('',(-59.9345135144947,3.2284425725234,15.0650368334372));
#2707=CARTESIAN_POINT('',(-50.2496173313938,3.2284425725234,15.0630334027927));
#2708=CARTESIAN_POINT('',(-59.9345135144947,23.3284425725234,15.0650368334372));
#2709=CARTESIAN_POINT('',(-60.1682753082856,23.4284425725234,15.0650851897161));
#2710=CARTESIAN_POINT('',(-60.1682753082856,23.3284425725234,15.0650851897162));
#2711=CARTESIAN_POINT('',(-52.5004445017213,23.4284425725234,15.0634990119271));
#2712=CARTESIAN_POINT('Origin',(-44.9,35.3284425725234,7.96194698091743));
#2713=CARTESIAN_POINT('',(-44.9,30.4284425725234,9.7127752609021));
#2714=CARTESIAN_POINT('',(-44.9,35.4284425725234,9.71194698091742));
#2715=CARTESIAN_POINT('Origin',(-47.9292893665848,16.3284425725234,23.0326582550825));
#2716=CARTESIAN_POINT('',(-47.9585786884662,23.4284425725234,23.0619475769638));
#2717=CARTESIAN_POINT('',(-50.0542893777607,23.4284425725234,25.1576582662584));
#2718=CARTESIAN_POINT('',(-47.9585786884662,16.3284425725234,23.0619475769638));
#2719=CARTESIAN_POINT('Origin',(-63.0000002682209,16.3284425725234,23.0619475769638));
#2720=CARTESIAN_POINT('',(-62.9585789119836,23.4284425725234,23.0619475769638));
#2721=CARTESIAN_POINT('',(-61.500000204891,23.4284425725234,23.0619475769638));
#2722=CARTESIAN_POINT('',(-62.9585789119836,16.3284425725234,23.0619475769638));
#2723=CARTESIAN_POINT('Origin',(-63.9292896050034,16.3284425725234,24.0326582699836));
#2724=CARTESIAN_POINT('',(-63.9585789268848,23.4284425725234,24.061947591865));
#2725=CARTESIAN_POINT('',(-61.8042895528493,23.4284425725234,21.9076582178296));
#2726=CARTESIAN_POINT('',(-63.9585789268847,16.3284425725234,24.061947591865));
#2727=CARTESIAN_POINT('Origin',(-75.0000002831221,16.3284425725234,24.061947591865));
#2728=CARTESIAN_POINT('',(-75.1000002831221,23.4284425725234,24.061947591865));
#2729=CARTESIAN_POINT('',(-67.5000002123415,23.4284425725234,24.061947591865));
#2730=CARTESIAN_POINT('',(-75.1000002831221,16.3284425725234,24.061947591865));
#2731=CARTESIAN_POINT('Origin',(-75.1000002831221,16.3284425725234,22.6940629931907));
#2732=CARTESIAN_POINT('',(-75.1000002831221,23.4284425725234,22.6940629931907));
#2733=CARTESIAN_POINT('',(-75.1000002831221,23.4284425725234,21.0780052590002));
#2734=CARTESIAN_POINT('',(-75.1000002831221,16.3284425725234,22.6940629931907));
#2735=CARTESIAN_POINT('Origin',(-70.9646168457206,16.3284425725234,22.6940629931907));
#2736=CARTESIAN_POINT('',(-74.2352265549848,23.4284425725234,20.1633499901022));
#2737=CARTESIAN_POINT('Origin',(-70.9646168457206,23.4284425725234,22.6940629931907));
#2738=CARTESIAN_POINT('',(-74.2352265549848,16.3284425725234,20.1633499901021));
#2739=CARTESIAN_POINT('Origin',(-62.1857895799077,16.3284425725234,20.1633499901021));
#2740=CARTESIAN_POINT('',(-62.21330529993,23.4284425725234,20.1633499901022));
#2741=CARTESIAN_POINT('',(-61.0928948607344,23.4284425725234,20.1633499901022));
#2742=CARTESIAN_POINT('',(-62.21330529993,16.3284425725234,20.1633499901021));
#2743=CARTESIAN_POINT('Origin',(-60.0511584019142,16.3284425725234,18.8760240584954));
#2744=CARTESIAN_POINT('',(-60.1010008310341,23.4284425725234,18.9056998643156));
#2745=CARTESIAN_POINT('',(-60.1610505642238,23.4284425725234,18.9414530218795));
#2746=CARTESIAN_POINT('',(-60.1010008310341,16.3284425725234,18.9056998643156));
#2747=CARTESIAN_POINT('Origin',(-60.1699966451112,16.3284425725234,14.9668162511442));
#2748=CARTESIAN_POINT('',(-60.1306129606705,23.4284425725234,17.2151808997063));
#2749=CARTESIAN_POINT('Origin',(-60.000000141561,23.4284425725234,19.4619475248098));
#2750=CARTESIAN_POINT('Origin',(-61.8267267173784,16.3284425725234,8.93246381304712));
#2751=CARTESIAN_POINT('',(-61.7867744017547,3.22844257252342,9.06194736834754));
#2752=CARTESIAN_POINT('',(-61.1951934663599,3.22844257252341,10.9792330517211));
#2753=CARTESIAN_POINT('',(-61.7867744017547,16.3284425725234,9.06194736834757));
#2754=CARTESIAN_POINT('Origin',(-48.0000000447035,16.3284425725234,9.06194736834757));
#2755=CARTESIAN_POINT('',(-47.9000000447035,3.22844257252342,9.06194736834754));
#2756=CARTESIAN_POINT('',(-51.7500001005828,3.22844257252341,9.06194736834754));
#2757=CARTESIAN_POINT('',(-47.9000000447035,16.3284425725234,9.06194736834757));
#2758=CARTESIAN_POINT('Origin',(-47.9000000447035,16.3284425725234,7.96194735344642));
#2759=CARTESIAN_POINT('',(-47.9000000447035,3.22844257252341,9.71277544716655));
#2760=CARTESIAN_POINT('Origin',(-55.5000001564622,3.22844257252341,11.4636035408867));
#2761=CARTESIAN_POINT('',(-61.3626515830736,3.2284425725234,14.0962844428058));
#2762=CARTESIAN_POINT('Origin',(-140.38523115694,30.3284425725234,2.96194698091742));
#2763=CARTESIAN_POINT('',(-140.38523115694,30.2284425725234,2.86194698091741));
#2764=CARTESIAN_POINT('',(-140.38523115694,30.2284425725234,7.21194698091742));
#2765=CARTESIAN_POINT('',(-140.38523115694,31.4284425725234,2.86194698091742));
#2766=CARTESIAN_POINT('',(-140.38523115694,31.4284425725234,4.21194698091742));
#2767=CARTESIAN_POINT('',(-140.38523115694,30.3284425725234,2.86194698091742));
#2768=CARTESIAN_POINT('Origin',(-114.28523115694,30.3284425725234,2.86194698091742));
#2769=CARTESIAN_POINT('',(-114.18523115694,30.2284425725234,2.86194698091741));
#2770=CARTESIAN_POINT('',(-110.14261557847,30.2284425725234,2.86194698091741));
#2771=CARTESIAN_POINT('',(-114.18523115694,31.4284425725234,2.86194698091742));
#2772=CARTESIAN_POINT('',(-120.78523115694,31.4284425725234,2.86194698091742));
#2773=CARTESIAN_POINT('',(-114.18523115694,30.3284425725234,2.86194698091742));
#2774=CARTESIAN_POINT('Origin',(-114.18523115694,30.3284425725234,7.96194698091742));
#2775=CARTESIAN_POINT('',(-114.18523115694,30.2284425725234,9.71194698091742));
#2776=CARTESIAN_POINT('',(-114.18523115694,31.4284425725234,6.71194698091742));
#2777=CARTESIAN_POINT('Origin',(-127.28523115694,31.4284425725234,5.46194698091742));
#2778=CARTESIAN_POINT('Origin',(-53.0000001192093,30.4284425725234,11.4636035408868));
#2779=CARTESIAN_POINT('',(-61.2694408484398,30.4284425725234,14.4246518878693));
#2780=CARTESIAN_POINT('Origin',(-53.0000001192093,30.4284425725234,11.4636035408868));
#2781=CARTESIAN_POINT('Origin',(-61.1082318628216,30.3284425725234,14.9925669776569));
#2782=CARTESIAN_POINT('',(-63.2457259729289,30.2284425725234,7.46249565559867));
#2783=CARTESIAN_POINT('Origin',(-45.001290876043,35.3284425725234,7.86195568559837));
#2784=CARTESIAN_POINT('',(-75.5187969212074,35.4284425725234,8.25593168673267));
#2785=CARTESIAN_POINT('Origin',(-164.25,26.2284425725234,11.1223750670379));
#2786=CARTESIAN_POINT('Origin',(-164.25,30.4284425725234,11.1223750670379));
#2787=CARTESIAN_POINT('',(-164.68321595662,30.4284425725234,13.2119469809174));
#2788=CARTESIAN_POINT('Origin',(-106.,35.4284425725234,11.4619469809174));
#2789=CARTESIAN_POINT('Origin',(-163.5,35.4284425725234,11.4619469809174));
#2790=CARTESIAN_POINT('Origin',(-163.5,35.3284425725234,11.4619469809174));
#2791=CARTESIAN_POINT('',(-167.1,33.8284425725234,11.4619469809174));
#2792=CARTESIAN_POINT('Origin',(-163.5,33.8284425725234,11.4619469809174));
#2793=CARTESIAN_POINT('Origin',(-163.5,33.8284425725234,11.4619469809174));
#2794=CARTESIAN_POINT('Origin',(-163.5,33.8284425725234,13.2119469809174));
#2795=CARTESIAN_POINT('',(-163.5,30.2284425725234,13.2119469809174));
#2796=CARTESIAN_POINT('',(-163.5,30.2284425725234,13.2119469809174));
#2797=CARTESIAN_POINT('Origin',(-106.,30.2284425725234,11.4619469809174));
#2798=CARTESIAN_POINT('',(0.,0.,0.));
#2799=CARTESIAN_POINT('',(0.,0.,0.));
#2800=CARTESIAN_POINT('Ctrl Pts',(-145.233689054722,32.5281240514902,7.7073800709078));
#2801=CARTESIAN_POINT('Ctrl Pts',(-145.191771300499,32.2315385689813,7.4761405605569));
#2802=CARTESIAN_POINT('Ctrl Pts',(-145.107666303092,31.7562896300495,6.86325916739289));
#2803=CARTESIAN_POINT('Ctrl Pts',(-144.973640762988,31.5694237498917,5.71515831302587));
#2804=CARTESIAN_POINT('Ctrl Pts',(-144.826512111357,31.9546723606792,4.61969366099706));
#2805=CARTESIAN_POINT('Ctrl Pts',(-144.664336669759,32.815693920422,3.84325789662405));
#2806=CARTESIAN_POINT('Ctrl Pts',(-144.488769574271,33.9419369183542,3.57653509455753));
#2807=CARTESIAN_POINT('Ctrl Pts',(-144.304810302969,35.0567487267435,3.88272650684366));
#2808=CARTESIAN_POINT('Ctrl Pts',(-144.119469394516,35.8862135823037,4.68774647981145));
#2809=CARTESIAN_POINT('Ctrl Pts',(-143.94010325459,36.2275504908344,5.79306007378051));
#2810=CARTESIAN_POINT('Ctrl Pts',(-143.772633741857,35.9951225630153,6.92811126580634));
#2811=CARTESIAN_POINT('Ctrl Pts',(-143.620017299558,35.2463246269997,7.8149142205148));
#2812=CARTESIAN_POINT('Ctrl Pts',(-143.48164598249,34.1624688339728,8.23505594866641));
#2813=CARTESIAN_POINT('Ctrl Pts',(-143.353360058489,33.0084057282983,8.08648167137085));
#2814=CARTESIAN_POINT('Ctrl Pts',(-143.22858108735,32.0658037871934,7.40355538753789));
#2815=CARTESIAN_POINT('Ctrl Pts',(-143.099852890171,31.5636817849376,6.35398780691984));
#2816=CARTESIAN_POINT('Ctrl Pts',(-142.960674211602,31.6252196294015,5.19318852828042));
#2817=CARTESIAN_POINT('Ctrl Pts',(-142.807134497794,32.2333437359778,4.20488489457022));
#2818=CARTESIAN_POINT('Ctrl Pts',(-142.638798665779,33.2392913154826,3.63021931588563));
#2819=CARTESIAN_POINT('Ctrl Pts',(-142.458861785024,34.3961613751617,3.60961256617594));
#2820=CARTESIAN_POINT('Ctrl Pts',(-142.273420117325,35.4187604799994,4.14571074747559));
#2821=CARTESIAN_POINT('Ctrl Pts',(-142.089706775208,36.0595338075844,5.11204891007229));
#2822=CARTESIAN_POINT('Ctrl Pts',(-141.915011876116,36.1542081844502,6.25953755634576));
#2823=CARTESIAN_POINT('Ctrl Pts',(-141.699609593207,35.5364401429506,7.68894228781607));
#2824=CARTESIAN_POINT('Ctrl Pts',(-141.515745683869,33.988061369463,8.35459020730733));
#2825=CARTESIAN_POINT('Ctrl Pts',(-141.348275881247,32.5197258204022,7.81869461330356));
#2826=CARTESIAN_POINT('Ctrl Pts',(-141.222557571205,31.7452981945394,6.95808248677828));
#2827=CARTESIAN_POINT('Ctrl Pts',(-141.090096745095,31.4765980775166,5.82298199334438));
#2828=CARTESIAN_POINT('Ctrl Pts',(-140.945027543396,31.7827591075635,4.70378538132306));
#2829=CARTESIAN_POINT('Ctrl Pts',(-140.784985113948,32.5866424722664,3.86741672757652));
#2830=CARTESIAN_POINT('Ctrl Pts',(-140.611096282953,33.6910374329021,3.52056225825902));
#2831=CARTESIAN_POINT('Ctrl Pts',(-140.427938313611,34.824918114688,3.74639672695432));
#2832=CARTESIAN_POINT('Ctrl Pts',(-140.242320275859,35.7101593621121,4.49020351630597));
#2833=CARTESIAN_POINT('Ctrl Pts',(-140.061711809571,36.1293731232694,5.56678197335006));
#2834=CARTESIAN_POINT('Ctrl Pts',(-139.8922364935,35.9784189972049,6.7186019125582));
#2835=CARTESIAN_POINT('Ctrl Pts',(-139.737519304161,35.296238242142,7.64967119960783));
#2836=CARTESIAN_POINT('Ctrl Pts',(-139.550400002314,33.8904105411237,8.32780760138652));
#2837=CARTESIAN_POINT('Ctrl Pts',(-139.385543907671,32.2815635159294,7.81907201798801));
#2838=CARTESIAN_POINT('Ctrl Pts',(-139.215363767991,31.5199453621842,6.45444362674596));
#2839=CARTESIAN_POINT('Ctrl Pts',(-139.07795458688,31.496001660969,5.29826741863744));
#2840=CARTESIAN_POINT('Ctrl Pts',(-138.926591897368,32.0338848440729,4.26580956530982));
#2841=CARTESIAN_POINT('Ctrl Pts',(-138.760250416246,32.9956831886806,3.62187227378055));
#2842=CARTESIAN_POINT('Ctrl Pts',(-138.581663889438,34.1483382604722,3.51771962070124));
#2843=CARTESIAN_POINT('Ctrl Pts',(-138.396541618937,35.2075150809347,3.98043736358965));
#2844=CARTESIAN_POINT('Ctrl Pts',(-138.212189478269,35.9139821301518,4.89539752569677));
#2845=CARTESIAN_POINT('Ctrl Pts',(-138.035727909838,36.0934330109435,6.03908163131968));
#2846=CARTESIAN_POINT('Ctrl Pts',(-137.872339221677,35.7028893428418,7.12910941049108));
#2847=CARTESIAN_POINT('Ctrl Pts',(-137.724051893537,34.8322957249997,7.90259232705899));
#2848=CARTESIAN_POINT('Ctrl Pts',(-137.589052096276,33.7048845442726,8.16127570941098));
#2849=CARTESIAN_POINT('Ctrl Pts',(-137.420504538573,32.1955643946799,7.75534647227883));
#2850=CARTESIAN_POINT('Ctrl Pts',(-137.254069180865,31.3099999721264,6.31922213920385));
#2851=CARTESIAN_POINT('Ctrl Pts',(-137.063192568711,31.6249731087319,4.79095770499022));
#2852=CARTESIAN_POINT('Ctrl Pts',(-136.90537750731,32.3615787535362,3.9028673163295));
#2853=CARTESIAN_POINT('Ctrl Pts',(-136.733214274362,33.4416567568394,3.4762650081573));
#2854=CARTESIAN_POINT('Ctrl Pts',(-136.551018971742,34.5876215230016,3.62100755855826));
#2855=CARTESIAN_POINT('Ctrl Pts',(-136.365288527852,35.5243434878451,4.29880605368669));
#2856=CARTESIAN_POINT('Ctrl Pts',(-136.183525710891,36.0192616842593,5.34391454511927));
#2857=CARTESIAN_POINT('Ctrl Pts',(-136.012196084624,35.9515735794205,6.49989810091166));
#2858=CARTESIAN_POINT('Ctrl Pts',(-135.855253119096,35.3359404498394,7.48362539673113));
#2859=CARTESIAN_POINT('Ctrl Pts',(-135.71306022994,34.3247885160329,8.05347952588253));
#2860=CARTESIAN_POINT('Ctrl Pts',(-135.582559883163,33.1582093866281,8.06963488613421));
#2861=CARTESIAN_POINT('Ctrl Pts',(-135.457385501373,32.1346773549563,7.52842183910076));
#2862=CARTESIAN_POINT('Ctrl Pts',(-135.288625989845,31.2569932744632,6.23519911240167));
#2863=CARTESIAN_POINT('Ctrl Pts',(-135.100795859637,31.5251347676135,4.57170935990102));
#2864=CARTESIAN_POINT('Ctrl Pts',(-134.881346839161,32.7606588885279,3.62484273107549));
#2865=CARTESIAN_POINT('Ctrl Pts',(-134.704379196784,33.8963496490885,3.43752760108548));
#2866=CARTESIAN_POINT('Ctrl Pts',(-134.519677813724,34.9893717029163,3.82403295716516));
#2867=CARTESIAN_POINT('Ctrl Pts',(-134.334791757511,35.7580663811568,4.6856050187718));
#2868=CARTESIAN_POINT('Ctrl Pts',(-134.156807383959,36.0196340161743,5.81310604861129));
#2869=CARTESIAN_POINT('Ctrl Pts',(-133.991355818829,35.7068938826299,6.92892542920223));
#2870=CARTESIAN_POINT('Ctrl Pts',(-133.840903882715,34.8964845749356,7.7600899559706));
#2871=CARTESIAN_POINT('Ctrl Pts',(-133.704306799828,33.7848729972266,8.10216534891272));
#2872=CARTESIAN_POINT('Ctrl Pts',(-133.576931564547,32.6454296325274,7.87232812921514));
#2873=CARTESIAN_POINT('Ctrl Pts',(-133.452128237099,31.7511081437349,7.12212055428769));
#2874=CARTESIAN_POINT('Ctrl Pts',(-133.322087570314,31.3298197842764,6.04425064044789));
#2875=CARTESIAN_POINT('Ctrl Pts',(-133.134435946636,31.5103455325184,4.49395019824801));
#2876=CARTESIAN_POINT('Ctrl Pts',(-132.915846899058,32.7990299328513,3.41418655769706));
#2877=CARTESIAN_POINT('Ctrl Pts',(-132.673907180207,34.3493747923667,3.50973825966462));
#2878=CARTESIAN_POINT('Ctrl Pts',(-132.488396308276,35.3277330197077,4.11355851717828));
#2879=CARTESIAN_POINT('Ctrl Pts',(-132.305544065436,35.8981251746473,5.12321987040944));
#2880=CARTESIAN_POINT('Ctrl Pts',(-132.132444758951,35.9124100146242,6.27959928605083));
#2881=CARTESIAN_POINT('Ctrl Pts',(-131.973312481206,35.3694155618019,7.30487416606634));
#2882=CARTESIAN_POINT('Ctrl Pts',(-131.82915590579,34.4001591741301,7.94518224688168));
#2883=CARTESIAN_POINT('Ctrl Pts',(-131.697238066172,33.2412825546464,8.04435969411123));
#2884=CARTESIAN_POINT('Ctrl Pts',(-131.57187516467,32.1750839851862,7.57653559188745));
#2885=CARTESIAN_POINT('Ctrl Pts',(-131.445701001603,31.462336497614,6.65813922920164));
#2886=CARTESIAN_POINT('Ctrl Pts',(-131.311721732658,31.2755177123918,5.50690228645102));
#2887=CARTESIAN_POINT('Ctrl Pts',(-131.164500264775,31.6606410017578,4.41777240469791));
#2888=CARTESIAN_POINT('Ctrl Pts',(-130.948505183488,32.8090139361536,3.36619270386696));
#2889=CARTESIAN_POINT('Ctrl Pts',(-130.704818830991,34.4865421562848,3.39609600417675));
#2890=CARTESIAN_POINT('Ctrl Pts',(-130.457456849017,35.5921873097677,4.48586432012774));
#2891=CARTESIAN_POINT('Ctrl Pts',(-130.278185473855,35.9336524315613,5.58470978414738));
#2892=CARTESIAN_POINT('Ctrl Pts',(-130.110666355017,35.7011458882407,6.72316323141465));
#2893=CARTESIAN_POINT('Ctrl Pts',(-129.958073464257,34.9524109888437,7.60831420246965));
#2894=CARTESIAN_POINT('Ctrl Pts',(-129.819690043034,33.8684759530306,8.02937180554953));
#2895=CARTESIAN_POINT('Ctrl Pts',(-129.691409574405,32.7145541402227,7.88023408037041));
#2896=CARTESIAN_POINT('Ctrl Pts',(-129.566628316108,31.7716906705182,7.1978326936819));
#2897=CARTESIAN_POINT('Ctrl Pts',(-129.43789998672,31.2701122892189,6.14749812913585));
#2898=CARTESIAN_POINT('Ctrl Pts',(-129.298723591037,31.3306066553945,4.98803649472229));
#2899=CARTESIAN_POINT('Ctrl Pts',(-129.145177871583,31.9409200312316,3.99700706940044));
#2900=CARTESIAN_POINT('Ctrl Pts',(-128.976853928954,32.9426900408438,3.42751437499148));
#2901=CARTESIAN_POINT('Ctrl Pts',(-128.736909832151,34.4957536530364,3.38682896131449));
#2902=CARTESIAN_POINT('Ctrl Pts',(-128.486047875771,35.7404754014744,4.51026549844934));
#2903=CARTESIAN_POINT('Ctrl Pts',(-128.252980794462,35.8591376089603,6.06037501753384));
#2904=CARTESIAN_POINT('Ctrl Pts',(-128.091683748725,35.3952697866051,7.1163112371022));
#2905=CARTESIAN_POINT('Ctrl Pts',(-127.945491278233,34.4718166968399,7.8262860381062));
#2906=CARTESIAN_POINT('Ctrl Pts',(-127.812107527464,33.3241788654074,8.00665055824697));
#2907=CARTESIAN_POINT('Ctrl Pts',(-127.686233001542,32.2271922269551,7.61669426803927));
#2908=CARTESIAN_POINT('Ctrl Pts',(-127.56065613368,31.4506281204763,6.74974992472705));
#2909=CARTESIAN_POINT('Ctrl Pts',(-127.428124118521,31.182806714307,5.61811703703361));
#2910=CARTESIAN_POINT('Ctrl Pts',(-127.283082329499,31.4890888452542,4.49692949726316));
#2911=CARTESIAN_POINT('Ctrl Pts',(-127.123037446549,32.2919292067906,3.66221194548654));
#2912=CARTESIAN_POINT('Ctrl Pts',(-126.949123519456,33.3990014985895,3.31320136831326));
#2913=CARTESIAN_POINT('Ctrl Pts',(-126.76602610081,34.5275640686344,3.54260887856185));
#2914=CARTESIAN_POINT('Ctrl Pts',(-126.518363760657,35.7217779054192,4.52590970725702));
#2915=CARTESIAN_POINT('Ctrl Pts',(-126.222258931159,35.9803585471067,6.62264445861121));
#2916=CARTESIAN_POINT('Ctrl Pts',(-125.929331359072,34.008593484479,8.25675836477204));
#2917=CARTESIAN_POINT('Ctrl Pts',(-125.723771686516,31.9825056385186,7.60843076299192));
#2918=CARTESIAN_POINT('Ctrl Pts',(-125.55327975417,31.2295176656249,6.25216632000579));
#2919=CARTESIAN_POINT('Ctrl Pts',(-125.370549865424,31.1849962069149,4.69658189773265));
#2920=CARTESIAN_POINT('Ctrl Pts',(-125.158157171329,32.3093602518797,3.44033877500407));
#2921=CARTESIAN_POINT('Ctrl Pts',(-124.919601965684,33.8570713734233,3.31517474806293));
#2922=CARTESIAN_POINT('Ctrl Pts',(-124.734651165028,34.9121210508007,3.77240941803017));
#2923=CARTESIAN_POINT('Ctrl Pts',(-124.550211936992,35.6205043172764,4.69041109212758));
#2924=CARTESIAN_POINT('Ctrl Pts',(-124.373785762319,35.7995903123262,5.83226844150736));
#2925=CARTESIAN_POINT('Ctrl Pts',(-124.210389725883,35.4082416657434,6.92393229939309));
#2926=CARTESIAN_POINT('Ctrl Pts',(-124.062081322498,34.5402437833224,7.6951088673999));
#2927=CARTESIAN_POINT('Ctrl Pts',(-123.927136559253,33.4075090401491,7.95773895724597));
#2928=CARTESIAN_POINT('Ctrl Pts',(-123.800614460295,32.2858482570693,7.64594248852675));
#2929=CARTESIAN_POINT('Ctrl Pts',(-123.675426657741,31.449932777282,6.83788883164052));
#2930=CARTESIAN_POINT('Ctrl Pts',(-123.544354054352,31.1014887642817,5.72451135005945));
#2931=CARTESIAN_POINT('Ctrl Pts',(-123.401210746126,31.3280272721972,4.59120412951858));
#2932=CARTESIAN_POINT('Ctrl Pts',(-123.190989349224,32.3155259754851,3.38626035312954));
#2933=CARTESIAN_POINT('Ctrl Pts',(-122.951183207595,33.9807107475487,3.17642717979117));
#2934=CARTESIAN_POINT('Ctrl Pts',(-122.703267950398,35.2306240962617,4.09701868226911));
#2935=CARTESIAN_POINT('Ctrl Pts',(-122.521610011362,35.725292162796,5.13552819907294));
#2936=CARTESIAN_POINT('Ctrl Pts',(-122.350232291708,35.6574404850277,6.29493491586335));
#2937=CARTESIAN_POINT('Ctrl Pts',(-122.193296903317,35.0425465934423,7.27710476632361));
#2938=CARTESIAN_POINT('Ctrl Pts',(-122.051127913535,34.0298093706374,7.84763601941729));
#2939=CARTESIAN_POINT('Ctrl Pts',(-121.92055426449,32.866656784328,7.86376335979659));
#2940=CARTESIAN_POINT('Ctrl Pts',(-121.79552922927,31.8365416320624,7.32203924641995));
#2941=CARTESIAN_POINT('Ctrl Pts',(-121.668670090931,31.1908840673477,6.35333510995399));
#2942=CARTESIAN_POINT('Ctrl Pts',(-121.533008917752,31.0860755899969,5.19661906444803));
#2943=CARTESIAN_POINT('Ctrl Pts',(-121.383788491217,31.5494825874124,4.1283562598661));
#2944=CARTESIAN_POINT('Ctrl Pts',(-121.219489626013,32.4603639394501,3.42160378995153));
#2945=CARTESIAN_POINT('Ctrl Pts',(-120.983336757585,33.9923004234296,3.15961796902439));
#2946=CARTESIAN_POINT('Ctrl Pts',(-120.732152378649,35.3846728501237,4.09373980689531));
#2947=CARTESIAN_POINT('Ctrl Pts',(-120.494860396779,35.7231080459032,5.6104428999175));
#2948=CARTESIAN_POINT('Ctrl Pts',(-120.329397614217,35.4144999115116,6.72110985942749));
#2949=CARTESIAN_POINT('Ctrl Pts',(-120.178959161896,34.6017255459456,7.55475505019515));
#2950=CARTESIAN_POINT('Ctrl Pts',(-120.042338572034,33.491692300101,7.89613722169715));
#2951=CARTESIAN_POINT('Ctrl Pts',(-119.915006583374,32.3506078103444,7.66577361973641));
#2952=CARTESIAN_POINT('Ctrl Pts',(-119.790113642118,31.4588935543229,6.91778903402061));
#2953=CARTESIAN_POINT('Ctrl Pts',(-119.66024362281,31.0329660375975,5.83522123927668));
#2954=CARTESIAN_POINT('Ctrl Pts',(-119.519178776111,31.1770900783041,4.68166863660844));
#2955=CARTESIAN_POINT('Ctrl Pts',(-119.36347532465,31.8529528519708,3.74020874587857));
#2956=CARTESIAN_POINT('Ctrl Pts',(-119.193161894253,32.9002058231625,3.23776198144185));
#2957=CARTESIAN_POINT('Ctrl Pts',(-119.012128111905,34.0488312590493,3.30167118013094));
#2958=CARTESIAN_POINT('Ctrl Pts',(-118.764285327379,35.3746779271495,4.10909839392699));
#2959=CARTESIAN_POINT('Ctrl Pts',(-118.523307169699,35.8118870088902,5.72933168614214));
#2960=CARTESIAN_POINT('Ctrl Pts',(-118.311436475398,35.0713426127813,7.09971081069871));
#2961=CARTESIAN_POINT('Ctrl Pts',(-118.167158066726,34.1085818253258,7.73883006007531));
#2962=CARTESIAN_POINT('Ctrl Pts',(-118.035308701337,32.9462940183781,7.83833382886595));
#2963=CARTESIAN_POINT('Ctrl Pts',(-117.909902691876,31.8817418474374,7.37101938695882));
#2964=CARTESIAN_POINT('Ctrl Pts',(-117.783769996693,31.1680990953231,6.4511502643295));
#2965=CARTESIAN_POINT('Ctrl Pts',(-117.649728578808,30.9817945944682,5.30330139235704));
#2966=CARTESIAN_POINT('Ctrl Pts',(-117.502615697879,31.3664889235351,4.20758173154752));
#2967=CARTESIAN_POINT('Ctrl Pts',(-117.340415947986,32.2283581067921,3.43154862059611));
#2968=CARTESIAN_POINT('Ctrl Pts',(-117.164891994305,33.3531008458859,3.164105370507));
#2969=CARTESIAN_POINT('Ctrl Pts',(-116.980844323251,34.4709840771122,3.47177684701936));
#2970=CARTESIAN_POINT('Ctrl Pts',(-116.79567128802,35.2946173480427,4.27398454458522));
#2971=CARTESIAN_POINT('Ctrl Pts',(-116.556090675251,35.7645213133262,5.75487128303922));
#2972=CARTESIAN_POINT('Ctrl Pts',(-116.341917450624,35.0308143806652,7.26820605818179));
#2973=CARTESIAN_POINT('Ctrl Pts',(-116.157847735049,33.5708712997242,7.82130521651888));
#2974=CARTESIAN_POINT('Ctrl Pts',(-116.029394333198,32.4226355778339,7.67552298672967));
#2975=CARTESIAN_POINT('Ctrl Pts',(-115.904703089446,31.4769811670037,6.99113418615984));
#2976=CARTESIAN_POINT('Ctrl Pts',(-115.775933110236,30.9763129670791,5.94226316190708));
#2977=CARTESIAN_POINT('Ctrl Pts',(-115.636776144973,31.0370952988944,4.78110189646456));
#2978=CARTESIAN_POINT('Ctrl Pts',(-115.483226104675,31.6455787148356,3.79297041772056));
#2979=CARTESIAN_POINT('Ctrl Pts',(-115.314895637165,32.6513396368207,3.21821540630109));
#2980=CARTESIAN_POINT('Ctrl Pts',(-115.134956207452,33.8082983872675,3.19765115076966));
#2981=CARTESIAN_POINT('Ctrl Pts',(-114.949515859816,34.8308515606192,3.73372732503521));
#2982=CARTESIAN_POINT('Ctrl Pts',(-114.765801899565,35.4716463961437,4.70007579267535));
#2983=CARTESIAN_POINT('Ctrl Pts',(-114.591107304268,35.5663102024786,5.84755937431761));
#2984=CARTESIAN_POINT('Ctrl Pts',(-114.375704873175,34.9485473170286,7.27696657619266));
#2985=CARTESIAN_POINT('Ctrl Pts',(-114.191841060783,33.4001651703187,7.94261287948068));
#2986=CARTESIAN_POINT('Ctrl Pts',(-114.024371213318,31.931831181572,7.40671803306617));
#2987=CARTESIAN_POINT('Ctrl Pts',(-113.898652921913,31.1574029072358,6.54610559583948));
#2988=CARTESIAN_POINT('Ctrl Pts',(-113.766192085991,30.8887031316034,5.41100526597503));
#2989=CARTESIAN_POINT('Ctrl Pts',(-113.621122888968,31.1948639989347,4.29180857599223));
#2990=CARTESIAN_POINT('Ctrl Pts',(-113.46108045709,31.9987474482065,3.45543996276498));
#2991=CARTESIAN_POINT('Ctrl Pts',(-113.287191627252,33.103142368622,3.10858547417693));
#2992=CARTESIAN_POINT('Ctrl Pts',(-113.104033657308,34.237023071302,3.33441995288311));
#2993=CARTESIAN_POINT('Ctrl Pts',(-112.918415619842,35.1222643087982,4.07822673747806));
#2994=CARTESIAN_POINT('Ctrl Pts',(-112.737807153406,35.541478075097,5.15480519698558));
#2995=CARTESIAN_POINT('Ctrl Pts',(-112.568331837405,35.3905239466249,6.30662513504021));
#2996=CARTESIAN_POINT('Ctrl Pts',(-112.413614648032,34.7083431927452,7.23769442265675));
#2997=CARTESIAN_POINT('Ctrl Pts',(-112.226495346201,33.3025154911499,7.9158308241589));
#2998=CARTESIAN_POINT('Ctrl Pts',(-112.061639251547,31.6936684663331,7.40709524094129));
#2999=CARTESIAN_POINT('Ctrl Pts',(-111.891459111872,30.9320503124132,6.04246684961553));
#3000=CARTESIAN_POINT('Ctrl Pts',(-111.754049930759,30.9081066112706,4.88629064154188));
#3001=CARTESIAN_POINT('Ctrl Pts',(-111.602687241249,31.4459897943363,3.85383278819575));
#3002=CARTESIAN_POINT('Ctrl Pts',(-111.436345760125,32.4077881389625,3.20989549667569));
#3003=CARTESIAN_POINT('Ctrl Pts',(-111.257759233318,33.5604432107439,3.1057428435909));
#3004=CARTESIAN_POINT('Ctrl Pts',(-111.072636962816,34.6196200312125,3.56846058648346));
#3005=CARTESIAN_POINT('Ctrl Pts',(-110.88828482215,35.3260870804242,4.48342074858565));
#3006=CARTESIAN_POINT('Ctrl Pts',(-110.711823253717,35.5055379612236,5.62710485421717));
#3007=CARTESIAN_POINT('Ctrl Pts',(-110.548434565557,35.1149942931084,6.71713263337274));
#3008=CARTESIAN_POINT('Ctrl Pts',(-110.400147237416,34.2444006752937,7.49061554997337));
#3009=CARTESIAN_POINT('Ctrl Pts',(-110.265147440157,33.116989494515,7.74929893226337));
#3010=CARTESIAN_POINT('Ctrl Pts',(-110.09659988245,31.6076693450461,7.34336969528026));
#3011=CARTESIAN_POINT('Ctrl Pts',(-109.930164524752,30.7221049222252,5.90724536188308));
#3012=CARTESIAN_POINT('Ctrl Pts',(-109.739287912582,31.0370780592394,4.37898092816191));
#3013=CARTESIAN_POINT('Ctrl Pts',(-109.581472851214,31.7736837032058,3.49089053849162));
#3014=CARTESIAN_POINT('Ctrl Pts',(-109.409309618198,32.853761708214,3.06428823237362));
#3015=CARTESIAN_POINT('Ctrl Pts',(-109.227114315723,33.9997264707349,3.20903077838771));
#3016=CARTESIAN_POINT('Ctrl Pts',(-109.041383871553,34.9364484426095,3.88682928198693));
#3017=CARTESIAN_POINT('Ctrl Pts',(-108.85962105518,35.4313666242261,4.93193775559199));
#3018=CARTESIAN_POINT('Ctrl Pts',(-108.688291427782,35.3636785478721,6.08792134570169));
#3019=CARTESIAN_POINT('Ctrl Pts',(-108.531348464632,34.7480453583972,7.07164856936378));
#3020=CARTESIAN_POINT('Ctrl Pts',(-108.389155570902,33.7368935398301,7.64150283735021));
#3021=CARTESIAN_POINT('Ctrl Pts',(-108.25865523372,32.5703141686436,7.65765790631488));
#3022=CARTESIAN_POINT('Ctrl Pts',(-108.133480833705,31.5467825962379,7.1164454125833));
#3023=CARTESIAN_POINT('Ctrl Pts',(-107.964721366028,30.669097410689,5.82322135456555));
#3024=CARTESIAN_POINT('Ctrl Pts',(-107.776891141021,30.9372412928448,4.15973448022492));
#3025=CARTESIAN_POINT('Ctrl Pts',(-107.557442265446,32.172761762108,3.21286345206395));
#3026=CARTESIAN_POINT('Ctrl Pts',(-107.380474326007,33.3084600089994,3.02555734124851));
#3027=CARTESIAN_POINT('Ctrl Pts',(-107.19577354738,34.4014668303331,3.41204434594542));
#3028=CARTESIAN_POINT('Ctrl Pts',(-107.010886200365,35.1701940384723,4.27365559802313));
#3029=CARTESIAN_POINT('Ctrl Pts',(-106.832904319268,35.4316988603313,5.40108095356435));
#3030=CARTESIAN_POINT('Ctrl Pts',(-106.667447508547,35.1190909226027,6.51705959737063));
#3031=CARTESIAN_POINT('Ctrl Pts',(-106.517005670016,34.3084271424687,7.34791754787626));
#3032=CARTESIAN_POINT('Ctrl Pts',(-106.380387355143,33.197350638876,7.69063757262677));
#3033=CARTESIAN_POINT('Ctrl Pts',(-106.253052975709,32.056877652914,7.45955991406272));
#3034=CARTESIAN_POINT('Ctrl Pts',(-106.128163865544,31.1647179992626,6.71195682236084));
#3035=CARTESIAN_POINT('Ctrl Pts',(-105.998286964089,30.7393025432158,5.62911476265196));
#3036=CARTESIAN_POINT('Ctrl Pts',(-105.857236292031,30.8825576128686,4.47586207302561));
#3037=CARTESIAN_POINT('Ctrl Pts',(-105.701505686546,31.5600072212086,3.53393871383131));
#3038=CARTESIAN_POINT('Ctrl Pts',(-105.531249196898,32.6039796433294,3.03239679391977));
#3039=CARTESIAN_POINT('Ctrl Pts',(-105.350106740798,33.7588470025463,3.09460637118502));
#3040=CARTESIAN_POINT('Ctrl Pts',(-105.164431672268,34.7413529676857,3.70339792272353));
#3041=CARTESIAN_POINT('Ctrl Pts',(-104.981665890364,35.3095616530764,4.71044068318187));
#3042=CARTESIAN_POINT('Ctrl Pts',(-104.808524394396,35.3249105998913,5.86809977840686));
#3043=CARTESIAN_POINT('Ctrl Pts',(-104.649415877603,34.7813191993228,6.89265058998678));
#3044=CARTESIAN_POINT('Ctrl Pts',(-104.505243906973,33.8124451243235,7.53343417729846));
#3045=CARTESIAN_POINT('Ctrl Pts',(-104.373341551517,32.6531873987602,7.63212849685141));
#3046=CARTESIAN_POINT('Ctrl Pts',(-104.289749824765,31.9428669594116,7.32065441559617));
#3047=CARTESIAN_POINT('Ctrl Pts',(-104.247832070542,31.6462814769028,7.08941490524526));
#3048=CARTESIAN_POINT('Ctrl Pts',(-145.289769571796,32.5293306674109,7.70822562614501));
#3049=CARTESIAN_POINT('Ctrl Pts',(-145.247853271164,32.2327015017695,7.47695204427297));
#3050=CARTESIAN_POINT('Ctrl Pts',(-145.163746056371,31.7575183613844,6.86412382155467));
#3051=CARTESIAN_POINT('Ctrl Pts',(-145.029722231145,31.5705959914944,5.71598984125085));
#3052=CARTESIAN_POINT('Ctrl Pts',(-144.882592299363,31.955888134133,4.62054797340557));
#3053=CARTESIAN_POINT('Ctrl Pts',(-144.720417882637,32.8168864356827,3.84407742519855));
#3054=CARTESIAN_POINT('Ctrl Pts',(-144.544849955476,33.9431442881514,3.57738858539112));
#3055=CARTESIAN_POINT('Ctrl Pts',(-144.360890904312,35.0579678179322,3.88354867069285));
#3056=CARTESIAN_POINT('Ctrl Pts',(-144.175549972054,35.8874147140136,4.68859585088938));
#3057=CARTESIAN_POINT('Ctrl Pts',(-143.996183235877,36.2287830786424,5.79390410232205));
#3058=CARTESIAN_POINT('Ctrl Pts',(-143.828714430135,35.9963232010073,6.92895399669308));
#3059=CARTESIAN_POINT('Ctrl Pts',(-143.676097170137,35.2475464476627,7.81578095648606));
#3060=CARTESIAN_POINT('Ctrl Pts',(-143.53772661664,34.1636746503267,8.23589487998176));
#3061=CARTESIAN_POINT('Ctrl Pts',(-143.409440416894,33.0096027005002,8.0873515118404));
#3062=CARTESIAN_POINT('Ctrl Pts',(-143.284661557305,32.067015583676,7.40439667515999));
#3063=CARTESIAN_POINT('Ctrl Pts',(-143.155933884762,31.5648626886601,6.35483838300899));
#3064=CARTESIAN_POINT('Ctrl Pts',(-143.016754557471,31.6264327549876,5.19403614921626));
#3065=CARTESIAN_POINT('Ctrl Pts',(-142.863215696387,32.2345319629441,4.20571149005505));
#3066=CARTESIAN_POINT('Ctrl Pts',(-142.694879033695,33.2405001880999,3.63107154359169));
#3067=CARTESIAN_POINT('Ctrl Pts',(-142.514942586905,34.3973729096339,3.61043221305178));
#3068=CARTESIAN_POINT('Ctrl Pts',(-142.329500599619,35.4199646284932,4.14656213049015));
#3069=CARTESIAN_POINT('Ctrl Pts',(-142.145787021087,36.0607604585852,5.11288386180693));
#3070=CARTESIAN_POINT('Ctrl Pts',(-141.971092326823,36.1554162614094,6.26038542837405));
#3071=CARTESIAN_POINT('Ctrl Pts',(-141.755689842932,35.5376499585604,7.6898010086909));
#3072=CARTESIAN_POINT('Ctrl Pts',(-141.57182587072,33.9892753896168,8.35544709829454));
#3073=CARTESIAN_POINT('Ctrl Pts',(-141.404356343342,32.5209331287798,7.81954282682233));
#3074=CARTESIAN_POINT('Ctrl Pts',(-141.278638438981,31.7464833639599,6.95893538646157));
#3075=CARTESIAN_POINT('Ctrl Pts',(-141.146177100702,31.4778106443582,5.82382976570021));
#3076=CARTESIAN_POINT('Ctrl Pts',(-141.001108754151,31.7839434390529,4.70461672907089));
#3077=CARTESIAN_POINT('Ctrl Pts',(-140.841065462863,32.5878524666994,3.86826861462415));
#3078=CARTESIAN_POINT('Ctrl Pts',(-140.667177231591,33.6922426759808,3.52138114961153));
#3079=CARTESIAN_POINT('Ctrl Pts',(-140.484018788773,34.826122020369,3.74724892949072));
#3080=CARTESIAN_POINT('Ctrl Pts',(-140.298400595216,35.7113866847299,4.49103263628549));
#3081=CARTESIAN_POINT('Ctrl Pts',(-140.11779240658,36.1305740477001,5.56763034881079));
#3082=CARTESIAN_POINT('Ctrl Pts',(-139.948316458637,35.9796476996105,6.71945255680074));
#3083=CARTESIAN_POINT('Ctrl Pts',(-139.793599789244,35.2974444425406,7.65051946962167));
#3084=CARTESIAN_POINT('Ctrl Pts',(-139.606480471231,33.8916109556998,8.32866520002689));
#3085=CARTESIAN_POINT('Ctrl Pts',(-139.441624261744,32.2827683026215,7.81993099447421));
#3086=CARTESIAN_POINT('Ctrl Pts',(-139.271444274128,31.521150761018,6.45529164415091));
#3087=CARTESIAN_POINT('Ctrl Pts',(-139.134035684123,31.4971872640436,5.29910448039596));
#3088=CARTESIAN_POINT('Ctrl Pts',(-138.982672264906,32.0350945044875,4.2666606938584));
#3089=CARTESIAN_POINT('Ctrl Pts',(-138.816331477409,32.9968822706681,3.62269249390832));
#3090=CARTESIAN_POINT('Ctrl Pts',(-138.637744335263,34.1495432830396,3.51857217520511));
#3091=CARTESIAN_POINT('Ctrl Pts',(-138.452622100155,35.2087381186862,3.98126186285075));
#3092=CARTESIAN_POINT('Ctrl Pts',(-138.268270084047,35.9151823458479,4.89624633098651));
#3093=CARTESIAN_POINT('Ctrl Pts',(-138.091807841616,36.0946660330794,6.03992832373597));
#3094=CARTESIAN_POINT('Ctrl Pts',(-137.928419895061,35.7040898119951,7.12995337013407));
#3095=CARTESIAN_POINT('Ctrl Pts',(-137.780131847163,34.8335156958834,7.90345619466826));
#3096=CARTESIAN_POINT('Ctrl Pts',(-137.645132631511,33.7060890686598,8.16212304477411));
#3097=CARTESIAN_POINT('Ctrl Pts',(-137.476585250092,32.1967584394302,7.7561970703755));
#3098=CARTESIAN_POINT('Ctrl Pts',(-137.310149781843,31.3111964179824,6.32007664236301));
#3099=CARTESIAN_POINT('Ctrl Pts',(-137.119273124213,31.6261771929109,4.79180432441632));
#3100=CARTESIAN_POINT('Ctrl Pts',(-136.961458550618,32.3627750548609,3.90369268871096));
#3101=CARTESIAN_POINT('Ctrl Pts',(-136.789294726874,33.4428620236752,3.47711677056019));
#3102=CARTESIAN_POINT('Ctrl Pts',(-136.607099617529,34.588839035771,3.62182902715862));
#3103=CARTESIAN_POINT('Ctrl Pts',(-136.421369105391,35.5255443169227,4.29965585655566));
#3104=CARTESIAN_POINT('Ctrl Pts',(-136.239605742206,36.0204944945933,5.34475493811913));
#3105=CARTESIAN_POINT('Ctrl Pts',(-136.068276777684,35.952773231652,6.50074192131527));
#3106=CARTESIAN_POINT('Ctrl Pts',(-135.911332949214,35.337166272032,7.48448910606331));
#3107=CARTESIAN_POINT('Ctrl Pts',(-135.769140903342,34.3259915326111,8.05431984916034));
#3108=CARTESIAN_POINT('Ctrl Pts',(-135.638640100525,33.1594141020782,8.07050303149897));
#3109=CARTESIAN_POINT('Ctrl Pts',(-135.513466077889,32.1358812250482,7.52926737022089));
#3110=CARTESIAN_POINT('Ctrl Pts',(-135.344706848981,31.258187090415,6.23604024651292));
#3111=CARTESIAN_POINT('Ctrl Pts',(-135.156876666534,31.5263278407188,4.57255501866594));
#3112=CARTESIAN_POINT('Ctrl Pts',(-134.937427425255,32.7618628948101,3.62568743266546));
#3113=CARTESIAN_POINT('Ctrl Pts',(-134.760459929092,33.8975616873522,3.43835114343215));
#3114=CARTESIAN_POINT('Ctrl Pts',(-134.575758382749,34.9905732352026,3.8248823212166));
#3115=CARTESIAN_POINT('Ctrl Pts',(-134.390871925045,35.7592970015883,4.68643950218736));
#3116=CARTESIAN_POINT('Ctrl Pts',(-134.212888063675,36.0208334786399,5.81395102487362));
#3117=CARTESIAN_POINT('Ctrl Pts',(-134.047435637534,35.7081236695531,6.92978423769819));
#3118=CARTESIAN_POINT('Ctrl Pts',(-133.896984577089,34.8976870654708,7.76092963895576));
#3119=CARTESIAN_POINT('Ctrl Pts',(-133.760386863864,33.7860822371956,8.10303720686998));
#3120=CARTESIAN_POINT('Ctrl Pts',(-133.6330121616,32.6466369548125,7.87316737194435));
#3121=CARTESIAN_POINT('Ctrl Pts',(-133.508208864605,31.752298532133,7.12298194211142));
#3122=CARTESIAN_POINT('Ctrl Pts',(-133.378168159074,31.3310243414129,6.04509437910622));
#3123=CARTESIAN_POINT('Ctrl Pts',(-133.19051678629,31.5115453724673,4.49478402809765));
#3124=CARTESIAN_POINT('Ctrl Pts',(-132.971927770296,32.8002262488829,3.41502332149436));
#3125=CARTESIAN_POINT('Ctrl Pts',(-132.729987763177,34.3505799955627,3.51058146042586));
#3126=CARTESIAN_POINT('Ctrl Pts',(-132.544476624442,35.3289581460913,4.11439098280592));
#3127=CARTESIAN_POINT('Ctrl Pts',(-132.361624725596,35.8993254557438,5.12406497550044));
#3128=CARTESIAN_POINT('Ctrl Pts',(-132.188524618984,35.9136420164939,6.2804521928759));
#3129=CARTESIAN_POINT('Ctrl Pts',(-132.029393183649,35.3706171521243,7.30571459855175));
#3130=CARTESIAN_POINT('Ctrl Pts',(-131.885235853041,34.401374618588,7.94605299664554));
#3131=CARTESIAN_POINT('Ctrl Pts',(-131.753318675248,33.2424898987395,8.04519810827808));
#3132=CARTESIAN_POINT('Ctrl Pts',(-131.627955683934,32.1762753610818,7.57740274956859));
#3133=CARTESIAN_POINT('Ctrl Pts',(-131.501781483238,31.4635477805463,6.65898047504783));
#3134=CARTESIAN_POINT('Ctrl Pts',(-131.367802716363,31.2767017008966,5.5077491825017));
#3135=CARTESIAN_POINT('Ctrl Pts',(-131.22058083076,31.6618472516565,4.4186152382948));
#3136=CARTESIAN_POINT('Ctrl Pts',(-131.004585846081,32.8102231101678,3.36702495731673));
#3137=CARTESIAN_POINT('Ctrl Pts',(-130.76089959356,34.4877467467471,3.39692816763244));
#3138=CARTESIAN_POINT('Ctrl Pts',(-130.513537396673,35.5933943999948,4.48670717022359));
#3139=CARTESIAN_POINT('Ctrl Pts',(-130.334265472022,35.9348816036876,5.58555756734185));
#3140=CARTESIAN_POINT('Ctrl Pts',(-130.166747036414,35.7023480127148,6.72400429744121));
#3141=CARTESIAN_POINT('Ctrl Pts',(-130.014153337752,34.9536319710928,7.60918194144916));
#3142=CARTESIAN_POINT('Ctrl Pts',(-129.87577067765,33.869682126221,8.03021019672334));
#3143=CARTESIAN_POINT('Ctrl Pts',(-129.747489928559,32.715750929463,7.88110446386201));
#3144=CARTESIAN_POINT('Ctrl Pts',(-129.622708794945,31.7729025124642,7.19867332743608));
#3145=CARTESIAN_POINT('Ctrl Pts',(-129.493980960142,31.2712932457883,6.14835003375919));
#3146=CARTESIAN_POINT('Ctrl Pts',(-129.354803974566,31.3318196191667,4.98888184877281));
#3147=CARTESIAN_POINT('Ctrl Pts',(-129.201258983536,31.9421086732823,3.99783881881267));
#3148=CARTESIAN_POINT('Ctrl Pts',(-129.032934448271,32.9438981624325,3.42835763283758));
#3149=CARTESIAN_POINT('Ctrl Pts',(-128.792990246595,34.4969709111338,3.38766613689459));
#3150=CARTESIAN_POINT('Ctrl Pts',(-128.542128409749,35.741689256485,4.51109960230754));
#3151=CARTESIAN_POINT('Ctrl Pts',(-128.309061291862,35.8603463536235,6.06121883994786));
#3152=CARTESIAN_POINT('Ctrl Pts',(-128.147763682391,35.3964919880824,7.11717324554576));
#3153=CARTESIAN_POINT('Ctrl Pts',(-128.001571900579,34.4730228545293,7.82712526523983));
#3154=CARTESIAN_POINT('Ctrl Pts',(-127.868187728852,33.3253818198689,8.0075222759871));
#3155=CARTESIAN_POINT('Ctrl Pts',(-127.742313510843,32.2284031819841,7.61753414690184));
#3156=CARTESIAN_POINT('Ctrl Pts',(-127.616736974487,31.4518110945717,6.7506077459326));
#3157=CARTESIAN_POINT('Ctrl Pts',(-127.484204485511,31.1840204311302,5.61896241335339));
#3158=CARTESIAN_POINT('Ctrl Pts',(-127.339163534805,31.4902720779027,4.49776277442429));
#3159=CARTESIAN_POINT('Ctrl Pts',(-127.179117796059,32.293140467095,3.66306198663057));
#3160=CARTESIAN_POINT('Ctrl Pts',(-127.005204471682,33.4002042229799,3.31402361589225));
#3161=CARTESIAN_POINT('Ctrl Pts',(-126.82210656794,34.5287722044651,3.54345557733994));
#3162=CARTESIAN_POINT('Ctrl Pts',(-126.574443986368,35.7230011943458,4.52675079429922));
#3163=CARTESIAN_POINT('Ctrl Pts',(-126.278339265635,35.9815694885413,6.62349595193005));
#3164=CARTESIAN_POINT('Ctrl Pts',(-125.985411759199,34.0098028433035,8.25760776226951));
#3165=CARTESIAN_POINT('Ctrl Pts',(-125.779852025443,31.9837090513281,7.60929270447745));
#3166=CARTESIAN_POINT('Ctrl Pts',(-125.609360373952,31.2307186278824,6.25301313110346));
#3167=CARTESIAN_POINT('Ctrl Pts',(-125.426630700006,31.1861970001926,4.69741470357911));
#3168=CARTESIAN_POINT('Ctrl Pts',(-125.214238055686,32.3105541021551,3.44117818733127));
#3169=CARTESIAN_POINT('Ctrl Pts',(-124.975682547907,33.858276727419,3.31601778319016));
#3170=CARTESIAN_POINT('Ctrl Pts',(-124.79073156547,34.9133438543708,3.77323960883216));
#3171=CARTESIAN_POINT('Ctrl Pts',(-124.606292582411,35.6217047176331,4.69125700473105));
#3172=CARTESIAN_POINT('Ctrl Pts',(-124.429865661598,35.8008230354974,5.83311771596555));
#3173=CARTESIAN_POINT('Ctrl Pts',(-124.266470431073,35.4094426074812,6.92477347514845));
#3174=CARTESIAN_POINT('Ctrl Pts',(-124.118161217517,34.5414627067565,7.69597811682057));
#3175=CARTESIAN_POINT('Ctrl Pts',(-123.983217190748,33.4087153679776,7.95857733475728));
#3176=CARTESIAN_POINT('Ctrl Pts',(-123.856694880759,32.287042857251,7.64681159787986));
#3177=CARTESIAN_POINT('Ctrl Pts',(-123.731507162922,31.4511434014897,6.83872945580911));
#3178=CARTESIAN_POINT('Ctrl Pts',(-123.600434980675,31.1026731718707,5.72536145381036));
#3179=CARTESIAN_POINT('Ctrl Pts',(-123.457291319155,31.329233138897,4.59204704272774));
#3180=CARTESIAN_POINT('Ctrl Pts',(-123.247070056542,32.316733230475,3.3870923787255));
#3181=CARTESIAN_POINT('Ctrl Pts',(-123.00726400431,33.9819134530566,3.17725976833818));
#3182=CARTESIAN_POINT('Ctrl Pts',(-122.759348507041,35.2318307966936,4.09786149255939));
#3183=CARTESIAN_POINT('Ctrl Pts',(-122.577690056375,35.7265214234385,5.13637274900048));
#3184=CARTESIAN_POINT('Ctrl Pts',(-122.40631297554,35.6586420161912,6.29577666707751));
#3185=CARTESIAN_POINT('Ctrl Pts',(-122.249376746276,35.0437705868384,7.27797023368995));
#3186=CARTESIAN_POINT('Ctrl Pts',(-122.107208567934,34.0310145288764,7.84847454686234));
#3187=CARTESIAN_POINT('Ctrl Pts',(-121.976634523226,32.8678572061546,7.86463488806404));
#3188=CARTESIAN_POINT('Ctrl Pts',(-121.85160973477,31.8377527207319,7.32287918668124));
#3189=CARTESIAN_POINT('Ctrl Pts',(-121.724750985234,31.1920661874275,6.35419060176021));
#3190=CARTESIAN_POINT('Ctrl Pts',(-121.589089316872,31.0872884607977,5.19746351711366));
#3191=CARTESIAN_POINT('Ctrl Pts',(-121.439869600821,31.5506694470935,4.12919070855639));
#3192=CARTESIAN_POINT('Ctrl Pts',(-121.275570155569,32.4615717187744,3.4224468572123));
#3193=CARTESIAN_POINT('Ctrl Pts',(-121.039417221555,33.9935163815497,3.16045371492645));
#3194=CARTESIAN_POINT('Ctrl Pts',(-120.788232963027,35.3858850017672,4.0945729987265));
#3195=CARTESIAN_POINT('Ctrl Pts',(-120.550940904259,35.7243165230902,5.61128643543038));
#3196=CARTESIAN_POINT('Ctrl Pts',(-120.385477536863,35.4157242945829,6.72196948557422));
#3197=CARTESIAN_POINT('Ctrl Pts',(-120.235039801606,34.6029308109726,7.55559439953593));
#3198=CARTESIAN_POINT('Ctrl Pts',(-120.098418688587,33.4928990072043,7.89700921091292));
#3199=CARTESIAN_POINT('Ctrl Pts',(-119.971087119633,32.3518179266201,7.66661290753933));
#3200=CARTESIAN_POINT('Ctrl Pts',(-119.84619439092,31.4600784836569,6.9186501671332));
#3201=CARTESIAN_POINT('Ctrl Pts',(-119.716324007903,31.0341797094418,5.83606547917848));
#3202=CARTESIAN_POINT('Ctrl Pts',(-119.575259960012,31.178271680402,4.68250566025935));
#3203=CARTESIAN_POINT('Ctrl Pts',(-119.419555675314,31.8541649156322,3.74105756417153));
#3204=CARTESIAN_POINT('Ctrl Pts',(-119.249242897696,32.9014047848944,3.23858620144248));
#3205=CARTESIAN_POINT('Ctrl Pts',(-119.068208591886,34.050040383051,3.30251561650969));
#3206=CARTESIAN_POINT('Ctrl Pts',(-118.820365573946,35.3758980244418,4.10994265224048));
#3207=CARTESIAN_POINT('Ctrl Pts',(-118.579387508861,35.8131059026116,5.7301715206695));
#3208=CARTESIAN_POINT('Ctrl Pts',(-118.367516938402,35.0725519574404,7.10055605811501));
#3209=CARTESIAN_POINT('Ctrl Pts',(-118.223238157383,34.1097926515883,7.73969788876467));
#3210=CARTESIAN_POINT('Ctrl Pts',(-118.091389237016,32.9475036771678,7.83917380793008));
#3211=CARTESIAN_POINT('Ctrl Pts',(-117.965983277679,31.8829312237128,7.37188498499674));
#3212=CARTESIAN_POINT('Ctrl Pts',(-117.83985040544,31.1693124597057,6.45199337413998));
#3213=CARTESIAN_POINT('Ctrl Pts',(-117.705809704477,30.9829746252275,5.30414452050785));
#3214=CARTESIAN_POINT('Ctrl Pts',(-117.558696027037,31.3677017317288,4.20843091363296));
#3215=CARTESIAN_POINT('Ctrl Pts',(-117.39649709574,32.2295514101823,3.4323713437785));
#3216=CARTESIAN_POINT('Ctrl Pts',(-117.220972377803,33.3543094411818,3.16495696042194));
#3217=CARTESIAN_POINT('Ctrl Pts',(-117.03692498294,34.4721988799727,3.47260126061147));
#3218=CARTESIAN_POINT('Ctrl Pts',(-116.851751736546,35.2958265915222,4.2748308966453));
#3219=CARTESIAN_POINT('Ctrl Pts',(-116.612170836558,35.7657389641292,5.75572468731246));
#3220=CARTESIAN_POINT('Ctrl Pts',(-116.397997631479,35.0320340187485,7.26905532997696));
#3221=CARTESIAN_POINT('Ctrl Pts',(-116.213928179991,33.5720801788644,7.82215232620935));
#3222=CARTESIAN_POINT('Ctrl Pts',(-116.085474800171,32.423830790532,7.67638813736132));
#3223=CARTESIAN_POINT('Ctrl Pts',(-115.960783512007,31.4781937331121,6.99197751891262));
#3224=CARTESIAN_POINT('Ctrl Pts',(-115.832014131715,30.9774934341079,5.94311257784193));
#3225=CARTESIAN_POINT('Ctrl Pts',(-115.692856479126,31.0383086147546,4.78195002287563));
#3226=CARTESIAN_POINT('Ctrl Pts',(-115.539307309912,31.6467668338942,3.79379672654335));
#3227=CARTESIAN_POINT('Ctrl Pts',(-115.370976002187,32.6525485564331,3.21906775885173));
#3228=CARTESIAN_POINT('Ctrl Pts',(-115.191037010972,33.8095098951323,3.19847072696175));
#3229=CARTESIAN_POINT('Ctrl Pts',(-115.005596341402,34.8320557206232,3.73457873862692));
#3230=CARTESIAN_POINT('Ctrl Pts',(-114.821882145834,35.4728730408057,4.70091072757058));
#3231=CARTESIAN_POINT('Ctrl Pts',(-114.647187754825,35.5675182818711,5.84840725281036));
#3232=CARTESIAN_POINT('Ctrl Pts',(-114.431785123014,34.9497571307928,7.27782529216488));
#3233=CARTESIAN_POINT('Ctrl Pts',(-114.247921247575,33.4013791914264,7.94346977300192));
#3234=CARTESIAN_POINT('Ctrl Pts',(-114.080451675434,31.9330384896087,7.40756624567908));
#3235=CARTESIAN_POINT('Ctrl Pts',(-113.954733789677,31.1585880768535,6.54695849604654));
#3236=CARTESIAN_POINT('Ctrl Pts',(-113.822272441603,30.8899156983588,5.411853038102));
#3237=CARTESIAN_POINT('Ctrl Pts',(-113.67720409972,31.1960483304729,4.29263992386992));
#3238=CARTESIAN_POINT('Ctrl Pts',(-113.517160806006,31.9999574426182,3.45629184975603));
#3239=CARTESIAN_POINT('Ctrl Pts',(-113.343272575888,33.1043476117129,3.10940436556152));
#3240=CARTESIAN_POINT('Ctrl Pts',(-113.160114132471,34.2382269769777,3.33527215540554));
#3241=CARTESIAN_POINT('Ctrl Pts',(-112.974495939198,35.123491631419,4.07905585746551));
#3242=CARTESIAN_POINT('Ctrl Pts',(-112.793887750415,35.5426789995264,5.15565357244288));
#3243=CARTESIAN_POINT('Ctrl Pts',(-112.624411802542,35.3917526490313,6.30747577928463));
#3244=CARTESIAN_POINT('Ctrl Pts',(-112.469695133114,34.7095493931435,7.23854269266986));
#3245=CARTESIAN_POINT('Ctrl Pts',(-112.282575815118,33.3037159057262,7.91668842279981));
#3246=CARTESIAN_POINT('Ctrl Pts',(-112.11771960562,31.694873253025,7.4079542174272));
#3247=CARTESIAN_POINT('Ctrl Pts',(-111.94753961801,30.9332557112471,6.04331486702058));
#3248=CARTESIAN_POINT('Ctrl Pts',(-111.810131028002,30.9092922143452,4.88712770330034));
#3249=CARTESIAN_POINT('Ctrl Pts',(-111.658767608787,31.4471994547508,3.85468391674435));
#3250=CARTESIAN_POINT('Ctrl Pts',(-111.492426821289,32.40898722095,3.21071571680345));
#3251=CARTESIAN_POINT('Ctrl Pts',(-111.313839679143,33.5616482333113,3.10659539809478));
#3252=CARTESIAN_POINT('Ctrl Pts',(-111.128717444034,34.6208430689641,3.56928508574456));
#3253=CARTESIAN_POINT('Ctrl Pts',(-110.944365427927,35.3272872961202,4.48426955387538));
#3254=CARTESIAN_POINT('Ctrl Pts',(-110.767903185495,35.5067709833596,5.62795154663345));
#3255=CARTESIAN_POINT('Ctrl Pts',(-110.604515238942,35.1161947622617,6.71797659301574));
#3256=CARTESIAN_POINT('Ctrl Pts',(-110.456227191042,34.2456206461773,7.49147941758263));
#3257=CARTESIAN_POINT('Ctrl Pts',(-110.321227975393,33.1181940189024,7.75014626762651));
#3258=CARTESIAN_POINT('Ctrl Pts',(-110.152680593968,31.6088633897961,7.34422029337689));
#3259=CARTESIAN_POINT('Ctrl Pts',(-109.98624512573,30.7233013680817,5.90809986504231));
#3260=CARTESIAN_POINT('Ctrl Pts',(-109.795368468083,31.0382821434176,4.37982754758793));
#3261=CARTESIAN_POINT('Ctrl Pts',(-109.637553894522,31.7748800045325,3.49171591087329));
#3262=CARTESIAN_POINT('Ctrl Pts',(-109.46539007071,32.8549669750462,3.06513999477609));
#3263=CARTESIAN_POINT('Ctrl Pts',(-109.28319496151,34.0009439835128,3.20985224698902));
#3264=CARTESIAN_POINT('Ctrl Pts',(-109.097464449093,34.9376492716722,3.8876790848542));
#3265=CARTESIAN_POINT('Ctrl Pts',(-108.915701086494,35.4325994345942,4.93277814859575));
#3266=CARTESIAN_POINT('Ctrl Pts',(-108.744372120844,35.3648782000436,6.08876516609841));
#3267=CARTESIAN_POINT('Ctrl Pts',(-108.587428294746,34.7492711807276,7.07251227871175));
#3268=CARTESIAN_POINT('Ctrl Pts',(-108.44523624431,33.7380965561654,7.6423431606002));
#3269=CARTESIAN_POINT('Ctrl Pts',(-108.314735451068,32.5715188846498,7.65852605174332));
#3270=CARTESIAN_POINT('Ctrl Pts',(-108.189561410244,31.5479864653683,7.11729094359331));
#3271=CARTESIAN_POINT('Ctrl Pts',(-108.020802225101,30.6702912293308,5.82406248898485));
#3272=CARTESIAN_POINT('Ctrl Pts',(-107.83297194804,30.9384343607458,4.16058013839385));
#3273=CARTESIAN_POINT('Ctrl Pts',(-107.61352285138,32.1739657752524,3.21370815443977));
#3274=CARTESIAN_POINT('Ctrl Pts',(-107.43655505873,33.3096720293876,3.02638088154809));
#3275=CARTESIAN_POINT('Ctrl Pts',(-107.251854115651,34.4026683950779,3.41289371371399));
#3276=CARTESIAN_POINT('Ctrl Pts',(-107.066966369643,35.1714245838709,4.27449007284598));
#3277=CARTESIAN_POINT('Ctrl Pts',(-106.888984995904,35.4328984553233,5.40192594500347));
#3278=CARTESIAN_POINT('Ctrl Pts',(-106.723527334326,35.1203204052252,6.51791837101847));
#3279=CARTESIAN_POINT('Ctrl Pts',(-106.573086351919,34.3096301695813,7.34875729230854));
#3280=CARTESIAN_POINT('Ctrl Pts',(-106.436467447803,33.1985586473101,7.69150928957053));
#3281=CARTESIAN_POINT('Ctrl Pts',(-106.309133522308,32.0580871461159,7.46039940519546));
#3282=CARTESIAN_POINT('Ctrl Pts',(-106.184244608643,31.1659034106841,6.71281764577167));
#3283=CARTESIAN_POINT('Ctrl Pts',(-106.054367351381,30.7405157781088,5.62995948020311));
#3284=CARTESIAN_POINT('Ctrl Pts',(-105.91331747534,30.8837399835482,4.4766980392039));
#3285=CARTESIAN_POINT('Ctrl Pts',(-105.757586036309,31.5612180322191,3.53478937936457));
#3286=CARTESIAN_POINT('Ctrl Pts',(-105.587330203629,32.6051814146664,3.03321678654669));
#3287=CARTESIAN_POINT('Ctrl Pts',(-105.406187214547,33.760051253293,3.09545817501724));
#3288=CARTESIAN_POINT('Ctrl Pts',(-105.220512034934,34.7425792316038,3.70422568108455));
#3289=CARTESIAN_POINT('Ctrl Pts',(-105.037746558867,35.3107603890183,4.71128743986966));
#3290=CARTESIAN_POINT('Ctrl Pts',(-104.864604183841,35.3261458920104,5.86895267163612));
#3291=CARTESIAN_POINT('Ctrl Pts',(-104.705496727165,34.782515091809,6.89348939584224));
#3292=CARTESIAN_POINT('Ctrl Pts',(-104.561323500037,33.813673716018,7.53430965688938));
#3293=CARTESIAN_POINT('Ctrl Pts',(-104.429422836302,32.654370105451,7.632957253184));
#3294=CARTESIAN_POINT('Ctrl Pts',(-104.345828888248,31.9441172584649,7.32153404235451));
#3295=CARTESIAN_POINT('Ctrl Pts',(-104.303912587616,31.6474880928235,7.09026046048247));
#3296=CARTESIAN_POINT('Ctrl Pts',(-145.364238118909,32.5470528414809,7.68868105426678));
#3297=CARTESIAN_POINT('Ctrl Pts',(-145.322205586585,32.253916656739,7.46013189176634));
#3298=CARTESIAN_POINT('Ctrl Pts',(-145.23787502974,31.7841669977879,6.85436295065936));
#3299=CARTESIAN_POINT('Ctrl Pts',(-145.103601962781,31.5994484805672,5.7196147327916));
#3300=CARTESIAN_POINT('Ctrl Pts',(-144.956378925118,31.98016308944,4.63688019689997));
#3301=CARTESIAN_POINT('Ctrl Pts',(-144.794283993628,32.8311194878029,3.86946777612762));
#3302=CARTESIAN_POINT('Ctrl Pts',(-144.618953719842,33.9442013515177,3.6058191086622));
#3303=CARTESIAN_POINT('Ctrl Pts',(-144.435328855691,35.0459857132071,3.90842163495096));
#3304=CARTESIAN_POINT('Ctrl Pts',(-144.25033849006,35.8657521285449,4.70403201527896));
#3305=CARTESIAN_POINT('Ctrl Pts',(-144.071253387958,36.2030685882928,5.796443307262));
#3306=CARTESIAN_POINT('Ctrl Pts',(-143.90392610978,35.9733146749617,6.91824510372568));
#3307=CARTESIAN_POINT('Ctrl Pts',(-143.751279131989,35.2331971180381,7.79468630202354));
#3308=CARTESIAN_POINT('Ctrl Pts',(-143.612711071708,34.1619310546896,8.20991113419233));
#3309=CARTESIAN_POINT('Ctrl Pts',(-143.484111092466,33.0212743338682,8.06303517630569));
#3310=CARTESIAN_POINT('Ctrl Pts',(-143.358977148377,32.0896114813875,7.38804189055926));
#3311=CARTESIAN_POINT('Ctrl Pts',(-143.229939914129,31.5933050147115,6.35067202384625));
#3312=CARTESIAN_POINT('Ctrl Pts',(-143.090574133705,31.6540816944355,5.20336825887251));
#3313=CARTESIAN_POINT('Ctrl Pts',(-142.937014360202,32.25508694626,4.22655374037115));
#3314=CARTESIAN_POINT('Ctrl Pts',(-142.768831111884,33.2492737580235,3.65855095168307));
#3315=CARTESIAN_POINT('Ctrl Pts',(-142.589181745201,34.3926279453618,3.63816243596056));
#3316=CARTESIAN_POINT('Ctrl Pts',(-142.404091843571,35.4032769972232,4.16798296837785));
#3317=CARTESIAN_POINT('Ctrl Pts',(-142.22071012014,36.0365432041397,5.12303962552117));
#3318=CARTESIAN_POINT('Ctrl Pts',(-142.046241709,36.1300789042362,6.25713161187493));
#3319=CARTESIAN_POINT('Ctrl Pts',(-141.830937347315,35.5194551420604,7.6698468670963));
#3320=CARTESIAN_POINT('Ctrl Pts',(-141.646803941873,33.9890610290572,8.32770452462649));
#3321=CARTESIAN_POINT('Ctrl Pts',(-141.478873609696,32.5377795341074,7.7980167359877));
#3322=CARTESIAN_POINT('Ctrl Pts',(-141.352811219959,31.7723380993153,6.94740192915258));
#3323=CARTESIAN_POINT('Ctrl Pts',(-141.220085012093,31.5067246056091,5.82549794467092));
#3324=CARTESIAN_POINT('Ctrl Pts',(-141.074897076303,31.8092849425752,4.71931446571497));
#3325=CARTESIAN_POINT('Ctrl Pts',(-140.914910624945,32.603760569808,3.8926580639994));
#3326=CARTESIAN_POINT('Ctrl Pts',(-140.741238825846,33.6952521870987,3.54982239610464));
#3327=CARTESIAN_POINT('Ctrl Pts',(-140.558406045251,34.8158854716756,3.77299325081952));
#3328=CARTESIAN_POINT('Ctrl Pts',(-140.37314180072,35.6907716099034,4.50811194174412));
#3329=CARTESIAN_POINT('Ctrl Pts',(-140.192828698038,36.1050674060315,5.57211871997122));
#3330=CARTESIAN_POINT('Ctrl Pts',(-140.023519206384,35.9558282027245,6.71049332576366));
#3331=CARTESIAN_POINT('Ctrl Pts',(-139.868795729582,35.2815591048422,7.63068960656535));
#3332=CARTESIAN_POINT('Ctrl Pts',(-139.681444846265,33.8920571417352,8.30088839950792));
#3333=CARTESIAN_POINT('Ctrl Pts',(-139.516097839948,32.3018991507556,7.79804254883293));
#3334=CARTESIAN_POINT('Ctrl Pts',(-139.345488764358,31.5491011916848,6.44927635045167));
#3335=CARTESIAN_POINT('Ctrl Pts',(-139.207871660857,31.5254008140507,5.30654313998458));
#3336=CARTESIAN_POINT('Ctrl Pts',(-139.056463816016,32.0569751957091,4.28608288781448));
#3337=CARTESIAN_POINT('Ctrl Pts',(-138.890251431111,33.0075322967109,3.64962480116118));
#3338=CARTESIAN_POINT('Ctrl Pts',(-138.711936863517,34.1467200484443,3.54665275629826));
#3339=CARTESIAN_POINT('Ctrl Pts',(-138.527162578994,35.1935164676212,4.00395767213458));
#3340=CARTESIAN_POINT('Ctrl Pts',(-138.343149438051,35.8917187061355,4.9082280208588));
#3341=CARTESIAN_POINT('Ctrl Pts',(-138.166935084759,36.0690347415594,6.03856230149966));
#3342=CARTESIAN_POINT('Ctrl Pts',(-138.003641087355,35.6830070977063,7.11586540826393));
#3343=CARTESIAN_POINT('Ctrl Pts',(-137.855272776975,34.8225129524246,7.88030733240304));
#3344=CARTESIAN_POINT('Ctrl Pts',(-137.720036991717,33.70819878987,8.13595277987852));
#3345=CARTESIAN_POINT('Ctrl Pts',(-137.551041475915,32.2164107592658,7.73471535687739));
#3346=CARTESIAN_POINT('Ctrl Pts',(-137.384133602831,31.3411100967006,6.31528359417517));
#3347=CARTESIAN_POINT('Ctrl Pts',(-137.193069183462,31.6523609138994,4.80478705373688));
#3348=CARTESIAN_POINT('Ctrl Pts',(-137.035283927452,32.3803481435535,3.92701842149633));
#3349=CARTESIAN_POINT('Ctrl Pts',(-136.863317823906,33.447803779456,3.50535397008784));
#3350=CARTESIAN_POINT('Ctrl Pts',(-136.681436384254,34.5803781066849,3.64838819837819));
#3351=CARTESIAN_POINT('Ctrl Pts',(-136.496061028366,35.5061519671687,4.31825893023056));
#3352=CARTESIAN_POINT('Ctrl Pts',(-136.314607160031,35.9952605404611,5.35116713654938));
#3353=CARTESIAN_POINT('Ctrl Pts',(-136.143464742805,35.9283275787301,6.49365666260301));
#3354=CARTESIAN_POINT('Ctrl Pts',(-135.986541649533,35.3198227412752,7.46589380770199));
#3355=CARTESIAN_POINT('Ctrl Pts',(-135.844196521768,34.3204147393643,8.02908628418622));
#3356=CARTESIAN_POINT('Ctrl Pts',(-135.71340794599,33.1673860313517,8.04502152548142));
#3357=CARTESIAN_POINT('Ctrl Pts',(-135.587883156004,32.1557384743314,7.51008964872244));
#3358=CARTESIAN_POINT('Ctrl Pts',(-135.41867813766,31.2882284388467,6.23189620392136));
#3359=CARTESIAN_POINT('Ctrl Pts',(-135.230624712539,31.5531945622711,4.58774752460735));
#3360=CARTESIAN_POINT('Ctrl Pts',(-135.011320757527,32.774272205895,3.65187485923589));
#3361=CARTESIAN_POINT('Ctrl Pts',(-134.834606088362,33.8966929157123,3.46671805764711));
#3362=CARTESIAN_POINT('Ctrl Pts',(-134.650247821556,34.9769450734045,3.84868937886384));
#3363=CARTESIAN_POINT('Ctrl Pts',(-134.465707072733,35.7366413582026,4.7002001081787));
#3364=CARTESIAN_POINT('Ctrl Pts',(-134.287987455181,35.9951282628586,5.81453772235883));
#3365=CARTESIAN_POINT('Ctrl Pts',(-134.122654879658,35.6859872901968,6.91732920943844));
#3366=CARTESIAN_POINT('Ctrl Pts',(-133.972146910127,34.8849841913701,7.73878733512691));
#3367=CARTESIAN_POINT('Ctrl Pts',(-133.835332648997,33.7862818665092,8.07684520001855));
#3368=CARTESIAN_POINT('Ctrl Pts',(-133.707632614431,32.6600734206241,7.84966357039264));
#3369=CARTESIAN_POINT('Ctrl Pts',(-133.582474611333,31.7761339096702,7.10816427827871));
#3370=CARTESIAN_POINT('Ctrl Pts',(-133.452140290856,31.3597119053578,6.04282628283813));
#3371=CARTESIAN_POINT('Ctrl Pts',(-133.264263242103,31.5380835949802,4.51055077330179));
#3372=CARTESIAN_POINT('Ctrl Pts',(-133.045809199832,32.8117046666877,3.4433285780348));
#3373=CARTESIAN_POINT('Ctrl Pts',(-132.804276554518,34.3439360074829,3.53772975262876));
#3374=CARTESIAN_POINT('Ctrl Pts',(-132.619118245994,35.3108549795726,4.13449056526335));
#3375=CARTESIAN_POINT('Ctrl Pts',(-132.436587493676,35.8745678147747,5.13236087189524));
#3376=CARTESIAN_POINT('Ctrl Pts',(-132.263696256051,35.888642029657,6.27524091445335));
#3377=CARTESIAN_POINT('Ctrl Pts',(-132.104609068771,35.3519391598755,7.28854706618168));
#3378=CARTESIAN_POINT('Ctrl Pts',(-131.96032339742,34.3939325239356,7.92136378215895));
#3379=CARTESIAN_POINT('Ctrl Pts',(-131.828133654295,33.2485182380401,8.01936404215796));
#3380=CARTESIAN_POINT('Ctrl Pts',(-131.70242261581,32.1947037011441,7.55695760042648));
#3381=CARTESIAN_POINT('Ctrl Pts',(-131.575909757509,31.490216850197,6.64923681254044));
#3382=CARTESIAN_POINT('Ctrl Pts',(-131.441682625622,31.3055399942477,5.51138255080578));
#3383=CARTESIAN_POINT('Ctrl Pts',(-131.29436770863,31.6861343006226,4.43491348277001));
#3384=CARTESIAN_POINT('Ctrl Pts',(-131.078477404351,32.8210773322408,3.39554917041829));
#3385=CARTESIAN_POINT('Ctrl Pts',(-130.835218407171,34.4790127137026,3.42506778141002));
#3386=CARTESIAN_POINT('Ctrl Pts',(-130.588326651041,35.571725776352,4.5021031127638));
#3387=CARTESIAN_POINT('Ctrl Pts',(-130.409335201953,35.9091705243118,5.58811990345176));
#3388=CARTESIAN_POINT('Ctrl Pts',(-130.241958899513,35.6793380910351,6.71328522869573));
#3389=CARTESIAN_POINT('Ctrl Pts',(-130.089335197266,34.9392832254178,7.58809324109572));
#3390=CARTESIAN_POINT('Ctrl Pts',(-129.950755174243,33.8679386423989,8.00422353726277));
#3391=CARTESIAN_POINT('Ctrl Pts',(-129.822160587612,32.7274216588272,7.85679051392486));
#3392=CARTESIAN_POINT('Ctrl Pts',(-129.697024380813,31.7955002861038,7.18231621100173));
#3393=CARTESIAN_POINT('Ctrl Pts',(-129.567987020922,31.2997311064444,6.14418796334491));
#3394=CARTESIAN_POINT('Ctrl Pts',(-129.428623486947,31.359476499399,4.99820686181911));
#3395=CARTESIAN_POINT('Ctrl Pts',(-129.275057798557,31.9626454209011,4.01869706309925));
#3396=CARTESIAN_POINT('Ctrl Pts',(-129.106886261294,32.9527035228922,3.45580926238639));
#3397=CARTESIAN_POINT('Ctrl Pts',(-128.867325960107,34.4876219035743,3.41556245826026));
#3398=CARTESIAN_POINT('Ctrl Pts',(-128.616974945224,35.7177924292663,4.52587610782562));
#3399=CARTESIAN_POINT('Ctrl Pts',(-128.384211536944,35.8350212995727,6.05789023553148));
#3400=CARTESIAN_POINT('Ctrl Pts',(-128.222985034589,35.3765159646511,7.10149541907662));
#3401=CARTESIAN_POINT('Ctrl Pts',(-128.07668694295,34.463784061233,7.80317618405546));
#3402=CARTESIAN_POINT('Ctrl Pts',(-127.943048546422,33.3294768220217,7.98140691229068));
#3403=CARTESIAN_POINT('Ctrl Pts',(-127.81683177694,32.245228859438,7.59597132811932));
#3404=CARTESIAN_POINT('Ctrl Pts',(-127.690909194117,31.4776768096414,6.73909585116934));
#3405=CARTESIAN_POINT('Ctrl Pts',(-127.558112620074,31.2129312308355,5.62062030227822));
#3406=CARTESIAN_POINT('Ctrl Pts',(-127.412951780444,31.5156116342633,4.51246836437665));
#3407=CARTESIAN_POINT('Ctrl Pts',(-127.252962903153,32.3090560127251,3.68744446244803));
#3408=CARTESIAN_POINT('Ctrl Pts',(-127.079266299804,33.4031944058781,3.34247693301454));
#3409=CARTESIAN_POINT('Ctrl Pts',(-126.896493366487,34.5185704007858,3.56918068898222));
#3410=CARTESIAN_POINT('Ctrl Pts',(-126.649304755522,35.6988182825436,4.54099151244425));
#3411=CARTESIAN_POINT('Ctrl Pts',(-126.35363506914,35.9543239011476,6.61325396646093));
#3412=CARTESIAN_POINT('Ctrl Pts',(-126.060502795412,34.0054506028275,8.22827770242771));
#3413=CARTESIAN_POINT('Ctrl Pts',(-125.85432352324,32.0029010343244,7.58745499951175));
#3414=CARTESIAN_POINT('Ctrl Pts',(-125.683406265545,31.258633234574,6.24695601472652));
#3415=CARTESIAN_POINT('Ctrl Pts',(-125.500393623894,31.2145785575804,4.70945876425126));
#3416=CARTESIAN_POINT('Ctrl Pts',(-125.288063750013,32.3257940331387,3.4678123025307));
#3417=CARTESIAN_POINT('Ctrl Pts',(-125.049876193634,33.8554218788748,3.34406936255036));
#3418=CARTESIAN_POINT('Ctrl Pts',(-124.865271417821,34.8981393271811,3.79595253328786));
#3419=CARTESIAN_POINT('Ctrl Pts',(-124.681172183853,35.5982353906319,4.70323039941158));
#3420=CARTESIAN_POINT('Ctrl Pts',(-124.504992824083,35.7751908718326,5.83175828785877));
#3421=CARTESIAN_POINT('Ctrl Pts',(-124.341691553246,35.3883674976893,6.91067931230832));
#3422=CARTESIAN_POINT('Ctrl Pts',(-124.193302428258,34.5304391041386,7.67284038850138));
#3423=CARTESIAN_POINT('Ctrl Pts',(-124.058121010004,33.4108629169223,7.93238896716896));
#3424=CARTESIAN_POINT('Ctrl Pts',(-123.931264297973,32.3022315427077,7.62419224201325));
#3425=CARTESIAN_POINT('Ctrl Pts',(-123.805726289484,31.4760121476762,6.82552919536286));
#3426=CARTESIAN_POINT('Ctrl Pts',(-123.674371976605,31.1315926748756,5.72509272474268));
#3427=CARTESIAN_POINT('Ctrl Pts',(-123.531087701529,31.3554497067928,4.60496146833088));
#3428=CARTESIAN_POINT('Ctrl Pts',(-123.320903817003,32.3313928071029,3.41401968800338));
#3429=CARTESIAN_POINT('Ctrl Pts',(-123.081479831428,33.9771285250734,3.20659443444413));
#3430=CARTESIAN_POINT('Ctrl Pts',(-122.834041249454,35.2124289356206,4.11642379069092));
#3431=CARTESIAN_POINT('Ctrl Pts',(-122.65269103152,35.7012918691843,5.14280802904148));
#3432=CARTESIAN_POINT('Ctrl Pts',(-122.481501084989,35.6341963316699,6.28868188106186));
#3433=CARTESIAN_POINT('Ctrl Pts',(-122.324585476894,35.026422741129,7.25937908328259));
#3434=CARTESIAN_POINT('Ctrl Pts',(-122.182263975424,34.0254472530883,7.82324139045685));
#3435=CARTESIAN_POINT('Ctrl Pts',(-122.051402941182,32.8758062487398,7.83914807176425));
#3436=CARTESIAN_POINT('Ctrl Pts',(-121.926025776818,31.8576503324136,7.30371258365181));
#3437=CARTESIAN_POINT('Ctrl Pts',(-121.798835851251,31.2194800439525,6.34626312537091));
#3438=CARTESIAN_POINT('Ctrl Pts',(-121.662946574692,31.1158484358662,5.20299638010615));
#3439=CARTESIAN_POINT('Ctrl Pts',(-121.513655796377,31.5738225912854,4.14715230036173));
#3440=CARTESIAN_POINT('Ctrl Pts',(-121.349462445834,32.4740505673905,3.44860416293684));
#3441=CARTESIAN_POINT('Ctrl Pts',(-121.113649201983,33.9880880925058,3.18963511333579));
#3442=CARTESIAN_POINT('Ctrl Pts',(-120.862979520336,35.364189363851,4.112839326198));
#3443=CARTESIAN_POINT('Ctrl Pts',(-120.626040434603,35.6986308208296,5.61183607862591));
#3444=CARTESIAN_POINT('Ctrl Pts',(-120.460696726113,35.3935761257378,6.70953478790053));
#3445=CARTESIAN_POINT('Ctrl Pts',(-120.310202109836,34.5902341514504,7.53344487268021));
#3446=CARTESIAN_POINT('Ctrl Pts',(-120.173364597633,33.4930926603242,7.87081751376072));
#3447=CARTESIAN_POINT('Ctrl Pts',(-120.045707324863,32.3652613157341,7.64311564818123));
#3448=CARTESIAN_POINT('Ctrl Pts',(-119.92046072141,31.4839000465173,6.90381349957732));
#3449=CARTESIAN_POINT('Ctrl Pts',(-119.790295114893,31.0628904884967,5.83383222291057));
#3450=CARTESIAN_POINT('Ctrl Pts',(-119.649064896327,31.2053020656332,4.69369142950834));
#3451=CARTESIAN_POINT('Ctrl Pts',(-119.493366872907,31.8732476258169,3.76316947416056));
#3452=CARTESIAN_POINT('Ctrl Pts',(-119.323228815266,32.9082643046571,3.26655261899443));
#3453=CARTESIAN_POINT('Ctrl Pts',(-119.142495485126,34.0434686558015,3.32968668126317));
#3454=CARTESIAN_POINT('Ctrl Pts',(-118.895128530466,35.3538166619344,4.12767175305197));
#3455=CARTESIAN_POINT('Ctrl Pts',(-118.654546181257,35.7858809628345,5.72899514015685));
#3456=CARTESIAN_POINT('Ctrl Pts',(-118.442732213939,35.0539129709257,7.08337329425622));
#3457=CARTESIAN_POINT('Ctrl Pts',(-118.298326064524,34.102328337403,7.7150163220445));
#3458=CARTESIAN_POINT('Ctrl Pts',(-118.166204034241,32.9535414413336,7.81333835163954));
#3459=CARTESIAN_POINT('Ctrl Pts',(-118.040450366551,31.9013548457524,7.35143615593971));
#3460=CARTESIAN_POINT('Ctrl Pts',(-117.913978516399,31.1959824764475,6.44225919161506));
#3461=CARTESIAN_POINT('Ctrl Pts',(-117.779689923602,31.0118149244037,5.30775447496511));
#3462=CARTESIAN_POINT('Ctrl Pts',(-117.632482392002,31.3919835079114,4.22477070027764));
#3463=CARTESIAN_POINT('Ctrl Pts',(-117.470363469903,32.2437770276938,3.45775484941636));
#3464=CARTESIAN_POINT('Ctrl Pts',(-117.295075824079,33.3553760360796,3.19339497911148));
#3465=CARTESIAN_POINT('Ctrl Pts',(-117.111363580576,34.4601969638313,3.49745963368269));
#3466=CARTESIAN_POINT('Ctrl Pts',(-116.926539163941,35.2741976525307,4.29029138072092));
#3467=CARTESIAN_POINT('Ctrl Pts',(-116.687338143032,35.7385743623088,5.75388955824216));
#3468=CARTESIAN_POINT('Ctrl Pts',(-116.473248485284,35.0133622531359,7.24955965291759));
#3469=CARTESIAN_POINT('Ctrl Pts',(-116.288911616358,33.5703761386433,7.79617969862416));
#3470=CARTESIAN_POINT('Ctrl Pts',(-116.16014606041,32.4354797246083,7.6520654165041));
#3471=CARTESIAN_POINT('Ctrl Pts',(-116.035098847859,31.5007995377989,6.97562552413407));
#3472=CARTESIAN_POINT('Ctrl Pts',(-115.906020305873,31.005930139785,5.93894463583775));
#3473=CARTESIAN_POINT('Ctrl Pts',(-115.766675992274,31.0659600030098,4.79128282218935));
#3474=CARTESIAN_POINT('Ctrl Pts',(-115.613106009503,31.6673204284551,3.81463858574365));
#3475=CARTESIAN_POINT('Ctrl Pts',(-115.444928064795,32.6613227311754,3.24654733727855));
#3476=CARTESIAN_POINT('Ctrl Pts',(-115.265276178089,33.8047645884276,3.22620085343102));
#3477=CARTESIAN_POINT('Ctrl Pts',(-115.080187581538,34.8153682374864,3.75599961823347));
#3478=CARTESIAN_POINT('Ctrl Pts',(-114.896805246988,35.4486557047804,4.71106646830944));
#3479=CARTESIAN_POINT('Ctrl Pts',(-114.722337136195,35.5421809560155,5.84515344513123));
#3480=CARTESIAN_POINT('Ctrl Pts',(-114.507032628008,34.9315622905418,7.25787114388124));
#3481=CARTESIAN_POINT('Ctrl Pts',(-114.322899318412,33.4011648431431,7.91572720279124));
#3482=CARTESIAN_POINT('Ctrl Pts',(-114.154968941901,31.9498848905478,7.38604015360851));
#3483=CARTESIAN_POINT('Ctrl Pts',(-114.028906570589,31.1844428147464,6.53542503945217));
#3484=CARTESIAN_POINT('Ctrl Pts',(-113.896180353023,30.9188296585009,5.41352121676046));
#3485=CARTESIAN_POINT('Ctrl Pts',(-113.750992421856,31.2213898346244,4.30733766069117));
#3486=CARTESIAN_POINT('Ctrl Pts',(-113.591005968096,32.0158655454527,3.48068129905408));
#3487=CARTESIAN_POINT('Ctrl Pts',(-113.417334170139,33.1073571229863,3.13784561209842));
#3488=CARTESIAN_POINT('Ctrl Pts',(-113.234501388951,34.2279904282166,3.36101647671527));
#3489=CARTESIAN_POINT('Ctrl Pts',(-113.049237144702,35.1028765566309,4.09613516293493));
#3490=CARTESIAN_POINT('Ctrl Pts',(-112.868924041874,35.5171723578413,5.16014194359864));
#3491=CARTESIAN_POINT('Ctrl Pts',(-112.699614550288,35.3679331521544,6.29851654825012));
#3492=CARTESIAN_POINT('Ctrl Pts',(-112.544891073453,34.6936640554417,7.21871282961255));
#3493=CARTESIAN_POINT('Ctrl Pts',(-112.357540190153,33.3041620917642,7.8889116222816));
#3494=CARTESIAN_POINT('Ctrl Pts',(-112.192193183824,31.7140041011579,7.38606577178553));
#3495=CARTESIAN_POINT('Ctrl Pts',(-112.021584108239,30.9612061419144,6.03729957332149));
#3496=CARTESIAN_POINT('Ctrl Pts',(-111.883967004736,30.9375057643521,4.89456636288888));
#3497=CARTESIAN_POINT('Ctrl Pts',(-111.732559159896,31.4690801459726,3.87410611070047));
#3498=CARTESIAN_POINT('Ctrl Pts',(-111.566346774991,32.4196372469928,3.23764802405628));
#3499=CARTESIAN_POINT('Ctrl Pts',(-111.388032207397,33.558824998716,3.13467597918795));
#3500=CARTESIAN_POINT('Ctrl Pts',(-111.203257922873,34.605621417899,3.59198089502837));
#3501=CARTESIAN_POINT('Ctrl Pts',(-111.019244781931,35.3038236564079,4.49625124374771));
#3502=CARTESIAN_POINT('Ctrl Pts',(-110.843030428638,35.4811396918394,5.62658552439708));
#3503=CARTESIAN_POINT('Ctrl Pts',(-110.679736431235,35.0951120479731,6.7038886311457));
#3504=CARTESIAN_POINT('Ctrl Pts',(-110.531368120854,34.2346179027183,7.46833055531715));
#3505=CARTESIAN_POINT('Ctrl Pts',(-110.396132335599,33.1203037401129,7.72397600273136));
#3506=CARTESIAN_POINT('Ctrl Pts',(-110.22713681979,31.628515709631,7.32273857987755));
#3507=CARTESIAN_POINT('Ctrl Pts',(-110.060228946718,30.7532150468013,5.90330681685686));
#3508=CARTESIAN_POINT('Ctrl Pts',(-109.869164527333,31.0644658644044,4.39281027690532));
#3509=CARTESIAN_POINT('Ctrl Pts',(-109.711379271355,31.7924530932297,3.51504164366691));
#3510=CARTESIAN_POINT('Ctrl Pts',(-109.539413167742,32.8599087308184,3.0933771942888));
#3511=CARTESIAN_POINT('Ctrl Pts',(-109.357531728233,33.9924830544464,3.23641141824314));
#3512=CARTESIAN_POINT('Ctrl Pts',(-109.17215637207,34.9182569218833,3.90628215846808));
#3513=CARTESIAN_POINT('Ctrl Pts',(-108.990702504316,35.4073654805423,4.93919034716612));
#3514=CARTESIAN_POINT('Ctrl Pts',(-108.819560085972,35.3404325469801,6.08167990713909));
#3515=CARTESIAN_POINT('Ctrl Pts',(-108.66263699505,34.7319276502959,7.05391698091747));
#3516=CARTESIAN_POINT('Ctrl Pts',(-108.520291862764,33.7325197623457,7.61710959462672));
#3517=CARTESIAN_POINT('Ctrl Pts',(-108.389503296471,32.5794908152343,7.63304454801286));
#3518=CARTESIAN_POINT('Ctrl Pts',(-108.263978488468,31.567843712384,7.09811321813931));
#3519=CARTESIAN_POINT('Ctrl Pts',(-108.094773513476,30.7003325841053,5.81991845745832));
#3520=CARTESIAN_POINT('Ctrl Pts',(-107.906719994632,30.9653010700264,4.17577262292755));
#3521=CARTESIAN_POINT('Ctrl Pts',(-107.687416182877,32.1863751025185,3.23989560923782));
#3522=CARTESIAN_POINT('Ctrl Pts',(-107.510701220016,33.3088032155967,3.0547477222322));
#3523=CARTESIAN_POINT('Ctrl Pts',(-107.326343550798,34.3890403098178,3.4367009048791));
#3524=CARTESIAN_POINT('Ctrl Pts',(-107.141801525791,35.1487687635559,4.28825037019033));
#3525=CARTESIAN_POINT('Ctrl Pts',(-106.964084372467,35.4071935520418,5.40251318763382));
#3526=CARTESIAN_POINT('Ctrl Pts',(-106.798746610761,35.0981833083224,6.50546209102316));
#3527=CARTESIAN_POINT('Ctrl Pts',(-106.648248624454,34.296928560737,7.3266171956794));
#3528=CARTESIAN_POINT('Ctrl Pts',(-106.511413371797,33.1987553726972,7.66531221686407));
#3529=CARTESIAN_POINT('Ctrl Pts',(-106.383753730374,32.0715287304197,7.43690453323134));
#3530=CARTESIAN_POINT('Ctrl Pts',(-106.258510916068,31.1897270671432,6.69797952041485));
#3531=CARTESIAN_POINT('Ctrl Pts',(-106.128338506252,30.7692237585228,5.62772704198587));
#3532=CARTESIAN_POINT('Ctrl Pts',(-105.987122297674,30.9107762856378,4.48788292476469));
#3533=CARTESIAN_POINT('Ctrl Pts',(-105.8313974366,31.5802905334701,3.55690241392542));
#3534=CARTESIAN_POINT('Ctrl Pts',(-105.661315655699,32.6120641990316,3.06118087906771));
#3535=CARTESIAN_POINT('Ctrl Pts',(-105.480474919352,33.7534390461281,3.12263317891948));
#3536=CARTESIAN_POINT('Ctrl Pts',(-105.295154300918,34.7244570888284,3.72430960151805));
#3537=CARTESIAN_POINT('Ctrl Pts',(-105.112709008727,35.286012338851,4.7195907556871));
#3538=CARTESIAN_POINT('Ctrl Pts',(-104.939776086296,35.3011374555907,5.8637358493162));
#3539=CARTESIAN_POINT('Ctrl Pts',(-104.780712346747,34.7638460958921,6.87632663726516));
#3540=CARTESIAN_POINT('Ctrl Pts',(-104.636411543403,33.806214165803,7.50961225692543));
#3541=CARTESIAN_POINT('Ctrl Pts',(-104.504236931738,32.6604295356213,7.60713742464744));
#3542=CARTESIAN_POINT('Ctrl Pts',(-104.420413667054,31.9583464516353,7.29926505110468));
#3543=CARTESIAN_POINT('Ctrl Pts',(-104.378381134729,31.6652102668934,7.07071588860424));
#3544=CARTESIAN_POINT('Ctrl Pts',(-145.443815221687,32.5979404978719,7.62683292905125));
#3545=CARTESIAN_POINT('Ctrl Pts',(-145.401433994179,32.3152832589619,7.40645702710936));
#3546=CARTESIAN_POINT('Ctrl Pts',(-145.316413137331,31.8623752313695,6.82243829202268));
#3547=CARTESIAN_POINT('Ctrl Pts',(-145.181386671587,31.6841512229747,5.72839068618062));
#3548=CARTESIAN_POINT('Ctrl Pts',(-145.033874425049,32.0510777336403,4.68451336578089));
#3549=CARTESIAN_POINT('Ctrl Pts',(-144.872026118338,32.8713061636174,3.94459295236165));
#3550=CARTESIAN_POINT('Ctrl Pts',(-144.697417465509,33.9442534211356,3.6903560631607));
#3551=CARTESIAN_POINT('Ctrl Pts',(-144.514812964001,35.0063078847118,3.98197913278477));
#3552=CARTESIAN_POINT('Ctrl Pts',(-144.330891941663,35.7964703279113,4.7489116697533));
#3553=CARTESIAN_POINT('Ctrl Pts',(-144.152663580753,36.1215533131708,5.80195784105413));
#3554=CARTESIAN_POINT('Ctrl Pts',(-143.985770907639,35.8999249462335,6.88333969934011));
#3555=CARTESIAN_POINT('Ctrl Pts',(-143.833029964054,35.186308870199,7.72819519243761));
#3556=CARTESIAN_POINT('Ctrl Pts',(-143.693862478568,34.1534331398801,8.12839284360885));
#3557=CARTESIAN_POINT('Ctrl Pts',(-143.564304166919,33.0536651717232,7.98672855822645));
#3558=CARTESIAN_POINT('Ctrl Pts',(-143.438087452339,32.1553878956422,7.33590727228515));
#3559=CARTESIAN_POINT('Ctrl Pts',(-143.308107991013,31.6767915615469,6.33575703642187));
#3560=CARTESIAN_POINT('Ctrl Pts',(-143.168170791215,31.7352783109662,5.22961978402063));
#3561=CARTESIAN_POINT('Ctrl Pts',(-143.014550672548,32.3145419730561,4.28783306150225));
#3562=CARTESIAN_POINT('Ctrl Pts',(-142.846832069467,33.2728719066579,3.74018132042444));
#3563=CARTESIAN_POINT('Ctrl Pts',(-142.668060226155,34.3749971831703,3.72042611141061));
#3564=CARTESIAN_POINT('Ctrl Pts',(-142.48404310497,35.3491840135409,4.23112762670366));
#3565=CARTESIAN_POINT('Ctrl Pts',(-142.301672783119,35.9595713796732,5.15175252965111));
#3566=CARTESIAN_POINT('Ctrl Pts',(-142.127895500746,36.0496149360411,6.2449894885925));
#3567=CARTESIAN_POINT('Ctrl Pts',(-141.912889657739,35.4607872650447,7.60680257854326));
#3568=CARTESIAN_POINT('Ctrl Pts',(-141.727934064067,33.9852613979135,8.24089341746804));
#3569=CARTESIAN_POINT('Ctrl Pts',(-141.55859911308,32.5859983695675,7.7301345390833));
#3570=CARTESIAN_POINT('Ctrl Pts',(-141.431487476692,31.8479481941662,6.91002225164368));
#3571=CARTESIAN_POINT('Ctrl Pts',(-141.297951184506,31.5917780406672,5.82837047236257));
#3572=CARTESIAN_POINT('Ctrl Pts',(-141.152401889552,31.8833259803757,4.76186854362537));
#3573=CARTESIAN_POINT('Ctrl Pts',(-140.992585347049,32.649127886094,3.96486081694784));
#3574=CARTESIAN_POINT('Ctrl Pts',(-140.819576223211,33.7012517945304,3.6342520652266));
#3575=CARTESIAN_POINT('Ctrl Pts',(-140.637734992987,34.7814711975423,3.84933045679083));
#3576=CARTESIAN_POINT('Ctrl Pts',(-140.453549875999,35.6247913230023,4.55792222660937));
#3577=CARTESIAN_POINT('Ctrl Pts',(-140.274138086868,36.0240580772238,5.58359697479447));
#3578=CARTESIAN_POINT('Ctrl Pts',(-140.105333830566,35.8800780791406,6.68095746466264));
#3579=CARTESIAN_POINT('Ctrl Pts',(-139.950591690888,35.2299219028483,7.56798215584597));
#3580=CARTESIAN_POINT('Ctrl Pts',(-139.762534328344,33.8902175246524,8.21397574314622));
#3581=CARTESIAN_POINT('Ctrl Pts',(-139.595689631042,32.3570767110179,7.72909850076659));
#3582=CARTESIAN_POINT('Ctrl Pts',(-139.423772193672,31.6311862739762,6.42871064469563));
#3583=CARTESIAN_POINT('Ctrl Pts',(-139.285521390021,31.6082084706819,5.32697577570278));
#3584=CARTESIAN_POINT('Ctrl Pts',(-139.133975067677,32.1205611558462,4.34312944728588));
#3585=CARTESIAN_POINT('Ctrl Pts',(-138.968157194682,33.0368151528596,3.72945667220979));
#3586=CARTESIAN_POINT('Ctrl Pts',(-138.790671654037,34.1349253719144,3.63011838751888));
#3587=CARTESIAN_POINT('Ctrl Pts',(-138.606958971828,35.1439720379848,4.07088298404466));
#3588=CARTESIAN_POINT('Ctrl Pts',(-138.423980108488,35.8169388975688,4.94256715560611));
#3589=CARTESIAN_POINT('Ctrl Pts',(-138.248519239391,35.9877750304319,6.0321743161184));
#3590=CARTESIAN_POINT('Ctrl Pts',(-138.085514844266,35.6154915729886,7.07065677789778));
#3591=CARTESIAN_POINT('Ctrl Pts',(-137.936898772606,34.7858263258248,7.807538044209));
#3592=CARTESIAN_POINT('Ctrl Pts',(-137.800943660719,33.7114505874913,8.05389949830714));
#3593=CARTESIAN_POINT('Ctrl Pts',(-137.630581778093,32.2731356582458,7.66697818617531));
#3594=CARTESIAN_POINT('Ctrl Pts',(-137.462232338122,31.429148043575,6.29847271716716));
#3595=CARTESIAN_POINT('Ctrl Pts',(-137.270594948214,31.7290511468972,4.84217111793346));
#3596=CARTESIAN_POINT('Ctrl Pts',(-137.112901102296,32.4307392643501,3.99586891279724));
#3597=CARTESIAN_POINT('Ctrl Pts',(-136.941535774085,33.4596979944292,3.58929417695099));
#3598=CARTESIAN_POINT('Ctrl Pts',(-136.760611998182,34.5514356005904,3.72708683112953));
#3599=CARTESIAN_POINT('Ctrl Pts',(-136.576319806878,35.443794529954,4.37280131488113));
#3600=CARTESIAN_POINT('Ctrl Pts',(-136.39580787432,35.9152120909704,5.36848192574122));
#3601=CARTESIAN_POINT('Ctrl Pts',(-136.225237216416,35.850549757785,6.46980993628248));
#3602=CARTESIAN_POINT('Ctrl Pts',(-136.068373886332,35.2638165655368,7.40701499490413));
#3603=CARTESIAN_POINT('Ctrl Pts',(-135.925565178608,34.3002119317752,7.94986212967647));
#3604=CARTESIAN_POINT('Ctrl Pts',(-135.793896876517,33.1885218717132,7.96515357600766));
#3605=CARTESIAN_POINT('Ctrl Pts',(-135.667303487819,32.2131282873563,7.44936054080197));
#3606=CARTESIAN_POINT('Ctrl Pts',(-135.496739686412,31.3766452141221,6.21701109102452));
#3607=CARTESIAN_POINT('Ctrl Pts',(-135.308005025152,31.6319238054511,4.63186885298747));
#3608=CARTESIAN_POINT('Ctrl Pts',(-135.089143387436,32.8089418671752,3.7295334527976));
#3609=CARTESIAN_POINT('Ctrl Pts',(-134.913200584699,33.8908889169516,3.55093978751697));
#3610=CARTESIAN_POINT('Ctrl Pts',(-134.729888866803,34.9321747307565,3.91910527720642));
#3611=CARTESIAN_POINT('Ctrl Pts',(-134.546401114012,35.6644494504138,4.73990806013649));
#3612=CARTESIAN_POINT('Ctrl Pts',(-134.369489671859,35.9135072478054,5.81409976570413));
#3613=CARTESIAN_POINT('Ctrl Pts',(-134.204519229145,35.6153760782556,6.87716209325003));
#3614=CARTESIAN_POINT('Ctrl Pts',(-134.05384119574,34.8430404114727,7.66899080044472));
#3615=CARTESIAN_POINT('Ctrl Pts',(-133.916363782422,33.7837258123685,7.99482481657701));
#3616=CARTESIAN_POINT('Ctrl Pts',(-133.787673444865,32.6978899405523,7.77571186525824));
#3617=CARTESIAN_POINT('Ctrl Pts',(-133.661433497472,31.8456048626665,7.06080013543216));
#3618=CARTESIAN_POINT('Ctrl Pts',(-133.530203317581,31.4440422829511,6.033674476084));
#3619=CARTESIAN_POINT('Ctrl Pts',(-133.341638836209,31.6158380982435,4.55637601512999));
#3620=CARTESIAN_POINT('Ctrl Pts',(-133.12359667298,32.8435034255412,3.52741571192733));
#3621=CARTESIAN_POINT('Ctrl Pts',(-132.883305560425,34.3204864596792,3.61831349308872));
#3622=CARTESIAN_POINT('Ctrl Pts',(-132.699222517254,35.252528641273,4.1935280535616));
#3623=CARTESIAN_POINT('Ctrl Pts',(-132.51767284739,35.7958407866845,5.15544114203053));
#3624=CARTESIAN_POINT('Ctrl Pts',(-132.345415548621,35.8093040502679,6.25714772388127));
#3625=CARTESIAN_POINT('Ctrl Pts',(-132.186466753183,35.2917640240036,7.23392961701846));
#3626=CARTESIAN_POINT('Ctrl Pts',(-132.04178650949,34.3680897083707,7.84392333764037));
#3627=CARTESIAN_POINT('Ctrl Pts',(-131.908767955643,33.2637355930597,7.93830027232162));
#3628=CARTESIAN_POINT('Ctrl Pts',(-131.781994800001,32.2476839249077,7.49244958007387));
#3629=CARTESIAN_POINT('Ctrl Pts',(-131.654448679531,31.5684168171476,6.61726993429196));
#3630=CARTESIAN_POINT('Ctrl Pts',(-131.519465916078,31.3902469618832,5.52024654528612));
#3631=CARTESIAN_POINT('Ctrl Pts',(-131.371865507055,31.7570473032228,4.48239654916996));
#3632=CARTESIAN_POINT('Ctrl Pts',(-131.15629493202,32.8510239441399,3.48028600392763));
#3633=CARTESIAN_POINT('Ctrl Pts',(-130.914339725802,34.4491847891408,3.5086309909206));
#3634=CARTESIAN_POINT('Ctrl Pts',(-130.668882228082,35.502449665214,4.54683368090953));
#3635=CARTESIAN_POINT('Ctrl Pts',(-130.490744175235,35.8276518340621,5.59372019347331));
#3636=CARTESIAN_POINT('Ctrl Pts',(-130.323804229175,35.6059501194385,6.67834204563337));
#3637=CARTESIAN_POINT('Ctrl Pts',(-130.171085728941,34.8923933665569,7.52162435354115));
#3638=CARTESIAN_POINT('Ctrl Pts',(-130.031906709667,33.8594425125366,7.92269417268511));
#3639=CARTESIAN_POINT('Ctrl Pts',(-129.902353594474,32.7598089986204,7.78049337055216));
#3640=CARTESIAN_POINT('Ctrl Pts',(-129.776134704832,31.8612826070257,7.13017183352496));
#3641=CARTESIAN_POINT('Ctrl Pts',(-129.646155107983,31.3832042449624,6.12929143475256));
#3642=CARTESIAN_POINT('Ctrl Pts',(-129.506220102051,31.4406966853733,5.02442756567417));
#3643=CARTESIAN_POINT('Ctrl Pts',(-129.352594221608,32.0220464973536,4.08004602949227));
#3644=CARTESIAN_POINT('Ctrl Pts',(-129.184887022568,32.9763956129928,3.53731859565035));
#3645=CARTESIAN_POINT('Ctrl Pts',(-128.946497425035,34.4559691921384,3.49840375944183));
#3646=CARTESIAN_POINT('Ctrl Pts',(-128.69770520884,35.6417463254698,4.56868163017475));
#3647=CARTESIAN_POINT('Ctrl Pts',(-128.465868149998,35.754597565008,6.04550357830683));
#3648=CARTESIAN_POINT('Ctrl Pts',(-128.304856286228,35.3124644485261,7.05150977266326));
#3649=CARTESIAN_POINT('Ctrl Pts',(-128.158236672072,34.4324226548903,7.72786604442287));
#3650=CARTESIAN_POINT('Ctrl Pts',(-128.023821033297,33.3387785714028,7.8996197693382));
#3651=CARTESIAN_POINT('Ctrl Pts',(-127.896560521146,32.2933992175964,7.52794336483896));
#3652=CARTESIAN_POINT('Ctrl Pts',(-127.769583629276,31.5533115164382,6.70180186606882));
#3653=CARTESIAN_POINT('Ctrl Pts',(-127.635979519355,31.2979796743703,5.62345174419708));
#3654=CARTESIAN_POINT('Ctrl Pts',(-127.490456338235,31.5896422858769,4.55505420647492));
#3655=CARTESIAN_POINT('Ctrl Pts',(-127.330637459921,32.354451155204,3.7596184728781));
#3656=CARTESIAN_POINT('Ctrl Pts',(-127.15760442512,33.4091248593764,3.42695700491918));
#3657=CARTESIAN_POINT('Ctrl Pts',(-126.975820884756,34.4842792360818,3.64543702432004));
#3658=CARTESIAN_POINT('Ctrl Pts',(-126.730077193119,35.6219376201023,4.58219081582332));
#3659=CARTESIAN_POINT('Ctrl Pts',(-126.435735063935,35.8680502704124,6.57980836637164));
#3660=CARTESIAN_POINT('Ctrl Pts',(-126.141978392126,33.989009081852,8.13659348471546));
#3661=CARTESIAN_POINT('Ctrl Pts',(-125.933908906557,32.058259533729,7.51867773819127));
#3662=CARTESIAN_POINT('Ctrl Pts',(-125.761694429694,31.3405910807025,6.22625784357923));
#3663=CARTESIAN_POINT('Ctrl Pts',(-125.577819435039,31.2979602011836,4.74392343002401));
#3664=CARTESIAN_POINT('Ctrl Pts',(-125.365681250246,32.3690576984446,3.54681216416951));
#3665=CARTESIAN_POINT('Ctrl Pts',(-125.128614945017,33.8435321017744,3.42740800335103));
#3666=CARTESIAN_POINT('Ctrl Pts',(-124.945065572652,34.848646188137,3.86295308611135));
#3667=CARTESIAN_POINT('Ctrl Pts',(-124.762003769521,35.5234389795854,4.73753252433016));
#3668=CARTESIAN_POINT('Ctrl Pts',(-124.586576601163,35.6939272904557,5.82540086610022));
#3669=CARTESIAN_POINT('Ctrl Pts',(-124.423565224939,35.3208770834611,6.86544050097768));
#3670=CARTESIAN_POINT('Ctrl Pts',(-124.27492904375,34.4936846062965,7.6001268416365));
#3671=CARTESIAN_POINT('Ctrl Pts',(-124.139026418274,33.414237409094,7.85024421588477));
#3672=CARTESIAN_POINT('Ctrl Pts',(-124.011148724479,32.3453419125524,7.55305947697423));
#3673=CARTESIAN_POINT('Ctrl Pts',(-123.884542461052,31.5487173770648,6.78301509352928));
#3674=CARTESIAN_POINT('Ctrl Pts',(-123.752329183654,31.21654907664,5.72206594828697));
#3675=CARTESIAN_POINT('Ctrl Pts',(-123.608614522927,31.4322473551651,4.64212216877161));
#3676=CARTESIAN_POINT('Ctrl Pts',(-123.398545207469,32.3729402802952,3.49388407992624));
#3677=CARTESIAN_POINT('Ctrl Pts',(-123.160287117318,33.959340125389,3.29380499422331));
#3678=CARTESIAN_POINT('Ctrl Pts',(-122.914302443195,35.150066240033,4.17081349172098));
#3679=CARTESIAN_POINT('Ctrl Pts',(-122.733890450793,35.6212424790847,5.16021005097582));
#3680=CARTESIAN_POINT('Ctrl Pts',(-122.563273961547,35.5564260169297,6.26479771829169));
#3681=CARTESIAN_POINT('Ctrl Pts',(-122.406417858081,34.9703960024409,7.20052003766691));
#3682=CARTESIAN_POINT('Ctrl Pts',(-122.263631911894,34.0052821451525,7.74401121596446));
#3683=CARTESIAN_POINT('Ctrl Pts',(-122.131893785563,32.8968548978863,7.75927761075044));
#3684=CARTESIAN_POINT('Ctrl Pts',(-122.005442660651,31.9151924831624,7.24299477183164));
#3685=CARTESIAN_POINT('Ctrl Pts',(-121.877244021668,31.299834060208,6.31989435250738));
#3686=CARTESIAN_POINT('Ctrl Pts',(-121.740658399231,31.199823229496,5.21764509231728));
#3687=CARTESIAN_POINT('Ctrl Pts',(-121.591153712946,31.6411980431521,4.19967565184774));
#3688=CARTESIAN_POINT('Ctrl Pts',(-121.427281668229,32.5089476266929,3.5261642568731));
#3689=CARTESIAN_POINT('Ctrl Pts',(-121.192504418844,33.9683906768217,3.27639088962001));
#3690=CARTESIAN_POINT('Ctrl Pts',(-120.943404994186,35.2948513225746,4.16628721968049));
#3691=CARTESIAN_POINT('Ctrl Pts',(-120.707542377915,35.6171058094732,5.61127925443052));
#3692=CARTESIAN_POINT('Ctrl Pts',(-120.542561334865,35.3229070834856,6.66943300066758));
#3693=CARTESIAN_POINT('Ctrl Pts',(-120.39189609859,34.5483205560139,7.46362495340646));
#3694=CARTESIAN_POINT('Ctrl Pts',(-120.254396321566,33.4905081266163,7.78879860619154));
#3695=CARTESIAN_POINT('Ctrl Pts',(-120.125747153978,32.4031102610551,7.56918408306123));
#3696=CARTESIAN_POINT('Ctrl Pts',(-119.999421879172,31.5533067677561,6.85639035329403));
#3697=CARTESIAN_POINT('Ctrl Pts',(-119.868354191298,31.1473285664354,5.82478872731587));
#3698=CARTESIAN_POINT('Ctrl Pts',(-119.726620284137,31.2844841673226,4.72555485510146));
#3699=CARTESIAN_POINT('Ctrl Pts',(-119.570937989913,31.9283077806411,3.82841194166042));
#3700=CARTESIAN_POINT('Ctrl Pts',(-119.401335574861,32.9259833442969,3.34955533448036));
#3701=CARTESIAN_POINT('Ctrl Pts',(-119.22151828396,34.020255411611,3.41034489133496));
#3702=CARTESIAN_POINT('Ctrl Pts',(-118.975602664933,35.2833340780241,4.17952555886045));
#3703=CARTESIAN_POINT('Ctrl Pts',(-118.736227862438,35.6997024966111,5.72315792775366));
#3704=CARTESIAN_POINT('Ctrl Pts',(-118.524587069926,34.9938882019417,7.02872886221467));
#3705=CARTESIAN_POINT('Ctrl Pts',(-118.37979086349,34.0763990525541,7.63758738846813));
#3706=CARTESIAN_POINT('Ctrl Pts',(-118.246837483936,32.9687969136847,7.73227667288903));
#3707=CARTESIAN_POINT('Ctrl Pts',(-118.120023298907,31.9543125857662,7.28691059894274));
#3708=CARTESIAN_POINT('Ctrl Pts',(-117.992516645298,31.2741937546365,6.41032877506939));
#3709=CARTESIAN_POINT('Ctrl Pts',(-117.857474733758,31.0965119970424,5.31653179728096));
#3710=CARTESIAN_POINT('Ctrl Pts',(-117.709977667503,31.462906961753,4.27240618282921));
#3711=CARTESIAN_POINT('Ctrl Pts',(-117.548106133937,32.2839442124263,3.5328720695222));
#3712=CARTESIAN_POINT('Ctrl Pts',(-117.373538608657,33.3554621412735,3.27794710759049));
#3713=CARTESIAN_POINT('Ctrl Pts',(-117.190849896442,34.420441346981,3.57098172258876));
#3714=CARTESIAN_POINT('Ctrl Pts',(-117.007088766512,35.2050513160777,4.33523300924399));
#3715=CARTESIAN_POINT('Ctrl Pts',(-116.76904544371,35.6525749340972,5.74609767189184));
#3716=CARTESIAN_POINT('Ctrl Pts',(-116.555210734802,34.9532791377611,7.1878757244555));
#3717=CARTESIAN_POINT('Ctrl Pts',(-116.370059149988,33.562011284462,7.71472841690498));
#3718=CARTESIAN_POINT('Ctrl Pts',(-116.240341357746,32.4677941965676,7.57572034314918));
#3719=CARTESIAN_POINT('Ctrl Pts',(-116.114208181476,31.5666092883903,6.92350769158159));
#3720=CARTESIAN_POINT('Ctrl Pts',(-115.984188933256,31.0893977741242,5.9240201255342));
#3721=CARTESIAN_POINT('Ctrl Pts',(-115.84427240993,31.1471648597738,4.81753849648075));
#3722=CARTESIAN_POINT('Ctrl Pts',(-115.690642457874,31.7267707820907,3.8759155538334));
#3723=CARTESIAN_POINT('Ctrl Pts',(-115.522928963138,32.6849229150247,3.32817873079637));
#3724=CARTESIAN_POINT('Ctrl Pts',(-115.344154692584,33.7871326739503,3.30846394867932));
#3725=CARTESIAN_POINT('Ctrl Pts',(-115.160138828427,34.7612757522724,3.81914452754924));
#3726=CARTESIAN_POINT('Ctrl Pts',(-114.977767917958,35.3716836057979,4.73977923421441));
#3727=CARTESIAN_POINT('Ctrl Pts',(-114.803990924874,35.4617170932038,5.8330113749117));
#3728=CARTESIAN_POINT('Ctrl Pts',(-114.588984940759,34.8728943336038,7.19482681508553));
#3729=CARTESIAN_POINT('Ctrl Pts',(-114.404029439403,33.3973652533087,7.82891611643304));
#3730=CARTESIAN_POINT('Ctrl Pts',(-114.234694445715,31.9981037112405,7.31815794926843));
#3731=CARTESIAN_POINT('Ctrl Pts',(-114.107582827074,31.2600529181356,6.49804536624257));
#3732=CARTESIAN_POINT('Ctrl Pts',(-113.974046525545,31.0038830898282,5.41639374257349));
#3733=CARTESIAN_POINT('Ctrl Pts',(-113.828497235044,31.2954308745418,4.34989173966752));
#3734=CARTESIAN_POINT('Ctrl Pts',(-113.668680690226,32.0612328608163,3.55288405153808));
#3735=CARTESIAN_POINT('Ctrl Pts',(-113.495671567489,33.1133567309411,3.22227528148377));
#3736=CARTESIAN_POINT('Ctrl Pts',(-113.313830336694,34.1935761538554,3.43735368257186));
#3737=CARTESIAN_POINT('Ctrl Pts',(-113.129645219977,35.0368962698587,4.14594544786512));
#3738=CARTESIAN_POINT('Ctrl Pts',(-112.950233430706,35.4361630289777,5.1716201983938));
#3739=CARTESIAN_POINT('Ctrl Pts',(-112.781429174469,35.2921830286013,6.26898068716457));
#3740=CARTESIAN_POINT('Ctrl Pts',(-112.626687034758,34.6420268534359,7.15600537888723));
#3741=CARTESIAN_POINT('Ctrl Pts',(-112.43862967223,33.3023224746904,7.80199896592439));
#3742=CARTESIAN_POINT('Ctrl Pts',(-112.271784974918,31.7691816614154,7.31712172371689));
#3743=CARTESIAN_POINT('Ctrl Pts',(-112.099867537553,31.0432912242074,6.01673386756626));
#3744=CARTESIAN_POINT('Ctrl Pts',(-111.9616167339,31.0203134209823,4.9149989986066));
#3745=CARTESIAN_POINT('Ctrl Pts',(-111.810070411557,31.5326661061101,3.93115267017208));
#3746=CARTESIAN_POINT('Ctrl Pts',(-111.644252538561,32.4489201031412,3.31747989510475));
#3747=CARTESIAN_POINT('Ctrl Pts',(-111.466766997917,33.5470303221862,3.21814161040864));
#3748=CARTESIAN_POINT('Ctrl Pts',(-111.283054315707,34.5560769882625,3.65890620693837));
#3749=CARTESIAN_POINT('Ctrl Pts',(-111.100075452368,35.2290438478412,4.53059037849512));
#3750=CARTESIAN_POINT('Ctrl Pts',(-110.924614583271,35.3998799807118,5.62019753901561));
#3751=CARTESIAN_POINT('Ctrl Pts',(-110.761610188147,35.0275965232556,6.65868000077992));
#3752=CARTESIAN_POINT('Ctrl Pts',(-110.612994116485,34.1979312761179,7.39556126712231));
#3753=CARTESIAN_POINT('Ctrl Pts',(-110.4770390046,33.1235555377353,7.64192272116138));
#3754=CARTESIAN_POINT('Ctrl Pts',(-110.30667712197,31.6852406086075,7.25500140917155));
#3755=CARTESIAN_POINT('Ctrl Pts',(-110.138327682009,30.8412529936822,5.88649593985643));
#3756=CARTESIAN_POINT('Ctrl Pts',(-109.946690292085,31.1411560973935,4.4301943410919));
#3757=CARTESIAN_POINT('Ctrl Pts',(-109.788996446198,31.8428442140489,3.58389213499385));
#3758=CARTESIAN_POINT('Ctrl Pts',(-109.617631117923,32.8718029457508,3.17731740110467));
#3759=CARTESIAN_POINT('Ctrl Pts',(-109.436707342158,33.9635405484463,3.31511005110377));
#3760=CARTESIAN_POINT('Ctrl Pts',(-109.252415150589,34.8558994845018,3.96082454292562));
#3761=CARTESIAN_POINT('Ctrl Pts',(-109.071903218589,35.3273170314345,4.95650513680118));
#3762=CARTESIAN_POINT('Ctrl Pts',(-108.901332559609,35.26265472536,6.05783318003702));
#3763=CARTESIAN_POINT('Ctrl Pts',(-108.744469231788,34.6759214761068,6.99503816991333));
#3764=CARTESIAN_POINT('Ctrl Pts',(-108.60166051971,33.712316952026,7.53788543695576));
#3765=CARTESIAN_POINT('Ctrl Pts',(-108.469992226754,32.600626661845,7.55317660577369));
#3766=CARTESIAN_POINT('Ctrl Pts',(-108.343398820703,31.6252335146008,7.03738409770653));
#3767=CARTESIAN_POINT('Ctrl Pts',(-108.17283506105,30.7887493896146,5.8050333795629));
#3768=CARTESIAN_POINT('Ctrl Pts',(-107.984100309524,31.0440302547124,4.21989388358977));
#3769=CARTESIAN_POINT('Ctrl Pts',(-107.765238809782,32.2210448409274,3.31755429209054));
#3770=CARTESIAN_POINT('Ctrl Pts',(-107.589295724182,33.3029990159216,3.13896921950564));
#3771=CARTESIAN_POINT('Ctrl Pts',(-107.405984581827,34.3442703319918,3.50711722557205));
#3772=CARTESIAN_POINT('Ctrl Pts',(-107.222495599937,35.076576012425,4.32795734582058));
#3773=CARTESIAN_POINT('Ctrl Pts',(-107.045586531095,35.3255740265344,5.40207695540936));
#3774=CARTESIAN_POINT('Ctrl Pts',(-106.880611093537,35.0275686761593,6.46529101528277));
#3775=CARTESIAN_POINT('Ctrl Pts',(-106.729942675038,34.2549908117536,7.25682764291683));
#3776=CARTESIAN_POINT('Ctrl Pts',(-106.592445044649,33.1961854767488,7.58327580893597));
#3777=CARTESIAN_POINT('Ctrl Pts',(-106.463793609979,32.1093696488772,7.36298107382316));
#3778=CARTESIAN_POINT('Ctrl Pts',(-106.337471980391,31.2591421257604,6.65055067383306));
#3779=CARTESIAN_POINT('Ctrl Pts',(-106.206397737622,30.8536515309102,5.61868797462109));
#3780=CARTESIAN_POINT('Ctrl Pts',(-106.064677335372,30.9899795471759,4.51973937579199));
#3781=CARTESIAN_POINT('Ctrl Pts',(-105.908969168313,31.6353144763689,3.62215578641788));
#3782=CARTESIAN_POINT('Ctrl Pts',(-105.739421008539,32.6298655780636,3.14415939685504));
#3783=CARTESIAN_POINT('Ctrl Pts',(-105.559500168734,33.7300825954444,3.20333321622678));
#3784=CARTESIAN_POINT('Ctrl Pts',(-105.375260726236,34.6660774642363,3.78328026448652));
#3785=CARTESIAN_POINT('Ctrl Pts',(-105.193793425436,35.2073083164294,4.74270034228607));
#3786=CARTESIAN_POINT('Ctrl Pts',(-105.021495902845,35.221787013005,5.84562569150219));
#3787=CARTESIAN_POINT('Ctrl Pts',(-104.86256981638,34.703675349467,6.82171716932038));
#3788=CARTESIAN_POINT('Ctrl Pts',(-104.717874744558,33.7803712970692,7.43216597976191));
#3789=CARTESIAN_POINT('Ctrl Pts',(-104.584871271615,32.6756420477952,7.52607801014877));
#3790=CARTESIAN_POINT('Ctrl Pts',(-104.500339465014,31.9987551621944,7.22924366533059));
#3791=CARTESIAN_POINT('Ctrl Pts',(-104.457958237506,31.7160979232844,7.0088677633887));
#3792=CARTESIAN_POINT('Ctrl Pts',(-145.493986986619,32.6627848080064,7.54583644595551));
#3793=CARTESIAN_POINT('Ctrl Pts',(-145.451152261069,32.3937560379147,7.33609033716777));
#3794=CARTESIAN_POINT('Ctrl Pts',(-145.365238369698,31.9626249830895,6.78022516871732));
#3795=CARTESIAN_POINT('Ctrl Pts',(-145.229233392193,31.7928748226395,5.73898400743758));
#3796=CARTESIAN_POINT('Ctrl Pts',(-145.08134732559,32.1418820970869,4.74547082218407));
#3797=CARTESIAN_POINT('Ctrl Pts',(-144.91981785854,32.922287856311,4.0412310764446));
#3798=CARTESIAN_POINT('Ctrl Pts',(-144.746145690146,33.9431795958941,3.79916664497798));
#3799=CARTESIAN_POINT('Ctrl Pts',(-144.564864066569,34.9537062328991,4.07658202959722));
#3800=CARTESIAN_POINT('Ctrl Pts',(-144.382329661288,35.7054985379329,4.80630329922275));
#3801=CARTESIAN_POINT('Ctrl Pts',(-144.205212773347,36.014689369463,5.80831051858484));
#3802=CARTESIAN_POINT('Ctrl Pts',(-144.038882985713,35.8036269517996,6.83728190216039));
#3803=CARTESIAN_POINT('Ctrl Pts',(-143.886020959409,35.1243550802168,7.64115854386394));
#3804=CARTESIAN_POINT('Ctrl Pts',(-143.746075501505,34.1412741752688,8.02189663419553));
#3805=CARTESIAN_POINT('Ctrl Pts',(-143.61527479696,33.094534019117,7.88696145838171));
#3806=CARTESIAN_POINT('Ctrl Pts',(-143.487653972922,32.2395333245819,7.2675100593036));
#3807=CARTESIAN_POINT('Ctrl Pts',(-143.356452257508,31.7839300872418,6.31561309283303));
#3808=CARTESIAN_POINT('Ctrl Pts',(-143.215774713789,31.8394175546845,5.26285833902584));
#3809=CARTESIAN_POINT('Ctrl Pts',(-143.062075553487,32.3905125200011,4.36651098237504));
#3810=CARTESIAN_POINT('Ctrl Pts',(-142.894960218913,33.3023283876939,3.84522416889754));
#3811=CARTESIAN_POINT('Ctrl Pts',(-142.717325837923,34.3509905279822,3.82632046692122));
#3812=CARTESIAN_POINT('Ctrl Pts',(-142.534700065858,35.2779044357333,4.31220122992653));
#3813=CARTESIAN_POINT('Ctrl Pts',(-142.353641427072,35.8586043559856,5.18819448969974));
#3814=CARTESIAN_POINT('Ctrl Pts',(-142.180760126243,35.9441370035373,6.22844357522129));
#3815=CARTESIAN_POINT('Ctrl Pts',(-141.966141553097,35.3835702470664,7.52424280700606));
#3816=CARTESIAN_POINT('Ctrl Pts',(-141.78011990377,33.9791869663096,8.12751741556753));
#3817=CARTESIAN_POINT('Ctrl Pts',(-141.608963357101,32.6473814316192,7.64131132926463));
#3818=CARTESIAN_POINT('Ctrl Pts',(-141.480490807269,31.9448695219768,6.86074665611044));
#3819=CARTESIAN_POINT('Ctrl Pts',(-141.345904572314,31.7009188595156,5.8312938332055));
#3820=CARTESIAN_POINT('Ctrl Pts',(-141.199885914961,31.9782135245463,4.81626141498109));
#3821=CARTESIAN_POINT('Ctrl Pts',(-141.040290491502,32.706810944357,4.05767939164111));
#3822=CARTESIAN_POINT('Ctrl Pts',(-140.868140086757,33.70789199482,3.74295572198429));
#3823=CARTESIAN_POINT('Ctrl Pts',(-140.687585019499,34.7357088135783,3.94750979607015));
#3824=CARTESIAN_POINT('Ctrl Pts',(-140.504799329409,35.5380761695899,4.62172614120288));
#3825=CARTESIAN_POINT('Ctrl Pts',(-140.32655599625,35.917879641462,5.59767863954435));
#3826=CARTESIAN_POINT('Ctrl Pts',(-140.158407455843,35.7806933007157,6.64185487890613));
#3827=CARTESIAN_POINT('Ctrl Pts',(-140.003640632675,35.1618247764107,7.4858688777873));
#3828=CARTESIAN_POINT('Ctrl Pts',(-139.814667208446,33.8866972599234,8.1004674061689));
#3829=CARTESIAN_POINT('Ctrl Pts',(-139.645880593654,32.4274853509154,7.63888839759809));
#3830=CARTESIAN_POINT('Ctrl Pts',(-139.472266489664,31.7364847611059,6.40124191420697));
#3831=CARTESIAN_POINT('Ctrl Pts',(-139.33319343045,31.7144623217142,5.35267892314812));
#3832=CARTESIAN_POINT('Ctrl Pts',(-139.181468226127,32.2018682563863,4.4162960109843));
#3833=CARTESIAN_POINT('Ctrl Pts',(-139.016161263095,33.0736519830366,3.83219722487844));
#3834=CARTESIAN_POINT('Ctrl Pts',(-138.839751276704,34.1184923043588,3.73754067813427));
#3835=CARTESIAN_POINT('Ctrl Pts',(-138.657415118914,35.0785729007267,4.15688389239283));
#3836=CARTESIAN_POINT('Ctrl Pts',(-138.47577726566,35.7188388087874,4.98629164166836));
#3837=CARTESIAN_POINT('Ctrl Pts',(-138.301294050696,35.8812420670929,6.02309076954704));
#3838=CARTESIAN_POINT('Ctrl Pts',(-138.138664486789,35.5268106921753,7.01123786155645));
#3839=CARTESIAN_POINT('Ctrl Pts',(-137.989727817924,34.7371024840463,7.71236328232761));
#3840=CARTESIAN_POINT('Ctrl Pts',(-137.852839429259,33.7145284293445,7.94670175864892));
#3841=CARTESIAN_POINT('Ctrl Pts',(-137.680705643563,32.3455606934136,7.57834081028469));
#3842=CARTESIAN_POINT('Ctrl Pts',(-137.510487057032,31.5421738141556,6.27586675996157));
#3843=CARTESIAN_POINT('Ctrl Pts',(-137.318106750609,31.8273554697335,4.8898459334588));
#3844=CARTESIAN_POINT('Ctrl Pts',(-137.160530980401,32.4949493234284,4.08436534838079));
#3845=CARTESIAN_POINT('Ctrl Pts',(-136.989945214552,33.4739815859864,3.6973325767315));
#3846=CARTESIAN_POINT('Ctrl Pts',(-136.810263041237,34.5127556835701,3.8283567760647));
#3847=CARTESIAN_POINT('Ctrl Pts',(-136.627375430117,35.3618016976433,4.44272200121096));
#3848=CARTESIAN_POINT('Ctrl Pts',(-136.448085394008,35.8102499421185,5.39013912808416));
#3849=CARTESIAN_POINT('Ctrl Pts',(-136.278255508713,35.748562733755,6.43809068025567));
#3850=CARTESIAN_POINT('Ctrl Pts',(-136.121470475134,35.1900360277851,7.32985186697985));
#3851=CARTESIAN_POINT('Ctrl Pts',(-135.978059868498,34.2728780841488,7.84633938314869));
#3852=CARTESIAN_POINT('Ctrl Pts',(-135.845251268113,33.2147893971256,7.86077014983953));
#3853=CARTESIAN_POINT('Ctrl Pts',(-135.717271915846,32.2864063615466,7.36981508628675));
#3854=CARTESIAN_POINT('Ctrl Pts',(-135.544945946145,31.4901646502378,6.19691466945003));
#3855=CARTESIAN_POINT('Ctrl Pts',(-135.355327988938,31.7328823139709,4.68828063074269));
#3856=CARTESIAN_POINT('Ctrl Pts',(-135.137040100166,32.8527590727216,3.82943318602261));
#3857=CARTESIAN_POINT('Ctrl Pts',(-134.962098024325,33.8822173079527,3.65936948677642));
#3858=CARTESIAN_POINT('Ctrl Pts',(-134.780143496256,34.8729860590918,4.00960922245976));
#3859=CARTESIAN_POINT('Ctrl Pts',(-134.598021514755,35.5696767509854,4.79060750268317));
#3860=CARTESIAN_POINT('Ctrl Pts',(-134.4221575401,35.8065370115198,5.81273309260929));
#3861=CARTESIAN_POINT('Ctrl Pts',(-134.257657468409,35.5226538092741,6.82426658746258));
#3862=CARTESIAN_POINT('Ctrl Pts',(-134.106758102086,34.7875159926501,7.57769324555622));
#3863=CARTESIAN_POINT('Ctrl Pts',(-133.968421379736,33.7792683481012,7.88764692063507));
#3864=CARTESIAN_POINT('Ctrl Pts',(-133.838446441267,32.7457845263442,7.6790267980068));
#3865=CARTESIAN_POINT('Ctrl Pts',(-133.71080353118,31.9345608391413,6.9985699971771));
#3866=CARTESIAN_POINT('Ctrl Pts',(-133.578411745313,31.5522529802523,6.02100988861477));
#3867=CARTESIAN_POINT('Ctrl Pts',(-133.388955651133,31.7155263865232,4.61500822657462));
#3868=CARTESIAN_POINT('Ctrl Pts',(-133.171447533394,32.8836051470399,3.63565858284302));
#3869=CARTESIAN_POINT('Ctrl Pts',(-132.932766558392,34.2889405981217,3.72200759894513));
#3870=CARTESIAN_POINT('Ctrl Pts',(-132.750078037364,35.1757402449715,4.26929357575938));
#3871=CARTESIAN_POINT('Ctrl Pts',(-132.569800196405,35.6926223606896,5.18456993811116));
#3872=CARTESIAN_POINT('Ctrl Pts',(-132.398365657191,35.7052639051782,6.23288050285138));
#3873=CARTESIAN_POINT('Ctrl Pts',(-132.239595527802,35.212600227628,7.16231376512514));
#3874=CARTESIAN_POINT('Ctrl Pts',(-132.094404353059,34.3334310189877,7.74268518298519));
#3875=CARTESIAN_POINT('Ctrl Pts',(-131.960310482087,33.2823262977034,7.83239391151117));
#3876=CARTESIAN_POINT('Ctrl Pts',(-131.83216018507,32.3152558016108,7.40798396917761));
#3877=CARTESIAN_POINT('Ctrl Pts',(-131.703274290327,31.6686720828227,6.5750238436321));
#3878=CARTESIAN_POINT('Ctrl Pts',(-131.567311248248,31.4989651115818,5.53093973011414));
#3879=CARTESIAN_POINT('Ctrl Pts',(-131.419341036351,31.8478583982807,4.54317005016182));
#3880=CARTESIAN_POINT('Ctrl Pts',(-131.204184957611,32.8887120632929,3.5893755228458));
#3881=CARTESIAN_POINT('Ctrl Pts',(-130.963920256642,34.4093687909226,3.61619878005973));
#3882=CARTESIAN_POINT('Ctrl Pts',(-130.720322731519,35.4114797091779,4.60403806007434));
#3883=CARTESIAN_POINT('Ctrl Pts',(-130.543291770809,35.7207866398097,5.60018057615804));
#3884=CARTESIAN_POINT('Ctrl Pts',(-130.376917003228,35.5096530204916,6.63223681054229));
#3885=CARTESIAN_POINT('Ctrl Pts',(-130.224076332072,34.830438267615,7.4346155866585));
#3886=CARTESIAN_POINT('Ctrl Pts',(-130.084119898877,33.8472855304459,7.8161841063776));
#3887=CARTESIAN_POINT('Ctrl Pts',(-129.953324140825,32.8006734803694,7.68073805115914));
#3888=CARTESIAN_POINT('Ctrl Pts',(-129.825701243162,31.9454356527195,7.06176257431703));
#3889=CARTESIAN_POINT('Ctrl Pts',(-129.694499407368,31.4903253352085,6.10917019034038));
#3890=CARTESIAN_POINT('Ctrl Pts',(-129.553823934601,31.544866641636,5.05762826435502));
#3891=CARTESIAN_POINT('Ctrl Pts',(-129.400119326701,32.0979467018513,4.15880946295207));
#3892=CARTESIAN_POINT('Ctrl Pts',(-129.233014776609,33.0059746046679,3.64221284507992));
#3893=CARTESIAN_POINT('Ctrl Pts',(-128.996143303399,34.4137752459039,3.60503080223505));
#3894=CARTESIAN_POINT('Ctrl Pts',(-128.749372237403,35.5419915690147,4.62339798008767));
#3895=CARTESIAN_POINT('Ctrl Pts',(-128.518736390385,35.6491711814065,6.02864435048495));
#3896=CARTESIAN_POINT('Ctrl Pts',(-128.358003368414,35.2282550559831,6.98587980858773));
#3897=CARTESIAN_POINT('Ctrl Pts',(-128.210966202071,34.3906167650952,7.62941953829607));
#3898=CARTESIAN_POINT('Ctrl Pts',(-128.075543121297,33.3497027187806,7.79274444187386));
#3899=CARTESIAN_POINT('Ctrl Pts',(-127.946928923556,32.3547160274905,7.43893889697998));
#3900=CARTESIAN_POINT('Ctrl Pts',(-127.818584622948,31.6502668004612,6.65263280733734));
#3901=CARTESIAN_POINT('Ctrl Pts',(-127.683933839087,31.4071129509301,5.62632405913648));
#3902=CARTESIAN_POINT('Ctrl Pts',(-127.537940037466,31.6845173848044,4.60948647075393));
#3903=CARTESIAN_POINT('Ctrl Pts',(-127.378342389433,32.4121691174015,3.85240149508998));
#3904=CARTESIAN_POINT('Ctrl Pts',(-127.206169229247,33.4156777324795,3.53572289543766));
#3905=CARTESIAN_POINT('Ctrl Pts',(-127.025669065182,34.4386725500008,3.74351662077478));
#3906=CARTESIAN_POINT('Ctrl Pts',(-126.781799194589,35.5210919321973,4.63481791864372));
#3907=CARTESIAN_POINT('Ctrl Pts',(-126.489178379657,35.755036405967,6.53563531452876));
#3908=CARTESIAN_POINT('Ctrl Pts',(-126.194612002937,33.9665465147993,8.01690559462899));
#3909=CARTESIAN_POINT('Ctrl Pts',(-125.984091574429,32.1289040717906,7.42868114539394));
#3910=CARTESIAN_POINT('Ctrl Pts',(-125.810194759517,31.4457287109501,6.19861847029746));
#3911=CARTESIAN_POINT('Ctrl Pts',(-125.625201370056,31.4049441968204,4.78782557460338));
#3912=CARTESIAN_POINT('Ctrl Pts',(-125.413311698157,32.4240280165331,3.64845601230842));
#3913=CARTESIAN_POINT('Ctrl Pts',(-125.177699576755,33.8269754109688,3.53467448451723));
#3914=CARTESIAN_POINT('Ctrl Pts',(-124.995518892916,34.7833137761797,3.94904626264118));
#3915=CARTESIAN_POINT('Ctrl Pts',(-124.813802076575,35.4253171909194,4.78121171173814));
#3916=CARTESIAN_POINT('Ctrl Pts',(-124.639350953139,35.5873895867876,5.81635454853161));
#3917=CARTESIAN_POINT('Ctrl Pts',(-124.476714727372,35.2322283232213,6.80598503960564));
#3918=CARTESIAN_POINT('Ctrl Pts',(-124.327758947355,34.4448737318033,7.50501935139361));
#3919=CARTESIAN_POINT('Ctrl Pts',(-124.190920462494,33.4174726685535,7.74293620331512));
#3920=CARTESIAN_POINT('Ctrl Pts',(-124.061719079494,32.4001127579717,7.46000188352177));
#3921=CARTESIAN_POINT('Ctrl Pts',(-123.933727553588,31.6418483451894,6.72709321870747));
#3922=CARTESIAN_POINT('Ctrl Pts',(-123.800400083189,31.3255902724219,5.71733763675665));
#3923=CARTESIAN_POINT('Ctrl Pts',(-123.656127679146,31.5306893028856,4.68951080130106));
#3924=CARTESIAN_POINT('Ctrl Pts',(-123.446206798051,32.4256727771628,3.59665581850987));
#3925=CARTESIAN_POINT('Ctrl Pts',(-123.209460416752,33.9351372790132,3.40610183010401));
#3926=CARTESIAN_POINT('Ctrl Pts',(-122.96536121765,35.0680611268866,4.2405427019635));
#3927=CARTESIAN_POINT('Ctrl Pts',(-122.786166278517,35.5162824130205,5.18197649877988));
#3928=CARTESIAN_POINT('Ctrl Pts',(-122.616292784922,35.4544469779731,6.23303184428));
#3929=CARTESIAN_POINT('Ctrl Pts',(-122.45951462216,34.8965905025663,7.12338090584408));
#3930=CARTESIAN_POINT('Ctrl Pts',(-122.316125685372,33.9779951893779,7.64048233420507));
#3931=CARTESIAN_POINT('Ctrl Pts',(-122.183250620321,32.9230133588602,7.65488778063775));
#3932=CARTESIAN_POINT('Ctrl Pts',(-122.055406683823,31.9886613746653,7.16346916618711));
#3933=CARTESIAN_POINT('Ctrl Pts',(-121.925899705692,31.4029095678799,6.2848939533911));
#3934=CARTESIAN_POINT('Ctrl Pts',(-121.788411606922,31.307565113948,5.23584147191694));
#3935=CARTESIAN_POINT('Ctrl Pts',(-121.638628889682,31.7274401104166,4.26699258518437));
#3936=CARTESIAN_POINT('Ctrl Pts',(-121.475174015106,32.5530561842126,3.62593778820784));
#3937=CARTESIAN_POINT('Ctrl Pts',(-121.241740178928,33.9417001200638,3.38809507988209));
#3938=CARTESIAN_POINT('Ctrl Pts',(-120.994676761393,35.2037963541445,4.23480415645807));
#3939=CARTESIAN_POINT('Ctrl Pts',(-120.760210051927,35.5102516723117,5.60975978870206));
#3940=CARTESIAN_POINT('Ctrl Pts',(-120.595699813612,35.2301148546324,6.61662144485849));
#3941=CARTESIAN_POINT('Ctrl Pts',(-120.444812670861,34.4928326954971,7.37229738661695));
#3942=CARTESIAN_POINT('Ctrl Pts',(-120.306454635719,33.486016089946,7.68162250186584));
#3943=CARTESIAN_POINT('Ctrl Pts',(-120.176518908552,32.4510442927813,7.47252508900771));
#3944=CARTESIAN_POINT('Ctrl Pts',(-120.048794745595,31.642184535105,6.79408394349654));
#3945=CARTESIAN_POINT('Ctrl Pts',(-119.916557686214,31.2556704366361,5.81226411831256));
#3946=CARTESIAN_POINT('Ctrl Pts',(-119.774169913497,31.3860405599792,4.76608010232676));
#3947=CARTESIAN_POINT('Ctrl Pts',(-119.618508790193,31.998557413253,3.91220811591665));
#3948=CARTESIAN_POINT('Ctrl Pts',(-119.449600324284,32.9478257291942,3.45640373302354));
#3949=CARTESIAN_POINT('Ctrl Pts',(-119.270971329162,33.9890123122472,3.51413441081085));
#3950=CARTESIAN_POINT('Ctrl Pts',(-119.02693784362,35.1907876130475,4.24596518004481));
#3951=CARTESIAN_POINT('Ctrl Pts',(-118.789128755352,35.5868046315724,5.71479493713238));
#3952=CARTESIAN_POINT('Ctrl Pts',(-118.577712399746,34.9149121688935,6.95707354262075));
#3953=CARTESIAN_POINT('Ctrl Pts',(-118.432410761006,34.0416325368111,7.53636687743079));
#3954=CARTESIAN_POINT('Ctrl Pts',(-118.298378974345,32.9874348907911,7.62637156764332));
#3955=CARTESIAN_POINT('Ctrl Pts',(-118.1701895922,32.0218571686114,7.20242369966342));
#3956=CARTESIAN_POINT('Ctrl Pts',(-118.041341295481,31.3744617508789,6.36812822939198));
#3957=CARTESIAN_POINT('Ctrl Pts',(-117.905321904414,31.2052209981958,5.32711610160552));
#3958=CARTESIAN_POINT('Ctrl Pts',(-117.757450145707,31.5537255072056,4.3333714123164));
#3959=CARTESIAN_POINT('Ctrl Pts',(-117.595898634058,32.3348998982083,3.62949690495792));
#3960=CARTESIAN_POINT('Ctrl Pts',(-117.422265584938,33.3544313091034,3.3867791337082));
#3961=CARTESIAN_POINT('Ctrl Pts',(-117.240903807218,34.3677428182939,3.66553661234249));
#3962=CARTESIAN_POINT('Ctrl Pts',(-117.058521615204,35.1142476328622,4.39270780789957));
#3963=CARTESIAN_POINT('Ctrl Pts',(-116.821979722355,35.5399103802245,5.73518747214507));
#3964=CARTESIAN_POINT('Ctrl Pts',(-116.608475582047,34.8742178716906,7.10708869412978));
#3965=CARTESIAN_POINT('Ctrl Pts',(-116.422267326619,33.5500220072997,7.60831148772253));
#3966=CARTESIAN_POINT('Ctrl Pts',(-116.291314769144,32.5085656588683,7.47590774234956));
#3967=CARTESIAN_POINT('Ctrl Pts',(-116.163773487928,31.6507972278337,6.85513034160422));
#3968=CARTESIAN_POINT('Ctrl Pts',(-116.032533888556,31.1965121826616,5.90386491317818));
#3969=CARTESIAN_POINT('Ctrl Pts',(-115.891876032391,31.2513146114074,4.85078196132374));
#3970=CARTESIAN_POINT('Ctrl Pts',(-115.738167509012,31.8027353698388,3.95459069026308));
#3971=CARTESIAN_POINT('Ctrl Pts',(-115.571057038461,32.7143819913592,3.43322279192633));
#3972=CARTESIAN_POINT('Ctrl Pts',(-115.393420346318,33.7631245493718,3.41435761761516));
#3973=CARTESIAN_POINT('Ctrl Pts',(-115.210795771161,34.6899968101096,3.9002184277781));
#3974=CARTESIAN_POINT('Ctrl Pts',(-115.029736571909,35.2707162320485,4.77622103069617));
#3975=CARTESIAN_POINT('Ctrl Pts',(-114.856855546532,35.3562392950846,5.81646552433188));
#3976=CARTESIAN_POINT('Ctrl Pts',(-114.642236839028,34.7956772137088,7.11226699592762));
#3977=CARTESIAN_POINT('Ctrl Pts',(-114.456215277602,33.3912908743828,7.7155401391463));
#3978=CARTESIAN_POINT('Ctrl Pts',(-114.285058690273,32.0594867544609,7.22933473065082));
#3979=CARTESIAN_POINT('Ctrl Pts',(-114.15658615734,31.3569742568345,6.44876977579686));
#3980=CARTESIAN_POINT('Ctrl Pts',(-114.021999913489,31.1130239039188,5.41931710119339));
#3981=CARTESIAN_POINT('Ctrl Pts',(-113.875981260376,31.3903184214121,4.40428461228461));
#3982=CARTESIAN_POINT('Ctrl Pts',(-113.716385834713,32.118915917903,3.64570262568175));
#3983=CARTESIAN_POINT('Ctrl Pts',(-113.544235431016,33.1199969318977,3.33097893855315));
#3984=CARTESIAN_POINT('Ctrl Pts',(-113.363680363214,34.147813769601,3.53553302171544));
#3985=CARTESIAN_POINT('Ctrl Pts',(-113.180894673382,34.9501811166108,4.20974936253549));
#3986=CARTESIAN_POINT('Ctrl Pts',(-113.002651340089,35.3299845931447,5.18570186311043));
#3987=CARTESIAN_POINT('Ctrl Pts',(-112.834502799745,35.1927982502155,6.22987810142636));
#3988=CARTESIAN_POINT('Ctrl Pts',(-112.679735976546,34.5739297269833,7.07389210082154));
#3989=CARTESIAN_POINT('Ctrl Pts',(-112.490762552332,33.2988022099728,7.6884906289524));
#3990=CARTESIAN_POINT('Ctrl Pts',(-112.321975937531,31.839590301307,7.22691162054563));
#3991=CARTESIAN_POINT('Ctrl Pts',(-112.148361833545,31.1485897113392,5.9892651370786));
#3992=CARTESIAN_POINT('Ctrl Pts',(-112.009288774329,31.1265672720133,4.94070214605136));
#3993=CARTESIAN_POINT('Ctrl Pts',(-111.857563570007,31.6139732066508,4.00431923387075));
#3994=CARTESIAN_POINT('Ctrl Pts',(-111.692256606975,32.4857569333178,3.42022044777326));
#3995=CARTESIAN_POINT('Ctrl Pts',(-111.515846620584,33.5305972546309,3.32556390102411));
#3996=CARTESIAN_POINT('Ctrl Pts',(-111.333510462794,34.4906778510042,3.74490711528644));
#3997=CARTESIAN_POINT('Ctrl Pts',(-111.15187260954,35.13094375906,4.5743148645575));
#3998=CARTESIAN_POINT('Ctrl Pts',(-110.977389394575,35.2933470173725,5.61111399244397));
#3999=CARTESIAN_POINT('Ctrl Pts',(-110.814759830669,34.9389156424427,6.59926108443905));
#4000=CARTESIAN_POINT('Ctrl Pts',(-110.665823161804,34.1492074343385,7.30038650523986));
#4001=CARTESIAN_POINT('Ctrl Pts',(-110.52893477314,33.12663337959,7.53472498150497));
#4002=CARTESIAN_POINT('Ctrl Pts',(-110.35680098744,31.7576656437713,7.16636403327588));
#4003=CARTESIAN_POINT('Ctrl Pts',(-110.186582400918,30.9542787642707,5.86388998266061));
#4004=CARTESIAN_POINT('Ctrl Pts',(-109.994202094481,31.2394604202194,4.47786915660437));
#4005=CARTESIAN_POINT('Ctrl Pts',(-109.836626324302,31.9070542731545,3.67238857061094));
#4006=CARTESIAN_POINT('Ctrl Pts',(-109.666040558392,32.8860865372584,3.28535580082426));
#4007=CARTESIAN_POINT('Ctrl Pts',(-109.486358385209,33.9248606315406,3.41637999617976));
#4008=CARTESIAN_POINT('Ctrl Pts',(-109.303470773835,34.7739066519887,4.03074522900673));
#4009=CARTESIAN_POINT('Ctrl Pts',(-109.124180738259,35.2223548830473,4.97816233971521));
#4010=CARTESIAN_POINT('Ctrl Pts',(-108.954350851939,35.1606677005104,6.02611392300321));
#4011=CARTESIAN_POINT('Ctrl Pts',(-108.797565820515,34.6021409402359,6.9178750443002));
#4012=CARTESIAN_POINT('Ctrl Pts',(-108.654155209732,33.6849831010849,7.43436268635479));
#4013=CARTESIAN_POINT('Ctrl Pts',(-108.521346618046,32.6268941948433,7.44879318892727));
#4014=CARTESIAN_POINT('Ctrl Pts',(-108.393367249256,31.6985115756713,6.95783862706931));
#4015=CARTESIAN_POINT('Ctrl Pts',(-108.221041319313,30.9022688624314,5.78493700308742));
#4016=CARTESIAN_POINT('Ctrl Pts',(-108.031423276153,31.1449886922259,4.27630557409109));
#4017=CARTESIAN_POINT('Ctrl Pts',(-107.813135518762,32.2648621401007,3.41745414036621));
#4018=CARTESIAN_POINT('Ctrl Pts',(-107.638193173575,33.2943271630315,3.24739861906671));
#4019=CARTESIAN_POINT('Ctrl Pts',(-107.456239193546,34.2850821031864,3.59762171502));
#4020=CARTESIAN_POINT('Ctrl Pts',(-107.274116041673,34.9818022892597,4.37865553037815));
#4021=CARTESIAN_POINT('Ctrl Pts',(-107.098254326932,35.2186055984155,5.40071250422715));
#4022=CARTESIAN_POINT('Ctrl Pts',(-106.933749499054,34.9348422553543,6.41239040764868));
#4023=CARTESIAN_POINT('Ctrl Pts',(-106.782859288229,34.1994737138852,7.16553908416905));
#4024=CARTESIAN_POINT('Ctrl Pts',(-106.644503314796,33.1917112098595,7.47607726557193));
#4025=CARTESIAN_POINT('Ctrl Pts',(-106.514565420402,32.1572938520154,7.26633240110743));
#4026=CARTESIAN_POINT('Ctrl Pts',(-106.38684473096,31.3480302555018,6.58823716070969));
#4027=CARTESIAN_POINT('Ctrl Pts',(-106.254601431432,30.9619804446377,5.60616866322912));
#4028=CARTESIAN_POINT('Ctrl Pts',(-106.112226511301,31.0915626623125,4.56025656306442));
#4029=CARTESIAN_POINT('Ctrl Pts',(-105.956540766508,31.705518319144,3.70596438236818));
#4030=CARTESIAN_POINT('Ctrl Pts',(-105.787683930794,32.6518121167997,3.25098035168953));
#4031=CARTESIAN_POINT('Ctrl Pts',(-105.608956397306,33.6986583370717,3.30717011788712));
#4032=CARTESIAN_POINT('Ctrl Pts',(-105.426118996205,34.589218914417,3.85896351509299));
#4033=CARTESIAN_POINT('Ctrl Pts',(-105.245919551695,35.1041211589346,4.77186561584426));
#4034=CARTESIAN_POINT('Ctrl Pts',(-105.074446756519,35.1177276460673,5.82133648205613));
#4035=CARTESIAN_POINT('Ctrl Pts',(-104.915698175627,34.6245225457764,6.75011317983999));
#4036=CARTESIAN_POINT('Ctrl Pts',(-104.770493033161,33.7457003072118,7.33091586164441));
#4037=CARTESIAN_POINT('Ctrl Pts',(-104.636413219374,32.69424939423,7.42018628197896));
#4038=CARTESIAN_POINT('Ctrl Pts',(-104.550964727989,32.0499710035107,7.13761738908071));
#4039=CARTESIAN_POINT('Ctrl Pts',(-104.508130002439,31.780942233419,6.92787128029297));
#4040=CARTESIAN_POINT('Ctrl Pts',(-145.476063159699,32.758902476083,7.42183920126985));
#4041=CARTESIAN_POINT('Ctrl Pts',(-145.432542931354,32.5104743538238,7.22816097422441));
#4042=CARTESIAN_POINT('Ctrl Pts',(-145.345276228508,32.1123388184224,6.71493459080679));
#4043=CARTESIAN_POINT('Ctrl Pts',(-145.207791328737,31.9553808347096,5.75359307274811));
#4044=CARTESIAN_POINT('Ctrl Pts',(-145.059338779965,32.2772936178589,4.83631530616069));
#4045=CARTESIAN_POINT('Ctrl Pts',(-144.898292440101,32.9974174079055,4.18605566643656));
#4046=CARTESIAN_POINT('Ctrl Pts',(-144.726037094697,33.9395355087794,3.9624327986111));
#4047=CARTESIAN_POINT('Ctrl Pts',(-144.546757674423,34.8720853337815,4.21832796438697));
#4048=CARTESIAN_POINT('Ctrl Pts',(-144.366321797121,35.5657970049296,4.89174833908391));
#4049=CARTESIAN_POINT('Ctrl Pts',(-144.190886699145,35.8509542657506,5.8165088464986));
#4050=CARTESIAN_POINT('Ctrl Pts',(-144.025409201759,35.6558643223175,6.7661601377488));
#4051=CARTESIAN_POINT('Ctrl Pts',(-143.872363457353,35.028581980317,7.50803209235625));
#4052=CARTESIAN_POINT('Ctrl Pts',(-143.731241033572,34.1208526656402,7.85930365883681));
#4053=CARTESIAN_POINT('Ctrl Pts',(-143.598559901972,33.1543610859604,7.73457019573056));
#4054=CARTESIAN_POINT('Ctrl Pts',(-143.468814126777,32.3648647658047,7.1625784265476));
#4055=CARTESIAN_POINT('Ctrl Pts',(-143.335762921401,31.944042170146,6.28371450949607));
#4056=CARTESIAN_POINT('Ctrl Pts',(-143.193964550685,31.9950089064496,5.3117484974742));
#4057=CARTESIAN_POINT('Ctrl Pts',(-143.040146255249,32.5034583842593,4.48415819119112));
#4058=CARTESIAN_POINT('Ctrl Pts',(-142.873943446756,33.344890505563,4.00278741520842));
#4059=CARTESIAN_POINT('Ctrl Pts',(-142.69803077885,34.3126416970006,3.98515374136962));
#4060=CARTESIAN_POINT('Ctrl Pts',(-142.517510526947,35.1680073270029,4.43348832534339));
#4061=CARTESIAN_POINT('Ctrl Pts',(-142.338436887326,35.7037904004366,5.24192550532396));
#4062=CARTESIAN_POINT('Ctrl Pts',(-142.166911705152,35.7824854831859,6.20198879351486));
#4063=CARTESIAN_POINT('Ctrl Pts',(-141.952879120957,35.2646905114475,7.39788718382427));
#4064=CARTESIAN_POINT('Ctrl Pts',(-141.765244039796,33.9679786437438,7.95452267523472));
#4065=CARTESIAN_POINT('Ctrl Pts',(-141.591330801447,32.738261155264,7.50547043959599));
#4066=CARTESIAN_POINT('Ctrl Pts',(-141.460798842904,32.0895210807113,6.78476081893305));
#4067=CARTESIAN_POINT('Ctrl Pts',(-141.324623304385,31.8640794025441,5.83430429048272));
#4068=CARTESIAN_POINT('Ctrl Pts',(-141.177894791891,32.1197866232373,4.89715773295625));
#4069=CARTESIAN_POINT('Ctrl Pts',(-141.018633521916,32.7920925266539,4.19674191513166));
#4070=CARTESIAN_POINT('Ctrl Pts',(-140.847783068101,33.7159212923429,3.90604023176935));
#4071=CARTESIAN_POINT('Ctrl Pts',(-140.669174241441,34.6644299376274,4.09468561812186));
#4072=CARTESIAN_POINT('Ctrl Pts',(-140.488506390447,35.4048317426967,4.71686409580109));
#4073=CARTESIAN_POINT('Ctrl Pts',(-140.312031587411,35.7551638642028,5.61757670399862));
#4074=CARTESIAN_POINT('Ctrl Pts',(-140.144875062185,35.6282751306684,6.58126384209024));
#4075=CARTESIAN_POINT('Ctrl Pts',(-139.990071180251,35.0567452461982,7.3601830023183));
#4076=CARTESIAN_POINT('Ctrl Pts',(-139.799711355647,33.8793466845182,7.92727279194397));
#4077=CARTESIAN_POINT('Ctrl Pts',(-139.627985727616,32.5320231696552,7.50095471386419));
#4078=CARTESIAN_POINT('Ctrl Pts',(-139.451803932207,31.8938261150469,6.35825634581271));
#4079=CARTESIAN_POINT('Ctrl Pts',(-139.311486789077,31.8732382075051,5.3901587546807));
#4080=CARTESIAN_POINT('Ctrl Pts',(-139.159490442185,32.3229028753563,4.52561624537323));
#4081=CARTESIAN_POINT('Ctrl Pts',(-138.994957100673,33.1273781008198,3.986257782075));
#4082=CARTESIAN_POINT('Ctrl Pts',(-138.820174533012,34.0916018036103,3.89870522007164));
#4083=CARTESIAN_POINT('Ctrl Pts',(-138.639921662658,34.9775862216236,4.28561269635048));
#4084=CARTESIAN_POINT('Ctrl Pts',(-138.46031339962,35.5683486018473,5.0510521540521));
#4085=CARTESIAN_POINT('Ctrl Pts',(-138.287309405242,35.7180081263209,6.00792904829837));
#4086=CARTESIAN_POINT('Ctrl Pts',(-138.125247545298,35.3905758999695,6.91989574259145));
#4087=CARTESIAN_POINT('Ctrl Pts',(-137.975825264127,34.6613508654665,7.56691875943345));
#4088=CARTESIAN_POINT('Ctrl Pts',(-137.837524763765,33.7171659510548,7.78305188388946));
#4089=CARTESIAN_POINT('Ctrl Pts',(-137.662709435767,32.4531440225231,7.44278253245636));
#4090=CARTESIAN_POINT('Ctrl Pts',(-137.48966197184,31.711204707102,6.24024435210329));
#4091=CARTESIAN_POINT('Ctrl Pts',(-137.296157290568,31.9741109239585,4.96058372299074));
#4092=CARTESIAN_POINT('Ctrl Pts',(-137.138760498595,32.5901011909397,4.21687144707264));
#4093=CARTESIAN_POINT('Ctrl Pts',(-136.969354203862,33.4935786003777,3.85942910022605));
#4094=CARTESIAN_POINT('Ctrl Pts',(-136.791551214284,34.452203388689,3.98019239321817));
#4095=CARTESIAN_POINT('Ctrl Pts',(-136.610789291535,35.2356889747806,4.54712908258527));
#4096=CARTESIAN_POINT('Ctrl Pts',(-136.43334819176,35.6493931907152,5.42149763146538));
#4097=CARTESIAN_POINT('Ctrl Pts',(-136.264639789712,35.5921896171012,6.38866985381558));
#4098=CARTESIAN_POINT('Ctrl Pts',(-136.107972757712,35.0763663185417,7.21166651956064));
#4099=CARTESIAN_POINT('Ctrl Pts',(-135.963651704999,34.2294889157044,7.68824731975005));
#4100=CARTESIAN_POINT('Ctrl Pts',(-135.82911708685,33.252522886748,7.70139145014798));
#4101=CARTESIAN_POINT('Ctrl Pts',(-135.699040387721,32.3952863302333,7.2480138514418));
#4102=CARTESIAN_POINT('Ctrl Pts',(-135.524047669488,31.6599411626212,6.16508259818887));
#4103=CARTESIAN_POINT('Ctrl Pts',(-135.333092879745,31.8836483726654,4.77224061138835));
#4104=CARTESIAN_POINT('Ctrl Pts',(-135.115673190764,32.9170522895382,3.97920839913458));
#4105=CARTESIAN_POINT('Ctrl Pts',(-134.942245724289,33.8670772155362,3.82204204667634));
#4106=CARTESIAN_POINT('Ctrl Pts',(-134.762345108376,34.7813861373221,4.14516728140125));
#4107=CARTESIAN_POINT('Ctrl Pts',(-134.582289889975,35.4242397176689,4.86591588761814));
#4108=CARTESIAN_POINT('Ctrl Pts',(-134.408011472753,35.6426220656514,5.80924930134842));
#4109=CARTESIAN_POINT('Ctrl Pts',(-134.244222779322,35.3803194721985,6.74280567073068));
#4110=CARTESIAN_POINT('Ctrl Pts',(-134.092988943755,34.7014621935185,7.43810273213997));
#4111=CARTESIAN_POINT('Ctrl Pts',(-133.953351360105,33.7705044467494,7.72404112593));
#4112=CARTESIAN_POINT('Ctrl Pts',(-133.821432579204,32.8162504540144,7.53128243378738));
#4113=CARTESIAN_POINT('Ctrl Pts',(-133.691666407042,32.0671604217945,6.9029832872254));
#4114=CARTESIAN_POINT('Ctrl Pts',(-133.557516594873,31.7140012651546,6.00042683665465));
#4115=CARTESIAN_POINT('Ctrl Pts',(-133.36671125486,31.8643739379834,4.70232189185026));
#4116=CARTESIAN_POINT('Ctrl Pts',(-133.150011393276,32.9422708500957,3.79805596603301));
#4117=CARTESIAN_POINT('Ctrl Pts',(-132.913767076369,34.2391781130141,3.87752445258976));
#4118=CARTESIAN_POINT('Ctrl Pts',(-132.733188907874,35.0575179672928,4.38253644893467));
#4119=CARTESIAN_POINT('Ctrl Pts',(-132.554836082274,35.5343859691531,5.22723884136744));
#4120=CARTESIAN_POINT('Ctrl Pts',(-132.384646269988,35.5458020746421,6.19474298147792));
#4121=CARTESIAN_POINT('Ctrl Pts',(-132.226147020938,35.0907694759814,7.05251047228593));
#4122=CARTESIAN_POINT('Ctrl Pts',(-132.080182157496,34.2789633677006,7.5880681093709));
#4123=CARTESIAN_POINT('Ctrl Pts',(-131.944461253299,33.3084429968579,7.67069333181494));
#4124=CARTESIAN_POINT('Ctrl Pts',(-131.814226703956,32.4154927080531,7.27874883323669));
#4125=CARTESIAN_POINT('Ctrl Pts',(-131.683313139109,31.8183842675848,6.50966996234649));
#4126=CARTESIAN_POINT('Ctrl Pts',(-131.545866805975,31.6614696048906,5.54570873514676));
#4127=CARTESIAN_POINT('Ctrl Pts',(-131.397336685683,31.9832746511598,4.63372955555019));
#4128=CARTESIAN_POINT('Ctrl Pts',(-131.182807971546,32.9437323248621,3.75305166090533));
#4129=CARTESIAN_POINT('Ctrl Pts',(-130.945101781604,34.3470897190834,3.7775718419118));
#4130=CARTESIAN_POINT('Ctrl Pts',(-130.704319063325,35.2717843651195,4.68919597492497));
#4131=CARTESIAN_POINT('Ctrl Pts',(-130.528963289306,35.5570476867761,5.60854405869738));
#4132=CARTESIAN_POINT('Ctrl Pts',(-130.363444268645,35.3618925978119,6.56104229865043));
#4133=CARTESIAN_POINT('Ctrl Pts',(-130.210418238085,34.7346627064065,7.30153190659857));
#4134=CARTESIAN_POINT('Ctrl Pts',(-130.069285682852,33.826867225633,7.65356985021514));
#4135=CARTESIAN_POINT('Ctrl Pts',(-129.936609116743,32.8604938353226,7.5283649284209));
#4136=CARTESIAN_POINT('Ctrl Pts',(-129.806861428963,32.0707786473766,6.95681233591855));
#4137=CARTESIAN_POINT('Ctrl Pts',(-129.673810108911,31.6504110611339,6.07730672158333));
#4138=CARTESIAN_POINT('Ctrl Pts',(-129.532013656825,31.7005043818518,5.10645983146367));
#4139=CARTESIAN_POINT('Ctrl Pts',(-129.378190318073,32.2107863458422,4.27658904118838));
#4140=CARTESIAN_POINT('Ctrl Pts',(-129.211997492766,33.0487217030261,3.79954605931482));
#4141=CARTESIAN_POINT('Ctrl Pts',(-128.977423527543,34.3479045837065,3.764982985834));
#4142=CARTESIAN_POINT('Ctrl Pts',(-128.733711390277,35.3890049592698,4.70478543763191));
#4143=CARTESIAN_POINT('Ctrl Pts',(-128.504893466911,35.4875980589807,6.00171307082791));
#4144=CARTESIAN_POINT('Ctrl Pts',(-128.344582128287,35.0987999777812,6.88514807106994));
#4145=CARTESIAN_POINT('Ctrl Pts',(-128.196913422337,34.3253270384046,7.47900935863002));
#4146=CARTESIAN_POINT('Ctrl Pts',(-128.059965411996,33.3642141400094,7.62959648169353));
#4147=CARTESIAN_POINT('Ctrl Pts',(-127.929302688356,32.4454975724595,7.30281891216107));
#4148=CARTESIAN_POINT('Ctrl Pts',(-127.7988891064,31.7949684917745,6.57681102502677));
#4149=CARTESIAN_POINT('Ctrl Pts',(-127.662653988077,31.5702627380478,5.62925588964299));
#4150=CARTESIAN_POINT('Ctrl Pts',(-127.515948417627,31.8260710190626,4.69044351227178));
#4151=CARTESIAN_POINT('Ctrl Pts',(-127.356685094889,32.4975042493727,3.99140915510009));
#4152=CARTESIAN_POINT('Ctrl Pts',(-127.185813636148,33.4235734239503,3.69890351403872));
#4153=CARTESIAN_POINT('Ctrl Pts',(-127.007255488608,34.3676317344891,3.89053833659693));
#4154=CARTESIAN_POINT('Ctrl Pts',(-126.766221368268,35.3664596833104,4.71304745676257));
#4155=CARTESIAN_POINT('Ctrl Pts',(-126.476205696528,35.5819814549908,6.46737099143936));
#4156=CARTESIAN_POINT('Ctrl Pts',(-126.180413929354,33.9305332998312,7.8343539890186));
#4157=CARTESIAN_POINT('Ctrl Pts',(-125.966184146245,32.2337981177822,7.29107229223667));
#4158=CARTESIAN_POINT('Ctrl Pts',(-125.789741398917,31.6028240784367,6.15537395570061));
#4159=CARTESIAN_POINT('Ctrl Pts',(-125.603055525289,31.5648338039692,4.85284579444051));
#4160=CARTESIAN_POINT('Ctrl Pts',(-125.391541987654,32.5051948202941,3.8008677833889));
#4161=CARTESIAN_POINT('Ctrl Pts',(-125.158130492056,33.7998980055039,3.69559776716949));
#4162=CARTESIAN_POINT('Ctrl Pts',(-124.978021112202,34.6824279466948,4.07791796808677));
#4163=CARTESIAN_POINT('Ctrl Pts',(-124.798339973504,35.2747942486057,4.8459020108726));
#4164=CARTESIAN_POINT('Ctrl Pts',(-124.625365593907,35.424148300615,5.80125064975941));
#4165=CARTESIAN_POINT('Ctrl Pts',(-124.463297592084,35.0960424138367,6.71458601767507));
#4166=CARTESIAN_POINT('Ctrl Pts',(-124.313857658937,34.3689897956493,7.35967972214923));
#4167=CARTESIAN_POINT('Ctrl Pts',(-124.175603242514,33.4203494632068,7.57911430710434));
#4168=CARTESIAN_POINT('Ctrl Pts',(-124.044398433626,32.4809781043013,7.31776454011507));
#4169=CARTESIAN_POINT('Ctrl Pts',(-123.914310464688,31.7807780590033,6.64104170078891));
#4170=CARTESIAN_POINT('Ctrl Pts',(-123.779296987447,31.4885839119885,5.70876919350687));
#4171=CARTESIAN_POINT('Ctrl Pts',(-123.634180278058,31.6776540632587,4.7598133510373));
#4172=CARTESIAN_POINT('Ctrl Pts',(-123.42448411824,32.5034604842759,3.75077033617236));
#4173=CARTESIAN_POINT('Ctrl Pts',(-123.19002564688,33.8964864695049,3.57463219540909));
#4174=CARTESIAN_POINT('Ctrl Pts',(-122.94877983623,34.9419331813712,4.34465599276014));
#4175=CARTESIAN_POINT('Ctrl Pts',(-122.771426523456,35.3554267802771,5.21350271837474));
#4176=CARTESIAN_POINT('Ctrl Pts',(-122.602677864382,35.2980870225021,6.18353927963228));
#4177=CARTESIAN_POINT('Ctrl Pts',(-122.446017177364,34.7828819673613,7.00523288184814));
#4178=CARTESIAN_POINT('Ctrl Pts',(-122.301716124069,33.9346782151345,7.48237995682566));
#4179=CARTESIAN_POINT('Ctrl Pts',(-122.167120160304,32.9605793279255,7.49550132699042));
#4180=CARTESIAN_POINT('Ctrl Pts',(-122.037168448595,32.0978342663894,7.04169476833732));
#4181=CARTESIAN_POINT('Ctrl Pts',(-121.905681619362,31.5568732725022,6.23051404743268));
#4182=CARTESIAN_POINT('Ctrl Pts',(-121.766827406226,31.4686086481136,5.26196460353319));
#4183=CARTESIAN_POINT('Ctrl Pts',(-121.616624316857,31.8559303721948,4.36745028455118));
#4184=CARTESIAN_POINT('Ctrl Pts',(-121.453800465923,32.6177925019687,3.77552106791532));
#4185=CARTESIAN_POINT('Ctrl Pts',(-121.222399747981,33.8992919381451,3.55573032892436));
#4186=CARTESIAN_POINT('Ctrl Pts',(-120.978417744523,35.0639752496554,4.33707725162665));
#4187=CARTESIAN_POINT('Ctrl Pts',(-120.746063591962,35.346517598012,5.60604393182213));
#4188=CARTESIAN_POINT('Ctrl Pts',(-120.582265546508,35.0876715428401,6.53528804856588));
#4189=CARTESIAN_POINT('Ctrl Pts',(-120.431042975615,34.4068358140393,7.23266126129212));
#4190=CARTESIAN_POINT('Ctrl Pts',(-120.291385731055,33.4771984148547,7.51801949383152));
#4191=CARTESIAN_POINT('Ctrl Pts',(-120.159503132246,32.5215715195062,7.32482021045193));
#4192=CARTESIAN_POINT('Ctrl Pts',(-120.029661978048,31.7746626267808,6.69838165633313));
#4193=CARTESIAN_POINT('Ctrl Pts',(-119.895654953653,31.4176224634216,5.7918932004758));
#4194=CARTESIAN_POINT('Ctrl Pts',(-119.752278061734,31.5377049004661,4.82599205581478));
#4195=CARTESIAN_POINT('Ctrl Pts',(-119.596648501709,32.1028587550129,4.03761415053158));
#4196=CARTESIAN_POINT('Ctrl Pts',(-119.428790650083,32.9788588022276,3.61668350029703));
#4197=CARTESIAN_POINT('Ctrl Pts',(-119.251959752223,33.9397102812457,3.66979637369896));
#4198=CARTESIAN_POINT('Ctrl Pts',(-119.01077460178,35.0487137914124,4.34510075239074));
#4199=CARTESIAN_POINT('Ctrl Pts',(-118.775335158397,35.4139297926215,5.70071979500785));
#4200=CARTESIAN_POINT('Ctrl Pts',(-118.564258542271,34.7933700252214,6.84721327664908));
#4201=CARTESIAN_POINT('Ctrl Pts',(-118.418191756089,33.9869990527714,7.38177483274437));
#4202=CARTESIAN_POINT('Ctrl Pts',(-118.282528135549,33.0136244592982,7.46467378462136));
#4203=CARTESIAN_POINT('Ctrl Pts',(-118.152257523734,32.1220516223262,7.07315545187996));
#4204=CARTESIAN_POINT('Ctrl Pts',(-118.021378648691,31.5241943947905,6.30284434483901));
#4205=CARTESIAN_POINT('Ctrl Pts',(-117.883880325879,31.36770937862,5.34171816562008));
#4206=CARTESIAN_POINT('Ctrl Pts',(-117.73544104177,31.6891567927015,4.42422472130824));
#4207=CARTESIAN_POINT('Ctrl Pts',(-117.574374328392,32.4099905417694,3.77430321364253));
#4208=CARTESIAN_POINT('Ctrl Pts',(-117.402155101509,33.3508529908413,3.55007665272792));
#4209=CARTESIAN_POINT('Ctrl Pts',(-117.222801698512,34.2859728466228,3.80721118081813));
#4210=CARTESIAN_POINT('Ctrl Pts',(-117.042506305336,34.9748051638477,4.4782769886466));
#4211=CARTESIAN_POINT('Ctrl Pts',(-116.808236550329,35.3673879283205,5.71726509236859));
#4212=CARTESIAN_POINT('Ctrl Pts',(-116.595232712169,34.7525526309031,6.98341056968326));
#4213=CARTESIAN_POINT('Ctrl Pts',(-116.407425415771,33.5298590615383,7.4458431821692));
#4214=CARTESIAN_POINT('Ctrl Pts',(-116.274604145728,32.568244332675,7.32344493076195));
#4215=CARTESIAN_POINT('Ctrl Pts',(-116.144931777135,31.7761934464266,6.75022994160339));
#4216=CARTESIAN_POINT('Ctrl Pts',(-116.011845610306,31.3565875158795,5.87194861079301));
#4217=CARTESIAN_POINT('Ctrl Pts',(-115.870065408375,31.4069219751202,4.89967984001349));
#4218=CARTESIAN_POINT('Ctrl Pts',(-115.716238472165,31.9156721534804,4.07223352081409));
#4219=CARTESIAN_POINT('Ctrl Pts',(-115.550040152465,32.7569480639407,3.59078794502179));
#4220=CARTESIAN_POINT('Ctrl Pts',(-115.374125351698,33.7247734793348,3.57318981249175));
#4221=CARTESIAN_POINT('Ctrl Pts',(-115.193606204369,34.5801006699742,4.02150599020786));
#4222=CARTESIAN_POINT('Ctrl Pts',(-115.014532047518,35.1159017430757,4.82995178912745));
#4223=CARTESIAN_POINT('Ctrl Pts',(-114.843007119548,35.1945879795082,5.79001084135877));
#4224=CARTESIAN_POINT('Ctrl Pts',(-114.628974411358,34.6767973227894,6.98591129786691));
#4225=CARTESIAN_POINT('Ctrl Pts',(-114.441339411318,33.3800826320872,7.54254543751624));
#4226=CARTESIAN_POINT('Ctrl Pts',(-114.267426135446,32.1503664494107,7.09349382714671));
#4227=CARTESIAN_POINT('Ctrl Pts',(-114.136894192497,31.5016258321603,6.3727839466191));
#4228=CARTESIAN_POINT('Ctrl Pts',(-114.000718645769,31.2761844396976,5.42232755497512));
#4229=CARTESIAN_POINT('Ctrl Pts',(-113.853990137187,31.5318915242166,4.48518093224315));
#4230=CARTESIAN_POINT('Ctrl Pts',(-113.694728865179,32.2041974984076,3.78476514830812));
#4231=CARTESIAN_POINT('Ctrl Pts',(-113.523878412331,33.1280262304371,3.49406344882829));
#4232=CARTESIAN_POINT('Ctrl Pts',(-113.345269585168,34.0765348932073,3.68270884355372));
#4233=CARTESIAN_POINT('Ctrl Pts',(-113.164601734413,34.8169366899683,4.30488731725454));
#4234=CARTESIAN_POINT('Ctrl Pts',(-112.988126931253,35.1672688157771,5.20559992751243));
#4235=CARTESIAN_POINT('Ctrl Pts',(-112.820970406085,35.0403800802279,6.16928706463926));
#4236=CARTESIAN_POINT('Ctrl Pts',(-112.666166524123,34.4688501967479,6.94820622534149));
#4237=CARTESIAN_POINT('Ctrl Pts',(-112.475806699533,33.2914516345849,7.51529601473585));
#4238=CARTESIAN_POINT('Ctrl Pts',(-112.304081071493,31.9441281200378,7.0889779368074));
#4239=CARTESIAN_POINT('Ctrl Pts',(-112.127899276088,31.3059310652835,5.94627956868587));
#4240=CARTESIAN_POINT('Ctrl Pts',(-111.987582132956,31.2853431578025,4.97818197758306));
#4241=CARTESIAN_POINT('Ctrl Pts',(-111.835585786065,31.7350078256215,4.11363946826008));
#4242=CARTESIAN_POINT('Ctrl Pts',(-111.671052444553,32.5394830511006,3.57428100496958));
#4243=CARTESIAN_POINT('Ctrl Pts',(-111.496269876892,33.5037067538825,3.48672844296162));
#4244=CARTESIAN_POINT('Ctrl Pts',(-111.316017006538,34.389691171901,3.87363591924394));
#4245=CARTESIAN_POINT('Ctrl Pts',(-111.1364087435,34.9804535521201,4.63907537694142));
#4246=CARTESIAN_POINT('Ctrl Pts',(-110.963404749122,35.1301130766001,5.59595227119491));
#4247=CARTESIAN_POINT('Ctrl Pts',(-110.801342889178,34.8026808502375,6.50791896547474));
#4248=CARTESIAN_POINT('Ctrl Pts',(-110.651920608006,34.0734558157574,7.15494198234411));
#4249=CARTESIAN_POINT('Ctrl Pts',(-110.513620107646,33.1292709013026,7.37107510674825));
#4250=CARTESIAN_POINT('Ctrl Pts',(-110.338804779643,31.8652489728744,7.03080575543989));
#4251=CARTESIAN_POINT('Ctrl Pts',(-110.165757315726,31.1233096572295,5.82826757481714));
#4252=CARTESIAN_POINT('Ctrl Pts',(-109.97225263444,31.3862158744281,4.54860694611677));
#4253=CARTESIAN_POINT('Ctrl Pts',(-109.814855842495,32.0022061407082,3.80489466935369));
#4254=CARTESIAN_POINT('Ctrl Pts',(-109.645449547705,32.9056835515726,3.44745232422639));
#4255=CARTESIAN_POINT('Ctrl Pts',(-109.467646558249,33.8643083368377,3.5682156135469));
#4256=CARTESIAN_POINT('Ctrl Pts',(-109.286884635266,34.6477939288113,4.13515231000366));
#4257=CARTESIAN_POINT('Ctrl Pts',(-109.109443535983,35.0614981323667,5.00952084396296));
#4258=CARTESIAN_POINT('Ctrl Pts',(-108.940735132988,35.004294582582,5.97669309503515));
#4259=CARTESIAN_POINT('Ctrl Pts',(-108.784068102977,34.4884712339179,6.79968970038784));
#4260=CARTESIAN_POINT('Ctrl Pts',(-108.639747046438,33.6415939274848,7.27627061677574));
#4261=CARTESIAN_POINT('Ctrl Pts',(-108.505212436317,32.6646276962649,7.28941450337992));
#4262=CARTESIAN_POINT('Ctrl Pts',(-108.375135721938,31.8073915239511,6.83603736776181));
#4263=CARTESIAN_POINT('Ctrl Pts',(-108.200143040396,31.0720454319001,5.75310500025673));
#4264=CARTESIAN_POINT('Ctrl Pts',(-108.009188171333,31.2957546404765,4.36026542234305));
#4265=CARTESIAN_POINT('Ctrl Pts',(-107.791768603594,32.3291555025457,3.56722952804895));
#4266=CARTESIAN_POINT('Ctrl Pts',(-107.618340888558,33.2791866912639,3.41007072422277));
#4267=CARTESIAN_POINT('Ctrl Pts',(-107.438440778395,34.1934828702455,3.73318059968889));
#4268=CARTESIAN_POINT('Ctrl Pts',(-107.258384479933,34.8363636636101,4.45396200651787));
#4269=CARTESIAN_POINT('Ctrl Pts',(-107.08410814824,35.054693464992,5.39723208435972));
#4270=CARTESIAN_POINT('Ctrl Pts',(-106.92031506563,34.7925014604808,6.33092174968879));
#4271=CARTESIAN_POINT('Ctrl Pts',(-106.769089679084,34.1134313018573,7.0259622209423));
#4272=CARTESIAN_POINT('Ctrl Pts',(-106.629434329846,33.1829211734915,7.31244014175043));
#4273=CARTESIAN_POINT('Ctrl Pts',(-106.497549734543,32.2278058469691,7.11864325960743));
#4274=CARTESIAN_POINT('Ctrl Pts',(-106.367711784809,31.4805243060568,6.49252394577531));
#4275=CARTESIAN_POINT('Ctrl Pts',(-106.233699001142,31.1239126124532,5.58580603655972));
#4276=CARTESIAN_POINT('Ctrl Pts',(-106.090333972965,31.2432678855734,4.6201557126281));
#4277=CARTESIAN_POINT('Ctrl Pts',(-105.934681685095,31.8097496438008,3.83139027450591));
#4278=CARTESIAN_POINT('Ctrl Pts',(-105.766871493195,32.6830044284251,3.41121616325168));
#4279=CARTESIAN_POINT('Ctrl Pts',(-105.589949634593,33.6490793437028,3.46290801071737));
#4280=CARTESIAN_POINT('Ctrl Pts',(-105.409234055059,34.4708911162661,3.97207917972871));
#4281=CARTESIAN_POINT('Ctrl Pts',(-105.230953591793,34.9459312047829,4.81459067118272));
#4282=CARTESIAN_POINT('Ctrl Pts',(-105.060728456538,34.9582386095558,5.7831656750644));
#4283=CARTESIAN_POINT('Ctrl Pts',(-104.902249124407,34.5027051666643,6.64032690804412));
#4284=CARTESIAN_POINT('Ctrl Pts',(-104.756271308223,33.6912215716286,7.17628339176046));
#4285=CARTESIAN_POINT('Ctrl Pts',(-104.620563501878,32.7203771656583,7.25850231508566));
#4286=CARTESIAN_POINT('Ctrl Pts',(-104.533726403865,32.1254880237547,6.99755226265274));
#4287=CARTESIAN_POINT('Ctrl Pts',(-104.490206175519,31.8770599014955,6.80387403560731));
#4288=CARTESIAN_POINT('Ctrl Pts',(-145.336151316019,32.8425661471919,7.30860487368442));
#4289=CARTESIAN_POINT('Ctrl Pts',(-145.292015316698,32.6126431005066,7.12936004545112));
#4290=CARTESIAN_POINT('Ctrl Pts',(-145.203533730011,32.2441382587951,6.65442618955873));
#4291=CARTESIAN_POINT('Ctrl Pts',(-145.064719539094,32.098673002763,5.76484819912854));
#4292=CARTESIAN_POINT('Ctrl Pts',(-144.915758286334,32.3962483056521,4.91603949439248));
#4293=CARTESIAN_POINT('Ctrl Pts',(-144.755145801383,33.062231576555,4.31426397812947));
#4294=CARTESIAN_POINT('Ctrl Pts',(-144.584163020155,33.933598596104,4.10720220944359));
#4295=CARTESIAN_POINT('Ctrl Pts',(-144.406681855455,34.7961131997356,4.34377103372902));
#4296=CARTESIAN_POINT('Ctrl Pts',(-144.228130762362,35.4376611424338,4.96662334855714));
#4297=CARTESIAN_POINT('Ctrl Pts',(-144.054206192799,35.7012308213538,5.82200542650583));
#4298=CARTESIAN_POINT('Ctrl Pts',(-143.889494132015,35.5204884556272,6.70041584141271));
#4299=CARTESIAN_POINT('Ctrl Pts',(-143.736283432691,34.9398989467736,7.38659710102706));
#4300=CARTESIAN_POINT('Ctrl Pts',(-143.594103875454,34.0998472883542,7.71140517267572));
#4301=CARTESIAN_POINT('Ctrl Pts',(-143.459733864469,33.2054311262263,7.59583241546602));
#4302=CARTESIAN_POINT('Ctrl Pts',(-143.328079567784,32.4747663251164,7.0664680500733));
#4303=CARTESIAN_POINT('Ctrl Pts',(-143.193367219488,32.0851837062231,6.25319783768978));
#4304=CARTESIAN_POINT('Ctrl Pts',(-143.050562223584,32.1320881755626,5.35379202561258));
#4305=CARTESIAN_POINT('Ctrl Pts',(-142.896636874731,32.602237356326,4.5879568322753));
#4306=CARTESIAN_POINT('Ctrl Pts',(-142.731253698525,33.3804533790382,4.14243486563149));
#4307=CARTESIAN_POINT('Ctrl Pts',(-142.556887352029,34.2755346289996,4.12594387782017));
#4308=CARTESIAN_POINT('Ctrl Pts',(-142.378258182638,35.0666399770726,4.54055457885891));
#4309=CARTESIAN_POINT('Ctrl Pts',(-142.200967375031,35.5620798094696,5.28831760997264));
#4310=CARTESIAN_POINT('Ctrl Pts',(-142.030660171582,35.6346349160529,6.17636161312316));
#4311=CARTESIAN_POINT('Ctrl Pts',(-141.817153902961,35.1552551079593,7.28253387520418));
#4312=CARTESIAN_POINT('Ctrl Pts',(-141.628069729708,33.9552475380563,7.79728078274016));
#4313=CARTESIAN_POINT('Ctrl Pts',(-141.451680565045,32.8172203491012,7.38159863512639));
#4314=CARTESIAN_POINT('Ctrl Pts',(-141.319298933438,32.2167765579025,6.71464724986557));
#4315=CARTESIAN_POINT('Ctrl Pts',(-141.181696001321,32.0079569387016,5.835141177908));
#4316=CARTESIAN_POINT('Ctrl Pts',(-141.034329882945,32.2442772483134,4.96794844535724));
#4317=CARTESIAN_POINT('Ctrl Pts',(-140.875368784642,32.8660236107211,4.31977305206388));
#4318=CARTESIAN_POINT('Ctrl Pts',(-140.705685838343,33.7204689051493,4.0506486414012));
#4319=CARTESIAN_POINT('Ctrl Pts',(-140.528825047548,34.5977473814086,4.22500365532636));
#4320=CARTESIAN_POINT('Ctrl Pts',(-140.350059333122,35.2824936778321,4.80044600301648));
#4321=CARTESIAN_POINT('Ctrl Pts',(-140.175172909664,35.6063578825497,5.63358107667184));
#4322=CARTESIAN_POINT('Ctrl Pts',(-140.008907397173,35.4887161758832,6.52497717797498));
#4323=CARTESIAN_POINT('Ctrl Pts',(-139.854070198909,34.9597046540837,7.24543187115952));
#4324=CARTESIAN_POINT('Ctrl Pts',(-139.662465186525,33.8700812377952,7.76985133988523));
#4325=CARTESIAN_POINT('Ctrl Pts',(-139.488099905099,32.6232494715006,7.37520261042975));
#4326=CARTESIAN_POINT('Ctrl Pts',(-139.30961194067,32.0324776183406,6.31778211044374));
#4327=CARTESIAN_POINT('Ctrl Pts',(-139.168177393015,32.0131793537782,5.42195480647851));
#4328=CARTESIAN_POINT('Ctrl Pts',(-139.015937565899,32.4289453967776,4.62193453637895));
#4329=CARTESIAN_POINT('Ctrl Pts',(-138.85209900588,33.1729684726701,4.1227612901691));
#4330=CARTESIAN_POINT('Ctrl Pts',(-138.67877813455,34.0647863824159,4.04158713648977));
#4331=CARTESIAN_POINT('Ctrl Pts',(-138.500396356524,34.8842205618513,4.39936434816014));
#4332=CARTESIAN_POINT('Ctrl Pts',(-138.322610952397,35.4305230008124,5.10734949039436));
#4333=CARTESIAN_POINT('Ctrl Pts',(-138.150935554536,35.5687347721109,5.99244474845288));
#4334=CARTESIAN_POINT('Ctrl Pts',(-137.989383529258,35.2655537149314,6.83599055672408));
#4335=CARTESIAN_POINT('Ctrl Pts',(-137.839525142291,34.5906501428582,7.43442052948483));
#4336=CARTESIAN_POINT('Ctrl Pts',(-137.699956324656,33.7168710110149,7.63420362853019));
#4337=CARTESIAN_POINT('Ctrl Pts',(-137.522732571518,32.5471062995655,7.31916440686188));
#4338=CARTESIAN_POINT('Ctrl Pts',(-137.347144371905,31.8603556673176,6.20638290229925));
#4339=CARTESIAN_POINT('Ctrl Pts',(-137.152629841624,32.103254834069,5.02224965712844));
#4340=CARTESIAN_POINT('Ctrl Pts',(-136.995393767896,32.6728980713141,4.33401560381174));
#4341=CARTESIAN_POINT('Ctrl Pts',(-136.827046845994,33.508515700579,4.00314812038743));
#4342=CARTESIAN_POINT('Ctrl Pts',(-136.650931624226,34.3951540171584,4.1146975049241));
#4343=CARTESIAN_POINT('Ctrl Pts',(-136.472078882413,35.119757855011,4.63903473105829));
#4344=CARTESIAN_POINT('Ctrl Pts',(-136.296298429656,35.5022549107285,5.44779563587035));
#4345=CARTESIAN_POINT('Ctrl Pts',(-136.128597241396,35.4490803440793,6.34241608235844));
#4346=CARTESIAN_POINT('Ctrl Pts',(-135.97203624535,34.9716092843646,7.10365099580298));
#4347=CARTESIAN_POINT('Ctrl Pts',(-135.826897427714,34.1878554201966,7.54439121971343));
#4348=CARTESIAN_POINT('Ctrl Pts',(-135.690812623296,33.2837492084405,7.5563780420654));
#4349=CARTESIAN_POINT('Ctrl Pts',(-135.558852180014,32.4904125697457,7.1367518609488));
#4350=CARTESIAN_POINT('Ctrl Pts',(-135.381464317015,31.8097619600854,6.1346262482397));
#4351=CARTESIAN_POINT('Ctrl Pts',(-135.18930886084,32.0163950692196,4.84578205187446));
#4352=CARTESIAN_POINT('Ctrl Pts',(-134.972668954961,32.972133145431,4.1118615310562));
#4353=CARTESIAN_POINT('Ctrl Pts',(-134.800601818502,33.850814932463,3.96628017766727));
#4354=CARTESIAN_POINT('Ctrl Pts',(-134.622545923946,34.696452479135,4.26505105662293));
#4355=CARTESIAN_POINT('Ctrl Pts',(-134.444346983659,35.2909507183127,4.9316876309653));
#4356=CARTESIAN_POINT('Ctrl Pts',(-134.271492595465,35.4927391470015,5.80425358395929));
#4357=CARTESIAN_POINT('Ctrl Pts',(-134.10834287626,35.2498171960253,6.66777431979252));
#4358=CARTESIAN_POINT('Ctrl Pts',(-133.956808584566,34.6215096992049,7.31086374921628));
#4359=CARTESIAN_POINT('Ctrl Pts',(-133.816002677654,33.7599690819761,7.5752309431691));
#4360=CARTESIAN_POINT('Ctrl Pts',(-133.682338011102,32.8768750950312,7.39672013651347));
#4361=CARTESIAN_POINT('Ctrl Pts',(-133.550664839508,32.183591152055,6.81526476390648));
#4362=CARTESIAN_POINT('Ctrl Pts',(-133.414936066932,31.8566108842339,5.98007357770074));
#4363=CARTESIAN_POINT('Ctrl Pts',(-133.222918892782,31.9953971177635,4.77887616002442));
#4364=CARTESIAN_POINT('Ctrl Pts',(-133.006944960594,32.9922978577122,3.94204613012721));
#4365=CARTESIAN_POINT('Ctrl Pts',(-132.772889134191,34.1918203186923,4.01533450402572));
#4366=CARTESIAN_POINT('Ctrl Pts',(-132.594206385112,34.9486721088937,4.4823789940003));
#4367=CARTESIAN_POINT('Ctrl Pts',(-132.417582481441,35.3896031659018,5.26369493499819));
#4368=CARTESIAN_POINT('Ctrl Pts',(-132.248510664135,35.3999166861101,6.15862269345093));
#4369=CARTESIAN_POINT('Ctrl Pts',(-132.090254652813,34.9786841408024,6.95202469083263));
#4370=CARTESIAN_POINT('Ctrl Pts',(-131.943594951352,34.2273790173434,7.44733117149711));
#4371=CARTESIAN_POINT('Ctrl Pts',(-131.806412694186,33.3292355917843,7.52359637850091));
#4372=CARTESIAN_POINT('Ctrl Pts',(-131.674306189272,32.5028569963405,7.16080878203286));
#4373=CARTESIAN_POINT('Ctrl Pts',(-131.541571484673,31.9501833053767,6.44910615420566));
#4374=CARTESIAN_POINT('Ctrl Pts',(-131.402792909791,31.8047596818672,5.55710655950807));
#4375=CARTESIAN_POINT('Ctrl Pts',(-131.253759936338,32.1022341784792,4.71319850206042));
#4376=CARTESIAN_POINT('Ctrl Pts',(-131.039794680703,32.9904844010948,3.89819061163342));
#4377=CARTESIAN_POINT('Ctrl Pts',(-130.804386398858,34.2884902509472,3.92064230147113));
#4378=CARTESIAN_POINT('Ctrl Pts',(-130.56613179901,35.1436536924252,4.76381350804072));
#4379=CARTESIAN_POINT('Ctrl Pts',(-130.392280619809,35.4073209965246,5.6141887391582));
#4380=CARTESIAN_POINT('Ctrl Pts',(-130.227530141813,35.2265186211529,6.49523276755456));
#4381=CARTESIAN_POINT('Ctrl Pts',(-130.074337681603,34.6459775141397,7.18013526816238));
#4382=CARTESIAN_POINT('Ctrl Pts',(-129.932148750954,33.8058647046521,7.50565228423232));
#4383=CARTESIAN_POINT('Ctrl Pts',(-129.797782963559,32.9115578586604,7.38964340682391));
#4384=CARTESIAN_POINT('Ctrl Pts',(-129.666126898112,32.1806905805355,6.86068528934412));
#4385=CARTESIAN_POINT('Ctrl Pts',(-129.531414442123,31.7915289215475,6.04682150554467));
#4386=CARTESIAN_POINT('Ctrl Pts',(-129.388611224401,31.8376253245418,5.14845087637035));
#4387=CARTESIAN_POINT('Ctrl Pts',(-129.234681203027,32.309469891001,4.38050625025254));
#4388=CARTESIAN_POINT('Ctrl Pts',(-129.069307275598,33.0844507623123,3.93898746268261));
#4389=CARTESIAN_POINT('Ctrl Pts',(-128.836796812534,34.2860785620972,3.90677698027633));
#4390=CARTESIAN_POINT('Ctrl Pts',(-128.595832029889,35.2489363820205,4.77601709408348));
#4391=CARTESIAN_POINT('Ctrl Pts',(-128.368646868109,35.339817863241,5.97565817673855));
#4392=CARTESIAN_POINT('Ctrl Pts',(-128.208714297229,34.9798656150304,6.7928085277579));
#4393=CARTESIAN_POINT('Ctrl Pts',(-128.060478334417,34.2640234682042,7.34205277309251));
#4394=CARTESIAN_POINT('Ctrl Pts',(-127.922160742027,33.3745837824605,7.48119750947099));
#4395=CARTESIAN_POINT('Ctrl Pts',(-127.789658125718,32.5243683619056,7.17869695556129));
#4396=CARTESIAN_POINT('Ctrl Pts',(-127.657386008228,31.9222691311659,6.50684449645307));
#4397=CARTESIAN_POINT('Ctrl Pts',(-127.519727956907,31.7141305426645,5.63002230710432));
#4398=CARTESIAN_POINT('Ctrl Pts',(-127.372383062849,31.9505442302591,4.76128864381823));
#4399=CARTESIAN_POINT('Ctrl Pts',(-127.213420065719,32.5714833504766,4.11439113090503));
#4400=CARTESIAN_POINT('Ctrl Pts',(-127.043717686522,33.4280011950082,3.84359803562319));
#4401=CARTESIAN_POINT('Ctrl Pts',(-126.866903781739,34.3011627292992,4.02071830466229));
#4402=CARTESIAN_POINT('Ctrl Pts',(-126.628416591692,35.2249124993786,4.78144241099568));
#4403=CARTESIAN_POINT('Ctrl Pts',(-126.340740709957,35.4238887746056,6.40419254988211));
#4404=CARTESIAN_POINT('Ctrl Pts',(-126.043848360222,33.8955240886873,7.66852910804105));
#4405=CARTESIAN_POINT('Ctrl Pts',(-125.826287042034,32.325344448437,7.16561175030889));
#4406=CARTESIAN_POINT('Ctrl Pts',(-125.64755766046,31.7412549247651,6.11466722371193));
#4407=CARTESIAN_POINT('Ctrl Pts',(-125.459351677081,31.7057742935714,4.90937737597001));
#4408=CARTESIAN_POINT('Ctrl Pts',(-125.248175959534,32.575431235106,3.93588925442647));
#4409=CARTESIAN_POINT('Ctrl Pts',(-125.016740964039,33.7729146962321,3.83826358687811));
#4410=CARTESIAN_POINT('Ctrl Pts',(-124.838491927075,34.5891528790118,4.19179761392939));
#4411=CARTESIAN_POINT('Ctrl Pts',(-124.660639107229,35.136939235025,4.90213646455182));
#4412=CARTESIAN_POINT('Ctrl Pts',(-124.488991104136,35.2748683676718,5.78581812308997));
#4413=CARTESIAN_POINT('Ctrl Pts',(-124.327433400018,34.9710641034194,6.63062989697803));
#4414=CARTESIAN_POINT('Ctrl Pts',(-124.177558677223,34.2981702974786,7.22727536884688));
#4415=CARTESIAN_POINT('Ctrl Pts',(-124.038032503148,33.4202693133875,7.43011210590812));
#4416=CARTESIAN_POINT('Ctrl Pts',(-123.905028340064,32.5509437201703,7.18814649847744));
#4417=CARTESIAN_POINT('Ctrl Pts',(-123.77305745573,31.9028929135169,6.56188844905155));
#4418=CARTESIAN_POINT('Ctrl Pts',(-123.636529673548,31.6323132873701,5.69920640322933));
#4419=CARTESIAN_POINT('Ctrl Pts',(-123.490654677268,31.8069858503529,4.82108860603662));
#4420=CARTESIAN_POINT('Ctrl Pts',(-123.281160341464,32.5706611501937,3.88732157796402));
#4421=CARTESIAN_POINT('Ctrl Pts',(-123.048756739801,33.8591087273723,3.72413092608242));
#4422=CARTESIAN_POINT('Ctrl Pts',(-122.810073701022,34.8259880260751,4.43629820741568));
#4423=CARTESIAN_POINT('Ctrl Pts',(-122.634374467706,35.2082897246977,5.23995109901468));
#4424=CARTESIAN_POINT('Ctrl Pts',(-122.466636033772,35.1549894538469,6.1372212049124));
#4425=CARTESIAN_POINT('Ctrl Pts',(-122.310080909066,34.678090175018,6.89725077113857));
#4426=CARTESIAN_POINT('Ctrl Pts',(-122.164960592528,33.8931094279524,7.33851470448021));
#4427=CARTESIAN_POINT('Ctrl Pts',(-122.028819036408,32.991655457571,7.35048074536415));
#4428=CARTESIAN_POINT('Ctrl Pts',(-121.896974221333,32.1932231465551,6.93045722737649));
#4429=CARTESIAN_POINT('Ctrl Pts',(-121.763709174361,31.6924925971317,6.17980558039425));
#4430=CARTESIAN_POINT('Ctrl Pts',(-121.623628022871,31.610584784205,5.28356023289995));
#4431=CARTESIAN_POINT('Ctrl Pts',(-121.47304733434,31.9686705542093,4.45580976496813));
#4432=CARTESIAN_POINT('Ctrl Pts',(-121.310790270132,32.6732710933124,3.90800191692719));
#4433=CARTESIAN_POINT('Ctrl Pts',(-121.081215591542,33.8585387099885,3.70442491985581));
#4434=CARTESIAN_POINT('Ctrl Pts',(-120.840001137758,34.9357313125916,4.42706729877448));
#4435=CARTESIAN_POINT('Ctrl Pts',(-120.609544372706,35.1967965703695,5.60083987498864));
#4436=CARTESIAN_POINT('Ctrl Pts',(-120.446386016016,34.9570717259942,6.46037117888856));
#4437=CARTESIAN_POINT('Ctrl Pts',(-120.294862137584,34.3269342683471,7.10538133290276));
#4438=CARTESIAN_POINT('Ctrl Pts',(-120.154038046757,33.4666149102154,7.36921180578194));
#4439=CARTESIAN_POINT('Ctrl Pts',(-120.020406848637,32.5822510430536,7.19029337424594));
#4440=CARTESIAN_POINT('Ctrl Pts',(-119.888664315858,31.890984578367,6.61055934366535));
#4441=CARTESIAN_POINT('Ctrl Pts',(-119.75306762847,31.5604145081821,5.77173043773544));
#4442=CARTESIAN_POINT('Ctrl Pts',(-119.608802314495,31.6712590943943,4.87793541163249));
#4443=CARTESIAN_POINT('Ctrl Pts',(-119.453201154445,32.1938722158371,4.1483799680627));
#4444=CARTESIAN_POINT('Ctrl Pts',(-119.286286866547,33.0040675333153,3.75877251424288));
#4445=CARTESIAN_POINT('Ctrl Pts',(-119.111070953429,33.8927657988923,3.80773667782733));
#4446=CARTESIAN_POINT('Ctrl Pts',(-118.872444035801,34.9184460956056,4.43227216371712));
#4447=CARTESIAN_POINT('Ctrl Pts',(-118.639132871761,35.2559983868169,5.68621182536948));
#4448=CARTESIAN_POINT('Ctrl Pts',(-118.428361383339,34.6815434219851,6.74667602705964));
#4449=CARTESIAN_POINT('Ctrl Pts',(-118.281607406733,33.9352660463483,7.24106055526447));
#4450=CARTESIAN_POINT('Ctrl Pts',(-118.144478134959,33.0344823582255,7.3175792462762));
#4451=CARTESIAN_POINT('Ctrl Pts',(-118.012338273696,32.2093779056575,6.95518575796059));
#4452=CARTESIAN_POINT('Ctrl Pts',(-117.879635655525,31.6560116790487,6.24234328856484));
#4453=CARTESIAN_POINT('Ctrl Pts',(-117.740808992962,31.5109852288298,5.35296628590787));
#4454=CARTESIAN_POINT('Ctrl Pts',(-117.591860037957,31.808129415604,4.50395715319737));
#4455=CARTESIAN_POINT('Ctrl Pts',(-117.431228693137,32.4747697165803,3.90249490835542));
#4456=CARTESIAN_POINT('Ctrl Pts',(-117.260279331145,33.3449750722968,3.69487435187715));
#4457=CARTESIAN_POINT('Ctrl Pts',(-117.082729723083,34.2098670891873,3.93259001361565));
#4458=CARTESIAN_POINT('Ctrl Pts',(-116.904308591243,34.8469014763856,4.5532636815003));
#4459=CARTESIAN_POINT('Ctrl Pts',(-116.672079563607,35.2097730941585,5.69930090504753));
#4460=CARTESIAN_POINT('Ctrl Pts',(-116.459525068188,34.6406148315349,6.87046262837905));
#4461=CARTESIAN_POINT('Ctrl Pts',(-116.270281584546,33.5090857225829,7.29805616143503));
#4462=CARTESIAN_POINT('Ctrl Pts',(-116.135781937998,32.6191812033485,7.18464317941806));
#4463=CARTESIAN_POINT('Ctrl Pts',(-116.00419554635,31.8861531375878,6.65414749010491));
#4464=CARTESIAN_POINT('Ctrl Pts',(-115.869450856839,31.4976960724304,5.84141609651069));
#4465=CARTESIAN_POINT('Ctrl Pts',(-115.726662668033,31.5440156135107,4.9417302707657));
#4466=CARTESIAN_POINT('Ctrl Pts',(-115.572729326001,32.0144429765135,4.17602824732207));
#4467=CARTESIAN_POINT('Ctrl Pts',(-115.40735030217,32.7925144864134,3.73043710028763));
#4468=CARTESIAN_POINT('Ctrl Pts',(-115.232981982663,33.6876644019838,3.71397898370467));
#4469=CARTESIAN_POINT('Ctrl Pts',(-115.054353835061,34.4787341892704,4.12857266127637));
#4470=CARTESIAN_POINT('Ctrl Pts',(-114.87706254899,34.9741906734091,4.87634366382171));
#4471=CARTESIAN_POINT('Ctrl Pts',(-114.706755580693,35.0467375961423,5.76438374924385));
#4472=CARTESIAN_POINT('Ctrl Pts',(-114.49324919737,34.567361779933,6.87055792229811));
#4473=CARTESIAN_POINT('Ctrl Pts',(-114.304165099158,33.3673515984351,7.38530357962553));
#4474=CARTESIAN_POINT('Ctrl Pts',(-114.127775899785,32.2293256174966,6.9696220103069));
#4475=CARTESIAN_POINT('Ctrl Pts',(-113.995394282603,31.628881324241,6.30267038470408));
#4476=CARTESIAN_POINT('Ctrl Pts',(-113.857791342891,31.4200619693491,5.42316443927508));
#4477=CARTESIAN_POINT('Ctrl Pts',(-113.710425228136,31.6563821529842,4.55597164641749));
#4478=CARTESIAN_POINT('Ctrl Pts',(-113.551464127951,32.2781285808664,3.90779628446768));
#4479=CARTESIAN_POINT('Ctrl Pts',(-113.381781182547,33.1325738441556,3.63867185889835));
#4480=CARTESIAN_POINT('Ctrl Pts',(-113.204920391287,34.0098523365914,3.81302688056737));
#4481=CARTESIAN_POINT('Ctrl Pts',(-113.026154677082,34.6945986253285,4.38846922457798));
#4482=CARTESIAN_POINT('Ctrl Pts',(-112.851268253509,35.0184628340268,5.2216043001389));
#4483=CARTESIAN_POINT('Ctrl Pts',(-112.685002741072,34.9008211254962,6.11300040054975));
#4484=CARTESIAN_POINT('Ctrl Pts',(-112.530165542782,34.3718096046129,6.8334550941728));
#4485=CARTESIAN_POINT('Ctrl Pts',(-112.338560530411,33.2821861878775,7.35787456268463));
#4486=CARTESIAN_POINT('Ctrl Pts',(-112.164195248976,32.0353544218752,6.96322583336906));
#4487=CARTESIAN_POINT('Ctrl Pts',(-111.985707284551,31.44458256858,5.90580533331831));
#4488=CARTESIAN_POINT('Ctrl Pts',(-111.844272736894,31.4252843040738,5.00997802938005));
#4489=CARTESIAN_POINT('Ctrl Pts',(-111.692032909779,31.8410503470436,4.20995775926617));
#4490=CARTESIAN_POINT('Ctrl Pts',(-111.52819434976,32.5850734229505,3.71078451306346));
#4491=CARTESIAN_POINT('Ctrl Pts',(-111.354873478431,33.4768913326884,3.62961035937988));
#4492=CARTESIAN_POINT('Ctrl Pts',(-111.176491700403,34.2963255121285,3.98738757105347));
#4493=CARTESIAN_POINT('Ctrl Pts',(-110.998706296277,34.8426279510854,4.69537271328386));
#4494=CARTESIAN_POINT('Ctrl Pts',(-110.827030898415,34.9808397223898,5.58046797134904));
#4495=CARTESIAN_POINT('Ctrl Pts',(-110.665478873138,34.6776586651999,6.42401377960799));
#4496=CARTESIAN_POINT('Ctrl Pts',(-110.515620486171,34.0027550931478,7.02244375239409));
#4497=CARTESIAN_POINT('Ctrl Pts',(-110.376051668536,33.1289759612648,7.22222685139143));
#4498=CARTESIAN_POINT('Ctrl Pts',(-110.198827915395,31.959211249911,6.90718762983852));
#4499=CARTESIAN_POINT('Ctrl Pts',(-110.023239715791,31.2724606174563,5.79440612502643));
#4500=CARTESIAN_POINT('Ctrl Pts',(-109.828725185497,31.5153597845239,4.61027288023693));
#4501=CARTESIAN_POINT('Ctrl Pts',(-109.671489111794,32.0850030211206,3.9220388261385));
#4502=CARTESIAN_POINT('Ctrl Pts',(-109.50314218984,32.9206206517049,3.59117134430477));
#4503=CARTESIAN_POINT('Ctrl Pts',(-109.327026968184,33.8072589654667,3.70272072544467));
#4504=CARTESIAN_POINT('Ctrl Pts',(-109.148174226155,34.5318628087599,4.22705795813784));
#4505=CARTESIAN_POINT('Ctrl Pts',(-108.972393773852,34.9143598530273,5.03581884914596));
#4506=CARTESIAN_POINT('Ctrl Pts',(-108.804692584718,34.861185308419,5.93043932220611));
#4507=CARTESIAN_POINT('Ctrl Pts',(-108.648131590512,34.3837142023598,6.69167417977883));
#4508=CARTESIAN_POINT('Ctrl Pts',(-108.502992769336,33.5999604273614,7.13241451118993));
#4509=CARTESIAN_POINT('Ctrl Pts',(-108.366907972344,32.6958540285204,7.14440110799694));
#4510=CARTESIAN_POINT('Ctrl Pts',(-108.234947514956,31.9025177451946,6.72477535530472));
#4511=CARTESIAN_POINT('Ctrl Pts',(-108.057559685897,31.2218662804686,5.72264871174899));
#4512=CARTESIAN_POINT('Ctrl Pts',(-107.865404156347,31.4285012381581,4.43380674395729));
#4513=CARTESIAN_POINT('Ctrl Pts',(-107.648764362623,32.3842364888093,3.69988281671183));
#4514=CARTESIAN_POINT('Ctrl Pts',(-107.476696996233,33.2629240685846,3.5543084469144));
#4515=CARTESIAN_POINT('Ctrl Pts',(-107.298641569519,34.1085498287178,3.85306511630357));
#4516=CARTESIAN_POINT('Ctrl Pts',(-107.120441630128,34.7030732387512,4.51973203602162));
#4517=CARTESIAN_POINT('Ctrl Pts',(-106.94758917114,34.904813064124,5.392239394032));
#4518=CARTESIAN_POINT('Ctrl Pts',(-106.784435391753,34.6619934031006,6.25588344816095));
#4519=CARTESIAN_POINT('Ctrl Pts',(-106.632908915771,34.0334890016075,6.89873549406725));
#4520=CARTESIAN_POINT('Ctrl Pts',(-106.492086574917,33.1723624118988,7.16360182962262));
#4521=CARTESIAN_POINT('Ctrl Pts',(-106.358453531531,32.2884717287367,6.98413054497789));
#4522=CARTESIAN_POINT('Ctrl Pts',(-106.22671396256,31.5968605611966,6.40469183755023));
#4523=CARTESIAN_POINT('Ctrl Pts',(-106.091111947306,31.2666868480188,5.56565069092972));
#4524=CARTESIAN_POINT('Ctrl Pts',(-105.94685760912,31.3768587506,4.67208763410955));
#4525=CARTESIAN_POINT('Ctrl Pts',(-105.791235422011,31.900700296629,3.9421738126503));
#4526=CARTESIAN_POINT('Ctrl Pts',(-105.624365227522,32.7083560049979,3.553265960218));
#4527=CARTESIAN_POINT('Ctrl Pts',(-105.449065160058,33.6018864105438,3.60091605498806));
#4528=CARTESIAN_POINT('Ctrl Pts',(-105.27025529116,34.3619504147647,4.07180776439073));
#4529=CARTESIAN_POINT('Ctrl Pts',(-105.093698332674,34.8011902046726,4.85109709531771));
#4530=CARTESIAN_POINT('Ctrl Pts',(-104.924593831537,34.8123285824773,5.74701549256203));
#4531=CARTESIAN_POINT('Ctrl Pts',(-104.766356258267,34.3906321945981,6.53985651462962));
#4532=CARTESIAN_POINT('Ctrl Pts',(-104.619684546689,33.6396264522897,7.03553233307544));
#4533=CARTESIAN_POINT('Ctrl Pts',(-104.482514462015,32.7411812298881,7.11142088019779));
#4534=CARTESIAN_POINT('Ctrl Pts',(-104.394430331161,32.1906466192896,6.86988453625519));
#4535=CARTESIAN_POINT('Ctrl Pts',(-104.350294331839,31.9607235726044,6.69063970802189));
#4536=CARTESIAN_POINT('Ctrl Pts',(-145.109122259686,32.8377644754269,7.30507537897092));
#4537=CARTESIAN_POINT('Ctrl Pts',(-145.064985077583,32.6078769735406,7.1258582746048));
#4538=CARTESIAN_POINT('Ctrl Pts',(-144.976503231408,32.2393736817273,6.65093941728699));
#4539=CARTESIAN_POINT('Ctrl Pts',(-144.837687067579,32.0939424758912,5.7614436881094));
#4540=CARTESIAN_POINT('Ctrl Pts',(-144.688725849597,32.3914767081592,4.91269128487942));
#4541=CARTESIAN_POINT('Ctrl Pts',(-144.528113362279,33.0574175978278,4.31097640407209));
#4542=CARTESIAN_POINT('Ctrl Pts',(-144.357132139393,33.9287107782681,4.10391664923881));
#4543=CARTESIAN_POINT('Ctrl Pts',(-144.17965260766,34.7911535064849,4.34047973570347));
#4544=CARTESIAN_POINT('Ctrl Pts',(-144.001103329927,35.4326588005983,4.96327250884406));
#4545=CARTESIAN_POINT('Ctrl Pts',(-143.827180450658,35.6961949685762,5.81859030031819));
#4546=CARTESIAN_POINT('Ctrl Pts',(-143.662468834818,35.5154793791366,6.69693299474801));
#4547=CARTESIAN_POINT('Ctrl Pts',(-143.509258310973,34.9349259630578,7.38305111115217));
#4548=CARTESIAN_POINT('Ctrl Pts',(-143.367077429557,34.0949456683118,7.70784517086556));
#4549=CARTESIAN_POINT('Ctrl Pts',(-143.232705913068,33.2006021626186,7.59226858307468));
#4550=CARTESIAN_POINT('Ctrl Pts',(-143.101049742495,32.4699876766565,7.06295670093806));
#4551=CARTESIAN_POINT('Ctrl Pts',(-142.966335588824,32.0804475860682,6.24974553981619));
#4552=CARTESIAN_POINT('Ctrl Pts',(-142.823529893147,32.1273350216325,5.35041044670425));
#4553=CARTESIAN_POINT('Ctrl Pts',(-142.669604093942,32.5974576653797,4.58464299109438));
#4554=CARTESIAN_POINT('Ctrl Pts',(-142.504222041757,33.3756047056261,4.13914491369956));
#4555=CARTESIAN_POINT('Ctrl Pts',(-142.32985699966,34.2706152511136,4.12266830907363));
#4556=CARTESIAN_POINT('Ctrl Pts',(-142.151229772299,35.0616620494099,4.53723375820895));
#4557=CARTESIAN_POINT('Ctrl Pts',(-141.973940769095,35.5570540545129,5.28494536434385));
#4558=CARTESIAN_POINT('Ctrl Pts',(-141.803634648944,35.6296108545568,6.17291510233286));
#4559=CARTESIAN_POINT('Ctrl Pts',(-141.590128966514,35.1502671395899,7.27899698071685));
#4560=CARTESIAN_POINT('Ctrl Pts',(-141.401043430655,33.9503504988634,7.79370450475372));
#4561=CARTESIAN_POINT('Ctrl Pts',(-141.224651781759,32.8124138879555,7.37805786535196));
#4562=CARTESIAN_POINT('Ctrl Pts',(-141.092268212677,32.2120253948967,6.71115606991364));
#4563=CARTESIAN_POINT('Ctrl Pts',(-140.954664121992,32.0032105254955,5.8317200607118));
#4564=CARTESIAN_POINT('Ctrl Pts',(-140.807297043999,32.2395237783012,4.96460104385936));
#4565=CARTESIAN_POINT('Ctrl Pts',(-140.648336584776,32.8612112370376,4.3164673204163));
#4566=CARTESIAN_POINT('Ctrl Pts',(-140.478654512361,33.7155919990404,4.04737703876208));
#4567=CARTESIAN_POINT('Ctrl Pts',(-140.301795589321,34.5928027812902,4.22170477595381));
#4568=CARTESIAN_POINT('Ctrl Pts',(-140.123031760716,35.2774862080954,4.79711176428104));
#4569=CARTESIAN_POINT('Ctrl Pts',(-139.948146745703,35.6013358229965,5.63017424415199));
#4570=CARTESIAN_POINT('Ctrl Pts',(-139.781882344532,35.4836916455339,6.5215001642966));
#4571=CARTESIAN_POINT('Ctrl Pts',(-139.627044902284,34.954730034621,7.24189981607357));
#4572=CARTESIAN_POINT('Ctrl Pts',(-139.435438703586,33.8651930679469,7.76627460125357));
#4573=CARTESIAN_POINT('Ctrl Pts',(-139.261070940176,32.6184557909126,7.37165564949961));
#4574=CARTESIAN_POINT('Ctrl Pts',(-139.082580704384,32.0277291220796,6.31432131667666));
#4575=CARTESIAN_POINT('Ctrl Pts',(-138.941144845151,32.0084401669472,5.41856771703186));
#4576=CARTESIAN_POINT('Ctrl Pts',(-138.788905082397,32.4241639225268,4.6186035228198));
#4577=CARTESIAN_POINT('Ctrl Pts',(-138.625066905084,33.1681333989636,4.11948138096597));
#4578=CARTESIAN_POINT('Ctrl Pts',(-138.451747685053,34.0598795200267,4.03830014993248));
#4579=CARTESIAN_POINT('Ctrl Pts',(-138.273367685123,34.8792425957111,4.39606089707021));
#4580=CARTESIAN_POINT('Ctrl Pts',(-138.095583976517,35.425511749681,5.10398108377791));
#4581=CARTESIAN_POINT('Ctrl Pts',(-137.923910126368,35.5636991733801,5.98900843580055));
#4582=CARTESIAN_POINT('Ctrl Pts',(-137.762358287046,35.2605546262732,6.83248981051429));
#4583=CARTESIAN_POINT('Ctrl Pts',(-137.612499775846,34.5856951408983,7.43086511077026));
#4584=CARTESIAN_POINT('Ctrl Pts',(-137.472929505929,33.7119897588006,7.63063928913791));
#4585=CARTESIAN_POINT('Ctrl Pts',(-137.295703373587,32.5423196213072,7.31562290753704));
#4586=CARTESIAN_POINT('Ctrl Pts',(-137.120112785,31.8556208812588,6.20292579838038));
#4587=CARTESIAN_POINT('Ctrl Pts',(-136.925597305818,32.0984977656002,5.01888728523293));
#4588=CARTESIAN_POINT('Ctrl Pts',(-136.768361187102,32.6680997760815,4.33071504667581));
#4589=CARTESIAN_POINT('Ctrl Pts',(-136.600015521058,33.5036487380526,3.9998622588548));
#4590=CARTESIAN_POINT('Ctrl Pts',(-136.423901837364,34.3902130959518,4.11141517202541));
#4591=CARTESIAN_POINT('Ctrl Pts',(-136.245050952409,35.1147673289193,4.6357000308209));
#4592=CARTESIAN_POINT('Ctrl Pts',(-136.069272313359,35.4972214438142,5.44440192053244));
#4593=CARTESIAN_POINT('Ctrl Pts',(-135.901571820123,35.444064260933,6.33895146351274));
#4594=CARTESIAN_POINT('Ctrl Pts',(-135.745011277622,34.9666192694636,7.10011909641337));
#4595=CARTESIAN_POINT('Ctrl Pts',(-135.599871332613,34.1829351800545,7.54083452283652));
#4596=CARTESIAN_POINT('Ctrl Pts',(-135.463785229096,33.2788980761019,7.55280888890467));
#4597=CARTESIAN_POINT('Ctrl Pts',(-135.331822834676,32.4856229991978,7.13322426559783));
#4598=CARTESIAN_POINT('Ctrl Pts',(-135.154432561826,31.8050288883773,6.13117785917749));
#4599=CARTESIAN_POINT('Ctrl Pts',(-134.962275976701,32.0116459432664,4.84243144869463));
#4600=CARTESIAN_POINT('Ctrl Pts',(-134.745636907923,32.9673051553073,4.10856794808615));
#4601=CARTESIAN_POINT('Ctrl Pts',(-134.573571015043,33.8459153186908,3.9630063233332));
#4602=CARTESIAN_POINT('Ctrl Pts',(-134.395516954353,34.6914913622266,4.26174333879327));
#4603=CARTESIAN_POINT('Ctrl Pts',(-134.217319956158,35.2859314123775,4.92833414230682));
#4604=CARTESIAN_POINT('Ctrl Pts',(-134.044466723305,35.4877166520077,5.80082801946709));
#4605=CARTESIAN_POINT('Ctrl Pts',(-133.881317967419,35.2448008997656,6.66427601855878));
#4606=CARTESIAN_POINT('Ctrl Pts',(-133.729783030732,34.616552963487,7.30732323291739));
#4607=CARTESIAN_POINT('Ctrl Pts',(-133.588976261641,33.755076095988,7.57165663842124));
#4608=CARTESIAN_POINT('Ctrl Pts',(-133.455309705109,32.8720510634591,7.39317278394213));
#4609=CARTESIAN_POINT('Ctrl Pts',(-133.323634694163,32.1788274901708,6.81175325617752));
#4610=CARTESIAN_POINT('Ctrl Pts',(-133.187904424724,31.8518665231986,5.97663380524359));
#4611=CARTESIAN_POINT('Ctrl Pts',(-132.995885987291,31.9906435807203,4.77553326773782));
#4612=CARTESIAN_POINT('Ctrl Pts',(-132.779912737671,32.9874681624917,3.93876664571264));
#4613=CARTESIAN_POINT('Ctrl Pts',(-132.545859125446,34.1868937027551,4.01204647358632));
#4614=CARTESIAN_POINT('Ctrl Pts',(-132.367178301023,34.9436784606367,4.47905896861781));
#4615=CARTESIAN_POINT('Ctrl Pts',(-132.190555913381,35.3845852230005,5.26030902936766));
#4616=CARTESIAN_POINT('Ctrl Pts',(-132.021485493471,35.3948847492248,6.15516407661763));
#4617=CARTESIAN_POINT('Ctrl Pts',(-131.863229371588,34.9736969885425,6.94850949877675));
#4618=CARTESIAN_POINT('Ctrl Pts',(-131.716569312476,34.2224441752877,7.44376505301882));
#4619=CARTESIAN_POINT('Ctrl Pts',(-131.579385385381,33.3243733916686,7.52003735549537));
#4620=CARTESIAN_POINT('Ctrl Pts',(-131.447277123739,32.4980650856421,7.1572659683594));
#4621=CARTESIAN_POINT('Ctrl Pts',(-131.314540689809,31.9454258444603,6.44562887621135));
#4622=CARTESIAN_POINT('Ctrl Pts',(-131.175760633847,31.8000243618794,5.55369591724634));
#4623=CARTESIAN_POINT('Ctrl Pts',(-131.026727349026,32.0974664699172,4.70985472979116));
#4624=CARTESIAN_POINT('Ctrl Pts',(-130.812762593788,32.9856463241649,3.89491406737079));
#4625=CARTESIAN_POINT('Ctrl Pts',(-130.577356472595,34.2835531152424,3.9173638122706));
#4626=CARTESIAN_POINT('Ctrl Pts',(-130.339104382374,35.1386489253099,4.76046508132131));
#4627=CARTESIAN_POINT('Ctrl Pts',(-130.165254868711,35.4022865337636,5.61077222347329));
#4628=CARTESIAN_POINT('Ctrl Pts',(-130.000504848326,35.2215089401937,6.49175053742696));
#4629=CARTESIAN_POINT('Ctrl Pts',(-129.847312558187,34.6410048703128,7.17658890594133));
#4630=CARTESIAN_POINT('Ctrl Pts',(-129.705122305083,33.8009629418061,7.50209248444653));
#4631=CARTESIAN_POINT('Ctrl Pts',(-129.570755013781,32.9067289639115,7.38607936853066));
#4632=CARTESIAN_POINT('Ctrl Pts',(-129.439097069229,32.175911923471,6.85717419092645));
#4633=CARTESIAN_POINT('Ctrl Pts',(-129.304382820126,31.7867927571568,6.04336869594778));
#4634=CARTESIAN_POINT('Ctrl Pts',(-129.161578878504,31.8328722765332,5.14507017175831));
#4635=CARTESIAN_POINT('Ctrl Pts',(-129.00764845783,32.3046899393375,4.37719042057122));
#4636=CARTESIAN_POINT('Ctrl Pts',(-128.842275556629,33.0796025544244,3.9357009718181));
#4637=CARTESIAN_POINT('Ctrl Pts',(-128.609767113203,34.2811331686651,3.90349522395051));
#4638=CARTESIAN_POINT('Ctrl Pts',(-128.368804913808,35.2439174191313,4.77266899090391));
#4639=CARTESIAN_POINT('Ctrl Pts',(-128.141621331155,35.3347935968307,5.97221290787564));
#4640=CARTESIAN_POINT('Ctrl Pts',(-127.981689353066,34.9748634948048,6.78929233990101));
#4641=CARTESIAN_POINT('Ctrl Pts',(-127.833452565927,34.2590831027202,7.3385031331209));
#4642=CARTESIAN_POINT('Ctrl Pts',(-127.695133833152,33.3697133873759,7.47762365585769));
#4643=CARTESIAN_POINT('Ctrl Pts',(-127.562629328614,32.5195603287373,7.17515934552565));
#4644=CARTESIAN_POINT('Ctrl Pts',(-127.430355295413,31.9175189068154,6.50335145006697));
#4645=CARTESIAN_POINT('Ctrl Pts',(-127.292696074154,31.7093836511018,5.62660209964853));
#4646=CARTESIAN_POINT('Ctrl Pts',(-127.145350225698,31.9457911917395,4.75794050752063));
#4647=CARTESIAN_POINT('Ctrl Pts',(-126.986387865331,32.5666705064935,4.111086105034));
#4648=CARTESIAN_POINT('Ctrl Pts',(-126.816686360304,33.4231252013661,3.84032514660389));
#4649=CARTESIAN_POINT('Ctrl Pts',(-126.639874324381,34.2962166084491,4.01742153779042));
#4650=CARTESIAN_POINT('Ctrl Pts',(-126.401389672794,35.2198882722298,4.77808874204224));
#4651=CARTESIAN_POINT('Ctrl Pts',(-126.113715988249,35.4188537327139,6.40070858748021));
#4652=CARTESIAN_POINT('Ctrl Pts',(-125.816822557364,33.8906076079407,7.66494766374172));
#4653=CARTESIAN_POINT('Ctrl Pts',(-125.59925807248,32.3205516347952,7.16206385938871));
#4654=CARTESIAN_POINT('Ctrl Pts',(-125.420526385729,31.7365080266218,6.11120669921656));
#4655=CARTESIAN_POINT('Ctrl Pts',(-125.232318858456,31.7010298686212,4.90601571932559));
#4656=CARTESIAN_POINT('Ctrl Pts',(-125.021143444244,32.5706219064638,3.9326000976462));
#4657=CARTESIAN_POINT('Ctrl Pts',(-124.789710465492,33.7680075378268,3.83498027588739));
#4658=CARTESIAN_POINT('Ctrl Pts',(-124.611463284903,34.5841750951737,4.18849196409734));
#4659=CARTESIAN_POINT('Ctrl Pts',(-124.433612116695,35.1319278803999,4.89876917750917));
#4660=CARTESIAN_POINT('Ctrl Pts',(-124.261965688611,35.2698328845749,5.78238080692077));
#4661=CARTESIAN_POINT('Ctrl Pts',(-124.100408144665,34.9660648640447,6.62713023741342));
#4662=CARTESIAN_POINT('Ctrl Pts',(-123.950533335774,34.2932156089448,7.22371784503208));
#4663=CARTESIAN_POINT('Ctrl Pts',(-123.811005642956,33.4153875313904,7.42655127259926));
#4664=CARTESIAN_POINT('Ctrl Pts',(-123.677999842138,32.5461338262408,7.18459170111581));
#4665=CARTESIAN_POINT('Ctrl Pts',(-123.546027119393,31.8981264436881,6.55839361567275));
#4666=CARTESIAN_POINT('Ctrl Pts',(-123.409497714717,31.6275782173077,5.69577437211162));
#4667=CARTESIAN_POINT('Ctrl Pts',(-123.263622136084,31.8022282348508,4.81772737148946));
#4668=CARTESIAN_POINT('Ctrl Pts',(-123.054127938859,32.5658434459912,3.88403689949079));
#4669=CARTESIAN_POINT('Ctrl Pts',(-122.821726269327,33.8541926911741,3.72085842187565));
#4670=CARTESIAN_POINT('Ctrl Pts',(-122.583045783635,34.820995091836,4.43296610681088));
#4671=CARTESIAN_POINT('Ctrl Pts',(-122.407348343625,35.2032577067401,5.23655583228722));
#4672=CARTESIAN_POINT('Ctrl Pts',(-122.23961061695,35.1499726155688,6.13375736840665));
#4673=CARTESIAN_POINT('Ctrl Pts',(-122.083055936334,34.6731008727146,6.89371818672413));
#4674=CARTESIAN_POINT('Ctrl Pts',(-121.937934503976,33.8881883763,7.33495873128686));
#4675=CARTESIAN_POINT('Ctrl Pts',(-121.801791628532,32.9868059325514,7.34691020557426));
#4676=CARTESIAN_POINT('Ctrl Pts',(-121.669944899193,32.1884308834386,6.9269319357463));
#4677=CARTESIAN_POINT('Ctrl Pts',(-121.536677990086,31.6877506905165,6.17633193356943));
#4678=CARTESIAN_POINT('Ctrl Pts',(-121.396595865139,31.6058364254581,5.28016035683935));
#4679=CARTESIAN_POINT('Ctrl Pts',(-121.246014525082,31.963904795958,4.45247792983602));
#4680=CARTESIAN_POINT('Ctrl Pts',(-121.083758240444,32.6684419453449,3.9047088354882));
#4681=CARTESIAN_POINT('Ctrl Pts',(-120.854185337975,33.8536140347939,3.70115035750755));
#4682=CARTESIAN_POINT('Ctrl Pts',(-120.612973486432,34.9307243726089,4.42373753837259));
#4683=CARTESIAN_POINT('Ctrl Pts',(-120.382518570467,35.1917705537088,5.59741469853106));
#4684=CARTESIAN_POINT('Ctrl Pts',(-120.219361065139,34.9520575403141,6.45687265384092));
#4685=CARTESIAN_POINT('Ctrl Pts',(-120.067836605587,34.3219764498294,7.10184091345835));
#4686=CARTESIAN_POINT('Ctrl Pts',(-119.927011610281,33.4617229111678,7.36563744988871));
#4687=CARTESIAN_POINT('Ctrl Pts',(-119.793378565797,32.5774259244976,7.18674603726296));
#4688=CARTESIAN_POINT('Ctrl Pts',(-119.661634124783,31.8862230388151,6.60704784039172));
#4689=CARTESIAN_POINT('Ctrl Pts',(-119.526036062818,31.5556666043719,5.7682906433382));
#4690=CARTESIAN_POINT('Ctrl Pts',(-119.38176957192,31.6665154206205,4.87456763912328));
#4691=CARTESIAN_POINT('Ctrl Pts',(-119.226168778923,32.1890753633466,4.14506373769802));
#4692=CARTESIAN_POINT('Ctrl Pts',(-119.059255128729,32.9992129827638,3.7554963246359));
#4693=CARTESIAN_POINT('Ctrl Pts',(-118.884040976288,33.8878379797668,3.80444826821061));
#4694=CARTESIAN_POINT('Ctrl Pts',(-118.645416604683,34.9134339761076,4.42893518942777));
#4695=CARTESIAN_POINT('Ctrl Pts',(-118.412107441798,35.2509602559942,5.68277924512592));
#4696=CARTESIAN_POINT('Ctrl Pts',(-118.201336195181,34.6765533548963,6.74315882187015));
#4697=CARTESIAN_POINT('Ctrl Pts',(-118.054581712105,33.9303329454635,7.23749564988989));
#4698=CARTESIAN_POINT('Ctrl Pts',(-117.917450854708,33.0296192765956,7.31401958732239));
#4699=CARTESIAN_POINT('Ctrl Pts',(-117.785309182235,32.2045867741184,6.95164355200791));
#4700=CARTESIAN_POINT('Ctrl Pts',(-117.652604889108,31.6512533866686,6.23886531044783));
#4701=CARTESIAN_POINT('Ctrl Pts',(-117.513776661572,31.5062515094257,5.34955703701004));
#4702=CARTESIAN_POINT('Ctrl Pts',(-117.364827543161,31.8033590447096,4.50061104404469));
#4703=CARTESIAN_POINT('Ctrl Pts',(-117.204196281556,32.4699553828806,3.89920601542017));
#4704=CARTESIAN_POINT('Ctrl Pts',(-117.033248447823,33.340086811144,3.6915895940851));
#4705=CARTESIAN_POINT('Ctrl Pts',(-116.855700455173,34.2049090169689,3.92929773646637));
#4706=CARTESIAN_POINT('Ctrl Pts',(-116.677281205028,34.8418960484959,4.54991418012353));
#4707=CARTESIAN_POINT('Ctrl Pts',(-116.445054249582,35.2047357735549,5.6958594791187));
#4708=CARTESIAN_POINT('Ctrl Pts',(-116.232500176666,34.6356204596239,6.86693189218548));
#4709=CARTESIAN_POINT('Ctrl Pts',(-116.043255209426,33.5041830756429,7.2944929307634));
#4710=CARTESIAN_POINT('Ctrl Pts',(-115.908753945985,32.6143528297969,7.18108119854734));
#4711=CARTESIAN_POINT('Ctrl Pts',(-115.777165738791,31.8813742309179,6.65063533359148));
#4712=CARTESIAN_POINT('Ctrl Pts',(-115.642419216116,31.4929600987915,5.83796425664242));
#4713=CARTESIAN_POINT('Ctrl Pts',(-115.499630341979,31.5392623957409,4.93834849230611));
#4714=CARTESIAN_POINT('Ctrl Pts',(-115.345696542727,32.009663321772,4.17271451930943));
#4715=CARTESIAN_POINT('Ctrl Pts',(-115.180318646484,32.7876657972338,3.72714709906964));
#4716=CARTESIAN_POINT('Ctrl Pts',(-115.005951629681,33.682745033025,3.71070344286262));
#4717=CARTESIAN_POINT('Ctrl Pts',(-114.827325424988,34.4737562577458,4.12525182855518));
#4718=CARTESIAN_POINT('Ctrl Pts',(-114.650035942908,34.9691649205792,4.87297142484078));
#4719=CARTESIAN_POINT('Ctrl Pts',(-114.479730058111,35.0417135338298,5.76093723590151));
#4720=CARTESIAN_POINT('Ctrl Pts',(-114.266224260881,34.5623738121828,6.86702102974623));
#4721=CARTESIAN_POINT('Ctrl Pts',(-114.077138800127,33.3624545589222,7.38172730063871));
#4722=CARTESIAN_POINT('Ctrl Pts',(-113.900747116491,32.2245191564653,6.96608124089009));
#4723=CARTESIAN_POINT('Ctrl Pts',(-113.768363561847,31.624130161169,6.29917920454536));
#4724=CARTESIAN_POINT('Ctrl Pts',(-113.630759463561,31.4153155561719,5.41974332216924));
#4725=CARTESIAN_POINT('Ctrl Pts',(-113.48339238919,31.6516286829557,4.55262424486834));
#4726=CARTESIAN_POINT('Ctrl Pts',(-113.324431928085,32.27331620719,3.90449055284244));
#4727=CARTESIAN_POINT('Ctrl Pts',(-113.154749856565,33.1276969380427,3.63540025624655));
#4728=CARTESIAN_POINT('Ctrl Pts',(-112.97789093306,34.0049077364746,3.80972800120033));
#4729=CARTESIAN_POINT('Ctrl Pts',(-112.799127104676,34.6895911555909,4.38513498583942));
#4730=CARTESIAN_POINT('Ctrl Pts',(-112.624242089548,35.0134407744739,5.2181974676204));
#4731=CARTESIAN_POINT('Ctrl Pts',(-112.45797768843,34.8957965951468,6.10952338687063));
#4732=CARTESIAN_POINT('Ctrl Pts',(-112.303140246157,34.3668349851502,6.82992303908715));
#4733=CARTESIAN_POINT('Ctrl Pts',(-112.111534047472,33.2772980180292,7.35429782405274));
#4734=CARTESIAN_POINT('Ctrl Pts',(-111.937166284053,32.0305607412873,6.95967887243904));
#4735=CARTESIAN_POINT('Ctrl Pts',(-111.758676048265,31.439834072319,5.9023445395512));
#4736=CARTESIAN_POINT('Ctrl Pts',(-111.61724018903,31.4205451172428,5.00659093993343));
#4737=CARTESIAN_POINT('Ctrl Pts',(-111.465000426277,31.8362688727928,4.20662674570701));
#4738=CARTESIAN_POINT('Ctrl Pts',(-111.301162248964,32.580238349244,3.70750460386033));
#4739=CARTESIAN_POINT('Ctrl Pts',(-111.127843028933,33.4719844702991,3.62632337282258));
#4740=CARTESIAN_POINT('Ctrl Pts',(-110.949463029002,34.2913475459883,3.98408411996353));
#4741=CARTESIAN_POINT('Ctrl Pts',(-110.771679320397,34.8376166999539,4.6920043066674));
#4742=CARTESIAN_POINT('Ctrl Pts',(-110.600005470248,34.9758041236591,5.57703165869672));
#4743=CARTESIAN_POINT('Ctrl Pts',(-110.438453630926,34.6726595765418,6.4205130333982));
#4744=CARTESIAN_POINT('Ctrl Pts',(-110.288595119725,33.9978000911879,7.01888833367952));
#4745=CARTESIAN_POINT('Ctrl Pts',(-110.14902484981,33.1240947090504,7.21866251199914));
#4746=CARTESIAN_POINT('Ctrl Pts',(-109.971798717465,31.9544245716528,6.9036461305137));
#4747=CARTESIAN_POINT('Ctrl Pts',(-109.796208128885,31.2677258313972,5.79094902110754));
#4748=CARTESIAN_POINT('Ctrl Pts',(-109.601692649691,31.5106027160555,4.60691050834143));
#4749=CARTESIAN_POINT('Ctrl Pts',(-109.444456531001,32.0802047258872,3.91873826900252));
#4750=CARTESIAN_POINT('Ctrl Pts',(-109.276110864904,32.9157536891799,3.58788548277223));
#4751=CARTESIAN_POINT('Ctrl Pts',(-109.099997181323,33.8023180442568,3.69943839254578));
#4752=CARTESIAN_POINT('Ctrl Pts',(-108.921146296151,34.5268722826739,4.22372325790081));
#4753=CARTESIAN_POINT('Ctrl Pts',(-108.745367657555,34.9093263860997,5.03242513380721));
#4754=CARTESIAN_POINT('Ctrl Pts',(-108.577667163444,34.8561692252961,5.9269747033619));
#4755=CARTESIAN_POINT('Ctrl Pts',(-108.421106622785,34.3787241874051,6.68814228038581));
#4756=CARTESIAN_POINT('Ctrl Pts',(-108.275966674232,33.5950401873138,7.12885781431906));
#4757=CARTESIAN_POINT('Ctrl Pts',(-108.139880578149,32.6910028959651,7.1408319548224));
#4758=CARTESIAN_POINT('Ctrl Pts',(-108.007918169609,31.8977281750215,6.72124775997762));
#4759=CARTESIAN_POINT('Ctrl Pts',(-107.830527930732,31.2171332077125,5.71920032261999));
#4760=CARTESIAN_POINT('Ctrl Pts',(-107.638371272163,31.4237521142327,4.43045614090665));
#4761=CARTESIAN_POINT('Ctrl Pts',(-107.421732315645,32.3794084960116,3.69658923357142));
#4762=CARTESIAN_POINT('Ctrl Pts',(-107.249666192618,33.2580244617778,3.5510345930241));
#4763=CARTESIAN_POINT('Ctrl Pts',(-107.07161260021,34.1035886991615,3.84975739766811));
#4764=CARTESIAN_POINT('Ctrl Pts',(-106.893414601971,34.6980539620536,4.51637854922588));
#4765=CARTESIAN_POINT('Ctrl Pts',(-106.72056330014,34.8997905174897,5.38881382624973));
#4766=CARTESIAN_POINT('Ctrl Pts',(-106.557410480247,34.6569772254151,6.25238515448166));
#4767=CARTESIAN_POINT('Ctrl Pts',(-106.405883366637,34.028532056806,6.89519496444789));
#4768=CARTESIAN_POINT('Ctrl Pts',(-106.265060148118,33.1674699057924,7.16002755544046));
#4769=CARTESIAN_POINT('Ctrl Pts',(-106.13142524455,32.2836468512396,6.98058313859309));
#4770=CARTESIAN_POINT('Ctrl Pts',(-105.999683773657,31.5920988387227,6.40118045120786));
#4771=CARTESIAN_POINT('Ctrl Pts',(-105.864080381017,31.2619391053629,5.56221070882324));
#4772=CARTESIAN_POINT('Ctrl Pts',(-105.719824866196,31.3721147984826,4.66872028194878));
#4773=CARTESIAN_POINT('Ctrl Pts',(-105.564203047894,31.8959038948759,3.93885684584344));
#4774=CARTESIAN_POINT('Ctrl Pts',(-105.397333485985,32.7035004453639,3.54999145722491));
#4775=CARTESIAN_POINT('Ctrl Pts',(-105.222035189601,33.5969603410136,3.59762470536442));
#4776=CARTESIAN_POINT('Ctrl Pts',(-105.043227191708,34.3569562116898,4.06848954974689));
#4777=CARTESIAN_POINT('Ctrl Pts',(-104.866671759623,34.7961729320288,4.84771056428124));
#4778=CARTESIAN_POINT('Ctrl Pts',(-104.697568690603,34.8072952800209,5.74355685263463));
#4779=CARTESIAN_POINT('Ctrl Pts',(-104.53933091656,34.3856473781121,6.53634200075594));
#4780=CARTESIAN_POINT('Ctrl Pts',(-104.392659052699,33.6346862376615,7.03196427195338));
#4781=CARTESIAN_POINT('Ctrl Pts',(-104.255486877153,32.7363290894156,7.10786581112089));
#4782=CARTESIAN_POINT('Ctrl Pts',(-104.167402457609,32.1858094027259,6.86632731767449));
#4783=CARTESIAN_POINT('Ctrl Pts',(-104.123265275506,31.9559219008395,6.68711021330837));
#4784=CARTESIAN_POINT('Ctrl Pts',(-144.954069066102,32.7149957502134,7.45586226639175));
#4785=CARTESIAN_POINT('Ctrl Pts',(-144.910781240922,32.4595834758898,7.25673661214142));
#4786=CARTESIAN_POINT('Ctrl Pts',(-144.823972144675,32.0502891401522,6.72908369806647));
#4787=CARTESIAN_POINT('Ctrl Pts',(-144.68698868816,31.8889883227203,5.74068177780357));
#4788=CARTESIAN_POINT('Ctrl Pts',(-144.538727688256,32.22008401542,4.7975956388516));
#4789=CARTESIAN_POINT('Ctrl Pts',(-144.377517971401,32.9606143106021,4.12905150730374));
#4790=CARTESIAN_POINT('Ctrl Pts',(-144.204782727007,33.9294078477694,3.89919129102812));
#4791=CARTESIAN_POINT('Ctrl Pts',(-144.024825413735,34.8883626714707,4.16236675943876));
#4792=CARTESIAN_POINT('Ctrl Pts',(-143.843678978831,35.6017365594535,4.85485589879113));
#4793=CARTESIAN_POINT('Ctrl Pts',(-143.667674312904,35.8950378659435,5.80577073546263));
#4794=CARTESIAN_POINT('Ctrl Pts',(-143.501908376995,35.6945332301783,6.78227921418752));
#4795=CARTESIAN_POINT('Ctrl Pts',(-143.348924672935,35.0496517473928,7.54515056415405));
#4796=CARTESIAN_POINT('Ctrl Pts',(-143.20820091972,34.1164054544958,7.90639373316399));
#4797=CARTESIAN_POINT('Ctrl Pts',(-143.076156436913,33.1227402497085,7.7782122814005));
#4798=CARTESIAN_POINT('Ctrl Pts',(-142.947130183892,32.3110674294879,7.19014508993162));
#4799=CARTESIAN_POINT('Ctrl Pts',(-142.814705314459,31.8784619892423,6.2865543723347));
#4800=CARTESIAN_POINT('Ctrl Pts',(-142.673286319501,31.9309659608608,5.28723303180501));
#4801=CARTESIAN_POINT('Ctrl Pts',(-142.519508535658,32.453849972384,4.4363576125544));
#4802=CARTESIAN_POINT('Ctrl Pts',(-142.352996581196,33.319117922082,3.94147663196366));
#4803=CARTESIAN_POINT('Ctrl Pts',(-142.17650103647,34.3142657613453,3.92340632441523));
#4804=CARTESIAN_POINT('Ctrl Pts',(-141.995267799456,35.1938558402632,4.38446032336596));
#4805=CARTESIAN_POINT('Ctrl Pts',(-141.815521999494,35.7448521332653,5.21576837635553));
#4806=CARTESIAN_POINT('Ctrl Pts',(-141.643537682771,35.8258586199028,6.20298485955607));
#4807=CARTESIAN_POINT('Ctrl Pts',(-141.429306644414,35.293581653816,7.43271145605346));
#4808=CARTESIAN_POINT('Ctrl Pts',(-141.242217851756,33.9604135498539,8.00513838584894));
#4809=CARTESIAN_POINT('Ctrl Pts',(-141.06923807347,32.6961281158471,7.5435042523534));
#4810=CARTESIAN_POINT('Ctrl Pts',(-140.939403504354,32.0291766335586,6.80252891228147));
#4811=CARTESIAN_POINT('Ctrl Pts',(-140.803765993488,31.7974734472185,5.8253235299485));
#4812=CARTESIAN_POINT('Ctrl Pts',(-140.657278008395,32.0604843598109,4.86180181562435));
#4813=CARTESIAN_POINT('Ctrl Pts',(-140.497903420667,32.7518555391639,4.14169532996695));
#4814=CARTESIAN_POINT('Ctrl Pts',(-140.326612930544,33.7018406409393,3.84285321113411));
#4815=CARTESIAN_POINT('Ctrl Pts',(-140.147345018957,34.6772024299653,4.03689196806856));
#4816=CARTESIAN_POINT('Ctrl Pts',(-139.965960044927,35.4385902597777,4.67668556822962));
#4817=CARTESIAN_POINT('Ctrl Pts',(-139.788886481317,35.7988959032878,5.60287799280187));
#4818=CARTESIAN_POINT('Ctrl Pts',(-139.621393935764,35.6685260766049,6.59381886318081));
#4819=CARTESIAN_POINT('Ctrl Pts',(-139.46660270722,35.0809629637076,7.39477838130873));
#4820=CARTESIAN_POINT('Ctrl Pts',(-139.276712308691,33.8704726143572,7.9779563225345));
#4821=CARTESIAN_POINT('Ctrl Pts',(-139.105981794928,32.4852650451056,7.53969932068423));
#4822=CARTESIAN_POINT('Ctrl Pts',(-138.930669439905,31.8291890590469,6.36484969638979));
#4823=CARTESIAN_POINT('Ctrl Pts',(-138.790773658251,31.8081114103861,5.36950463641896));
#4824=CARTESIAN_POINT('Ctrl Pts',(-138.638868971108,32.270559991834,4.48064012075191));
#4825=CARTESIAN_POINT('Ctrl Pts',(-138.474073825264,33.0978234482081,3.9261265034259));
#4826=CARTESIAN_POINT('Ctrl Pts',(-138.298740095652,34.0893448047497,3.83617511950504));
#4827=CARTESIAN_POINT('Ctrl Pts',(-138.117781840087,35.0004215315851,4.23405951094633));
#4828=CARTESIAN_POINT('Ctrl Pts',(-137.937486391573,35.6079409703546,5.02116329328166));
#4829=CARTESIAN_POINT('Ctrl Pts',(-137.763981402618,35.7619221229269,6.00510109219495));
#4830=CARTESIAN_POINT('Ctrl Pts',(-137.601727470893,35.4253414962278,6.94286159548687));
#4831=CARTESIAN_POINT('Ctrl Pts',(-137.452469470043,34.6756410677829,7.60820749683461));
#4832=CARTESIAN_POINT('Ctrl Pts',(-137.314647222732,33.7049107865785,7.83050152429246));
#4833=CARTESIAN_POINT('Ctrl Pts',(-137.140739889465,32.4053525224294,7.48072113763059));
#4834=CARTESIAN_POINT('Ctrl Pts',(-136.968650249143,31.6426078065176,6.24434588273323));
#4835=CARTESIAN_POINT('Ctrl Pts',(-136.775526267257,31.9130579425953,4.92867053794189));
#4836=CARTESIAN_POINT('Ctrl Pts',(-136.618068972933,32.5465193892549,4.16403946258295));
#4837=CARTESIAN_POINT('Ctrl Pts',(-136.448263194411,33.4755811733681,3.79658327397143));
#4838=CARTESIAN_POINT('Ctrl Pts',(-136.269823960297,34.4613466652229,3.92081472313235));
#4839=CARTESIAN_POINT('Ctrl Pts',(-136.088342274538,35.2670273537988,4.50381626211956));
#4840=CARTESIAN_POINT('Ctrl Pts',(-135.910275021898,35.6925022380152,5.40291684483432));
#4841=CARTESIAN_POINT('Ctrl Pts',(-135.741187024529,35.6337737998957,6.39744130461488));
#4842=CARTESIAN_POINT('Ctrl Pts',(-135.584479862681,35.1034966140187,7.24372538235436));
#4843=CARTESIAN_POINT('Ctrl Pts',(-135.440467254214,34.232817889719,7.73381368645639));
#4844=CARTESIAN_POINT('Ctrl Pts',(-135.306516965955,33.2283844134549,7.74739910892573));
#4845=CARTESIAN_POINT('Ctrl Pts',(-135.177150492516,32.3470577860302,7.28129335194926));
#4846=CARTESIAN_POINT('Ctrl Pts',(-135.003060781469,31.5910912650682,6.16789802545094));
#4847=CARTESIAN_POINT('Ctrl Pts',(-134.812558627023,31.821235184362,4.7358502530483));
#4848=CARTESIAN_POINT('Ctrl Pts',(-134.594844924454,32.8839206601698,3.9205330849499));
#4849=CARTESIAN_POINT('Ctrl Pts',(-134.420904647252,33.8608430004961,3.75899545378287));
#4850=CARTESIAN_POINT('Ctrl Pts',(-134.240308552181,34.8010387692279,4.09130678156478));
#4851=CARTESIAN_POINT('Ctrl Pts',(-134.059553455037,35.4621272689652,4.83245265690599));
#4852=CARTESIAN_POINT('Ctrl Pts',(-133.884738278589,35.6867598417072,5.80246689907879));
#4853=CARTESIAN_POINT('Ctrl Pts',(-133.720708540847,35.4171562945199,6.76242880138546));
#4854=CARTESIAN_POINT('Ctrl Pts',(-133.569588132752,34.7192371258922,7.47740442175232));
#4855=CARTESIAN_POINT('Ctrl Pts',(-133.430390887449,33.7621107126484,7.77148081428051));
#4856=CARTESIAN_POINT('Ctrl Pts',(-133.299130391542,32.7810294431326,7.57334489380419));
#4857=CARTESIAN_POINT('Ctrl Pts',(-133.17008315319,32.0108977816319,6.92738987532669));
#4858=CARTESIAN_POINT('Ctrl Pts',(-133.036528593498,31.6478718701118,5.99943392136395));
#4859=CARTESIAN_POINT('Ctrl Pts',(-132.846180153348,31.8026117205244,4.66479359101172));
#4860=CARTESIAN_POINT('Ctrl Pts',(-132.629206626024,32.9110431136785,3.73510522817671));
#4861=CARTESIAN_POINT('Ctrl Pts',(-132.392137208443,34.2446655087791,3.81690473862409));
#4862=CARTESIAN_POINT('Ctrl Pts',(-132.210844429321,35.0861896022389,4.33622835036276));
#4863=CARTESIAN_POINT('Ctrl Pts',(-132.031839871355,35.5766011765455,5.20482935639606));
#4864=CARTESIAN_POINT('Ctrl Pts',(-131.861228437482,35.5884386436265,6.19969579525511));
#4865=CARTESIAN_POINT('Ctrl Pts',(-131.702637640329,35.1206581518848,7.08172648592073));
#4866=CARTESIAN_POINT('Ctrl Pts',(-131.556934591481,34.2860459899678,7.63246402970746));
#4867=CARTESIAN_POINT('Ctrl Pts',(-131.421764728131,33.288238453202,7.71748113983338));
#4868=CARTESIAN_POINT('Ctrl Pts',(-131.292235879672,32.3701881346151,7.31454980742553));
#4869=CARTESIAN_POINT('Ctrl Pts',(-131.162008867788,31.756331609593,6.52383575657407));
#4870=CARTESIAN_POINT('Ctrl Pts',(-131.025064872607,31.595079989461,5.53274640193258));
#4871=CARTESIAN_POINT('Ctrl Pts',(-130.876724250234,31.9260615150386,4.59510405285234));
#4872=CARTESIAN_POINT('Ctrl Pts',(-130.661983132666,32.9137415272901,3.689667027298));
#4873=CARTESIAN_POINT('Ctrl Pts',(-130.423410661895,34.3568150543645,3.71496700199957));
#4874=CARTESIAN_POINT('Ctrl Pts',(-130.181674818237,35.307723032501,4.65239943147844));
#4875=CARTESIAN_POINT('Ctrl Pts',(-130.00575172159,35.6011318976205,5.59775078845466));
#4876=CARTESIAN_POINT('Ctrl Pts',(-129.839943087172,35.4005610599225,6.57718566944136));
#4877=CARTESIAN_POINT('Ctrl Pts',(-129.686979654684,34.7557331368378,7.33863609957714));
#4878=CARTESIAN_POINT('Ctrl Pts',(-129.546245483799,33.8224190017192,7.7006670205906));
#4879=CARTESIAN_POINT('Ctrl Pts',(-129.414205694533,32.8288752345832,7.5720009821192));
#4880=CARTESIAN_POINT('Ctrl Pts',(-129.285177477062,32.0169774083356,6.98438516648836));
#4881=CARTESIAN_POINT('Ctrl Pts',(-129.152752484928,31.5848398153103,6.08013496420389));
#4882=CARTESIAN_POINT('Ctrl Pts',(-129.011335472106,31.6364456965117,5.08196374484402));
#4883=CARTESIAN_POINT('Ctrl Pts',(-128.85755248285,32.1612139838847,4.22874468805581));
#4884=CARTESIAN_POINT('Ctrl Pts',(-128.691050831165,33.0228863336159,3.73831134484696));
#4885=CARTESIAN_POINT('Ctrl Pts',(-128.455698918104,34.3588485854635,3.70286026581663));
#4886=CARTESIAN_POINT('Ctrl Pts',(-128.210951064639,35.4294453653998,4.6692637814504));
#4887=CARTESIAN_POINT('Ctrl Pts',(-127.981517592529,35.5309447859015,6.00286965580094));
#4888=CARTESIAN_POINT('Ctrl Pts',(-127.821063359365,35.1312743986999,6.91129686979406));
#4889=CARTESIAN_POINT('Ctrl Pts',(-127.673608629744,34.336072086633,7.52197444941549));
#4890=CARTESIAN_POINT('Ctrl Pts',(-127.537176868788,33.3479382045611,7.67688112075731));
#4891=CARTESIAN_POINT('Ctrl Pts',(-127.407207829873,32.4033985154844,7.34094553506816));
#4892=CARTESIAN_POINT('Ctrl Pts',(-127.277494965135,31.7346066247211,6.5945245681874));
#4893=CARTESIAN_POINT('Ctrl Pts',(-127.141796199726,31.5036606578488,5.620301265879));
#4894=CARTESIAN_POINT('Ctrl Pts',(-126.99533180123,31.7667751233626,4.65506742549484));
#4895=CARTESIAN_POINT('Ctrl Pts',(-126.83595510379,32.4572493869107,3.93638077212398));
#4896=CARTESIAN_POINT('Ctrl Pts',(-126.664643016631,33.4095375001968,3.63568463201605));
#4897=CARTESIAN_POINT('Ctrl Pts',(-126.485427212061,34.3803244784499,3.83279575008502));
#4898=CARTESIAN_POINT('Ctrl Pts',(-126.243432869616,35.4074592091847,4.6785964750707));
#4899=CARTESIAN_POINT('Ctrl Pts',(-125.952535129373,35.6292163264244,6.48252432728098));
#4900=CARTESIAN_POINT('Ctrl Pts',(-125.657158287583,33.9313660931588,7.88820409443412));
#4901=CARTESIAN_POINT('Ctrl Pts',(-125.444184463975,32.1869190975508,7.32970751409798));
#4902=CARTESIAN_POINT('Ctrl Pts',(-125.268603815646,31.5382694126653,6.16205473973264));
#4903=CARTESIAN_POINT('Ctrl Pts',(-125.082491053622,31.4993329860957,4.82286575307154));
#4904=CARTESIAN_POINT('Ctrl Pts',(-124.870850168597,32.4663478054692,3.74129866905087));
#4905=CARTESIAN_POINT('Ctrl Pts',(-124.636693489055,33.7977043590113,3.63314742542179));
#4906=CARTESIAN_POINT('Ctrl Pts',(-124.455882737492,34.7052290619057,4.02631755110273));
#4907=CARTESIAN_POINT('Ctrl Pts',(-124.275512376562,35.314397738623,4.8160363373669));
#4908=CARTESIAN_POINT('Ctrl Pts',(-124.102037826375,35.4680647237118,5.79840363885519));
#4909=CARTESIAN_POINT('Ctrl Pts',(-123.939777589748,35.1307915544185,6.73757057309372));
#4910=CARTESIAN_POINT('Ctrl Pts',(-123.790501424516,34.3833245877149,7.40093403445089));
#4911=CARTESIAN_POINT('Ctrl Pts',(-123.652726585942,33.4080136476596,7.62662037656528));
#4912=CARTESIAN_POINT('Ctrl Pts',(-123.52220008586,32.4422333137822,7.35796840303489));
#4913=CARTESIAN_POINT('Ctrl Pts',(-123.392821980923,31.7223761668681,6.66221550190934));
#4914=CARTESIAN_POINT('Ctrl Pts',(-123.258379463938,31.4220287586789,5.70370947295179));
#4915=CARTESIAN_POINT('Ctrl Pts',(-123.11354856115,31.6165305732129,4.72804678472421));
#4916=CARTESIAN_POINT('Ctrl Pts',(-122.903776338883,32.4657603359299,3.69062318092659));
#4917=CARTESIAN_POINT('Ctrl Pts',(-122.668543208943,33.8982109919672,3.50960400877085));
#4918=CARTESIAN_POINT('Ctrl Pts',(-122.42633120424,34.9732779054471,4.30144123043228));
#4919=CARTESIAN_POINT('Ctrl Pts',(-122.248354220744,35.3985347289135,5.19486598677673));
#4920=CARTESIAN_POINT('Ctrl Pts',(-122.079224826972,35.3396671300293,6.19233460104888));
#4921=CARTESIAN_POINT('Ctrl Pts',(-121.922524192628,34.8100250382598,7.03727946362282));
#4922=CARTESIAN_POINT('Ctrl Pts',(-121.77853214272,33.9379831788318,7.52794945160139));
#4923=CARTESIAN_POINT('Ctrl Pts',(-121.644518787802,32.9364967056285,7.54151229728974));
#4924=CARTESIAN_POINT('Ctrl Pts',(-121.515280809985,32.0495080036272,7.07496404810476));
#4925=CARTESIAN_POINT('Ctrl Pts',(-121.384464428883,31.493375153384,6.24096698876352));
#4926=CARTESIAN_POINT('Ctrl Pts',(-121.246072675918,31.4027195647556,5.24515731514258));
#4927=CARTESIAN_POINT('Ctrl Pts',(-121.096012066878,31.8010584152123,4.32547159439011));
#4928=CARTESIAN_POINT('Ctrl Pts',(-120.932974436348,32.5845116056666,3.7169104101288));
#4929=CARTESIAN_POINT('Ctrl Pts',(-120.700885299797,33.9022913788264,3.49100586522197));
#4930=CARTESIAN_POINT('Ctrl Pts',(-120.455859966873,35.0999575254646,4.29448362116423));
#4931=CARTESIAN_POINT('Ctrl Pts',(-120.222790495808,35.3905959599305,5.59933981380888));
#4932=CARTESIAN_POINT('Ctrl Pts',(-120.058751186231,35.1245441676232,6.55486816715713));
#4933=CARTESIAN_POINT('Ctrl Pts',(-119.907642335323,34.4245920370041,7.27197832724118));
#4934=CARTESIAN_POINT('Ctrl Pts',(-119.768424891526,33.4688223746423,7.5654582652467));
#4935=CARTESIAN_POINT('Ctrl Pts',(-119.637201580408,32.4863303196527,7.36686930992971));
#4936=CARTESIAN_POINT('Ctrl Pts',(-119.508077273672,31.7184400158361,6.72282732673733));
#4937=CARTESIAN_POINT('Ctrl Pts',(-119.374669478247,31.3514259307266,5.79082855911444));
#4938=CARTESIAN_POINT('Ctrl Pts',(-119.231627659944,31.4749852313535,4.79774250739653));
#4939=CARTESIAN_POINT('Ctrl Pts',(-119.075987243741,32.0561821763723,3.98719097287924));
#4940=CARTESIAN_POINT('Ctrl Pts',(-118.907773790911,32.9569878950199,3.55444723438367));
#4941=CARTESIAN_POINT('Ctrl Pts',(-118.730333958698,33.9450425643345,3.60912777693957));
#4942=CARTESIAN_POINT('Ctrl Pts',(-118.488184326596,35.0854604392065,4.30357171832118));
#4943=CARTESIAN_POINT('Ctrl Pts',(-118.251942550171,35.4611052916306,5.69752253696521));
#4944=CARTESIAN_POINT('Ctrl Pts',(-118.040750924797,34.8231625522818,6.8764495576327));
#4945=CARTESIAN_POINT('Ctrl Pts',(-117.894943138818,33.9941368887268,7.42616168598663));
#4946=CARTESIAN_POINT('Ctrl Pts',(-117.759832140638,32.9933957118137,7.51146096306434));
#4947=CARTESIAN_POINT('Ctrl Pts',(-117.630266234628,32.0767610176736,7.10896732129866));
#4948=CARTESIAN_POINT('Ctrl Pts',(-117.500074868982,31.4621352315421,6.316986816485));
#4949=CARTESIAN_POINT('Ctrl Pts',(-117.363077451653,31.3013244163007,5.32881159379111));
#4950=CARTESIAN_POINT('Ctrl Pts',(-117.214830167729,31.6319398966447,4.38550102543828));
#4951=CARTESIAN_POINT('Ctrl Pts',(-117.053599469704,32.3732007783985,3.71730589236153));
#4952=CARTESIAN_POINT('Ctrl Pts',(-116.880901373546,33.3407033093091,3.48682413944351));
#4953=CARTESIAN_POINT('Ctrl Pts',(-116.700867999302,34.3022997899653,3.75127459646047));
#4954=CARTESIAN_POINT('Ctrl Pts',(-116.519865981966,35.010658645487,4.4413419025029));
#4955=CARTESIAN_POINT('Ctrl Pts',(-116.284826832364,35.4144438584849,5.71537324485465));
#4956=CARTESIAN_POINT('Ctrl Pts',(-116.07165359796,34.7823889256735,7.01732633576153));
#4957=CARTESIAN_POINT('Ctrl Pts',(-115.884387783686,33.5253249228967,7.49289270242653));
#4958=CARTESIAN_POINT('Ctrl Pts',(-115.752199256351,32.5366733848493,7.367110291486));
#4959=CARTESIAN_POINT('Ctrl Pts',(-115.623248456,31.7223743328469,6.77778644446722));
#4960=CARTESIAN_POINT('Ctrl Pts',(-115.490787650631,31.2910196897024,5.87479423794365));
#4961=CARTESIAN_POINT('Ctrl Pts',(-115.349387330878,31.3428736465414,4.8751618628151));
#4962=CARTESIAN_POINT('Ctrl Pts',(-115.195600665415,31.8660667943798,4.02443436650349));
#4963=CARTESIAN_POINT('Ctrl Pts',(-115.029093324863,32.7311741509415,3.52947654146669));
#4964=CARTESIAN_POINT('Ctrl Pts',(-114.852595587826,33.7263982964183,3.51144274674094));
#4965=CARTESIAN_POINT('Ctrl Pts',(-114.671363486173,34.6059488576066,3.97247783630297));
#4966=CARTESIAN_POINT('Ctrl Pts',(-114.491617154567,35.1569636552339,4.80379474382838));
#4967=CARTESIAN_POINT('Ctrl Pts',(-114.319633099132,35.2379610473827,5.79100687528031));
#4968=CARTESIAN_POINT('Ctrl Pts',(-114.105401933325,34.7056885173677,7.02073559445552));
#4969=CARTESIAN_POINT('Ctrl Pts',(-113.918313224048,33.3725175112116,7.59316113553978));
#4970=CARTESIAN_POINT('Ctrl Pts',(-113.745333407193,32.1082334196407,7.13152764440504));
#4971=CARTESIAN_POINT('Ctrl Pts',(-113.615498854107,31.4412813794299,6.39055203736511));
#4972=CARTESIAN_POINT('Ctrl Pts',(-113.479861334802,31.2095784868092,5.41334679557803));
#4973=CARTESIAN_POINT('Ctrl Pts',(-113.333373353731,31.4725892594073,4.44982501426603));
#4974=CARTESIAN_POINT('Ctrl Pts',(-113.173998763913,32.1639605115202,3.72971856342454));
#4975=CARTESIAN_POINT('Ctrl Pts',(-113.002708274784,33.1139455786918,3.43087642803363));
#4976=CARTESIAN_POINT('Ctrl Pts',(-112.82344036268,34.0893073856941,3.62491519356985));
#4977=CARTESIAN_POINT('Ctrl Pts',(-112.642055388896,34.850695206965,4.26470878964376));
#4978=CARTESIAN_POINT('Ctrl Pts',(-112.464981825159,35.2110008548985,5.19090121633268));
#4979=CARTESIAN_POINT('Ctrl Pts',(-112.297489279665,35.0806310261443,6.18184208572047));
#4980=CARTESIAN_POINT('Ctrl Pts',(-112.142698051092,34.4930679142651,6.98280160433551));
#4981=CARTESIAN_POINT('Ctrl Pts',(-111.952807652577,33.2825775644182,7.56597954532366));
#4982=CARTESIAN_POINT('Ctrl Pts',(-111.782077138804,31.8973699954913,7.12772254362884));
#4983=CARTESIAN_POINT('Ctrl Pts',(-111.606764783786,31.2412940092825,5.95287291926246));
#4984=CARTESIAN_POINT('Ctrl Pts',(-111.466869002129,31.2202163606841,4.9575278593216));
#4985=CARTESIAN_POINT('Ctrl Pts',(-111.314964314989,31.682664942099,4.06866334363863));
#4986=CARTESIAN_POINT('Ctrl Pts',(-111.150169169144,32.509928398489,3.51414972632055));
#4987=CARTESIAN_POINT('Ctrl Pts',(-110.974835439532,33.5014497550218,3.42419834239497));
#4988=CARTESIAN_POINT('Ctrl Pts',(-110.793877183966,34.4125264818626,3.82208273383985));
#4989=CARTESIAN_POINT('Ctrl Pts',(-110.613581735453,35.0200459206273,4.60918651617092));
#4990=CARTESIAN_POINT('Ctrl Pts',(-110.440076746498,35.1740270732063,5.59312431509162));
#4991=CARTESIAN_POINT('Ctrl Pts',(-110.277822814774,34.8374464464956,6.53088481836991));
#4992=CARTESIAN_POINT('Ctrl Pts',(-110.128564813923,34.0877460180742,7.19623071974581));
#4993=CARTESIAN_POINT('Ctrl Pts',(-109.990742566614,33.1170157368255,7.41852474715032));
#4994=CARTESIAN_POINT('Ctrl Pts',(-109.816835233341,31.8174574727828,7.0687443606167));
#4995=CARTESIAN_POINT('Ctrl Pts',(-109.644745593029,31.054712756641,5.83236910544209));
#4996=CARTESIAN_POINT('Ctrl Pts',(-109.451621611129,31.3251628930702,4.51669376107452));
#4997=CARTESIAN_POINT('Ctrl Pts',(-109.294164316834,31.9586243390094,3.75206268484682));
#4998=CARTESIAN_POINT('Ctrl Pts',(-109.124358538253,32.8876861245884,3.38460649800298));
#4999=CARTESIAN_POINT('Ctrl Pts',(-108.945919304263,33.873451613313,3.50883794338892));
#5000=CARTESIAN_POINT('Ctrl Pts',(-108.764437618265,34.6791323079331,4.09183948966538));
#5001=CARTESIAN_POINT('Ctrl Pts',(-108.586370366129,35.1046071794289,4.99094005703929));
#5002=CARTESIAN_POINT('Ctrl Pts',(-108.417282367788,35.045878765796,5.98546454635041));
#5003=CARTESIAN_POINT('Ctrl Pts',(-108.260575207985,34.5156015284324,6.83174856199736));
#5004=CARTESIAN_POINT('Ctrl Pts',(-108.116562595584,33.6449229031958,7.32183698556911));
#5005=CARTESIAN_POINT('Ctrl Pts',(-107.982612315577,32.6404892190894,7.3354221573814));
#5006=CARTESIAN_POINT('Ctrl Pts',(-107.853245826464,31.7591629864626,6.86931687652986));
#5007=CARTESIAN_POINT('Ctrl Pts',(-107.67915615313,31.0031955155638,5.755920404411));
#5008=CARTESIAN_POINT('Ctrl Pts',(-107.488653917155,31.2333414885134,4.32387510871009));
#5009=CARTESIAN_POINT('Ctrl Pts',(-107.270940339204,32.2960238252599,3.50855415491472));
#5010=CARTESIAN_POINT('Ctrl Pts',(-107.096999806519,33.2729526010453,3.34702428488851));
#5011=CARTESIAN_POINT('Ctrl Pts',(-106.916404231282,34.2131352754995,3.67931982101843));
#5012=CARTESIAN_POINT('Ctrl Pts',(-106.735648024004,34.8742517388467,4.42049942037315));
#5013=CARTESIAN_POINT('Ctrl Pts',(-106.560834991153,35.0988303156426,5.39044854362831));
#5014=CARTESIAN_POINT('Ctrl Pts',(-106.396800742023,34.8293404076721,6.35054749442359));
#5015=CARTESIAN_POINT('Ctrl Pts',(-106.245689018195,34.1312024874254,7.06525930111941));
#5016=CARTESIAN_POINT('Ctrl Pts',(-106.106473512656,33.1745360388376,7.35989040941036));
#5017=CARTESIAN_POINT('Ctrl Pts',(-105.975248154178,32.1925696781679,7.16068707182012));
#5018=CARTESIAN_POINT('Ctrl Pts',(-105.846127139751,31.4242963892715,6.51697325346832));
#5019=CARTESIAN_POINT('Ctrl Pts',(-105.712713423835,31.0577227153069,5.58473868471283));
#5020=CARTESIAN_POINT('Ctrl Pts',(-105.569683803526,31.180534529596,4.59191028510574));
#5021=CARTESIAN_POINT('Ctrl Pts',(-105.414020018235,31.7630965186158,3.7809607478065));
#5022=CARTESIAN_POINT('Ctrl Pts',(-105.245855570364,32.6610801734957,3.34899392323147));
#5023=CARTESIAN_POINT('Ctrl Pts',(-105.068322209727,33.6545044167744,3.40221519854367));
#5024=CARTESIAN_POINT('Ctrl Pts',(-104.88688816778,34.4995987106977,3.92581319878448));
#5025=CARTESIAN_POINT('Ctrl Pts',(-104.707958007537,34.9881303753088,4.79216250830147));
#5026=CARTESIAN_POINT('Ctrl Pts',(-104.537310241588,35.0008850576436,5.78812975645508));
#5027=CARTESIAN_POINT('Ctrl Pts',(-104.378739957951,34.5325881591421,6.66953682853869));
#5028=CARTESIAN_POINT('Ctrl Pts',(-104.233023511026,33.6983106132982,7.22068548443507));
#5029=CARTESIAN_POINT('Ctrl Pts',(-104.097867279221,32.7001638764244,7.30528253943564));
#5030=CARTESIAN_POINT('Ctrl Pts',(-104.011499907102,32.0885654499495,7.03702275497954));
#5031=CARTESIAN_POINT('Ctrl Pts',(-103.968212081921,31.8331531756259,6.83789710072921));
#5032=CARTESIAN_POINT('Ctrl Pts',(-145.010051158152,32.567354137726,7.64754209041908));
#5033=CARTESIAN_POINT('Ctrl Pts',(-144.967819347157,32.2802066516807,7.42366393162824));
#5034=CARTESIAN_POINT('Ctrl Pts',(-144.883098803644,31.8199613373534,6.83019762904474));
#5035=CARTESIAN_POINT('Ctrl Pts',(-144.748396435101,31.6389805083325,5.71858864549464));
#5036=CARTESIAN_POINT('Ctrl Pts',(-144.601010319602,32.0118276119828,4.65789707689584));
#5037=CARTESIAN_POINT('Ctrl Pts',(-144.439054513042,32.845357259696,3.90612549917082));
#5038=CARTESIAN_POINT('Ctrl Pts',(-144.264134714077,33.9356374719945,3.64779073104667));
#5039=CARTESIAN_POINT('Ctrl Pts',(-144.081089017828,35.0148527546537,3.94418689120602));
#5040=CARTESIAN_POINT('Ctrl Pts',(-143.896705847715,35.8178259265602,4.72348982874145));
#5041=CARTESIAN_POINT('Ctrl Pts',(-143.718107733078,36.1481683077608,5.79355429601475));
#5042=CARTESIAN_POINT('Ctrl Pts',(-143.551026597178,35.923056424331,6.89240675389861));
#5043=CARTESIAN_POINT('Ctrl Pts',(-143.398326990678,35.1979676540742,7.75089226180315));
#5044=CARTESIAN_POINT('Ctrl Pts',(-143.259417898868,34.1485138614273,8.15760930130746));
#5045=CARTESIAN_POINT('Ctrl Pts',(-143.130274021882,33.0310816669427,8.01366512533634));
#5046=CARTESIAN_POINT('Ctrl Pts',(-143.004525180479,32.118362037803,7.35242205237477));
#5047=CARTESIAN_POINT('Ctrl Pts',(-142.87495248329,31.6321388031128,6.33617729919468));
#5048=CARTESIAN_POINT('Ctrl Pts',(-142.735262825582,31.6915866814882,5.21225055026922));
#5049=CARTESIAN_POINT('Ctrl Pts',(-142.581668031778,32.2802691140705,4.25534350293146));
#5050=CARTESIAN_POINT('Ctrl Pts',(-142.413749346275,33.2540780376424,3.69887333139887));
#5051=CARTESIAN_POINT('Ctrl Pts',(-142.23459785355,34.3740200392427,3.67887330251067));
#5052=CARTESIAN_POINT('Ctrl Pts',(-142.050117361372,35.3639723482798,4.19780988865146));
#5053=CARTESIAN_POINT('Ctrl Pts',(-141.867310122639,35.9842279654401,5.13333072662312));
#5054=CARTESIAN_POINT('Ctrl Pts',(-141.693233953589,36.0757972946478,6.2442137209257));
#5055=CARTESIAN_POINT('Ctrl Pts',(-141.47809926941,35.4775478372717,7.62801704423693));
#5056=CARTESIAN_POINT('Ctrl Pts',(-141.293499080264,33.9783042513056,8.27238149648348));
#5057=CARTESIAN_POINT('Ctrl Pts',(-141.124770959739,32.5565648565146,7.75344926147774));
#5058=CARTESIAN_POINT('Ctrl Pts',(-140.998112446714,31.8066958457631,6.92014966581167));
#5059=CARTESIAN_POINT('Ctrl Pts',(-140.864926726219,31.5464199943772,5.82110547896212));
#5060=CARTESIAN_POINT('Ctrl Pts',(-140.719532851868,31.8427525196712,4.73746779812265));
#5061=CARTESIAN_POINT('Ctrl Pts',(-140.559643639291,32.6209244140595,3.92762773426715));
#5062=CARTESIAN_POINT('Ctrl Pts',(-140.386347576132,33.6900672127794,3.59176378650237));
#5063=CARTESIAN_POINT('Ctrl Pts',(-140.204078218933,34.7877546329748,3.81031018868295));
#5064=CARTESIAN_POINT('Ctrl Pts',(-140.019426842493,35.6446967837987,4.5303873328815));
#5065=CARTESIAN_POINT('Ctrl Pts',(-139.83962526049,36.0504824832998,5.57261206158965));
#5066=CARTESIAN_POINT('Ctrl Pts',(-139.670603202455,35.9042048279506,6.68769679104668));
#5067=CARTESIAN_POINT('Ctrl Pts',(-139.515868667732,35.2436470319438,7.58906030904749));
#5068=CARTESIAN_POINT('Ctrl Pts',(-139.328116658999,33.8824253285166,8.24550708401854));
#5069=CARTESIAN_POINT('Ctrl Pts',(-139.161919363793,32.3246378818317,7.75286260874976));
#5070=CARTESIAN_POINT('Ctrl Pts',(-138.990567263954,31.5871175031842,6.43157541033481));
#5071=CARTESIAN_POINT('Ctrl Pts',(-138.852589820522,31.5638449601276,5.31213082345485));
#5072=CARTESIAN_POINT('Ctrl Pts',(-138.701103995132,32.0844839040337,4.31244752591382));
#5073=CARTESIAN_POINT('Ctrl Pts',(-138.535114999416,33.0155730429646,3.68895437786097));
#5074=CARTESIAN_POINT('Ctrl Pts',(-138.357271700037,34.131431653895,3.58801691042985));
#5075=CARTESIAN_POINT('Ctrl Pts',(-138.173100163193,35.1567777410615,4.03595509408598));
#5076=CARTESIAN_POINT('Ctrl Pts',(-137.989674175848,35.84067154102,4.92170141634146));
#5077=CARTESIAN_POINT('Ctrl Pts',(-137.813888249527,36.0142791853836,6.02891266310415));
#5078=CARTESIAN_POINT('Ctrl Pts',(-137.650758030947,35.6360843768994,7.08417578462747));
#5079=CARTESIAN_POINT('Ctrl Pts',(-137.502249679736,34.7930776217344,7.83295107865904));
#5080=CARTESIAN_POINT('Ctrl Pts',(-137.366604944152,33.7014542432185,8.08333972528317));
#5081=CARTESIAN_POINT('Ctrl Pts',(-137.196833447288,32.2400375976851,7.69022811364049));
#5082=CARTESIAN_POINT('Ctrl Pts',(-137.02910714883,31.3825143918632,6.29970889839432));
#5083=CARTESIAN_POINT('Ctrl Pts',(-136.837717436432,31.6873151894047,4.8199913023633));
#5084=CARTESIAN_POINT('Ctrl Pts',(-136.679983650567,32.40037665386,3.96010818828409));
#5085=CARTESIAN_POINT('Ctrl Pts',(-136.508359191928,33.4459657493049,3.54698829131891));
#5086=CARTESIAN_POINT('Ctrl Pts',(-136.327021343496,34.5553420769078,3.68707321379638));
#5087=CARTESIAN_POINT('Ctrl Pts',(-136.142261070285,35.462157695436,4.34320287054859));
#5088=CARTESIAN_POINT('Ctrl Pts',(-135.961342518637,35.9411929279346,5.35498154868619));
#5089=CARTESIAN_POINT('Ctrl Pts',(-135.790524160167,35.8755786382998,6.47409647720983));
#5090=CARTESIAN_POINT('Ctrl Pts',(-135.633635765812,35.2794125581227,7.42642472292984));
#5091=CARTESIAN_POINT('Ctrl Pts',(-135.491026668917,34.3003539769321,7.97808583004655));
#5092=CARTESIAN_POINT('Ctrl Pts',(-135.359738987925,33.1707958961889,7.99363084958646));
#5093=CARTESIAN_POINT('Ctrl Pts',(-135.233607127789,32.1797341380743,7.46958608562642));
#5094=CARTESIAN_POINT('Ctrl Pts',(-135.063630340149,31.3298501655779,6.21742681574297));
#5095=CARTESIAN_POINT('Ctrl Pts',(-134.875190154658,31.589316355449,4.60677805189268));
#5096=CARTESIAN_POINT('Ctrl Pts',(-134.656137543759,32.7853672194249,3.68994873482322));
#5097=CARTESIAN_POINT('Ctrl Pts',(-134.479861011606,33.8847998132743,3.50853725512295));
#5098=CARTESIAN_POINT('Ctrl Pts',(-134.296097121337,34.9429361514314,3.88264670847748));
#5099=CARTESIAN_POINT('Ctrl Pts',(-134.112154620989,35.6870366416141,4.71673462596659));
#5100=CARTESIAN_POINT('Ctrl Pts',(-133.934893432167,35.940197320496,5.8082680393986));
#5101=CARTESIAN_POINT('Ctrl Pts',(-133.769767239681,35.6372808338103,6.88848899479991));
#5102=CARTESIAN_POINT('Ctrl Pts',(-133.619161931085,34.8525793452902,7.69314046268912));
#5103=CARTESIAN_POINT('Ctrl Pts',(-133.481971690366,33.7762354326111,8.02422907699591));
#5104=CARTESIAN_POINT('Ctrl Pts',(-133.353708887863,32.6729522834525,7.80165777762849));
#5105=CARTESIAN_POINT('Ctrl Pts',(-133.227936528489,31.8070012155193,7.07523529577117));
#5106=CARTESIAN_POINT('Ctrl Pts',(-133.097093572324,31.3990038446896,6.03160996290946));
#5107=CARTESIAN_POINT('Ctrl Pts',(-132.908825975997,31.5736459284433,4.53055927523998));
#5108=CARTESIAN_POINT('Ctrl Pts',(-132.690605771131,32.8211763985235,3.48505962622215));
#5109=CARTESIAN_POINT('Ctrl Pts',(-132.44977832526,34.3220298028433,3.57746586115588));
#5110=CARTESIAN_POINT('Ctrl Pts',(-132.26523079031,35.2691280224157,4.16200220647526));
#5111=CARTESIAN_POINT('Ctrl Pts',(-132.083256792714,35.8212793556751,5.13944475208286));
#5112=CARTESIAN_POINT('Ctrl Pts',(-131.910726215931,35.8349785398989,6.25893953521112));
#5113=CARTESIAN_POINT('Ctrl Pts',(-131.751716860608,35.3091833263496,7.25151823202184));
#5114=CARTESIAN_POINT('Ctrl Pts',(-131.607207820354,34.3706583364576,7.87134913676271));
#5115=CARTESIAN_POINT('Ctrl Pts',(-131.474546890562,33.2485652485668,7.96732074533544));
#5116=CARTESIAN_POINT('Ctrl Pts',(-131.348232860331,32.2162066753723,7.51428918665686));
#5117=CARTESIAN_POINT('Ctrl Pts',(-131.221133347902,31.5260219701908,6.62506827839919));
#5118=CARTESIAN_POINT('Ctrl Pts',(-131.08647672224,31.3450640032847,5.51039282428822));
#5119=CARTESIAN_POINT('Ctrl Pts',(-130.939000072988,31.7178063370908,4.45585531445708));
#5120=CARTESIAN_POINT('Ctrl Pts',(-130.723291225681,32.8294860096258,3.43765311885947));
#5121=CARTESIAN_POINT('Ctrl Pts',(-130.48077243391,34.4534854024907,3.46650542454783));
#5122=CARTESIAN_POINT('Ctrl Pts',(-130.234695242023,35.5237975205193,4.52148205800608));
#5123=CARTESIAN_POINT('Ctrl Pts',(-130.056188839662,35.8542713338861,5.58527625485569));
#5124=CARTESIAN_POINT('Ctrl Pts',(-129.889059694972,35.6290795198094,6.68742690458292));
#5125=CARTESIAN_POINT('Ctrl Pts',(-129.736382882807,34.9040535902668,7.54431092904689));
#5126=CARTESIAN_POINT('Ctrl Pts',(-129.597462073989,33.8545221461691,7.95191589557882));
#5127=CARTESIAN_POINT('Ctrl Pts',(-129.46832348242,32.7372271679586,7.80742536112254));
#5128=CARTESIAN_POINT('Ctrl Pts',(-129.342572416428,31.8242541560125,7.14669141141736));
#5129=CARTESIAN_POINT('Ctrl Pts',(-129.212999614634,31.3385572347193,6.12970254142096));
#5130=CARTESIAN_POINT('Ctrl Pts',(-129.073312121347,31.3969950127157,5.00707366325089));
#5131=CARTESIAN_POINT('Ctrl Pts',(-128.919711609829,31.9877965875215,4.04752179952823));
#5132=CARTESIAN_POINT('Ctrl Pts',(-128.751804249949,32.9575618086431,3.49607087299252));
#5133=CARTESIAN_POINT('Ctrl Pts',(-128.51290876871,34.461047241809,3.45658575594665));
#5134=CARTESIAN_POINT('Ctrl Pts',(-128.263442735584,35.6660141640829,4.5441697664127));
#5135=CARTESIAN_POINT('Ctrl Pts',(-128.031205342066,35.7807619425301,6.04483708934356));
#5136=CARTESIAN_POINT('Ctrl Pts',(-127.870101211709,35.3315408386255,7.06707739329642));
#5137=CARTESIAN_POINT('Ctrl Pts',(-127.723619948438,34.4373846473196,7.75439908438378));
#5138=CARTESIAN_POINT('Ctrl Pts',(-127.589540606158,33.3261688375402,7.92892334785015));
#5139=CARTESIAN_POINT('Ctrl Pts',(-127.462730925262,32.2639834223182,7.55132847893115));
#5140=CARTESIAN_POINT('Ctrl Pts',(-127.336209410499,31.5120504777202,6.71188787939618));
#5141=CARTESIAN_POINT('Ctrl Pts',(-127.202954736821,31.2526227655419,5.61620663295874));
#5142=CARTESIAN_POINT('Ctrl Pts',(-127.057587415792,31.5490742885842,4.53063802141538));
#5143=CARTESIAN_POINT('Ctrl Pts',(-126.897695823093,32.3262345340759,3.72239944973118));
#5144=CARTESIAN_POINT('Ctrl Pts',(-126.72437546024,33.3979723995878,3.3844439656811));
#5145=CARTESIAN_POINT('Ctrl Pts',(-126.542164735639,34.4905057122305,3.60645658944737));
#5146=CARTESIAN_POINT('Ctrl Pts',(-126.295796765707,35.6465577874292,4.55836696488925));
#5147=CARTESIAN_POINT('Ctrl Pts',(-126.000880771437,35.8967410178166,6.5882367242446));
#5148=CARTESIAN_POINT('Ctrl Pts',(-125.707393905506,33.987519878786,8.17019436191404));
#5149=CARTESIAN_POINT('Ctrl Pts',(-125.500141422173,32.0257437212995,7.54236713161378));
#5150=CARTESIAN_POINT('Ctrl Pts',(-125.3284873528,31.2965812358345,6.22918093042311));
#5151=CARTESIAN_POINT('Ctrl Pts',(-125.144984875581,31.2533351426168,4.72301762561299));
#5152=CARTESIAN_POINT('Ctrl Pts',(-124.932763798851,32.3417777393916,3.50665244255985));
#5153=CARTESIAN_POINT('Ctrl Pts',(-124.695213158171,33.840079192178,3.38536985369126));
#5154=CARTESIAN_POINT('Ctrl Pts',(-124.511207802916,34.8614299311666,3.8279876295395));
#5155=CARTESIAN_POINT('Ctrl Pts',(-124.327697406163,35.5471786348409,4.71668534606701));
#5156=CARTESIAN_POINT('Ctrl Pts',(-124.151945803298,35.7204333832634,5.82212371362396));
#5157=CARTESIAN_POINT('Ctrl Pts',(-123.988808420243,35.3414586155338,6.87897502079318));
#5158=CARTESIAN_POINT('Ctrl Pts',(-123.840279734954,34.5009661650132,7.62551101185591));
#5159=CARTESIAN_POINT('Ctrl Pts',(-123.704688161225,33.40418643699,7.87973192029107));
#5160=CARTESIAN_POINT('Ctrl Pts',(-123.577251921676,32.3181275425544,7.57776055940575));
#5161=CARTESIAN_POINT('Ctrl Pts',(-123.45110728162,31.5086979332813,6.79537248634903));
#5162=CARTESIAN_POINT('Ctrl Pts',(-123.319264874163,31.1712579412427,5.71734855944487));
#5163=CARTESIAN_POINT('Ctrl Pts',(-123.175736538919,31.3904633920363,4.62004217763165));
#5164=CARTESIAN_POINT('Ctrl Pts',(-122.965617587753,32.346390169354,3.45335726033698));
#5165=CARTESIAN_POINT('Ctrl Pts',(-122.726855519716,33.9584389422222,3.25010267044734));
#5166=CARTESIAN_POINT('Ctrl Pts',(-122.480242681274,35.168426471128,4.14128723848067));
#5167=CARTESIAN_POINT('Ctrl Pts',(-122.299425642667,35.6472268706463,5.14666828543535));
#5168=CARTESIAN_POINT('Ctrl Pts',(-122.128560739329,35.5814499869286,6.269102274282));
#5169=CARTESIAN_POINT('Ctrl Pts',(-121.971679663768,34.9860025041893,7.21991966321596));
#5170=CARTESIAN_POINT('Ctrl Pts',(-121.829093730399,34.0054059972184,7.77223911080997));
#5171=CARTESIAN_POINT('Ctrl Pts',(-121.697735033113,32.879170414129,7.78775296966421));
#5172=CARTESIAN_POINT('Ctrl Pts',(-121.571747853816,31.8817260918556,7.26322039278528));
#5173=CARTESIAN_POINT('Ctrl Pts',(-121.443984834749,31.256534098996,6.32526056806272));
#5174=CARTESIAN_POINT('Ctrl Pts',(-121.307700611321,31.1549311011685,5.20529339019174));
#5175=CARTESIAN_POINT('Ctrl Pts',(-121.158287745706,31.6035031985438,4.17096344818047));
#5176=CARTESIAN_POINT('Ctrl Pts',(-120.994277347416,32.485271351643,3.48662355973428));
#5177=CARTESIAN_POINT('Ctrl Pts',(-120.759052400631,33.9683028149117,3.23288232260345));
#5178=CARTESIAN_POINT('Ctrl Pts',(-120.509274206003,35.3162214552608,4.13717654472588));
#5179=CARTESIAN_POINT('Ctrl Pts',(-120.27294640912,35.6437463947159,5.60550018027158));
#5180=CARTESIAN_POINT('Ctrl Pts',(-120.107809141166,35.3448416256732,6.68073094198234));
#5181=CARTESIAN_POINT('Ctrl Pts',(-119.957217010717,34.5578439835673,7.487785018338));
#5182=CARTESIAN_POINT('Ctrl Pts',(-119.820003927718,33.4830323019823,7.81820211233266));
#5183=CARTESIAN_POINT('Ctrl Pts',(-119.691783083661,32.3781561118704,7.59512125096755));
#5184=CARTESIAN_POINT('Ctrl Pts',(-119.565923820823,31.5147357229045,6.87085124073982));
#5185=CARTESIAN_POINT('Ctrl Pts',(-119.435246333988,31.1022354967748,5.82267695765715));
#5186=CARTESIAN_POINT('Ctrl Pts',(-119.293729412005,31.241691165555,4.70576956298601));
#5187=CARTESIAN_POINT('Ctrl Pts',(-119.138041058604,31.8959132403159,3.79418980754153));
#5188=CARTESIAN_POINT('Ctrl Pts',(-118.968206560545,32.9097392086664,3.30767905765798));
#5189=CARTESIAN_POINT('Ctrl Pts',(-118.787993822821,34.0216931474446,3.3694639779097));
#5190=CARTESIAN_POINT('Ctrl Pts',(-118.54145114528,35.3051918340114,4.15109403230208));
#5191=CARTESIAN_POINT('Ctrl Pts',(-118.301554360426,35.7283450614893,5.71966431328356));
#5192=CARTESIAN_POINT('Ctrl Pts',(-118.08983861214,35.0112356389145,7.04632486903236));
#5193=CARTESIAN_POINT('Ctrl Pts',(-117.945211318099,34.079009148239,7.66501080314932));
#5194=CARTESIAN_POINT('Ctrl Pts',(-117.812616852031,32.9536080421229,7.76129485429856));
#5195=CARTESIAN_POINT('Ctrl Pts',(-117.686260976871,31.9228468270569,7.3087591680223));
#5196=CARTESIAN_POINT('Ctrl Pts',(-117.559201721097,31.2317921730281,6.41810970740337));
#5197=CARTESIAN_POINT('Ctrl Pts',(-117.424484757206,31.0513368250023,5.30671887747545));
#5198=CARTESIAN_POINT('Ctrl Pts',(-117.277113533872,31.4236556623398,4.24579344383945));
#5199=CARTESIAN_POINT('Ctrl Pts',(-117.115134353302,32.2580030335693,3.49440522180126));
#5200=CARTESIAN_POINT('Ctrl Pts',(-116.940256270573,33.3468303951557,3.2353769031426));
#5201=CARTESIAN_POINT('Ctrl Pts',(-116.757124944422,34.4290236400887,3.53320278950667));
#5202=CARTESIAN_POINT('Ctrl Pts',(-116.572904450526,35.2263411732938,4.30978706055864));
#5203=CARTESIAN_POINT('Ctrl Pts',(-116.334361026714,35.6811412212519,5.74343683073653));
#5204=CARTESIAN_POINT('Ctrl Pts',(-116.120416111886,34.9706426631826,7.20851062412955));
#5205=CARTESIAN_POINT('Ctrl Pts',(-115.935616412094,33.5570317811132,7.74390866040676));
#5206=CARTESIAN_POINT('Ctrl Pts',(-115.806310155697,32.4452452574631,7.60267768979684));
#5207=CARTESIAN_POINT('Ctrl Pts',(-115.68064637103,31.5295683400787,6.94001340316479));
#5208=CARTESIAN_POINT('Ctrl Pts',(-115.551033163762,31.0447535769329,5.92444553297447));
#5209=CARTESIAN_POINT('Ctrl Pts',(-115.411364558352,31.1034695001309,4.80016702119054));
#5210=CARTESIAN_POINT('Ctrl Pts',(-115.257759752423,31.6925000385382,3.84342726647237));
#5211=CARTESIAN_POINT('Ctrl Pts',(-115.089846268116,32.6661281247138,3.28687018814441));
#5212=CARTESIAN_POINT('Ctrl Pts',(-114.91069230403,33.7861560516363,3.26691145322823));
#5213=CARTESIAN_POINT('Ctrl Pts',(-114.726213091729,34.7760638613661,3.78582665390194));
#5214=CARTESIAN_POINT('Ctrl Pts',(-114.543405253679,35.3963403158319,4.72135750586124));
#5215=CARTESIAN_POINT('Ctrl Pts',(-114.369329379176,35.4878994041058,5.83223557857813));
#5216=CARTESIAN_POINT('Ctrl Pts',(-114.154194551324,34.8896549420098,7.21604130251995));
#5217=CARTESIAN_POINT('Ctrl Pts',(-113.969594456172,33.390408088001,7.86040418421132));
#5218=CARTESIAN_POINT('Ctrl Pts',(-113.80086629217,31.9686702048725,7.34147267567993));
#5219=CARTESIAN_POINT('Ctrl Pts',(-113.674207797214,31.2188005658674,6.50817277808791));
#5220=CARTESIAN_POINT('Ctrl Pts',(-113.541022067206,30.9585250452271,5.40912875018794));
#5221=CARTESIAN_POINT('Ctrl Pts',(-113.395628197389,31.254857412879,4.32549099358894));
#5222=CARTESIAN_POINT('Ctrl Pts',(-113.235738982455,32.0330293891993,3.51565096910829));
#5223=CARTESIAN_POINT('Ctrl Pts',(-113.062442920418,33.1021721489533,3.17978700261725));
#5224=CARTESIAN_POINT('Ctrl Pts',(-112.880173562636,34.1998595893911,3.39833341452596));
#5225=CARTESIAN_POINT('Ctrl Pts',(-112.695522186473,35.0568017305968,4.11841055410216));
#5226=CARTESIAN_POINT('Ctrl Pts',(-112.515720604326,35.462587435079,5.16063528520417));
#5227=CARTESIAN_POINT('Ctrl Pts',(-112.346698546358,35.3163097773973,6.27572001354025));
#5228=CARTESIAN_POINT('Ctrl Pts',(-112.191964011603,34.6557519825368,7.17708353209197));
#5229=CARTESIAN_POINT('Ctrl Pts',(-112.004212002886,33.2945302785505,7.83353030679427));
#5230=CARTESIAN_POINT('Ctrl Pts',(-111.83801470767,31.7367428322314,7.34088583170133));
#5231=CARTESIAN_POINT('Ctrl Pts',(-111.666662607836,30.9992224534146,6.01959863320499));
#5232=CARTESIAN_POINT('Ctrl Pts',(-111.528685164401,30.9759499104286,4.90015404635894));
#5233=CARTESIAN_POINT('Ctrl Pts',(-111.377199339012,31.4965888542973,3.90047074879989));
#5234=CARTESIAN_POINT('Ctrl Pts',(-111.211210343296,32.4276779932464,3.27697760075601));
#5235=CARTESIAN_POINT('Ctrl Pts',(-111.033367043917,33.5435366041667,3.17604013331957));
#5236=CARTESIAN_POINT('Ctrl Pts',(-110.849195507072,34.5688826913392,3.62397831697972));
#5237=CARTESIAN_POINT('Ctrl Pts',(-110.665769519728,35.2527764912924,4.50972463923042));
#5238=CARTESIAN_POINT('Ctrl Pts',(-110.489983593407,35.4263841356635,5.61693588600145));
#5239=CARTESIAN_POINT('Ctrl Pts',(-110.326853374827,35.0481893271663,6.67219900750944));
#5240=CARTESIAN_POINT('Ctrl Pts',(-110.178345023615,34.2051825720279,7.4209743015727));
#5241=CARTESIAN_POINT('Ctrl Pts',(-110.042700288033,33.1135591934619,7.67136294813678));
#5242=CARTESIAN_POINT('Ctrl Pts',(-109.872928791164,31.6521425480487,7.27825133663846));
#5243=CARTESIAN_POINT('Ctrl Pts',(-109.705202492716,30.794619341967,5.88773212108025));
#5244=CARTESIAN_POINT('Ctrl Pts',(-109.513812780303,31.0994201399054,4.40801452552614));
#5245=CARTESIAN_POINT('Ctrl Pts',(-109.35607899447,31.8124816035472,3.54813141046924));
#5246=CARTESIAN_POINT('Ctrl Pts',(-109.184454535766,32.8580707006473,3.13501151549339));
#5247=CARTESIAN_POINT('Ctrl Pts',(-109.003116687474,33.9674470247155,3.27509643372254));
#5248=CARTESIAN_POINT('Ctrl Pts',(-108.818356413992,34.8742626500691,3.93122609867801));
#5249=CARTESIAN_POINT('Ctrl Pts',(-108.637437862914,35.353297868203,4.94300475955113));
#5250=CARTESIAN_POINT('Ctrl Pts',(-108.466619503348,35.2876836062198,6.06211972130825));
#5251=CARTESIAN_POINT('Ctrl Pts',(-108.309731111297,34.6915174679009,7.01444789714979));
#5252=CARTESIAN_POINT('Ctrl Pts',(-108.167122009968,33.7124589985785,7.56610913871679));
#5253=CARTESIAN_POINT('Ctrl Pts',(-108.035834338279,32.5829006831268,7.58165387616923));
#5254=CARTESIAN_POINT('Ctrl Pts',(-107.909702460471,31.5918393708428,7.05760964803647));
#5255=CARTESIAN_POINT('Ctrl Pts',(-107.739725715351,30.7419543256179,5.80544908888057));
#5256=CARTESIAN_POINT('Ctrl Pts',(-107.551285437937,31.0014228346067,4.19480311229114));
#5257=CARTESIAN_POINT('Ctrl Pts',(-107.332232967544,32.1974701537564,3.27796953482775));
#5258=CARTESIAN_POINT('Ctrl Pts',(-107.155956147338,33.2969100149323,3.096566789455));
#5259=CARTESIAN_POINT('Ctrl Pts',(-106.972192843174,34.3550315662049,3.47065847100723));
#5260=CARTESIAN_POINT('Ctrl Pts',(-106.788249091162,35.0991636346603,4.30478434123877));
#5261=CARTESIAN_POINT('Ctrl Pts',(-106.610990319224,35.3522633379131,5.39624447034751));
#5262=CARTESIAN_POINT('Ctrl Pts',(-106.445859040193,35.0494751798009,6.47661965905156));
#5263=CARTESIAN_POINT('Ctrl Pts',(-106.295263523023,34.26452666315,7.28097423308918));
#5264=CARTESIAN_POINT('Ctrl Pts',(-106.158052694068,33.1887021715989,7.61268712017745));
#5265=CARTESIAN_POINT('Ctrl Pts',(-106.02982950867,32.0844195214703,7.38891455812614));
#5266=CARTESIAN_POINT('Ctrl Pts',(-105.903973967485,31.2205670499613,6.6650142996021));
#5267=CARTESIAN_POINT('Ctrl Pts',(-105.773289811385,30.8085633028098,5.61657386748023));
#5268=CARTESIAN_POINT('Ctrl Pts',(-105.631786615083,30.9471767185254,4.49995803590211));
#5269=CARTESIAN_POINT('Ctrl Pts',(-105.476071972126,31.602936697716,3.587927300937));
#5270=CARTESIAN_POINT('Ctrl Pts',(-105.306292599306,32.6135833637298,3.10229732732331));
#5271=CARTESIAN_POINT('Ctrl Pts',(-105.125974653997,33.7315865468309,3.16242769124567));
#5272=CARTESIAN_POINT('Ctrl Pts',(-104.941268027073,34.6826988668207,3.75178747389807));
#5273=CARTESIAN_POINT('Ctrl Pts',(-104.759377768333,35.2327383127282,4.72668981706843));
#5274=CARTESIAN_POINT('Ctrl Pts',(-104.586806406293,35.2474639712351,5.84742484811117));
#5275=CARTESIAN_POINT('Ctrl Pts',(-104.427819886159,34.7210978078632,6.83930377743827));
#5276=CARTESIAN_POINT('Ctrl Pts',(-104.283296331033,33.7829282884219,7.45959010506796));
#5277=CARTESIAN_POINT('Ctrl Pts',(-104.150649590624,32.6604956462176,7.55510516590512));
#5278=CARTESIAN_POINT('Ctrl Pts',(-104.066425984966,31.9726590491839,7.25345508354739));
#5279=CARTESIAN_POINT('Ctrl Pts',(-104.024194173971,31.6855115631386,7.02957692475654));
#5280=CARTESIAN_POINT('Ctrl Pts',(-145.158915031956,32.5265152302626,7.70625266392487));
#5281=CARTESIAN_POINT('Ctrl Pts',(-145.11700048398,32.2298333940207,7.47493800057876));
#5282=CARTESIAN_POINT('Ctrl Pts',(-145.032890595591,31.7547295897263,6.86217388771568));
#5283=CARTESIAN_POINT('Ctrl Pts',(-144.898868838066,31.5677391077769,5.71399996606881));
#5284=CARTESIAN_POINT('Ctrl Pts',(-144.751737362752,31.9530837386098,4.61858557007725));
#5285=CARTESIAN_POINT('Ctrl Pts',(-144.589564181758,32.8140539967722,3.84207308153039));
#5286=CARTESIAN_POINT('Ctrl Pts',(-144.413995251813,33.9403297599839,3.57542519145518));
#5287=CARTESIAN_POINT('Ctrl Pts',(-144.230036466079,35.0551674227421,3.88154750448683));
#5288=CARTESIAN_POINT('Ctrl Pts',(-144.044695505118,35.8845926643203,4.6866274895898));
#5289=CARTESIAN_POINT('Ctrl Pts',(-143.865328050017,36.2259989568971,5.79192929930037));
#5290=CARTESIAN_POINT('Ctrl Pts',(-143.697860096723,35.9935005560176,6.92697762903414));
#5291=CARTESIAN_POINT('Ctrl Pts',(-143.545241850791,35.2447493435153,7.81383353277278));
#5292=CARTESIAN_POINT('Ctrl Pts',(-143.406872217963,34.160858249107,8.2339139310189));
#5293=CARTESIAN_POINT('Ctrl Pts',(-143.27858568574,33.0067756355122,8.08540783135202));
#5294=CARTESIAN_POINT('Ctrl Pts',(-143.153806960652,32.0642063929504,7.40241856729583));
#5295=CARTESIAN_POINT('Ctrl Pts',(-143.025079920683,31.5620162492269,6.35287147464238));
#5296=CARTESIAN_POINT('Ctrl Pts',(-142.8858998112,31.6236251668181,5.19206567769635));
#5297=CARTESIAN_POINT('Ctrl Pts',(-142.732361978284,32.2316943534558,4.20371566725957));
#5298=CARTESIAN_POINT('Ctrl Pts',(-142.564024314007,33.2376874719461,3.62910662664947));
#5299=CARTESIAN_POINT('Ctrl Pts',(-142.38408839047,34.3945634029913,3.60842801202456));
#5300=CARTESIAN_POINT('Ctrl Pts',(-142.198646017844,35.4171462162639,4.14459619506765));
#5301=CARTESIAN_POINT('Ctrl Pts',(-142.014932154254,36.0579691785805,5.11089811449528));
#5302=CARTESIAN_POINT('Ctrl Pts',(-141.840237706962,36.1526025858968,6.2584152596069));
#5303=CARTESIAN_POINT('Ctrl Pts',(-141.624834980738,35.5348383794126,7.68784392083688));
#5304=CARTESIAN_POINT('Ctrl Pts',(-141.440970932716,33.9864688800654,8.35348780406764));
#5305=CARTESIAN_POINT('Ctrl Pts',(-141.273501737211,32.5181185265561,7.81757306980471));
#5306=CARTESIAN_POINT('Ctrl Pts',(-141.147784321998,31.7436420678592,6.9569712797507));
#5307=CARTESIAN_POINT('Ctrl Pts',(-141.015322366174,31.4750023824868,5.82185947675376));
#5308=CARTESIAN_POINT('Ctrl Pts',(-140.870255050711,31.7811011326232,4.70262663627991));
#5309=CARTESIAN_POINT('Ctrl Pts',(-140.710210720266,32.5850411031662,3.86630328693565));
#5310=CARTESIAN_POINT('Ctrl Pts',(-140.536323212105,33.6894255835388,3.51937603761787));
#5311=CARTESIAN_POINT('Ctrl Pts',(-140.353164198398,34.82330331537,3.74528398220038));
#5312=CARTESIAN_POINT('Ctrl Pts',(-140.167545816979,35.708596214522,4.48903985738004));
#5313=CARTESIAN_POINT('Ctrl Pts',(-139.986937963121,36.1277517480816,5.56566078705344));
#5314=CARTESIAN_POINT('Ctrl Pts',(-139.817461253303,35.9768588930713,6.71748573060958));
#5315=CARTESIAN_POINT('Ctrl Pts',(-139.66274521083,35.2946285043797,7.64854978072252));
#5316=CARTESIAN_POINT('Ctrl Pts',(-139.475625873324,33.8887880413281,8.32670675904733));
#5317=CARTESIAN_POINT('Ctrl Pts',(-139.310769525366,32.2799506598947,7.8179742148216));
#5318=CARTESIAN_POINT('Ctrl Pts',(-139.140589721101,31.5183338563765,6.45332165067057));
#5319=CARTESIAN_POINT('Ctrl Pts',(-139.003181843816,31.4943464908179,5.29712127722932));
#5320=CARTESIAN_POINT('Ctrl Pts',(-138.851817544764,32.0322827382142,4.26469445161552));
#5321=CARTESIAN_POINT('Ctrl Pts',(-138.6854775936,32.9940577495378,3.62068898407519));
#5322=CARTESIAN_POINT('Ctrl Pts',(-138.506889709515,34.1467259247178,3.51660765229683));
#5323=CARTESIAN_POINT('Ctrl Pts',(-138.321767517081,35.2059424820339,3.97926351254968));
#5324=CARTESIAN_POINT('Ctrl Pts',(-138.13741565116,35.912359191678,4.89427728749215));
#5325=CARTESIAN_POINT('Ctrl Pts',(-137.96095259606,36.0918824350218,6.03795673266075));
#5326=CARTESIAN_POINT('Ctrl Pts',(-137.797565543691,35.7012669634292,7.1279784840385));
#5327=CARTESIAN_POINT('Ctrl Pts',(-137.649276627951,34.8307163613788,7.90150531244964));
#5328=CARTESIAN_POINT('Ctrl Pts',(-137.514278113569,33.7032711096611,8.16015222892709));
#5329=CARTESIAN_POINT('Ctrl Pts',(-137.345730944702,32.1939278446902,7.75423018854428));
#5330=CARTESIAN_POINT('Ctrl Pts',(-137.17929534317,31.3083687183569,6.31811446903083));
#5331=CARTESIAN_POINT('Ctrl Pts',(-136.988418630706,31.6233587031346,4.78983264533374));
#5332=CARTESIAN_POINT('Ctrl Pts',(-136.830604645281,32.3599471809679,3.90169539116801));
#5333=CARTESIAN_POINT('Ctrl Pts',(-136.658440109188,33.4400449598783,3.47515129258224));
#5334=CARTESIAN_POINT('Ctrl Pts',(-136.476245232883,34.5860367374141,3.6198270226617));
#5335=CARTESIAN_POINT('Ctrl Pts',(-136.290514638455,35.5227219023328,4.2976880158848));
#5336=CARTESIAN_POINT('Ctrl Pts',(-136.108750616665,36.017710641157,5.34277575157109));
#5337=CARTESIAN_POINT('Ctrl Pts',(-135.937422450038,35.9499493980892,6.49876686733288));
#5338=CARTESIAN_POINT('Ctrl Pts',(-135.780477581082,35.334373992698,7.48253803300331));
#5339=CARTESIAN_POINT('Ctrl Pts',(-135.638286551993,34.3231717555833,8.05234057854546));
#5340=CARTESIAN_POINT('Ctrl Pts',(-135.507785199308,33.1565963734522,8.06855730715109));
#5341=CARTESIAN_POINT('Ctrl Pts',(-135.382611609721,32.133062477138,7.52729437892175));
#5342=CARTESIAN_POINT('Ctrl Pts',(-135.213852721579,31.2553562198028,6.23406195355425));
#5343=CARTESIAN_POINT('Ctrl Pts',(-135.026022476146,31.5234960744251,4.57058218127354));
#5344=CARTESIAN_POINT('Ctrl Pts',(-134.806572968634,32.7590443111103,3.62371344116675));
#5345=CARTESIAN_POINT('Ctrl Pts',(-134.629605648769,33.8947527881522,3.43635163933885));
#5346=CARTESIAN_POINT('Ctrl Pts',(-134.444903905549,34.9877516685013,3.82291395144489));
#5347=CARTESIAN_POINT('Ctrl Pts',(-134.26001696375,35.756510507694,4.68445319020358));
#5348=CARTESIAN_POINT('Ctrl Pts',(-134.082033719939,36.0180094162681,5.811977364559));
#5349=CARTESIAN_POINT('Ctrl Pts',(-133.916580255642,35.7053361706626,6.92782725549266));
#5350=CARTESIAN_POINT('Ctrl Pts',(-133.766130251027,34.8948666541706,7.75894959631299));
#5351=CARTESIAN_POINT('Ctrl Pts',(-133.629531777776,33.7832699639733,8.10109595895182));
#5352=CARTESIAN_POINT('Ctrl Pts',(-133.502157718194,32.6438223693575,7.87118679846639));
#5353=CARTESIAN_POINT('Ctrl Pts',(-133.377354457917,31.7494635287744,7.12102806991047));
#5354=CARTESIAN_POINT('Ctrl Pts',(-133.247313705668,31.3282064219012,6.0431192265601));
#5355=CARTESIAN_POINT('Ctrl Pts',(-133.059662635399,31.5087217652433,4.49279692808181));
#5356=CARTESIAN_POINT('Ctrl Pts',(-132.841073657485,32.7973983927226,3.4130397590633));
#5357=CARTESIAN_POINT('Ctrl Pts',(-132.59913330279,34.3477628550324,3.50860565931447));
#5358=CARTESIAN_POINT('Ctrl Pts',(-132.413621842359,35.3261650277911,4.11240223788992));
#5359=CARTESIAN_POINT('Ctrl Pts',(-132.230770358281,35.8965023804298,5.12209147051999));
#5360=CARTESIAN_POINT('Ctrl Pts',(-132.05766928692,35.910857188258,6.27848809477617));
#5361=CARTESIAN_POINT('Ctrl Pts',(-131.898538867315,35.3677956553996,7.30373545961311));
#5362=CARTESIAN_POINT('Ctrl Pts',(-131.75438062614,34.3985698263805,7.94411041253178));
#5363=CARTESIAN_POINT('Ctrl Pts',(-131.62246424634,33.2396753395795,8.04321653576739));
#5364=CARTESIAN_POINT('Ctrl Pts',(-131.497101146734,32.1734415483906,7.57545583432879));
#5365=CARTESIAN_POINT('Ctrl Pts',(-131.370926900667,31.4607379706112,6.65700231681269));
#5366=CARTESIAN_POINT('Ctrl Pts',(-131.236948739158,31.2738589809157,5.50577783695705));
#5367=CARTESIAN_POINT('Ctrl Pts',(-131.089726349894,31.65903137318,4.41663899447782));
#5368=CARTESIAN_POINT('Ctrl Pts',(-130.873731481699,32.8074107574208,3.36503595656889));
#5369=CARTESIAN_POINT('Ctrl Pts',(-130.630045349722,34.4849288674179,3.39493905837492));
#5370=CARTESIAN_POINT('Ctrl Pts',(-130.382682893707,35.5905795347377,4.48473094630011));
#5371=CARTESIAN_POINT('Ctrl Pts',(-130.203410306515,35.9320933635105,5.58358729146403));
#5372=CARTESIAN_POINT('Ctrl Pts',(-130.035892694706,35.6995271600393,6.72202592238993));
#5373=CARTESIAN_POINT('Ctrl Pts',(-129.883298021922,34.9508338560341,7.60723572710535));
#5374=CARTESIAN_POINT('Ctrl Pts',(-129.744916279535,33.8668661552539,8.02822859648897));
#5375=CARTESIAN_POINT('Ctrl Pts',(-129.61663519228,32.7129236438706,7.87916143811828));
#5376=CARTESIAN_POINT('Ctrl Pts',(-129.491854208999,31.7700933765557,7.1966944311757));
#5377=CARTESIAN_POINT('Ctrl Pts',(-129.36312697054,31.268446870075,6.14638472726246));
#5378=CARTESIAN_POINT('Ctrl Pts',(-129.223949273704,31.3290118358913,4.98690864397337));
#5379=CARTESIAN_POINT('Ctrl Pts',(-129.070405160968,31.9392715642787,3.99584921032544));
#5380=CARTESIAN_POINT('Ctrl Pts',(-128.902079911136,32.9410845407316,3.42638190055582));
#5381=CARTESIAN_POINT('Ctrl Pts',(-128.662135583009,34.4941683057078,3.38568307096744));
#5382=CARTESIAN_POINT('Ctrl Pts',(-128.41127389029,35.7388825478138,4.50911283267541));
#5383=CARTESIAN_POINT('Ctrl Pts',(-128.178206728299,35.85753348319,6.05924378838952));
#5384=CARTESIAN_POINT('Ctrl Pts',(-128.01690843911,35.3936953430989,7.11522012165242));
#5385=CARTESIAN_POINT('Ctrl Pts',(-127.870717487669,34.470206864872,7.82514467295754));
#5386=CARTESIAN_POINT('Ctrl Pts',(-127.737332808375,33.3225619679443,8.00558085900327));
#5387=CARTESIAN_POINT('Ctrl Pts',(-127.61145896163,32.2255929766822,7.61555434043673));
#5388=CARTESIAN_POINT('Ctrl Pts',(-127.485882824984,31.4489671514748,6.74864957330928));
#5389=CARTESIAN_POINT('Ctrl Pts',(-127.353349764709,31.1812135558404,5.61698923540494));
#5390=CARTESIAN_POINT('Ctrl Pts',(-127.208309824796,31.4874284465541,4.49577500800854));
#5391=CARTESIAN_POINT('Ctrl Pts',(-127.04826305418,32.2903306298764,3.661094433258));
#5392=CARTESIAN_POINT('Ctrl Pts',(-126.874350456522,33.3973840936489,3.31202255064282));
#5393=CARTESIAN_POINT('Ctrl Pts',(-126.69125196788,34.5259585999365,3.54148399393541));
#5394=CARTESIAN_POINT('Ctrl Pts',(-126.443589095219,35.7202058605458,4.52477244458737));
#5395=CARTESIAN_POINT('Ctrl Pts',(-126.147484505628,35.978759266848,6.62153014950607));
#5396=CARTESIAN_POINT('Ctrl Pts',(-125.85455707835,34.0069907133902,8.25563943282509));
#5397=CARTESIAN_POINT('Ctrl Pts',(-125.648997270805,31.9808897520531,7.60733949984996));
#5398=CARTESIAN_POINT('Ctrl Pts',(-125.478505957951,31.2278963738731,6.25104168312739));
#5399=CARTESIAN_POINT('Ctrl Pts',(-125.295776542999,31.1833745424374,4.69542636887933));
#5400=CARTESIAN_POINT('Ctrl Pts',(-125.083383958694,32.3077232729283,3.43919781834471));
#5401=CARTESIAN_POINT('Ctrl Pts',(-124.844828086619,33.8554597687143,3.31404178236685));
#5402=CARTESIAN_POINT('Ctrl Pts',(-124.659876885002,34.910547935356,3.77124812106263));
#5403=CARTESIAN_POINT('Ctrl Pts',(-124.475438197321,35.6188817861164,4.68928447340255));
#5404=CARTESIAN_POINT('Ctrl Pts',(-124.299010376858,35.7980390769652,5.83114923816744));
#5405=CARTESIAN_POINT('Ctrl Pts',(-124.135616118053,35.4066203287304,6.92279523240181));
#5406=CARTESIAN_POINT('Ctrl Pts',(-123.987305927639,34.5386621092977,7.69403372367958));
#5407=CARTESIAN_POINT('Ctrl Pts',(-123.85236278887,33.4058995834642,7.95659571804944));
#5408=CARTESIAN_POINT('Ctrl Pts',(-123.725840224433,32.2842129322181,7.64486703585348));
#5409=CARTESIAN_POINT('Ctrl Pts',(-123.600652608742,31.4483327973026,6.83675054799098));
#5410=CARTESIAN_POINT('Ctrl Pts',(-123.469580934284,31.0998309571974,5.72339397592556));
#5411=CARTESIAN_POINT('Ctrl Pts',(-123.326436846783,31.3264167983814,4.59007089490265));
#5412=CARTESIAN_POINT('Ctrl Pts',(-123.116215746086,32.3139185638794,3.3851031032447));
#5413=CARTESIAN_POINT('Ctrl Pts',(-122.876409801646,33.9790933009581,3.17527117163124));
#5414=CARTESIAN_POINT('Ctrl Pts',(-122.628494014911,35.2290154614441,4.09588522064064));
#5415=CARTESIAN_POINT('Ctrl Pts',(-122.446834947351,35.7237332899889,5.13439857463595));
#5416=CARTESIAN_POINT('Ctrl Pts',(-122.275458636767,35.6558204481361,6.29379911818589));
#5417=CARTESIAN_POINT('Ctrl Pts',(-122.118521393627,35.040976102447,7.27602128036608));
#5418=CARTESIAN_POINT('Ctrl Pts',(-121.976354193672,34.0281973341396,7.84649311093598));
#5419=CARTESIAN_POINT('Ctrl Pts',(-121.845779671897,32.865034300525,7.86269324262498));
#5420=CARTESIAN_POINT('Ctrl Pts',(-121.720755180974,31.834942676566,7.32089945424716));
#5421=CARTESIAN_POINT('Ctrl Pts',(-121.593896900234,31.1892212146079,6.35222962048159));
#5422=CARTESIAN_POINT('Ctrl Pts',(-121.458234634809,31.0844805654227,5.19548922547635));
#5423=CARTESIAN_POINT('Ctrl Pts',(-121.30901577542,31.5478301890117,4.12720435470287));
#5424=CARTESIAN_POINT('Ctrl Pts',(-121.144715630777,32.4587576843908,3.42047089513375));
#5425=CARTESIAN_POINT('Ctrl Pts',(-120.908562617685,33.9907122086863,3.15846892517602));
#5426=CARTESIAN_POINT('Ctrl Pts',(-120.657378504339,35.3830762392739,4.09258512942485));
#5427=CARTESIAN_POINT('Ctrl Pts',(-120.420086352851,35.7215033301494,5.6093110379432));
#5428=CARTESIAN_POINT('Ctrl Pts',(-120.254622280295,35.4129302800394,6.72001348924483));
#5429=CARTESIAN_POINT('Ctrl Pts',(-120.104185409632,34.6001137449944,7.55361395460398));
#5430=CARTESIAN_POINT('Ctrl Pts',(-119.967563665822,33.4900836799988,7.89506812125877));
#5431=CARTESIAN_POINT('Ctrl Pts',(-119.840232602925,32.3490067099977,7.66463238840857));
#5432=CARTESIAN_POINT('Ctrl Pts',(-119.715340130484,31.4572368980737,6.91669598781628));
#5433=CARTESIAN_POINT('Ctrl Pts',(-119.585469308927,31.0313727799191,5.8340909310028));
#5434=CARTESIAN_POINT('Ctrl Pts',(-119.444406224193,31.1754260830295,4.68052241114479));
#5435=CARTESIAN_POINT('Ctrl Pts',(-119.288700934825,31.8513560470552,3.73908853635572));
#5436=CARTESIAN_POINT('Ctrl Pts',(-119.11838894429,32.8985801187669,3.23658751442524));
#5437=CARTESIAN_POINT('Ctrl Pts',(-118.937354007321,34.047227970002,3.30054130523459));
#5438=CARTESIAN_POINT('Ctrl Pts',(-118.689510707943,35.3730988423533,4.10796812626457));
#5439=CARTESIAN_POINT('Ctrl Pts',(-118.448532754504,35.810305269327,5.72819166074756));
#5440=CARTESIAN_POINT('Ctrl Pts',(-118.236662333368,35.0697398104473,7.09858272474217));
#5441=CARTESIAN_POINT('Ctrl Pts',(-118.092383103394,34.106982291027,7.73775178258782));
#5442=CARTESIAN_POINT('Ctrl Pts',(-117.960534719609,32.9446919089353,7.83719412228224));
#5443=CARTESIAN_POINT('Ctrl Pts',(-117.835128820708,31.8800949999949,7.3699361892291));
#5444=CARTESIAN_POINT('Ctrl Pts',(-117.708995734985,31.1665051594634,6.45001746336541));
#5445=CARTESIAN_POINT('Ctrl Pts',(-117.574955898445,30.9801271332256,5.30216863184698));
#5446=CARTESIAN_POINT('Ctrl Pts',(-117.42784126062,31.3648937608659,4.20646232445714));
#5447=CARTESIAN_POINT('Ctrl Pts',(-117.265643316338,32.2267199215528,3.43037085198421));
#5448=CARTESIAN_POINT('Ctrl Pts',(-117.090117676905,33.3514963906499,3.16299127446798));
#5449=CARTESIAN_POINT('Ctrl Pts',(-116.906070615057,34.469393314164,3.47060280701567));
#5450=CARTESIAN_POINT('Ctrl Pts',(-116.720897114055,35.2930143225326,4.27285889518819));
#5451=CARTESIAN_POINT('Ctrl Pts',(-116.481315867753,35.7629368322051,5.75376118900706));
#5452=CARTESIAN_POINT('Ctrl Pts',(-116.267142686247,35.0292342829724,7.26708684896795));
#5453=CARTESIAN_POINT('Ctrl Pts',(-116.083073553178,33.5692674705755,7.82018123825927));
#5454=CARTESIAN_POINT('Ctrl Pts',(-115.954620199922,32.4210016040359,7.67443880213701));
#5455=CARTESIAN_POINT('Ctrl Pts',(-115.829928858208,31.4753854703568,6.99000187694902));
#5456=CARTESIAN_POINT('Ctrl Pts',(-115.701160200056,30.9746464681347,5.94114427062822));
#5457=CARTESIAN_POINT('Ctrl Pts',(-115.56200171873,31.0355012560068,4.77998016082858));
#5458=CARTESIAN_POINT('Ctrl Pts',(-115.408453599819,31.643929094297,3.79180055810733));
#5459=CARTESIAN_POINT('Ctrl Pts',(-115.240121279011,32.6497358969432,3.21710299243989));
#5460=CARTESIAN_POINT('Ctrl Pts',(-115.060182816512,33.8067003564081,3.19646644070814));
#5461=CARTESIAN_POINT('Ctrl Pts',(-114.874741758772,34.8292373222722,3.73261284007257));
#5462=CARTESIAN_POINT('Ctrl Pts',(-114.691027279472,35.470081753158,4.69892495995492));
#5463=CARTESIAN_POINT('Ctrl Pts',(-114.516333134784,35.5647046092926,5.84643709183769));
#5464=CARTESIAN_POINT('Ctrl Pts',(-114.300930260957,34.9469455494199,7.27586819839957));
#5465=CARTESIAN_POINT('Ctrl Pts',(-114.117066309501,33.3985726830252,7.94151048183038));
#5466=CARTESIAN_POINT('Ctrl Pts',(-113.949597069329,31.9302238869738,7.40559648756922));
#5467=CARTESIAN_POINT('Ctrl Pts',(-113.823879672679,31.1557467809905,6.54499438996721));
#5468=CARTESIAN_POINT('Ctrl Pts',(-113.691417707082,30.8871074363835,5.4098827488796));
#5469=CARTESIAN_POINT('Ctrl Pts',(-113.546350396277,31.1932060241022,4.29064983123551));
#5470=CARTESIAN_POINT('Ctrl Pts',(-113.386306063411,31.9971460790593,3.45432652199931));
#5471=CARTESIAN_POINT('Ctrl Pts',(-113.212418556401,33.1015305192854,3.10739925360656));
#5472=CARTESIAN_POINT('Ctrl Pts',(-113.029259542097,34.2354082719724,3.33330720809835));
#5473=CARTESIAN_POINT('Ctrl Pts',(-112.843641160962,35.1207011612147,4.0770630785696));
#5474=CARTESIAN_POINT('Ctrl Pts',(-112.663033306956,35.5398566999063,5.15368401068141));
#5475=CARTESIAN_POINT('Ctrl Pts',(-112.493556597207,35.3889638424929,6.30550895309573));
#5476=CARTESIAN_POINT('Ctrl Pts',(-112.3388405547,34.7067334549823,7.23657300376984));
#5477=CARTESIAN_POINT('Ctrl Pts',(-112.151721217212,33.3008929913547,7.91472998182091));
#5478=CARTESIAN_POINT('Ctrl Pts',(-111.986864869241,31.6920556102981,7.40599743777427));
#5479=CARTESIAN_POINT('Ctrl Pts',(-111.816685064983,30.9304388066057,6.04134487354035));
#5480=CARTESIAN_POINT('Ctrl Pts',(-111.679277187695,30.9064514411196,4.88514450013365));
#5481=CARTESIAN_POINT('Ctrl Pts',(-111.527912888644,31.4443876884775,3.85271767450149));
#5482=CARTESIAN_POINT('Ctrl Pts',(-111.36157293748,32.4061626998197,3.20871220697031));
#5483=CARTESIAN_POINT('Ctrl Pts',(-111.182985053395,33.5588308749895,3.1046308751865));
#5484=CARTESIAN_POINT('Ctrl Pts',(-110.997862860961,34.6180474323118,3.56728673544348));
#5485=CARTESIAN_POINT('Ctrl Pts',(-110.81351099504,35.3244641419504,4.48230051038104));
#5486=CARTESIAN_POINT('Ctrl Pts',(-110.637047939939,35.5039873853018,5.62597995555822));
#5487=CARTESIAN_POINT('Ctrl Pts',(-110.473660887571,35.1133719136959,6.71600170692017));
#5488=CARTESIAN_POINT('Ctrl Pts',(-110.32537197183,34.2428213116726,7.48952853536399));
#5489=CARTESIAN_POINT('Ctrl Pts',(-110.19037345745,33.1153760599038,7.74817545177951));
#5490=CARTESIAN_POINT('Ctrl Pts',(-110.021826288579,31.6060327950556,7.34225341154564));
#5491=CARTESIAN_POINT('Ctrl Pts',(-109.855390687057,30.7204736684569,5.9061376917102));
#5492=CARTESIAN_POINT('Ctrl Pts',(-109.664513974577,31.0354636536404,4.37785586850524));
#5493=CARTESIAN_POINT('Ctrl Pts',(-109.506699989185,31.7720521306419,3.48971861333062));
#5494=CARTESIAN_POINT('Ctrl Pts',(-109.334535453025,32.8521499112449,3.06317451679764));
#5495=CARTESIAN_POINT('Ctrl Pts',(-109.152340576864,33.998141685166,3.20785024249326));
#5496=CARTESIAN_POINT('Ctrl Pts',(-108.966609982158,34.9348268570645,3.8857112441813));
#5497=CARTESIAN_POINT('Ctrl Pts',(-108.784845960952,35.4298155811989,4.93079896205242));
#5498=CARTESIAN_POINT('Ctrl Pts',(-108.613517793199,35.3620543664084,6.08679011210773));
#5499=CARTESIAN_POINT('Ctrl Pts',(-108.45657292661,34.7464789015599,7.07056120567078));
#5500=CARTESIAN_POINT('Ctrl Pts',(-108.314381892967,33.7352767788446,7.64036388995178));
#5501=CARTESIAN_POINT('Ctrl Pts',(-108.183880549836,32.5687011566942,7.65658032747219));
#5502=CARTESIAN_POINT('Ctrl Pts',(-108.058706942103,31.5451677162987,7.1153179521614));
#5503=CARTESIAN_POINT('Ctrl Pts',(-107.889948097622,30.6674603619619,5.8220841963976));
#5504=CARTESIAN_POINT('Ctrl Pts',(-107.702117757798,30.9356025881772,4.15860730028285));
#5505=CARTESIAN_POINT('Ctrl Pts',(-107.482668394567,32.1711471998266,3.2117341638886));
#5506=CARTESIAN_POINT('Ctrl Pts',(-107.305700778908,33.3068631086342,3.02438137498653));
#5507=CARTESIAN_POINT('Ctrl Pts',(-107.12099963754,34.3998468675133,3.41092534842417));
#5508=CARTESIAN_POINT('Ctrl Pts',(-106.936111410451,35.168637999506,4.27250375050161));
#5509=CARTESIAN_POINT('Ctrl Pts',(-106.758130648454,35.4300745527443,5.39995230298814));
#5510=CARTESIAN_POINT('Ctrl Pts',(-106.592671960961,35.1175325394263,6.51596134679508));
#5511=CARTESIAN_POINT('Ctrl Pts',(-106.44223201082,34.3068104052554,7.34677732375514));
#5512=CARTESIAN_POINT('Ctrl Pts',(-106.305612396228,33.1957448891741,7.68956787162647));
#5513=CARTESIAN_POINT('Ctrl Pts',(-106.178279018067,32.055275178227,7.45841913122813));
#5514=CARTESIAN_POINT('Ctrl Pts',(-106.053390341331,31.1630624063743,6.71086309303419));
#5515=CARTESIAN_POINT('Ctrl Pts',(-105.923512655058,30.7377083217351,5.62798550794947));
#5516=CARTESIAN_POINT('Ctrl Pts',(-105.782463738807,30.8808953128872,4.47471351504985));
#5517=CARTESIAN_POINT('Ctrl Pts',(-105.626731294735,31.5584076532681,3.53282257884451));
#5518=CARTESIAN_POINT('Ctrl Pts',(-105.456476254187,32.6023601361986,3.03121300240617));
#5519=CARTESIAN_POINT('Ctrl Pts',(-105.275332622469,33.7572329643542,3.09349274699239));
#5520=CARTESIAN_POINT('Ctrl Pts',(-105.089657308916,34.7397874848769,3.70223126041809));
#5521=CARTESIAN_POINT('Ctrl Pts',(-104.906892201611,35.3079354506463,4.70931592628931));
#5522=CARTESIAN_POINT('Ctrl Pts',(-104.733748766667,35.3233650309674,5.86698855714337));
#5523=CARTESIAN_POINT('Ctrl Pts',(-104.574642588218,34.7796867249621,6.89150829560706));
#5524=CARTESIAN_POINT('Ctrl Pts',(-104.430467846078,33.8108847759895,7.53237277572815));
#5525=CARTESIAN_POINT('Ctrl Pts',(-104.298569222125,32.6515258399331,7.63096403581407));
#5526=CARTESIAN_POINT('Ctrl Pts',(-104.214972595753,31.941354491917,7.31960216160843));
#5527=CARTESIAN_POINT('Ctrl Pts',(-104.173058047776,31.6446726556752,7.08828749826233));
#5528=CARTESIAN_POINT('Ctrl Pts',(-145.233689054722,32.5281240514902,7.7073800709078));
#5529=CARTESIAN_POINT('Ctrl Pts',(-145.191771300499,32.2315385689813,7.4761405605569));
#5530=CARTESIAN_POINT('Ctrl Pts',(-145.107666303092,31.7562896300495,6.86325916739289));
#5531=CARTESIAN_POINT('Ctrl Pts',(-144.973640762988,31.5694237498917,5.71515831302587));
#5532=CARTESIAN_POINT('Ctrl Pts',(-144.826512111357,31.9546723606792,4.61969366099706));
#5533=CARTESIAN_POINT('Ctrl Pts',(-144.664336669759,32.815693920422,3.84325789662405));
#5534=CARTESIAN_POINT('Ctrl Pts',(-144.488769574271,33.9419369183542,3.57653509455753));
#5535=CARTESIAN_POINT('Ctrl Pts',(-144.304810302969,35.0567487267435,3.88272650684366));
#5536=CARTESIAN_POINT('Ctrl Pts',(-144.119469394516,35.8862135823037,4.68774647981145));
#5537=CARTESIAN_POINT('Ctrl Pts',(-143.94010325459,36.2275504908344,5.79306007378051));
#5538=CARTESIAN_POINT('Ctrl Pts',(-143.772633741857,35.9951225630153,6.92811126580634));
#5539=CARTESIAN_POINT('Ctrl Pts',(-143.620017299558,35.2463246269997,7.8149142205148));
#5540=CARTESIAN_POINT('Ctrl Pts',(-143.48164598249,34.1624688339728,8.23505594866641));
#5541=CARTESIAN_POINT('Ctrl Pts',(-143.353360058489,33.0084057282983,8.08648167137085));
#5542=CARTESIAN_POINT('Ctrl Pts',(-143.22858108735,32.0658037871934,7.40355538753789));
#5543=CARTESIAN_POINT('Ctrl Pts',(-143.099852890171,31.5636817849376,6.35398780691984));
#5544=CARTESIAN_POINT('Ctrl Pts',(-142.960674211602,31.6252196294015,5.19318852828042));
#5545=CARTESIAN_POINT('Ctrl Pts',(-142.807134497794,32.2333437359778,4.20488489457022));
#5546=CARTESIAN_POINT('Ctrl Pts',(-142.638798665779,33.2392913154826,3.63021931588563));
#5547=CARTESIAN_POINT('Ctrl Pts',(-142.458861785024,34.3961613751617,3.60961256617594));
#5548=CARTESIAN_POINT('Ctrl Pts',(-142.273420117325,35.4187604799994,4.14571074747559));
#5549=CARTESIAN_POINT('Ctrl Pts',(-142.089706775208,36.0595338075844,5.11204891007229));
#5550=CARTESIAN_POINT('Ctrl Pts',(-141.915011876116,36.1542081844502,6.25953755634576));
#5551=CARTESIAN_POINT('Ctrl Pts',(-141.699609593207,35.5364401429506,7.68894228781607));
#5552=CARTESIAN_POINT('Ctrl Pts',(-141.515745683869,33.988061369463,8.35459020730733));
#5553=CARTESIAN_POINT('Ctrl Pts',(-141.348275881247,32.5197258204022,7.81869461330356));
#5554=CARTESIAN_POINT('Ctrl Pts',(-141.222557571205,31.7452981945394,6.95808248677828));
#5555=CARTESIAN_POINT('Ctrl Pts',(-141.090096745095,31.4765980775166,5.82298199334438));
#5556=CARTESIAN_POINT('Ctrl Pts',(-140.945027543396,31.7827591075635,4.70378538132306));
#5557=CARTESIAN_POINT('Ctrl Pts',(-140.784985113948,32.5866424722664,3.86741672757652));
#5558=CARTESIAN_POINT('Ctrl Pts',(-140.611096282953,33.6910374329021,3.52056225825902));
#5559=CARTESIAN_POINT('Ctrl Pts',(-140.427938313611,34.824918114688,3.74639672695432));
#5560=CARTESIAN_POINT('Ctrl Pts',(-140.242320275859,35.7101593621121,4.49020351630597));
#5561=CARTESIAN_POINT('Ctrl Pts',(-140.061711809571,36.1293731232694,5.56678197335006));
#5562=CARTESIAN_POINT('Ctrl Pts',(-139.8922364935,35.9784189972049,6.7186019125582));
#5563=CARTESIAN_POINT('Ctrl Pts',(-139.737519304161,35.296238242142,7.64967119960783));
#5564=CARTESIAN_POINT('Ctrl Pts',(-139.550400002314,33.8904105411237,8.32780760138652));
#5565=CARTESIAN_POINT('Ctrl Pts',(-139.385543907671,32.2815635159294,7.81907201798801));
#5566=CARTESIAN_POINT('Ctrl Pts',(-139.215363767991,31.5199453621842,6.45444362674596));
#5567=CARTESIAN_POINT('Ctrl Pts',(-139.07795458688,31.496001660969,5.29826741863744));
#5568=CARTESIAN_POINT('Ctrl Pts',(-138.926591897368,32.0338848440729,4.26580956530982));
#5569=CARTESIAN_POINT('Ctrl Pts',(-138.760250416246,32.9956831886806,3.62187227378055));
#5570=CARTESIAN_POINT('Ctrl Pts',(-138.581663889438,34.1483382604722,3.51771962070124));
#5571=CARTESIAN_POINT('Ctrl Pts',(-138.396541618937,35.2075150809347,3.98043736358965));
#5572=CARTESIAN_POINT('Ctrl Pts',(-138.212189478269,35.9139821301518,4.89539752569677));
#5573=CARTESIAN_POINT('Ctrl Pts',(-138.035727909838,36.0934330109435,6.03908163131968));
#5574=CARTESIAN_POINT('Ctrl Pts',(-137.872339221677,35.7028893428418,7.12910941049108));
#5575=CARTESIAN_POINT('Ctrl Pts',(-137.724051893537,34.8322957249997,7.90259232705899));
#5576=CARTESIAN_POINT('Ctrl Pts',(-137.589052096276,33.7048845442726,8.16127570941098));
#5577=CARTESIAN_POINT('Ctrl Pts',(-137.420504538573,32.1955643946799,7.75534647227883));
#5578=CARTESIAN_POINT('Ctrl Pts',(-137.254069180865,31.3099999721264,6.31922213920385));
#5579=CARTESIAN_POINT('Ctrl Pts',(-137.063192568711,31.6249731087319,4.79095770499022));
#5580=CARTESIAN_POINT('Ctrl Pts',(-136.90537750731,32.3615787535362,3.9028673163295));
#5581=CARTESIAN_POINT('Ctrl Pts',(-136.733214274362,33.4416567568394,3.4762650081573));
#5582=CARTESIAN_POINT('Ctrl Pts',(-136.551018971742,34.5876215230016,3.62100755855826));
#5583=CARTESIAN_POINT('Ctrl Pts',(-136.365288527852,35.5243434878451,4.29880605368669));
#5584=CARTESIAN_POINT('Ctrl Pts',(-136.183525710891,36.0192616842593,5.34391454511927));
#5585=CARTESIAN_POINT('Ctrl Pts',(-136.012196084624,35.9515735794205,6.49989810091166));
#5586=CARTESIAN_POINT('Ctrl Pts',(-135.855253119096,35.3359404498394,7.48362539673113));
#5587=CARTESIAN_POINT('Ctrl Pts',(-135.71306022994,34.3247885160329,8.05347952588253));
#5588=CARTESIAN_POINT('Ctrl Pts',(-135.582559883163,33.1582093866281,8.06963488613421));
#5589=CARTESIAN_POINT('Ctrl Pts',(-135.457385501373,32.1346773549563,7.52842183910076));
#5590=CARTESIAN_POINT('Ctrl Pts',(-135.288625989845,31.2569932744632,6.23519911240167));
#5591=CARTESIAN_POINT('Ctrl Pts',(-135.100795859637,31.5251347676135,4.57170935990102));
#5592=CARTESIAN_POINT('Ctrl Pts',(-134.881346839161,32.7606588885279,3.62484273107549));
#5593=CARTESIAN_POINT('Ctrl Pts',(-134.704379196784,33.8963496490885,3.43752760108548));
#5594=CARTESIAN_POINT('Ctrl Pts',(-134.519677813724,34.9893717029163,3.82403295716516));
#5595=CARTESIAN_POINT('Ctrl Pts',(-134.334791757511,35.7580663811568,4.6856050187718));
#5596=CARTESIAN_POINT('Ctrl Pts',(-134.156807383959,36.0196340161743,5.81310604861129));
#5597=CARTESIAN_POINT('Ctrl Pts',(-133.991355818829,35.7068938826299,6.92892542920223));
#5598=CARTESIAN_POINT('Ctrl Pts',(-133.840903882715,34.8964845749356,7.7600899559706));
#5599=CARTESIAN_POINT('Ctrl Pts',(-133.704306799828,33.7848729972266,8.10216534891272));
#5600=CARTESIAN_POINT('Ctrl Pts',(-133.576931564547,32.6454296325274,7.87232812921514));
#5601=CARTESIAN_POINT('Ctrl Pts',(-133.452128237099,31.7511081437349,7.12212055428769));
#5602=CARTESIAN_POINT('Ctrl Pts',(-133.322087570314,31.3298197842764,6.04425064044789));
#5603=CARTESIAN_POINT('Ctrl Pts',(-133.134435946636,31.5103455325184,4.49395019824801));
#5604=CARTESIAN_POINT('Ctrl Pts',(-132.915846899058,32.7990299328513,3.41418655769706));
#5605=CARTESIAN_POINT('Ctrl Pts',(-132.673907180207,34.3493747923667,3.50973825966462));
#5606=CARTESIAN_POINT('Ctrl Pts',(-132.488396308276,35.3277330197077,4.11355851717828));
#5607=CARTESIAN_POINT('Ctrl Pts',(-132.305544065436,35.8981251746473,5.12321987040944));
#5608=CARTESIAN_POINT('Ctrl Pts',(-132.132444758951,35.9124100146242,6.27959928605083));
#5609=CARTESIAN_POINT('Ctrl Pts',(-131.973312481206,35.3694155618019,7.30487416606634));
#5610=CARTESIAN_POINT('Ctrl Pts',(-131.82915590579,34.4001591741301,7.94518224688168));
#5611=CARTESIAN_POINT('Ctrl Pts',(-131.697238066172,33.2412825546464,8.04435969411123));
#5612=CARTESIAN_POINT('Ctrl Pts',(-131.57187516467,32.1750839851862,7.57653559188745));
#5613=CARTESIAN_POINT('Ctrl Pts',(-131.445701001603,31.462336497614,6.65813922920164));
#5614=CARTESIAN_POINT('Ctrl Pts',(-131.311721732658,31.2755177123918,5.50690228645102));
#5615=CARTESIAN_POINT('Ctrl Pts',(-131.164500264775,31.6606410017578,4.41777240469791));
#5616=CARTESIAN_POINT('Ctrl Pts',(-130.948505183488,32.8090139361536,3.36619270386696));
#5617=CARTESIAN_POINT('Ctrl Pts',(-130.704818830991,34.4865421562848,3.39609600417675));
#5618=CARTESIAN_POINT('Ctrl Pts',(-130.457456849017,35.5921873097677,4.48586432012774));
#5619=CARTESIAN_POINT('Ctrl Pts',(-130.278185473855,35.9336524315613,5.58470978414738));
#5620=CARTESIAN_POINT('Ctrl Pts',(-130.110666355017,35.7011458882407,6.72316323141465));
#5621=CARTESIAN_POINT('Ctrl Pts',(-129.958073464257,34.9524109888437,7.60831420246965));
#5622=CARTESIAN_POINT('Ctrl Pts',(-129.819690043034,33.8684759530306,8.02937180554953));
#5623=CARTESIAN_POINT('Ctrl Pts',(-129.691409574405,32.7145541402227,7.88023408037041));
#5624=CARTESIAN_POINT('Ctrl Pts',(-129.566628316108,31.7716906705182,7.1978326936819));
#5625=CARTESIAN_POINT('Ctrl Pts',(-129.43789998672,31.2701122892189,6.14749812913585));
#5626=CARTESIAN_POINT('Ctrl Pts',(-129.298723591037,31.3306066553945,4.98803649472229));
#5627=CARTESIAN_POINT('Ctrl Pts',(-129.145177871583,31.9409200312316,3.99700706940044));
#5628=CARTESIAN_POINT('Ctrl Pts',(-128.976853928954,32.9426900408438,3.42751437499148));
#5629=CARTESIAN_POINT('Ctrl Pts',(-128.736909832151,34.4957536530364,3.38682896131449));
#5630=CARTESIAN_POINT('Ctrl Pts',(-128.486047875771,35.7404754014744,4.51026549844934));
#5631=CARTESIAN_POINT('Ctrl Pts',(-128.252980794462,35.8591376089603,6.06037501753384));
#5632=CARTESIAN_POINT('Ctrl Pts',(-128.091683748725,35.3952697866051,7.1163112371022));
#5633=CARTESIAN_POINT('Ctrl Pts',(-127.945491278233,34.4718166968399,7.8262860381062));
#5634=CARTESIAN_POINT('Ctrl Pts',(-127.812107527464,33.3241788654074,8.00665055824697));
#5635=CARTESIAN_POINT('Ctrl Pts',(-127.686233001542,32.2271922269551,7.61669426803927));
#5636=CARTESIAN_POINT('Ctrl Pts',(-127.56065613368,31.4506281204763,6.74974992472705));
#5637=CARTESIAN_POINT('Ctrl Pts',(-127.428124118521,31.182806714307,5.61811703703361));
#5638=CARTESIAN_POINT('Ctrl Pts',(-127.283082329499,31.4890888452542,4.49692949726316));
#5639=CARTESIAN_POINT('Ctrl Pts',(-127.123037446549,32.2919292067906,3.66221194548654));
#5640=CARTESIAN_POINT('Ctrl Pts',(-126.949123519456,33.3990014985895,3.31320136831326));
#5641=CARTESIAN_POINT('Ctrl Pts',(-126.76602610081,34.5275640686344,3.54260887856185));
#5642=CARTESIAN_POINT('Ctrl Pts',(-126.518363760657,35.7217779054192,4.52590970725702));
#5643=CARTESIAN_POINT('Ctrl Pts',(-126.222258931159,35.9803585471067,6.62264445861121));
#5644=CARTESIAN_POINT('Ctrl Pts',(-125.929331359072,34.008593484479,8.25675836477204));
#5645=CARTESIAN_POINT('Ctrl Pts',(-125.723771686516,31.9825056385186,7.60843076299192));
#5646=CARTESIAN_POINT('Ctrl Pts',(-125.55327975417,31.2295176656249,6.25216632000579));
#5647=CARTESIAN_POINT('Ctrl Pts',(-125.370549865424,31.1849962069149,4.69658189773265));
#5648=CARTESIAN_POINT('Ctrl Pts',(-125.158157171329,32.3093602518797,3.44033877500407));
#5649=CARTESIAN_POINT('Ctrl Pts',(-124.919601965684,33.8570713734233,3.31517474806293));
#5650=CARTESIAN_POINT('Ctrl Pts',(-124.734651165028,34.9121210508007,3.77240941803017));
#5651=CARTESIAN_POINT('Ctrl Pts',(-124.550211936992,35.6205043172764,4.69041109212758));
#5652=CARTESIAN_POINT('Ctrl Pts',(-124.373785762319,35.7995903123262,5.83226844150736));
#5653=CARTESIAN_POINT('Ctrl Pts',(-124.210389725883,35.4082416657434,6.92393229939309));
#5654=CARTESIAN_POINT('Ctrl Pts',(-124.062081322498,34.5402437833224,7.6951088673999));
#5655=CARTESIAN_POINT('Ctrl Pts',(-123.927136559253,33.4075090401491,7.95773895724597));
#5656=CARTESIAN_POINT('Ctrl Pts',(-123.800614460295,32.2858482570693,7.64594248852675));
#5657=CARTESIAN_POINT('Ctrl Pts',(-123.675426657741,31.449932777282,6.83788883164052));
#5658=CARTESIAN_POINT('Ctrl Pts',(-123.544354054352,31.1014887642817,5.72451135005945));
#5659=CARTESIAN_POINT('Ctrl Pts',(-123.401210746126,31.3280272721972,4.59120412951858));
#5660=CARTESIAN_POINT('Ctrl Pts',(-123.190989349224,32.3155259754851,3.38626035312954));
#5661=CARTESIAN_POINT('Ctrl Pts',(-122.951183207595,33.9807107475487,3.17642717979117));
#5662=CARTESIAN_POINT('Ctrl Pts',(-122.703267950398,35.2306240962617,4.09701868226911));
#5663=CARTESIAN_POINT('Ctrl Pts',(-122.521610011362,35.725292162796,5.13552819907294));
#5664=CARTESIAN_POINT('Ctrl Pts',(-122.350232291708,35.6574404850277,6.29493491586335));
#5665=CARTESIAN_POINT('Ctrl Pts',(-122.193296903317,35.0425465934423,7.27710476632361));
#5666=CARTESIAN_POINT('Ctrl Pts',(-122.051127913535,34.0298093706374,7.84763601941729));
#5667=CARTESIAN_POINT('Ctrl Pts',(-121.92055426449,32.866656784328,7.86376335979659));
#5668=CARTESIAN_POINT('Ctrl Pts',(-121.79552922927,31.8365416320624,7.32203924641995));
#5669=CARTESIAN_POINT('Ctrl Pts',(-121.668670090931,31.1908840673477,6.35333510995399));
#5670=CARTESIAN_POINT('Ctrl Pts',(-121.533008917752,31.0860755899969,5.19661906444803));
#5671=CARTESIAN_POINT('Ctrl Pts',(-121.383788491217,31.5494825874124,4.1283562598661));
#5672=CARTESIAN_POINT('Ctrl Pts',(-121.219489626013,32.4603639394501,3.42160378995153));
#5673=CARTESIAN_POINT('Ctrl Pts',(-120.983336757585,33.9923004234296,3.15961796902439));
#5674=CARTESIAN_POINT('Ctrl Pts',(-120.732152378649,35.3846728501237,4.09373980689531));
#5675=CARTESIAN_POINT('Ctrl Pts',(-120.494860396779,35.7231080459032,5.6104428999175));
#5676=CARTESIAN_POINT('Ctrl Pts',(-120.329397614217,35.4144999115116,6.72110985942749));
#5677=CARTESIAN_POINT('Ctrl Pts',(-120.178959161896,34.6017255459456,7.55475505019515));
#5678=CARTESIAN_POINT('Ctrl Pts',(-120.042338572034,33.491692300101,7.89613722169715));
#5679=CARTESIAN_POINT('Ctrl Pts',(-119.915006583374,32.3506078103444,7.66577361973641));
#5680=CARTESIAN_POINT('Ctrl Pts',(-119.790113642118,31.4588935543229,6.91778903402061));
#5681=CARTESIAN_POINT('Ctrl Pts',(-119.66024362281,31.0329660375975,5.83522123927668));
#5682=CARTESIAN_POINT('Ctrl Pts',(-119.519178776111,31.1770900783041,4.68166863660844));
#5683=CARTESIAN_POINT('Ctrl Pts',(-119.36347532465,31.8529528519708,3.74020874587857));
#5684=CARTESIAN_POINT('Ctrl Pts',(-119.193161894253,32.9002058231625,3.23776198144185));
#5685=CARTESIAN_POINT('Ctrl Pts',(-119.012128111905,34.0488312590493,3.30167118013094));
#5686=CARTESIAN_POINT('Ctrl Pts',(-118.764285327379,35.3746779271495,4.10909839392699));
#5687=CARTESIAN_POINT('Ctrl Pts',(-118.523307169699,35.8118870088902,5.72933168614214));
#5688=CARTESIAN_POINT('Ctrl Pts',(-118.311436475398,35.0713426127813,7.09971081069871));
#5689=CARTESIAN_POINT('Ctrl Pts',(-118.167158066726,34.1085818253258,7.73883006007531));
#5690=CARTESIAN_POINT('Ctrl Pts',(-118.035308701337,32.9462940183781,7.83833382886595));
#5691=CARTESIAN_POINT('Ctrl Pts',(-117.909902691876,31.8817418474374,7.37101938695882));
#5692=CARTESIAN_POINT('Ctrl Pts',(-117.783769996693,31.1680990953231,6.4511502643295));
#5693=CARTESIAN_POINT('Ctrl Pts',(-117.649728578808,30.9817945944682,5.30330139235704));
#5694=CARTESIAN_POINT('Ctrl Pts',(-117.502615697879,31.3664889235351,4.20758173154752));
#5695=CARTESIAN_POINT('Ctrl Pts',(-117.340415947986,32.2283581067921,3.43154862059611));
#5696=CARTESIAN_POINT('Ctrl Pts',(-117.164891994305,33.3531008458859,3.164105370507));
#5697=CARTESIAN_POINT('Ctrl Pts',(-116.980844323251,34.4709840771122,3.47177684701936));
#5698=CARTESIAN_POINT('Ctrl Pts',(-116.79567128802,35.2946173480427,4.27398454458522));
#5699=CARTESIAN_POINT('Ctrl Pts',(-116.556090675251,35.7645213133262,5.75487128303922));
#5700=CARTESIAN_POINT('Ctrl Pts',(-116.341917450624,35.0308143806652,7.26820605818179));
#5701=CARTESIAN_POINT('Ctrl Pts',(-116.157847735049,33.5708712997242,7.82130521651888));
#5702=CARTESIAN_POINT('Ctrl Pts',(-116.029394333198,32.4226355778339,7.67552298672967));
#5703=CARTESIAN_POINT('Ctrl Pts',(-115.904703089446,31.4769811670037,6.99113418615984));
#5704=CARTESIAN_POINT('Ctrl Pts',(-115.775933110236,30.9763129670791,5.94226316190708));
#5705=CARTESIAN_POINT('Ctrl Pts',(-115.636776144973,31.0370952988944,4.78110189646456));
#5706=CARTESIAN_POINT('Ctrl Pts',(-115.483226104675,31.6455787148356,3.79297041772056));
#5707=CARTESIAN_POINT('Ctrl Pts',(-115.314895637165,32.6513396368207,3.21821540630109));
#5708=CARTESIAN_POINT('Ctrl Pts',(-115.134956207452,33.8082983872675,3.19765115076966));
#5709=CARTESIAN_POINT('Ctrl Pts',(-114.949515859816,34.8308515606192,3.73372732503521));
#5710=CARTESIAN_POINT('Ctrl Pts',(-114.765801899565,35.4716463961437,4.70007579267535));
#5711=CARTESIAN_POINT('Ctrl Pts',(-114.591107304268,35.5663102024786,5.84755937431761));
#5712=CARTESIAN_POINT('Ctrl Pts',(-114.375704873175,34.9485473170286,7.27696657619266));
#5713=CARTESIAN_POINT('Ctrl Pts',(-114.191841060783,33.4001651703187,7.94261287948068));
#5714=CARTESIAN_POINT('Ctrl Pts',(-114.024371213318,31.931831181572,7.40671803306617));
#5715=CARTESIAN_POINT('Ctrl Pts',(-113.898652921913,31.1574029072358,6.54610559583948));
#5716=CARTESIAN_POINT('Ctrl Pts',(-113.766192085991,30.8887031316034,5.41100526597503));
#5717=CARTESIAN_POINT('Ctrl Pts',(-113.621122888968,31.1948639989347,4.29180857599223));
#5718=CARTESIAN_POINT('Ctrl Pts',(-113.46108045709,31.9987474482065,3.45543996276498));
#5719=CARTESIAN_POINT('Ctrl Pts',(-113.287191627252,33.103142368622,3.10858547417693));
#5720=CARTESIAN_POINT('Ctrl Pts',(-113.104033657308,34.237023071302,3.33441995288311));
#5721=CARTESIAN_POINT('Ctrl Pts',(-112.918415619842,35.1222643087982,4.07822673747806));
#5722=CARTESIAN_POINT('Ctrl Pts',(-112.737807153406,35.541478075097,5.15480519698558));
#5723=CARTESIAN_POINT('Ctrl Pts',(-112.568331837405,35.3905239466249,6.30662513504021));
#5724=CARTESIAN_POINT('Ctrl Pts',(-112.413614648032,34.7083431927452,7.23769442265675));
#5725=CARTESIAN_POINT('Ctrl Pts',(-112.226495346201,33.3025154911499,7.9158308241589));
#5726=CARTESIAN_POINT('Ctrl Pts',(-112.061639251547,31.6936684663331,7.40709524094129));
#5727=CARTESIAN_POINT('Ctrl Pts',(-111.891459111872,30.9320503124132,6.04246684961553));
#5728=CARTESIAN_POINT('Ctrl Pts',(-111.754049930759,30.9081066112706,4.88629064154188));
#5729=CARTESIAN_POINT('Ctrl Pts',(-111.602687241249,31.4459897943363,3.85383278819575));
#5730=CARTESIAN_POINT('Ctrl Pts',(-111.436345760125,32.4077881389625,3.20989549667569));
#5731=CARTESIAN_POINT('Ctrl Pts',(-111.257759233318,33.5604432107439,3.1057428435909));
#5732=CARTESIAN_POINT('Ctrl Pts',(-111.072636962816,34.6196200312125,3.56846058648346));
#5733=CARTESIAN_POINT('Ctrl Pts',(-110.88828482215,35.3260870804242,4.48342074858565));
#5734=CARTESIAN_POINT('Ctrl Pts',(-110.711823253717,35.5055379612236,5.62710485421717));
#5735=CARTESIAN_POINT('Ctrl Pts',(-110.548434565557,35.1149942931084,6.71713263337274));
#5736=CARTESIAN_POINT('Ctrl Pts',(-110.400147237416,34.2444006752937,7.49061554997337));
#5737=CARTESIAN_POINT('Ctrl Pts',(-110.265147440157,33.116989494515,7.74929893226337));
#5738=CARTESIAN_POINT('Ctrl Pts',(-110.09659988245,31.6076693450461,7.34336969528026));
#5739=CARTESIAN_POINT('Ctrl Pts',(-109.930164524752,30.7221049222252,5.90724536188308));
#5740=CARTESIAN_POINT('Ctrl Pts',(-109.739287912582,31.0370780592394,4.37898092816191));
#5741=CARTESIAN_POINT('Ctrl Pts',(-109.581472851214,31.7736837032058,3.49089053849162));
#5742=CARTESIAN_POINT('Ctrl Pts',(-109.409309618198,32.853761708214,3.06428823237362));
#5743=CARTESIAN_POINT('Ctrl Pts',(-109.227114315723,33.9997264707349,3.20903077838771));
#5744=CARTESIAN_POINT('Ctrl Pts',(-109.041383871553,34.9364484426095,3.88682928198693));
#5745=CARTESIAN_POINT('Ctrl Pts',(-108.85962105518,35.4313666242261,4.93193775559199));
#5746=CARTESIAN_POINT('Ctrl Pts',(-108.688291427782,35.3636785478721,6.08792134570169));
#5747=CARTESIAN_POINT('Ctrl Pts',(-108.531348464632,34.7480453583972,7.07164856936378));
#5748=CARTESIAN_POINT('Ctrl Pts',(-108.389155570902,33.7368935398301,7.64150283735021));
#5749=CARTESIAN_POINT('Ctrl Pts',(-108.25865523372,32.5703141686436,7.65765790631488));
#5750=CARTESIAN_POINT('Ctrl Pts',(-108.133480833705,31.5467825962379,7.1164454125833));
#5751=CARTESIAN_POINT('Ctrl Pts',(-107.964721366028,30.669097410689,5.82322135456555));
#5752=CARTESIAN_POINT('Ctrl Pts',(-107.776891141021,30.9372412928448,4.15973448022492));
#5753=CARTESIAN_POINT('Ctrl Pts',(-107.557442265446,32.172761762108,3.21286345206395));
#5754=CARTESIAN_POINT('Ctrl Pts',(-107.380474326007,33.3084600089994,3.02555734124851));
#5755=CARTESIAN_POINT('Ctrl Pts',(-107.19577354738,34.4014668303331,3.41204434594542));
#5756=CARTESIAN_POINT('Ctrl Pts',(-107.010886200365,35.1701940384723,4.27365559802313));
#5757=CARTESIAN_POINT('Ctrl Pts',(-106.832904319268,35.4316988603313,5.40108095356435));
#5758=CARTESIAN_POINT('Ctrl Pts',(-106.667447508547,35.1190909226027,6.51705959737063));
#5759=CARTESIAN_POINT('Ctrl Pts',(-106.517005670016,34.3084271424687,7.34791754787626));
#5760=CARTESIAN_POINT('Ctrl Pts',(-106.380387355143,33.197350638876,7.69063757262677));
#5761=CARTESIAN_POINT('Ctrl Pts',(-106.253052975709,32.056877652914,7.45955991406272));
#5762=CARTESIAN_POINT('Ctrl Pts',(-106.128163865544,31.1647179992626,6.71195682236084));
#5763=CARTESIAN_POINT('Ctrl Pts',(-105.998286964089,30.7393025432158,5.62911476265196));
#5764=CARTESIAN_POINT('Ctrl Pts',(-105.857236292031,30.8825576128686,4.47586207302561));
#5765=CARTESIAN_POINT('Ctrl Pts',(-105.701505686546,31.5600072212086,3.53393871383131));
#5766=CARTESIAN_POINT('Ctrl Pts',(-105.531249196898,32.6039796433294,3.03239679391977));
#5767=CARTESIAN_POINT('Ctrl Pts',(-105.350106740798,33.7588470025463,3.09460637118502));
#5768=CARTESIAN_POINT('Ctrl Pts',(-105.164431672268,34.7413529676857,3.70339792272353));
#5769=CARTESIAN_POINT('Ctrl Pts',(-104.981665890364,35.3095616530764,4.71044068318187));
#5770=CARTESIAN_POINT('Ctrl Pts',(-104.808524394396,35.3249105998913,5.86809977840686));
#5771=CARTESIAN_POINT('Ctrl Pts',(-104.649415877603,34.7813191993228,6.89265058998678));
#5772=CARTESIAN_POINT('Ctrl Pts',(-104.505243906973,33.8124451243235,7.53343417729846));
#5773=CARTESIAN_POINT('Ctrl Pts',(-104.373341551517,32.6531873987602,7.63212849685141));
#5774=CARTESIAN_POINT('Ctrl Pts',(-104.289749824765,31.9428669594116,7.32065441559617));
#5775=CARTESIAN_POINT('Ctrl Pts',(-104.247832070542,31.6462814769028,7.08941490524526));
#5776=CARTESIAN_POINT('',(-145.233689054722,32.5281240514902,7.7073800709078));
#5777=CARTESIAN_POINT('Origin',(-145.233353353017,32.6818712071079,7.5102463613505));
#5778=CARTESIAN_POINT('',(-104.247832070542,31.6462814769028,7.08941490524527));
#5779=CARTESIAN_POINT('Ctrl Pts',(-145.233689054722,32.5281240514902,7.7073800709078));
#5780=CARTESIAN_POINT('Ctrl Pts',(-145.191771300499,32.2315385689813,7.4761405605569));
#5781=CARTESIAN_POINT('Ctrl Pts',(-145.107666303092,31.7562896300495,6.86325916739289));
#5782=CARTESIAN_POINT('Ctrl Pts',(-144.973640762988,31.5694237498917,5.71515831302587));
#5783=CARTESIAN_POINT('Ctrl Pts',(-144.826512111357,31.9546723606792,4.61969366099706));
#5784=CARTESIAN_POINT('Ctrl Pts',(-144.664336669759,32.815693920422,3.84325789662405));
#5785=CARTESIAN_POINT('Ctrl Pts',(-144.488769574271,33.9419369183542,3.57653509455753));
#5786=CARTESIAN_POINT('Ctrl Pts',(-144.304810302969,35.0567487267435,3.88272650684366));
#5787=CARTESIAN_POINT('Ctrl Pts',(-144.119469394516,35.8862135823037,4.68774647981145));
#5788=CARTESIAN_POINT('Ctrl Pts',(-143.94010325459,36.2275504908344,5.79306007378051));
#5789=CARTESIAN_POINT('Ctrl Pts',(-143.772633741857,35.9951225630153,6.92811126580634));
#5790=CARTESIAN_POINT('Ctrl Pts',(-143.620017299558,35.2463246269997,7.8149142205148));
#5791=CARTESIAN_POINT('Ctrl Pts',(-143.48164598249,34.1624688339728,8.23505594866641));
#5792=CARTESIAN_POINT('Ctrl Pts',(-143.353360058489,33.0084057282983,8.08648167137085));
#5793=CARTESIAN_POINT('Ctrl Pts',(-143.22858108735,32.0658037871934,7.40355538753789));
#5794=CARTESIAN_POINT('Ctrl Pts',(-143.099852890171,31.5636817849376,6.35398780691984));
#5795=CARTESIAN_POINT('Ctrl Pts',(-142.960674211602,31.6252196294015,5.19318852828042));
#5796=CARTESIAN_POINT('Ctrl Pts',(-142.807134497794,32.2333437359778,4.20488489457022));
#5797=CARTESIAN_POINT('Ctrl Pts',(-142.638798665779,33.2392913154826,3.63021931588563));
#5798=CARTESIAN_POINT('Ctrl Pts',(-142.458861785024,34.3961613751617,3.60961256617594));
#5799=CARTESIAN_POINT('Ctrl Pts',(-142.273420117325,35.4187604799994,4.14571074747559));
#5800=CARTESIAN_POINT('Ctrl Pts',(-142.089706775208,36.0595338075844,5.11204891007229));
#5801=CARTESIAN_POINT('Ctrl Pts',(-141.915011876116,36.1542081844502,6.25953755634576));
#5802=CARTESIAN_POINT('Ctrl Pts',(-141.699609593207,35.5364401429506,7.68894228781607));
#5803=CARTESIAN_POINT('Ctrl Pts',(-141.515745683869,33.988061369463,8.35459020730733));
#5804=CARTESIAN_POINT('Ctrl Pts',(-141.348275881247,32.5197258204022,7.81869461330356));
#5805=CARTESIAN_POINT('Ctrl Pts',(-141.222557571205,31.7452981945394,6.95808248677828));
#5806=CARTESIAN_POINT('Ctrl Pts',(-141.090096745095,31.4765980775166,5.82298199334438));
#5807=CARTESIAN_POINT('Ctrl Pts',(-140.945027543396,31.7827591075635,4.70378538132306));
#5808=CARTESIAN_POINT('Ctrl Pts',(-140.784985113948,32.5866424722664,3.86741672757652));
#5809=CARTESIAN_POINT('Ctrl Pts',(-140.611096282953,33.6910374329021,3.52056225825902));
#5810=CARTESIAN_POINT('Ctrl Pts',(-140.427938313611,34.824918114688,3.74639672695432));
#5811=CARTESIAN_POINT('Ctrl Pts',(-140.242320275859,35.7101593621121,4.49020351630597));
#5812=CARTESIAN_POINT('Ctrl Pts',(-140.061711809571,36.1293731232694,5.56678197335006));
#5813=CARTESIAN_POINT('Ctrl Pts',(-139.8922364935,35.9784189972049,6.7186019125582));
#5814=CARTESIAN_POINT('Ctrl Pts',(-139.737519304161,35.296238242142,7.64967119960783));
#5815=CARTESIAN_POINT('Ctrl Pts',(-139.550400002314,33.8904105411237,8.32780760138652));
#5816=CARTESIAN_POINT('Ctrl Pts',(-139.385543907671,32.2815635159294,7.81907201798801));
#5817=CARTESIAN_POINT('Ctrl Pts',(-139.215363767991,31.5199453621842,6.45444362674596));
#5818=CARTESIAN_POINT('Ctrl Pts',(-139.07795458688,31.496001660969,5.29826741863744));
#5819=CARTESIAN_POINT('Ctrl Pts',(-138.926591897368,32.0338848440729,4.26580956530982));
#5820=CARTESIAN_POINT('Ctrl Pts',(-138.760250416246,32.9956831886806,3.62187227378055));
#5821=CARTESIAN_POINT('Ctrl Pts',(-138.581663889438,34.1483382604722,3.51771962070124));
#5822=CARTESIAN_POINT('Ctrl Pts',(-138.396541618937,35.2075150809347,3.98043736358965));
#5823=CARTESIAN_POINT('Ctrl Pts',(-138.212189478269,35.9139821301518,4.89539752569677));
#5824=CARTESIAN_POINT('Ctrl Pts',(-138.035727909838,36.0934330109435,6.03908163131968));
#5825=CARTESIAN_POINT('Ctrl Pts',(-137.872339221677,35.7028893428418,7.12910941049108));
#5826=CARTESIAN_POINT('Ctrl Pts',(-137.724051893537,34.8322957249997,7.90259232705899));
#5827=CARTESIAN_POINT('Ctrl Pts',(-137.589052096276,33.7048845442726,8.16127570941098));
#5828=CARTESIAN_POINT('Ctrl Pts',(-137.420504538573,32.1955643946799,7.75534647227883));
#5829=CARTESIAN_POINT('Ctrl Pts',(-137.254069180865,31.3099999721264,6.31922213920385));
#5830=CARTESIAN_POINT('Ctrl Pts',(-137.063192568711,31.6249731087319,4.79095770499022));
#5831=CARTESIAN_POINT('Ctrl Pts',(-136.90537750731,32.3615787535362,3.9028673163295));
#5832=CARTESIAN_POINT('Ctrl Pts',(-136.733214274362,33.4416567568394,3.4762650081573));
#5833=CARTESIAN_POINT('Ctrl Pts',(-136.551018971742,34.5876215230016,3.62100755855826));
#5834=CARTESIAN_POINT('Ctrl Pts',(-136.365288527852,35.5243434878451,4.29880605368669));
#5835=CARTESIAN_POINT('Ctrl Pts',(-136.183525710891,36.0192616842593,5.34391454511927));
#5836=CARTESIAN_POINT('Ctrl Pts',(-136.012196084624,35.9515735794205,6.49989810091166));
#5837=CARTESIAN_POINT('Ctrl Pts',(-135.855253119096,35.3359404498394,7.48362539673113));
#5838=CARTESIAN_POINT('Ctrl Pts',(-135.71306022994,34.3247885160329,8.05347952588253));
#5839=CARTESIAN_POINT('Ctrl Pts',(-135.582559883163,33.1582093866281,8.06963488613421));
#5840=CARTESIAN_POINT('Ctrl Pts',(-135.457385501373,32.1346773549563,7.52842183910076));
#5841=CARTESIAN_POINT('Ctrl Pts',(-135.288625989845,31.2569932744632,6.23519911240167));
#5842=CARTESIAN_POINT('Ctrl Pts',(-135.100795859637,31.5251347676135,4.57170935990102));
#5843=CARTESIAN_POINT('Ctrl Pts',(-134.881346839161,32.7606588885279,3.62484273107549));
#5844=CARTESIAN_POINT('Ctrl Pts',(-134.704379196784,33.8963496490885,3.43752760108548));
#5845=CARTESIAN_POINT('Ctrl Pts',(-134.519677813724,34.9893717029163,3.82403295716516));
#5846=CARTESIAN_POINT('Ctrl Pts',(-134.334791757511,35.7580663811568,4.6856050187718));
#5847=CARTESIAN_POINT('Ctrl Pts',(-134.156807383959,36.0196340161743,5.81310604861129));
#5848=CARTESIAN_POINT('Ctrl Pts',(-133.991355818829,35.7068938826299,6.92892542920223));
#5849=CARTESIAN_POINT('Ctrl Pts',(-133.840903882715,34.8964845749356,7.7600899559706));
#5850=CARTESIAN_POINT('Ctrl Pts',(-133.704306799828,33.7848729972266,8.10216534891272));
#5851=CARTESIAN_POINT('Ctrl Pts',(-133.576931564547,32.6454296325274,7.87232812921514));
#5852=CARTESIAN_POINT('Ctrl Pts',(-133.452128237099,31.7511081437349,7.12212055428769));
#5853=CARTESIAN_POINT('Ctrl Pts',(-133.322087570314,31.3298197842764,6.04425064044789));
#5854=CARTESIAN_POINT('Ctrl Pts',(-133.134435946636,31.5103455325184,4.49395019824801));
#5855=CARTESIAN_POINT('Ctrl Pts',(-132.915846899058,32.7990299328513,3.41418655769706));
#5856=CARTESIAN_POINT('Ctrl Pts',(-132.673907180207,34.3493747923667,3.50973825966462));
#5857=CARTESIAN_POINT('Ctrl Pts',(-132.488396308276,35.3277330197077,4.11355851717828));
#5858=CARTESIAN_POINT('Ctrl Pts',(-132.305544065436,35.8981251746473,5.12321987040944));
#5859=CARTESIAN_POINT('Ctrl Pts',(-132.132444758951,35.9124100146242,6.27959928605083));
#5860=CARTESIAN_POINT('Ctrl Pts',(-131.973312481206,35.3694155618019,7.30487416606634));
#5861=CARTESIAN_POINT('Ctrl Pts',(-131.82915590579,34.4001591741301,7.94518224688168));
#5862=CARTESIAN_POINT('Ctrl Pts',(-131.697238066172,33.2412825546464,8.04435969411123));
#5863=CARTESIAN_POINT('Ctrl Pts',(-131.57187516467,32.1750839851862,7.57653559188745));
#5864=CARTESIAN_POINT('Ctrl Pts',(-131.445701001603,31.462336497614,6.65813922920164));
#5865=CARTESIAN_POINT('Ctrl Pts',(-131.311721732658,31.2755177123918,5.50690228645102));
#5866=CARTESIAN_POINT('Ctrl Pts',(-131.164500264775,31.6606410017578,4.41777240469791));
#5867=CARTESIAN_POINT('Ctrl Pts',(-130.948505183488,32.8090139361536,3.36619270386696));
#5868=CARTESIAN_POINT('Ctrl Pts',(-130.704818830991,34.4865421562848,3.39609600417675));
#5869=CARTESIAN_POINT('Ctrl Pts',(-130.457456849017,35.5921873097677,4.48586432012774));
#5870=CARTESIAN_POINT('Ctrl Pts',(-130.278185473855,35.9336524315613,5.58470978414738));
#5871=CARTESIAN_POINT('Ctrl Pts',(-130.110666355017,35.7011458882407,6.72316323141465));
#5872=CARTESIAN_POINT('Ctrl Pts',(-129.958073464257,34.9524109888437,7.60831420246965));
#5873=CARTESIAN_POINT('Ctrl Pts',(-129.819690043034,33.8684759530306,8.02937180554953));
#5874=CARTESIAN_POINT('Ctrl Pts',(-129.691409574405,32.7145541402227,7.88023408037041));
#5875=CARTESIAN_POINT('Ctrl Pts',(-129.566628316108,31.7716906705182,7.1978326936819));
#5876=CARTESIAN_POINT('Ctrl Pts',(-129.43789998672,31.2701122892189,6.14749812913585));
#5877=CARTESIAN_POINT('Ctrl Pts',(-129.298723591037,31.3306066553945,4.98803649472229));
#5878=CARTESIAN_POINT('Ctrl Pts',(-129.145177871583,31.9409200312316,3.99700706940044));
#5879=CARTESIAN_POINT('Ctrl Pts',(-128.976853928954,32.9426900408438,3.42751437499148));
#5880=CARTESIAN_POINT('Ctrl Pts',(-128.736909832151,34.4957536530364,3.38682896131449));
#5881=CARTESIAN_POINT('Ctrl Pts',(-128.486047875771,35.7404754014744,4.51026549844934));
#5882=CARTESIAN_POINT('Ctrl Pts',(-128.252980794462,35.8591376089603,6.06037501753384));
#5883=CARTESIAN_POINT('Ctrl Pts',(-128.091683748725,35.3952697866051,7.1163112371022));
#5884=CARTESIAN_POINT('Ctrl Pts',(-127.945491278233,34.4718166968399,7.8262860381062));
#5885=CARTESIAN_POINT('Ctrl Pts',(-127.812107527464,33.3241788654074,8.00665055824697));
#5886=CARTESIAN_POINT('Ctrl Pts',(-127.686233001542,32.2271922269551,7.61669426803927));
#5887=CARTESIAN_POINT('Ctrl Pts',(-127.56065613368,31.4506281204763,6.74974992472705));
#5888=CARTESIAN_POINT('Ctrl Pts',(-127.428124118521,31.182806714307,5.61811703703361));
#5889=CARTESIAN_POINT('Ctrl Pts',(-127.283082329499,31.4890888452542,4.49692949726316));
#5890=CARTESIAN_POINT('Ctrl Pts',(-127.123037446549,32.2919292067906,3.66221194548654));
#5891=CARTESIAN_POINT('Ctrl Pts',(-126.949123519456,33.3990014985895,3.31320136831326));
#5892=CARTESIAN_POINT('Ctrl Pts',(-126.76602610081,34.5275640686344,3.54260887856185));
#5893=CARTESIAN_POINT('Ctrl Pts',(-126.518363760657,35.7217779054192,4.52590970725702));
#5894=CARTESIAN_POINT('Ctrl Pts',(-126.222258931159,35.9803585471067,6.62264445861121));
#5895=CARTESIAN_POINT('Ctrl Pts',(-125.929331359072,34.008593484479,8.25675836477204));
#5896=CARTESIAN_POINT('Ctrl Pts',(-125.723771686516,31.9825056385186,7.60843076299192));
#5897=CARTESIAN_POINT('Ctrl Pts',(-125.55327975417,31.2295176656249,6.25216632000579));
#5898=CARTESIAN_POINT('Ctrl Pts',(-125.370549865424,31.1849962069149,4.69658189773265));
#5899=CARTESIAN_POINT('Ctrl Pts',(-125.158157171329,32.3093602518797,3.44033877500407));
#5900=CARTESIAN_POINT('Ctrl Pts',(-124.919601965684,33.8570713734233,3.31517474806293));
#5901=CARTESIAN_POINT('Ctrl Pts',(-124.734651165028,34.9121210508007,3.77240941803017));
#5902=CARTESIAN_POINT('Ctrl Pts',(-124.550211936992,35.6205043172764,4.69041109212758));
#5903=CARTESIAN_POINT('Ctrl Pts',(-124.373785762319,35.7995903123262,5.83226844150736));
#5904=CARTESIAN_POINT('Ctrl Pts',(-124.210389725883,35.4082416657434,6.92393229939309));
#5905=CARTESIAN_POINT('Ctrl Pts',(-124.062081322498,34.5402437833224,7.6951088673999));
#5906=CARTESIAN_POINT('Ctrl Pts',(-123.927136559253,33.4075090401491,7.95773895724597));
#5907=CARTESIAN_POINT('Ctrl Pts',(-123.800614460295,32.2858482570693,7.64594248852675));
#5908=CARTESIAN_POINT('Ctrl Pts',(-123.675426657741,31.449932777282,6.83788883164052));
#5909=CARTESIAN_POINT('Ctrl Pts',(-123.544354054352,31.1014887642817,5.72451135005945));
#5910=CARTESIAN_POINT('Ctrl Pts',(-123.401210746126,31.3280272721972,4.59120412951858));
#5911=CARTESIAN_POINT('Ctrl Pts',(-123.190989349224,32.3155259754851,3.38626035312954));
#5912=CARTESIAN_POINT('Ctrl Pts',(-122.951183207595,33.9807107475487,3.17642717979117));
#5913=CARTESIAN_POINT('Ctrl Pts',(-122.703267950398,35.2306240962617,4.09701868226911));
#5914=CARTESIAN_POINT('Ctrl Pts',(-122.521610011362,35.725292162796,5.13552819907294));
#5915=CARTESIAN_POINT('Ctrl Pts',(-122.350232291708,35.6574404850277,6.29493491586335));
#5916=CARTESIAN_POINT('Ctrl Pts',(-122.193296903317,35.0425465934423,7.27710476632361));
#5917=CARTESIAN_POINT('Ctrl Pts',(-122.051127913535,34.0298093706374,7.84763601941729));
#5918=CARTESIAN_POINT('Ctrl Pts',(-121.92055426449,32.866656784328,7.86376335979659));
#5919=CARTESIAN_POINT('Ctrl Pts',(-121.79552922927,31.8365416320624,7.32203924641995));
#5920=CARTESIAN_POINT('Ctrl Pts',(-121.668670090931,31.1908840673477,6.35333510995399));
#5921=CARTESIAN_POINT('Ctrl Pts',(-121.533008917752,31.0860755899969,5.19661906444803));
#5922=CARTESIAN_POINT('Ctrl Pts',(-121.383788491217,31.5494825874124,4.1283562598661));
#5923=CARTESIAN_POINT('Ctrl Pts',(-121.219489626013,32.4603639394501,3.42160378995153));
#5924=CARTESIAN_POINT('Ctrl Pts',(-120.983336757585,33.9923004234296,3.15961796902439));
#5925=CARTESIAN_POINT('Ctrl Pts',(-120.732152378649,35.3846728501237,4.09373980689531));
#5926=CARTESIAN_POINT('Ctrl Pts',(-120.494860396779,35.7231080459032,5.6104428999175));
#5927=CARTESIAN_POINT('Ctrl Pts',(-120.329397614217,35.4144999115116,6.72110985942749));
#5928=CARTESIAN_POINT('Ctrl Pts',(-120.178959161896,34.6017255459456,7.55475505019515));
#5929=CARTESIAN_POINT('Ctrl Pts',(-120.042338572034,33.491692300101,7.89613722169715));
#5930=CARTESIAN_POINT('Ctrl Pts',(-119.915006583374,32.3506078103444,7.66577361973641));
#5931=CARTESIAN_POINT('Ctrl Pts',(-119.790113642118,31.4588935543229,6.91778903402061));
#5932=CARTESIAN_POINT('Ctrl Pts',(-119.66024362281,31.0329660375975,5.83522123927668));
#5933=CARTESIAN_POINT('Ctrl Pts',(-119.519178776111,31.1770900783041,4.68166863660844));
#5934=CARTESIAN_POINT('Ctrl Pts',(-119.36347532465,31.8529528519708,3.74020874587857));
#5935=CARTESIAN_POINT('Ctrl Pts',(-119.193161894253,32.9002058231625,3.23776198144185));
#5936=CARTESIAN_POINT('Ctrl Pts',(-119.012128111905,34.0488312590493,3.30167118013094));
#5937=CARTESIAN_POINT('Ctrl Pts',(-118.764285327379,35.3746779271495,4.10909839392699));
#5938=CARTESIAN_POINT('Ctrl Pts',(-118.523307169699,35.8118870088902,5.72933168614214));
#5939=CARTESIAN_POINT('Ctrl Pts',(-118.311436475398,35.0713426127813,7.09971081069871));
#5940=CARTESIAN_POINT('Ctrl Pts',(-118.167158066726,34.1085818253258,7.73883006007531));
#5941=CARTESIAN_POINT('Ctrl Pts',(-118.035308701337,32.9462940183781,7.83833382886595));
#5942=CARTESIAN_POINT('Ctrl Pts',(-117.909902691876,31.8817418474374,7.37101938695882));
#5943=CARTESIAN_POINT('Ctrl Pts',(-117.783769996693,31.1680990953231,6.4511502643295));
#5944=CARTESIAN_POINT('Ctrl Pts',(-117.649728578808,30.9817945944682,5.30330139235704));
#5945=CARTESIAN_POINT('Ctrl Pts',(-117.502615697879,31.3664889235351,4.20758173154752));
#5946=CARTESIAN_POINT('Ctrl Pts',(-117.340415947986,32.2283581067921,3.43154862059611));
#5947=CARTESIAN_POINT('Ctrl Pts',(-117.164891994305,33.3531008458859,3.164105370507));
#5948=CARTESIAN_POINT('Ctrl Pts',(-116.980844323251,34.4709840771122,3.47177684701936));
#5949=CARTESIAN_POINT('Ctrl Pts',(-116.79567128802,35.2946173480427,4.27398454458522));
#5950=CARTESIAN_POINT('Ctrl Pts',(-116.556090675251,35.7645213133262,5.75487128303922));
#5951=CARTESIAN_POINT('Ctrl Pts',(-116.341917450624,35.0308143806652,7.26820605818179));
#5952=CARTESIAN_POINT('Ctrl Pts',(-116.157847735049,33.5708712997242,7.82130521651888));
#5953=CARTESIAN_POINT('Ctrl Pts',(-116.029394333198,32.4226355778339,7.67552298672967));
#5954=CARTESIAN_POINT('Ctrl Pts',(-115.904703089446,31.4769811670037,6.99113418615984));
#5955=CARTESIAN_POINT('Ctrl Pts',(-115.775933110236,30.9763129670791,5.94226316190708));
#5956=CARTESIAN_POINT('Ctrl Pts',(-115.636776144973,31.0370952988944,4.78110189646456));
#5957=CARTESIAN_POINT('Ctrl Pts',(-115.483226104675,31.6455787148356,3.79297041772056));
#5958=CARTESIAN_POINT('Ctrl Pts',(-115.314895637165,32.6513396368207,3.21821540630109));
#5959=CARTESIAN_POINT('Ctrl Pts',(-115.134956207452,33.8082983872675,3.19765115076966));
#5960=CARTESIAN_POINT('Ctrl Pts',(-114.949515859816,34.8308515606192,3.73372732503521));
#5961=CARTESIAN_POINT('Ctrl Pts',(-114.765801899565,35.4716463961437,4.70007579267535));
#5962=CARTESIAN_POINT('Ctrl Pts',(-114.591107304268,35.5663102024786,5.84755937431761));
#5963=CARTESIAN_POINT('Ctrl Pts',(-114.375704873175,34.9485473170286,7.27696657619266));
#5964=CARTESIAN_POINT('Ctrl Pts',(-114.191841060783,33.4001651703187,7.94261287948068));
#5965=CARTESIAN_POINT('Ctrl Pts',(-114.024371213318,31.931831181572,7.40671803306617));
#5966=CARTESIAN_POINT('Ctrl Pts',(-113.898652921913,31.1574029072358,6.54610559583948));
#5967=CARTESIAN_POINT('Ctrl Pts',(-113.766192085991,30.8887031316034,5.41100526597503));
#5968=CARTESIAN_POINT('Ctrl Pts',(-113.621122888968,31.1948639989347,4.29180857599223));
#5969=CARTESIAN_POINT('Ctrl Pts',(-113.46108045709,31.9987474482065,3.45543996276498));
#5970=CARTESIAN_POINT('Ctrl Pts',(-113.287191627252,33.103142368622,3.10858547417693));
#5971=CARTESIAN_POINT('Ctrl Pts',(-113.104033657308,34.237023071302,3.33441995288311));
#5972=CARTESIAN_POINT('Ctrl Pts',(-112.918415619842,35.1222643087982,4.07822673747806));
#5973=CARTESIAN_POINT('Ctrl Pts',(-112.737807153406,35.541478075097,5.15480519698558));
#5974=CARTESIAN_POINT('Ctrl Pts',(-112.568331837405,35.3905239466249,6.30662513504021));
#5975=CARTESIAN_POINT('Ctrl Pts',(-112.413614648032,34.7083431927452,7.23769442265675));
#5976=CARTESIAN_POINT('Ctrl Pts',(-112.226495346201,33.3025154911499,7.9158308241589));
#5977=CARTESIAN_POINT('Ctrl Pts',(-112.061639251547,31.6936684663331,7.40709524094129));
#5978=CARTESIAN_POINT('Ctrl Pts',(-111.891459111872,30.9320503124132,6.04246684961553));
#5979=CARTESIAN_POINT('Ctrl Pts',(-111.754049930759,30.9081066112706,4.88629064154188));
#5980=CARTESIAN_POINT('Ctrl Pts',(-111.602687241249,31.4459897943363,3.85383278819575));
#5981=CARTESIAN_POINT('Ctrl Pts',(-111.436345760125,32.4077881389625,3.20989549667569));
#5982=CARTESIAN_POINT('Ctrl Pts',(-111.257759233318,33.5604432107439,3.1057428435909));
#5983=CARTESIAN_POINT('Ctrl Pts',(-111.072636962816,34.6196200312125,3.56846058648346));
#5984=CARTESIAN_POINT('Ctrl Pts',(-110.88828482215,35.3260870804242,4.48342074858565));
#5985=CARTESIAN_POINT('Ctrl Pts',(-110.711823253717,35.5055379612236,5.62710485421717));
#5986=CARTESIAN_POINT('Ctrl Pts',(-110.548434565557,35.1149942931084,6.71713263337274));
#5987=CARTESIAN_POINT('Ctrl Pts',(-110.400147237416,34.2444006752937,7.49061554997337));
#5988=CARTESIAN_POINT('Ctrl Pts',(-110.265147440157,33.116989494515,7.74929893226337));
#5989=CARTESIAN_POINT('Ctrl Pts',(-110.09659988245,31.6076693450461,7.34336969528026));
#5990=CARTESIAN_POINT('Ctrl Pts',(-109.930164524752,30.7221049222252,5.90724536188308));
#5991=CARTESIAN_POINT('Ctrl Pts',(-109.739287912582,31.0370780592394,4.37898092816191));
#5992=CARTESIAN_POINT('Ctrl Pts',(-109.581472851214,31.7736837032058,3.49089053849162));
#5993=CARTESIAN_POINT('Ctrl Pts',(-109.409309618198,32.853761708214,3.06428823237362));
#5994=CARTESIAN_POINT('Ctrl Pts',(-109.227114315723,33.9997264707349,3.20903077838771));
#5995=CARTESIAN_POINT('Ctrl Pts',(-109.041383871553,34.9364484426095,3.88682928198693));
#5996=CARTESIAN_POINT('Ctrl Pts',(-108.85962105518,35.4313666242261,4.93193775559199));
#5997=CARTESIAN_POINT('Ctrl Pts',(-108.688291427782,35.3636785478721,6.08792134570169));
#5998=CARTESIAN_POINT('Ctrl Pts',(-108.531348464632,34.7480453583972,7.07164856936378));
#5999=CARTESIAN_POINT('Ctrl Pts',(-108.389155570902,33.7368935398301,7.64150283735021));
#6000=CARTESIAN_POINT('Ctrl Pts',(-108.25865523372,32.5703141686436,7.65765790631488));
#6001=CARTESIAN_POINT('Ctrl Pts',(-108.133480833705,31.5467825962379,7.1164454125833));
#6002=CARTESIAN_POINT('Ctrl Pts',(-107.964721366028,30.669097410689,5.82322135456555));
#6003=CARTESIAN_POINT('Ctrl Pts',(-107.776891141021,30.9372412928448,4.15973448022492));
#6004=CARTESIAN_POINT('Ctrl Pts',(-107.557442265446,32.172761762108,3.21286345206395));
#6005=CARTESIAN_POINT('Ctrl Pts',(-107.380474326007,33.3084600089994,3.02555734124851));
#6006=CARTESIAN_POINT('Ctrl Pts',(-107.19577354738,34.4014668303331,3.41204434594542));
#6007=CARTESIAN_POINT('Ctrl Pts',(-107.010886200365,35.1701940384723,4.27365559802313));
#6008=CARTESIAN_POINT('Ctrl Pts',(-106.832904319268,35.4316988603313,5.40108095356435));
#6009=CARTESIAN_POINT('Ctrl Pts',(-106.667447508547,35.1190909226027,6.51705959737063));
#6010=CARTESIAN_POINT('Ctrl Pts',(-106.517005670016,34.3084271424687,7.34791754787626));
#6011=CARTESIAN_POINT('Ctrl Pts',(-106.380387355143,33.197350638876,7.69063757262677));
#6012=CARTESIAN_POINT('Ctrl Pts',(-106.253052975709,32.056877652914,7.45955991406272));
#6013=CARTESIAN_POINT('Ctrl Pts',(-106.128163865544,31.1647179992626,6.71195682236084));
#6014=CARTESIAN_POINT('Ctrl Pts',(-105.998286964089,30.7393025432158,5.62911476265196));
#6015=CARTESIAN_POINT('Ctrl Pts',(-105.857236292031,30.8825576128686,4.47586207302561));
#6016=CARTESIAN_POINT('Ctrl Pts',(-105.701505686546,31.5600072212086,3.53393871383131));
#6017=CARTESIAN_POINT('Ctrl Pts',(-105.531249196898,32.6039796433294,3.03239679391977));
#6018=CARTESIAN_POINT('Ctrl Pts',(-105.350106740798,33.7588470025463,3.09460637118502));
#6019=CARTESIAN_POINT('Ctrl Pts',(-105.164431672268,34.7413529676857,3.70339792272353));
#6020=CARTESIAN_POINT('Ctrl Pts',(-104.981665890364,35.3095616530764,4.71044068318187));
#6021=CARTESIAN_POINT('Ctrl Pts',(-104.808524394396,35.3249105998913,5.86809977840686));
#6022=CARTESIAN_POINT('Ctrl Pts',(-104.649415877603,34.7813191993228,6.89265058998678));
#6023=CARTESIAN_POINT('Ctrl Pts',(-104.505243906973,33.8124451243235,7.53343417729846));
#6024=CARTESIAN_POINT('Ctrl Pts',(-104.373341551517,32.6531873987602,7.63212849685141));
#6025=CARTESIAN_POINT('Ctrl Pts',(-104.289749824765,31.9428669594116,7.32065441559617));
#6026=CARTESIAN_POINT('Ctrl Pts',(-104.247832070542,31.6462814769028,7.08941490524526));
#6027=CARTESIAN_POINT('Origin',(-104.247496368837,31.8000286325205,6.89228119568796));
#6028=CARTESIAN_POINT('Origin',(-104.247496368837,31.8000286325205,6.89228119568797));
#6029=CARTESIAN_POINT('Origin',(-145.233353353017,32.6818712071079,7.51024636135049));
#6030=CARTESIAN_POINT('',(0.,0.,0.));
#6031=CARTESIAN_POINT('',(-0.00634074312776233,-0.0494117093748958,-0.000489091839814826));
#6032=CARTESIAN_POINT('',(0.,0.,0.));
#6033=CARTESIAN_POINT('',(0.,0.,0.));
#6034=UNCERTAINTY_MEASURE_WITH_UNIT(LENGTH_MEASURE(0.01),#6046,
'DISTANCE_ACCURACY_VALUE',
'Maximum model space distance between geometric entities at asserted c
onnectivities');
#6035=UNCERTAINTY_MEASURE_WITH_UNIT(LENGTH_MEASURE(0.01),#6046,
'DISTANCE_ACCURACY_VALUE',
'Maximum model space distance between geometric entities at asserted c
onnectivities');
#6036=UNCERTAINTY_MEASURE_WITH_UNIT(LENGTH_MEASURE(0.01),#6046,
'DISTANCE_ACCURACY_VALUE',
'Maximum model space distance between geometric entities at asserted c
onnectivities');
#6037=UNCERTAINTY_MEASURE_WITH_UNIT(LENGTH_MEASURE(0.01),#6046,
'DISTANCE_ACCURACY_VALUE',
'Maximum model space distance between geometric entities at asserted c
onnectivities');
#6038=UNCERTAINTY_MEASURE_WITH_UNIT(LENGTH_MEASURE(0.01),#6046,
'DISTANCE_ACCURACY_VALUE',
'Maximum model space distance between geometric entities at asserted c
onnectivities');
#6039=UNCERTAINTY_MEASURE_WITH_UNIT(LENGTH_MEASURE(0.01),#6046,
'DISTANCE_ACCURACY_VALUE',
'Maximum model space distance between geometric entities at asserted c
onnectivities');
#6040=(
GEOMETRIC_REPRESENTATION_CONTEXT(3)
GLOBAL_UNCERTAINTY_ASSIGNED_CONTEXT((#6034))
GLOBAL_UNIT_ASSIGNED_CONTEXT((#6046,#6048,#6049))
REPRESENTATION_CONTEXT('','3D')
);
#6041=(
GEOMETRIC_REPRESENTATION_CONTEXT(3)
GLOBAL_UNCERTAINTY_ASSIGNED_CONTEXT((#6035))
GLOBAL_UNIT_ASSIGNED_CONTEXT((#6046,#6048,#6049))
REPRESENTATION_CONTEXT('','3D')
);
#6042=(
GEOMETRIC_REPRESENTATION_CONTEXT(3)
GLOBAL_UNCERTAINTY_ASSIGNED_CONTEXT((#6036))
GLOBAL_UNIT_ASSIGNED_CONTEXT((#6046,#6048,#6049))
REPRESENTATION_CONTEXT('','3D')
);
#6043=(
GEOMETRIC_REPRESENTATION_CONTEXT(3)
GLOBAL_UNCERTAINTY_ASSIGNED_CONTEXT((#6037))
GLOBAL_UNIT_ASSIGNED_CONTEXT((#6046,#6048,#6049))
REPRESENTATION_CONTEXT('','3D')
);
#6044=(
GEOMETRIC_REPRESENTATION_CONTEXT(3)
GLOBAL_UNCERTAINTY_ASSIGNED_CONTEXT((#6038))
GLOBAL_UNIT_ASSIGNED_CONTEXT((#6046,#6048,#6049))
REPRESENTATION_CONTEXT('','3D')
);
#6045=(
GEOMETRIC_REPRESENTATION_CONTEXT(3)
GLOBAL_UNCERTAINTY_ASSIGNED_CONTEXT((#6039))
GLOBAL_UNIT_ASSIGNED_CONTEXT((#6046,#6048,#6049))
REPRESENTATION_CONTEXT('','3D')
);
#6046=(
LENGTH_UNIT()
NAMED_UNIT(*)
SI_UNIT(.MILLI.,.METRE.)
);
#6047=(
LENGTH_UNIT()
NAMED_UNIT(*)
SI_UNIT($,.METRE.)
);
#6048=(
NAMED_UNIT(*)
PLANE_ANGLE_UNIT()
SI_UNIT($,.RADIAN.)
);
#6049=(
NAMED_UNIT(*)
SI_UNIT($,.STERADIAN.)
SOLID_ANGLE_UNIT()
);
#6050=SHAPE_DEFINITION_REPRESENTATION(#6055,#6064);
#6051=SHAPE_DEFINITION_REPRESENTATION(#6056,#6065);
#6052=SHAPE_DEFINITION_REPRESENTATION(#6057,#6066);
#6053=SHAPE_DEFINITION_REPRESENTATION(#6058,#6067);
#6054=SHAPE_DEFINITION_REPRESENTATION(#6059,#6068);
#6055=PRODUCT_DEFINITION_SHAPE('',$,#6070);
#6056=PRODUCT_DEFINITION_SHAPE('',$,#6071);
#6057=PRODUCT_DEFINITION_SHAPE('',$,#6072);
#6058=PRODUCT_DEFINITION_SHAPE('',$,#6073);
#6059=PRODUCT_DEFINITION_SHAPE('',$,#6074);
#6060=PRODUCT_DEFINITION_SHAPE($,$,#23);
#6061=PRODUCT_DEFINITION_SHAPE($,$,#24);
#6062=PRODUCT_DEFINITION_SHAPE($,$,#25);
#6063=PRODUCT_DEFINITION_SHAPE($,$,#26);
#6064=SHAPE_REPRESENTATION('',(#1730,#1854),#6040);
#6065=SHAPE_REPRESENTATION('',(#1731,#1852,#1853),#6041);
#6066=SHAPE_REPRESENTATION('',(#1732),#6042);
#6067=SHAPE_REPRESENTATION('',(#1845,#1851),#6043);
#6068=SHAPE_REPRESENTATION('',(#1846),#6044);
#6069=PRODUCT_DEFINITION_CONTEXT('part definition',#6086,'design');
#6070=PRODUCT_DEFINITION('Drum','Drum v24',#6075,#6069);
#6071=PRODUCT_DEFINITION('CAM Mechanism','CAM Mechanism v16',#6076,#6069);
#6072=PRODUCT_DEFINITION('Handle','Handle',#6077,#6069);
#6073=PRODUCT_DEFINITION('Spring','Spring',#6078,#6069);
#6074=PRODUCT_DEFINITION('Component4','Component4',#6079,#6069);
#6075=PRODUCT_DEFINITION_FORMATION('',$,#6088);
#6076=PRODUCT_DEFINITION_FORMATION('',$,#6089);
#6077=PRODUCT_DEFINITION_FORMATION('',$,#6090);
#6078=PRODUCT_DEFINITION_FORMATION('',$,#6091);
#6079=PRODUCT_DEFINITION_FORMATION('',$,#6092);
#6080=PRODUCT_RELATED_PRODUCT_CATEGORY('Drum v24','Drum v24',(#6088));
#6081=PRODUCT_RELATED_PRODUCT_CATEGORY('CAM Mechanism v16',
'CAM Mechanism v16',(#6089));
#6082=PRODUCT_RELATED_PRODUCT_CATEGORY('Handle','Handle',(#6090));
#6083=PRODUCT_RELATED_PRODUCT_CATEGORY('Spring','Spring',(#6091));
#6084=PRODUCT_RELATED_PRODUCT_CATEGORY('Component4','Component4',(#6092));
#6085=APPLICATION_PROTOCOL_DEFINITION('international standard',
'automotive_design',2009,#6086);
#6086=APPLICATION_CONTEXT(
'Core Data for Automotive Mechanical Design Process');
#6087=PRODUCT_CONTEXT('part definition',#6086,'mechanical');
#6088=PRODUCT('Drum','Drum v24',$,(#6087));
#6089=PRODUCT('CAM Mechanism','CAM Mechanism v16',$,(#6087));
#6090=PRODUCT('Handle','Handle',$,(#6087));
#6091=PRODUCT('Spring','Spring',$,(#6087));
#6092=PRODUCT('Component4','Component4',$,(#6087));
#6093=PRESENTATION_STYLE_ASSIGNMENT((#6095));
#6094=PRESENTATION_STYLE_ASSIGNMENT((#6096));
#6095=SURFACE_STYLE_USAGE(.BOTH.,#6097);
#6096=SURFACE_STYLE_USAGE(.BOTH.,#6098);
#6097=SURFACE_SIDE_STYLE('',(#6099));
#6098=SURFACE_SIDE_STYLE('',(#6100));
#6099=SURFACE_STYLE_FILL_AREA(#6101);
#6100=SURFACE_STYLE_FILL_AREA(#6102);
#6101=FILL_AREA_STYLE('Steel - Satin',(#6103));
#6102=FILL_AREA_STYLE('ABS (White)',(#6104));
#6103=FILL_AREA_STYLE_COLOUR('Steel - Satin',#6105);
#6104=FILL_AREA_STYLE_COLOUR('ABS (White)',#6106);
#6105=COLOUR_RGB('Steel - Satin',0.627450980392157,0.627450980392157,0.627450980392157);
#6106=COLOUR_RGB('ABS (White)',0.964705882352941,0.964705882352941,0.952941176470588);
ENDSEC;
END-ISO-10303-21;
