ISO-10303-21;
HEADER;
/* Generated by software containing ST-Developer
 * from STEP Tools, Inc. (www.steptools.com) 
 */

FILE_DESCRIPTION(
/* description */ (''),
/* implementation_level */ '2;1');

FILE_NAME(
/* name */ 'BoltHandle.step',
/* time_stamp */ '2026-08-10T16:59:43+08:00',
/* author */ (''),
/* organization */ (''),
/* preprocessor_version */ 'ST-DEVELOPER v20.1',
/* originating_system */ 'Autodesk Translation Framework v15.8.0.0',
/* authorisation */ '');

FILE_SCHEMA (('AUTOMOTIVE_DESIGN { 1 0 10303 214 3 1 1 }'));
ENDSEC;

DATA;
#10=MECHANICAL_DESIGN_GEOMETRIC_PRESENTATION_REPRESENTATION('',(#21,#22,
#23,#24,#25,#26),#1990);
#11=ITEM_DEFINED_TRANSFORMATION($,$,#242,#265);
#12=(
REPRESENTATION_RELATIONSHIP($,$,#2001,#2000)
REPRESENTATION_RELATIONSHIP_WITH_TRANSFORMATION(#11)
SHAPE_REPRESENTATION_RELATIONSHIP()
);
#13=CONTEXT_DEPENDENT_SHAPE_REPRESENTATION(#12,#1999);
#14=NEXT_ASSEMBLY_USAGE_OCCURRENCE('bolt v1:1','bolt v1:1','bolt v1:1',
#2003,#2004,'bolt v1:1');
#15=SHAPE_REPRESENTATION_RELATIONSHIP('SRR','None',#2001,#16);
#16=ADVANCED_BREP_SHAPE_REPRESENTATION('',(#17),#1989);
#17=MANIFOLD_SOLID_BREP('Body1',#228);
#18=FACE_BOUND('',#59,.T.);
#19=CONICAL_SURFACE('',#255,4.95710678118655,1.17809724509617);
#20=CONICAL_SURFACE('',#258,9.25,0.785398163397448);
#21=STYLED_ITEM('',(#2022),#223);
#22=STYLED_ITEM('',(#2022),#224);
#23=STYLED_ITEM('',(#2022),#225);
#24=STYLED_ITEM('',(#2022),#226);
#25=STYLED_ITEM('',(#2022),#227);
#26=STYLED_ITEM('',(#2017),#17);
#27=B_SPLINE_SURFACE_WITH_KNOTS('',3,3,((#1427,#1428,#1429,#1430,#1431,
#1432,#1433,#1434,#1435,#1436,#1437,#1438,#1439,#1440,#1441,#1442,#1443,
#1444,#1445,#1446,#1447,#1448,#1449,#1450,#1451,#1452,#1453,#1454,#1455,
#1456,#1457,#1458,#1459,#1460,#1461,#1462,#1463,#1464,#1465,#1466,#1467),
(#1468,#1469,#1470,#1471,#1472,#1473,#1474,#1475,#1476,#1477,#1478,#1479,
#1480,#1481,#1482,#1483,#1484,#1485,#1486,#1487,#1488,#1489,#1490,#1491,
#1492,#1493,#1494,#1495,#1496,#1497,#1498,#1499,#1500,#1501,#1502,#1503,
#1504,#1505,#1506,#1507,#1508),(#1509,#1510,#1511,#1512,#1513,#1514,#1515,
#1516,#1517,#1518,#1519,#1520,#1521,#1522,#1523,#1524,#1525,#1526,#1527,
#1528,#1529,#1530,#1531,#1532,#1533,#1534,#1535,#1536,#1537,#1538,#1539,
#1540,#1541,#1542,#1543,#1544,#1545,#1546,#1547,#1548,#1549),(#1550,#1551,
#1552,#1553,#1554,#1555,#1556,#1557,#1558,#1559,#1560,#1561,#1562,#1563,
#1564,#1565,#1566,#1567,#1568,#1569,#1570,#1571,#1572,#1573,#1574,#1575,
#1576,#1577,#1578,#1579,#1580,#1581,#1582,#1583,#1584,#1585,#1586,#1587,
#1588,#1589,#1590),(#1591,#1592,#1593,#1594,#1595,#1596,#1597,#1598,#1599,
#1600,#1601,#1602,#1603,#1604,#1605,#1606,#1607,#1608,#1609,#1610,#1611,
#1612,#1613,#1614,#1615,#1616,#1617,#1618,#1619,#1620,#1621,#1622,#1623,
#1624,#1625,#1626,#1627,#1628,#1629,#1630,#1631),(#1632,#1633,#1634,#1635,
#1636,#1637,#1638,#1639,#1640,#1641,#1642,#1643,#1644,#1645,#1646,#1647,
#1648,#1649,#1650,#1651,#1652,#1653,#1654,#1655,#1656,#1657,#1658,#1659,
#1660,#1661,#1662,#1663,#1664,#1665,#1666,#1667,#1668,#1669,#1670,#1671,
#1672),(#1673,#1674,#1675,#1676,#1677,#1678,#1679,#1680,#1681,#1682,#1683,
#1684,#1685,#1686,#1687,#1688,#1689,#1690,#1691,#1692,#1693,#1694,#1695,
#1696,#1697,#1698,#1699,#1700,#1701,#1702,#1703,#1704,#1705,#1706,#1707,
#1708,#1709,#1710,#1711,#1712,#1713),(#1714,#1715,#1716,#1717,#1718,#1719,
#1720,#1721,#1722,#1723,#1724,#1725,#1726,#1727,#1728,#1729,#1730,#1731,
#1732,#1733,#1734,#1735,#1736,#1737,#1738,#1739,#1740,#1741,#1742,#1743,
#1744,#1745,#1746,#1747,#1748,#1749,#1750,#1751,#1752,#1753,#1754),(#1755,
#1756,#1757,#1758,#1759,#1760,#1761,#1762,#1763,#1764,#1765,#1766,#1767,
#1768,#1769,#1770,#1771,#1772,#1773,#1774,#1775,#1776,#1777,#1778,#1779,
#1780,#1781,#1782,#1783,#1784,#1785,#1786,#1787,#1788,#1789,#1790,#1791,
#1792,#1793,#1794,#1795),(#1796,#1797,#1798,#1799,#1800,#1801,#1802,#1803,
#1804,#1805,#1806,#1807,#1808,#1809,#1810,#1811,#1812,#1813,#1814,#1815,
#1816,#1817,#1818,#1819,#1820,#1821,#1822,#1823,#1824,#1825,#1826,#1827,
#1828,#1829,#1830,#1831,#1832,#1833,#1834,#1835,#1836)),.UNSPECIFIED.,.F.,
 .F.,.F.,(4,1,1,1,1,1,1,4),(4,1,1,1,1,1,1,1,1,1,1,1,1,1,1,1,1,1,1,1,1,1,
1,1,1,1,1,1,1,1,1,1,1,1,1,1,1,1,4),(-5.16158599824981,-4.58447008675902,
-4.00735417526823,-3.43023826377743,-2.85312235228664,-2.27600644079584,
-1.69889052930505,-1.12177461781426),(0.,0.496040945303652,0.992081890607303,
1.48812283591095,1.98416378121461,2.48020472651826,2.97624567182191,3.47228661712556,
3.96832756242921,4.46436850773286,4.96040945303652,5.45645039834017,5.95249134364382,
6.44853228894747,6.94457323425112,7.44061417955477,7.93665512485842,8.43269607016208,
8.92873701546573,9.42477796076938,9.92081890607303,10.4168598513767,10.9129007966803,
11.408941741984,11.9049826872876,12.4010236325913,12.8970645778949,13.3931055231986,
13.8891464685022,14.3851874138059,14.8812283591095,15.3772693044132,15.8733102497168,
16.3693511950205,16.8653921403242,17.3614330856278,17.8574740309315,18.3535149762351,
18.8495559215388),.UNSPECIFIED.);
#28=PLANE('',#248);
#29=PLANE('',#251);
#30=PLANE('',#252);
#31=PLANE('',#261);
#32=PLANE('',#264);
#33=FACE_OUTER_BOUND('',#46,.T.);
#34=FACE_OUTER_BOUND('',#47,.T.);
#35=FACE_OUTER_BOUND('',#48,.T.);
#36=FACE_OUTER_BOUND('',#49,.T.);
#37=FACE_OUTER_BOUND('',#50,.T.);
#38=FACE_OUTER_BOUND('',#51,.T.);
#39=FACE_OUTER_BOUND('',#52,.T.);
#40=FACE_OUTER_BOUND('',#53,.T.);
#41=FACE_OUTER_BOUND('',#54,.T.);
#42=FACE_OUTER_BOUND('',#55,.T.);
#43=FACE_OUTER_BOUND('',#56,.T.);
#44=FACE_OUTER_BOUND('',#57,.T.);
#45=FACE_OUTER_BOUND('',#58,.T.);
#46=EDGE_LOOP('',(#150,#151,#152,#153,#154,#155,#156,#157));
#47=EDGE_LOOP('',(#158,#159,#160,#161));
#48=EDGE_LOOP('',(#162,#163,#164,#165,#166,#167));
#49=EDGE_LOOP('',(#168,#169,#170));
#50=EDGE_LOOP('',(#171,#172,#173,#174,#175,#176,#177,#178,#179,#180,#181,
#182));
#51=EDGE_LOOP('',(#183,#184));
#52=EDGE_LOOP('',(#185,#186,#187,#188,#189));
#53=EDGE_LOOP('',(#190,#191,#192));
#54=EDGE_LOOP('',(#193,#194,#195,#196));
#55=EDGE_LOOP('',(#197,#198,#199,#200,#201));
#56=EDGE_LOOP('',(#202));
#57=EDGE_LOOP('',(#203,#204,#205,#206,#207));
#58=EDGE_LOOP('',(#208));
#59=EDGE_LOOP('',(#209));
#60=CIRCLE('',#244,2.15);
#61=CIRCLE('',#247,2.15);
#62=CIRCLE('',#249,0.4945);
#63=CIRCLE('',#250,0.4945);
#64=CIRCLE('',#253,2.15);
#65=CIRCLE('',#256,6.66421356237309);
#66=CIRCLE('',#257,3.25);
#67=CIRCLE('',#259,13.25);
#68=CIRCLE('',#260,13.25);
#69=CIRCLE('',#263,13.25);
#70=B_SPLINE_CURVE_WITH_KNOTS('',3,(#333,#334,#335,#336,#337,#338,#339,
#340,#341,#342,#343,#344,#345,#346,#347,#348,#349,#350,#351,#352,#353,#354,
#355,#356,#357,#358,#359,#360,#361,#362,#363,#364,#365,#366,#367,#368,#369,
#370,#371,#372,#373,#374,#375,#376,#377,#378,#379,#380,#381,#382,#383,#384,
#385,#386,#387,#388,#389,#390,#391,#392,#393,#394,#395,#396,#397,#398,#399,
#400,#401,#402,#403,#404,#405,#406,#407,#408,#409,#410,#411,#412,#413,#414,
#415,#416,#417,#418,#419,#420,#421,#422,#423,#424,#425,#426,#427,#428,#429,
#430,#431,#432,#433,#434,#435,#436,#437,#438,#439,#440,#441,#442,#443,#444,
#445,#446,#447,#448,#449,#450,#451,#452,#453,#454,#455,#456,#457,#458,#459,
#460,#461,#462,#463,#464,#465,#466,#467,#468,#469,#470,#471,#472,#473,#474,
#475,#476,#477,#478,#479,#480,#481,#482,#483,#484,#485,#486,#487,#488,#489,
#490,#491,#492,#493,#494,#495,#496,#497,#498,#499,#500,#501,#502,#503,#504,
#505,#506,#507,#508,#509,#510,#511,#512,#513,#514,#515,#516,#517,#518,#519,
#520,#521,#522,#523,#524,#525,#526,#527,#528,#529,#530,#531,#532,#533,#534,
#535,#536,#537,#538,#539,#540,#541,#542,#543,#544,#545,#546),
 .UNSPECIFIED.,.F.,.F.,(4,3,3,3,3,3,3,3,3,3,3,3,3,3,3,3,3,3,3,3,3,3,3,3,
3,3,3,3,3,3,3,3,3,3,3,3,3,3,3,3,3,3,3,3,3,3,3,3,3,3,3,3,3,3,3,3,3,3,3,3,
3,3,3,3,3,3,3,3,3,3,3,4),(2.72256020122415,2.7464036959396,2.77028668423887,
2.7937687920385,2.7984662876837,2.80574953227504,2.82934733221667,2.85311464145254,
2.87661797991165,2.89105296522806,2.90507891783531,2.92860861394818,2.95256295864966,
2.97651730335113,3.00008514006491,3.01100146363932,3.03452099262232,3.05803073004949,
3.06185490507846,3.08533883795756,3.10885017319849,3.11661644069054,3.14016486722455,
3.14687474283145,3.17036445297416,3.19397716700458,3.217325629296,3.22237284116839,
3.23160645313344,3.25505176383087,3.27873342978318,3.30226447873976,3.31627010246036,
3.32870267897109,3.35229974299606,3.3767167221,3.40113370120393,3.42507389849944,
3.43600980101724,3.45985505752098,3.48376324446153,3.4863697803403,3.51032422498417,
3.53437384666098,3.54434070654823,3.56839653883052,3.57195839556296,3.59599317868931,
3.62018087188596,3.64405315766345,3.6534736669945,3.65765338952723,3.68158565381567,
3.7057918926137,3.72984400818488,3.74307788307366,3.76306498823983,3.78717016683451,
3.81135379400317,3.8279751144529,3.85216755929217,3.87273183509084,3.89693716144609,
3.91241308640403,3.93647032950723,3.96050127173487,3.98191455277755,3.99671665310731,
4.02070903544671,4.04352144084357,4.06737883043522,4.08577660870529),
 .UNSPECIFIED.);
#71=B_SPLINE_CURVE_WITH_KNOTS('',3,(#551,#552,#553,#554),.UNSPECIFIED.,
 .F.,.F.,(4,4),(4.08577660870529,4.09000143539537),.UNSPECIFIED.);
#72=B_SPLINE_CURVE_WITH_KNOTS('',3,(#557,#558,#559,#560),.UNSPECIFIED.,
 .F.,.F.,(4,4),(0.,0.00421902240998557),.UNSPECIFIED.);
#73=B_SPLINE_CURVE_WITH_KNOTS('',3,(#565,#566,#567,#568,#569,#570,#571,
#572,#573,#574,#575,#576,#577,#578,#579,#580,#581,#582,#583,#584,#585,#586,
#587,#588,#589,#590,#591,#592,#593,#594,#595,#596,#597,#598,#599,#600,#601,
#602,#603,#604,#605,#606,#607,#608,#609,#610,#611,#612,#613,#614,#615,#616,
#617,#618,#619,#620,#621,#622,#623,#624,#625,#626,#627,#628,#629,#630,#631,
#632,#633,#634,#635,#636,#637,#638,#639,#640,#641,#642,#643,#644,#645,#646,
#647,#648,#649,#650,#651,#652,#653,#654,#655,#656,#657,#658,#659,#660,#661,
#662,#663,#664,#665,#666,#667,#668,#669,#670,#671,#672,#673,#674,#675,#676,
#677,#678,#679,#680,#681,#682,#683,#684,#685,#686,#687,#688,#689,#690,#691,
#692,#693,#694,#695,#696,#697,#698,#699,#700,#701,#702,#703,#704,#705,#706,
#707,#708,#709,#710,#711,#712,#713,#714,#715,#716,#717,#718,#719,#720,#721,
#722,#723,#724,#725,#726,#727,#728,#729,#730,#731,#732,#733,#734,#735,#736,
#737,#738,#739,#740,#741,#742,#743,#744,#745,#746,#747,#748,#749,#750,#751,
#752,#753,#754,#755,#756,#757,#758,#759,#760,#761,#762,#763,#764,#765,#766,
#767,#768,#769,#770,#771,#772,#773,#774,#775,#776,#777,#778,#779,#780,#781),
 .UNSPECIFIED.,.F.,.F.,(4,3,3,3,3,3,3,3,3,3,3,3,3,3,3,3,3,3,3,3,3,3,3,3,
3,3,3,3,3,3,3,3,3,3,3,3,3,3,3,3,3,3,3,3,3,3,3,3,3,3,3,3,3,3,3,3,3,3,3,3,
3,3,3,3,3,3,3,3,3,3,3,3,4),(1.35916775827733,1.3604095550904,1.38428865458525,
1.39927631607783,1.42315341828681,1.4453541594417,1.46906008774863,1.49270054547155,
1.50627429434727,1.53066773855276,1.55422295814038,1.57787419434969,1.60118556049807,
1.61237965106312,1.61613244646267,1.63951714594891,1.66309599667233,1.68646975630523,
1.70146098275883,1.71798236788604,1.74139002649545,1.76492402657805,1.78646872583273,
1.8100601787137,1.8236428534419,1.84741818709302,1.87119352074414,1.89478674231623,
1.91843719828808,1.92979759920294,1.95347602027022,1.95585984656964,1.97951583504415,
2.00334567754625,2.02693117841953,2.03675375721464,2.04073455236395,2.06440278848076,
2.08834277382101,2.11215498978241,2.12598473307952,2.14468536261574,2.16857259573919,
2.19262912279287,2.21158253523344,2.23574828918078,2.25360287175428,2.27776686499935,
2.29727452960908,2.32139106387235,2.34554474382564,2.36314690086138,2.38268320090732,
2.40675316290002,2.43099982688971,2.45493985442828,2.46756099074505,2.47279756561201,
2.49679053327472,2.52100174840874,2.54500368867654,2.55198783794438,2.57609728043202,
2.58216317317742,2.60624081928333,2.63030613510049,2.63629351331164,2.66026237755674,
2.68419815556176,2.69082500869156,2.71482911755403,2.72081985864121,2.72256020122415),
 .UNSPECIFIED.);
#74=B_SPLINE_CURVE_WITH_KNOTS('',3,(#782,#783,#784,#785,#786,#787,#788,
#789,#790,#791,#792,#793,#794,#795,#796,#797,#798,#799,#800,#801,#802,#803,
#804,#805,#806,#807,#808,#809,#810,#811,#812,#813,#814,#815,#816,#817,#818,
#819,#820,#821,#822,#823,#824,#825,#826,#827,#828,#829,#830,#831,#832,#833,
#834,#835,#836,#837,#838,#839,#840,#841,#842,#843,#844,#845,#846,#847,#848,
#849,#850,#851,#852,#853,#854,#855,#856,#857,#858,#859,#860,#861,#862,#863,
#864,#865,#866,#867,#868,#869,#870,#871,#872,#873,#874,#875,#876,#877,#878,
#879,#880,#881,#882,#883,#884,#885,#886,#887,#888,#889,#890,#891,#892,#893,
#894,#895,#896,#897,#898,#899,#900,#901,#902,#903,#904,#905,#906,#907,#908,
#909,#910,#911,#912,#913,#914,#915,#916,#917,#918,#919,#920,#921,#922,#923,
#924,#925,#926,#927,#928,#929,#930,#931,#932,#933,#934,#935,#936,#937,#938,
#939,#940,#941,#942,#943,#944,#945,#946,#947,#948,#949,#950,#951,#952,#953,
#954,#955,#956,#957,#958,#959,#960,#961,#962,#963,#964,#965,#966,#967,#968,
#969,#970,#971,#972,#973,#974,#975,#976,#977,#978,#979,#980,#981,#982,#983,
#984,#985,#986,#987,#988,#989,#990,#991,#992),.UNSPECIFIED.,.F.,.F.,(4,
3,3,3,3,3,3,3,3,3,3,3,3,3,3,3,3,3,3,3,3,3,3,3,3,3,3,3,3,3,3,3,3,3,3,3,3,
3,3,3,3,3,3,3,3,3,3,3,3,3,3,3,3,3,3,3,3,3,3,3,3,3,3,3,3,3,3,3,3,3,4),(0.00421902240998557,
0.027941921085504,0.0519133739918933,0.0757421227275842,0.0853213934119039,
0.108126106792037,0.132076739739627,0.156142145433014,0.170958213164649,
0.195142453417846,0.217189881427417,0.241356228753418,0.256619531480015,
0.280720312749757,0.30488060881057,0.326790488839791,0.341930560229688,
0.365991072572726,0.390232868913714,0.414175372909627,0.426698852093661,
0.436403887343597,0.460405898425611,0.485736654500189,0.509721816525224,
0.511067410574767,0.535166639543032,0.545662711002605,0.570524940207347,
0.595387169412088,0.619334965147398,0.64322057430992,0.654140606048205,
0.678118565973357,0.67997844442312,0.703766253083121,0.727636547724661,
0.751126536194746,0.761567489674788,0.764983970979099,0.788546687493951,
0.812285853383978,0.83577464847387,0.850334170053392,0.868013206429166,
0.891526040693705,0.915099079869223,0.935790593324375,0.959352584643277,
0.97383737121336,0.997453838877969,1.02107030654258,1.04455963048628,1.06806117841937,
1.0794380107313,1.10298622610787,1.10601933552954,1.12949681611758,1.15312230395968,
1.17649686317341,1.1852641143623,1.19071158438404,1.21416496620557,1.2378639704951,
1.26142490475611,1.27538889648473,1.29174968113034,1.31537693239211,1.3392010462393,
1.36031070485757,1.36752858051383),.UNSPECIFIED.);
#75=B_SPLINE_CURVE_WITH_KNOTS('',3,(#1001,#1002,#1003,#1004,#1005,#1006,
#1007,#1008,#1009,#1010,#1011,#1012,#1013,#1014,#1015,#1016,#1017,#1018,
#1019,#1020,#1021,#1022,#1023,#1024,#1025,#1026,#1027,#1028,#1029,#1030,
#1031,#1032,#1033,#1034,#1035,#1036,#1037,#1038,#1039,#1040,#1041,#1042,
#1043,#1044,#1045,#1046,#1047,#1048,#1049,#1050,#1051,#1052,#1053,#1054,
#1055,#1056,#1057,#1058,#1059,#1060,#1061,#1062,#1063,#1064,#1065,#1066,
#1067,#1068,#1069,#1070,#1071,#1072,#1073,#1074,#1075,#1076,#1077,#1078,
#1079,#1080,#1081,#1082,#1083,#1084,#1085,#1086,#1087,#1088,#1089,#1090,
#1091,#1092,#1093,#1094,#1095,#1096,#1097,#1098,#1099,#1100,#1101,#1102,
#1103,#1104,#1105,#1106,#1107,#1108,#1109,#1110,#1111,#1112,#1113,#1114,
#1115,#1116,#1117,#1118,#1119,#1120,#1121,#1122,#1123,#1124,#1125,#1126,
#1127,#1128,#1129,#1130,#1131,#1132,#1133,#1134,#1135,#1136,#1137,#1138,
#1139,#1140,#1141,#1142,#1143,#1144,#1145,#1146,#1147,#1148,#1149,#1150,
#1151,#1152,#1153,#1154,#1155,#1156,#1157,#1158,#1159,#1160,#1161,#1162,
#1163,#1164,#1165,#1166,#1167,#1168,#1169,#1170,#1171,#1172,#1173,#1174,
#1175,#1176,#1177,#1178,#1179,#1180,#1181,#1182,#1183,#1184,#1185,#1186,
#1187,#1188,#1189,#1190,#1191,#1192,#1193,#1194,#1195,#1196,#1197,#1198,
#1199,#1200,#1201,#1202,#1203,#1204,#1205),.UNSPECIFIED.,.F.,.F.,(4,3,3,
3,3,3,3,3,3,3,3,3,3,3,3,3,3,3,3,3,3,3,3,3,3,3,3,3,3,3,3,3,3,3,3,3,3,3,3,
3,3,3,3,3,3,3,3,3,3,3,3,3,3,3,3,3,3,3,3,3,3,3,3,3,3,3,3,3,4),(0.,0.0236867350583953,
0.0475764057984356,0.0712504400276718,0.0849594857248925,0.107275393242372,
0.130948440062842,0.154612688468821,0.170282927976166,0.193914114492941,
0.213671013214181,0.237298210901803,0.255747627871697,0.279246577399053,
0.302748755141872,0.319444080564496,0.341066854315871,0.364520571494586,
0.388095836561791,0.41136289239929,0.425007553982308,0.426062554600184,
0.449382376393197,0.472963386953456,0.496448182096923,0.510780730798879,
0.530894745817463,0.554436877846153,0.57811194105773,0.595450080898018,
0.619266401242492,0.637577355432255,0.661390621018587,0.680336111848728,
0.704160924791174,0.728087531915412,0.745235922248299,0.765600363686161,
0.789519785850508,0.813622475606776,0.837438846940344,0.851207027202148,
0.853809815829672,0.877672906270646,0.901822396741745,0.925855256817077,
0.936895521683969,0.961089467900371,0.963147494478072,0.987263576044687,
1.01143046900236,1.0222880374951,1.04757903591513,1.07287003433516,1.09709199085008,
1.10714649604088,1.13124660484857,1.15545807537752,1.17933369101819,1.18240706545706,
1.19156265814927,1.21552553232208,1.23966945781847,1.26352910626536,1.27587088627706,
1.29127402157634,1.31517237179329,1.33914792494518,1.35916775827733),
 .UNSPECIFIED.);
#76=B_SPLINE_CURVE_WITH_KNOTS('',3,(#1206,#1207,#1208,#1209,#1210,#1211,
#1212,#1213,#1214,#1215,#1216,#1217,#1218,#1219,#1220,#1221,#1222,#1223,
#1224,#1225,#1226,#1227,#1228,#1229,#1230,#1231,#1232,#1233,#1234,#1235,
#1236,#1237,#1238,#1239,#1240,#1241,#1242,#1243,#1244,#1245,#1246,#1247,
#1248,#1249,#1250,#1251,#1252,#1253,#1254,#1255,#1256,#1257,#1258,#1259,
#1260,#1261,#1262,#1263,#1264,#1265,#1266,#1267,#1268,#1269,#1270,#1271,
#1272,#1273,#1274,#1275,#1276,#1277,#1278,#1279,#1280,#1281,#1282,#1283,
#1284,#1285,#1286,#1287,#1288,#1289,#1290,#1291,#1292,#1293,#1294,#1295,
#1296,#1297,#1298,#1299,#1300,#1301,#1302,#1303,#1304,#1305,#1306,#1307,
#1308,#1309,#1310,#1311,#1312,#1313,#1314,#1315,#1316,#1317,#1318,#1319,
#1320,#1321,#1322,#1323,#1324,#1325,#1326,#1327,#1328,#1329,#1330,#1331,
#1332,#1333,#1334,#1335,#1336,#1337,#1338,#1339,#1340,#1341,#1342,#1343,
#1344,#1345,#1346,#1347,#1348,#1349,#1350,#1351,#1352,#1353,#1354,#1355,
#1356,#1357,#1358,#1359,#1360,#1361,#1362,#1363,#1364,#1365,#1366,#1367,
#1368,#1369,#1370,#1371,#1372,#1373,#1374,#1375,#1376,#1377,#1378,#1379,
#1380,#1381,#1382,#1383,#1384,#1385,#1386,#1387,#1388,#1389,#1390,#1391,
#1392,#1393,#1394,#1395,#1396,#1397,#1398,#1399,#1400,#1401,#1402,#1403,
#1404,#1405,#1406,#1407,#1408,#1409,#1410,#1411,#1412,#1413,#1414,#1415,
#1416,#1417,#1418,#1419,#1420,#1421,#1422),.UNSPECIFIED.,.F.,.F.,(4,3,3,
3,3,3,3,3,3,3,3,3,3,3,3,3,3,3,3,3,3,3,3,3,3,3,3,3,3,3,3,3,3,3,3,3,3,3,3,
3,3,3,3,3,3,3,3,3,3,3,3,3,3,3,3,3,3,3,3,3,3,3,3,3,3,3,3,3,3,3,3,3,4),(1.36752858051383,
1.3915055732111,1.39924993835201,1.4232207314661,1.44561829101408,1.46960419561327,
1.49366004473474,1.50775124448265,1.53124782563021,1.55526877626141,1.57946451925853,
1.60335129323912,1.616914890298,1.61698723148637,1.64091927946156,1.66512837190701,
1.68918958758915,1.70224340658327,1.72662597461771,1.75073977964848,1.77492186069453,
1.78703034117387,1.81163285031126,1.83623535944866,1.86042203864435,1.87140754917025,
1.89545047665521,1.92035695505326,1.94526343345131,1.95572282801187,1.97957482357591,
2.00359477572263,2.02732303960831,2.04030085373142,2.05333767429552,2.07709444010176,
2.10119309245276,2.12529174480377,2.14901573158198,2.16045286151913,2.18415015050425,
2.20779166395654,2.21063311602554,2.23420725090799,2.25775994079368,2.26669870295058,
2.29030249952609,2.29609085678791,2.31957823672199,2.34315528911042,2.36642235287696,
2.3723727659257,2.38138066141348,2.40474344142886,2.42830838714576,2.45168264091692,
2.46634146766232,2.47793420184029,2.50135274178525,2.52619600136359,2.54964562720447,
2.55103926094192,2.57472880719239,2.58396615381604,2.60756605777614,2.63123926776282,
2.63571235350075,2.65942696463797,2.68323379162642,2.69082372120792,2.71464426974803,
2.72062213396873,2.73084006252602),.UNSPECIFIED.);
#77=B_SPLINE_CURVE_WITH_KNOTS('',3,(#1838,#1839,#1840,#1841,#1842,#1843,
#1844,#1845,#1846,#1847,#1848,#1849),.UNSPECIFIED.,.F.,.F.,(4,2,2,2,2,4),
(0.960624909909181,0.990557643083618,1.03583426536541,1.08173972968379,
1.12909716302025,1.18722755369974),.UNSPECIFIED.);
#78=B_SPLINE_CURVE_WITH_KNOTS('',3,(#1851,#1852,#1853,#1854,#1855,#1856,
#1857,#1858,#1859,#1860,#1861,#1862,#1863,#1864,#1865,#1866,#1867,#1868,
#1869,#1870,#1871,#1872,#1873,#1874,#1875,#1876,#1877,#1878),
 .UNSPECIFIED.,.F.,.F.,(4,2,2,2,2,2,2,2,2,2,2,2,2,4),(0.62902380118449,
0.658304937235234,0.673992798885361,0.682890661095144,0.688360011358825,
0.693030310280357,0.698397735380161,0.70705376442179,0.725365457470816,
0.802904424742819,0.850332011926966,0.898413666742683,0.945101621640166,
0.960624909909181),.UNSPECIFIED.);
#79=B_SPLINE_CURVE_WITH_KNOTS('',3,(#1879,#1880,#1881,#1882,#1883,#1884,
#1885,#1886,#1887,#1888,#1889,#1890,#1891,#1892,#1893,#1894,#1895,#1896,
#1897,#1898,#1899,#1900,#1901,#1902,#1903,#1904,#1905,#1906,#1907,#1908,
#1909,#1910,#1911,#1912,#1913,#1914,#1915,#1916,#1917,#1918,#1919,#1920,
#1921,#1922,#1923,#1924,#1925,#1926,#1927,#1928,#1929,#1930,#1931,#1932,
#1933,#1934,#1935,#1936,#1937,#1938,#1939,#1940,#1941,#1942,#1943,#1944,
#1945,#1946,#1947,#1948,#1949,#1950,#1951,#1952,#1953,#1954,#1955,#1956,
#1957,#1958,#1959,#1960),.UNSPECIFIED.,.F.,.F.,(4,3,3,3,3,3,3,3,3,3,3,3,
3,3,3,3,3,3,3,3,3,3,3,3,3,3,3,4),(2.73084006252602,2.75477355034141,2.77861632277091,
2.79864123625138,2.80591583614434,2.82972624416904,2.85380545382168,2.87773445678897,
2.89153771817865,2.90736397265336,2.9313610808416,2.95550871710115,2.97721002884081,
3.0014247706416,3.01683059679292,3.04104749103579,3.06255575911494,3.08668060041188,
3.11084140076051,3.1265501322496,3.14736151653968,3.17142235062548,3.19552429909616,
3.20747720300868,3.23155385277344,3.23582473370226,3.25993501234465,3.26686713462418),
 .UNSPECIFIED.);
#80=LINE('',#331,#90);
#81=LINE('',#548,#91);
#82=LINE('',#556,#92);
#83=LINE('',#564,#93);
#84=LINE('',#996,#94);
#85=LINE('',#1000,#95);
#86=LINE('',#1425,#96);
#87=LINE('',#1970,#97);
#88=LINE('',#1974,#98);
#89=LINE('',#1981,#99);
#90=VECTOR('',#272,2.15);
#91=VECTOR('',#273,2.15);
#92=VECTOR('',#276,10.);
#93=VECTOR('',#279,2.15);
#94=VECTOR('',#282,2.15);
#95=VECTOR('',#285,10.);
#96=VECTOR('',#288,10.);
#97=VECTOR('',#305,4.95710678118655);
#98=VECTOR('',#310,9.25);
#99=VECTOR('',#319,13.25);
#100=VERTEX_POINT('',#329);
#101=VERTEX_POINT('',#330);
#102=VERTEX_POINT('',#332);
#103=VERTEX_POINT('',#547);
#104=VERTEX_POINT('',#550);
#105=VERTEX_POINT('',#555);
#106=VERTEX_POINT('',#562);
#107=VERTEX_POINT('',#563);
#108=VERTEX_POINT('',#994);
#109=VERTEX_POINT('',#995);
#110=VERTEX_POINT('',#997);
#111=VERTEX_POINT('',#999);
#112=VERTEX_POINT('',#1424);
#113=VERTEX_POINT('',#1837);
#114=VERTEX_POINT('',#1850);
#115=VERTEX_POINT('',#1967);
#116=VERTEX_POINT('',#1969);
#117=VERTEX_POINT('',#1973);
#118=VERTEX_POINT('',#1975);
#119=VERTEX_POINT('',#1980);
#120=EDGE_CURVE('',#100,#101,#80,.T.);
#121=EDGE_CURVE('',#100,#102,#70,.T.);
#122=EDGE_CURVE('',#102,#103,#81,.T.);
#123=EDGE_CURVE('',#103,#103,#60,.T.);
#124=EDGE_CURVE('',#102,#104,#71,.T.);
#125=EDGE_CURVE('',#104,#105,#82,.T.);
#126=EDGE_CURVE('',#105,#101,#72,.T.);
#127=EDGE_CURVE('',#106,#107,#83,.T.);
#128=EDGE_CURVE('',#106,#100,#73,.T.);
#129=EDGE_CURVE('',#101,#107,#74,.T.);
#130=EDGE_CURVE('',#108,#109,#84,.T.);
#131=EDGE_CURVE('',#110,#108,#61,.T.);
#132=EDGE_CURVE('',#110,#111,#85,.T.);
#133=EDGE_CURVE('',#111,#106,#75,.T.);
#134=EDGE_CURVE('',#107,#109,#76,.T.);
#135=EDGE_CURVE('',#112,#110,#86,.T.);
#136=EDGE_CURVE('',#111,#112,#62,.T.);
#137=EDGE_CURVE('',#113,#112,#77,.T.);
#138=EDGE_CURVE('',#114,#113,#78,.T.);
#139=EDGE_CURVE('',#109,#114,#79,.T.);
#140=EDGE_CURVE('',#104,#105,#63,.T.);
#141=EDGE_CURVE('',#108,#114,#64,.T.);
#142=EDGE_CURVE('',#115,#115,#65,.T.);
#143=EDGE_CURVE('',#115,#116,#87,.T.);
#144=EDGE_CURVE('',#116,#116,#66,.T.);
#145=EDGE_CURVE('',#115,#117,#88,.T.);
#146=EDGE_CURVE('',#117,#118,#67,.T.);
#147=EDGE_CURVE('',#118,#117,#68,.T.);
#148=EDGE_CURVE('',#118,#119,#89,.T.);
#149=EDGE_CURVE('',#119,#119,#69,.T.);
#150=ORIENTED_EDGE('',*,*,#120,.F.);
#151=ORIENTED_EDGE('',*,*,#121,.T.);
#152=ORIENTED_EDGE('',*,*,#122,.T.);
#153=ORIENTED_EDGE('',*,*,#123,.F.);
#154=ORIENTED_EDGE('',*,*,#122,.F.);
#155=ORIENTED_EDGE('',*,*,#124,.T.);
#156=ORIENTED_EDGE('',*,*,#125,.T.);
#157=ORIENTED_EDGE('',*,*,#126,.T.);
#158=ORIENTED_EDGE('',*,*,#127,.F.);
#159=ORIENTED_EDGE('',*,*,#128,.T.);
#160=ORIENTED_EDGE('',*,*,#120,.T.);
#161=ORIENTED_EDGE('',*,*,#129,.T.);
#162=ORIENTED_EDGE('',*,*,#130,.F.);
#163=ORIENTED_EDGE('',*,*,#131,.F.);
#164=ORIENTED_EDGE('',*,*,#132,.T.);
#165=ORIENTED_EDGE('',*,*,#133,.T.);
#166=ORIENTED_EDGE('',*,*,#127,.T.);
#167=ORIENTED_EDGE('',*,*,#134,.T.);
#168=ORIENTED_EDGE('',*,*,#135,.F.);
#169=ORIENTED_EDGE('',*,*,#136,.F.);
#170=ORIENTED_EDGE('',*,*,#132,.F.);
#171=ORIENTED_EDGE('',*,*,#137,.F.);
#172=ORIENTED_EDGE('',*,*,#138,.F.);
#173=ORIENTED_EDGE('',*,*,#139,.F.);
#174=ORIENTED_EDGE('',*,*,#134,.F.);
#175=ORIENTED_EDGE('',*,*,#129,.F.);
#176=ORIENTED_EDGE('',*,*,#126,.F.);
#177=ORIENTED_EDGE('',*,*,#140,.F.);
#178=ORIENTED_EDGE('',*,*,#124,.F.);
#179=ORIENTED_EDGE('',*,*,#121,.F.);
#180=ORIENTED_EDGE('',*,*,#128,.F.);
#181=ORIENTED_EDGE('',*,*,#133,.F.);
#182=ORIENTED_EDGE('',*,*,#136,.T.);
#183=ORIENTED_EDGE('',*,*,#125,.F.);
#184=ORIENTED_EDGE('',*,*,#140,.T.);
#185=ORIENTED_EDGE('',*,*,#138,.T.);
#186=ORIENTED_EDGE('',*,*,#137,.T.);
#187=ORIENTED_EDGE('',*,*,#135,.T.);
#188=ORIENTED_EDGE('',*,*,#131,.T.);
#189=ORIENTED_EDGE('',*,*,#141,.T.);
#190=ORIENTED_EDGE('',*,*,#130,.T.);
#191=ORIENTED_EDGE('',*,*,#139,.T.);
#192=ORIENTED_EDGE('',*,*,#141,.F.);
#193=ORIENTED_EDGE('',*,*,#142,.T.);
#194=ORIENTED_EDGE('',*,*,#143,.T.);
#195=ORIENTED_EDGE('',*,*,#144,.T.);
#196=ORIENTED_EDGE('',*,*,#143,.F.);
#197=ORIENTED_EDGE('',*,*,#142,.F.);
#198=ORIENTED_EDGE('',*,*,#145,.T.);
#199=ORIENTED_EDGE('',*,*,#146,.T.);
#200=ORIENTED_EDGE('',*,*,#147,.T.);
#201=ORIENTED_EDGE('',*,*,#145,.F.);
#202=ORIENTED_EDGE('',*,*,#144,.F.);
#203=ORIENTED_EDGE('',*,*,#146,.F.);
#204=ORIENTED_EDGE('',*,*,#147,.F.);
#205=ORIENTED_EDGE('',*,*,#148,.T.);
#206=ORIENTED_EDGE('',*,*,#149,.F.);
#207=ORIENTED_EDGE('',*,*,#148,.F.);
#208=ORIENTED_EDGE('',*,*,#149,.T.);
#209=ORIENTED_EDGE('',*,*,#123,.T.);
#210=CYLINDRICAL_SURFACE('',#243,2.15);
#211=CYLINDRICAL_SURFACE('',#245,2.15);
#212=CYLINDRICAL_SURFACE('',#246,2.15);
#213=CYLINDRICAL_SURFACE('',#254,2.15);
#214=CYLINDRICAL_SURFACE('',#262,13.25);
#215=ADVANCED_FACE('',(#33),#210,.T.);
#216=ADVANCED_FACE('',(#34),#211,.T.);
#217=ADVANCED_FACE('',(#35),#212,.T.);
#218=ADVANCED_FACE('',(#36),#28,.T.);
#219=ADVANCED_FACE('',(#37),#27,.F.);
#220=ADVANCED_FACE('',(#38),#29,.F.);
#221=ADVANCED_FACE('',(#39),#30,.T.);
#222=ADVANCED_FACE('',(#40),#213,.T.);
#223=ADVANCED_FACE('',(#41),#19,.T.);
#224=ADVANCED_FACE('',(#42),#20,.T.);
#225=ADVANCED_FACE('',(#43),#31,.T.);
#226=ADVANCED_FACE('',(#44),#214,.T.);
#227=ADVANCED_FACE('',(#45,#18),#32,.T.);
#228=CLOSED_SHELL('',(#215,#216,#217,#218,#219,#220,#221,#222,#223,#224,
#225,#226,#227));
#229=DERIVED_UNIT_ELEMENT(#231,1.);
#230=DERIVED_UNIT_ELEMENT(#1992,-3.);
#231=(
MASS_UNIT()
NAMED_UNIT(*)
SI_UNIT(.KILO.,.GRAM.)
);
#232=DERIVED_UNIT((#229,#230));
#233=MEASURE_REPRESENTATION_ITEM('density measure',
POSITIVE_RATIO_MEASURE(7850.),#232);
#234=PROPERTY_DEFINITION_REPRESENTATION(#239,#236);
#235=PROPERTY_DEFINITION_REPRESENTATION(#240,#237);
#236=REPRESENTATION('material name',(#238),#1989);
#237=REPRESENTATION('density',(#233),#1989);
#238=DESCRIPTIVE_REPRESENTATION_ITEM('Steel','Steel');
#239=PROPERTY_DEFINITION('material property','material name',#2004);
#240=PROPERTY_DEFINITION('material property','density of part',#2004);
#241=AXIS2_PLACEMENT_3D('',#326,#266,#267);
#242=AXIS2_PLACEMENT_3D('',#327,#268,#269);
#243=AXIS2_PLACEMENT_3D('',#328,#270,#271);
#244=AXIS2_PLACEMENT_3D('',#549,#274,#275);
#245=AXIS2_PLACEMENT_3D('',#561,#277,#278);
#246=AXIS2_PLACEMENT_3D('',#993,#280,#281);
#247=AXIS2_PLACEMENT_3D('',#998,#283,#284);
#248=AXIS2_PLACEMENT_3D('',#1423,#286,#287);
#249=AXIS2_PLACEMENT_3D('',#1426,#289,#290);
#250=AXIS2_PLACEMENT_3D('',#1961,#291,#292);
#251=AXIS2_PLACEMENT_3D('',#1962,#293,#294);
#252=AXIS2_PLACEMENT_3D('',#1963,#295,#296);
#253=AXIS2_PLACEMENT_3D('',#1964,#297,#298);
#254=AXIS2_PLACEMENT_3D('',#1965,#299,#300);
#255=AXIS2_PLACEMENT_3D('',#1966,#301,#302);
#256=AXIS2_PLACEMENT_3D('',#1968,#303,#304);
#257=AXIS2_PLACEMENT_3D('',#1971,#306,#307);
#258=AXIS2_PLACEMENT_3D('',#1972,#308,#309);
#259=AXIS2_PLACEMENT_3D('',#1976,#311,#312);
#260=AXIS2_PLACEMENT_3D('',#1977,#313,#314);
#261=AXIS2_PLACEMENT_3D('',#1978,#315,#316);
#262=AXIS2_PLACEMENT_3D('',#1979,#317,#318);
#263=AXIS2_PLACEMENT_3D('',#1982,#320,#321);
#264=AXIS2_PLACEMENT_3D('',#1983,#322,#323);
#265=AXIS2_PLACEMENT_3D('',#1984,#324,#325);
#266=DIRECTION('axis',(0.,0.,1.));
#267=DIRECTION('refdir',(1.,0.,0.));
#268=DIRECTION('axis',(0.,0.,1.));
#269=DIRECTION('refdir',(1.,0.,0.));
#270=DIRECTION('center_axis',(0.,-1.,0.));
#271=DIRECTION('ref_axis',(1.,0.,0.));
#272=DIRECTION('',(0.,1.,0.));
#273=DIRECTION('',(0.,1.,0.));
#274=DIRECTION('center_axis',(-1.3684555315672E-48,1.,2.22044604925031E-16));
#275=DIRECTION('ref_axis',(1.,0.,0.));
#276=DIRECTION('',(0.,-1.,0.));
#277=DIRECTION('center_axis',(0.,-1.,0.));
#278=DIRECTION('ref_axis',(1.,0.,0.));
#279=DIRECTION('',(0.,1.,0.));
#280=DIRECTION('center_axis',(0.,-1.,0.));
#281=DIRECTION('ref_axis',(1.,0.,0.));
#282=DIRECTION('',(0.,1.,0.));
#283=DIRECTION('center_axis',(0.,-1.,0.));
#284=DIRECTION('ref_axis',(1.,0.,0.));
#285=DIRECTION('',(0.,1.,0.));
#286=DIRECTION('center_axis',(7.34788079488412E-16,0.,1.));
#287=DIRECTION('ref_axis',(1.,0.,-7.34788079488412E-16));
#288=DIRECTION('',(-1.,0.,7.34788079488412E-16));
#289=DIRECTION('center_axis',(-7.34788079488412E-16,0.,-1.));
#290=DIRECTION('ref_axis',(-1.,0.,7.34788079488412E-16));
#291=DIRECTION('center_axis',(0.,0.,-1.));
#292=DIRECTION('ref_axis',(-1.,0.,0.));
#293=DIRECTION('center_axis',(0.,0.,1.));
#294=DIRECTION('ref_axis',(1.,0.,0.));
#295=DIRECTION('center_axis',(0.,-1.,0.));
#296=DIRECTION('ref_axis',(1.,0.,0.));
#297=DIRECTION('center_axis',(0.,-1.,0.));
#298=DIRECTION('ref_axis',(1.,0.,0.));
#299=DIRECTION('center_axis',(0.,-1.,0.));
#300=DIRECTION('ref_axis',(1.,0.,0.));
#301=DIRECTION('center_axis',(1.96261557335472E-16,-1.,0.));
#302=DIRECTION('ref_axis',(-1.,2.02029856383615E-33,-9.09861585926964E-18));
#303=DIRECTION('center_axis',(0.,1.,1.33275803872025E-15));
#304=DIRECTION('ref_axis',(-1.,0.,0.));
#305=DIRECTION('',(-0.923879532511287,0.382683432365089,-1.21548636195332E-16));
#306=DIRECTION('center_axis',(1.3684555315672E-48,-1.,-2.22044604925031E-16));
#307=DIRECTION('ref_axis',(-1.,6.16297582203916E-33,-2.77555756156289E-17));
#308=DIRECTION('center_axis',(0.,-1.,-2.77555756156289E-16));
#309=DIRECTION('ref_axis',(-1.,6.16297582203916E-33,-2.77555756156289E-17));
#310=DIRECTION('',(0.707106781186548,-0.707106781186547,-2.63231007225474E-16));
#311=DIRECTION('center_axis',(-1.3684555315672E-48,1.,2.22044604925031E-16));
#312=DIRECTION('ref_axis',(-1.,6.16297582203916E-33,-2.77555756156289E-17));
#313=DIRECTION('center_axis',(-1.3684555315672E-48,1.,2.22044604925031E-16));
#314=DIRECTION('ref_axis',(-1.,6.16297582203916E-33,-2.77555756156289E-17));
#315=DIRECTION('center_axis',(-1.3684555315672E-48,1.,2.22044604925031E-16));
#316=DIRECTION('ref_axis',(1.,-6.16297582203916E-33,2.77555756156289E-17));
#317=DIRECTION('center_axis',(-1.3684555315672E-48,1.,2.22044604925031E-16));
#318=DIRECTION('ref_axis',(1.,-6.16297582203916E-33,2.77555756156289E-17));
#319=DIRECTION('',(1.3684555315672E-48,-1.,-2.22044604925031E-16));
#320=DIRECTION('center_axis',(1.3684555315672E-48,-1.,-2.22044604925031E-16));
#321=DIRECTION('ref_axis',(1.,-6.16297582203916E-33,2.77555756156289E-17));
#322=DIRECTION('center_axis',(1.3684555315672E-48,-1.,-2.22044604925031E-16));
#323=DIRECTION('ref_axis',(-1.,6.16297582203916E-33,-2.77555756156289E-17));
#324=DIRECTION('',(-7.49879891330376E-33,6.12323399573708E-17,1.));
#325=DIRECTION('',(3.00957559022263E-29,1.,-6.12323399573708E-17));
#326=CARTESIAN_POINT('',(0.,0.,0.));
#327=CARTESIAN_POINT('',(0.,0.,0.));
#328=CARTESIAN_POINT('Origin',(2.07027435964269,4.44089209850063E-15,-12.8340938159188));
#329=CARTESIAN_POINT('',(-0.0796239566702311,-15.8254326131466,-12.8341073204265));
#330=CARTESIAN_POINT('',(-0.0797071711934727,-15.2671034550468,-12.8340934767348));
#331=CARTESIAN_POINT('',(-0.0797256403573127,4.44089209850063E-15,-12.8340938159188));
#332=CARTESIAN_POINT('',(-0.0797059631033649,-14.3420992799702,-12.8340934251337));
#333=CARTESIAN_POINT('Ctrl Pts',(-0.0796239566702311,-15.8254326131466,
-12.8341073204265));
#334=CARTESIAN_POINT('Ctrl Pts',(-0.0795657064703506,-15.8162001804938,
-12.7551861643542));
#335=CARTESIAN_POINT('Ctrl Pts',(-0.0751929622538463,-15.8069888097465,
-12.676461705403));
#336=CARTESIAN_POINT('Ctrl Pts',(-0.0665916311959728,-15.7977879317315,
-12.5982920533228));
#337=CARTESIAN_POINT('Ctrl Pts',(-0.0579760531750148,-15.7885718136835,
-12.5199929235908));
#338=CARTESIAN_POINT('Ctrl Pts',(-0.0451178284496649,-15.7793662228296,
-12.4422494787834));
#339=CARTESIAN_POINT('Ctrl Pts',(-0.0280512149533259,-15.7701602686327,
-12.365420231253));
#340=CARTESIAN_POINT('Ctrl Pts',(-0.0112710678095097,-15.7611088381274,
-12.2898805772506));
#341=CARTESIAN_POINT('Ctrl Pts',(0.00957753990860854,-15.7520570549182,
-12.2152238043759));
#342=CARTESIAN_POINT('Ctrl Pts',(0.0345105981276914,-15.7429943226745,-12.1418029825907));
#343=CARTESIAN_POINT('Ctrl Pts',(0.0394983502241035,-15.7411813616911,-12.1271154599225));
#344=CARTESIAN_POINT('Ctrl Pts',(0.0446497086525638,-15.7393679617911,-12.1124774622768));
#345=CARTESIAN_POINT('Ctrl Pts',(0.0499650317714378,-15.737554037026,-12.0978919245883));
#346=CARTESIAN_POINT('Ctrl Pts',(0.0582061886091804,-15.7347416325595,-12.0752777389659));
#347=CARTESIAN_POINT('Ctrl Pts',(0.0668414849325443,-15.7319279664677,-12.0527896494028));
#348=CARTESIAN_POINT('Ctrl Pts',(0.0758659913591646,-15.729112716694,-12.0304365403998));
#349=CARTESIAN_POINT('Ctrl Pts',(0.105105498897385,-15.7199912741367,-11.9580122029018));
#350=CARTESIAN_POINT('Ctrl Pts',(0.138272288503592,-15.7109013903303,-11.8873864210373));
#351=CARTESIAN_POINT('Ctrl Pts',(0.175104990660678,-15.7018317666493,-11.8188198729988));
#352=CARTESIAN_POINT('Ctrl Pts',(0.212202271946466,-15.692696993441,-11.7497607931481));
#353=CARTESIAN_POINT('Ctrl Pts',(0.253018768992636,-15.6835827707795,-11.6827898243227));
#354=CARTESIAN_POINT('Ctrl Pts',(0.297337406007662,-15.6744774025548,-11.6181913248165));
#355=CARTESIAN_POINT('Ctrl Pts',(0.341163819653109,-15.6654731627792,-11.5543102862531));
#356=CARTESIAN_POINT('Ctrl Pts',(0.388415560214953,-15.6564775795181,-11.4927485768099));
#357=CARTESIAN_POINT('Ctrl Pts',(0.438923749700256,-15.6474792244462,-11.4338101765302));
#358=CARTESIAN_POINT('Ctrl Pts',(0.469944235357961,-15.6419527277078,-11.3976121298531));
#359=CARTESIAN_POINT('Ctrl Pts',(0.502193828401178,-15.6364251832594,-11.3624042100139));
#360=CARTESIAN_POINT('Ctrl Pts',(0.535639898709312,-15.6308939271568,-11.3282641897079));
#361=CARTESIAN_POINT('Ctrl Pts',(0.56813823429869,-15.6255194058634,-11.2950915680303));
#362=CARTESIAN_POINT('Ctrl Pts',(0.601663658675643,-15.6201583246538,-11.2630319244145));
#363=CARTESIAN_POINT('Ctrl Pts',(0.636170617227749,-15.6148081539763,-11.2321412155659));
#364=CARTESIAN_POINT('Ctrl Pts',(0.694058895567636,-15.6058327999507,-11.1803194953395));
#365=CARTESIAN_POINT('Ctrl Pts',(0.75470750333795,-15.596888148232,-11.1317852883184));
#366=CARTESIAN_POINT('Ctrl Pts',(0.817780164979763,-15.5879622852712,-11.0866618505475));
#367=CARTESIAN_POINT('Ctrl Pts',(0.881991120827225,-15.578875334165,-11.0407240544411));
#368=CARTESIAN_POINT('Ctrl Pts',(0.948715153844845,-15.5698078535173,-10.9983206372753));
#369=CARTESIAN_POINT('Ctrl Pts',(1.01763144087636,-15.5607473425279,-10.9596247129566));
#370=CARTESIAN_POINT('Ctrl Pts',(1.08654772790787,-15.5516868315385,-10.9209287886378));
#371=CARTESIAN_POINT('Ctrl Pts',(1.15765712420502,-15.5426332876014,-10.8859398250767));
#372=CARTESIAN_POINT('Ctrl Pts',(1.23066031210046,-15.5335743177675,-10.8548820566067));
#373=CARTESIAN_POINT('Ctrl Pts',(1.30248557943072,-15.524661516165,-10.8243254112416));
#374=CARTESIAN_POINT('Ctrl Pts',(1.37576192196178,-15.5157907262294,-10.7977369344006));
#375=CARTESIAN_POINT('Ctrl Pts',(1.45017267992801,-15.5069497706298,-10.7752550788901));
#376=CARTESIAN_POINT('Ctrl Pts',(1.48463880090643,-15.5028547519311,-10.7648417680595));
#377=CARTESIAN_POINT('Ctrl Pts',(1.51934869675972,-15.4987661368635,-10.7553101213242));
#378=CARTESIAN_POINT('Ctrl Pts',(1.554272586233,-15.4946827308316,-10.7466772917953));
#379=CARTESIAN_POINT('Ctrl Pts',(1.62951709736042,-15.4858849166352,-10.7280776155465));
#380=CARTESIAN_POINT('Ctrl Pts',(1.70575443047489,-15.4771112675655,-10.7136468379536));
#381=CARTESIAN_POINT('Ctrl Pts',(1.7826377731078,-15.4683500009588,-10.7033617634135));
#382=CARTESIAN_POINT('Ctrl Pts',(1.85948910797638,-15.4595923818075,-10.6930809707142));
#383=CARTESIAN_POINT('Ctrl Pts',(1.93698682924074,-15.4508471336586,-10.6869424096314));
#384=CARTESIAN_POINT('Ctrl Pts',(2.01478655367399,-15.4421027280732,-10.6849744348285));
#385=CARTESIAN_POINT('Ctrl Pts',(2.02744172536019,-15.4406803328812,-10.684654317255));
#386=CARTESIAN_POINT('Ctrl Pts',(2.04010487481405,-15.439257960519,-10.6844446620308));
#387=CARTESIAN_POINT('Ctrl Pts',(2.05277449899199,-15.4378355620008,-10.6843457210202));
#388=CARTESIAN_POINT('Ctrl Pts',(2.13057758110622,-15.4291007339459,-10.6837381327075));
#389=CARTESIAN_POINT('Ctrl Pts',(2.20821377608535,-15.4204109603491,-10.687304659562));
#390=CARTESIAN_POINT('Ctrl Pts',(2.28533807024214,-15.4117543564026,-10.6950016016104));
#391=CARTESIAN_POINT('Ctrl Pts',(2.36255235732408,-15.4030876514481,-10.7027075248797));
#392=CARTESIAN_POINT('Ctrl Pts',(2.43925446454629,-15.3944541941938,-10.7145535314915));
#393=CARTESIAN_POINT('Ctrl Pts',(2.51509905993947,-15.3858423168742,-10.7305474525192));
#394=CARTESIAN_POINT('Ctrl Pts',(2.54015205712633,-15.3829976403729,-10.7358305667139));
#395=CARTESIAN_POINT('Ctrl Pts',(2.56511143771934,-15.380155320543,-10.7415666826654));
#396=CARTESIAN_POINT('Ctrl Pts',(2.58996451373033,-15.3773149428773,-10.7477573159097));
#397=CARTESIAN_POINT('Ctrl Pts',(2.66532257153448,-15.3687025142093,-10.766528195525));
#398=CARTESIAN_POINT('Ctrl Pts',(2.73970496228785,-15.3601079235453,-10.7894743839092));
#399=CARTESIAN_POINT('Ctrl Pts',(2.81280133837042,-15.3515197787597,-10.8164479784293));
#400=CARTESIAN_POINT('Ctrl Pts',(2.83362937926399,-15.3490726775437,-10.8241338195041));
#401=CARTESIAN_POINT('Ctrl Pts',(2.85435285983427,-15.3466261011754,-10.8321469355466));
#402=CARTESIAN_POINT('Ctrl Pts',(2.8749642032661,-15.3441797896659,-10.8404845720895));
#403=CARTESIAN_POINT('Ctrl Pts',(2.94711971124113,-15.3356158234101,-10.8696726937689));
#404=CARTESIAN_POINT('Ctrl Pts',(3.01752221160689,-15.327100121362,-10.9026803917232));
#405=CARTESIAN_POINT('Ctrl Pts',(3.08588640047935,-15.3186208068022,-10.9392989564222));
#406=CARTESIAN_POINT('Ctrl Pts',(3.15460857848663,-15.3100970903042,-10.9761092742672));
#407=CARTESIAN_POINT('Ctrl Pts',(3.22127186078376,-15.3016101454119,-11.016568812204));
#408=CARTESIAN_POINT('Ctrl Pts',(3.28556677603599,-15.2931480629134,-11.0605143283464));
#409=CARTESIAN_POINT('Ctrl Pts',(3.34914216183717,-15.2847806802453,-11.1039680467629));
#410=CARTESIAN_POINT('Ctrl Pts',(3.4104026187265,-15.2764376088439,-11.1508306674075));
#411=CARTESIAN_POINT('Ctrl Pts',(3.46901836980342,-15.2681074536646,-11.2009846618816));
#412=CARTESIAN_POINT('Ctrl Pts',(3.48168927339665,-15.2663067330178,-11.2118263966904));
#413=CARTESIAN_POINT('Ctrl Pts',(3.49423645469441,-15.2645066163085,-11.2228220691915));
#414=CARTESIAN_POINT('Ctrl Pts',(3.50665634078347,-15.2627069890192,-11.2339707085393));
#415=CARTESIAN_POINT('Ctrl Pts',(3.52937787728636,-15.2594146643673,-11.2543665651585));
#416=CARTESIAN_POINT('Ctrl Pts',(3.55167343173529,-15.2561239776374,-11.2752743487618));
#417=CARTESIAN_POINT('Ctrl Pts',(3.57353015239773,-15.2528342291859,-11.2966779908386));
#418=CARTESIAN_POINT('Ctrl Pts',(3.62902713545242,-15.2444811410494,-11.3510245499585));
#419=CARTESIAN_POINT('Ctrl Pts',(3.68140591249598,-15.236177889138,-11.4082796968866));
#420=CARTESIAN_POINT('Ctrl Pts',(3.73052566156481,-15.2279121073023,-11.4681123730055));
#421=CARTESIAN_POINT('Ctrl Pts',(3.7801405932721,-15.2195629970349,-11.5285482301868));
#422=CARTESIAN_POINT('Ctrl Pts',(3.826430981147,-15.2112521186943,-11.5916146078693));
#423=CARTESIAN_POINT('Ctrl Pts',(3.86921406583063,-15.2029666878596,-11.6570084566161));
#424=CARTESIAN_POINT('Ctrl Pts',(3.91172504720463,-15.1947339529249,-11.721986396066));
#425=CARTESIAN_POINT('Ctrl Pts',(3.95077362559198,-15.1865263449767,-11.7892631112876));
#426=CARTESIAN_POINT('Ctrl Pts',(3.98613655373965,-15.1783312470773,-11.8585667899643));
#427=CARTESIAN_POINT('Ctrl Pts',(4.00718448348594,-15.1734535445258,-11.8998161727602));
#428=CARTESIAN_POINT('Ctrl Pts',(4.02692586642546,-15.1685802721916,-11.9417840556559));
#429=CARTESIAN_POINT('Ctrl Pts',(4.04530519282036,-15.1637087525042,-11.9844156764837));
#430=CARTESIAN_POINT('Ctrl Pts',(4.06162023784647,-15.159384379492,-12.0222591098283));
#431=CARTESIAN_POINT('Ctrl Pts',(4.07681633403421,-15.155073432702,-12.0605199841287));
#432=CARTESIAN_POINT('Ctrl Pts',(4.09086904754085,-15.150773896114,-12.0991537269647));
#433=CARTESIAN_POINT('Ctrl Pts',(4.11754113598967,-15.1426133639781,-12.1724806759235));
#434=CARTESIAN_POINT('Ctrl Pts',(4.14009741783547,-15.1344939490894,-12.2471496944319));
#435=CARTESIAN_POINT('Ctrl Pts',(4.15854994024974,-15.1264017114913,-12.3228008929333));
#436=CARTESIAN_POINT('Ctrl Pts',(4.17764362299465,-15.1180282970646,-12.4010807048218));
#437=CARTESIAN_POINT('Ctrl Pts',(4.19234376355578,-15.1096839841926,-12.4804130991592));
#438=CARTESIAN_POINT('Ctrl Pts',(4.20260783503671,-15.1013530783114,-12.5604141451481));
#439=CARTESIAN_POINT('Ctrl Pts',(4.21287190651763,-15.0930221724302,-12.6404151911371));
#440=CARTESIAN_POINT('Ctrl Pts',(4.21869998513673,-15.0847046745921,-12.7210859762297));
#441=CARTESIAN_POINT('Ctrl Pts',(4.2199918249206,-15.0763846166259,-12.8020414030309));
#442=CARTESIAN_POINT('Ctrl Pts',(4.22125843940098,-15.0682270215208,-12.881416041536));
#443=CARTESIAN_POINT('Ctrl Pts',(4.21815694706295,-15.0601109203113,-12.9606346199381));
#444=CARTESIAN_POINT('Ctrl Pts',(4.21068056450453,-15.0520202992483,-13.0393318436516));
#445=CARTESIAN_POINT('Ctrl Pts',(4.20726534658316,-15.0483244966548,-13.0752808024814));
#446=CARTESIAN_POINT('Ctrl Pts',(4.20293652048758,-15.0446340070465,-13.1111210924573));
#447=CARTESIAN_POINT('Ctrl Pts',(4.19768983237568,-15.040947284537,-13.146818104104));
#448=CARTESIAN_POINT('Ctrl Pts',(4.18624965872566,-15.0329085475645,-13.2246538746542));
#449=CARTESIAN_POINT('Ctrl Pts',(4.17044898140678,-15.0248877384235,-13.3018093482296));
#450=CARTESIAN_POINT('Ctrl Pts',(4.15044261672712,-15.0168686338708,-13.3779592773171));
#451=CARTESIAN_POINT('Ctrl Pts',(4.13038345289775,-15.0088283659579,-13.454310175025));
#452=CARTESIAN_POINT('Ctrl Pts',(4.10609598354939,-15.0007898108018,-13.5296511018905));
#453=CARTESIAN_POINT('Ctrl Pts',(4.07768830616666,-14.9927363531839,-13.6036346637533));
#454=CARTESIAN_POINT('Ctrl Pts',(4.07459122354325,-14.9918583432251,-13.6117005538568));
#455=CARTESIAN_POINT('Ctrl Pts',(4.071445124874,-14.9909801558876,-13.6197502834825));
#456=CARTESIAN_POINT('Ctrl Pts',(4.06825011894017,-14.9901017694598,-13.6277833813859));
#457=CARTESIAN_POINT('Ctrl Pts',(4.03888754871731,-14.9820292701586,-13.7016087219899));
#458=CARTESIAN_POINT('Ctrl Pts',(4.00555774127456,-14.9739837021348,-13.7736297635936));
#459=CARTESIAN_POINT('Ctrl Pts',(3.96844836400926,-14.9659478818309,-13.8435261148001));
#460=CARTESIAN_POINT('Ctrl Pts',(3.93119154185535,-14.9578801331919,-13.9137001817883));
#461=CARTESIAN_POINT('Ctrl Pts',(3.8901246407287,-14.9498222079116,-13.9817335400789));
#462=CARTESIAN_POINT('Ctrl Pts',(3.84538911711657,-14.94175653968,-14.0472833123581));
#463=CARTESIAN_POINT('Ctrl Pts',(3.82684942024247,-14.9384138931203,-14.0744490368227));
#464=CARTESIAN_POINT('Ctrl Pts',(3.80767909515737,-14.9350699147765,-14.1011879041758));
#465=CARTESIAN_POINT('Ctrl Pts',(3.7878860395576,-14.9317233467543,-14.1274740140342));
#466=CARTESIAN_POINT('Ctrl Pts',(3.74011387949429,-14.9236461308634,-14.1909176921095));
#467=CARTESIAN_POINT('Ctrl Pts',(3.68871626635345,-14.9155538365448,-14.2517267280486));
#468=CARTESIAN_POINT('Ctrl Pts',(3.6339608074211,-14.9074286920802,-14.3096515977495));
#469=CARTESIAN_POINT('Ctrl Pts',(3.62585337227826,-14.9062256324573,-14.3182283156406));
#470=CARTESIAN_POINT('Ctrl Pts',(3.61767226570254,-14.905021852454,-14.3267417272415));
#471=CARTESIAN_POINT('Ctrl Pts',(3.60941830208459,-14.9038172941984,-14.3351909416936));
#472=CARTESIAN_POINT('Ctrl Pts',(3.55372200647457,-14.8956891468268,-14.3922047556116));
#473=CARTESIAN_POINT('Ctrl Pts',(3.49501587835027,-14.8875698563226,-14.4459866096104));
#474=CARTESIAN_POINT('Ctrl Pts',(3.43362910948023,-14.8794420726601,-14.4963451749978));
#475=CARTESIAN_POINT('Ctrl Pts',(3.37185179599435,-14.8712625797741,-14.5470241232127));
#476=CARTESIAN_POINT('Ctrl Pts',(3.30735884511139,-14.8630744826487,-14.5942367278479));
#477=CARTESIAN_POINT('Ctrl Pts',(3.24044719535752,-14.8548601389097,-14.6377519183275));
#478=CARTESIAN_POINT('Ctrl Pts',(3.17440807323944,-14.846752910179,-14.6806996709034));
#479=CARTESIAN_POINT('Ctrl Pts',(3.1060120921453,-14.8386201123468,-14.7200463069667));
#480=CARTESIAN_POINT('Ctrl Pts',(3.03551940622158,-14.8304448625227,-14.7555263674395));
#481=CARTESIAN_POINT('Ctrl Pts',(3.00770150006443,-14.8272187358765,-14.7695275503955));
#482=CARTESIAN_POINT('Ctrl Pts',(2.97955686941919,-14.8239859994292,-14.7829260881133));
#483=CARTESIAN_POINT('Ctrl Pts',(2.95110082294654,-14.820745620451,-14.7957035125722));
#484=CARTESIAN_POINT('Ctrl Pts',(2.93847535075022,-14.8193079184591,-14.8013726422386));
#485=CARTESIAN_POINT('Ctrl Pts',(2.92578857086884,-14.8178687120384,-14.8069194851382));
#486=CARTESIAN_POINT('Ctrl Pts',(2.91304231803021,-14.8164279111924,-14.8123435093902));
#487=CARTESIAN_POINT('Ctrl Pts',(2.84005979604887,-14.808178170602,-14.8434003991451));
#488=CARTESIAN_POINT('Ctrl Pts',(2.76552588104905,-14.7999208412764,-14.870265787933));
#489=CARTESIAN_POINT('Ctrl Pts',(2.68982614398906,-14.7916402217176,-14.8929463958609));
#490=CARTESIAN_POINT('Ctrl Pts',(2.61325980282976,-14.7832648063362,-14.9158866494437));
#491=CARTESIAN_POINT('Ctrl Pts',(2.53549983047359,-14.7748655625794,-14.9345459932415));
#492=CARTESIAN_POINT('Ctrl Pts',(2.4569227576929,-14.7664264877676,-14.948882557422));
#493=CARTESIAN_POINT('Ctrl Pts',(2.3788459919659,-14.7580411452787,-14.9631278394521));
#494=CARTESIAN_POINT('Ctrl Pts',(2.29996149940132,-14.7496164761955,-14.9731053164712));
#495=CARTESIAN_POINT('Ctrl Pts',(2.22063143995975,-14.7411370426115,-14.9787236828005));
#496=CARTESIAN_POINT('Ctrl Pts',(2.17698271897875,-14.7364715169181,-14.981815001602));
#497=CARTESIAN_POINT('Ctrl Pts',(2.13319906687971,-14.7317894166076,-14.9835857564305));
#498=CARTESIAN_POINT('Ctrl Pts',(2.08934153017837,-14.7270882061496,-14.9840140017098));
#499=CARTESIAN_POINT('Ctrl Pts',(2.02310354578258,-14.7199879737065,-14.9846607800348));
#500=CARTESIAN_POINT('Ctrl Pts',(1.95699582379865,-14.7128760937262,-14.9822434125799));
#501=CARTESIAN_POINT('Ctrl Pts',(1.89122829819583,-14.7057447782079,-14.9767489442745));
#502=CARTESIAN_POINT('Ctrl Pts',(1.8119102610311,-14.697144151316,-14.9701224148856));
#503=CARTESIAN_POINT('Ctrl Pts',(1.73308637715956,-14.6885152479294,-14.959021709882));
#504=CARTESIAN_POINT('Ctrl Pts',(1.65510143622356,-14.6798446764927,-14.943603583148));
#505=CARTESIAN_POINT('Ctrl Pts',(1.57686269889335,-14.6711458873033,-14.9281352792269));
#506=CARTESIAN_POINT('Ctrl Pts',(1.49946740769538,-14.6624051590975,-14.9083211194183));
#507=CARTESIAN_POINT('Ctrl Pts',(1.42327388410014,-14.6536092558157,-14.8842685040373));
#508=CARTESIAN_POINT('Ctrl Pts',(1.3709063478725,-14.6475638629525,-14.8677372275205));
#509=CARTESIAN_POINT('Ctrl Pts',(1.31910670606119,-14.6414924126484,-14.8492027472807));
#510=CARTESIAN_POINT('Ctrl Pts',(1.26799768496808,-14.6353906831974,-14.82868712301));
#511=CARTESIAN_POINT('Ctrl Pts',(1.19360815753414,-14.6265095745264,-14.7988264925016));
#512=CARTESIAN_POINT('Ctrl Pts',(1.12108385284571,-14.617612319343,-14.7649327336764));
#513=CARTESIAN_POINT('Ctrl Pts',(1.0507639575705,-14.6086874669099,-14.7271659900087));
#514=CARTESIAN_POINT('Ctrl Pts',(0.990990018632891,-14.6011010849582,-14.695063168737));
#515=CARTESIAN_POINT('Ctrl Pts',(0.932808609448046,-14.5934947670066,-14.6601609143874));
#516=CARTESIAN_POINT('Ctrl Pts',(0.876437821342565,-14.585861576462,-14.6225296310862));
#517=CARTESIAN_POINT('Ctrl Pts',(0.810086186286036,-14.5768768755141,-14.5782354627727));
#518=CARTESIAN_POINT('Ctrl Pts',(0.746241787421683,-14.5678549425132,-14.5301608378027));
#519=CARTESIAN_POINT('Ctrl Pts',(0.685157929556302,-14.5587845883904,-14.4785857533513));
#520=CARTESIAN_POINT('Ctrl Pts',(0.646103335266111,-14.5529853639682,-14.4456106913772));
#521=CARTESIAN_POINT('Ctrl Pts',(0.608177828271412,-14.547166348469,-14.4112038487136));
#522=CARTESIAN_POINT('Ctrl Pts',(0.571456025543224,-14.5413246392033,-14.3754310475431));
#523=CARTESIAN_POINT('Ctrl Pts',(0.514372178353406,-14.5322437331945,-14.3198224182315));
#524=CARTESIAN_POINT('Ctrl Pts',(0.460500720784299,-14.5231565230848,-14.2612126756813));
#525=CARTESIAN_POINT('Ctrl Pts',(0.410051735490835,-14.5140530474521,-14.1999179779223));
#526=CARTESIAN_POINT('Ctrl Pts',(0.359657904168196,-14.5049595243055,-14.1386902913421));
#527=CARTESIAN_POINT('Ctrl Pts',(0.312678399409538,-14.495849774028,-14.0747827794652));
#528=CARTESIAN_POINT('Ctrl Pts',(0.269357035061293,-14.4867138126601,-14.0084724229597));
#529=CARTESIAN_POINT('Ctrl Pts',(0.230754614017891,-14.4785730204051,-13.9493851725955));
#530=CARTESIAN_POINT('Ctrl Pts',(0.195056926180027,-14.4704114167749,-13.8883891871023));
#531=CARTESIAN_POINT('Ctrl Pts',(0.16246608457223,-14.4622218747024,-13.825661944542));
#532=CARTESIAN_POINT('Ctrl Pts',(0.139937406862897,-14.4565607888011,-13.7823012406902));
#533=CARTESIAN_POINT('Ctrl Pts',(0.118893956060731,-14.4508863515964,-13.7381128785186));
#534=CARTESIAN_POINT('Ctrl Pts',(0.0993626156728368,-14.4451961868482,-13.6931769751058));
#535=CARTESIAN_POINT('Ctrl Pts',(0.0677047174186763,-14.4359731303109,-13.6203414077589));
#536=CARTESIAN_POINT('Ctrl Pts',(0.0401482898848881,-14.4267469917796,-13.5458453761573));
#537=CARTESIAN_POINT('Ctrl Pts',(0.0167453943279918,-14.417507765335,-13.4700569414335));
#538=CARTESIAN_POINT('Ctrl Pts',(-0.00550651602221804,-14.4087229362076,
-13.3979958816831));
#539=CARTESIAN_POINT('Ctrl Pts',(-0.0240032711351725,-14.3999262746778,
-13.324765505126));
#540=CARTESIAN_POINT('Ctrl Pts',(-0.0386586695543842,-14.3911089910013,
-13.250668379337));
#541=CARTESIAN_POINT('Ctrl Pts',(-0.0539853995183543,-14.3818878069666,
-13.1731770273049));
#542=CARTESIAN_POINT('Ctrl Pts',(-0.0650659226107167,-14.3726712489756,
-13.0949665537774));
#543=CARTESIAN_POINT('Ctrl Pts',(-0.0718271695422011,-14.3634491219656,
-13.0163869631874));
#544=CARTESIAN_POINT('Ctrl Pts',(-0.0770411482718038,-14.3563374198551,
-12.9557898103147));
#545=CARTESIAN_POINT('Ctrl Pts',(-0.0796856007981615,-14.3492224008211,
-12.8949726412873));
#546=CARTESIAN_POINT('Ctrl Pts',(-0.0797059631033649,-14.3420992799702,
-12.8340934251337));
#547=CARTESIAN_POINT('',(-0.0797256403573127,4.44089209850063E-15,-12.8340938159188));
#548=CARTESIAN_POINT('',(-0.0797256403573127,4.44089209850063E-15,-12.8340938159188));
#549=CARTESIAN_POINT('Origin',(2.07027435964269,4.44089209850063E-15,-12.8340938159188));
#550=CARTESIAN_POINT('',(-0.0793071361601252,-14.3371801929351,-12.7921450485097));
#551=CARTESIAN_POINT('Ctrl Pts',(-0.0797059631033649,-14.3420992799702,
-12.8340934251337));
#552=CARTESIAN_POINT('Ctrl Pts',(-0.079710639286824,-14.3404635431346,-12.8201132633861));
#553=CARTESIAN_POINT('Ctrl Pts',(-0.0795768588861684,-14.3388273787243,
-12.8061298308334));
#554=CARTESIAN_POINT('Ctrl Pts',(-0.0793038167295897,-14.3371907278654,
-12.7921450485097));
#555=CARTESIAN_POINT('',(-0.0793081961471934,-15.262820330723,-12.7921450485097));
#556=CARTESIAN_POINT('',(-0.0793163690572793,4.44089209850063E-15,-12.7921450485097));
#557=CARTESIAN_POINT('Ctrl Pts',(-0.0793050687659685,-15.2628093184023,
-12.7921450485097));
#558=CARTESIAN_POINT('Ctrl Pts',(-0.0795781547113797,-15.2642418677227,
-12.8061328443897));
#559=CARTESIAN_POINT('Ctrl Pts',(-0.0797118609556965,-15.2656732170167,
-12.8201162964562));
#560=CARTESIAN_POINT('Ctrl Pts',(-0.0797071711934727,-15.2671034550468,
-12.8340934767348));
#561=CARTESIAN_POINT('Origin',(2.07027435964269,4.44089209850063E-15,-12.8340938159188));
#562=CARTESIAN_POINT('',(-0.0795740195461545,-17.3087659465572,-12.8340946625545));
#563=CARTESIAN_POINT('',(-0.0796252016199659,-16.7504367883638,-12.8341073301414));
#564=CARTESIAN_POINT('',(-0.0797256403573127,4.44089209850063E-15,-12.8340938159188));
#565=CARTESIAN_POINT('Ctrl Pts',(-0.0795740195461545,-17.3087659465572,
-12.8340946625545));
#566=CARTESIAN_POINT('Ctrl Pts',(-0.0795757979452977,-17.3082850591505,
-12.8299837289571));
#567=CARTESIAN_POINT('Ctrl Pts',(-0.0795658940220303,-17.3078041005414,
-12.8258722588483));
#568=CARTESIAN_POINT('Ctrl Pts',(-0.0795442943178517,-17.3073230692554,
-12.8217603036998));
#569=CARTESIAN_POINT('Ctrl Pts',(-0.0791289425621112,-17.2980730727016,
-12.7426894156766));
#570=CARTESIAN_POINT('Ctrl Pts',(-0.0743953692165101,-17.2888453977875,
-12.6638600668512));
#571=CARTESIAN_POINT('Ctrl Pts',(-0.065358427892035,-17.2796294082526,-12.5856317867705));
#572=CARTESIAN_POINT('Ctrl Pts',(-0.0596864125997994,-17.2738450137657,
-12.536531987959));
#573=CARTESIAN_POINT('Ctrl Pts',(-0.0523181050700276,-17.2680652172119,
-12.487668707266));
#574=CARTESIAN_POINT('Ctrl Pts',(-0.0432467055031642,-17.2622873346847,
-12.4391302016703));
#575=CARTESIAN_POINT('Ctrl Pts',(-0.0287949022819869,-17.2530824903051,
-12.3618026706372));
#576=CARTESIAN_POINT('Ctrl Pts',(-0.0100231086719331,-17.2438825165565,
-12.285298485443));
#577=CARTESIAN_POINT('Ctrl Pts',(0.0129108237158629,-17.2346763488745,-12.2099437742142));
#578=CARTESIAN_POINT('Ctrl Pts',(0.034234613016128,-17.2261165268346,-12.1398795585422));
#579=CARTESIAN_POINT('Ctrl Pts',(0.0591573473338736,-17.2175513467789,-12.0708085724789));
#580=CARTESIAN_POINT('Ctrl Pts',(0.0875892544765394,-17.2089717215539,-12.0030090028679));
#581=CARTESIAN_POINT('Ctrl Pts',(0.117948815342148,-17.1998104066652,-11.9306126929778));
#582=CARTESIAN_POINT('Ctrl Pts',(0.152147326774003,-17.19068123149,-11.8600511107006));
#583=CARTESIAN_POINT('Ctrl Pts',(0.189997002506149,-17.181572706169,-11.7916290249603));
#584=CARTESIAN_POINT('Ctrl Pts',(0.227742145720402,-17.1724893366007,-11.7233959060411));
#585=CARTESIAN_POINT('Ctrl Pts',(0.269118691205894,-17.16342650103,-11.6572896289083));
#586=CARTESIAN_POINT('Ctrl Pts',(0.313988313074172,-17.1543726608073,-11.5936305625491));
#587=CARTESIAN_POINT('Ctrl Pts',(0.339751307451311,-17.1491741762863,-11.5570791475744));
#588=CARTESIAN_POINT('Ctrl Pts',(0.366666738391655,-17.1439786548156,-11.5213349215415));
#589=CARTESIAN_POINT('Ctrl Pts',(0.394714879007366,-17.138783894738,-11.4864629102787));
#590=CARTESIAN_POINT('Ctrl Pts',(0.445120316697519,-17.1294483684014,-11.4237942644345));
#591=CARTESIAN_POINT('Ctrl Pts',(0.499182086332973,-17.1201153055377,-11.3639397804227));
#592=CARTESIAN_POINT('Ctrl Pts',(0.556609692666183,-17.1107718494525,-11.3071487345153));
#593=CARTESIAN_POINT('Ctrl Pts',(0.61206393136145,-17.1017494597505,-11.2523091823107));
#594=CARTESIAN_POINT('Ctrl Pts',(0.670362066574167,-17.0927651482321,-11.200617484786));
#595=CARTESIAN_POINT('Ctrl Pts',(0.731184675840325,-17.0838069233906,-11.1522395410801));
#596=CARTESIAN_POINT('Ctrl Pts',(0.792255212383989,-17.0748121827153,-11.1036643974838));
#597=CARTESIAN_POINT('Ctrl Pts',(0.855871556222271,-17.0658437395966,-11.0584294819522));
#598=CARTESIAN_POINT('Ctrl Pts',(0.921748498220337,-17.0568895088267,-11.0167388886633));
#599=CARTESIAN_POINT('Ctrl Pts',(0.986678783557748,-17.0480639510332,-10.9756473923667));
#600=CARTESIAN_POINT('Ctrl Pts',(1.05380591604359,-17.0392521980363,-10.9379986186405));
#601=CARTESIAN_POINT('Ctrl Pts',(1.12288275416018,-17.0304427613742,-10.9040307567185));
#602=CARTESIAN_POINT('Ctrl Pts',(1.15605337045536,-17.0262124802661,-10.8877194294357));
#603=CARTESIAN_POINT('Ctrl Pts',(1.18967388828179,-17.0219827347105,-10.8722575673454));
#604=CARTESIAN_POINT('Ctrl Pts',(1.22371835115977,-17.0177522616858,-10.8576756208645));
#605=CARTESIAN_POINT('Ctrl Pts',(1.23513168598374,-17.0163340044712,-10.85278705387));
#606=CARTESIAN_POINT('Ctrl Pts',(1.24659267441329,-17.0149156655507,-10.8479974055905));
#607=CARTESIAN_POINT('Ctrl Pts',(1.25809997742383,-17.0134971975087,-10.8433070375619));
#608=CARTESIAN_POINT('Ctrl Pts',(1.32980514494528,-17.0046583333119,-10.8140800653578));
#609=CARTESIAN_POINT('Ctrl Pts',(1.40292906167145,-16.9958609514503,-10.7888579639107));
#610=CARTESIAN_POINT('Ctrl Pts',(1.47711224479466,-16.9870931577393,-10.7676311949784));
#611=CARTESIAN_POINT('Ctrl Pts',(1.55191133306514,-16.9782525695073,-10.7462281910061));
#612=CARTESIAN_POINT('Ctrl Pts',(1.62778823025724,-16.9694420613781,-10.7288869262014));
#613=CARTESIAN_POINT('Ctrl Pts',(1.70439556186999,-16.9606496601423,-10.7156465813145));
#614=CARTESIAN_POINT('Ctrl Pts',(1.78033655561212,-16.9519337360502,-10.7025214022092));
#615=CARTESIAN_POINT('Ctrl Pts',(1.85699622724609,-16.9432356044798,-10.6934260161589));
#616=CARTESIAN_POINT('Ctrl Pts',(1.93404353004502,-16.934543832057,-10.6884485902104));
#617=CARTESIAN_POINT('Ctrl Pts',(1.98345935283255,-16.9289691906335,-10.6852562189051));
#618=CARTESIAN_POINT('Ctrl Pts',(2.03303474032435,-16.9233971697487,-10.6837588016954));
#619=CARTESIAN_POINT('Ctrl Pts',(2.08268138967094,-16.9178248056613,-10.6839909040945));
#620=CARTESIAN_POINT('Ctrl Pts',(2.13739548639074,-16.9116836688142,-10.6842466972504));
#621=CARTESIAN_POINT('Ctrl Pts',(2.19199279381466,-16.9055648947103,-10.6866020238058));
#622=CARTESIAN_POINT('Ctrl Pts',(2.24635546869795,-16.8994643337475,-10.6910686824748));
#623=CARTESIAN_POINT('Ctrl Pts',(2.32337703347379,-16.8908209998356,-10.6973970877775));
#624=CARTESIAN_POINT('Ctrl Pts',(2.3999280546845,-16.8822142158262,-10.707961317195));
#625=CARTESIAN_POINT('Ctrl Pts',(2.47569527147982,-16.8736323977861,-10.7226029277144));
#626=CARTESIAN_POINT('Ctrl Pts',(2.55187143741226,-16.8650042598832,-10.7373235654733));
#627=CARTESIAN_POINT('Ctrl Pts',(2.62725618297451,-16.8564013586714,-10.7561659849793));
#628=CARTESIAN_POINT('Ctrl Pts',(2.70152185334535,-16.847812171951,-10.7790206844263));
#629=CARTESIAN_POINT('Ctrl Pts',(2.76950993558683,-16.8399490188923,-10.7999435035141));
#630=CARTESIAN_POINT('Ctrl Pts',(2.83656053227868,-16.8320973630295,-10.8242297109973));
#631=CARTESIAN_POINT('Ctrl Pts',(2.90240606050325,-16.8242485407084,-10.8518300167623));
#632=CARTESIAN_POINT('Ctrl Pts',(2.97450693590514,-16.8156540776448,-10.882052360795));
#633=CARTESIAN_POINT('Ctrl Pts',(3.04478101194586,-16.8071083974096,-10.9160876835412));
#634=CARTESIAN_POINT('Ctrl Pts',(3.11290943630291,-16.7985994602672,-10.9537942256969));
#635=CARTESIAN_POINT('Ctrl Pts',(3.15213407551674,-16.7937004773146,-10.9755036006899));
#636=CARTESIAN_POINT('Ctrl Pts',(3.19064726289822,-16.788813677258,-10.9984308775208));
#637=CARTESIAN_POINT('Ctrl Pts',(3.2283853395475,-16.7839367853238,-11.0225563121559));
#638=CARTESIAN_POINT('Ctrl Pts',(3.29444267962543,-16.77540019476,-11.0647858633603));
#639=CARTESIAN_POINT('Ctrl Pts',(3.35812718736593,-16.7668939560495,-11.1106842145044));
#640=CARTESIAN_POINT('Ctrl Pts',(3.41920243447347,-16.7584059710663,-11.1599842404803));
#641=CARTESIAN_POINT('Ctrl Pts',(3.48027768158101,-16.7499179860831,-11.2092842664561));
#642=CARTESIAN_POINT('Ctrl Pts',(3.53874432659918,-16.7414482569571,-11.2619866777229));
#643=CARTESIAN_POINT('Ctrl Pts',(3.59432684031153,-16.7329847868968,-11.3178610987146));
#644=CARTESIAN_POINT('Ctrl Pts',(3.64948360827922,-16.7245861445335,-11.3733075380374));
#645=CARTESIAN_POINT('Ctrl Pts',(3.70150801928173,-16.7162379763033,-11.4315839569081));
#646=CARTESIAN_POINT('Ctrl Pts',(3.75018817745158,-16.7079276474614,-11.4924073855125));
#647=CARTESIAN_POINT('Ctrl Pts',(3.79898642799912,-16.6995971587325,-11.5533783646503));
#648=CARTESIAN_POINT('Ctrl Pts',(3.84442479214364,-16.6913046957116,-11.6169094345906));
#649=CARTESIAN_POINT('Ctrl Pts',(3.88625287902035,-16.6830374837198,-11.6827518883983));
#650=CARTESIAN_POINT('Ctrl Pts',(3.90634483145402,-16.6790663618613,-11.7143790449049));
#651=CARTESIAN_POINT('Ctrl Pts',(3.92560317348513,-16.6751010652869,-11.746539982245));
#652=CARTESIAN_POINT('Ctrl Pts',(3.94399649262675,-16.6711401717508,-11.7792093787187));
#653=CARTESIAN_POINT('Ctrl Pts',(3.98233358642512,-16.6628845031655,-11.8473020218846));
#654=CARTESIAN_POINT('Ctrl Pts',(4.01691601788239,-16.6546479701759,-11.9176028049455));
#655=CARTESIAN_POINT('Ctrl Pts',(4.04763445980736,-16.646417617335,-11.9897809472371));
#656=CARTESIAN_POINT('Ctrl Pts',(4.05072704058079,-16.6455890261253,-11.9970474855485));
#657=CARTESIAN_POINT('Ctrl Pts',(4.05378041551926,-16.6447604974557,-12.0043330614375));
#658=CARTESIAN_POINT('Ctrl Pts',(4.05679444426016,-16.6439320180381,-12.0116373428291));
#659=CARTESIAN_POINT('Ctrl Pts',(4.08670426997764,-16.6357105718866,-12.0841216494488));
#660=CARTESIAN_POINT('Ctrl Pts',(4.11258451492658,-16.6275375705073,-12.1580612620051));
#661=CARTESIAN_POINT('Ctrl Pts',(4.13439830755418,-16.6193990263011,-12.2330944940726));
#662=CARTESIAN_POINT('Ctrl Pts',(4.15637241543173,-16.6112006698114,-12.3086791649275));
#663=CARTESIAN_POINT('Ctrl Pts',(4.17422031185425,-16.6030372805513,-12.3853745151923));
#664=CARTESIAN_POINT('Ctrl Pts',(4.18785527856451,-16.5948943368102,-12.462830920551));
#665=CARTESIAN_POINT('Ctrl Pts',(4.20135043780543,-16.586834887542,-12.5394931190556));
#666=CARTESIAN_POINT('Ctrl Pts',(4.21071872507248,-16.5787954673005,-12.6169017625496));
#667=CARTESIAN_POINT('Ctrl Pts',(4.21582592024195,-16.5707617618249,-12.6947236622757));
#668=CARTESIAN_POINT('Ctrl Pts',(4.21795289762706,-16.567415989968,-12.7271339022003));
#669=CARTESIAN_POINT('Ctrl Pts',(4.21934019902684,-16.5640712064303,-12.7596158106609));
#670=CARTESIAN_POINT('Ctrl Pts',(4.21997545089028,-16.560726364726,-12.7921450485097));
#671=CARTESIAN_POINT('Ctrl Pts',(4.22023289932509,-16.5593708011913,-12.8053281682321));
#672=CARTESIAN_POINT('Ctrl Pts',(4.22036680954702,-16.5580152280176,-12.8185190579356));
#673=CARTESIAN_POINT('Ctrl Pts',(4.2203773676328,-16.5566595751964,-12.8317160803183));
#674=CARTESIAN_POINT('Ctrl Pts',(4.22044014184194,-16.5485993988096,-12.9101803644819));
#675=CARTESIAN_POINT('Ctrl Pts',(4.21614636579223,-16.5405793723224,-12.9884423257415));
#676=CARTESIAN_POINT('Ctrl Pts',(4.20764306966203,-16.5325839726287,-13.0661611650879));
#677=CARTESIAN_POINT('Ctrl Pts',(4.19904214208567,-16.5244967729527,-13.144772341072));
#678=CARTESIAN_POINT('Ctrl Pts',(4.18613428786712,-16.5164347689323,-13.2228287861278));
#679=CARTESIAN_POINT('Ctrl Pts',(4.16901788508867,-16.5083816197581,-13.2999779203735));
#680=CARTESIAN_POINT('Ctrl Pts',(4.15199283375091,-16.5003714508052,-13.3767153042852));
#681=CARTESIAN_POINT('Ctrl Pts',(4.1308037341771,-16.4923700413713,-13.4525559485311));
#682=CARTESIAN_POINT('Ctrl Pts',(4.10549839784148,-16.484361046905,-13.527139137598));
#683=CARTESIAN_POINT('Ctrl Pts',(4.09080147479425,-16.4797095546744,-13.5704558268447));
#684=CARTESIAN_POINT('Ctrl Pts',(4.07471521655757,-16.4750554990825,-13.6133480379426));
#685=CARTESIAN_POINT('Ctrl Pts',(4.05724192400344,-16.4703956394036,-13.6557411103317));
#686=CARTESIAN_POINT('Ctrl Pts',(4.03361447381778,-16.4640945600794,-13.7130651780762));
#687=CARTESIAN_POINT('Ctrl Pts',(4.00755167954972,-16.4578095215636,-13.7692335471129));
#688=CARTESIAN_POINT('Ctrl Pts',(3.97910678970542,-16.4515323468415,-13.8240814608907));
#689=CARTESIAN_POINT('Ctrl Pts',(3.94277273402213,-16.4435142030858,-13.8941413965848));
#690=CARTESIAN_POINT('Ctrl Pts',(3.9025535197493,-16.4355088941511,-13.9620481410406));
#691=CARTESIAN_POINT('Ctrl Pts',(3.85872650599057,-16.4274992251448,-14.0275562933635));
#692=CARTESIAN_POINT('Ctrl Pts',(3.81458888081145,-16.4194327899011,-14.0935287159729));
#693=CARTESIAN_POINT('Ctrl Pts',(3.76679149399292,-16.4113619303494,-14.1570691684919));
#694=CARTESIAN_POINT('Ctrl Pts',(3.71557433437876,-16.4032689391668,-14.217897406802));
#695=CARTESIAN_POINT('Ctrl Pts',(3.67522187834738,-16.3968927153909,-14.2658221419955));
#696=CARTESIAN_POINT('Ctrl Pts',(3.63274567042894,-16.3905027503093,-14.3120628428149));
#697=CARTESIAN_POINT('Ctrl Pts',(3.58824831651826,-16.3840903363619,-14.356465057649));
#698=CARTESIAN_POINT('Ctrl Pts',(3.53151383087958,-16.3759144567863,-14.4130782401965));
#699=CARTESIAN_POINT('Ctrl Pts',(3.47180710019801,-16.3677468755477,-14.4663920018494));
#700=CARTESIAN_POINT('Ctrl Pts',(3.4094106964628,-16.3595699851093,-14.5161564641376));
#701=CARTESIAN_POINT('Ctrl Pts',(3.36330984874221,-16.3535285859523,-14.5529243507546));
#702=CARTESIAN_POINT('Ctrl Pts',(3.31573970746681,-16.3474821050916,-14.5877542674));
#703=CARTESIAN_POINT('Ctrl Pts',(3.26680081685037,-16.3414234573171,-14.6205330501541));
#704=CARTESIAN_POINT('Ctrl Pts',(3.20056801541642,-16.3332238187484,-14.6648951225684));
#705=CARTESIAN_POINT('Ctrl Pts',(3.13182869748723,-16.3250018899423,-14.7055023076633));
#706=CARTESIAN_POINT('Ctrl Pts',(3.06093421872828,-16.3167401791102,-14.7422294586693));
#707=CARTESIAN_POINT('Ctrl Pts',(3.00370089225427,-16.3100704750434,-14.7718793984217));
#708=CARTESIAN_POINT('Ctrl Pts',(2.94506219403232,-16.3033748443628,-14.7989998004818));
#709=CARTESIAN_POINT('Ctrl Pts',(2.88519521877643,-16.2966441404957,-14.8235012826687));
#710=CARTESIAN_POINT('Ctrl Pts',(2.81118410627876,-16.2883232443927,-14.8537914709861));
#711=CARTESIAN_POINT('Ctrl Pts',(2.73570228243127,-16.2799941617961,-14.8799142428872));
#712=CARTESIAN_POINT('Ctrl Pts',(2.65912133947738,-16.2716409008208,-14.9017916890578));
#713=CARTESIAN_POINT('Ctrl Pts',(2.582422442097,-16.2632747736665,-14.9237028321445));
#714=CARTESIAN_POINT('Ctrl Pts',(2.50462007709679,-16.2548843922152,-14.9413558876134));
#715=CARTESIAN_POINT('Ctrl Pts',(2.4260665875723,-16.2464539389925,-14.9546253513041));
#716=CARTESIAN_POINT('Ctrl Pts',(2.3688202027154,-16.2403101893943,-14.9642955623906));
#717=CARTESIAN_POINT('Ctrl Pts',(2.31117441673155,-16.2341451632998,-14.9716367473432));
#718=CARTESIAN_POINT('Ctrl Pts',(2.25326300996578,-16.2279528281622,-14.9765830402377));
#719=CARTESIAN_POINT('Ctrl Pts',(2.18898823862038,-16.2210800729091,-14.9820728368522));
#720=CARTESIAN_POINT('Ctrl Pts',(2.12438593219298,-16.2141736750732,-14.9846127671129));
#721=CARTESIAN_POINT('Ctrl Pts',(2.05965138615843,-16.2072255026506,-14.984218638177));
#722=CARTESIAN_POINT('Ctrl Pts',(1.97989431552571,-16.1986649130948,-14.9837330463052));
#723=CARTESIAN_POINT('Ctrl Pts',(1.90037014185975,-16.1900872794884,-14.9787979364999));
#724=CARTESIAN_POINT('Ctrl Pts',(1.82144300932827,-16.1814791144806,-14.9695409394345));
#725=CARTESIAN_POINT('Ctrl Pts',(1.74193645826924,-16.1728077553578,-14.9602159850591));
#726=CARTESIAN_POINT('Ctrl Pts',(1.66303473931951,-16.164105415505,-14.9465053339232));
#727=CARTESIAN_POINT('Ctrl Pts',(1.58510851064344,-16.1553586064226,-14.9284864172037));
#728=CARTESIAN_POINT('Ctrl Pts',(1.50816777928037,-16.1467224142275,-14.9106953774688));
#729=CARTESIAN_POINT('Ctrl Pts',(1.43217707453879,-16.1380428719271,-14.8887040866227));
#730=CARTESIAN_POINT('Ctrl Pts',(1.35750618706676,-16.1293072689648,-14.8625387144217));
#731=CARTESIAN_POINT('Ctrl Pts',(1.31813983929791,-16.1247018759418,-14.8487443806936));
#732=CARTESIAN_POINT('Ctrl Pts',(1.27914062293377,-16.1200809059908,-14.8337891232957));
#733=CARTESIAN_POINT('Ctrl Pts',(1.2405655601728,-16.1154425257193,-14.8176716227449));
#734=CARTESIAN_POINT('Ctrl Pts',(1.22456056671775,-16.1135180377062,-14.8109843882373));
#735=CARTESIAN_POINT('Ctrl Pts',(1.20864732593511,-16.1115928039047,-14.8041048563497));
#736=CARTESIAN_POINT('Ctrl Pts',(1.19282942779024,-16.1096667081299,-14.7970341283478));
#737=CARTESIAN_POINT('Ctrl Pts',(1.12035489466042,-16.1008417118656,-14.7646374277155));
#738=CARTESIAN_POINT('Ctrl Pts',(1.04988073322275,-16.0919986067791,-14.7282311196108));
#739=CARTESIAN_POINT('Ctrl Pts',(0.981667882614539,-16.0831263255864,-14.6880975140602));
#740=CARTESIAN_POINT('Ctrl Pts',(0.912834546772249,-16.0741733393737,-14.6475988407927));
#741=CARTESIAN_POINT('Ctrl Pts',(0.84630301211358,-16.0651906462802,-14.6033042131243));
#742=CARTESIAN_POINT('Ctrl Pts',(0.782363193580281,-16.0561670261187,-14.5554552606303));
#743=CARTESIAN_POINT('Ctrl Pts',(0.718976052675762,-16.0472214035666,-14.5080199008898));
#744=CARTESIAN_POINT('Ctrl Pts',(0.658135264333721,-16.0382355610455,-14.4570907531298));
#745=CARTESIAN_POINT('Ctrl Pts',(0.600156377713374,-16.0291986768645,-14.4028648763971));
#746=CARTESIAN_POINT('Ctrl Pts',(0.583285525023079,-16.0265690999498,-14.3870860846388));
#747=CARTESIAN_POINT('Ctrl Pts',(0.566657247664305,-16.023935201868,-14.3710279401763));
#748=CARTESIAN_POINT('Ctrl Pts',(0.550279994506826,-16.0212967172885,-14.3546947994639));
#749=CARTESIAN_POINT('Ctrl Pts',(0.493745343261003,-16.0121886083713,-14.2983124253841));
#750=CARTESIAN_POINT('Ctrl Pts',(0.440502212895726,-16.0030746219634,-14.2389581518468));
#751=CARTESIAN_POINT('Ctrl Pts',(0.390817920542543,-15.9939447539956,-14.1768848521854));
#752=CARTESIAN_POINT('Ctrl Pts',(0.378317441168104,-15.9916476954925,-14.1612673206605));
#753=CARTESIAN_POINT('Ctrl Pts',(0.366042393290845,-15.9893496314384,-14.1454774615951));
#754=CARTESIAN_POINT('Ctrl Pts',(0.353997364086592,-15.9870504019626,-14.1295189007284));
#755=CARTESIAN_POINT('Ctrl Pts',(0.30618643786559,-15.9779239574381,-14.0661738009987));
#756=CARTESIAN_POINT('Ctrl Pts',(0.261996302664599,-15.9687791580276,-14.0001730944827));
#757=CARTESIAN_POINT('Ctrl Pts',(0.2215491479353,-15.9596059531268,-13.931870699678));
#758=CARTESIAN_POINT('Ctrl Pts',(0.181122706405882,-15.9504374458723,-13.8636032828876));
#759=CARTESIAN_POINT('Ctrl Pts',(0.144434990737944,-15.9412405646835,-13.793035638286));
#760=CARTESIAN_POINT('Ctrl Pts',(0.111653942603711,-15.9320051609701,-13.7204979570644));
#761=CARTESIAN_POINT('Ctrl Pts',(0.103498116400201,-15.929707420297,-13.7024508000965));
#762=CARTESIAN_POINT('Ctrl Pts',(0.0955843526708476,-15.9274072944334,-13.6842816226224));
#763=CARTESIAN_POINT('Ctrl Pts',(0.0879157280721271,-15.9251046257296,-13.6659953869353));
#764=CARTESIAN_POINT('Ctrl Pts',(0.0572164444338817,-15.9158865086148,-13.5927913424798));
#765=CARTESIAN_POINT('Ctrl Pts',(0.0306053540319031,-15.9066766771306,-13.5181026932185));
#766=CARTESIAN_POINT('Ctrl Pts',(0.00818007659630169,-15.8974652987932,
-13.4422846292985));
#767=CARTESIAN_POINT('Ctrl Pts',(-0.0142142453419741,-15.8882666356965,
-13.3665712234315));
#768=CARTESIAN_POINT('Ctrl Pts',(-0.0324346893795576,-15.8790664315018,
-13.2897306257688));
#769=CARTESIAN_POINT('Ctrl Pts',(-0.0463374369864864,-15.8698546599341,
-13.2120949105088));
#770=CARTESIAN_POINT('Ctrl Pts',(-0.0501865479897886,-15.8673042913089,
-13.1906007070387));
#771=CARTESIAN_POINT('Ctrl Pts',(-0.0537044074321983,-15.864753034575,-13.1690454728246));
#772=CARTESIAN_POINT('Ctrl Pts',(-0.0568872677452412,-15.8622006735608,
-13.1474361026037));
#773=CARTESIAN_POINT('Ctrl Pts',(-0.0684163787654911,-15.8529553876849,
-13.0691615935612));
#774=CARTESIAN_POINT('Ctrl Pts',(-0.07555405468665,-15.8436956335686,-12.9901766092385));
#775=CARTESIAN_POINT('Ctrl Pts',(-0.078317225347926,-15.8344109680409,-12.9108462258612));
#776=CARTESIAN_POINT('Ctrl Pts',(-0.0790068339522801,-15.8320937802804,
-12.8910476243016));
#777=CARTESIAN_POINT('Ctrl Pts',(-0.0794237198672254,-15.8297750395749,
-12.8712275290416));
#778=CARTESIAN_POINT('Ctrl Pts',(-0.079567642523827,-15.8274545809417,-12.8513916846649));
#779=CARTESIAN_POINT('Ctrl Pts',(-0.0796094527172489,-15.8267804770406,
-12.8456292806789));
#780=CARTESIAN_POINT('Ctrl Pts',(-0.0796282088400143,-15.8261064889707,
-12.839867778884));
#781=CARTESIAN_POINT('Ctrl Pts',(-0.0796239566702311,-15.8254326131466,
-12.8341073204265));
#782=CARTESIAN_POINT('Ctrl Pts',(-0.0797071711934727,-15.2671034550468,
-12.8340934767348));
#783=CARTESIAN_POINT('Ctrl Pts',(-0.0796808015756661,-15.2751455093458,
-12.9126854608661));
#784=CARTESIAN_POINT('Ctrl Pts',(-0.0752831545780984,-15.2831524088742,
-12.9910786403514));
#785=CARTESIAN_POINT('Ctrl Pts',(-0.0666568244963355,-15.2911401026165,
-13.0689353952525));
#786=CARTESIAN_POINT('Ctrl Pts',(-0.057940112928396,-15.2992114865985,-13.147607886295));
#787=CARTESIAN_POINT('Ctrl Pts',(-0.0449054477377135,-15.3072632606401,
-13.2257335857303));
#788=CARTESIAN_POINT('Ctrl Pts',(-0.0276465378381539,-15.3153121473335,
-13.3029625443214));
#789=CARTESIAN_POINT('Ctrl Pts',(-0.0104903717494927,-15.3233131182954,
-13.3797317521192));
#790=CARTESIAN_POINT('Ctrl Pts',(0.010840199876739,-15.3313112376944,-13.4556157685698));
#791=CARTESIAN_POINT('Ctrl Pts',(0.0363016670073103,-15.3393231782241,-13.5302555280734));
#792=CARTESIAN_POINT('Ctrl Pts',(0.0465372982764558,-15.3425440165439,-13.5602610675178));
#793=CARTESIAN_POINT('Ctrl Pts',(0.0574410398768707,-15.3457670911396,-13.5900652765265));
#794=CARTESIAN_POINT('Ctrl Pts',(0.0690121304853409,-15.3489934956165,-13.6196436174654));
#795=CARTESIAN_POINT('Ctrl Pts',(0.0965586243561339,-15.3566743732586,-13.6900587248182));
#796=CARTESIAN_POINT('Ctrl Pts',(0.127742082035794,-15.3643344654359,-13.7588300090151));
#797=CARTESIAN_POINT('Ctrl Pts',(0.162465721815875,-15.3719887022612,-13.8256621538766));
#798=CARTESIAN_POINT('Ctrl Pts',(0.198934198183642,-15.380027558687,-13.8958525633764));
#799=CARTESIAN_POINT('Ctrl Pts',(0.2393073511735,-15.3880599576248,-13.9639051002012));
#800=CARTESIAN_POINT('Ctrl Pts',(0.283313816787874,-15.3961033244685,-14.0295640336884));
#801=CARTESIAN_POINT('Ctrl Pts',(0.327531163797424,-15.4041852355669,-14.0955376083836));
#802=CARTESIAN_POINT('Ctrl Pts',(0.375417381890125,-15.4122782224974,-14.1590953325325));
#803=CARTESIAN_POINT('Ctrl Pts',(0.426739337957905,-15.4204000605823,-14.2199472124497));
#804=CARTESIAN_POINT('Ctrl Pts',(0.458336128259645,-15.4254003379391,-14.2574111798532));
#805=CARTESIAN_POINT('Ctrl Pts',(0.491235970569938,-15.4304115526907,-14.2938488935915));
#806=CARTESIAN_POINT('Ctrl Pts',(0.525390717475184,-15.4354378644306,-14.3291850677052));
#807=CARTESIAN_POINT('Ctrl Pts',(0.581141448364456,-15.4436423038884,-14.3868642400654));
#808=CARTESIAN_POINT('Ctrl Pts',(0.639926814039882,-15.4518419797655,-14.4412924996543));
#809=CARTESIAN_POINT('Ctrl Pts',(0.70146344352866,-15.4600543578537,-14.4922155854806));
#810=CARTESIAN_POINT('Ctrl Pts',(0.75756296926944,-15.4675411266251,-14.5386393332198));
#811=CARTESIAN_POINT('Ctrl Pts',(0.815950028670804,-15.4750384528683,-14.582150069492));
#812=CARTESIAN_POINT('Ctrl Pts',(0.876437783391746,-15.4825595016865,-14.6225296973707));
#813=CARTESIAN_POINT('Ctrl Pts',(0.942738854379333,-15.4908033783835,-14.666790103246));
#814=CARTESIAN_POINT('Ctrl Pts',(1.01156416028762,-15.4990757607366,-14.7072897112479));
#815=CARTESIAN_POINT('Ctrl Pts',(1.08256417447337,-15.5073938609202,-14.7439033161923));
#816=CARTESIAN_POINT('Ctrl Pts',(1.12740730676353,-15.5126475171513,-14.7670282232641));
#817=CARTESIAN_POINT('Ctrl Pts',(1.17311847146043,-15.5179194079696,-14.7886020424936));
#818=CARTESIAN_POINT('Ctrl Pts',(1.21961280240967,-15.5232138358579,-14.8085829985883));
#819=CARTESIAN_POINT('Ctrl Pts',(1.29302743098401,-15.5315737466039,-14.8401329626442));
#820=CARTESIAN_POINT('Ctrl Pts',(1.36799181151191,-15.5399442864322,-14.8675411842375));
#821=CARTESIAN_POINT('Ctrl Pts',(1.44413230757712,-15.5483409925856,-14.8907378955095));
#822=CARTESIAN_POINT('Ctrl Pts',(1.52046082599998,-15.5567584336772,-14.91399188905));
#823=CARTESIAN_POINT('Ctrl Pts',(1.59797223425943,-15.5652021715079,-14.9330138690498));
#824=CARTESIAN_POINT('Ctrl Pts',(1.67631209376685,-15.5736875864191,-14.9476865772969));
#825=CARTESIAN_POINT('Ctrl Pts',(1.74735497002107,-15.5813826255127,-14.960992592943));
#826=CARTESIAN_POINT('Ctrl Pts',(1.81907993459465,-15.5891119364269,-14.9707214293991));
#827=CARTESIAN_POINT('Ctrl Pts',(1.89122829566849,-15.5968867861005,-14.9767489763311));
#828=CARTESIAN_POINT('Ctrl Pts',(1.94108394690279,-15.6022593293982,-14.9809141059773));
#829=CARTESIAN_POINT('Ctrl Pts',(1.99114188837084,-15.6076536135536,-14.9833110524737));
#830=CARTESIAN_POINT('Ctrl Pts',(2.04131091660564,-15.6130732999279,-14.9839452508351));
#831=CARTESIAN_POINT('Ctrl Pts',(2.12103924099696,-15.6216862336152,-14.9849531151384));
#832=CARTESIAN_POINT('Ctrl Pts',(2.20061567357639,-15.6303167568024,-14.9815064416134));
#833=CARTESIAN_POINT('Ctrl Pts',(2.27967440329145,-15.6389778586469,-14.9737294962924));
#834=CARTESIAN_POINT('Ctrl Pts',(2.359328801228,-15.6477042175875,-14.9658939555549));
#835=CARTESIAN_POINT('Ctrl Pts',(2.43845867335233,-15.6564616166874,-14.9536625405044));
#836=CARTESIAN_POINT('Ctrl Pts',(2.51669243095389,-15.6652630566191,-14.9371093273566));
#837=CARTESIAN_POINT('Ctrl Pts',(2.59396030449111,-15.6739558328378,-14.9207604823138));
#838=CARTESIAN_POINT('Ctrl Pts',(2.67035500618181,-15.6826915673139,-14.9001956464399));
#839=CARTESIAN_POINT('Ctrl Pts',(2.74550642852515,-15.6914825314561,-14.8754375553242));
#840=CARTESIAN_POINT('Ctrl Pts',(2.78481548632162,-15.6960807746666,-14.8624874712905));
#841=CARTESIAN_POINT('Ctrl Pts',(2.8237840988532,-15.7006941244751,-14.8483893397309));
#842=CARTESIAN_POINT('Ctrl Pts',(2.86235663173612,-15.7053243113156,-14.8331413429614));
#843=CARTESIAN_POINT('Ctrl Pts',(2.89224830846644,-15.7089124616883,-14.8213249504107));
#844=CARTESIAN_POINT('Ctrl Pts',(2.92183737712333,-15.7125029544636,-14.8088435280875));
#845=CARTESIAN_POINT('Ctrl Pts',(2.95110084302838,-15.7160965051432,-14.7957035585201));
#846=CARTESIAN_POINT('Ctrl Pts',(3.02347379324055,-15.7249838961743,-14.7632064385148));
#847=CARTESIAN_POINT('Ctrl Pts',(3.09385641728515,-15.7338899991424,-14.7266849409506));
#848=CARTESIAN_POINT('Ctrl Pts',(3.1619886350478,-15.7428255433757,-14.6864195844893));
#849=CARTESIAN_POINT('Ctrl Pts',(3.23389263438638,-15.7522557569771,-14.6439251485318));
#850=CARTESIAN_POINT('Ctrl Pts',(3.30329134253538,-15.7617187595644,-14.5972606245228));
#851=CARTESIAN_POINT('Ctrl Pts',(3.36985156132517,-15.7712270431903,-14.5467001837986));
#852=CARTESIAN_POINT('Ctrl Pts',(3.4328760374756,-15.7802302376736,-14.4988255621624));
#853=CARTESIAN_POINT('Ctrl Pts',(3.49335610262066,-15.7892740269131,-14.4474569523599));
#854=CARTESIAN_POINT('Ctrl Pts',(3.55097329526257,-15.7983689557617,-14.3927892441569));
#855=CARTESIAN_POINT('Ctrl Pts',(3.55420568333189,-15.7988791913035,-14.3897223254185));
#856=CARTESIAN_POINT('Ctrl Pts',(3.55742905002224,-15.7993895877893,-14.3866450150894));
#857=CARTESIAN_POINT('Ctrl Pts',(3.56064333506025,-15.7999001470782,-14.3835573447434));
#858=CARTESIAN_POINT('Ctrl Pts',(3.61821031904523,-15.8090441271735,-14.3282579959747));
#859=CARTESIAN_POINT('Ctrl Pts',(3.67255911336297,-15.8181914026596,-14.2699348432102));
#860=CARTESIAN_POINT('Ctrl Pts',(3.72342720772321,-15.8273518731031,-14.208847331679));
#861=CARTESIAN_POINT('Ctrl Pts',(3.74558207226765,-15.8313415838322,-14.1822415474374));
#862=CARTESIAN_POINT('Ctrl Pts',(3.76707631247518,-15.8353337985958,-14.1551108272076));
#863=CARTESIAN_POINT('Ctrl Pts',(3.78788628977641,-15.8393293411121,-14.1274742081559));
#864=CARTESIAN_POINT('Ctrl Pts',(3.83717924928048,-15.8487936529948,-14.0620108621836));
#865=CARTESIAN_POINT('Ctrl Pts',(3.8826363740084,-15.8582766251927,-13.9937111995527));
#866=CARTESIAN_POINT('Ctrl Pts',(3.9241101949683,-15.8677893097468,-13.9229576777224));
#867=CARTESIAN_POINT('Ctrl Pts',(3.9655840159282,-15.8773019943008,-13.8522041558922));
#868=CARTESIAN_POINT('Ctrl Pts',(4.00307505636129,-15.886844388592,-13.778995729544));
#869=CARTESIAN_POINT('Ctrl Pts',(4.03638221282852,-15.8964277258746,-13.7036905962899));
#870=CARTESIAN_POINT('Ctrl Pts',(4.06846433117087,-15.90565858775,-13.6311551878944));
#871=CARTESIAN_POINT('Ctrl Pts',(4.09649348385674,-15.9148783684265,-13.5570610753796));
#872=CARTESIAN_POINT('Ctrl Pts',(4.12036878106525,-15.9240969966029,-13.481762072142));
#873=CARTESIAN_POINT('Ctrl Pts',(4.14418207996192,-15.9332916862549,-13.4066586020131));
#874=CARTESIAN_POINT('Ctrl Pts',(4.16386345491848,-15.9424852283112,-13.3303556046614));
#875=CARTESIAN_POINT('Ctrl Pts',(4.17926676058829,-15.9516877263651,-13.2531816858377));
#876=CARTESIAN_POINT('Ctrl Pts',(4.18630884964051,-15.9558949278702,-13.2178992847405));
#877=CARTESIAN_POINT('Ctrl Pts',(4.19245609199043,-15.96010400488,-13.1824346203925));
#878=CARTESIAN_POINT('Ctrl Pts',(4.19769095852678,-15.9643159412847,-13.1468182930156));
#879=CARTESIAN_POINT('Ctrl Pts',(4.20918556065161,-15.9735644164484,-13.0686127629409));
#880=CARTESIAN_POINT('Ctrl Pts',(4.21628457675432,-15.9828266595231,-12.9896756410326));
#881=CARTESIAN_POINT('Ctrl Pts',(4.21900390703966,-15.9921132882193,-12.9103706256698));
#882=CARTESIAN_POINT('Ctrl Pts',(4.21921483506737,-15.9928336164139,-12.9042192395847));
#883=CARTESIAN_POINT('Ctrl Pts',(4.21939938682752,-15.9935540914642,-12.8980656430464));
#884=CARTESIAN_POINT('Ctrl Pts',(4.2195575567091,-15.994274718396,-12.8919100077584));
#885=CARTESIAN_POINT('Ctrl Pts',(4.22158054637237,-16.0034915226281,-12.8131795539319));
#886=CARTESIAN_POINT('Ctrl Pts',(4.2192816086544,-16.0126842978751,-12.734533608852));
#887=CARTESIAN_POINT('Ctrl Pts',(4.21275799299691,-16.0218637370988,-12.6563291614973));
#888=CARTESIAN_POINT('Ctrl Pts',(4.20621175622083,-16.0310750067052,-12.5778535344517));
#889=CARTESIAN_POINT('Ctrl Pts',(4.19541145471267,-16.0402728482194,-12.4998215167862));
#890=CARTESIAN_POINT('Ctrl Pts',(4.18040303263981,-16.0494683236252,-12.422590357893));
#891=CARTESIAN_POINT('Ctrl Pts',(4.16563372766306,-16.0585172949304,-12.3465896608267));
#892=CARTESIAN_POINT('Ctrl Pts',(4.14678915397494,-16.0675639766052,-12.2713636166979));
#893=CARTESIAN_POINT('Ctrl Pts',(4.12386430393539,-16.076619140989,-12.1972629985589));
#894=CARTESIAN_POINT('Ctrl Pts',(4.11367454615392,-16.0806440280256,-12.1643263665203));
#895=CARTESIAN_POINT('Ctrl Pts',(4.10267802372829,-16.0846705938944,-12.131612299107));
#896=CARTESIAN_POINT('Ctrl Pts',(4.09087124867098,-16.0886997981539,-12.0991529711197));
#897=CARTESIAN_POINT('Ctrl Pts',(4.0870078442104,-16.09001823148,-12.0885316531116));
#898=CARTESIAN_POINT('Ctrl Pts',(4.08305766880928,-16.091336947369,-12.0779376192404));
#899=CARTESIAN_POINT('Ctrl Pts',(4.07902121158532,-16.0926559796245,-12.0673717979238));
#900=CARTESIAN_POINT('Ctrl Pts',(4.05118265816707,-16.101753053585,-11.9945016633456));
#901=CARTESIAN_POINT('Ctrl Pts',(4.01939140149106,-16.1108171404568,-11.9233571503864));
#902=CARTESIAN_POINT('Ctrl Pts',(3.9839054964782,-16.1198596722988,-11.8542008633391));
#903=CARTESIAN_POINT('Ctrl Pts',(3.94815385530699,-16.12896991913,-11.7845266995168));
#904=CARTESIAN_POINT('Ctrl Pts',(3.90865158916978,-16.1380582887891,-11.7168698359884));
#905=CARTESIAN_POINT('Ctrl Pts',(3.8656122768551,-16.1471365890822,-11.6515160113682));
#906=CARTESIAN_POINT('Ctrl Pts',(3.82302688895847,-16.1561191429063,-11.5868514565159));
#907=CARTESIAN_POINT('Ctrl Pts',(3.77697813442414,-16.1650918410395,-11.5244408771665));
#908=CARTESIAN_POINT('Ctrl Pts',(3.7276312874654,-16.1740662031294,-11.4645893413067));
#909=CARTESIAN_POINT('Ctrl Pts',(3.69704366130461,-16.1796289583926,-11.4274903873338));
#910=CARTESIAN_POINT('Ctrl Pts',(3.66518807452837,-16.1851923544565,-11.3913752504692));
#911=CARTESIAN_POINT('Ctrl Pts',(3.63209705621126,-16.1907591444379,-11.3563240445442));
#912=CARTESIAN_POINT('Ctrl Pts',(3.59191597516788,-16.1975186716681,-11.3137627872131));
#913=CARTESIAN_POINT('Ctrl Pts',(3.55007365339062,-16.2042563269734,-11.2729394392673));
#914=CARTESIAN_POINT('Ctrl Pts',(3.50665867403826,-16.2109772110641,-11.2339681739609));
#915=CARTESIAN_POINT('Ctrl Pts',(3.44891744921057,-16.2199158788951,-11.1821370174004));
#916=CARTESIAN_POINT('Ctrl Pts',(3.38839558303759,-16.2288248850413,-11.1335801739579));
#917=CARTESIAN_POINT('Ctrl Pts',(3.32542732411446,-16.2377161607806,-11.0884202489041));
#918=CARTESIAN_POINT('Ctrl Pts',(3.26229783416405,-16.2466302027445,-11.0431446912883));
#919=CARTESIAN_POINT('Ctrl Pts',(3.1967086229482,-16.2555264255941,-11.0012830020567));
#920=CARTESIAN_POINT('Ctrl Pts',(3.12896524755354,-16.2644167443658,-10.9630002074522));
#921=CARTESIAN_POINT('Ctrl Pts',(3.06950269997792,-16.2722203266325,-10.9293970324962));
#922=CARTESIAN_POINT('Ctrl Pts',(3.00837964313433,-16.2800193593913,-10.8985516769414));
#923=CARTESIAN_POINT('Ctrl Pts',(2.94579015537891,-16.2878218115023,-10.8706063923227));
#924=CARTESIAN_POINT('Ctrl Pts',(2.87451779676946,-16.2967066767541,-10.8387843337277));
#925=CARTESIAN_POINT('Ctrl Pts',(2.80172329451173,-16.3055488810377,-10.8108911400005));
#926=CARTESIAN_POINT('Ctrl Pts',(2.72772724955429,-16.3143605768639,-10.7870591823665));
#927=CARTESIAN_POINT('Ctrl Pts',(2.68223801633404,-16.3197775864721,-10.7724084334038));
#928=CARTESIAN_POINT('Ctrl Pts',(2.63629407286848,-16.3251830618747,-10.7592933361653));
#929=CARTESIAN_POINT('Ctrl Pts',(2.5899655112217,-16.3305797823152,-10.7477533769648));
#930=CARTESIAN_POINT('Ctrl Pts',(2.51442991580335,-16.3393787710447,-10.7289382517303));
#931=CARTESIAN_POINT('Ctrl Pts',(2.43787209218323,-16.3481544997169,-10.7143075438409));
#932=CARTESIAN_POINT('Ctrl Pts',(2.36064217626904,-16.3569188139205,-10.703849814911));
#933=CARTESIAN_POINT('Ctrl Pts',(2.28341226035486,-16.3656831281242,-10.6933920859812));
#934=CARTESIAN_POINT('Ctrl Pts',(2.20550931497563,-16.3744360287102,-10.6871072991915));
#935=CARTESIAN_POINT('Ctrl Pts',(2.1272827928537,-16.3831891017994,-10.6850365975648));
#936=CARTESIAN_POINT('Ctrl Pts',(2.04947741801075,-16.3918950510639,-10.6829770439519));
#937=CARTESIAN_POINT('Ctrl Pts',(1.97176358081585,-16.4005552757285,-10.6850972333926));
#938=CARTESIAN_POINT('Ctrl Pts',(1.89448740080411,-16.4091816397694,-10.6913574482015));
#939=CARTESIAN_POINT('Ctrl Pts',(1.81717100579056,-16.4178124930234,-10.6976209208648));
#940=CARTESIAN_POINT('Ctrl Pts',(1.7402918075236,-16.4264094494306,-10.708028750546));
#941=CARTESIAN_POINT('Ctrl Pts',(1.66419475328497,-16.4349841426914,-10.7225927505047));
#942=CARTESIAN_POINT('Ctrl Pts',(1.62735703400072,-16.4391350542667,-10.7296430173974));
#943=CARTESIAN_POINT('Ctrl Pts',(1.59070266400324,-16.4432807450282,-10.7376680177686));
#944=CARTESIAN_POINT('Ctrl Pts',(1.55427160594259,-16.4474225148371,-10.7466734207241));
#945=CARTESIAN_POINT('Ctrl Pts',(1.47886516783339,-16.4559953130313,-10.7653131582657));
#946=CARTESIAN_POINT('Ctrl Pts',(1.40441384396086,-16.4645513269953,-10.7881502835756));
#947=CARTESIAN_POINT('Ctrl Pts',(1.33122785514344,-16.4731019156528,-10.8150378495644));
#948=CARTESIAN_POINT('Ctrl Pts',(1.32180119122574,-16.4742032675219,-10.8185010814239));
#949=CARTESIAN_POINT('Ctrl Pts',(1.31239555442945,-16.4753045290834,-10.8220315741169));
#950=CARTESIAN_POINT('Ctrl Pts',(1.30301164051219,-16.4764057243481,-10.8256290674142));
#951=CARTESIAN_POINT('Ctrl Pts',(1.23037639192594,-16.4849294163281,-10.8534751050314));
#952=CARTESIAN_POINT('Ctrl Pts',(1.15942346043167,-16.49340436957,-10.8851847861945));
#953=CARTESIAN_POINT('Ctrl Pts',(1.09043512681036,-16.5018424994346,-10.9205426944544));
#954=CARTESIAN_POINT('Ctrl Pts',(1.02101187540546,-16.5103338251448,-10.9561235068242));
#955=CARTESIAN_POINT('Ctrl Pts',(0.953577254051945,-16.5187878595148,-10.995399131526));
#956=CARTESIAN_POINT('Ctrl Pts',(0.888437780718906,-16.5272166235684,-11.0381993849619));
#957=CARTESIAN_POINT('Ctrl Pts',(0.823990160134278,-16.5355558648906,-11.0805450526994));
#958=CARTESIAN_POINT('Ctrl Pts',(0.761788465741839,-16.5438703675368,-11.1263413977015));
#959=CARTESIAN_POINT('Ctrl Pts',(0.702159368355806,-16.5521716895881,-11.1754643557825));
#960=CARTESIAN_POINT('Ctrl Pts',(0.679793886715282,-16.5552853215911,-11.1938892299672));
#961=CARTESIAN_POINT('Ctrl Pts',(0.657790682816416,-16.5583970986373,-11.2127824747155));
#962=CARTESIAN_POINT('Ctrl Pts',(0.636168413592634,-16.5615076285008,-11.2321388217786));
#963=CARTESIAN_POINT('Ctrl Pts',(0.622733568296125,-16.5634403344104,-11.2441657522366));
#964=CARTESIAN_POINT('Ctrl Pts',(0.60944580685334,-16.5653725588041,-11.2563714855012));
#965=CARTESIAN_POINT('Ctrl Pts',(0.596307847476558,-16.5673044473114,-11.2687527826113));
#966=CARTESIAN_POINT('Ctrl Pts',(0.539744052468926,-16.5756219449052,-11.3220588655106));
#967=CARTESIAN_POINT('Ctrl Pts',(0.486251455478644,-16.5838895899017,-11.3783359713128));
#968=CARTESIAN_POINT('Ctrl Pts',(0.435974995543218,-16.5921199514223,-11.4372538674856));
#969=CARTESIAN_POINT('Ctrl Pts',(0.385172000532152,-16.6004365078347,-11.4967887987272));
#970=CARTESIAN_POINT('Ctrl Pts',(0.337652323272631,-16.608714993223,-11.5590208770919));
#971=CARTESIAN_POINT('Ctrl Pts',(0.293602494425599,-16.6169684553686,-11.6236482191291));
#972=CARTESIAN_POINT('Ctrl Pts',(0.249809299192832,-16.6251738329728,-11.6878990432819));
#973=CARTESIAN_POINT('Ctrl Pts',(0.209445196298836,-16.6333544760575,-11.7545181164133));
#974=CARTESIAN_POINT('Ctrl Pts',(0.172737027693114,-16.6415233176124,-11.8232350835288));
#975=CARTESIAN_POINT('Ctrl Pts',(0.150980990470461,-16.6463647909869,-11.8639619558076));
#976=CARTESIAN_POINT('Ctrl Pts',(0.130510011349536,-16.6512021211901,-11.9054261836425));
#977=CARTESIAN_POINT('Ctrl Pts',(0.111379589762214,-16.6560380235089,-11.9475741329793));
#978=CARTESIAN_POINT('Ctrl Pts',(0.0889656042878079,-16.6617039647342,-11.9969563967155));
#979=CARTESIAN_POINT('Ctrl Pts',(0.0684741370908933,-16.6673471588402,-12.0470955633148));
#980=CARTESIAN_POINT('Ctrl Pts',(0.0499630226513193,-16.6729723010949,-12.0978912348661));
#981=CARTESIAN_POINT('Ctrl Pts',(0.0232303957343963,-16.6810957898097,-12.1712472578657));
#982=CARTESIAN_POINT('Ctrl Pts',(0.000625431350425965,-16.6891816199666,
-12.2459718511872));
#983=CARTESIAN_POINT('Ctrl Pts',(-0.0178632346877719,-16.6972441276628,
-12.3217055280955));
#984=CARTESIAN_POINT('Ctrl Pts',(-0.0365059485479898,-16.7053738122849,
-12.3980702190508));
#985=CARTESIAN_POINT('Ctrl Pts',(-0.0509635863385722,-16.713479782922,-12.4754618194549));
#986=CARTESIAN_POINT('Ctrl Pts',(-0.0611965456741225,-16.7215769888421,
-12.5535240866794));
#987=CARTESIAN_POINT('Ctrl Pts',(-0.0702635892423993,-16.7287516209745,
-12.6226921498715));
#988=CARTESIAN_POINT('Ctrl Pts',(-0.0760131137562598,-16.7359193752128,
-12.6923873692765));
#989=CARTESIAN_POINT('Ctrl Pts',(-0.0783833774476393,-16.7430908239348,
-12.7623608886367));
#990=CARTESIAN_POINT('Ctrl Pts',(-0.0791938177232655,-16.7455428848173,
-12.7862862259411));
#991=CARTESIAN_POINT('Ctrl Pts',(-0.0796075813392234,-16.7479913918403,
-12.8102050895846));
#992=CARTESIAN_POINT('Ctrl Pts',(-0.0796252016199659,-16.7504367883638,
-12.8341073301414));
#993=CARTESIAN_POINT('Origin',(2.07027435964269,4.44089209850063E-15,-12.8340938159188));
#994=CARTESIAN_POINT('',(-0.0797256403573127,-18.8,-12.8340938159188));
#995=CARTESIAN_POINT('',(-0.0795752708314158,-18.2337701215828,-12.8340947024206));
#996=CARTESIAN_POINT('',(-0.0797256403573127,4.44089209850063E-15,-12.8340938159188));
#997=CARTESIAN_POINT('',(-0.0793163690572793,-18.8,-12.7921450485097));
#998=CARTESIAN_POINT('Origin',(2.07027435964269,-18.8,-12.8340938159188));
#999=CARTESIAN_POINT('',(-0.0793038167295901,-18.7871907278654,-12.7921450485097));
#1000=CARTESIAN_POINT('',(-0.0793163690572793,4.44089209850063E-15,-12.7921450485097));
#1001=CARTESIAN_POINT('Ctrl Pts',(-0.0793038167295902,-18.7871907278654,
-12.7921450485097));
#1002=CARTESIAN_POINT('Ctrl Pts',(-0.077772983608157,-18.7780147113323,
-12.7137382257486));
#1003=CARTESIAN_POINT('Ctrl Pts',(-0.0718753347333529,-18.7688610802034,
-12.6356351940672));
#1004=CARTESIAN_POINT('Ctrl Pts',(-0.0617752863406558,-18.7597194156977,
-12.5581691127221));
#1005=CARTESIAN_POINT('Ctrl Pts',(-0.0515887059628553,-18.7504994301438,
-12.4800393421018));
#1006=CARTESIAN_POINT('Ctrl Pts',(-0.0371272691953488,-18.7412916170165,
-12.4025565636858));
#1007=CARTESIAN_POINT('Ctrl Pts',(-0.0185063509623093,-18.7320850222081,
-12.326061634658));
#1008=CARTESIAN_POINT('Ctrl Pts',(-5.35116400022136E-5,-18.7229615293395,
-12.250257175573));
#1009=CARTESIAN_POINT('Ctrl Pts',(0.0224843183565685,-18.7138392316416,
-12.175421919905));
#1010=CARTESIAN_POINT('Ctrl Pts',(0.0490437547597476,-18.7047072210997,
-12.1019001887658));
#1011=CARTESIAN_POINT('Ctrl Pts',(0.0644236652480899,-18.6994191004264,
-12.0593255788719));
#1012=CARTESIAN_POINT('Ctrl Pts',(0.0811530218403012,-18.6941277182332,
-12.0171917336392));
#1013=CARTESIAN_POINT('Ctrl Pts',(0.0992266279205929,-18.6888309206339,
-11.9755692722857));
#1014=CARTESIAN_POINT('Ctrl Pts',(0.128647269641622,-18.6802086687298,-11.9078152492319));
#1015=CARTESIAN_POINT('Ctrl Pts',(0.161480739960367,-18.6716151502471,-11.8417546478796));
#1016=CARTESIAN_POINT('Ctrl Pts',(0.197631051034976,-18.6630407553154,-11.7776579992625));
#1017=CARTESIAN_POINT('Ctrl Pts',(0.235979839045208,-18.6539449095599,-11.7096633204639));
#1018=CARTESIAN_POINT('Ctrl Pts',(0.278060918709415,-18.6448705836137,-11.6438777338762));
#1019=CARTESIAN_POINT('Ctrl Pts',(0.323600726296283,-18.635806170169,-11.5805386945171));
#1020=CARTESIAN_POINT('Ctrl Pts',(0.369123608385303,-18.6267451256386,-11.5172231959859));
#1021=CARTESIAN_POINT('Ctrl Pts',(0.41810324973734,-18.6176939840408,-11.4563517130554));
#1022=CARTESIAN_POINT('Ctrl Pts',(0.470308144991679,-18.6086410421005,-11.3981915837633));
#1023=CARTESIAN_POINT('Ctrl Pts',(0.504877728527858,-18.6026462703242,-11.3596785010678));
#1024=CARTESIAN_POINT('Ctrl Pts',(0.54086241434252,-18.5966507068947,-11.3223549692083));
#1025=CARTESIAN_POINT('Ctrl Pts',(0.578203123350748,-18.5906509348167,-11.2863082573815));
#1026=CARTESIAN_POINT('Ctrl Pts',(0.634514021395956,-18.5816031003552,-11.2319487455121));
#1027=CARTESIAN_POINT('Ctrl Pts',(0.693607126433446,-18.5725937616467,-11.1807806668975));
#1028=CARTESIAN_POINT('Ctrl Pts',(0.755217465710662,-18.5636107955323,-11.133036200386));
#1029=CARTESIAN_POINT('Ctrl Pts',(0.80672690779547,-18.5561005695175,-11.0931193477685));
#1030=CARTESIAN_POINT('Ctrl Pts',(0.859996854231292,-18.5486087773544,-11.0555957961302));
#1031=CARTESIAN_POINT('Ctrl Pts',(0.914892659967559,-18.5411283661272,-11.0206205654441));
#1032=CARTESIAN_POINT('Ctrl Pts',(0.980542338728011,-18.5321825716813,-10.9787938242511));
#1033=CARTESIAN_POINT('Ctrl Pts',(1.04851718161388,-18.5232530498408,-10.9406101589925));
#1034=CARTESIAN_POINT('Ctrl Pts',(1.11848366482983,-18.5143278206892,-10.9061719454266));
#1035=CARTESIAN_POINT('Ctrl Pts',(1.17311734758115,-18.5073585103061,-10.8792806919578));
#1036=CARTESIAN_POINT('Ctrl Pts',(1.22896610882657,-18.5003918186974,-10.8546739993324));
#1037=CARTESIAN_POINT('Ctrl Pts',(1.2858782776424,-18.4934220935665,-10.8324215371868));
#1038=CARTESIAN_POINT('Ctrl Pts',(1.35836708228473,-18.4845447821946,-10.8040786640397));
#1039=CARTESIAN_POINT('Ctrl Pts',(1.43219604724283,-18.4757094806034,-10.779703692566));
#1040=CARTESIAN_POINT('Ctrl Pts',(1.50702081050284,-18.4669041226861,-10.7593595727151));
#1041=CARTESIAN_POINT('Ctrl Pts',(1.58185585296523,-18.4580975551149,-10.7390126580498));
#1042=CARTESIAN_POINT('Ctrl Pts',(1.6576878361542,-18.4493209384045,-10.7226974215698));
#1043=CARTESIAN_POINT('Ctrl Pts',(1.73419203699473,-18.4405624232032,-10.7105244869738));
#1044=CARTESIAN_POINT('Ctrl Pts',(1.78853859769252,-18.4343406056719,-10.7018771562178));
#1045=CARTESIAN_POINT('Ctrl Pts',(1.84322481714319,-18.4281279273022,-10.6953211371529));
#1046=CARTESIAN_POINT('Ctrl Pts',(1.89813672574242,-18.4219202127267,-10.6909119202564));
#1047=CARTESIAN_POINT('Ctrl Pts',(1.96925530210082,-18.4138803569956,-10.6852013697304));
#1048=CARTESIAN_POINT('Ctrl Pts',(2.04075295374866,-18.4058488209675,-10.6830907084977));
#1049=CARTESIAN_POINT('Ctrl Pts',(2.11236426071057,-18.3978166922507,-10.684557068764));
#1050=CARTESIAN_POINT('Ctrl Pts',(2.19003937120264,-18.3891044300111,-10.6861475954635));
#1051=CARTESIAN_POINT('Ctrl Pts',(2.26743786878769,-18.3804373406312,-10.6919373063393));
#1052=CARTESIAN_POINT('Ctrl Pts',(2.34422265336518,-18.3718035971511,-10.7018140873132));
#1053=CARTESIAN_POINT('Ctrl Pts',(2.42140537181227,-18.3631251096638,-10.711742054283));
#1054=CARTESIAN_POINT('Ctrl Pts',(2.49796891169874,-18.3544803151584,-10.7257996953317));
#1055=CARTESIAN_POINT('Ctrl Pts',(2.5735703714045,-18.3458574599954,-10.7439259219862));
#1056=CARTESIAN_POINT('Ctrl Pts',(2.64818346183448,-18.3373473349985,-10.7618151769527));
#1057=CARTESIAN_POINT('Ctrl Pts',(2.7218603092137,-18.3288585807252,-10.7836675795889));
#1058=CARTESIAN_POINT('Ctrl Pts',(2.79425771438987,-18.3203801344539,-10.809472618231));
#1059=CARTESIAN_POINT('Ctrl Pts',(2.83671422887183,-18.3154080601644,-10.8246056467442));
#1060=CARTESIAN_POINT('Ctrl Pts',(2.87873041425837,-18.3104395352331,-10.8410989084582));
#1061=CARTESIAN_POINT('Ctrl Pts',(2.92023307151055,-18.3054723644563,-10.8589576769022));
#1062=CARTESIAN_POINT('Ctrl Pts',(2.92344204292975,-18.3050883044921,-10.860338510837));
#1063=CARTESIAN_POINT('Ctrl Pts',(2.92664794248355,-18.3047042526364,-10.8617275108847));
#1064=CARTESIAN_POINT('Ctrl Pts',(2.92985074424092,-18.3043202078808,-10.8631246607169));
#1065=CARTESIAN_POINT('Ctrl Pts',(3.00064574185014,-18.2958312505199,-10.8940073773283));
#1066=CARTESIAN_POINT('Ctrl Pts',(3.06955877715889,-18.2873900551128,-10.9287064205608));
#1067=CARTESIAN_POINT('Ctrl Pts',(3.13635586911825,-18.2789849833077,-10.9669510853653));
#1068=CARTESIAN_POINT('Ctrl Pts',(3.20390110787991,-18.2704857722608,-11.0056241015072));
#1069=CARTESIAN_POINT('Ctrl Pts',(3.2692834764354,-18.2620235004768,-11.0479231286224));
#1070=CARTESIAN_POINT('Ctrl Pts',(3.33223949108802,-18.2535862760965,-11.0936175304768));
#1071=CARTESIAN_POINT('Ctrl Pts',(3.39493863213576,-18.2451834773426,-11.1391254896887));
#1072=CARTESIAN_POINT('Ctrl Pts',(3.45523186394721,-18.2368055241896,-11.1880017806233));
#1073=CARTESIAN_POINT('Ctrl Pts',(3.51282707144239,-18.2284407782805,-11.2400585158184));
#1074=CARTESIAN_POINT('Ctrl Pts',(3.54797688268755,-18.223335852843,-11.2718282497203));
#1075=CARTESIAN_POINT('Ctrl Pts',(3.58212114009325,-18.2182358484732,-11.3047832928888));
#1076=CARTESIAN_POINT('Ctrl Pts',(3.61518590297088,-18.2131381345621,-11.3388868518573));
#1077=CARTESIAN_POINT('Ctrl Pts',(3.66158833640659,-18.2059841038102,-11.3867471111556));
#1078=CARTESIAN_POINT('Ctrl Pts',(3.70565619170235,-18.198866759241,-11.4366528487426));
#1079=CARTESIAN_POINT('Ctrl Pts',(3.747228737434,-18.1917782527048,-11.4884609505193));
#1080=CARTESIAN_POINT('Ctrl Pts',(3.79588666870624,-18.1834816218926,-11.5490989271269));
#1081=CARTESIAN_POINT('Ctrl Pts',(3.84112770090041,-18.1752244998555,-11.6123425637297));
#1082=CARTESIAN_POINT('Ctrl Pts',(3.88283901728047,-18.1669942563796,-11.6778572251484));
#1083=CARTESIAN_POINT('Ctrl Pts',(3.92478585755529,-18.158717540647,-11.7437418165899));
#1084=CARTESIAN_POINT('Ctrl Pts',(3.96316340043518,-18.1504680102027,-11.8119239970119));
#1085=CARTESIAN_POINT('Ctrl Pts',(3.9978120124194,-18.1422327344086,-11.8820902219356));
#1086=CARTESIAN_POINT('Ctrl Pts',(4.02318649503369,-18.1362017319962,-11.9334755892701));
#1087=CARTESIAN_POINT('Ctrl Pts',(4.04656017767576,-18.1301783729357,-11.9859256459015));
#1088=CARTESIAN_POINT('Ctrl Pts',(4.06785333946059,-18.1241575393447,-12.039322306862));
#1089=CARTESIAN_POINT('Ctrl Pts',(4.0971024265533,-18.1158870960985,-12.1126699666728));
#1090=CARTESIAN_POINT('Ctrl Pts',(4.1222709296089,-18.107665570499,-12.18741018226));
#1091=CARTESIAN_POINT('Ctrl Pts',(4.14323828020171,-18.0994786343368,-12.2632031848937));
#1092=CARTESIAN_POINT('Ctrl Pts',(4.15935883075832,-18.0931841853686,-12.3214759230436));
#1093=CARTESIAN_POINT('Ctrl Pts',(4.17299517995607,-18.0869101787866,-12.3803717486856));
#1094=CARTESIAN_POINT('Ctrl Pts',(4.18407317011273,-18.0806500116612,-12.4397442105333));
#1095=CARTESIAN_POINT('Ctrl Pts',(4.19848001745828,-18.0725087088746,-12.5169576745529));
#1096=CARTESIAN_POINT('Ctrl Pts',(4.20856184853234,-18.0643908215512,-12.5949776397795));
#1097=CARTESIAN_POINT('Ctrl Pts',(4.21434795405563,-18.0562816110162,-12.6734487794621));
#1098=CARTESIAN_POINT('Ctrl Pts',(4.21895129620274,-18.0498300400095,-12.7358792870251));
#1099=CARTESIAN_POINT('Ctrl Pts',(4.22083458125639,-18.0433839564246,-12.79859571541));
#1100=CARTESIAN_POINT('Ctrl Pts',(4.21998910026245,-18.0369358227755,-12.8614169824029));
#1101=CARTESIAN_POINT('Ctrl Pts',(4.2189258696126,-18.0288270026138,-12.9404175714261));
#1102=CARTESIAN_POINT('Ctrl Pts',(4.21355460782051,-18.0207584461149,-13.0191584988488));
#1103=CARTESIAN_POINT('Ctrl Pts',(4.20395010526714,-18.0127142682286,-13.0972804897989));
#1104=CARTESIAN_POINT('Ctrl Pts',(4.19430456640085,-18.0046357206913,-13.1757362657053));
#1105=CARTESIAN_POINT('Ctrl Pts',(4.18038943042445,-17.9965817602355,-13.2535687709376));
#1106=CARTESIAN_POINT('Ctrl Pts',(4.16222839535753,-17.9885360213622,-13.3304135716381));
#1107=CARTESIAN_POINT('Ctrl Pts',(4.14921223654488,-17.9827695760824,-13.3854888537549));
#1108=CARTESIAN_POINT('Ctrl Pts',(4.13401399842521,-17.9770073481388,-13.4400568072862));
#1109=CARTESIAN_POINT('Ctrl Pts',(4.11662648505423,-17.9712432280906,-13.4939789101277));
#1110=CARTESIAN_POINT('Ctrl Pts',(4.0959780748583,-17.964398090857,-13.5580136961458));
#1111=CARTESIAN_POINT('Ctrl Pts',(4.07224258951045,-17.9575502880747,-13.6211382586072));
#1112=CARTESIAN_POINT('Ctrl Pts',(4.04551984913465,-17.9506894652172,-13.6831546425408));
#1113=CARTESIAN_POINT('Ctrl Pts',(4.01413217221814,-17.9426309619273,-13.7559971053671));
#1114=CARTESIAN_POINT('Ctrl Pts',(3.97879504225154,-17.9345980995916,-13.8269152515814));
#1115=CARTESIAN_POINT('Ctrl Pts',(3.93975690694253,-17.9265737259963,-13.8956248237685));
#1116=CARTESIAN_POINT('Ctrl Pts',(3.90041966637078,-17.9184878706638,-13.9648608400207));
#1117=CARTESIAN_POINT('Ctrl Pts',(3.85732396984118,-17.9104106326702,-14.0318551530262));
#1118=CARTESIAN_POINT('Ctrl Pts',(3.81067495223393,-17.9023242971209,-14.0962964982479));
#1119=CARTESIAN_POINT('Ctrl Pts',(3.76458008328298,-17.8943340200142,-14.1599723378555));
#1120=CARTESIAN_POINT('Ctrl Pts',(3.7150151949541,-17.8863348575184,-14.2211562377732));
#1121=CARTESIAN_POINT('Ctrl Pts',(3.66213918067559,-17.878309593376,-14.2795163842779));
#1122=CARTESIAN_POINT('Ctrl Pts',(3.63157169892465,-17.873670209743,-14.3132542281302));
#1123=CARTESIAN_POINT('Ctrl Pts',(3.59989697400033,-17.8690221009017,-14.346047741106));
#1124=CARTESIAN_POINT('Ctrl Pts',(3.56714084090321,-17.8643619267927,-14.3778264585371));
#1125=CARTESIAN_POINT('Ctrl Pts',(3.56094849819084,-17.8634809499357,-14.3838340269125));
#1126=CARTESIAN_POINT('Ctrl Pts',(3.55472115861819,-17.8626000618034,-14.3898017613321));
#1127=CARTESIAN_POINT('Ctrl Pts',(3.54845911413255,-17.861719240415,-14.3957293002989));
#1128=CARTESIAN_POINT('Ctrl Pts',(3.49104694768695,-17.8536436248118,-14.4500746270614));
#1129=CARTESIAN_POINT('Ctrl Pts',(3.43072114752825,-17.845573616501,-14.5010439984845));
#1130=CARTESIAN_POINT('Ctrl Pts',(3.36784309007157,-17.8374922936042,-14.5485159758664));
#1131=CARTESIAN_POINT('Ctrl Pts',(3.3042103827679,-17.8293139802893,-14.596557702409));
#1132=CARTESIAN_POINT('Ctrl Pts',(3.23796296096346,-17.8211240764774,-14.6410181058359));
#1133=CARTESIAN_POINT('Ctrl Pts',(3.16943837984597,-17.8129051047852,-14.6817323614927));
#1134=CARTESIAN_POINT('Ctrl Pts',(3.10124473941749,-17.8047258267635,-14.7222499869243));
#1135=CARTESIAN_POINT('Ctrl Pts',(3.03079497967515,-17.796517758292,-14.7590579866811));
#1136=CARTESIAN_POINT('Ctrl Pts',(2.95839849415505,-17.788263774074,-14.7919485940091));
#1137=CARTESIAN_POINT('Ctrl Pts',(2.92514084720547,-17.7844720417671,-14.807057949092));
#1138=CARTESIAN_POINT('Ctrl Pts',(2.89147213776035,-17.7806706214113,-14.8213399397772));
#1139=CARTESIAN_POINT('Ctrl Pts',(2.85742149572439,-17.7768578623506,-14.8347708110383));
#1140=CARTESIAN_POINT('Ctrl Pts',(2.78280196331423,-17.76850247516,-14.8642035991868));
#1141=CARTESIAN_POINT('Ctrl Pts',(2.70675959876646,-17.7601383752374,-14.8893902199216));
#1142=CARTESIAN_POINT('Ctrl Pts',(2.62963871761226,-17.7517494927435,-14.9101833890943));
#1143=CARTESIAN_POINT('Ctrl Pts',(2.62307853013017,-17.7510359033614,-14.9119521329945));
#1144=CARTESIAN_POINT('Ctrl Pts',(2.61651052320597,-17.750322134805,-14.9136890595589));
#1145=CARTESIAN_POINT('Ctrl Pts',(2.60993490072794,-17.7496081772667,-14.9153940627489));
#1146=CARTESIAN_POINT('Ctrl Pts',(2.53288135353388,-17.7412419790761,-14.9353733946227));
#1147=CARTESIAN_POINT('Ctrl Pts',(2.45478321682034,-17.7328498096201,-14.9509734600377));
#1148=CARTESIAN_POINT('Ctrl Pts',(2.37601644963073,-17.7244160283348,-14.9622184283989));
#1149=CARTESIAN_POINT('Ctrl Pts',(2.29708372475852,-17.7159644774895,-14.9734870893522));
#1150=CARTESIAN_POINT('Ctrl Pts',(2.21747853718527,-17.7074711378945,-14.980382310045));
#1151=CARTESIAN_POINT('Ctrl Pts',(2.13757462073094,-17.6989205443182,-14.9828769133739));
#1152=CARTESIAN_POINT('Ctrl Pts',(2.10167582946884,-17.6950789807555,-14.9839976750107));
#1153=CARTESIAN_POINT('Ctrl Pts',(2.06571677115991,-17.6912258644221,-14.9842294896633));
#1154=CARTESIAN_POINT('Ctrl Pts',(2.02973187279101,-17.6873598119836,-14.9835664913673));
#1155=CARTESIAN_POINT('Ctrl Pts',(1.94591071076922,-17.6783544507761,-14.9820221410951));
#1156=CARTESIAN_POINT('Ctrl Pts',(1.86242762776624,-17.669330124924,-14.9756356759419));
#1157=CARTESIAN_POINT('Ctrl Pts',(1.77971192649823,-17.660271300717,-14.9644545196556));
#1158=CARTESIAN_POINT('Ctrl Pts',(1.69699622523023,-17.6512124765101,-14.9532733633692));
#1159=CARTESIAN_POINT('Ctrl Pts',(1.61504662867462,-17.6421191552343,-14.9372975062261));
#1160=CARTESIAN_POINT('Ctrl Pts',(1.53429247675576,-17.6329761541068,-14.9165124803955));
#1161=CARTESIAN_POINT('Ctrl Pts',(1.4569517753848,-17.6242196245286,-14.8966060305405));
#1162=CARTESIAN_POINT('Ctrl Pts',(1.38070670770883,-17.6154175294061,-14.8722876303259));
#1163=CARTESIAN_POINT('Ctrl Pts',(1.30589070419095,-17.6065568166967,-14.843728326367));
#1164=CARTESIAN_POINT('Ctrl Pts',(1.27483467057688,-17.6028787454445,-14.8318733934378));
#1165=CARTESIAN_POINT('Ctrl Pts',(1.24402513962201,-17.5991905772041,-14.8192871631593));
#1166=CARTESIAN_POINT('Ctrl Pts',(1.21348732629903,-17.5954913919507,-14.8059796076696));
#1167=CARTESIAN_POINT('Ctrl Pts',(1.14028982827535,-17.5866246436211,-14.7740821120515));
#1168=CARTESIAN_POINT('Ctrl Pts',(1.06904652394597,-17.5777423080148,-14.7382157207352));
#1169=CARTESIAN_POINT('Ctrl Pts',(1.00005946189184,-17.5688331969306,-14.6986137573961));
#1170=CARTESIAN_POINT('Ctrl Pts',(0.930753624597447,-17.5598829186487,-14.6588288014059));
#1171=CARTESIAN_POINT('Ctrl Pts',(0.863724022788166,-17.5509056194947,-14.615273215382));
#1172=CARTESIAN_POINT('Ctrl Pts',(0.799296026052129,-17.5418901090832,-14.5681347601809));
#1173=CARTESIAN_POINT('Ctrl Pts',(0.735761756841654,-17.5329996593631,-14.5216501967205));
#1174=CARTESIAN_POINT('Ctrl Pts',(0.674756625359727,-17.5240720538863,-14.4716809268044));
#1175=CARTESIAN_POINT('Ctrl Pts',(0.616623690657991,-17.5150966700007,-14.4183673335031));
#1176=CARTESIAN_POINT('Ctrl Pts',(0.609140563175222,-17.5139413190422,-14.411504572879));
#1177=CARTESIAN_POINT('Ctrl Pts',(0.601705080096323,-17.5127851765139,-14.4045863488077));
#1178=CARTESIAN_POINT('Ctrl Pts',(0.594318021682099,-17.5116282198556,-14.3976129192424));
#1179=CARTESIAN_POINT('Ctrl Pts',(0.572311950056434,-17.5081816421162,-14.3768390493358));
#1180=CARTESIAN_POINT('Ctrl Pts',(0.550735553578053,-17.5047278393137,-14.3555753001046));
#1181=CARTESIAN_POINT('Ctrl Pts',(0.529601482251891,-17.5012662159628,-14.3338374315581));
#1182=CARTESIAN_POINT('Ctrl Pts',(0.474287412592733,-17.4922061313152,-14.2769430472975));
#1183=CARTESIAN_POINT('Ctrl Pts',(0.422295223798,-17.483140694181,-14.217106745951));
#1184=CARTESIAN_POINT('Ctrl Pts',(0.373773736211274,-17.4740601023562,-14.1546819298894));
#1185=CARTESIAN_POINT('Ctrl Pts',(0.324885644873825,-17.4649109021852,-14.0917854635787));
#1186=CARTESIAN_POINT('Ctrl Pts',(0.279520296019054,-17.4557463203887,-14.0262604393735));
#1187=CARTESIAN_POINT('Ctrl Pts',(0.237866535874954,-17.4465562593508,-13.9584299028605));
#1188=CARTESIAN_POINT('Ctrl Pts',(0.196703218266234,-17.4374744045546,-13.8913980212634));
#1189=CARTESIAN_POINT('Ctrl Pts',(0.159164129232612,-17.4283676692339,-13.822113757697));
#1190=CARTESIAN_POINT('Ctrl Pts',(0.125474976108506,-17.4192262004158,-13.75086375527));
#1191=CARTESIAN_POINT('Ctrl Pts',(0.108048729549855,-17.4144976312842,-13.7140085661525));
#1192=CARTESIAN_POINT('Ctrl Pts',(0.0916533430834409,-17.4097597667409,
-13.6766270809459));
#1193=CARTESIAN_POINT('Ctrl Pts',(0.0763253471295685,-17.4050112287415,
-13.6387574007958));
#1194=CARTESIAN_POINT('Ctrl Pts',(0.0571952700898243,-17.3990848246619,
-13.5914942164289));
#1195=CARTESIAN_POINT('Ctrl Pts',(0.0397929523698408,-17.3931620505126,
-13.5436323222141));
#1196=CARTESIAN_POINT('Ctrl Pts',(0.0241620671936413,-17.3872403024479,
-13.4952563414383));
#1197=CARTESIAN_POINT('Ctrl Pts',(-8.96426617875805E-5,-17.3780525620043,
-13.4201997955983));
#1198=CARTESIAN_POINT('Ctrl Pts',(-0.020079711221178,-17.3688673037109,
-13.3439064877074));
#1199=CARTESIAN_POINT('Ctrl Pts',(-0.0358330025991668,-17.3596746124331,
-13.2667499685726));
#1200=CARTESIAN_POINT('Ctrl Pts',(-0.0516371845331214,-17.3504522244298,
-13.1893441975158));
#1201=CARTESIAN_POINT('Ctrl Pts',(-0.0631773029483379,-17.3412223567007,
-13.1110686737139));
#1202=CARTESIAN_POINT('Ctrl Pts',(-0.070428044030698,-17.3319747452041,
-13.0322879858073));
#1203=CARTESIAN_POINT('Ctrl Pts',(-0.0764824873665317,-17.324252894546,
-12.9665053016001));
#1204=CARTESIAN_POINT('Ctrl Pts',(-0.0795453486886574,-17.3165186679311,
-12.9003698912026));
#1205=CARTESIAN_POINT('Ctrl Pts',(-0.0795740195461545,-17.3087659465572,
-12.8340946625545));
#1206=CARTESIAN_POINT('Ctrl Pts',(-0.0796252016199659,-16.7504367883638,
-12.8341073301414));
#1207=CARTESIAN_POINT('Ctrl Pts',(-0.0796837365190369,-16.7585602056953,
-12.9135087231741));
#1208=CARTESIAN_POINT('Ctrl Pts',(-0.0753746989205374,-16.766649279835,
-12.9927262774115));
#1209=CARTESIAN_POINT('Ctrl Pts',(-0.0666837725904289,-16.7747204651671,
-13.0713938071762));
#1210=CARTESIAN_POINT('Ctrl Pts',(-0.0638766771484417,-16.7773273895267,
-13.096802751614));
#1211=CARTESIAN_POINT('Ctrl Pts',(-0.0606120425297043,-16.7799324498049,
-13.1221543474727));
#1212=CARTESIAN_POINT('Ctrl Pts',(-0.0568882247089812,-16.7825362065068,
-13.1474362622887));
#1213=CARTESIAN_POINT('Ctrl Pts',(-0.0453620550422601,-16.7905955002107,
-13.2256902622689));
#1214=CARTESIAN_POINT('Ctrl Pts',(-0.0294404504444392,-16.7986422856537,
-13.3032777159334));
#1215=CARTESIAN_POINT('Ctrl Pts',(-0.00926862772753656,-16.8066933573276,
-13.3798641851759));
#1216=CARTESIAN_POINT('Ctrl Pts',(0.00957929267053906,-16.8142160269524,
-13.4514241872694));
#1217=CARTESIAN_POINT('Ctrl Pts',(0.0321386033666071,-16.8217424420384,
-13.522110803641));
#1218=CARTESIAN_POINT('Ctrl Pts',(0.0583285135533462,-16.8292864973748,
-13.5916347375995));
#1219=CARTESIAN_POINT('Ctrl Pts',(0.0863756840151123,-16.8373655402003,
-13.6660889687521));
#1220=CARTESIAN_POINT('Ctrl Pts',(0.118433188375288,-16.8454209582012,-13.7388037088605));
#1221=CARTESIAN_POINT('Ctrl Pts',(0.154315329910307,-16.853470112971,-13.8094552348127));
#1222=CARTESIAN_POINT('Ctrl Pts',(0.190302106200201,-16.8615427396212,-13.8803127853996));
#1223=CARTESIAN_POINT('Ctrl Pts',(0.230136269640738,-16.8696090687059,-13.9490959755221));
#1224=CARTESIAN_POINT('Ctrl Pts',(0.273679224792174,-16.877686754911,-14.0154605770307));
#1225=CARTESIAN_POINT('Ctrl Pts',(0.299185390696152,-16.8824184228411,-14.0543349834725));
#1226=CARTESIAN_POINT('Ctrl Pts',(0.325965024766653,-16.8871539901895,-14.0923791075951));
#1227=CARTESIAN_POINT('Ctrl Pts',(0.353997156096091,-16.8918970227684,-14.129519062617));
#1228=CARTESIAN_POINT('Ctrl Pts',(0.400739751496375,-16.89980586317,-14.1914486344489));
#1229=CARTESIAN_POINT('Ctrl Pts',(0.450963508478915,-16.9077354578508,-14.2508663487513));
#1230=CARTESIAN_POINT('Ctrl Pts',(0.504419422788293,-16.915702393504,-14.3075397430444));
#1231=CARTESIAN_POINT('Ctrl Pts',(0.559068304279059,-16.9238471259997,-14.3654779085105));
#1232=CARTESIAN_POINT('Ctrl Pts',(0.616795722855808,-16.9319865279251,-14.4202307637233));
#1233=CARTESIAN_POINT('Ctrl Pts',(0.677266970206558,-16.9401377512187,-14.4716131826616));
#1234=CARTESIAN_POINT('Ctrl Pts',(0.738178246453607,-16.9483482882183,-14.5233694941535));
#1235=CARTESIAN_POINT('Ctrl Pts',(0.801874208007163,-16.9565708218743,-14.5717067790514));
#1236=CARTESIAN_POINT('Ctrl Pts',(0.868052274707839,-16.9648227947385,-14.6164003749716));
#1237=CARTESIAN_POINT('Ctrl Pts',(0.933385276547878,-16.9729693935317,-14.6605232532917));
#1238=CARTESIAN_POINT('Ctrl Pts',(1.00113823537728,-16.9811446868017,-14.7010954001327));
#1239=CARTESIAN_POINT('Ctrl Pts',(1.07104613455732,-16.9893653369899,-14.7378579570024));
#1240=CARTESIAN_POINT('Ctrl Pts',(1.11074184970415,-16.9940332585269,-14.7587327937903));
#1241=CARTESIAN_POINT('Ctrl Pts',(1.15113278975135,-16.9987158020882,-14.77837848694));
#1242=CARTESIAN_POINT('Ctrl Pts',(1.19217271978763,-17.00341599627,-14.7967404574675));
#1243=CARTESIAN_POINT('Ctrl Pts',(1.19239160547824,-17.0034410646668,-14.79683839069));
#1244=CARTESIAN_POINT('Ctrl Pts',(1.19261050604672,-17.0034661331553,-14.7969362857769));
#1245=CARTESIAN_POINT('Ctrl Pts',(1.19282942148448,-17.003491201736,-14.7970341427232));
#1246=CARTESIAN_POINT('Ctrl Pts',(1.26525143827896,-17.0117844367444,-14.829407361726));
#1247=CARTESIAN_POINT('Ctrl Pts',(1.33929820064512,-17.0200877808202,-14.8576101178458));
#1248=CARTESIAN_POINT('Ctrl Pts',(1.41458389011178,-17.0284165257615,-14.8816452650009));
#1249=CARTESIAN_POINT('Ctrl Pts',(1.49074110900117,-17.0368416867192,-14.9059586501328));
#1250=CARTESIAN_POINT('Ctrl Pts',(1.56816706435956,-17.0452928415405,-14.9260076263128));
#1251=CARTESIAN_POINT('Ctrl Pts',(1.64648567526783,-17.053785549858,-14.941746713636));
#1252=CARTESIAN_POINT('Ctrl Pts',(1.72432589142776,-17.0622263820377,-14.9573896616554));
#1253=CARTESIAN_POINT('Ctrl Pts',(1.80304888866146,-17.0707082623457,-14.9687753328317));
#1254=CARTESIAN_POINT('Ctrl Pts',(1.88229354943921,-17.0792461869536,-14.9758089496305));
#1255=CARTESIAN_POINT('Ctrl Pts',(1.92528578523095,-17.0838782273247,-14.9796248649101));
#1256=CARTESIAN_POINT('Ctrl Pts',(1.96843161690619,-17.0885267585022,-14.9821589440578));
#1257=CARTESIAN_POINT('Ctrl Pts',(2.01167280770784,-17.0931941391173,-14.9833896150208));
#1258=CARTESIAN_POINT('Ctrl Pts',(2.09244084019603,-17.1019121032196,-14.9856883230461));
#1259=CARTESIAN_POINT('Ctrl Pts',(2.17309752044878,-17.1106480576548,-14.9834300480581));
#1260=CARTESIAN_POINT('Ctrl Pts',(2.25326300743192,-17.1194156093655,-14.9765830096587));
#1261=CARTESIAN_POINT('Ctrl Pts',(2.33254485012288,-17.1280865185269,-14.9698114444664));
#1262=CARTESIAN_POINT('Ctrl Pts',(2.41134728602778,-17.1367883303939,-14.9585518130327));
#1263=CARTESIAN_POINT('Ctrl Pts',(2.48932556121577,-17.1455339231208,-14.9429600000126));
#1264=CARTESIAN_POINT('Ctrl Pts',(2.56752462469916,-17.154304278187,-14.9273240402117));
#1265=CARTESIAN_POINT('Ctrl Pts',(2.64489581937947,-17.1631186612588,-14.9073310328436));
#1266=CARTESIAN_POINT('Ctrl Pts',(2.72107963950352,-17.1719897943757,-14.8830877608832));
#1267=CARTESIAN_POINT('Ctrl Pts',(2.75922649283086,-17.1764317587364,-14.8709486408162));
#1268=CARTESIAN_POINT('Ctrl Pts',(2.79707537048878,-17.1808879475166,-14.8577431269188));
#1269=CARTESIAN_POINT('Ctrl Pts',(2.83457886174879,-17.1853599342785,-14.8434802500171));
#1270=CARTESIAN_POINT('Ctrl Pts',(2.91077999928896,-17.1944463010905,-14.8145003495336));
#1271=CARTESIAN_POINT('Ctrl Pts',(2.98513748339749,-17.203548014719,-14.7813179958642));
#1272=CARTESIAN_POINT('Ctrl Pts',(3.05729558568981,-17.2126767472202,-14.7441101261938));
#1273=CARTESIAN_POINT('Ctrl Pts',(3.12945368798214,-17.2218054797213,-14.7069022565234));
#1274=CARTESIAN_POINT('Ctrl Pts',(3.19941345558982,-17.2309612279828,-14.665668499835));
#1275=CARTESIAN_POINT('Ctrl Pts',(3.26680085780734,-17.2401555285163,-14.6205331128434));
#1276=CARTESIAN_POINT('Ctrl Pts',(3.33304928272056,-17.2491944276054,-14.5761606011031));
#1277=CARTESIAN_POINT('Ctrl Pts',(3.39681226062412,-17.2582705837643,-14.5280164598804));
#1278=CARTESIAN_POINT('Ctrl Pts',(3.45783021828805,-17.2673948731099,-14.4763698414129));
#1279=CARTESIAN_POINT('Ctrl Pts',(3.48554437494273,-17.2715390954663,-14.4529121163482));
#1280=CARTESIAN_POINT('Ctrl Pts',(3.51269176180839,-17.2756932465383,-14.4287313316848));
#1281=CARTESIAN_POINT('Ctrl Pts',(3.53924533927126,-17.2798583418953,-14.4038504085117));
#1282=CARTESIAN_POINT('Ctrl Pts',(3.59736059353286,-17.2889740844365,-14.3493959313892));
#1283=CARTESIAN_POINT('Ctrl Pts',(3.65232335197103,-17.2980935852512,-14.2918814990493));
#1284=CARTESIAN_POINT('Ctrl Pts',(3.70392274197296,-17.3072266879284,-14.2316201241281));
#1285=CARTESIAN_POINT('Ctrl Pts',(3.7573754295976,-17.3166878246673,-14.1691943386804));
#1286=CARTESIAN_POINT('Ctrl Pts',(3.80721979698936,-17.3261635541783,-14.1038201830892));
#1287=CARTESIAN_POINT('Ctrl Pts',(3.85318297893722,-17.3356649294475,-14.0358015939729));
#1288=CARTESIAN_POINT('Ctrl Pts',(3.89914616088509,-17.3451663047168,-13.9677830048566));
#1289=CARTESIAN_POINT('Ctrl Pts',(3.94122899218186,-17.3546933228898,-13.8971191404391));
#1290=CARTESIAN_POINT('Ctrl Pts',(3.97910728816299,-17.3642571943361,-13.8240817306426));
#1291=CARTESIAN_POINT('Ctrl Pts',(3.99501415530882,-17.3682735110304,-13.7934099080535));
#1292=CARTESIAN_POINT('Ctrl Pts',(4.01017881553395,-17.3722963291444,-13.7623191699321));
#1293=CARTESIAN_POINT('Ctrl Pts',(4.0245917727059,-17.3763264889548,-13.7308381085997));
#1294=CARTESIAN_POINT('Ctrl Pts',(4.05745962070033,-17.38551701651,-13.6590475158552));
#1295=CARTESIAN_POINT('Ctrl Pts',(4.08624749311213,-17.3946970569856,-13.5856092662462));
#1296=CARTESIAN_POINT('Ctrl Pts',(4.11093679787491,-17.4038763959392,-13.5109019741293));
#1297=CARTESIAN_POINT('Ctrl Pts',(4.13579995522984,-17.4131203722687,-13.4356686219831));
#1298=CARTESIAN_POINT('Ctrl Pts',(4.15650692401151,-17.4223636356015,-13.3591473760313));
#1299=CARTESIAN_POINT('Ctrl Pts',(4.1729914198579,-17.4316164330019,-13.2817009123101));
#1300=CARTESIAN_POINT('Ctrl Pts',(4.18927573487552,-17.4407568682972,-13.2051949260797));
#1301=CARTESIAN_POINT('Ctrl Pts',(4.20143967102883,-17.4499066072117,-13.127785126539));
#1302=CARTESIAN_POINT('Ctrl Pts',(4.20937008517046,-17.4590757869194,-13.0498116559268));
#1303=CARTESIAN_POINT('Ctrl Pts',(4.2137075049305,-17.4640907307216,-13.0071652485447));
#1304=CARTESIAN_POINT('Ctrl Pts',(4.2167776411412,-17.4691114945766,-12.9643501402575));
#1305=CARTESIAN_POINT('Ctrl Pts',(4.21855533935309,-17.4741397706613,-12.9214222690506));
#1306=CARTESIAN_POINT('Ctrl Pts',(4.22034112025469,-17.4791909088916,-12.8782992169855));
#1307=CARTESIAN_POINT('Ctrl Pts',(4.22081749138078,-17.4842349577059,-12.8351877059243));
#1308=CARTESIAN_POINT('Ctrl Pts',(4.21997698239494,-17.4892736609947,-12.7921450485097));
#1309=CARTESIAN_POINT('Ctrl Pts',(4.21844533784737,-17.4984556002115,-12.7137091808954));
#1310=CARTESIAN_POINT('Ctrl Pts',(4.21254390147952,-17.5076197736786,-12.6355020168359));
#1311=CARTESIAN_POINT('Ctrl Pts',(4.20241518033292,-17.5167769342122,-12.5578639091651));
#1312=CARTESIAN_POINT('Ctrl Pts',(4.19214069551193,-17.5260658765716,-12.4791085019179));
#1313=CARTESIAN_POINT('Ctrl Pts',(4.17751630307789,-17.5353476029848,-12.4009376745172));
#1314=CARTESIAN_POINT('Ctrl Pts',(4.15863671574079,-17.5446335991227,-12.3237104639091));
#1315=CARTESIAN_POINT('Ctrl Pts',(4.1397571284037,-17.5539195952606,-12.2464832533011));
#1316=CARTESIAN_POINT('Ctrl Pts',(4.11662216420155,-17.56320986247,-12.1701986537555));
#1317=CARTESIAN_POINT('Ctrl Pts',(4.08927502830771,-17.5725161332204,-12.0952343522672));
#1318=CARTESIAN_POINT('Ctrl Pts',(4.06235306267585,-17.5816777179024,-12.0214355326716));
#1319=CARTESIAN_POINT('Ctrl Pts',(4.03149222347805,-17.5908061322831,-11.9493097757595));
#1320=CARTESIAN_POINT('Ctrl Pts',(3.99681203031053,-17.5999130125677,-11.8791878496582));
#1321=CARTESIAN_POINT('Ctrl Pts',(3.98009300752527,-17.6043033612098,-11.8453826723176));
#1322=CARTESIAN_POINT('Ctrl Pts',(3.96248555407006,-17.6086887071622,-11.8120433341224));
#1323=CARTESIAN_POINT('Ctrl Pts',(3.94399889478587,-17.613070364845,-11.7792080787351));
#1324=CARTESIAN_POINT('Ctrl Pts',(3.90569525481374,-17.6221489893702,-11.71117470497));
#1325=CARTESIAN_POINT('Ctrl Pts',(3.86361994196424,-17.6312117743855,-11.6453034818472));
#1326=CARTESIAN_POINT('Ctrl Pts',(3.81803187916088,-17.6402704879417,-11.5818384537255));
#1327=CARTESIAN_POINT('Ctrl Pts',(3.77255111548762,-17.6493078803006,-11.5185228011616));
#1328=CARTESIAN_POINT('Ctrl Pts',(3.72357350798837,-17.658341222781,-11.4576013252332));
#1329=CARTESIAN_POINT('Ctrl Pts',(3.67131724906742,-17.6673822734851,-11.3993499147852));
#1330=CARTESIAN_POINT('Ctrl Pts',(3.66503661668197,-17.6684689091728,-11.3923487305728));
#1331=CARTESIAN_POINT('Ctrl Pts',(3.65870858294864,-17.6695556562695,-11.3853861639919));
#1332=CARTESIAN_POINT('Ctrl Pts',(3.65233349524418,-17.6706425352335,-11.3784627344473));
#1333=CARTESIAN_POINT('Ctrl Pts',(3.59944251775012,-17.6796598371889,-11.3210224335131));
#1334=CARTESIAN_POINT('Ctrl Pts',(3.54359674276424,-17.6886384125509,-11.266578086541));
#1335=CARTESIAN_POINT('Ctrl Pts',(3.48506874790491,-17.6975903337526,-11.2153520637864));
#1336=CARTESIAN_POINT('Ctrl Pts',(3.42659399498494,-17.706534111541,-11.1641726404891));
#1337=CARTESIAN_POINT('Ctrl Pts',(3.36544126874027,-17.7154512857289,-11.1162050169938));
#1338=CARTESIAN_POINT('Ctrl Pts',(3.30184355233502,-17.7243538186027,-11.071704712206));
#1339=CARTESIAN_POINT('Ctrl Pts',(3.27770682470743,-17.7277325249984,-11.0548158709596));
#1340=CARTESIAN_POINT('Ctrl Pts',(3.25321757791761,-17.7311091215467,-11.0384268511399));
#1341=CARTESIAN_POINT('Ctrl Pts',(3.22838736777387,-17.7344842582717,-11.0225532077243));
#1342=CARTESIAN_POINT('Ctrl Pts',(3.16282043368692,-17.7433966825285,-10.9806370851654));
#1343=CARTESIAN_POINT('Ctrl Pts',(3.09487732703017,-17.7522989377007,-10.9423111415345));
#1344=CARTESIAN_POINT('Ctrl Pts',(3.02488094183711,-17.7612029029843,-10.9077020003773));
#1345=CARTESIAN_POINT('Ctrl Pts',(3.0077157335522,-17.7633864217223,-10.8992148032901));
#1346=CARTESIAN_POINT('Ctrl Pts',(2.99042696339202,-17.765570042629,-10.8909513572041));
#1347=CARTESIAN_POINT('Ctrl Pts',(2.97301925703024,-17.7677539395142,-10.8829139902171));
#1348=CARTESIAN_POINT('Ctrl Pts',(2.90238411918254,-17.776615523822,-10.8503008180243));
#1349=CARTESIAN_POINT('Ctrl Pts',(2.83016641458432,-17.7854348360985,-10.8215788658919));
#1350=CARTESIAN_POINT('Ctrl Pts',(2.75671442967926,-17.7942239182718,-10.7968110234107));
#1351=CARTESIAN_POINT('Ctrl Pts',(2.68298201248327,-17.8030465562769,-10.7719486197979));
#1352=CARTESIAN_POINT('Ctrl Pts',(2.60800500840044,-17.811838733956,-10.7510702535644));
#1353=CARTESIAN_POINT('Ctrl Pts',(2.53211278977009,-17.8206123982927,-10.7342866736093));
#1354=CARTESIAN_POINT('Ctrl Pts',(2.45721839410244,-17.8292707074073,-10.7177237624101));
#1355=CARTESIAN_POINT('Ctrl Pts',(2.38143183781235,-17.8379109871441,-10.705148471038));
#1356=CARTESIAN_POINT('Ctrl Pts',(2.30506024182362,-17.8465444832405,-10.6967167200902));
#1357=CARTESIAN_POINT('Ctrl Pts',(2.28552866079198,-17.8487524484716,-10.6945603499798));
#1358=CARTESIAN_POINT('Ctrl Pts',(2.26595880301544,-17.8509599687866,-10.6926752519913));
#1359=CARTESIAN_POINT('Ctrl Pts',(2.24635580789547,-17.8531672297237,-10.6910645889684));
#1360=CARTESIAN_POINT('Ctrl Pts',(2.21668026607311,-17.8565086407606,-10.6886263239173));
#1361=CARTESIAN_POINT('Ctrl Pts',(2.18692877213552,-17.8598494576576,-10.686816926582));
#1362=CARTESIAN_POINT('Ctrl Pts',(2.15712040748587,-17.8631903193977,-10.6856347864802));
#1363=CARTESIAN_POINT('Ctrl Pts',(2.0798097563052,-17.8718551421638,-10.6825688007366));
#1364=CARTESIAN_POINT('Ctrl Pts',(2.00252295349719,-17.8804748474599,-10.6837344282094));
#1365=CARTESIAN_POINT('Ctrl Pts',(1.92559446312754,-17.8890611142287,-10.6890069488316));
#1366=CARTESIAN_POINT('Ctrl Pts',(1.84800028561739,-17.8977216807446,-10.6943250942822));
#1367=CARTESIAN_POINT('Ctrl Pts',(1.77076974786463,-17.9063482269497,-10.7038216313083));
#1368=CARTESIAN_POINT('Ctrl Pts',(1.69424346842659,-17.9149524848749,-10.7174218810596));
#1369=CARTESIAN_POINT('Ctrl Pts',(1.61833645394687,-17.9234871155367,-10.7309120750476));
#1370=CARTESIAN_POINT('Ctrl Pts',(1.54312147336505,-17.9319998159483,-10.7484400584662));
#1371=CARTESIAN_POINT('Ctrl Pts',(1.46894164793421,-17.9405018026077,-10.7699824206484));
#1372=CARTESIAN_POINT('Ctrl Pts',(1.42242083834426,-17.9458337011424,-10.7834924029566));
#1373=CARTESIAN_POINT('Ctrl Pts',(1.37630741218718,-17.9511613814028,-10.7985822060664));
#1374=CARTESIAN_POINT('Ctrl Pts',(1.33069050314417,-17.9564875658107,-10.8152555583218));
#1375=CARTESIAN_POINT('Ctrl Pts',(1.29461498975277,-17.9606997064613,-10.8284414526576));
#1376=CARTESIAN_POINT('Ctrl Pts',(1.25894382858395,-17.964899983438,-10.842583649902));
#1377=CARTESIAN_POINT('Ctrl Pts',(1.2237168218636,-17.9690898342338,-10.85767213442));
#1378=CARTESIAN_POINT('Ctrl Pts',(1.15255457046044,-17.9775537726559,-10.8881524570058));
#1379=CARTESIAN_POINT('Ctrl Pts',(1.08320355017856,-17.9859751712498,-10.9224911953646));
#1380=CARTESIAN_POINT('Ctrl Pts',(1.01591131157534,-17.994365778897,-10.9604363918298));
#1381=CARTESIAN_POINT('Ctrl Pts',(0.944525198044965,-18.0032668480622,-11.0006900698025));
#1382=CARTESIAN_POINT('Ctrl Pts',(0.875454850836948,-18.0121332644197,-11.0450025440346));
#1383=CARTESIAN_POINT('Ctrl Pts',(0.809025256167284,-18.0209789229731,-11.0931289110198));
#1384=CARTESIAN_POINT('Ctrl Pts',(0.746322166226416,-18.0293283661183,-11.1385555304746));
#1385=CARTESIAN_POINT('Ctrl Pts',(0.685971439140888,-18.0376593120169,-11.1873811304439));
#1386=CARTESIAN_POINT('Ctrl Pts',(0.628282309183258,-18.0459833692135,-11.2394378333831));
#1387=CARTESIAN_POINT('Ctrl Pts',(0.624853788901564,-18.0464780759103,-11.2425316131291));
#1388=CARTESIAN_POINT('Ctrl Pts',(0.621434681667006,-18.0469727582597,-11.2456368146109));
#1389=CARTESIAN_POINT('Ctrl Pts',(0.618025057156061,-18.0474674186925,-11.2487534060273));
#1390=CARTESIAN_POINT('Ctrl Pts',(0.56006688968512,-18.0558758554914,-11.3017304792137));
#1391=CARTESIAN_POINT('Ctrl Pts',(0.505153533193621,-18.0642334142079,-11.3577142679581));
#1392=CARTESIAN_POINT('Ctrl Pts',(0.453550212636918,-18.0725530105782,-11.4164719105912));
#1393=CARTESIAN_POINT('Ctrl Pts',(0.433428351547914,-18.0757970995375,-11.4393834812077));
#1394=CARTESIAN_POINT('Ctrl Pts',(0.413810099801179,-18.0790354169802,-11.4627172701851));
#1395=CARTESIAN_POINT('Ctrl Pts',(0.394712566182422,-18.082268731401,-11.4864611101332));
#1396=CARTESIAN_POINT('Ctrl Pts',(0.345921503376196,-18.0905293188743,-11.5471227227423));
#1397=CARTESIAN_POINT('Ctrl Pts',(0.300526156898735,-18.0987572434327,-11.6104587476164));
#1398=CARTESIAN_POINT('Ctrl Pts',(0.258652086018849,-18.1069653845454,-11.676142243266));
#1399=CARTESIAN_POINT('Ctrl Pts',(0.216647945891283,-18.1151990217876,-11.7420297650036));
#1400=CARTESIAN_POINT('Ctrl Pts',(0.178186613166282,-18.1234127503826,-11.8102802210832));
#1401=CARTESIAN_POINT('Ctrl Pts',(0.143441460751489,-18.1316196897579,-11.8805862923115));
#1402=CARTESIAN_POINT('Ctrl Pts',(0.136876316192883,-18.133170402293,-11.8938707216169));
#1403=CARTESIAN_POINT('Ctrl Pts',(0.130443992069981,-18.1347208728287,-11.9072285851545));
#1404=CARTESIAN_POINT('Ctrl Pts',(0.124145861859151,-18.136271190439,-11.9206578612688));
#1405=CARTESIAN_POINT('Ctrl Pts',(0.0907555542299244,-18.1444903888677,
-11.9918548111068));
#1406=CARTESIAN_POINT('Ctrl Pts',(0.0613112985502779,-18.1526615736143,
-12.0646777907026));
#1407=CARTESIAN_POINT('Ctrl Pts',(0.0359210021676938,-18.1607990248839,
-12.1387841133176));
#1408=CARTESIAN_POINT('Ctrl Pts',(0.0104319739197506,-18.1689681191769,
-12.2131786033236));
#1409=CARTESIAN_POINT('Ctrl Pts',(-0.0109718600385106,-18.1771032157319,
-12.2888673240094));
#1410=CARTESIAN_POINT('Ctrl Pts',(-0.0281342252030189,-18.1852189991398,
-12.3655254392113));
#1411=CARTESIAN_POINT('Ctrl Pts',(-0.0336058129586587,-18.1878064176393,
-12.3899650546424));
#1412=CARTESIAN_POINT('Ctrl Pts',(-0.0386459107206486,-18.1903918749967,
-12.414503312281));
#1413=CARTESIAN_POINT('Ctrl Pts',(-0.0432483611255012,-18.1929758524237,
-12.4391299253993));
#1414=CARTESIAN_POINT('Ctrl Pts',(-0.0576928816042468,-18.2010855139251,
-12.5164191053402));
#1415=CARTESIAN_POINT('Ctrl Pts',(-0.0678305532512601,-18.2091805787207,
-12.5945787633444));
#1416=CARTESIAN_POINT('Ctrl Pts',(-0.0736635509840452,-18.2172760940839,
-12.6732537414736));
#1417=CARTESIAN_POINT('Ctrl Pts',(-0.075127365655968,-18.219307696822,-12.6929975494733));
#1418=CARTESIAN_POINT('Ctrl Pts',(-0.0763198252677459,-18.2213393292316,
-12.7127737910759));
#1419=CARTESIAN_POINT('Ctrl Pts',(-0.0772404530447159,-18.2233712317467,
-12.7325767826953));
#1420=CARTESIAN_POINT('Ctrl Pts',(-0.078814060137306,-18.2268443142337,
-12.7664255637624));
#1421=CARTESIAN_POINT('Ctrl Pts',(-0.0795899307244433,-18.2303101924556,
-12.800274469837));
#1422=CARTESIAN_POINT('Ctrl Pts',(-0.0795752708314157,-18.2337701215828,
-12.8340947024206));
#1423=CARTESIAN_POINT('Origin',(0.0947553164262743,-19.25,-12.7921450485097));
#1424=CARTESIAN_POINT('',(0.299768120904435,-18.8,-12.7921450485097));
#1425=CARTESIAN_POINT('',(1.08251483803448,-18.8,-12.7921450485097));
#1426=CARTESIAN_POINT('Origin',(0.0947553164262743,-19.25,-12.7921450485097));
#1427=CARTESIAN_POINT('Ctrl Pts',(-0.119977526154967,-14.3545563376621,
-12.7921450485097));
#1428=CARTESIAN_POINT('Ctrl Pts',(-0.119977526154967,-14.3935914253814,
-13.1546241323629));
#1429=CARTESIAN_POINT('Ctrl Pts',(0.0634233283465585,-14.47166160082,-13.8791062981706));
#1430=CARTESIAN_POINT('Ctrl Pts',(0.822861918494615,-14.5887668639779,-14.7046465628203));
#1431=CARTESIAN_POINT('Ctrl Pts',(1.88361512932418,-14.7058721271358,-15.0683128689203));
#1432=CARTESIAN_POINT('Ctrl Pts',(2.98991635355904,-14.8229773902937,-14.8841765489066));
#1433=CARTESIAN_POINT('Ctrl Pts',(3.87463894142516,-14.9400826534516,-14.1949964629163));
#1434=CARTESIAN_POINT('Ctrl Pts',(4.3255308133965,-15.0571879166095,-13.1681527224765));
#1435=CARTESIAN_POINT('Ctrl Pts',(4.23249277828494,-15.1742931797674,-12.0505326557748));
#1436=CARTESIAN_POINT('Ctrl Pts',(3.6194573366212,-15.2913984429253,-11.1114374328346));
#1437=CARTESIAN_POINT('Ctrl Pts',(2.63294183538342,-15.4085037060832,-10.5780421097111));
#1438=CARTESIAN_POINT('Ctrl Pts',(1.51146160301106,-15.5256089692411,-10.5776200221273));
#1439=CARTESIAN_POINT('Ctrl Pts',(0.525349412702006,-15.642714232399,-11.1117573210464));
#1440=CARTESIAN_POINT('Ctrl Pts',(-0.0883961137610814,-15.7598194955569,
-12.0503925004131));
#1441=CARTESIAN_POINT('Ctrl Pts',(-0.180586198874107,-15.8769247587147,
-13.1680777848675));
#1442=CARTESIAN_POINT('Ctrl Pts',(0.269520574048958,-15.9940300218727,-14.1952698402894));
#1443=CARTESIAN_POINT('Ctrl Pts',(1.15478610696759,-16.1111352850305,-14.883764149566));
#1444=CARTESIAN_POINT('Ctrl Pts',(2.26090189709811,-16.2282405481884,-15.0687706724597));
#1445=CARTESIAN_POINT('Ctrl Pts',(3.32148062430678,-16.3453458113463,-14.7042267269661));
#1446=CARTESIAN_POINT('Ctrl Pts',(4.08134986926573,-16.4624510745042,-13.8794126485124));
#1447=CARTESIAN_POINT('Ctrl Pts',(4.35624748354124,-16.5795563376621,-12.7921450485097));
#1448=CARTESIAN_POINT('Ctrl Pts',(4.08134986926573,-16.69666160082,-11.7048774485069));
#1449=CARTESIAN_POINT('Ctrl Pts',(3.32148062430679,-16.8137668639779,-10.8800633700533));
#1450=CARTESIAN_POINT('Ctrl Pts',(2.26090189709811,-16.9308721271358,-10.5155194245597));
#1451=CARTESIAN_POINT('Ctrl Pts',(1.15478610696759,-17.0479773902937,-10.7005259474533));
#1452=CARTESIAN_POINT('Ctrl Pts',(0.269520574048956,-17.1650826534516,-11.38902025673));
#1453=CARTESIAN_POINT('Ctrl Pts',(-0.180586198874106,-17.2821879166095,
-12.4162123121519));
#1454=CARTESIAN_POINT('Ctrl Pts',(-0.0883961137610813,-17.3992931797674,
-13.5338975966063));
#1455=CARTESIAN_POINT('Ctrl Pts',(0.525349412702005,-17.5163984429253,-14.472532775973));
#1456=CARTESIAN_POINT('Ctrl Pts',(1.51146160301106,-17.6335037060832,-15.006670074892));
#1457=CARTESIAN_POINT('Ctrl Pts',(2.63294183538341,-17.750608969241,-15.0062479873083));
#1458=CARTESIAN_POINT('Ctrl Pts',(3.6194573366212,-17.867714232399,-14.4728526641848));
#1459=CARTESIAN_POINT('Ctrl Pts',(4.23249277828494,-17.9848194955569,-13.5337574412446));
#1460=CARTESIAN_POINT('Ctrl Pts',(4.3255308133965,-18.1019247587147,-12.4161373745429));
#1461=CARTESIAN_POINT('Ctrl Pts',(3.87463894142516,-18.2190300218726,-11.3892936341031));
#1462=CARTESIAN_POINT('Ctrl Pts',(2.98991635355903,-18.3361352850305,-10.7001135481128));
#1463=CARTESIAN_POINT('Ctrl Pts',(1.88361512932418,-18.4532405481885,-10.515977228099));
#1464=CARTESIAN_POINT('Ctrl Pts',(0.822861918494613,-18.5703458113463,-10.8796435341991));
#1465=CARTESIAN_POINT('Ctrl Pts',(0.0634233283465601,-18.6874510745042,
-11.7051837988488));
#1466=CARTESIAN_POINT('Ctrl Pts',(-0.119977526154967,-18.7655212499428,
-12.4296659646564));
#1467=CARTESIAN_POINT('Ctrl Pts',(-0.119977526154967,-18.8045563376621,
-12.7921450485097));
#1468=CARTESIAN_POINT('Ctrl Pts',(-0.0342866510856601,-14.3132477576044,
-12.7921450485097));
#1469=CARTESIAN_POINT('Ctrl Pts',(-0.0342866510856601,-14.3522828453237,
-13.1404778357717));
#1470=CARTESIAN_POINT('Ctrl Pts',(0.141944470244654,-14.4303530207623,-13.8366081057208));
#1471=CARTESIAN_POINT('Ctrl Pts',(0.871693687240459,-14.5474582839201,-14.6299056200466));
#1472=CARTESIAN_POINT('Ctrl Pts',(1.89098820928767,-14.664563547078,-14.9793363450812));
#1473=CARTESIAN_POINT('Ctrl Pts',(2.95405193571025,-14.7816688102359,-14.8024151107447));
#1474=CARTESIAN_POINT('Ctrl Pts',(3.80418440882081,-14.8987740733938,-14.1401591256528));
#1475=CARTESIAN_POINT('Ctrl Pts',(4.23746637169932,-15.0158793365517,-13.1534575455446));
#1476=CARTESIAN_POINT('Ctrl Pts',(4.14805004614925,-15.1329845997096,-12.0795218171863));
#1477=CARTESIAN_POINT('Ctrl Pts',(3.55898821581165,-15.2500898628675,-11.1771244359652));
#1478=CARTESIAN_POINT('Ctrl Pts',(2.61102484685854,-15.3671951260254,-10.664590343457));
#1479=CARTESIAN_POINT('Ctrl Pts',(1.53337905529705,-15.4843003891833,-10.6641701054836));
#1480=CARTESIAN_POINT('Ctrl Pts',(0.585817249245369,-15.6014056523412,-11.1774428959428));
#1481=CARTESIAN_POINT('Ctrl Pts',(-0.00395158246488653,-15.7185109154991,
-12.0793823472373));
#1482=CARTESIAN_POINT('Ctrl Pts',(-0.0925236625176927,-15.835616178657,
-13.1533827456512));
#1483=CARTESIAN_POINT('Ctrl Pts',(0.339976681112629,-15.9527214418149,-14.140431651416));
#1484=CARTESIAN_POINT('Ctrl Pts',(1.19064955554959,-16.0698267049728,-14.8020037220693));
#1485=CARTESIAN_POINT('Ctrl Pts',(2.25352904120776,-16.1869319681307,-14.9797935347181));
#1486=CARTESIAN_POINT('Ctrl Pts',(3.27264898248452,-16.3040372312886,-14.6294843349303));
#1487=CARTESIAN_POINT('Ctrl Pts',(4.00282862216512,-16.4211424944464,-13.8369190746264));
#1488=CARTESIAN_POINT('Ctrl Pts',(4.26696728191511,-16.5382477576044,-12.7921450485097));
#1489=CARTESIAN_POINT('Ctrl Pts',(4.00282862216512,-16.6553530207622,-11.747371022393));
#1490=CARTESIAN_POINT('Ctrl Pts',(3.27264898248452,-16.7724582839202,-10.9548057620891));
#1491=CARTESIAN_POINT('Ctrl Pts',(2.25352904120777,-16.889563547078,-10.6044965623012));
#1492=CARTESIAN_POINT('Ctrl Pts',(1.19064955554959,-17.0066688102359,-10.7822863749501));
#1493=CARTESIAN_POINT('Ctrl Pts',(0.339976681112629,-17.1237740733938,-11.4438584456034));
#1494=CARTESIAN_POINT('Ctrl Pts',(-0.0925236625176929,-17.2408793365517,
-12.4309073513681));
#1495=CARTESIAN_POINT('Ctrl Pts',(-0.00395158246488608,-17.3579845997096,
-13.504907749782));
#1496=CARTESIAN_POINT('Ctrl Pts',(0.585817249245368,-17.4750898628675,-14.4068472010766));
#1497=CARTESIAN_POINT('Ctrl Pts',(1.53337905529705,-17.5921951260254,-14.9201199915358));
#1498=CARTESIAN_POINT('Ctrl Pts',(2.61102484685854,-17.7093003891833,-14.9196997535624));
#1499=CARTESIAN_POINT('Ctrl Pts',(3.55898821581165,-17.8264056523412,-14.4071656610542));
#1500=CARTESIAN_POINT('Ctrl Pts',(4.14805004614925,-17.9435109154991,-13.5047682798331));
#1501=CARTESIAN_POINT('Ctrl Pts',(4.23746637169931,-18.060616178657,-12.4308325514748));
#1502=CARTESIAN_POINT('Ctrl Pts',(3.80418440882081,-18.1777214418149,-11.4441309713666));
#1503=CARTESIAN_POINT('Ctrl Pts',(2.95405193571025,-18.2948267049727,-10.7818749862747));
#1504=CARTESIAN_POINT('Ctrl Pts',(1.89098820928767,-18.4119319681307,-10.6049537519381));
#1505=CARTESIAN_POINT('Ctrl Pts',(0.871693687240458,-18.5290372312885,-10.9543844769728));
#1506=CARTESIAN_POINT('Ctrl Pts',(0.141944470244655,-18.6461424944465,-11.7476819912986));
#1507=CARTESIAN_POINT('Ctrl Pts',(-0.0342866510856599,-18.7242126698851,
-12.4438122612477));
#1508=CARTESIAN_POINT('Ctrl Pts',(-0.0342866510856601,-18.7632477576044,
-12.7921450485097));
#1509=CARTESIAN_POINT('Ctrl Pts',(0.161418460614369,-14.2816146935724,-12.7921450485097));
#1510=CARTESIAN_POINT('Ctrl Pts',(0.161418460614369,-14.3206497812917,-13.1080862822449));
#1511=CARTESIAN_POINT('Ctrl Pts',(0.321278289998033,-14.3987199567303,-13.7395881393227));
#1512=CARTESIAN_POINT('Ctrl Pts',(0.983236822891188,-14.5158252198882,-14.4591501117643));
#1513=CARTESIAN_POINT('Ctrl Pts',(1.90782931588318,-14.6329304830461,-14.7761450481221));
#1514=CARTESIAN_POINT('Ctrl Pts',(2.87212255911623,-14.750035746204,-14.6156368494842));
#1515=CARTESIAN_POINT('Ctrl Pts',(3.64328516020752,-14.8671410093619,-14.014926761726));
#1516=CARTESIAN_POINT('Ctrl Pts',(4.03629386539566,-14.9842462725198,-13.1198871700636));
#1517=CARTESIAN_POINT('Ctrl Pts',(3.95520483559459,-15.1013515356777,-12.1457260371332));
#1518=CARTESIAN_POINT('Ctrl Pts',(3.4208540392681,-15.2184567988356,-11.3271778487993));
#1519=CARTESIAN_POINT('Ctrl Pts',(2.56097214922443,-15.3355620619934,-10.8622442551172));
#1520=CARTESIAN_POINT('Ctrl Pts',(1.58344668883464,-15.4526673251514,-10.8618827947159));
#1521=CARTESIAN_POINT('Ctrl Pts',(0.72391017105412,-15.5697725883092,-11.3274518010381));
#1522=CARTESIAN_POINT('Ctrl Pts',(0.188951296435757,-15.6868778514672,-12.1456059818384));
#1523=CARTESIAN_POINT('Ctrl Pts',(0.108588415108334,-15.803983114625,-13.1198230801518));
#1524=CARTESIAN_POINT('Ctrl Pts',(0.500924772760381,-15.9210883777829,-14.0151607196866));
#1525=CARTESIAN_POINT('Ctrl Pts',(1.27255240458832,-16.0381936409408,-14.6152840363174));
#1526=CARTESIAN_POINT('Ctrl Pts',(2.2366866812313,-16.1552989040987,-14.7765364815777));
#1527=CARTESIAN_POINT('Ctrl Pts',(3.16113013211755,-16.2724041672566,-14.4587920273228));
#1528=CARTESIAN_POINT('Ctrl Pts',(3.8234567336103,-16.3895094304145,-13.7398478628278));
#1529=CARTESIAN_POINT('Ctrl Pts',(4.06307437387747,-16.5066146935724,-12.7921450485097));
#1530=CARTESIAN_POINT('Ctrl Pts',(3.8234567336103,-16.6237199567303,-11.8444422341916));
#1531=CARTESIAN_POINT('Ctrl Pts',(3.16113013211755,-16.7408252198882,-11.1254980696966));
#1532=CARTESIAN_POINT('Ctrl Pts',(2.2366866812313,-16.8579304830461,-10.8077536154416));
#1533=CARTESIAN_POINT('Ctrl Pts',(1.27255240458832,-16.975035746204,-10.969006060702));
#1534=CARTESIAN_POINT('Ctrl Pts',(0.500924772760381,-17.0921410093619,-11.5691293773327));
#1535=CARTESIAN_POINT('Ctrl Pts',(0.108588415108334,-17.2092462725198,-12.4644670168676));
#1536=CARTESIAN_POINT('Ctrl Pts',(0.188951296435757,-17.3263515356777,-13.4386841151809));
#1537=CARTESIAN_POINT('Ctrl Pts',(0.723910171054119,-17.4434567988356,-14.2568382959813));
#1538=CARTESIAN_POINT('Ctrl Pts',(1.58344668883464,-17.5605620619935,-14.7224073023034));
#1539=CARTESIAN_POINT('Ctrl Pts',(2.56097214922443,-17.6776673251513,-14.7220458419021));
#1540=CARTESIAN_POINT('Ctrl Pts',(3.4208540392681,-17.7947725883093,-14.25711224822));
#1541=CARTESIAN_POINT('Ctrl Pts',(3.95520483559459,-17.9118778514671,-13.4385640598862));
#1542=CARTESIAN_POINT('Ctrl Pts',(4.03629386539566,-18.028983114625,-12.4644029269557));
#1543=CARTESIAN_POINT('Ctrl Pts',(3.64328516020752,-18.1460883777829,-11.5693633352933));
#1544=CARTESIAN_POINT('Ctrl Pts',(2.87212255911622,-18.2631936409408,-10.9686532475351));
#1545=CARTESIAN_POINT('Ctrl Pts',(1.90782931588318,-18.3802989040987,-10.8081450488973));
#1546=CARTESIAN_POINT('Ctrl Pts',(0.983236822891188,-18.4974041672566,-11.125139985255));
#1547=CARTESIAN_POINT('Ctrl Pts',(0.321278289998034,-18.6145094304145,-11.8447019576967));
#1548=CARTESIAN_POINT('Ctrl Pts',(0.161418460614369,-18.6925796058531,-12.4762038147744));
#1549=CARTESIAN_POINT('Ctrl Pts',(0.161418460614369,-18.7316146935724,-12.7921450485097));
#1550=CARTESIAN_POINT('Ctrl Pts',(0.433577810451649,-14.4017553429476,-12.7921450485097));
#1551=CARTESIAN_POINT('Ctrl Pts',(0.433577810451649,-14.4407904306669,-13.0630968988212));
#1552=CARTESIAN_POINT('Ctrl Pts',(0.570668506980499,-14.5188606061055,-13.6046396837978));
#1553=CARTESIAN_POINT('Ctrl Pts',(1.13834285095699,-14.6359658692634,-14.2217265257605));
#1554=CARTESIAN_POINT('Ctrl Pts',(1.93124816323119,-14.7530711324213,-14.4935630046058));
#1555=CARTESIAN_POINT('Ctrl Pts',(2.75820037603403,-14.8701763955792,-14.3559236417619));
#1556=CARTESIAN_POINT('Ctrl Pts',(3.41952332743824,-14.9872816587371,-13.8407657550937));
#1557=CARTESIAN_POINT('Ctrl Pts',(3.75656256495899,-15.104386921895,-13.0732081020571));
#1558=CARTESIAN_POINT('Ctrl Pts',(3.68701635251398,-15.2214921850529,-12.2377954287328));
#1559=CARTESIAN_POINT('Ctrl Pts',(3.22877770976163,-15.3385974482108,-11.5358281882449));
#1560=CARTESIAN_POINT('Ctrl Pts',(2.49136421550779,-15.4557027113686,-11.1371199740099));
#1561=CARTESIAN_POINT('Ctrl Pts',(1.65306604599458,-15.5728079745266,-11.1368035063083));
#1562=CARTESIAN_POINT('Ctrl Pts',(0.915954942575533,-15.6899132376844,-11.5360680284076));
#1563=CARTESIAN_POINT('Ctrl Pts',(0.457183899218448,-15.8070185008424,-12.237690349419));
#1564=CARTESIAN_POINT('Ctrl Pts',(0.38827345316189,-15.9241237640002,-13.0731519037466));
#1565=CARTESIAN_POINT('Ctrl Pts',(0.724724051241204,-16.0412290271581,-13.8409707473667));
#1566=CARTESIAN_POINT('Ctrl Pts',(1.38645407460628,-16.158334290316,-14.3556143857744));
#1567=CARTESIAN_POINT('Ctrl Pts',(2.21326727984182,-16.2754395534739,-14.4939063422586));
#1568=CARTESIAN_POINT('Ctrl Pts',(3.00604171340877,-16.3925448166318,-14.2214115307013));
#1569=CARTESIAN_POINT('Ctrl Pts',(3.57403905702436,-16.5096500797897,-13.6048697662485));
#1570=CARTESIAN_POINT('Ctrl Pts',(3.7795220544732,-16.6267553429476,-12.7921450485097));
#1571=CARTESIAN_POINT('Ctrl Pts',(3.57403905702436,-16.7438606061055,-11.9794203307708));
#1572=CARTESIAN_POINT('Ctrl Pts',(3.00604171340878,-16.8609658692634,-11.3628785663181));
#1573=CARTESIAN_POINT('Ctrl Pts',(2.21326727984182,-16.9780711324213,-11.0903837547607));
#1574=CARTESIAN_POINT('Ctrl Pts',(1.38645407460629,-17.0951763955792,-11.2286757112449));
#1575=CARTESIAN_POINT('Ctrl Pts',(0.724724051241202,-17.2122816587371,-11.7433193496526));
#1576=CARTESIAN_POINT('Ctrl Pts',(0.388273453161891,-17.329386921895,-12.5111381932728));
#1577=CARTESIAN_POINT('Ctrl Pts',(0.457183899218447,-17.4464921850529,-13.3465997476004));
#1578=CARTESIAN_POINT('Ctrl Pts',(0.915954942575533,-17.5635974482108,-14.0482220686118));
#1579=CARTESIAN_POINT('Ctrl Pts',(1.65306604599458,-17.6807027113687,-14.447486590711));
#1580=CARTESIAN_POINT('Ctrl Pts',(2.49136421550779,-17.7978079745266,-14.4471701230094));
#1581=CARTESIAN_POINT('Ctrl Pts',(3.22877770976163,-17.9149132376845,-14.0484619087744));
#1582=CARTESIAN_POINT('Ctrl Pts',(3.68701635251398,-18.0320185008423,-13.3464946682866));
#1583=CARTESIAN_POINT('Ctrl Pts',(3.75656256495898,-18.1491237640002,-12.5110819949623));
#1584=CARTESIAN_POINT('Ctrl Pts',(3.41952332743824,-18.2662290271581,-11.7435243419257));
#1585=CARTESIAN_POINT('Ctrl Pts',(2.75820037603403,-18.383334290316,-11.2283664552575));
#1586=CARTESIAN_POINT('Ctrl Pts',(1.93124816323119,-18.5004395534739,-11.0907270924136));
#1587=CARTESIAN_POINT('Ctrl Pts',(1.13834285095699,-18.6175448166318,-11.3625635712588));
#1588=CARTESIAN_POINT('Ctrl Pts',(0.570668506980501,-18.7346500797897,-11.9796504132215));
#1589=CARTESIAN_POINT('Ctrl Pts',(0.433577810451649,-18.8127202552283,-12.5211931981982));
#1590=CARTESIAN_POINT('Ctrl Pts',(0.433577810451649,-18.8517553429476,-12.7921450485097));
#1591=CARTESIAN_POINT('Ctrl Pts',(0.596062090114615,-14.6511982201931,-12.7921450485097));
#1592=CARTESIAN_POINT('Ctrl Pts',(0.596062090114615,-14.6902333079124,-13.0362510239512));
#1593=CARTESIAN_POINT('Ctrl Pts',(0.71955864427757,-14.768303483351,-13.5240664488718));
#1594=CARTESIAN_POINT('Ctrl Pts',(1.23094103096527,-14.8854087465088,-14.0799896888392));
#1595=CARTESIAN_POINT('Ctrl Pts',(1.94522931563526,-15.0025140096667,-14.324853282713));
#1596=CARTESIAN_POINT('Ctrl Pts',(2.69019001230466,-15.1196192728246,-14.2008776821869));
#1597=CARTESIAN_POINT('Ctrl Pts',(3.28593191907057,-15.2367245359825,-13.7367870512745));
#1598=CARTESIAN_POINT('Ctrl Pts',(3.58956528334538,-15.3538297991404,-13.0453412513697));
#1599=CARTESIAN_POINT('Ctrl Pts',(3.52690123218268,-15.4709350622983,-12.2927630343031));
#1600=CARTESIAN_POINT('Ctrl Pts',(3.11410969495035,-15.5880403254562,-11.6603908126718));
#1601=CARTESIAN_POINT('Ctrl Pts',(2.44980656764053,-15.7051455886141,-11.301227492267));
#1602=CARTESIAN_POINT('Ctrl Pts',(1.69462824828944,-15.822250851772,-11.300928979416));
#1603=CARTESIAN_POINT('Ctrl Pts',(1.03061037325296,-15.9393561149299,-11.6606170212794));
#1604=CARTESIAN_POINT('Ctrl Pts',(0.617316615490598,-16.0564613780878,-12.2926639817743));
#1605=CARTESIAN_POINT('Ctrl Pts',(0.555252270686952,-16.1735666412457,-13.0452880672814));
#1606=CARTESIAN_POINT('Ctrl Pts',(0.858330428129311,-16.2906719044036,-13.7369807297084));
#1607=CARTESIAN_POINT('Ctrl Pts',(1.45445616125246,-16.4077771675615,-14.2005852441877));
#1608=CARTESIAN_POINT('Ctrl Pts',(2.19928608484825,-16.5248824307194,-14.3251784130268));
#1609=CARTESIAN_POINT('Ctrl Pts',(2.91345012891312,-16.6419876938773,-14.0796895601185));
#1610=CARTESIAN_POINT('Ctrl Pts',(3.42513870189419,-16.7590929570352,-13.5242889237594));
#1611=CARTESIAN_POINT('Ctrl Pts',(3.61023437487267,-16.8761982201931,-12.7921450485097));
#1612=CARTESIAN_POINT('Ctrl Pts',(3.42513870189419,-16.9933034833509,-12.06000117326));
#1613=CARTESIAN_POINT('Ctrl Pts',(2.91345012891312,-17.1104087465089,-11.5046005369009));
#1614=CARTESIAN_POINT('Ctrl Pts',(2.19928608484825,-17.2275140096667,-11.2591116839926));
#1615=CARTESIAN_POINT('Ctrl Pts',(1.45445616125246,-17.3446192728247,-11.3837048528317));
#1616=CARTESIAN_POINT('Ctrl Pts',(0.85833042812931,-17.4617245359825,-11.847309367311));
#1617=CARTESIAN_POINT('Ctrl Pts',(0.555252270686952,-17.5788297991404,-12.5390020297379));
#1618=CARTESIAN_POINT('Ctrl Pts',(0.617316615490598,-17.6959350622983,-13.291626115245));
#1619=CARTESIAN_POINT('Ctrl Pts',(1.03061037325296,-17.8130403254562,-13.9236730757399));
#1620=CARTESIAN_POINT('Ctrl Pts',(1.69462824828944,-17.9301455886141,-14.2833611176033));
#1621=CARTESIAN_POINT('Ctrl Pts',(2.44980656764053,-18.047250851772,-14.2830626047524));
#1622=CARTESIAN_POINT('Ctrl Pts',(3.11410969495035,-18.1643561149299,-13.9238992843476));
#1623=CARTESIAN_POINT('Ctrl Pts',(3.52690123218268,-18.2814613780878,-13.2915270627163));
#1624=CARTESIAN_POINT('Ctrl Pts',(3.58956528334538,-18.3985666412457,-12.5389488456496));
#1625=CARTESIAN_POINT('Ctrl Pts',(3.28593191907057,-18.5156719044036,-11.8475030457449));
#1626=CARTESIAN_POINT('Ctrl Pts',(2.69019001230466,-18.6327771675615,-11.3834124148325));
#1627=CARTESIAN_POINT('Ctrl Pts',(1.94522931563525,-18.7498824307194,-11.2594368143063));
#1628=CARTESIAN_POINT('Ctrl Pts',(1.23094103096527,-18.8669876938773,-11.5043004081801));
#1629=CARTESIAN_POINT('Ctrl Pts',(0.71955864427757,-18.9840929570352,-12.0602236481475));
#1630=CARTESIAN_POINT('Ctrl Pts',(0.596062090114615,-19.0621631324738,-12.5480390730681));
#1631=CARTESIAN_POINT('Ctrl Pts',(0.596062090114615,-19.1011982201931,-12.7921450485097));
#1632=CARTESIAN_POINT('Ctrl Pts',(0.595834260897645,-14.9486650722513,-12.7921450485097));
#1633=CARTESIAN_POINT('Ctrl Pts',(0.595834260897645,-14.9877001599706,-13.0362454070445));
#1634=CARTESIAN_POINT('Ctrl Pts',(0.719351587137743,-15.0657703354091,-13.5241998988807));
#1635=CARTESIAN_POINT('Ctrl Pts',(1.23082087585288,-15.1828755985671,-14.0801581830561));
#1636=CARTESIAN_POINT('Ctrl Pts',(1.94521079795198,-15.2999808617249,-14.3250990300494));
#1637=CARTESIAN_POINT('Ctrl Pts',(2.69027479732772,-15.4170861248828,-14.2010705375947));
#1638=CARTESIAN_POINT('Ctrl Pts',(3.28612355544539,-15.5341913880407,-13.7369369337903));
#1639=CARTESIAN_POINT('Ctrl Pts',(3.58977534702156,-15.6512966511986,-13.0453757707948));
#1640=CARTESIAN_POINT('Ctrl Pts',(3.52713057107815,-15.7684019143565,-12.2926845736725));
#1641=CARTESIAN_POINT('Ctrl Pts',(3.11425402518441,-15.8855071775144,-11.6602338387148));
#1642=CARTESIAN_POINT('Ctrl Pts',(2.44986609054985,-16.0026124406723,-11.300992581842));
#1643=CARTESIAN_POINT('Ctrl Pts',(1.69457590533447,-16.1197177038302,-11.3007222953207));
#1644=CARTESIAN_POINT('Ctrl Pts',(1.03044621504703,-16.2368229669881,-11.6604387064641));
#1645=CARTESIAN_POINT('Ctrl Pts',(0.617114988662559,-16.353928230146,-12.2925947562861));
#1646=CARTESIAN_POINT('Ctrl Pts',(0.555013192252563,-16.4710334933039,-13.0453279659705));
#1647=CARTESIAN_POINT('Ctrl Pts',(0.858162202909386,-16.5881387564618,-13.737111662233));
#1648=CARTESIAN_POINT('Ctrl Pts',(1.45435879641282,-16.7052440196197,-14.2008072151275));
#1649=CARTESIAN_POINT('Ctrl Pts',(2.19930368848422,-16.8223492827776,-14.3253908588631));
#1650=CARTESIAN_POINT('Ctrl Pts',(2.9135827012658,-16.9394545459355,-14.0798924772806));
#1651=CARTESIAN_POINT('Ctrl Pts',(3.42532618312047,-17.0565598090933,-13.5243903834685));
#1652=CARTESIAN_POINT('Ctrl Pts',(3.61047676036313,-17.1736650722513,-12.7921450485097));
#1653=CARTESIAN_POINT('Ctrl Pts',(3.42532618312047,-17.2907703354091,-12.0598997135509));
#1654=CARTESIAN_POINT('Ctrl Pts',(2.9135827012658,-17.407875598567,-11.5043976197388));
#1655=CARTESIAN_POINT('Ctrl Pts',(2.19930368848422,-17.5249808617249,-11.2588992381562));
#1656=CARTESIAN_POINT('Ctrl Pts',(1.45435879641283,-17.6420861248828,-11.3834828818919));
#1657=CARTESIAN_POINT('Ctrl Pts',(0.858162202909384,-17.7591913880407,-11.8471784347864));
#1658=CARTESIAN_POINT('Ctrl Pts',(0.555013192252562,-17.8762966511986,-12.5389621310489));
#1659=CARTESIAN_POINT('Ctrl Pts',(0.617114988662559,-17.9934019143565,-13.2916953407332));
#1660=CARTESIAN_POINT('Ctrl Pts',(1.03044621504703,-18.1105071775144,-13.9238513905553));
#1661=CARTESIAN_POINT('Ctrl Pts',(1.69457590533447,-18.2276124406723,-14.2835678016987));
#1662=CARTESIAN_POINT('Ctrl Pts',(2.44986609054985,-18.3447177038302,-14.2832975151774));
#1663=CARTESIAN_POINT('Ctrl Pts',(3.11425402518441,-18.4618229669881,-13.9240562583046));
#1664=CARTESIAN_POINT('Ctrl Pts',(3.52713057107815,-18.578928230146,-13.2916055233469));
#1665=CARTESIAN_POINT('Ctrl Pts',(3.58977534702156,-18.6960334933039,-12.5389143262245));
#1666=CARTESIAN_POINT('Ctrl Pts',(3.28612355544538,-18.8131387564618,-11.847353163229));
#1667=CARTESIAN_POINT('Ctrl Pts',(2.69027479732772,-18.9302440196197,-11.3832195594246));
#1668=CARTESIAN_POINT('Ctrl Pts',(1.94521079795198,-19.0473492827776,-11.2591910669699));
#1669=CARTESIAN_POINT('Ctrl Pts',(1.23082087585288,-19.1644545459354,-11.5041319139633));
#1670=CARTESIAN_POINT('Ctrl Pts',(0.719351587137742,-19.2815598090934,-12.0600901981387));
#1671=CARTESIAN_POINT('Ctrl Pts',(0.595834260897645,-19.3596299845319,-12.5480446899748));
#1672=CARTESIAN_POINT('Ctrl Pts',(0.595834260897645,-19.3986650722512,-12.7921450485097));
#1673=CARTESIAN_POINT('Ctrl Pts',(0.433775984342197,-15.1982433065582,-12.7921450485097));
#1674=CARTESIAN_POINT('Ctrl Pts',(0.433775984342197,-15.2372783942775,-13.063089081767));
#1675=CARTESIAN_POINT('Ctrl Pts',(0.57084911498069,-15.3153485697161,-13.6045296161588));
#1676=CARTESIAN_POINT('Ctrl Pts',(1.13845020933059,-15.432453832874,-14.2215710826246));
#1677=CARTESIAN_POINT('Ctrl Pts',(1.93126458950844,-15.5495590960318,-14.4933519432198));
#1678=CARTESIAN_POINT('Ctrl Pts',(2.75812352129401,-15.6666643591898,-14.3557486820765));
#1679=CARTESIAN_POINT('Ctrl Pts',(3.41935790379724,-15.7837696223476,-13.8406365822884));
#1680=CARTESIAN_POINT('Ctrl Pts',(3.75637276922639,-15.9008748855055,-13.0731767384656));
#1681=CARTESIAN_POINT('Ctrl Pts',(3.68681828423382,-16.0179801486635,-12.2378632692232));
#1682=CARTESIAN_POINT('Ctrl Pts',(3.22864733493378,-16.1350854118213,-11.5359699222473));
#1683=CARTESIAN_POINT('Ctrl Pts',(2.491312808134,-16.2521906749792,-11.1373228963722));
#1684=CARTESIAN_POINT('Ctrl Pts',(1.65311331822392,-16.3692959381371,-11.1369901723273));
#1685=CARTESIAN_POINT('Ctrl Pts',(0.916096736906072,-16.486401201295,-11.5362220531918));
#1686=CARTESIAN_POINT('Ctrl Pts',(0.457366007320489,-16.6035064644529,-12.2377528711919));
#1687=CARTESIAN_POINT('Ctrl Pts',(0.388479959312886,-16.7206117276108,-13.0731174419167));
#1688=CARTESIAN_POINT('Ctrl Pts',(0.724875991766147,-16.8377169907687,-13.8408524887033));
#1689=CARTESIAN_POINT('Ctrl Pts',(1.38653817430596,-16.9548222539266,-14.3554226569281));
#1690=CARTESIAN_POINT('Ctrl Pts',(2.21325138021218,-17.0719275170845,-14.4937144613755));
#1691=CARTESIAN_POINT('Ctrl Pts',(3.00592720305803,-17.1890327802424,-14.221236259521));
#1692=CARTESIAN_POINT('Ctrl Pts',(3.57386972426761,-17.3061380434003,-13.604778127976));
#1693=CARTESIAN_POINT('Ctrl Pts',(3.77931269218299,-17.4232433065582,-12.7921450485097));
#1694=CARTESIAN_POINT('Ctrl Pts',(3.57386972426761,-17.5403485697161,-11.9795119690434));
#1695=CARTESIAN_POINT('Ctrl Pts',(3.00592720305803,-17.657453832874,-11.3630538374984));
#1696=CARTESIAN_POINT('Ctrl Pts',(2.21325138021218,-17.7745590960319,-11.0905756356438));
#1697=CARTESIAN_POINT('Ctrl Pts',(1.38653817430596,-17.8916643591898,-11.2288674400913));
#1698=CARTESIAN_POINT('Ctrl Pts',(0.724875991766146,-18.0087696223476,-11.7434376083161));
#1699=CARTESIAN_POINT('Ctrl Pts',(0.388479959312886,-18.1258748855055,-12.5111726551027));
#1700=CARTESIAN_POINT('Ctrl Pts',(0.457366007320489,-18.2429801486634,-13.3465372258275));
#1701=CARTESIAN_POINT('Ctrl Pts',(0.916096736906072,-18.3600854118213,-14.0480680438275));
#1702=CARTESIAN_POINT('Ctrl Pts',(1.65311331822392,-18.4771906749792,-14.447299924692));
#1703=CARTESIAN_POINT('Ctrl Pts',(2.491312808134,-18.5942959381371,-14.4469672006472));
#1704=CARTESIAN_POINT('Ctrl Pts',(3.22864733493378,-18.711401201295,-14.048320174772));
#1705=CARTESIAN_POINT('Ctrl Pts',(3.68681828423381,-18.8285064644529,-13.3464268277962));
#1706=CARTESIAN_POINT('Ctrl Pts',(3.75637276922639,-18.9456117276108,-12.5111133585538));
#1707=CARTESIAN_POINT('Ctrl Pts',(3.41935790379723,-19.0627169907687,-11.743653514731));
#1708=CARTESIAN_POINT('Ctrl Pts',(2.75812352129401,-19.1798222539266,-11.2285414149428));
#1709=CARTESIAN_POINT('Ctrl Pts',(1.93126458950844,-19.2969275170845,-11.0909381537996));
#1710=CARTESIAN_POINT('Ctrl Pts',(1.13845020933059,-19.4140327802424,-11.3627190143948));
#1711=CARTESIAN_POINT('Ctrl Pts',(0.570849114980691,-19.5311380434003,-11.9797604808606));
#1712=CARTESIAN_POINT('Ctrl Pts',(0.433775984342198,-19.6092082188389,-12.5212010152523));
#1713=CARTESIAN_POINT('Ctrl Pts',(0.433775984342197,-19.6482433065582,-12.7921450485097));
#1714=CARTESIAN_POINT('Ctrl Pts',(0.161469859865631,-15.3183700521493,-12.7921450485097));
#1715=CARTESIAN_POINT('Ctrl Pts',(0.161469859865631,-15.3574051398686,-13.1080688406913));
#1716=CARTESIAN_POINT('Ctrl Pts',(0.321325742907438,-15.4354753153072,-13.7395668867393));
#1717=CARTESIAN_POINT('Ctrl Pts',(0.9832681178954,-15.5525805784651,-14.459099018914));
#1718=CARTESIAN_POINT('Ctrl Pts',(1.90783396329181,-15.669685841623,-14.7760935805499));
#1719=CARTESIAN_POINT('Ctrl Pts',(2.8720988571196,-15.7867911047809,-14.6155827256331));
#1720=CARTESIAN_POINT('Ctrl Pts',(3.64324379437471,-15.9038963679388,-14.0148947153811));
#1721=CARTESIAN_POINT('Ctrl Pts',(4.03623605415385,-16.0210016310967,-13.1198774126416));
#1722=CARTESIAN_POINT('Ctrl Pts',(3.9551551853369,-16.1381068942546,-12.1457431382668));
#1723=CARTESIAN_POINT('Ctrl Pts',(3.42081436220547,-16.2552121574124,-11.3272209103428));
#1724=CARTESIAN_POINT('Ctrl Pts',(2.56095926222654,-16.3723174205704,-10.8622951737783));
#1725=CARTESIAN_POINT('Ctrl Pts',(1.58346106395739,-16.4894226837283,-10.8619395636261));
#1726=CARTESIAN_POINT('Ctrl Pts',(0.723945738546435,-16.6065279468861,-11.3274904393956));
#1727=CARTESIAN_POINT('Ctrl Pts',(0.189006690336176,-16.723633210044,-12.1456249971597));
#1728=CARTESIAN_POINT('Ctrl Pts',(0.108640212685007,-16.8407384732019,-13.1198144374004));
#1729=CARTESIAN_POINT('Ctrl Pts',(0.500970990885377,-16.9578437363598,-14.0151247461752));
#1730=CARTESIAN_POINT('Ctrl Pts',(1.27257349909865,-17.0749489995177,-14.6152359459809));
#1731=CARTESIAN_POINT('Ctrl Pts',(2.23668184470204,-17.1920542626756,-14.7764781136704));
#1732=CARTESIAN_POINT('Ctrl Pts',(3.16110140994672,-17.3091595258335,-14.458748064782));
#1733=CARTESIAN_POINT('Ctrl Pts',(3.82340522471044,-17.4262647889914,-13.7398199875934));
#1734=CARTESIAN_POINT('Ctrl Pts',(4.06302186034062,-17.5433700521493,-12.7921450485097));
#1735=CARTESIAN_POINT('Ctrl Pts',(3.82340522471045,-17.6604753153072,-11.8444701094259));
#1736=CARTESIAN_POINT('Ctrl Pts',(3.16110140994672,-17.7775805784651,-11.1255420322374));
#1737=CARTESIAN_POINT('Ctrl Pts',(2.23668184470204,-17.894685841623,-10.807811983349));
#1738=CARTESIAN_POINT('Ctrl Pts',(1.27257349909865,-18.0117911047809,-10.9690541510385));
#1739=CARTESIAN_POINT('Ctrl Pts',(0.500970990885377,-18.1288963679388,-11.5691653508442));
#1740=CARTESIAN_POINT('Ctrl Pts',(0.108640212685007,-18.2460016310967,-12.464475659619));
#1741=CARTESIAN_POINT('Ctrl Pts',(0.189006690336177,-18.3631068942546,-13.4386650998597));
#1742=CARTESIAN_POINT('Ctrl Pts',(0.723945738546434,-18.4802121574125,-14.2567996576238));
#1743=CARTESIAN_POINT('Ctrl Pts',(1.58346106395739,-18.5973174205704,-14.7223505333933));
#1744=CARTESIAN_POINT('Ctrl Pts',(2.56095926222654,-18.7144226837282,-14.7219949232411));
#1745=CARTESIAN_POINT('Ctrl Pts',(3.42081436220547,-18.8315279468861,-14.2570691866765));
#1746=CARTESIAN_POINT('Ctrl Pts',(3.9551551853369,-18.9486332100441,-13.4385469587526));
#1747=CARTESIAN_POINT('Ctrl Pts',(4.03623605415384,-19.0657384732019,-12.4644126843777));
#1748=CARTESIAN_POINT('Ctrl Pts',(3.64324379437471,-19.1828437363598,-11.5693953816383));
#1749=CARTESIAN_POINT('Ctrl Pts',(2.8720988571196,-19.2999489995177,-10.9687073713863));
#1750=CARTESIAN_POINT('Ctrl Pts',(1.90783396329181,-19.4170542626756,-10.8081965164695));
#1751=CARTESIAN_POINT('Ctrl Pts',(0.983268117895397,-19.5341595258335,-11.1251910781054));
#1752=CARTESIAN_POINT('Ctrl Pts',(0.321325742907439,-19.6512647889914,-11.8447232102801));
#1753=CARTESIAN_POINT('Ctrl Pts',(0.161469859865631,-19.72933496443,-12.4762212563281));
#1754=CARTESIAN_POINT('Ctrl Pts',(0.161469859865631,-19.7683700521493,-12.7921450485097));
#1755=CARTESIAN_POINT('Ctrl Pts',(-0.0342013171105258,-15.2867748571192,
-12.7921450485097));
#1756=CARTESIAN_POINT('Ctrl Pts',(-0.0342013171105258,-15.3258099448385,
-13.1404652361388));
#1757=CARTESIAN_POINT('Ctrl Pts',(0.142022605508275,-15.4038801202771,-13.8365650804254));
#1758=CARTESIAN_POINT('Ctrl Pts',(0.871741982631249,-15.520985383435,-14.6298322305231));
#1759=CARTESIAN_POINT('Ctrl Pts',(1.89099551430465,-15.6380906465928,-14.9792474231175));
#1760=CARTESIAN_POINT('Ctrl Pts',(2.95401658440759,-15.7551959097507,-14.8023345339468));
#1761=CARTESIAN_POINT('Ctrl Pts',(3.80411409917085,-15.8723011729086,-14.1401043761339));
#1762=CARTESIAN_POINT('Ctrl Pts',(4.2373795026535,-15.9894064360665,-13.1534430682051));
#1763=CARTESIAN_POINT('Ctrl Pts',(4.1479657889521,-16.1065116992244,-12.0795507333153));
#1764=CARTESIAN_POINT('Ctrl Pts',(3.55892856438021,-16.2236169623823,-11.1771892412411));
#1765=CARTESIAN_POINT('Ctrl Pts',(2.61100297808276,-16.3407222255402,-10.6646766964765));
#1766=CARTESIAN_POINT('Ctrl Pts',(1.53340067738607,-16.4578274886981,-10.664255488735));
#1767=CARTESIAN_POINT('Ctrl Pts',(0.585877581917224,-16.574932751856,-11.1775084343966));
#1768=CARTESIAN_POINT('Ctrl Pts',(-0.00386827738249302,-16.6920380150139,
-12.0794109461485));
#1769=CARTESIAN_POINT('Ctrl Pts',(-0.092435796619592,-16.8091432781718,
-13.1533680833029));
#1770=CARTESIAN_POINT('Ctrl Pts',(0.340046186465348,-16.9262485413297,-14.1403775533122));
#1771=CARTESIAN_POINT('Ctrl Pts',(1.19068533892416,-17.0433538044876,-14.8019221441417));
#1772=CARTESIAN_POINT('Ctrl Pts',(2.25352176785138,-17.1604590676455,-14.9797057583076));
#1773=CARTESIAN_POINT('Ctrl Pts',(3.27260025985531,-17.2775643308034,-14.629409759392));
#1774=CARTESIAN_POINT('Ctrl Pts',(4.00275116053331,-17.3946695939613,-13.8368771544896));
#1775=CARTESIAN_POINT('Ctrl Pts',(4.26687820102763,-17.5117748571192,-12.7921450485097));
#1776=CARTESIAN_POINT('Ctrl Pts',(4.00275116053331,-17.6288801202771,-11.7474129425298));
#1777=CARTESIAN_POINT('Ctrl Pts',(3.27260025985531,-17.745985383435,-10.9548803376273));
#1778=CARTESIAN_POINT('Ctrl Pts',(2.25352176785137,-17.8630906465928,-10.6045843387117));
#1779=CARTESIAN_POINT('Ctrl Pts',(1.19068533892416,-17.9801959097508,-10.7823679528776));
#1780=CARTESIAN_POINT('Ctrl Pts',(0.340046186465347,-18.0973011729086,-11.4439125437072));
#1781=CARTESIAN_POINT('Ctrl Pts',(-0.0924357966195917,-18.2144064360665,
-12.4309220137165));
#1782=CARTESIAN_POINT('Ctrl Pts',(-0.00386827738249321,-18.3315116992244,
-13.5048791508709));
#1783=CARTESIAN_POINT('Ctrl Pts',(0.585877581917224,-18.4486169623823,-14.4067816626228));
#1784=CARTESIAN_POINT('Ctrl Pts',(1.53340067738607,-18.5657222255402,-14.9200346082844));
#1785=CARTESIAN_POINT('Ctrl Pts',(2.61100297808276,-18.6828274886981,-14.9196134005429));
#1786=CARTESIAN_POINT('Ctrl Pts',(3.55892856438021,-18.799932751856,-14.4071008557783));
#1787=CARTESIAN_POINT('Ctrl Pts',(4.1479657889521,-18.9170380150139,-13.5047393637041));
#1788=CARTESIAN_POINT('Ctrl Pts',(4.2373795026535,-19.0341432781718,-12.4308470288143));
#1789=CARTESIAN_POINT('Ctrl Pts',(3.80411409917085,-19.1512485413297,-11.4441857208854));
#1790=CARTESIAN_POINT('Ctrl Pts',(2.95401658440759,-19.2683538044876,-10.7819555630725));
#1791=CARTESIAN_POINT('Ctrl Pts',(1.89099551430465,-19.3854590676455,-10.6050426739018));
#1792=CARTESIAN_POINT('Ctrl Pts',(0.871741982631249,-19.5025643308034,-10.9544578664962));
#1793=CARTESIAN_POINT('Ctrl Pts',(0.142022605508275,-19.6196695939613,-11.747725016594));
#1794=CARTESIAN_POINT('Ctrl Pts',(-0.0342013171105255,-19.6977397693999,
-12.4438248608806));
#1795=CARTESIAN_POINT('Ctrl Pts',(-0.0342013171105258,-19.7367748571192,
-12.7921450485097));
#1796=CARTESIAN_POINT('Ctrl Pts',(-0.119899432624108,-15.2454813000678,
-12.7921450485097));
#1797=CARTESIAN_POINT('Ctrl Pts',(-0.119899432624108,-15.2845163877871,
-13.1546112198333));
#1798=CARTESIAN_POINT('Ctrl Pts',(0.0634948886205427,-15.3625865632257,
-13.8790675775383));
#1799=CARTESIAN_POINT('Ctrl Pts',(0.822906425419236,-15.4796918263836,-14.7045784341101));
#1800=CARTESIAN_POINT('Ctrl Pts',(1.88362184922089,-15.5967970895415,-15.0682317853883));
#1801=CARTESIAN_POINT('Ctrl Pts',(2.98988366387885,-15.7139023526994,-14.8841020248308));
#1802=CARTESIAN_POINT('Ctrl Pts',(3.87457473542546,-15.8310076158573,-14.1949464893833));
#1803=CARTESIAN_POINT('Ctrl Pts',(4.32545054535374,-15.9481128790152,-13.1681393280202));
#1804=CARTESIAN_POINT('Ctrl Pts',(4.23241582451999,-16.0652181421731,-12.0505590741046));
#1805=CARTESIAN_POINT('Ctrl Pts',(3.61940222091161,-16.182323405331,-11.1114973043908));
#1806=CARTESIAN_POINT('Ctrl Pts',(2.63292186214466,-16.2994286684889,-10.5781209823166));
#1807=CARTESIAN_POINT('Ctrl Pts',(1.51148158006838,-16.4165339316468,-10.5776989097688));
#1808=CARTESIAN_POINT('Ctrl Pts',(0.525404517863093,-16.5336391948047,-11.1118171812073));
#1809=CARTESIAN_POINT('Ctrl Pts',(-0.0883191452494064,-16.6507444579626,
-12.0504189237356));
#1810=CARTESIAN_POINT('Ctrl Pts',(-0.180505946290996,-16.7678497211205,
-13.1680643930807));
#1811=CARTESIAN_POINT('Ctrl Pts',(0.269584792556453,-16.8849549842784,-14.195219857018));
#1812=CARTESIAN_POINT('Ctrl Pts',(1.15481878981433,-17.0020602474362,-14.8836896401811));
#1813=CARTESIAN_POINT('Ctrl Pts',(2.26089517697364,-17.1191655105941,-15.0686895726194));
#1814=CARTESIAN_POINT('Ctrl Pts',(3.32143612337001,-17.236270773752,-14.7041586132116));
#1815=CARTESIAN_POINT('Ctrl Pts',(4.08127829963844,-17.3533760369099,-13.879373916967));
#1816=CARTESIAN_POINT('Ctrl Pts',(4.35616612128386,-17.4704813000678,-12.7921450485097));
#1817=CARTESIAN_POINT('Ctrl Pts',(4.08127829963845,-17.5875865632257,-11.7049161800523));
#1818=CARTESIAN_POINT('Ctrl Pts',(3.32143612337,-17.7046918263836,-10.8801314838077));
#1819=CARTESIAN_POINT('Ctrl Pts',(2.26089517697364,-17.8217970895415,-10.5156005244));
#1820=CARTESIAN_POINT('Ctrl Pts',(1.15481878981433,-17.9389023526994,-10.7006004568383));
#1821=CARTESIAN_POINT('Ctrl Pts',(0.269584792556454,-18.0560076158573,-11.3890702400014));
#1822=CARTESIAN_POINT('Ctrl Pts',(-0.180505946290996,-18.1731128790152,
-12.4162257039386));
#1823=CARTESIAN_POINT('Ctrl Pts',(-0.0883191452494055,-18.2902181421731,
-13.5338711732837));
#1824=CARTESIAN_POINT('Ctrl Pts',(0.525404517863092,-18.407323405331,-14.472472915812));
#1825=CARTESIAN_POINT('Ctrl Pts',(1.51148158006838,-18.5244286684889,-15.0065911872506));
#1826=CARTESIAN_POINT('Ctrl Pts',(2.63292186214466,-18.6415339316468,-15.0061691147028));
#1827=CARTESIAN_POINT('Ctrl Pts',(3.61940222091161,-18.7586391948047,-14.4727927926285));
#1828=CARTESIAN_POINT('Ctrl Pts',(4.23241582451999,-18.8757444579626,-13.5337310229147));
#1829=CARTESIAN_POINT('Ctrl Pts',(4.32545054535374,-18.9928497211204,-12.4161507689991));
#1830=CARTESIAN_POINT('Ctrl Pts',(3.87457473542546,-19.1099549842784,-11.3893436076361));
#1831=CARTESIAN_POINT('Ctrl Pts',(2.98988366387885,-19.2270602474362,-10.7001880721886));
#1832=CARTESIAN_POINT('Ctrl Pts',(1.88362184922089,-19.3441655105941,-10.5160583116311));
#1833=CARTESIAN_POINT('Ctrl Pts',(0.822906425419235,-19.461270773752,-10.8797116629093));
#1834=CARTESIAN_POINT('Ctrl Pts',(0.063494888620544,-19.5783760369099,-11.7052225194811));
#1835=CARTESIAN_POINT('Ctrl Pts',(-0.119899432624107,-19.6564462123485,
-12.4296788771861));
#1836=CARTESIAN_POINT('Ctrl Pts',(-0.119899432624108,-19.6954813000678,
-12.7921450485097));
#1837=CARTESIAN_POINT('',(2.56029411549459,-18.8,-11.391749700544));
#1838=CARTESIAN_POINT('Ctrl Pts',(2.56029411549459,-18.8,-11.391749700544));
#1839=CARTESIAN_POINT('Ctrl Pts',(2.4307477438071,-18.8,-11.3466026956258));
#1840=CARTESIAN_POINT('Ctrl Pts',(2.29569640647871,-18.8000000000072,-11.3181650104155));
#1841=CARTESIAN_POINT('Ctrl Pts',(1.95037877633976,-18.8000000000072,-11.2908043123741));
#1842=CARTESIAN_POINT('Ctrl Pts',(1.74162054966489,-18.8000000000073,-11.3148142093281));
#1843=CARTESIAN_POINT('Ctrl Pts',(1.34059588186244,-18.8000000000073,-11.4403902523035));
#1844=CARTESIAN_POINT('Ctrl Pts',(1.15324791453766,-18.8000000000111,-11.5414912900657));
#1845=CARTESIAN_POINT('Ctrl Pts',(0.817499450238464,-18.8000000000111,-11.810871378154));
#1846=CARTESIAN_POINT('Ctrl Pts',(0.675410827193135,-18.8000000000243,-11.9769118719362));
#1847=CARTESIAN_POINT('Ctrl Pts',(0.42252968703862,-18.8000000000243,-12.3957912162184));
#1848=CARTESIAN_POINT('Ctrl Pts',(0.349983486962158,-18.8,-12.6203821641745));
#1849=CARTESIAN_POINT('Ctrl Pts',(0.299768120904435,-18.8,-12.7921450485097));
#1850=CARTESIAN_POINT('',(3.75599158805359,-18.8,-14.1685815175627));
#1851=CARTESIAN_POINT('Ctrl Pts',(3.75599158805359,-18.8,-14.1685815175627));
#1852=CARTESIAN_POINT('Ctrl Pts',(3.67330205254192,-18.8,-14.2302662993542));
#1853=CARTESIAN_POINT('Ctrl Pts',(3.59579004099641,-18.8000000000055,-14.2718560204249));
#1854=CARTESIAN_POINT('Ctrl Pts',(3.49719512227759,-18.8000000000055,-14.3063818114914));
#1855=CARTESIAN_POINT('Ctrl Pts',(3.4660324689874,-18.8000000000002,-14.313156657984));
#1856=CARTESIAN_POINT('Ctrl Pts',(3.42451040861885,-18.8000000000002,-14.3149249712878));
#1857=CARTESIAN_POINT('Ctrl Pts',(3.40863592447928,-18.8,-14.3138444783268));
#1858=CARTESIAN_POINT('Ctrl Pts',(3.3855408835277,-18.8,-14.3063870514957));
#1859=CARTESIAN_POINT('Ctrl Pts',(3.377318431446,-18.8,-14.3022022564621));
#1860=CARTESIAN_POINT('Ctrl Pts',(3.36424841727038,-18.8,-14.29112777024));
#1861=CARTESIAN_POINT('Ctrl Pts',(3.35945474577433,-18.8,-14.2850386561681));
#1862=CARTESIAN_POINT('Ctrl Pts',(3.35160128814269,-18.8,-14.2700015609543));
#1863=CARTESIAN_POINT('Ctrl Pts',(3.34913222137165,-18.8,-14.2611915778412));
#1864=CARTESIAN_POINT('Ctrl Pts',(3.34570363993479,-18.8,-14.2377493447232));
#1865=CARTESIAN_POINT('Ctrl Pts',(3.34643014693807,-18.8,-14.2217833178932));
#1866=CARTESIAN_POINT('Ctrl Pts',(3.35383303670455,-18.8,-14.1706275264253));
#1867=CARTESIAN_POINT('Ctrl Pts',(3.36691068472618,-18.8,-14.129326164779));
#1868=CARTESIAN_POINT('Ctrl Pts',(3.45812548214771,-18.8,-13.8859666357665));
#1869=CARTESIAN_POINT('Ctrl Pts',(3.62069924976969,-18.8,-13.5683851972284));
#1870=CARTESIAN_POINT('Ctrl Pts',(3.67582716286243,-18.8,-12.8905308776283));
#1871=CARTESIAN_POINT('Ctrl Pts',(3.64395563414002,-18.8000000000389,-12.6546431421378));
#1872=CARTESIAN_POINT('Ctrl Pts',(3.50959658442204,-18.8000000000389,-12.2349402526207));
#1873=CARTESIAN_POINT('Ctrl Pts',(3.40200526629361,-18.8000000000001,-12.0393704080354));
#1874=CARTESIAN_POINT('Ctrl Pts',(3.11892597154959,-18.8000000000001,-11.706888000226));
#1875=CARTESIAN_POINT('Ctrl Pts',(2.94881373980107,-18.8000000000116,-11.5724521978853));
#1876=CARTESIAN_POINT('Ctrl Pts',(2.69318066841668,-18.8000000000116,-11.4430703226984));
#1877=CARTESIAN_POINT('Ctrl Pts',(2.62747761190939,-18.8,-11.4151631979932));
#1878=CARTESIAN_POINT('Ctrl Pts',(2.56029411549459,-18.8,-11.391749700544));
#1879=CARTESIAN_POINT('Ctrl Pts',(-0.0795752708314157,-18.2337701215828,
-12.8340947024206));
#1880=CARTESIAN_POINT('Ctrl Pts',(-0.0795409363047244,-18.2418744209086,
-12.9133128964072));
#1881=CARTESIAN_POINT('Ctrl Pts',(-0.0751729094541437,-18.2499460654979,
-12.9923735619519));
#1882=CARTESIAN_POINT('Ctrl Pts',(-0.0665257805102986,-18.2580014056687,
-13.0709126824498));
#1883=CARTESIAN_POINT('Ctrl Pts',(-0.0579114268829936,-18.2660262135871,
-13.1491541151773));
#1884=CARTESIAN_POINT('Ctrl Pts',(-0.0450501984187305,-18.2740348414522,
-13.2268789042402));
#1885=CARTESIAN_POINT('Ctrl Pts',(-0.027945153236828,-18.2820437189767,
-13.3037235815456));
#1886=CARTESIAN_POINT('Ctrl Pts',(-0.0135790785338986,-18.2887701632263,
-13.368263392049));
#1887=CARTESIAN_POINT('Ctrl Pts',(0.00378143635012869,-18.2954967885687,
-13.4321826075803));
#1888=CARTESIAN_POINT('Ctrl Pts',(0.0241614627946241,-18.3022334645866,
-13.4952565489165));
#1889=CARTESIAN_POINT('Ctrl Pts',(0.0315650672264864,-18.3046807472021,
-13.5181698907064));
#1890=CARTESIAN_POINT('Ctrl Pts',(0.0393673937724361,-18.3071293573527,
-13.5409715655679));
#1891=CARTESIAN_POINT('Ctrl Pts',(0.0475639672859208,-18.3095797720262,
-13.5636525728694));
#1892=CARTESIAN_POINT('Ctrl Pts',(0.0743920375618417,-18.3176001840869,
-13.6378894057131));
#1893=CARTESIAN_POINT('Ctrl Pts',(0.105294912329893,-18.3255966994506,-13.7104335535042));
#1894=CARTESIAN_POINT('Ctrl Pts',(0.140015044213804,-18.3335862852259,-13.78100828232));
#1895=CARTESIAN_POINT('Ctrl Pts',(0.175127140316183,-18.3416660674254,-13.8523797468312));
#1896=CARTESIAN_POINT('Ctrl Pts',(0.21414365992446,-18.3497387646793,-13.9217379141244));
#1897=CARTESIAN_POINT('Ctrl Pts',(0.256848991318347,-18.3578220731204,-13.9887789290803));
#1898=CARTESIAN_POINT('Ctrl Pts',(0.299287925834257,-18.3658549576903,-14.0554017405825));
#1899=CARTESIAN_POINT('Ctrl Pts',(0.345370394063507,-18.3738983241483,-14.1197369928879));
#1900=CARTESIAN_POINT('Ctrl Pts',(0.394926235927036,-18.3819696491285,-14.181457147047));
#1901=CARTESIAN_POINT('Ctrl Pts',(0.423512142308633,-18.386625530889,-14.2170599434541));
#1902=CARTESIAN_POINT('Ctrl Pts',(0.453254523435283,-18.3912907175975,-14.2517919698658));
#1903=CARTESIAN_POINT('Ctrl Pts',(0.484125887910798,-18.3959685750151,-14.2855843358529));
#1904=CARTESIAN_POINT('Ctrl Pts',(0.519521730703171,-18.4013320148426,-14.3243292794076));
#1905=CARTESIAN_POINT('Ctrl Pts',(0.55627421919437,-18.4066928640662,-14.3616994784983));
#1906=CARTESIAN_POINT('Ctrl Pts',(0.594317957985983,-18.4120560410702,-14.3976129884395));
#1907=CARTESIAN_POINT('Ctrl Pts',(0.652003098656899,-18.4201881445317,-14.4520680956069));
#1908=CARTESIAN_POINT('Ctrl Pts',(0.712655263065063,-18.4283256043895,-14.5031761619527));
#1909=CARTESIAN_POINT('Ctrl Pts',(0.775926170735198,-18.4364855110082,-14.5507929998657));
#1910=CARTESIAN_POINT('Ctrl Pts',(0.839593961547551,-18.444696602753,-14.5987085267173));
#1911=CARTESIAN_POINT('Ctrl Pts',(0.905914307800564,-18.4529304264787,-14.6430894023513));
#1912=CARTESIAN_POINT('Ctrl Pts',(0.974564629001636,-18.4612042930393,-14.6837474583126));
#1913=CARTESIAN_POINT('Ctrl Pts',(1.03626019230228,-18.4686399590231,-14.7202865687109));
#1914=CARTESIAN_POINT('Ctrl Pts',(1.099838424206,-18.4761079656516,-14.753818661044));
#1915=CARTESIAN_POINT('Ctrl Pts',(1.16507858211968,-18.4836207790966,-14.7841738079924));
#1916=CARTESIAN_POINT('Ctrl Pts',(1.23787480742967,-18.4920037211025,-14.8180446658695));
#1917=CARTESIAN_POINT('Ctrl Pts',(1.31233913186813,-18.5003965265702,-14.8477741424093));
#1918=CARTESIAN_POINT('Ctrl Pts',(1.38812407113781,-18.5088151151419,-14.8732144366733));
#1919=CARTESIAN_POINT('Ctrl Pts',(1.43633972459728,-18.5141711628356,-14.8893999799218));
#1920=CARTESIAN_POINT('Ctrl Pts',(1.48509062371206,-18.519537641713,-14.9038485663172));
#1921=CARTESIAN_POINT('Ctrl Pts',(1.5342924799852,-18.5249185955216,-14.9165124676424));
#1922=CARTESIAN_POINT('Ctrl Pts',(1.61163439843967,-18.5333770831112,-14.9364192455123));
#1923=CARTESIAN_POINT('Ctrl Pts',(1.69009050847606,-18.5418713522459,-14.9519188001922));
#1924=CARTESIAN_POINT('Ctrl Pts',(1.76928437279665,-18.5504168809492,-14.9630189932339));
#1925=CARTESIAN_POINT('Ctrl Pts',(1.83962051280492,-18.5580066040733,-14.9728776450196));
#1926=CARTESIAN_POINT('Ctrl Pts',(1.91053928415554,-18.5656367580794,-14.9792653060199));
#1927=CARTESIAN_POINT('Ctrl Pts',(1.98177685255457,-18.5733179922355,-14.9821530096835));
#1928=CARTESIAN_POINT('Ctrl Pts',(2.06168077720727,-18.5819336815276,-14.9853920149042));
#1929=CARTESIAN_POINT('Ctrl Pts',(2.14155062821574,-18.5905668967795,-14.9842110069717));
#1930=CARTESIAN_POINT('Ctrl Pts',(2.22101062425377,-18.5992309082881,-14.978664394373));
#1931=CARTESIAN_POINT('Ctrl Pts',(2.30058905862967,-18.6079078338564,-14.9731095143239));
#1932=CARTESIAN_POINT('Ctrl Pts',(2.37975742956904,-18.616615646411,-14.9631759998835));
#1933=CARTESIAN_POINT('Ctrl Pts',(2.45814217901617,-18.6253673885996,-14.9488669930867));
#1934=CARTESIAN_POINT('Ctrl Pts',(2.50910592873211,-18.6310575464635,-14.9395636445882));
#1935=CARTESIAN_POINT('Ctrl Pts',(2.5597384641425,-18.6367662687578,-14.9284096129778));
#1936=CARTESIAN_POINT('Ctrl Pts',(2.60993491188791,-18.6424970787104,-14.915394106827));
#1937=CARTESIAN_POINT('Ctrl Pts',(2.67643662558467,-18.6500894223888,-14.8981507857846));
#1938=CARTESIAN_POINT('Ctrl Pts',(2.74217362532699,-18.6577205384082,-14.8776409903016));
#1939=CARTESIAN_POINT('Ctrl Pts',(2.8069278931739,-18.6653984952979,-14.8539592746952));
#1940=CARTESIAN_POINT('Ctrl Pts',(2.88179276872928,-18.6742752737124,-14.8265799412434));
#1941=CARTESIAN_POINT('Ctrl Pts',(2.95499838150564,-18.6831737053401,-14.7950887050718));
#1942=CARTESIAN_POINT('Ctrl Pts',(3.02623308476706,-18.6921050108764,-14.7597022194387));
#1943=CARTESIAN_POINT('Ctrl Pts',(3.09758951161444,-18.7010515779424,-14.7242552665092));
#1944=CARTESIAN_POINT('Ctrl Pts',(3.16696918613573,-18.7100311288111,-14.6848992870009));
#1945=CARTESIAN_POINT('Ctrl Pts',(3.2340386325596,-18.7190547976143,-14.6418045023153));
#1946=CARTESIAN_POINT('Ctrl Pts',(3.26730045160074,-18.7235299148968,-14.6204324617475));
#1947=CARTESIAN_POINT('Ctrl Pts',(3.2999936791105,-18.7280158808928,-14.5981401796407));
#1948=CARTESIAN_POINT('Ctrl Pts',(3.33207474874819,-18.7325140434526,-14.5749446136135));
#1949=CARTESIAN_POINT('Ctrl Pts',(3.39669542029368,-18.7415746604649,-14.528221949111));
#1950=CARTESIAN_POINT('Ctrl Pts',(3.45858764884271,-18.7506502387037,-14.4780152611959));
#1951=CARTESIAN_POINT('Ctrl Pts',(3.51743349442598,-18.7597510538615,-14.4245122547084));
#1952=CARTESIAN_POINT('Ctrl Pts',(3.52787197328815,-18.7613654187451,-14.4150215252143));
#1953=CARTESIAN_POINT('Ctrl Pts',(3.53821452352866,-18.7629805777301,-14.4054269616531));
#1954=CARTESIAN_POINT('Ctrl Pts',(3.54845927144298,-18.7645965881888,-14.3957294709732));
#1955=CARTESIAN_POINT('Ctrl Pts',(3.60629364588523,-18.773719404558,-14.3409845117192));
#1956=CARTESIAN_POINT('Ctrl Pts',(3.66101432386873,-18.7828693533038,-14.2829621575056));
#1957=CARTESIAN_POINT('Ctrl Pts',(3.71242658392463,-18.7920567762672,-14.2219827632434));
#1958=CARTESIAN_POINT('Ctrl Pts',(3.72720849825507,-18.7946983193352,-14.2044501322926));
#1959=CARTESIAN_POINT('Ctrl Pts',(3.74171666231376,-18.7973429605493,-14.1866728459392));
#1960=CARTESIAN_POINT('Ctrl Pts',(3.7559457973273,-18.7999909465696,-14.1686580585885));
#1961=CARTESIAN_POINT('Origin',(0.0947553164262743,-14.8,-12.7921450485097));
#1962=CARTESIAN_POINT('Origin',(0.0947553164262743,-14.8,-12.7921450485097));
#1963=CARTESIAN_POINT('Origin',(2.07027435964269,-18.8,-12.8340938159188));
#1964=CARTESIAN_POINT('Origin',(2.07027435964269,-18.8,-12.8340938159188));
#1965=CARTESIAN_POINT('Origin',(2.07027435964269,4.44089209850063E-15,-12.8340938159188));
#1966=CARTESIAN_POINT('Origin',(2.07027435964269,42.0928932188135,-12.8340938159188));
#1967=CARTESIAN_POINT('',(8.73448792201578,41.3857864376269,-12.8340938159188));
#1968=CARTESIAN_POINT('Origin',(2.07027435964269,41.3857864376269,-12.8340938159188));
#1969=CARTESIAN_POINT('',(5.32027435964269,42.8,-12.8340938159188));
#1970=CARTESIAN_POINT('',(7.02738114082923,42.0928932188135,-12.8340938159188));
#1971=CARTESIAN_POINT('Origin',(2.07027435964269,42.8,-12.8340938159188));
#1972=CARTESIAN_POINT('Origin',(2.07027435964269,38.8,-12.8340938159188));
#1973=CARTESIAN_POINT('',(15.3202743596427,34.8,-12.8340938159188));
#1974=CARTESIAN_POINT('',(11.3202743596427,38.8,-12.8340938159188));
#1975=CARTESIAN_POINT('',(-11.1797256403573,34.8,-12.8340938159188));
#1976=CARTESIAN_POINT('Origin',(2.07027435964269,34.8,-12.8340938159188));
#1977=CARTESIAN_POINT('Origin',(2.07027435964269,34.8,-12.8340938159188));
#1978=CARTESIAN_POINT('Origin',(2.07027435964269,42.8,-12.8340938159188));
#1979=CARTESIAN_POINT('Origin',(2.07027435964269,21.4,-12.8340938159188));
#1980=CARTESIAN_POINT('',(-11.1797256403573,4.44089209850063E-15,-12.8340938159188));
#1981=CARTESIAN_POINT('',(-11.1797256403573,21.4,-12.8340938159188));
#1982=CARTESIAN_POINT('Origin',(2.07027435964269,4.44089209850063E-15,-12.8340938159188));
#1983=CARTESIAN_POINT('Origin',(2.07027435964269,4.44089209850063E-15,-12.8340938159188));
#1984=CARTESIAN_POINT('',(-30.7,29.4943392736691,88.3850766731122));
#1985=UNCERTAINTY_MEASURE_WITH_UNIT(LENGTH_MEASURE(0.01),#1991,
'DISTANCE_ACCURACY_VALUE',
'Maximum model space distance between geometric entities at asserted c
onnectivities');
#1986=UNCERTAINTY_MEASURE_WITH_UNIT(LENGTH_MEASURE(0.01),#1991,
'DISTANCE_ACCURACY_VALUE',
'Maximum model space distance between geometric entities at asserted c
onnectivities');
#1987=UNCERTAINTY_MEASURE_WITH_UNIT(LENGTH_MEASURE(0.01),#1991,
'DISTANCE_ACCURACY_VALUE',
'Maximum model space distance between geometric entities at asserted c
onnectivities');
#1988=(
GEOMETRIC_REPRESENTATION_CONTEXT(3)
GLOBAL_UNCERTAINTY_ASSIGNED_CONTEXT((#1985))
GLOBAL_UNIT_ASSIGNED_CONTEXT((#1991,#1993,#1994))
REPRESENTATION_CONTEXT('','3D')
);
#1989=(
GEOMETRIC_REPRESENTATION_CONTEXT(3)
GLOBAL_UNCERTAINTY_ASSIGNED_CONTEXT((#1986))
GLOBAL_UNIT_ASSIGNED_CONTEXT((#1991,#1993,#1994))
REPRESENTATION_CONTEXT('','3D')
);
#1990=(
GEOMETRIC_REPRESENTATION_CONTEXT(3)
GLOBAL_UNCERTAINTY_ASSIGNED_CONTEXT((#1987))
GLOBAL_UNIT_ASSIGNED_CONTEXT((#1991,#1993,#1994))
REPRESENTATION_CONTEXT('','3D')
);
#1991=(
LENGTH_UNIT()
NAMED_UNIT(*)
SI_UNIT(.MILLI.,.METRE.)
);
#1992=(
LENGTH_UNIT()
NAMED_UNIT(*)
SI_UNIT($,.METRE.)
);
#1993=(
NAMED_UNIT(*)
PLANE_ANGLE_UNIT()
SI_UNIT($,.RADIAN.)
);
#1994=(
NAMED_UNIT(*)
SI_UNIT($,.STERADIAN.)
SOLID_ANGLE_UNIT()
);
#1995=SHAPE_DEFINITION_REPRESENTATION(#1997,#2000);
#1996=SHAPE_DEFINITION_REPRESENTATION(#1998,#2001);
#1997=PRODUCT_DEFINITION_SHAPE('',$,#2003);
#1998=PRODUCT_DEFINITION_SHAPE('',$,#2004);
#1999=PRODUCT_DEFINITION_SHAPE($,$,#14);
#2000=SHAPE_REPRESENTATION('',(#241,#265),#1988);
#2001=SHAPE_REPRESENTATION('',(#242),#1989);
#2002=PRODUCT_DEFINITION_CONTEXT('part definition',#2010,'design');
#2003=PRODUCT_DEFINITION('Full Assembly','Full Assembly v36',#2005,#2002);
#2004=PRODUCT_DEFINITION('2026-04-03-12-40-10-724','bolt v1',#2006,#2002);
#2005=PRODUCT_DEFINITION_FORMATION('',$,#2012);
#2006=PRODUCT_DEFINITION_FORMATION('',$,#2013);
#2007=PRODUCT_RELATED_PRODUCT_CATEGORY('Full Assembly v36',
'Full Assembly v36',(#2012));
#2008=PRODUCT_RELATED_PRODUCT_CATEGORY('bolt v1','bolt v1',(#2013));
#2009=APPLICATION_PROTOCOL_DEFINITION('international standard',
'automotive_design',2009,#2010);
#2010=APPLICATION_CONTEXT(
'Core Data for Automotive Mechanical Design Process');
#2011=PRODUCT_CONTEXT('part definition',#2010,'mechanical');
#2012=PRODUCT('Full Assembly','Full Assembly v36',$,(#2011));
#2013=PRODUCT('2026-04-03-12-40-10-724','bolt v1',$,(#2011));
#2014=PRESENTATION_STYLE_ASSIGNMENT((#2023));
#2015=PRESENTATION_STYLE_ASSIGNMENT((#2024));
#2016=PRESENTATION_STYLE_ASSIGNMENT((#2025));
#2017=PRESENTATION_STYLE_ASSIGNMENT((#2026));
#2018=PRESENTATION_STYLE_ASSIGNMENT((#2027));
#2019=PRESENTATION_STYLE_ASSIGNMENT((#2028));
#2020=PRESENTATION_STYLE_ASSIGNMENT((#2029));
#2021=PRESENTATION_STYLE_ASSIGNMENT((#2030));
#2022=PRESENTATION_STYLE_ASSIGNMENT((#2031));
#2023=SURFACE_STYLE_USAGE(.BOTH.,#2032);
#2024=SURFACE_STYLE_USAGE(.BOTH.,#2033);
#2025=SURFACE_STYLE_USAGE(.BOTH.,#2034);
#2026=SURFACE_STYLE_USAGE(.BOTH.,#2035);
#2027=SURFACE_STYLE_USAGE(.BOTH.,#2036);
#2028=SURFACE_STYLE_USAGE(.BOTH.,#2037);
#2029=SURFACE_STYLE_USAGE(.BOTH.,#2038);
#2030=SURFACE_STYLE_USAGE(.BOTH.,#2039);
#2031=SURFACE_STYLE_USAGE(.BOTH.,#2040);
#2032=SURFACE_SIDE_STYLE('',(#2041));
#2033=SURFACE_SIDE_STYLE('',(#2042));
#2034=SURFACE_SIDE_STYLE('',(#2043));
#2035=SURFACE_SIDE_STYLE('',(#2044));
#2036=SURFACE_SIDE_STYLE('',(#2045));
#2037=SURFACE_SIDE_STYLE('',(#2046));
#2038=SURFACE_SIDE_STYLE('',(#2047));
#2039=SURFACE_SIDE_STYLE('',(#2048));
#2040=SURFACE_SIDE_STYLE('',(#2049));
#2041=SURFACE_STYLE_FILL_AREA(#2050);
#2042=SURFACE_STYLE_FILL_AREA(#2051);
#2043=SURFACE_STYLE_FILL_AREA(#2052);
#2044=SURFACE_STYLE_FILL_AREA(#2053);
#2045=SURFACE_STYLE_FILL_AREA(#2054);
#2046=SURFACE_STYLE_FILL_AREA(#2055);
#2047=SURFACE_STYLE_FILL_AREA(#2056);
#2048=SURFACE_STYLE_FILL_AREA(#2057);
#2049=SURFACE_STYLE_FILL_AREA(#2058);
#2050=FILL_AREA_STYLE('ABS (White)',(#2059));
#2051=FILL_AREA_STYLE('Plastic - Glossy (Grey)',(#2060));
#2052=FILL_AREA_STYLE('Steel - Satin',(#2061));
#2053=FILL_AREA_STYLE('Steel - Satin',(#2062));
#2054=FILL_AREA_STYLE('ABS (White)',(#2063));
#2055=FILL_AREA_STYLE('ABS (White)',(#2064));
#2056=FILL_AREA_STYLE('ABS (White)',(#2065));
#2057=FILL_AREA_STYLE('Plastic - Glossy (Grey)',(#2066));
#2058=FILL_AREA_STYLE('ABS (White)',(#2067));
#2059=FILL_AREA_STYLE_COLOUR('ABS (White)',#2068);
#2060=FILL_AREA_STYLE_COLOUR('Plastic - Glossy (Grey)',#2069);
#2061=FILL_AREA_STYLE_COLOUR('Steel - Satin',#2070);
#2062=FILL_AREA_STYLE_COLOUR('Steel - Satin',#2071);
#2063=FILL_AREA_STYLE_COLOUR('ABS (White)',#2072);
#2064=FILL_AREA_STYLE_COLOUR('ABS (White)',#2073);
#2065=FILL_AREA_STYLE_COLOUR('ABS (White)',#2074);
#2066=FILL_AREA_STYLE_COLOUR('Plastic - Glossy (Grey)',#2075);
#2067=FILL_AREA_STYLE_COLOUR('ABS (White)',#2076);
#2068=COLOUR_RGB('ABS (White)',1.,0.364705882352941,0.133333333333333);
#2069=COLOUR_RGB('Plastic - Glossy (Grey)',0.109803921568627,0.101960784313725,
0.101960784313725);
#2070=COLOUR_RGB('Steel - Satin',0.717647058823529,0.713725490196078,0.713725490196078);
#2071=COLOUR_RGB('Steel - Satin',0.627450980392157,0.627450980392157,0.627450980392157);
#2072=COLOUR_RGB('ABS (White)',1.,0.384313725490196,0.);
#2073=COLOUR_RGB('ABS (White)',0.894117647058824,0.443137254901961,0.152941176470588);
#2074=COLOUR_RGB('ABS (White)',0.988235294117647,0.403921568627451,0.0156862745098039);
#2075=COLOUR_RGB('Plastic - Glossy (Grey)',0.925490196078431,0.415686274509804,
0.215686274509804);
#2076=COLOUR_RGB('ABS (White)',0.96078431372549,0.647058823529412,0.145098039215686);
ENDSEC;
END-ISO-10303-21;
