ISO-10303-21;
HEADER;
/* Generated by software containing ST-Developer
 * from STEP Tools, Inc. (www.steptools.com) 
 */

FILE_DESCRIPTION(
/* description */ (''),
/* implementation_level */ '2;1');

FILE_NAME(
/* name */ 'HandleLink.step',
/* time_stamp */ '2026-08-10T20:56:06+08:00',
/* author */ (''),
/* organization */ (''),
/* preprocessor_version */ 'ST-DEVELOPER v20.1',
/* originating_system */ 'Autodesk Translation Framework v15.8.0.0',
/* authorisation */ '');

FILE_SCHEMA (('AUTOMOTIVE_DESIGN { 1 0 10303 214 3 1 1 }'));
ENDSEC;

DATA;
#10=MECHANICAL_DESIGN_GEOMETRIC_PRESENTATION_REPRESENTATION('',(#13,#14,
#15,#16,#17,#18,#19,#20,#21),#5795);
#11=SHAPE_REPRESENTATION_RELATIONSHIP('SRR','None',#5802,#12);
#12=ADVANCED_BREP_SHAPE_REPRESENTATION('',(#22,#23,#24,#25,#26,#27,#28,
#29,#30),#5794);
#13=STYLED_ITEM('',(#5811),#22);
#14=STYLED_ITEM('',(#5811),#23);
#15=STYLED_ITEM('',(#5811),#24);
#16=STYLED_ITEM('',(#5811),#25);
#17=STYLED_ITEM('',(#5811),#26);
#18=STYLED_ITEM('',(#5811),#27);
#19=STYLED_ITEM('',(#5811),#28);
#20=STYLED_ITEM('',(#5811),#29);
#21=STYLED_ITEM('',(#5811),#30);
#22=MANIFOLD_SOLID_BREP('Body1',#3509);
#23=MANIFOLD_SOLID_BREP('Body2',#3510);
#24=MANIFOLD_SOLID_BREP('Body4',#3511);
#25=MANIFOLD_SOLID_BREP('Body5',#3512);
#26=MANIFOLD_SOLID_BREP('Body7',#3513);
#27=MANIFOLD_SOLID_BREP('Body8',#3514);
#28=MANIFOLD_SOLID_BREP('Body9',#3515);
#29=MANIFOLD_SOLID_BREP('Body12',#3516);
#30=MANIFOLD_SOLID_BREP('Body13',#3517);
#31=B_SPLINE_CURVE_WITH_KNOTS('',3,(#5046,#5047,#5048,#5049,#5050,#5051,
#5052,#5053,#5054,#5055),.UNSPECIFIED.,.F.,.F.,(4,3,3,4),(0.,0.0698283605761452,
0.116380600960242,0.162932841344339),.UNSPECIFIED.);
#32=B_SPLINE_CURVE_WITH_KNOTS('',3,(#5057,#5058,#5059,#5060),
 .UNSPECIFIED.,.F.,.F.,(4,4),(-0.3,0.3),.UNSPECIFIED.);
#33=B_SPLINE_CURVE_WITH_KNOTS('',3,(#5062,#5063,#5064,#5065,#5066,#5067,
#5068,#5069,#5070,#5071),.UNSPECIFIED.,.F.,.F.,(4,3,3,4),(0.,0.0465522403841488,
0.0931044807682976,0.162932841344521),.UNSPECIFIED.);
#34=B_SPLINE_CURVE_WITH_KNOTS('',3,(#5072,#5073,#5074,#5075),
 .UNSPECIFIED.,.F.,.F.,(4,4),(-0.3,0.3),.UNSPECIFIED.);
#35=B_SPLINE_CURVE_WITH_KNOTS('',3,(#5410,#5411,#5412,#5413,#5414,#5415,
#5416,#5417,#5418,#5419),.UNSPECIFIED.,.F.,.F.,(4,3,3,4),(0.,0.0698283605761452,
0.116380600960242,0.162932841344339),.UNSPECIFIED.);
#36=B_SPLINE_CURVE_WITH_KNOTS('',3,(#5421,#5422,#5423,#5424),
 .UNSPECIFIED.,.F.,.F.,(4,4),(-0.3,0.3),.UNSPECIFIED.);
#37=B_SPLINE_CURVE_WITH_KNOTS('',3,(#5426,#5427,#5428,#5429,#5430,#5431,
#5432,#5433,#5434,#5435),.UNSPECIFIED.,.F.,.F.,(4,3,3,4),(0.,0.0465522403841488,
0.0931044807682976,0.162932841344521),.UNSPECIFIED.);
#38=B_SPLINE_CURVE_WITH_KNOTS('',3,(#5436,#5437,#5438,#5439),
 .UNSPECIFIED.,.F.,.F.,(4,4),(-0.3,0.3),.UNSPECIFIED.);
#39=B_SPLINE_SURFACE_WITH_KNOTS('',3,3,((#5020,#5021,#5022,#5023),(#5024,
#5025,#5026,#5027),(#5028,#5029,#5030,#5031),(#5032,#5033,#5034,#5035),
(#5036,#5037,#5038,#5039),(#5040,#5041,#5042,#5043)),.UNSPECIFIED.,.F.,
 .F.,.F.,(4,1,1,4),(4,4),(0.,0.285714285714286,0.571428571428571,1.),(-0.3,
0.3),.UNSPECIFIED.);
#40=B_SPLINE_SURFACE_WITH_KNOTS('',3,3,((#5384,#5385,#5386,#5387),(#5388,
#5389,#5390,#5391),(#5392,#5393,#5394,#5395),(#5396,#5397,#5398,#5399),
(#5400,#5401,#5402,#5403),(#5404,#5405,#5406,#5407)),.UNSPECIFIED.,.F.,
 .F.,.F.,(4,1,1,4),(4,4),(0.,0.285714285714286,0.571428571428571,1.),(-0.3,
0.3),.UNSPECIFIED.);
#41=ELLIPSE('',#3552,11.5,2.);
#42=ELLIPSE('',#3553,11.5,2.);
#43=(
BOUNDED_SURFACE()
B_SPLINE_SURFACE(1,2,((#4811,#4812,#4813,#4814,#4815),(#4816,#4817,#4818,
#4819,#4820)),.UNSPECIFIED.,.F.,.F.,.F.)
B_SPLINE_SURFACE_WITH_KNOTS((2,2),(3,2,3),(0.,0.869565217391304),(-3.14159265358979,
-1.5707963267949,0.),.UNSPECIFIED.)
GEOMETRIC_REPRESENTATION_ITEM()
RATIONAL_B_SPLINE_SURFACE(((1.,0.707106781186548,1.,0.707106781186548,1.),
(1.,0.707106781186548,1.,0.707106781186548,1.)))
REPRESENTATION_ITEM('')
SURFACE()
);
#44=FACE_BOUND('',#415,.T.);
#45=FACE_BOUND('',#420,.T.);
#46=FACE_BOUND('',#443,.T.);
#47=FACE_BOUND('',#445,.T.);
#48=FACE_BOUND('',#446,.T.);
#49=FACE_BOUND('',#505,.T.);
#50=FACE_BOUND('',#507,.T.);
#51=FACE_BOUND('',#508,.T.);
#52=FACE_BOUND('',#509,.T.);
#53=PLANE('',#3534);
#54=PLANE('',#3538);
#55=PLANE('',#3539);
#56=PLANE('',#3543);
#57=PLANE('',#3544);
#58=PLANE('',#3545);
#59=PLANE('',#3546);
#60=PLANE('',#3547);
#61=PLANE('',#3548);
#62=PLANE('',#3549);
#63=PLANE('',#3550);
#64=PLANE('',#3551);
#65=PLANE('',#3554);
#66=PLANE('',#3555);
#67=PLANE('',#3556);
#68=PLANE('',#3557);
#69=PLANE('',#3558);
#70=PLANE('',#3559);
#71=PLANE('',#3560);
#72=PLANE('',#3561);
#73=PLANE('',#3562);
#74=PLANE('',#3563);
#75=PLANE('',#3564);
#76=PLANE('',#3568);
#77=PLANE('',#3572);
#78=PLANE('',#3576);
#79=PLANE('',#3580);
#80=PLANE('',#3581);
#81=PLANE('',#3586);
#82=PLANE('',#3587);
#83=PLANE('',#3588);
#84=PLANE('',#3589);
#85=PLANE('',#3590);
#86=PLANE('',#3591);
#87=PLANE('',#3592);
#88=PLANE('',#3598);
#89=PLANE('',#3599);
#90=PLANE('',#3600);
#91=PLANE('',#3603);
#92=PLANE('',#3606);
#93=PLANE('',#3607);
#94=PLANE('',#3608);
#95=PLANE('',#3609);
#96=PLANE('',#3610);
#97=PLANE('',#3611);
#98=PLANE('',#3612);
#99=PLANE('',#3613);
#100=PLANE('',#3614);
#101=PLANE('',#3615);
#102=PLANE('',#3616);
#103=PLANE('',#3617);
#104=PLANE('',#3618);
#105=PLANE('',#3619);
#106=PLANE('',#3620);
#107=PLANE('',#3621);
#108=PLANE('',#3622);
#109=PLANE('',#3623);
#110=PLANE('',#3624);
#111=PLANE('',#3625);
#112=PLANE('',#3626);
#113=PLANE('',#3627);
#114=PLANE('',#3628);
#115=PLANE('',#3629);
#116=PLANE('',#3630);
#117=PLANE('',#3631);
#118=PLANE('',#3632);
#119=PLANE('',#3633);
#120=PLANE('',#3634);
#121=PLANE('',#3635);
#122=PLANE('',#3636);
#123=PLANE('',#3637);
#124=PLANE('',#3638);
#125=PLANE('',#3639);
#126=PLANE('',#3643);
#127=PLANE('',#3647);
#128=PLANE('',#3651);
#129=PLANE('',#3655);
#130=PLANE('',#3656);
#131=PLANE('',#3661);
#132=PLANE('',#3662);
#133=PLANE('',#3663);
#134=PLANE('',#3664);
#135=PLANE('',#3665);
#136=PLANE('',#3666);
#137=PLANE('',#3667);
#138=PLANE('',#3673);
#139=PLANE('',#3674);
#140=PLANE('',#3675);
#141=PLANE('',#3678);
#142=PLANE('',#3681);
#143=PLANE('',#3682);
#144=PLANE('',#3683);
#145=PLANE('',#3684);
#146=PLANE('',#3685);
#147=PLANE('',#3686);
#148=PLANE('',#3687);
#149=PLANE('',#3688);
#150=PLANE('',#3689);
#151=PLANE('',#3690);
#152=PLANE('',#3691);
#153=PLANE('',#3692);
#154=PLANE('',#3693);
#155=PLANE('',#3694);
#156=PLANE('',#3695);
#157=PLANE('',#3696);
#158=PLANE('',#3697);
#159=PLANE('',#3698);
#160=PLANE('',#3699);
#161=PLANE('',#3700);
#162=PLANE('',#3701);
#163=PLANE('',#3702);
#164=PLANE('',#3703);
#165=PLANE('',#3704);
#166=PLANE('',#3705);
#167=PLANE('',#3706);
#168=PLANE('',#3707);
#169=PLANE('',#3708);
#170=PLANE('',#3709);
#171=PLANE('',#3710);
#172=PLANE('',#3711);
#173=PLANE('',#3712);
#174=PLANE('',#3713);
#175=PLANE('',#3714);
#176=PLANE('',#3715);
#177=PLANE('',#3716);
#178=PLANE('',#3720);
#179=PLANE('',#3721);
#180=PLANE('',#3722);
#181=PLANE('',#3723);
#182=PLANE('',#3724);
#183=PLANE('',#3725);
#184=PLANE('',#3726);
#185=PLANE('',#3727);
#186=PLANE('',#3728);
#187=PLANE('',#3732);
#188=PLANE('',#3733);
#189=PLANE('',#3734);
#190=PLANE('',#3738);
#191=PLANE('',#3739);
#192=PLANE('',#3740);
#193=PLANE('',#3741);
#194=PLANE('',#3745);
#195=PLANE('',#3746);
#196=PLANE('',#3747);
#197=PLANE('',#3748);
#198=PLANE('',#3749);
#199=PLANE('',#3750);
#200=PLANE('',#3751);
#201=PLANE('',#3755);
#202=PLANE('',#3756);
#203=PLANE('',#3757);
#204=PLANE('',#3761);
#205=PLANE('',#3762);
#206=PLANE('',#3763);
#207=PLANE('',#3764);
#208=PLANE('',#3765);
#209=PLANE('',#3766);
#210=PLANE('',#3767);
#211=PLANE('',#3768);
#212=PLANE('',#3769);
#213=PLANE('',#3773);
#214=PLANE('',#3774);
#215=FACE_OUTER_BOUND('',#406,.T.);
#216=FACE_OUTER_BOUND('',#407,.T.);
#217=FACE_OUTER_BOUND('',#408,.T.);
#218=FACE_OUTER_BOUND('',#409,.T.);
#219=FACE_OUTER_BOUND('',#410,.T.);
#220=FACE_OUTER_BOUND('',#411,.T.);
#221=FACE_OUTER_BOUND('',#412,.T.);
#222=FACE_OUTER_BOUND('',#413,.T.);
#223=FACE_OUTER_BOUND('',#414,.T.);
#224=FACE_OUTER_BOUND('',#416,.T.);
#225=FACE_OUTER_BOUND('',#417,.T.);
#226=FACE_OUTER_BOUND('',#418,.T.);
#227=FACE_OUTER_BOUND('',#419,.T.);
#228=FACE_OUTER_BOUND('',#421,.T.);
#229=FACE_OUTER_BOUND('',#422,.T.);
#230=FACE_OUTER_BOUND('',#423,.T.);
#231=FACE_OUTER_BOUND('',#424,.T.);
#232=FACE_OUTER_BOUND('',#425,.T.);
#233=FACE_OUTER_BOUND('',#426,.T.);
#234=FACE_OUTER_BOUND('',#427,.T.);
#235=FACE_OUTER_BOUND('',#428,.T.);
#236=FACE_OUTER_BOUND('',#429,.T.);
#237=FACE_OUTER_BOUND('',#430,.T.);
#238=FACE_OUTER_BOUND('',#431,.T.);
#239=FACE_OUTER_BOUND('',#432,.T.);
#240=FACE_OUTER_BOUND('',#433,.T.);
#241=FACE_OUTER_BOUND('',#434,.T.);
#242=FACE_OUTER_BOUND('',#435,.T.);
#243=FACE_OUTER_BOUND('',#436,.T.);
#244=FACE_OUTER_BOUND('',#437,.T.);
#245=FACE_OUTER_BOUND('',#438,.T.);
#246=FACE_OUTER_BOUND('',#439,.T.);
#247=FACE_OUTER_BOUND('',#440,.T.);
#248=FACE_OUTER_BOUND('',#441,.T.);
#249=FACE_OUTER_BOUND('',#442,.T.);
#250=FACE_OUTER_BOUND('',#444,.T.);
#251=FACE_OUTER_BOUND('',#447,.T.);
#252=FACE_OUTER_BOUND('',#448,.T.);
#253=FACE_OUTER_BOUND('',#449,.T.);
#254=FACE_OUTER_BOUND('',#450,.T.);
#255=FACE_OUTER_BOUND('',#451,.T.);
#256=FACE_OUTER_BOUND('',#452,.T.);
#257=FACE_OUTER_BOUND('',#453,.T.);
#258=FACE_OUTER_BOUND('',#454,.T.);
#259=FACE_OUTER_BOUND('',#455,.T.);
#260=FACE_OUTER_BOUND('',#456,.T.);
#261=FACE_OUTER_BOUND('',#457,.T.);
#262=FACE_OUTER_BOUND('',#458,.T.);
#263=FACE_OUTER_BOUND('',#459,.T.);
#264=FACE_OUTER_BOUND('',#460,.T.);
#265=FACE_OUTER_BOUND('',#461,.T.);
#266=FACE_OUTER_BOUND('',#462,.T.);
#267=FACE_OUTER_BOUND('',#463,.T.);
#268=FACE_OUTER_BOUND('',#464,.T.);
#269=FACE_OUTER_BOUND('',#465,.T.);
#270=FACE_OUTER_BOUND('',#466,.T.);
#271=FACE_OUTER_BOUND('',#467,.T.);
#272=FACE_OUTER_BOUND('',#468,.T.);
#273=FACE_OUTER_BOUND('',#469,.T.);
#274=FACE_OUTER_BOUND('',#470,.T.);
#275=FACE_OUTER_BOUND('',#471,.T.);
#276=FACE_OUTER_BOUND('',#472,.T.);
#277=FACE_OUTER_BOUND('',#473,.T.);
#278=FACE_OUTER_BOUND('',#474,.T.);
#279=FACE_OUTER_BOUND('',#475,.T.);
#280=FACE_OUTER_BOUND('',#476,.T.);
#281=FACE_OUTER_BOUND('',#477,.T.);
#282=FACE_OUTER_BOUND('',#478,.T.);
#283=FACE_OUTER_BOUND('',#479,.T.);
#284=FACE_OUTER_BOUND('',#480,.T.);
#285=FACE_OUTER_BOUND('',#481,.T.);
#286=FACE_OUTER_BOUND('',#482,.T.);
#287=FACE_OUTER_BOUND('',#483,.T.);
#288=FACE_OUTER_BOUND('',#484,.T.);
#289=FACE_OUTER_BOUND('',#485,.T.);
#290=FACE_OUTER_BOUND('',#486,.T.);
#291=FACE_OUTER_BOUND('',#487,.T.);
#292=FACE_OUTER_BOUND('',#488,.T.);
#293=FACE_OUTER_BOUND('',#489,.T.);
#294=FACE_OUTER_BOUND('',#490,.T.);
#295=FACE_OUTER_BOUND('',#491,.T.);
#296=FACE_OUTER_BOUND('',#492,.T.);
#297=FACE_OUTER_BOUND('',#493,.T.);
#298=FACE_OUTER_BOUND('',#494,.T.);
#299=FACE_OUTER_BOUND('',#495,.T.);
#300=FACE_OUTER_BOUND('',#496,.T.);
#301=FACE_OUTER_BOUND('',#497,.T.);
#302=FACE_OUTER_BOUND('',#498,.T.);
#303=FACE_OUTER_BOUND('',#499,.T.);
#304=FACE_OUTER_BOUND('',#500,.T.);
#305=FACE_OUTER_BOUND('',#501,.T.);
#306=FACE_OUTER_BOUND('',#502,.T.);
#307=FACE_OUTER_BOUND('',#503,.T.);
#308=FACE_OUTER_BOUND('',#504,.T.);
#309=FACE_OUTER_BOUND('',#506,.T.);
#310=FACE_OUTER_BOUND('',#510,.T.);
#311=FACE_OUTER_BOUND('',#511,.T.);
#312=FACE_OUTER_BOUND('',#512,.T.);
#313=FACE_OUTER_BOUND('',#513,.T.);
#314=FACE_OUTER_BOUND('',#514,.T.);
#315=FACE_OUTER_BOUND('',#515,.T.);
#316=FACE_OUTER_BOUND('',#516,.T.);
#317=FACE_OUTER_BOUND('',#517,.T.);
#318=FACE_OUTER_BOUND('',#518,.T.);
#319=FACE_OUTER_BOUND('',#519,.T.);
#320=FACE_OUTER_BOUND('',#520,.T.);
#321=FACE_OUTER_BOUND('',#521,.T.);
#322=FACE_OUTER_BOUND('',#522,.T.);
#323=FACE_OUTER_BOUND('',#523,.T.);
#324=FACE_OUTER_BOUND('',#524,.T.);
#325=FACE_OUTER_BOUND('',#525,.T.);
#326=FACE_OUTER_BOUND('',#526,.T.);
#327=FACE_OUTER_BOUND('',#527,.T.);
#328=FACE_OUTER_BOUND('',#528,.T.);
#329=FACE_OUTER_BOUND('',#529,.T.);
#330=FACE_OUTER_BOUND('',#530,.T.);
#331=FACE_OUTER_BOUND('',#531,.T.);
#332=FACE_OUTER_BOUND('',#532,.T.);
#333=FACE_OUTER_BOUND('',#533,.T.);
#334=FACE_OUTER_BOUND('',#534,.T.);
#335=FACE_OUTER_BOUND('',#535,.T.);
#336=FACE_OUTER_BOUND('',#536,.T.);
#337=FACE_OUTER_BOUND('',#537,.T.);
#338=FACE_OUTER_BOUND('',#538,.T.);
#339=FACE_OUTER_BOUND('',#539,.T.);
#340=FACE_OUTER_BOUND('',#540,.T.);
#341=FACE_OUTER_BOUND('',#541,.T.);
#342=FACE_OUTER_BOUND('',#542,.T.);
#343=FACE_OUTER_BOUND('',#543,.T.);
#344=FACE_OUTER_BOUND('',#544,.T.);
#345=FACE_OUTER_BOUND('',#545,.T.);
#346=FACE_OUTER_BOUND('',#546,.T.);
#347=FACE_OUTER_BOUND('',#547,.T.);
#348=FACE_OUTER_BOUND('',#548,.T.);
#349=FACE_OUTER_BOUND('',#549,.T.);
#350=FACE_OUTER_BOUND('',#550,.T.);
#351=FACE_OUTER_BOUND('',#551,.T.);
#352=FACE_OUTER_BOUND('',#552,.T.);
#353=FACE_OUTER_BOUND('',#553,.T.);
#354=FACE_OUTER_BOUND('',#554,.T.);
#355=FACE_OUTER_BOUND('',#555,.T.);
#356=FACE_OUTER_BOUND('',#556,.T.);
#357=FACE_OUTER_BOUND('',#557,.T.);
#358=FACE_OUTER_BOUND('',#558,.T.);
#359=FACE_OUTER_BOUND('',#559,.T.);
#360=FACE_OUTER_BOUND('',#560,.T.);
#361=FACE_OUTER_BOUND('',#561,.T.);
#362=FACE_OUTER_BOUND('',#562,.T.);
#363=FACE_OUTER_BOUND('',#563,.T.);
#364=FACE_OUTER_BOUND('',#564,.T.);
#365=FACE_OUTER_BOUND('',#565,.T.);
#366=FACE_OUTER_BOUND('',#566,.T.);
#367=FACE_OUTER_BOUND('',#567,.T.);
#368=FACE_OUTER_BOUND('',#568,.T.);
#369=FACE_OUTER_BOUND('',#569,.T.);
#370=FACE_OUTER_BOUND('',#570,.T.);
#371=FACE_OUTER_BOUND('',#571,.T.);
#372=FACE_OUTER_BOUND('',#572,.T.);
#373=FACE_OUTER_BOUND('',#573,.T.);
#374=FACE_OUTER_BOUND('',#574,.T.);
#375=FACE_OUTER_BOUND('',#575,.T.);
#376=FACE_OUTER_BOUND('',#576,.T.);
#377=FACE_OUTER_BOUND('',#577,.T.);
#378=FACE_OUTER_BOUND('',#578,.T.);
#379=FACE_OUTER_BOUND('',#579,.T.);
#380=FACE_OUTER_BOUND('',#580,.T.);
#381=FACE_OUTER_BOUND('',#581,.T.);
#382=FACE_OUTER_BOUND('',#582,.T.);
#383=FACE_OUTER_BOUND('',#583,.T.);
#384=FACE_OUTER_BOUND('',#584,.T.);
#385=FACE_OUTER_BOUND('',#585,.T.);
#386=FACE_OUTER_BOUND('',#586,.T.);
#387=FACE_OUTER_BOUND('',#587,.T.);
#388=FACE_OUTER_BOUND('',#588,.T.);
#389=FACE_OUTER_BOUND('',#589,.T.);
#390=FACE_OUTER_BOUND('',#590,.T.);
#391=FACE_OUTER_BOUND('',#591,.T.);
#392=FACE_OUTER_BOUND('',#592,.T.);
#393=FACE_OUTER_BOUND('',#593,.T.);
#394=FACE_OUTER_BOUND('',#594,.T.);
#395=FACE_OUTER_BOUND('',#595,.T.);
#396=FACE_OUTER_BOUND('',#596,.T.);
#397=FACE_OUTER_BOUND('',#597,.T.);
#398=FACE_OUTER_BOUND('',#598,.T.);
#399=FACE_OUTER_BOUND('',#599,.T.);
#400=FACE_OUTER_BOUND('',#600,.T.);
#401=FACE_OUTER_BOUND('',#601,.T.);
#402=FACE_OUTER_BOUND('',#602,.T.);
#403=FACE_OUTER_BOUND('',#603,.T.);
#404=FACE_OUTER_BOUND('',#604,.T.);
#405=FACE_OUTER_BOUND('',#605,.T.);
#406=EDGE_LOOP('',(#2316,#2317,#2318,#2319));
#407=EDGE_LOOP('',(#2320));
#408=EDGE_LOOP('',(#2321,#2322,#2323,#2324));
#409=EDGE_LOOP('',(#2325));
#410=EDGE_LOOP('',(#2326,#2327,#2328,#2329));
#411=EDGE_LOOP('',(#2330,#2331,#2332,#2333));
#412=EDGE_LOOP('',(#2334,#2335,#2336,#2337));
#413=EDGE_LOOP('',(#2338,#2339,#2340,#2341));
#414=EDGE_LOOP('',(#2342,#2343,#2344,#2345,#2346,#2347,#2348,#2349,#2350,
#2351,#2352,#2353,#2354,#2355,#2356,#2357,#2358,#2359,#2360,#2361,#2362,
#2363,#2364,#2365));
#415=EDGE_LOOP('',(#2366,#2367,#2368,#2369));
#416=EDGE_LOOP('',(#2370,#2371,#2372,#2373));
#417=EDGE_LOOP('',(#2374,#2375,#2376,#2377));
#418=EDGE_LOOP('',(#2378,#2379,#2380,#2381));
#419=EDGE_LOOP('',(#2382,#2383,#2384,#2385));
#420=EDGE_LOOP('',(#2386,#2387,#2388,#2389));
#421=EDGE_LOOP('',(#2390,#2391,#2392,#2393));
#422=EDGE_LOOP('',(#2394,#2395,#2396,#2397));
#423=EDGE_LOOP('',(#2398,#2399,#2400,#2401));
#424=EDGE_LOOP('',(#2402,#2403,#2404,#2405));
#425=EDGE_LOOP('',(#2406,#2407,#2408,#2409,#2410,#2411,#2412,#2413));
#426=EDGE_LOOP('',(#2414,#2415,#2416,#2417));
#427=EDGE_LOOP('',(#2418,#2419,#2420,#2421,#2422,#2423,#2424,#2425));
#428=EDGE_LOOP('',(#2426,#2427,#2428,#2429));
#429=EDGE_LOOP('',(#2430,#2431,#2432,#2433));
#430=EDGE_LOOP('',(#2434,#2435,#2436,#2437));
#431=EDGE_LOOP('',(#2438,#2439,#2440,#2441));
#432=EDGE_LOOP('',(#2442,#2443,#2444,#2445));
#433=EDGE_LOOP('',(#2446,#2447,#2448,#2449));
#434=EDGE_LOOP('',(#2450,#2451,#2452,#2453));
#435=EDGE_LOOP('',(#2454,#2455,#2456,#2457));
#436=EDGE_LOOP('',(#2458,#2459,#2460,#2461));
#437=EDGE_LOOP('',(#2462,#2463,#2464,#2465));
#438=EDGE_LOOP('',(#2466,#2467,#2468,#2469));
#439=EDGE_LOOP('',(#2470,#2471,#2472,#2473));
#440=EDGE_LOOP('',(#2474,#2475,#2476,#2477));
#441=EDGE_LOOP('',(#2478,#2479,#2480,#2481));
#442=EDGE_LOOP('',(#2482,#2483,#2484,#2485,#2486,#2487,#2488,#2489));
#443=EDGE_LOOP('',(#2490,#2491,#2492,#2493));
#444=EDGE_LOOP('',(#2494,#2495,#2496,#2497,#2498,#2499,#2500,#2501,#2502,
#2503,#2504,#2505,#2506,#2507));
#445=EDGE_LOOP('',(#2508));
#446=EDGE_LOOP('',(#2509,#2510,#2511,#2512,#2513,#2514,#2515,#2516));
#447=EDGE_LOOP('',(#2517,#2518,#2519,#2520,#2521,#2522,#2523));
#448=EDGE_LOOP('',(#2524));
#449=EDGE_LOOP('',(#2525,#2526,#2527,#2528));
#450=EDGE_LOOP('',(#2529,#2530,#2531,#2532,#2533,#2534,#2535,#2536,#2537,
#2538,#2539));
#451=EDGE_LOOP('',(#2540,#2541,#2542,#2543));
#452=EDGE_LOOP('',(#2544,#2545,#2546,#2547));
#453=EDGE_LOOP('',(#2548,#2549,#2550,#2551));
#454=EDGE_LOOP('',(#2552,#2553,#2554,#2555,#2556,#2557,#2558,#2559,#2560,
#2561,#2562,#2563,#2564,#2565,#2566,#2567));
#455=EDGE_LOOP('',(#2568,#2569,#2570,#2571));
#456=EDGE_LOOP('',(#2572,#2573,#2574,#2575));
#457=EDGE_LOOP('',(#2576,#2577,#2578,#2579));
#458=EDGE_LOOP('',(#2580,#2581,#2582,#2583));
#459=EDGE_LOOP('',(#2584,#2585,#2586,#2587,#2588,#2589,#2590,#2591,#2592,
#2593,#2594,#2595,#2596,#2597));
#460=EDGE_LOOP('',(#2598,#2599,#2600,#2601));
#461=EDGE_LOOP('',(#2602,#2603,#2604,#2605));
#462=EDGE_LOOP('',(#2606,#2607,#2608,#2609));
#463=EDGE_LOOP('',(#2610,#2611,#2612,#2613,#2614,#2615,#2616,#2617,#2618,
#2619));
#464=EDGE_LOOP('',(#2620,#2621,#2622,#2623));
#465=EDGE_LOOP('',(#2624,#2625,#2626,#2627));
#466=EDGE_LOOP('',(#2628,#2629,#2630,#2631));
#467=EDGE_LOOP('',(#2632,#2633,#2634,#2635));
#468=EDGE_LOOP('',(#2636,#2637,#2638,#2639));
#469=EDGE_LOOP('',(#2640,#2641,#2642,#2643));
#470=EDGE_LOOP('',(#2644,#2645,#2646,#2647));
#471=EDGE_LOOP('',(#2648,#2649,#2650,#2651));
#472=EDGE_LOOP('',(#2652,#2653,#2654,#2655,#2656,#2657,#2658,#2659,#2660,
#2661,#2662,#2663));
#473=EDGE_LOOP('',(#2664,#2665,#2666,#2667));
#474=EDGE_LOOP('',(#2668,#2669,#2670,#2671));
#475=EDGE_LOOP('',(#2672,#2673,#2674,#2675));
#476=EDGE_LOOP('',(#2676,#2677,#2678,#2679,#2680));
#477=EDGE_LOOP('',(#2681,#2682,#2683,#2684));
#478=EDGE_LOOP('',(#2685,#2686,#2687,#2688,#2689,#2690,#2691,#2692,#2693));
#479=EDGE_LOOP('',(#2694,#2695,#2696,#2697));
#480=EDGE_LOOP('',(#2698,#2699,#2700,#2701));
#481=EDGE_LOOP('',(#2702,#2703,#2704,#2705));
#482=EDGE_LOOP('',(#2706,#2707,#2708,#2709,#2710,#2711,#2712,#2713,#2714,
#2715));
#483=EDGE_LOOP('',(#2716,#2717,#2718,#2719));
#484=EDGE_LOOP('',(#2720,#2721,#2722,#2723,#2724,#2725));
#485=EDGE_LOOP('',(#2726,#2727,#2728,#2729));
#486=EDGE_LOOP('',(#2730,#2731,#2732,#2733));
#487=EDGE_LOOP('',(#2734,#2735,#2736,#2737));
#488=EDGE_LOOP('',(#2738,#2739,#2740,#2741));
#489=EDGE_LOOP('',(#2742,#2743,#2744,#2745,#2746,#2747));
#490=EDGE_LOOP('',(#2748,#2749,#2750,#2751,#2752,#2753));
#491=EDGE_LOOP('',(#2754,#2755,#2756,#2757));
#492=EDGE_LOOP('',(#2758,#2759,#2760,#2761));
#493=EDGE_LOOP('',(#2762,#2763,#2764,#2765));
#494=EDGE_LOOP('',(#2766,#2767,#2768,#2769));
#495=EDGE_LOOP('',(#2770,#2771,#2772,#2773));
#496=EDGE_LOOP('',(#2774,#2775,#2776,#2777));
#497=EDGE_LOOP('',(#2778,#2779,#2780,#2781));
#498=EDGE_LOOP('',(#2782,#2783,#2784,#2785));
#499=EDGE_LOOP('',(#2786,#2787,#2788,#2789));
#500=EDGE_LOOP('',(#2790,#2791,#2792,#2793));
#501=EDGE_LOOP('',(#2794,#2795,#2796,#2797));
#502=EDGE_LOOP('',(#2798,#2799,#2800,#2801));
#503=EDGE_LOOP('',(#2802,#2803,#2804,#2805));
#504=EDGE_LOOP('',(#2806,#2807,#2808,#2809,#2810,#2811,#2812,#2813));
#505=EDGE_LOOP('',(#2814,#2815,#2816,#2817));
#506=EDGE_LOOP('',(#2818,#2819,#2820,#2821,#2822,#2823,#2824,#2825,#2826,
#2827,#2828,#2829,#2830,#2831));
#507=EDGE_LOOP('',(#2832));
#508=EDGE_LOOP('',(#2833,#2834,#2835,#2836));
#509=EDGE_LOOP('',(#2837,#2838,#2839,#2840,#2841,#2842,#2843,#2844));
#510=EDGE_LOOP('',(#2845,#2846,#2847,#2848,#2849,#2850,#2851));
#511=EDGE_LOOP('',(#2852));
#512=EDGE_LOOP('',(#2853,#2854,#2855,#2856));
#513=EDGE_LOOP('',(#2857,#2858,#2859,#2860,#2861,#2862,#2863,#2864,#2865,
#2866,#2867));
#514=EDGE_LOOP('',(#2868,#2869,#2870,#2871));
#515=EDGE_LOOP('',(#2872,#2873,#2874,#2875));
#516=EDGE_LOOP('',(#2876,#2877,#2878,#2879));
#517=EDGE_LOOP('',(#2880,#2881,#2882,#2883,#2884,#2885,#2886,#2887,#2888,
#2889,#2890,#2891,#2892,#2893,#2894,#2895));
#518=EDGE_LOOP('',(#2896,#2897,#2898,#2899));
#519=EDGE_LOOP('',(#2900,#2901,#2902,#2903));
#520=EDGE_LOOP('',(#2904,#2905,#2906,#2907));
#521=EDGE_LOOP('',(#2908,#2909,#2910,#2911));
#522=EDGE_LOOP('',(#2912,#2913,#2914,#2915,#2916,#2917,#2918,#2919,#2920,
#2921,#2922,#2923,#2924,#2925));
#523=EDGE_LOOP('',(#2926,#2927,#2928,#2929));
#524=EDGE_LOOP('',(#2930,#2931,#2932,#2933));
#525=EDGE_LOOP('',(#2934,#2935,#2936,#2937));
#526=EDGE_LOOP('',(#2938,#2939,#2940,#2941,#2942,#2943,#2944,#2945,#2946,
#2947));
#527=EDGE_LOOP('',(#2948,#2949,#2950,#2951));
#528=EDGE_LOOP('',(#2952,#2953,#2954,#2955));
#529=EDGE_LOOP('',(#2956,#2957,#2958,#2959));
#530=EDGE_LOOP('',(#2960,#2961,#2962,#2963,#2964,#2965,#2966,#2967));
#531=EDGE_LOOP('',(#2968,#2969,#2970,#2971));
#532=EDGE_LOOP('',(#2972,#2973,#2974,#2975));
#533=EDGE_LOOP('',(#2976,#2977,#2978,#2979));
#534=EDGE_LOOP('',(#2980,#2981,#2982,#2983));
#535=EDGE_LOOP('',(#2984,#2985,#2986,#2987));
#536=EDGE_LOOP('',(#2988,#2989,#2990,#2991,#2992,#2993,#2994,#2995,#2996,
#2997,#2998,#2999));
#537=EDGE_LOOP('',(#3000,#3001,#3002,#3003));
#538=EDGE_LOOP('',(#3004,#3005,#3006,#3007));
#539=EDGE_LOOP('',(#3008,#3009,#3010,#3011));
#540=EDGE_LOOP('',(#3012,#3013,#3014,#3015,#3016));
#541=EDGE_LOOP('',(#3017,#3018,#3019,#3020));
#542=EDGE_LOOP('',(#3021,#3022,#3023,#3024,#3025,#3026,#3027,#3028,#3029));
#543=EDGE_LOOP('',(#3030,#3031,#3032,#3033));
#544=EDGE_LOOP('',(#3034,#3035,#3036,#3037));
#545=EDGE_LOOP('',(#3038,#3039,#3040,#3041));
#546=EDGE_LOOP('',(#3042,#3043,#3044,#3045,#3046,#3047,#3048,#3049,#3050,
#3051));
#547=EDGE_LOOP('',(#3052,#3053,#3054,#3055));
#548=EDGE_LOOP('',(#3056,#3057,#3058,#3059,#3060,#3061));
#549=EDGE_LOOP('',(#3062,#3063,#3064,#3065));
#550=EDGE_LOOP('',(#3066,#3067,#3068,#3069));
#551=EDGE_LOOP('',(#3070,#3071,#3072,#3073));
#552=EDGE_LOOP('',(#3074,#3075,#3076,#3077));
#553=EDGE_LOOP('',(#3078,#3079,#3080,#3081));
#554=EDGE_LOOP('',(#3082,#3083,#3084,#3085,#3086,#3087));
#555=EDGE_LOOP('',(#3088,#3089,#3090,#3091,#3092,#3093));
#556=EDGE_LOOP('',(#3094,#3095,#3096,#3097,#3098,#3099,#3100,#3101,#3102,
#3103));
#557=EDGE_LOOP('',(#3104,#3105,#3106,#3107));
#558=EDGE_LOOP('',(#3108,#3109,#3110,#3111));
#559=EDGE_LOOP('',(#3112,#3113,#3114,#3115));
#560=EDGE_LOOP('',(#3116,#3117,#3118,#3119));
#561=EDGE_LOOP('',(#3120,#3121,#3122,#3123));
#562=EDGE_LOOP('',(#3124,#3125,#3126,#3127));
#563=EDGE_LOOP('',(#3128,#3129,#3130,#3131,#3132));
#564=EDGE_LOOP('',(#3133,#3134,#3135,#3136,#3137));
#565=EDGE_LOOP('',(#3138,#3139,#3140,#3141));
#566=EDGE_LOOP('',(#3142,#3143,#3144,#3145));
#567=EDGE_LOOP('',(#3146,#3147,#3148,#3149,#3150));
#568=EDGE_LOOP('',(#3151,#3152,#3153,#3154));
#569=EDGE_LOOP('',(#3155,#3156,#3157,#3158,#3159));
#570=EDGE_LOOP('',(#3160,#3161,#3162,#3163));
#571=EDGE_LOOP('',(#3164,#3165,#3166,#3167));
#572=EDGE_LOOP('',(#3168,#3169,#3170,#3171));
#573=EDGE_LOOP('',(#3172,#3173,#3174));
#574=EDGE_LOOP('',(#3175,#3176,#3177));
#575=EDGE_LOOP('',(#3178,#3179,#3180,#3181));
#576=EDGE_LOOP('',(#3182,#3183,#3184,#3185));
#577=EDGE_LOOP('',(#3186,#3187,#3188,#3189));
#578=EDGE_LOOP('',(#3190,#3191,#3192));
#579=EDGE_LOOP('',(#3193,#3194,#3195));
#580=EDGE_LOOP('',(#3196,#3197,#3198,#3199));
#581=EDGE_LOOP('',(#3200,#3201,#3202,#3203));
#582=EDGE_LOOP('',(#3204,#3205,#3206,#3207,#3208));
#583=EDGE_LOOP('',(#3209,#3210,#3211,#3212));
#584=EDGE_LOOP('',(#3213,#3214,#3215,#3216));
#585=EDGE_LOOP('',(#3217,#3218,#3219,#3220,#3221));
#586=EDGE_LOOP('',(#3222,#3223,#3224,#3225));
#587=EDGE_LOOP('',(#3226,#3227,#3228,#3229));
#588=EDGE_LOOP('',(#3230,#3231,#3232,#3233));
#589=EDGE_LOOP('',(#3234,#3235,#3236,#3237));
#590=EDGE_LOOP('',(#3238,#3239,#3240));
#591=EDGE_LOOP('',(#3241,#3242,#3243));
#592=EDGE_LOOP('',(#3244,#3245,#3246,#3247));
#593=EDGE_LOOP('',(#3248,#3249,#3250,#3251));
#594=EDGE_LOOP('',(#3252,#3253,#3254,#3255));
#595=EDGE_LOOP('',(#3256,#3257,#3258));
#596=EDGE_LOOP('',(#3259,#3260,#3261));
#597=EDGE_LOOP('',(#3262,#3263,#3264,#3265));
#598=EDGE_LOOP('',(#3266,#3267,#3268,#3269));
#599=EDGE_LOOP('',(#3270,#3271,#3272,#3273));
#600=EDGE_LOOP('',(#3274,#3275,#3276,#3277));
#601=EDGE_LOOP('',(#3278,#3279,#3280,#3281));
#602=EDGE_LOOP('',(#3282,#3283,#3284,#3285));
#603=EDGE_LOOP('',(#3286,#3287,#3288,#3289));
#604=EDGE_LOOP('',(#3290));
#605=EDGE_LOOP('',(#3291));
#606=LINE('',#4694,#1030);
#607=LINE('',#4701,#1031);
#608=LINE('',#4707,#1032);
#609=LINE('',#4709,#1033);
#610=LINE('',#4711,#1034);
#611=LINE('',#4712,#1035);
#612=LINE('',#4717,#1036);
#613=LINE('',#4721,#1037);
#614=LINE('',#4723,#1038);
#615=LINE('',#4724,#1039);
#616=LINE('',#4726,#1040);
#617=LINE('',#4729,#1041);
#618=LINE('',#4731,#1042);
#619=LINE('',#4733,#1043);
#620=LINE('',#4735,#1044);
#621=LINE('',#4737,#1045);
#622=LINE('',#4739,#1046);
#623=LINE('',#4741,#1047);
#624=LINE('',#4743,#1048);
#625=LINE('',#4745,#1049);
#626=LINE('',#4747,#1050);
#627=LINE('',#4749,#1051);
#628=LINE('',#4751,#1052);
#629=LINE('',#4753,#1053);
#630=LINE('',#4755,#1054);
#631=LINE('',#4757,#1055);
#632=LINE('',#4759,#1056);
#633=LINE('',#4761,#1057);
#634=LINE('',#4763,#1058);
#635=LINE('',#4765,#1059);
#636=LINE('',#4767,#1060);
#637=LINE('',#4768,#1061);
#638=LINE('',#4771,#1062);
#639=LINE('',#4773,#1063);
#640=LINE('',#4775,#1064);
#641=LINE('',#4776,#1065);
#642=LINE('',#4780,#1066);
#643=LINE('',#4781,#1067);
#644=LINE('',#4782,#1068);
#645=LINE('',#4785,#1069);
#646=LINE('',#4786,#1070);
#647=LINE('',#4789,#1071);
#648=LINE('',#4790,#1072);
#649=LINE('',#4792,#1073);
#650=LINE('',#4795,#1074);
#651=LINE('',#4797,#1075);
#652=LINE('',#4799,#1076);
#653=LINE('',#4800,#1077);
#654=LINE('',#4803,#1078);
#655=LINE('',#4805,#1079);
#656=LINE('',#4806,#1080);
#657=LINE('',#4809,#1081);
#658=LINE('',#4810,#1082);
#659=LINE('',#4825,#1083);
#660=LINE('',#4828,#1084);
#661=LINE('',#4832,#1085);
#662=LINE('',#4833,#1086);
#663=LINE('',#4834,#1087);
#664=LINE('',#4837,#1088);
#665=LINE('',#4838,#1089);
#666=LINE('',#4840,#1090);
#667=LINE('',#4842,#1091);
#668=LINE('',#4844,#1092);
#669=LINE('',#4845,#1093);
#670=LINE('',#4848,#1094);
#671=LINE('',#4849,#1095);
#672=LINE('',#4851,#1096);
#673=LINE('',#4853,#1097);
#674=LINE('',#4854,#1098);
#675=LINE('',#4859,#1099);
#676=LINE('',#4861,#1100);
#677=LINE('',#4863,#1101);
#678=LINE('',#4864,#1102);
#679=LINE('',#4867,#1103);
#680=LINE('',#4869,#1104);
#681=LINE('',#4870,#1105);
#682=LINE('',#4873,#1106);
#683=LINE('',#4874,#1107);
#684=LINE('',#4877,#1108);
#685=LINE('',#4878,#1109);
#686=LINE('',#4880,#1110);
#687=LINE('',#4884,#1111);
#688=LINE('',#4886,#1112);
#689=LINE('',#4888,#1113);
#690=LINE('',#4889,#1114);
#691=LINE('',#4895,#1115);
#692=LINE('',#4898,#1116);
#693=LINE('',#4900,#1117);
#694=LINE('',#4901,#1118);
#695=LINE('',#4907,#1119);
#696=LINE('',#4910,#1120);
#697=LINE('',#4912,#1121);
#698=LINE('',#4913,#1122);
#699=LINE('',#4919,#1123);
#700=LINE('',#4922,#1124);
#701=LINE('',#4924,#1125);
#702=LINE('',#4925,#1126);
#703=LINE('',#4933,#1127);
#704=LINE('',#4935,#1128);
#705=LINE('',#4937,#1129);
#706=LINE('',#4938,#1130);
#707=LINE('',#4940,#1131);
#708=LINE('',#4942,#1132);
#709=LINE('',#4944,#1133);
#710=LINE('',#4946,#1134);
#711=LINE('',#4948,#1135);
#712=LINE('',#4950,#1136);
#713=LINE('',#4952,#1137);
#714=LINE('',#4953,#1138);
#715=LINE('',#4959,#1139);
#716=LINE('',#4963,#1140);
#717=LINE('',#4964,#1141);
#718=LINE('',#4968,#1142);
#719=LINE('',#4970,#1143);
#720=LINE('',#4971,#1144);
#721=LINE('',#4974,#1145);
#722=LINE('',#4976,#1146);
#723=LINE('',#4977,#1147);
#724=LINE('',#4978,#1148);
#725=LINE('',#4980,#1149);
#726=LINE('',#4981,#1150);
#727=LINE('',#4984,#1151);
#728=LINE('',#4985,#1152);
#729=LINE('',#4987,#1153);
#730=LINE('',#4990,#1154);
#731=LINE('',#4991,#1155);
#732=LINE('',#4994,#1156);
#733=LINE('',#4996,#1157);
#734=LINE('',#4998,#1158);
#735=LINE('',#5000,#1159);
#736=LINE('',#5002,#1160);
#737=LINE('',#5004,#1161);
#738=LINE('',#5006,#1162);
#739=LINE('',#5008,#1163);
#740=LINE('',#5010,#1164);
#741=LINE('',#5014,#1165);
#742=LINE('',#5018,#1166);
#743=LINE('',#5019,#1167);
#744=LINE('',#5080,#1168);
#745=LINE('',#5084,#1169);
#746=LINE('',#5085,#1170);
#747=LINE('',#5088,#1171);
#748=LINE('',#5089,#1172);
#749=LINE('',#5092,#1173);
#750=LINE('',#5093,#1174);
#751=LINE('',#5095,#1175);
#752=LINE('',#5097,#1176);
#753=LINE('',#5098,#1177);
#754=LINE('',#5100,#1178);
#755=LINE('',#5101,#1179);
#756=LINE('',#5106,#1180);
#757=LINE('',#5107,#1181);
#758=LINE('',#5109,#1182);
#759=LINE('',#5114,#1183);
#760=LINE('',#5115,#1184);
#761=LINE('',#5117,#1185);
#762=LINE('',#5118,#1186);
#763=LINE('',#5123,#1187);
#764=LINE('',#5124,#1188);
#765=LINE('',#5128,#1189);
#766=LINE('',#5130,#1190);
#767=LINE('',#5132,#1191);
#768=LINE('',#5133,#1192);
#769=LINE('',#5136,#1193);
#770=LINE('',#5138,#1194);
#771=LINE('',#5139,#1195);
#772=LINE('',#5142,#1196);
#773=LINE('',#5144,#1197);
#774=LINE('',#5145,#1198);
#775=LINE('',#5147,#1199);
#776=LINE('',#5148,#1200);
#777=LINE('',#5151,#1201);
#778=LINE('',#5153,#1202);
#779=LINE('',#5154,#1203);
#780=LINE('',#5156,#1204);
#781=LINE('',#5158,#1205);
#782=LINE('',#5159,#1206);
#783=LINE('',#5162,#1207);
#784=LINE('',#5164,#1208);
#785=LINE('',#5165,#1209);
#786=LINE('',#5168,#1210);
#787=LINE('',#5169,#1211);
#788=LINE('',#5172,#1212);
#789=LINE('',#5174,#1213);
#790=LINE('',#5175,#1214);
#791=LINE('',#5177,#1215);
#792=LINE('',#5180,#1216);
#793=LINE('',#5181,#1217);
#794=LINE('',#5184,#1218);
#795=LINE('',#5185,#1219);
#796=LINE('',#5187,#1220);
#797=LINE('',#5190,#1221);
#798=LINE('',#5191,#1222);
#799=LINE('',#5193,#1223);
#800=LINE('',#5197,#1224);
#801=LINE('',#5199,#1225);
#802=LINE('',#5200,#1226);
#803=LINE('',#5203,#1227);
#804=LINE('',#5205,#1228);
#805=LINE('',#5206,#1229);
#806=LINE('',#5208,#1230);
#807=LINE('',#5209,#1231);
#808=LINE('',#5212,#1232);
#809=LINE('',#5214,#1233);
#810=LINE('',#5216,#1234);
#811=LINE('',#5221,#1235);
#812=LINE('',#5223,#1236);
#813=LINE('',#5225,#1237);
#814=LINE('',#5226,#1238);
#815=LINE('',#5229,#1239);
#816=LINE('',#5231,#1240);
#817=LINE('',#5232,#1241);
#818=LINE('',#5235,#1242);
#819=LINE('',#5236,#1243);
#820=LINE('',#5239,#1244);
#821=LINE('',#5240,#1245);
#822=LINE('',#5242,#1246);
#823=LINE('',#5246,#1247);
#824=LINE('',#5248,#1248);
#825=LINE('',#5250,#1249);
#826=LINE('',#5251,#1250);
#827=LINE('',#5256,#1251);
#828=LINE('',#5260,#1252);
#829=LINE('',#5262,#1253);
#830=LINE('',#5263,#1254);
#831=LINE('',#5268,#1255);
#832=LINE('',#5272,#1256);
#833=LINE('',#5274,#1257);
#834=LINE('',#5275,#1258);
#835=LINE('',#5280,#1259);
#836=LINE('',#5284,#1260);
#837=LINE('',#5286,#1261);
#838=LINE('',#5287,#1262);
#839=LINE('',#5295,#1263);
#840=LINE('',#5297,#1264);
#841=LINE('',#5299,#1265);
#842=LINE('',#5301,#1266);
#843=LINE('',#5303,#1267);
#844=LINE('',#5305,#1268);
#845=LINE('',#5307,#1269);
#846=LINE('',#5309,#1270);
#847=LINE('',#5311,#1271);
#848=LINE('',#5312,#1272);
#849=LINE('',#5314,#1273);
#850=LINE('',#5316,#1274);
#851=LINE('',#5317,#1275);
#852=LINE('',#5323,#1276);
#853=LINE('',#5324,#1277);
#854=LINE('',#5327,#1278);
#855=LINE('',#5332,#1279);
#856=LINE('',#5334,#1280);
#857=LINE('',#5335,#1281);
#858=LINE('',#5338,#1282);
#859=LINE('',#5340,#1283);
#860=LINE('',#5341,#1284);
#861=LINE('',#5342,#1285);
#862=LINE('',#5344,#1286);
#863=LINE('',#5345,#1287);
#864=LINE('',#5348,#1288);
#865=LINE('',#5349,#1289);
#866=LINE('',#5351,#1290);
#867=LINE('',#5354,#1291);
#868=LINE('',#5355,#1292);
#869=LINE('',#5358,#1293);
#870=LINE('',#5360,#1294);
#871=LINE('',#5362,#1295);
#872=LINE('',#5366,#1296);
#873=LINE('',#5370,#1297);
#874=LINE('',#5372,#1298);
#875=LINE('',#5374,#1299);
#876=LINE('',#5376,#1300);
#877=LINE('',#5378,#1301);
#878=LINE('',#5380,#1302);
#879=LINE('',#5382,#1303);
#880=LINE('',#5383,#1304);
#881=LINE('',#5444,#1305);
#882=LINE('',#5448,#1306);
#883=LINE('',#5449,#1307);
#884=LINE('',#5452,#1308);
#885=LINE('',#5453,#1309);
#886=LINE('',#5456,#1310);
#887=LINE('',#5457,#1311);
#888=LINE('',#5459,#1312);
#889=LINE('',#5461,#1313);
#890=LINE('',#5462,#1314);
#891=LINE('',#5464,#1315);
#892=LINE('',#5465,#1316);
#893=LINE('',#5470,#1317);
#894=LINE('',#5471,#1318);
#895=LINE('',#5473,#1319);
#896=LINE('',#5478,#1320);
#897=LINE('',#5479,#1321);
#898=LINE('',#5481,#1322);
#899=LINE('',#5482,#1323);
#900=LINE('',#5487,#1324);
#901=LINE('',#5489,#1325);
#902=LINE('',#5490,#1326);
#903=LINE('',#5493,#1327);
#904=LINE('',#5494,#1328);
#905=LINE('',#5495,#1329);
#906=LINE('',#5499,#1330);
#907=LINE('',#5501,#1331);
#908=LINE('',#5503,#1332);
#909=LINE('',#5504,#1333);
#910=LINE('',#5507,#1334);
#911=LINE('',#5509,#1335);
#912=LINE('',#5510,#1336);
#913=LINE('',#5513,#1337);
#914=LINE('',#5515,#1338);
#915=LINE('',#5516,#1339);
#916=LINE('',#5518,#1340);
#917=LINE('',#5519,#1341);
#918=LINE('',#5522,#1342);
#919=LINE('',#5524,#1343);
#920=LINE('',#5526,#1344);
#921=LINE('',#5527,#1345);
#922=LINE('',#5529,#1346);
#923=LINE('',#5530,#1347);
#924=LINE('',#5533,#1348);
#925=LINE('',#5535,#1349);
#926=LINE('',#5536,#1350);
#927=LINE('',#5539,#1351);
#928=LINE('',#5540,#1352);
#929=LINE('',#5543,#1353);
#930=LINE('',#5545,#1354);
#931=LINE('',#5546,#1355);
#932=LINE('',#5548,#1356);
#933=LINE('',#5551,#1357);
#934=LINE('',#5552,#1358);
#935=LINE('',#5555,#1359);
#936=LINE('',#5556,#1360);
#937=LINE('',#5558,#1361);
#938=LINE('',#5561,#1362);
#939=LINE('',#5562,#1363);
#940=LINE('',#5564,#1364);
#941=LINE('',#5568,#1365);
#942=LINE('',#5570,#1366);
#943=LINE('',#5571,#1367);
#944=LINE('',#5574,#1368);
#945=LINE('',#5576,#1369);
#946=LINE('',#5577,#1370);
#947=LINE('',#5579,#1371);
#948=LINE('',#5580,#1372);
#949=LINE('',#5583,#1373);
#950=LINE('',#5585,#1374);
#951=LINE('',#5588,#1375);
#952=LINE('',#5593,#1376);
#953=LINE('',#5595,#1377);
#954=LINE('',#5596,#1378);
#955=LINE('',#5599,#1379);
#956=LINE('',#5601,#1380);
#957=LINE('',#5602,#1381);
#958=LINE('',#5604,#1382);
#959=LINE('',#5606,#1383);
#960=LINE('',#5613,#1384);
#961=LINE('',#5616,#1385);
#962=LINE('',#5619,#1386);
#963=LINE('',#5621,#1387);
#964=LINE('',#5623,#1388);
#965=LINE('',#5624,#1389);
#966=LINE('',#5627,#1390);
#967=LINE('',#5629,#1391);
#968=LINE('',#5630,#1392);
#969=LINE('',#5633,#1393);
#970=LINE('',#5634,#1394);
#971=LINE('',#5637,#1395);
#972=LINE('',#5638,#1396);
#973=LINE('',#5641,#1397);
#974=LINE('',#5642,#1398);
#975=LINE('',#5644,#1399);
#976=LINE('',#5649,#1400);
#977=LINE('',#5651,#1401);
#978=LINE('',#5653,#1402);
#979=LINE('',#5654,#1403);
#980=LINE('',#5657,#1404);
#981=LINE('',#5659,#1405);
#982=LINE('',#5660,#1406);
#983=LINE('',#5669,#1407);
#984=LINE('',#5671,#1408);
#985=LINE('',#5673,#1409);
#986=LINE('',#5674,#1410);
#987=LINE('',#5680,#1411);
#988=LINE('',#5682,#1412);
#989=LINE('',#5683,#1413);
#990=LINE('',#5689,#1414);
#991=LINE('',#5691,#1415);
#992=LINE('',#5693,#1416);
#993=LINE('',#5694,#1417);
#994=LINE('',#5699,#1418);
#995=LINE('',#5703,#1419);
#996=LINE('',#5705,#1420);
#997=LINE('',#5706,#1421);
#998=LINE('',#5709,#1422);
#999=LINE('',#5710,#1423);
#1000=LINE('',#5713,#1424);
#1001=LINE('',#5714,#1425);
#1002=LINE('',#5716,#1426);
#1003=LINE('',#5721,#1427);
#1004=LINE('',#5723,#1428);
#1005=LINE('',#5725,#1429);
#1006=LINE('',#5726,#1430);
#1007=LINE('',#5729,#1431);
#1008=LINE('',#5731,#1432);
#1009=LINE('',#5732,#1433);
#1010=LINE('',#5741,#1434);
#1011=LINE('',#5743,#1435);
#1012=LINE('',#5745,#1436);
#1013=LINE('',#5746,#1437);
#1014=LINE('',#5751,#1438);
#1015=LINE('',#5754,#1439);
#1016=LINE('',#5755,#1440);
#1017=LINE('',#5761,#1441);
#1018=LINE('',#5763,#1442);
#1019=LINE('',#5765,#1443);
#1020=LINE('',#5766,#1444);
#1021=LINE('',#5769,#1445);
#1022=LINE('',#5771,#1446);
#1023=LINE('',#5772,#1447);
#1024=LINE('',#5775,#1448);
#1025=LINE('',#5776,#1449);
#1026=LINE('',#5779,#1450);
#1027=LINE('',#5780,#1451);
#1028=LINE('',#5782,#1452);
#1029=LINE('',#5788,#1453);
#1030=VECTOR('',#3781,1.25);
#1031=VECTOR('',#3790,1.25);
#1032=VECTOR('',#3797,10.);
#1033=VECTOR('',#3798,10.);
#1034=VECTOR('',#3799,10.);
#1035=VECTOR('',#3800,10.);
#1036=VECTOR('',#3805,10.);
#1037=VECTOR('',#3810,10.);
#1038=VECTOR('',#3811,10.);
#1039=VECTOR('',#3812,10.);
#1040=VECTOR('',#3815,10.);
#1041=VECTOR('',#3818,10.);
#1042=VECTOR('',#3819,10.);
#1043=VECTOR('',#3820,10.);
#1044=VECTOR('',#3821,10.);
#1045=VECTOR('',#3822,10.);
#1046=VECTOR('',#3823,10.);
#1047=VECTOR('',#3824,10.);
#1048=VECTOR('',#3825,10.);
#1049=VECTOR('',#3826,10.);
#1050=VECTOR('',#3827,10.);
#1051=VECTOR('',#3828,10.);
#1052=VECTOR('',#3829,10.);
#1053=VECTOR('',#3830,10.);
#1054=VECTOR('',#3831,10.);
#1055=VECTOR('',#3832,10.);
#1056=VECTOR('',#3833,10.);
#1057=VECTOR('',#3834,10.);
#1058=VECTOR('',#3835,10.);
#1059=VECTOR('',#3836,10.);
#1060=VECTOR('',#3837,10.);
#1061=VECTOR('',#3838,10.);
#1062=VECTOR('',#3839,10.);
#1063=VECTOR('',#3840,10.);
#1064=VECTOR('',#3841,10.);
#1065=VECTOR('',#3842,10.);
#1066=VECTOR('',#3845,10.);
#1067=VECTOR('',#3846,10.);
#1068=VECTOR('',#3847,10.);
#1069=VECTOR('',#3850,10.);
#1070=VECTOR('',#3851,10.);
#1071=VECTOR('',#3854,10.);
#1072=VECTOR('',#3855,10.);
#1073=VECTOR('',#3858,10.);
#1074=VECTOR('',#3859,10.);
#1075=VECTOR('',#3860,10.);
#1076=VECTOR('',#3861,10.);
#1077=VECTOR('',#3862,10.);
#1078=VECTOR('',#3865,10.);
#1079=VECTOR('',#3866,10.);
#1080=VECTOR('',#3867,10.);
#1081=VECTOR('',#3870,10.);
#1082=VECTOR('',#3871,10.);
#1083=VECTOR('',#3874,10.);
#1084=VECTOR('',#3877,10.);
#1085=VECTOR('',#3880,10.);
#1086=VECTOR('',#3881,10.);
#1087=VECTOR('',#3882,10.);
#1088=VECTOR('',#3885,10.);
#1089=VECTOR('',#3886,10.);
#1090=VECTOR('',#3887,10.);
#1091=VECTOR('',#3888,10.);
#1092=VECTOR('',#3889,10.);
#1093=VECTOR('',#3890,10.);
#1094=VECTOR('',#3893,10.);
#1095=VECTOR('',#3894,10.);
#1096=VECTOR('',#3897,10.);
#1097=VECTOR('',#3898,10.);
#1098=VECTOR('',#3899,10.);
#1099=VECTOR('',#3904,10.);
#1100=VECTOR('',#3905,10.);
#1101=VECTOR('',#3906,10.);
#1102=VECTOR('',#3907,10.);
#1103=VECTOR('',#3910,10.);
#1104=VECTOR('',#3911,10.);
#1105=VECTOR('',#3912,10.);
#1106=VECTOR('',#3915,10.);
#1107=VECTOR('',#3916,10.);
#1108=VECTOR('',#3919,10.);
#1109=VECTOR('',#3920,10.);
#1110=VECTOR('',#3923,10.);
#1111=VECTOR('',#3926,10.);
#1112=VECTOR('',#3927,10.);
#1113=VECTOR('',#3928,10.);
#1114=VECTOR('',#3929,10.);
#1115=VECTOR('',#3936,10.);
#1116=VECTOR('',#3939,10.);
#1117=VECTOR('',#3940,10.);
#1118=VECTOR('',#3941,10.);
#1119=VECTOR('',#3948,10.);
#1120=VECTOR('',#3951,10.);
#1121=VECTOR('',#3952,10.);
#1122=VECTOR('',#3953,10.);
#1123=VECTOR('',#3960,10.);
#1124=VECTOR('',#3963,10.);
#1125=VECTOR('',#3964,10.);
#1126=VECTOR('',#3965,10.);
#1127=VECTOR('',#3976,10.);
#1128=VECTOR('',#3977,10.);
#1129=VECTOR('',#3978,10.);
#1130=VECTOR('',#3979,10.);
#1131=VECTOR('',#3980,10.);
#1132=VECTOR('',#3981,10.);
#1133=VECTOR('',#3982,10.);
#1134=VECTOR('',#3983,10.);
#1135=VECTOR('',#3984,10.);
#1136=VECTOR('',#3985,10.);
#1137=VECTOR('',#3986,10.);
#1138=VECTOR('',#3987,10.);
#1139=VECTOR('',#3992,2.25);
#1140=VECTOR('',#3997,10.);
#1141=VECTOR('',#3998,10.);
#1142=VECTOR('',#4003,10.);
#1143=VECTOR('',#4004,10.);
#1144=VECTOR('',#4005,10.);
#1145=VECTOR('',#4008,10.);
#1146=VECTOR('',#4009,10.);
#1147=VECTOR('',#4010,10.);
#1148=VECTOR('',#4011,10.);
#1149=VECTOR('',#4012,10.);
#1150=VECTOR('',#4013,10.);
#1151=VECTOR('',#4016,10.);
#1152=VECTOR('',#4017,10.);
#1153=VECTOR('',#4020,10.);
#1154=VECTOR('',#4023,10.);
#1155=VECTOR('',#4024,10.);
#1156=VECTOR('',#4027,10.);
#1157=VECTOR('',#4028,10.);
#1158=VECTOR('',#4029,10.);
#1159=VECTOR('',#4030,10.);
#1160=VECTOR('',#4031,10.);
#1161=VECTOR('',#4032,10.);
#1162=VECTOR('',#4033,10.);
#1163=VECTOR('',#4034,10.);
#1164=VECTOR('',#4035,10.);
#1165=VECTOR('',#4038,10.);
#1166=VECTOR('',#4041,10.);
#1167=VECTOR('',#4042,10.);
#1168=VECTOR('',#4047,10.);
#1169=VECTOR('',#4052,10.);
#1170=VECTOR('',#4053,10.);
#1171=VECTOR('',#4056,10.);
#1172=VECTOR('',#4057,10.);
#1173=VECTOR('',#4060,10.);
#1174=VECTOR('',#4061,10.);
#1175=VECTOR('',#4062,10.);
#1176=VECTOR('',#4063,10.);
#1177=VECTOR('',#4064,10.);
#1178=VECTOR('',#4065,10.);
#1179=VECTOR('',#4066,10.);
#1180=VECTOR('',#4071,10.);
#1181=VECTOR('',#4072,10.);
#1182=VECTOR('',#4075,10.);
#1183=VECTOR('',#4080,10.);
#1184=VECTOR('',#4081,10.);
#1185=VECTOR('',#4084,10.);
#1186=VECTOR('',#4085,10.);
#1187=VECTOR('',#4092,10.);
#1188=VECTOR('',#4093,10.);
#1189=VECTOR('',#4096,10.);
#1190=VECTOR('',#4097,10.);
#1191=VECTOR('',#4098,10.);
#1192=VECTOR('',#4099,10.);
#1193=VECTOR('',#4102,10.);
#1194=VECTOR('',#4103,10.);
#1195=VECTOR('',#4104,10.);
#1196=VECTOR('',#4107,10.);
#1197=VECTOR('',#4108,10.);
#1198=VECTOR('',#4109,10.);
#1199=VECTOR('',#4112,10.);
#1200=VECTOR('',#4113,10.);
#1201=VECTOR('',#4118,10.);
#1202=VECTOR('',#4119,10.);
#1203=VECTOR('',#4120,10.);
#1204=VECTOR('',#4121,10.);
#1205=VECTOR('',#4122,10.);
#1206=VECTOR('',#4123,10.);
#1207=VECTOR('',#4126,10.);
#1208=VECTOR('',#4127,10.);
#1209=VECTOR('',#4128,10.);
#1210=VECTOR('',#4131,10.);
#1211=VECTOR('',#4132,10.);
#1212=VECTOR('',#4135,10.);
#1213=VECTOR('',#4136,10.);
#1214=VECTOR('',#4137,10.);
#1215=VECTOR('',#4140,10.);
#1216=VECTOR('',#4143,10.);
#1217=VECTOR('',#4144,10.);
#1218=VECTOR('',#4147,10.);
#1219=VECTOR('',#4148,10.);
#1220=VECTOR('',#4151,10.);
#1221=VECTOR('',#4154,10.);
#1222=VECTOR('',#4155,10.);
#1223=VECTOR('',#4158,10.);
#1224=VECTOR('',#4163,10.);
#1225=VECTOR('',#4164,10.);
#1226=VECTOR('',#4165,10.);
#1227=VECTOR('',#4168,10.);
#1228=VECTOR('',#4169,10.);
#1229=VECTOR('',#4170,10.);
#1230=VECTOR('',#4173,10.);
#1231=VECTOR('',#4174,10.);
#1232=VECTOR('',#4179,10.);
#1233=VECTOR('',#4182,10.);
#1234=VECTOR('',#4185,10.);
#1235=VECTOR('',#4190,10.);
#1236=VECTOR('',#4191,10.);
#1237=VECTOR('',#4192,10.);
#1238=VECTOR('',#4193,10.);
#1239=VECTOR('',#4196,10.);
#1240=VECTOR('',#4197,10.);
#1241=VECTOR('',#4198,10.);
#1242=VECTOR('',#4201,10.);
#1243=VECTOR('',#4202,10.);
#1244=VECTOR('',#4205,10.);
#1245=VECTOR('',#4206,10.);
#1246=VECTOR('',#4209,10.);
#1247=VECTOR('',#4212,10.);
#1248=VECTOR('',#4213,10.);
#1249=VECTOR('',#4214,10.);
#1250=VECTOR('',#4215,10.);
#1251=VECTOR('',#4220,10.);
#1252=VECTOR('',#4225,10.);
#1253=VECTOR('',#4226,10.);
#1254=VECTOR('',#4227,10.);
#1255=VECTOR('',#4232,10.);
#1256=VECTOR('',#4237,10.);
#1257=VECTOR('',#4238,10.);
#1258=VECTOR('',#4239,10.);
#1259=VECTOR('',#4244,10.);
#1260=VECTOR('',#4249,10.);
#1261=VECTOR('',#4250,10.);
#1262=VECTOR('',#4251,10.);
#1263=VECTOR('',#4262,10.);
#1264=VECTOR('',#4263,10.);
#1265=VECTOR('',#4264,10.);
#1266=VECTOR('',#4265,10.);
#1267=VECTOR('',#4266,10.);
#1268=VECTOR('',#4267,10.);
#1269=VECTOR('',#4268,10.);
#1270=VECTOR('',#4269,10.);
#1271=VECTOR('',#4270,10.);
#1272=VECTOR('',#4271,10.);
#1273=VECTOR('',#4272,10.);
#1274=VECTOR('',#4273,10.);
#1275=VECTOR('',#4274,10.);
#1276=VECTOR('',#4279,10.);
#1277=VECTOR('',#4280,10.);
#1278=VECTOR('',#4283,2.25);
#1279=VECTOR('',#4290,10.);
#1280=VECTOR('',#4291,10.);
#1281=VECTOR('',#4292,10.);
#1282=VECTOR('',#4295,10.);
#1283=VECTOR('',#4296,10.);
#1284=VECTOR('',#4297,10.);
#1285=VECTOR('',#4298,10.);
#1286=VECTOR('',#4299,10.);
#1287=VECTOR('',#4300,10.);
#1288=VECTOR('',#4303,10.);
#1289=VECTOR('',#4304,10.);
#1290=VECTOR('',#4307,10.);
#1291=VECTOR('',#4310,10.);
#1292=VECTOR('',#4311,10.);
#1293=VECTOR('',#4314,10.);
#1294=VECTOR('',#4315,10.);
#1295=VECTOR('',#4316,10.);
#1296=VECTOR('',#4319,10.);
#1297=VECTOR('',#4322,10.);
#1298=VECTOR('',#4323,10.);
#1299=VECTOR('',#4324,10.);
#1300=VECTOR('',#4325,10.);
#1301=VECTOR('',#4326,10.);
#1302=VECTOR('',#4327,10.);
#1303=VECTOR('',#4328,10.);
#1304=VECTOR('',#4329,10.);
#1305=VECTOR('',#4334,10.);
#1306=VECTOR('',#4339,10.);
#1307=VECTOR('',#4340,10.);
#1308=VECTOR('',#4343,10.);
#1309=VECTOR('',#4344,10.);
#1310=VECTOR('',#4347,10.);
#1311=VECTOR('',#4348,10.);
#1312=VECTOR('',#4349,10.);
#1313=VECTOR('',#4350,10.);
#1314=VECTOR('',#4351,10.);
#1315=VECTOR('',#4352,10.);
#1316=VECTOR('',#4353,10.);
#1317=VECTOR('',#4358,10.);
#1318=VECTOR('',#4359,10.);
#1319=VECTOR('',#4362,10.);
#1320=VECTOR('',#4367,10.);
#1321=VECTOR('',#4368,10.);
#1322=VECTOR('',#4371,10.);
#1323=VECTOR('',#4372,10.);
#1324=VECTOR('',#4379,10.);
#1325=VECTOR('',#4380,10.);
#1326=VECTOR('',#4381,10.);
#1327=VECTOR('',#4384,10.);
#1328=VECTOR('',#4385,10.);
#1329=VECTOR('',#4386,10.);
#1330=VECTOR('',#4389,10.);
#1331=VECTOR('',#4390,10.);
#1332=VECTOR('',#4391,10.);
#1333=VECTOR('',#4392,10.);
#1334=VECTOR('',#4395,10.);
#1335=VECTOR('',#4396,10.);
#1336=VECTOR('',#4397,10.);
#1337=VECTOR('',#4400,10.);
#1338=VECTOR('',#4401,10.);
#1339=VECTOR('',#4402,10.);
#1340=VECTOR('',#4405,10.);
#1341=VECTOR('',#4406,10.);
#1342=VECTOR('',#4411,10.);
#1343=VECTOR('',#4412,10.);
#1344=VECTOR('',#4413,10.);
#1345=VECTOR('',#4414,10.);
#1346=VECTOR('',#4415,10.);
#1347=VECTOR('',#4416,10.);
#1348=VECTOR('',#4419,10.);
#1349=VECTOR('',#4420,10.);
#1350=VECTOR('',#4421,10.);
#1351=VECTOR('',#4424,10.);
#1352=VECTOR('',#4425,10.);
#1353=VECTOR('',#4428,10.);
#1354=VECTOR('',#4429,10.);
#1355=VECTOR('',#4430,10.);
#1356=VECTOR('',#4433,10.);
#1357=VECTOR('',#4436,10.);
#1358=VECTOR('',#4437,10.);
#1359=VECTOR('',#4440,10.);
#1360=VECTOR('',#4441,10.);
#1361=VECTOR('',#4444,10.);
#1362=VECTOR('',#4447,10.);
#1363=VECTOR('',#4448,10.);
#1364=VECTOR('',#4451,10.);
#1365=VECTOR('',#4456,10.);
#1366=VECTOR('',#4457,10.);
#1367=VECTOR('',#4458,10.);
#1368=VECTOR('',#4461,10.);
#1369=VECTOR('',#4462,10.);
#1370=VECTOR('',#4463,10.);
#1371=VECTOR('',#4466,10.);
#1372=VECTOR('',#4467,10.);
#1373=VECTOR('',#4472,10.);
#1374=VECTOR('',#4475,10.);
#1375=VECTOR('',#4480,10.);
#1376=VECTOR('',#4487,10.);
#1377=VECTOR('',#4488,10.);
#1378=VECTOR('',#4489,10.);
#1379=VECTOR('',#4492,10.);
#1380=VECTOR('',#4493,10.);
#1381=VECTOR('',#4494,10.);
#1382=VECTOR('',#4497,10.);
#1383=VECTOR('',#4500,10.);
#1384=VECTOR('',#4507,10.);
#1385=VECTOR('',#4510,10.);
#1386=VECTOR('',#4513,10.);
#1387=VECTOR('',#4514,10.);
#1388=VECTOR('',#4515,10.);
#1389=VECTOR('',#4516,10.);
#1390=VECTOR('',#4519,10.);
#1391=VECTOR('',#4520,10.);
#1392=VECTOR('',#4521,10.);
#1393=VECTOR('',#4524,10.);
#1394=VECTOR('',#4525,10.);
#1395=VECTOR('',#4528,10.);
#1396=VECTOR('',#4529,10.);
#1397=VECTOR('',#4532,10.);
#1398=VECTOR('',#4533,10.);
#1399=VECTOR('',#4536,10.);
#1400=VECTOR('',#4541,10.);
#1401=VECTOR('',#4542,10.);
#1402=VECTOR('',#4543,10.);
#1403=VECTOR('',#4544,10.);
#1404=VECTOR('',#4547,10.);
#1405=VECTOR('',#4548,10.);
#1406=VECTOR('',#4549,10.);
#1407=VECTOR('',#4562,10.);
#1408=VECTOR('',#4563,10.);
#1409=VECTOR('',#4564,10.);
#1410=VECTOR('',#4565,10.);
#1411=VECTOR('',#4572,10.);
#1412=VECTOR('',#4575,10.);
#1413=VECTOR('',#4576,10.);
#1414=VECTOR('',#4583,10.);
#1415=VECTOR('',#4584,10.);
#1416=VECTOR('',#4585,10.);
#1417=VECTOR('',#4586,10.);
#1418=VECTOR('',#4591,10.);
#1419=VECTOR('',#4596,10.);
#1420=VECTOR('',#4597,10.);
#1421=VECTOR('',#4598,10.);
#1422=VECTOR('',#4601,10.);
#1423=VECTOR('',#4602,10.);
#1424=VECTOR('',#4605,10.);
#1425=VECTOR('',#4606,10.);
#1426=VECTOR('',#4609,10.);
#1427=VECTOR('',#4614,10.);
#1428=VECTOR('',#4615,10.);
#1429=VECTOR('',#4616,10.);
#1430=VECTOR('',#4617,10.);
#1431=VECTOR('',#4620,10.);
#1432=VECTOR('',#4621,10.);
#1433=VECTOR('',#4622,10.);
#1434=VECTOR('',#4635,10.);
#1435=VECTOR('',#4636,10.);
#1436=VECTOR('',#4637,10.);
#1437=VECTOR('',#4638,10.);
#1438=VECTOR('',#4643,10.);
#1439=VECTOR('',#4648,10.);
#1440=VECTOR('',#4649,10.);
#1441=VECTOR('',#4656,10.);
#1442=VECTOR('',#4657,10.);
#1443=VECTOR('',#4658,10.);
#1444=VECTOR('',#4659,10.);
#1445=VECTOR('',#4662,10.);
#1446=VECTOR('',#4663,10.);
#1447=VECTOR('',#4664,10.);
#1448=VECTOR('',#4667,10.);
#1449=VECTOR('',#4668,10.);
#1450=VECTOR('',#4671,10.);
#1451=VECTOR('',#4672,10.);
#1452=VECTOR('',#4675,10.);
#1453=VECTOR('',#4682,2.5);
#1454=CIRCLE('',#3532,1.25);
#1455=CIRCLE('',#3533,1.25);
#1456=CIRCLE('',#3536,1.25);
#1457=CIRCLE('',#3537,1.25);
#1458=CIRCLE('',#3541,4.5);
#1459=CIRCLE('',#3542,4.5);
#1460=CIRCLE('',#3566,0.5);
#1461=CIRCLE('',#3567,0.5);
#1462=CIRCLE('',#3570,0.5);
#1463=CIRCLE('',#3571,0.5);
#1464=CIRCLE('',#3574,0.5);
#1465=CIRCLE('',#3575,0.5);
#1466=CIRCLE('',#3578,0.499999999999998);
#1467=CIRCLE('',#3579,0.499999999999998);
#1468=CIRCLE('',#3583,2.25);
#1469=CIRCLE('',#3584,2.25);
#1470=CIRCLE('',#3585,2.25);
#1471=CIRCLE('',#3593,0.5);
#1472=CIRCLE('',#3594,0.5);
#1473=CIRCLE('',#3596,3.5);
#1474=CIRCLE('',#3597,3.5);
#1475=CIRCLE('',#3602,0.5);
#1476=CIRCLE('',#3605,0.5);
#1477=CIRCLE('',#3641,0.5);
#1478=CIRCLE('',#3642,0.5);
#1479=CIRCLE('',#3645,0.5);
#1480=CIRCLE('',#3646,0.5);
#1481=CIRCLE('',#3649,0.5);
#1482=CIRCLE('',#3650,0.5);
#1483=CIRCLE('',#3653,0.499999999999998);
#1484=CIRCLE('',#3654,0.499999999999998);
#1485=CIRCLE('',#3658,2.25);
#1486=CIRCLE('',#3659,2.25);
#1487=CIRCLE('',#3660,2.25);
#1488=CIRCLE('',#3668,0.5);
#1489=CIRCLE('',#3669,0.5);
#1490=CIRCLE('',#3671,3.5);
#1491=CIRCLE('',#3672,3.5);
#1492=CIRCLE('',#3677,0.5);
#1493=CIRCLE('',#3680,0.5);
#1494=CIRCLE('',#3718,1.);
#1495=CIRCLE('',#3719,1.);
#1496=CIRCLE('',#3730,2.25);
#1497=CIRCLE('',#3731,2.25);
#1498=CIRCLE('',#3736,2.25);
#1499=CIRCLE('',#3737,2.25);
#1500=CIRCLE('',#3743,1.);
#1501=CIRCLE('',#3744,1.);
#1502=CIRCLE('',#3753,2.25);
#1503=CIRCLE('',#3754,2.25);
#1504=CIRCLE('',#3759,2.25);
#1505=CIRCLE('',#3760,2.25);
#1506=CIRCLE('',#3771,2.5);
#1507=CIRCLE('',#3772,2.5);
#1508=VERTEX_POINT('',#4691);
#1509=VERTEX_POINT('',#4693);
#1510=VERTEX_POINT('',#4698);
#1511=VERTEX_POINT('',#4700);
#1512=VERTEX_POINT('',#4705);
#1513=VERTEX_POINT('',#4706);
#1514=VERTEX_POINT('',#4708);
#1515=VERTEX_POINT('',#4710);
#1516=VERTEX_POINT('',#4714);
#1517=VERTEX_POINT('',#4716);
#1518=VERTEX_POINT('',#4720);
#1519=VERTEX_POINT('',#4722);
#1520=VERTEX_POINT('',#4728);
#1521=VERTEX_POINT('',#4730);
#1522=VERTEX_POINT('',#4732);
#1523=VERTEX_POINT('',#4734);
#1524=VERTEX_POINT('',#4736);
#1525=VERTEX_POINT('',#4738);
#1526=VERTEX_POINT('',#4740);
#1527=VERTEX_POINT('',#4742);
#1528=VERTEX_POINT('',#4744);
#1529=VERTEX_POINT('',#4746);
#1530=VERTEX_POINT('',#4748);
#1531=VERTEX_POINT('',#4750);
#1532=VERTEX_POINT('',#4752);
#1533=VERTEX_POINT('',#4754);
#1534=VERTEX_POINT('',#4756);
#1535=VERTEX_POINT('',#4758);
#1536=VERTEX_POINT('',#4760);
#1537=VERTEX_POINT('',#4762);
#1538=VERTEX_POINT('',#4764);
#1539=VERTEX_POINT('',#4766);
#1540=VERTEX_POINT('',#4769);
#1541=VERTEX_POINT('',#4770);
#1542=VERTEX_POINT('',#4772);
#1543=VERTEX_POINT('',#4774);
#1544=VERTEX_POINT('',#4778);
#1545=VERTEX_POINT('',#4779);
#1546=VERTEX_POINT('',#4784);
#1547=VERTEX_POINT('',#4788);
#1548=VERTEX_POINT('',#4793);
#1549=VERTEX_POINT('',#4794);
#1550=VERTEX_POINT('',#4796);
#1551=VERTEX_POINT('',#4798);
#1552=VERTEX_POINT('',#4802);
#1553=VERTEX_POINT('',#4804);
#1554=VERTEX_POINT('',#4808);
#1555=VERTEX_POINT('',#4821);
#1556=VERTEX_POINT('',#4822);
#1557=VERTEX_POINT('',#4824);
#1558=VERTEX_POINT('',#4826);
#1559=VERTEX_POINT('',#4830);
#1560=VERTEX_POINT('',#4831);
#1561=VERTEX_POINT('',#4836);
#1562=VERTEX_POINT('',#4839);
#1563=VERTEX_POINT('',#4841);
#1564=VERTEX_POINT('',#4843);
#1565=VERTEX_POINT('',#4847);
#1566=VERTEX_POINT('',#4852);
#1567=VERTEX_POINT('',#4857);
#1568=VERTEX_POINT('',#4858);
#1569=VERTEX_POINT('',#4860);
#1570=VERTEX_POINT('',#4862);
#1571=VERTEX_POINT('',#4866);
#1572=VERTEX_POINT('',#4868);
#1573=VERTEX_POINT('',#4872);
#1574=VERTEX_POINT('',#4876);
#1575=VERTEX_POINT('',#4882);
#1576=VERTEX_POINT('',#4883);
#1577=VERTEX_POINT('',#4885);
#1578=VERTEX_POINT('',#4887);
#1579=VERTEX_POINT('',#4891);
#1580=VERTEX_POINT('',#4893);
#1581=VERTEX_POINT('',#4897);
#1582=VERTEX_POINT('',#4899);
#1583=VERTEX_POINT('',#4903);
#1584=VERTEX_POINT('',#4905);
#1585=VERTEX_POINT('',#4909);
#1586=VERTEX_POINT('',#4911);
#1587=VERTEX_POINT('',#4915);
#1588=VERTEX_POINT('',#4917);
#1589=VERTEX_POINT('',#4921);
#1590=VERTEX_POINT('',#4923);
#1591=VERTEX_POINT('',#4931);
#1592=VERTEX_POINT('',#4932);
#1593=VERTEX_POINT('',#4934);
#1594=VERTEX_POINT('',#4936);
#1595=VERTEX_POINT('',#4939);
#1596=VERTEX_POINT('',#4941);
#1597=VERTEX_POINT('',#4943);
#1598=VERTEX_POINT('',#4945);
#1599=VERTEX_POINT('',#4947);
#1600=VERTEX_POINT('',#4949);
#1601=VERTEX_POINT('',#4951);
#1602=VERTEX_POINT('',#4955);
#1603=VERTEX_POINT('',#4956);
#1604=VERTEX_POINT('',#4958);
#1605=VERTEX_POINT('',#4962);
#1606=VERTEX_POINT('',#4967);
#1607=VERTEX_POINT('',#4969);
#1608=VERTEX_POINT('',#4973);
#1609=VERTEX_POINT('',#4975);
#1610=VERTEX_POINT('',#4979);
#1611=VERTEX_POINT('',#4983);
#1612=VERTEX_POINT('',#4989);
#1613=VERTEX_POINT('',#4993);
#1614=VERTEX_POINT('',#4995);
#1615=VERTEX_POINT('',#4997);
#1616=VERTEX_POINT('',#4999);
#1617=VERTEX_POINT('',#5001);
#1618=VERTEX_POINT('',#5003);
#1619=VERTEX_POINT('',#5005);
#1620=VERTEX_POINT('',#5007);
#1621=VERTEX_POINT('',#5009);
#1622=VERTEX_POINT('',#5011);
#1623=VERTEX_POINT('',#5013);
#1624=VERTEX_POINT('',#5015);
#1625=VERTEX_POINT('',#5017);
#1626=VERTEX_POINT('',#5044);
#1627=VERTEX_POINT('',#5045);
#1628=VERTEX_POINT('',#5056);
#1629=VERTEX_POINT('',#5061);
#1630=VERTEX_POINT('',#5077);
#1631=VERTEX_POINT('',#5079);
#1632=VERTEX_POINT('',#5083);
#1633=VERTEX_POINT('',#5087);
#1634=VERTEX_POINT('',#5091);
#1635=VERTEX_POINT('',#5094);
#1636=VERTEX_POINT('',#5096);
#1637=VERTEX_POINT('',#5099);
#1638=VERTEX_POINT('',#5103);
#1639=VERTEX_POINT('',#5104);
#1640=VERTEX_POINT('',#5111);
#1641=VERTEX_POINT('',#5112);
#1642=VERTEX_POINT('',#5122);
#1643=VERTEX_POINT('',#5126);
#1644=VERTEX_POINT('',#5127);
#1645=VERTEX_POINT('',#5129);
#1646=VERTEX_POINT('',#5131);
#1647=VERTEX_POINT('',#5135);
#1648=VERTEX_POINT('',#5137);
#1649=VERTEX_POINT('',#5141);
#1650=VERTEX_POINT('',#5143);
#1651=VERTEX_POINT('',#5152);
#1652=VERTEX_POINT('',#5155);
#1653=VERTEX_POINT('',#5157);
#1654=VERTEX_POINT('',#5161);
#1655=VERTEX_POINT('',#5163);
#1656=VERTEX_POINT('',#5167);
#1657=VERTEX_POINT('',#5171);
#1658=VERTEX_POINT('',#5173);
#1659=VERTEX_POINT('',#5179);
#1660=VERTEX_POINT('',#5183);
#1661=VERTEX_POINT('',#5189);
#1662=VERTEX_POINT('',#5196);
#1663=VERTEX_POINT('',#5198);
#1664=VERTEX_POINT('',#5202);
#1665=VERTEX_POINT('',#5204);
#1666=VERTEX_POINT('',#5219);
#1667=VERTEX_POINT('',#5220);
#1668=VERTEX_POINT('',#5222);
#1669=VERTEX_POINT('',#5224);
#1670=VERTEX_POINT('',#5228);
#1671=VERTEX_POINT('',#5230);
#1672=VERTEX_POINT('',#5234);
#1673=VERTEX_POINT('',#5238);
#1674=VERTEX_POINT('',#5244);
#1675=VERTEX_POINT('',#5245);
#1676=VERTEX_POINT('',#5247);
#1677=VERTEX_POINT('',#5249);
#1678=VERTEX_POINT('',#5253);
#1679=VERTEX_POINT('',#5255);
#1680=VERTEX_POINT('',#5259);
#1681=VERTEX_POINT('',#5261);
#1682=VERTEX_POINT('',#5265);
#1683=VERTEX_POINT('',#5267);
#1684=VERTEX_POINT('',#5271);
#1685=VERTEX_POINT('',#5273);
#1686=VERTEX_POINT('',#5277);
#1687=VERTEX_POINT('',#5279);
#1688=VERTEX_POINT('',#5283);
#1689=VERTEX_POINT('',#5285);
#1690=VERTEX_POINT('',#5293);
#1691=VERTEX_POINT('',#5294);
#1692=VERTEX_POINT('',#5296);
#1693=VERTEX_POINT('',#5298);
#1694=VERTEX_POINT('',#5300);
#1695=VERTEX_POINT('',#5302);
#1696=VERTEX_POINT('',#5304);
#1697=VERTEX_POINT('',#5306);
#1698=VERTEX_POINT('',#5308);
#1699=VERTEX_POINT('',#5310);
#1700=VERTEX_POINT('',#5313);
#1701=VERTEX_POINT('',#5315);
#1702=VERTEX_POINT('',#5319);
#1703=VERTEX_POINT('',#5320);
#1704=VERTEX_POINT('',#5322);
#1705=VERTEX_POINT('',#5326);
#1706=VERTEX_POINT('',#5331);
#1707=VERTEX_POINT('',#5333);
#1708=VERTEX_POINT('',#5337);
#1709=VERTEX_POINT('',#5339);
#1710=VERTEX_POINT('',#5343);
#1711=VERTEX_POINT('',#5347);
#1712=VERTEX_POINT('',#5353);
#1713=VERTEX_POINT('',#5357);
#1714=VERTEX_POINT('',#5359);
#1715=VERTEX_POINT('',#5361);
#1716=VERTEX_POINT('',#5363);
#1717=VERTEX_POINT('',#5365);
#1718=VERTEX_POINT('',#5367);
#1719=VERTEX_POINT('',#5369);
#1720=VERTEX_POINT('',#5371);
#1721=VERTEX_POINT('',#5373);
#1722=VERTEX_POINT('',#5375);
#1723=VERTEX_POINT('',#5377);
#1724=VERTEX_POINT('',#5379);
#1725=VERTEX_POINT('',#5381);
#1726=VERTEX_POINT('',#5408);
#1727=VERTEX_POINT('',#5409);
#1728=VERTEX_POINT('',#5420);
#1729=VERTEX_POINT('',#5425);
#1730=VERTEX_POINT('',#5441);
#1731=VERTEX_POINT('',#5443);
#1732=VERTEX_POINT('',#5447);
#1733=VERTEX_POINT('',#5451);
#1734=VERTEX_POINT('',#5455);
#1735=VERTEX_POINT('',#5458);
#1736=VERTEX_POINT('',#5460);
#1737=VERTEX_POINT('',#5463);
#1738=VERTEX_POINT('',#5467);
#1739=VERTEX_POINT('',#5468);
#1740=VERTEX_POINT('',#5475);
#1741=VERTEX_POINT('',#5476);
#1742=VERTEX_POINT('',#5486);
#1743=VERTEX_POINT('',#5488);
#1744=VERTEX_POINT('',#5492);
#1745=VERTEX_POINT('',#5497);
#1746=VERTEX_POINT('',#5498);
#1747=VERTEX_POINT('',#5500);
#1748=VERTEX_POINT('',#5502);
#1749=VERTEX_POINT('',#5506);
#1750=VERTEX_POINT('',#5508);
#1751=VERTEX_POINT('',#5512);
#1752=VERTEX_POINT('',#5514);
#1753=VERTEX_POINT('',#5523);
#1754=VERTEX_POINT('',#5525);
#1755=VERTEX_POINT('',#5528);
#1756=VERTEX_POINT('',#5532);
#1757=VERTEX_POINT('',#5534);
#1758=VERTEX_POINT('',#5538);
#1759=VERTEX_POINT('',#5542);
#1760=VERTEX_POINT('',#5544);
#1761=VERTEX_POINT('',#5550);
#1762=VERTEX_POINT('',#5554);
#1763=VERTEX_POINT('',#5560);
#1764=VERTEX_POINT('',#5567);
#1765=VERTEX_POINT('',#5569);
#1766=VERTEX_POINT('',#5573);
#1767=VERTEX_POINT('',#5575);
#1768=VERTEX_POINT('',#5592);
#1769=VERTEX_POINT('',#5594);
#1770=VERTEX_POINT('',#5598);
#1771=VERTEX_POINT('',#5600);
#1772=VERTEX_POINT('',#5609);
#1773=VERTEX_POINT('',#5610);
#1774=VERTEX_POINT('',#5612);
#1775=VERTEX_POINT('',#5614);
#1776=VERTEX_POINT('',#5618);
#1777=VERTEX_POINT('',#5620);
#1778=VERTEX_POINT('',#5622);
#1779=VERTEX_POINT('',#5626);
#1780=VERTEX_POINT('',#5628);
#1781=VERTEX_POINT('',#5632);
#1782=VERTEX_POINT('',#5636);
#1783=VERTEX_POINT('',#5640);
#1784=VERTEX_POINT('',#5647);
#1785=VERTEX_POINT('',#5648);
#1786=VERTEX_POINT('',#5650);
#1787=VERTEX_POINT('',#5652);
#1788=VERTEX_POINT('',#5656);
#1789=VERTEX_POINT('',#5658);
#1790=VERTEX_POINT('',#5667);
#1791=VERTEX_POINT('',#5668);
#1792=VERTEX_POINT('',#5670);
#1793=VERTEX_POINT('',#5672);
#1794=VERTEX_POINT('',#5676);
#1795=VERTEX_POINT('',#5678);
#1796=VERTEX_POINT('',#5687);
#1797=VERTEX_POINT('',#5688);
#1798=VERTEX_POINT('',#5690);
#1799=VERTEX_POINT('',#5692);
#1800=VERTEX_POINT('',#5696);
#1801=VERTEX_POINT('',#5698);
#1802=VERTEX_POINT('',#5702);
#1803=VERTEX_POINT('',#5704);
#1804=VERTEX_POINT('',#5708);
#1805=VERTEX_POINT('',#5712);
#1806=VERTEX_POINT('',#5719);
#1807=VERTEX_POINT('',#5720);
#1808=VERTEX_POINT('',#5722);
#1809=VERTEX_POINT('',#5724);
#1810=VERTEX_POINT('',#5728);
#1811=VERTEX_POINT('',#5730);
#1812=VERTEX_POINT('',#5739);
#1813=VERTEX_POINT('',#5740);
#1814=VERTEX_POINT('',#5742);
#1815=VERTEX_POINT('',#5744);
#1816=VERTEX_POINT('',#5748);
#1817=VERTEX_POINT('',#5750);
#1818=VERTEX_POINT('',#5759);
#1819=VERTEX_POINT('',#5760);
#1820=VERTEX_POINT('',#5762);
#1821=VERTEX_POINT('',#5764);
#1822=VERTEX_POINT('',#5768);
#1823=VERTEX_POINT('',#5770);
#1824=VERTEX_POINT('',#5774);
#1825=VERTEX_POINT('',#5778);
#1826=VERTEX_POINT('',#5785);
#1827=VERTEX_POINT('',#5787);
#1828=EDGE_CURVE('',#1508,#1508,#1454,.T.);
#1829=EDGE_CURVE('',#1508,#1509,#606,.T.);
#1830=EDGE_CURVE('',#1509,#1509,#1455,.T.);
#1831=EDGE_CURVE('',#1510,#1510,#1456,.T.);
#1832=EDGE_CURVE('',#1510,#1511,#607,.T.);
#1833=EDGE_CURVE('',#1511,#1511,#1457,.T.);
#1834=EDGE_CURVE('',#1512,#1513,#608,.T.);
#1835=EDGE_CURVE('',#1512,#1514,#609,.T.);
#1836=EDGE_CURVE('',#1514,#1515,#610,.T.);
#1837=EDGE_CURVE('',#1513,#1515,#611,.T.);
#1838=EDGE_CURVE('',#1516,#1512,#1458,.T.);
#1839=EDGE_CURVE('',#1516,#1517,#612,.T.);
#1840=EDGE_CURVE('',#1517,#1514,#1459,.T.);
#1841=EDGE_CURVE('',#1518,#1516,#613,.T.);
#1842=EDGE_CURVE('',#1519,#1518,#614,.T.);
#1843=EDGE_CURVE('',#1519,#1517,#615,.T.);
#1844=EDGE_CURVE('',#1515,#1519,#616,.T.);
#1845=EDGE_CURVE('',#1520,#1518,#617,.T.);
#1846=EDGE_CURVE('',#1521,#1520,#618,.T.);
#1847=EDGE_CURVE('',#1522,#1521,#619,.T.);
#1848=EDGE_CURVE('',#1522,#1523,#620,.T.);
#1849=EDGE_CURVE('',#1523,#1524,#621,.T.);
#1850=EDGE_CURVE('',#1524,#1525,#622,.T.);
#1851=EDGE_CURVE('',#1526,#1525,#623,.T.);
#1852=EDGE_CURVE('',#1527,#1526,#624,.T.);
#1853=EDGE_CURVE('',#1528,#1527,#625,.T.);
#1854=EDGE_CURVE('',#1528,#1529,#626,.T.);
#1855=EDGE_CURVE('',#1530,#1529,#627,.T.);
#1856=EDGE_CURVE('',#1531,#1530,#628,.T.);
#1857=EDGE_CURVE('',#1531,#1532,#629,.T.);
#1858=EDGE_CURVE('',#1532,#1533,#630,.T.);
#1859=EDGE_CURVE('',#1533,#1534,#631,.T.);
#1860=EDGE_CURVE('',#1535,#1534,#632,.T.);
#1861=EDGE_CURVE('',#1536,#1535,#633,.T.);
#1862=EDGE_CURVE('',#1537,#1536,#634,.T.);
#1863=EDGE_CURVE('',#1537,#1538,#635,.T.);
#1864=EDGE_CURVE('',#1538,#1539,#636,.T.);
#1865=EDGE_CURVE('',#1513,#1539,#637,.T.);
#1866=EDGE_CURVE('',#1540,#1541,#638,.T.);
#1867=EDGE_CURVE('',#1541,#1542,#639,.T.);
#1868=EDGE_CURVE('',#1542,#1543,#640,.T.);
#1869=EDGE_CURVE('',#1543,#1540,#641,.T.);
#1870=EDGE_CURVE('',#1544,#1545,#642,.T.);
#1871=EDGE_CURVE('',#1541,#1544,#643,.T.);
#1872=EDGE_CURVE('',#1540,#1545,#644,.T.);
#1873=EDGE_CURVE('',#1545,#1546,#645,.T.);
#1874=EDGE_CURVE('',#1543,#1546,#646,.T.);
#1875=EDGE_CURVE('',#1546,#1547,#647,.T.);
#1876=EDGE_CURVE('',#1542,#1547,#648,.T.);
#1877=EDGE_CURVE('',#1547,#1544,#649,.T.);
#1878=EDGE_CURVE('',#1548,#1549,#650,.T.);
#1879=EDGE_CURVE('',#1549,#1550,#651,.T.);
#1880=EDGE_CURVE('',#1550,#1551,#652,.T.);
#1881=EDGE_CURVE('',#1551,#1548,#653,.T.);
#1882=EDGE_CURVE('',#1552,#1529,#654,.T.);
#1883=EDGE_CURVE('',#1553,#1552,#655,.T.);
#1884=EDGE_CURVE('',#1530,#1553,#656,.T.);
#1885=EDGE_CURVE('',#1554,#1553,#657,.T.);
#1886=EDGE_CURVE('',#1554,#1531,#658,.T.);
#1887=EDGE_CURVE('',#1555,#1556,#41,.T.);
#1888=EDGE_CURVE('',#1557,#1555,#659,.T.);
#1889=EDGE_CURVE('',#1558,#1557,#42,.T.);
#1890=EDGE_CURVE('',#1558,#1556,#660,.T.);
#1891=EDGE_CURVE('',#1559,#1560,#661,.T.);
#1892=EDGE_CURVE('',#1558,#1560,#662,.T.);
#1893=EDGE_CURVE('',#1559,#1557,#663,.T.);
#1894=EDGE_CURVE('',#1561,#1560,#664,.T.);
#1895=EDGE_CURVE('',#1527,#1561,#665,.T.);
#1896=EDGE_CURVE('',#1562,#1526,#666,.T.);
#1897=EDGE_CURVE('',#1563,#1562,#667,.T.);
#1898=EDGE_CURVE('',#1564,#1563,#668,.T.);
#1899=EDGE_CURVE('',#1564,#1558,#669,.T.);
#1900=EDGE_CURVE('',#1565,#1528,#670,.T.);
#1901=EDGE_CURVE('',#1552,#1565,#671,.T.);
#1902=EDGE_CURVE('',#1561,#1565,#672,.T.);
#1903=EDGE_CURVE('',#1566,#1559,#673,.T.);
#1904=EDGE_CURVE('',#1566,#1554,#674,.T.);
#1905=EDGE_CURVE('',#1567,#1568,#675,.T.);
#1906=EDGE_CURVE('',#1568,#1569,#676,.T.);
#1907=EDGE_CURVE('',#1569,#1570,#677,.T.);
#1908=EDGE_CURVE('',#1570,#1567,#678,.T.);
#1909=EDGE_CURVE('',#1570,#1571,#679,.T.);
#1910=EDGE_CURVE('',#1572,#1571,#680,.T.);
#1911=EDGE_CURVE('',#1567,#1572,#681,.T.);
#1912=EDGE_CURVE('',#1573,#1572,#682,.T.);
#1913=EDGE_CURVE('',#1568,#1573,#683,.T.);
#1914=EDGE_CURVE('',#1574,#1573,#684,.T.);
#1915=EDGE_CURVE('',#1569,#1574,#685,.T.);
#1916=EDGE_CURVE('',#1571,#1574,#686,.T.);
#1917=EDGE_CURVE('',#1575,#1576,#687,.T.);
#1918=EDGE_CURVE('',#1576,#1577,#688,.T.);
#1919=EDGE_CURVE('',#1578,#1577,#689,.T.);
#1920=EDGE_CURVE('',#1575,#1578,#690,.T.);
#1921=EDGE_CURVE('',#1579,#1575,#1460,.T.);
#1922=EDGE_CURVE('',#1580,#1578,#1461,.T.);
#1923=EDGE_CURVE('',#1579,#1580,#691,.T.);
#1924=EDGE_CURVE('',#1581,#1579,#692,.T.);
#1925=EDGE_CURVE('',#1582,#1580,#693,.T.);
#1926=EDGE_CURVE('',#1581,#1582,#694,.T.);
#1927=EDGE_CURVE('',#1583,#1581,#1462,.T.);
#1928=EDGE_CURVE('',#1584,#1582,#1463,.T.);
#1929=EDGE_CURVE('',#1583,#1584,#695,.T.);
#1930=EDGE_CURVE('',#1585,#1583,#696,.T.);
#1931=EDGE_CURVE('',#1586,#1584,#697,.T.);
#1932=EDGE_CURVE('',#1585,#1586,#698,.T.);
#1933=EDGE_CURVE('',#1587,#1585,#1464,.T.);
#1934=EDGE_CURVE('',#1588,#1586,#1465,.T.);
#1935=EDGE_CURVE('',#1587,#1588,#699,.T.);
#1936=EDGE_CURVE('',#1589,#1587,#700,.T.);
#1937=EDGE_CURVE('',#1590,#1588,#701,.T.);
#1938=EDGE_CURVE('',#1589,#1590,#702,.T.);
#1939=EDGE_CURVE('',#1576,#1589,#1466,.T.);
#1940=EDGE_CURVE('',#1577,#1590,#1467,.T.);
#1941=EDGE_CURVE('',#1591,#1592,#703,.T.);
#1942=EDGE_CURVE('',#1593,#1591,#704,.T.);
#1943=EDGE_CURVE('',#1594,#1593,#705,.T.);
#1944=EDGE_CURVE('',#1556,#1594,#706,.T.);
#1945=EDGE_CURVE('',#1595,#1564,#707,.T.);
#1946=EDGE_CURVE('',#1596,#1595,#708,.T.);
#1947=EDGE_CURVE('',#1597,#1596,#709,.T.);
#1948=EDGE_CURVE('',#1598,#1597,#710,.T.);
#1949=EDGE_CURVE('',#1599,#1598,#711,.T.);
#1950=EDGE_CURVE('',#1600,#1599,#712,.T.);
#1951=EDGE_CURVE('',#1601,#1600,#713,.T.);
#1952=EDGE_CURVE('',#1592,#1601,#714,.T.);
#1953=EDGE_CURVE('',#1602,#1603,#1468,.T.);
#1954=EDGE_CURVE('',#1603,#1604,#715,.T.);
#1955=EDGE_CURVE('',#1604,#1604,#1469,.T.);
#1956=EDGE_CURVE('',#1603,#1602,#1470,.T.);
#1957=EDGE_CURVE('',#1602,#1605,#716,.T.);
#1958=EDGE_CURVE('',#1602,#1605,#717,.T.);
#1959=EDGE_CURVE('',#1606,#1605,#718,.T.);
#1960=EDGE_CURVE('',#1607,#1606,#719,.T.);
#1961=EDGE_CURVE('',#1607,#1602,#720,.T.);
#1962=EDGE_CURVE('',#1608,#1607,#721,.T.);
#1963=EDGE_CURVE('',#1608,#1609,#722,.T.);
#1964=EDGE_CURVE('',#1521,#1609,#723,.T.);
#1965=EDGE_CURVE('',#1520,#1594,#724,.T.);
#1966=EDGE_CURVE('',#1610,#1593,#725,.T.);
#1967=EDGE_CURVE('',#1602,#1610,#726,.T.);
#1968=EDGE_CURVE('',#1611,#1591,#727,.T.);
#1969=EDGE_CURVE('',#1610,#1611,#728,.T.);
#1970=EDGE_CURVE('',#1605,#1611,#729,.T.);
#1971=EDGE_CURVE('',#1612,#1606,#730,.T.);
#1972=EDGE_CURVE('',#1612,#1608,#731,.T.);
#1973=EDGE_CURVE('',#1613,#1612,#732,.T.);
#1974=EDGE_CURVE('',#1614,#1613,#733,.T.);
#1975=EDGE_CURVE('',#1615,#1614,#734,.T.);
#1976=EDGE_CURVE('',#1616,#1615,#735,.T.);
#1977=EDGE_CURVE('',#1616,#1617,#736,.T.);
#1978=EDGE_CURVE('',#1617,#1618,#737,.T.);
#1979=EDGE_CURVE('',#1619,#1618,#738,.T.);
#1980=EDGE_CURVE('',#1620,#1619,#739,.T.);
#1981=EDGE_CURVE('',#1621,#1620,#740,.T.);
#1982=EDGE_CURVE('',#1621,#1622,#1471,.T.);
#1983=EDGE_CURVE('',#1623,#1622,#741,.T.);
#1984=EDGE_CURVE('',#1623,#1624,#1472,.T.);
#1985=EDGE_CURVE('',#1625,#1624,#742,.T.);
#1986=EDGE_CURVE('',#1609,#1625,#743,.T.);
#1987=EDGE_CURVE('',#1626,#1627,#31,.T.);
#1988=EDGE_CURVE('',#1628,#1626,#32,.T.);
#1989=EDGE_CURVE('',#1629,#1628,#33,.T.);
#1990=EDGE_CURVE('',#1627,#1629,#34,.T.);
#1991=EDGE_CURVE('',#1629,#1630,#1473,.T.);
#1992=EDGE_CURVE('',#1630,#1631,#744,.T.);
#1993=EDGE_CURVE('',#1631,#1627,#1474,.T.);
#1994=EDGE_CURVE('',#1631,#1632,#745,.T.);
#1995=EDGE_CURVE('',#1626,#1632,#746,.T.);
#1996=EDGE_CURVE('',#1633,#1628,#747,.T.);
#1997=EDGE_CURVE('',#1633,#1630,#748,.T.);
#1998=EDGE_CURVE('',#1634,#1632,#749,.T.);
#1999=EDGE_CURVE('',#1620,#1634,#750,.T.);
#2000=EDGE_CURVE('',#1635,#1619,#751,.T.);
#2001=EDGE_CURVE('',#1635,#1636,#752,.T.);
#2002=EDGE_CURVE('',#1522,#1636,#753,.T.);
#2003=EDGE_CURVE('',#1637,#1625,#754,.T.);
#2004=EDGE_CURVE('',#1633,#1637,#755,.T.);
#2005=EDGE_CURVE('',#1638,#1639,#1475,.T.);
#2006=EDGE_CURVE('',#1622,#1639,#756,.T.);
#2007=EDGE_CURVE('',#1638,#1621,#757,.T.);
#2008=EDGE_CURVE('',#1634,#1638,#758,.T.);
#2009=EDGE_CURVE('',#1640,#1641,#1476,.T.);
#2010=EDGE_CURVE('',#1624,#1641,#759,.T.);
#2011=EDGE_CURVE('',#1640,#1623,#760,.T.);
#2012=EDGE_CURVE('',#1637,#1641,#761,.T.);
#2013=EDGE_CURVE('',#1639,#1640,#762,.T.);
#2014=EDGE_CURVE('',#1595,#1642,#763,.T.);
#2015=EDGE_CURVE('',#1563,#1642,#764,.T.);
#2016=EDGE_CURVE('',#1643,#1644,#765,.T.);
#2017=EDGE_CURVE('',#1644,#1645,#766,.T.);
#2018=EDGE_CURVE('',#1645,#1646,#767,.T.);
#2019=EDGE_CURVE('',#1643,#1646,#768,.T.);
#2020=EDGE_CURVE('',#1644,#1647,#769,.T.);
#2021=EDGE_CURVE('',#1647,#1648,#770,.T.);
#2022=EDGE_CURVE('',#1648,#1645,#771,.T.);
#2023=EDGE_CURVE('',#1647,#1649,#772,.T.);
#2024=EDGE_CURVE('',#1649,#1650,#773,.T.);
#2025=EDGE_CURVE('',#1650,#1648,#774,.T.);
#2026=EDGE_CURVE('',#1649,#1643,#775,.T.);
#2027=EDGE_CURVE('',#1646,#1650,#776,.T.);
#2028=EDGE_CURVE('',#1595,#1644,#777,.T.);
#2029=EDGE_CURVE('',#1642,#1651,#778,.T.);
#2030=EDGE_CURVE('',#1651,#1615,#779,.T.);
#2031=EDGE_CURVE('',#1614,#1652,#780,.T.);
#2032=EDGE_CURVE('',#1652,#1653,#781,.T.);
#2033=EDGE_CURVE('',#1644,#1653,#782,.T.);
#2034=EDGE_CURVE('',#1654,#1600,#783,.T.);
#2035=EDGE_CURVE('',#1655,#1654,#784,.T.);
#2036=EDGE_CURVE('',#1601,#1655,#785,.T.);
#2037=EDGE_CURVE('',#1599,#1656,#786,.T.);
#2038=EDGE_CURVE('',#1656,#1654,#787,.T.);
#2039=EDGE_CURVE('',#1596,#1657,#788,.T.);
#2040=EDGE_CURVE('',#1657,#1658,#789,.T.);
#2041=EDGE_CURVE('',#1597,#1658,#790,.T.);
#2042=EDGE_CURVE('',#1653,#1657,#791,.T.);
#2043=EDGE_CURVE('',#1613,#1659,#792,.T.);
#2044=EDGE_CURVE('',#1659,#1652,#793,.T.);
#2045=EDGE_CURVE('',#1592,#1660,#794,.T.);
#2046=EDGE_CURVE('',#1660,#1659,#795,.T.);
#2047=EDGE_CURVE('',#1655,#1660,#796,.T.);
#2048=EDGE_CURVE('',#1598,#1661,#797,.T.);
#2049=EDGE_CURVE('',#1661,#1656,#798,.T.);
#2050=EDGE_CURVE('',#1658,#1661,#799,.T.);
#2051=EDGE_CURVE('',#1662,#1617,#800,.T.);
#2052=EDGE_CURVE('',#1662,#1663,#801,.T.);
#2053=EDGE_CURVE('',#1663,#1618,#802,.T.);
#2054=EDGE_CURVE('',#1651,#1664,#803,.T.);
#2055=EDGE_CURVE('',#1665,#1562,#804,.T.);
#2056=EDGE_CURVE('',#1664,#1665,#805,.T.);
#2057=EDGE_CURVE('',#1636,#1662,#806,.T.);
#2058=EDGE_CURVE('',#1635,#1663,#807,.T.);
#2059=EDGE_CURVE('',#1525,#1665,#808,.T.);
#2060=EDGE_CURVE('',#1524,#1664,#809,.T.);
#2061=EDGE_CURVE('',#1523,#1616,#810,.T.);
#2062=EDGE_CURVE('',#1666,#1667,#811,.T.);
#2063=EDGE_CURVE('',#1668,#1666,#812,.T.);
#2064=EDGE_CURVE('',#1669,#1668,#813,.T.);
#2065=EDGE_CURVE('',#1667,#1669,#814,.T.);
#2066=EDGE_CURVE('',#1666,#1670,#815,.T.);
#2067=EDGE_CURVE('',#1670,#1671,#816,.T.);
#2068=EDGE_CURVE('',#1668,#1671,#817,.T.);
#2069=EDGE_CURVE('',#1667,#1672,#818,.T.);
#2070=EDGE_CURVE('',#1672,#1670,#819,.T.);
#2071=EDGE_CURVE('',#1669,#1673,#820,.T.);
#2072=EDGE_CURVE('',#1673,#1672,#821,.T.);
#2073=EDGE_CURVE('',#1671,#1673,#822,.T.);
#2074=EDGE_CURVE('',#1674,#1675,#823,.T.);
#2075=EDGE_CURVE('',#1674,#1676,#824,.T.);
#2076=EDGE_CURVE('',#1676,#1677,#825,.T.);
#2077=EDGE_CURVE('',#1675,#1677,#826,.T.);
#2078=EDGE_CURVE('',#1678,#1674,#1477,.T.);
#2079=EDGE_CURVE('',#1678,#1679,#827,.T.);
#2080=EDGE_CURVE('',#1679,#1676,#1478,.T.);
#2081=EDGE_CURVE('',#1680,#1678,#828,.T.);
#2082=EDGE_CURVE('',#1680,#1681,#829,.T.);
#2083=EDGE_CURVE('',#1681,#1679,#830,.T.);
#2084=EDGE_CURVE('',#1682,#1680,#1479,.T.);
#2085=EDGE_CURVE('',#1682,#1683,#831,.T.);
#2086=EDGE_CURVE('',#1683,#1681,#1480,.T.);
#2087=EDGE_CURVE('',#1684,#1682,#832,.T.);
#2088=EDGE_CURVE('',#1684,#1685,#833,.T.);
#2089=EDGE_CURVE('',#1685,#1683,#834,.T.);
#2090=EDGE_CURVE('',#1686,#1684,#1481,.T.);
#2091=EDGE_CURVE('',#1686,#1687,#835,.T.);
#2092=EDGE_CURVE('',#1687,#1685,#1482,.T.);
#2093=EDGE_CURVE('',#1688,#1686,#836,.T.);
#2094=EDGE_CURVE('',#1688,#1689,#837,.T.);
#2095=EDGE_CURVE('',#1689,#1687,#838,.T.);
#2096=EDGE_CURVE('',#1675,#1688,#1483,.T.);
#2097=EDGE_CURVE('',#1677,#1689,#1484,.T.);
#2098=EDGE_CURVE('',#1690,#1691,#839,.T.);
#2099=EDGE_CURVE('',#1691,#1692,#840,.T.);
#2100=EDGE_CURVE('',#1692,#1693,#841,.T.);
#2101=EDGE_CURVE('',#1693,#1694,#842,.T.);
#2102=EDGE_CURVE('',#1694,#1695,#843,.T.);
#2103=EDGE_CURVE('',#1695,#1696,#844,.T.);
#2104=EDGE_CURVE('',#1696,#1697,#845,.T.);
#2105=EDGE_CURVE('',#1697,#1698,#846,.T.);
#2106=EDGE_CURVE('',#1698,#1699,#847,.T.);
#2107=EDGE_CURVE('',#1699,#1557,#848,.T.);
#2108=EDGE_CURVE('',#1555,#1700,#849,.T.);
#2109=EDGE_CURVE('',#1700,#1701,#850,.T.);
#2110=EDGE_CURVE('',#1701,#1690,#851,.T.);
#2111=EDGE_CURVE('',#1702,#1703,#1485,.T.);
#2112=EDGE_CURVE('',#1702,#1704,#852,.T.);
#2113=EDGE_CURVE('',#1702,#1704,#853,.T.);
#2114=EDGE_CURVE('',#1703,#1702,#1486,.T.);
#2115=EDGE_CURVE('',#1703,#1705,#854,.T.);
#2116=EDGE_CURVE('',#1705,#1705,#1487,.T.);
#2117=EDGE_CURVE('',#1706,#1702,#855,.T.);
#2118=EDGE_CURVE('',#1706,#1707,#856,.T.);
#2119=EDGE_CURVE('',#1707,#1704,#857,.T.);
#2120=EDGE_CURVE('',#1708,#1706,#858,.T.);
#2121=EDGE_CURVE('',#1702,#1709,#859,.T.);
#2122=EDGE_CURVE('',#1709,#1701,#860,.T.);
#2123=EDGE_CURVE('',#1539,#1700,#861,.T.);
#2124=EDGE_CURVE('',#1538,#1710,#862,.T.);
#2125=EDGE_CURVE('',#1708,#1710,#863,.T.);
#2126=EDGE_CURVE('',#1711,#1690,#864,.T.);
#2127=EDGE_CURVE('',#1709,#1711,#865,.T.);
#2128=EDGE_CURVE('',#1704,#1711,#866,.T.);
#2129=EDGE_CURVE('',#1712,#1707,#867,.T.);
#2130=EDGE_CURVE('',#1712,#1708,#868,.T.);
#2131=EDGE_CURVE('',#1713,#1712,#869,.T.);
#2132=EDGE_CURVE('',#1710,#1714,#870,.T.);
#2133=EDGE_CURVE('',#1714,#1715,#871,.T.);
#2134=EDGE_CURVE('',#1716,#1715,#1488,.T.);
#2135=EDGE_CURVE('',#1716,#1717,#872,.T.);
#2136=EDGE_CURVE('',#1718,#1717,#1489,.T.);
#2137=EDGE_CURVE('',#1718,#1719,#873,.T.);
#2138=EDGE_CURVE('',#1719,#1720,#874,.T.);
#2139=EDGE_CURVE('',#1720,#1721,#875,.T.);
#2140=EDGE_CURVE('',#1722,#1721,#876,.T.);
#2141=EDGE_CURVE('',#1723,#1722,#877,.T.);
#2142=EDGE_CURVE('',#1723,#1724,#878,.T.);
#2143=EDGE_CURVE('',#1724,#1725,#879,.T.);
#2144=EDGE_CURVE('',#1725,#1713,#880,.T.);
#2145=EDGE_CURVE('',#1726,#1727,#35,.T.);
#2146=EDGE_CURVE('',#1727,#1728,#36,.T.);
#2147=EDGE_CURVE('',#1728,#1729,#37,.T.);
#2148=EDGE_CURVE('',#1729,#1726,#38,.T.);
#2149=EDGE_CURVE('',#1730,#1727,#1490,.T.);
#2150=EDGE_CURVE('',#1731,#1730,#881,.T.);
#2151=EDGE_CURVE('',#1728,#1731,#1491,.T.);
#2152=EDGE_CURVE('',#1726,#1732,#882,.T.);
#2153=EDGE_CURVE('',#1730,#1732,#883,.T.);
#2154=EDGE_CURVE('',#1733,#1731,#884,.T.);
#2155=EDGE_CURVE('',#1733,#1729,#885,.T.);
#2156=EDGE_CURVE('',#1733,#1734,#886,.T.);
#2157=EDGE_CURVE('',#1734,#1714,#887,.T.);
#2158=EDGE_CURVE('',#1537,#1735,#888,.T.);
#2159=EDGE_CURVE('',#1736,#1735,#889,.T.);
#2160=EDGE_CURVE('',#1736,#1720,#890,.T.);
#2161=EDGE_CURVE('',#1719,#1737,#891,.T.);
#2162=EDGE_CURVE('',#1737,#1732,#892,.T.);
#2163=EDGE_CURVE('',#1738,#1739,#1492,.T.);
#2164=EDGE_CURVE('',#1738,#1718,#893,.T.);
#2165=EDGE_CURVE('',#1717,#1739,#894,.T.);
#2166=EDGE_CURVE('',#1737,#1738,#895,.T.);
#2167=EDGE_CURVE('',#1740,#1741,#1493,.T.);
#2168=EDGE_CURVE('',#1740,#1716,#896,.T.);
#2169=EDGE_CURVE('',#1715,#1741,#897,.T.);
#2170=EDGE_CURVE('',#1739,#1740,#898,.T.);
#2171=EDGE_CURVE('',#1734,#1741,#899,.T.);
#2172=EDGE_CURVE('',#1698,#1742,#900,.T.);
#2173=EDGE_CURVE('',#1743,#1742,#901,.T.);
#2174=EDGE_CURVE('',#1699,#1743,#902,.T.);
#2175=EDGE_CURVE('',#1743,#1744,#903,.T.);
#2176=EDGE_CURVE('',#1744,#1533,#904,.T.);
#2177=EDGE_CURVE('',#1532,#1566,#905,.T.);
#2178=EDGE_CURVE('',#1745,#1746,#906,.T.);
#2179=EDGE_CURVE('',#1745,#1747,#907,.T.);
#2180=EDGE_CURVE('',#1748,#1747,#908,.T.);
#2181=EDGE_CURVE('',#1746,#1748,#909,.T.);
#2182=EDGE_CURVE('',#1746,#1749,#910,.T.);
#2183=EDGE_CURVE('',#1750,#1748,#911,.T.);
#2184=EDGE_CURVE('',#1749,#1750,#912,.T.);
#2185=EDGE_CURVE('',#1749,#1751,#913,.T.);
#2186=EDGE_CURVE('',#1752,#1750,#914,.T.);
#2187=EDGE_CURVE('',#1751,#1752,#915,.T.);
#2188=EDGE_CURVE('',#1751,#1745,#916,.T.);
#2189=EDGE_CURVE('',#1747,#1752,#917,.T.);
#2190=EDGE_CURVE('',#1698,#1746,#918,.T.);
#2191=EDGE_CURVE('',#1746,#1753,#919,.T.);
#2192=EDGE_CURVE('',#1754,#1753,#920,.T.);
#2193=EDGE_CURVE('',#1725,#1754,#921,.T.);
#2194=EDGE_CURVE('',#1755,#1724,#922,.T.);
#2195=EDGE_CURVE('',#1742,#1755,#923,.T.);
#2196=EDGE_CURVE('',#1692,#1756,#924,.T.);
#2197=EDGE_CURVE('',#1756,#1757,#925,.T.);
#2198=EDGE_CURVE('',#1757,#1693,#926,.T.);
#2199=EDGE_CURVE('',#1758,#1757,#927,.T.);
#2200=EDGE_CURVE('',#1694,#1758,#928,.T.);
#2201=EDGE_CURVE('',#1696,#1759,#929,.T.);
#2202=EDGE_CURVE('',#1760,#1759,#930,.T.);
#2203=EDGE_CURVE('',#1697,#1760,#931,.T.);
#2204=EDGE_CURVE('',#1753,#1760,#932,.T.);
#2205=EDGE_CURVE('',#1761,#1754,#933,.T.);
#2206=EDGE_CURVE('',#1713,#1761,#934,.T.);
#2207=EDGE_CURVE('',#1762,#1761,#935,.T.);
#2208=EDGE_CURVE('',#1691,#1762,#936,.T.);
#2209=EDGE_CURVE('',#1756,#1762,#937,.T.);
#2210=EDGE_CURVE('',#1763,#1758,#938,.T.);
#2211=EDGE_CURVE('',#1695,#1763,#939,.T.);
#2212=EDGE_CURVE('',#1759,#1763,#940,.T.);
#2213=EDGE_CURVE('',#1764,#1721,#941,.T.);
#2214=EDGE_CURVE('',#1765,#1764,#942,.T.);
#2215=EDGE_CURVE('',#1765,#1722,#943,.T.);
#2216=EDGE_CURVE('',#1755,#1766,#944,.T.);
#2217=EDGE_CURVE('',#1766,#1767,#945,.T.);
#2218=EDGE_CURVE('',#1767,#1744,#946,.T.);
#2219=EDGE_CURVE('',#1736,#1764,#947,.T.);
#2220=EDGE_CURVE('',#1735,#1765,#948,.T.);
#2221=EDGE_CURVE('',#1534,#1767,#949,.T.);
#2222=EDGE_CURVE('',#1535,#1766,#950,.T.);
#2223=EDGE_CURVE('',#1536,#1723,#951,.T.);
#2224=EDGE_CURVE('',#1768,#1551,#952,.T.);
#2225=EDGE_CURVE('',#1768,#1769,#953,.T.);
#2226=EDGE_CURVE('',#1769,#1548,#954,.T.);
#2227=EDGE_CURVE('',#1770,#1768,#955,.T.);
#2228=EDGE_CURVE('',#1771,#1770,#956,.T.);
#2229=EDGE_CURVE('',#1769,#1771,#957,.T.);
#2230=EDGE_CURVE('',#1771,#1549,#958,.T.);
#2231=EDGE_CURVE('',#1770,#1550,#959,.T.);
#2232=EDGE_CURVE('',#1772,#1773,#1494,.T.);
#2233=EDGE_CURVE('',#1773,#1774,#960,.T.);
#2234=EDGE_CURVE('',#1774,#1775,#1495,.T.);
#2235=EDGE_CURVE('',#1775,#1772,#961,.T.);
#2236=EDGE_CURVE('',#1773,#1776,#962,.T.);
#2237=EDGE_CURVE('',#1776,#1777,#963,.T.);
#2238=EDGE_CURVE('',#1777,#1778,#964,.T.);
#2239=EDGE_CURVE('',#1778,#1774,#965,.T.);
#2240=EDGE_CURVE('',#1779,#1772,#966,.T.);
#2241=EDGE_CURVE('',#1779,#1780,#967,.T.);
#2242=EDGE_CURVE('',#1780,#1776,#968,.T.);
#2243=EDGE_CURVE('',#1780,#1781,#969,.T.);
#2244=EDGE_CURVE('',#1781,#1777,#970,.T.);
#2245=EDGE_CURVE('',#1782,#1775,#971,.T.);
#2246=EDGE_CURVE('',#1782,#1779,#972,.T.);
#2247=EDGE_CURVE('',#1783,#1778,#973,.T.);
#2248=EDGE_CURVE('',#1783,#1782,#974,.T.);
#2249=EDGE_CURVE('',#1781,#1783,#975,.T.);
#2250=EDGE_CURVE('',#1784,#1785,#976,.T.);
#2251=EDGE_CURVE('',#1784,#1786,#977,.T.);
#2252=EDGE_CURVE('',#1787,#1786,#978,.T.);
#2253=EDGE_CURVE('',#1785,#1787,#979,.T.);
#2254=EDGE_CURVE('',#1785,#1788,#980,.T.);
#2255=EDGE_CURVE('',#1789,#1787,#981,.T.);
#2256=EDGE_CURVE('',#1788,#1789,#982,.T.);
#2257=EDGE_CURVE('',#1784,#1788,#1496,.T.);
#2258=EDGE_CURVE('',#1786,#1789,#1497,.T.);
#2259=EDGE_CURVE('',#1790,#1791,#983,.T.);
#2260=EDGE_CURVE('',#1791,#1792,#984,.T.);
#2261=EDGE_CURVE('',#1793,#1792,#985,.T.);
#2262=EDGE_CURVE('',#1790,#1793,#986,.T.);
#2263=EDGE_CURVE('',#1794,#1790,#1498,.T.);
#2264=EDGE_CURVE('',#1795,#1793,#1499,.T.);
#2265=EDGE_CURVE('',#1794,#1795,#987,.T.);
#2266=EDGE_CURVE('',#1791,#1794,#988,.T.);
#2267=EDGE_CURVE('',#1792,#1795,#989,.T.);
#2268=EDGE_CURVE('',#1796,#1797,#990,.T.);
#2269=EDGE_CURVE('',#1797,#1798,#991,.T.);
#2270=EDGE_CURVE('',#1799,#1798,#992,.T.);
#2271=EDGE_CURVE('',#1796,#1799,#993,.T.);
#2272=EDGE_CURVE('',#1797,#1800,#1500,.T.);
#2273=EDGE_CURVE('',#1801,#1800,#994,.T.);
#2274=EDGE_CURVE('',#1798,#1801,#1501,.T.);
#2275=EDGE_CURVE('',#1802,#1796,#995,.T.);
#2276=EDGE_CURVE('',#1803,#1802,#996,.T.);
#2277=EDGE_CURVE('',#1800,#1803,#997,.T.);
#2278=EDGE_CURVE('',#1799,#1804,#998,.T.);
#2279=EDGE_CURVE('',#1804,#1802,#999,.T.);
#2280=EDGE_CURVE('',#1805,#1803,#1000,.T.);
#2281=EDGE_CURVE('',#1801,#1805,#1001,.T.);
#2282=EDGE_CURVE('',#1804,#1805,#1002,.T.);
#2283=EDGE_CURVE('',#1806,#1807,#1003,.T.);
#2284=EDGE_CURVE('',#1807,#1808,#1004,.T.);
#2285=EDGE_CURVE('',#1808,#1809,#1005,.T.);
#2286=EDGE_CURVE('',#1806,#1809,#1006,.T.);
#2287=EDGE_CURVE('',#1807,#1810,#1007,.T.);
#2288=EDGE_CURVE('',#1810,#1811,#1008,.T.);
#2289=EDGE_CURVE('',#1811,#1808,#1009,.T.);
#2290=EDGE_CURVE('',#1806,#1810,#1502,.T.);
#2291=EDGE_CURVE('',#1809,#1811,#1503,.T.);
#2292=EDGE_CURVE('',#1812,#1813,#1010,.T.);
#2293=EDGE_CURVE('',#1812,#1814,#1011,.T.);
#2294=EDGE_CURVE('',#1814,#1815,#1012,.T.);
#2295=EDGE_CURVE('',#1813,#1815,#1013,.T.);
#2296=EDGE_CURVE('',#1816,#1812,#1504,.T.);
#2297=EDGE_CURVE('',#1816,#1817,#1014,.T.);
#2298=EDGE_CURVE('',#1817,#1814,#1505,.T.);
#2299=EDGE_CURVE('',#1813,#1816,#1015,.T.);
#2300=EDGE_CURVE('',#1815,#1817,#1016,.T.);
#2301=EDGE_CURVE('',#1818,#1819,#1017,.T.);
#2302=EDGE_CURVE('',#1819,#1820,#1018,.T.);
#2303=EDGE_CURVE('',#1820,#1821,#1019,.T.);
#2304=EDGE_CURVE('',#1821,#1818,#1020,.T.);
#2305=EDGE_CURVE('',#1819,#1822,#1021,.T.);
#2306=EDGE_CURVE('',#1823,#1822,#1022,.T.);
#2307=EDGE_CURVE('',#1820,#1823,#1023,.T.);
#2308=EDGE_CURVE('',#1824,#1823,#1024,.T.);
#2309=EDGE_CURVE('',#1821,#1824,#1025,.T.);
#2310=EDGE_CURVE('',#1825,#1824,#1026,.T.);
#2311=EDGE_CURVE('',#1818,#1825,#1027,.T.);
#2312=EDGE_CURVE('',#1822,#1825,#1028,.T.);
#2313=EDGE_CURVE('',#1826,#1826,#1506,.T.);
#2314=EDGE_CURVE('',#1826,#1827,#1029,.T.);
#2315=EDGE_CURVE('',#1827,#1827,#1507,.T.);
#2316=ORIENTED_EDGE('',*,*,#1828,.F.);
#2317=ORIENTED_EDGE('',*,*,#1829,.T.);
#2318=ORIENTED_EDGE('',*,*,#1830,.T.);
#2319=ORIENTED_EDGE('',*,*,#1829,.F.);
#2320=ORIENTED_EDGE('',*,*,#1830,.F.);
#2321=ORIENTED_EDGE('',*,*,#1831,.F.);
#2322=ORIENTED_EDGE('',*,*,#1832,.T.);
#2323=ORIENTED_EDGE('',*,*,#1833,.T.);
#2324=ORIENTED_EDGE('',*,*,#1832,.F.);
#2325=ORIENTED_EDGE('',*,*,#1833,.F.);
#2326=ORIENTED_EDGE('',*,*,#1834,.F.);
#2327=ORIENTED_EDGE('',*,*,#1835,.T.);
#2328=ORIENTED_EDGE('',*,*,#1836,.T.);
#2329=ORIENTED_EDGE('',*,*,#1837,.F.);
#2330=ORIENTED_EDGE('',*,*,#1838,.F.);
#2331=ORIENTED_EDGE('',*,*,#1839,.T.);
#2332=ORIENTED_EDGE('',*,*,#1840,.T.);
#2333=ORIENTED_EDGE('',*,*,#1835,.F.);
#2334=ORIENTED_EDGE('',*,*,#1841,.F.);
#2335=ORIENTED_EDGE('',*,*,#1842,.F.);
#2336=ORIENTED_EDGE('',*,*,#1843,.T.);
#2337=ORIENTED_EDGE('',*,*,#1839,.F.);
#2338=ORIENTED_EDGE('',*,*,#1844,.F.);
#2339=ORIENTED_EDGE('',*,*,#1836,.F.);
#2340=ORIENTED_EDGE('',*,*,#1840,.F.);
#2341=ORIENTED_EDGE('',*,*,#1843,.F.);
#2342=ORIENTED_EDGE('',*,*,#1837,.T.);
#2343=ORIENTED_EDGE('',*,*,#1844,.T.);
#2344=ORIENTED_EDGE('',*,*,#1842,.T.);
#2345=ORIENTED_EDGE('',*,*,#1845,.F.);
#2346=ORIENTED_EDGE('',*,*,#1846,.F.);
#2347=ORIENTED_EDGE('',*,*,#1847,.F.);
#2348=ORIENTED_EDGE('',*,*,#1848,.T.);
#2349=ORIENTED_EDGE('',*,*,#1849,.T.);
#2350=ORIENTED_EDGE('',*,*,#1850,.T.);
#2351=ORIENTED_EDGE('',*,*,#1851,.F.);
#2352=ORIENTED_EDGE('',*,*,#1852,.F.);
#2353=ORIENTED_EDGE('',*,*,#1853,.F.);
#2354=ORIENTED_EDGE('',*,*,#1854,.T.);
#2355=ORIENTED_EDGE('',*,*,#1855,.F.);
#2356=ORIENTED_EDGE('',*,*,#1856,.F.);
#2357=ORIENTED_EDGE('',*,*,#1857,.T.);
#2358=ORIENTED_EDGE('',*,*,#1858,.T.);
#2359=ORIENTED_EDGE('',*,*,#1859,.T.);
#2360=ORIENTED_EDGE('',*,*,#1860,.F.);
#2361=ORIENTED_EDGE('',*,*,#1861,.F.);
#2362=ORIENTED_EDGE('',*,*,#1862,.F.);
#2363=ORIENTED_EDGE('',*,*,#1863,.T.);
#2364=ORIENTED_EDGE('',*,*,#1864,.T.);
#2365=ORIENTED_EDGE('',*,*,#1865,.F.);
#2366=ORIENTED_EDGE('',*,*,#1866,.T.);
#2367=ORIENTED_EDGE('',*,*,#1867,.T.);
#2368=ORIENTED_EDGE('',*,*,#1868,.T.);
#2369=ORIENTED_EDGE('',*,*,#1869,.T.);
#2370=ORIENTED_EDGE('',*,*,#1870,.F.);
#2371=ORIENTED_EDGE('',*,*,#1871,.F.);
#2372=ORIENTED_EDGE('',*,*,#1866,.F.);
#2373=ORIENTED_EDGE('',*,*,#1872,.T.);
#2374=ORIENTED_EDGE('',*,*,#1873,.F.);
#2375=ORIENTED_EDGE('',*,*,#1872,.F.);
#2376=ORIENTED_EDGE('',*,*,#1869,.F.);
#2377=ORIENTED_EDGE('',*,*,#1874,.T.);
#2378=ORIENTED_EDGE('',*,*,#1875,.F.);
#2379=ORIENTED_EDGE('',*,*,#1874,.F.);
#2380=ORIENTED_EDGE('',*,*,#1868,.F.);
#2381=ORIENTED_EDGE('',*,*,#1876,.T.);
#2382=ORIENTED_EDGE('',*,*,#1877,.F.);
#2383=ORIENTED_EDGE('',*,*,#1876,.F.);
#2384=ORIENTED_EDGE('',*,*,#1867,.F.);
#2385=ORIENTED_EDGE('',*,*,#1871,.T.);
#2386=ORIENTED_EDGE('',*,*,#1878,.T.);
#2387=ORIENTED_EDGE('',*,*,#1879,.T.);
#2388=ORIENTED_EDGE('',*,*,#1880,.T.);
#2389=ORIENTED_EDGE('',*,*,#1881,.T.);
#2390=ORIENTED_EDGE('',*,*,#1882,.F.);
#2391=ORIENTED_EDGE('',*,*,#1883,.F.);
#2392=ORIENTED_EDGE('',*,*,#1884,.F.);
#2393=ORIENTED_EDGE('',*,*,#1855,.T.);
#2394=ORIENTED_EDGE('',*,*,#1884,.T.);
#2395=ORIENTED_EDGE('',*,*,#1885,.F.);
#2396=ORIENTED_EDGE('',*,*,#1886,.T.);
#2397=ORIENTED_EDGE('',*,*,#1856,.T.);
#2398=ORIENTED_EDGE('',*,*,#1887,.F.);
#2399=ORIENTED_EDGE('',*,*,#1888,.F.);
#2400=ORIENTED_EDGE('',*,*,#1889,.F.);
#2401=ORIENTED_EDGE('',*,*,#1890,.T.);
#2402=ORIENTED_EDGE('',*,*,#1891,.T.);
#2403=ORIENTED_EDGE('',*,*,#1892,.F.);
#2404=ORIENTED_EDGE('',*,*,#1889,.T.);
#2405=ORIENTED_EDGE('',*,*,#1893,.F.);
#2406=ORIENTED_EDGE('',*,*,#1892,.T.);
#2407=ORIENTED_EDGE('',*,*,#1894,.F.);
#2408=ORIENTED_EDGE('',*,*,#1895,.F.);
#2409=ORIENTED_EDGE('',*,*,#1852,.T.);
#2410=ORIENTED_EDGE('',*,*,#1896,.F.);
#2411=ORIENTED_EDGE('',*,*,#1897,.F.);
#2412=ORIENTED_EDGE('',*,*,#1898,.F.);
#2413=ORIENTED_EDGE('',*,*,#1899,.T.);
#2414=ORIENTED_EDGE('',*,*,#1882,.T.);
#2415=ORIENTED_EDGE('',*,*,#1854,.F.);
#2416=ORIENTED_EDGE('',*,*,#1900,.F.);
#2417=ORIENTED_EDGE('',*,*,#1901,.F.);
#2418=ORIENTED_EDGE('',*,*,#1901,.T.);
#2419=ORIENTED_EDGE('',*,*,#1902,.F.);
#2420=ORIENTED_EDGE('',*,*,#1894,.T.);
#2421=ORIENTED_EDGE('',*,*,#1891,.F.);
#2422=ORIENTED_EDGE('',*,*,#1903,.F.);
#2423=ORIENTED_EDGE('',*,*,#1904,.T.);
#2424=ORIENTED_EDGE('',*,*,#1885,.T.);
#2425=ORIENTED_EDGE('',*,*,#1883,.T.);
#2426=ORIENTED_EDGE('',*,*,#1900,.T.);
#2427=ORIENTED_EDGE('',*,*,#1853,.T.);
#2428=ORIENTED_EDGE('',*,*,#1895,.T.);
#2429=ORIENTED_EDGE('',*,*,#1902,.T.);
#2430=ORIENTED_EDGE('',*,*,#1905,.T.);
#2431=ORIENTED_EDGE('',*,*,#1906,.T.);
#2432=ORIENTED_EDGE('',*,*,#1907,.T.);
#2433=ORIENTED_EDGE('',*,*,#1908,.T.);
#2434=ORIENTED_EDGE('',*,*,#1908,.F.);
#2435=ORIENTED_EDGE('',*,*,#1909,.T.);
#2436=ORIENTED_EDGE('',*,*,#1910,.F.);
#2437=ORIENTED_EDGE('',*,*,#1911,.F.);
#2438=ORIENTED_EDGE('',*,*,#1905,.F.);
#2439=ORIENTED_EDGE('',*,*,#1911,.T.);
#2440=ORIENTED_EDGE('',*,*,#1912,.F.);
#2441=ORIENTED_EDGE('',*,*,#1913,.F.);
#2442=ORIENTED_EDGE('',*,*,#1906,.F.);
#2443=ORIENTED_EDGE('',*,*,#1913,.T.);
#2444=ORIENTED_EDGE('',*,*,#1914,.F.);
#2445=ORIENTED_EDGE('',*,*,#1915,.F.);
#2446=ORIENTED_EDGE('',*,*,#1907,.F.);
#2447=ORIENTED_EDGE('',*,*,#1915,.T.);
#2448=ORIENTED_EDGE('',*,*,#1916,.F.);
#2449=ORIENTED_EDGE('',*,*,#1909,.F.);
#2450=ORIENTED_EDGE('',*,*,#1917,.T.);
#2451=ORIENTED_EDGE('',*,*,#1918,.T.);
#2452=ORIENTED_EDGE('',*,*,#1919,.F.);
#2453=ORIENTED_EDGE('',*,*,#1920,.F.);
#2454=ORIENTED_EDGE('',*,*,#1921,.T.);
#2455=ORIENTED_EDGE('',*,*,#1920,.T.);
#2456=ORIENTED_EDGE('',*,*,#1922,.F.);
#2457=ORIENTED_EDGE('',*,*,#1923,.F.);
#2458=ORIENTED_EDGE('',*,*,#1924,.T.);
#2459=ORIENTED_EDGE('',*,*,#1923,.T.);
#2460=ORIENTED_EDGE('',*,*,#1925,.F.);
#2461=ORIENTED_EDGE('',*,*,#1926,.F.);
#2462=ORIENTED_EDGE('',*,*,#1927,.T.);
#2463=ORIENTED_EDGE('',*,*,#1926,.T.);
#2464=ORIENTED_EDGE('',*,*,#1928,.F.);
#2465=ORIENTED_EDGE('',*,*,#1929,.F.);
#2466=ORIENTED_EDGE('',*,*,#1930,.T.);
#2467=ORIENTED_EDGE('',*,*,#1929,.T.);
#2468=ORIENTED_EDGE('',*,*,#1931,.F.);
#2469=ORIENTED_EDGE('',*,*,#1932,.F.);
#2470=ORIENTED_EDGE('',*,*,#1933,.T.);
#2471=ORIENTED_EDGE('',*,*,#1932,.T.);
#2472=ORIENTED_EDGE('',*,*,#1934,.F.);
#2473=ORIENTED_EDGE('',*,*,#1935,.F.);
#2474=ORIENTED_EDGE('',*,*,#1936,.T.);
#2475=ORIENTED_EDGE('',*,*,#1935,.T.);
#2476=ORIENTED_EDGE('',*,*,#1937,.F.);
#2477=ORIENTED_EDGE('',*,*,#1938,.F.);
#2478=ORIENTED_EDGE('',*,*,#1939,.T.);
#2479=ORIENTED_EDGE('',*,*,#1938,.T.);
#2480=ORIENTED_EDGE('',*,*,#1940,.F.);
#2481=ORIENTED_EDGE('',*,*,#1918,.F.);
#2482=ORIENTED_EDGE('',*,*,#1940,.T.);
#2483=ORIENTED_EDGE('',*,*,#1937,.T.);
#2484=ORIENTED_EDGE('',*,*,#1934,.T.);
#2485=ORIENTED_EDGE('',*,*,#1931,.T.);
#2486=ORIENTED_EDGE('',*,*,#1928,.T.);
#2487=ORIENTED_EDGE('',*,*,#1925,.T.);
#2488=ORIENTED_EDGE('',*,*,#1922,.T.);
#2489=ORIENTED_EDGE('',*,*,#1919,.T.);
#2490=ORIENTED_EDGE('',*,*,#1910,.T.);
#2491=ORIENTED_EDGE('',*,*,#1916,.T.);
#2492=ORIENTED_EDGE('',*,*,#1914,.T.);
#2493=ORIENTED_EDGE('',*,*,#1912,.T.);
#2494=ORIENTED_EDGE('',*,*,#1941,.F.);
#2495=ORIENTED_EDGE('',*,*,#1942,.F.);
#2496=ORIENTED_EDGE('',*,*,#1943,.F.);
#2497=ORIENTED_EDGE('',*,*,#1944,.F.);
#2498=ORIENTED_EDGE('',*,*,#1890,.F.);
#2499=ORIENTED_EDGE('',*,*,#1899,.F.);
#2500=ORIENTED_EDGE('',*,*,#1945,.F.);
#2501=ORIENTED_EDGE('',*,*,#1946,.F.);
#2502=ORIENTED_EDGE('',*,*,#1947,.F.);
#2503=ORIENTED_EDGE('',*,*,#1948,.F.);
#2504=ORIENTED_EDGE('',*,*,#1949,.F.);
#2505=ORIENTED_EDGE('',*,*,#1950,.F.);
#2506=ORIENTED_EDGE('',*,*,#1951,.F.);
#2507=ORIENTED_EDGE('',*,*,#1952,.F.);
#2508=ORIENTED_EDGE('',*,*,#1831,.T.);
#2509=ORIENTED_EDGE('',*,*,#1917,.F.);
#2510=ORIENTED_EDGE('',*,*,#1921,.F.);
#2511=ORIENTED_EDGE('',*,*,#1924,.F.);
#2512=ORIENTED_EDGE('',*,*,#1927,.F.);
#2513=ORIENTED_EDGE('',*,*,#1930,.F.);
#2514=ORIENTED_EDGE('',*,*,#1933,.F.);
#2515=ORIENTED_EDGE('',*,*,#1936,.F.);
#2516=ORIENTED_EDGE('',*,*,#1939,.F.);
#2517=ORIENTED_EDGE('',*,*,#1953,.T.);
#2518=ORIENTED_EDGE('',*,*,#1954,.T.);
#2519=ORIENTED_EDGE('',*,*,#1955,.F.);
#2520=ORIENTED_EDGE('',*,*,#1954,.F.);
#2521=ORIENTED_EDGE('',*,*,#1956,.T.);
#2522=ORIENTED_EDGE('',*,*,#1957,.T.);
#2523=ORIENTED_EDGE('',*,*,#1958,.F.);
#2524=ORIENTED_EDGE('',*,*,#1955,.T.);
#2525=ORIENTED_EDGE('',*,*,#1958,.T.);
#2526=ORIENTED_EDGE('',*,*,#1959,.F.);
#2527=ORIENTED_EDGE('',*,*,#1960,.F.);
#2528=ORIENTED_EDGE('',*,*,#1961,.T.);
#2529=ORIENTED_EDGE('',*,*,#1962,.F.);
#2530=ORIENTED_EDGE('',*,*,#1963,.T.);
#2531=ORIENTED_EDGE('',*,*,#1964,.F.);
#2532=ORIENTED_EDGE('',*,*,#1846,.T.);
#2533=ORIENTED_EDGE('',*,*,#1965,.T.);
#2534=ORIENTED_EDGE('',*,*,#1943,.T.);
#2535=ORIENTED_EDGE('',*,*,#1966,.F.);
#2536=ORIENTED_EDGE('',*,*,#1967,.F.);
#2537=ORIENTED_EDGE('',*,*,#1956,.F.);
#2538=ORIENTED_EDGE('',*,*,#1953,.F.);
#2539=ORIENTED_EDGE('',*,*,#1961,.F.);
#2540=ORIENTED_EDGE('',*,*,#1968,.F.);
#2541=ORIENTED_EDGE('',*,*,#1969,.F.);
#2542=ORIENTED_EDGE('',*,*,#1966,.T.);
#2543=ORIENTED_EDGE('',*,*,#1942,.T.);
#2544=ORIENTED_EDGE('',*,*,#1957,.F.);
#2545=ORIENTED_EDGE('',*,*,#1967,.T.);
#2546=ORIENTED_EDGE('',*,*,#1969,.T.);
#2547=ORIENTED_EDGE('',*,*,#1970,.F.);
#2548=ORIENTED_EDGE('',*,*,#1971,.F.);
#2549=ORIENTED_EDGE('',*,*,#1972,.T.);
#2550=ORIENTED_EDGE('',*,*,#1962,.T.);
#2551=ORIENTED_EDGE('',*,*,#1960,.T.);
#2552=ORIENTED_EDGE('',*,*,#1973,.F.);
#2553=ORIENTED_EDGE('',*,*,#1974,.F.);
#2554=ORIENTED_EDGE('',*,*,#1975,.F.);
#2555=ORIENTED_EDGE('',*,*,#1976,.F.);
#2556=ORIENTED_EDGE('',*,*,#1977,.T.);
#2557=ORIENTED_EDGE('',*,*,#1978,.T.);
#2558=ORIENTED_EDGE('',*,*,#1979,.F.);
#2559=ORIENTED_EDGE('',*,*,#1980,.F.);
#2560=ORIENTED_EDGE('',*,*,#1981,.F.);
#2561=ORIENTED_EDGE('',*,*,#1982,.T.);
#2562=ORIENTED_EDGE('',*,*,#1983,.F.);
#2563=ORIENTED_EDGE('',*,*,#1984,.T.);
#2564=ORIENTED_EDGE('',*,*,#1985,.F.);
#2565=ORIENTED_EDGE('',*,*,#1986,.F.);
#2566=ORIENTED_EDGE('',*,*,#1963,.F.);
#2567=ORIENTED_EDGE('',*,*,#1972,.F.);
#2568=ORIENTED_EDGE('',*,*,#1987,.F.);
#2569=ORIENTED_EDGE('',*,*,#1988,.F.);
#2570=ORIENTED_EDGE('',*,*,#1989,.F.);
#2571=ORIENTED_EDGE('',*,*,#1990,.F.);
#2572=ORIENTED_EDGE('',*,*,#1990,.T.);
#2573=ORIENTED_EDGE('',*,*,#1991,.T.);
#2574=ORIENTED_EDGE('',*,*,#1992,.T.);
#2575=ORIENTED_EDGE('',*,*,#1993,.T.);
#2576=ORIENTED_EDGE('',*,*,#1987,.T.);
#2577=ORIENTED_EDGE('',*,*,#1993,.F.);
#2578=ORIENTED_EDGE('',*,*,#1994,.T.);
#2579=ORIENTED_EDGE('',*,*,#1995,.F.);
#2580=ORIENTED_EDGE('',*,*,#1989,.T.);
#2581=ORIENTED_EDGE('',*,*,#1996,.F.);
#2582=ORIENTED_EDGE('',*,*,#1997,.T.);
#2583=ORIENTED_EDGE('',*,*,#1991,.F.);
#2584=ORIENTED_EDGE('',*,*,#1988,.T.);
#2585=ORIENTED_EDGE('',*,*,#1995,.T.);
#2586=ORIENTED_EDGE('',*,*,#1998,.F.);
#2587=ORIENTED_EDGE('',*,*,#1999,.F.);
#2588=ORIENTED_EDGE('',*,*,#1980,.T.);
#2589=ORIENTED_EDGE('',*,*,#2000,.F.);
#2590=ORIENTED_EDGE('',*,*,#2001,.T.);
#2591=ORIENTED_EDGE('',*,*,#2002,.F.);
#2592=ORIENTED_EDGE('',*,*,#1847,.T.);
#2593=ORIENTED_EDGE('',*,*,#1964,.T.);
#2594=ORIENTED_EDGE('',*,*,#1986,.T.);
#2595=ORIENTED_EDGE('',*,*,#2003,.F.);
#2596=ORIENTED_EDGE('',*,*,#2004,.F.);
#2597=ORIENTED_EDGE('',*,*,#1996,.T.);
#2598=ORIENTED_EDGE('',*,*,#2005,.T.);
#2599=ORIENTED_EDGE('',*,*,#2006,.F.);
#2600=ORIENTED_EDGE('',*,*,#1982,.F.);
#2601=ORIENTED_EDGE('',*,*,#2007,.F.);
#2602=ORIENTED_EDGE('',*,*,#2007,.T.);
#2603=ORIENTED_EDGE('',*,*,#1981,.T.);
#2604=ORIENTED_EDGE('',*,*,#1999,.T.);
#2605=ORIENTED_EDGE('',*,*,#2008,.T.);
#2606=ORIENTED_EDGE('',*,*,#2009,.T.);
#2607=ORIENTED_EDGE('',*,*,#2010,.F.);
#2608=ORIENTED_EDGE('',*,*,#1984,.F.);
#2609=ORIENTED_EDGE('',*,*,#2011,.F.);
#2610=ORIENTED_EDGE('',*,*,#1994,.F.);
#2611=ORIENTED_EDGE('',*,*,#1992,.F.);
#2612=ORIENTED_EDGE('',*,*,#1997,.F.);
#2613=ORIENTED_EDGE('',*,*,#2004,.T.);
#2614=ORIENTED_EDGE('',*,*,#2012,.T.);
#2615=ORIENTED_EDGE('',*,*,#2009,.F.);
#2616=ORIENTED_EDGE('',*,*,#2013,.F.);
#2617=ORIENTED_EDGE('',*,*,#2005,.F.);
#2618=ORIENTED_EDGE('',*,*,#2008,.F.);
#2619=ORIENTED_EDGE('',*,*,#1998,.T.);
#2620=ORIENTED_EDGE('',*,*,#2010,.T.);
#2621=ORIENTED_EDGE('',*,*,#2012,.F.);
#2622=ORIENTED_EDGE('',*,*,#2003,.T.);
#2623=ORIENTED_EDGE('',*,*,#1985,.T.);
#2624=ORIENTED_EDGE('',*,*,#2006,.T.);
#2625=ORIENTED_EDGE('',*,*,#2013,.T.);
#2626=ORIENTED_EDGE('',*,*,#2011,.T.);
#2627=ORIENTED_EDGE('',*,*,#1983,.T.);
#2628=ORIENTED_EDGE('',*,*,#2014,.F.);
#2629=ORIENTED_EDGE('',*,*,#1945,.T.);
#2630=ORIENTED_EDGE('',*,*,#1898,.T.);
#2631=ORIENTED_EDGE('',*,*,#2015,.T.);
#2632=ORIENTED_EDGE('',*,*,#2016,.T.);
#2633=ORIENTED_EDGE('',*,*,#2017,.T.);
#2634=ORIENTED_EDGE('',*,*,#2018,.T.);
#2635=ORIENTED_EDGE('',*,*,#2019,.F.);
#2636=ORIENTED_EDGE('',*,*,#2020,.T.);
#2637=ORIENTED_EDGE('',*,*,#2021,.T.);
#2638=ORIENTED_EDGE('',*,*,#2022,.T.);
#2639=ORIENTED_EDGE('',*,*,#2017,.F.);
#2640=ORIENTED_EDGE('',*,*,#2023,.T.);
#2641=ORIENTED_EDGE('',*,*,#2024,.T.);
#2642=ORIENTED_EDGE('',*,*,#2025,.T.);
#2643=ORIENTED_EDGE('',*,*,#2021,.F.);
#2644=ORIENTED_EDGE('',*,*,#2026,.T.);
#2645=ORIENTED_EDGE('',*,*,#2019,.T.);
#2646=ORIENTED_EDGE('',*,*,#2027,.T.);
#2647=ORIENTED_EDGE('',*,*,#2024,.F.);
#2648=ORIENTED_EDGE('',*,*,#2027,.F.);
#2649=ORIENTED_EDGE('',*,*,#2018,.F.);
#2650=ORIENTED_EDGE('',*,*,#2022,.F.);
#2651=ORIENTED_EDGE('',*,*,#2025,.F.);
#2652=ORIENTED_EDGE('',*,*,#2028,.F.);
#2653=ORIENTED_EDGE('',*,*,#2014,.T.);
#2654=ORIENTED_EDGE('',*,*,#2029,.T.);
#2655=ORIENTED_EDGE('',*,*,#2030,.T.);
#2656=ORIENTED_EDGE('',*,*,#1975,.T.);
#2657=ORIENTED_EDGE('',*,*,#2031,.T.);
#2658=ORIENTED_EDGE('',*,*,#2032,.T.);
#2659=ORIENTED_EDGE('',*,*,#2033,.F.);
#2660=ORIENTED_EDGE('',*,*,#2016,.F.);
#2661=ORIENTED_EDGE('',*,*,#2026,.F.);
#2662=ORIENTED_EDGE('',*,*,#2023,.F.);
#2663=ORIENTED_EDGE('',*,*,#2020,.F.);
#2664=ORIENTED_EDGE('',*,*,#1951,.T.);
#2665=ORIENTED_EDGE('',*,*,#2034,.F.);
#2666=ORIENTED_EDGE('',*,*,#2035,.F.);
#2667=ORIENTED_EDGE('',*,*,#2036,.F.);
#2668=ORIENTED_EDGE('',*,*,#2034,.T.);
#2669=ORIENTED_EDGE('',*,*,#1950,.T.);
#2670=ORIENTED_EDGE('',*,*,#2037,.T.);
#2671=ORIENTED_EDGE('',*,*,#2038,.T.);
#2672=ORIENTED_EDGE('',*,*,#1947,.T.);
#2673=ORIENTED_EDGE('',*,*,#2039,.T.);
#2674=ORIENTED_EDGE('',*,*,#2040,.T.);
#2675=ORIENTED_EDGE('',*,*,#2041,.F.);
#2676=ORIENTED_EDGE('',*,*,#1946,.T.);
#2677=ORIENTED_EDGE('',*,*,#2028,.T.);
#2678=ORIENTED_EDGE('',*,*,#2033,.T.);
#2679=ORIENTED_EDGE('',*,*,#2042,.T.);
#2680=ORIENTED_EDGE('',*,*,#2039,.F.);
#2681=ORIENTED_EDGE('',*,*,#1974,.T.);
#2682=ORIENTED_EDGE('',*,*,#2043,.T.);
#2683=ORIENTED_EDGE('',*,*,#2044,.T.);
#2684=ORIENTED_EDGE('',*,*,#2031,.F.);
#2685=ORIENTED_EDGE('',*,*,#2043,.F.);
#2686=ORIENTED_EDGE('',*,*,#1973,.T.);
#2687=ORIENTED_EDGE('',*,*,#1971,.T.);
#2688=ORIENTED_EDGE('',*,*,#1959,.T.);
#2689=ORIENTED_EDGE('',*,*,#1970,.T.);
#2690=ORIENTED_EDGE('',*,*,#1968,.T.);
#2691=ORIENTED_EDGE('',*,*,#1941,.T.);
#2692=ORIENTED_EDGE('',*,*,#2045,.T.);
#2693=ORIENTED_EDGE('',*,*,#2046,.T.);
#2694=ORIENTED_EDGE('',*,*,#2036,.T.);
#2695=ORIENTED_EDGE('',*,*,#2047,.T.);
#2696=ORIENTED_EDGE('',*,*,#2045,.F.);
#2697=ORIENTED_EDGE('',*,*,#1952,.T.);
#2698=ORIENTED_EDGE('',*,*,#1949,.T.);
#2699=ORIENTED_EDGE('',*,*,#2048,.T.);
#2700=ORIENTED_EDGE('',*,*,#2049,.T.);
#2701=ORIENTED_EDGE('',*,*,#2037,.F.);
#2702=ORIENTED_EDGE('',*,*,#1948,.T.);
#2703=ORIENTED_EDGE('',*,*,#2041,.T.);
#2704=ORIENTED_EDGE('',*,*,#2050,.T.);
#2705=ORIENTED_EDGE('',*,*,#2048,.F.);
#2706=ORIENTED_EDGE('',*,*,#2050,.F.);
#2707=ORIENTED_EDGE('',*,*,#2040,.F.);
#2708=ORIENTED_EDGE('',*,*,#2042,.F.);
#2709=ORIENTED_EDGE('',*,*,#2032,.F.);
#2710=ORIENTED_EDGE('',*,*,#2044,.F.);
#2711=ORIENTED_EDGE('',*,*,#2046,.F.);
#2712=ORIENTED_EDGE('',*,*,#2047,.F.);
#2713=ORIENTED_EDGE('',*,*,#2035,.T.);
#2714=ORIENTED_EDGE('',*,*,#2038,.F.);
#2715=ORIENTED_EDGE('',*,*,#2049,.F.);
#2716=ORIENTED_EDGE('',*,*,#1978,.F.);
#2717=ORIENTED_EDGE('',*,*,#2051,.F.);
#2718=ORIENTED_EDGE('',*,*,#2052,.T.);
#2719=ORIENTED_EDGE('',*,*,#2053,.T.);
#2720=ORIENTED_EDGE('',*,*,#2054,.F.);
#2721=ORIENTED_EDGE('',*,*,#2029,.F.);
#2722=ORIENTED_EDGE('',*,*,#2015,.F.);
#2723=ORIENTED_EDGE('',*,*,#1897,.T.);
#2724=ORIENTED_EDGE('',*,*,#2055,.F.);
#2725=ORIENTED_EDGE('',*,*,#2056,.F.);
#2726=ORIENTED_EDGE('',*,*,#2052,.F.);
#2727=ORIENTED_EDGE('',*,*,#2057,.F.);
#2728=ORIENTED_EDGE('',*,*,#2001,.F.);
#2729=ORIENTED_EDGE('',*,*,#2058,.T.);
#2730=ORIENTED_EDGE('',*,*,#2053,.F.);
#2731=ORIENTED_EDGE('',*,*,#2058,.F.);
#2732=ORIENTED_EDGE('',*,*,#2000,.T.);
#2733=ORIENTED_EDGE('',*,*,#1979,.T.);
#2734=ORIENTED_EDGE('',*,*,#1851,.T.);
#2735=ORIENTED_EDGE('',*,*,#2059,.T.);
#2736=ORIENTED_EDGE('',*,*,#2055,.T.);
#2737=ORIENTED_EDGE('',*,*,#1896,.T.);
#2738=ORIENTED_EDGE('',*,*,#1850,.F.);
#2739=ORIENTED_EDGE('',*,*,#2060,.T.);
#2740=ORIENTED_EDGE('',*,*,#2056,.T.);
#2741=ORIENTED_EDGE('',*,*,#2059,.F.);
#2742=ORIENTED_EDGE('',*,*,#2060,.F.);
#2743=ORIENTED_EDGE('',*,*,#1849,.F.);
#2744=ORIENTED_EDGE('',*,*,#2061,.T.);
#2745=ORIENTED_EDGE('',*,*,#1976,.T.);
#2746=ORIENTED_EDGE('',*,*,#2030,.F.);
#2747=ORIENTED_EDGE('',*,*,#2054,.T.);
#2748=ORIENTED_EDGE('',*,*,#1848,.F.);
#2749=ORIENTED_EDGE('',*,*,#2002,.T.);
#2750=ORIENTED_EDGE('',*,*,#2057,.T.);
#2751=ORIENTED_EDGE('',*,*,#2051,.T.);
#2752=ORIENTED_EDGE('',*,*,#1977,.F.);
#2753=ORIENTED_EDGE('',*,*,#2061,.F.);
#2754=ORIENTED_EDGE('',*,*,#2062,.F.);
#2755=ORIENTED_EDGE('',*,*,#2063,.F.);
#2756=ORIENTED_EDGE('',*,*,#2064,.F.);
#2757=ORIENTED_EDGE('',*,*,#2065,.F.);
#2758=ORIENTED_EDGE('',*,*,#2063,.T.);
#2759=ORIENTED_EDGE('',*,*,#2066,.T.);
#2760=ORIENTED_EDGE('',*,*,#2067,.T.);
#2761=ORIENTED_EDGE('',*,*,#2068,.F.);
#2762=ORIENTED_EDGE('',*,*,#2062,.T.);
#2763=ORIENTED_EDGE('',*,*,#2069,.T.);
#2764=ORIENTED_EDGE('',*,*,#2070,.T.);
#2765=ORIENTED_EDGE('',*,*,#2066,.F.);
#2766=ORIENTED_EDGE('',*,*,#2065,.T.);
#2767=ORIENTED_EDGE('',*,*,#2071,.T.);
#2768=ORIENTED_EDGE('',*,*,#2072,.T.);
#2769=ORIENTED_EDGE('',*,*,#2069,.F.);
#2770=ORIENTED_EDGE('',*,*,#2064,.T.);
#2771=ORIENTED_EDGE('',*,*,#2068,.T.);
#2772=ORIENTED_EDGE('',*,*,#2073,.T.);
#2773=ORIENTED_EDGE('',*,*,#2071,.F.);
#2774=ORIENTED_EDGE('',*,*,#2074,.F.);
#2775=ORIENTED_EDGE('',*,*,#2075,.T.);
#2776=ORIENTED_EDGE('',*,*,#2076,.T.);
#2777=ORIENTED_EDGE('',*,*,#2077,.F.);
#2778=ORIENTED_EDGE('',*,*,#2078,.F.);
#2779=ORIENTED_EDGE('',*,*,#2079,.T.);
#2780=ORIENTED_EDGE('',*,*,#2080,.T.);
#2781=ORIENTED_EDGE('',*,*,#2075,.F.);
#2782=ORIENTED_EDGE('',*,*,#2081,.F.);
#2783=ORIENTED_EDGE('',*,*,#2082,.T.);
#2784=ORIENTED_EDGE('',*,*,#2083,.T.);
#2785=ORIENTED_EDGE('',*,*,#2079,.F.);
#2786=ORIENTED_EDGE('',*,*,#2084,.F.);
#2787=ORIENTED_EDGE('',*,*,#2085,.T.);
#2788=ORIENTED_EDGE('',*,*,#2086,.T.);
#2789=ORIENTED_EDGE('',*,*,#2082,.F.);
#2790=ORIENTED_EDGE('',*,*,#2087,.F.);
#2791=ORIENTED_EDGE('',*,*,#2088,.T.);
#2792=ORIENTED_EDGE('',*,*,#2089,.T.);
#2793=ORIENTED_EDGE('',*,*,#2085,.F.);
#2794=ORIENTED_EDGE('',*,*,#2090,.F.);
#2795=ORIENTED_EDGE('',*,*,#2091,.T.);
#2796=ORIENTED_EDGE('',*,*,#2092,.T.);
#2797=ORIENTED_EDGE('',*,*,#2088,.F.);
#2798=ORIENTED_EDGE('',*,*,#2093,.F.);
#2799=ORIENTED_EDGE('',*,*,#2094,.T.);
#2800=ORIENTED_EDGE('',*,*,#2095,.T.);
#2801=ORIENTED_EDGE('',*,*,#2091,.F.);
#2802=ORIENTED_EDGE('',*,*,#2096,.F.);
#2803=ORIENTED_EDGE('',*,*,#2077,.T.);
#2804=ORIENTED_EDGE('',*,*,#2097,.T.);
#2805=ORIENTED_EDGE('',*,*,#2094,.F.);
#2806=ORIENTED_EDGE('',*,*,#2097,.F.);
#2807=ORIENTED_EDGE('',*,*,#2076,.F.);
#2808=ORIENTED_EDGE('',*,*,#2080,.F.);
#2809=ORIENTED_EDGE('',*,*,#2083,.F.);
#2810=ORIENTED_EDGE('',*,*,#2086,.F.);
#2811=ORIENTED_EDGE('',*,*,#2089,.F.);
#2812=ORIENTED_EDGE('',*,*,#2092,.F.);
#2813=ORIENTED_EDGE('',*,*,#2095,.F.);
#2814=ORIENTED_EDGE('',*,*,#2067,.F.);
#2815=ORIENTED_EDGE('',*,*,#2070,.F.);
#2816=ORIENTED_EDGE('',*,*,#2072,.F.);
#2817=ORIENTED_EDGE('',*,*,#2073,.F.);
#2818=ORIENTED_EDGE('',*,*,#2098,.T.);
#2819=ORIENTED_EDGE('',*,*,#2099,.T.);
#2820=ORIENTED_EDGE('',*,*,#2100,.T.);
#2821=ORIENTED_EDGE('',*,*,#2101,.T.);
#2822=ORIENTED_EDGE('',*,*,#2102,.T.);
#2823=ORIENTED_EDGE('',*,*,#2103,.T.);
#2824=ORIENTED_EDGE('',*,*,#2104,.T.);
#2825=ORIENTED_EDGE('',*,*,#2105,.T.);
#2826=ORIENTED_EDGE('',*,*,#2106,.T.);
#2827=ORIENTED_EDGE('',*,*,#2107,.T.);
#2828=ORIENTED_EDGE('',*,*,#1888,.T.);
#2829=ORIENTED_EDGE('',*,*,#2108,.T.);
#2830=ORIENTED_EDGE('',*,*,#2109,.T.);
#2831=ORIENTED_EDGE('',*,*,#2110,.T.);
#2832=ORIENTED_EDGE('',*,*,#1828,.T.);
#2833=ORIENTED_EDGE('',*,*,#1870,.T.);
#2834=ORIENTED_EDGE('',*,*,#1873,.T.);
#2835=ORIENTED_EDGE('',*,*,#1875,.T.);
#2836=ORIENTED_EDGE('',*,*,#1877,.T.);
#2837=ORIENTED_EDGE('',*,*,#2074,.T.);
#2838=ORIENTED_EDGE('',*,*,#2096,.T.);
#2839=ORIENTED_EDGE('',*,*,#2093,.T.);
#2840=ORIENTED_EDGE('',*,*,#2090,.T.);
#2841=ORIENTED_EDGE('',*,*,#2087,.T.);
#2842=ORIENTED_EDGE('',*,*,#2084,.T.);
#2843=ORIENTED_EDGE('',*,*,#2081,.T.);
#2844=ORIENTED_EDGE('',*,*,#2078,.T.);
#2845=ORIENTED_EDGE('',*,*,#2111,.F.);
#2846=ORIENTED_EDGE('',*,*,#2112,.T.);
#2847=ORIENTED_EDGE('',*,*,#2113,.F.);
#2848=ORIENTED_EDGE('',*,*,#2114,.F.);
#2849=ORIENTED_EDGE('',*,*,#2115,.T.);
#2850=ORIENTED_EDGE('',*,*,#2116,.T.);
#2851=ORIENTED_EDGE('',*,*,#2115,.F.);
#2852=ORIENTED_EDGE('',*,*,#2116,.F.);
#2853=ORIENTED_EDGE('',*,*,#2112,.F.);
#2854=ORIENTED_EDGE('',*,*,#2117,.F.);
#2855=ORIENTED_EDGE('',*,*,#2118,.T.);
#2856=ORIENTED_EDGE('',*,*,#2119,.T.);
#2857=ORIENTED_EDGE('',*,*,#2120,.T.);
#2858=ORIENTED_EDGE('',*,*,#2117,.T.);
#2859=ORIENTED_EDGE('',*,*,#2111,.T.);
#2860=ORIENTED_EDGE('',*,*,#2114,.T.);
#2861=ORIENTED_EDGE('',*,*,#2121,.T.);
#2862=ORIENTED_EDGE('',*,*,#2122,.T.);
#2863=ORIENTED_EDGE('',*,*,#2109,.F.);
#2864=ORIENTED_EDGE('',*,*,#2123,.F.);
#2865=ORIENTED_EDGE('',*,*,#1864,.F.);
#2866=ORIENTED_EDGE('',*,*,#2124,.T.);
#2867=ORIENTED_EDGE('',*,*,#2125,.F.);
#2868=ORIENTED_EDGE('',*,*,#2126,.T.);
#2869=ORIENTED_EDGE('',*,*,#2110,.F.);
#2870=ORIENTED_EDGE('',*,*,#2122,.F.);
#2871=ORIENTED_EDGE('',*,*,#2127,.T.);
#2872=ORIENTED_EDGE('',*,*,#2113,.T.);
#2873=ORIENTED_EDGE('',*,*,#2128,.T.);
#2874=ORIENTED_EDGE('',*,*,#2127,.F.);
#2875=ORIENTED_EDGE('',*,*,#2121,.F.);
#2876=ORIENTED_EDGE('',*,*,#2129,.T.);
#2877=ORIENTED_EDGE('',*,*,#2118,.F.);
#2878=ORIENTED_EDGE('',*,*,#2120,.F.);
#2879=ORIENTED_EDGE('',*,*,#2130,.F.);
#2880=ORIENTED_EDGE('',*,*,#2131,.T.);
#2881=ORIENTED_EDGE('',*,*,#2130,.T.);
#2882=ORIENTED_EDGE('',*,*,#2125,.T.);
#2883=ORIENTED_EDGE('',*,*,#2132,.T.);
#2884=ORIENTED_EDGE('',*,*,#2133,.T.);
#2885=ORIENTED_EDGE('',*,*,#2134,.F.);
#2886=ORIENTED_EDGE('',*,*,#2135,.T.);
#2887=ORIENTED_EDGE('',*,*,#2136,.F.);
#2888=ORIENTED_EDGE('',*,*,#2137,.T.);
#2889=ORIENTED_EDGE('',*,*,#2138,.T.);
#2890=ORIENTED_EDGE('',*,*,#2139,.T.);
#2891=ORIENTED_EDGE('',*,*,#2140,.F.);
#2892=ORIENTED_EDGE('',*,*,#2141,.F.);
#2893=ORIENTED_EDGE('',*,*,#2142,.T.);
#2894=ORIENTED_EDGE('',*,*,#2143,.T.);
#2895=ORIENTED_EDGE('',*,*,#2144,.T.);
#2896=ORIENTED_EDGE('',*,*,#2145,.T.);
#2897=ORIENTED_EDGE('',*,*,#2146,.T.);
#2898=ORIENTED_EDGE('',*,*,#2147,.T.);
#2899=ORIENTED_EDGE('',*,*,#2148,.T.);
#2900=ORIENTED_EDGE('',*,*,#2146,.F.);
#2901=ORIENTED_EDGE('',*,*,#2149,.F.);
#2902=ORIENTED_EDGE('',*,*,#2150,.F.);
#2903=ORIENTED_EDGE('',*,*,#2151,.F.);
#2904=ORIENTED_EDGE('',*,*,#2145,.F.);
#2905=ORIENTED_EDGE('',*,*,#2152,.T.);
#2906=ORIENTED_EDGE('',*,*,#2153,.F.);
#2907=ORIENTED_EDGE('',*,*,#2149,.T.);
#2908=ORIENTED_EDGE('',*,*,#2147,.F.);
#2909=ORIENTED_EDGE('',*,*,#2151,.T.);
#2910=ORIENTED_EDGE('',*,*,#2154,.F.);
#2911=ORIENTED_EDGE('',*,*,#2155,.T.);
#2912=ORIENTED_EDGE('',*,*,#2148,.F.);
#2913=ORIENTED_EDGE('',*,*,#2155,.F.);
#2914=ORIENTED_EDGE('',*,*,#2156,.T.);
#2915=ORIENTED_EDGE('',*,*,#2157,.T.);
#2916=ORIENTED_EDGE('',*,*,#2132,.F.);
#2917=ORIENTED_EDGE('',*,*,#2124,.F.);
#2918=ORIENTED_EDGE('',*,*,#1863,.F.);
#2919=ORIENTED_EDGE('',*,*,#2158,.T.);
#2920=ORIENTED_EDGE('',*,*,#2159,.F.);
#2921=ORIENTED_EDGE('',*,*,#2160,.T.);
#2922=ORIENTED_EDGE('',*,*,#2138,.F.);
#2923=ORIENTED_EDGE('',*,*,#2161,.T.);
#2924=ORIENTED_EDGE('',*,*,#2162,.T.);
#2925=ORIENTED_EDGE('',*,*,#2152,.F.);
#2926=ORIENTED_EDGE('',*,*,#2163,.F.);
#2927=ORIENTED_EDGE('',*,*,#2164,.T.);
#2928=ORIENTED_EDGE('',*,*,#2136,.T.);
#2929=ORIENTED_EDGE('',*,*,#2165,.T.);
#2930=ORIENTED_EDGE('',*,*,#2164,.F.);
#2931=ORIENTED_EDGE('',*,*,#2166,.F.);
#2932=ORIENTED_EDGE('',*,*,#2161,.F.);
#2933=ORIENTED_EDGE('',*,*,#2137,.F.);
#2934=ORIENTED_EDGE('',*,*,#2167,.F.);
#2935=ORIENTED_EDGE('',*,*,#2168,.T.);
#2936=ORIENTED_EDGE('',*,*,#2134,.T.);
#2937=ORIENTED_EDGE('',*,*,#2169,.T.);
#2938=ORIENTED_EDGE('',*,*,#2153,.T.);
#2939=ORIENTED_EDGE('',*,*,#2162,.F.);
#2940=ORIENTED_EDGE('',*,*,#2166,.T.);
#2941=ORIENTED_EDGE('',*,*,#2163,.T.);
#2942=ORIENTED_EDGE('',*,*,#2170,.T.);
#2943=ORIENTED_EDGE('',*,*,#2167,.T.);
#2944=ORIENTED_EDGE('',*,*,#2171,.F.);
#2945=ORIENTED_EDGE('',*,*,#2156,.F.);
#2946=ORIENTED_EDGE('',*,*,#2154,.T.);
#2947=ORIENTED_EDGE('',*,*,#2150,.T.);
#2948=ORIENTED_EDGE('',*,*,#2169,.F.);
#2949=ORIENTED_EDGE('',*,*,#2133,.F.);
#2950=ORIENTED_EDGE('',*,*,#2157,.F.);
#2951=ORIENTED_EDGE('',*,*,#2171,.T.);
#2952=ORIENTED_EDGE('',*,*,#2165,.F.);
#2953=ORIENTED_EDGE('',*,*,#2135,.F.);
#2954=ORIENTED_EDGE('',*,*,#2168,.F.);
#2955=ORIENTED_EDGE('',*,*,#2170,.F.);
#2956=ORIENTED_EDGE('',*,*,#2172,.T.);
#2957=ORIENTED_EDGE('',*,*,#2173,.F.);
#2958=ORIENTED_EDGE('',*,*,#2174,.F.);
#2959=ORIENTED_EDGE('',*,*,#2106,.F.);
#2960=ORIENTED_EDGE('',*,*,#1893,.T.);
#2961=ORIENTED_EDGE('',*,*,#2107,.F.);
#2962=ORIENTED_EDGE('',*,*,#2174,.T.);
#2963=ORIENTED_EDGE('',*,*,#2175,.T.);
#2964=ORIENTED_EDGE('',*,*,#2176,.T.);
#2965=ORIENTED_EDGE('',*,*,#1858,.F.);
#2966=ORIENTED_EDGE('',*,*,#2177,.T.);
#2967=ORIENTED_EDGE('',*,*,#1903,.T.);
#2968=ORIENTED_EDGE('',*,*,#2178,.F.);
#2969=ORIENTED_EDGE('',*,*,#2179,.T.);
#2970=ORIENTED_EDGE('',*,*,#2180,.F.);
#2971=ORIENTED_EDGE('',*,*,#2181,.F.);
#2972=ORIENTED_EDGE('',*,*,#2182,.F.);
#2973=ORIENTED_EDGE('',*,*,#2181,.T.);
#2974=ORIENTED_EDGE('',*,*,#2183,.F.);
#2975=ORIENTED_EDGE('',*,*,#2184,.F.);
#2976=ORIENTED_EDGE('',*,*,#2185,.F.);
#2977=ORIENTED_EDGE('',*,*,#2184,.T.);
#2978=ORIENTED_EDGE('',*,*,#2186,.F.);
#2979=ORIENTED_EDGE('',*,*,#2187,.F.);
#2980=ORIENTED_EDGE('',*,*,#2188,.F.);
#2981=ORIENTED_EDGE('',*,*,#2187,.T.);
#2982=ORIENTED_EDGE('',*,*,#2189,.F.);
#2983=ORIENTED_EDGE('',*,*,#2179,.F.);
#2984=ORIENTED_EDGE('',*,*,#2189,.T.);
#2985=ORIENTED_EDGE('',*,*,#2186,.T.);
#2986=ORIENTED_EDGE('',*,*,#2183,.T.);
#2987=ORIENTED_EDGE('',*,*,#2180,.T.);
#2988=ORIENTED_EDGE('',*,*,#2190,.T.);
#2989=ORIENTED_EDGE('',*,*,#2182,.T.);
#2990=ORIENTED_EDGE('',*,*,#2185,.T.);
#2991=ORIENTED_EDGE('',*,*,#2188,.T.);
#2992=ORIENTED_EDGE('',*,*,#2178,.T.);
#2993=ORIENTED_EDGE('',*,*,#2191,.T.);
#2994=ORIENTED_EDGE('',*,*,#2192,.F.);
#2995=ORIENTED_EDGE('',*,*,#2193,.F.);
#2996=ORIENTED_EDGE('',*,*,#2143,.F.);
#2997=ORIENTED_EDGE('',*,*,#2194,.F.);
#2998=ORIENTED_EDGE('',*,*,#2195,.F.);
#2999=ORIENTED_EDGE('',*,*,#2172,.F.);
#3000=ORIENTED_EDGE('',*,*,#2100,.F.);
#3001=ORIENTED_EDGE('',*,*,#2196,.T.);
#3002=ORIENTED_EDGE('',*,*,#2197,.T.);
#3003=ORIENTED_EDGE('',*,*,#2198,.T.);
#3004=ORIENTED_EDGE('',*,*,#2198,.F.);
#3005=ORIENTED_EDGE('',*,*,#2199,.F.);
#3006=ORIENTED_EDGE('',*,*,#2200,.F.);
#3007=ORIENTED_EDGE('',*,*,#2101,.F.);
#3008=ORIENTED_EDGE('',*,*,#2104,.F.);
#3009=ORIENTED_EDGE('',*,*,#2201,.T.);
#3010=ORIENTED_EDGE('',*,*,#2202,.F.);
#3011=ORIENTED_EDGE('',*,*,#2203,.F.);
#3012=ORIENTED_EDGE('',*,*,#2105,.F.);
#3013=ORIENTED_EDGE('',*,*,#2203,.T.);
#3014=ORIENTED_EDGE('',*,*,#2204,.F.);
#3015=ORIENTED_EDGE('',*,*,#2191,.F.);
#3016=ORIENTED_EDGE('',*,*,#2190,.F.);
#3017=ORIENTED_EDGE('',*,*,#2144,.F.);
#3018=ORIENTED_EDGE('',*,*,#2193,.T.);
#3019=ORIENTED_EDGE('',*,*,#2205,.F.);
#3020=ORIENTED_EDGE('',*,*,#2206,.F.);
#3021=ORIENTED_EDGE('',*,*,#2206,.T.);
#3022=ORIENTED_EDGE('',*,*,#2207,.F.);
#3023=ORIENTED_EDGE('',*,*,#2208,.F.);
#3024=ORIENTED_EDGE('',*,*,#2098,.F.);
#3025=ORIENTED_EDGE('',*,*,#2126,.F.);
#3026=ORIENTED_EDGE('',*,*,#2128,.F.);
#3027=ORIENTED_EDGE('',*,*,#2119,.F.);
#3028=ORIENTED_EDGE('',*,*,#2129,.F.);
#3029=ORIENTED_EDGE('',*,*,#2131,.F.);
#3030=ORIENTED_EDGE('',*,*,#2196,.F.);
#3031=ORIENTED_EDGE('',*,*,#2099,.F.);
#3032=ORIENTED_EDGE('',*,*,#2208,.T.);
#3033=ORIENTED_EDGE('',*,*,#2209,.F.);
#3034=ORIENTED_EDGE('',*,*,#2102,.F.);
#3035=ORIENTED_EDGE('',*,*,#2200,.T.);
#3036=ORIENTED_EDGE('',*,*,#2210,.F.);
#3037=ORIENTED_EDGE('',*,*,#2211,.F.);
#3038=ORIENTED_EDGE('',*,*,#2103,.F.);
#3039=ORIENTED_EDGE('',*,*,#2211,.T.);
#3040=ORIENTED_EDGE('',*,*,#2212,.F.);
#3041=ORIENTED_EDGE('',*,*,#2201,.F.);
#3042=ORIENTED_EDGE('',*,*,#2212,.T.);
#3043=ORIENTED_EDGE('',*,*,#2210,.T.);
#3044=ORIENTED_EDGE('',*,*,#2199,.T.);
#3045=ORIENTED_EDGE('',*,*,#2197,.F.);
#3046=ORIENTED_EDGE('',*,*,#2209,.T.);
#3047=ORIENTED_EDGE('',*,*,#2207,.T.);
#3048=ORIENTED_EDGE('',*,*,#2205,.T.);
#3049=ORIENTED_EDGE('',*,*,#2192,.T.);
#3050=ORIENTED_EDGE('',*,*,#2204,.T.);
#3051=ORIENTED_EDGE('',*,*,#2202,.T.);
#3052=ORIENTED_EDGE('',*,*,#2140,.T.);
#3053=ORIENTED_EDGE('',*,*,#2213,.F.);
#3054=ORIENTED_EDGE('',*,*,#2214,.F.);
#3055=ORIENTED_EDGE('',*,*,#2215,.T.);
#3056=ORIENTED_EDGE('',*,*,#2216,.T.);
#3057=ORIENTED_EDGE('',*,*,#2217,.T.);
#3058=ORIENTED_EDGE('',*,*,#2218,.T.);
#3059=ORIENTED_EDGE('',*,*,#2175,.F.);
#3060=ORIENTED_EDGE('',*,*,#2173,.T.);
#3061=ORIENTED_EDGE('',*,*,#2195,.T.);
#3062=ORIENTED_EDGE('',*,*,#2214,.T.);
#3063=ORIENTED_EDGE('',*,*,#2219,.F.);
#3064=ORIENTED_EDGE('',*,*,#2159,.T.);
#3065=ORIENTED_EDGE('',*,*,#2220,.T.);
#3066=ORIENTED_EDGE('',*,*,#2213,.T.);
#3067=ORIENTED_EDGE('',*,*,#2139,.F.);
#3068=ORIENTED_EDGE('',*,*,#2160,.F.);
#3069=ORIENTED_EDGE('',*,*,#2219,.T.);
#3070=ORIENTED_EDGE('',*,*,#1859,.F.);
#3071=ORIENTED_EDGE('',*,*,#2176,.F.);
#3072=ORIENTED_EDGE('',*,*,#2218,.F.);
#3073=ORIENTED_EDGE('',*,*,#2221,.F.);
#3074=ORIENTED_EDGE('',*,*,#1860,.T.);
#3075=ORIENTED_EDGE('',*,*,#2221,.T.);
#3076=ORIENTED_EDGE('',*,*,#2217,.F.);
#3077=ORIENTED_EDGE('',*,*,#2222,.F.);
#3078=ORIENTED_EDGE('',*,*,#1857,.F.);
#3079=ORIENTED_EDGE('',*,*,#1886,.F.);
#3080=ORIENTED_EDGE('',*,*,#1904,.F.);
#3081=ORIENTED_EDGE('',*,*,#2177,.F.);
#3082=ORIENTED_EDGE('',*,*,#2222,.T.);
#3083=ORIENTED_EDGE('',*,*,#2216,.F.);
#3084=ORIENTED_EDGE('',*,*,#2194,.T.);
#3085=ORIENTED_EDGE('',*,*,#2142,.F.);
#3086=ORIENTED_EDGE('',*,*,#2223,.F.);
#3087=ORIENTED_EDGE('',*,*,#1861,.T.);
#3088=ORIENTED_EDGE('',*,*,#1862,.T.);
#3089=ORIENTED_EDGE('',*,*,#2223,.T.);
#3090=ORIENTED_EDGE('',*,*,#2141,.T.);
#3091=ORIENTED_EDGE('',*,*,#2215,.F.);
#3092=ORIENTED_EDGE('',*,*,#2220,.F.);
#3093=ORIENTED_EDGE('',*,*,#2158,.F.);
#3094=ORIENTED_EDGE('',*,*,#1834,.T.);
#3095=ORIENTED_EDGE('',*,*,#1865,.T.);
#3096=ORIENTED_EDGE('',*,*,#2123,.T.);
#3097=ORIENTED_EDGE('',*,*,#2108,.F.);
#3098=ORIENTED_EDGE('',*,*,#1887,.T.);
#3099=ORIENTED_EDGE('',*,*,#1944,.T.);
#3100=ORIENTED_EDGE('',*,*,#1965,.F.);
#3101=ORIENTED_EDGE('',*,*,#1845,.T.);
#3102=ORIENTED_EDGE('',*,*,#1841,.T.);
#3103=ORIENTED_EDGE('',*,*,#1838,.T.);
#3104=ORIENTED_EDGE('',*,*,#2224,.F.);
#3105=ORIENTED_EDGE('',*,*,#2225,.T.);
#3106=ORIENTED_EDGE('',*,*,#2226,.T.);
#3107=ORIENTED_EDGE('',*,*,#1881,.F.);
#3108=ORIENTED_EDGE('',*,*,#2227,.F.);
#3109=ORIENTED_EDGE('',*,*,#2228,.F.);
#3110=ORIENTED_EDGE('',*,*,#2229,.F.);
#3111=ORIENTED_EDGE('',*,*,#2225,.F.);
#3112=ORIENTED_EDGE('',*,*,#2229,.T.);
#3113=ORIENTED_EDGE('',*,*,#2230,.T.);
#3114=ORIENTED_EDGE('',*,*,#1878,.F.);
#3115=ORIENTED_EDGE('',*,*,#2226,.F.);
#3116=ORIENTED_EDGE('',*,*,#2231,.F.);
#3117=ORIENTED_EDGE('',*,*,#2227,.T.);
#3118=ORIENTED_EDGE('',*,*,#2224,.T.);
#3119=ORIENTED_EDGE('',*,*,#1880,.F.);
#3120=ORIENTED_EDGE('',*,*,#2231,.T.);
#3121=ORIENTED_EDGE('',*,*,#1879,.F.);
#3122=ORIENTED_EDGE('',*,*,#2230,.F.);
#3123=ORIENTED_EDGE('',*,*,#2228,.T.);
#3124=ORIENTED_EDGE('',*,*,#2232,.T.);
#3125=ORIENTED_EDGE('',*,*,#2233,.T.);
#3126=ORIENTED_EDGE('',*,*,#2234,.T.);
#3127=ORIENTED_EDGE('',*,*,#2235,.T.);
#3128=ORIENTED_EDGE('',*,*,#2233,.F.);
#3129=ORIENTED_EDGE('',*,*,#2236,.T.);
#3130=ORIENTED_EDGE('',*,*,#2237,.T.);
#3131=ORIENTED_EDGE('',*,*,#2238,.T.);
#3132=ORIENTED_EDGE('',*,*,#2239,.T.);
#3133=ORIENTED_EDGE('',*,*,#2232,.F.);
#3134=ORIENTED_EDGE('',*,*,#2240,.F.);
#3135=ORIENTED_EDGE('',*,*,#2241,.T.);
#3136=ORIENTED_EDGE('',*,*,#2242,.T.);
#3137=ORIENTED_EDGE('',*,*,#2236,.F.);
#3138=ORIENTED_EDGE('',*,*,#2243,.T.);
#3139=ORIENTED_EDGE('',*,*,#2244,.T.);
#3140=ORIENTED_EDGE('',*,*,#2237,.F.);
#3141=ORIENTED_EDGE('',*,*,#2242,.F.);
#3142=ORIENTED_EDGE('',*,*,#2235,.F.);
#3143=ORIENTED_EDGE('',*,*,#2245,.F.);
#3144=ORIENTED_EDGE('',*,*,#2246,.T.);
#3145=ORIENTED_EDGE('',*,*,#2240,.T.);
#3146=ORIENTED_EDGE('',*,*,#2234,.F.);
#3147=ORIENTED_EDGE('',*,*,#2239,.F.);
#3148=ORIENTED_EDGE('',*,*,#2247,.F.);
#3149=ORIENTED_EDGE('',*,*,#2248,.T.);
#3150=ORIENTED_EDGE('',*,*,#2245,.T.);
#3151=ORIENTED_EDGE('',*,*,#2249,.T.);
#3152=ORIENTED_EDGE('',*,*,#2247,.T.);
#3153=ORIENTED_EDGE('',*,*,#2238,.F.);
#3154=ORIENTED_EDGE('',*,*,#2244,.F.);
#3155=ORIENTED_EDGE('',*,*,#2249,.F.);
#3156=ORIENTED_EDGE('',*,*,#2243,.F.);
#3157=ORIENTED_EDGE('',*,*,#2241,.F.);
#3158=ORIENTED_EDGE('',*,*,#2246,.F.);
#3159=ORIENTED_EDGE('',*,*,#2248,.F.);
#3160=ORIENTED_EDGE('',*,*,#2250,.F.);
#3161=ORIENTED_EDGE('',*,*,#2251,.T.);
#3162=ORIENTED_EDGE('',*,*,#2252,.F.);
#3163=ORIENTED_EDGE('',*,*,#2253,.F.);
#3164=ORIENTED_EDGE('',*,*,#2254,.F.);
#3165=ORIENTED_EDGE('',*,*,#2253,.T.);
#3166=ORIENTED_EDGE('',*,*,#2255,.F.);
#3167=ORIENTED_EDGE('',*,*,#2256,.F.);
#3168=ORIENTED_EDGE('',*,*,#2257,.T.);
#3169=ORIENTED_EDGE('',*,*,#2256,.T.);
#3170=ORIENTED_EDGE('',*,*,#2258,.F.);
#3171=ORIENTED_EDGE('',*,*,#2251,.F.);
#3172=ORIENTED_EDGE('',*,*,#2258,.T.);
#3173=ORIENTED_EDGE('',*,*,#2255,.T.);
#3174=ORIENTED_EDGE('',*,*,#2252,.T.);
#3175=ORIENTED_EDGE('',*,*,#2257,.F.);
#3176=ORIENTED_EDGE('',*,*,#2250,.T.);
#3177=ORIENTED_EDGE('',*,*,#2254,.T.);
#3178=ORIENTED_EDGE('',*,*,#2259,.T.);
#3179=ORIENTED_EDGE('',*,*,#2260,.T.);
#3180=ORIENTED_EDGE('',*,*,#2261,.F.);
#3181=ORIENTED_EDGE('',*,*,#2262,.F.);
#3182=ORIENTED_EDGE('',*,*,#2263,.T.);
#3183=ORIENTED_EDGE('',*,*,#2262,.T.);
#3184=ORIENTED_EDGE('',*,*,#2264,.F.);
#3185=ORIENTED_EDGE('',*,*,#2265,.F.);
#3186=ORIENTED_EDGE('',*,*,#2266,.T.);
#3187=ORIENTED_EDGE('',*,*,#2265,.T.);
#3188=ORIENTED_EDGE('',*,*,#2267,.F.);
#3189=ORIENTED_EDGE('',*,*,#2260,.F.);
#3190=ORIENTED_EDGE('',*,*,#2267,.T.);
#3191=ORIENTED_EDGE('',*,*,#2264,.T.);
#3192=ORIENTED_EDGE('',*,*,#2261,.T.);
#3193=ORIENTED_EDGE('',*,*,#2266,.F.);
#3194=ORIENTED_EDGE('',*,*,#2259,.F.);
#3195=ORIENTED_EDGE('',*,*,#2263,.F.);
#3196=ORIENTED_EDGE('',*,*,#2268,.T.);
#3197=ORIENTED_EDGE('',*,*,#2269,.T.);
#3198=ORIENTED_EDGE('',*,*,#2270,.F.);
#3199=ORIENTED_EDGE('',*,*,#2271,.F.);
#3200=ORIENTED_EDGE('',*,*,#2272,.T.);
#3201=ORIENTED_EDGE('',*,*,#2273,.F.);
#3202=ORIENTED_EDGE('',*,*,#2274,.F.);
#3203=ORIENTED_EDGE('',*,*,#2269,.F.);
#3204=ORIENTED_EDGE('',*,*,#2275,.F.);
#3205=ORIENTED_EDGE('',*,*,#2276,.F.);
#3206=ORIENTED_EDGE('',*,*,#2277,.F.);
#3207=ORIENTED_EDGE('',*,*,#2272,.F.);
#3208=ORIENTED_EDGE('',*,*,#2268,.F.);
#3209=ORIENTED_EDGE('',*,*,#2275,.T.);
#3210=ORIENTED_EDGE('',*,*,#2271,.T.);
#3211=ORIENTED_EDGE('',*,*,#2278,.T.);
#3212=ORIENTED_EDGE('',*,*,#2279,.T.);
#3213=ORIENTED_EDGE('',*,*,#2277,.T.);
#3214=ORIENTED_EDGE('',*,*,#2280,.F.);
#3215=ORIENTED_EDGE('',*,*,#2281,.F.);
#3216=ORIENTED_EDGE('',*,*,#2273,.T.);
#3217=ORIENTED_EDGE('',*,*,#2274,.T.);
#3218=ORIENTED_EDGE('',*,*,#2281,.T.);
#3219=ORIENTED_EDGE('',*,*,#2282,.F.);
#3220=ORIENTED_EDGE('',*,*,#2278,.F.);
#3221=ORIENTED_EDGE('',*,*,#2270,.T.);
#3222=ORIENTED_EDGE('',*,*,#2276,.T.);
#3223=ORIENTED_EDGE('',*,*,#2279,.F.);
#3224=ORIENTED_EDGE('',*,*,#2282,.T.);
#3225=ORIENTED_EDGE('',*,*,#2280,.T.);
#3226=ORIENTED_EDGE('',*,*,#2283,.T.);
#3227=ORIENTED_EDGE('',*,*,#2284,.T.);
#3228=ORIENTED_EDGE('',*,*,#2285,.T.);
#3229=ORIENTED_EDGE('',*,*,#2286,.F.);
#3230=ORIENTED_EDGE('',*,*,#2287,.T.);
#3231=ORIENTED_EDGE('',*,*,#2288,.T.);
#3232=ORIENTED_EDGE('',*,*,#2289,.T.);
#3233=ORIENTED_EDGE('',*,*,#2284,.F.);
#3234=ORIENTED_EDGE('',*,*,#2290,.F.);
#3235=ORIENTED_EDGE('',*,*,#2286,.T.);
#3236=ORIENTED_EDGE('',*,*,#2291,.T.);
#3237=ORIENTED_EDGE('',*,*,#2288,.F.);
#3238=ORIENTED_EDGE('',*,*,#2291,.F.);
#3239=ORIENTED_EDGE('',*,*,#2285,.F.);
#3240=ORIENTED_EDGE('',*,*,#2289,.F.);
#3241=ORIENTED_EDGE('',*,*,#2290,.T.);
#3242=ORIENTED_EDGE('',*,*,#2287,.F.);
#3243=ORIENTED_EDGE('',*,*,#2283,.F.);
#3244=ORIENTED_EDGE('',*,*,#2292,.F.);
#3245=ORIENTED_EDGE('',*,*,#2293,.T.);
#3246=ORIENTED_EDGE('',*,*,#2294,.T.);
#3247=ORIENTED_EDGE('',*,*,#2295,.F.);
#3248=ORIENTED_EDGE('',*,*,#2296,.F.);
#3249=ORIENTED_EDGE('',*,*,#2297,.T.);
#3250=ORIENTED_EDGE('',*,*,#2298,.T.);
#3251=ORIENTED_EDGE('',*,*,#2293,.F.);
#3252=ORIENTED_EDGE('',*,*,#2299,.F.);
#3253=ORIENTED_EDGE('',*,*,#2295,.T.);
#3254=ORIENTED_EDGE('',*,*,#2300,.T.);
#3255=ORIENTED_EDGE('',*,*,#2297,.F.);
#3256=ORIENTED_EDGE('',*,*,#2300,.F.);
#3257=ORIENTED_EDGE('',*,*,#2294,.F.);
#3258=ORIENTED_EDGE('',*,*,#2298,.F.);
#3259=ORIENTED_EDGE('',*,*,#2299,.T.);
#3260=ORIENTED_EDGE('',*,*,#2296,.T.);
#3261=ORIENTED_EDGE('',*,*,#2292,.T.);
#3262=ORIENTED_EDGE('',*,*,#2301,.T.);
#3263=ORIENTED_EDGE('',*,*,#2302,.T.);
#3264=ORIENTED_EDGE('',*,*,#2303,.T.);
#3265=ORIENTED_EDGE('',*,*,#2304,.T.);
#3266=ORIENTED_EDGE('',*,*,#2305,.T.);
#3267=ORIENTED_EDGE('',*,*,#2306,.F.);
#3268=ORIENTED_EDGE('',*,*,#2307,.F.);
#3269=ORIENTED_EDGE('',*,*,#2302,.F.);
#3270=ORIENTED_EDGE('',*,*,#2307,.T.);
#3271=ORIENTED_EDGE('',*,*,#2308,.F.);
#3272=ORIENTED_EDGE('',*,*,#2309,.F.);
#3273=ORIENTED_EDGE('',*,*,#2303,.F.);
#3274=ORIENTED_EDGE('',*,*,#2309,.T.);
#3275=ORIENTED_EDGE('',*,*,#2310,.F.);
#3276=ORIENTED_EDGE('',*,*,#2311,.F.);
#3277=ORIENTED_EDGE('',*,*,#2304,.F.);
#3278=ORIENTED_EDGE('',*,*,#2311,.T.);
#3279=ORIENTED_EDGE('',*,*,#2312,.F.);
#3280=ORIENTED_EDGE('',*,*,#2305,.F.);
#3281=ORIENTED_EDGE('',*,*,#2301,.F.);
#3282=ORIENTED_EDGE('',*,*,#2312,.T.);
#3283=ORIENTED_EDGE('',*,*,#2310,.T.);
#3284=ORIENTED_EDGE('',*,*,#2308,.T.);
#3285=ORIENTED_EDGE('',*,*,#2306,.T.);
#3286=ORIENTED_EDGE('',*,*,#2313,.F.);
#3287=ORIENTED_EDGE('',*,*,#2314,.T.);
#3288=ORIENTED_EDGE('',*,*,#2315,.T.);
#3289=ORIENTED_EDGE('',*,*,#2314,.F.);
#3290=ORIENTED_EDGE('',*,*,#2313,.T.);
#3291=ORIENTED_EDGE('',*,*,#2315,.F.);
#3292=CYLINDRICAL_SURFACE('',#3531,1.25);
#3293=CYLINDRICAL_SURFACE('',#3535,1.25);
#3294=CYLINDRICAL_SURFACE('',#3540,4.5);
#3295=CYLINDRICAL_SURFACE('',#3565,0.5);
#3296=CYLINDRICAL_SURFACE('',#3569,0.5);
#3297=CYLINDRICAL_SURFACE('',#3573,0.5);
#3298=CYLINDRICAL_SURFACE('',#3577,0.499999999999998);
#3299=CYLINDRICAL_SURFACE('',#3582,2.25);
#3300=CYLINDRICAL_SURFACE('',#3595,3.5);
#3301=CYLINDRICAL_SURFACE('',#3601,0.5);
#3302=CYLINDRICAL_SURFACE('',#3604,0.5);
#3303=CYLINDRICAL_SURFACE('',#3640,0.5);
#3304=CYLINDRICAL_SURFACE('',#3644,0.5);
#3305=CYLINDRICAL_SURFACE('',#3648,0.5);
#3306=CYLINDRICAL_SURFACE('',#3652,0.499999999999998);
#3307=CYLINDRICAL_SURFACE('',#3657,2.25);
#3308=CYLINDRICAL_SURFACE('',#3670,3.5);
#3309=CYLINDRICAL_SURFACE('',#3676,0.5);
#3310=CYLINDRICAL_SURFACE('',#3679,0.5);
#3311=CYLINDRICAL_SURFACE('',#3717,1.);
#3312=CYLINDRICAL_SURFACE('',#3729,2.25);
#3313=CYLINDRICAL_SURFACE('',#3735,2.25);
#3314=CYLINDRICAL_SURFACE('',#3742,1.);
#3315=CYLINDRICAL_SURFACE('',#3752,2.25);
#3316=CYLINDRICAL_SURFACE('',#3758,2.25);
#3317=CYLINDRICAL_SURFACE('',#3770,2.5);
#3318=ADVANCED_FACE('',(#215),#3292,.F.);
#3319=ADVANCED_FACE('',(#216),#53,.T.);
#3320=ADVANCED_FACE('',(#217),#3293,.F.);
#3321=ADVANCED_FACE('',(#218),#54,.T.);
#3322=ADVANCED_FACE('',(#219),#55,.F.);
#3323=ADVANCED_FACE('',(#220),#3294,.F.);
#3324=ADVANCED_FACE('',(#221),#56,.F.);
#3325=ADVANCED_FACE('',(#222),#57,.T.);
#3326=ADVANCED_FACE('',(#223,#44),#58,.F.);
#3327=ADVANCED_FACE('',(#224),#59,.F.);
#3328=ADVANCED_FACE('',(#225),#60,.F.);
#3329=ADVANCED_FACE('',(#226),#61,.F.);
#3330=ADVANCED_FACE('',(#227,#45),#62,.F.);
#3331=ADVANCED_FACE('',(#228),#63,.T.);
#3332=ADVANCED_FACE('',(#229),#64,.T.);
#3333=ADVANCED_FACE('',(#230),#43,.T.);
#3334=ADVANCED_FACE('',(#231),#65,.T.);
#3335=ADVANCED_FACE('',(#232),#66,.F.);
#3336=ADVANCED_FACE('',(#233),#67,.F.);
#3337=ADVANCED_FACE('',(#234),#68,.F.);
#3338=ADVANCED_FACE('',(#235),#69,.T.);
#3339=ADVANCED_FACE('',(#236),#70,.T.);
#3340=ADVANCED_FACE('',(#237),#71,.T.);
#3341=ADVANCED_FACE('',(#238),#72,.T.);
#3342=ADVANCED_FACE('',(#239),#73,.T.);
#3343=ADVANCED_FACE('',(#240),#74,.T.);
#3344=ADVANCED_FACE('',(#241),#75,.T.);
#3345=ADVANCED_FACE('',(#242),#3295,.F.);
#3346=ADVANCED_FACE('',(#243),#76,.T.);
#3347=ADVANCED_FACE('',(#244),#3296,.F.);
#3348=ADVANCED_FACE('',(#245),#77,.T.);
#3349=ADVANCED_FACE('',(#246),#3297,.F.);
#3350=ADVANCED_FACE('',(#247),#78,.T.);
#3351=ADVANCED_FACE('',(#248),#3298,.F.);
#3352=ADVANCED_FACE('',(#249,#46),#79,.F.);
#3353=ADVANCED_FACE('',(#250,#47,#48),#80,.F.);
#3354=ADVANCED_FACE('',(#251),#3299,.F.);
#3355=ADVANCED_FACE('',(#252),#81,.F.);
#3356=ADVANCED_FACE('',(#253),#82,.T.);
#3357=ADVANCED_FACE('',(#254),#83,.F.);
#3358=ADVANCED_FACE('',(#255),#84,.T.);
#3359=ADVANCED_FACE('',(#256),#85,.T.);
#3360=ADVANCED_FACE('',(#257),#86,.T.);
#3361=ADVANCED_FACE('',(#258),#87,.F.);
#3362=ADVANCED_FACE('',(#259),#39,.F.);
#3363=ADVANCED_FACE('',(#260),#3300,.T.);
#3364=ADVANCED_FACE('',(#261),#88,.F.);
#3365=ADVANCED_FACE('',(#262),#89,.T.);
#3366=ADVANCED_FACE('',(#263),#90,.F.);
#3367=ADVANCED_FACE('',(#264),#3301,.F.);
#3368=ADVANCED_FACE('',(#265),#91,.T.);
#3369=ADVANCED_FACE('',(#266),#3302,.F.);
#3370=ADVANCED_FACE('',(#267),#92,.T.);
#3371=ADVANCED_FACE('',(#268),#93,.T.);
#3372=ADVANCED_FACE('',(#269),#94,.T.);
#3373=ADVANCED_FACE('',(#270),#95,.T.);
#3374=ADVANCED_FACE('',(#271),#96,.F.);
#3375=ADVANCED_FACE('',(#272),#97,.F.);
#3376=ADVANCED_FACE('',(#273),#98,.F.);
#3377=ADVANCED_FACE('',(#274),#99,.F.);
#3378=ADVANCED_FACE('',(#275),#100,.F.);
#3379=ADVANCED_FACE('',(#276),#101,.F.);
#3380=ADVANCED_FACE('',(#277),#102,.F.);
#3381=ADVANCED_FACE('',(#278),#103,.F.);
#3382=ADVANCED_FACE('',(#279),#104,.F.);
#3383=ADVANCED_FACE('',(#280),#105,.F.);
#3384=ADVANCED_FACE('',(#281),#106,.F.);
#3385=ADVANCED_FACE('',(#282),#107,.F.);
#3386=ADVANCED_FACE('',(#283),#108,.F.);
#3387=ADVANCED_FACE('',(#284),#109,.F.);
#3388=ADVANCED_FACE('',(#285),#110,.F.);
#3389=ADVANCED_FACE('',(#286),#111,.F.);
#3390=ADVANCED_FACE('',(#287),#112,.F.);
#3391=ADVANCED_FACE('',(#288),#113,.F.);
#3392=ADVANCED_FACE('',(#289),#114,.F.);
#3393=ADVANCED_FACE('',(#290),#115,.F.);
#3394=ADVANCED_FACE('',(#291),#116,.F.);
#3395=ADVANCED_FACE('',(#292),#117,.F.);
#3396=ADVANCED_FACE('',(#293),#118,.F.);
#3397=ADVANCED_FACE('',(#294),#119,.F.);
#3398=ADVANCED_FACE('',(#295),#120,.F.);
#3399=ADVANCED_FACE('',(#296),#121,.F.);
#3400=ADVANCED_FACE('',(#297),#122,.F.);
#3401=ADVANCED_FACE('',(#298),#123,.F.);
#3402=ADVANCED_FACE('',(#299),#124,.F.);
#3403=ADVANCED_FACE('',(#300),#125,.F.);
#3404=ADVANCED_FACE('',(#301),#3303,.F.);
#3405=ADVANCED_FACE('',(#302),#126,.F.);
#3406=ADVANCED_FACE('',(#303),#3304,.F.);
#3407=ADVANCED_FACE('',(#304),#127,.F.);
#3408=ADVANCED_FACE('',(#305),#3305,.F.);
#3409=ADVANCED_FACE('',(#306),#128,.F.);
#3410=ADVANCED_FACE('',(#307),#3306,.F.);
#3411=ADVANCED_FACE('',(#308,#49),#129,.T.);
#3412=ADVANCED_FACE('',(#309,#50,#51,#52),#130,.T.);
#3413=ADVANCED_FACE('',(#310),#3307,.F.);
#3414=ADVANCED_FACE('',(#311),#131,.T.);
#3415=ADVANCED_FACE('',(#312),#132,.F.);
#3416=ADVANCED_FACE('',(#313),#133,.T.);
#3417=ADVANCED_FACE('',(#314),#134,.F.);
#3418=ADVANCED_FACE('',(#315),#135,.F.);
#3419=ADVANCED_FACE('',(#316),#136,.F.);
#3420=ADVANCED_FACE('',(#317),#137,.T.);
#3421=ADVANCED_FACE('',(#318),#40,.T.);
#3422=ADVANCED_FACE('',(#319),#3308,.T.);
#3423=ADVANCED_FACE('',(#320),#138,.T.);
#3424=ADVANCED_FACE('',(#321),#139,.F.);
#3425=ADVANCED_FACE('',(#322),#140,.T.);
#3426=ADVANCED_FACE('',(#323),#3309,.F.);
#3427=ADVANCED_FACE('',(#324),#141,.F.);
#3428=ADVANCED_FACE('',(#325),#3310,.F.);
#3429=ADVANCED_FACE('',(#326),#142,.F.);
#3430=ADVANCED_FACE('',(#327),#143,.F.);
#3431=ADVANCED_FACE('',(#328),#144,.F.);
#3432=ADVANCED_FACE('',(#329),#145,.F.);
#3433=ADVANCED_FACE('',(#330),#146,.T.);
#3434=ADVANCED_FACE('',(#331),#147,.T.);
#3435=ADVANCED_FACE('',(#332),#148,.T.);
#3436=ADVANCED_FACE('',(#333),#149,.T.);
#3437=ADVANCED_FACE('',(#334),#150,.T.);
#3438=ADVANCED_FACE('',(#335),#151,.T.);
#3439=ADVANCED_FACE('',(#336),#152,.T.);
#3440=ADVANCED_FACE('',(#337),#153,.T.);
#3441=ADVANCED_FACE('',(#338),#154,.T.);
#3442=ADVANCED_FACE('',(#339),#155,.T.);
#3443=ADVANCED_FACE('',(#340),#156,.T.);
#3444=ADVANCED_FACE('',(#341),#157,.T.);
#3445=ADVANCED_FACE('',(#342),#158,.T.);
#3446=ADVANCED_FACE('',(#343),#159,.T.);
#3447=ADVANCED_FACE('',(#344),#160,.T.);
#3448=ADVANCED_FACE('',(#345),#161,.T.);
#3449=ADVANCED_FACE('',(#346),#162,.T.);
#3450=ADVANCED_FACE('',(#347),#163,.T.);
#3451=ADVANCED_FACE('',(#348),#164,.T.);
#3452=ADVANCED_FACE('',(#349),#165,.T.);
#3453=ADVANCED_FACE('',(#350),#166,.T.);
#3454=ADVANCED_FACE('',(#351),#167,.T.);
#3455=ADVANCED_FACE('',(#352),#168,.T.);
#3456=ADVANCED_FACE('',(#353),#169,.F.);
#3457=ADVANCED_FACE('',(#354),#170,.T.);
#3458=ADVANCED_FACE('',(#355),#171,.T.);
#3459=ADVANCED_FACE('',(#356),#172,.T.);
#3460=ADVANCED_FACE('',(#357),#173,.T.);
#3461=ADVANCED_FACE('',(#358),#174,.T.);
#3462=ADVANCED_FACE('',(#359),#175,.T.);
#3463=ADVANCED_FACE('',(#360),#176,.T.);
#3464=ADVANCED_FACE('',(#361),#177,.T.);
#3465=ADVANCED_FACE('',(#362),#3311,.T.);
#3466=ADVANCED_FACE('',(#363),#178,.T.);
#3467=ADVANCED_FACE('',(#364),#179,.T.);
#3468=ADVANCED_FACE('',(#365),#180,.T.);
#3469=ADVANCED_FACE('',(#366),#181,.T.);
#3470=ADVANCED_FACE('',(#367),#182,.T.);
#3471=ADVANCED_FACE('',(#368),#183,.T.);
#3472=ADVANCED_FACE('',(#369),#184,.F.);
#3473=ADVANCED_FACE('',(#370),#185,.T.);
#3474=ADVANCED_FACE('',(#371),#186,.T.);
#3475=ADVANCED_FACE('',(#372),#3312,.T.);
#3476=ADVANCED_FACE('',(#373),#187,.T.);
#3477=ADVANCED_FACE('',(#374),#188,.F.);
#3478=ADVANCED_FACE('',(#375),#189,.T.);
#3479=ADVANCED_FACE('',(#376),#3313,.T.);
#3480=ADVANCED_FACE('',(#377),#190,.T.);
#3481=ADVANCED_FACE('',(#378),#191,.T.);
#3482=ADVANCED_FACE('',(#379),#192,.F.);
#3483=ADVANCED_FACE('',(#380),#193,.F.);
#3484=ADVANCED_FACE('',(#381),#3314,.T.);
#3485=ADVANCED_FACE('',(#382),#194,.F.);
#3486=ADVANCED_FACE('',(#383),#195,.T.);
#3487=ADVANCED_FACE('',(#384),#196,.F.);
#3488=ADVANCED_FACE('',(#385),#197,.F.);
#3489=ADVANCED_FACE('',(#386),#198,.F.);
#3490=ADVANCED_FACE('',(#387),#199,.F.);
#3491=ADVANCED_FACE('',(#388),#200,.F.);
#3492=ADVANCED_FACE('',(#389),#3315,.T.);
#3493=ADVANCED_FACE('',(#390),#201,.F.);
#3494=ADVANCED_FACE('',(#391),#202,.T.);
#3495=ADVANCED_FACE('',(#392),#203,.F.);
#3496=ADVANCED_FACE('',(#393),#3316,.T.);
#3497=ADVANCED_FACE('',(#394),#204,.F.);
#3498=ADVANCED_FACE('',(#395),#205,.F.);
#3499=ADVANCED_FACE('',(#396),#206,.T.);
#3500=ADVANCED_FACE('',(#397),#207,.T.);
#3501=ADVANCED_FACE('',(#398),#208,.T.);
#3502=ADVANCED_FACE('',(#399),#209,.T.);
#3503=ADVANCED_FACE('',(#400),#210,.T.);
#3504=ADVANCED_FACE('',(#401),#211,.T.);
#3505=ADVANCED_FACE('',(#402),#212,.T.);
#3506=ADVANCED_FACE('',(#403),#3317,.T.);
#3507=ADVANCED_FACE('',(#404),#213,.T.);
#3508=ADVANCED_FACE('',(#405),#214,.F.);
#3509=CLOSED_SHELL('',(#3318,#3319,#3320,#3321,#3322,#3323,#3324,#3325,
#3326,#3327,#3328,#3329,#3330,#3331,#3332,#3333,#3334,#3335,#3336,#3337,
#3338,#3339,#3340,#3341,#3342,#3343,#3344,#3345,#3346,#3347,#3348,#3349,
#3350,#3351,#3352,#3353,#3354,#3355,#3356,#3357,#3358,#3359,#3360,#3361,
#3362,#3363,#3364,#3365,#3366,#3367,#3368,#3369,#3370,#3371,#3372,#3373,
#3374,#3375,#3376,#3377,#3378,#3379,#3380,#3381,#3382,#3383,#3384,#3385,
#3386,#3387,#3388,#3389,#3390,#3391,#3392,#3393,#3394,#3395,#3396,#3397,
#3398,#3399,#3400,#3401,#3402,#3403,#3404,#3405,#3406,#3407,#3408,#3409,
#3410,#3411,#3412,#3413,#3414,#3415,#3416,#3417,#3418,#3419,#3420,#3421,
#3422,#3423,#3424,#3425,#3426,#3427,#3428,#3429,#3430,#3431,#3432,#3433,
#3434,#3435,#3436,#3437,#3438,#3439,#3440,#3441,#3442,#3443,#3444,#3445,
#3446,#3447,#3448,#3449,#3450,#3451,#3452,#3453,#3454,#3455,#3456,#3457,
#3458,#3459,#3460,#3461,#3462,#3463,#3464));
#3510=CLOSED_SHELL('',(#3465,#3466,#3467,#3468,#3469,#3470,#3471,#3472));
#3511=CLOSED_SHELL('',(#3473,#3474,#3475,#3476,#3477));
#3512=CLOSED_SHELL('',(#3478,#3479,#3480,#3481,#3482));
#3513=CLOSED_SHELL('',(#3483,#3484,#3485,#3486,#3487,#3488,#3489));
#3514=CLOSED_SHELL('',(#3490,#3491,#3492,#3493,#3494));
#3515=CLOSED_SHELL('',(#3495,#3496,#3497,#3498,#3499));
#3516=CLOSED_SHELL('',(#3500,#3501,#3502,#3503,#3504,#3505));
#3517=CLOSED_SHELL('',(#3506,#3507,#3508));
#3518=DERIVED_UNIT_ELEMENT(#3520,1.);
#3519=DERIVED_UNIT_ELEMENT(#5797,-3.);
#3520=(
MASS_UNIT()
NAMED_UNIT(*)
SI_UNIT(.KILO.,.GRAM.)
);
#3521=DERIVED_UNIT((#3518,#3519));
#3522=MEASURE_REPRESENTATION_ITEM('density measure',
POSITIVE_RATIO_MEASURE(1060.),#3521);
#3523=PROPERTY_DEFINITION_REPRESENTATION(#3528,#3525);
#3524=PROPERTY_DEFINITION_REPRESENTATION(#3529,#3526);
#3525=REPRESENTATION('material name',(#3527),#5794);
#3526=REPRESENTATION('density',(#3522),#5794);
#3527=DESCRIPTIVE_REPRESENTATION_ITEM('ABS Plastic','ABS Plastic');
#3528=PROPERTY_DEFINITION('material property','material name',#5804);
#3529=PROPERTY_DEFINITION('material property','density of part',#5804);
#3530=AXIS2_PLACEMENT_3D('',#4689,#3775,#3776);
#3531=AXIS2_PLACEMENT_3D('',#4690,#3777,#3778);
#3532=AXIS2_PLACEMENT_3D('',#4692,#3779,#3780);
#3533=AXIS2_PLACEMENT_3D('',#4695,#3782,#3783);
#3534=AXIS2_PLACEMENT_3D('',#4696,#3784,#3785);
#3535=AXIS2_PLACEMENT_3D('',#4697,#3786,#3787);
#3536=AXIS2_PLACEMENT_3D('',#4699,#3788,#3789);
#3537=AXIS2_PLACEMENT_3D('',#4702,#3791,#3792);
#3538=AXIS2_PLACEMENT_3D('',#4703,#3793,#3794);
#3539=AXIS2_PLACEMENT_3D('',#4704,#3795,#3796);
#3540=AXIS2_PLACEMENT_3D('',#4713,#3801,#3802);
#3541=AXIS2_PLACEMENT_3D('',#4715,#3803,#3804);
#3542=AXIS2_PLACEMENT_3D('',#4718,#3806,#3807);
#3543=AXIS2_PLACEMENT_3D('',#4719,#3808,#3809);
#3544=AXIS2_PLACEMENT_3D('',#4725,#3813,#3814);
#3545=AXIS2_PLACEMENT_3D('',#4727,#3816,#3817);
#3546=AXIS2_PLACEMENT_3D('',#4777,#3843,#3844);
#3547=AXIS2_PLACEMENT_3D('',#4783,#3848,#3849);
#3548=AXIS2_PLACEMENT_3D('',#4787,#3852,#3853);
#3549=AXIS2_PLACEMENT_3D('',#4791,#3856,#3857);
#3550=AXIS2_PLACEMENT_3D('',#4801,#3863,#3864);
#3551=AXIS2_PLACEMENT_3D('',#4807,#3868,#3869);
#3552=AXIS2_PLACEMENT_3D('',#4823,#3872,#3873);
#3553=AXIS2_PLACEMENT_3D('',#4827,#3875,#3876);
#3554=AXIS2_PLACEMENT_3D('',#4829,#3878,#3879);
#3555=AXIS2_PLACEMENT_3D('',#4835,#3883,#3884);
#3556=AXIS2_PLACEMENT_3D('',#4846,#3891,#3892);
#3557=AXIS2_PLACEMENT_3D('',#4850,#3895,#3896);
#3558=AXIS2_PLACEMENT_3D('',#4855,#3900,#3901);
#3559=AXIS2_PLACEMENT_3D('',#4856,#3902,#3903);
#3560=AXIS2_PLACEMENT_3D('',#4865,#3908,#3909);
#3561=AXIS2_PLACEMENT_3D('',#4871,#3913,#3914);
#3562=AXIS2_PLACEMENT_3D('',#4875,#3917,#3918);
#3563=AXIS2_PLACEMENT_3D('',#4879,#3921,#3922);
#3564=AXIS2_PLACEMENT_3D('',#4881,#3924,#3925);
#3565=AXIS2_PLACEMENT_3D('',#4890,#3930,#3931);
#3566=AXIS2_PLACEMENT_3D('',#4892,#3932,#3933);
#3567=AXIS2_PLACEMENT_3D('',#4894,#3934,#3935);
#3568=AXIS2_PLACEMENT_3D('',#4896,#3937,#3938);
#3569=AXIS2_PLACEMENT_3D('',#4902,#3942,#3943);
#3570=AXIS2_PLACEMENT_3D('',#4904,#3944,#3945);
#3571=AXIS2_PLACEMENT_3D('',#4906,#3946,#3947);
#3572=AXIS2_PLACEMENT_3D('',#4908,#3949,#3950);
#3573=AXIS2_PLACEMENT_3D('',#4914,#3954,#3955);
#3574=AXIS2_PLACEMENT_3D('',#4916,#3956,#3957);
#3575=AXIS2_PLACEMENT_3D('',#4918,#3958,#3959);
#3576=AXIS2_PLACEMENT_3D('',#4920,#3961,#3962);
#3577=AXIS2_PLACEMENT_3D('',#4926,#3966,#3967);
#3578=AXIS2_PLACEMENT_3D('',#4927,#3968,#3969);
#3579=AXIS2_PLACEMENT_3D('',#4928,#3970,#3971);
#3580=AXIS2_PLACEMENT_3D('',#4929,#3972,#3973);
#3581=AXIS2_PLACEMENT_3D('',#4930,#3974,#3975);
#3582=AXIS2_PLACEMENT_3D('',#4954,#3988,#3989);
#3583=AXIS2_PLACEMENT_3D('',#4957,#3990,#3991);
#3584=AXIS2_PLACEMENT_3D('',#4960,#3993,#3994);
#3585=AXIS2_PLACEMENT_3D('',#4961,#3995,#3996);
#3586=AXIS2_PLACEMENT_3D('',#4965,#3999,#4000);
#3587=AXIS2_PLACEMENT_3D('',#4966,#4001,#4002);
#3588=AXIS2_PLACEMENT_3D('',#4972,#4006,#4007);
#3589=AXIS2_PLACEMENT_3D('',#4982,#4014,#4015);
#3590=AXIS2_PLACEMENT_3D('',#4986,#4018,#4019);
#3591=AXIS2_PLACEMENT_3D('',#4988,#4021,#4022);
#3592=AXIS2_PLACEMENT_3D('',#4992,#4025,#4026);
#3593=AXIS2_PLACEMENT_3D('',#5012,#4036,#4037);
#3594=AXIS2_PLACEMENT_3D('',#5016,#4039,#4040);
#3595=AXIS2_PLACEMENT_3D('',#5076,#4043,#4044);
#3596=AXIS2_PLACEMENT_3D('',#5078,#4045,#4046);
#3597=AXIS2_PLACEMENT_3D('',#5081,#4048,#4049);
#3598=AXIS2_PLACEMENT_3D('',#5082,#4050,#4051);
#3599=AXIS2_PLACEMENT_3D('',#5086,#4054,#4055);
#3600=AXIS2_PLACEMENT_3D('',#5090,#4058,#4059);
#3601=AXIS2_PLACEMENT_3D('',#5102,#4067,#4068);
#3602=AXIS2_PLACEMENT_3D('',#5105,#4069,#4070);
#3603=AXIS2_PLACEMENT_3D('',#5108,#4073,#4074);
#3604=AXIS2_PLACEMENT_3D('',#5110,#4076,#4077);
#3605=AXIS2_PLACEMENT_3D('',#5113,#4078,#4079);
#3606=AXIS2_PLACEMENT_3D('',#5116,#4082,#4083);
#3607=AXIS2_PLACEMENT_3D('',#5119,#4086,#4087);
#3608=AXIS2_PLACEMENT_3D('',#5120,#4088,#4089);
#3609=AXIS2_PLACEMENT_3D('',#5121,#4090,#4091);
#3610=AXIS2_PLACEMENT_3D('',#5125,#4094,#4095);
#3611=AXIS2_PLACEMENT_3D('',#5134,#4100,#4101);
#3612=AXIS2_PLACEMENT_3D('',#5140,#4105,#4106);
#3613=AXIS2_PLACEMENT_3D('',#5146,#4110,#4111);
#3614=AXIS2_PLACEMENT_3D('',#5149,#4114,#4115);
#3615=AXIS2_PLACEMENT_3D('',#5150,#4116,#4117);
#3616=AXIS2_PLACEMENT_3D('',#5160,#4124,#4125);
#3617=AXIS2_PLACEMENT_3D('',#5166,#4129,#4130);
#3618=AXIS2_PLACEMENT_3D('',#5170,#4133,#4134);
#3619=AXIS2_PLACEMENT_3D('',#5176,#4138,#4139);
#3620=AXIS2_PLACEMENT_3D('',#5178,#4141,#4142);
#3621=AXIS2_PLACEMENT_3D('',#5182,#4145,#4146);
#3622=AXIS2_PLACEMENT_3D('',#5186,#4149,#4150);
#3623=AXIS2_PLACEMENT_3D('',#5188,#4152,#4153);
#3624=AXIS2_PLACEMENT_3D('',#5192,#4156,#4157);
#3625=AXIS2_PLACEMENT_3D('',#5194,#4159,#4160);
#3626=AXIS2_PLACEMENT_3D('',#5195,#4161,#4162);
#3627=AXIS2_PLACEMENT_3D('',#5201,#4166,#4167);
#3628=AXIS2_PLACEMENT_3D('',#5207,#4171,#4172);
#3629=AXIS2_PLACEMENT_3D('',#5210,#4175,#4176);
#3630=AXIS2_PLACEMENT_3D('',#5211,#4177,#4178);
#3631=AXIS2_PLACEMENT_3D('',#5213,#4180,#4181);
#3632=AXIS2_PLACEMENT_3D('',#5215,#4183,#4184);
#3633=AXIS2_PLACEMENT_3D('',#5217,#4186,#4187);
#3634=AXIS2_PLACEMENT_3D('',#5218,#4188,#4189);
#3635=AXIS2_PLACEMENT_3D('',#5227,#4194,#4195);
#3636=AXIS2_PLACEMENT_3D('',#5233,#4199,#4200);
#3637=AXIS2_PLACEMENT_3D('',#5237,#4203,#4204);
#3638=AXIS2_PLACEMENT_3D('',#5241,#4207,#4208);
#3639=AXIS2_PLACEMENT_3D('',#5243,#4210,#4211);
#3640=AXIS2_PLACEMENT_3D('',#5252,#4216,#4217);
#3641=AXIS2_PLACEMENT_3D('',#5254,#4218,#4219);
#3642=AXIS2_PLACEMENT_3D('',#5257,#4221,#4222);
#3643=AXIS2_PLACEMENT_3D('',#5258,#4223,#4224);
#3644=AXIS2_PLACEMENT_3D('',#5264,#4228,#4229);
#3645=AXIS2_PLACEMENT_3D('',#5266,#4230,#4231);
#3646=AXIS2_PLACEMENT_3D('',#5269,#4233,#4234);
#3647=AXIS2_PLACEMENT_3D('',#5270,#4235,#4236);
#3648=AXIS2_PLACEMENT_3D('',#5276,#4240,#4241);
#3649=AXIS2_PLACEMENT_3D('',#5278,#4242,#4243);
#3650=AXIS2_PLACEMENT_3D('',#5281,#4245,#4246);
#3651=AXIS2_PLACEMENT_3D('',#5282,#4247,#4248);
#3652=AXIS2_PLACEMENT_3D('',#5288,#4252,#4253);
#3653=AXIS2_PLACEMENT_3D('',#5289,#4254,#4255);
#3654=AXIS2_PLACEMENT_3D('',#5290,#4256,#4257);
#3655=AXIS2_PLACEMENT_3D('',#5291,#4258,#4259);
#3656=AXIS2_PLACEMENT_3D('',#5292,#4260,#4261);
#3657=AXIS2_PLACEMENT_3D('',#5318,#4275,#4276);
#3658=AXIS2_PLACEMENT_3D('',#5321,#4277,#4278);
#3659=AXIS2_PLACEMENT_3D('',#5325,#4281,#4282);
#3660=AXIS2_PLACEMENT_3D('',#5328,#4284,#4285);
#3661=AXIS2_PLACEMENT_3D('',#5329,#4286,#4287);
#3662=AXIS2_PLACEMENT_3D('',#5330,#4288,#4289);
#3663=AXIS2_PLACEMENT_3D('',#5336,#4293,#4294);
#3664=AXIS2_PLACEMENT_3D('',#5346,#4301,#4302);
#3665=AXIS2_PLACEMENT_3D('',#5350,#4305,#4306);
#3666=AXIS2_PLACEMENT_3D('',#5352,#4308,#4309);
#3667=AXIS2_PLACEMENT_3D('',#5356,#4312,#4313);
#3668=AXIS2_PLACEMENT_3D('',#5364,#4317,#4318);
#3669=AXIS2_PLACEMENT_3D('',#5368,#4320,#4321);
#3670=AXIS2_PLACEMENT_3D('',#5440,#4330,#4331);
#3671=AXIS2_PLACEMENT_3D('',#5442,#4332,#4333);
#3672=AXIS2_PLACEMENT_3D('',#5445,#4335,#4336);
#3673=AXIS2_PLACEMENT_3D('',#5446,#4337,#4338);
#3674=AXIS2_PLACEMENT_3D('',#5450,#4341,#4342);
#3675=AXIS2_PLACEMENT_3D('',#5454,#4345,#4346);
#3676=AXIS2_PLACEMENT_3D('',#5466,#4354,#4355);
#3677=AXIS2_PLACEMENT_3D('',#5469,#4356,#4357);
#3678=AXIS2_PLACEMENT_3D('',#5472,#4360,#4361);
#3679=AXIS2_PLACEMENT_3D('',#5474,#4363,#4364);
#3680=AXIS2_PLACEMENT_3D('',#5477,#4365,#4366);
#3681=AXIS2_PLACEMENT_3D('',#5480,#4369,#4370);
#3682=AXIS2_PLACEMENT_3D('',#5483,#4373,#4374);
#3683=AXIS2_PLACEMENT_3D('',#5484,#4375,#4376);
#3684=AXIS2_PLACEMENT_3D('',#5485,#4377,#4378);
#3685=AXIS2_PLACEMENT_3D('',#5491,#4382,#4383);
#3686=AXIS2_PLACEMENT_3D('',#5496,#4387,#4388);
#3687=AXIS2_PLACEMENT_3D('',#5505,#4393,#4394);
#3688=AXIS2_PLACEMENT_3D('',#5511,#4398,#4399);
#3689=AXIS2_PLACEMENT_3D('',#5517,#4403,#4404);
#3690=AXIS2_PLACEMENT_3D('',#5520,#4407,#4408);
#3691=AXIS2_PLACEMENT_3D('',#5521,#4409,#4410);
#3692=AXIS2_PLACEMENT_3D('',#5531,#4417,#4418);
#3693=AXIS2_PLACEMENT_3D('',#5537,#4422,#4423);
#3694=AXIS2_PLACEMENT_3D('',#5541,#4426,#4427);
#3695=AXIS2_PLACEMENT_3D('',#5547,#4431,#4432);
#3696=AXIS2_PLACEMENT_3D('',#5549,#4434,#4435);
#3697=AXIS2_PLACEMENT_3D('',#5553,#4438,#4439);
#3698=AXIS2_PLACEMENT_3D('',#5557,#4442,#4443);
#3699=AXIS2_PLACEMENT_3D('',#5559,#4445,#4446);
#3700=AXIS2_PLACEMENT_3D('',#5563,#4449,#4450);
#3701=AXIS2_PLACEMENT_3D('',#5565,#4452,#4453);
#3702=AXIS2_PLACEMENT_3D('',#5566,#4454,#4455);
#3703=AXIS2_PLACEMENT_3D('',#5572,#4459,#4460);
#3704=AXIS2_PLACEMENT_3D('',#5578,#4464,#4465);
#3705=AXIS2_PLACEMENT_3D('',#5581,#4468,#4469);
#3706=AXIS2_PLACEMENT_3D('',#5582,#4470,#4471);
#3707=AXIS2_PLACEMENT_3D('',#5584,#4473,#4474);
#3708=AXIS2_PLACEMENT_3D('',#5586,#4476,#4477);
#3709=AXIS2_PLACEMENT_3D('',#5587,#4478,#4479);
#3710=AXIS2_PLACEMENT_3D('',#5589,#4481,#4482);
#3711=AXIS2_PLACEMENT_3D('',#5590,#4483,#4484);
#3712=AXIS2_PLACEMENT_3D('',#5591,#4485,#4486);
#3713=AXIS2_PLACEMENT_3D('',#5597,#4490,#4491);
#3714=AXIS2_PLACEMENT_3D('',#5603,#4495,#4496);
#3715=AXIS2_PLACEMENT_3D('',#5605,#4498,#4499);
#3716=AXIS2_PLACEMENT_3D('',#5607,#4501,#4502);
#3717=AXIS2_PLACEMENT_3D('',#5608,#4503,#4504);
#3718=AXIS2_PLACEMENT_3D('',#5611,#4505,#4506);
#3719=AXIS2_PLACEMENT_3D('',#5615,#4508,#4509);
#3720=AXIS2_PLACEMENT_3D('',#5617,#4511,#4512);
#3721=AXIS2_PLACEMENT_3D('',#5625,#4517,#4518);
#3722=AXIS2_PLACEMENT_3D('',#5631,#4522,#4523);
#3723=AXIS2_PLACEMENT_3D('',#5635,#4526,#4527);
#3724=AXIS2_PLACEMENT_3D('',#5639,#4530,#4531);
#3725=AXIS2_PLACEMENT_3D('',#5643,#4534,#4535);
#3726=AXIS2_PLACEMENT_3D('',#5645,#4537,#4538);
#3727=AXIS2_PLACEMENT_3D('',#5646,#4539,#4540);
#3728=AXIS2_PLACEMENT_3D('',#5655,#4545,#4546);
#3729=AXIS2_PLACEMENT_3D('',#5661,#4550,#4551);
#3730=AXIS2_PLACEMENT_3D('',#5662,#4552,#4553);
#3731=AXIS2_PLACEMENT_3D('',#5663,#4554,#4555);
#3732=AXIS2_PLACEMENT_3D('',#5664,#4556,#4557);
#3733=AXIS2_PLACEMENT_3D('',#5665,#4558,#4559);
#3734=AXIS2_PLACEMENT_3D('',#5666,#4560,#4561);
#3735=AXIS2_PLACEMENT_3D('',#5675,#4566,#4567);
#3736=AXIS2_PLACEMENT_3D('',#5677,#4568,#4569);
#3737=AXIS2_PLACEMENT_3D('',#5679,#4570,#4571);
#3738=AXIS2_PLACEMENT_3D('',#5681,#4573,#4574);
#3739=AXIS2_PLACEMENT_3D('',#5684,#4577,#4578);
#3740=AXIS2_PLACEMENT_3D('',#5685,#4579,#4580);
#3741=AXIS2_PLACEMENT_3D('',#5686,#4581,#4582);
#3742=AXIS2_PLACEMENT_3D('',#5695,#4587,#4588);
#3743=AXIS2_PLACEMENT_3D('',#5697,#4589,#4590);
#3744=AXIS2_PLACEMENT_3D('',#5700,#4592,#4593);
#3745=AXIS2_PLACEMENT_3D('',#5701,#4594,#4595);
#3746=AXIS2_PLACEMENT_3D('',#5707,#4599,#4600);
#3747=AXIS2_PLACEMENT_3D('',#5711,#4603,#4604);
#3748=AXIS2_PLACEMENT_3D('',#5715,#4607,#4608);
#3749=AXIS2_PLACEMENT_3D('',#5717,#4610,#4611);
#3750=AXIS2_PLACEMENT_3D('',#5718,#4612,#4613);
#3751=AXIS2_PLACEMENT_3D('',#5727,#4618,#4619);
#3752=AXIS2_PLACEMENT_3D('',#5733,#4623,#4624);
#3753=AXIS2_PLACEMENT_3D('',#5734,#4625,#4626);
#3754=AXIS2_PLACEMENT_3D('',#5735,#4627,#4628);
#3755=AXIS2_PLACEMENT_3D('',#5736,#4629,#4630);
#3756=AXIS2_PLACEMENT_3D('',#5737,#4631,#4632);
#3757=AXIS2_PLACEMENT_3D('',#5738,#4633,#4634);
#3758=AXIS2_PLACEMENT_3D('',#5747,#4639,#4640);
#3759=AXIS2_PLACEMENT_3D('',#5749,#4641,#4642);
#3760=AXIS2_PLACEMENT_3D('',#5752,#4644,#4645);
#3761=AXIS2_PLACEMENT_3D('',#5753,#4646,#4647);
#3762=AXIS2_PLACEMENT_3D('',#5756,#4650,#4651);
#3763=AXIS2_PLACEMENT_3D('',#5757,#4652,#4653);
#3764=AXIS2_PLACEMENT_3D('',#5758,#4654,#4655);
#3765=AXIS2_PLACEMENT_3D('',#5767,#4660,#4661);
#3766=AXIS2_PLACEMENT_3D('',#5773,#4665,#4666);
#3767=AXIS2_PLACEMENT_3D('',#5777,#4669,#4670);
#3768=AXIS2_PLACEMENT_3D('',#5781,#4673,#4674);
#3769=AXIS2_PLACEMENT_3D('',#5783,#4676,#4677);
#3770=AXIS2_PLACEMENT_3D('',#5784,#4678,#4679);
#3771=AXIS2_PLACEMENT_3D('',#5786,#4680,#4681);
#3772=AXIS2_PLACEMENT_3D('',#5789,#4683,#4684);
#3773=AXIS2_PLACEMENT_3D('',#5790,#4685,#4686);
#3774=AXIS2_PLACEMENT_3D('',#5791,#4687,#4688);
#3775=DIRECTION('axis',(0.,0.,1.));
#3776=DIRECTION('refdir',(1.,0.,0.));
#3777=DIRECTION('center_axis',(0.,0.,-1.));
#3778=DIRECTION('ref_axis',(1.,0.,0.));
#3779=DIRECTION('center_axis',(0.,0.,-1.));
#3780=DIRECTION('ref_axis',(1.,0.,0.));
#3781=DIRECTION('',(0.,0.,-1.));
#3782=DIRECTION('center_axis',(0.,0.,-1.));
#3783=DIRECTION('ref_axis',(1.,0.,0.));
#3784=DIRECTION('center_axis',(0.,0.,1.));
#3785=DIRECTION('ref_axis',(1.,0.,0.));
#3786=DIRECTION('center_axis',(0.,0.,-1.));
#3787=DIRECTION('ref_axis',(1.,0.,0.));
#3788=DIRECTION('center_axis',(0.,0.,-1.));
#3789=DIRECTION('ref_axis',(1.,0.,0.));
#3790=DIRECTION('',(0.,0.,-1.));
#3791=DIRECTION('center_axis',(0.,0.,-1.));
#3792=DIRECTION('ref_axis',(1.,0.,0.));
#3793=DIRECTION('center_axis',(0.,0.,1.));
#3794=DIRECTION('ref_axis',(1.,0.,0.));
#3795=DIRECTION('center_axis',(-1.,0.,0.));
#3796=DIRECTION('ref_axis',(0.,0.,-1.));
#3797=DIRECTION('',(0.,0.,-1.));
#3798=DIRECTION('',(0.,-1.,0.));
#3799=DIRECTION('',(0.,0.,-1.));
#3800=DIRECTION('',(0.,-1.,0.));
#3801=DIRECTION('center_axis',(0.,-1.,0.));
#3802=DIRECTION('ref_axis',(-1.,0.,0.));
#3803=DIRECTION('center_axis',(0.,-1.,0.));
#3804=DIRECTION('ref_axis',(-1.,0.,0.));
#3805=DIRECTION('',(0.,-1.,0.));
#3806=DIRECTION('center_axis',(0.,-1.,0.));
#3807=DIRECTION('ref_axis',(-1.,0.,0.));
#3808=DIRECTION('center_axis',(1.,0.,0.));
#3809=DIRECTION('ref_axis',(0.,0.,1.));
#3810=DIRECTION('',(0.,0.,1.));
#3811=DIRECTION('',(0.,1.,0.));
#3812=DIRECTION('',(0.,0.,1.));
#3813=DIRECTION('center_axis',(0.,1.,0.));
#3814=DIRECTION('ref_axis',(-1.,0.,0.));
#3815=DIRECTION('',(1.,0.,0.));
#3816=DIRECTION('center_axis',(0.,0.,1.));
#3817=DIRECTION('ref_axis',(1.,0.,0.));
#3818=DIRECTION('',(-1.,0.,0.));
#3819=DIRECTION('',(-6.83214169000096E-17,1.,0.));
#3820=DIRECTION('',(1.,-1.77635683940025E-16,0.));
#3821=DIRECTION('',(-7.77226949443158E-15,1.,0.));
#3822=DIRECTION('',(1.,0.,0.));
#3823=DIRECTION('',(0.,1.,0.));
#3824=DIRECTION('',(-1.,0.,0.));
#3825=DIRECTION('',(-1.55431223447522E-16,-1.,0.));
#3826=DIRECTION('',(1.,0.,0.));
#3827=DIRECTION('',(4.44089209850063E-16,1.,0.));
#3828=DIRECTION('',(1.,0.,0.));
#3829=DIRECTION('',(3.70074341541719E-17,1.,0.));
#3830=DIRECTION('',(-1.,0.,0.));
#3831=DIRECTION('',(1.55431223447522E-16,-1.,0.));
#3832=DIRECTION('',(1.,0.,0.));
#3833=DIRECTION('',(0.,1.,0.));
#3834=DIRECTION('',(-1.,0.,0.));
#3835=DIRECTION('',(7.77226949443158E-15,1.,0.));
#3836=DIRECTION('',(-1.,-1.77635683940025E-16,0.));
#3837=DIRECTION('',(6.83214169000096E-17,1.,0.));
#3838=DIRECTION('',(-1.,0.,0.));
#3839=DIRECTION('',(0.,1.,0.));
#3840=DIRECTION('',(-1.,0.,0.));
#3841=DIRECTION('',(0.,-1.,0.));
#3842=DIRECTION('',(1.,0.,0.));
#3843=DIRECTION('center_axis',(1.,0.,0.));
#3844=DIRECTION('ref_axis',(0.,1.,0.));
#3845=DIRECTION('',(0.,-1.,0.));
#3846=DIRECTION('',(0.,0.,1.));
#3847=DIRECTION('',(0.,0.,1.));
#3848=DIRECTION('center_axis',(0.,-1.,0.));
#3849=DIRECTION('ref_axis',(1.,0.,0.));
#3850=DIRECTION('',(-1.,0.,0.));
#3851=DIRECTION('',(0.,0.,1.));
#3852=DIRECTION('center_axis',(-1.,0.,0.));
#3853=DIRECTION('ref_axis',(0.,-1.,0.));
#3854=DIRECTION('',(0.,1.,0.));
#3855=DIRECTION('',(0.,0.,1.));
#3856=DIRECTION('center_axis',(0.,1.,0.));
#3857=DIRECTION('ref_axis',(-1.,0.,0.));
#3858=DIRECTION('',(1.,0.,0.));
#3859=DIRECTION('',(1.,0.,0.));
#3860=DIRECTION('',(0.,0.,-1.));
#3861=DIRECTION('',(-1.,0.,0.));
#3862=DIRECTION('',(0.,0.,1.));
#3863=DIRECTION('center_axis',(0.,-1.,0.));
#3864=DIRECTION('ref_axis',(0.,0.,-1.));
#3865=DIRECTION('',(0.,0.,-1.));
#3866=DIRECTION('',(1.,0.,0.));
#3867=DIRECTION('',(0.,0.,1.));
#3868=DIRECTION('center_axis',(1.,-3.70074341541719E-17,0.));
#3869=DIRECTION('ref_axis',(3.70074341541719E-17,1.,0.));
#3870=DIRECTION('',(3.70074341541719E-17,1.,0.));
#3871=DIRECTION('',(0.,0.,-1.));
#3872=DIRECTION('center_axis',(0.,-1.,0.));
#3873=DIRECTION('ref_axis',(-1.,0.,0.));
#3874=DIRECTION('',(-1.55431223447522E-16,1.,0.));
#3875=DIRECTION('center_axis',(0.,1.,0.));
#3876=DIRECTION('ref_axis',(-1.,0.,0.));
#3877=DIRECTION('',(1.55431223447522E-16,1.,0.));
#3878=DIRECTION('center_axis',(0.,-1.,0.));
#3879=DIRECTION('ref_axis',(1.,0.,0.));
#3880=DIRECTION('',(1.,0.,0.));
#3881=DIRECTION('',(0.,0.,-1.));
#3882=DIRECTION('',(0.,0.,1.));
#3883=DIRECTION('center_axis',(1.,-1.55431223447522E-16,0.));
#3884=DIRECTION('ref_axis',(1.55431223447522E-16,1.,0.));
#3885=DIRECTION('',(1.55431223447522E-16,1.,0.));
#3886=DIRECTION('',(0.,0.,1.));
#3887=DIRECTION('',(0.,0.,-1.));
#3888=DIRECTION('',(1.55431223447522E-16,1.,0.));
#3889=DIRECTION('',(1.81645603175891E-32,1.1686558153949E-16,-1.));
#3890=DIRECTION('',(1.55431223447522E-16,1.,0.));
#3891=DIRECTION('center_axis',(1.,-4.44089209850063E-16,0.));
#3892=DIRECTION('ref_axis',(-4.44089209850063E-16,-1.,0.));
#3893=DIRECTION('',(0.,0.,-1.));
#3894=DIRECTION('',(-4.44089209850063E-16,-1.,0.));
#3895=DIRECTION('center_axis',(0.,0.,-1.));
#3896=DIRECTION('ref_axis',(-1.,0.,0.));
#3897=DIRECTION('',(-1.,0.,0.));
#3898=DIRECTION('',(-1.55431223447522E-16,1.,0.));
#3899=DIRECTION('',(1.,0.,0.));
#3900=DIRECTION('center_axis',(0.,-1.,0.));
#3901=DIRECTION('ref_axis',(1.,0.,0.));
#3902=DIRECTION('center_axis',(0.,0.,1.));
#3903=DIRECTION('ref_axis',(1.,0.,0.));
#3904=DIRECTION('',(-1.,0.,0.));
#3905=DIRECTION('',(-5.55111512312579E-16,-1.,0.));
#3906=DIRECTION('',(1.,0.,0.));
#3907=DIRECTION('',(0.,1.,0.));
#3908=DIRECTION('center_axis',(1.,0.,0.));
#3909=DIRECTION('ref_axis',(0.,-1.,0.));
#3910=DIRECTION('',(0.,0.,-1.));
#3911=DIRECTION('',(0.,-1.,0.));
#3912=DIRECTION('',(0.,0.,-1.));
#3913=DIRECTION('center_axis',(0.,1.,0.));
#3914=DIRECTION('ref_axis',(1.,0.,0.));
#3915=DIRECTION('',(1.,0.,0.));
#3916=DIRECTION('',(0.,0.,-1.));
#3917=DIRECTION('center_axis',(-1.,5.55111512312579E-16,0.));
#3918=DIRECTION('ref_axis',(5.55111512312579E-16,1.,0.));
#3919=DIRECTION('',(5.55111512312579E-16,1.,0.));
#3920=DIRECTION('',(0.,0.,-1.));
#3921=DIRECTION('center_axis',(0.,-1.,0.));
#3922=DIRECTION('ref_axis',(-1.,0.,0.));
#3923=DIRECTION('',(-1.,0.,0.));
#3924=DIRECTION('center_axis',(0.,-1.,0.));
#3925=DIRECTION('ref_axis',(-1.,0.,0.));
#3926=DIRECTION('',(-1.,0.,0.));
#3927=DIRECTION('',(0.,0.,-1.));
#3928=DIRECTION('',(-1.,0.,0.));
#3929=DIRECTION('',(0.,0.,-1.));
#3930=DIRECTION('center_axis',(0.,0.,1.));
#3931=DIRECTION('ref_axis',(0.,1.,0.));
#3932=DIRECTION('center_axis',(0.,0.,1.));
#3933=DIRECTION('ref_axis',(0.,1.,0.));
#3934=DIRECTION('center_axis',(0.,0.,1.));
#3935=DIRECTION('ref_axis',(0.,1.,0.));
#3936=DIRECTION('',(0.,0.,-1.));
#3937=DIRECTION('center_axis',(-1.,0.,0.));
#3938=DIRECTION('ref_axis',(0.,1.,0.));
#3939=DIRECTION('',(0.,1.,0.));
#3940=DIRECTION('',(0.,1.,0.));
#3941=DIRECTION('',(0.,0.,-1.));
#3942=DIRECTION('center_axis',(0.,0.,1.));
#3943=DIRECTION('ref_axis',(1.,0.,0.));
#3944=DIRECTION('center_axis',(0.,0.,1.));
#3945=DIRECTION('ref_axis',(1.,0.,0.));
#3946=DIRECTION('center_axis',(0.,0.,1.));
#3947=DIRECTION('ref_axis',(1.,0.,0.));
#3948=DIRECTION('',(0.,0.,-1.));
#3949=DIRECTION('center_axis',(0.,1.,0.));
#3950=DIRECTION('ref_axis',(1.,0.,0.));
#3951=DIRECTION('',(1.,0.,0.));
#3952=DIRECTION('',(1.,0.,0.));
#3953=DIRECTION('',(0.,0.,-1.));
#3954=DIRECTION('center_axis',(0.,0.,1.));
#3955=DIRECTION('ref_axis',(0.,-1.,0.));
#3956=DIRECTION('center_axis',(0.,0.,1.));
#3957=DIRECTION('ref_axis',(0.,-1.,0.));
#3958=DIRECTION('center_axis',(0.,0.,1.));
#3959=DIRECTION('ref_axis',(0.,-1.,0.));
#3960=DIRECTION('',(0.,0.,-1.));
#3961=DIRECTION('center_axis',(1.,-3.70074341541719E-16,0.));
#3962=DIRECTION('ref_axis',(-3.70074341541719E-16,-1.,0.));
#3963=DIRECTION('',(-3.70074341541719E-16,-1.,0.));
#3964=DIRECTION('',(-3.70074341541719E-16,-1.,0.));
#3965=DIRECTION('',(0.,0.,-1.));
#3966=DIRECTION('center_axis',(0.,0.,1.));
#3967=DIRECTION('ref_axis',(-1.,-2.22044604925032E-15,0.));
#3968=DIRECTION('center_axis',(0.,0.,1.));
#3969=DIRECTION('ref_axis',(-1.,-2.22044604925032E-15,0.));
#3970=DIRECTION('center_axis',(0.,0.,1.));
#3971=DIRECTION('ref_axis',(-1.,-2.22044604925032E-15,0.));
#3972=DIRECTION('center_axis',(0.,0.,-1.));
#3973=DIRECTION('ref_axis',(-1.,0.,0.));
#3974=DIRECTION('center_axis',(0.,0.,-1.));
#3975=DIRECTION('ref_axis',(-1.,0.,0.));
#3976=DIRECTION('',(0.,-1.,0.));
#3977=DIRECTION('',(-1.,0.,0.));
#3978=DIRECTION('',(6.83214169000096E-17,-1.,0.));
#3979=DIRECTION('',(1.,0.,0.));
#3980=DIRECTION('',(-1.,0.,0.));
#3981=DIRECTION('',(-1.,-3.1720657846433E-16,0.));
#3982=DIRECTION('',(0.,1.,0.));
#3983=DIRECTION('',(1.,0.,0.));
#3984=DIRECTION('',(0.707106781186548,0.707106781186547,0.));
#3985=DIRECTION('',(0.,1.,0.));
#3986=DIRECTION('',(-0.707106781186549,0.707106781186546,0.));
#3987=DIRECTION('',(-1.,0.,0.));
#3988=DIRECTION('center_axis',(1.,0.,0.));
#3989=DIRECTION('ref_axis',(0.,0.,1.));
#3990=DIRECTION('center_axis',(1.,6.83214169000096E-17,0.));
#3991=DIRECTION('ref_axis',(0.,0.,1.));
#3992=DIRECTION('',(-1.,0.,0.));
#3993=DIRECTION('center_axis',(1.,0.,0.));
#3994=DIRECTION('ref_axis',(0.,0.,1.));
#3995=DIRECTION('center_axis',(1.,6.83214169000096E-17,0.));
#3996=DIRECTION('ref_axis',(0.,0.,1.));
#3997=DIRECTION('',(-1.,0.,0.));
#3998=DIRECTION('',(-1.,0.,0.));
#3999=DIRECTION('center_axis',(-1.,0.,0.));
#4000=DIRECTION('ref_axis',(0.,0.,1.));
#4001=DIRECTION('center_axis',(0.,0.,1.));
#4002=DIRECTION('ref_axis',(0.,1.,0.));
#4003=DIRECTION('',(0.,1.,0.));
#4004=DIRECTION('',(-1.,0.,0.));
#4005=DIRECTION('',(-6.83214169000096E-17,1.,0.));
#4006=DIRECTION('center_axis',(-1.,-6.83214169000096E-17,0.));
#4007=DIRECTION('ref_axis',(6.83214169000096E-17,-1.,0.));
#4008=DIRECTION('',(0.,0.,-1.));
#4009=DIRECTION('',(6.83214169000096E-17,-1.,0.));
#4010=DIRECTION('',(0.,0.,1.));
#4011=DIRECTION('',(0.,0.,1.));
#4012=DIRECTION('',(0.,0.,1.));
#4013=DIRECTION('',(-6.83214169000096E-17,1.,0.));
#4014=DIRECTION('center_axis',(0.,-1.,0.));
#4015=DIRECTION('ref_axis',(0.,0.,1.));
#4016=DIRECTION('',(0.,0.,1.));
#4017=DIRECTION('',(-1.,0.,0.));
#4018=DIRECTION('center_axis',(0.,0.,1.));
#4019=DIRECTION('ref_axis',(0.,1.,0.));
#4020=DIRECTION('',(0.,1.,0.));
#4021=DIRECTION('center_axis',(0.,1.,0.));
#4022=DIRECTION('ref_axis',(0.,0.,-1.));
#4023=DIRECTION('',(0.,0.,-1.));
#4024=DIRECTION('',(1.,0.,0.));
#4025=DIRECTION('center_axis',(0.,0.,-1.));
#4026=DIRECTION('ref_axis',(-1.,0.,0.));
#4027=DIRECTION('',(0.,-1.,0.));
#4028=DIRECTION('',(1.,0.,0.));
#4029=DIRECTION('',(-3.96508223080413E-17,-1.,0.));
#4030=DIRECTION('',(1.,0.,0.));
#4031=DIRECTION('',(7.77226949443158E-15,-1.,0.));
#4032=DIRECTION('',(1.,0.,0.));
#4033=DIRECTION('',(1.55431223447522E-16,1.,0.));
#4034=DIRECTION('',(-1.,1.77635683940025E-16,0.));
#4035=DIRECTION('',(0.,-1.,0.));
#4036=DIRECTION('center_axis',(0.,0.,-1.));
#4037=DIRECTION('ref_axis',(-0.707106781186548,0.707106781186547,0.));
#4038=DIRECTION('',(-1.,0.,0.));
#4039=DIRECTION('center_axis',(0.,0.,-1.));
#4040=DIRECTION('ref_axis',(0.707106781186551,0.707106781186544,0.));
#4041=DIRECTION('',(0.,1.,0.));
#4042=DIRECTION('',(-1.,1.77635683940025E-16,0.));
#4043=DIRECTION('center_axis',(1.,0.,0.));
#4044=DIRECTION('ref_axis',(0.,0.,-1.));
#4045=DIRECTION('center_axis',(-1.,0.,0.));
#4046=DIRECTION('ref_axis',(0.,0.,-1.));
#4047=DIRECTION('',(-1.,0.,0.));
#4048=DIRECTION('center_axis',(1.,0.,0.));
#4049=DIRECTION('ref_axis',(0.,0.,-1.));
#4050=DIRECTION('center_axis',(1.,0.,0.));
#4051=DIRECTION('ref_axis',(0.,0.,-1.));
#4052=DIRECTION('',(0.,-1.,0.));
#4053=DIRECTION('',(0.,4.67462326157961E-16,-1.));
#4054=DIRECTION('center_axis',(1.,0.,0.));
#4055=DIRECTION('ref_axis',(0.,0.,-1.));
#4056=DIRECTION('',(0.,-4.67462326157961E-16,1.));
#4057=DIRECTION('',(0.,1.,0.));
#4058=DIRECTION('center_axis',(1.77635683940025E-16,1.,0.));
#4059=DIRECTION('ref_axis',(-1.,1.77635683940025E-16,0.));
#4060=DIRECTION('',(1.,-1.77635683940025E-16,0.));
#4061=DIRECTION('',(0.,0.,-1.));
#4062=DIRECTION('',(0.,0.,1.));
#4063=DIRECTION('',(-1.,1.77635683940025E-16,0.));
#4064=DIRECTION('',(0.,0.,1.));
#4065=DIRECTION('',(0.,0.,1.));
#4066=DIRECTION('',(1.,-1.77635683940025E-16,0.));
#4067=DIRECTION('center_axis',(0.,0.,1.));
#4068=DIRECTION('ref_axis',(-0.707106781186548,0.707106781186547,0.));
#4069=DIRECTION('center_axis',(0.,0.,-1.));
#4070=DIRECTION('ref_axis',(-0.707106781186548,0.707106781186547,0.));
#4071=DIRECTION('',(0.,0.,-1.));
#4072=DIRECTION('',(0.,0.,1.));
#4073=DIRECTION('center_axis',(1.,0.,0.));
#4074=DIRECTION('ref_axis',(0.,0.,-1.));
#4075=DIRECTION('',(0.,1.,0.));
#4076=DIRECTION('center_axis',(0.,0.,-1.));
#4077=DIRECTION('ref_axis',(0.707106781186551,0.707106781186544,0.));
#4078=DIRECTION('center_axis',(0.,0.,-1.));
#4079=DIRECTION('ref_axis',(0.707106781186551,0.707106781186544,0.));
#4080=DIRECTION('',(0.,0.,-1.));
#4081=DIRECTION('',(0.,0.,1.));
#4082=DIRECTION('center_axis',(0.,0.,1.));
#4083=DIRECTION('ref_axis',(1.,0.,0.));
#4084=DIRECTION('',(0.,1.,0.));
#4085=DIRECTION('',(1.,0.,0.));
#4086=DIRECTION('center_axis',(-1.,0.,0.));
#4087=DIRECTION('ref_axis',(0.,0.,1.));
#4088=DIRECTION('center_axis',(0.,-1.,0.));
#4089=DIRECTION('ref_axis',(0.,0.,1.));
#4090=DIRECTION('center_axis',(0.,-1.,-1.1686558153949E-16));
#4091=DIRECTION('ref_axis',(0.,1.1686558153949E-16,-1.));
#4092=DIRECTION('',(4.63381640754824E-33,1.1686558153949E-16,-1.));
#4093=DIRECTION('',(1.,0.,0.));
#4094=DIRECTION('center_axis',(0.,-0.905458935958869,-0.424433876230719));
#4095=DIRECTION('ref_axis',(0.,-0.424433876230719,0.905458935958869));
#4096=DIRECTION('',(1.68291522079374E-17,0.424433876230719,-0.905458935958869));
#4097=DIRECTION('',(-1.,0.,0.));
#4098=DIRECTION('',(0.,-0.424433876230719,0.905458935958869));
#4099=DIRECTION('',(-1.,0.,0.));
#4100=DIRECTION('center_axis',(0.,0.,1.));
#4101=DIRECTION('ref_axis',(0.,1.,0.));
#4102=DIRECTION('',(-3.96508223080413E-17,-1.,0.));
#4103=DIRECTION('',(-1.,0.,0.));
#4104=DIRECTION('',(0.,1.,0.));
#4105=DIRECTION('center_axis',(0.,1.,0.));
#4106=DIRECTION('ref_axis',(0.,0.,-1.));
#4107=DIRECTION('',(0.,0.,1.));
#4108=DIRECTION('',(-1.,0.,0.));
#4109=DIRECTION('',(0.,0.,-1.));
#4110=DIRECTION('center_axis',(0.,0.,-1.));
#4111=DIRECTION('ref_axis',(0.,-1.,0.));
#4112=DIRECTION('',(3.96508223080413E-17,1.,0.));
#4113=DIRECTION('',(0.,-1.,0.));
#4114=DIRECTION('center_axis',(1.,0.,0.));
#4115=DIRECTION('ref_axis',(0.,0.,-1.));
#4116=DIRECTION('center_axis',(1.,-3.96508223080413E-17,0.));
#4117=DIRECTION('ref_axis',(3.96508223080413E-17,1.,0.));
#4118=DIRECTION('',(0.,0.,1.));
#4119=DIRECTION('',(-3.96508223080413E-17,-1.,0.));
#4120=DIRECTION('',(0.,0.,1.));
#4121=DIRECTION('',(0.,0.,1.));
#4122=DIRECTION('',(3.96508223080413E-17,1.,0.));
#4123=DIRECTION('',(0.,0.,1.));
#4124=DIRECTION('center_axis',(-0.707106781186546,-0.707106781186549,0.));
#4125=DIRECTION('ref_axis',(0.,0.,1.));
#4126=DIRECTION('',(0.,0.,-1.));
#4127=DIRECTION('',(-0.707106781186549,0.707106781186546,0.));
#4128=DIRECTION('',(0.,0.,1.));
#4129=DIRECTION('center_axis',(-1.,0.,0.));
#4130=DIRECTION('ref_axis',(0.,-1.,0.));
#4131=DIRECTION('',(0.,0.,1.));
#4132=DIRECTION('',(0.,-1.,0.));
#4133=DIRECTION('center_axis',(-1.,0.,0.));
#4134=DIRECTION('ref_axis',(0.,-1.,0.));
#4135=DIRECTION('',(0.,0.,1.));
#4136=DIRECTION('',(0.,-1.,0.));
#4137=DIRECTION('',(0.,0.,1.));
#4138=DIRECTION('center_axis',(3.1720657846433E-16,-1.,0.));
#4139=DIRECTION('ref_axis',(1.,3.1720657846433E-16,0.));
#4140=DIRECTION('',(1.,3.1720657846433E-16,0.));
#4141=DIRECTION('center_axis',(0.,1.,0.));
#4142=DIRECTION('ref_axis',(-1.,0.,0.));
#4143=DIRECTION('',(0.,0.,1.));
#4144=DIRECTION('',(-1.,0.,0.));
#4145=DIRECTION('center_axis',(-1.,0.,0.));
#4146=DIRECTION('ref_axis',(0.,-1.,0.));
#4147=DIRECTION('',(0.,0.,1.));
#4148=DIRECTION('',(0.,-1.,0.));
#4149=DIRECTION('center_axis',(0.,-1.,0.));
#4150=DIRECTION('ref_axis',(1.,0.,0.));
#4151=DIRECTION('',(1.,0.,0.));
#4152=DIRECTION('center_axis',(-0.707106781186547,0.707106781186548,0.));
#4153=DIRECTION('ref_axis',(-0.707106781186548,-0.707106781186547,0.));
#4154=DIRECTION('',(0.,0.,1.));
#4155=DIRECTION('',(-0.707106781186548,-0.707106781186547,0.));
#4156=DIRECTION('center_axis',(0.,1.,0.));
#4157=DIRECTION('ref_axis',(-1.,0.,0.));
#4158=DIRECTION('',(-1.,0.,0.));
#4159=DIRECTION('center_axis',(0.,0.,-1.));
#4160=DIRECTION('ref_axis',(-1.,0.,0.));
#4161=DIRECTION('center_axis',(0.,1.,0.));
#4162=DIRECTION('ref_axis',(-1.,0.,0.));
#4163=DIRECTION('',(0.,0.,1.));
#4164=DIRECTION('',(1.,0.,0.));
#4165=DIRECTION('',(0.,0.,1.));
#4166=DIRECTION('center_axis',(0.,0.,-1.));
#4167=DIRECTION('ref_axis',(-1.,0.,0.));
#4168=DIRECTION('',(-1.,0.,0.));
#4169=DIRECTION('',(1.,0.,0.));
#4170=DIRECTION('',(0.,1.,0.));
#4171=DIRECTION('center_axis',(0.,0.,-1.));
#4172=DIRECTION('ref_axis',(-1.,0.,0.));
#4173=DIRECTION('',(-7.77226949443158E-15,1.,0.));
#4174=DIRECTION('',(1.55431223447522E-16,1.,0.));
#4175=DIRECTION('center_axis',(1.,-1.55431223447522E-16,0.));
#4176=DIRECTION('ref_axis',(1.55431223447522E-16,1.,0.));
#4177=DIRECTION('center_axis',(0.,-1.,0.));
#4178=DIRECTION('ref_axis',(1.,0.,0.));
#4179=DIRECTION('',(0.,0.,1.));
#4180=DIRECTION('center_axis',(1.,0.,0.));
#4181=DIRECTION('ref_axis',(0.,1.,0.));
#4182=DIRECTION('',(0.,0.,1.));
#4183=DIRECTION('center_axis',(0.,-1.,0.));
#4184=DIRECTION('ref_axis',(1.,0.,0.));
#4185=DIRECTION('',(0.,0.,1.));
#4186=DIRECTION('center_axis',(1.,7.77226949443158E-15,0.));
#4187=DIRECTION('ref_axis',(-7.77226949443158E-15,1.,0.));
#4188=DIRECTION('center_axis',(0.,0.,-1.));
#4189=DIRECTION('ref_axis',(-1.,0.,0.));
#4190=DIRECTION('',(1.,0.,0.));
#4191=DIRECTION('',(0.,1.,0.));
#4192=DIRECTION('',(-1.,0.,0.));
#4193=DIRECTION('',(5.55111512312579E-16,-1.,0.));
#4194=DIRECTION('center_axis',(1.,0.,0.));
#4195=DIRECTION('ref_axis',(0.,-1.,0.));
#4196=DIRECTION('',(0.,0.,-1.));
#4197=DIRECTION('',(0.,-1.,0.));
#4198=DIRECTION('',(0.,0.,-1.));
#4199=DIRECTION('center_axis',(0.,-1.,0.));
#4200=DIRECTION('ref_axis',(-1.,0.,0.));
#4201=DIRECTION('',(0.,0.,-1.));
#4202=DIRECTION('',(-1.,0.,0.));
#4203=DIRECTION('center_axis',(-1.,-5.55111512312579E-16,0.));
#4204=DIRECTION('ref_axis',(-5.55111512312579E-16,1.,0.));
#4205=DIRECTION('',(0.,0.,-1.));
#4206=DIRECTION('',(-5.55111512312579E-16,1.,0.));
#4207=DIRECTION('center_axis',(0.,1.,0.));
#4208=DIRECTION('ref_axis',(1.,0.,0.));
#4209=DIRECTION('',(1.,0.,0.));
#4210=DIRECTION('center_axis',(0.,1.,0.));
#4211=DIRECTION('ref_axis',(1.,0.,0.));
#4212=DIRECTION('',(1.,0.,0.));
#4213=DIRECTION('',(0.,0.,-1.));
#4214=DIRECTION('',(1.,0.,0.));
#4215=DIRECTION('',(0.,0.,-1.));
#4216=DIRECTION('center_axis',(0.,0.,-1.));
#4217=DIRECTION('ref_axis',(0.,1.,0.));
#4218=DIRECTION('center_axis',(0.,0.,-1.));
#4219=DIRECTION('ref_axis',(0.,1.,0.));
#4220=DIRECTION('',(0.,0.,-1.));
#4221=DIRECTION('center_axis',(0.,0.,-1.));
#4222=DIRECTION('ref_axis',(0.,1.,0.));
#4223=DIRECTION('center_axis',(-1.,0.,0.));
#4224=DIRECTION('ref_axis',(0.,1.,0.));
#4225=DIRECTION('',(0.,1.,0.));
#4226=DIRECTION('',(0.,0.,-1.));
#4227=DIRECTION('',(0.,1.,0.));
#4228=DIRECTION('center_axis',(0.,0.,-1.));
#4229=DIRECTION('ref_axis',(-1.,0.,0.));
#4230=DIRECTION('center_axis',(0.,0.,-1.));
#4231=DIRECTION('ref_axis',(-1.,0.,0.));
#4232=DIRECTION('',(0.,0.,-1.));
#4233=DIRECTION('center_axis',(0.,0.,-1.));
#4234=DIRECTION('ref_axis',(-1.,0.,0.));
#4235=DIRECTION('center_axis',(0.,-1.,0.));
#4236=DIRECTION('ref_axis',(-1.,0.,0.));
#4237=DIRECTION('',(-1.,0.,0.));
#4238=DIRECTION('',(0.,0.,-1.));
#4239=DIRECTION('',(-1.,0.,0.));
#4240=DIRECTION('center_axis',(0.,0.,-1.));
#4241=DIRECTION('ref_axis',(0.,-1.,0.));
#4242=DIRECTION('center_axis',(0.,0.,-1.));
#4243=DIRECTION('ref_axis',(0.,-1.,0.));
#4244=DIRECTION('',(0.,0.,-1.));
#4245=DIRECTION('center_axis',(0.,0.,-1.));
#4246=DIRECTION('ref_axis',(0.,-1.,0.));
#4247=DIRECTION('center_axis',(1.,3.70074341541719E-16,0.));
#4248=DIRECTION('ref_axis',(3.70074341541719E-16,-1.,0.));
#4249=DIRECTION('',(3.70074341541719E-16,-1.,0.));
#4250=DIRECTION('',(0.,0.,-1.));
#4251=DIRECTION('',(3.70074341541719E-16,-1.,0.));
#4252=DIRECTION('center_axis',(0.,0.,-1.));
#4253=DIRECTION('ref_axis',(1.,-2.22044604925032E-15,0.));
#4254=DIRECTION('center_axis',(0.,0.,-1.));
#4255=DIRECTION('ref_axis',(1.,-2.22044604925032E-15,0.));
#4256=DIRECTION('center_axis',(0.,0.,-1.));
#4257=DIRECTION('ref_axis',(1.,-2.22044604925032E-15,0.));
#4258=DIRECTION('center_axis',(0.,0.,1.));
#4259=DIRECTION('ref_axis',(1.,0.,0.));
#4260=DIRECTION('center_axis',(0.,0.,1.));
#4261=DIRECTION('ref_axis',(1.,0.,0.));
#4262=DIRECTION('',(0.,-1.,0.));
#4263=DIRECTION('',(1.,0.,0.));
#4264=DIRECTION('',(0.707106781186549,0.707106781186546,0.));
#4265=DIRECTION('',(0.,1.,0.));
#4266=DIRECTION('',(-0.707106781186548,0.707106781186547,0.));
#4267=DIRECTION('',(-1.,0.,0.));
#4268=DIRECTION('',(0.,1.,0.));
#4269=DIRECTION('',(1.,-3.1720657846433E-16,0.));
#4270=DIRECTION('',(1.,0.,0.));
#4271=DIRECTION('',(-1.55431223447522E-16,1.,0.));
#4272=DIRECTION('',(-1.,0.,0.));
#4273=DIRECTION('',(-6.83214169000096E-17,-1.,0.));
#4274=DIRECTION('',(1.,0.,0.));
#4275=DIRECTION('center_axis',(1.,0.,0.));
#4276=DIRECTION('ref_axis',(0.,0.,1.));
#4277=DIRECTION('center_axis',(1.,-6.83214169000096E-17,0.));
#4278=DIRECTION('ref_axis',(0.,0.,1.));
#4279=DIRECTION('',(1.,0.,0.));
#4280=DIRECTION('',(1.,0.,0.));
#4281=DIRECTION('center_axis',(1.,-6.83214169000096E-17,0.));
#4282=DIRECTION('ref_axis',(0.,0.,1.));
#4283=DIRECTION('',(1.,0.,0.));
#4284=DIRECTION('center_axis',(1.,0.,0.));
#4285=DIRECTION('ref_axis',(0.,0.,1.));
#4286=DIRECTION('center_axis',(-1.,0.,0.));
#4287=DIRECTION('ref_axis',(0.,0.,1.));
#4288=DIRECTION('center_axis',(0.,0.,-1.));
#4289=DIRECTION('ref_axis',(0.,1.,0.));
#4290=DIRECTION('',(6.83214169000096E-17,1.,0.));
#4291=DIRECTION('',(1.,0.,0.));
#4292=DIRECTION('',(0.,1.,0.));
#4293=DIRECTION('center_axis',(-1.,6.83214169000096E-17,0.));
#4294=DIRECTION('ref_axis',(-6.83214169000096E-17,-1.,0.));
#4295=DIRECTION('',(0.,0.,-1.));
#4296=DIRECTION('',(6.83214169000096E-17,1.,0.));
#4297=DIRECTION('',(0.,0.,1.));
#4298=DIRECTION('',(0.,0.,1.));
#4299=DIRECTION('',(0.,0.,1.));
#4300=DIRECTION('',(-6.83214169000096E-17,-1.,0.));
#4301=DIRECTION('center_axis',(0.,1.,0.));
#4302=DIRECTION('ref_axis',(0.,0.,1.));
#4303=DIRECTION('',(0.,0.,1.));
#4304=DIRECTION('',(1.,0.,0.));
#4305=DIRECTION('center_axis',(0.,0.,-1.));
#4306=DIRECTION('ref_axis',(0.,1.,0.));
#4307=DIRECTION('',(0.,1.,0.));
#4308=DIRECTION('center_axis',(0.,-1.,0.));
#4309=DIRECTION('ref_axis',(0.,0.,-1.));
#4310=DIRECTION('',(0.,0.,-1.));
#4311=DIRECTION('',(-1.,0.,0.));
#4312=DIRECTION('center_axis',(0.,0.,1.));
#4313=DIRECTION('ref_axis',(1.,0.,0.));
#4314=DIRECTION('',(0.,-1.,0.));
#4315=DIRECTION('',(1.,1.77635683940025E-16,0.));
#4316=DIRECTION('',(0.,1.,0.));
#4317=DIRECTION('center_axis',(0.,0.,1.));
#4318=DIRECTION('ref_axis',(-0.707106781186551,0.707106781186544,0.));
#4319=DIRECTION('',(1.,0.,0.));
#4320=DIRECTION('center_axis',(0.,0.,1.));
#4321=DIRECTION('ref_axis',(0.707106781186548,0.707106781186547,0.));
#4322=DIRECTION('',(0.,-1.,0.));
#4323=DIRECTION('',(1.,1.77635683940025E-16,0.));
#4324=DIRECTION('',(-1.55431223447522E-16,1.,0.));
#4325=DIRECTION('',(-1.,0.,0.));
#4326=DIRECTION('',(-7.77226949443158E-15,-1.,0.));
#4327=DIRECTION('',(-1.,0.,0.));
#4328=DIRECTION('',(3.96508223080413E-17,-1.,0.));
#4329=DIRECTION('',(-1.,0.,0.));
#4330=DIRECTION('center_axis',(1.,0.,0.));
#4331=DIRECTION('ref_axis',(0.,0.,-1.));
#4332=DIRECTION('center_axis',(1.,0.,0.));
#4333=DIRECTION('ref_axis',(0.,0.,-1.));
#4334=DIRECTION('',(1.,0.,0.));
#4335=DIRECTION('center_axis',(-1.,0.,0.));
#4336=DIRECTION('ref_axis',(0.,0.,-1.));
#4337=DIRECTION('center_axis',(1.,0.,0.));
#4338=DIRECTION('ref_axis',(0.,0.,-1.));
#4339=DIRECTION('',(0.,4.67462326157961E-16,-1.));
#4340=DIRECTION('',(0.,-1.,0.));
#4341=DIRECTION('center_axis',(1.,0.,0.));
#4342=DIRECTION('ref_axis',(0.,0.,-1.));
#4343=DIRECTION('',(0.,1.,0.));
#4344=DIRECTION('',(0.,-4.67462326157961E-16,1.));
#4345=DIRECTION('center_axis',(1.77635683940025E-16,-1.,0.));
#4346=DIRECTION('ref_axis',(1.,1.77635683940025E-16,0.));
#4347=DIRECTION('',(-1.,-1.77635683940025E-16,0.));
#4348=DIRECTION('',(0.,0.,1.));
#4349=DIRECTION('',(0.,0.,1.));
#4350=DIRECTION('',(1.,1.77635683940025E-16,0.));
#4351=DIRECTION('',(0.,0.,1.));
#4352=DIRECTION('',(0.,0.,-1.));
#4353=DIRECTION('',(-1.,-1.77635683940025E-16,0.));
#4354=DIRECTION('center_axis',(0.,0.,-1.));
#4355=DIRECTION('ref_axis',(0.707106781186548,0.707106781186547,0.));
#4356=DIRECTION('center_axis',(0.,0.,1.));
#4357=DIRECTION('ref_axis',(0.707106781186548,0.707106781186547,0.));
#4358=DIRECTION('',(0.,0.,1.));
#4359=DIRECTION('',(0.,0.,-1.));
#4360=DIRECTION('center_axis',(1.,0.,0.));
#4361=DIRECTION('ref_axis',(0.,0.,-1.));
#4362=DIRECTION('',(0.,1.,0.));
#4363=DIRECTION('center_axis',(0.,0.,1.));
#4364=DIRECTION('ref_axis',(-0.707106781186551,0.707106781186544,0.));
#4365=DIRECTION('center_axis',(0.,0.,1.));
#4366=DIRECTION('ref_axis',(-0.707106781186551,0.707106781186544,0.));
#4367=DIRECTION('',(0.,0.,1.));
#4368=DIRECTION('',(0.,0.,-1.));
#4369=DIRECTION('center_axis',(0.,0.,-1.));
#4370=DIRECTION('ref_axis',(-1.,0.,0.));
#4371=DIRECTION('',(-1.,0.,0.));
#4372=DIRECTION('',(0.,1.,0.));
#4373=DIRECTION('center_axis',(-1.,0.,0.));
#4374=DIRECTION('ref_axis',(0.,0.,1.));
#4375=DIRECTION('center_axis',(0.,1.,0.));
#4376=DIRECTION('ref_axis',(0.,0.,1.));
#4377=DIRECTION('center_axis',(0.,1.,1.1686558153949E-16));
#4378=DIRECTION('ref_axis',(0.,1.1686558153949E-16,-1.));
#4379=DIRECTION('',(-4.63381640754824E-33,1.1686558153949E-16,-1.));
#4380=DIRECTION('',(-1.,0.,0.));
#4381=DIRECTION('',(-1.81645603175891E-32,1.1686558153949E-16,-1.));
#4382=DIRECTION('center_axis',(1.,1.55431223447522E-16,0.));
#4383=DIRECTION('ref_axis',(-1.55431223447522E-16,1.,0.));
#4384=DIRECTION('',(-1.55431223447522E-16,1.,0.));
#4385=DIRECTION('',(0.,0.,-1.));
#4386=DIRECTION('',(0.,0.,1.));
#4387=DIRECTION('center_axis',(0.,0.905458935958869,0.424433876230719));
#4388=DIRECTION('ref_axis',(0.,-0.424433876230719,0.905458935958869));
#4389=DIRECTION('',(-1.68291522079374E-17,0.424433876230719,-0.905458935958869));
#4390=DIRECTION('',(1.,0.,0.));
#4391=DIRECTION('',(0.,-0.424433876230719,0.905458935958869));
#4392=DIRECTION('',(1.,0.,0.));
#4393=DIRECTION('center_axis',(0.,0.,-1.));
#4394=DIRECTION('ref_axis',(0.,1.,0.));
#4395=DIRECTION('',(3.96508223080413E-17,-1.,0.));
#4396=DIRECTION('',(0.,1.,0.));
#4397=DIRECTION('',(1.,0.,0.));
#4398=DIRECTION('center_axis',(0.,-1.,0.));
#4399=DIRECTION('ref_axis',(0.,0.,-1.));
#4400=DIRECTION('',(0.,0.,1.));
#4401=DIRECTION('',(0.,0.,-1.));
#4402=DIRECTION('',(1.,0.,0.));
#4403=DIRECTION('center_axis',(0.,0.,1.));
#4404=DIRECTION('ref_axis',(0.,-1.,0.));
#4405=DIRECTION('',(-3.96508223080413E-17,1.,0.));
#4406=DIRECTION('',(0.,-1.,0.));
#4407=DIRECTION('center_axis',(1.,0.,0.));
#4408=DIRECTION('ref_axis',(0.,0.,-1.));
#4409=DIRECTION('center_axis',(1.,3.96508223080413E-17,0.));
#4410=DIRECTION('ref_axis',(-3.96508223080413E-17,1.,0.));
#4411=DIRECTION('',(0.,0.,1.));
#4412=DIRECTION('',(0.,0.,1.));
#4413=DIRECTION('',(-3.96508223080413E-17,1.,0.));
#4414=DIRECTION('',(0.,0.,1.));
#4415=DIRECTION('',(0.,0.,1.));
#4416=DIRECTION('',(3.96508223080413E-17,-1.,0.));
#4417=DIRECTION('center_axis',(-0.707106781186546,0.707106781186549,0.));
#4418=DIRECTION('ref_axis',(0.,0.,1.));
#4419=DIRECTION('',(0.,0.,1.));
#4420=DIRECTION('',(0.707106781186549,0.707106781186546,0.));
#4421=DIRECTION('',(0.,0.,-1.));
#4422=DIRECTION('center_axis',(-1.,0.,0.));
#4423=DIRECTION('ref_axis',(0.,-1.,0.));
#4424=DIRECTION('',(0.,-1.,0.));
#4425=DIRECTION('',(0.,0.,1.));
#4426=DIRECTION('center_axis',(-1.,0.,0.));
#4427=DIRECTION('ref_axis',(0.,-1.,0.));
#4428=DIRECTION('',(0.,0.,1.));
#4429=DIRECTION('',(0.,-1.,0.));
#4430=DIRECTION('',(0.,0.,1.));
#4431=DIRECTION('center_axis',(3.1720657846433E-16,1.,0.));
#4432=DIRECTION('ref_axis',(-1.,3.1720657846433E-16,0.));
#4433=DIRECTION('',(-1.,3.1720657846433E-16,0.));
#4434=DIRECTION('center_axis',(0.,-1.,0.));
#4435=DIRECTION('ref_axis',(1.,0.,0.));
#4436=DIRECTION('',(1.,0.,0.));
#4437=DIRECTION('',(0.,0.,1.));
#4438=DIRECTION('center_axis',(-1.,0.,0.));
#4439=DIRECTION('ref_axis',(0.,-1.,0.));
#4440=DIRECTION('',(0.,-1.,0.));
#4441=DIRECTION('',(0.,0.,1.));
#4442=DIRECTION('center_axis',(0.,1.,0.));
#4443=DIRECTION('ref_axis',(-1.,0.,0.));
#4444=DIRECTION('',(-1.,0.,0.));
#4445=DIRECTION('center_axis',(-0.707106781186547,-0.707106781186548,0.));
#4446=DIRECTION('ref_axis',(0.707106781186548,-0.707106781186547,0.));
#4447=DIRECTION('',(0.707106781186548,-0.707106781186547,0.));
#4448=DIRECTION('',(0.,0.,1.));
#4449=DIRECTION('center_axis',(0.,-1.,0.));
#4450=DIRECTION('ref_axis',(1.,0.,0.));
#4451=DIRECTION('',(1.,0.,0.));
#4452=DIRECTION('center_axis',(0.,0.,1.));
#4453=DIRECTION('ref_axis',(1.,0.,0.));
#4454=DIRECTION('center_axis',(0.,-1.,0.));
#4455=DIRECTION('ref_axis',(1.,0.,0.));
#4456=DIRECTION('',(0.,0.,1.));
#4457=DIRECTION('',(-1.,0.,0.));
#4458=DIRECTION('',(0.,0.,1.));
#4459=DIRECTION('center_axis',(0.,0.,1.));
#4460=DIRECTION('ref_axis',(1.,0.,0.));
#4461=DIRECTION('',(1.,0.,0.));
#4462=DIRECTION('',(0.,1.,0.));
#4463=DIRECTION('',(-1.,0.,0.));
#4464=DIRECTION('center_axis',(0.,0.,1.));
#4465=DIRECTION('ref_axis',(1.,0.,0.));
#4466=DIRECTION('',(-1.55431223447522E-16,1.,0.));
#4467=DIRECTION('',(7.77226949443158E-15,1.,0.));
#4468=DIRECTION('center_axis',(1.,1.55431223447522E-16,0.));
#4469=DIRECTION('ref_axis',(-1.55431223447522E-16,1.,0.));
#4470=DIRECTION('center_axis',(0.,1.,0.));
#4471=DIRECTION('ref_axis',(-1.,0.,0.));
#4472=DIRECTION('',(0.,0.,1.));
#4473=DIRECTION('center_axis',(1.,0.,0.));
#4474=DIRECTION('ref_axis',(0.,1.,0.));
#4475=DIRECTION('',(0.,0.,1.));
#4476=DIRECTION('center_axis',(0.,1.,0.));
#4477=DIRECTION('ref_axis',(-1.,0.,0.));
#4478=DIRECTION('center_axis',(0.,1.,0.));
#4479=DIRECTION('ref_axis',(-1.,0.,0.));
#4480=DIRECTION('',(0.,0.,1.));
#4481=DIRECTION('center_axis',(1.,-7.77226949443158E-15,0.));
#4482=DIRECTION('ref_axis',(7.77226949443158E-15,1.,0.));
#4483=DIRECTION('center_axis',(0.,1.,0.));
#4484=DIRECTION('ref_axis',(-1.,0.,0.));
#4485=DIRECTION('center_axis',(-1.,0.,0.));
#4486=DIRECTION('ref_axis',(0.,0.,1.));
#4487=DIRECTION('',(0.,1.,0.));
#4488=DIRECTION('',(0.,-1.11022302462516E-15,1.));
#4489=DIRECTION('',(0.,1.,-1.66533453693774E-15));
#4490=DIRECTION('center_axis',(0.,-1.,-1.11022302462516E-15));
#4491=DIRECTION('ref_axis',(0.,1.11022302462516E-15,-1.));
#4492=DIRECTION('',(-1.,0.,0.));
#4493=DIRECTION('',(0.,1.11022302462516E-15,-1.));
#4494=DIRECTION('',(1.,0.,0.));
#4495=DIRECTION('center_axis',(0.,1.66533453693774E-15,1.));
#4496=DIRECTION('ref_axis',(0.,-1.,1.66533453693774E-15));
#4497=DIRECTION('',(0.,1.,0.));
#4498=DIRECTION('center_axis',(0.,0.,-1.));
#4499=DIRECTION('ref_axis',(0.,1.,0.));
#4500=DIRECTION('',(0.,1.,0.));
#4501=DIRECTION('center_axis',(1.,0.,0.));
#4502=DIRECTION('ref_axis',(0.,0.,-1.));
#4503=DIRECTION('center_axis',(-1.,0.,0.));
#4504=DIRECTION('ref_axis',(0.,0.707106781186548,0.707106781186547));
#4505=DIRECTION('center_axis',(1.,0.,0.));
#4506=DIRECTION('ref_axis',(0.,0.707106781186548,0.707106781186547));
#4507=DIRECTION('',(1.,0.,0.));
#4508=DIRECTION('center_axis',(-1.,0.,0.));
#4509=DIRECTION('ref_axis',(0.,0.707106781186548,0.707106781186547));
#4510=DIRECTION('',(-1.,0.,0.));
#4511=DIRECTION('center_axis',(0.,0.,1.));
#4512=DIRECTION('ref_axis',(1.,0.,0.));
#4513=DIRECTION('',(0.,-1.,0.));
#4514=DIRECTION('',(1.,0.,0.));
#4515=DIRECTION('',(0.8,0.6,0.));
#4516=DIRECTION('',(0.,1.,0.));
#4517=DIRECTION('center_axis',(-1.,0.,0.));
#4518=DIRECTION('ref_axis',(0.,-1.,0.));
#4519=DIRECTION('',(0.,0.,1.));
#4520=DIRECTION('',(0.,-1.,0.));
#4521=DIRECTION('',(0.,0.,1.));
#4522=DIRECTION('center_axis',(0.,-1.,0.));
#4523=DIRECTION('ref_axis',(1.,0.,0.));
#4524=DIRECTION('',(1.,0.,0.));
#4525=DIRECTION('',(0.,0.,1.));
#4526=DIRECTION('center_axis',(0.,1.,0.));
#4527=DIRECTION('ref_axis',(-1.,0.,0.));
#4528=DIRECTION('',(0.,0.,1.));
#4529=DIRECTION('',(-1.,0.,0.));
#4530=DIRECTION('center_axis',(1.,0.,0.));
#4531=DIRECTION('ref_axis',(0.,1.,0.));
#4532=DIRECTION('',(0.,0.,1.));
#4533=DIRECTION('',(0.,1.,0.));
#4534=DIRECTION('center_axis',(0.6,-0.8,0.));
#4535=DIRECTION('ref_axis',(0.8,0.6,0.));
#4536=DIRECTION('',(0.8,0.6,0.));
#4537=DIRECTION('center_axis',(0.,0.,1.));
#4538=DIRECTION('ref_axis',(1.,0.,0.));
#4539=DIRECTION('center_axis',(0.,-0.993883734673619,-0.110431526074846));
#4540=DIRECTION('ref_axis',(0.,-0.110431526074846,0.993883734673619));
#4541=DIRECTION('',(0.,0.110431526074846,-0.993883734673619));
#4542=DIRECTION('',(-1.,0.,0.));
#4543=DIRECTION('',(0.,-0.110431526074846,0.993883734673619));
#4544=DIRECTION('',(-1.,0.,0.));
#4545=DIRECTION('center_axis',(0.,-0.993883734673619,0.110431526074846));
#4546=DIRECTION('ref_axis',(0.,0.110431526074846,0.993883734673619));
#4547=DIRECTION('',(0.,-0.110431526074846,-0.993883734673619));
#4548=DIRECTION('',(0.,0.110431526074846,0.993883734673619));
#4549=DIRECTION('',(-1.,0.,0.));
#4550=DIRECTION('center_axis',(-1.,0.,0.));
#4551=DIRECTION('ref_axis',(0.,0.,1.));
#4552=DIRECTION('center_axis',(-1.,0.,0.));
#4553=DIRECTION('ref_axis',(0.,0.,1.));
#4554=DIRECTION('center_axis',(-1.,0.,0.));
#4555=DIRECTION('ref_axis',(0.,0.,1.));
#4556=DIRECTION('center_axis',(-1.,0.,0.));
#4557=DIRECTION('ref_axis',(0.,0.,1.));
#4558=DIRECTION('center_axis',(-1.,0.,0.));
#4559=DIRECTION('ref_axis',(0.,0.,1.));
#4560=DIRECTION('center_axis',(0.,0.993883734673619,-0.110431526074846));
#4561=DIRECTION('ref_axis',(0.,-0.110431526074846,-0.993883734673619));
#4562=DIRECTION('',(0.,-0.110431526074846,-0.993883734673619));
#4563=DIRECTION('',(-1.,0.,0.));
#4564=DIRECTION('',(0.,-0.110431526074846,-0.993883734673619));
#4565=DIRECTION('',(-1.,0.,0.));
#4566=DIRECTION('center_axis',(-1.,0.,0.));
#4567=DIRECTION('ref_axis',(0.,0.,-1.));
#4568=DIRECTION('center_axis',(-1.,0.,0.));
#4569=DIRECTION('ref_axis',(0.,0.,-1.));
#4570=DIRECTION('center_axis',(-1.,0.,0.));
#4571=DIRECTION('ref_axis',(0.,0.,-1.));
#4572=DIRECTION('',(-1.,0.,0.));
#4573=DIRECTION('center_axis',(0.,0.993883734673619,0.110431526074846));
#4574=DIRECTION('ref_axis',(0.,0.110431526074846,-0.993883734673619));
#4575=DIRECTION('',(0.,0.110431526074846,-0.993883734673619));
#4576=DIRECTION('',(0.,0.110431526074846,-0.993883734673619));
#4577=DIRECTION('center_axis',(-1.,0.,0.));
#4578=DIRECTION('ref_axis',(0.,0.,1.));
#4579=DIRECTION('center_axis',(-1.,0.,0.));
#4580=DIRECTION('ref_axis',(0.,0.,1.));
#4581=DIRECTION('center_axis',(0.,-1.,0.));
#4582=DIRECTION('ref_axis',(1.,0.,0.));
#4583=DIRECTION('',(0.,0.,1.));
#4584=DIRECTION('',(1.,0.,0.));
#4585=DIRECTION('',(0.,0.,1.));
#4586=DIRECTION('',(1.,0.,0.));
#4587=DIRECTION('center_axis',(-1.,0.,0.));
#4588=DIRECTION('ref_axis',(0.,0.707106781186548,0.707106781186547));
#4589=DIRECTION('center_axis',(1.,0.,0.));
#4590=DIRECTION('ref_axis',(0.,0.707106781186548,0.707106781186547));
#4591=DIRECTION('',(-1.,0.,0.));
#4592=DIRECTION('center_axis',(1.,0.,0.));
#4593=DIRECTION('ref_axis',(0.,0.707106781186548,0.707106781186547));
#4594=DIRECTION('center_axis',(1.,-4.44089209850063E-16,0.));
#4595=DIRECTION('ref_axis',(-4.44089209850063E-16,-1.,0.));
#4596=DIRECTION('',(0.,1.,0.));
#4597=DIRECTION('',(0.,0.,-1.));
#4598=DIRECTION('',(-4.44089209850063E-16,-1.,0.));
#4599=DIRECTION('center_axis',(0.,0.,-1.));
#4600=DIRECTION('ref_axis',(-1.,0.,0.));
#4601=DIRECTION('',(0.,-1.,0.));
#4602=DIRECTION('',(-1.,0.,0.));
#4603=DIRECTION('center_axis',(0.,0.,-1.));
#4604=DIRECTION('ref_axis',(-1.,0.,0.));
#4605=DIRECTION('',(-1.,0.,0.));
#4606=DIRECTION('',(0.,-1.,0.));
#4607=DIRECTION('center_axis',(-1.,0.,0.));
#4608=DIRECTION('ref_axis',(0.,-1.,0.));
#4609=DIRECTION('',(0.,0.,1.));
#4610=DIRECTION('center_axis',(0.,1.,0.));
#4611=DIRECTION('ref_axis',(-1.,0.,0.));
#4612=DIRECTION('center_axis',(0.,0.993883734673619,0.110431526074846));
#4613=DIRECTION('ref_axis',(0.,-0.110431526074846,0.993883734673619));
#4614=DIRECTION('',(0.,0.110431526074846,-0.993883734673619));
#4615=DIRECTION('',(1.,0.,0.));
#4616=DIRECTION('',(0.,-0.110431526074846,0.993883734673619));
#4617=DIRECTION('',(1.,0.,0.));
#4618=DIRECTION('center_axis',(0.,0.993883734673619,-0.110431526074846));
#4619=DIRECTION('ref_axis',(0.,0.110431526074846,0.993883734673619));
#4620=DIRECTION('',(0.,-0.110431526074846,-0.993883734673619));
#4621=DIRECTION('',(1.,0.,0.));
#4622=DIRECTION('',(0.,0.110431526074846,0.993883734673619));
#4623=DIRECTION('center_axis',(-1.,0.,0.));
#4624=DIRECTION('ref_axis',(0.,0.,1.));
#4625=DIRECTION('center_axis',(-1.,0.,0.));
#4626=DIRECTION('ref_axis',(0.,0.,1.));
#4627=DIRECTION('center_axis',(-1.,0.,0.));
#4628=DIRECTION('ref_axis',(0.,0.,1.));
#4629=DIRECTION('center_axis',(-1.,0.,0.));
#4630=DIRECTION('ref_axis',(0.,0.,1.));
#4631=DIRECTION('center_axis',(-1.,0.,0.));
#4632=DIRECTION('ref_axis',(0.,0.,1.));
#4633=DIRECTION('center_axis',(0.,-0.993883734673619,0.110431526074846));
#4634=DIRECTION('ref_axis',(0.,-0.110431526074846,-0.993883734673619));
#4635=DIRECTION('',(0.,-0.110431526074846,-0.993883734673619));
#4636=DIRECTION('',(1.,0.,0.));
#4637=DIRECTION('',(0.,-0.110431526074846,-0.993883734673619));
#4638=DIRECTION('',(1.,0.,0.));
#4639=DIRECTION('center_axis',(-1.,0.,0.));
#4640=DIRECTION('ref_axis',(0.,0.,-1.));
#4641=DIRECTION('center_axis',(-1.,0.,0.));
#4642=DIRECTION('ref_axis',(0.,0.,-1.));
#4643=DIRECTION('',(1.,0.,0.));
#4644=DIRECTION('center_axis',(-1.,0.,0.));
#4645=DIRECTION('ref_axis',(0.,0.,-1.));
#4646=DIRECTION('center_axis',(0.,-0.993883734673619,-0.110431526074846));
#4647=DIRECTION('ref_axis',(0.,0.110431526074846,-0.993883734673619));
#4648=DIRECTION('',(0.,0.110431526074846,-0.993883734673619));
#4649=DIRECTION('',(0.,0.110431526074846,-0.993883734673619));
#4650=DIRECTION('center_axis',(-1.,0.,0.));
#4651=DIRECTION('ref_axis',(0.,0.,1.));
#4652=DIRECTION('center_axis',(-1.,0.,0.));
#4653=DIRECTION('ref_axis',(0.,0.,1.));
#4654=DIRECTION('center_axis',(-1.,0.,0.));
#4655=DIRECTION('ref_axis',(0.,0.,1.));
#4656=DIRECTION('',(0.,1.0785023277493E-14,-1.));
#4657=DIRECTION('',(0.,-0.999557042281374,0.029761035360211));
#4658=DIRECTION('',(0.,-2.22738728324756E-15,1.));
#4659=DIRECTION('',(0.,1.,-2.35718298020364E-15));
#4660=DIRECTION('center_axis',(0.,-0.029761035360211,-0.999557042281374));
#4661=DIRECTION('ref_axis',(0.,0.999557042281374,-0.029761035360211));
#4662=DIRECTION('',(1.,0.,0.));
#4663=DIRECTION('',(0.,0.999557042281374,-0.029761035360211));
#4664=DIRECTION('',(1.,0.,0.));
#4665=DIRECTION('center_axis',(0.,-1.,-2.22738728324756E-15));
#4666=DIRECTION('ref_axis',(0.,2.22738728324756E-15,-1.));
#4667=DIRECTION('',(0.,2.22738728324756E-15,-1.));
#4668=DIRECTION('',(1.,0.,0.));
#4669=DIRECTION('center_axis',(0.,2.35718298020364E-15,1.));
#4670=DIRECTION('ref_axis',(0.,-1.,2.35718298020364E-15));
#4671=DIRECTION('',(0.,-1.,2.35718298020364E-15));
#4672=DIRECTION('',(1.,0.,0.));
#4673=DIRECTION('center_axis',(0.,1.,1.0785023277493E-14));
#4674=DIRECTION('ref_axis',(0.,-1.0785023277493E-14,1.));
#4675=DIRECTION('',(0.,-1.0785023277493E-14,1.));
#4676=DIRECTION('center_axis',(1.,0.,0.));
#4677=DIRECTION('ref_axis',(0.,0.,-1.));
#4678=DIRECTION('center_axis',(0.,1.,0.));
#4679=DIRECTION('ref_axis',(-1.,0.,0.));
#4680=DIRECTION('center_axis',(0.,1.,0.));
#4681=DIRECTION('ref_axis',(-1.,0.,0.));
#4682=DIRECTION('',(0.,-1.,0.));
#4683=DIRECTION('center_axis',(0.,1.,0.));
#4684=DIRECTION('ref_axis',(-1.,0.,0.));
#4685=DIRECTION('center_axis',(0.,1.,0.));
#4686=DIRECTION('ref_axis',(-1.,0.,0.));
#4687=DIRECTION('center_axis',(0.,1.,0.));
#4688=DIRECTION('ref_axis',(-1.,0.,0.));
#4689=CARTESIAN_POINT('',(0.,0.,0.));
#4690=CARTESIAN_POINT('Origin',(-8.00000011920929,1.5046476157735,11.));
#4691=CARTESIAN_POINT('',(-9.25000011920929,1.5046476157735,11.));
#4692=CARTESIAN_POINT('Origin',(-8.00000011920929,1.5046476157735,11.));
#4693=CARTESIAN_POINT('',(-9.25000011920929,1.5046476157735,10.5));
#4694=CARTESIAN_POINT('',(-9.25000011920929,1.5046476157735,11.));
#4695=CARTESIAN_POINT('Origin',(-8.00000011920929,1.5046476157735,10.5));
#4696=CARTESIAN_POINT('Origin',(-8.00000011920929,1.5046476157735,10.5));
#4697=CARTESIAN_POINT('Origin',(24.0000003576279,19.0000002831221,11.));
#4698=CARTESIAN_POINT('',(22.7500003576279,19.0000002831221,11.));
#4699=CARTESIAN_POINT('Origin',(24.0000003576279,19.0000002831221,11.));
#4700=CARTESIAN_POINT('',(22.7500003576279,19.0000002831221,10.5));
#4701=CARTESIAN_POINT('',(22.7500003576279,19.0000002831221,11.));
#4702=CARTESIAN_POINT('Origin',(24.0000003576279,19.0000002831221,10.5));
#4703=CARTESIAN_POINT('Origin',(24.0000003576279,19.0000002831221,10.5));
#4704=CARTESIAN_POINT('Origin',(-10.5,32.5,5.));
#4705=CARTESIAN_POINT('',(-10.5,32.5,5.));
#4706=CARTESIAN_POINT('',(-10.5,32.5,0.));
#4707=CARTESIAN_POINT('',(-10.5,32.5,2.5));
#4708=CARTESIAN_POINT('',(-10.5,24.5,5.));
#4709=CARTESIAN_POINT('',(-10.5,32.5,5.));
#4710=CARTESIAN_POINT('',(-10.5,24.5,0.));
#4711=CARTESIAN_POINT('',(-10.5,24.5,0.));
#4712=CARTESIAN_POINT('',(-10.5,16.25,0.));
#4713=CARTESIAN_POINT('Origin',(-6.,32.5,5.));
#4714=CARTESIAN_POINT('',(-1.5,32.5,5.));
#4715=CARTESIAN_POINT('Origin',(-6.,32.5,5.));
#4716=CARTESIAN_POINT('',(-1.5,24.5,5.));
#4717=CARTESIAN_POINT('',(-1.5,32.5,5.));
#4718=CARTESIAN_POINT('Origin',(-6.,24.5,5.));
#4719=CARTESIAN_POINT('Origin',(-1.5,32.5,0.));
#4720=CARTESIAN_POINT('',(-1.5,32.5,0.));
#4721=CARTESIAN_POINT('',(-1.5,32.5,0.));
#4722=CARTESIAN_POINT('',(-1.5,24.5,0.));
#4723=CARTESIAN_POINT('',(-1.5,16.25,0.));
#4724=CARTESIAN_POINT('',(-1.5,24.5,0.));
#4725=CARTESIAN_POINT('Origin',(-6.,24.5,4.75));
#4726=CARTESIAN_POINT('',(-7.,24.5,0.));
#4727=CARTESIAN_POINT('Origin',(-8.,-8.88178419700125E-15,0.));
#4728=CARTESIAN_POINT('',(28.5,32.5,0.));
#4729=CARTESIAN_POINT('',(28.5,32.5,0.));
#4730=CARTESIAN_POINT('',(28.5,-32.5,0.));
#4731=CARTESIAN_POINT('',(28.5,-32.5,0.));
#4732=CARTESIAN_POINT('',(16.,-32.5,0.));
#4733=CARTESIAN_POINT('',(3.5,-32.5,0.));
#4734=CARTESIAN_POINT('',(15.9999999999999,-12.5,0.));
#4735=CARTESIAN_POINT('',(16.,-32.5,0.));
#4736=CARTESIAN_POINT('',(17.5,-12.5,0.));
#4737=CARTESIAN_POINT('',(15.9999999999999,-12.5,0.));
#4738=CARTESIAN_POINT('',(17.5,-7.50000000000001,0.));
#4739=CARTESIAN_POINT('',(17.5,-12.5,0.));
#4740=CARTESIAN_POINT('',(19.5,-7.50000000000001,0.));
#4741=CARTESIAN_POINT('',(19.5,-7.50000000000001,0.));
#4742=CARTESIAN_POINT('',(19.5,-4.5,0.));
#4743=CARTESIAN_POINT('',(19.5,-7.50000000000001,0.));
#4744=CARTESIAN_POINT('',(15.2,-4.5,0.));
#4745=CARTESIAN_POINT('',(16.25,-4.5,0.));
#4746=CARTESIAN_POINT('',(15.2,21.,0.));
#4747=CARTESIAN_POINT('',(15.2,11.25,0.));
#4748=CARTESIAN_POINT('',(7.5,21.,0.));
#4749=CARTESIAN_POINT('',(7.5,21.,0.));
#4750=CARTESIAN_POINT('',(7.5,-4.5,0.));
#4751=CARTESIAN_POINT('',(7.5,-7.50000000000001,0.));
#4752=CARTESIAN_POINT('',(-3.5,-4.5,0.));
#4753=CARTESIAN_POINT('',(-0.250000000000001,-4.5,0.));
#4754=CARTESIAN_POINT('',(-3.5,-7.50000000000001,0.));
#4755=CARTESIAN_POINT('',(-3.5,-7.50000000000001,0.));
#4756=CARTESIAN_POINT('',(-1.5,-7.50000000000001,0.));
#4757=CARTESIAN_POINT('',(-3.5,-7.50000000000001,0.));
#4758=CARTESIAN_POINT('',(-1.5,-12.5,0.));
#4759=CARTESIAN_POINT('',(-1.5,-12.5,0.));
#4760=CARTESIAN_POINT('',(1.50173692562782E-13,-12.5,0.));
#4761=CARTESIAN_POINT('',(1.50173692562782E-13,-12.5,0.));
#4762=CARTESIAN_POINT('',(-5.27169732584937E-15,-32.5,0.));
#4763=CARTESIAN_POINT('',(-5.27169732584937E-15,-32.5,0.));
#4764=CARTESIAN_POINT('',(-12.5,-32.5,0.));
#4765=CARTESIAN_POINT('',(12.5,-32.5,0.));
#4766=CARTESIAN_POINT('',(-12.5,32.5,0.));
#4767=CARTESIAN_POINT('',(-12.5,-32.5,0.));
#4768=CARTESIAN_POINT('',(28.5,32.5,0.));
#4769=CARTESIAN_POINT('',(-4.00000011920929,7.99999999999999,0.));
#4770=CARTESIAN_POINT('',(-4.00000011920929,13.,0.));
#4771=CARTESIAN_POINT('',(-4.00000011920929,3.99999999999999,0.));
#4772=CARTESIAN_POINT('',(-12.0000001192093,13.,0.));
#4773=CARTESIAN_POINT('',(-6.00000005960464,13.,0.));
#4774=CARTESIAN_POINT('',(-12.0000001192093,7.99999999999999,0.));
#4775=CARTESIAN_POINT('',(-12.0000001192093,6.49999999999999,0.));
#4776=CARTESIAN_POINT('',(-10.0000000596046,7.99999999999999,0.));
#4777=CARTESIAN_POINT('Origin',(-4.00000011920929,7.99999999999999,0.));
#4778=CARTESIAN_POINT('',(-4.00000011920929,13.,11.));
#4779=CARTESIAN_POINT('',(-4.00000011920929,7.99999999999999,11.));
#4780=CARTESIAN_POINT('',(-4.00000011920929,3.99999999999999,11.));
#4781=CARTESIAN_POINT('',(-4.00000011920929,13.,0.));
#4782=CARTESIAN_POINT('',(-4.00000011920929,7.99999999999999,0.));
#4783=CARTESIAN_POINT('Origin',(-12.0000001192093,7.99999999999999,0.));
#4784=CARTESIAN_POINT('',(-12.0000001192093,7.99999999999999,11.));
#4785=CARTESIAN_POINT('',(-10.0000000596046,7.99999999999999,11.));
#4786=CARTESIAN_POINT('',(-12.0000001192093,7.99999999999999,0.));
#4787=CARTESIAN_POINT('Origin',(-12.0000001192093,13.,0.));
#4788=CARTESIAN_POINT('',(-12.0000001192093,13.,11.));
#4789=CARTESIAN_POINT('',(-12.0000001192093,6.49999999999999,11.));
#4790=CARTESIAN_POINT('',(-12.0000001192093,13.,0.));
#4791=CARTESIAN_POINT('Origin',(-4.00000011920929,13.,0.));
#4792=CARTESIAN_POINT('',(-6.00000005960464,13.,11.));
#4793=CARTESIAN_POINT('',(-8.5,13.,5.));
#4794=CARTESIAN_POINT('',(-7.5,13.,5.));
#4795=CARTESIAN_POINT('',(-6.25000005960465,13.,5.));
#4796=CARTESIAN_POINT('',(-7.5,13.,4.));
#4797=CARTESIAN_POINT('',(-7.5,13.,2.5));
#4798=CARTESIAN_POINT('',(-8.5,13.,4.));
#4799=CARTESIAN_POINT('',(-5.75000005960464,13.,4.));
#4800=CARTESIAN_POINT('',(-8.5,13.,2.));
#4801=CARTESIAN_POINT('Origin',(7.5,21.,1.5));
#4802=CARTESIAN_POINT('',(15.2,21.,1.5));
#4803=CARTESIAN_POINT('',(15.2,21.,1.5));
#4804=CARTESIAN_POINT('',(7.5,21.,1.5));
#4805=CARTESIAN_POINT('',(7.5,21.,1.5));
#4806=CARTESIAN_POINT('',(7.5,21.,0.75));
#4807=CARTESIAN_POINT('Origin',(7.5,-7.50000000000001,0.));
#4808=CARTESIAN_POINT('',(7.5,-4.5,1.5));
#4809=CARTESIAN_POINT('',(7.5,-7.50000000000001,1.5));
#4810=CARTESIAN_POINT('',(7.5,-4.5,0.));
#4811=CARTESIAN_POINT('Ctrl Pts',(19.5,22.5,11.));
#4812=CARTESIAN_POINT('Ctrl Pts',(19.5,22.5,9.));
#4813=CARTESIAN_POINT('Ctrl Pts',(8.,22.5,9.));
#4814=CARTESIAN_POINT('Ctrl Pts',(-3.5,22.5,9.));
#4815=CARTESIAN_POINT('Ctrl Pts',(-3.5,22.5,11.));
#4816=CARTESIAN_POINT('Ctrl Pts',(19.5,32.5,11.));
#4817=CARTESIAN_POINT('Ctrl Pts',(19.5,32.5,9.));
#4818=CARTESIAN_POINT('Ctrl Pts',(8.,32.5,9.));
#4819=CARTESIAN_POINT('Ctrl Pts',(-3.5,32.5,9.));
#4820=CARTESIAN_POINT('Ctrl Pts',(-3.5,32.5,11.));
#4821=CARTESIAN_POINT('',(-3.5,32.5,11.));
#4822=CARTESIAN_POINT('',(19.5,32.5,11.));
#4823=CARTESIAN_POINT('Origin',(8.,32.5,11.));
#4824=CARTESIAN_POINT('',(-3.5,22.5,11.));
#4825=CARTESIAN_POINT('',(-3.5,-7.50000000000001,11.));
#4826=CARTESIAN_POINT('',(19.5,22.5,11.));
#4827=CARTESIAN_POINT('Origin',(8.,22.5,11.));
#4828=CARTESIAN_POINT('',(19.5,-7.50000000000001,11.));
#4829=CARTESIAN_POINT('Origin',(-3.5,22.5,0.));
#4830=CARTESIAN_POINT('',(-3.5,22.5,1.5));
#4831=CARTESIAN_POINT('',(19.5,22.5,1.5));
#4832=CARTESIAN_POINT('',(8.5,22.5,1.5));
#4833=CARTESIAN_POINT('',(19.5,22.5,0.));
#4834=CARTESIAN_POINT('',(-3.50000000000001,22.5,0.));
#4835=CARTESIAN_POINT('Origin',(19.5,-32.5,0.));
#4836=CARTESIAN_POINT('',(19.5,-4.5,1.5));
#4837=CARTESIAN_POINT('',(19.5,-10.,1.5));
#4838=CARTESIAN_POINT('',(19.5,-4.5,0.));
#4839=CARTESIAN_POINT('',(19.5,-7.50000000000001,1.5));
#4840=CARTESIAN_POINT('',(19.5,-7.5,0.));
#4841=CARTESIAN_POINT('',(19.5,-8.5,1.5));
#4842=CARTESIAN_POINT('',(19.5,-21.25,1.5));
#4843=CARTESIAN_POINT('',(19.5,-8.5,11.));
#4844=CARTESIAN_POINT('',(19.5,-8.5,5.5));
#4845=CARTESIAN_POINT('',(19.5,-7.50000000000001,11.));
#4846=CARTESIAN_POINT('Origin',(15.2,22.5,1.5));
#4847=CARTESIAN_POINT('',(15.2,-4.5,1.5));
#4848=CARTESIAN_POINT('',(15.2,-4.5,0.75));
#4849=CARTESIAN_POINT('',(15.2,17.5,1.5));
#4850=CARTESIAN_POINT('Origin',(18.5,12.5,1.5));
#4851=CARTESIAN_POINT('',(13.5,-4.5,1.5));
#4852=CARTESIAN_POINT('',(-3.5,-4.5,1.5));
#4853=CARTESIAN_POINT('',(-3.5,-10.,1.5));
#4854=CARTESIAN_POINT('',(2.5,-4.5,1.5));
#4855=CARTESIAN_POINT('Origin',(8.5,-4.5,0.));
#4856=CARTESIAN_POINT('Origin',(24.,-8.88178419700125E-15,8.));
#4857=CARTESIAN_POINT('',(26.0000001192093,-5.,8.));
#4858=CARTESIAN_POINT('',(22.0000001192093,-5.,8.));
#4859=CARTESIAN_POINT('',(23.0000000596046,-5.,8.));
#4860=CARTESIAN_POINT('',(22.0000001192093,-7.,8.));
#4861=CARTESIAN_POINT('',(22.0000001192093,-3.5,8.));
#4862=CARTESIAN_POINT('',(26.0000001192093,-7.,8.));
#4863=CARTESIAN_POINT('',(25.0000000596046,-7.,8.));
#4864=CARTESIAN_POINT('',(26.0000001192093,-2.50000000000001,8.));
#4865=CARTESIAN_POINT('Origin',(26.0000001192093,-5.,11.));
#4866=CARTESIAN_POINT('',(26.0000001192093,-7.,2.));
#4867=CARTESIAN_POINT('',(26.0000001192093,-7.,11.));
#4868=CARTESIAN_POINT('',(26.0000001192093,-5.,2.));
#4869=CARTESIAN_POINT('',(26.0000001192093,-5.,2.));
#4870=CARTESIAN_POINT('',(26.0000001192093,-5.,11.));
#4871=CARTESIAN_POINT('Origin',(22.0000001192093,-5.,11.));
#4872=CARTESIAN_POINT('',(22.0000001192093,-5.,2.));
#4873=CARTESIAN_POINT('',(22.0000001192093,-5.,2.));
#4874=CARTESIAN_POINT('',(22.0000001192093,-5.,11.));
#4875=CARTESIAN_POINT('Origin',(22.0000001192093,-7.,11.));
#4876=CARTESIAN_POINT('',(22.0000001192093,-7.,2.));
#4877=CARTESIAN_POINT('',(22.0000001192093,-7.,2.));
#4878=CARTESIAN_POINT('',(22.0000001192093,-7.,11.));
#4879=CARTESIAN_POINT('Origin',(26.0000001192093,-7.,11.));
#4880=CARTESIAN_POINT('',(26.0000001192093,-7.,2.));
#4881=CARTESIAN_POINT('Origin',(26.5000001192093,-4.,11.));
#4882=CARTESIAN_POINT('',(26.5000001192093,-4.,11.));
#4883=CARTESIAN_POINT('',(21.5000001192093,-4.,11.));
#4884=CARTESIAN_POINT('',(25.2500000596046,-4.,11.));
#4885=CARTESIAN_POINT('',(21.5000001192093,-4.,2.));
#4886=CARTESIAN_POINT('',(21.5000001192093,-4.,11.));
#4887=CARTESIAN_POINT('',(26.5000001192093,-4.,2.));
#4888=CARTESIAN_POINT('',(21.5000001192093,-4.,2.));
#4889=CARTESIAN_POINT('',(26.5000001192093,-4.,11.));
#4890=CARTESIAN_POINT('Origin',(26.5000001192093,-4.5,11.));
#4891=CARTESIAN_POINT('',(27.0000001192093,-4.5,11.));
#4892=CARTESIAN_POINT('Origin',(26.5000001192093,-4.5,11.));
#4893=CARTESIAN_POINT('',(27.0000001192093,-4.5,2.));
#4894=CARTESIAN_POINT('Origin',(26.5000001192093,-4.5,2.));
#4895=CARTESIAN_POINT('',(27.0000001192093,-4.5,11.));
#4896=CARTESIAN_POINT('Origin',(27.0000001192093,-7.5,11.));
#4897=CARTESIAN_POINT('',(27.0000001192093,-7.5,11.));
#4898=CARTESIAN_POINT('',(27.0000001192093,-3.75,11.));
#4899=CARTESIAN_POINT('',(27.0000001192093,-7.5,2.));
#4900=CARTESIAN_POINT('',(27.0000001192093,-4.5,2.));
#4901=CARTESIAN_POINT('',(27.0000001192093,-7.5,11.));
#4902=CARTESIAN_POINT('Origin',(26.5000001192093,-7.5,11.));
#4903=CARTESIAN_POINT('',(26.5000001192093,-8.,11.));
#4904=CARTESIAN_POINT('Origin',(26.5000001192093,-7.5,11.));
#4905=CARTESIAN_POINT('',(26.5000001192093,-8.,2.));
#4906=CARTESIAN_POINT('Origin',(26.5000001192093,-7.5,2.));
#4907=CARTESIAN_POINT('',(26.5000001192093,-8.,11.));
#4908=CARTESIAN_POINT('Origin',(21.5000001192093,-8.,11.));
#4909=CARTESIAN_POINT('',(21.5000001192093,-8.,11.));
#4910=CARTESIAN_POINT('',(22.7500000596046,-8.,11.));
#4911=CARTESIAN_POINT('',(21.5000001192093,-8.,2.));
#4912=CARTESIAN_POINT('',(26.5000001192093,-8.,2.));
#4913=CARTESIAN_POINT('',(21.5000001192093,-8.,11.));
#4914=CARTESIAN_POINT('Origin',(21.5000001192093,-7.5,11.));
#4915=CARTESIAN_POINT('',(21.0000001192093,-7.5,11.));
#4916=CARTESIAN_POINT('Origin',(21.5000001192093,-7.5,11.));
#4917=CARTESIAN_POINT('',(21.0000001192093,-7.5,2.));
#4918=CARTESIAN_POINT('Origin',(21.5000001192093,-7.5,2.));
#4919=CARTESIAN_POINT('',(21.0000001192093,-7.5,11.));
#4920=CARTESIAN_POINT('Origin',(21.0000001192093,-4.5,11.));
#4921=CARTESIAN_POINT('',(21.0000001192093,-4.5,11.));
#4922=CARTESIAN_POINT('',(21.0000001192093,-2.25,11.));
#4923=CARTESIAN_POINT('',(21.0000001192093,-4.5,2.));
#4924=CARTESIAN_POINT('',(21.0000001192093,-7.5,2.));
#4925=CARTESIAN_POINT('',(21.0000001192093,-4.5,11.));
#4926=CARTESIAN_POINT('Origin',(21.5000001192093,-4.5,11.));
#4927=CARTESIAN_POINT('Origin',(21.5000001192093,-4.5,11.));
#4928=CARTESIAN_POINT('Origin',(21.5000001192093,-4.5,2.));
#4929=CARTESIAN_POINT('Origin',(24.0000001192093,-6.,2.));
#4930=CARTESIAN_POINT('Origin',(24.,-8.88178419700125E-15,11.));
#4931=CARTESIAN_POINT('',(24.,-18.5,11.));
#4932=CARTESIAN_POINT('',(24.,-20.5,11.));
#4933=CARTESIAN_POINT('',(24.,-10.5,11.));
#4934=CARTESIAN_POINT('',(28.5,-18.5,11.));
#4935=CARTESIAN_POINT('',(26.25,-18.5,11.));
#4936=CARTESIAN_POINT('',(28.5,32.5,11.));
#4937=CARTESIAN_POINT('',(28.5,-32.5,11.));
#4938=CARTESIAN_POINT('',(28.5,32.5,11.));
#4939=CARTESIAN_POINT('',(20.5,-8.5,11.));
#4940=CARTESIAN_POINT('',(21.75,-8.5,11.));
#4941=CARTESIAN_POINT('',(27.5,-8.5,11.));
#4942=CARTESIAN_POINT('',(22.25,-8.5,11.));
#4943=CARTESIAN_POINT('',(27.5,-11.,11.));
#4944=CARTESIAN_POINT('',(27.5,-4.25000000000001,11.));
#4945=CARTESIAN_POINT('',(24.35,-11.,11.));
#4946=CARTESIAN_POINT('',(25.75,-11.,11.));
#4947=CARTESIAN_POINT('',(22.85,-12.5,11.));
#4948=CARTESIAN_POINT('',(27.0125,-8.3375,11.));
#4949=CARTESIAN_POINT('',(22.85,-20.,11.));
#4950=CARTESIAN_POINT('',(22.85,-6.25,11.));
#4951=CARTESIAN_POINT('',(23.35,-20.5,11.));
#4952=CARTESIAN_POINT('',(18.2625,-15.4125,11.));
#4953=CARTESIAN_POINT('',(23.425,-20.5,11.));
#4954=CARTESIAN_POINT('Origin',(28.5,-21.,6.75));
#4955=CARTESIAN_POINT('',(28.5,-21.,9.));
#4956=CARTESIAN_POINT('',(28.5,-21.,4.5));
#4957=CARTESIAN_POINT('Origin',(28.5,-21.,6.75));
#4958=CARTESIAN_POINT('',(18.5,-21.,4.5));
#4959=CARTESIAN_POINT('',(28.5,-21.,4.5));
#4960=CARTESIAN_POINT('Origin',(18.5,-21.,6.75));
#4961=CARTESIAN_POINT('Origin',(28.5,-21.,6.75));
#4962=CARTESIAN_POINT('',(24.,-21.,9.));
#4963=CARTESIAN_POINT('',(28.5,-21.,9.));
#4964=CARTESIAN_POINT('',(28.5,-21.,9.));
#4965=CARTESIAN_POINT('Origin',(18.5,-21.,6.75));
#4966=CARTESIAN_POINT('Origin',(28.5,-23.5,9.));
#4967=CARTESIAN_POINT('',(24.,-23.5,9.));
#4968=CARTESIAN_POINT('',(24.,-22.25,9.));
#4969=CARTESIAN_POINT('',(28.5,-23.5,9.));
#4970=CARTESIAN_POINT('',(28.5,-23.5,9.));
#4971=CARTESIAN_POINT('',(28.5,4.49999999999999,9.));
#4972=CARTESIAN_POINT('Origin',(28.5,32.5,0.));
#4973=CARTESIAN_POINT('',(28.5,-23.5,11.));
#4974=CARTESIAN_POINT('',(28.5,-23.5,5.5));
#4975=CARTESIAN_POINT('',(28.5,-32.5,11.));
#4976=CARTESIAN_POINT('',(28.5,-32.5,11.));
#4977=CARTESIAN_POINT('',(28.5,-32.5,0.));
#4978=CARTESIAN_POINT('',(28.5,32.5,0.));
#4979=CARTESIAN_POINT('',(28.5,-18.5,9.));
#4980=CARTESIAN_POINT('',(28.5,-18.5,4.5));
#4981=CARTESIAN_POINT('',(28.5,4.49999999999999,9.));
#4982=CARTESIAN_POINT('Origin',(28.5,-18.5,9.));
#4983=CARTESIAN_POINT('',(24.,-18.5,9.));
#4984=CARTESIAN_POINT('',(24.,-18.5,9.5));
#4985=CARTESIAN_POINT('',(28.5,-18.5,9.));
#4986=CARTESIAN_POINT('Origin',(28.5,-23.5,9.));
#4987=CARTESIAN_POINT('',(24.,-22.25,9.));
#4988=CARTESIAN_POINT('Origin',(28.5,-23.5,11.));
#4989=CARTESIAN_POINT('',(24.,-23.5,11.));
#4990=CARTESIAN_POINT('',(24.,-23.5,10.5));
#4991=CARTESIAN_POINT('',(26.25,-23.5,11.));
#4992=CARTESIAN_POINT('Origin',(24.,-8.88178419700125E-15,11.));
#4993=CARTESIAN_POINT('',(24.,-22.5,11.));
#4994=CARTESIAN_POINT('',(24.,-10.5,11.));
#4995=CARTESIAN_POINT('',(20.5,-22.5,11.));
#4996=CARTESIAN_POINT('',(24.,-22.5,11.));
#4997=CARTESIAN_POINT('',(20.5,-12.5,11.));
#4998=CARTESIAN_POINT('',(20.5,-11.25,11.));
#4999=CARTESIAN_POINT('',(15.9999999999999,-12.5,11.));
#5000=CARTESIAN_POINT('',(21.75,-12.5,11.));
#5001=CARTESIAN_POINT('',(15.9999999999999,-24.5,11.));
#5002=CARTESIAN_POINT('',(15.9999999999999,-21.5,11.));
#5003=CARTESIAN_POINT('',(19.4999999999999,-24.5,11.));
#5004=CARTESIAN_POINT('',(18.6249999999999,-24.5,11.));
#5005=CARTESIAN_POINT('',(19.5,-32.5,11.));
#5006=CARTESIAN_POINT('',(19.5,-7.50000000000001,11.));
#5007=CARTESIAN_POINT('',(20.0000001788139,-32.5,11.));
#5008=CARTESIAN_POINT('',(3.5,-32.5,11.));
#5009=CARTESIAN_POINT('',(20.0000001788139,-29.,11.));
#5010=CARTESIAN_POINT('',(20.0000001788139,-16.25,11.));
#5011=CARTESIAN_POINT('',(20.5000001788139,-28.5,11.));
#5012=CARTESIAN_POINT('Origin',(20.5000001788139,-29.,11.));
#5013=CARTESIAN_POINT('',(27.5000001788139,-28.5,11.));
#5014=CARTESIAN_POINT('',(24.000000089407,-28.5,11.));
#5015=CARTESIAN_POINT('',(28.0000001788139,-29.,11.));
#5016=CARTESIAN_POINT('Origin',(27.5000001788139,-29.,11.));
#5017=CARTESIAN_POINT('',(28.0000001788139,-32.5,11.));
#5018=CARTESIAN_POINT('',(28.0000001788139,-16.25,11.));
#5019=CARTESIAN_POINT('',(3.5,-32.5,11.));
#5020=CARTESIAN_POINT('Ctrl Pts',(27.,-31.5454545454546,9.61731985044585));
#5021=CARTESIAN_POINT('Ctrl Pts',(25.,-31.5454545454546,9.61731985044585));
#5022=CARTESIAN_POINT('Ctrl Pts',(23.,-31.5454545454546,9.61731985044585));
#5023=CARTESIAN_POINT('Ctrl Pts',(21.,-31.5454545454546,9.61731985044585));
#5024=CARTESIAN_POINT('Ctrl Pts',(27.,-31.6834612216898,9.6564410659371));
#5025=CARTESIAN_POINT('Ctrl Pts',(25.,-31.6834612216898,9.6564410659371));
#5026=CARTESIAN_POINT('Ctrl Pts',(23.,-31.6834612216898,9.6564410659371));
#5027=CARTESIAN_POINT('Ctrl Pts',(21.,-31.6834612216898,9.6564410659371));
#5028=CARTESIAN_POINT('Ctrl Pts',(27.,-31.9717716733292,9.68294057704543));
#5029=CARTESIAN_POINT('Ctrl Pts',(25.,-31.9717716733292,9.68294057704543));
#5030=CARTESIAN_POINT('Ctrl Pts',(23.,-31.9717716733292,9.68294057704543));
#5031=CARTESIAN_POINT('Ctrl Pts',(21.,-31.9717716733292,9.68294057704543));
#5032=CARTESIAN_POINT('Ctrl Pts',(27.,-32.3917354394253,9.46514163149962));
#5033=CARTESIAN_POINT('Ctrl Pts',(25.,-32.3917354394253,9.46514163149962));
#5034=CARTESIAN_POINT('Ctrl Pts',(23.,-32.3917354394253,9.46514163149962));
#5035=CARTESIAN_POINT('Ctrl Pts',(21.,-32.3917354394253,9.46514163149962));
#5036=CARTESIAN_POINT('Ctrl Pts',(27.,-32.5,9.11091799626651));
#5037=CARTESIAN_POINT('Ctrl Pts',(25.,-32.5,9.11091799626651));
#5038=CARTESIAN_POINT('Ctrl Pts',(23.,-32.5,9.11091799626651));
#5039=CARTESIAN_POINT('Ctrl Pts',(21.,-32.5,9.11091799626651));
#5040=CARTESIAN_POINT('Ctrl Pts',(27.,-32.5,8.89575131106459));
#5041=CARTESIAN_POINT('Ctrl Pts',(25.,-32.5,8.89575131106459));
#5042=CARTESIAN_POINT('Ctrl Pts',(23.,-32.5,8.89575131106459));
#5043=CARTESIAN_POINT('Ctrl Pts',(21.,-32.5,8.89575131106459));
#5044=CARTESIAN_POINT('',(21.,-32.5,8.89575131106459));
#5045=CARTESIAN_POINT('',(21.,-31.5454545454546,9.61731985044585));
#5046=CARTESIAN_POINT('Ctrl Pts',(21.,-32.5,8.89575131106459));
#5047=CARTESIAN_POINT('Ctrl Pts',(21.,-32.5,9.11091799626651));
#5048=CARTESIAN_POINT('Ctrl Pts',(21.,-32.4350412636552,9.32345217740637));
#5049=CARTESIAN_POINT('Ctrl Pts',(21.,-32.3010670864068,9.46447129300267));
#5050=CARTESIAN_POINT('Ctrl Pts',(21.,-32.2117509682413,9.55848403673354));
#5051=CARTESIAN_POINT('Ctrl Pts',(21.,-32.0917613207852,9.62071230688948));
#5052=CARTESIAN_POINT('Ctrl Pts',(21.,-31.9596888841474,9.64520156419037));
#5053=CARTESIAN_POINT('Ctrl Pts',(21.,-31.8276164475095,9.66969082149126));
#5054=CARTESIAN_POINT('Ctrl Pts',(21.,-31.6834612216898,9.6564410659371));
#5055=CARTESIAN_POINT('Ctrl Pts',(21.,-31.5454545454546,9.61731985044585));
#5056=CARTESIAN_POINT('',(27.,-32.5,8.89575131106459));
#5057=CARTESIAN_POINT('Ctrl Pts',(27.,-32.5,8.89575131106459));
#5058=CARTESIAN_POINT('Ctrl Pts',(25.,-32.5,8.89575131106459));
#5059=CARTESIAN_POINT('Ctrl Pts',(23.,-32.5,8.89575131106459));
#5060=CARTESIAN_POINT('Ctrl Pts',(21.,-32.5,8.89575131106459));
#5061=CARTESIAN_POINT('',(27.,-31.5454545454546,9.61731985044585));
#5062=CARTESIAN_POINT('Ctrl Pts',(27.,-31.5454545454546,9.61731985044585));
#5063=CARTESIAN_POINT('Ctrl Pts',(27.,-31.6834612216898,9.6564410659371));
#5064=CARTESIAN_POINT('Ctrl Pts',(27.,-31.8276164475095,9.66969082149126));
#5065=CARTESIAN_POINT('Ctrl Pts',(27.,-31.9596888841474,9.64520156419037));
#5066=CARTESIAN_POINT('Ctrl Pts',(27.,-32.0917613207852,9.62071230688948));
#5067=CARTESIAN_POINT('Ctrl Pts',(27.,-32.2117509682413,9.55848403673354));
#5068=CARTESIAN_POINT('Ctrl Pts',(27.,-32.3010670864068,9.46447129300267));
#5069=CARTESIAN_POINT('Ctrl Pts',(27.,-32.4350412636552,9.32345217740637));
#5070=CARTESIAN_POINT('Ctrl Pts',(27.,-32.5,9.11091799626651));
#5071=CARTESIAN_POINT('Ctrl Pts',(27.,-32.5,8.89575131106459));
#5072=CARTESIAN_POINT('Ctrl Pts',(21.,-31.5454545454546,9.61731985044585));
#5073=CARTESIAN_POINT('Ctrl Pts',(23.,-31.5454545454546,9.61731985044585));
#5074=CARTESIAN_POINT('Ctrl Pts',(25.,-31.5454545454546,9.61731985044585));
#5075=CARTESIAN_POINT('Ctrl Pts',(27.,-31.5454545454546,9.61731985044585));
#5076=CARTESIAN_POINT('Origin',(24.,-32.5,6.25));
#5077=CARTESIAN_POINT('',(27.,-29.4689110867545,8.));
#5078=CARTESIAN_POINT('Origin',(27.,-32.5,6.25));
#5079=CARTESIAN_POINT('',(21.,-29.4689110867545,8.));
#5080=CARTESIAN_POINT('',(24.,-29.4689110867545,8.));
#5081=CARTESIAN_POINT('Origin',(21.,-32.5,6.25));
#5082=CARTESIAN_POINT('Origin',(21.,-30.75,6.25));
#5083=CARTESIAN_POINT('',(21.,-32.5,8.));
#5084=CARTESIAN_POINT('',(21.,-31.625,8.));
#5085=CARTESIAN_POINT('',(21.,-32.5,11.));
#5086=CARTESIAN_POINT('Origin',(27.,-30.75,6.25));
#5087=CARTESIAN_POINT('',(27.,-32.5,8.));
#5088=CARTESIAN_POINT('',(27.,-32.5,11.));
#5089=CARTESIAN_POINT('',(27.,-31.625,8.));
#5090=CARTESIAN_POINT('Origin',(28.5,-32.5,0.));
#5091=CARTESIAN_POINT('',(20.0000001788139,-32.5,8.));
#5092=CARTESIAN_POINT('',(24.250000089407,-32.5,8.));
#5093=CARTESIAN_POINT('',(20.0000001788139,-32.5,5.5));
#5094=CARTESIAN_POINT('',(19.5,-32.5,1.5));
#5095=CARTESIAN_POINT('',(19.5,-32.5,0.));
#5096=CARTESIAN_POINT('',(16.,-32.5,1.5));
#5097=CARTESIAN_POINT('',(3.5,-32.5,1.5));
#5098=CARTESIAN_POINT('',(16.,-32.5,0.));
#5099=CARTESIAN_POINT('',(28.0000001788139,-32.5,8.));
#5100=CARTESIAN_POINT('',(28.0000001788139,-32.5,4.));
#5101=CARTESIAN_POINT('',(24.250000089407,-32.5,8.));
#5102=CARTESIAN_POINT('Origin',(20.5000001788139,-29.,10.25));
#5103=CARTESIAN_POINT('',(20.0000001788139,-29.,8.));
#5104=CARTESIAN_POINT('',(20.5000001788139,-28.5,8.));
#5105=CARTESIAN_POINT('Origin',(20.5000001788139,-29.,8.));
#5106=CARTESIAN_POINT('',(20.5000001788139,-28.5,10.25));
#5107=CARTESIAN_POINT('',(20.0000001788139,-29.,10.25));
#5108=CARTESIAN_POINT('Origin',(20.0000001788139,-32.5,11.));
#5109=CARTESIAN_POINT('',(20.0000001788139,-32.5,8.));
#5110=CARTESIAN_POINT('Origin',(27.5000001788139,-29.,8.75));
#5111=CARTESIAN_POINT('',(27.5000001788139,-28.5,8.));
#5112=CARTESIAN_POINT('',(28.0000001788139,-29.,8.));
#5113=CARTESIAN_POINT('Origin',(27.5000001788139,-29.,8.));
#5114=CARTESIAN_POINT('',(28.0000001788139,-29.,8.75));
#5115=CARTESIAN_POINT('',(27.5000001788139,-28.5,8.75));
#5116=CARTESIAN_POINT('Origin',(20.0000001788139,-32.5,8.));
#5117=CARTESIAN_POINT('',(28.0000001788139,-32.5,8.));
#5118=CARTESIAN_POINT('',(20.0000001788139,-28.5,8.));
#5119=CARTESIAN_POINT('Origin',(28.0000001788139,-32.5,8.));
#5120=CARTESIAN_POINT('Origin',(24.0000001788139,-28.5,9.5));
#5121=CARTESIAN_POINT('Origin',(19.5,-8.5,11.));
#5122=CARTESIAN_POINT('',(20.5,-8.5,1.5));
#5123=CARTESIAN_POINT('',(20.5,-8.5,8.625));
#5124=CARTESIAN_POINT('',(19.5,-8.5,1.5));
#5125=CARTESIAN_POINT('Origin',(20.5,-8.5,20.8));
#5126=CARTESIAN_POINT('',(20.5,-10.,24.));
#5127=CARTESIAN_POINT('',(20.5,-8.5,20.8));
#5128=CARTESIAN_POINT('',(20.5,-7.87790232185749,19.4728582866293));
#5129=CARTESIAN_POINT('',(18.,-8.5,20.8));
#5130=CARTESIAN_POINT('',(20.5,-8.5,20.8));
#5131=CARTESIAN_POINT('',(18.,-10.,24.));
#5132=CARTESIAN_POINT('',(18.,-10.,24.));
#5133=CARTESIAN_POINT('',(20.5,-10.,24.));
#5134=CARTESIAN_POINT('Origin',(20.5,-13.,20.8));
#5135=CARTESIAN_POINT('',(20.5,-13.,20.8));
#5136=CARTESIAN_POINT('',(20.5,-17.75,20.8));
#5137=CARTESIAN_POINT('',(18.,-13.,20.8));
#5138=CARTESIAN_POINT('',(20.5,-13.,20.8));
#5139=CARTESIAN_POINT('',(18.,-8.5,20.8));
#5140=CARTESIAN_POINT('Origin',(20.5,-13.,24.));
#5141=CARTESIAN_POINT('',(20.5,-13.,24.));
#5142=CARTESIAN_POINT('',(20.5,-13.,17.5));
#5143=CARTESIAN_POINT('',(18.,-13.,24.));
#5144=CARTESIAN_POINT('',(20.5,-13.,24.));
#5145=CARTESIAN_POINT('',(18.,-13.,20.8));
#5146=CARTESIAN_POINT('Origin',(20.5,-10.,24.));
#5147=CARTESIAN_POINT('',(20.5,-16.25,24.));
#5148=CARTESIAN_POINT('',(18.,-13.,24.));
#5149=CARTESIAN_POINT('Origin',(18.,-10.75,22.4));
#5150=CARTESIAN_POINT('Origin',(20.5,-22.5,11.));
#5151=CARTESIAN_POINT('',(20.5,-8.5,11.));
#5152=CARTESIAN_POINT('',(20.5,-12.5,1.5));
#5153=CARTESIAN_POINT('',(20.5,-9.5,1.5));
#5154=CARTESIAN_POINT('',(20.5,-12.5,3.875));
#5155=CARTESIAN_POINT('',(20.5,-22.5,28.));
#5156=CARTESIAN_POINT('',(20.5,-22.5,11.));
#5157=CARTESIAN_POINT('',(20.5,-8.5,28.));
#5158=CARTESIAN_POINT('',(20.5,-8.5,28.));
#5159=CARTESIAN_POINT('',(20.5,-8.5,11.));
#5160=CARTESIAN_POINT('Origin',(23.1,-20.25,11.));
#5161=CARTESIAN_POINT('',(22.85,-20.,28.));
#5162=CARTESIAN_POINT('',(22.85,-20.,11.));
#5163=CARTESIAN_POINT('',(23.35,-20.5,28.));
#5164=CARTESIAN_POINT('',(22.1375,-19.2875,28.));
#5165=CARTESIAN_POINT('',(23.35,-20.5,11.));
#5166=CARTESIAN_POINT('Origin',(22.85,-12.5,11.));
#5167=CARTESIAN_POINT('',(22.85,-12.5,28.));
#5168=CARTESIAN_POINT('',(22.85,-12.5,11.));
#5169=CARTESIAN_POINT('',(22.85,-12.5,28.));
#5170=CARTESIAN_POINT('Origin',(27.5,-8.5,11.));
#5171=CARTESIAN_POINT('',(27.5,-8.5,28.));
#5172=CARTESIAN_POINT('',(27.5,-8.5,11.));
#5173=CARTESIAN_POINT('',(27.5,-11.,28.));
#5174=CARTESIAN_POINT('',(27.5,-22.5,28.));
#5175=CARTESIAN_POINT('',(27.5,-11.,11.));
#5176=CARTESIAN_POINT('Origin',(20.5,-8.5,11.));
#5177=CARTESIAN_POINT('',(27.5,-8.5,28.));
#5178=CARTESIAN_POINT('Origin',(24.,-22.5,11.));
#5179=CARTESIAN_POINT('',(24.,-22.5,28.));
#5180=CARTESIAN_POINT('',(24.,-22.5,11.));
#5181=CARTESIAN_POINT('',(24.,-22.5,28.));
#5182=CARTESIAN_POINT('Origin',(24.,-20.5,11.));
#5183=CARTESIAN_POINT('',(24.,-20.5,28.));
#5184=CARTESIAN_POINT('',(24.,-20.5,11.));
#5185=CARTESIAN_POINT('',(24.,-20.5,28.));
#5186=CARTESIAN_POINT('Origin',(22.85,-20.5,11.));
#5187=CARTESIAN_POINT('',(22.85,-20.5,28.));
#5188=CARTESIAN_POINT('Origin',(24.35,-11.,11.));
#5189=CARTESIAN_POINT('',(24.35,-11.,28.));
#5190=CARTESIAN_POINT('',(24.35,-11.,11.));
#5191=CARTESIAN_POINT('',(24.35,-11.,28.));
#5192=CARTESIAN_POINT('Origin',(27.5,-11.,11.));
#5193=CARTESIAN_POINT('',(27.5,-11.,28.));
#5194=CARTESIAN_POINT('Origin',(24.,-15.5,28.));
#5195=CARTESIAN_POINT('Origin',(19.4999999999999,-24.5,1.5));
#5196=CARTESIAN_POINT('',(15.9999999999999,-24.5,1.5));
#5197=CARTESIAN_POINT('',(15.9999999999999,-24.5,1.5));
#5198=CARTESIAN_POINT('',(19.4999999999999,-24.5,1.5));
#5199=CARTESIAN_POINT('',(18.6249999999999,-24.5,1.5));
#5200=CARTESIAN_POINT('',(19.5,-24.5,0.75));
#5201=CARTESIAN_POINT('Origin',(17.7499999999999,-22.5,1.5));
#5202=CARTESIAN_POINT('',(17.5,-12.5,1.5));
#5203=CARTESIAN_POINT('',(16.8749999999999,-12.5,1.5));
#5204=CARTESIAN_POINT('',(17.5,-7.50000000000001,1.5));
#5205=CARTESIAN_POINT('',(19.5,-7.50000000000001,1.5));
#5206=CARTESIAN_POINT('',(17.5,-12.5,1.5));
#5207=CARTESIAN_POINT('Origin',(17.7499999999999,-22.5,1.5));
#5208=CARTESIAN_POINT('',(16.,-32.5,1.5));
#5209=CARTESIAN_POINT('',(19.5,-21.25,1.5));
#5210=CARTESIAN_POINT('Origin',(19.5,-32.5,0.));
#5211=CARTESIAN_POINT('Origin',(17.5,-7.50000000000001,0.));
#5212=CARTESIAN_POINT('',(17.5,-7.50000000000001,0.));
#5213=CARTESIAN_POINT('Origin',(17.5,-12.5,0.));
#5214=CARTESIAN_POINT('',(17.5,-12.5,0.));
#5215=CARTESIAN_POINT('Origin',(15.9999999999999,-12.5,0.));
#5216=CARTESIAN_POINT('',(15.9999999999999,-12.5,0.));
#5217=CARTESIAN_POINT('Origin',(16.,-32.5,0.));
#5218=CARTESIAN_POINT('Origin',(-8.,-8.88178419700125E-15,8.));
#5219=CARTESIAN_POINT('',(-10.0000001192093,-5.,8.));
#5220=CARTESIAN_POINT('',(-6.00000011920929,-5.,8.));
#5221=CARTESIAN_POINT('',(-7.00000005960465,-5.,8.));
#5222=CARTESIAN_POINT('',(-10.0000001192093,-7.,8.));
#5223=CARTESIAN_POINT('',(-10.0000001192093,-2.50000000000001,8.));
#5224=CARTESIAN_POINT('',(-6.00000011920929,-7.,8.));
#5225=CARTESIAN_POINT('',(-9.00000005960464,-7.,8.));
#5226=CARTESIAN_POINT('',(-6.00000011920929,-3.5,8.));
#5227=CARTESIAN_POINT('Origin',(-10.0000001192093,-5.,11.));
#5228=CARTESIAN_POINT('',(-10.0000001192093,-5.,2.));
#5229=CARTESIAN_POINT('',(-10.0000001192093,-5.,11.));
#5230=CARTESIAN_POINT('',(-10.0000001192093,-7.,2.));
#5231=CARTESIAN_POINT('',(-10.0000001192093,-5.,2.));
#5232=CARTESIAN_POINT('',(-10.0000001192093,-7.,11.));
#5233=CARTESIAN_POINT('Origin',(-6.00000011920929,-5.,11.));
#5234=CARTESIAN_POINT('',(-6.00000011920929,-5.,2.));
#5235=CARTESIAN_POINT('',(-6.00000011920929,-5.,11.));
#5236=CARTESIAN_POINT('',(-6.00000011920929,-5.,2.));
#5237=CARTESIAN_POINT('Origin',(-6.00000011920929,-7.,11.));
#5238=CARTESIAN_POINT('',(-6.00000011920929,-7.,2.));
#5239=CARTESIAN_POINT('',(-6.00000011920929,-7.,11.));
#5240=CARTESIAN_POINT('',(-6.00000011920929,-7.,2.));
#5241=CARTESIAN_POINT('Origin',(-10.0000001192093,-7.,11.));
#5242=CARTESIAN_POINT('',(-10.0000001192093,-7.,2.));
#5243=CARTESIAN_POINT('Origin',(-10.5000001192093,-4.,11.));
#5244=CARTESIAN_POINT('',(-10.5000001192093,-4.,11.));
#5245=CARTESIAN_POINT('',(-5.50000011920929,-4.,11.));
#5246=CARTESIAN_POINT('',(-9.25000005960464,-4.,11.));
#5247=CARTESIAN_POINT('',(-10.5000001192093,-4.,2.));
#5248=CARTESIAN_POINT('',(-10.5000001192093,-4.,11.));
#5249=CARTESIAN_POINT('',(-5.50000011920929,-4.,2.));
#5250=CARTESIAN_POINT('',(-5.50000011920929,-4.,2.));
#5251=CARTESIAN_POINT('',(-5.50000011920929,-4.,11.));
#5252=CARTESIAN_POINT('Origin',(-10.5000001192093,-4.5,11.));
#5253=CARTESIAN_POINT('',(-11.0000001192093,-4.5,11.));
#5254=CARTESIAN_POINT('Origin',(-10.5000001192093,-4.5,11.));
#5255=CARTESIAN_POINT('',(-11.0000001192093,-4.5,2.));
#5256=CARTESIAN_POINT('',(-11.0000001192093,-4.5,11.));
#5257=CARTESIAN_POINT('Origin',(-10.5000001192093,-4.5,2.));
#5258=CARTESIAN_POINT('Origin',(-11.0000001192093,-7.5,11.));
#5259=CARTESIAN_POINT('',(-11.0000001192093,-7.5,11.));
#5260=CARTESIAN_POINT('',(-11.0000001192093,-3.75,11.));
#5261=CARTESIAN_POINT('',(-11.0000001192093,-7.5,2.));
#5262=CARTESIAN_POINT('',(-11.0000001192093,-7.5,11.));
#5263=CARTESIAN_POINT('',(-11.0000001192093,-4.5,2.));
#5264=CARTESIAN_POINT('Origin',(-10.5000001192093,-7.5,11.));
#5265=CARTESIAN_POINT('',(-10.5000001192093,-8.,11.));
#5266=CARTESIAN_POINT('Origin',(-10.5000001192093,-7.5,11.));
#5267=CARTESIAN_POINT('',(-10.5000001192093,-8.,2.));
#5268=CARTESIAN_POINT('',(-10.5000001192093,-8.,11.));
#5269=CARTESIAN_POINT('Origin',(-10.5000001192093,-7.5,2.));
#5270=CARTESIAN_POINT('Origin',(-5.50000011920929,-8.,11.));
#5271=CARTESIAN_POINT('',(-5.50000011920929,-8.,11.));
#5272=CARTESIAN_POINT('',(-6.75000005960465,-8.,11.));
#5273=CARTESIAN_POINT('',(-5.50000011920929,-8.,2.));
#5274=CARTESIAN_POINT('',(-5.50000011920929,-8.,11.));
#5275=CARTESIAN_POINT('',(-10.5000001192093,-8.,2.));
#5276=CARTESIAN_POINT('Origin',(-5.50000011920929,-7.5,11.));
#5277=CARTESIAN_POINT('',(-5.00000011920929,-7.5,11.));
#5278=CARTESIAN_POINT('Origin',(-5.50000011920929,-7.5,11.));
#5279=CARTESIAN_POINT('',(-5.00000011920929,-7.5,2.));
#5280=CARTESIAN_POINT('',(-5.00000011920929,-7.5,11.));
#5281=CARTESIAN_POINT('Origin',(-5.50000011920929,-7.5,2.));
#5282=CARTESIAN_POINT('Origin',(-5.00000011920929,-4.5,11.));
#5283=CARTESIAN_POINT('',(-5.00000011920929,-4.5,11.));
#5284=CARTESIAN_POINT('',(-5.00000011920929,-2.25,11.));
#5285=CARTESIAN_POINT('',(-5.00000011920929,-4.5,2.));
#5286=CARTESIAN_POINT('',(-5.00000011920929,-4.5,11.));
#5287=CARTESIAN_POINT('',(-5.00000011920929,-7.5,2.));
#5288=CARTESIAN_POINT('Origin',(-5.50000011920929,-4.5,11.));
#5289=CARTESIAN_POINT('Origin',(-5.50000011920929,-4.5,11.));
#5290=CARTESIAN_POINT('Origin',(-5.50000011920929,-4.5,2.));
#5291=CARTESIAN_POINT('Origin',(-8.00000011920929,-6.,2.));
#5292=CARTESIAN_POINT('Origin',(-8.,-8.88178419700125E-15,11.));
#5293=CARTESIAN_POINT('',(-8.,-18.5,11.));
#5294=CARTESIAN_POINT('',(-8.,-20.5,11.));
#5295=CARTESIAN_POINT('',(-8.,-10.5,11.));
#5296=CARTESIAN_POINT('',(-7.35,-20.5,11.));
#5297=CARTESIAN_POINT('',(-7.425,-20.5,11.));
#5298=CARTESIAN_POINT('',(-6.85,-20.,11.));
#5299=CARTESIAN_POINT('',(-2.2625,-15.4125,11.));
#5300=CARTESIAN_POINT('',(-6.85,-12.5,11.));
#5301=CARTESIAN_POINT('',(-6.85,-6.25,11.));
#5302=CARTESIAN_POINT('',(-8.35,-11.,11.));
#5303=CARTESIAN_POINT('',(-11.0125,-8.3375,11.));
#5304=CARTESIAN_POINT('',(-11.5,-11.,11.));
#5305=CARTESIAN_POINT('',(-9.75,-11.,11.));
#5306=CARTESIAN_POINT('',(-11.5,-8.5,11.));
#5307=CARTESIAN_POINT('',(-11.5,-4.25000000000001,11.));
#5308=CARTESIAN_POINT('',(-4.5,-8.5,11.));
#5309=CARTESIAN_POINT('',(-6.25,-8.5,11.));
#5310=CARTESIAN_POINT('',(-3.50000000000001,-8.5,11.));
#5311=CARTESIAN_POINT('',(-5.75,-8.5,11.));
#5312=CARTESIAN_POINT('',(-3.5,-7.50000000000001,11.));
#5313=CARTESIAN_POINT('',(-12.5,32.5,11.));
#5314=CARTESIAN_POINT('',(-12.5,32.5,11.));
#5315=CARTESIAN_POINT('',(-12.5,-18.5,11.));
#5316=CARTESIAN_POINT('',(-12.5,-32.5,11.));
#5317=CARTESIAN_POINT('',(-10.25,-18.5,11.));
#5318=CARTESIAN_POINT('Origin',(-12.5,-21.,6.75));
#5319=CARTESIAN_POINT('',(-12.5,-21.,9.));
#5320=CARTESIAN_POINT('',(-12.5,-21.,4.5));
#5321=CARTESIAN_POINT('Origin',(-12.5,-21.,6.75));
#5322=CARTESIAN_POINT('',(-8.,-21.,9.));
#5323=CARTESIAN_POINT('',(-12.5,-21.,9.));
#5324=CARTESIAN_POINT('',(-12.5,-21.,9.));
#5325=CARTESIAN_POINT('Origin',(-12.5,-21.,6.75));
#5326=CARTESIAN_POINT('',(-2.5,-21.,4.5));
#5327=CARTESIAN_POINT('',(-12.5,-21.,4.5));
#5328=CARTESIAN_POINT('Origin',(-2.5,-21.,6.75));
#5329=CARTESIAN_POINT('Origin',(-2.5,-21.,6.75));
#5330=CARTESIAN_POINT('Origin',(-12.5,-23.5,9.));
#5331=CARTESIAN_POINT('',(-12.5,-23.5,9.));
#5332=CARTESIAN_POINT('',(-12.5,4.49999999999999,9.));
#5333=CARTESIAN_POINT('',(-8.,-23.5,9.));
#5334=CARTESIAN_POINT('',(-12.5,-23.5,9.));
#5335=CARTESIAN_POINT('',(-8.,-22.25,9.));
#5336=CARTESIAN_POINT('Origin',(-12.5,32.5,0.));
#5337=CARTESIAN_POINT('',(-12.5,-23.5,11.));
#5338=CARTESIAN_POINT('',(-12.5,-23.5,5.5));
#5339=CARTESIAN_POINT('',(-12.5,-18.5,9.));
#5340=CARTESIAN_POINT('',(-12.5,4.49999999999999,9.));
#5341=CARTESIAN_POINT('',(-12.5,-18.5,4.5));
#5342=CARTESIAN_POINT('',(-12.5,32.5,0.));
#5343=CARTESIAN_POINT('',(-12.5,-32.5,11.));
#5344=CARTESIAN_POINT('',(-12.5,-32.5,0.));
#5345=CARTESIAN_POINT('',(-12.5,-32.5,11.));
#5346=CARTESIAN_POINT('Origin',(-12.5,-18.5,9.));
#5347=CARTESIAN_POINT('',(-8.,-18.5,9.));
#5348=CARTESIAN_POINT('',(-8.,-18.5,9.5));
#5349=CARTESIAN_POINT('',(-12.5,-18.5,9.));
#5350=CARTESIAN_POINT('Origin',(-12.5,-23.5,9.));
#5351=CARTESIAN_POINT('',(-8.,-22.25,9.));
#5352=CARTESIAN_POINT('Origin',(-12.5,-23.5,11.));
#5353=CARTESIAN_POINT('',(-8.,-23.5,11.));
#5354=CARTESIAN_POINT('',(-8.,-23.5,10.5));
#5355=CARTESIAN_POINT('',(-10.25,-23.5,11.));
#5356=CARTESIAN_POINT('Origin',(-8.,-8.88178419700125E-15,11.));
#5357=CARTESIAN_POINT('',(-8.,-22.5,11.));
#5358=CARTESIAN_POINT('',(-8.,-10.5,11.));
#5359=CARTESIAN_POINT('',(-12.0000001788139,-32.5,11.));
#5360=CARTESIAN_POINT('',(12.5,-32.5,11.));
#5361=CARTESIAN_POINT('',(-12.0000001788139,-29.,11.));
#5362=CARTESIAN_POINT('',(-12.0000001788139,-16.25,11.));
#5363=CARTESIAN_POINT('',(-11.5000001788139,-28.5,11.));
#5364=CARTESIAN_POINT('Origin',(-11.5000001788139,-29.,11.));
#5365=CARTESIAN_POINT('',(-4.50000017881393,-28.5,11.));
#5366=CARTESIAN_POINT('',(-8.00000008940697,-28.5,11.));
#5367=CARTESIAN_POINT('',(-4.00000017881393,-29.,11.));
#5368=CARTESIAN_POINT('Origin',(-4.50000017881393,-29.,11.));
#5369=CARTESIAN_POINT('',(-4.00000017881393,-32.5,11.));
#5370=CARTESIAN_POINT('',(-4.00000017881393,-16.25,11.));
#5371=CARTESIAN_POINT('',(-3.5,-32.5,11.));
#5372=CARTESIAN_POINT('',(12.5,-32.5,11.));
#5373=CARTESIAN_POINT('',(-3.49999999999994,-24.5,11.));
#5374=CARTESIAN_POINT('',(-3.5,-7.50000000000001,11.));
#5375=CARTESIAN_POINT('',(5.69068100110509E-14,-24.5,11.));
#5376=CARTESIAN_POINT('',(-2.62499999999994,-24.5,11.));
#5377=CARTESIAN_POINT('',(1.50173692562782E-13,-12.5,11.));
#5378=CARTESIAN_POINT('',(8.02136135291676E-14,-21.5,11.));
#5379=CARTESIAN_POINT('',(-4.5,-12.5,11.));
#5380=CARTESIAN_POINT('',(-5.75,-12.5,11.));
#5381=CARTESIAN_POINT('',(-4.5,-22.5,11.));
#5382=CARTESIAN_POINT('',(-4.5,-11.25,11.));
#5383=CARTESIAN_POINT('',(-8.,-22.5,11.));
#5384=CARTESIAN_POINT('Ctrl Pts',(-11.,-31.5454545454546,9.61731985044585));
#5385=CARTESIAN_POINT('Ctrl Pts',(-9.,-31.5454545454546,9.61731985044585));
#5386=CARTESIAN_POINT('Ctrl Pts',(-7.,-31.5454545454546,9.61731985044585));
#5387=CARTESIAN_POINT('Ctrl Pts',(-5.,-31.5454545454546,9.61731985044585));
#5388=CARTESIAN_POINT('Ctrl Pts',(-11.,-31.6834612216898,9.6564410659371));
#5389=CARTESIAN_POINT('Ctrl Pts',(-9.,-31.6834612216898,9.6564410659371));
#5390=CARTESIAN_POINT('Ctrl Pts',(-7.,-31.6834612216898,9.6564410659371));
#5391=CARTESIAN_POINT('Ctrl Pts',(-5.,-31.6834612216898,9.6564410659371));
#5392=CARTESIAN_POINT('Ctrl Pts',(-11.,-31.971782158861,9.68293646355761));
#5393=CARTESIAN_POINT('Ctrl Pts',(-9.,-31.971782158861,9.68293646355761));
#5394=CARTESIAN_POINT('Ctrl Pts',(-7.,-31.971782158861,9.68293646355761));
#5395=CARTESIAN_POINT('Ctrl Pts',(-5.,-31.971782158861,9.68293646355761));
#5396=CARTESIAN_POINT('Ctrl Pts',(-11.,-32.3917669334599,9.46513677106937));
#5397=CARTESIAN_POINT('Ctrl Pts',(-9.00000000000001,-32.3917669334599,9.46513677106937));
#5398=CARTESIAN_POINT('Ctrl Pts',(-6.99999999999999,-32.3917669334599,9.46513677106937));
#5399=CARTESIAN_POINT('Ctrl Pts',(-5.,-32.3917669334599,9.46513677106937));
#5400=CARTESIAN_POINT('Ctrl Pts',(-11.,-32.5,9.11091799626651));
#5401=CARTESIAN_POINT('Ctrl Pts',(-9.,-32.5,9.11091799626651));
#5402=CARTESIAN_POINT('Ctrl Pts',(-7.,-32.5,9.11091799626651));
#5403=CARTESIAN_POINT('Ctrl Pts',(-5.,-32.5,9.11091799626651));
#5404=CARTESIAN_POINT('Ctrl Pts',(-11.,-32.5,8.89575131106459));
#5405=CARTESIAN_POINT('Ctrl Pts',(-9.,-32.5,8.89575131106459));
#5406=CARTESIAN_POINT('Ctrl Pts',(-7.,-32.5,8.89575131106459));
#5407=CARTESIAN_POINT('Ctrl Pts',(-5.,-32.5,8.89575131106459));
#5408=CARTESIAN_POINT('',(-5.,-32.5,8.89575131106459));
#5409=CARTESIAN_POINT('',(-5.,-31.5454545454546,9.61731985044585));
#5410=CARTESIAN_POINT('Ctrl Pts',(-5.,-32.5,8.89575131106459));
#5411=CARTESIAN_POINT('Ctrl Pts',(-5.,-32.5,9.11091799626651));
#5412=CARTESIAN_POINT('Ctrl Pts',(-5.,-32.4350601600759,9.32344926114822));
#5413=CARTESIAN_POINT('Ctrl Pts',(-5.,-32.3010881392094,9.46446740231217));
#5414=CARTESIAN_POINT('Ctrl Pts',(-5.,-32.2117734586318,9.55847949642147));
#5415=CARTESIAN_POINT('Ctrl Pts',(-5.,-32.0917778087464,9.62070797998954));
#5416=CARTESIAN_POINT('Ctrl Pts',(-5.,-31.9596997495109,9.64519837236845));
#5417=CARTESIAN_POINT('Ctrl Pts',(-5.,-31.8276216902754,9.66968876474736));
#5418=CARTESIAN_POINT('Ctrl Pts',(-5.,-31.6834612216898,9.6564410659371));
#5419=CARTESIAN_POINT('Ctrl Pts',(-5.,-31.5454545454546,9.61731985044585));
#5420=CARTESIAN_POINT('',(-11.,-31.5454545454546,9.61731985044585));
#5421=CARTESIAN_POINT('Ctrl Pts',(-5.,-31.5454545454546,9.61731985044585));
#5422=CARTESIAN_POINT('Ctrl Pts',(-7.,-31.5454545454546,9.61731985044585));
#5423=CARTESIAN_POINT('Ctrl Pts',(-9.,-31.5454545454546,9.61731985044585));
#5424=CARTESIAN_POINT('Ctrl Pts',(-11.,-31.5454545454546,9.61731985044585));
#5425=CARTESIAN_POINT('',(-11.,-32.5,8.89575131106459));
#5426=CARTESIAN_POINT('Ctrl Pts',(-11.,-31.5454545454546,9.61731985044585));
#5427=CARTESIAN_POINT('Ctrl Pts',(-11.,-31.6834612216898,9.6564410659371));
#5428=CARTESIAN_POINT('Ctrl Pts',(-11.,-31.8276216902754,9.66968876474736));
#5429=CARTESIAN_POINT('Ctrl Pts',(-11.,-31.9596997495109,9.64519837236845));
#5430=CARTESIAN_POINT('Ctrl Pts',(-11.,-32.0917778087464,9.62070797998954));
#5431=CARTESIAN_POINT('Ctrl Pts',(-11.,-32.2117734586318,9.55847949642147));
#5432=CARTESIAN_POINT('Ctrl Pts',(-11.,-32.3010881392094,9.46446740231217));
#5433=CARTESIAN_POINT('Ctrl Pts',(-11.,-32.4350601600759,9.32344926114822));
#5434=CARTESIAN_POINT('Ctrl Pts',(-11.,-32.5,9.11091799626651));
#5435=CARTESIAN_POINT('Ctrl Pts',(-11.,-32.5,8.89575131106459));
#5436=CARTESIAN_POINT('Ctrl Pts',(-11.,-32.5,8.89575131106459));
#5437=CARTESIAN_POINT('Ctrl Pts',(-9.,-32.5,8.89575131106459));
#5438=CARTESIAN_POINT('Ctrl Pts',(-7.,-32.5,8.89575131106459));
#5439=CARTESIAN_POINT('Ctrl Pts',(-5.,-32.5,8.89575131106459));
#5440=CARTESIAN_POINT('Origin',(-8.,-32.5,6.25));
#5441=CARTESIAN_POINT('',(-5.,-29.4689110867545,8.));
#5442=CARTESIAN_POINT('Origin',(-5.,-32.5,6.25));
#5443=CARTESIAN_POINT('',(-11.,-29.4689110867545,8.));
#5444=CARTESIAN_POINT('',(-8.,-29.4689110867545,8.));
#5445=CARTESIAN_POINT('Origin',(-11.,-32.5,6.25));
#5446=CARTESIAN_POINT('Origin',(-5.,-30.75,6.25));
#5447=CARTESIAN_POINT('',(-5.,-32.5,8.));
#5448=CARTESIAN_POINT('',(-5.,-32.5,11.));
#5449=CARTESIAN_POINT('',(-5.,-31.625,8.));
#5450=CARTESIAN_POINT('Origin',(-11.,-30.75,6.25));
#5451=CARTESIAN_POINT('',(-11.,-32.5,8.));
#5452=CARTESIAN_POINT('',(-11.,-31.625,8.));
#5453=CARTESIAN_POINT('',(-11.,-32.5,11.));
#5454=CARTESIAN_POINT('Origin',(-12.5,-32.5,0.));
#5455=CARTESIAN_POINT('',(-12.0000001788139,-32.5,8.));
#5456=CARTESIAN_POINT('',(-8.25000008940697,-32.5,8.));
#5457=CARTESIAN_POINT('',(-12.0000001788139,-32.5,4.));
#5458=CARTESIAN_POINT('',(-5.27169732584937E-15,-32.5,1.5));
#5459=CARTESIAN_POINT('',(-5.27169732584937E-15,-32.5,0.));
#5460=CARTESIAN_POINT('',(-3.5,-32.5,1.5));
#5461=CARTESIAN_POINT('',(12.5,-32.5,1.5));
#5462=CARTESIAN_POINT('',(-3.5,-32.5,0.));
#5463=CARTESIAN_POINT('',(-4.00000017881393,-32.5,8.));
#5464=CARTESIAN_POINT('',(-4.00000017881393,-32.5,5.5));
#5465=CARTESIAN_POINT('',(-8.25000008940697,-32.5,8.));
#5466=CARTESIAN_POINT('Origin',(-4.50000017881393,-29.,10.25));
#5467=CARTESIAN_POINT('',(-4.00000017881393,-29.,8.));
#5468=CARTESIAN_POINT('',(-4.50000017881393,-28.5,8.));
#5469=CARTESIAN_POINT('Origin',(-4.50000017881393,-29.,8.));
#5470=CARTESIAN_POINT('',(-4.00000017881393,-29.,10.25));
#5471=CARTESIAN_POINT('',(-4.50000017881393,-28.5,10.25));
#5472=CARTESIAN_POINT('Origin',(-4.00000017881393,-32.5,11.));
#5473=CARTESIAN_POINT('',(-4.00000017881393,-32.5,8.));
#5474=CARTESIAN_POINT('Origin',(-11.5000001788139,-29.,8.75));
#5475=CARTESIAN_POINT('',(-11.5000001788139,-28.5,8.));
#5476=CARTESIAN_POINT('',(-12.0000001788139,-29.,8.));
#5477=CARTESIAN_POINT('Origin',(-11.5000001788139,-29.,8.));
#5478=CARTESIAN_POINT('',(-11.5000001788139,-28.5,8.75));
#5479=CARTESIAN_POINT('',(-12.0000001788139,-29.,8.75));
#5480=CARTESIAN_POINT('Origin',(-4.00000017881393,-32.5,8.));
#5481=CARTESIAN_POINT('',(-4.00000017881393,-28.5,8.));
#5482=CARTESIAN_POINT('',(-12.0000001788139,-32.5,8.));
#5483=CARTESIAN_POINT('Origin',(-12.0000001788139,-32.5,8.));
#5484=CARTESIAN_POINT('Origin',(-8.00000017881393,-28.5,9.5));
#5485=CARTESIAN_POINT('Origin',(-3.50000000000001,-8.5,11.));
#5486=CARTESIAN_POINT('',(-4.5,-8.5,1.5));
#5487=CARTESIAN_POINT('',(-4.5,-8.5,8.625));
#5488=CARTESIAN_POINT('',(-3.50000000000001,-8.5,1.5));
#5489=CARTESIAN_POINT('',(-3.50000000000001,-8.5,1.5));
#5490=CARTESIAN_POINT('',(-3.5,-8.5,5.5));
#5491=CARTESIAN_POINT('Origin',(-3.5,-32.5,0.));
#5492=CARTESIAN_POINT('',(-3.5,-7.50000000000001,1.5));
#5493=CARTESIAN_POINT('',(-3.5,-21.25,1.5));
#5494=CARTESIAN_POINT('',(-3.5,-7.5,0.));
#5495=CARTESIAN_POINT('',(-3.5,-4.5,0.));
#5496=CARTESIAN_POINT('Origin',(-4.5,-8.5,20.8));
#5497=CARTESIAN_POINT('',(-4.5,-10.,24.));
#5498=CARTESIAN_POINT('',(-4.5,-8.5,20.8));
#5499=CARTESIAN_POINT('',(-4.5,-7.87790232185749,19.4728582866293));
#5500=CARTESIAN_POINT('',(-2.,-10.,24.));
#5501=CARTESIAN_POINT('',(-4.5,-10.,24.));
#5502=CARTESIAN_POINT('',(-2.,-8.5,20.8));
#5503=CARTESIAN_POINT('',(-2.,-10.,24.));
#5504=CARTESIAN_POINT('',(-4.5,-8.5,20.8));
#5505=CARTESIAN_POINT('Origin',(-4.5,-13.,20.8));
#5506=CARTESIAN_POINT('',(-4.5,-13.,20.8));
#5507=CARTESIAN_POINT('',(-4.5,-17.75,20.8));
#5508=CARTESIAN_POINT('',(-2.,-13.,20.8));
#5509=CARTESIAN_POINT('',(-2.,-8.5,20.8));
#5510=CARTESIAN_POINT('',(-4.5,-13.,20.8));
#5511=CARTESIAN_POINT('Origin',(-4.5,-13.,24.));
#5512=CARTESIAN_POINT('',(-4.5,-13.,24.));
#5513=CARTESIAN_POINT('',(-4.5,-13.,17.5));
#5514=CARTESIAN_POINT('',(-2.,-13.,24.));
#5515=CARTESIAN_POINT('',(-2.,-13.,20.8));
#5516=CARTESIAN_POINT('',(-4.5,-13.,24.));
#5517=CARTESIAN_POINT('Origin',(-4.5,-10.,24.));
#5518=CARTESIAN_POINT('',(-4.5,-16.25,24.));
#5519=CARTESIAN_POINT('',(-2.,-13.,24.));
#5520=CARTESIAN_POINT('Origin',(-2.,-10.75,22.4));
#5521=CARTESIAN_POINT('Origin',(-4.5,-22.5,11.));
#5522=CARTESIAN_POINT('',(-4.5,-8.5,11.));
#5523=CARTESIAN_POINT('',(-4.5,-8.5,28.));
#5524=CARTESIAN_POINT('',(-4.5,-8.5,11.));
#5525=CARTESIAN_POINT('',(-4.5,-22.5,28.));
#5526=CARTESIAN_POINT('',(-4.5,-8.5,28.));
#5527=CARTESIAN_POINT('',(-4.5,-22.5,11.));
#5528=CARTESIAN_POINT('',(-4.5,-12.5,1.5));
#5529=CARTESIAN_POINT('',(-4.5,-12.5,3.875));
#5530=CARTESIAN_POINT('',(-4.5,-9.5,1.5));
#5531=CARTESIAN_POINT('Origin',(-7.1,-20.25,11.));
#5532=CARTESIAN_POINT('',(-7.35,-20.5,28.));
#5533=CARTESIAN_POINT('',(-7.35,-20.5,11.));
#5534=CARTESIAN_POINT('',(-6.85,-20.,28.));
#5535=CARTESIAN_POINT('',(-6.1375,-19.2875,28.));
#5536=CARTESIAN_POINT('',(-6.85,-20.,11.));
#5537=CARTESIAN_POINT('Origin',(-6.85,-12.5,11.));
#5538=CARTESIAN_POINT('',(-6.85,-12.5,28.));
#5539=CARTESIAN_POINT('',(-6.85,-12.5,28.));
#5540=CARTESIAN_POINT('',(-6.85,-12.5,11.));
#5541=CARTESIAN_POINT('Origin',(-11.5,-8.5,11.));
#5542=CARTESIAN_POINT('',(-11.5,-11.,28.));
#5543=CARTESIAN_POINT('',(-11.5,-11.,11.));
#5544=CARTESIAN_POINT('',(-11.5,-8.5,28.));
#5545=CARTESIAN_POINT('',(-11.5,-22.5,28.));
#5546=CARTESIAN_POINT('',(-11.5,-8.5,11.));
#5547=CARTESIAN_POINT('Origin',(-4.5,-8.5,11.));
#5548=CARTESIAN_POINT('',(-11.5,-8.5,28.));
#5549=CARTESIAN_POINT('Origin',(-8.,-22.5,11.));
#5550=CARTESIAN_POINT('',(-8.,-22.5,28.));
#5551=CARTESIAN_POINT('',(-8.,-22.5,28.));
#5552=CARTESIAN_POINT('',(-8.,-22.5,11.));
#5553=CARTESIAN_POINT('Origin',(-8.,-20.5,11.));
#5554=CARTESIAN_POINT('',(-8.,-20.5,28.));
#5555=CARTESIAN_POINT('',(-8.,-20.5,28.));
#5556=CARTESIAN_POINT('',(-8.,-20.5,11.));
#5557=CARTESIAN_POINT('Origin',(-6.85,-20.5,11.));
#5558=CARTESIAN_POINT('',(-6.85,-20.5,28.));
#5559=CARTESIAN_POINT('Origin',(-8.35,-11.,11.));
#5560=CARTESIAN_POINT('',(-8.35,-11.,28.));
#5561=CARTESIAN_POINT('',(-8.35,-11.,28.));
#5562=CARTESIAN_POINT('',(-8.35,-11.,11.));
#5563=CARTESIAN_POINT('Origin',(-11.5,-11.,11.));
#5564=CARTESIAN_POINT('',(-11.5,-11.,28.));
#5565=CARTESIAN_POINT('Origin',(-8.,-15.5,28.));
#5566=CARTESIAN_POINT('Origin',(-3.49999999999994,-24.5,1.5));
#5567=CARTESIAN_POINT('',(-3.49999999999994,-24.5,1.5));
#5568=CARTESIAN_POINT('',(-3.5,-24.5,0.75));
#5569=CARTESIAN_POINT('',(5.69068100110509E-14,-24.5,1.5));
#5570=CARTESIAN_POINT('',(-2.62499999999994,-24.5,1.5));
#5571=CARTESIAN_POINT('',(5.69068100110509E-14,-24.5,1.5));
#5572=CARTESIAN_POINT('Origin',(-1.74999999999993,-22.5,1.5));
#5573=CARTESIAN_POINT('',(-1.5,-12.5,1.5));
#5574=CARTESIAN_POINT('',(-0.874999999999888,-12.5,1.5));
#5575=CARTESIAN_POINT('',(-1.5,-7.50000000000001,1.5));
#5576=CARTESIAN_POINT('',(-1.5,-12.5,1.5));
#5577=CARTESIAN_POINT('',(-3.5,-7.50000000000001,1.5));
#5578=CARTESIAN_POINT('Origin',(-1.74999999999993,-22.5,1.5));
#5579=CARTESIAN_POINT('',(-3.5,-21.25,1.5));
#5580=CARTESIAN_POINT('',(-5.27169732584937E-15,-32.5,1.5));
#5581=CARTESIAN_POINT('Origin',(-3.5,-32.5,0.));
#5582=CARTESIAN_POINT('Origin',(-1.5,-7.50000000000001,0.));
#5583=CARTESIAN_POINT('',(-1.5,-7.50000000000001,0.));
#5584=CARTESIAN_POINT('Origin',(-1.5,-12.5,0.));
#5585=CARTESIAN_POINT('',(-1.5,-12.5,0.));
#5586=CARTESIAN_POINT('Origin',(7.5,-4.5,0.));
#5587=CARTESIAN_POINT('Origin',(1.50173692562782E-13,-12.5,0.));
#5588=CARTESIAN_POINT('',(1.50173692562782E-13,-12.5,0.));
#5589=CARTESIAN_POINT('Origin',(-5.27169732584937E-15,-32.5,0.));
#5590=CARTESIAN_POINT('Origin',(-3.5,32.5,0.));
#5591=CARTESIAN_POINT('Origin',(-8.5,10.2802167778625,4.5));
#5592=CARTESIAN_POINT('',(-8.5,9.78021677786255,4.));
#5593=CARTESIAN_POINT('',(-8.5,10.7802167778625,4.));
#5594=CARTESIAN_POINT('',(-8.5,9.78021677786255,5.));
#5595=CARTESIAN_POINT('',(-8.5,9.78021677786255,5.));
#5596=CARTESIAN_POINT('',(-8.5,10.7802167778625,5.));
#5597=CARTESIAN_POINT('Origin',(-8.,9.78021677786255,5.));
#5598=CARTESIAN_POINT('',(-7.5,9.78021677786255,4.));
#5599=CARTESIAN_POINT('',(-8.,9.78021677786255,4.));
#5600=CARTESIAN_POINT('',(-7.5,9.78021677786255,5.));
#5601=CARTESIAN_POINT('',(-7.5,9.78021677786255,5.));
#5602=CARTESIAN_POINT('',(-8.,9.78021677786255,5.));
#5603=CARTESIAN_POINT('Origin',(-8.,10.7802167778625,5.));
#5604=CARTESIAN_POINT('',(-7.5,10.7802167778625,5.));
#5605=CARTESIAN_POINT('Origin',(-8.,9.78021677786255,4.));
#5606=CARTESIAN_POINT('',(-7.5,9.78021677786255,4.));
#5607=CARTESIAN_POINT('Origin',(-7.5,10.2802167778625,4.5));
#5608=CARTESIAN_POINT('Origin',(4.75,-5.50000000000001,2.2));
#5609=CARTESIAN_POINT('',(-3.5,-4.50000000000001,2.2));
#5610=CARTESIAN_POINT('',(-3.5,-5.50000000000001,3.2));
#5611=CARTESIAN_POINT('Origin',(-3.5,-5.50000000000001,2.2));
#5612=CARTESIAN_POINT('',(7.5,-5.50000000000001,3.2));
#5613=CARTESIAN_POINT('',(4.75,-5.50000000000001,3.2));
#5614=CARTESIAN_POINT('',(7.5,-4.50000000000001,2.2));
#5615=CARTESIAN_POINT('Origin',(7.5,-5.50000000000001,2.2));
#5616=CARTESIAN_POINT('',(4.75,-4.50000000000001,2.2));
#5617=CARTESIAN_POINT('Origin',(2.,-6.00000000000001,3.2));
#5618=CARTESIAN_POINT('',(-3.5,-7.50000000000001,3.2));
#5619=CARTESIAN_POINT('',(-3.5,-4.50000000000001,3.2));
#5620=CARTESIAN_POINT('',(5.5,-7.50000000000001,3.2));
#5621=CARTESIAN_POINT('',(-3.5,-7.50000000000001,3.2));
#5622=CARTESIAN_POINT('',(7.5,-6.00000000000001,3.2));
#5623=CARTESIAN_POINT('',(5.5,-7.50000000000001,3.2));
#5624=CARTESIAN_POINT('',(7.5,-6.00000000000001,3.2));
#5625=CARTESIAN_POINT('Origin',(-3.5,-4.50000000000001,1.5));
#5626=CARTESIAN_POINT('',(-3.5,-4.50000000000001,1.5));
#5627=CARTESIAN_POINT('',(-3.5,-4.50000000000001,1.5));
#5628=CARTESIAN_POINT('',(-3.5,-7.50000000000001,1.5));
#5629=CARTESIAN_POINT('',(-3.5,-4.50000000000001,1.5));
#5630=CARTESIAN_POINT('',(-3.5,-7.50000000000001,1.5));
#5631=CARTESIAN_POINT('Origin',(-3.5,-7.50000000000001,1.5));
#5632=CARTESIAN_POINT('',(5.5,-7.50000000000001,1.5));
#5633=CARTESIAN_POINT('',(-3.5,-7.50000000000001,1.5));
#5634=CARTESIAN_POINT('',(5.5,-7.50000000000001,1.5));
#5635=CARTESIAN_POINT('Origin',(7.5,-4.50000000000001,1.5));
#5636=CARTESIAN_POINT('',(7.5,-4.50000000000001,1.5));
#5637=CARTESIAN_POINT('',(7.5,-4.50000000000001,1.5));
#5638=CARTESIAN_POINT('',(7.5,-4.50000000000001,1.5));
#5639=CARTESIAN_POINT('Origin',(7.5,-6.00000000000001,1.5));
#5640=CARTESIAN_POINT('',(7.5,-6.00000000000001,1.5));
#5641=CARTESIAN_POINT('',(7.5,-6.00000000000001,1.5));
#5642=CARTESIAN_POINT('',(7.5,-6.00000000000001,1.5));
#5643=CARTESIAN_POINT('Origin',(5.5,-7.50000000000001,1.5));
#5644=CARTESIAN_POINT('',(5.5,-7.50000000000001,1.5));
#5645=CARTESIAN_POINT('Origin',(2.,-6.00000000000001,1.5));
#5646=CARTESIAN_POINT('Origin',(-12.5,-18.25,6.75));
#5647=CARTESIAN_POINT('',(-12.5,-18.5,9.));
#5648=CARTESIAN_POINT('',(-12.5,-18.25,6.75));
#5649=CARTESIAN_POINT('',(-12.5,-18.5,9.));
#5650=CARTESIAN_POINT('',(-20.5,-18.5,9.));
#5651=CARTESIAN_POINT('',(-12.5,-18.5,9.));
#5652=CARTESIAN_POINT('',(-20.5,-18.25,6.75));
#5653=CARTESIAN_POINT('',(-20.5,-18.5,9.));
#5654=CARTESIAN_POINT('',(-12.5,-18.25,6.75));
#5655=CARTESIAN_POINT('Origin',(-12.5,-18.5,4.5));
#5656=CARTESIAN_POINT('',(-12.5,-18.5,4.5));
#5657=CARTESIAN_POINT('',(-12.5,-18.25,6.75));
#5658=CARTESIAN_POINT('',(-20.5,-18.5,4.5));
#5659=CARTESIAN_POINT('',(-20.5,-18.25,6.75));
#5660=CARTESIAN_POINT('',(-12.5,-18.5,4.5));
#5661=CARTESIAN_POINT('Origin',(-12.5,-18.5,6.75));
#5662=CARTESIAN_POINT('Origin',(-12.5,-18.5,6.75));
#5663=CARTESIAN_POINT('Origin',(-20.5,-18.5,6.75));
#5664=CARTESIAN_POINT('Origin',(-20.5,-17.375,6.75));
#5665=CARTESIAN_POINT('Origin',(-12.5,-17.375,6.75));
#5666=CARTESIAN_POINT('Origin',(-12.5,-23.5,9.));
#5667=CARTESIAN_POINT('',(-12.5,-23.5,9.));
#5668=CARTESIAN_POINT('',(-12.5,-23.75,6.75));
#5669=CARTESIAN_POINT('',(-12.5,-23.5,9.));
#5670=CARTESIAN_POINT('',(-20.5,-23.75,6.75));
#5671=CARTESIAN_POINT('',(-12.5,-23.75,6.75));
#5672=CARTESIAN_POINT('',(-20.5,-23.5,9.));
#5673=CARTESIAN_POINT('',(-20.5,-23.5,9.));
#5674=CARTESIAN_POINT('',(-12.5,-23.5,9.));
#5675=CARTESIAN_POINT('Origin',(-12.5,-23.5,6.75));
#5676=CARTESIAN_POINT('',(-12.5,-23.5,4.5));
#5677=CARTESIAN_POINT('Origin',(-12.5,-23.5,6.75));
#5678=CARTESIAN_POINT('',(-20.5,-23.5,4.5));
#5679=CARTESIAN_POINT('Origin',(-20.5,-23.5,6.75));
#5680=CARTESIAN_POINT('',(-12.5,-23.5,4.5));
#5681=CARTESIAN_POINT('Origin',(-12.5,-23.75,6.75));
#5682=CARTESIAN_POINT('',(-12.5,-23.75,6.75));
#5683=CARTESIAN_POINT('',(-20.5,-23.75,6.75));
#5684=CARTESIAN_POINT('Origin',(-20.5,-24.625,6.75));
#5685=CARTESIAN_POINT('Origin',(-12.5,-24.625,6.75));
#5686=CARTESIAN_POINT('Origin',(8.5,-4.50000000000001,1.5));
#5687=CARTESIAN_POINT('',(15.2,-4.50000000000001,1.5));
#5688=CARTESIAN_POINT('',(15.2,-4.50000000000001,2.2));
#5689=CARTESIAN_POINT('',(15.2,-4.50000000000001,2.35));
#5690=CARTESIAN_POINT('',(19.5,-4.50000000000001,2.2));
#5691=CARTESIAN_POINT('',(11.25,-4.50000000000001,2.2));
#5692=CARTESIAN_POINT('',(19.5,-4.50000000000001,1.5));
#5693=CARTESIAN_POINT('',(19.5,-4.50000000000001,1.5));
#5694=CARTESIAN_POINT('',(8.5,-4.50000000000001,1.5));
#5695=CARTESIAN_POINT('Origin',(11.25,-5.50000000000001,2.2));
#5696=CARTESIAN_POINT('',(15.2,-5.50000000000001,3.2));
#5697=CARTESIAN_POINT('Origin',(15.2,-5.50000000000001,2.2));
#5698=CARTESIAN_POINT('',(19.5,-5.50000000000001,3.2));
#5699=CARTESIAN_POINT('',(11.25,-5.50000000000001,3.2));
#5700=CARTESIAN_POINT('Origin',(19.5,-5.50000000000001,2.2));
#5701=CARTESIAN_POINT('Origin',(15.2,-5.50000000000001,3.2));
#5702=CARTESIAN_POINT('',(15.2,-7.50000000000001,1.5));
#5703=CARTESIAN_POINT('',(15.2,-5.75000000000001,1.5));
#5704=CARTESIAN_POINT('',(15.2,-7.50000000000001,3.2));
#5705=CARTESIAN_POINT('',(15.2,-7.50000000000001,2.35));
#5706=CARTESIAN_POINT('',(15.2,-5.75000000000001,3.2));
#5707=CARTESIAN_POINT('Origin',(14.,-6.00000000000001,1.5));
#5708=CARTESIAN_POINT('',(19.5,-7.50000000000001,1.5));
#5709=CARTESIAN_POINT('',(19.5,-4.50000000000001,1.5));
#5710=CARTESIAN_POINT('',(19.5,-7.50000000000001,1.5));
#5711=CARTESIAN_POINT('Origin',(14.,-6.00000000000001,3.2));
#5712=CARTESIAN_POINT('',(19.5,-7.50000000000001,3.2));
#5713=CARTESIAN_POINT('',(19.5,-7.50000000000001,3.2));
#5714=CARTESIAN_POINT('',(19.5,-4.50000000000001,3.2));
#5715=CARTESIAN_POINT('Origin',(19.5,-4.50000000000001,1.5));
#5716=CARTESIAN_POINT('',(19.5,-7.50000000000001,1.5));
#5717=CARTESIAN_POINT('Origin',(19.5,-7.50000000000001,1.5));
#5718=CARTESIAN_POINT('Origin',(28.5,-18.25,6.75));
#5719=CARTESIAN_POINT('',(28.5,-18.5,9.));
#5720=CARTESIAN_POINT('',(28.5,-18.25,6.75));
#5721=CARTESIAN_POINT('',(28.5,-18.5,9.));
#5722=CARTESIAN_POINT('',(36.5,-18.25,6.75));
#5723=CARTESIAN_POINT('',(28.5,-18.25,6.75));
#5724=CARTESIAN_POINT('',(36.5,-18.5,9.));
#5725=CARTESIAN_POINT('',(36.5,-18.5,9.));
#5726=CARTESIAN_POINT('',(28.5,-18.5,9.));
#5727=CARTESIAN_POINT('Origin',(28.5,-18.5,4.5));
#5728=CARTESIAN_POINT('',(28.5,-18.5,4.5));
#5729=CARTESIAN_POINT('',(28.5,-18.25,6.75));
#5730=CARTESIAN_POINT('',(36.5,-18.5,4.5));
#5731=CARTESIAN_POINT('',(28.5,-18.5,4.5));
#5732=CARTESIAN_POINT('',(36.5,-18.25,6.75));
#5733=CARTESIAN_POINT('Origin',(28.5,-18.5,6.75));
#5734=CARTESIAN_POINT('Origin',(28.5,-18.5,6.75));
#5735=CARTESIAN_POINT('Origin',(36.5,-18.5,6.75));
#5736=CARTESIAN_POINT('Origin',(36.5,-17.375,6.75));
#5737=CARTESIAN_POINT('Origin',(28.5,-17.375,6.75));
#5738=CARTESIAN_POINT('Origin',(28.5,-23.5,9.));
#5739=CARTESIAN_POINT('',(28.5,-23.5,9.));
#5740=CARTESIAN_POINT('',(28.5,-23.75,6.75));
#5741=CARTESIAN_POINT('',(28.5,-23.5,9.));
#5742=CARTESIAN_POINT('',(36.5,-23.5,9.));
#5743=CARTESIAN_POINT('',(28.5,-23.5,9.));
#5744=CARTESIAN_POINT('',(36.5,-23.75,6.75));
#5745=CARTESIAN_POINT('',(36.5,-23.5,9.));
#5746=CARTESIAN_POINT('',(28.5,-23.75,6.75));
#5747=CARTESIAN_POINT('Origin',(28.5,-23.5,6.75));
#5748=CARTESIAN_POINT('',(28.5,-23.5,4.5));
#5749=CARTESIAN_POINT('Origin',(28.5,-23.5,6.75));
#5750=CARTESIAN_POINT('',(36.5,-23.5,4.5));
#5751=CARTESIAN_POINT('',(28.5,-23.5,4.5));
#5752=CARTESIAN_POINT('Origin',(36.5,-23.5,6.75));
#5753=CARTESIAN_POINT('Origin',(28.5,-23.75,6.75));
#5754=CARTESIAN_POINT('',(28.5,-23.75,6.75));
#5755=CARTESIAN_POINT('',(36.5,-23.75,6.75));
#5756=CARTESIAN_POINT('Origin',(36.5,-24.625,6.75));
#5757=CARTESIAN_POINT('Origin',(28.5,-24.625,6.75));
#5758=CARTESIAN_POINT('Origin',(-8.5,9.54471893277601,6.25000006332994));
#5759=CARTESIAN_POINT('',(-8.5,9.78021677786251,8.50000012665988));
#5760=CARTESIAN_POINT('',(-8.5,9.78021677786255,4.));
#5761=CARTESIAN_POINT('',(-8.5,9.78021677786255,5.));
#5762=CARTESIAN_POINT('',(-8.5,9.30922108768948,4.01402353122115));
#5763=CARTESIAN_POINT('',(-8.5,9.30922108768948,4.01402353122115));
#5764=CARTESIAN_POINT('',(-8.5,9.30922108768947,8.50000012665988));
#5765=CARTESIAN_POINT('',(-8.5,9.30922108768948,4.01402353122115));
#5766=CARTESIAN_POINT('',(-8.5,9.78021677786251,8.50000012665988));
#5767=CARTESIAN_POINT('Origin',(-8.,9.30922108768948,4.01402353122115));
#5768=CARTESIAN_POINT('',(-7.5,9.78021677786255,4.));
#5769=CARTESIAN_POINT('',(-8.,9.78021677786255,4.));
#5770=CARTESIAN_POINT('',(-7.5,9.30922108768948,4.01402353122115));
#5771=CARTESIAN_POINT('',(-7.5,9.30922108768948,4.01402353122115));
#5772=CARTESIAN_POINT('',(-8.,9.30922108768948,4.01402353122115));
#5773=CARTESIAN_POINT('Origin',(-8.,9.30922108768947,8.50000012665988));
#5774=CARTESIAN_POINT('',(-7.5,9.30922108768947,8.50000012665988));
#5775=CARTESIAN_POINT('',(-7.5,9.30922108768948,4.01402353122115));
#5776=CARTESIAN_POINT('',(-8.,9.30922108768947,8.50000012665988));
#5777=CARTESIAN_POINT('Origin',(-8.,9.78021677786251,8.50000012665988));
#5778=CARTESIAN_POINT('',(-7.5,9.78021677786251,8.50000012665988));
#5779=CARTESIAN_POINT('',(-7.5,9.78021677786251,8.50000012665988));
#5780=CARTESIAN_POINT('',(-8.,9.78021677786251,8.50000012665988));
#5781=CARTESIAN_POINT('Origin',(-8.,9.78021677786256,4.));
#5782=CARTESIAN_POINT('',(-7.5,9.78021677786255,5.));
#5783=CARTESIAN_POINT('Origin',(-7.5,9.54471893277601,6.25000006332994));
#5784=CARTESIAN_POINT('Origin',(-6.,24.5,5.));
#5785=CARTESIAN_POINT('',(-3.5,29.5,5.));
#5786=CARTESIAN_POINT('Origin',(-6.,29.5,5.));
#5787=CARTESIAN_POINT('',(-3.5,24.5,5.));
#5788=CARTESIAN_POINT('',(-3.5,24.5,5.));
#5789=CARTESIAN_POINT('Origin',(-6.,24.5,5.));
#5790=CARTESIAN_POINT('Origin',(-6.,29.5,5.));
#5791=CARTESIAN_POINT('Origin',(-6.,24.5,5.));
#5792=UNCERTAINTY_MEASURE_WITH_UNIT(LENGTH_MEASURE(0.01),#5796,
'DISTANCE_ACCURACY_VALUE',
'Maximum model space distance between geometric entities at asserted c
onnectivities');
#5793=UNCERTAINTY_MEASURE_WITH_UNIT(LENGTH_MEASURE(0.01),#5796,
'DISTANCE_ACCURACY_VALUE',
'Maximum model space distance between geometric entities at asserted c
onnectivities');
#5794=(
GEOMETRIC_REPRESENTATION_CONTEXT(3)
GLOBAL_UNCERTAINTY_ASSIGNED_CONTEXT((#5792))
GLOBAL_UNIT_ASSIGNED_CONTEXT((#5796,#5798,#5799))
REPRESENTATION_CONTEXT('','3D')
);
#5795=(
GEOMETRIC_REPRESENTATION_CONTEXT(3)
GLOBAL_UNCERTAINTY_ASSIGNED_CONTEXT((#5793))
GLOBAL_UNIT_ASSIGNED_CONTEXT((#5796,#5798,#5799))
REPRESENTATION_CONTEXT('','3D')
);
#5796=(
LENGTH_UNIT()
NAMED_UNIT(*)
SI_UNIT(.MILLI.,.METRE.)
);
#5797=(
LENGTH_UNIT()
NAMED_UNIT(*)
SI_UNIT($,.METRE.)
);
#5798=(
NAMED_UNIT(*)
PLANE_ANGLE_UNIT()
SI_UNIT($,.RADIAN.)
);
#5799=(
NAMED_UNIT(*)
SI_UNIT($,.STERADIAN.)
SOLID_ANGLE_UNIT()
);
#5800=SHAPE_DEFINITION_REPRESENTATION(#5801,#5802);
#5801=PRODUCT_DEFINITION_SHAPE('',$,#5804);
#5802=SHAPE_REPRESENTATION('',(#3530),#5794);
#5803=PRODUCT_DEFINITION_CONTEXT('part definition',#5808,'design');
#5804=PRODUCT_DEFINITION('HandleLink','HandleLink v15',#5805,#5803);
#5805=PRODUCT_DEFINITION_FORMATION('',$,#5810);
#5806=PRODUCT_RELATED_PRODUCT_CATEGORY('HandleLink v15',
'HandleLink v15',(#5810));
#5807=APPLICATION_PROTOCOL_DEFINITION('international standard',
'automotive_design',2009,#5808);
#5808=APPLICATION_CONTEXT(
'Core Data for Automotive Mechanical Design Process');
#5809=PRODUCT_CONTEXT('part definition',#5808,'mechanical');
#5810=PRODUCT('HandleLink','HandleLink v15',$,(#5809));
#5811=PRESENTATION_STYLE_ASSIGNMENT((#5812));
#5812=SURFACE_STYLE_USAGE(.BOTH.,#5813);
#5813=SURFACE_SIDE_STYLE('',(#5814));
#5814=SURFACE_STYLE_FILL_AREA(#5815);
#5815=FILL_AREA_STYLE('Plastic - Glossy (Grey)',(#5816));
#5816=FILL_AREA_STYLE_COLOUR('Plastic - Glossy (Grey)',#5817);
#5817=COLOUR_RGB('Plastic - Glossy (Grey)',0.925490196078431,0.415686274509804,
0.215686274509804);
ENDSEC;
END-ISO-10303-21;
