ISO-10303-21;
HEADER;
/* Generated by software containing ST-Developer
 * from STEP Tools, Inc. (www.steptools.com) 
 */

FILE_DESCRIPTION(
/* description */ (''),
/* implementation_level */ '2;1');

FILE_NAME(
/* name */ 'Trigger.step',
/* time_stamp */ '2026-08-10T21:01:43+08:00',
/* author */ (''),
/* organization */ (''),
/* preprocessor_version */ 'ST-DEVELOPER v20.1',
/* originating_system */ 'Autodesk Translation Framework v15.8.0.0',
/* authorisation */ '');

FILE_SCHEMA (('AUTOMOTIVE_DESIGN { 1 0 10303 214 3 1 1 }'));
ENDSEC;

DATA;
#10=MECHANICAL_DESIGN_GEOMETRIC_PRESENTATION_REPRESENTATION('',(#13),#2770);
#11=SHAPE_REPRESENTATION_RELATIONSHIP('SRR','None',#2777,#12);
#12=ADVANCED_BREP_SHAPE_REPRESENTATION('',(#14),#2769);
#13=STYLED_ITEM('',(#2787),#14);
#14=MANIFOLD_SOLID_BREP('Body1',#1574);
#15=B_SPLINE_CURVE_WITH_KNOTS('',3,(#2430,#2431,#2432,#2433,#2434,#2435,
#2436,#2437,#2438,#2439,#2440,#2441,#2442,#2443,#2444,#2445,#2446,#2447,
#2448,#2449,#2450,#2451,#2452,#2453,#2454,#2455,#2456,#2457,#2458,#2459,
#2460,#2461,#2462,#2463,#2464,#2465,#2466,#2467,#2468,#2469,#2470,#2471,
#2472,#2473,#2474,#2475,#2476,#2477,#2478,#2479,#2480,#2481,#2482,#2483,
#2484,#2485,#2486,#2487,#2488,#2489,#2490,#2491,#2492,#2493,#2494,#2495,
#2496,#2497,#2498,#2499),.UNSPECIFIED.,.F.,.F.,(4,3,3,3,3,3,3,3,3,3,3,3,
3,3,3,3,3,3,3,3,3,3,3,4),(-1.8494021713621,-1.77071170254165,-1.6922840041067,
-1.61360794420338,-1.53371667377442,-1.45225038747158,-1.366653349833,-1.2737933167578,
-1.15183842278711,-1.04925393921179,-0.968786943350807,-0.896079965287739,
-0.828112603505164,-0.763428403819003,-0.698726932397517,-0.629423496523793,
-0.551814520108881,-0.456945489143196,-0.342709116857397,-0.254534164959537,
-0.173206966623845,-0.0950792580988447,-0.0198438101892274,0.),
 .UNSPECIFIED.);
#16=B_SPLINE_CURVE_WITH_KNOTS('',3,(#2659,#2660,#2661,#2662,#2663,#2664),
 .UNSPECIFIED.,.F.,.F.,(4,2,4),(0.,0.156718173580129,0.313436347160258),
 .UNSPECIFIED.);
#17=B_SPLINE_CURVE_WITH_KNOTS('',3,(#2681,#2682,#2683,#2684,#2685,#2686),
 .UNSPECIFIED.,.F.,.F.,(4,2,4),(0.674988029201535,0.831706202781358,0.988424376361182),
 .UNSPECIFIED.);
#18=FACE_BOUND('',#161,.T.);
#19=FACE_BOUND('',#209,.T.);
#20=CYLINDRICAL_SURFACE('',#1604,4.4999999999904);
#21=CYLINDRICAL_SURFACE('',#1610,4.49999999999033);
#22=CYLINDRICAL_SURFACE('',#1631,27.8210267255913);
#23=CYLINDRICAL_SURFACE('',#1634,1.4);
#24=CYLINDRICAL_SURFACE('',#1637,29.8210267255913);
#25=CYLINDRICAL_SURFACE('',#1654,1.);
#26=CYLINDRICAL_SURFACE('',#1656,1.);
#27=CYLINDRICAL_SURFACE('',#1661,4.50000000001218);
#28=CYLINDRICAL_SURFACE('',#1664,4.4999999999904);
#29=CYLINDRICAL_SURFACE('',#1668,3.50000000008593);
#30=CYLINDRICAL_SURFACE('',#1671,3.49999999998961);
#31=CYLINDRICAL_SURFACE('',#1678,1.5);
#32=CIRCLE('',#1593,27.8210267255913);
#33=CIRCLE('',#1594,1.4);
#34=CIRCLE('',#1595,29.8210267255913);
#35=CIRCLE('',#1600,4.49999999999033);
#36=CIRCLE('',#1602,4.4999999999904);
#37=CIRCLE('',#1605,4.4999999999904);
#38=CIRCLE('',#1611,4.49999999999033);
#39=CIRCLE('',#1614,1.5);
#40=CIRCLE('',#1615,3.49999999998961);
#41=CIRCLE('',#1616,3.50000000008593);
#42=CIRCLE('',#1630,27.8210267255913);
#43=CIRCLE('',#1632,27.8210267255913);
#44=CIRCLE('',#1635,1.4);
#45=CIRCLE('',#1638,29.8210267255913);
#46=CIRCLE('',#1652,1.);
#47=CIRCLE('',#1657,1.);
#48=CIRCLE('',#1659,4.4999999999904);
#49=CIRCLE('',#1660,4.50000000001218);
#50=CIRCLE('',#1662,4.50000000001218);
#51=CIRCLE('',#1665,4.4999999999904);
#52=CIRCLE('',#1669,3.50000000008593);
#53=CIRCLE('',#1672,3.49999999998961);
#54=CIRCLE('',#1679,1.5);
#55=(
BOUNDED_CURVE()
B_SPLINE_CURVE(5,(#2119,#2120,#2121,#2122,#2123,#2124,#2125,#2126,#2127,
#2128,#2129,#2130,#2131,#2132,#2133),.UNSPECIFIED.,.F.,.F.)
B_SPLINE_CURVE_WITH_KNOTS((6,1,1,1,1,1,1,1,1,1,6),(0.,0.1,0.2,0.3,0.4,0.5,
0.6,0.7,0.8,0.9,1.),.UNSPECIFIED.)
CURVE()
GEOMETRIC_REPRESENTATION_ITEM()
RATIONAL_B_SPLINE_CURVE((1.,1.,1.,1.,1.,1.,1.,1.,1.,1.,1.,1.,1.,1.,1.))
REPRESENTATION_ITEM('')
);
#56=(
BOUNDED_CURVE()
B_SPLINE_CURVE(5,(#2136,#2137,#2138,#2139,#2140,#2141,#2142,#2143,#2144,
#2145,#2146,#2147,#2148,#2149,#2150),.UNSPECIFIED.,.F.,.F.)
B_SPLINE_CURVE_WITH_KNOTS((6,1,1,1,1,1,1,1,1,1,6),(0.,0.1,0.2,0.3,0.4,0.5,
0.6,0.7,0.8,0.9,1.),.UNSPECIFIED.)
CURVE()
GEOMETRIC_REPRESENTATION_ITEM()
RATIONAL_B_SPLINE_CURVE((1.,1.,1.,1.,1.,1.,1.,1.,1.,1.,1.,1.,1.,1.,1.))
REPRESENTATION_ITEM('')
);
#57=(
BOUNDED_CURVE()
B_SPLINE_CURVE(5,(#2202,#2203,#2204,#2205,#2206,#2207,#2208,#2209,#2210,
#2211,#2212,#2213,#2214,#2215,#2216),.UNSPECIFIED.,.F.,.F.)
B_SPLINE_CURVE_WITH_KNOTS((6,1,1,1,1,1,1,1,1,1,6),(0.,0.1,0.2,0.3,0.4,0.5,
0.6,0.7,0.8,0.9,1.),.UNSPECIFIED.)
CURVE()
GEOMETRIC_REPRESENTATION_ITEM()
RATIONAL_B_SPLINE_CURVE((1.,1.,1.,1.,1.,1.,1.,1.,1.,1.,1.,1.,1.,1.,1.))
REPRESENTATION_ITEM('')
);
#58=(
BOUNDED_CURVE()
B_SPLINE_CURVE(5,(#2347,#2348,#2349,#2350,#2351,#2352,#2353,#2354,#2355,
#2356,#2357,#2358,#2359,#2360,#2361),.UNSPECIFIED.,.F.,.F.)
B_SPLINE_CURVE_WITH_KNOTS((6,1,1,1,1,1,1,1,1,1,6),(-1.,-0.9,-0.8,-0.7,-0.6,
-0.5,-0.4,-0.3,-0.2,-0.1,0.),.UNSPECIFIED.)
CURVE()
GEOMETRIC_REPRESENTATION_ITEM()
RATIONAL_B_SPLINE_CURVE((1.,1.,1.,1.,1.,1.,1.,1.,1.,1.,1.,1.,1.,1.,1.))
REPRESENTATION_ITEM('')
);
#59=(
BOUNDED_CURVE()
B_SPLINE_CURVE(5,(#2363,#2364,#2365,#2366,#2367,#2368,#2369,#2370,#2371,
#2372,#2373,#2374,#2375,#2376,#2377),.UNSPECIFIED.,.F.,.F.)
B_SPLINE_CURVE_WITH_KNOTS((6,1,1,1,1,1,1,1,1,1,6),(0.,0.1,0.2,0.3,0.4,0.5,
0.6,0.7,0.8,0.9,1.),.UNSPECIFIED.)
CURVE()
GEOMETRIC_REPRESENTATION_ITEM()
RATIONAL_B_SPLINE_CURVE((1.,1.,1.,1.,1.,1.,1.,1.,1.,1.,1.,1.,1.,1.,1.))
REPRESENTATION_ITEM('')
);
#60=(
BOUNDED_SURFACE()
B_SPLINE_SURFACE(5,1,((#2088,#2089),(#2090,#2091),(#2092,#2093),(#2094,
#2095),(#2096,#2097),(#2098,#2099),(#2100,#2101),(#2102,#2103),(#2104,#2105),
(#2106,#2107),(#2108,#2109),(#2110,#2111),(#2112,#2113),(#2114,#2115),(#2116,
#2117)),.UNSPECIFIED.,.F.,.F.,.F.)
B_SPLINE_SURFACE_WITH_KNOTS((6,1,1,1,1,1,1,1,1,1,6),(2,2),(0.,0.1,0.2,0.3,
0.4,0.5,0.6,0.7,0.8,0.9,1.),(0.,0.2),.UNSPECIFIED.)
GEOMETRIC_REPRESENTATION_ITEM()
RATIONAL_B_SPLINE_SURFACE(((1.,1.),(1.,1.),(1.,1.),(1.,1.),(1.,1.),(1.,
1.),(1.,1.),(1.,1.),(1.,1.),(1.,1.),(1.,1.),(1.,1.),(1.,1.),(1.,1.),(1.,
1.)))
REPRESENTATION_ITEM('')
SURFACE()
);
#61=(
BOUNDED_SURFACE()
B_SPLINE_SURFACE(5,1,((#2500,#2501),(#2502,#2503),(#2504,#2505),(#2506,
#2507),(#2508,#2509),(#2510,#2511),(#2512,#2513),(#2514,#2515),(#2516,#2517),
(#2518,#2519),(#2520,#2521),(#2522,#2523),(#2524,#2525),(#2526,#2527),(#2528,
#2529)),.UNSPECIFIED.,.F.,.F.,.F.)
B_SPLINE_SURFACE_WITH_KNOTS((6,1,1,1,1,1,1,1,1,1,6),(2,2),(-1.,-0.9,-0.8,
-0.7,-0.6,-0.5,-0.4,-0.3,-0.2,-0.1,0.),(0.,1.),.UNSPECIFIED.)
GEOMETRIC_REPRESENTATION_ITEM()
RATIONAL_B_SPLINE_SURFACE(((1.,1.),(1.,1.),(1.,1.),(1.,1.),(1.,1.),(1.,
1.),(1.,1.),(1.,1.),(1.,1.),(1.,1.),(1.,1.),(1.,1.),(1.,1.),(1.,1.),(1.,
1.)))
REPRESENTATION_ITEM('')
SURFACE()
);
#62=(
BOUNDED_SURFACE()
B_SPLINE_SURFACE(5,1,((#2531,#2532),(#2533,#2534),(#2535,#2536),(#2537,
#2538),(#2539,#2540),(#2541,#2542),(#2543,#2544),(#2545,#2546),(#2547,#2548),
(#2549,#2550),(#2551,#2552),(#2553,#2554),(#2555,#2556),(#2557,#2558),(#2559,
#2560)),.UNSPECIFIED.,.F.,.F.,.F.)
B_SPLINE_SURFACE_WITH_KNOTS((6,1,1,1,1,1,1,1,1,1,6),(2,2),(0.,0.1,0.2,0.3,
0.4,0.5,0.6,0.7,0.8,0.9,1.),(0.,1.),.UNSPECIFIED.)
GEOMETRIC_REPRESENTATION_ITEM()
RATIONAL_B_SPLINE_SURFACE(((1.,1.),(1.,1.),(1.,1.),(1.,1.),(1.,1.),(1.,
1.),(1.,1.),(1.,1.),(1.,1.),(1.,1.),(1.,1.),(1.,1.),(1.,1.),(1.,1.),(1.,
1.)))
REPRESENTATION_ITEM('')
SURFACE()
);
#63=FACE_OUTER_BOUND('',#141,.T.);
#64=FACE_OUTER_BOUND('',#142,.T.);
#65=FACE_OUTER_BOUND('',#143,.T.);
#66=FACE_OUTER_BOUND('',#144,.T.);
#67=FACE_OUTER_BOUND('',#145,.T.);
#68=FACE_OUTER_BOUND('',#146,.T.);
#69=FACE_OUTER_BOUND('',#147,.T.);
#70=FACE_OUTER_BOUND('',#148,.T.);
#71=FACE_OUTER_BOUND('',#149,.T.);
#72=FACE_OUTER_BOUND('',#150,.T.);
#73=FACE_OUTER_BOUND('',#151,.T.);
#74=FACE_OUTER_BOUND('',#152,.T.);
#75=FACE_OUTER_BOUND('',#153,.T.);
#76=FACE_OUTER_BOUND('',#154,.T.);
#77=FACE_OUTER_BOUND('',#155,.T.);
#78=FACE_OUTER_BOUND('',#156,.T.);
#79=FACE_OUTER_BOUND('',#157,.T.);
#80=FACE_OUTER_BOUND('',#158,.T.);
#81=FACE_OUTER_BOUND('',#159,.T.);
#82=FACE_OUTER_BOUND('',#160,.T.);
#83=FACE_OUTER_BOUND('',#162,.T.);
#84=FACE_OUTER_BOUND('',#163,.T.);
#85=FACE_OUTER_BOUND('',#164,.T.);
#86=FACE_OUTER_BOUND('',#165,.T.);
#87=FACE_OUTER_BOUND('',#166,.T.);
#88=FACE_OUTER_BOUND('',#167,.T.);
#89=FACE_OUTER_BOUND('',#168,.T.);
#90=FACE_OUTER_BOUND('',#169,.T.);
#91=FACE_OUTER_BOUND('',#170,.T.);
#92=FACE_OUTER_BOUND('',#171,.T.);
#93=FACE_OUTER_BOUND('',#172,.T.);
#94=FACE_OUTER_BOUND('',#173,.T.);
#95=FACE_OUTER_BOUND('',#174,.T.);
#96=FACE_OUTER_BOUND('',#175,.T.);
#97=FACE_OUTER_BOUND('',#176,.T.);
#98=FACE_OUTER_BOUND('',#177,.T.);
#99=FACE_OUTER_BOUND('',#178,.T.);
#100=FACE_OUTER_BOUND('',#179,.T.);
#101=FACE_OUTER_BOUND('',#180,.T.);
#102=FACE_OUTER_BOUND('',#181,.T.);
#103=FACE_OUTER_BOUND('',#182,.T.);
#104=FACE_OUTER_BOUND('',#183,.T.);
#105=FACE_OUTER_BOUND('',#184,.T.);
#106=FACE_OUTER_BOUND('',#185,.T.);
#107=FACE_OUTER_BOUND('',#186,.T.);
#108=FACE_OUTER_BOUND('',#187,.T.);
#109=FACE_OUTER_BOUND('',#188,.T.);
#110=FACE_OUTER_BOUND('',#189,.T.);
#111=FACE_OUTER_BOUND('',#190,.T.);
#112=FACE_OUTER_BOUND('',#191,.T.);
#113=FACE_OUTER_BOUND('',#192,.T.);
#114=FACE_OUTER_BOUND('',#193,.T.);
#115=FACE_OUTER_BOUND('',#194,.T.);
#116=FACE_OUTER_BOUND('',#195,.T.);
#117=FACE_OUTER_BOUND('',#196,.T.);
#118=FACE_OUTER_BOUND('',#197,.T.);
#119=FACE_OUTER_BOUND('',#198,.T.);
#120=FACE_OUTER_BOUND('',#199,.T.);
#121=FACE_OUTER_BOUND('',#200,.T.);
#122=FACE_OUTER_BOUND('',#201,.T.);
#123=FACE_OUTER_BOUND('',#202,.T.);
#124=FACE_OUTER_BOUND('',#203,.T.);
#125=FACE_OUTER_BOUND('',#204,.T.);
#126=FACE_OUTER_BOUND('',#205,.T.);
#127=FACE_OUTER_BOUND('',#206,.T.);
#128=FACE_OUTER_BOUND('',#207,.T.);
#129=FACE_OUTER_BOUND('',#208,.T.);
#130=FACE_OUTER_BOUND('',#210,.T.);
#131=FACE_OUTER_BOUND('',#211,.T.);
#132=FACE_OUTER_BOUND('',#212,.T.);
#133=FACE_OUTER_BOUND('',#213,.T.);
#134=FACE_OUTER_BOUND('',#214,.T.);
#135=FACE_OUTER_BOUND('',#215,.T.);
#136=FACE_OUTER_BOUND('',#216,.T.);
#137=FACE_OUTER_BOUND('',#217,.T.);
#138=FACE_OUTER_BOUND('',#218,.T.);
#139=FACE_OUTER_BOUND('',#219,.T.);
#140=FACE_OUTER_BOUND('',#220,.T.);
#141=EDGE_LOOP('',(#983,#984,#985,#986));
#142=EDGE_LOOP('',(#987,#988,#989,#990));
#143=EDGE_LOOP('',(#991,#992,#993,#994));
#144=EDGE_LOOP('',(#995,#996,#997,#998));
#145=EDGE_LOOP('',(#999,#1000,#1001,#1002,#1003,#1004));
#146=EDGE_LOOP('',(#1005,#1006,#1007,#1008,#1009,#1010,#1011,#1012,#1013,
#1014,#1015,#1016,#1017,#1018,#1019,#1020,#1021,#1022,#1023,#1024,#1025,
#1026));
#147=EDGE_LOOP('',(#1027,#1028,#1029,#1030));
#148=EDGE_LOOP('',(#1031,#1032,#1033,#1034));
#149=EDGE_LOOP('',(#1035,#1036,#1037,#1038));
#150=EDGE_LOOP('',(#1039,#1040,#1041,#1042));
#151=EDGE_LOOP('',(#1043,#1044,#1045,#1046));
#152=EDGE_LOOP('',(#1047,#1048,#1049,#1050));
#153=EDGE_LOOP('',(#1051,#1052,#1053,#1054));
#154=EDGE_LOOP('',(#1055,#1056,#1057,#1058));
#155=EDGE_LOOP('',(#1059,#1060,#1061,#1062));
#156=EDGE_LOOP('',(#1063,#1064,#1065,#1066));
#157=EDGE_LOOP('',(#1067,#1068,#1069,#1070));
#158=EDGE_LOOP('',(#1071,#1072,#1073,#1074));
#159=EDGE_LOOP('',(#1075,#1076,#1077,#1078,#1079,#1080,#1081,#1082));
#160=EDGE_LOOP('',(#1083,#1084,#1085,#1086,#1087,#1088,#1089,#1090,#1091,
#1092,#1093,#1094,#1095,#1096,#1097,#1098,#1099));
#161=EDGE_LOOP('',(#1100,#1101,#1102,#1103));
#162=EDGE_LOOP('',(#1104,#1105,#1106,#1107));
#163=EDGE_LOOP('',(#1108,#1109,#1110,#1111));
#164=EDGE_LOOP('',(#1112,#1113,#1114,#1115,#1116,#1117));
#165=EDGE_LOOP('',(#1118,#1119,#1120,#1121));
#166=EDGE_LOOP('',(#1122,#1123,#1124,#1125,#1126,#1127,#1128,#1129,#1130,
#1131,#1132,#1133,#1134,#1135,#1136,#1137));
#167=EDGE_LOOP('',(#1138,#1139,#1140,#1141));
#168=EDGE_LOOP('',(#1142,#1143,#1144,#1145));
#169=EDGE_LOOP('',(#1146,#1147,#1148));
#170=EDGE_LOOP('',(#1149,#1150,#1151,#1152,#1153,#1154));
#171=EDGE_LOOP('',(#1155,#1156,#1157,#1158));
#172=EDGE_LOOP('',(#1159,#1160,#1161,#1162));
#173=EDGE_LOOP('',(#1163,#1164,#1165,#1166));
#174=EDGE_LOOP('',(#1167,#1168,#1169,#1170,#1171,#1172,#1173,#1174,#1175,
#1176));
#175=EDGE_LOOP('',(#1177,#1178,#1179,#1180));
#176=EDGE_LOOP('',(#1181,#1182,#1183,#1184,#1185,#1186,#1187));
#177=EDGE_LOOP('',(#1188,#1189,#1190,#1191,#1192,#1193));
#178=EDGE_LOOP('',(#1194,#1195,#1196,#1197));
#179=EDGE_LOOP('',(#1198,#1199,#1200,#1201));
#180=EDGE_LOOP('',(#1202,#1203,#1204,#1205));
#181=EDGE_LOOP('',(#1206,#1207,#1208,#1209));
#182=EDGE_LOOP('',(#1210,#1211,#1212,#1213));
#183=EDGE_LOOP('',(#1214,#1215,#1216,#1217,#1218,#1219,#1220,#1221));
#184=EDGE_LOOP('',(#1222,#1223,#1224,#1225));
#185=EDGE_LOOP('',(#1226,#1227,#1228,#1229,#1230,#1231));
#186=EDGE_LOOP('',(#1232,#1233,#1234,#1235,#1236,#1237,#1238,#1239,#1240,
#1241,#1242,#1243));
#187=EDGE_LOOP('',(#1244,#1245,#1246,#1247));
#188=EDGE_LOOP('',(#1248,#1249,#1250,#1251));
#189=EDGE_LOOP('',(#1252,#1253,#1254,#1255));
#190=EDGE_LOOP('',(#1256,#1257,#1258,#1259));
#191=EDGE_LOOP('',(#1260,#1261,#1262,#1263));
#192=EDGE_LOOP('',(#1264,#1265,#1266,#1267));
#193=EDGE_LOOP('',(#1268,#1269,#1270,#1271));
#194=EDGE_LOOP('',(#1272,#1273,#1274,#1275,#1276,#1277,#1278,#1279,#1280,
#1281,#1282));
#195=EDGE_LOOP('',(#1283,#1284,#1285,#1286,#1287,#1288,#1289,#1290,#1291,
#1292,#1293,#1294,#1295,#1296));
#196=EDGE_LOOP('',(#1297,#1298,#1299,#1300));
#197=EDGE_LOOP('',(#1301,#1302,#1303,#1304,#1305,#1306,#1307,#1308));
#198=EDGE_LOOP('',(#1309,#1310,#1311,#1312));
#199=EDGE_LOOP('',(#1313,#1314,#1315,#1316,#1317,#1318,#1319,#1320));
#200=EDGE_LOOP('',(#1321,#1322,#1323,#1324,#1325));
#201=EDGE_LOOP('',(#1326,#1327,#1328,#1329));
#202=EDGE_LOOP('',(#1330,#1331,#1332,#1333,#1334));
#203=EDGE_LOOP('',(#1335,#1336,#1337,#1338));
#204=EDGE_LOOP('',(#1339,#1340,#1341,#1342));
#205=EDGE_LOOP('',(#1343,#1344,#1345,#1346));
#206=EDGE_LOOP('',(#1347,#1348,#1349,#1350));
#207=EDGE_LOOP('',(#1351,#1352,#1353,#1354));
#208=EDGE_LOOP('',(#1355,#1356,#1357,#1358));
#209=EDGE_LOOP('',(#1359,#1360,#1361,#1362));
#210=EDGE_LOOP('',(#1363,#1364,#1365,#1366));
#211=EDGE_LOOP('',(#1367,#1368,#1369,#1370,#1371,#1372,#1373,#1374,#1375,
#1376,#1377,#1378,#1379,#1380));
#212=EDGE_LOOP('',(#1381,#1382,#1383,#1384,#1385,#1386,#1387,#1388,#1389,
#1390,#1391));
#213=EDGE_LOOP('',(#1392,#1393,#1394,#1395,#1396,#1397,#1398,#1399));
#214=EDGE_LOOP('',(#1400,#1401,#1402,#1403));
#215=EDGE_LOOP('',(#1404,#1405,#1406,#1407));
#216=EDGE_LOOP('',(#1408,#1409,#1410,#1411,#1412,#1413));
#217=EDGE_LOOP('',(#1414,#1415,#1416,#1417));
#218=EDGE_LOOP('',(#1418,#1419,#1420,#1421));
#219=EDGE_LOOP('',(#1422,#1423,#1424,#1425));
#220=EDGE_LOOP('',(#1426,#1427,#1428,#1429,#1430,#1431,#1432));
#221=LINE('',#2082,#415);
#222=LINE('',#2084,#416);
#223=LINE('',#2086,#417);
#224=LINE('',#2087,#418);
#225=LINE('',#2135,#419);
#226=LINE('',#2154,#420);
#227=LINE('',#2156,#421);
#228=LINE('',#2158,#422);
#229=LINE('',#2159,#423);
#230=LINE('',#2161,#424);
#231=LINE('',#2162,#425);
#232=LINE('',#2165,#426);
#233=LINE('',#2166,#427);
#234=LINE('',#2169,#428);
#235=LINE('',#2171,#429);
#236=LINE('',#2173,#430);
#237=LINE('',#2177,#431);
#238=LINE('',#2181,#432);
#239=LINE('',#2185,#433);
#240=LINE('',#2187,#434);
#241=LINE('',#2189,#435);
#242=LINE('',#2191,#436);
#243=LINE('',#2193,#437);
#244=LINE('',#2195,#438);
#245=LINE('',#2197,#439);
#246=LINE('',#2199,#440);
#247=LINE('',#2201,#441);
#248=LINE('',#2220,#442);
#249=LINE('',#2222,#443);
#250=LINE('',#2224,#444);
#251=LINE('',#2225,#445);
#252=LINE('',#2228,#446);
#253=LINE('',#2230,#447);
#254=LINE('',#2231,#448);
#255=LINE('',#2235,#449);
#256=LINE('',#2237,#450);
#257=LINE('',#2239,#451);
#258=LINE('',#2240,#452);
#259=LINE('',#2243,#453);
#260=LINE('',#2245,#454);
#261=LINE('',#2249,#455);
#262=LINE('',#2252,#456);
#263=LINE('',#2255,#457);
#264=LINE('',#2257,#458);
#265=LINE('',#2258,#459);
#266=LINE('',#2263,#460);
#267=LINE('',#2264,#461);
#268=LINE('',#2266,#462);
#269=LINE('',#2268,#463);
#270=LINE('',#2270,#464);
#271=LINE('',#2273,#465);
#272=LINE('',#2274,#466);
#273=LINE('',#2278,#467);
#274=LINE('',#2281,#468);
#275=LINE('',#2283,#469);
#276=LINE('',#2284,#470);
#277=LINE('',#2286,#471);
#278=LINE('',#2288,#472);
#279=LINE('',#2290,#473);
#280=LINE('',#2292,#474);
#281=LINE('',#2294,#475);
#282=LINE('',#2298,#476);
#283=LINE('',#2300,#477);
#284=LINE('',#2302,#478);
#285=LINE('',#2304,#479);
#286=LINE('',#2305,#480);
#287=LINE('',#2310,#481);
#288=LINE('',#2313,#482);
#289=LINE('',#2317,#483);
#290=LINE('',#2319,#484);
#291=LINE('',#2321,#485);
#292=LINE('',#2322,#486);
#293=LINE('',#2325,#487);
#294=LINE('',#2327,#488);
#295=LINE('',#2328,#489);
#296=LINE('',#2332,#490);
#297=LINE('',#2334,#491);
#298=LINE('',#2335,#492);
#299=LINE('',#2337,#493);
#300=LINE('',#2338,#494);
#301=LINE('',#2341,#495);
#302=LINE('',#2343,#496);
#303=LINE('',#2344,#497);
#304=LINE('',#2379,#498);
#305=LINE('',#2381,#499);
#306=LINE('',#2383,#500);
#307=LINE('',#2385,#501);
#308=LINE('',#2387,#502);
#309=LINE('',#2389,#503);
#310=LINE('',#2391,#504);
#311=LINE('',#2393,#505);
#312=LINE('',#2394,#506);
#313=LINE('',#2395,#507);
#314=LINE('',#2398,#508);
#315=LINE('',#2400,#509);
#316=LINE('',#2401,#510);
#317=LINE('',#2404,#511);
#318=LINE('',#2405,#512);
#319=LINE('',#2407,#513);
#320=LINE('',#2410,#514);
#321=LINE('',#2412,#515);
#322=LINE('',#2413,#516);
#323=LINE('',#2416,#517);
#324=LINE('',#2417,#518);
#325=LINE('',#2420,#519);
#326=LINE('',#2421,#520);
#327=LINE('',#2424,#521);
#328=LINE('',#2425,#522);
#329=LINE('',#2428,#523);
#330=LINE('',#2530,#524);
#331=LINE('',#2561,#525);
#332=LINE('',#2564,#526);
#333=LINE('',#2567,#527);
#334=LINE('',#2570,#528);
#335=LINE('',#2571,#529);
#336=LINE('',#2575,#530);
#337=LINE('',#2578,#531);
#338=LINE('',#2579,#532);
#339=LINE('',#2583,#533);
#340=LINE('',#2585,#534);
#341=LINE('',#2587,#535);
#342=LINE('',#2591,#536);
#343=LINE('',#2592,#537);
#344=LINE('',#2593,#538);
#345=LINE('',#2597,#539);
#346=LINE('',#2599,#540);
#347=LINE('',#2600,#541);
#348=LINE('',#2602,#542);
#349=LINE('',#2603,#543);
#350=LINE('',#2607,#544);
#351=LINE('',#2609,#545);
#352=LINE('',#2611,#546);
#353=LINE('',#2612,#547);
#354=LINE('',#2616,#548);
#355=LINE('',#2618,#549);
#356=LINE('',#2620,#550);
#357=LINE('',#2621,#551);
#358=LINE('',#2623,#552);
#359=LINE('',#2624,#553);
#360=LINE('',#2626,#554);
#361=LINE('',#2627,#555);
#362=LINE('',#2630,#556);
#363=LINE('',#2632,#557);
#364=LINE('',#2633,#558);
#365=LINE('',#2636,#559);
#366=LINE('',#2638,#560);
#367=LINE('',#2639,#561);
#368=LINE('',#2642,#562);
#369=LINE('',#2646,#563);
#370=LINE('',#2648,#564);
#371=LINE('',#2650,#565);
#372=LINE('',#2651,#566);
#373=LINE('',#2654,#567);
#374=LINE('',#2655,#568);
#375=LINE('',#2665,#569);
#376=LINE('',#2666,#570);
#377=LINE('',#2669,#571);
#378=LINE('',#2671,#572);
#379=LINE('',#2673,#573);
#380=LINE('',#2675,#574);
#381=LINE('',#2677,#575);
#382=LINE('',#2678,#576);
#383=LINE('',#2688,#577);
#384=LINE('',#2691,#578);
#385=LINE('',#2695,#579);
#386=LINE('',#2699,#580);
#387=LINE('',#2703,#581);
#388=LINE('',#2704,#582);
#389=LINE('',#2709,#583);
#390=LINE('',#2710,#584);
#391=LINE('',#2713,#585);
#392=LINE('',#2715,#586);
#393=LINE('',#2716,#587);
#394=LINE('',#2720,#588);
#395=LINE('',#2723,#589);
#396=LINE('',#2724,#590);
#397=LINE('',#2730,#591);
#398=LINE('',#2731,#592);
#399=LINE('',#2734,#593);
#400=LINE('',#2736,#594);
#401=LINE('',#2738,#595);
#402=LINE('',#2739,#596);
#403=LINE('',#2741,#597);
#404=LINE('',#2743,#598);
#405=LINE('',#2746,#599);
#406=LINE('',#2749,#600);
#407=LINE('',#2752,#601);
#408=LINE('',#2753,#602);
#409=LINE('',#2756,#603);
#410=LINE('',#2757,#604);
#411=LINE('',#2760,#605);
#412=LINE('',#2761,#606);
#413=LINE('',#2763,#607);
#414=LINE('',#2765,#608);
#415=VECTOR('',#1690,10.);
#416=VECTOR('',#1691,10.);
#417=VECTOR('',#1692,10.);
#418=VECTOR('',#1693,10.);
#419=VECTOR('',#1694,10.);
#420=VECTOR('',#1697,10.);
#421=VECTOR('',#1698,10.);
#422=VECTOR('',#1699,10.);
#423=VECTOR('',#1700,10.);
#424=VECTOR('',#1703,10.);
#425=VECTOR('',#1704,10.);
#426=VECTOR('',#1707,10.);
#427=VECTOR('',#1708,10.);
#428=VECTOR('',#1711,10.);
#429=VECTOR('',#1712,10.);
#430=VECTOR('',#1713,10.);
#431=VECTOR('',#1716,10.);
#432=VECTOR('',#1719,10.);
#433=VECTOR('',#1722,10.);
#434=VECTOR('',#1723,10.);
#435=VECTOR('',#1724,10.);
#436=VECTOR('',#1725,10.);
#437=VECTOR('',#1726,10.);
#438=VECTOR('',#1727,10.);
#439=VECTOR('',#1728,10.);
#440=VECTOR('',#1729,10.);
#441=VECTOR('',#1730,10.);
#442=VECTOR('',#1733,10.);
#443=VECTOR('',#1734,10.);
#444=VECTOR('',#1735,10.);
#445=VECTOR('',#1736,10.);
#446=VECTOR('',#1739,10.);
#447=VECTOR('',#1740,10.);
#448=VECTOR('',#1741,10.);
#449=VECTOR('',#1744,10.);
#450=VECTOR('',#1745,10.);
#451=VECTOR('',#1746,10.);
#452=VECTOR('',#1747,10.);
#453=VECTOR('',#1750,10.);
#454=VECTOR('',#1751,10.);
#455=VECTOR('',#1756,10.);
#456=VECTOR('',#1759,10.);
#457=VECTOR('',#1762,10.);
#458=VECTOR('',#1763,10.);
#459=VECTOR('',#1764,10.);
#460=VECTOR('',#1769,10.);
#461=VECTOR('',#1770,10.);
#462=VECTOR('',#1773,10.);
#463=VECTOR('',#1776,10.);
#464=VECTOR('',#1779,10.);
#465=VECTOR('',#1782,10.);
#466=VECTOR('',#1783,10.);
#467=VECTOR('',#1788,10.);
#468=VECTOR('',#1791,10.);
#469=VECTOR('',#1792,10.);
#470=VECTOR('',#1793,10.);
#471=VECTOR('',#1796,10.);
#472=VECTOR('',#1797,10.);
#473=VECTOR('',#1798,10.);
#474=VECTOR('',#1799,10.);
#475=VECTOR('',#1800,10.);
#476=VECTOR('',#1803,10.);
#477=VECTOR('',#1804,10.);
#478=VECTOR('',#1805,10.);
#479=VECTOR('',#1806,10.);
#480=VECTOR('',#1807,10.);
#481=VECTOR('',#1810,10.);
#482=VECTOR('',#1813,10.);
#483=VECTOR('',#1816,10.);
#484=VECTOR('',#1817,10.);
#485=VECTOR('',#1818,10.);
#486=VECTOR('',#1819,10.);
#487=VECTOR('',#1822,10.);
#488=VECTOR('',#1823,10.);
#489=VECTOR('',#1824,10.);
#490=VECTOR('',#1827,10.);
#491=VECTOR('',#1828,10.);
#492=VECTOR('',#1829,10.);
#493=VECTOR('',#1830,10.);
#494=VECTOR('',#1831,10.);
#495=VECTOR('',#1834,10.);
#496=VECTOR('',#1835,10.);
#497=VECTOR('',#1836,10.);
#498=VECTOR('',#1839,10.);
#499=VECTOR('',#1840,10.);
#500=VECTOR('',#1841,10.);
#501=VECTOR('',#1842,10.);
#502=VECTOR('',#1843,10.);
#503=VECTOR('',#1844,10.);
#504=VECTOR('',#1845,10.);
#505=VECTOR('',#1846,10.);
#506=VECTOR('',#1847,10.);
#507=VECTOR('',#1848,10.);
#508=VECTOR('',#1851,10.);
#509=VECTOR('',#1852,10.);
#510=VECTOR('',#1853,10.);
#511=VECTOR('',#1856,10.);
#512=VECTOR('',#1857,10.);
#513=VECTOR('',#1860,10.);
#514=VECTOR('',#1863,10.);
#515=VECTOR('',#1864,10.);
#516=VECTOR('',#1865,10.);
#517=VECTOR('',#1868,10.);
#518=VECTOR('',#1869,10.);
#519=VECTOR('',#1872,10.);
#520=VECTOR('',#1873,10.);
#521=VECTOR('',#1876,10.);
#522=VECTOR('',#1877,10.);
#523=VECTOR('',#1880,10.);
#524=VECTOR('',#1883,10.);
#525=VECTOR('',#1884,10.);
#526=VECTOR('',#1887,10.);
#527=VECTOR('',#1890,10.);
#528=VECTOR('',#1893,10.);
#529=VECTOR('',#1894,10.);
#530=VECTOR('',#1899,10.);
#531=VECTOR('',#1902,10.);
#532=VECTOR('',#1903,10.);
#533=VECTOR('',#1908,10.);
#534=VECTOR('',#1911,10.);
#535=VECTOR('',#1914,10.);
#536=VECTOR('',#1917,10.);
#537=VECTOR('',#1918,10.);
#538=VECTOR('',#1919,10.);
#539=VECTOR('',#1924,10.);
#540=VECTOR('',#1925,10.);
#541=VECTOR('',#1926,10.);
#542=VECTOR('',#1929,10.);
#543=VECTOR('',#1930,10.);
#544=VECTOR('',#1933,10.);
#545=VECTOR('',#1934,10.);
#546=VECTOR('',#1935,10.);
#547=VECTOR('',#1936,10.);
#548=VECTOR('',#1939,10.);
#549=VECTOR('',#1940,10.);
#550=VECTOR('',#1941,10.);
#551=VECTOR('',#1942,10.);
#552=VECTOR('',#1945,10.);
#553=VECTOR('',#1946,10.);
#554=VECTOR('',#1949,10.);
#555=VECTOR('',#1950,10.);
#556=VECTOR('',#1953,10.);
#557=VECTOR('',#1954,10.);
#558=VECTOR('',#1955,10.);
#559=VECTOR('',#1958,10.);
#560=VECTOR('',#1959,10.);
#561=VECTOR('',#1960,10.);
#562=VECTOR('',#1963,10.);
#563=VECTOR('',#1966,10.);
#564=VECTOR('',#1967,10.);
#565=VECTOR('',#1968,10.);
#566=VECTOR('',#1969,10.);
#567=VECTOR('',#1972,10.);
#568=VECTOR('',#1973,10.);
#569=VECTOR('',#1976,10.);
#570=VECTOR('',#1977,10.);
#571=VECTOR('',#1980,10.);
#572=VECTOR('',#1981,10.);
#573=VECTOR('',#1982,10.);
#574=VECTOR('',#1983,10.);
#575=VECTOR('',#1984,10.);
#576=VECTOR('',#1985,10.);
#577=VECTOR('',#1988,10.);
#578=VECTOR('',#1993,10.);
#579=VECTOR('',#1996,10.);
#580=VECTOR('',#2001,10.);
#581=VECTOR('',#2006,10.);
#582=VECTOR('',#2007,10.);
#583=VECTOR('',#2014,10.);
#584=VECTOR('',#2015,10.);
#585=VECTOR('',#2018,10.);
#586=VECTOR('',#2019,10.);
#587=VECTOR('',#2020,10.);
#588=VECTOR('',#2025,10.);
#589=VECTOR('',#2028,10.);
#590=VECTOR('',#2029,10.);
#591=VECTOR('',#2038,10.);
#592=VECTOR('',#2039,10.);
#593=VECTOR('',#2042,10.);
#594=VECTOR('',#2043,10.);
#595=VECTOR('',#2044,10.);
#596=VECTOR('',#2045,10.);
#597=VECTOR('',#2048,10.);
#598=VECTOR('',#2051,10.);
#599=VECTOR('',#2054,1.5);
#600=VECTOR('',#2057,1.5);
#601=VECTOR('',#2060,10.);
#602=VECTOR('',#2061,10.);
#603=VECTOR('',#2064,10.);
#604=VECTOR('',#2065,10.);
#605=VECTOR('',#2068,10.);
#606=VECTOR('',#2069,10.);
#607=VECTOR('',#2072,10.);
#608=VECTOR('',#2075,10.);
#609=VERTEX_POINT('',#2080);
#610=VERTEX_POINT('',#2081);
#611=VERTEX_POINT('',#2083);
#612=VERTEX_POINT('',#2085);
#613=VERTEX_POINT('',#2118);
#614=VERTEX_POINT('',#2134);
#615=VERTEX_POINT('',#2152);
#616=VERTEX_POINT('',#2153);
#617=VERTEX_POINT('',#2155);
#618=VERTEX_POINT('',#2157);
#619=VERTEX_POINT('',#2164);
#620=VERTEX_POINT('',#2168);
#621=VERTEX_POINT('',#2170);
#622=VERTEX_POINT('',#2172);
#623=VERTEX_POINT('',#2174);
#624=VERTEX_POINT('',#2176);
#625=VERTEX_POINT('',#2178);
#626=VERTEX_POINT('',#2180);
#627=VERTEX_POINT('',#2182);
#628=VERTEX_POINT('',#2184);
#629=VERTEX_POINT('',#2186);
#630=VERTEX_POINT('',#2188);
#631=VERTEX_POINT('',#2190);
#632=VERTEX_POINT('',#2192);
#633=VERTEX_POINT('',#2194);
#634=VERTEX_POINT('',#2196);
#635=VERTEX_POINT('',#2198);
#636=VERTEX_POINT('',#2200);
#637=VERTEX_POINT('',#2218);
#638=VERTEX_POINT('',#2219);
#639=VERTEX_POINT('',#2221);
#640=VERTEX_POINT('',#2223);
#641=VERTEX_POINT('',#2227);
#642=VERTEX_POINT('',#2229);
#643=VERTEX_POINT('',#2233);
#644=VERTEX_POINT('',#2234);
#645=VERTEX_POINT('',#2236);
#646=VERTEX_POINT('',#2238);
#647=VERTEX_POINT('',#2242);
#648=VERTEX_POINT('',#2244);
#649=VERTEX_POINT('',#2248);
#650=VERTEX_POINT('',#2250);
#651=VERTEX_POINT('',#2254);
#652=VERTEX_POINT('',#2256);
#653=VERTEX_POINT('',#2260);
#654=VERTEX_POINT('',#2261);
#655=VERTEX_POINT('',#2272);
#656=VERTEX_POINT('',#2276);
#657=VERTEX_POINT('',#2280);
#658=VERTEX_POINT('',#2282);
#659=VERTEX_POINT('',#2287);
#660=VERTEX_POINT('',#2289);
#661=VERTEX_POINT('',#2291);
#662=VERTEX_POINT('',#2293);
#663=VERTEX_POINT('',#2295);
#664=VERTEX_POINT('',#2297);
#665=VERTEX_POINT('',#2299);
#666=VERTEX_POINT('',#2301);
#667=VERTEX_POINT('',#2303);
#668=VERTEX_POINT('',#2306);
#669=VERTEX_POINT('',#2307);
#670=VERTEX_POINT('',#2309);
#671=VERTEX_POINT('',#2311);
#672=VERTEX_POINT('',#2315);
#673=VERTEX_POINT('',#2316);
#674=VERTEX_POINT('',#2318);
#675=VERTEX_POINT('',#2320);
#676=VERTEX_POINT('',#2324);
#677=VERTEX_POINT('',#2326);
#678=VERTEX_POINT('',#2330);
#679=VERTEX_POINT('',#2331);
#680=VERTEX_POINT('',#2333);
#681=VERTEX_POINT('',#2336);
#682=VERTEX_POINT('',#2340);
#683=VERTEX_POINT('',#2342);
#684=VERTEX_POINT('',#2346);
#685=VERTEX_POINT('',#2362);
#686=VERTEX_POINT('',#2378);
#687=VERTEX_POINT('',#2380);
#688=VERTEX_POINT('',#2382);
#689=VERTEX_POINT('',#2384);
#690=VERTEX_POINT('',#2386);
#691=VERTEX_POINT('',#2388);
#692=VERTEX_POINT('',#2390);
#693=VERTEX_POINT('',#2392);
#694=VERTEX_POINT('',#2397);
#695=VERTEX_POINT('',#2399);
#696=VERTEX_POINT('',#2403);
#697=VERTEX_POINT('',#2409);
#698=VERTEX_POINT('',#2411);
#699=VERTEX_POINT('',#2415);
#700=VERTEX_POINT('',#2419);
#701=VERTEX_POINT('',#2423);
#702=VERTEX_POINT('',#2427);
#703=VERTEX_POINT('',#2563);
#704=VERTEX_POINT('',#2565);
#705=VERTEX_POINT('',#2569);
#706=VERTEX_POINT('',#2573);
#707=VERTEX_POINT('',#2577);
#708=VERTEX_POINT('',#2581);
#709=VERTEX_POINT('',#2589);
#710=VERTEX_POINT('',#2590);
#711=VERTEX_POINT('',#2596);
#712=VERTEX_POINT('',#2598);
#713=VERTEX_POINT('',#2605);
#714=VERTEX_POINT('',#2606);
#715=VERTEX_POINT('',#2608);
#716=VERTEX_POINT('',#2610);
#717=VERTEX_POINT('',#2614);
#718=VERTEX_POINT('',#2615);
#719=VERTEX_POINT('',#2617);
#720=VERTEX_POINT('',#2619);
#721=VERTEX_POINT('',#2629);
#722=VERTEX_POINT('',#2631);
#723=VERTEX_POINT('',#2635);
#724=VERTEX_POINT('',#2637);
#725=VERTEX_POINT('',#2641);
#726=VERTEX_POINT('',#2643);
#727=VERTEX_POINT('',#2645);
#728=VERTEX_POINT('',#2647);
#729=VERTEX_POINT('',#2649);
#730=VERTEX_POINT('',#2653);
#731=VERTEX_POINT('',#2657);
#732=VERTEX_POINT('',#2658);
#733=VERTEX_POINT('',#2668);
#734=VERTEX_POINT('',#2670);
#735=VERTEX_POINT('',#2672);
#736=VERTEX_POINT('',#2674);
#737=VERTEX_POINT('',#2676);
#738=VERTEX_POINT('',#2680);
#739=VERTEX_POINT('',#2687);
#740=VERTEX_POINT('',#2692);
#741=VERTEX_POINT('',#2694);
#742=VERTEX_POINT('',#2698);
#743=VERTEX_POINT('',#2702);
#744=VERTEX_POINT('',#2708);
#745=VERTEX_POINT('',#2712);
#746=VERTEX_POINT('',#2714);
#747=VERTEX_POINT('',#2718);
#748=VERTEX_POINT('',#2722);
#749=VERTEX_POINT('',#2729);
#750=VERTEX_POINT('',#2733);
#751=VERTEX_POINT('',#2735);
#752=VERTEX_POINT('',#2737);
#753=VERTEX_POINT('',#2745);
#754=VERTEX_POINT('',#2747);
#755=VERTEX_POINT('',#2751);
#756=VERTEX_POINT('',#2755);
#757=VERTEX_POINT('',#2759);
#758=EDGE_CURVE('',#609,#610,#221,.T.);
#759=EDGE_CURVE('',#609,#611,#222,.T.);
#760=EDGE_CURVE('',#611,#612,#223,.T.);
#761=EDGE_CURVE('',#610,#612,#224,.T.);
#762=EDGE_CURVE('',#613,#609,#55,.T.);
#763=EDGE_CURVE('',#613,#614,#225,.T.);
#764=EDGE_CURVE('',#614,#611,#56,.T.);
#765=EDGE_CURVE('',#615,#616,#226,.T.);
#766=EDGE_CURVE('',#615,#617,#227,.T.);
#767=EDGE_CURVE('',#617,#618,#228,.T.);
#768=EDGE_CURVE('',#616,#618,#229,.T.);
#769=EDGE_CURVE('',#610,#615,#230,.T.);
#770=EDGE_CURVE('',#612,#617,#231,.T.);
#771=EDGE_CURVE('',#619,#614,#232,.T.);
#772=EDGE_CURVE('',#618,#619,#233,.T.);
#773=EDGE_CURVE('',#616,#620,#234,.T.);
#774=EDGE_CURVE('',#620,#621,#235,.T.);
#775=EDGE_CURVE('',#621,#622,#236,.T.);
#776=EDGE_CURVE('',#622,#623,#32,.T.);
#777=EDGE_CURVE('',#623,#624,#237,.T.);
#778=EDGE_CURVE('',#625,#624,#33,.T.);
#779=EDGE_CURVE('',#626,#625,#238,.T.);
#780=EDGE_CURVE('',#627,#626,#34,.T.);
#781=EDGE_CURVE('',#628,#627,#239,.T.);
#782=EDGE_CURVE('',#628,#629,#240,.T.);
#783=EDGE_CURVE('',#629,#630,#241,.T.);
#784=EDGE_CURVE('',#630,#631,#242,.T.);
#785=EDGE_CURVE('',#631,#632,#243,.T.);
#786=EDGE_CURVE('',#632,#633,#244,.T.);
#787=EDGE_CURVE('',#633,#634,#245,.T.);
#788=EDGE_CURVE('',#634,#635,#246,.T.);
#789=EDGE_CURVE('',#635,#636,#247,.T.);
#790=EDGE_CURVE('',#613,#636,#57,.T.);
#791=EDGE_CURVE('',#637,#638,#248,.T.);
#792=EDGE_CURVE('',#637,#639,#249,.T.);
#793=EDGE_CURVE('',#640,#639,#250,.T.);
#794=EDGE_CURVE('',#638,#640,#251,.T.);
#795=EDGE_CURVE('',#634,#641,#252,.T.);
#796=EDGE_CURVE('',#633,#642,#253,.T.);
#797=EDGE_CURVE('',#642,#641,#254,.T.);
#798=EDGE_CURVE('',#643,#644,#255,.T.);
#799=EDGE_CURVE('',#645,#643,#256,.T.);
#800=EDGE_CURVE('',#645,#646,#257,.T.);
#801=EDGE_CURVE('',#646,#644,#258,.T.);
#802=EDGE_CURVE('',#644,#647,#259,.T.);
#803=EDGE_CURVE('',#648,#646,#260,.T.);
#804=EDGE_CURVE('',#647,#648,#35,.T.);
#805=EDGE_CURVE('',#649,#637,#261,.T.);
#806=EDGE_CURVE('',#650,#649,#36,.T.);
#807=EDGE_CURVE('',#639,#650,#262,.T.);
#808=EDGE_CURVE('',#641,#651,#263,.T.);
#809=EDGE_CURVE('',#652,#642,#264,.T.);
#810=EDGE_CURVE('',#651,#652,#265,.T.);
#811=EDGE_CURVE('',#653,#654,#37,.T.);
#812=EDGE_CURVE('',#653,#650,#266,.T.);
#813=EDGE_CURVE('',#649,#654,#267,.T.);
#814=EDGE_CURVE('',#640,#653,#268,.T.);
#815=EDGE_CURVE('',#632,#652,#269,.T.);
#816=EDGE_CURVE('',#651,#631,#270,.T.);
#817=EDGE_CURVE('',#655,#645,#271,.T.);
#818=EDGE_CURVE('',#655,#648,#272,.T.);
#819=EDGE_CURVE('',#656,#655,#38,.T.);
#820=EDGE_CURVE('',#647,#656,#273,.T.);
#821=EDGE_CURVE('',#657,#630,#274,.T.);
#822=EDGE_CURVE('',#657,#658,#275,.T.);
#823=EDGE_CURVE('',#635,#658,#276,.T.);
#824=EDGE_CURVE('',#654,#656,#277,.T.);
#825=EDGE_CURVE('',#643,#659,#278,.T.);
#826=EDGE_CURVE('',#659,#660,#279,.T.);
#827=EDGE_CURVE('',#660,#661,#280,.T.);
#828=EDGE_CURVE('',#661,#662,#281,.T.);
#829=EDGE_CURVE('',#663,#662,#39,.T.);
#830=EDGE_CURVE('',#663,#664,#282,.T.);
#831=EDGE_CURVE('',#665,#664,#283,.T.);
#832=EDGE_CURVE('',#665,#666,#284,.T.);
#833=EDGE_CURVE('',#666,#667,#285,.T.);
#834=EDGE_CURVE('',#667,#638,#286,.T.);
#835=EDGE_CURVE('',#668,#669,#40,.T.);
#836=EDGE_CURVE('',#670,#668,#287,.T.);
#837=EDGE_CURVE('',#671,#670,#41,.T.);
#838=EDGE_CURVE('',#669,#671,#288,.T.);
#839=EDGE_CURVE('',#672,#673,#289,.T.);
#840=EDGE_CURVE('',#674,#672,#290,.T.);
#841=EDGE_CURVE('',#674,#675,#291,.T.);
#842=EDGE_CURVE('',#675,#673,#292,.T.);
#843=EDGE_CURVE('',#673,#676,#293,.T.);
#844=EDGE_CURVE('',#675,#677,#294,.T.);
#845=EDGE_CURVE('',#676,#677,#295,.T.);
#846=EDGE_CURVE('',#678,#679,#296,.T.);
#847=EDGE_CURVE('',#679,#680,#297,.T.);
#848=EDGE_CURVE('',#629,#680,#298,.T.);
#849=EDGE_CURVE('',#628,#681,#299,.T.);
#850=EDGE_CURVE('',#681,#678,#300,.T.);
#851=EDGE_CURVE('',#682,#677,#301,.T.);
#852=EDGE_CURVE('',#682,#683,#302,.T.);
#853=EDGE_CURVE('',#683,#676,#303,.T.);
#854=EDGE_CURVE('',#683,#684,#58,.T.);
#855=EDGE_CURVE('',#684,#685,#59,.T.);
#856=EDGE_CURVE('',#686,#685,#304,.T.);
#857=EDGE_CURVE('',#687,#686,#305,.T.);
#858=EDGE_CURVE('',#687,#688,#306,.T.);
#859=EDGE_CURVE('',#688,#689,#307,.T.);
#860=EDGE_CURVE('',#689,#690,#308,.T.);
#861=EDGE_CURVE('',#691,#690,#309,.T.);
#862=EDGE_CURVE('',#691,#692,#310,.T.);
#863=EDGE_CURVE('',#692,#693,#311,.T.);
#864=EDGE_CURVE('',#693,#680,#312,.T.);
#865=EDGE_CURVE('',#679,#672,#313,.T.);
#866=EDGE_CURVE('',#694,#685,#314,.T.);
#867=EDGE_CURVE('',#694,#695,#315,.T.);
#868=EDGE_CURVE('',#695,#686,#316,.T.);
#869=EDGE_CURVE('',#696,#695,#317,.T.);
#870=EDGE_CURVE('',#696,#687,#318,.T.);
#871=EDGE_CURVE('',#694,#696,#319,.T.);
#872=EDGE_CURVE('',#619,#697,#320,.T.);
#873=EDGE_CURVE('',#698,#697,#321,.T.);
#874=EDGE_CURVE('',#620,#698,#322,.T.);
#875=EDGE_CURVE('',#699,#698,#323,.T.);
#876=EDGE_CURVE('',#621,#699,#324,.T.);
#877=EDGE_CURVE('',#700,#699,#325,.T.);
#878=EDGE_CURVE('',#622,#700,#326,.T.);
#879=EDGE_CURVE('',#614,#701,#327,.T.);
#880=EDGE_CURVE('',#697,#701,#328,.T.);
#881=EDGE_CURVE('',#702,#674,#329,.T.);
#882=EDGE_CURVE('',#700,#702,#42,.T.);
#883=EDGE_CURVE('',#682,#701,#15,.T.);
#884=EDGE_CURVE('',#701,#684,#330,.T.);
#885=EDGE_CURVE('',#636,#694,#331,.T.);
#886=EDGE_CURVE('',#702,#703,#332,.T.);
#887=EDGE_CURVE('',#704,#703,#43,.T.);
#888=EDGE_CURVE('',#623,#704,#333,.T.);
#889=EDGE_CURVE('',#705,#704,#334,.T.);
#890=EDGE_CURVE('',#624,#705,#335,.T.);
#891=EDGE_CURVE('',#706,#705,#44,.T.);
#892=EDGE_CURVE('',#625,#706,#336,.T.);
#893=EDGE_CURVE('',#707,#706,#337,.T.);
#894=EDGE_CURVE('',#626,#707,#338,.T.);
#895=EDGE_CURVE('',#708,#707,#45,.T.);
#896=EDGE_CURVE('',#627,#708,#339,.T.);
#897=EDGE_CURVE('',#681,#708,#340,.T.);
#898=EDGE_CURVE('',#703,#678,#341,.T.);
#899=EDGE_CURVE('',#709,#710,#342,.T.);
#900=EDGE_CURVE('',#709,#691,#343,.T.);
#901=EDGE_CURVE('',#710,#690,#344,.T.);
#902=EDGE_CURVE('',#711,#667,#345,.T.);
#903=EDGE_CURVE('',#712,#711,#346,.T.);
#904=EDGE_CURVE('',#659,#712,#347,.T.);
#905=EDGE_CURVE('',#658,#711,#348,.T.);
#906=EDGE_CURVE('',#712,#657,#349,.T.);
#907=EDGE_CURVE('',#713,#714,#350,.T.);
#908=EDGE_CURVE('',#713,#715,#351,.T.);
#909=EDGE_CURVE('',#716,#715,#352,.T.);
#910=EDGE_CURVE('',#714,#716,#353,.T.);
#911=EDGE_CURVE('',#717,#718,#354,.T.);
#912=EDGE_CURVE('',#719,#717,#355,.T.);
#913=EDGE_CURVE('',#720,#719,#356,.T.);
#914=EDGE_CURVE('',#720,#718,#357,.T.);
#915=EDGE_CURVE('',#689,#713,#358,.T.);
#916=EDGE_CURVE('',#715,#688,#359,.T.);
#917=EDGE_CURVE('',#718,#692,#360,.T.);
#918=EDGE_CURVE('',#693,#720,#361,.T.);
#919=EDGE_CURVE('',#714,#721,#362,.T.);
#920=EDGE_CURVE('',#722,#716,#363,.T.);
#921=EDGE_CURVE('',#721,#722,#364,.T.);
#922=EDGE_CURVE('',#723,#717,#365,.T.);
#923=EDGE_CURVE('',#724,#723,#366,.T.);
#924=EDGE_CURVE('',#719,#724,#367,.T.);
#925=EDGE_CURVE('',#709,#725,#368,.T.);
#926=EDGE_CURVE('',#726,#725,#46,.F.);
#927=EDGE_CURVE('',#726,#727,#369,.T.);
#928=EDGE_CURVE('',#727,#728,#370,.T.);
#929=EDGE_CURVE('',#728,#729,#371,.T.);
#930=EDGE_CURVE('',#723,#729,#372,.T.);
#931=EDGE_CURVE('',#666,#730,#373,.T.);
#932=EDGE_CURVE('',#722,#730,#374,.T.);
#933=EDGE_CURVE('',#731,#732,#16,.F.);
#934=EDGE_CURVE('',#732,#726,#375,.T.);
#935=EDGE_CURVE('',#725,#731,#376,.T.);
#936=EDGE_CURVE('',#732,#733,#377,.T.);
#937=EDGE_CURVE('',#734,#733,#378,.T.);
#938=EDGE_CURVE('',#735,#734,#379,.T.);
#939=EDGE_CURVE('',#736,#735,#380,.T.);
#940=EDGE_CURVE('',#737,#736,#381,.T.);
#941=EDGE_CURVE('',#727,#737,#382,.T.);
#942=EDGE_CURVE('',#735,#738,#17,.F.);
#943=EDGE_CURVE('',#738,#739,#383,.T.);
#944=EDGE_CURVE('',#739,#736,#47,.F.);
#945=EDGE_CURVE('',#739,#710,#384,.T.);
#946=EDGE_CURVE('',#740,#738,#48,.T.);
#947=EDGE_CURVE('',#741,#740,#385,.T.);
#948=EDGE_CURVE('',#731,#741,#49,.T.);
#949=EDGE_CURVE('',#741,#742,#386,.T.);
#950=EDGE_CURVE('',#733,#742,#50,.T.);
#951=EDGE_CURVE('',#740,#743,#387,.T.);
#952=EDGE_CURVE('',#742,#743,#388,.T.);
#953=EDGE_CURVE('',#743,#734,#51,.T.);
#954=EDGE_CURVE('',#744,#737,#389,.T.);
#955=EDGE_CURVE('',#728,#744,#390,.T.);
#956=EDGE_CURVE('',#668,#745,#391,.T.);
#957=EDGE_CURVE('',#746,#745,#392,.T.);
#958=EDGE_CURVE('',#670,#746,#393,.T.);
#959=EDGE_CURVE('',#747,#746,#52,.T.);
#960=EDGE_CURVE('',#671,#747,#394,.T.);
#961=EDGE_CURVE('',#748,#747,#395,.T.);
#962=EDGE_CURVE('',#669,#748,#396,.T.);
#963=EDGE_CURVE('',#745,#748,#53,.T.);
#964=EDGE_CURVE('',#744,#749,#397,.T.);
#965=EDGE_CURVE('',#729,#749,#398,.T.);
#966=EDGE_CURVE('',#750,#724,#399,.T.);
#967=EDGE_CURVE('',#751,#750,#400,.T.);
#968=EDGE_CURVE('',#752,#751,#401,.T.);
#969=EDGE_CURVE('',#660,#752,#402,.T.);
#970=EDGE_CURVE('',#749,#721,#403,.T.);
#971=EDGE_CURVE('',#730,#750,#404,.T.);
#972=EDGE_CURVE('',#662,#753,#405,.T.);
#973=EDGE_CURVE('',#753,#754,#54,.T.);
#974=EDGE_CURVE('',#754,#663,#406,.T.);
#975=EDGE_CURVE('',#755,#754,#407,.T.);
#976=EDGE_CURVE('',#664,#755,#408,.T.);
#977=EDGE_CURVE('',#665,#756,#409,.T.);
#978=EDGE_CURVE('',#751,#756,#410,.T.);
#979=EDGE_CURVE('',#757,#752,#411,.T.);
#980=EDGE_CURVE('',#661,#757,#412,.T.);
#981=EDGE_CURVE('',#753,#757,#413,.T.);
#982=EDGE_CURVE('',#756,#755,#414,.T.);
#983=ORIENTED_EDGE('',*,*,#758,.F.);
#984=ORIENTED_EDGE('',*,*,#759,.T.);
#985=ORIENTED_EDGE('',*,*,#760,.T.);
#986=ORIENTED_EDGE('',*,*,#761,.F.);
#987=ORIENTED_EDGE('',*,*,#762,.F.);
#988=ORIENTED_EDGE('',*,*,#763,.T.);
#989=ORIENTED_EDGE('',*,*,#764,.T.);
#990=ORIENTED_EDGE('',*,*,#759,.F.);
#991=ORIENTED_EDGE('',*,*,#765,.F.);
#992=ORIENTED_EDGE('',*,*,#766,.T.);
#993=ORIENTED_EDGE('',*,*,#767,.T.);
#994=ORIENTED_EDGE('',*,*,#768,.F.);
#995=ORIENTED_EDGE('',*,*,#769,.F.);
#996=ORIENTED_EDGE('',*,*,#761,.T.);
#997=ORIENTED_EDGE('',*,*,#770,.T.);
#998=ORIENTED_EDGE('',*,*,#766,.F.);
#999=ORIENTED_EDGE('',*,*,#770,.F.);
#1000=ORIENTED_EDGE('',*,*,#760,.F.);
#1001=ORIENTED_EDGE('',*,*,#764,.F.);
#1002=ORIENTED_EDGE('',*,*,#771,.F.);
#1003=ORIENTED_EDGE('',*,*,#772,.F.);
#1004=ORIENTED_EDGE('',*,*,#767,.F.);
#1005=ORIENTED_EDGE('',*,*,#762,.T.);
#1006=ORIENTED_EDGE('',*,*,#758,.T.);
#1007=ORIENTED_EDGE('',*,*,#769,.T.);
#1008=ORIENTED_EDGE('',*,*,#765,.T.);
#1009=ORIENTED_EDGE('',*,*,#773,.T.);
#1010=ORIENTED_EDGE('',*,*,#774,.T.);
#1011=ORIENTED_EDGE('',*,*,#775,.T.);
#1012=ORIENTED_EDGE('',*,*,#776,.T.);
#1013=ORIENTED_EDGE('',*,*,#777,.T.);
#1014=ORIENTED_EDGE('',*,*,#778,.F.);
#1015=ORIENTED_EDGE('',*,*,#779,.F.);
#1016=ORIENTED_EDGE('',*,*,#780,.F.);
#1017=ORIENTED_EDGE('',*,*,#781,.F.);
#1018=ORIENTED_EDGE('',*,*,#782,.T.);
#1019=ORIENTED_EDGE('',*,*,#783,.T.);
#1020=ORIENTED_EDGE('',*,*,#784,.T.);
#1021=ORIENTED_EDGE('',*,*,#785,.T.);
#1022=ORIENTED_EDGE('',*,*,#786,.T.);
#1023=ORIENTED_EDGE('',*,*,#787,.T.);
#1024=ORIENTED_EDGE('',*,*,#788,.T.);
#1025=ORIENTED_EDGE('',*,*,#789,.T.);
#1026=ORIENTED_EDGE('',*,*,#790,.F.);
#1027=ORIENTED_EDGE('',*,*,#791,.F.);
#1028=ORIENTED_EDGE('',*,*,#792,.T.);
#1029=ORIENTED_EDGE('',*,*,#793,.F.);
#1030=ORIENTED_EDGE('',*,*,#794,.F.);
#1031=ORIENTED_EDGE('',*,*,#795,.F.);
#1032=ORIENTED_EDGE('',*,*,#787,.F.);
#1033=ORIENTED_EDGE('',*,*,#796,.T.);
#1034=ORIENTED_EDGE('',*,*,#797,.T.);
#1035=ORIENTED_EDGE('',*,*,#798,.F.);
#1036=ORIENTED_EDGE('',*,*,#799,.F.);
#1037=ORIENTED_EDGE('',*,*,#800,.T.);
#1038=ORIENTED_EDGE('',*,*,#801,.T.);
#1039=ORIENTED_EDGE('',*,*,#802,.F.);
#1040=ORIENTED_EDGE('',*,*,#801,.F.);
#1041=ORIENTED_EDGE('',*,*,#803,.F.);
#1042=ORIENTED_EDGE('',*,*,#804,.F.);
#1043=ORIENTED_EDGE('',*,*,#805,.F.);
#1044=ORIENTED_EDGE('',*,*,#806,.F.);
#1045=ORIENTED_EDGE('',*,*,#807,.F.);
#1046=ORIENTED_EDGE('',*,*,#792,.F.);
#1047=ORIENTED_EDGE('',*,*,#808,.F.);
#1048=ORIENTED_EDGE('',*,*,#797,.F.);
#1049=ORIENTED_EDGE('',*,*,#809,.F.);
#1050=ORIENTED_EDGE('',*,*,#810,.F.);
#1051=ORIENTED_EDGE('',*,*,#811,.F.);
#1052=ORIENTED_EDGE('',*,*,#812,.T.);
#1053=ORIENTED_EDGE('',*,*,#806,.T.);
#1054=ORIENTED_EDGE('',*,*,#813,.T.);
#1055=ORIENTED_EDGE('',*,*,#814,.F.);
#1056=ORIENTED_EDGE('',*,*,#793,.T.);
#1057=ORIENTED_EDGE('',*,*,#807,.T.);
#1058=ORIENTED_EDGE('',*,*,#812,.F.);
#1059=ORIENTED_EDGE('',*,*,#786,.F.);
#1060=ORIENTED_EDGE('',*,*,#815,.T.);
#1061=ORIENTED_EDGE('',*,*,#809,.T.);
#1062=ORIENTED_EDGE('',*,*,#796,.F.);
#1063=ORIENTED_EDGE('',*,*,#816,.F.);
#1064=ORIENTED_EDGE('',*,*,#810,.T.);
#1065=ORIENTED_EDGE('',*,*,#815,.F.);
#1066=ORIENTED_EDGE('',*,*,#785,.F.);
#1067=ORIENTED_EDGE('',*,*,#817,.F.);
#1068=ORIENTED_EDGE('',*,*,#818,.T.);
#1069=ORIENTED_EDGE('',*,*,#803,.T.);
#1070=ORIENTED_EDGE('',*,*,#800,.F.);
#1071=ORIENTED_EDGE('',*,*,#819,.F.);
#1072=ORIENTED_EDGE('',*,*,#820,.F.);
#1073=ORIENTED_EDGE('',*,*,#804,.T.);
#1074=ORIENTED_EDGE('',*,*,#818,.F.);
#1075=ORIENTED_EDGE('',*,*,#795,.T.);
#1076=ORIENTED_EDGE('',*,*,#808,.T.);
#1077=ORIENTED_EDGE('',*,*,#816,.T.);
#1078=ORIENTED_EDGE('',*,*,#784,.F.);
#1079=ORIENTED_EDGE('',*,*,#821,.F.);
#1080=ORIENTED_EDGE('',*,*,#822,.T.);
#1081=ORIENTED_EDGE('',*,*,#823,.F.);
#1082=ORIENTED_EDGE('',*,*,#788,.F.);
#1083=ORIENTED_EDGE('',*,*,#794,.T.);
#1084=ORIENTED_EDGE('',*,*,#814,.T.);
#1085=ORIENTED_EDGE('',*,*,#811,.T.);
#1086=ORIENTED_EDGE('',*,*,#824,.T.);
#1087=ORIENTED_EDGE('',*,*,#819,.T.);
#1088=ORIENTED_EDGE('',*,*,#817,.T.);
#1089=ORIENTED_EDGE('',*,*,#799,.T.);
#1090=ORIENTED_EDGE('',*,*,#825,.T.);
#1091=ORIENTED_EDGE('',*,*,#826,.T.);
#1092=ORIENTED_EDGE('',*,*,#827,.T.);
#1093=ORIENTED_EDGE('',*,*,#828,.T.);
#1094=ORIENTED_EDGE('',*,*,#829,.F.);
#1095=ORIENTED_EDGE('',*,*,#830,.T.);
#1096=ORIENTED_EDGE('',*,*,#831,.F.);
#1097=ORIENTED_EDGE('',*,*,#832,.T.);
#1098=ORIENTED_EDGE('',*,*,#833,.T.);
#1099=ORIENTED_EDGE('',*,*,#834,.T.);
#1100=ORIENTED_EDGE('',*,*,#835,.F.);
#1101=ORIENTED_EDGE('',*,*,#836,.F.);
#1102=ORIENTED_EDGE('',*,*,#837,.F.);
#1103=ORIENTED_EDGE('',*,*,#838,.F.);
#1104=ORIENTED_EDGE('',*,*,#839,.F.);
#1105=ORIENTED_EDGE('',*,*,#840,.F.);
#1106=ORIENTED_EDGE('',*,*,#841,.T.);
#1107=ORIENTED_EDGE('',*,*,#842,.T.);
#1108=ORIENTED_EDGE('',*,*,#843,.F.);
#1109=ORIENTED_EDGE('',*,*,#842,.F.);
#1110=ORIENTED_EDGE('',*,*,#844,.T.);
#1111=ORIENTED_EDGE('',*,*,#845,.F.);
#1112=ORIENTED_EDGE('',*,*,#846,.T.);
#1113=ORIENTED_EDGE('',*,*,#847,.T.);
#1114=ORIENTED_EDGE('',*,*,#848,.F.);
#1115=ORIENTED_EDGE('',*,*,#782,.F.);
#1116=ORIENTED_EDGE('',*,*,#849,.T.);
#1117=ORIENTED_EDGE('',*,*,#850,.T.);
#1118=ORIENTED_EDGE('',*,*,#845,.T.);
#1119=ORIENTED_EDGE('',*,*,#851,.F.);
#1120=ORIENTED_EDGE('',*,*,#852,.T.);
#1121=ORIENTED_EDGE('',*,*,#853,.T.);
#1122=ORIENTED_EDGE('',*,*,#843,.T.);
#1123=ORIENTED_EDGE('',*,*,#853,.F.);
#1124=ORIENTED_EDGE('',*,*,#854,.T.);
#1125=ORIENTED_EDGE('',*,*,#855,.T.);
#1126=ORIENTED_EDGE('',*,*,#856,.F.);
#1127=ORIENTED_EDGE('',*,*,#857,.F.);
#1128=ORIENTED_EDGE('',*,*,#858,.T.);
#1129=ORIENTED_EDGE('',*,*,#859,.T.);
#1130=ORIENTED_EDGE('',*,*,#860,.T.);
#1131=ORIENTED_EDGE('',*,*,#861,.F.);
#1132=ORIENTED_EDGE('',*,*,#862,.T.);
#1133=ORIENTED_EDGE('',*,*,#863,.T.);
#1134=ORIENTED_EDGE('',*,*,#864,.T.);
#1135=ORIENTED_EDGE('',*,*,#847,.F.);
#1136=ORIENTED_EDGE('',*,*,#865,.T.);
#1137=ORIENTED_EDGE('',*,*,#839,.T.);
#1138=ORIENTED_EDGE('',*,*,#866,.F.);
#1139=ORIENTED_EDGE('',*,*,#867,.T.);
#1140=ORIENTED_EDGE('',*,*,#868,.T.);
#1141=ORIENTED_EDGE('',*,*,#856,.T.);
#1142=ORIENTED_EDGE('',*,*,#857,.T.);
#1143=ORIENTED_EDGE('',*,*,#868,.F.);
#1144=ORIENTED_EDGE('',*,*,#869,.F.);
#1145=ORIENTED_EDGE('',*,*,#870,.T.);
#1146=ORIENTED_EDGE('',*,*,#871,.T.);
#1147=ORIENTED_EDGE('',*,*,#869,.T.);
#1148=ORIENTED_EDGE('',*,*,#867,.F.);
#1149=ORIENTED_EDGE('',*,*,#773,.F.);
#1150=ORIENTED_EDGE('',*,*,#768,.T.);
#1151=ORIENTED_EDGE('',*,*,#772,.T.);
#1152=ORIENTED_EDGE('',*,*,#872,.T.);
#1153=ORIENTED_EDGE('',*,*,#873,.F.);
#1154=ORIENTED_EDGE('',*,*,#874,.F.);
#1155=ORIENTED_EDGE('',*,*,#774,.F.);
#1156=ORIENTED_EDGE('',*,*,#874,.T.);
#1157=ORIENTED_EDGE('',*,*,#875,.F.);
#1158=ORIENTED_EDGE('',*,*,#876,.F.);
#1159=ORIENTED_EDGE('',*,*,#775,.F.);
#1160=ORIENTED_EDGE('',*,*,#876,.T.);
#1161=ORIENTED_EDGE('',*,*,#877,.F.);
#1162=ORIENTED_EDGE('',*,*,#878,.F.);
#1163=ORIENTED_EDGE('',*,*,#771,.T.);
#1164=ORIENTED_EDGE('',*,*,#879,.T.);
#1165=ORIENTED_EDGE('',*,*,#880,.F.);
#1166=ORIENTED_EDGE('',*,*,#872,.F.);
#1167=ORIENTED_EDGE('',*,*,#851,.T.);
#1168=ORIENTED_EDGE('',*,*,#844,.F.);
#1169=ORIENTED_EDGE('',*,*,#841,.F.);
#1170=ORIENTED_EDGE('',*,*,#881,.F.);
#1171=ORIENTED_EDGE('',*,*,#882,.F.);
#1172=ORIENTED_EDGE('',*,*,#877,.T.);
#1173=ORIENTED_EDGE('',*,*,#875,.T.);
#1174=ORIENTED_EDGE('',*,*,#873,.T.);
#1175=ORIENTED_EDGE('',*,*,#880,.T.);
#1176=ORIENTED_EDGE('',*,*,#883,.F.);
#1177=ORIENTED_EDGE('',*,*,#883,.T.);
#1178=ORIENTED_EDGE('',*,*,#884,.T.);
#1179=ORIENTED_EDGE('',*,*,#854,.F.);
#1180=ORIENTED_EDGE('',*,*,#852,.F.);
#1181=ORIENTED_EDGE('',*,*,#790,.T.);
#1182=ORIENTED_EDGE('',*,*,#885,.T.);
#1183=ORIENTED_EDGE('',*,*,#866,.T.);
#1184=ORIENTED_EDGE('',*,*,#855,.F.);
#1185=ORIENTED_EDGE('',*,*,#884,.F.);
#1186=ORIENTED_EDGE('',*,*,#879,.F.);
#1187=ORIENTED_EDGE('',*,*,#763,.F.);
#1188=ORIENTED_EDGE('',*,*,#878,.T.);
#1189=ORIENTED_EDGE('',*,*,#882,.T.);
#1190=ORIENTED_EDGE('',*,*,#886,.T.);
#1191=ORIENTED_EDGE('',*,*,#887,.F.);
#1192=ORIENTED_EDGE('',*,*,#888,.F.);
#1193=ORIENTED_EDGE('',*,*,#776,.F.);
#1194=ORIENTED_EDGE('',*,*,#777,.F.);
#1195=ORIENTED_EDGE('',*,*,#888,.T.);
#1196=ORIENTED_EDGE('',*,*,#889,.F.);
#1197=ORIENTED_EDGE('',*,*,#890,.F.);
#1198=ORIENTED_EDGE('',*,*,#778,.T.);
#1199=ORIENTED_EDGE('',*,*,#890,.T.);
#1200=ORIENTED_EDGE('',*,*,#891,.F.);
#1201=ORIENTED_EDGE('',*,*,#892,.F.);
#1202=ORIENTED_EDGE('',*,*,#779,.T.);
#1203=ORIENTED_EDGE('',*,*,#892,.T.);
#1204=ORIENTED_EDGE('',*,*,#893,.F.);
#1205=ORIENTED_EDGE('',*,*,#894,.F.);
#1206=ORIENTED_EDGE('',*,*,#780,.T.);
#1207=ORIENTED_EDGE('',*,*,#894,.T.);
#1208=ORIENTED_EDGE('',*,*,#895,.F.);
#1209=ORIENTED_EDGE('',*,*,#896,.F.);
#1210=ORIENTED_EDGE('',*,*,#781,.T.);
#1211=ORIENTED_EDGE('',*,*,#896,.T.);
#1212=ORIENTED_EDGE('',*,*,#897,.F.);
#1213=ORIENTED_EDGE('',*,*,#849,.F.);
#1214=ORIENTED_EDGE('',*,*,#850,.F.);
#1215=ORIENTED_EDGE('',*,*,#897,.T.);
#1216=ORIENTED_EDGE('',*,*,#895,.T.);
#1217=ORIENTED_EDGE('',*,*,#893,.T.);
#1218=ORIENTED_EDGE('',*,*,#891,.T.);
#1219=ORIENTED_EDGE('',*,*,#889,.T.);
#1220=ORIENTED_EDGE('',*,*,#887,.T.);
#1221=ORIENTED_EDGE('',*,*,#898,.T.);
#1222=ORIENTED_EDGE('',*,*,#899,.F.);
#1223=ORIENTED_EDGE('',*,*,#900,.T.);
#1224=ORIENTED_EDGE('',*,*,#861,.T.);
#1225=ORIENTED_EDGE('',*,*,#901,.F.);
#1226=ORIENTED_EDGE('',*,*,#898,.F.);
#1227=ORIENTED_EDGE('',*,*,#886,.F.);
#1228=ORIENTED_EDGE('',*,*,#881,.T.);
#1229=ORIENTED_EDGE('',*,*,#840,.T.);
#1230=ORIENTED_EDGE('',*,*,#865,.F.);
#1231=ORIENTED_EDGE('',*,*,#846,.F.);
#1232=ORIENTED_EDGE('',*,*,#791,.T.);
#1233=ORIENTED_EDGE('',*,*,#834,.F.);
#1234=ORIENTED_EDGE('',*,*,#902,.F.);
#1235=ORIENTED_EDGE('',*,*,#903,.F.);
#1236=ORIENTED_EDGE('',*,*,#904,.F.);
#1237=ORIENTED_EDGE('',*,*,#825,.F.);
#1238=ORIENTED_EDGE('',*,*,#798,.T.);
#1239=ORIENTED_EDGE('',*,*,#802,.T.);
#1240=ORIENTED_EDGE('',*,*,#820,.T.);
#1241=ORIENTED_EDGE('',*,*,#824,.F.);
#1242=ORIENTED_EDGE('',*,*,#813,.F.);
#1243=ORIENTED_EDGE('',*,*,#805,.T.);
#1244=ORIENTED_EDGE('',*,*,#905,.F.);
#1245=ORIENTED_EDGE('',*,*,#822,.F.);
#1246=ORIENTED_EDGE('',*,*,#906,.F.);
#1247=ORIENTED_EDGE('',*,*,#903,.T.);
#1248=ORIENTED_EDGE('',*,*,#907,.F.);
#1249=ORIENTED_EDGE('',*,*,#908,.T.);
#1250=ORIENTED_EDGE('',*,*,#909,.F.);
#1251=ORIENTED_EDGE('',*,*,#910,.F.);
#1252=ORIENTED_EDGE('',*,*,#911,.F.);
#1253=ORIENTED_EDGE('',*,*,#912,.F.);
#1254=ORIENTED_EDGE('',*,*,#913,.F.);
#1255=ORIENTED_EDGE('',*,*,#914,.T.);
#1256=ORIENTED_EDGE('',*,*,#915,.F.);
#1257=ORIENTED_EDGE('',*,*,#859,.F.);
#1258=ORIENTED_EDGE('',*,*,#916,.F.);
#1259=ORIENTED_EDGE('',*,*,#908,.F.);
#1260=ORIENTED_EDGE('',*,*,#917,.F.);
#1261=ORIENTED_EDGE('',*,*,#914,.F.);
#1262=ORIENTED_EDGE('',*,*,#918,.F.);
#1263=ORIENTED_EDGE('',*,*,#863,.F.);
#1264=ORIENTED_EDGE('',*,*,#919,.F.);
#1265=ORIENTED_EDGE('',*,*,#910,.T.);
#1266=ORIENTED_EDGE('',*,*,#920,.F.);
#1267=ORIENTED_EDGE('',*,*,#921,.F.);
#1268=ORIENTED_EDGE('',*,*,#922,.F.);
#1269=ORIENTED_EDGE('',*,*,#923,.F.);
#1270=ORIENTED_EDGE('',*,*,#924,.F.);
#1271=ORIENTED_EDGE('',*,*,#912,.T.);
#1272=ORIENTED_EDGE('',*,*,#922,.T.);
#1273=ORIENTED_EDGE('',*,*,#911,.T.);
#1274=ORIENTED_EDGE('',*,*,#917,.T.);
#1275=ORIENTED_EDGE('',*,*,#862,.F.);
#1276=ORIENTED_EDGE('',*,*,#900,.F.);
#1277=ORIENTED_EDGE('',*,*,#925,.T.);
#1278=ORIENTED_EDGE('',*,*,#926,.F.);
#1279=ORIENTED_EDGE('',*,*,#927,.T.);
#1280=ORIENTED_EDGE('',*,*,#928,.T.);
#1281=ORIENTED_EDGE('',*,*,#929,.T.);
#1282=ORIENTED_EDGE('',*,*,#930,.F.);
#1283=ORIENTED_EDGE('',*,*,#823,.T.);
#1284=ORIENTED_EDGE('',*,*,#905,.T.);
#1285=ORIENTED_EDGE('',*,*,#902,.T.);
#1286=ORIENTED_EDGE('',*,*,#833,.F.);
#1287=ORIENTED_EDGE('',*,*,#931,.T.);
#1288=ORIENTED_EDGE('',*,*,#932,.F.);
#1289=ORIENTED_EDGE('',*,*,#920,.T.);
#1290=ORIENTED_EDGE('',*,*,#909,.T.);
#1291=ORIENTED_EDGE('',*,*,#916,.T.);
#1292=ORIENTED_EDGE('',*,*,#858,.F.);
#1293=ORIENTED_EDGE('',*,*,#870,.F.);
#1294=ORIENTED_EDGE('',*,*,#871,.F.);
#1295=ORIENTED_EDGE('',*,*,#885,.F.);
#1296=ORIENTED_EDGE('',*,*,#789,.F.);
#1297=ORIENTED_EDGE('',*,*,#933,.T.);
#1298=ORIENTED_EDGE('',*,*,#934,.T.);
#1299=ORIENTED_EDGE('',*,*,#926,.T.);
#1300=ORIENTED_EDGE('',*,*,#935,.T.);
#1301=ORIENTED_EDGE('',*,*,#934,.F.);
#1302=ORIENTED_EDGE('',*,*,#936,.T.);
#1303=ORIENTED_EDGE('',*,*,#937,.F.);
#1304=ORIENTED_EDGE('',*,*,#938,.F.);
#1305=ORIENTED_EDGE('',*,*,#939,.F.);
#1306=ORIENTED_EDGE('',*,*,#940,.F.);
#1307=ORIENTED_EDGE('',*,*,#941,.F.);
#1308=ORIENTED_EDGE('',*,*,#927,.F.);
#1309=ORIENTED_EDGE('',*,*,#942,.T.);
#1310=ORIENTED_EDGE('',*,*,#943,.T.);
#1311=ORIENTED_EDGE('',*,*,#944,.T.);
#1312=ORIENTED_EDGE('',*,*,#939,.T.);
#1313=ORIENTED_EDGE('',*,*,#935,.F.);
#1314=ORIENTED_EDGE('',*,*,#925,.F.);
#1315=ORIENTED_EDGE('',*,*,#899,.T.);
#1316=ORIENTED_EDGE('',*,*,#945,.F.);
#1317=ORIENTED_EDGE('',*,*,#943,.F.);
#1318=ORIENTED_EDGE('',*,*,#946,.F.);
#1319=ORIENTED_EDGE('',*,*,#947,.F.);
#1320=ORIENTED_EDGE('',*,*,#948,.F.);
#1321=ORIENTED_EDGE('',*,*,#948,.T.);
#1322=ORIENTED_EDGE('',*,*,#949,.T.);
#1323=ORIENTED_EDGE('',*,*,#950,.F.);
#1324=ORIENTED_EDGE('',*,*,#936,.F.);
#1325=ORIENTED_EDGE('',*,*,#933,.F.);
#1326=ORIENTED_EDGE('',*,*,#949,.F.);
#1327=ORIENTED_EDGE('',*,*,#947,.T.);
#1328=ORIENTED_EDGE('',*,*,#951,.T.);
#1329=ORIENTED_EDGE('',*,*,#952,.F.);
#1330=ORIENTED_EDGE('',*,*,#946,.T.);
#1331=ORIENTED_EDGE('',*,*,#942,.F.);
#1332=ORIENTED_EDGE('',*,*,#938,.T.);
#1333=ORIENTED_EDGE('',*,*,#953,.F.);
#1334=ORIENTED_EDGE('',*,*,#951,.F.);
#1335=ORIENTED_EDGE('',*,*,#941,.T.);
#1336=ORIENTED_EDGE('',*,*,#954,.F.);
#1337=ORIENTED_EDGE('',*,*,#955,.F.);
#1338=ORIENTED_EDGE('',*,*,#928,.F.);
#1339=ORIENTED_EDGE('',*,*,#836,.T.);
#1340=ORIENTED_EDGE('',*,*,#956,.T.);
#1341=ORIENTED_EDGE('',*,*,#957,.F.);
#1342=ORIENTED_EDGE('',*,*,#958,.F.);
#1343=ORIENTED_EDGE('',*,*,#837,.T.);
#1344=ORIENTED_EDGE('',*,*,#958,.T.);
#1345=ORIENTED_EDGE('',*,*,#959,.F.);
#1346=ORIENTED_EDGE('',*,*,#960,.F.);
#1347=ORIENTED_EDGE('',*,*,#838,.T.);
#1348=ORIENTED_EDGE('',*,*,#960,.T.);
#1349=ORIENTED_EDGE('',*,*,#961,.F.);
#1350=ORIENTED_EDGE('',*,*,#962,.F.);
#1351=ORIENTED_EDGE('',*,*,#835,.T.);
#1352=ORIENTED_EDGE('',*,*,#962,.T.);
#1353=ORIENTED_EDGE('',*,*,#963,.F.);
#1354=ORIENTED_EDGE('',*,*,#956,.F.);
#1355=ORIENTED_EDGE('',*,*,#953,.T.);
#1356=ORIENTED_EDGE('',*,*,#937,.T.);
#1357=ORIENTED_EDGE('',*,*,#950,.T.);
#1358=ORIENTED_EDGE('',*,*,#952,.T.);
#1359=ORIENTED_EDGE('',*,*,#963,.T.);
#1360=ORIENTED_EDGE('',*,*,#961,.T.);
#1361=ORIENTED_EDGE('',*,*,#959,.T.);
#1362=ORIENTED_EDGE('',*,*,#957,.T.);
#1363=ORIENTED_EDGE('',*,*,#955,.T.);
#1364=ORIENTED_EDGE('',*,*,#964,.T.);
#1365=ORIENTED_EDGE('',*,*,#965,.F.);
#1366=ORIENTED_EDGE('',*,*,#929,.F.);
#1367=ORIENTED_EDGE('',*,*,#821,.T.);
#1368=ORIENTED_EDGE('',*,*,#783,.F.);
#1369=ORIENTED_EDGE('',*,*,#848,.T.);
#1370=ORIENTED_EDGE('',*,*,#864,.F.);
#1371=ORIENTED_EDGE('',*,*,#918,.T.);
#1372=ORIENTED_EDGE('',*,*,#913,.T.);
#1373=ORIENTED_EDGE('',*,*,#924,.T.);
#1374=ORIENTED_EDGE('',*,*,#966,.F.);
#1375=ORIENTED_EDGE('',*,*,#967,.F.);
#1376=ORIENTED_EDGE('',*,*,#968,.F.);
#1377=ORIENTED_EDGE('',*,*,#969,.F.);
#1378=ORIENTED_EDGE('',*,*,#826,.F.);
#1379=ORIENTED_EDGE('',*,*,#904,.T.);
#1380=ORIENTED_EDGE('',*,*,#906,.T.);
#1381=ORIENTED_EDGE('',*,*,#919,.T.);
#1382=ORIENTED_EDGE('',*,*,#970,.F.);
#1383=ORIENTED_EDGE('',*,*,#964,.F.);
#1384=ORIENTED_EDGE('',*,*,#954,.T.);
#1385=ORIENTED_EDGE('',*,*,#940,.T.);
#1386=ORIENTED_EDGE('',*,*,#944,.F.);
#1387=ORIENTED_EDGE('',*,*,#945,.T.);
#1388=ORIENTED_EDGE('',*,*,#901,.T.);
#1389=ORIENTED_EDGE('',*,*,#860,.F.);
#1390=ORIENTED_EDGE('',*,*,#915,.T.);
#1391=ORIENTED_EDGE('',*,*,#907,.T.);
#1392=ORIENTED_EDGE('',*,*,#923,.T.);
#1393=ORIENTED_EDGE('',*,*,#930,.T.);
#1394=ORIENTED_EDGE('',*,*,#965,.T.);
#1395=ORIENTED_EDGE('',*,*,#970,.T.);
#1396=ORIENTED_EDGE('',*,*,#921,.T.);
#1397=ORIENTED_EDGE('',*,*,#932,.T.);
#1398=ORIENTED_EDGE('',*,*,#971,.T.);
#1399=ORIENTED_EDGE('',*,*,#966,.T.);
#1400=ORIENTED_EDGE('',*,*,#829,.T.);
#1401=ORIENTED_EDGE('',*,*,#972,.T.);
#1402=ORIENTED_EDGE('',*,*,#973,.T.);
#1403=ORIENTED_EDGE('',*,*,#974,.T.);
#1404=ORIENTED_EDGE('',*,*,#974,.F.);
#1405=ORIENTED_EDGE('',*,*,#975,.F.);
#1406=ORIENTED_EDGE('',*,*,#976,.F.);
#1407=ORIENTED_EDGE('',*,*,#830,.F.);
#1408=ORIENTED_EDGE('',*,*,#832,.F.);
#1409=ORIENTED_EDGE('',*,*,#977,.T.);
#1410=ORIENTED_EDGE('',*,*,#978,.F.);
#1411=ORIENTED_EDGE('',*,*,#967,.T.);
#1412=ORIENTED_EDGE('',*,*,#971,.F.);
#1413=ORIENTED_EDGE('',*,*,#931,.F.);
#1414=ORIENTED_EDGE('',*,*,#827,.F.);
#1415=ORIENTED_EDGE('',*,*,#969,.T.);
#1416=ORIENTED_EDGE('',*,*,#979,.F.);
#1417=ORIENTED_EDGE('',*,*,#980,.F.);
#1418=ORIENTED_EDGE('',*,*,#972,.F.);
#1419=ORIENTED_EDGE('',*,*,#828,.F.);
#1420=ORIENTED_EDGE('',*,*,#980,.T.);
#1421=ORIENTED_EDGE('',*,*,#981,.F.);
#1422=ORIENTED_EDGE('',*,*,#831,.T.);
#1423=ORIENTED_EDGE('',*,*,#976,.T.);
#1424=ORIENTED_EDGE('',*,*,#982,.F.);
#1425=ORIENTED_EDGE('',*,*,#977,.F.);
#1426=ORIENTED_EDGE('',*,*,#973,.F.);
#1427=ORIENTED_EDGE('',*,*,#981,.T.);
#1428=ORIENTED_EDGE('',*,*,#979,.T.);
#1429=ORIENTED_EDGE('',*,*,#968,.T.);
#1430=ORIENTED_EDGE('',*,*,#978,.T.);
#1431=ORIENTED_EDGE('',*,*,#982,.T.);
#1432=ORIENTED_EDGE('',*,*,#975,.T.);
#1433=PLANE('',#1588);
#1434=PLANE('',#1589);
#1435=PLANE('',#1590);
#1436=PLANE('',#1591);
#1437=PLANE('',#1592);
#1438=PLANE('',#1596);
#1439=PLANE('',#1597);
#1440=PLANE('',#1598);
#1441=PLANE('',#1599);
#1442=PLANE('',#1601);
#1443=PLANE('',#1603);
#1444=PLANE('',#1606);
#1445=PLANE('',#1607);
#1446=PLANE('',#1608);
#1447=PLANE('',#1609);
#1448=PLANE('',#1612);
#1449=PLANE('',#1613);
#1450=PLANE('',#1617);
#1451=PLANE('',#1618);
#1452=PLANE('',#1619);
#1453=PLANE('',#1620);
#1454=PLANE('',#1621);
#1455=PLANE('',#1622);
#1456=PLANE('',#1623);
#1457=PLANE('',#1624);
#1458=PLANE('',#1625);
#1459=PLANE('',#1626);
#1460=PLANE('',#1627);
#1461=PLANE('',#1628);
#1462=PLANE('',#1629);
#1463=PLANE('',#1633);
#1464=PLANE('',#1636);
#1465=PLANE('',#1639);
#1466=PLANE('',#1640);
#1467=PLANE('',#1641);
#1468=PLANE('',#1642);
#1469=PLANE('',#1643);
#1470=PLANE('',#1644);
#1471=PLANE('',#1645);
#1472=PLANE('',#1646);
#1473=PLANE('',#1647);
#1474=PLANE('',#1648);
#1475=PLANE('',#1649);
#1476=PLANE('',#1650);
#1477=PLANE('',#1651);
#1478=PLANE('',#1653);
#1479=PLANE('',#1655);
#1480=PLANE('',#1658);
#1481=PLANE('',#1663);
#1482=PLANE('',#1666);
#1483=PLANE('',#1667);
#1484=PLANE('',#1670);
#1485=PLANE('',#1673);
#1486=PLANE('',#1674);
#1487=PLANE('',#1675);
#1488=PLANE('',#1676);
#1489=PLANE('',#1677);
#1490=PLANE('',#1680);
#1491=PLANE('',#1681);
#1492=PLANE('',#1682);
#1493=PLANE('',#1683);
#1494=PLANE('',#1684);
#1495=PLANE('',#1685);
#1496=ADVANCED_FACE('',(#63),#1433,.F.);
#1497=ADVANCED_FACE('',(#64),#60,.F.);
#1498=ADVANCED_FACE('',(#65),#1434,.F.);
#1499=ADVANCED_FACE('',(#66),#1435,.F.);
#1500=ADVANCED_FACE('',(#67),#1436,.F.);
#1501=ADVANCED_FACE('',(#68),#1437,.F.);
#1502=ADVANCED_FACE('',(#69),#1438,.F.);
#1503=ADVANCED_FACE('',(#70),#1439,.F.);
#1504=ADVANCED_FACE('',(#71),#1440,.F.);
#1505=ADVANCED_FACE('',(#72),#1441,.T.);
#1506=ADVANCED_FACE('',(#73),#1442,.T.);
#1507=ADVANCED_FACE('',(#74),#1443,.T.);
#1508=ADVANCED_FACE('',(#75),#20,.T.);
#1509=ADVANCED_FACE('',(#76),#1444,.F.);
#1510=ADVANCED_FACE('',(#77),#1445,.F.);
#1511=ADVANCED_FACE('',(#78),#1446,.F.);
#1512=ADVANCED_FACE('',(#79),#1447,.F.);
#1513=ADVANCED_FACE('',(#80),#21,.T.);
#1514=ADVANCED_FACE('',(#81),#1448,.F.);
#1515=ADVANCED_FACE('',(#82,#18),#1449,.F.);
#1516=ADVANCED_FACE('',(#83),#1450,.F.);
#1517=ADVANCED_FACE('',(#84),#1451,.F.);
#1518=ADVANCED_FACE('',(#85),#1452,.T.);
#1519=ADVANCED_FACE('',(#86),#1453,.T.);
#1520=ADVANCED_FACE('',(#87),#1454,.T.);
#1521=ADVANCED_FACE('',(#88),#1455,.T.);
#1522=ADVANCED_FACE('',(#89),#1456,.T.);
#1523=ADVANCED_FACE('',(#90),#1457,.F.);
#1524=ADVANCED_FACE('',(#91),#1458,.T.);
#1525=ADVANCED_FACE('',(#92),#1459,.T.);
#1526=ADVANCED_FACE('',(#93),#1460,.T.);
#1527=ADVANCED_FACE('',(#94),#1461,.T.);
#1528=ADVANCED_FACE('',(#95),#1462,.T.);
#1529=ADVANCED_FACE('',(#96),#61,.T.);
#1530=ADVANCED_FACE('',(#97),#62,.T.);
#1531=ADVANCED_FACE('',(#98),#22,.F.);
#1532=ADVANCED_FACE('',(#99),#1463,.T.);
#1533=ADVANCED_FACE('',(#100),#23,.T.);
#1534=ADVANCED_FACE('',(#101),#1464,.T.);
#1535=ADVANCED_FACE('',(#102),#24,.T.);
#1536=ADVANCED_FACE('',(#103),#1465,.T.);
#1537=ADVANCED_FACE('',(#104),#1466,.T.);
#1538=ADVANCED_FACE('',(#105),#1467,.T.);
#1539=ADVANCED_FACE('',(#106),#1468,.T.);
#1540=ADVANCED_FACE('',(#107),#1469,.F.);
#1541=ADVANCED_FACE('',(#108),#1470,.F.);
#1542=ADVANCED_FACE('',(#109),#1471,.F.);
#1543=ADVANCED_FACE('',(#110),#1472,.F.);
#1544=ADVANCED_FACE('',(#111),#1473,.F.);
#1545=ADVANCED_FACE('',(#112),#1474,.F.);
#1546=ADVANCED_FACE('',(#113),#1475,.F.);
#1547=ADVANCED_FACE('',(#114),#1476,.F.);
#1548=ADVANCED_FACE('',(#115),#1477,.T.);
#1549=ADVANCED_FACE('',(#116),#1478,.T.);
#1550=ADVANCED_FACE('',(#117),#25,.T.);
#1551=ADVANCED_FACE('',(#118),#1479,.T.);
#1552=ADVANCED_FACE('',(#119),#26,.T.);
#1553=ADVANCED_FACE('',(#120),#1480,.T.);
#1554=ADVANCED_FACE('',(#121),#27,.T.);
#1555=ADVANCED_FACE('',(#122),#1481,.T.);
#1556=ADVANCED_FACE('',(#123),#28,.T.);
#1557=ADVANCED_FACE('',(#124),#1482,.T.);
#1558=ADVANCED_FACE('',(#125),#1483,.T.);
#1559=ADVANCED_FACE('',(#126),#29,.F.);
#1560=ADVANCED_FACE('',(#127),#1484,.T.);
#1561=ADVANCED_FACE('',(#128),#30,.F.);
#1562=ADVANCED_FACE('',(#129,#19),#1485,.T.);
#1563=ADVANCED_FACE('',(#130),#1486,.T.);
#1564=ADVANCED_FACE('',(#131),#1487,.T.);
#1565=ADVANCED_FACE('',(#132),#1488,.T.);
#1566=ADVANCED_FACE('',(#133),#1489,.T.);
#1567=ADVANCED_FACE('',(#134),#31,.T.);
#1568=ADVANCED_FACE('',(#135),#1490,.T.);
#1569=ADVANCED_FACE('',(#136),#1491,.T.);
#1570=ADVANCED_FACE('',(#137),#1492,.T.);
#1571=ADVANCED_FACE('',(#138),#1493,.T.);
#1572=ADVANCED_FACE('',(#139),#1494,.T.);
#1573=ADVANCED_FACE('',(#140),#1495,.T.);
#1574=CLOSED_SHELL('',(#1496,#1497,#1498,#1499,#1500,#1501,#1502,#1503,
#1504,#1505,#1506,#1507,#1508,#1509,#1510,#1511,#1512,#1513,#1514,#1515,
#1516,#1517,#1518,#1519,#1520,#1521,#1522,#1523,#1524,#1525,#1526,#1527,
#1528,#1529,#1530,#1531,#1532,#1533,#1534,#1535,#1536,#1537,#1538,#1539,
#1540,#1541,#1542,#1543,#1544,#1545,#1546,#1547,#1548,#1549,#1550,#1551,
#1552,#1553,#1554,#1555,#1556,#1557,#1558,#1559,#1560,#1561,#1562,#1563,
#1564,#1565,#1566,#1567,#1568,#1569,#1570,#1571,#1572,#1573));
#1575=DERIVED_UNIT_ELEMENT(#1577,1.);
#1576=DERIVED_UNIT_ELEMENT(#2772,-3.);
#1577=(
MASS_UNIT()
NAMED_UNIT(*)
SI_UNIT(.KILO.,.GRAM.)
);
#1578=DERIVED_UNIT((#1575,#1576));
#1579=MEASURE_REPRESENTATION_ITEM('density measure',
POSITIVE_RATIO_MEASURE(1060.),#1578);
#1580=PROPERTY_DEFINITION_REPRESENTATION(#1585,#1582);
#1581=PROPERTY_DEFINITION_REPRESENTATION(#1586,#1583);
#1582=REPRESENTATION('material name',(#1584),#2769);
#1583=REPRESENTATION('density',(#1579),#2769);
#1584=DESCRIPTIVE_REPRESENTATION_ITEM('ABS Plastic','ABS Plastic');
#1585=PROPERTY_DEFINITION('material property','material name',#2779);
#1586=PROPERTY_DEFINITION('material property','density of part',#2779);
#1587=AXIS2_PLACEMENT_3D('',#2078,#1686,#1687);
#1588=AXIS2_PLACEMENT_3D('',#2079,#1688,#1689);
#1589=AXIS2_PLACEMENT_3D('',#2151,#1695,#1696);
#1590=AXIS2_PLACEMENT_3D('',#2160,#1701,#1702);
#1591=AXIS2_PLACEMENT_3D('',#2163,#1705,#1706);
#1592=AXIS2_PLACEMENT_3D('',#2167,#1709,#1710);
#1593=AXIS2_PLACEMENT_3D('',#2175,#1714,#1715);
#1594=AXIS2_PLACEMENT_3D('',#2179,#1717,#1718);
#1595=AXIS2_PLACEMENT_3D('',#2183,#1720,#1721);
#1596=AXIS2_PLACEMENT_3D('',#2217,#1731,#1732);
#1597=AXIS2_PLACEMENT_3D('',#2226,#1737,#1738);
#1598=AXIS2_PLACEMENT_3D('',#2232,#1742,#1743);
#1599=AXIS2_PLACEMENT_3D('',#2241,#1748,#1749);
#1600=AXIS2_PLACEMENT_3D('',#2246,#1752,#1753);
#1601=AXIS2_PLACEMENT_3D('',#2247,#1754,#1755);
#1602=AXIS2_PLACEMENT_3D('',#2251,#1757,#1758);
#1603=AXIS2_PLACEMENT_3D('',#2253,#1760,#1761);
#1604=AXIS2_PLACEMENT_3D('',#2259,#1765,#1766);
#1605=AXIS2_PLACEMENT_3D('',#2262,#1767,#1768);
#1606=AXIS2_PLACEMENT_3D('',#2265,#1771,#1772);
#1607=AXIS2_PLACEMENT_3D('',#2267,#1774,#1775);
#1608=AXIS2_PLACEMENT_3D('',#2269,#1777,#1778);
#1609=AXIS2_PLACEMENT_3D('',#2271,#1780,#1781);
#1610=AXIS2_PLACEMENT_3D('',#2275,#1784,#1785);
#1611=AXIS2_PLACEMENT_3D('',#2277,#1786,#1787);
#1612=AXIS2_PLACEMENT_3D('',#2279,#1789,#1790);
#1613=AXIS2_PLACEMENT_3D('',#2285,#1794,#1795);
#1614=AXIS2_PLACEMENT_3D('',#2296,#1801,#1802);
#1615=AXIS2_PLACEMENT_3D('',#2308,#1808,#1809);
#1616=AXIS2_PLACEMENT_3D('',#2312,#1811,#1812);
#1617=AXIS2_PLACEMENT_3D('',#2314,#1814,#1815);
#1618=AXIS2_PLACEMENT_3D('',#2323,#1820,#1821);
#1619=AXIS2_PLACEMENT_3D('',#2329,#1825,#1826);
#1620=AXIS2_PLACEMENT_3D('',#2339,#1832,#1833);
#1621=AXIS2_PLACEMENT_3D('',#2345,#1837,#1838);
#1622=AXIS2_PLACEMENT_3D('',#2396,#1849,#1850);
#1623=AXIS2_PLACEMENT_3D('',#2402,#1854,#1855);
#1624=AXIS2_PLACEMENT_3D('',#2406,#1858,#1859);
#1625=AXIS2_PLACEMENT_3D('',#2408,#1861,#1862);
#1626=AXIS2_PLACEMENT_3D('',#2414,#1866,#1867);
#1627=AXIS2_PLACEMENT_3D('',#2418,#1870,#1871);
#1628=AXIS2_PLACEMENT_3D('',#2422,#1874,#1875);
#1629=AXIS2_PLACEMENT_3D('',#2426,#1878,#1879);
#1630=AXIS2_PLACEMENT_3D('',#2429,#1881,#1882);
#1631=AXIS2_PLACEMENT_3D('',#2562,#1885,#1886);
#1632=AXIS2_PLACEMENT_3D('',#2566,#1888,#1889);
#1633=AXIS2_PLACEMENT_3D('',#2568,#1891,#1892);
#1634=AXIS2_PLACEMENT_3D('',#2572,#1895,#1896);
#1635=AXIS2_PLACEMENT_3D('',#2574,#1897,#1898);
#1636=AXIS2_PLACEMENT_3D('',#2576,#1900,#1901);
#1637=AXIS2_PLACEMENT_3D('',#2580,#1904,#1905);
#1638=AXIS2_PLACEMENT_3D('',#2582,#1906,#1907);
#1639=AXIS2_PLACEMENT_3D('',#2584,#1909,#1910);
#1640=AXIS2_PLACEMENT_3D('',#2586,#1912,#1913);
#1641=AXIS2_PLACEMENT_3D('',#2588,#1915,#1916);
#1642=AXIS2_PLACEMENT_3D('',#2594,#1920,#1921);
#1643=AXIS2_PLACEMENT_3D('',#2595,#1922,#1923);
#1644=AXIS2_PLACEMENT_3D('',#2601,#1927,#1928);
#1645=AXIS2_PLACEMENT_3D('',#2604,#1931,#1932);
#1646=AXIS2_PLACEMENT_3D('',#2613,#1937,#1938);
#1647=AXIS2_PLACEMENT_3D('',#2622,#1943,#1944);
#1648=AXIS2_PLACEMENT_3D('',#2625,#1947,#1948);
#1649=AXIS2_PLACEMENT_3D('',#2628,#1951,#1952);
#1650=AXIS2_PLACEMENT_3D('',#2634,#1956,#1957);
#1651=AXIS2_PLACEMENT_3D('',#2640,#1961,#1962);
#1652=AXIS2_PLACEMENT_3D('',#2644,#1964,#1965);
#1653=AXIS2_PLACEMENT_3D('',#2652,#1970,#1971);
#1654=AXIS2_PLACEMENT_3D('',#2656,#1974,#1975);
#1655=AXIS2_PLACEMENT_3D('',#2667,#1978,#1979);
#1656=AXIS2_PLACEMENT_3D('',#2679,#1986,#1987);
#1657=AXIS2_PLACEMENT_3D('',#2689,#1989,#1990);
#1658=AXIS2_PLACEMENT_3D('',#2690,#1991,#1992);
#1659=AXIS2_PLACEMENT_3D('',#2693,#1994,#1995);
#1660=AXIS2_PLACEMENT_3D('',#2696,#1997,#1998);
#1661=AXIS2_PLACEMENT_3D('',#2697,#1999,#2000);
#1662=AXIS2_PLACEMENT_3D('',#2700,#2002,#2003);
#1663=AXIS2_PLACEMENT_3D('',#2701,#2004,#2005);
#1664=AXIS2_PLACEMENT_3D('',#2705,#2008,#2009);
#1665=AXIS2_PLACEMENT_3D('',#2706,#2010,#2011);
#1666=AXIS2_PLACEMENT_3D('',#2707,#2012,#2013);
#1667=AXIS2_PLACEMENT_3D('',#2711,#2016,#2017);
#1668=AXIS2_PLACEMENT_3D('',#2717,#2021,#2022);
#1669=AXIS2_PLACEMENT_3D('',#2719,#2023,#2024);
#1670=AXIS2_PLACEMENT_3D('',#2721,#2026,#2027);
#1671=AXIS2_PLACEMENT_3D('',#2725,#2030,#2031);
#1672=AXIS2_PLACEMENT_3D('',#2726,#2032,#2033);
#1673=AXIS2_PLACEMENT_3D('',#2727,#2034,#2035);
#1674=AXIS2_PLACEMENT_3D('',#2728,#2036,#2037);
#1675=AXIS2_PLACEMENT_3D('',#2732,#2040,#2041);
#1676=AXIS2_PLACEMENT_3D('',#2740,#2046,#2047);
#1677=AXIS2_PLACEMENT_3D('',#2742,#2049,#2050);
#1678=AXIS2_PLACEMENT_3D('',#2744,#2052,#2053);
#1679=AXIS2_PLACEMENT_3D('',#2748,#2055,#2056);
#1680=AXIS2_PLACEMENT_3D('',#2750,#2058,#2059);
#1681=AXIS2_PLACEMENT_3D('',#2754,#2062,#2063);
#1682=AXIS2_PLACEMENT_3D('',#2758,#2066,#2067);
#1683=AXIS2_PLACEMENT_3D('',#2762,#2070,#2071);
#1684=AXIS2_PLACEMENT_3D('',#2764,#2073,#2074);
#1685=AXIS2_PLACEMENT_3D('',#2766,#2076,#2077);
#1686=DIRECTION('axis',(0.,0.,1.));
#1687=DIRECTION('refdir',(1.,0.,0.));
#1688=DIRECTION('center_axis',(0.,-1.,0.));
#1689=DIRECTION('ref_axis',(1.,0.,0.));
#1690=DIRECTION('',(1.,0.,0.));
#1691=DIRECTION('',(0.,0.,1.));
#1692=DIRECTION('',(1.,0.,0.));
#1693=DIRECTION('',(0.,0.,1.));
#1694=DIRECTION('',(0.,0.,1.));
#1695=DIRECTION('center_axis',(-9.25185853854297E-17,1.,0.));
#1696=DIRECTION('ref_axis',(-1.,-9.25185853854297E-17,0.));
#1697=DIRECTION('',(-1.,-9.25185853854297E-17,0.));
#1698=DIRECTION('',(0.,0.,1.));
#1699=DIRECTION('',(-1.,-9.25185853854297E-17,0.));
#1700=DIRECTION('',(0.,0.,1.));
#1701=DIRECTION('center_axis',(1.,0.,0.));
#1702=DIRECTION('ref_axis',(0.,1.,0.));
#1703=DIRECTION('',(0.,1.,0.));
#1704=DIRECTION('',(0.,1.,0.));
#1705=DIRECTION('center_axis',(0.,0.,1.));
#1706=DIRECTION('ref_axis',(1.,0.,0.));
#1707=DIRECTION('',(-0.939692620785908,0.342020143325669,0.));
#1708=DIRECTION('',(0.,1.,0.));
#1709=DIRECTION('center_axis',(0.,0.,1.));
#1710=DIRECTION('ref_axis',(1.,0.,0.));
#1711=DIRECTION('',(0.,1.,0.));
#1712=DIRECTION('',(1.,0.,0.));
#1713=DIRECTION('',(0.,-1.,0.));
#1714=DIRECTION('center_axis',(0.,0.,1.));
#1715=DIRECTION('ref_axis',(-0.0646992656940394,-0.997904807593716,0.));
#1716=DIRECTION('',(3.8918331276042E-12,1.,0.));
#1717=DIRECTION('center_axis',(0.,0.,1.));
#1718=DIRECTION('ref_axis',(1.,0.,0.));
#1719=DIRECTION('',(0.,1.,0.));
#1720=DIRECTION('center_axis',(0.,0.,1.));
#1721=DIRECTION('ref_axis',(0.,-1.,0.));
#1722=DIRECTION('',(0.,1.,0.));
#1723=DIRECTION('',(1.,0.,0.));
#1724=DIRECTION('',(0.,-1.,0.));
#1725=DIRECTION('',(-1.,0.,0.));
#1726=DIRECTION('',(-9.32960524892944E-17,1.,0.));
#1727=DIRECTION('',(-1.,0.,0.));
#1728=DIRECTION('',(0.,-1.,0.));
#1729=DIRECTION('',(-1.,0.,0.));
#1730=DIRECTION('',(0.,1.,0.));
#1731=DIRECTION('center_axis',(-1.,0.,0.));
#1732=DIRECTION('ref_axis',(0.,-1.,0.));
#1733=DIRECTION('',(0.,0.,-1.));
#1734=DIRECTION('',(0.,-1.,0.));
#1735=DIRECTION('',(0.,0.,1.));
#1736=DIRECTION('',(0.,-1.,0.));
#1737=DIRECTION('center_axis',(-1.,0.,0.));
#1738=DIRECTION('ref_axis',(0.,-1.,0.));
#1739=DIRECTION('',(0.,-5.69345140833414E-16,1.));
#1740=DIRECTION('',(0.,0.,1.));
#1741=DIRECTION('',(0.,-1.,0.));
#1742=DIRECTION('center_axis',(1.,9.32960524892944E-17,0.));
#1743=DIRECTION('ref_axis',(-9.32960524892944E-17,1.,0.));
#1744=DIRECTION('',(0.,0.,1.));
#1745=DIRECTION('',(-9.32960524892944E-17,1.,0.));
#1746=DIRECTION('',(0.,0.,1.));
#1747=DIRECTION('',(-9.32960524892944E-17,1.,0.));
#1748=DIRECTION('center_axis',(0.,0.,-1.));
#1749=DIRECTION('ref_axis',(-1.,0.,0.));
#1750=DIRECTION('',(-1.,0.,0.));
#1751=DIRECTION('',(1.,-1.55045806178355E-12,0.));
#1752=DIRECTION('center_axis',(0.,0.,-1.));
#1753=DIRECTION('ref_axis',(-2.46716227695009E-16,1.,0.));
#1754=DIRECTION('center_axis',(0.,0.,-1.));
#1755=DIRECTION('ref_axis',(-1.,0.,0.));
#1756=DIRECTION('',(-1.,0.,0.));
#1757=DIRECTION('center_axis',(0.,0.,-1.));
#1758=DIRECTION('ref_axis',(-0.628539361056486,-0.777777777776342,0.));
#1759=DIRECTION('',(1.,-1.54911659159497E-12,0.));
#1760=DIRECTION('center_axis',(0.,0.,-1.));
#1761=DIRECTION('ref_axis',(-1.,0.,0.));
#1762=DIRECTION('',(1.,0.,0.));
#1763=DIRECTION('',(-1.,0.,0.));
#1764=DIRECTION('',(-9.32960524892944E-17,1.,0.));
#1765=DIRECTION('center_axis',(0.,0.,1.));
#1766=DIRECTION('ref_axis',(-0.628539361056486,-0.777777777776342,0.));
#1767=DIRECTION('center_axis',(0.,0.,-1.));
#1768=DIRECTION('ref_axis',(-0.628539361056486,-0.777777777776342,0.));
#1769=DIRECTION('',(0.,0.,1.));
#1770=DIRECTION('',(0.,0.,-1.));
#1771=DIRECTION('center_axis',(-1.54911659159497E-12,-1.,0.));
#1772=DIRECTION('ref_axis',(1.,-1.54911659159497E-12,0.));
#1773=DIRECTION('',(1.,-1.54911659159497E-12,0.));
#1774=DIRECTION('center_axis',(0.,1.,0.));
#1775=DIRECTION('ref_axis',(-1.,0.,0.));
#1776=DIRECTION('',(0.,0.,1.));
#1777=DIRECTION('center_axis',(1.,9.32960524892944E-17,0.));
#1778=DIRECTION('ref_axis',(-9.32960524892944E-17,1.,0.));
#1779=DIRECTION('',(-5.31176541437189E-32,5.69345140833414E-16,-1.));
#1780=DIRECTION('center_axis',(-1.55045806178355E-12,-1.,0.));
#1781=DIRECTION('ref_axis',(1.,-1.55045806178355E-12,0.));
#1782=DIRECTION('',(1.,-1.55045806178355E-12,0.));
#1783=DIRECTION('',(0.,0.,1.));
#1784=DIRECTION('center_axis',(0.,0.,1.));
#1785=DIRECTION('ref_axis',(-2.46716227695009E-16,1.,0.));
#1786=DIRECTION('center_axis',(0.,0.,-1.));
#1787=DIRECTION('ref_axis',(-2.46716227695009E-16,1.,0.));
#1788=DIRECTION('',(0.,0.,-1.));
#1789=DIRECTION('center_axis',(0.,1.,5.69345140833414E-16));
#1790=DIRECTION('ref_axis',(0.,5.69345140833414E-16,-1.));
#1791=DIRECTION('',(0.,5.69345140833414E-16,-1.));
#1792=DIRECTION('',(-1.,0.,0.));
#1793=DIRECTION('',(0.,-5.69345140833414E-16,1.));
#1794=DIRECTION('center_axis',(0.,0.,1.));
#1795=DIRECTION('ref_axis',(1.,0.,0.));
#1796=DIRECTION('',(1.,0.,0.));
#1797=DIRECTION('',(1.,0.,0.));
#1798=DIRECTION('',(0.,-1.,0.));
#1799=DIRECTION('',(1.,0.,0.));
#1800=DIRECTION('',(0.647941499029097,-0.761690103543381,0.));
#1801=DIRECTION('center_axis',(0.,0.,1.));
#1802=DIRECTION('ref_axis',(0.,-1.,0.));
#1803=DIRECTION('',(-1.,0.,0.));
#1804=DIRECTION('',(0.,-1.,0.));
#1805=DIRECTION('',(-1.,0.,0.));
#1806=DIRECTION('',(0.,1.,0.));
#1807=DIRECTION('',(1.,0.,0.));
#1808=DIRECTION('center_axis',(0.,0.,-1.));
#1809=DIRECTION('ref_axis',(6.21478506754175E-8,0.999999999999998,0.));
#1810=DIRECTION('',(-1.,-7.62246642718549E-13,0.));
#1811=DIRECTION('center_axis',(0.,0.,-1.));
#1812=DIRECTION('ref_axis',(5.67922612130406E-6,-0.999999999983873,0.));
#1813=DIRECTION('',(1.,1.10134199852592E-12,0.));
#1814=DIRECTION('center_axis',(0.,-1.,0.));
#1815=DIRECTION('ref_axis',(1.,0.,0.));
#1816=DIRECTION('',(-1.,0.,0.));
#1817=DIRECTION('',(0.,0.,1.));
#1818=DIRECTION('',(-1.,0.,0.));
#1819=DIRECTION('',(0.,0.,1.));
#1820=DIRECTION('center_axis',(-1.,0.,0.));
#1821=DIRECTION('ref_axis',(0.,-1.,0.));
#1822=DIRECTION('',(0.,1.,0.));
#1823=DIRECTION('',(0.,1.,0.));
#1824=DIRECTION('',(0.,0.,-1.));
#1825=DIRECTION('center_axis',(0.,1.,0.));
#1826=DIRECTION('ref_axis',(-1.,0.,0.));
#1827=DIRECTION('',(0.,0.,1.));
#1828=DIRECTION('',(1.,0.,0.));
#1829=DIRECTION('',(0.,0.,1.));
#1830=DIRECTION('',(0.,0.,1.));
#1831=DIRECTION('',(-1.,0.,0.));
#1832=DIRECTION('center_axis',(0.,1.,0.));
#1833=DIRECTION('ref_axis',(-1.,0.,0.));
#1834=DIRECTION('',(1.,0.,0.));
#1835=DIRECTION('',(0.,0.,1.));
#1836=DIRECTION('',(1.,0.,0.));
#1837=DIRECTION('center_axis',(0.,0.,1.));
#1838=DIRECTION('ref_axis',(1.,0.,0.));
#1839=DIRECTION('',(1.,0.,0.));
#1840=DIRECTION('',(-0.661437827766148,0.75,0.));
#1841=DIRECTION('',(0.,-1.,0.));
#1842=DIRECTION('',(1.,0.,0.));
#1843=DIRECTION('',(0.,1.,0.));
#1844=DIRECTION('',(-1.,4.34150070393123E-12,0.));
#1845=DIRECTION('',(9.91270557701032E-17,-1.,0.));
#1846=DIRECTION('',(1.,0.,0.));
#1847=DIRECTION('',(0.,1.,0.));
#1848=DIRECTION('',(0.,-1.,0.));
#1849=DIRECTION('center_axis',(0.,1.,0.));
#1850=DIRECTION('ref_axis',(-1.,0.,0.));
#1851=DIRECTION('',(0.,0.,1.));
#1852=DIRECTION('',(-1.,0.,0.));
#1853=DIRECTION('',(0.,0.,1.));
#1854=DIRECTION('center_axis',(-0.75,-0.661437827766148,0.));
#1855=DIRECTION('ref_axis',(0.661437827766148,-0.75,0.));
#1856=DIRECTION('',(-0.661437827766148,0.75,0.));
#1857=DIRECTION('',(0.,0.,1.));
#1858=DIRECTION('center_axis',(0.,0.,1.));
#1859=DIRECTION('ref_axis',(1.,0.,0.));
#1860=DIRECTION('',(0.,-1.,0.));
#1861=DIRECTION('center_axis',(-1.,0.,0.));
#1862=DIRECTION('ref_axis',(0.,-1.,0.));
#1863=DIRECTION('',(0.,0.,1.));
#1864=DIRECTION('',(0.,-1.,0.));
#1865=DIRECTION('',(0.,0.,1.));
#1866=DIRECTION('center_axis',(0.,1.,0.));
#1867=DIRECTION('ref_axis',(-1.,0.,0.));
#1868=DIRECTION('',(-1.,0.,0.));
#1869=DIRECTION('',(0.,0.,1.));
#1870=DIRECTION('center_axis',(1.,0.,0.));
#1871=DIRECTION('ref_axis',(0.,1.,0.));
#1872=DIRECTION('',(0.,1.,0.));
#1873=DIRECTION('',(0.,0.,1.));
#1874=DIRECTION('center_axis',(0.342020143325669,0.939692620785908,0.));
#1875=DIRECTION('ref_axis',(-0.939692620785908,0.342020143325669,0.));
#1876=DIRECTION('',(0.,0.,1.));
#1877=DIRECTION('',(-0.939692620785908,0.342020143325669,0.));
#1878=DIRECTION('center_axis',(0.,0.,1.));
#1879=DIRECTION('ref_axis',(1.,0.,0.));
#1880=DIRECTION('',(0.,-1.,0.));
#1881=DIRECTION('center_axis',(0.,0.,-1.));
#1882=DIRECTION('ref_axis',(-0.0646992656940394,-0.997904807593716,0.));
#1883=DIRECTION('',(0.,0.,1.));
#1884=DIRECTION('',(0.,0.,1.));
#1885=DIRECTION('center_axis',(0.,0.,1.));
#1886=DIRECTION('ref_axis',(-0.0646992656940394,-0.997904807593716,0.));
#1887=DIRECTION('',(0.,0.,1.));
#1888=DIRECTION('center_axis',(0.,0.,-1.));
#1889=DIRECTION('ref_axis',(-0.0646992656940394,-0.997904807593716,0.));
#1890=DIRECTION('',(0.,0.,1.));
#1891=DIRECTION('center_axis',(-1.,3.8918331276042E-12,0.));
#1892=DIRECTION('ref_axis',(-3.8918331276042E-12,-1.,0.));
#1893=DIRECTION('',(-3.8918331276042E-12,-1.,0.));
#1894=DIRECTION('',(0.,0.,1.));
#1895=DIRECTION('center_axis',(0.,0.,1.));
#1896=DIRECTION('ref_axis',(-0.0214654662848318,0.99976959033428,0.));
#1897=DIRECTION('center_axis',(0.,0.,1.));
#1898=DIRECTION('ref_axis',(1.,0.,0.));
#1899=DIRECTION('',(0.,0.,1.));
#1900=DIRECTION('center_axis',(1.,0.,0.));
#1901=DIRECTION('ref_axis',(0.,1.,0.));
#1902=DIRECTION('',(0.,1.,0.));
#1903=DIRECTION('',(0.,0.,1.));
#1904=DIRECTION('center_axis',(0.,0.,1.));
#1905=DIRECTION('ref_axis',(0.,-1.,0.));
#1906=DIRECTION('center_axis',(0.,0.,1.));
#1907=DIRECTION('ref_axis',(0.,-1.,0.));
#1908=DIRECTION('',(0.,0.,1.));
#1909=DIRECTION('center_axis',(1.,0.,0.));
#1910=DIRECTION('ref_axis',(0.,1.,0.));
#1911=DIRECTION('',(0.,1.,0.));
#1912=DIRECTION('center_axis',(0.,0.,1.));
#1913=DIRECTION('ref_axis',(1.,0.,0.));
#1914=DIRECTION('',(0.,-1.,0.));
#1915=DIRECTION('center_axis',(-4.34150070393123E-12,-1.,0.));
#1916=DIRECTION('ref_axis',(1.,-4.34150070393123E-12,0.));
#1917=DIRECTION('',(-1.,0.,0.));
#1918=DIRECTION('',(0.,0.,1.));
#1919=DIRECTION('',(0.,0.,1.));
#1920=DIRECTION('center_axis',(-1.,0.,0.));
#1921=DIRECTION('ref_axis',(0.,-1.,0.));
#1922=DIRECTION('center_axis',(0.,-1.,0.));
#1923=DIRECTION('ref_axis',(0.,0.,1.));
#1924=DIRECTION('',(0.,0.,-1.));
#1925=DIRECTION('',(-1.,0.,0.));
#1926=DIRECTION('',(0.,0.,1.));
#1927=DIRECTION('center_axis',(0.,0.,1.));
#1928=DIRECTION('ref_axis',(0.,1.,0.));
#1929=DIRECTION('',(0.,-1.,0.));
#1930=DIRECTION('',(0.,1.,0.));
#1931=DIRECTION('center_axis',(0.,0.,-1.));
#1932=DIRECTION('ref_axis',(0.,-1.,0.));
#1933=DIRECTION('',(0.,-1.,0.));
#1934=DIRECTION('',(-1.,0.,0.));
#1935=DIRECTION('',(0.,1.,0.));
#1936=DIRECTION('',(-1.,0.,0.));
#1937=DIRECTION('center_axis',(0.,0.,-1.));
#1938=DIRECTION('ref_axis',(0.,-1.,0.));
#1939=DIRECTION('',(-9.91270557701032E-17,1.,0.));
#1940=DIRECTION('',(-1.,0.,0.));
#1941=DIRECTION('',(0.,-1.,0.));
#1942=DIRECTION('',(-1.,0.,0.));
#1943=DIRECTION('center_axis',(0.,1.,0.));
#1944=DIRECTION('ref_axis',(0.,0.,-1.));
#1945=DIRECTION('',(0.,0.,-1.));
#1946=DIRECTION('',(0.,0.,1.));
#1947=DIRECTION('center_axis',(0.,1.,0.));
#1948=DIRECTION('ref_axis',(0.,0.,-1.));
#1949=DIRECTION('',(0.,0.,1.));
#1950=DIRECTION('',(0.,0.,-1.));
#1951=DIRECTION('center_axis',(0.,-1.,0.));
#1952=DIRECTION('ref_axis',(0.,0.,1.));
#1953=DIRECTION('',(0.,0.,1.));
#1954=DIRECTION('',(0.,0.,-1.));
#1955=DIRECTION('',(-1.,0.,0.));
#1956=DIRECTION('center_axis',(0.,-1.,0.));
#1957=DIRECTION('ref_axis',(0.,0.,1.));
#1958=DIRECTION('',(0.,0.,-1.));
#1959=DIRECTION('',(-1.,0.,0.));
#1960=DIRECTION('',(0.,0.,1.));
#1961=DIRECTION('center_axis',(-1.,-9.91270557701033E-17,0.));
#1962=DIRECTION('ref_axis',(9.91270557701032E-17,-1.,0.));
#1963=DIRECTION('',(9.91270557701032E-17,-1.,0.));
#1964=DIRECTION('center_axis',(1.,9.91270557701033E-17,0.));
#1965=DIRECTION('ref_axis',(-1.09592453616128E-12,-0.707106781186546,0.707106781186549));
#1966=DIRECTION('',(0.,0.,-1.));
#1967=DIRECTION('',(9.91270557701032E-17,-1.,0.));
#1968=DIRECTION('',(0.,0.,1.));
#1969=DIRECTION('',(9.91270557701032E-17,-1.,0.));
#1970=DIRECTION('center_axis',(-1.,0.,0.));
#1971=DIRECTION('ref_axis',(0.,-1.,0.));
#1972=DIRECTION('',(0.,0.,1.));
#1973=DIRECTION('',(0.,-1.,0.));
#1974=DIRECTION('center_axis',(1.,-1.55050575553366E-12,0.));
#1975=DIRECTION('ref_axis',(-1.09592453616128E-12,-0.707106781186546,0.707106781186549));
#1976=DIRECTION('',(1.,-1.55050575553366E-12,0.));
#1977=DIRECTION('',(-1.,1.55050575553366E-12,0.));
#1978=DIRECTION('center_axis',(-1.55050575553366E-12,-1.,0.));
#1979=DIRECTION('ref_axis',(1.,-1.55050575553366E-12,0.));
#1980=DIRECTION('',(0.,0.,1.));
#1981=DIRECTION('',(1.,-1.55050575553366E-12,0.));
#1982=DIRECTION('',(0.,0.,1.));
#1983=DIRECTION('',(1.,-1.55050575553366E-12,0.));
#1984=DIRECTION('',(0.,0.,1.));
#1985=DIRECTION('',(-1.,-1.24523326273511E-12,0.));
#1986=DIRECTION('center_axis',(1.,-1.55050575553366E-12,0.));
#1987=DIRECTION('ref_axis',(-1.09592453616128E-12,-0.707106781186546,0.707106781186549));
#1988=DIRECTION('',(-1.,1.55050575553366E-12,0.));
#1989=DIRECTION('center_axis',(-1.,0.,0.));
#1990=DIRECTION('ref_axis',(-1.09592453616128E-12,-0.707106781186546,0.707106781186549));
#1991=DIRECTION('center_axis',(0.,0.,1.));
#1992=DIRECTION('ref_axis',(1.,0.,0.));
#1993=DIRECTION('',(0.,1.,0.));
#1994=DIRECTION('center_axis',(0.,0.,1.));
#1995=DIRECTION('ref_axis',(0.,1.,0.));
#1996=DIRECTION('',(-1.,4.44089209850063E-15,0.));
#1997=DIRECTION('center_axis',(0.,0.,1.));
#1998=DIRECTION('ref_axis',(-3.25665420555831E-14,-1.,0.));
#1999=DIRECTION('center_axis',(0.,0.,1.));
#2000=DIRECTION('ref_axis',(-3.25665420555831E-14,-1.,0.));
#2001=DIRECTION('',(0.,0.,1.));
#2002=DIRECTION('center_axis',(0.,0.,1.));
#2003=DIRECTION('ref_axis',(-3.25665420555831E-14,-1.,0.));
#2004=DIRECTION('center_axis',(4.44089209850063E-15,1.,0.));
#2005=DIRECTION('ref_axis',(-1.,4.44089209850063E-15,0.));
#2006=DIRECTION('',(0.,0.,1.));
#2007=DIRECTION('',(-1.,4.44089209850063E-15,0.));
#2008=DIRECTION('center_axis',(0.,0.,1.));
#2009=DIRECTION('ref_axis',(0.,1.,0.));
#2010=DIRECTION('center_axis',(0.,0.,1.));
#2011=DIRECTION('ref_axis',(0.,1.,0.));
#2012=DIRECTION('center_axis',(0.,0.,1.));
#2013=DIRECTION('ref_axis',(1.,0.,0.));
#2014=DIRECTION('',(0.,1.,0.));
#2015=DIRECTION('',(-1.,0.,0.));
#2016=DIRECTION('center_axis',(-7.62246642718548E-13,1.,0.));
#2017=DIRECTION('ref_axis',(-1.,-7.62246642718549E-13,0.));
#2018=DIRECTION('',(0.,0.,1.));
#2019=DIRECTION('',(-1.,-7.62246642718549E-13,0.));
#2020=DIRECTION('',(0.,0.,1.));
#2021=DIRECTION('center_axis',(0.,0.,1.));
#2022=DIRECTION('ref_axis',(5.67922612130406E-6,-0.999999999983873,0.));
#2023=DIRECTION('center_axis',(0.,0.,-1.));
#2024=DIRECTION('ref_axis',(5.67922612130406E-6,-0.999999999983873,0.));
#2025=DIRECTION('',(0.,0.,1.));
#2026=DIRECTION('center_axis',(1.10134199852592E-12,-1.,0.));
#2027=DIRECTION('ref_axis',(1.,1.10134199852592E-12,0.));
#2028=DIRECTION('',(1.,1.10134199852592E-12,0.));
#2029=DIRECTION('',(0.,0.,1.));
#2030=DIRECTION('center_axis',(0.,0.,1.));
#2031=DIRECTION('ref_axis',(-0.99999999999968,-8.0041574692217E-7,0.));
#2032=DIRECTION('center_axis',(0.,0.,-1.));
#2033=DIRECTION('ref_axis',(6.21478506754175E-8,0.999999999999998,0.));
#2034=DIRECTION('center_axis',(0.,0.,1.));
#2035=DIRECTION('ref_axis',(1.,0.,0.));
#2036=DIRECTION('center_axis',(0.,1.,0.));
#2037=DIRECTION('ref_axis',(-1.,0.,0.));
#2038=DIRECTION('',(0.,0.,1.));
#2039=DIRECTION('',(-1.,0.,0.));
#2040=DIRECTION('center_axis',(1.,0.,0.));
#2041=DIRECTION('ref_axis',(0.,1.,0.));
#2042=DIRECTION('',(0.,1.,0.));
#2043=DIRECTION('',(0.,0.,1.));
#2044=DIRECTION('',(0.,-1.,0.));
#2045=DIRECTION('',(0.,0.,1.));
#2046=DIRECTION('center_axis',(1.,0.,0.));
#2047=DIRECTION('ref_axis',(0.,1.,0.));
#2048=DIRECTION('',(0.,1.,0.));
#2049=DIRECTION('center_axis',(0.,0.,1.));
#2050=DIRECTION('ref_axis',(1.,0.,0.));
#2051=DIRECTION('',(1.,0.,0.));
#2052=DIRECTION('center_axis',(0.,0.,1.));
#2053=DIRECTION('ref_axis',(0.,-1.,0.));
#2054=DIRECTION('',(0.,0.,1.));
#2055=DIRECTION('center_axis',(0.,0.,-1.));
#2056=DIRECTION('ref_axis',(0.,-1.,0.));
#2057=DIRECTION('',(0.,0.,-1.));
#2058=DIRECTION('center_axis',(0.,-1.,0.));
#2059=DIRECTION('ref_axis',(1.,0.,0.));
#2060=DIRECTION('',(1.,0.,0.));
#2061=DIRECTION('',(0.,0.,1.));
#2062=DIRECTION('center_axis',(0.,-1.,0.));
#2063=DIRECTION('ref_axis',(1.,0.,0.));
#2064=DIRECTION('',(0.,0.,1.));
#2065=DIRECTION('',(1.,0.,0.));
#2066=DIRECTION('center_axis',(0.,1.,0.));
#2067=DIRECTION('ref_axis',(-1.,0.,0.));
#2068=DIRECTION('',(-1.,0.,0.));
#2069=DIRECTION('',(0.,0.,1.));
#2070=DIRECTION('center_axis',(0.761690103543381,0.647941499029097,0.));
#2071=DIRECTION('ref_axis',(-0.647941499029097,0.761690103543381,0.));
#2072=DIRECTION('',(-0.647941499029097,0.761690103543381,0.));
#2073=DIRECTION('center_axis',(-1.,0.,0.));
#2074=DIRECTION('ref_axis',(0.,-1.,0.));
#2075=DIRECTION('',(0.,-1.,0.));
#2076=DIRECTION('center_axis',(0.,0.,1.));
#2077=DIRECTION('ref_axis',(1.,0.,0.));
#2078=CARTESIAN_POINT('',(0.,0.,0.));
#2079=CARTESIAN_POINT('Origin',(-24.0433055896223,-8.,0.));
#2080=CARTESIAN_POINT('',(-24.0433055896223,-8.,0.));
#2081=CARTESIAN_POINT('',(-2.,-8.,0.));
#2082=CARTESIAN_POINT('',(-3.16809940421786,-8.,0.));
#2083=CARTESIAN_POINT('',(-24.0433055896223,-8.,2.));
#2084=CARTESIAN_POINT('',(-24.0433055896223,-8.,0.));
#2085=CARTESIAN_POINT('',(-2.,-8.,2.));
#2086=CARTESIAN_POINT('',(-30.,-8.,2.));
#2087=CARTESIAN_POINT('',(-2.,-8.,0.));
#2088=CARTESIAN_POINT('Ctrl Pts',(-25.9335450365041,19.1824229651356,0.));
#2089=CARTESIAN_POINT('Ctrl Pts',(-25.9335450365041,19.1824229651356,2.));
#2090=CARTESIAN_POINT('Ctrl Pts',(-25.7753938803386,18.8730221345188,0.));
#2091=CARTESIAN_POINT('Ctrl Pts',(-25.7753938803386,18.8730221345188,2.));
#2092=CARTESIAN_POINT('Ctrl Pts',(-25.4705255710564,18.2319648110494,0.));
#2093=CARTESIAN_POINT('Ctrl Pts',(-25.4705255710564,18.2319648110494,2.));
#2094=CARTESIAN_POINT('Ctrl Pts',(-25.0475251714823,17.203611731687,0.));
#2095=CARTESIAN_POINT('Ctrl Pts',(-25.0475251714823,17.203611731687,2.));
#2096=CARTESIAN_POINT('Ctrl Pts',(-24.5532570816169,15.6967439022713,0.));
#2097=CARTESIAN_POINT('Ctrl Pts',(-24.5532570816169,15.6967439022713,2.));
#2098=CARTESIAN_POINT('Ctrl Pts',(-24.0584628235101,13.5736668150947,0.));
#2099=CARTESIAN_POINT('Ctrl Pts',(-24.0584628235101,13.5736668150947,2.));
#2100=CARTESIAN_POINT('Ctrl Pts',(-23.6943668596384,11.1961926388876,0.));
#2101=CARTESIAN_POINT('Ctrl Pts',(-23.6943668596384,11.1961926388876,2.));
#2102=CARTESIAN_POINT('Ctrl Pts',(-23.465307252133,8.5558775727153,0.));
#2103=CARTESIAN_POINT('Ctrl Pts',(-23.465307252133,8.5558775727153,2.));
#2104=CARTESIAN_POINT('Ctrl Pts',(-23.3650539529834,5.66484806464834,0.));
#2105=CARTESIAN_POINT('Ctrl Pts',(-23.3650539529834,5.66484806464834,2.));
#2106=CARTESIAN_POINT('Ctrl Pts',(-23.3818474667364,2.54599333010632,0.));
#2107=CARTESIAN_POINT('Ctrl Pts',(-23.3818474667364,2.54599333010632,2.));
#2108=CARTESIAN_POINT('Ctrl Pts',(-23.5032322621068,-0.776442619771165,
0.));
#2109=CARTESIAN_POINT('Ctrl Pts',(-23.5032322621068,-0.776442619771165,
2.));
#2110=CARTESIAN_POINT('Ctrl Pts',(-23.6756786234443,-3.58103370255374,0.));
#2111=CARTESIAN_POINT('Ctrl Pts',(-23.6756786234443,-3.58103370255374,2.));
#2112=CARTESIAN_POINT('Ctrl Pts',(-23.844418414548,-5.76117673337715,0.));
#2113=CARTESIAN_POINT('Ctrl Pts',(-23.844418414548,-5.76117673337715,2.));
#2114=CARTESIAN_POINT('Ctrl Pts',(-23.9741385866817,-7.24813679220125,0.));
#2115=CARTESIAN_POINT('Ctrl Pts',(-23.9741385866817,-7.24813679220125,2.));
#2116=CARTESIAN_POINT('Ctrl Pts',(-24.0433055896223,-8.,0.));
#2117=CARTESIAN_POINT('Ctrl Pts',(-24.0433055896223,-8.,2.));
#2118=CARTESIAN_POINT('',(-25.9335450365041,19.1824229651356,0.));
#2119=CARTESIAN_POINT('Ctrl Pts',(-25.9335450365041,19.1824229651356,0.));
#2120=CARTESIAN_POINT('Ctrl Pts',(-25.7753938803386,18.8730221345188,0.));
#2121=CARTESIAN_POINT('Ctrl Pts',(-25.4705255710564,18.2319648110494,0.));
#2122=CARTESIAN_POINT('Ctrl Pts',(-25.0475251714823,17.203611731687,0.));
#2123=CARTESIAN_POINT('Ctrl Pts',(-24.5532570816169,15.6967439022713,0.));
#2124=CARTESIAN_POINT('Ctrl Pts',(-24.0584628235101,13.5736668150947,0.));
#2125=CARTESIAN_POINT('Ctrl Pts',(-23.6943668596384,11.1961926388876,0.));
#2126=CARTESIAN_POINT('Ctrl Pts',(-23.465307252133,8.5558775727153,0.));
#2127=CARTESIAN_POINT('Ctrl Pts',(-23.3650539529834,5.66484806464834,0.));
#2128=CARTESIAN_POINT('Ctrl Pts',(-23.3818474667364,2.54599333010632,0.));
#2129=CARTESIAN_POINT('Ctrl Pts',(-23.5032322621068,-0.776442619771165,
0.));
#2130=CARTESIAN_POINT('Ctrl Pts',(-23.6756786234443,-3.58103370255374,0.));
#2131=CARTESIAN_POINT('Ctrl Pts',(-23.844418414548,-5.76117673337715,0.));
#2132=CARTESIAN_POINT('Ctrl Pts',(-23.9741385866817,-7.24813679220125,0.));
#2133=CARTESIAN_POINT('Ctrl Pts',(-24.0433055896223,-8.,0.));
#2134=CARTESIAN_POINT('',(-25.9335450365041,19.1824229651356,2.));
#2135=CARTESIAN_POINT('',(-25.9335450365041,19.1824229651356,0.));
#2136=CARTESIAN_POINT('Ctrl Pts',(-25.9335450365041,19.1824229651356,2.));
#2137=CARTESIAN_POINT('Ctrl Pts',(-25.7753938803386,18.8730221345188,2.));
#2138=CARTESIAN_POINT('Ctrl Pts',(-25.4705255710564,18.2319648110494,2.));
#2139=CARTESIAN_POINT('Ctrl Pts',(-25.0475251714823,17.203611731687,2.));
#2140=CARTESIAN_POINT('Ctrl Pts',(-24.5532570816169,15.6967439022713,2.));
#2141=CARTESIAN_POINT('Ctrl Pts',(-24.0584628235101,13.5736668150947,2.));
#2142=CARTESIAN_POINT('Ctrl Pts',(-23.6943668596384,11.1961926388876,2.));
#2143=CARTESIAN_POINT('Ctrl Pts',(-23.465307252133,8.5558775727153,2.));
#2144=CARTESIAN_POINT('Ctrl Pts',(-23.3650539529834,5.66484806464834,2.));
#2145=CARTESIAN_POINT('Ctrl Pts',(-23.3818474667364,2.54599333010632,2.));
#2146=CARTESIAN_POINT('Ctrl Pts',(-23.5032322621068,-0.776442619771165,
2.));
#2147=CARTESIAN_POINT('Ctrl Pts',(-23.6756786234443,-3.58103370255374,2.));
#2148=CARTESIAN_POINT('Ctrl Pts',(-23.844418414548,-5.76117673337715,2.));
#2149=CARTESIAN_POINT('Ctrl Pts',(-23.9741385866817,-7.24813679220125,2.));
#2150=CARTESIAN_POINT('Ctrl Pts',(-24.0433055896223,-8.,2.));
#2151=CARTESIAN_POINT('Origin',(-2.,-3.00000004470348,0.));
#2152=CARTESIAN_POINT('',(-2.,-3.00000004470348,0.));
#2153=CARTESIAN_POINT('',(-6.2,-3.00000004470348,0.));
#2154=CARTESIAN_POINT('',(7.85355339059327,-3.00000004470348,0.));
#2155=CARTESIAN_POINT('',(-2.,-3.00000004470348,2.));
#2156=CARTESIAN_POINT('',(-2.,-3.00000004470348,0.));
#2157=CARTESIAN_POINT('',(-6.2,-3.00000004470348,2.));
#2158=CARTESIAN_POINT('',(-0.200000000000002,-3.00000004470348,2.));
#2159=CARTESIAN_POINT('',(-6.2,-3.00000004470348,0.));
#2160=CARTESIAN_POINT('Origin',(-2.,-8.,0.));
#2161=CARTESIAN_POINT('',(-2.,-18.125,0.));
#2162=CARTESIAN_POINT('',(-2.,-5.,2.));
#2163=CARTESIAN_POINT('Origin',(-13.966772518252,5.59121148256779,2.));
#2164=CARTESIAN_POINT('',(-6.2,11.9999999552965,2.));
#2165=CARTESIAN_POINT('',(-8.59924390586406,12.8732533217756,2.));
#2166=CARTESIAN_POINT('',(-6.2,-3.00000004470348,2.));
#2167=CARTESIAN_POINT('Origin',(17.7071067811865,-28.25,0.));
#2168=CARTESIAN_POINT('',(-6.2,21.9999999552965,0.));
#2169=CARTESIAN_POINT('',(-6.2,-15.6250000223517,0.));
#2170=CARTESIAN_POINT('',(-0.200000000000002,21.9999999552965,0.));
#2171=CARTESIAN_POINT('',(-6.2,21.9999999552965,0.));
#2172=CARTESIAN_POINT('',(-0.200000000000002,-3.00000004470348,0.));
#2173=CARTESIAN_POINT('',(-0.200000000000002,21.9999999552965,0.));
#2174=CARTESIAN_POINT('',(27.6210267255913,24.8210307297143,0.));
#2175=CARTESIAN_POINT('Origin',(-0.200000000000002,24.8210267255913,0.));
#2176=CARTESIAN_POINT('',(27.6210267256215,32.5991946602597,0.));
#2177=CARTESIAN_POINT('',(27.6210267255913,24.8210307297143,0.));
#2178=CARTESIAN_POINT('',(29.6210267255913,32.6421354868102,0.));
#2179=CARTESIAN_POINT('Origin',(28.6,33.6,0.));
#2180=CARTESIAN_POINT('',(29.6210267255913,24.8210267255913,0.));
#2181=CARTESIAN_POINT('',(29.6210267255913,24.8210267255913,0.));
#2182=CARTESIAN_POINT('',(-0.200000000000002,-5.,0.));
#2183=CARTESIAN_POINT('Origin',(-0.200000000000002,24.8210267255913,0.));
#2184=CARTESIAN_POINT('',(-0.200000000000002,-8.,0.));
#2185=CARTESIAN_POINT('',(-0.200000000000002,-8.,0.));
#2186=CARTESIAN_POINT('',(6.,-8.,0.));
#2187=CARTESIAN_POINT('',(-30.,-8.,0.));
#2188=CARTESIAN_POINT('',(6.,-11.0000014173853,0.));
#2189=CARTESIAN_POINT('',(6.,-8.,0.));
#2190=CARTESIAN_POINT('',(3.9,-11.0000014173853,0.));
#2191=CARTESIAN_POINT('',(11.8535533905933,-11.0000014173853,0.));
#2192=CARTESIAN_POINT('',(3.9,-10.1,0.));
#2193=CARTESIAN_POINT('',(3.9,-25.1250000000137,0.));
#2194=CARTESIAN_POINT('',(-27.9,-10.1,0.));
#2195=CARTESIAN_POINT('',(10.8035533905933,-10.1,0.));
#2196=CARTESIAN_POINT('',(-27.9,-11.0000014173853,0.));
#2197=CARTESIAN_POINT('',(-27.9,-19.175,0.));
#2198=CARTESIAN_POINT('',(-30.,-11.0000014173853,0.));
#2199=CARTESIAN_POINT('',(11.8535533905933,-11.0000014173853,0.));
#2200=CARTESIAN_POINT('',(-30.,-8.,0.));
#2201=CARTESIAN_POINT('',(-30.,-29.,0.));
#2202=CARTESIAN_POINT('Ctrl Pts',(-25.9335450365041,19.1824229651356,0.));
#2203=CARTESIAN_POINT('Ctrl Pts',(-25.9347342325522,18.4808483820779,0.));
#2204=CARTESIAN_POINT('Ctrl Pts',(-25.9437234482192,17.0907267053774,0.));
#2205=CARTESIAN_POINT('Ctrl Pts',(-25.9770385348923,15.0446242789556,0.));
#2206=CARTESIAN_POINT('Ctrl Pts',(-26.0617841084824,12.3959542809299,0.));
#2207=CARTESIAN_POINT('Ctrl Pts',(-26.239835724953,9.22723795186629,0.));
#2208=CARTESIAN_POINT('Ctrl Pts',(-26.4975832692743,6.2155728352202,0.));
#2209=CARTESIAN_POINT('Ctrl Pts',(-26.8436114199792,3.3778761588901,0.));
#2210=CARTESIAN_POINT('Ctrl Pts',(-27.2855323531393,0.729148707928108,0.));
#2211=CARTESIAN_POINT('Ctrl Pts',(-27.8253517022905,-1.72665715537657,0.));
#2212=CARTESIAN_POINT('Ctrl Pts',(-28.4582743044625,-3.99899092459288,0.));
#2213=CARTESIAN_POINT('Ctrl Pts',(-29.0342013854877,-5.67972374743146,0.));
#2214=CARTESIAN_POINT('Ctrl Pts',(-29.502998914506,-6.86765126559944,0.));
#2215=CARTESIAN_POINT('Ctrl Pts',(-29.8316470108012,-7.62784345748511,0.));
#2216=CARTESIAN_POINT('Ctrl Pts',(-30.,-8.,0.));
#2217=CARTESIAN_POINT('Origin',(-27.9,-10.1,0.));
#2218=CARTESIAN_POINT('',(-27.9,-14.0000014173853,3.));
#2219=CARTESIAN_POINT('',(-27.9,-14.0000014173853,0.));
#2220=CARTESIAN_POINT('',(-27.9,-14.0000014173853,0.));
#2221=CARTESIAN_POINT('',(-27.9,-21.9999999999781,3.));
#2222=CARTESIAN_POINT('',(-27.9,-10.1,3.));
#2223=CARTESIAN_POINT('',(-27.9,-21.9999999999781,0.));
#2224=CARTESIAN_POINT('',(-27.9,-21.9999999999781,0.));
#2225=CARTESIAN_POINT('',(-27.9,-19.175,0.));
#2226=CARTESIAN_POINT('Origin',(-27.9,-10.1,0.));
#2227=CARTESIAN_POINT('',(-27.9,-11.0000014173853,3.));
#2228=CARTESIAN_POINT('',(-27.9,-11.0000014173853,1.95));
#2229=CARTESIAN_POINT('',(-27.9,-10.1,3.));
#2230=CARTESIAN_POINT('',(-27.9,-10.1,0.));
#2231=CARTESIAN_POINT('',(-27.9,-10.1,3.));
#2232=CARTESIAN_POINT('Origin',(3.9,-22.0000000000274,0.));
#2233=CARTESIAN_POINT('',(3.9,-14.0000014173853,0.));
#2234=CARTESIAN_POINT('',(3.9,-14.0000014173853,3.));
#2235=CARTESIAN_POINT('',(3.9,-14.0000014173853,0.));
#2236=CARTESIAN_POINT('',(3.9,-22.0000000000274,0.));
#2237=CARTESIAN_POINT('',(3.9,-25.1250000000137,0.));
#2238=CARTESIAN_POINT('',(3.9,-22.0000000000274,3.));
#2239=CARTESIAN_POINT('',(3.9,-22.0000000000274,0.));
#2240=CARTESIAN_POINT('',(3.9,-22.0000000000274,3.));
#2241=CARTESIAN_POINT('Origin',(-12.,-16.0500000000137,3.));
#2242=CARTESIAN_POINT('',(-5.9,-14.0000000000097,3.));
#2243=CARTESIAN_POINT('',(-3.,-14.0000014173853,3.));
#2244=CARTESIAN_POINT('',(-3.07157287526866,-21.9999999999996,3.));
#2245=CARTESIAN_POINT('',(-3.07157287525493,-22.0000000000166,3.));
#2246=CARTESIAN_POINT('Origin',(-5.9,-18.5,3.));
#2247=CARTESIAN_POINT('Origin',(-12.,-16.0500000000137,3.));
#2248=CARTESIAN_POINT('',(-19.9,-14.0000000000096,3.));
#2249=CARTESIAN_POINT('',(-3.,-14.0000014173853,3.));
#2250=CARTESIAN_POINT('',(-22.7284271247482,-21.9999999999861,3.));
#2251=CARTESIAN_POINT('Origin',(-19.9,-18.5,3.));
#2252=CARTESIAN_POINT('',(-27.9,-21.9999999999781,3.));
#2253=CARTESIAN_POINT('Origin',(-12.,-16.0500000000137,3.));
#2254=CARTESIAN_POINT('',(3.9,-11.0000014173853,3.));
#2255=CARTESIAN_POINT('',(-3.,-11.0000014173853,3.));
#2256=CARTESIAN_POINT('',(3.9,-10.1,3.));
#2257=CARTESIAN_POINT('',(3.9,-10.1,3.));
#2258=CARTESIAN_POINT('',(3.9,-22.0000000000274,3.));
#2259=CARTESIAN_POINT('Origin',(-19.9,-18.5,0.));
#2260=CARTESIAN_POINT('',(-22.7284271247482,-21.9999999999861,0.));
#2261=CARTESIAN_POINT('',(-19.9,-14.0000000000096,0.));
#2262=CARTESIAN_POINT('Origin',(-19.9,-18.5,0.));
#2263=CARTESIAN_POINT('',(-22.7284271247482,-21.9999999999861,0.));
#2264=CARTESIAN_POINT('',(-19.9,-14.0000014173853,0.));
#2265=CARTESIAN_POINT('Origin',(-27.9,-21.9999999999781,0.));
#2266=CARTESIAN_POINT('',(-5.09644660940189,-22.0000000000134,0.));
#2267=CARTESIAN_POINT('Origin',(3.9,-10.1,0.));
#2268=CARTESIAN_POINT('',(3.9,-10.1,0.));
#2269=CARTESIAN_POINT('Origin',(3.9,-22.0000000000274,0.));
#2270=CARTESIAN_POINT('',(3.9,-11.0000014173853,1.95));
#2271=CARTESIAN_POINT('Origin',(-3.07157287525493,-22.0000000000166,0.));
#2272=CARTESIAN_POINT('',(-3.07157287526866,-21.9999999999996,0.));
#2273=CARTESIAN_POINT('',(7.31776695297066,-22.0000000000327,0.));
#2274=CARTESIAN_POINT('',(-3.07157287526866,-21.9999999999996,0.));
#2275=CARTESIAN_POINT('Origin',(-5.9,-18.5,0.));
#2276=CARTESIAN_POINT('',(-5.9,-14.0000000000097,0.));
#2277=CARTESIAN_POINT('Origin',(-5.9,-18.5,0.));
#2278=CARTESIAN_POINT('',(-5.9,-14.0000014173853,0.));
#2279=CARTESIAN_POINT('Origin',(6.,-11.0000014173853,3.9));
#2280=CARTESIAN_POINT('',(6.,-11.0000014173853,3.9));
#2281=CARTESIAN_POINT('',(6.,-11.0000014173853,1.95000000000001));
#2282=CARTESIAN_POINT('',(-30.,-11.0000014173853,3.9));
#2283=CARTESIAN_POINT('',(6.,-11.0000014173853,3.9));
#2284=CARTESIAN_POINT('',(-30.,-11.0000014173853,1.95));
#2285=CARTESIAN_POINT('Origin',(17.7071067811865,-28.25,0.));
#2286=CARTESIAN_POINT('',(11.8535533905933,-14.0000014173853,0.));
#2287=CARTESIAN_POINT('',(6.,-14.0000014173853,0.));
#2288=CARTESIAN_POINT('',(11.8535533905933,-14.0000014173853,0.));
#2289=CARTESIAN_POINT('',(6.,-21.5,0.));
#2290=CARTESIAN_POINT('',(6.,-8.,0.));
#2291=CARTESIAN_POINT('',(18.4285714285714,-21.5,0.));
#2292=CARTESIAN_POINT('',(6.,-21.5,0.));
#2293=CARTESIAN_POINT('',(27.8097563433576,-32.5280877514564,0.));
#2294=CARTESIAN_POINT('',(18.4285714285714,-21.5,0.));
#2295=CARTESIAN_POINT('',(26.6672211880425,-35.,0.));
#2296=CARTESIAN_POINT('Origin',(26.6672211880425,-33.5,0.));
#2297=CARTESIAN_POINT('',(18.,-35.,0.));
#2298=CARTESIAN_POINT('',(28.,-35.,0.));
#2299=CARTESIAN_POINT('',(18.,-29.,0.));
#2300=CARTESIAN_POINT('',(18.,-29.,0.));
#2301=CARTESIAN_POINT('',(-30.,-29.,0.));
#2302=CARTESIAN_POINT('',(6.,-29.,0.));
#2303=CARTESIAN_POINT('',(-30.,-14.0000014173853,0.));
#2304=CARTESIAN_POINT('',(-30.,-29.,0.));
#2305=CARTESIAN_POINT('',(11.8535533905933,-14.0000014173853,0.));
#2306=CARTESIAN_POINT('',(-19.8999941795723,-21.9999999999848,0.));
#2307=CARTESIAN_POINT('',(-19.8999997824825,-15.0000000000104,0.));
#2308=CARTESIAN_POINT('Origin',(-19.9,-18.5,0.));
#2309=CARTESIAN_POINT('',(-5.89998012270857,-22.0000000000295,0.));
#2310=CARTESIAN_POINT('',(-19.8999941793626,-22.0000000000402,0.));
#2311=CARTESIAN_POINT('',(-5.90000941924275,-14.999999999995,0.));
#2312=CARTESIAN_POINT('Origin',(-5.9,-18.5,0.));
#2313=CARTESIAN_POINT('',(-5.90000941924275,-14.999999999995,0.));
#2314=CARTESIAN_POINT('Origin',(-4.,-10.0000001490116,2.3));
#2315=CARTESIAN_POINT('',(-2.00000002980232,-10.0000001490116,10.));
#2316=CARTESIAN_POINT('',(-4.,-10.0000001490116,10.));
#2317=CARTESIAN_POINT('',(-8.,-10.0000001490116,10.));
#2318=CARTESIAN_POINT('',(-2.00000002980232,-10.0000001490116,2.3));
#2319=CARTESIAN_POINT('',(-2.00000002980232,-10.0000001490116,2.3));
#2320=CARTESIAN_POINT('',(-4.,-10.0000001490116,2.3));
#2321=CARTESIAN_POINT('',(-2.00000002980232,-10.0000001490116,2.3));
#2322=CARTESIAN_POINT('',(-4.,-10.0000001490116,2.3));
#2323=CARTESIAN_POINT('Origin',(-4.,-8.,2.3));
#2324=CARTESIAN_POINT('',(-4.,-8.,10.));
#2325=CARTESIAN_POINT('',(-4.,-13.775,10.));
#2326=CARTESIAN_POINT('',(-4.,-8.,2.3));
#2327=CARTESIAN_POINT('',(-4.,-10.0000001490116,2.3));
#2328=CARTESIAN_POINT('',(-4.,-8.,1.15));
#2329=CARTESIAN_POINT('Origin',(6.,-8.,0.));
#2330=CARTESIAN_POINT('',(-2.,-8.,6.));
#2331=CARTESIAN_POINT('',(-2.00000002980232,-8.,10.));
#2332=CARTESIAN_POINT('',(-2.00000002980232,-8.,1.15));
#2333=CARTESIAN_POINT('',(6.,-8.,10.));
#2334=CARTESIAN_POINT('',(-9.4630064794363,-8.,10.));
#2335=CARTESIAN_POINT('',(6.,-8.,0.));
#2336=CARTESIAN_POINT('',(-0.200000000000002,-8.,6.));
#2337=CARTESIAN_POINT('',(-0.200000000000001,-8.,0.));
#2338=CARTESIAN_POINT('',(10.,-8.,6.));
#2339=CARTESIAN_POINT('Origin',(6.,-8.,0.));
#2340=CARTESIAN_POINT('',(-24.0433055896223,-8.,2.3));
#2341=CARTESIAN_POINT('',(-8.55,-8.,2.3));
#2342=CARTESIAN_POINT('',(-24.0433055896223,-8.,10.));
#2343=CARTESIAN_POINT('',(-24.0433055896223,-8.,0.));
#2344=CARTESIAN_POINT('',(-9.4630064794363,-8.,10.));
#2345=CARTESIAN_POINT('Origin',(-12.,-19.55,10.));
#2346=CARTESIAN_POINT('',(-25.9335450365041,19.1824229651356,10.));
#2347=CARTESIAN_POINT('Ctrl Pts',(-24.0433055896223,-8.,10.));
#2348=CARTESIAN_POINT('Ctrl Pts',(-23.9741385866817,-7.24813679220125,10.));
#2349=CARTESIAN_POINT('Ctrl Pts',(-23.844418414548,-5.76117673337715,10.));
#2350=CARTESIAN_POINT('Ctrl Pts',(-23.6756786234443,-3.58103370255374,10.));
#2351=CARTESIAN_POINT('Ctrl Pts',(-23.5032322621068,-0.776442619771165,
10.));
#2352=CARTESIAN_POINT('Ctrl Pts',(-23.3818474667364,2.54599333010632,10.));
#2353=CARTESIAN_POINT('Ctrl Pts',(-23.3650539529834,5.66484806464834,10.));
#2354=CARTESIAN_POINT('Ctrl Pts',(-23.465307252133,8.5558775727153,10.));
#2355=CARTESIAN_POINT('Ctrl Pts',(-23.6943668596384,11.1961926388876,10.));
#2356=CARTESIAN_POINT('Ctrl Pts',(-24.0584628235101,13.5736668150947,10.));
#2357=CARTESIAN_POINT('Ctrl Pts',(-24.5532570816169,15.6967439022713,10.));
#2358=CARTESIAN_POINT('Ctrl Pts',(-25.0475251714823,17.203611731687,10.));
#2359=CARTESIAN_POINT('Ctrl Pts',(-25.4705255710564,18.2319648110494,10.));
#2360=CARTESIAN_POINT('Ctrl Pts',(-25.7753938803386,18.8730221345188,10.));
#2361=CARTESIAN_POINT('Ctrl Pts',(-25.9335450365041,19.1824229651356,10.));
#2362=CARTESIAN_POINT('',(-30.,-8.,10.));
#2363=CARTESIAN_POINT('Ctrl Pts',(-25.9335450365041,19.1824229651356,10.));
#2364=CARTESIAN_POINT('Ctrl Pts',(-25.9347342325522,18.4808483820779,10.));
#2365=CARTESIAN_POINT('Ctrl Pts',(-25.9437234482192,17.0907267053774,10.));
#2366=CARTESIAN_POINT('Ctrl Pts',(-25.9770385348923,15.0446242789556,10.));
#2367=CARTESIAN_POINT('Ctrl Pts',(-26.0617841084824,12.3959542809299,10.));
#2368=CARTESIAN_POINT('Ctrl Pts',(-26.239835724953,9.22723795186629,10.));
#2369=CARTESIAN_POINT('Ctrl Pts',(-26.4975832692743,6.2155728352202,10.));
#2370=CARTESIAN_POINT('Ctrl Pts',(-26.8436114199792,3.3778761588901,10.));
#2371=CARTESIAN_POINT('Ctrl Pts',(-27.2855323531393,0.729148707928108,10.));
#2372=CARTESIAN_POINT('Ctrl Pts',(-27.8253517022905,-1.72665715537657,10.));
#2373=CARTESIAN_POINT('Ctrl Pts',(-28.4582743044625,-3.99899092459288,10.));
#2374=CARTESIAN_POINT('Ctrl Pts',(-29.0342013854877,-5.67972374743146,10.));
#2375=CARTESIAN_POINT('Ctrl Pts',(-29.502998914506,-6.86765126559944,10.));
#2376=CARTESIAN_POINT('Ctrl Pts',(-29.8316470108012,-7.62784345748511,10.));
#2377=CARTESIAN_POINT('Ctrl Pts',(-30.,-8.,10.));
#2378=CARTESIAN_POINT('',(-31.8520259177452,-8.,10.));
#2379=CARTESIAN_POINT('',(-9.4630064794363,-8.,10.));
#2380=CARTESIAN_POINT('',(-30.,-10.1,10.));
#2381=CARTESIAN_POINT('',(-28.3265194383089,-11.9975485957723,10.));
#2382=CARTESIAN_POINT('',(-30.,-11.0000014173853,10.));
#2383=CARTESIAN_POINT('',(-30.,-29.,10.));
#2384=CARTESIAN_POINT('',(-27.9,-11.0000014173853,10.));
#2385=CARTESIAN_POINT('',(-3.,-11.0000014173853,10.));
#2386=CARTESIAN_POINT('',(-27.9,-10.1,10.));
#2387=CARTESIAN_POINT('',(-27.9,-26.9,10.));
#2388=CARTESIAN_POINT('',(3.9,-10.1,10.));
#2389=CARTESIAN_POINT('',(-2.28095320407303E-12,-10.0999999999831,10.));
#2390=CARTESIAN_POINT('',(3.9,-11.0000014173853,10.));
#2391=CARTESIAN_POINT('',(3.9,-10.1,10.));
#2392=CARTESIAN_POINT('',(6.,-11.0000014173853,10.));
#2393=CARTESIAN_POINT('',(-3.,-11.0000014173853,10.));
#2394=CARTESIAN_POINT('',(6.,-8.,10.));
#2395=CARTESIAN_POINT('',(-2.00000002980232,-14.7750000745058,10.));
#2396=CARTESIAN_POINT('Origin',(-2.,-8.,2.3));
#2397=CARTESIAN_POINT('',(-30.,-8.,2.3));
#2398=CARTESIAN_POINT('',(-30.,-8.,0.));
#2399=CARTESIAN_POINT('',(-31.8520259177452,-8.,2.3));
#2400=CARTESIAN_POINT('',(-2.,-8.,2.3));
#2401=CARTESIAN_POINT('',(-31.8520259177452,-8.,2.3));
#2402=CARTESIAN_POINT('Origin',(-31.8520259177452,-8.,2.3));
#2403=CARTESIAN_POINT('',(-30.,-10.1,2.3));
#2404=CARTESIAN_POINT('',(-30.,-10.1,2.3));
#2405=CARTESIAN_POINT('',(-30.,-10.1,0.));
#2406=CARTESIAN_POINT('Origin',(-16.9260129588726,-9.05,2.3));
#2407=CARTESIAN_POINT('',(-30.,-29.,2.3));
#2408=CARTESIAN_POINT('Origin',(-6.2,21.9999999552965,0.));
#2409=CARTESIAN_POINT('',(-6.2,11.9999999552965,2.3));
#2410=CARTESIAN_POINT('',(-6.2,11.9999999552965,0.));
#2411=CARTESIAN_POINT('',(-6.2,21.9999999552965,2.3));
#2412=CARTESIAN_POINT('',(-6.2,-3.00000004470348,2.3));
#2413=CARTESIAN_POINT('',(-6.2,21.9999999552965,0.));
#2414=CARTESIAN_POINT('Origin',(-0.200000000000002,21.9999999552965,0.));
#2415=CARTESIAN_POINT('',(-0.200000000000002,21.9999999552965,2.3));
#2416=CARTESIAN_POINT('',(-6.2,21.9999999552965,2.3));
#2417=CARTESIAN_POINT('',(-0.200000000000002,21.9999999552965,0.));
#2418=CARTESIAN_POINT('Origin',(-0.200000000000002,-3.00000004470348,0.));
#2419=CARTESIAN_POINT('',(-0.200000000000002,-3.00000004470348,2.3));
#2420=CARTESIAN_POINT('',(-0.200000000000002,21.9999999552965,2.3));
#2421=CARTESIAN_POINT('',(-0.200000000000002,-3.,0.));
#2422=CARTESIAN_POINT('Origin',(-6.2,11.9999999552965,0.));
#2423=CARTESIAN_POINT('',(-25.9335450365041,19.1824229651356,2.3));
#2424=CARTESIAN_POINT('',(-25.9335450365041,19.1824229651356,0.));
#2425=CARTESIAN_POINT('',(-6.2,11.9999999552965,2.3));
#2426=CARTESIAN_POINT('Origin',(-15.1,5.94999997764826,2.3));
#2427=CARTESIAN_POINT('',(-2.,-2.94170959606952,2.3));
#2428=CARTESIAN_POINT('',(-2.,-1.02500001117587,2.3));
#2429=CARTESIAN_POINT('Origin',(-0.200000000000002,24.8210267255913,2.3));
#2430=CARTESIAN_POINT('Ctrl Pts',(-24.0433055896223,-8.,2.3));
#2431=CARTESIAN_POINT('Ctrl Pts',(-23.9942556500203,-7.4668144727461,2.3));
#2432=CARTESIAN_POINT('Ctrl Pts',(-23.9478028571857,-6.93868414977981,2.3));
#2433=CARTESIAN_POINT('Ctrl Pts',(-23.9039589170808,-6.41563181611771,2.3));
#2434=CARTESIAN_POINT('Ctrl Pts',(-23.8602613846568,-5.89432610648033,2.3));
#2435=CARTESIAN_POINT('Ctrl Pts',(-23.8191553019769,-5.37806451218632,2.3));
#2436=CARTESIAN_POINT('Ctrl Pts',(-23.7806758889847,-4.86691558693143,2.3));
#2437=CARTESIAN_POINT('Ctrl Pts',(-23.7420746210394,-4.35414797720448,2.3));
#2438=CARTESIAN_POINT('Ctrl Pts',(-23.7061166668095,-3.84652543320746,2.3));
#2439=CARTESIAN_POINT('Ctrl Pts',(-23.6728617066041,-3.34416411940129,2.3));
#2440=CARTESIAN_POINT('Ctrl Pts',(-23.6390930986928,-2.83404345977937,2.3));
#2441=CARTESIAN_POINT('Ctrl Pts',(-23.6081116704574,-2.32934789311911,2.3));
#2442=CARTESIAN_POINT('Ctrl Pts',(-23.5800045531589,-1.83024701565994,2.3));
#2443=CARTESIAN_POINT('Ctrl Pts',(-23.5513433182995,-1.32130661755667,2.3));
#2444=CARTESIAN_POINT('Ctrl Pts',(-23.5256708810018,-0.818183750614912,
2.3));
#2445=CARTESIAN_POINT('Ctrl Pts',(-23.5031044758696,-0.321106605585387,
2.3));
#2446=CARTESIAN_POINT('Ctrl Pts',(-23.4793938402542,0.201174856149534,2.3));
#2447=CARTESIAN_POINT('Ctrl Pts',(-23.4591123483864,0.716781676930513,2.3));
#2448=CARTESIAN_POINT('Ctrl Pts',(-23.4424222651815,1.22539801696552,2.3));
#2449=CARTESIAN_POINT('Ctrl Pts',(-23.4243160114933,1.77717096917524,2.3));
#2450=CARTESIAN_POINT('Ctrl Pts',(-23.4104366926458,2.32071642365584,2.3));
#2451=CARTESIAN_POINT('Ctrl Pts',(-23.401019044253,2.85557748035906,2.3));
#2452=CARTESIAN_POINT('Ctrl Pts',(-23.3886506627959,3.55802094606903,2.3));
#2453=CARTESIAN_POINT('Ctrl Pts',(-23.3839784847934,4.24548417223578,2.3));
#2454=CARTESIAN_POINT('Ctrl Pts',(-23.3875779573748,4.91684708246171,2.3));
#2455=CARTESIAN_POINT('Ctrl Pts',(-23.3906057164412,5.48157568985735,2.3));
#2456=CARTESIAN_POINT('Ctrl Pts',(-23.3994884032005,6.03490800038195,2.3));
#2457=CARTESIAN_POINT('Ctrl Pts',(-23.4145683233603,6.57617773467775,2.3));
#2458=CARTESIAN_POINT('Ctrl Pts',(-23.4263969725945,7.00074827352811,2.3));
#2459=CARTESIAN_POINT('Ctrl Pts',(-23.4420392086751,7.41789587393685,2.3));
#2460=CARTESIAN_POINT('Ctrl Pts',(-23.4616459103218,7.82732685871939,2.3));
#2461=CARTESIAN_POINT('Ctrl Pts',(-23.4793617950924,8.1972734350816,2.3));
#2462=CARTESIAN_POINT('Ctrl Pts',(-23.5003146390017,8.56091944733144,2.3));
#2463=CARTESIAN_POINT('Ctrl Pts',(-23.5245976402497,8.91808349026427,2.3));
#2464=CARTESIAN_POINT('Ctrl Pts',(-23.5472976832849,9.25196475405007,2.3));
#2465=CARTESIAN_POINT('Ctrl Pts',(-23.5729080476867,9.58018123630089,2.3));
#2466=CARTESIAN_POINT('Ctrl Pts',(-23.6014851318073,9.9026231607056,2.3));
#2467=CARTESIAN_POINT('Ctrl Pts',(-23.6286818004321,10.209489534188,2.3));
#2468=CARTESIAN_POINT('Ctrl Pts',(-23.658565636487,10.5111254830807,2.3));
#2469=CARTESIAN_POINT('Ctrl Pts',(-23.691164451449,10.8074768738636,2.3));
#2470=CARTESIAN_POINT('Ctrl Pts',(-23.7237719708258,11.1039073952968,2.3));
#2471=CARTESIAN_POINT('Ctrl Pts',(-23.759096123957,11.3950501375501,2.3));
#2472=CARTESIAN_POINT('Ctrl Pts',(-23.7971402952687,11.6808985130231,2.3));
#2473=CARTESIAN_POINT('Ctrl Pts',(-23.8378904007755,11.9870781736084,2.3));
#2474=CARTESIAN_POINT('Ctrl Pts',(-23.8817610031773,12.2871839574757,2.3));
#2475=CARTESIAN_POINT('Ctrl Pts',(-23.9287280147443,12.5812627500751,2.3));
#2476=CARTESIAN_POINT('Ctrl Pts',(-23.9813236998937,12.910584865079,2.3));
#2477=CARTESIAN_POINT('Ctrl Pts',(-24.037802080238,13.2323495260169,2.3));
#2478=CARTESIAN_POINT('Ctrl Pts',(-24.0980992632461,13.5466810962099,2.3));
#2479=CARTESIAN_POINT('Ctrl Pts',(-24.1718063985052,13.9309192712723,2.3));
#2480=CARTESIAN_POINT('Ctrl Pts',(-24.2512192660038,14.3040515502632,2.3));
#2481=CARTESIAN_POINT('Ctrl Pts',(-24.3361866592476,14.6663722483626,2.3));
#2482=CARTESIAN_POINT('Ctrl Pts',(-24.4384999923549,15.1026600625589,2.3));
#2483=CARTESIAN_POINT('Ctrl Pts',(-24.5488646771161,15.5232763606463,2.3));
#2484=CARTESIAN_POINT('Ctrl Pts',(-24.6669947381091,15.9287777781603,2.3));
#2485=CARTESIAN_POINT('Ctrl Pts',(-24.7581750884418,16.2417697549569,2.3));
#2486=CARTESIAN_POINT('Ctrl Pts',(-24.8539809737289,16.545758380681,2.3));
#2487=CARTESIAN_POINT('Ctrl Pts',(-24.9542920316981,16.8409779339199,2.3));
#2488=CARTESIAN_POINT('Ctrl Pts',(-25.046812834161,17.1132704460457,2.3));
#2489=CARTESIAN_POINT('Ctrl Pts',(-25.1431658279084,17.3781038072083,2.3));
#2490=CARTESIAN_POINT('Ctrl Pts',(-25.2432745903042,17.6356267698936,2.3));
#2491=CARTESIAN_POINT('Ctrl Pts',(-25.3394449781857,17.8830185327836,2.3));
#2492=CARTESIAN_POINT('Ctrl Pts',(-25.4390812435305,18.12366415455,2.3));
#2493=CARTESIAN_POINT('Ctrl Pts',(-25.5421374889231,18.3576529720042,2.3));
#2494=CARTESIAN_POINT('Ctrl Pts',(-25.6413786279297,18.5829796047618,2.3));
#2495=CARTESIAN_POINT('Ctrl Pts',(-25.7437911486109,18.8021333163585,2.3));
#2496=CARTESIAN_POINT('Ctrl Pts',(-25.8493563453024,19.0151505163482,2.3));
#2497=CARTESIAN_POINT('Ctrl Pts',(-25.8771998124969,19.0713351075361,2.3));
#2498=CARTESIAN_POINT('Ctrl Pts',(-25.9052627301751,19.1270925503469,2.3));
#2499=CARTESIAN_POINT('Ctrl Pts',(-25.9335450365041,19.1824229651356,2.3));
#2500=CARTESIAN_POINT('Ctrl Pts',(-24.0433055896223,-8.,0.));
#2501=CARTESIAN_POINT('Ctrl Pts',(-24.0433055896223,-8.,10.));
#2502=CARTESIAN_POINT('Ctrl Pts',(-23.9741385866817,-7.24813679220125,0.));
#2503=CARTESIAN_POINT('Ctrl Pts',(-23.9741385866817,-7.24813679220125,10.));
#2504=CARTESIAN_POINT('Ctrl Pts',(-23.844418414548,-5.76117673337715,0.));
#2505=CARTESIAN_POINT('Ctrl Pts',(-23.844418414548,-5.76117673337715,10.));
#2506=CARTESIAN_POINT('Ctrl Pts',(-23.6756786234443,-3.58103370255374,0.));
#2507=CARTESIAN_POINT('Ctrl Pts',(-23.6756786234443,-3.58103370255374,10.));
#2508=CARTESIAN_POINT('Ctrl Pts',(-23.5032322621068,-0.776442619771165,
0.));
#2509=CARTESIAN_POINT('Ctrl Pts',(-23.5032322621068,-0.776442619771165,
10.));
#2510=CARTESIAN_POINT('Ctrl Pts',(-23.3818474667364,2.54599333010632,0.));
#2511=CARTESIAN_POINT('Ctrl Pts',(-23.3818474667364,2.54599333010632,10.));
#2512=CARTESIAN_POINT('Ctrl Pts',(-23.3650539529834,5.66484806464834,0.));
#2513=CARTESIAN_POINT('Ctrl Pts',(-23.3650539529834,5.66484806464834,10.));
#2514=CARTESIAN_POINT('Ctrl Pts',(-23.465307252133,8.5558775727153,0.));
#2515=CARTESIAN_POINT('Ctrl Pts',(-23.465307252133,8.5558775727153,10.));
#2516=CARTESIAN_POINT('Ctrl Pts',(-23.6943668596384,11.1961926388876,0.));
#2517=CARTESIAN_POINT('Ctrl Pts',(-23.6943668596384,11.1961926388876,10.));
#2518=CARTESIAN_POINT('Ctrl Pts',(-24.0584628235101,13.5736668150947,0.));
#2519=CARTESIAN_POINT('Ctrl Pts',(-24.0584628235101,13.5736668150947,10.));
#2520=CARTESIAN_POINT('Ctrl Pts',(-24.5532570816169,15.6967439022713,0.));
#2521=CARTESIAN_POINT('Ctrl Pts',(-24.5532570816169,15.6967439022713,10.));
#2522=CARTESIAN_POINT('Ctrl Pts',(-25.0475251714823,17.203611731687,0.));
#2523=CARTESIAN_POINT('Ctrl Pts',(-25.0475251714823,17.203611731687,10.));
#2524=CARTESIAN_POINT('Ctrl Pts',(-25.4705255710564,18.2319648110494,0.));
#2525=CARTESIAN_POINT('Ctrl Pts',(-25.4705255710564,18.2319648110494,10.));
#2526=CARTESIAN_POINT('Ctrl Pts',(-25.7753938803386,18.8730221345188,0.));
#2527=CARTESIAN_POINT('Ctrl Pts',(-25.7753938803386,18.8730221345188,10.));
#2528=CARTESIAN_POINT('Ctrl Pts',(-25.9335450365041,19.1824229651356,0.));
#2529=CARTESIAN_POINT('Ctrl Pts',(-25.9335450365041,19.1824229651356,10.));
#2530=CARTESIAN_POINT('',(-25.9335450365041,19.1824229651356,0.));
#2531=CARTESIAN_POINT('Ctrl Pts',(-25.9335450365041,19.1824229651356,0.));
#2532=CARTESIAN_POINT('Ctrl Pts',(-25.9335450365041,19.1824229651356,10.));
#2533=CARTESIAN_POINT('Ctrl Pts',(-25.9347342325522,18.4808483820779,0.));
#2534=CARTESIAN_POINT('Ctrl Pts',(-25.9347342325522,18.4808483820779,10.));
#2535=CARTESIAN_POINT('Ctrl Pts',(-25.9437234482192,17.0907267053774,0.));
#2536=CARTESIAN_POINT('Ctrl Pts',(-25.9437234482192,17.0907267053774,10.));
#2537=CARTESIAN_POINT('Ctrl Pts',(-25.9770385348923,15.0446242789556,0.));
#2538=CARTESIAN_POINT('Ctrl Pts',(-25.9770385348923,15.0446242789556,10.));
#2539=CARTESIAN_POINT('Ctrl Pts',(-26.0617841084824,12.3959542809299,0.));
#2540=CARTESIAN_POINT('Ctrl Pts',(-26.0617841084824,12.3959542809299,10.));
#2541=CARTESIAN_POINT('Ctrl Pts',(-26.239835724953,9.22723795186629,0.));
#2542=CARTESIAN_POINT('Ctrl Pts',(-26.239835724953,9.22723795186629,10.));
#2543=CARTESIAN_POINT('Ctrl Pts',(-26.4975832692743,6.2155728352202,0.));
#2544=CARTESIAN_POINT('Ctrl Pts',(-26.4975832692743,6.2155728352202,10.));
#2545=CARTESIAN_POINT('Ctrl Pts',(-26.8436114199792,3.3778761588901,0.));
#2546=CARTESIAN_POINT('Ctrl Pts',(-26.8436114199792,3.3778761588901,10.));
#2547=CARTESIAN_POINT('Ctrl Pts',(-27.2855323531393,0.729148707928108,0.));
#2548=CARTESIAN_POINT('Ctrl Pts',(-27.2855323531393,0.729148707928108,10.));
#2549=CARTESIAN_POINT('Ctrl Pts',(-27.8253517022905,-1.72665715537657,0.));
#2550=CARTESIAN_POINT('Ctrl Pts',(-27.8253517022905,-1.72665715537657,10.));
#2551=CARTESIAN_POINT('Ctrl Pts',(-28.4582743044625,-3.99899092459288,0.));
#2552=CARTESIAN_POINT('Ctrl Pts',(-28.4582743044625,-3.99899092459288,10.));
#2553=CARTESIAN_POINT('Ctrl Pts',(-29.0342013854877,-5.67972374743146,0.));
#2554=CARTESIAN_POINT('Ctrl Pts',(-29.0342013854877,-5.67972374743146,10.));
#2555=CARTESIAN_POINT('Ctrl Pts',(-29.502998914506,-6.86765126559944,0.));
#2556=CARTESIAN_POINT('Ctrl Pts',(-29.502998914506,-6.86765126559944,10.));
#2557=CARTESIAN_POINT('Ctrl Pts',(-29.8316470108012,-7.62784345748511,0.));
#2558=CARTESIAN_POINT('Ctrl Pts',(-29.8316470108012,-7.62784345748511,10.));
#2559=CARTESIAN_POINT('Ctrl Pts',(-30.,-8.,0.));
#2560=CARTESIAN_POINT('Ctrl Pts',(-30.,-8.,10.));
#2561=CARTESIAN_POINT('',(-30.,-8.,0.));
#2562=CARTESIAN_POINT('Origin',(-0.200000000000002,24.8210267255913,0.));
#2563=CARTESIAN_POINT('',(-2.,-2.94170959606952,6.));
#2564=CARTESIAN_POINT('',(-2.,-2.94170959606952,0.));
#2565=CARTESIAN_POINT('',(27.6210267255913,24.8210307297143,6.));
#2566=CARTESIAN_POINT('Origin',(-0.200000000000002,24.8210267255913,6.));
#2567=CARTESIAN_POINT('',(27.6210267255913,24.8210307297143,0.));
#2568=CARTESIAN_POINT('Origin',(27.6210267256215,32.5991946602597,0.));
#2569=CARTESIAN_POINT('',(27.6210267256215,32.5991946602597,6.));
#2570=CARTESIAN_POINT('',(27.6210267255913,24.8210307297143,6.));
#2571=CARTESIAN_POINT('',(27.6210267256215,32.5991946602597,0.));
#2572=CARTESIAN_POINT('Origin',(28.6,33.6,0.));
#2573=CARTESIAN_POINT('',(29.6210267255913,32.6421354868102,6.));
#2574=CARTESIAN_POINT('Origin',(28.6,33.6,6.));
#2575=CARTESIAN_POINT('',(29.6210267255913,32.6421354868102,0.));
#2576=CARTESIAN_POINT('Origin',(29.6210267255913,24.8210267255913,0.));
#2577=CARTESIAN_POINT('',(29.6210267255913,24.8210267255913,6.));
#2578=CARTESIAN_POINT('',(29.6210267255913,24.8210267255913,6.));
#2579=CARTESIAN_POINT('',(29.6210267255913,24.8210267255913,0.));
#2580=CARTESIAN_POINT('Origin',(-0.200000000000002,24.8210267255913,0.));
#2581=CARTESIAN_POINT('',(-0.200000000000002,-5.,6.));
#2582=CARTESIAN_POINT('Origin',(-0.200000000000002,24.8210267255913,6.));
#2583=CARTESIAN_POINT('',(-0.200000000000002,-5.,0.));
#2584=CARTESIAN_POINT('Origin',(-0.200000000000002,-8.,0.));
#2585=CARTESIAN_POINT('',(-0.200000000000002,-8.,6.));
#2586=CARTESIAN_POINT('Origin',(14.,13.5,6.));
#2587=CARTESIAN_POINT('',(-2.,-5.,6.));
#2588=CARTESIAN_POINT('Origin',(-2.,-10.0999999999744,0.));
#2589=CARTESIAN_POINT('',(3.9,-10.1,5.));
#2590=CARTESIAN_POINT('',(-27.9,-10.1,5.));
#2591=CARTESIAN_POINT('',(-27.9,-10.1,5.));
#2592=CARTESIAN_POINT('',(3.9,-10.1,0.));
#2593=CARTESIAN_POINT('',(-27.9,-10.1,0.));
#2594=CARTESIAN_POINT('Origin',(-2.,-8.,0.));
#2595=CARTESIAN_POINT('Origin',(6.,-14.0000014173853,0.));
#2596=CARTESIAN_POINT('',(-30.,-14.0000014173853,3.9));
#2597=CARTESIAN_POINT('',(-30.,-14.0000014173853,0.));
#2598=CARTESIAN_POINT('',(6.,-14.0000014173853,3.9));
#2599=CARTESIAN_POINT('',(6.,-14.0000014173853,3.9));
#2600=CARTESIAN_POINT('',(6.,-14.0000014173853,0.));
#2601=CARTESIAN_POINT('Origin',(6.,-14.0000014173853,3.9));
#2602=CARTESIAN_POINT('',(-30.,-12.0500007086926,3.9));
#2603=CARTESIAN_POINT('',(6.,-21.5000007086926,3.9));
#2604=CARTESIAN_POINT('Origin',(6.,-11.0000014173853,6.1));
#2605=CARTESIAN_POINT('',(-27.9,-11.0000014173853,6.1));
#2606=CARTESIAN_POINT('',(-27.9,-14.0000014173853,6.1));
#2607=CARTESIAN_POINT('',(-27.9,-18.9500007086926,6.1));
#2608=CARTESIAN_POINT('',(-30.,-11.0000014173853,6.1));
#2609=CARTESIAN_POINT('',(6.,-11.0000014173853,6.1));
#2610=CARTESIAN_POINT('',(-30.,-14.0000014173853,6.1));
#2611=CARTESIAN_POINT('',(-30.,-10.5500007086926,6.1));
#2612=CARTESIAN_POINT('',(6.,-14.0000014173853,6.1));
#2613=CARTESIAN_POINT('Origin',(6.,-11.0000014173853,6.1));
#2614=CARTESIAN_POINT('',(3.9,-14.0000014173853,6.1));
#2615=CARTESIAN_POINT('',(3.9,-11.0000014173853,6.1));
#2616=CARTESIAN_POINT('',(3.9,-10.5500007086926,6.1));
#2617=CARTESIAN_POINT('',(6.,-14.0000014173853,6.1));
#2618=CARTESIAN_POINT('',(6.,-14.0000014173853,6.1));
#2619=CARTESIAN_POINT('',(6.,-11.0000014173853,6.1));
#2620=CARTESIAN_POINT('',(6.,-20.0000007086926,6.1));
#2621=CARTESIAN_POINT('',(6.,-11.0000014173853,6.1));
#2622=CARTESIAN_POINT('Origin',(6.,-11.0000014173853,10.));
#2623=CARTESIAN_POINT('',(-27.9,-11.0000014173853,5.));
#2624=CARTESIAN_POINT('',(-30.,-11.0000014173853,5.));
#2625=CARTESIAN_POINT('Origin',(6.,-11.0000014173853,10.));
#2626=CARTESIAN_POINT('',(3.9,-11.0000014173853,5.));
#2627=CARTESIAN_POINT('',(6.,-11.0000014173853,5.));
#2628=CARTESIAN_POINT('Origin',(6.,-14.0000014173853,6.1));
#2629=CARTESIAN_POINT('',(-27.9,-14.0000014173853,10.));
#2630=CARTESIAN_POINT('',(-27.9,-14.0000014173853,3.05));
#2631=CARTESIAN_POINT('',(-30.,-14.0000014173853,10.));
#2632=CARTESIAN_POINT('',(-30.,-14.0000014173853,3.05));
#2633=CARTESIAN_POINT('',(-3.,-14.0000014173853,10.));
#2634=CARTESIAN_POINT('Origin',(6.,-14.0000014173853,6.1));
#2635=CARTESIAN_POINT('',(3.9,-14.0000014173853,10.));
#2636=CARTESIAN_POINT('',(3.9,-14.0000014173853,3.05));
#2637=CARTESIAN_POINT('',(6.,-14.0000014173853,10.));
#2638=CARTESIAN_POINT('',(-3.,-14.0000014173853,10.));
#2639=CARTESIAN_POINT('',(6.,-14.0000014173853,3.05));
#2640=CARTESIAN_POINT('Origin',(3.9,-10.1,0.));
#2641=CARTESIAN_POINT('',(3.9,-22.0000000000274,5.));
#2642=CARTESIAN_POINT('',(3.9,-13.3250000000186,5.));
#2643=CARTESIAN_POINT('',(3.9,-23.0000000000434,4.));
#2644=CARTESIAN_POINT('Origin',(3.89999999998154,-22.0000000000274,4.));
#2645=CARTESIAN_POINT('',(3.89999999997046,-23.0000000000434,1.));
#2646=CARTESIAN_POINT('',(3.9,-23.0000000000434,0.));
#2647=CARTESIAN_POINT('',(3.9,-26.9,1.));
#2648=CARTESIAN_POINT('',(3.9,-17.5250000000109,1.));
#2649=CARTESIAN_POINT('',(3.9,-26.9,10.));
#2650=CARTESIAN_POINT('',(3.9,-26.9,0.));
#2651=CARTESIAN_POINT('',(3.9,-10.1,10.));
#2652=CARTESIAN_POINT('Origin',(-30.,-10.1,0.));
#2653=CARTESIAN_POINT('',(-30.,-29.,10.));
#2654=CARTESIAN_POINT('',(-30.,-29.,0.));
#2655=CARTESIAN_POINT('',(-30.,-29.,10.));
#2656=CARTESIAN_POINT('Origin',(-15.9500000000129,-21.9999999999966,4.));
#2657=CARTESIAN_POINT('',(-3.07157287525493,-22.0000000000166,5.));
#2658=CARTESIAN_POINT('',(-5.90000000000698,-23.0000000000122,4.));
#2659=CARTESIAN_POINT('Ctrl Pts',(-5.90000000000698,-23.0000000000122,4.));
#2660=CARTESIAN_POINT('Ctrl Pts',(-5.4274769276477,-23.0000000000129,4.22274951248793));
#2661=CARTESIAN_POINT('Ctrl Pts',(-4.91788526669029,-22.9217298110902,4.4648484481961));
#2662=CARTESIAN_POINT('Ctrl Pts',(-3.94244676577272,-22.5846414625639,4.85076760489462));
#2663=CARTESIAN_POINT('Ctrl Pts',(-3.47787925120423,-22.3283451356413,5.));
#2664=CARTESIAN_POINT('Ctrl Pts',(-3.07157287525493,-22.0000000000166,5.));
#2665=CARTESIAN_POINT('',(-15.9500000000145,-22.9999999999966,4.));
#2666=CARTESIAN_POINT('',(-15.9500000000129,-21.9999999999966,5.));
#2667=CARTESIAN_POINT('Origin',(-19.9,-22.9999999999905,0.));
#2668=CARTESIAN_POINT('',(-5.90000000000015,-23.0000000000122,10.));
#2669=CARTESIAN_POINT('',(-5.90000000000015,-23.0000000000122,0.));
#2670=CARTESIAN_POINT('',(-19.9,-22.9999999999904,10.));
#2671=CARTESIAN_POINT('',(-19.9,-22.9999999999905,10.));
#2672=CARTESIAN_POINT('',(-19.900000000007,-22.9999999999905,4.));
#2673=CARTESIAN_POINT('',(-19.9,-22.9999999999904,0.));
#2674=CARTESIAN_POINT('',(-27.9,-23.000000000083,4.));
#2675=CARTESIAN_POINT('',(-15.9500000000145,-22.9999999999966,4.));
#2676=CARTESIAN_POINT('',(-27.9000000000379,-23.0000000000745,1.));
#2677=CARTESIAN_POINT('',(-27.9,-23.000000000083,0.));
#2678=CARTESIAN_POINT('',(3.89999999997046,-23.0000000000434,1.));
#2679=CARTESIAN_POINT('Origin',(-15.9500000000129,-21.9999999999966,4.));
#2680=CARTESIAN_POINT('',(-22.7284271247482,-21.9999999999861,5.));
#2681=CARTESIAN_POINT('Ctrl Pts',(-22.7284271247482,-21.9999999999861,5.));
#2682=CARTESIAN_POINT('Ctrl Pts',(-22.3221207488012,-22.3283451356121,5.));
#2683=CARTESIAN_POINT('Ctrl Pts',(-21.8575532342349,-22.5846414625361,4.85076760489462));
#2684=CARTESIAN_POINT('Ctrl Pts',(-20.882114733321,-22.9217298110654,4.46484844819618));
#2685=CARTESIAN_POINT('Ctrl Pts',(-20.3725230723651,-22.9999999999897,4.22274951248794));
#2686=CARTESIAN_POINT('Ctrl Pts',(-19.900000000007,-22.9999999999905,4.));
#2687=CARTESIAN_POINT('',(-27.9,-21.9999999999781,5.));
#2688=CARTESIAN_POINT('',(-15.9500000000129,-21.9999999999966,5.));
#2689=CARTESIAN_POINT('Origin',(-27.8999999999924,-21.9999999999781,4.));
#2690=CARTESIAN_POINT('Origin',(-12.0000000000189,-16.5500000000372,5.));
#2691=CARTESIAN_POINT('',(-27.9,-21.7250000000186,5.));
#2692=CARTESIAN_POINT('',(-19.9,-14.0000000000096,5.));
#2693=CARTESIAN_POINT('Origin',(-19.9,-18.5,5.));
#2694=CARTESIAN_POINT('',(-5.9,-14.0000000000097,5.));
#2695=CARTESIAN_POINT('',(-8.95000000000946,-14.0000000000096,5.));
#2696=CARTESIAN_POINT('Origin',(-5.9,-18.5,5.));
#2697=CARTESIAN_POINT('Origin',(-5.9,-18.5,0.));
#2698=CARTESIAN_POINT('',(-5.9,-14.0000000000097,10.));
#2699=CARTESIAN_POINT('',(-5.9,-14.0000000000097,0.));
#2700=CARTESIAN_POINT('Origin',(-5.9,-18.5,10.));
#2701=CARTESIAN_POINT('Origin',(-5.9,-14.0000000000097,0.));
#2702=CARTESIAN_POINT('',(-19.9,-14.0000000000096,10.));
#2703=CARTESIAN_POINT('',(-19.9,-14.0000000000096,0.));
#2704=CARTESIAN_POINT('',(-5.9,-14.0000000000097,10.));
#2705=CARTESIAN_POINT('Origin',(-19.9,-18.5,0.));
#2706=CARTESIAN_POINT('Origin',(-19.9,-18.5,10.));
#2707=CARTESIAN_POINT('Origin',(-12.0000000000189,-24.9500000000217,1.));
#2708=CARTESIAN_POINT('',(-27.9,-26.9,1.));
#2709=CARTESIAN_POINT('',(-27.9,-25.9250000000109,1.));
#2710=CARTESIAN_POINT('',(-4.05000000000947,-26.9,1.));
#2711=CARTESIAN_POINT('Origin',(-5.89998012270857,-22.0000000000295,0.));
#2712=CARTESIAN_POINT('',(-19.8999941795723,-21.9999999999848,10.));
#2713=CARTESIAN_POINT('',(-19.8999941795723,-21.9999999999848,0.));
#2714=CARTESIAN_POINT('',(-5.89998012270857,-22.0000000000295,10.));
#2715=CARTESIAN_POINT('',(-19.8999941793626,-22.0000000000402,10.));
#2716=CARTESIAN_POINT('',(-5.89998012270857,-22.0000000000295,0.));
#2717=CARTESIAN_POINT('Origin',(-5.9,-18.5,0.));
#2718=CARTESIAN_POINT('',(-5.90000941924275,-14.999999999995,10.));
#2719=CARTESIAN_POINT('Origin',(-5.9,-18.5,10.));
#2720=CARTESIAN_POINT('',(-5.90000941924275,-14.999999999995,0.));
#2721=CARTESIAN_POINT('Origin',(-19.8999997824825,-15.0000000000104,0.));
#2722=CARTESIAN_POINT('',(-19.8999997824825,-15.0000000000104,10.));
#2723=CARTESIAN_POINT('',(-5.90000941924275,-14.999999999995,10.));
#2724=CARTESIAN_POINT('',(-19.8999997824825,-15.0000000000104,0.));
#2725=CARTESIAN_POINT('Origin',(-19.9,-18.5,0.));
#2726=CARTESIAN_POINT('Origin',(-19.9,-18.5,10.));
#2727=CARTESIAN_POINT('Origin',(-12.8999999999891,-18.5,10.));
#2728=CARTESIAN_POINT('Origin',(3.9,-26.9,0.));
#2729=CARTESIAN_POINT('',(-27.9,-26.9,10.));
#2730=CARTESIAN_POINT('',(-27.9,-26.9,0.));
#2731=CARTESIAN_POINT('',(3.9,-26.9,10.));
#2732=CARTESIAN_POINT('Origin',(6.,-29.,0.));
#2733=CARTESIAN_POINT('',(6.,-29.,10.));
#2734=CARTESIAN_POINT('',(6.,-8.,10.));
#2735=CARTESIAN_POINT('',(6.,-29.,5.));
#2736=CARTESIAN_POINT('',(6.,-29.,0.));
#2737=CARTESIAN_POINT('',(6.,-21.5,5.));
#2738=CARTESIAN_POINT('',(6.,-29.,5.));
#2739=CARTESIAN_POINT('',(6.,-21.5,0.));
#2740=CARTESIAN_POINT('Origin',(-27.9,-26.9,0.));
#2741=CARTESIAN_POINT('',(-27.9,-26.9,10.));
#2742=CARTESIAN_POINT('Origin',(-12.,-19.55,10.));
#2743=CARTESIAN_POINT('',(6.,-29.,10.));
#2744=CARTESIAN_POINT('Origin',(26.6672211880425,-33.5,0.));
#2745=CARTESIAN_POINT('',(27.8097563433576,-32.5280877514564,5.));
#2746=CARTESIAN_POINT('',(27.8097563433576,-32.5280877514564,0.));
#2747=CARTESIAN_POINT('',(26.6672211880425,-35.,5.));
#2748=CARTESIAN_POINT('Origin',(26.6672211880425,-33.5,5.));
#2749=CARTESIAN_POINT('',(26.6672211880425,-35.,0.));
#2750=CARTESIAN_POINT('Origin',(18.,-35.,0.));
#2751=CARTESIAN_POINT('',(18.,-35.,5.));
#2752=CARTESIAN_POINT('',(28.,-35.,5.));
#2753=CARTESIAN_POINT('',(18.,-35.,0.));
#2754=CARTESIAN_POINT('Origin',(6.,-29.,0.));
#2755=CARTESIAN_POINT('',(18.,-29.,5.));
#2756=CARTESIAN_POINT('',(18.,-29.,0.));
#2757=CARTESIAN_POINT('',(18.,-29.,5.));
#2758=CARTESIAN_POINT('Origin',(18.4285714285714,-21.5,0.));
#2759=CARTESIAN_POINT('',(18.4285714285714,-21.5,5.));
#2760=CARTESIAN_POINT('',(6.,-21.5,5.));
#2761=CARTESIAN_POINT('',(18.4285714285714,-21.5,0.));
#2762=CARTESIAN_POINT('Origin',(29.4142135623731,-34.4142135623731,0.));
#2763=CARTESIAN_POINT('',(18.4285714285714,-21.5,5.));
#2764=CARTESIAN_POINT('Origin',(18.,-29.,0.));
#2765=CARTESIAN_POINT('',(18.,-29.,5.));
#2766=CARTESIAN_POINT('Origin',(17.7071067811865,-28.25,5.));
#2767=UNCERTAINTY_MEASURE_WITH_UNIT(LENGTH_MEASURE(0.01),#2771,
'DISTANCE_ACCURACY_VALUE',
'Maximum model space distance between geometric entities at asserted c
onnectivities');
#2768=UNCERTAINTY_MEASURE_WITH_UNIT(LENGTH_MEASURE(0.01),#2771,
'DISTANCE_ACCURACY_VALUE',
'Maximum model space distance between geometric entities at asserted c
onnectivities');
#2769=(
GEOMETRIC_REPRESENTATION_CONTEXT(3)
GLOBAL_UNCERTAINTY_ASSIGNED_CONTEXT((#2767))
GLOBAL_UNIT_ASSIGNED_CONTEXT((#2771,#2773,#2774))
REPRESENTATION_CONTEXT('','3D')
);
#2770=(
GEOMETRIC_REPRESENTATION_CONTEXT(3)
GLOBAL_UNCERTAINTY_ASSIGNED_CONTEXT((#2768))
GLOBAL_UNIT_ASSIGNED_CONTEXT((#2771,#2773,#2774))
REPRESENTATION_CONTEXT('','3D')
);
#2771=(
LENGTH_UNIT()
NAMED_UNIT(*)
SI_UNIT(.MILLI.,.METRE.)
);
#2772=(
LENGTH_UNIT()
NAMED_UNIT(*)
SI_UNIT($,.METRE.)
);
#2773=(
NAMED_UNIT(*)
PLANE_ANGLE_UNIT()
SI_UNIT($,.RADIAN.)
);
#2774=(
NAMED_UNIT(*)
SI_UNIT($,.STERADIAN.)
SOLID_ANGLE_UNIT()
);
#2775=SHAPE_DEFINITION_REPRESENTATION(#2776,#2777);
#2776=PRODUCT_DEFINITION_SHAPE('',$,#2779);
#2777=SHAPE_REPRESENTATION('',(#1587),#2769);
#2778=PRODUCT_DEFINITION_CONTEXT('part definition',#2783,'design');
#2779=PRODUCT_DEFINITION('Trigger','Trigger v5',#2780,#2778);
#2780=PRODUCT_DEFINITION_FORMATION('',$,#2785);
#2781=PRODUCT_RELATED_PRODUCT_CATEGORY('Trigger v5','Trigger v5',(#2785));
#2782=APPLICATION_PROTOCOL_DEFINITION('international standard',
'automotive_design',2009,#2783);
#2783=APPLICATION_CONTEXT(
'Core Data for Automotive Mechanical Design Process');
#2784=PRODUCT_CONTEXT('part definition',#2783,'mechanical');
#2785=PRODUCT('Trigger','Trigger v5',$,(#2784));
#2786=PRESENTATION_STYLE_ASSIGNMENT((#2788));
#2787=PRESENTATION_STYLE_ASSIGNMENT((#2789));
#2788=SURFACE_STYLE_USAGE(.BOTH.,#2790);
#2789=SURFACE_STYLE_USAGE(.BOTH.,#2791);
#2790=SURFACE_SIDE_STYLE('',(#2792));
#2791=SURFACE_SIDE_STYLE('',(#2793));
#2792=SURFACE_STYLE_FILL_AREA(#2794);
#2793=SURFACE_STYLE_FILL_AREA(#2795);
#2794=FILL_AREA_STYLE('ABS (White)',(#2796));
#2795=FILL_AREA_STYLE('ABS (White)',(#2797));
#2796=FILL_AREA_STYLE_COLOUR('ABS (White)',#2798);
#2797=FILL_AREA_STYLE_COLOUR('ABS (White)',#2799);
#2798=COLOUR_RGB('ABS (White)',0.964705882352941,0.964705882352941,0.952941176470588);
#2799=COLOUR_RGB('ABS (White)',0.894117647058824,0.443137254901961,0.152941176470588);
ENDSEC;
END-ISO-10303-21;
