ISO-10303-21;
HEADER;
/* Generated by software containing ST-Developer
 * from STEP Tools, Inc. (www.steptools.com) 
 */

FILE_DESCRIPTION(
/* description */ (''),
/* implementation_level */ '2;1');

FILE_NAME(
/* name */ 'InternalFrame[Left].step',
/* time_stamp */ '2026-08-10T19:56:01+08:00',
/* author */ (''),
/* organization */ (''),
/* preprocessor_version */ 'ST-DEVELOPER v20.1',
/* originating_system */ 'Autodesk Translation Framework v15.8.0.0',
/* authorisation */ '');

FILE_SCHEMA (('AUTOMOTIVE_DESIGN { 1 0 10303 214 3 1 1 }'));
ENDSEC;

DATA;
#10=MECHANICAL_DESIGN_GEOMETRIC_PRESENTATION_REPRESENTATION('',(#23,#24),
#16934);
#11=ITEM_DEFINED_TRANSFORMATION($,$,#10672,#11248);
#12=ITEM_DEFINED_TRANSFORMATION($,$,#11209,#11249);
#13=(
REPRESENTATION_RELATIONSHIP($,$,#16948,#16947)
REPRESENTATION_RELATIONSHIP_WITH_TRANSFORMATION(#11)
SHAPE_REPRESENTATION_RELATIONSHIP()
);
#14=(
REPRESENTATION_RELATIONSHIP($,$,#16949,#16947)
REPRESENTATION_RELATIONSHIP_WITH_TRANSFORMATION(#12)
SHAPE_REPRESENTATION_RELATIONSHIP()
);
#15=CONTEXT_DEPENDENT_SHAPE_REPRESENTATION(#13,#16945);
#16=CONTEXT_DEPENDENT_SHAPE_REPRESENTATION(#14,#16946);
#17=NEXT_ASSEMBLY_USAGE_OCCURRENCE('Internal Frame Left:1',
'Internal Frame Left:1','Internal Frame Left:1',#16951,#16952,
'Internal Frame Left:1');
#18=NEXT_ASSEMBLY_USAGE_OCCURRENCE('Bracket:1','Bracket:1','Bracket:1',
#16951,#16953,'Bracket:1');
#19=SHAPE_REPRESENTATION_RELATIONSHIP('SRR','None',#16948,#21);
#20=SHAPE_REPRESENTATION_RELATIONSHIP('SRR','None',#16949,#22);
#21=ADVANCED_BREP_SHAPE_REPRESENTATION('',(#25),#16932);
#22=ADVANCED_BREP_SHAPE_REPRESENTATION('',(#26),#16933);
#23=STYLED_ITEM('',(#16967),#25);
#24=STYLED_ITEM('',(#16967),#26);
#25=MANIFOLD_SOLID_BREP('Body2',#10646);
#26=MANIFOLD_SOLID_BREP('Body1',#10647);
#27=(
BOUNDED_SURFACE()
B_SPLINE_SURFACE(1,2,((#14860,#14861,#14862),(#14863,#14864,#14865)),
 .UNSPECIFIED.,.F.,.F.,.F.)
B_SPLINE_SURFACE_WITH_KNOTS((2,2),(3,3),(0.193176106880203,0.560452897137274),
(-0.770801906864896,-0.302938652798252),.UNSPECIFIED.)
GEOMETRIC_REPRESENTATION_ITEM()
RATIONAL_B_SPLINE_SURFACE(((1.,0.972762549412527,1.),(1.,0.972762549412527,
1.)))
REPRESENTATION_ITEM('')
SURFACE()
);
#28=ELLIPSE('',#10798,16.8870512790546,14.);
#29=ELLIPSE('',#10799,19.2193246522255,16.5854644200505);
#30=ELLIPSE('',#10802,14.0771159138892,14.);
#31=ELLIPSE('',#10803,14.0771159138892,14.);
#32=ELLIPSE('',#10807,16.8870512790547,14.);
#33=ELLIPSE('',#10862,16.0881324730163,16.);
#34=ELLIPSE('',#10864,19.2994871760625,16.);
#35=ELLIPSE('',#10865,16.0881324730163,16.);
#36=ELLIPSE('',#10867,19.2994871760625,16.);
#37=ELLIPSE('',#10868,19.2193246522256,16.5854644200505);
#38=FACE_BOUND('',#690,.T.);
#39=FACE_BOUND('',#738,.T.);
#40=FACE_BOUND('',#788,.T.);
#41=FACE_BOUND('',#801,.T.);
#42=FACE_BOUND('',#828,.T.);
#43=FACE_BOUND('',#859,.T.);
#44=FACE_BOUND('',#860,.T.);
#45=FACE_BOUND('',#861,.T.);
#46=FACE_BOUND('',#862,.T.);
#47=FACE_BOUND('',#942,.T.);
#48=FACE_BOUND('',#943,.T.);
#49=FACE_BOUND('',#944,.T.);
#50=FACE_BOUND('',#945,.T.);
#51=FACE_BOUND('',#1065,.T.);
#52=FACE_BOUND('',#1111,.T.);
#53=FACE_BOUND('',#1114,.T.);
#54=FACE_BOUND('',#1122,.T.);
#55=FACE_BOUND('',#1123,.T.);
#56=FACE_BOUND('',#1124,.T.);
#57=FACE_BOUND('',#1127,.T.);
#58=FACE_BOUND('',#1131,.T.);
#59=FACE_BOUND('',#1132,.T.);
#60=FACE_BOUND('',#1133,.T.);
#61=FACE_BOUND('',#1134,.T.);
#62=B_SPLINE_CURVE_WITH_KNOTS('',3,(#13985,#13986,#13987,#13988,#13989,
#13990,#13991,#13992,#13993,#13994,#13995,#13996,#13997,#13998,#13999,#14000,
#14001,#14002,#14003,#14004),.UNSPECIFIED.,.F.,.F.,(4,2,2,2,2,2,2,2,2,4),
(-0.595058652682542,-0.563876540987804,-0.532694429293066,-0.470330205903591,
-0.37469958572878,-0.27906896555397,-0.198504540946204,-0.117940116338438,
-0.058970058169219,0.),.UNSPECIFIED.);
#63=B_SPLINE_CURVE_WITH_KNOTS('',3,(#14009,#14010,#14011,#14012,#14013,
#14014,#14015,#14016,#14017,#14018),.UNSPECIFIED.,.F.,.F.,(4,2,2,2,4),(0.,
0.0580754447958499,0.1161508895917,0.21186629433807,0.251444182453315),
 .UNSPECIFIED.);
#64=CYLINDRICAL_SURFACE('',#10686,1.6);
#65=CYLINDRICAL_SURFACE('',#10687,1.6);
#66=CYLINDRICAL_SURFACE('',#10692,10.9088060090871);
#67=CYLINDRICAL_SURFACE('',#10727,9.30880600908737);
#68=CYLINDRICAL_SURFACE('',#10747,4.675);
#69=CYLINDRICAL_SURFACE('',#10761,14.0601405719954);
#70=CYLINDRICAL_SURFACE('',#10770,12.3601405719954);
#71=CYLINDRICAL_SURFACE('',#10774,7.25338056546354);
#72=CYLINDRICAL_SURFACE('',#10788,14.);
#73=CYLINDRICAL_SURFACE('',#10789,16.);
#74=CYLINDRICAL_SURFACE('',#10800,14.);
#75=CYLINDRICAL_SURFACE('',#10811,15.6);
#76=CYLINDRICAL_SURFACE('',#10861,16.);
#77=CYLINDRICAL_SURFACE('',#10883,14.);
#78=CYLINDRICAL_SURFACE('',#10886,14.);
#79=CYLINDRICAL_SURFACE('',#10973,2.55);
#80=CYLINDRICAL_SURFACE('',#11009,2.55);
#81=CYLINDRICAL_SURFACE('',#11036,2.25);
#82=CYLINDRICAL_SURFACE('',#11161,2.45);
#83=CIRCLE('',#10684,1.6);
#84=CIRCLE('',#10688,1.6);
#85=CIRCLE('',#10690,9.30880600908737);
#86=CIRCLE('',#10693,10.9088060090871);
#87=CIRCLE('',#10694,10.9088060090871);
#88=CIRCLE('',#10695,10.9088060090871);
#89=CIRCLE('',#10696,10.9088060090871);
#90=CIRCLE('',#10697,10.9088060090871);
#91=CIRCLE('',#10698,10.9088060090871);
#92=CIRCLE('',#10699,10.9088060090871);
#93=CIRCLE('',#10700,10.9088060090871);
#94=CIRCLE('',#10720,9.30880600908737);
#95=CIRCLE('',#10722,9.30880600908737);
#96=CIRCLE('',#10728,9.30880600908737);
#97=CIRCLE('',#10729,9.30880600908737);
#98=CIRCLE('',#10730,9.30880600908737);
#99=CIRCLE('',#10731,9.30880600908737);
#100=CIRCLE('',#10732,9.30880600908737);
#101=CIRCLE('',#10733,9.30880600908737);
#102=CIRCLE('',#10740,4.675);
#103=CIRCLE('',#10744,4.675);
#104=CIRCLE('',#10757,14.0601405719954);
#105=CIRCLE('',#10758,12.3601405719954);
#106=CIRCLE('',#10760,14.0601405719954);
#107=CIRCLE('',#10762,14.0601405719954);
#108=CIRCLE('',#10764,14.);
#109=CIRCLE('',#10765,16.);
#110=CIRCLE('',#10766,7.25338056546354);
#111=CIRCLE('',#10768,12.3601405719954);
#112=CIRCLE('',#10771,12.3601405719954);
#113=CIRCLE('',#10775,7.25338056546354);
#114=CIRCLE('',#10780,14.);
#115=CIRCLE('',#10783,14.);
#116=CIRCLE('',#10790,16.);
#117=CIRCLE('',#10791,16.);
#118=CIRCLE('',#10795,14.);
#119=CIRCLE('',#10796,15.6);
#120=CIRCLE('',#10801,14.);
#121=CIRCLE('',#10804,14.);
#122=CIRCLE('',#10805,14.);
#123=CIRCLE('',#10806,14.);
#124=CIRCLE('',#10808,14.);
#125=CIRCLE('',#10810,15.6);
#126=CIRCLE('',#10818,14.);
#127=CIRCLE('',#10857,16.);
#128=CIRCLE('',#10860,16.);
#129=CIRCLE('',#10863,16.);
#130=CIRCLE('',#10866,16.);
#131=CIRCLE('',#10880,2.55);
#132=CIRCLE('',#10881,2.55);
#133=CIRCLE('',#10884,14.);
#134=CIRCLE('',#10887,14.);
#135=CIRCLE('',#10888,14.);
#136=CIRCLE('',#10974,2.55);
#137=CIRCLE('',#10992,2.25);
#138=CIRCLE('',#11010,2.55);
#139=CIRCLE('',#11031,2.25);
#140=CIRCLE('',#11143,2.45);
#141=CIRCLE('',#11160,2.45);
#142=FACE_OUTER_BOUND('',#648,.T.);
#143=FACE_OUTER_BOUND('',#649,.T.);
#144=FACE_OUTER_BOUND('',#650,.T.);
#145=FACE_OUTER_BOUND('',#651,.T.);
#146=FACE_OUTER_BOUND('',#652,.T.);
#147=FACE_OUTER_BOUND('',#653,.T.);
#148=FACE_OUTER_BOUND('',#654,.T.);
#149=FACE_OUTER_BOUND('',#655,.T.);
#150=FACE_OUTER_BOUND('',#656,.T.);
#151=FACE_OUTER_BOUND('',#657,.T.);
#152=FACE_OUTER_BOUND('',#658,.T.);
#153=FACE_OUTER_BOUND('',#659,.T.);
#154=FACE_OUTER_BOUND('',#660,.T.);
#155=FACE_OUTER_BOUND('',#661,.T.);
#156=FACE_OUTER_BOUND('',#662,.T.);
#157=FACE_OUTER_BOUND('',#663,.T.);
#158=FACE_OUTER_BOUND('',#664,.T.);
#159=FACE_OUTER_BOUND('',#665,.T.);
#160=FACE_OUTER_BOUND('',#666,.T.);
#161=FACE_OUTER_BOUND('',#667,.T.);
#162=FACE_OUTER_BOUND('',#668,.T.);
#163=FACE_OUTER_BOUND('',#669,.T.);
#164=FACE_OUTER_BOUND('',#670,.T.);
#165=FACE_OUTER_BOUND('',#671,.T.);
#166=FACE_OUTER_BOUND('',#672,.T.);
#167=FACE_OUTER_BOUND('',#673,.T.);
#168=FACE_OUTER_BOUND('',#674,.T.);
#169=FACE_OUTER_BOUND('',#675,.T.);
#170=FACE_OUTER_BOUND('',#676,.T.);
#171=FACE_OUTER_BOUND('',#677,.T.);
#172=FACE_OUTER_BOUND('',#678,.T.);
#173=FACE_OUTER_BOUND('',#679,.T.);
#174=FACE_OUTER_BOUND('',#680,.T.);
#175=FACE_OUTER_BOUND('',#681,.T.);
#176=FACE_OUTER_BOUND('',#682,.T.);
#177=FACE_OUTER_BOUND('',#683,.T.);
#178=FACE_OUTER_BOUND('',#684,.T.);
#179=FACE_OUTER_BOUND('',#685,.T.);
#180=FACE_OUTER_BOUND('',#686,.T.);
#181=FACE_OUTER_BOUND('',#687,.T.);
#182=FACE_OUTER_BOUND('',#688,.T.);
#183=FACE_OUTER_BOUND('',#689,.T.);
#184=FACE_OUTER_BOUND('',#691,.T.);
#185=FACE_OUTER_BOUND('',#692,.T.);
#186=FACE_OUTER_BOUND('',#693,.T.);
#187=FACE_OUTER_BOUND('',#694,.T.);
#188=FACE_OUTER_BOUND('',#695,.T.);
#189=FACE_OUTER_BOUND('',#696,.T.);
#190=FACE_OUTER_BOUND('',#697,.T.);
#191=FACE_OUTER_BOUND('',#698,.T.);
#192=FACE_OUTER_BOUND('',#699,.T.);
#193=FACE_OUTER_BOUND('',#700,.T.);
#194=FACE_OUTER_BOUND('',#701,.T.);
#195=FACE_OUTER_BOUND('',#702,.T.);
#196=FACE_OUTER_BOUND('',#703,.T.);
#197=FACE_OUTER_BOUND('',#704,.T.);
#198=FACE_OUTER_BOUND('',#705,.T.);
#199=FACE_OUTER_BOUND('',#706,.T.);
#200=FACE_OUTER_BOUND('',#707,.T.);
#201=FACE_OUTER_BOUND('',#708,.T.);
#202=FACE_OUTER_BOUND('',#709,.T.);
#203=FACE_OUTER_BOUND('',#710,.T.);
#204=FACE_OUTER_BOUND('',#711,.T.);
#205=FACE_OUTER_BOUND('',#712,.T.);
#206=FACE_OUTER_BOUND('',#713,.T.);
#207=FACE_OUTER_BOUND('',#714,.T.);
#208=FACE_OUTER_BOUND('',#715,.T.);
#209=FACE_OUTER_BOUND('',#716,.T.);
#210=FACE_OUTER_BOUND('',#717,.T.);
#211=FACE_OUTER_BOUND('',#718,.T.);
#212=FACE_OUTER_BOUND('',#719,.T.);
#213=FACE_OUTER_BOUND('',#720,.T.);
#214=FACE_OUTER_BOUND('',#721,.T.);
#215=FACE_OUTER_BOUND('',#722,.T.);
#216=FACE_OUTER_BOUND('',#723,.T.);
#217=FACE_OUTER_BOUND('',#724,.T.);
#218=FACE_OUTER_BOUND('',#725,.T.);
#219=FACE_OUTER_BOUND('',#726,.T.);
#220=FACE_OUTER_BOUND('',#727,.T.);
#221=FACE_OUTER_BOUND('',#728,.T.);
#222=FACE_OUTER_BOUND('',#729,.T.);
#223=FACE_OUTER_BOUND('',#730,.T.);
#224=FACE_OUTER_BOUND('',#731,.T.);
#225=FACE_OUTER_BOUND('',#732,.T.);
#226=FACE_OUTER_BOUND('',#733,.T.);
#227=FACE_OUTER_BOUND('',#734,.T.);
#228=FACE_OUTER_BOUND('',#735,.T.);
#229=FACE_OUTER_BOUND('',#736,.T.);
#230=FACE_OUTER_BOUND('',#737,.T.);
#231=FACE_OUTER_BOUND('',#739,.T.);
#232=FACE_OUTER_BOUND('',#740,.T.);
#233=FACE_OUTER_BOUND('',#741,.T.);
#234=FACE_OUTER_BOUND('',#742,.T.);
#235=FACE_OUTER_BOUND('',#743,.T.);
#236=FACE_OUTER_BOUND('',#744,.T.);
#237=FACE_OUTER_BOUND('',#745,.T.);
#238=FACE_OUTER_BOUND('',#746,.T.);
#239=FACE_OUTER_BOUND('',#747,.T.);
#240=FACE_OUTER_BOUND('',#748,.T.);
#241=FACE_OUTER_BOUND('',#749,.T.);
#242=FACE_OUTER_BOUND('',#750,.T.);
#243=FACE_OUTER_BOUND('',#751,.T.);
#244=FACE_OUTER_BOUND('',#752,.T.);
#245=FACE_OUTER_BOUND('',#753,.T.);
#246=FACE_OUTER_BOUND('',#754,.T.);
#247=FACE_OUTER_BOUND('',#755,.T.);
#248=FACE_OUTER_BOUND('',#756,.T.);
#249=FACE_OUTER_BOUND('',#757,.T.);
#250=FACE_OUTER_BOUND('',#758,.T.);
#251=FACE_OUTER_BOUND('',#759,.T.);
#252=FACE_OUTER_BOUND('',#760,.T.);
#253=FACE_OUTER_BOUND('',#761,.T.);
#254=FACE_OUTER_BOUND('',#762,.T.);
#255=FACE_OUTER_BOUND('',#763,.T.);
#256=FACE_OUTER_BOUND('',#764,.T.);
#257=FACE_OUTER_BOUND('',#765,.T.);
#258=FACE_OUTER_BOUND('',#766,.T.);
#259=FACE_OUTER_BOUND('',#767,.T.);
#260=FACE_OUTER_BOUND('',#768,.T.);
#261=FACE_OUTER_BOUND('',#769,.T.);
#262=FACE_OUTER_BOUND('',#770,.T.);
#263=FACE_OUTER_BOUND('',#771,.T.);
#264=FACE_OUTER_BOUND('',#772,.T.);
#265=FACE_OUTER_BOUND('',#773,.T.);
#266=FACE_OUTER_BOUND('',#774,.T.);
#267=FACE_OUTER_BOUND('',#775,.T.);
#268=FACE_OUTER_BOUND('',#776,.T.);
#269=FACE_OUTER_BOUND('',#777,.T.);
#270=FACE_OUTER_BOUND('',#778,.T.);
#271=FACE_OUTER_BOUND('',#779,.T.);
#272=FACE_OUTER_BOUND('',#780,.T.);
#273=FACE_OUTER_BOUND('',#781,.T.);
#274=FACE_OUTER_BOUND('',#782,.T.);
#275=FACE_OUTER_BOUND('',#783,.T.);
#276=FACE_OUTER_BOUND('',#784,.T.);
#277=FACE_OUTER_BOUND('',#785,.T.);
#278=FACE_OUTER_BOUND('',#786,.T.);
#279=FACE_OUTER_BOUND('',#787,.T.);
#280=FACE_OUTER_BOUND('',#789,.T.);
#281=FACE_OUTER_BOUND('',#790,.T.);
#282=FACE_OUTER_BOUND('',#791,.T.);
#283=FACE_OUTER_BOUND('',#792,.T.);
#284=FACE_OUTER_BOUND('',#793,.T.);
#285=FACE_OUTER_BOUND('',#794,.T.);
#286=FACE_OUTER_BOUND('',#795,.T.);
#287=FACE_OUTER_BOUND('',#796,.T.);
#288=FACE_OUTER_BOUND('',#797,.T.);
#289=FACE_OUTER_BOUND('',#798,.T.);
#290=FACE_OUTER_BOUND('',#799,.T.);
#291=FACE_OUTER_BOUND('',#800,.T.);
#292=FACE_OUTER_BOUND('',#802,.T.);
#293=FACE_OUTER_BOUND('',#803,.T.);
#294=FACE_OUTER_BOUND('',#804,.T.);
#295=FACE_OUTER_BOUND('',#805,.T.);
#296=FACE_OUTER_BOUND('',#806,.T.);
#297=FACE_OUTER_BOUND('',#807,.T.);
#298=FACE_OUTER_BOUND('',#808,.T.);
#299=FACE_OUTER_BOUND('',#809,.T.);
#300=FACE_OUTER_BOUND('',#810,.T.);
#301=FACE_OUTER_BOUND('',#811,.T.);
#302=FACE_OUTER_BOUND('',#812,.T.);
#303=FACE_OUTER_BOUND('',#813,.T.);
#304=FACE_OUTER_BOUND('',#814,.T.);
#305=FACE_OUTER_BOUND('',#815,.T.);
#306=FACE_OUTER_BOUND('',#816,.T.);
#307=FACE_OUTER_BOUND('',#817,.T.);
#308=FACE_OUTER_BOUND('',#818,.T.);
#309=FACE_OUTER_BOUND('',#819,.T.);
#310=FACE_OUTER_BOUND('',#820,.T.);
#311=FACE_OUTER_BOUND('',#821,.T.);
#312=FACE_OUTER_BOUND('',#822,.T.);
#313=FACE_OUTER_BOUND('',#823,.T.);
#314=FACE_OUTER_BOUND('',#824,.T.);
#315=FACE_OUTER_BOUND('',#825,.T.);
#316=FACE_OUTER_BOUND('',#826,.T.);
#317=FACE_OUTER_BOUND('',#827,.T.);
#318=FACE_OUTER_BOUND('',#829,.T.);
#319=FACE_OUTER_BOUND('',#830,.T.);
#320=FACE_OUTER_BOUND('',#831,.T.);
#321=FACE_OUTER_BOUND('',#832,.T.);
#322=FACE_OUTER_BOUND('',#833,.T.);
#323=FACE_OUTER_BOUND('',#834,.T.);
#324=FACE_OUTER_BOUND('',#835,.T.);
#325=FACE_OUTER_BOUND('',#836,.T.);
#326=FACE_OUTER_BOUND('',#837,.T.);
#327=FACE_OUTER_BOUND('',#838,.T.);
#328=FACE_OUTER_BOUND('',#839,.T.);
#329=FACE_OUTER_BOUND('',#840,.T.);
#330=FACE_OUTER_BOUND('',#841,.T.);
#331=FACE_OUTER_BOUND('',#842,.T.);
#332=FACE_OUTER_BOUND('',#843,.T.);
#333=FACE_OUTER_BOUND('',#844,.T.);
#334=FACE_OUTER_BOUND('',#845,.T.);
#335=FACE_OUTER_BOUND('',#846,.T.);
#336=FACE_OUTER_BOUND('',#847,.T.);
#337=FACE_OUTER_BOUND('',#848,.T.);
#338=FACE_OUTER_BOUND('',#849,.T.);
#339=FACE_OUTER_BOUND('',#850,.T.);
#340=FACE_OUTER_BOUND('',#851,.T.);
#341=FACE_OUTER_BOUND('',#852,.T.);
#342=FACE_OUTER_BOUND('',#853,.T.);
#343=FACE_OUTER_BOUND('',#854,.T.);
#344=FACE_OUTER_BOUND('',#855,.T.);
#345=FACE_OUTER_BOUND('',#856,.T.);
#346=FACE_OUTER_BOUND('',#857,.T.);
#347=FACE_OUTER_BOUND('',#858,.T.);
#348=FACE_OUTER_BOUND('',#863,.T.);
#349=FACE_OUTER_BOUND('',#864,.T.);
#350=FACE_OUTER_BOUND('',#865,.T.);
#351=FACE_OUTER_BOUND('',#866,.T.);
#352=FACE_OUTER_BOUND('',#867,.T.);
#353=FACE_OUTER_BOUND('',#868,.T.);
#354=FACE_OUTER_BOUND('',#869,.T.);
#355=FACE_OUTER_BOUND('',#870,.T.);
#356=FACE_OUTER_BOUND('',#871,.T.);
#357=FACE_OUTER_BOUND('',#872,.T.);
#358=FACE_OUTER_BOUND('',#873,.T.);
#359=FACE_OUTER_BOUND('',#874,.T.);
#360=FACE_OUTER_BOUND('',#875,.T.);
#361=FACE_OUTER_BOUND('',#876,.T.);
#362=FACE_OUTER_BOUND('',#877,.T.);
#363=FACE_OUTER_BOUND('',#878,.T.);
#364=FACE_OUTER_BOUND('',#879,.T.);
#365=FACE_OUTER_BOUND('',#880,.T.);
#366=FACE_OUTER_BOUND('',#881,.T.);
#367=FACE_OUTER_BOUND('',#882,.T.);
#368=FACE_OUTER_BOUND('',#883,.T.);
#369=FACE_OUTER_BOUND('',#884,.T.);
#370=FACE_OUTER_BOUND('',#885,.T.);
#371=FACE_OUTER_BOUND('',#886,.T.);
#372=FACE_OUTER_BOUND('',#887,.T.);
#373=FACE_OUTER_BOUND('',#888,.T.);
#374=FACE_OUTER_BOUND('',#889,.T.);
#375=FACE_OUTER_BOUND('',#890,.T.);
#376=FACE_OUTER_BOUND('',#891,.T.);
#377=FACE_OUTER_BOUND('',#892,.T.);
#378=FACE_OUTER_BOUND('',#893,.T.);
#379=FACE_OUTER_BOUND('',#894,.T.);
#380=FACE_OUTER_BOUND('',#895,.T.);
#381=FACE_OUTER_BOUND('',#896,.T.);
#382=FACE_OUTER_BOUND('',#897,.T.);
#383=FACE_OUTER_BOUND('',#898,.T.);
#384=FACE_OUTER_BOUND('',#899,.T.);
#385=FACE_OUTER_BOUND('',#900,.T.);
#386=FACE_OUTER_BOUND('',#901,.T.);
#387=FACE_OUTER_BOUND('',#902,.T.);
#388=FACE_OUTER_BOUND('',#903,.T.);
#389=FACE_OUTER_BOUND('',#904,.T.);
#390=FACE_OUTER_BOUND('',#905,.T.);
#391=FACE_OUTER_BOUND('',#906,.T.);
#392=FACE_OUTER_BOUND('',#907,.T.);
#393=FACE_OUTER_BOUND('',#908,.T.);
#394=FACE_OUTER_BOUND('',#909,.T.);
#395=FACE_OUTER_BOUND('',#910,.T.);
#396=FACE_OUTER_BOUND('',#911,.T.);
#397=FACE_OUTER_BOUND('',#912,.T.);
#398=FACE_OUTER_BOUND('',#913,.T.);
#399=FACE_OUTER_BOUND('',#914,.T.);
#400=FACE_OUTER_BOUND('',#915,.T.);
#401=FACE_OUTER_BOUND('',#916,.T.);
#402=FACE_OUTER_BOUND('',#917,.T.);
#403=FACE_OUTER_BOUND('',#918,.T.);
#404=FACE_OUTER_BOUND('',#919,.T.);
#405=FACE_OUTER_BOUND('',#920,.T.);
#406=FACE_OUTER_BOUND('',#921,.T.);
#407=FACE_OUTER_BOUND('',#922,.T.);
#408=FACE_OUTER_BOUND('',#923,.T.);
#409=FACE_OUTER_BOUND('',#924,.T.);
#410=FACE_OUTER_BOUND('',#925,.T.);
#411=FACE_OUTER_BOUND('',#926,.T.);
#412=FACE_OUTER_BOUND('',#927,.T.);
#413=FACE_OUTER_BOUND('',#928,.T.);
#414=FACE_OUTER_BOUND('',#929,.T.);
#415=FACE_OUTER_BOUND('',#930,.T.);
#416=FACE_OUTER_BOUND('',#931,.T.);
#417=FACE_OUTER_BOUND('',#932,.T.);
#418=FACE_OUTER_BOUND('',#933,.T.);
#419=FACE_OUTER_BOUND('',#934,.T.);
#420=FACE_OUTER_BOUND('',#935,.T.);
#421=FACE_OUTER_BOUND('',#936,.T.);
#422=FACE_OUTER_BOUND('',#937,.T.);
#423=FACE_OUTER_BOUND('',#938,.T.);
#424=FACE_OUTER_BOUND('',#939,.T.);
#425=FACE_OUTER_BOUND('',#940,.T.);
#426=FACE_OUTER_BOUND('',#941,.T.);
#427=FACE_OUTER_BOUND('',#946,.T.);
#428=FACE_OUTER_BOUND('',#947,.T.);
#429=FACE_OUTER_BOUND('',#948,.T.);
#430=FACE_OUTER_BOUND('',#949,.T.);
#431=FACE_OUTER_BOUND('',#950,.T.);
#432=FACE_OUTER_BOUND('',#951,.T.);
#433=FACE_OUTER_BOUND('',#952,.T.);
#434=FACE_OUTER_BOUND('',#953,.T.);
#435=FACE_OUTER_BOUND('',#954,.T.);
#436=FACE_OUTER_BOUND('',#955,.T.);
#437=FACE_OUTER_BOUND('',#956,.T.);
#438=FACE_OUTER_BOUND('',#957,.T.);
#439=FACE_OUTER_BOUND('',#958,.T.);
#440=FACE_OUTER_BOUND('',#959,.T.);
#441=FACE_OUTER_BOUND('',#960,.T.);
#442=FACE_OUTER_BOUND('',#961,.T.);
#443=FACE_OUTER_BOUND('',#962,.T.);
#444=FACE_OUTER_BOUND('',#963,.T.);
#445=FACE_OUTER_BOUND('',#964,.T.);
#446=FACE_OUTER_BOUND('',#965,.T.);
#447=FACE_OUTER_BOUND('',#966,.T.);
#448=FACE_OUTER_BOUND('',#967,.T.);
#449=FACE_OUTER_BOUND('',#968,.T.);
#450=FACE_OUTER_BOUND('',#969,.T.);
#451=FACE_OUTER_BOUND('',#970,.T.);
#452=FACE_OUTER_BOUND('',#971,.T.);
#453=FACE_OUTER_BOUND('',#972,.T.);
#454=FACE_OUTER_BOUND('',#973,.T.);
#455=FACE_OUTER_BOUND('',#974,.T.);
#456=FACE_OUTER_BOUND('',#975,.T.);
#457=FACE_OUTER_BOUND('',#976,.T.);
#458=FACE_OUTER_BOUND('',#977,.T.);
#459=FACE_OUTER_BOUND('',#978,.T.);
#460=FACE_OUTER_BOUND('',#979,.T.);
#461=FACE_OUTER_BOUND('',#980,.T.);
#462=FACE_OUTER_BOUND('',#981,.T.);
#463=FACE_OUTER_BOUND('',#982,.T.);
#464=FACE_OUTER_BOUND('',#983,.T.);
#465=FACE_OUTER_BOUND('',#984,.T.);
#466=FACE_OUTER_BOUND('',#985,.T.);
#467=FACE_OUTER_BOUND('',#986,.T.);
#468=FACE_OUTER_BOUND('',#987,.T.);
#469=FACE_OUTER_BOUND('',#988,.T.);
#470=FACE_OUTER_BOUND('',#989,.T.);
#471=FACE_OUTER_BOUND('',#990,.T.);
#472=FACE_OUTER_BOUND('',#991,.T.);
#473=FACE_OUTER_BOUND('',#992,.T.);
#474=FACE_OUTER_BOUND('',#993,.T.);
#475=FACE_OUTER_BOUND('',#994,.T.);
#476=FACE_OUTER_BOUND('',#995,.T.);
#477=FACE_OUTER_BOUND('',#996,.T.);
#478=FACE_OUTER_BOUND('',#997,.T.);
#479=FACE_OUTER_BOUND('',#998,.T.);
#480=FACE_OUTER_BOUND('',#999,.T.);
#481=FACE_OUTER_BOUND('',#1000,.T.);
#482=FACE_OUTER_BOUND('',#1001,.T.);
#483=FACE_OUTER_BOUND('',#1002,.T.);
#484=FACE_OUTER_BOUND('',#1003,.T.);
#485=FACE_OUTER_BOUND('',#1004,.T.);
#486=FACE_OUTER_BOUND('',#1005,.T.);
#487=FACE_OUTER_BOUND('',#1006,.T.);
#488=FACE_OUTER_BOUND('',#1007,.T.);
#489=FACE_OUTER_BOUND('',#1008,.T.);
#490=FACE_OUTER_BOUND('',#1009,.T.);
#491=FACE_OUTER_BOUND('',#1010,.T.);
#492=FACE_OUTER_BOUND('',#1011,.T.);
#493=FACE_OUTER_BOUND('',#1012,.T.);
#494=FACE_OUTER_BOUND('',#1013,.T.);
#495=FACE_OUTER_BOUND('',#1014,.T.);
#496=FACE_OUTER_BOUND('',#1015,.T.);
#497=FACE_OUTER_BOUND('',#1016,.T.);
#498=FACE_OUTER_BOUND('',#1017,.T.);
#499=FACE_OUTER_BOUND('',#1018,.T.);
#500=FACE_OUTER_BOUND('',#1019,.T.);
#501=FACE_OUTER_BOUND('',#1020,.T.);
#502=FACE_OUTER_BOUND('',#1021,.T.);
#503=FACE_OUTER_BOUND('',#1022,.T.);
#504=FACE_OUTER_BOUND('',#1023,.T.);
#505=FACE_OUTER_BOUND('',#1024,.T.);
#506=FACE_OUTER_BOUND('',#1025,.T.);
#507=FACE_OUTER_BOUND('',#1026,.T.);
#508=FACE_OUTER_BOUND('',#1027,.T.);
#509=FACE_OUTER_BOUND('',#1028,.T.);
#510=FACE_OUTER_BOUND('',#1029,.T.);
#511=FACE_OUTER_BOUND('',#1030,.T.);
#512=FACE_OUTER_BOUND('',#1031,.T.);
#513=FACE_OUTER_BOUND('',#1032,.T.);
#514=FACE_OUTER_BOUND('',#1033,.T.);
#515=FACE_OUTER_BOUND('',#1034,.T.);
#516=FACE_OUTER_BOUND('',#1035,.T.);
#517=FACE_OUTER_BOUND('',#1036,.T.);
#518=FACE_OUTER_BOUND('',#1037,.T.);
#519=FACE_OUTER_BOUND('',#1038,.T.);
#520=FACE_OUTER_BOUND('',#1039,.T.);
#521=FACE_OUTER_BOUND('',#1040,.T.);
#522=FACE_OUTER_BOUND('',#1041,.T.);
#523=FACE_OUTER_BOUND('',#1042,.T.);
#524=FACE_OUTER_BOUND('',#1043,.T.);
#525=FACE_OUTER_BOUND('',#1044,.T.);
#526=FACE_OUTER_BOUND('',#1045,.T.);
#527=FACE_OUTER_BOUND('',#1046,.T.);
#528=FACE_OUTER_BOUND('',#1047,.T.);
#529=FACE_OUTER_BOUND('',#1048,.T.);
#530=FACE_OUTER_BOUND('',#1049,.T.);
#531=FACE_OUTER_BOUND('',#1050,.T.);
#532=FACE_OUTER_BOUND('',#1051,.T.);
#533=FACE_OUTER_BOUND('',#1052,.T.);
#534=FACE_OUTER_BOUND('',#1053,.T.);
#535=FACE_OUTER_BOUND('',#1054,.T.);
#536=FACE_OUTER_BOUND('',#1055,.T.);
#537=FACE_OUTER_BOUND('',#1056,.T.);
#538=FACE_OUTER_BOUND('',#1057,.T.);
#539=FACE_OUTER_BOUND('',#1058,.T.);
#540=FACE_OUTER_BOUND('',#1059,.T.);
#541=FACE_OUTER_BOUND('',#1060,.T.);
#542=FACE_OUTER_BOUND('',#1061,.T.);
#543=FACE_OUTER_BOUND('',#1062,.T.);
#544=FACE_OUTER_BOUND('',#1063,.T.);
#545=FACE_OUTER_BOUND('',#1064,.T.);
#546=FACE_OUTER_BOUND('',#1066,.T.);
#547=FACE_OUTER_BOUND('',#1067,.T.);
#548=FACE_OUTER_BOUND('',#1068,.T.);
#549=FACE_OUTER_BOUND('',#1069,.T.);
#550=FACE_OUTER_BOUND('',#1070,.T.);
#551=FACE_OUTER_BOUND('',#1071,.T.);
#552=FACE_OUTER_BOUND('',#1072,.T.);
#553=FACE_OUTER_BOUND('',#1073,.T.);
#554=FACE_OUTER_BOUND('',#1074,.T.);
#555=FACE_OUTER_BOUND('',#1075,.T.);
#556=FACE_OUTER_BOUND('',#1076,.T.);
#557=FACE_OUTER_BOUND('',#1077,.T.);
#558=FACE_OUTER_BOUND('',#1078,.T.);
#559=FACE_OUTER_BOUND('',#1079,.T.);
#560=FACE_OUTER_BOUND('',#1080,.T.);
#561=FACE_OUTER_BOUND('',#1081,.T.);
#562=FACE_OUTER_BOUND('',#1082,.T.);
#563=FACE_OUTER_BOUND('',#1083,.T.);
#564=FACE_OUTER_BOUND('',#1084,.T.);
#565=FACE_OUTER_BOUND('',#1085,.T.);
#566=FACE_OUTER_BOUND('',#1086,.T.);
#567=FACE_OUTER_BOUND('',#1087,.T.);
#568=FACE_OUTER_BOUND('',#1088,.T.);
#569=FACE_OUTER_BOUND('',#1089,.T.);
#570=FACE_OUTER_BOUND('',#1090,.T.);
#571=FACE_OUTER_BOUND('',#1091,.T.);
#572=FACE_OUTER_BOUND('',#1092,.T.);
#573=FACE_OUTER_BOUND('',#1093,.T.);
#574=FACE_OUTER_BOUND('',#1094,.T.);
#575=FACE_OUTER_BOUND('',#1095,.T.);
#576=FACE_OUTER_BOUND('',#1096,.T.);
#577=FACE_OUTER_BOUND('',#1097,.T.);
#578=FACE_OUTER_BOUND('',#1098,.T.);
#579=FACE_OUTER_BOUND('',#1099,.T.);
#580=FACE_OUTER_BOUND('',#1100,.T.);
#581=FACE_OUTER_BOUND('',#1101,.T.);
#582=FACE_OUTER_BOUND('',#1102,.T.);
#583=FACE_OUTER_BOUND('',#1103,.T.);
#584=FACE_OUTER_BOUND('',#1104,.T.);
#585=FACE_OUTER_BOUND('',#1105,.T.);
#586=FACE_OUTER_BOUND('',#1106,.T.);
#587=FACE_OUTER_BOUND('',#1107,.T.);
#588=FACE_OUTER_BOUND('',#1108,.T.);
#589=FACE_OUTER_BOUND('',#1109,.T.);
#590=FACE_OUTER_BOUND('',#1110,.T.);
#591=FACE_OUTER_BOUND('',#1112,.T.);
#592=FACE_OUTER_BOUND('',#1113,.T.);
#593=FACE_OUTER_BOUND('',#1115,.T.);
#594=FACE_OUTER_BOUND('',#1116,.T.);
#595=FACE_OUTER_BOUND('',#1117,.T.);
#596=FACE_OUTER_BOUND('',#1118,.T.);
#597=FACE_OUTER_BOUND('',#1119,.T.);
#598=FACE_OUTER_BOUND('',#1120,.T.);
#599=FACE_OUTER_BOUND('',#1121,.T.);
#600=FACE_OUTER_BOUND('',#1125,.T.);
#601=FACE_OUTER_BOUND('',#1126,.T.);
#602=FACE_OUTER_BOUND('',#1128,.T.);
#603=FACE_OUTER_BOUND('',#1129,.T.);
#604=FACE_OUTER_BOUND('',#1130,.T.);
#605=FACE_OUTER_BOUND('',#1135,.T.);
#606=FACE_OUTER_BOUND('',#1136,.T.);
#607=FACE_OUTER_BOUND('',#1137,.T.);
#608=FACE_OUTER_BOUND('',#1138,.T.);
#609=FACE_OUTER_BOUND('',#1139,.T.);
#610=FACE_OUTER_BOUND('',#1140,.T.);
#611=FACE_OUTER_BOUND('',#1141,.T.);
#612=FACE_OUTER_BOUND('',#1142,.T.);
#613=FACE_OUTER_BOUND('',#1143,.T.);
#614=FACE_OUTER_BOUND('',#1144,.T.);
#615=FACE_OUTER_BOUND('',#1145,.T.);
#616=FACE_OUTER_BOUND('',#1146,.T.);
#617=FACE_OUTER_BOUND('',#1147,.T.);
#618=FACE_OUTER_BOUND('',#1148,.T.);
#619=FACE_OUTER_BOUND('',#1149,.T.);
#620=FACE_OUTER_BOUND('',#1150,.T.);
#621=FACE_OUTER_BOUND('',#1151,.T.);
#622=FACE_OUTER_BOUND('',#1152,.T.);
#623=FACE_OUTER_BOUND('',#1153,.T.);
#624=FACE_OUTER_BOUND('',#1154,.T.);
#625=FACE_OUTER_BOUND('',#1155,.T.);
#626=FACE_OUTER_BOUND('',#1156,.T.);
#627=FACE_OUTER_BOUND('',#1157,.T.);
#628=FACE_OUTER_BOUND('',#1158,.T.);
#629=FACE_OUTER_BOUND('',#1159,.T.);
#630=FACE_OUTER_BOUND('',#1160,.T.);
#631=FACE_OUTER_BOUND('',#1161,.T.);
#632=FACE_OUTER_BOUND('',#1162,.T.);
#633=FACE_OUTER_BOUND('',#1163,.T.);
#634=FACE_OUTER_BOUND('',#1164,.T.);
#635=FACE_OUTER_BOUND('',#1165,.T.);
#636=FACE_OUTER_BOUND('',#1166,.T.);
#637=FACE_OUTER_BOUND('',#1167,.T.);
#638=FACE_OUTER_BOUND('',#1168,.T.);
#639=FACE_OUTER_BOUND('',#1169,.T.);
#640=FACE_OUTER_BOUND('',#1170,.T.);
#641=FACE_OUTER_BOUND('',#1171,.T.);
#642=FACE_OUTER_BOUND('',#1172,.T.);
#643=FACE_OUTER_BOUND('',#1173,.T.);
#644=FACE_OUTER_BOUND('',#1174,.T.);
#645=FACE_OUTER_BOUND('',#1175,.T.);
#646=FACE_OUTER_BOUND('',#1176,.T.);
#647=FACE_OUTER_BOUND('',#1177,.T.);
#648=EDGE_LOOP('',(#6606,#6607,#6608,#6609));
#649=EDGE_LOOP('',(#6610,#6611,#6612,#6613,#6614,#6615));
#650=EDGE_LOOP('',(#6616,#6617,#6618,#6619,#6620,#6621));
#651=EDGE_LOOP('',(#6622,#6623,#6624,#6625,#6626,#6627));
#652=EDGE_LOOP('',(#6628,#6629,#6630,#6631,#6632,#6633,#6634,#6635,#6636,
#6637));
#653=EDGE_LOOP('',(#6638,#6639,#6640,#6641));
#654=EDGE_LOOP('',(#6642,#6643,#6644,#6645,#6646));
#655=EDGE_LOOP('',(#6647,#6648,#6649,#6650));
#656=EDGE_LOOP('',(#6651,#6652,#6653,#6654,#6655));
#657=EDGE_LOOP('',(#6656,#6657,#6658,#6659,#6660,#6661,#6662,#6663,#6664,
#6665,#6666,#6667,#6668,#6669,#6670,#6671));
#658=EDGE_LOOP('',(#6672,#6673,#6674,#6675));
#659=EDGE_LOOP('',(#6676,#6677,#6678,#6679));
#660=EDGE_LOOP('',(#6680,#6681,#6682,#6683,#6684,#6685));
#661=EDGE_LOOP('',(#6686,#6687,#6688));
#662=EDGE_LOOP('',(#6689,#6690,#6691));
#663=EDGE_LOOP('',(#6692,#6693,#6694));
#664=EDGE_LOOP('',(#6695,#6696,#6697,#6698,#6699,#6700,#6701,#6702,#6703,
#6704,#6705,#6706,#6707,#6708,#6709,#6710,#6711));
#665=EDGE_LOOP('',(#6712,#6713,#6714,#6715));
#666=EDGE_LOOP('',(#6716,#6717,#6718,#6719));
#667=EDGE_LOOP('',(#6720,#6721,#6722,#6723,#6724));
#668=EDGE_LOOP('',(#6725,#6726,#6727,#6728));
#669=EDGE_LOOP('',(#6729,#6730,#6731));
#670=EDGE_LOOP('',(#6732,#6733,#6734,#6735,#6736));
#671=EDGE_LOOP('',(#6737,#6738,#6739,#6740,#6741,#6742));
#672=EDGE_LOOP('',(#6743,#6744,#6745,#6746,#6747,#6748,#6749,#6750,#6751,
#6752,#6753,#6754,#6755,#6756,#6757,#6758,#6759,#6760,#6761,#6762,#6763,
#6764));
#673=EDGE_LOOP('',(#6765,#6766,#6767,#6768,#6769,#6770,#6771,#6772,#6773,
#6774));
#674=EDGE_LOOP('',(#6775,#6776,#6777,#6778));
#675=EDGE_LOOP('',(#6779,#6780,#6781,#6782,#6783));
#676=EDGE_LOOP('',(#6784,#6785,#6786,#6787));
#677=EDGE_LOOP('',(#6788,#6789,#6790,#6791,#6792,#6793));
#678=EDGE_LOOP('',(#6794,#6795,#6796,#6797));
#679=EDGE_LOOP('',(#6798,#6799,#6800,#6801));
#680=EDGE_LOOP('',(#6802,#6803,#6804,#6805));
#681=EDGE_LOOP('',(#6806,#6807,#6808,#6809));
#682=EDGE_LOOP('',(#6810,#6811,#6812,#6813,#6814,#6815,#6816,#6817,#6818));
#683=EDGE_LOOP('',(#6819,#6820,#6821,#6822,#6823,#6824,#6825));
#684=EDGE_LOOP('',(#6826,#6827,#6828,#6829,#6830));
#685=EDGE_LOOP('',(#6831,#6832,#6833,#6834,#6835,#6836,#6837,#6838,#6839,
#6840));
#686=EDGE_LOOP('',(#6841,#6842,#6843,#6844));
#687=EDGE_LOOP('',(#6845,#6846,#6847,#6848));
#688=EDGE_LOOP('',(#6849,#6850,#6851,#6852));
#689=EDGE_LOOP('',(#6853,#6854,#6855,#6856,#6857,#6858,#6859,#6860,#6861,
#6862,#6863,#6864,#6865,#6866,#6867,#6868));
#690=EDGE_LOOP('',(#6869,#6870,#6871));
#691=EDGE_LOOP('',(#6872,#6873,#6874,#6875,#6876,#6877,#6878,#6879,#6880,
#6881,#6882,#6883,#6884));
#692=EDGE_LOOP('',(#6885,#6886,#6887,#6888));
#693=EDGE_LOOP('',(#6889,#6890,#6891,#6892,#6893));
#694=EDGE_LOOP('',(#6894,#6895,#6896,#6897));
#695=EDGE_LOOP('',(#6898,#6899));
#696=EDGE_LOOP('',(#6900,#6901,#6902,#6903,#6904,#6905,#6906,#6907,#6908,
#6909,#6910,#6911));
#697=EDGE_LOOP('',(#6912,#6913,#6914,#6915,#6916,#6917,#6918));
#698=EDGE_LOOP('',(#6919,#6920,#6921,#6922));
#699=EDGE_LOOP('',(#6923,#6924,#6925,#6926,#6927,#6928,#6929,#6930,#6931,
#6932,#6933,#6934,#6935));
#700=EDGE_LOOP('',(#6936,#6937));
#701=EDGE_LOOP('',(#6938,#6939,#6940,#6941,#6942,#6943));
#702=EDGE_LOOP('',(#6944,#6945,#6946,#6947));
#703=EDGE_LOOP('',(#6948,#6949,#6950,#6951,#6952,#6953));
#704=EDGE_LOOP('',(#6954,#6955,#6956,#6957));
#705=EDGE_LOOP('',(#6958,#6959,#6960,#6961));
#706=EDGE_LOOP('',(#6962,#6963,#6964,#6965));
#707=EDGE_LOOP('',(#6966,#6967,#6968,#6969));
#708=EDGE_LOOP('',(#6970,#6971,#6972,#6973));
#709=EDGE_LOOP('',(#6974,#6975,#6976,#6977,#6978));
#710=EDGE_LOOP('',(#6979,#6980,#6981,#6982));
#711=EDGE_LOOP('',(#6983,#6984,#6985,#6986,#6987,#6988,#6989));
#712=EDGE_LOOP('',(#6990,#6991,#6992));
#713=EDGE_LOOP('',(#6993,#6994,#6995,#6996,#6997,#6998));
#714=EDGE_LOOP('',(#6999,#7000,#7001,#7002,#7003,#7004,#7005,#7006,#7007,
#7008,#7009,#7010,#7011,#7012,#7013,#7014));
#715=EDGE_LOOP('',(#7015,#7016,#7017,#7018));
#716=EDGE_LOOP('',(#7019,#7020,#7021,#7022));
#717=EDGE_LOOP('',(#7023,#7024,#7025,#7026,#7027));
#718=EDGE_LOOP('',(#7028,#7029,#7030,#7031,#7032,#7033,#7034));
#719=EDGE_LOOP('',(#7035,#7036,#7037,#7038));
#720=EDGE_LOOP('',(#7039,#7040,#7041,#7042));
#721=EDGE_LOOP('',(#7043,#7044,#7045,#7046));
#722=EDGE_LOOP('',(#7047,#7048,#7049,#7050));
#723=EDGE_LOOP('',(#7051,#7052,#7053,#7054));
#724=EDGE_LOOP('',(#7055,#7056,#7057,#7058));
#725=EDGE_LOOP('',(#7059,#7060,#7061,#7062));
#726=EDGE_LOOP('',(#7063,#7064,#7065,#7066));
#727=EDGE_LOOP('',(#7067,#7068,#7069,#7070));
#728=EDGE_LOOP('',(#7071,#7072,#7073,#7074));
#729=EDGE_LOOP('',(#7075,#7076,#7077,#7078,#7079,#7080));
#730=EDGE_LOOP('',(#7081,#7082,#7083,#7084,#7085,#7086,#7087,#7088,#7089,
#7090,#7091));
#731=EDGE_LOOP('',(#7092,#7093,#7094,#7095));
#732=EDGE_LOOP('',(#7096,#7097,#7098,#7099));
#733=EDGE_LOOP('',(#7100,#7101,#7102,#7103));
#734=EDGE_LOOP('',(#7104,#7105,#7106,#7107,#7108,#7109,#7110,#7111,#7112,
#7113,#7114,#7115));
#735=EDGE_LOOP('',(#7116,#7117,#7118,#7119));
#736=EDGE_LOOP('',(#7120,#7121,#7122,#7123,#7124,#7125,#7126,#7127));
#737=EDGE_LOOP('',(#7128,#7129,#7130,#7131,#7132,#7133,#7134,#7135,#7136,
#7137,#7138,#7139,#7140,#7141,#7142));
#738=EDGE_LOOP('',(#7143,#7144,#7145,#7146));
#739=EDGE_LOOP('',(#7147,#7148,#7149,#7150));
#740=EDGE_LOOP('',(#7151,#7152,#7153,#7154));
#741=EDGE_LOOP('',(#7155,#7156,#7157,#7158));
#742=EDGE_LOOP('',(#7159,#7160,#7161,#7162));
#743=EDGE_LOOP('',(#7163,#7164,#7165,#7166));
#744=EDGE_LOOP('',(#7167,#7168,#7169,#7170));
#745=EDGE_LOOP('',(#7171,#7172,#7173,#7174,#7175,#7176,#7177,#7178,#7179,
#7180));
#746=EDGE_LOOP('',(#7181,#7182,#7183,#7184,#7185,#7186,#7187,#7188,#7189,
#7190,#7191,#7192,#7193,#7194));
#747=EDGE_LOOP('',(#7195,#7196,#7197,#7198));
#748=EDGE_LOOP('',(#7199,#7200,#7201,#7202));
#749=EDGE_LOOP('',(#7203,#7204,#7205,#7206,#7207,#7208,#7209,#7210,#7211,
#7212,#7213));
#750=EDGE_LOOP('',(#7214,#7215,#7216,#7217,#7218,#7219,#7220,#7221,#7222,
#7223));
#751=EDGE_LOOP('',(#7224,#7225,#7226,#7227,#7228,#7229,#7230));
#752=EDGE_LOOP('',(#7231,#7232,#7233,#7234));
#753=EDGE_LOOP('',(#7235,#7236,#7237,#7238,#7239,#7240,#7241,#7242));
#754=EDGE_LOOP('',(#7243,#7244,#7245,#7246,#7247,#7248,#7249));
#755=EDGE_LOOP('',(#7250,#7251,#7252,#7253,#7254,#7255));
#756=EDGE_LOOP('',(#7256,#7257,#7258,#7259,#7260));
#757=EDGE_LOOP('',(#7261,#7262,#7263,#7264));
#758=EDGE_LOOP('',(#7265,#7266,#7267,#7268));
#759=EDGE_LOOP('',(#7269,#7270,#7271,#7272,#7273,#7274));
#760=EDGE_LOOP('',(#7275,#7276,#7277,#7278,#7279,#7280,#7281,#7282,#7283));
#761=EDGE_LOOP('',(#7284,#7285,#7286,#7287));
#762=EDGE_LOOP('',(#7288,#7289,#7290,#7291));
#763=EDGE_LOOP('',(#7292,#7293,#7294,#7295));
#764=EDGE_LOOP('',(#7296,#7297,#7298,#7299));
#765=EDGE_LOOP('',(#7300,#7301,#7302,#7303));
#766=EDGE_LOOP('',(#7304,#7305,#7306,#7307));
#767=EDGE_LOOP('',(#7308,#7309,#7310,#7311));
#768=EDGE_LOOP('',(#7312,#7313,#7314,#7315));
#769=EDGE_LOOP('',(#7316,#7317,#7318,#7319));
#770=EDGE_LOOP('',(#7320,#7321,#7322,#7323,#7324,#7325));
#771=EDGE_LOOP('',(#7326,#7327,#7328,#7329,#7330,#7331));
#772=EDGE_LOOP('',(#7332,#7333,#7334,#7335));
#773=EDGE_LOOP('',(#7336,#7337,#7338,#7339));
#774=EDGE_LOOP('',(#7340,#7341,#7342,#7343,#7344,#7345,#7346,#7347,#7348,
#7349,#7350,#7351,#7352,#7353,#7354,#7355,#7356,#7357,#7358,#7359,#7360,
#7361,#7362));
#775=EDGE_LOOP('',(#7363,#7364,#7365,#7366));
#776=EDGE_LOOP('',(#7367,#7368,#7369,#7370));
#777=EDGE_LOOP('',(#7371,#7372,#7373,#7374,#7375,#7376,#7377,#7378));
#778=EDGE_LOOP('',(#7379,#7380,#7381,#7382,#7383,#7384,#7385,#7386,#7387));
#779=EDGE_LOOP('',(#7388,#7389,#7390,#7391,#7392,#7393,#7394));
#780=EDGE_LOOP('',(#7395,#7396,#7397,#7398,#7399));
#781=EDGE_LOOP('',(#7400,#7401,#7402,#7403));
#782=EDGE_LOOP('',(#7404,#7405,#7406,#7407,#7408,#7409));
#783=EDGE_LOOP('',(#7410,#7411,#7412,#7413,#7414,#7415));
#784=EDGE_LOOP('',(#7416,#7417,#7418));
#785=EDGE_LOOP('',(#7419,#7420,#7421,#7422));
#786=EDGE_LOOP('',(#7423,#7424,#7425));
#787=EDGE_LOOP('',(#7426,#7427,#7428,#7429,#7430,#7431,#7432,#7433,#7434,
#7435,#7436));
#788=EDGE_LOOP('',(#7437,#7438,#7439,#7440));
#789=EDGE_LOOP('',(#7441,#7442,#7443,#7444));
#790=EDGE_LOOP('',(#7445,#7446,#7447,#7448,#7449,#7450,#7451,#7452,#7453));
#791=EDGE_LOOP('',(#7454,#7455,#7456,#7457,#7458,#7459,#7460,#7461,#7462,
#7463));
#792=EDGE_LOOP('',(#7464,#7465,#7466,#7467,#7468,#7469));
#793=EDGE_LOOP('',(#7470,#7471,#7472,#7473));
#794=EDGE_LOOP('',(#7474,#7475,#7476,#7477));
#795=EDGE_LOOP('',(#7478,#7479,#7480,#7481,#7482));
#796=EDGE_LOOP('',(#7483,#7484,#7485,#7486,#7487,#7488));
#797=EDGE_LOOP('',(#7489,#7490,#7491,#7492,#7493));
#798=EDGE_LOOP('',(#7494,#7495,#7496,#7497));
#799=EDGE_LOOP('',(#7498,#7499,#7500,#7501,#7502));
#800=EDGE_LOOP('',(#7503,#7504,#7505,#7506,#7507,#7508,#7509,#7510,#7511,
#7512,#7513,#7514,#7515,#7516));
#801=EDGE_LOOP('',(#7517,#7518,#7519,#7520));
#802=EDGE_LOOP('',(#7521,#7522,#7523,#7524,#7525));
#803=EDGE_LOOP('',(#7526,#7527,#7528,#7529));
#804=EDGE_LOOP('',(#7530,#7531,#7532,#7533,#7534,#7535,#7536,#7537,#7538,
#7539));
#805=EDGE_LOOP('',(#7540,#7541,#7542,#7543));
#806=EDGE_LOOP('',(#7544,#7545,#7546,#7547));
#807=EDGE_LOOP('',(#7548,#7549,#7550,#7551,#7552,#7553,#7554,#7555,#7556,
#7557,#7558,#7559,#7560,#7561,#7562,#7563));
#808=EDGE_LOOP('',(#7564,#7565,#7566,#7567));
#809=EDGE_LOOP('',(#7568,#7569,#7570,#7571,#7572,#7573,#7574));
#810=EDGE_LOOP('',(#7575,#7576,#7577,#7578,#7579,#7580,#7581));
#811=EDGE_LOOP('',(#7582,#7583,#7584,#7585,#7586,#7587,#7588));
#812=EDGE_LOOP('',(#7589,#7590,#7591,#7592));
#813=EDGE_LOOP('',(#7593,#7594,#7595,#7596));
#814=EDGE_LOOP('',(#7597,#7598,#7599,#7600,#7601,#7602,#7603));
#815=EDGE_LOOP('',(#7604,#7605,#7606,#7607));
#816=EDGE_LOOP('',(#7608,#7609,#7610,#7611,#7612,#7613));
#817=EDGE_LOOP('',(#7614,#7615,#7616,#7617,#7618,#7619,#7620,#7621,#7622,
#7623));
#818=EDGE_LOOP('',(#7624,#7625,#7626,#7627));
#819=EDGE_LOOP('',(#7628,#7629,#7630,#7631));
#820=EDGE_LOOP('',(#7632,#7633,#7634,#7635,#7636,#7637,#7638,#7639,#7640,
#7641,#7642,#7643,#7644,#7645));
#821=EDGE_LOOP('',(#7646,#7647,#7648,#7649,#7650,#7651));
#822=EDGE_LOOP('',(#7652,#7653,#7654,#7655));
#823=EDGE_LOOP('',(#7656,#7657,#7658,#7659));
#824=EDGE_LOOP('',(#7660,#7661,#7662,#7663));
#825=EDGE_LOOP('',(#7664,#7665,#7666,#7667));
#826=EDGE_LOOP('',(#7668,#7669,#7670,#7671));
#827=EDGE_LOOP('',(#7672,#7673,#7674,#7675));
#828=EDGE_LOOP('',(#7676,#7677,#7678,#7679));
#829=EDGE_LOOP('',(#7680,#7681,#7682,#7683,#7684,#7685,#7686,#7687));
#830=EDGE_LOOP('',(#7688,#7689,#7690,#7691));
#831=EDGE_LOOP('',(#7692,#7693,#7694,#7695));
#832=EDGE_LOOP('',(#7696,#7697,#7698,#7699));
#833=EDGE_LOOP('',(#7700,#7701,#7702,#7703,#7704,#7705,#7706,#7707,#7708,
#7709));
#834=EDGE_LOOP('',(#7710,#7711,#7712,#7713));
#835=EDGE_LOOP('',(#7714,#7715,#7716,#7717,#7718));
#836=EDGE_LOOP('',(#7719,#7720,#7721,#7722));
#837=EDGE_LOOP('',(#7723,#7724,#7725,#7726,#7727,#7728,#7729,#7730));
#838=EDGE_LOOP('',(#7731,#7732,#7733,#7734,#7735,#7736));
#839=EDGE_LOOP('',(#7737,#7738,#7739,#7740));
#840=EDGE_LOOP('',(#7741,#7742,#7743,#7744,#7745));
#841=EDGE_LOOP('',(#7746,#7747,#7748,#7749,#7750));
#842=EDGE_LOOP('',(#7751,#7752,#7753,#7754));
#843=EDGE_LOOP('',(#7755,#7756,#7757,#7758,#7759,#7760));
#844=EDGE_LOOP('',(#7761,#7762,#7763,#7764,#7765,#7766));
#845=EDGE_LOOP('',(#7767,#7768,#7769,#7770));
#846=EDGE_LOOP('',(#7771,#7772,#7773,#7774,#7775,#7776));
#847=EDGE_LOOP('',(#7777,#7778,#7779,#7780));
#848=EDGE_LOOP('',(#7781,#7782,#7783,#7784,#7785,#7786));
#849=EDGE_LOOP('',(#7787,#7788,#7789,#7790));
#850=EDGE_LOOP('',(#7791,#7792,#7793,#7794,#7795,#7796));
#851=EDGE_LOOP('',(#7797,#7798,#7799,#7800));
#852=EDGE_LOOP('',(#7801,#7802,#7803,#7804));
#853=EDGE_LOOP('',(#7805,#7806,#7807,#7808));
#854=EDGE_LOOP('',(#7809,#7810,#7811,#7812));
#855=EDGE_LOOP('',(#7813,#7814,#7815,#7816,#7817,#7818,#7819,#7820,#7821,
#7822,#7823,#7824,#7825,#7826,#7827,#7828));
#856=EDGE_LOOP('',(#7829,#7830,#7831,#7832,#7833,#7834,#7835,#7836,#7837,
#7838));
#857=EDGE_LOOP('',(#7839,#7840,#7841,#7842));
#858=EDGE_LOOP('',(#7843,#7844,#7845,#7846,#7847,#7848,#7849,#7850,#7851,
#7852,#7853,#7854,#7855,#7856,#7857,#7858,#7859,#7860,#7861,#7862,#7863));
#859=EDGE_LOOP('',(#7864,#7865,#7866,#7867));
#860=EDGE_LOOP('',(#7868,#7869,#7870,#7871));
#861=EDGE_LOOP('',(#7872,#7873,#7874,#7875));
#862=EDGE_LOOP('',(#7876,#7877,#7878,#7879));
#863=EDGE_LOOP('',(#7880,#7881,#7882,#7883));
#864=EDGE_LOOP('',(#7884,#7885,#7886,#7887,#7888,#7889,#7890));
#865=EDGE_LOOP('',(#7891,#7892,#7893,#7894));
#866=EDGE_LOOP('',(#7895,#7896,#7897,#7898));
#867=EDGE_LOOP('',(#7899,#7900,#7901,#7902,#7903,#7904));
#868=EDGE_LOOP('',(#7905,#7906,#7907,#7908));
#869=EDGE_LOOP('',(#7909,#7910,#7911,#7912,#7913,#7914));
#870=EDGE_LOOP('',(#7915,#7916,#7917,#7918,#7919,#7920,#7921,#7922,#7923,
#7924,#7925,#7926,#7927));
#871=EDGE_LOOP('',(#7928,#7929,#7930,#7931));
#872=EDGE_LOOP('',(#7932,#7933,#7934,#7935));
#873=EDGE_LOOP('',(#7936,#7937,#7938,#7939,#7940,#7941,#7942,#7943,#7944,
#7945,#7946,#7947,#7948));
#874=EDGE_LOOP('',(#7949,#7950,#7951,#7952));
#875=EDGE_LOOP('',(#7953,#7954,#7955,#7956));
#876=EDGE_LOOP('',(#7957,#7958,#7959,#7960));
#877=EDGE_LOOP('',(#7961,#7962,#7963,#7964));
#878=EDGE_LOOP('',(#7965,#7966,#7967,#7968));
#879=EDGE_LOOP('',(#7969,#7970,#7971,#7972));
#880=EDGE_LOOP('',(#7973,#7974,#7975,#7976,#7977,#7978));
#881=EDGE_LOOP('',(#7979,#7980,#7981,#7982));
#882=EDGE_LOOP('',(#7983,#7984,#7985,#7986));
#883=EDGE_LOOP('',(#7987,#7988,#7989,#7990));
#884=EDGE_LOOP('',(#7991,#7992,#7993,#7994));
#885=EDGE_LOOP('',(#7995,#7996,#7997,#7998,#7999,#8000));
#886=EDGE_LOOP('',(#8001,#8002,#8003,#8004));
#887=EDGE_LOOP('',(#8005,#8006,#8007,#8008));
#888=EDGE_LOOP('',(#8009,#8010,#8011,#8012));
#889=EDGE_LOOP('',(#8013,#8014,#8015,#8016));
#890=EDGE_LOOP('',(#8017,#8018,#8019,#8020));
#891=EDGE_LOOP('',(#8021,#8022,#8023,#8024));
#892=EDGE_LOOP('',(#8025,#8026,#8027,#8028));
#893=EDGE_LOOP('',(#8029,#8030,#8031,#8032));
#894=EDGE_LOOP('',(#8033,#8034,#8035,#8036));
#895=EDGE_LOOP('',(#8037,#8038,#8039,#8040));
#896=EDGE_LOOP('',(#8041,#8042,#8043,#8044,#8045,#8046,#8047,#8048,#8049,
#8050));
#897=EDGE_LOOP('',(#8051,#8052,#8053,#8054));
#898=EDGE_LOOP('',(#8055,#8056,#8057,#8058,#8059,#8060));
#899=EDGE_LOOP('',(#8061,#8062,#8063,#8064,#8065,#8066));
#900=EDGE_LOOP('',(#8067,#8068,#8069,#8070));
#901=EDGE_LOOP('',(#8071,#8072,#8073,#8074,#8075,#8076,#8077));
#902=EDGE_LOOP('',(#8078,#8079,#8080,#8081,#8082,#8083,#8084,#8085,#8086,
#8087));
#903=EDGE_LOOP('',(#8088,#8089,#8090,#8091,#8092,#8093,#8094,#8095,#8096,
#8097));
#904=EDGE_LOOP('',(#8098,#8099,#8100,#8101,#8102,#8103,#8104,#8105));
#905=EDGE_LOOP('',(#8106,#8107,#8108,#8109,#8110,#8111));
#906=EDGE_LOOP('',(#8112,#8113,#8114,#8115));
#907=EDGE_LOOP('',(#8116,#8117,#8118,#8119));
#908=EDGE_LOOP('',(#8120,#8121,#8122,#8123));
#909=EDGE_LOOP('',(#8124,#8125,#8126,#8127,#8128,#8129,#8130,#8131,#8132,
#8133));
#910=EDGE_LOOP('',(#8134,#8135,#8136,#8137));
#911=EDGE_LOOP('',(#8138,#8139,#8140,#8141));
#912=EDGE_LOOP('',(#8142,#8143,#8144,#8145,#8146,#8147,#8148,#8149,#8150,
#8151,#8152,#8153,#8154));
#913=EDGE_LOOP('',(#8155,#8156,#8157,#8158,#8159,#8160));
#914=EDGE_LOOP('',(#8161,#8162,#8163,#8164,#8165,#8166));
#915=EDGE_LOOP('',(#8167,#8168,#8169,#8170,#8171,#8172));
#916=EDGE_LOOP('',(#8173,#8174,#8175,#8176));
#917=EDGE_LOOP('',(#8177,#8178,#8179,#8180,#8181,#8182,#8183,#8184,#8185,
#8186));
#918=EDGE_LOOP('',(#8187,#8188,#8189,#8190,#8191,#8192));
#919=EDGE_LOOP('',(#8193,#8194,#8195,#8196,#8197,#8198));
#920=EDGE_LOOP('',(#8199,#8200,#8201,#8202,#8203,#8204));
#921=EDGE_LOOP('',(#8205,#8206,#8207,#8208));
#922=EDGE_LOOP('',(#8209,#8210,#8211,#8212));
#923=EDGE_LOOP('',(#8213,#8214,#8215,#8216));
#924=EDGE_LOOP('',(#8217,#8218,#8219,#8220,#8221,#8222,#8223,#8224));
#925=EDGE_LOOP('',(#8225,#8226,#8227,#8228,#8229,#8230,#8231));
#926=EDGE_LOOP('',(#8232,#8233,#8234,#8235));
#927=EDGE_LOOP('',(#8236,#8237,#8238,#8239,#8240,#8241,#8242,#8243,#8244,
#8245));
#928=EDGE_LOOP('',(#8246,#8247,#8248,#8249));
#929=EDGE_LOOP('',(#8250,#8251,#8252,#8253));
#930=EDGE_LOOP('',(#8254,#8255,#8256,#8257));
#931=EDGE_LOOP('',(#8258,#8259,#8260,#8261,#8262,#8263));
#932=EDGE_LOOP('',(#8264,#8265,#8266,#8267,#8268,#8269,#8270,#8271));
#933=EDGE_LOOP('',(#8272,#8273,#8274,#8275));
#934=EDGE_LOOP('',(#8276,#8277,#8278,#8279));
#935=EDGE_LOOP('',(#8280,#8281,#8282,#8283));
#936=EDGE_LOOP('',(#8284,#8285,#8286,#8287));
#937=EDGE_LOOP('',(#8288,#8289,#8290,#8291));
#938=EDGE_LOOP('',(#8292,#8293,#8294,#8295));
#939=EDGE_LOOP('',(#8296,#8297,#8298,#8299));
#940=EDGE_LOOP('',(#8300,#8301,#8302,#8303));
#941=EDGE_LOOP('',(#8304,#8305,#8306,#8307,#8308,#8309));
#942=EDGE_LOOP('',(#8310,#8311,#8312,#8313));
#943=EDGE_LOOP('',(#8314,#8315,#8316,#8317));
#944=EDGE_LOOP('',(#8318,#8319,#8320,#8321));
#945=EDGE_LOOP('',(#8322,#8323,#8324,#8325));
#946=EDGE_LOOP('',(#8326,#8327,#8328,#8329));
#947=EDGE_LOOP('',(#8330,#8331,#8332,#8333));
#948=EDGE_LOOP('',(#8334,#8335,#8336,#8337));
#949=EDGE_LOOP('',(#8338,#8339,#8340,#8341));
#950=EDGE_LOOP('',(#8342,#8343,#8344,#8345));
#951=EDGE_LOOP('',(#8346,#8347,#8348,#8349));
#952=EDGE_LOOP('',(#8350,#8351,#8352));
#953=EDGE_LOOP('',(#8353,#8354,#8355,#8356,#8357,#8358,#8359,#8360,#8361,
#8362,#8363,#8364,#8365,#8366,#8367,#8368,#8369,#8370,#8371,#8372,#8373,
#8374,#8375,#8376,#8377));
#954=EDGE_LOOP('',(#8378,#8379,#8380,#8381));
#955=EDGE_LOOP('',(#8382,#8383,#8384,#8385));
#956=EDGE_LOOP('',(#8386,#8387,#8388,#8389));
#957=EDGE_LOOP('',(#8390,#8391,#8392,#8393));
#958=EDGE_LOOP('',(#8394,#8395,#8396,#8397));
#959=EDGE_LOOP('',(#8398,#8399,#8400,#8401));
#960=EDGE_LOOP('',(#8402,#8403,#8404,#8405,#8406));
#961=EDGE_LOOP('',(#8407,#8408,#8409,#8410));
#962=EDGE_LOOP('',(#8411,#8412,#8413,#8414));
#963=EDGE_LOOP('',(#8415,#8416,#8417,#8418,#8419));
#964=EDGE_LOOP('',(#8420,#8421,#8422));
#965=EDGE_LOOP('',(#8423,#8424,#8425,#8426));
#966=EDGE_LOOP('',(#8427,#8428,#8429,#8430));
#967=EDGE_LOOP('',(#8431,#8432,#8433,#8434,#8435,#8436));
#968=EDGE_LOOP('',(#8437,#8438,#8439,#8440));
#969=EDGE_LOOP('',(#8441,#8442,#8443,#8444,#8445,#8446,#8447,#8448,#8449,
#8450,#8451,#8452));
#970=EDGE_LOOP('',(#8453,#8454,#8455,#8456,#8457,#8458,#8459,#8460));
#971=EDGE_LOOP('',(#8461,#8462,#8463,#8464));
#972=EDGE_LOOP('',(#8465,#8466,#8467,#8468,#8469,#8470,#8471,#8472));
#973=EDGE_LOOP('',(#8473,#8474,#8475,#8476,#8477,#8478));
#974=EDGE_LOOP('',(#8479,#8480,#8481,#8482,#8483,#8484,#8485,#8486));
#975=EDGE_LOOP('',(#8487,#8488,#8489,#8490));
#976=EDGE_LOOP('',(#8491,#8492,#8493,#8494,#8495,#8496,#8497,#8498));
#977=EDGE_LOOP('',(#8499,#8500,#8501,#8502,#8503,#8504,#8505,#8506,#8507,
#8508,#8509,#8510,#8511,#8512));
#978=EDGE_LOOP('',(#8513,#8514,#8515,#8516,#8517,#8518));
#979=EDGE_LOOP('',(#8519,#8520,#8521,#8522));
#980=EDGE_LOOP('',(#8523,#8524,#8525,#8526));
#981=EDGE_LOOP('',(#8527,#8528,#8529,#8530,#8531,#8532,#8533,#8534,#8535,
#8536,#8537,#8538,#8539,#8540,#8541,#8542,#8543,#8544));
#982=EDGE_LOOP('',(#8545,#8546,#8547,#8548));
#983=EDGE_LOOP('',(#8549,#8550,#8551,#8552));
#984=EDGE_LOOP('',(#8553,#8554,#8555,#8556));
#985=EDGE_LOOP('',(#8557,#8558,#8559,#8560));
#986=EDGE_LOOP('',(#8561,#8562,#8563,#8564));
#987=EDGE_LOOP('',(#8565,#8566,#8567,#8568));
#988=EDGE_LOOP('',(#8569,#8570,#8571,#8572));
#989=EDGE_LOOP('',(#8573,#8574,#8575,#8576));
#990=EDGE_LOOP('',(#8577,#8578,#8579,#8580));
#991=EDGE_LOOP('',(#8581,#8582,#8583,#8584));
#992=EDGE_LOOP('',(#8585,#8586,#8587,#8588,#8589,#8590,#8591,#8592,#8593,
#8594,#8595,#8596,#8597,#8598,#8599,#8600,#8601,#8602,#8603,#8604));
#993=EDGE_LOOP('',(#8605,#8606,#8607,#8608,#8609,#8610,#8611,#8612));
#994=EDGE_LOOP('',(#8613,#8614,#8615,#8616));
#995=EDGE_LOOP('',(#8617,#8618,#8619,#8620));
#996=EDGE_LOOP('',(#8621,#8622,#8623,#8624));
#997=EDGE_LOOP('',(#8625,#8626,#8627,#8628));
#998=EDGE_LOOP('',(#8629,#8630,#8631,#8632));
#999=EDGE_LOOP('',(#8633,#8634,#8635,#8636,#8637,#8638));
#1000=EDGE_LOOP('',(#8639,#8640,#8641,#8642));
#1001=EDGE_LOOP('',(#8643,#8644,#8645,#8646,#8647,#8648));
#1002=EDGE_LOOP('',(#8649,#8650,#8651,#8652,#8653,#8654,#8655,#8656));
#1003=EDGE_LOOP('',(#8657,#8658,#8659,#8660));
#1004=EDGE_LOOP('',(#8661,#8662,#8663,#8664,#8665,#8666,#8667,#8668,#8669,
#8670,#8671,#8672,#8673,#8674,#8675,#8676,#8677));
#1005=EDGE_LOOP('',(#8678,#8679,#8680,#8681));
#1006=EDGE_LOOP('',(#8682,#8683,#8684,#8685));
#1007=EDGE_LOOP('',(#8686,#8687,#8688,#8689));
#1008=EDGE_LOOP('',(#8690,#8691,#8692,#8693,#8694,#8695,#8696,#8697));
#1009=EDGE_LOOP('',(#8698,#8699,#8700,#8701,#8702));
#1010=EDGE_LOOP('',(#8703,#8704,#8705,#8706,#8707));
#1011=EDGE_LOOP('',(#8708,#8709,#8710,#8711));
#1012=EDGE_LOOP('',(#8712,#8713,#8714,#8715,#8716,#8717,#8718));
#1013=EDGE_LOOP('',(#8719,#8720,#8721,#8722));
#1014=EDGE_LOOP('',(#8723,#8724,#8725,#8726,#8727,#8728,#8729,#8730,#8731,
#8732,#8733,#8734,#8735,#8736,#8737,#8738,#8739,#8740,#8741,#8742,#8743,
#8744,#8745,#8746));
#1015=EDGE_LOOP('',(#8747,#8748,#8749,#8750));
#1016=EDGE_LOOP('',(#8751,#8752,#8753,#8754));
#1017=EDGE_LOOP('',(#8755,#8756,#8757,#8758,#8759,#8760));
#1018=EDGE_LOOP('',(#8761,#8762,#8763,#8764));
#1019=EDGE_LOOP('',(#8765,#8766,#8767,#8768));
#1020=EDGE_LOOP('',(#8769,#8770,#8771,#8772));
#1021=EDGE_LOOP('',(#8773,#8774,#8775,#8776,#8777,#8778,#8779,#8780));
#1022=EDGE_LOOP('',(#8781,#8782,#8783,#8784));
#1023=EDGE_LOOP('',(#8785,#8786,#8787,#8788));
#1024=EDGE_LOOP('',(#8789,#8790,#8791,#8792));
#1025=EDGE_LOOP('',(#8793,#8794,#8795,#8796));
#1026=EDGE_LOOP('',(#8797,#8798,#8799,#8800));
#1027=EDGE_LOOP('',(#8801,#8802,#8803,#8804,#8805,#8806));
#1028=EDGE_LOOP('',(#8807,#8808,#8809,#8810));
#1029=EDGE_LOOP('',(#8811,#8812,#8813,#8814,#8815));
#1030=EDGE_LOOP('',(#8816,#8817,#8818,#8819,#8820,#8821,#8822,#8823));
#1031=EDGE_LOOP('',(#8824,#8825,#8826,#8827,#8828));
#1032=EDGE_LOOP('',(#8829,#8830,#8831,#8832,#8833,#8834,#8835,#8836));
#1033=EDGE_LOOP('',(#8837,#8838,#8839,#8840));
#1034=EDGE_LOOP('',(#8841,#8842,#8843,#8844));
#1035=EDGE_LOOP('',(#8845,#8846,#8847,#8848,#8849));
#1036=EDGE_LOOP('',(#8850,#8851,#8852,#8853));
#1037=EDGE_LOOP('',(#8854,#8855,#8856,#8857,#8858,#8859,#8860,#8861));
#1038=EDGE_LOOP('',(#8862,#8863,#8864,#8865,#8866,#8867,#8868,#8869,#8870,
#8871,#8872,#8873));
#1039=EDGE_LOOP('',(#8874,#8875,#8876,#8877,#8878));
#1040=EDGE_LOOP('',(#8879,#8880,#8881,#8882));
#1041=EDGE_LOOP('',(#8883,#8884,#8885,#8886));
#1042=EDGE_LOOP('',(#8887,#8888,#8889,#8890));
#1043=EDGE_LOOP('',(#8891,#8892,#8893,#8894));
#1044=EDGE_LOOP('',(#8895,#8896,#8897,#8898));
#1045=EDGE_LOOP('',(#8899,#8900,#8901,#8902));
#1046=EDGE_LOOP('',(#8903,#8904,#8905,#8906));
#1047=EDGE_LOOP('',(#8907,#8908,#8909,#8910,#8911,#8912));
#1048=EDGE_LOOP('',(#8913,#8914,#8915,#8916));
#1049=EDGE_LOOP('',(#8917,#8918,#8919,#8920,#8921,#8922));
#1050=EDGE_LOOP('',(#8923,#8924,#8925,#8926));
#1051=EDGE_LOOP('',(#8927,#8928,#8929,#8930,#8931,#8932,#8933,#8934,#8935,
#8936,#8937,#8938));
#1052=EDGE_LOOP('',(#8939,#8940,#8941,#8942));
#1053=EDGE_LOOP('',(#8943,#8944,#8945,#8946,#8947,#8948,#8949,#8950,#8951,
#8952,#8953,#8954,#8955,#8956,#8957,#8958,#8959,#8960,#8961,#8962,#8963));
#1054=EDGE_LOOP('',(#8964,#8965,#8966,#8967));
#1055=EDGE_LOOP('',(#8968,#8969,#8970,#8971));
#1056=EDGE_LOOP('',(#8972,#8973,#8974,#8975,#8976,#8977));
#1057=EDGE_LOOP('',(#8978,#8979,#8980,#8981));
#1058=EDGE_LOOP('',(#8982,#8983,#8984,#8985));
#1059=EDGE_LOOP('',(#8986,#8987,#8988,#8989));
#1060=EDGE_LOOP('',(#8990,#8991,#8992,#8993));
#1061=EDGE_LOOP('',(#8994,#8995,#8996,#8997));
#1062=EDGE_LOOP('',(#8998,#8999,#9000,#9001,#9002,#9003));
#1063=EDGE_LOOP('',(#9004,#9005,#9006,#9007,#9008));
#1064=EDGE_LOOP('',(#9009,#9010,#9011,#9012,#9013,#9014));
#1065=EDGE_LOOP('',(#9015));
#1066=EDGE_LOOP('',(#9016,#9017,#9018,#9019));
#1067=EDGE_LOOP('',(#9020,#9021,#9022,#9023));
#1068=EDGE_LOOP('',(#9024,#9025,#9026,#9027,#9028));
#1069=EDGE_LOOP('',(#9029,#9030,#9031,#9032));
#1070=EDGE_LOOP('',(#9033,#9034,#9035,#9036));
#1071=EDGE_LOOP('',(#9037,#9038,#9039,#9040,#9041,#9042,#9043,#9044,#9045,
#9046));
#1072=EDGE_LOOP('',(#9047,#9048,#9049,#9050,#9051,#9052));
#1073=EDGE_LOOP('',(#9053,#9054,#9055,#9056,#9057));
#1074=EDGE_LOOP('',(#9058,#9059,#9060,#9061));
#1075=EDGE_LOOP('',(#9062,#9063,#9064,#9065));
#1076=EDGE_LOOP('',(#9066,#9067,#9068,#9069));
#1077=EDGE_LOOP('',(#9070,#9071,#9072,#9073));
#1078=EDGE_LOOP('',(#9074,#9075,#9076,#9077));
#1079=EDGE_LOOP('',(#9078,#9079,#9080,#9081,#9082,#9083,#9084));
#1080=EDGE_LOOP('',(#9085,#9086,#9087,#9088));
#1081=EDGE_LOOP('',(#9089));
#1082=EDGE_LOOP('',(#9090,#9091,#9092,#9093));
#1083=EDGE_LOOP('',(#9094,#9095,#9096,#9097));
#1084=EDGE_LOOP('',(#9098,#9099,#9100,#9101));
#1085=EDGE_LOOP('',(#9102,#9103,#9104,#9105));
#1086=EDGE_LOOP('',(#9106,#9107,#9108,#9109));
#1087=EDGE_LOOP('',(#9110,#9111,#9112,#9113,#9114,#9115));
#1088=EDGE_LOOP('',(#9116,#9117,#9118,#9119));
#1089=EDGE_LOOP('',(#9120,#9121,#9122,#9123));
#1090=EDGE_LOOP('',(#9124,#9125,#9126,#9127));
#1091=EDGE_LOOP('',(#9128,#9129,#9130,#9131));
#1092=EDGE_LOOP('',(#9132,#9133,#9134,#9135));
#1093=EDGE_LOOP('',(#9136,#9137,#9138,#9139));
#1094=EDGE_LOOP('',(#9140,#9141,#9142,#9143));
#1095=EDGE_LOOP('',(#9144,#9145,#9146,#9147));
#1096=EDGE_LOOP('',(#9148,#9149,#9150,#9151));
#1097=EDGE_LOOP('',(#9152,#9153,#9154,#9155));
#1098=EDGE_LOOP('',(#9156,#9157,#9158,#9159));
#1099=EDGE_LOOP('',(#9160,#9161,#9162,#9163));
#1100=EDGE_LOOP('',(#9164,#9165,#9166,#9167));
#1101=EDGE_LOOP('',(#9168,#9169,#9170,#9171));
#1102=EDGE_LOOP('',(#9172,#9173,#9174,#9175));
#1103=EDGE_LOOP('',(#9176,#9177,#9178,#9179));
#1104=EDGE_LOOP('',(#9180,#9181,#9182,#9183));
#1105=EDGE_LOOP('',(#9184,#9185,#9186,#9187));
#1106=EDGE_LOOP('',(#9188,#9189,#9190,#9191));
#1107=EDGE_LOOP('',(#9192,#9193,#9194,#9195));
#1108=EDGE_LOOP('',(#9196,#9197,#9198,#9199));
#1109=EDGE_LOOP('',(#9200,#9201,#9202,#9203));
#1110=EDGE_LOOP('',(#9204,#9205,#9206,#9207,#9208,#9209,#9210,#9211,#9212,
#9213,#9214,#9215,#9216,#9217,#9218,#9219,#9220,#9221,#9222,#9223,#9224,
#9225,#9226,#9227,#9228,#9229,#9230,#9231,#9232,#9233,#9234));
#1111=EDGE_LOOP('',(#9235,#9236,#9237,#9238));
#1112=EDGE_LOOP('',(#9239,#9240,#9241));
#1113=EDGE_LOOP('',(#9242,#9243,#9244,#9245,#9246,#9247,#9248,#9249,#9250,
#9251));
#1114=EDGE_LOOP('',(#9252,#9253,#9254,#9255));
#1115=EDGE_LOOP('',(#9256,#9257,#9258,#9259,#9260,#9261,#9262,#9263,#9264,
#9265));
#1116=EDGE_LOOP('',(#9266,#9267,#9268,#9269,#9270,#9271,#9272,#9273,#9274,
#9275,#9276,#9277,#9278,#9279));
#1117=EDGE_LOOP('',(#9280,#9281,#9282,#9283));
#1118=EDGE_LOOP('',(#9284,#9285,#9286,#9287));
#1119=EDGE_LOOP('',(#9288,#9289,#9290,#9291));
#1120=EDGE_LOOP('',(#9292,#9293,#9294,#9295));
#1121=EDGE_LOOP('',(#9296,#9297,#9298,#9299,#9300,#9301,#9302,#9303,#9304,
#9305,#9306,#9307,#9308,#9309,#9310,#9311,#9312,#9313,#9314,#9315,#9316,
#9317,#9318,#9319));
#1122=EDGE_LOOP('',(#9320,#9321,#9322,#9323));
#1123=EDGE_LOOP('',(#9324,#9325,#9326,#9327));
#1124=EDGE_LOOP('',(#9328,#9329,#9330,#9331));
#1125=EDGE_LOOP('',(#9332,#9333,#9334,#9335,#9336,#9337,#9338,#9339,#9340,
#9341,#9342,#9343));
#1126=EDGE_LOOP('',(#9344,#9345,#9346,#9347,#9348,#9349,#9350,#9351,#9352,
#9353,#9354,#9355,#9356));
#1127=EDGE_LOOP('',(#9357,#9358,#9359,#9360));
#1128=EDGE_LOOP('',(#9361,#9362,#9363,#9364,#9365,#9366));
#1129=EDGE_LOOP('',(#9367,#9368,#9369,#9370,#9371,#9372));
#1130=EDGE_LOOP('',(#9373,#9374,#9375,#9376,#9377,#9378,#9379,#9380,#9381,
#9382,#9383));
#1131=EDGE_LOOP('',(#9384,#9385,#9386,#9387,#9388,#9389));
#1132=EDGE_LOOP('',(#9390,#9391,#9392,#9393));
#1133=EDGE_LOOP('',(#9394,#9395,#9396,#9397));
#1134=EDGE_LOOP('',(#9398,#9399,#9400,#9401));
#1135=EDGE_LOOP('',(#9402,#9403,#9404,#9405));
#1136=EDGE_LOOP('',(#9406,#9407,#9408,#9409,#9410,#9411,#9412,#9413,#9414,
#9415,#9416,#9417,#9418,#9419,#9420,#9421,#9422,#9423,#9424,#9425,#9426,
#9427));
#1137=EDGE_LOOP('',(#9428,#9429,#9430,#9431));
#1138=EDGE_LOOP('',(#9432,#9433,#9434,#9435,#9436));
#1139=EDGE_LOOP('',(#9437,#9438,#9439,#9440,#9441));
#1140=EDGE_LOOP('',(#9442,#9443,#9444,#9445));
#1141=EDGE_LOOP('',(#9446,#9447,#9448,#9449));
#1142=EDGE_LOOP('',(#9450,#9451,#9452,#9453));
#1143=EDGE_LOOP('',(#9454,#9455,#9456,#9457));
#1144=EDGE_LOOP('',(#9458,#9459,#9460,#9461));
#1145=EDGE_LOOP('',(#9462,#9463,#9464,#9465));
#1146=EDGE_LOOP('',(#9466,#9467,#9468,#9469));
#1147=EDGE_LOOP('',(#9470,#9471,#9472,#9473));
#1148=EDGE_LOOP('',(#9474,#9475,#9476,#9477,#9478,#9479));
#1149=EDGE_LOOP('',(#9480,#9481,#9482,#9483));
#1150=EDGE_LOOP('',(#9484,#9485,#9486,#9487,#9488,#9489,#9490,#9491,#9492,
#9493,#9494,#9495));
#1151=EDGE_LOOP('',(#9496,#9497,#9498,#9499,#9500,#9501,#9502,#9503,#9504,
#9505));
#1152=EDGE_LOOP('',(#9506,#9507,#9508,#9509,#9510,#9511,#9512,#9513,#9514,
#9515,#9516,#9517));
#1153=EDGE_LOOP('',(#9518,#9519,#9520,#9521));
#1154=EDGE_LOOP('',(#9522,#9523,#9524,#9525));
#1155=EDGE_LOOP('',(#9526,#9527,#9528,#9529));
#1156=EDGE_LOOP('',(#9530,#9531,#9532,#9533));
#1157=EDGE_LOOP('',(#9534,#9535,#9536,#9537));
#1158=EDGE_LOOP('',(#9538,#9539,#9540,#9541));
#1159=EDGE_LOOP('',(#9542,#9543,#9544,#9545,#9546));
#1160=EDGE_LOOP('',(#9547,#9548,#9549,#9550,#9551,#9552,#9553));
#1161=EDGE_LOOP('',(#9554,#9555,#9556,#9557));
#1162=EDGE_LOOP('',(#9558,#9559,#9560,#9561,#9562,#9563,#9564,#9565));
#1163=EDGE_LOOP('',(#9566,#9567,#9568,#9569));
#1164=EDGE_LOOP('',(#9570,#9571,#9572,#9573,#9574,#9575));
#1165=EDGE_LOOP('',(#9576,#9577,#9578,#9579));
#1166=EDGE_LOOP('',(#9580,#9581,#9582,#9583));
#1167=EDGE_LOOP('',(#9584,#9585,#9586,#9587));
#1168=EDGE_LOOP('',(#9588,#9589,#9590,#9591));
#1169=EDGE_LOOP('',(#9592,#9593,#9594,#9595));
#1170=EDGE_LOOP('',(#9596,#9597,#9598,#9599));
#1171=EDGE_LOOP('',(#9600,#9601,#9602,#9603));
#1172=EDGE_LOOP('',(#9604,#9605,#9606,#9607));
#1173=EDGE_LOOP('',(#9608,#9609,#9610,#9611,#9612,#9613,#9614,#9615,#9616,
#9617,#9618,#9619,#9620,#9621,#9622,#9623,#9624,#9625,#9626,#9627,#9628,
#9629,#9630,#9631,#9632,#9633));
#1174=EDGE_LOOP('',(#9634,#9635,#9636,#9637,#9638,#9639));
#1175=EDGE_LOOP('',(#9640,#9641,#9642,#9643));
#1176=EDGE_LOOP('',(#9644,#9645,#9646,#9647));
#1177=EDGE_LOOP('',(#9648,#9649,#9650,#9651,#9652,#9653));
#1178=LINE('',#13866,#2631);
#1179=LINE('',#13868,#2632);
#1180=LINE('',#13870,#2633);
#1181=LINE('',#13871,#2634);
#1182=LINE('',#13874,#2635);
#1183=LINE('',#13876,#2636);
#1184=LINE('',#13878,#2637);
#1185=LINE('',#13880,#2638);
#1186=LINE('',#13881,#2639);
#1187=LINE('',#13884,#2640);
#1188=LINE('',#13886,#2641);
#1189=LINE('',#13888,#2642);
#1190=LINE('',#13889,#2643);
#1191=LINE('',#13892,#2644);
#1192=LINE('',#13894,#2645);
#1193=LINE('',#13896,#2646);
#1194=LINE('',#13897,#2647);
#1195=LINE('',#13900,#2648);
#1196=LINE('',#13902,#2649);
#1197=LINE('',#13904,#2650);
#1198=LINE('',#13906,#2651);
#1199=LINE('',#13908,#2652);
#1200=LINE('',#13910,#2653);
#1201=LINE('',#13912,#2654);
#1202=LINE('',#13914,#2655);
#1203=LINE('',#13915,#2656);
#1204=LINE('',#13919,#2657);
#1205=LINE('',#13921,#2658);
#1206=LINE('',#13923,#2659);
#1207=LINE('',#13924,#2660);
#1208=LINE('',#13928,#2661);
#1209=LINE('',#13930,#2662);
#1210=LINE('',#13931,#2663);
#1211=LINE('',#13932,#2664);
#1212=LINE('',#13935,#2665);
#1213=LINE('',#13936,#2666);
#1214=LINE('',#13940,#2667);
#1215=LINE('',#13941,#2668);
#1216=LINE('',#13942,#2669);
#1217=LINE('',#13945,#2670);
#1218=LINE('',#13947,#2671);
#1219=LINE('',#13949,#2672);
#1220=LINE('',#13951,#2673);
#1221=LINE('',#13953,#2674);
#1222=LINE('',#13955,#2675);
#1223=LINE('',#13957,#2676);
#1224=LINE('',#13959,#2677);
#1225=LINE('',#13961,#2678);
#1226=LINE('',#13963,#2679);
#1227=LINE('',#13965,#2680);
#1228=LINE('',#13967,#2681);
#1229=LINE('',#13969,#2682);
#1230=LINE('',#13971,#2683);
#1231=LINE('',#13972,#2684);
#1232=LINE('',#13977,#2685);
#1233=LINE('',#13979,#2686);
#1234=LINE('',#13980,#2687);
#1235=LINE('',#13983,#2688);
#1236=LINE('',#14005,#2689);
#1237=LINE('',#14020,#2690);
#1238=LINE('',#14025,#2691);
#1239=LINE('',#14027,#2692);
#1240=LINE('',#14032,#2693);
#1241=LINE('',#14036,#2694);
#1242=LINE('',#14040,#2695);
#1243=LINE('',#14044,#2696);
#1244=LINE('',#14048,#2697);
#1245=LINE('',#14052,#2698);
#1246=LINE('',#14056,#2699);
#1247=LINE('',#14059,#2700);
#1248=LINE('',#14061,#2701);
#1249=LINE('',#14063,#2702);
#1250=LINE('',#14067,#2703);
#1251=LINE('',#14069,#2704);
#1252=LINE('',#14071,#2705);
#1253=LINE('',#14073,#2706);
#1254=LINE('',#14074,#2707);
#1255=LINE('',#14077,#2708);
#1256=LINE('',#14079,#2709);
#1257=LINE('',#14080,#2710);
#1258=LINE('',#14082,#2711);
#1259=LINE('',#14085,#2712);
#1260=LINE('',#14086,#2713);
#1261=LINE('',#14089,#2714);
#1262=LINE('',#14090,#2715);
#1263=LINE('',#14093,#2716);
#1264=LINE('',#14095,#2717);
#1265=LINE('',#14097,#2718);
#1266=LINE('',#14099,#2719);
#1267=LINE('',#14101,#2720);
#1268=LINE('',#14103,#2721);
#1269=LINE('',#14105,#2722);
#1270=LINE('',#14107,#2723);
#1271=LINE('',#14109,#2724);
#1272=LINE('',#14111,#2725);
#1273=LINE('',#14113,#2726);
#1274=LINE('',#14115,#2727);
#1275=LINE('',#14117,#2728);
#1276=LINE('',#14119,#2729);
#1277=LINE('',#14120,#2730);
#1278=LINE('',#14122,#2731);
#1279=LINE('',#14124,#2732);
#1280=LINE('',#14125,#2733);
#1281=LINE('',#14129,#2734);
#1282=LINE('',#14131,#2735);
#1283=LINE('',#14133,#2736);
#1284=LINE('',#14135,#2737);
#1285=LINE('',#14137,#2738);
#1286=LINE('',#14139,#2739);
#1287=LINE('',#14141,#2740);
#1288=LINE('',#14143,#2741);
#1289=LINE('',#14145,#2742);
#1290=LINE('',#14146,#2743);
#1291=LINE('',#14148,#2744);
#1292=LINE('',#14149,#2745);
#1293=LINE('',#14153,#2746);
#1294=LINE('',#14155,#2747);
#1295=LINE('',#14157,#2748);
#1296=LINE('',#14159,#2749);
#1297=LINE('',#14160,#2750);
#1298=LINE('',#14164,#2751);
#1299=LINE('',#14166,#2752);
#1300=LINE('',#14168,#2753);
#1301=LINE('',#14169,#2754);
#1302=LINE('',#14173,#2755);
#1303=LINE('',#14175,#2756);
#1304=LINE('',#14177,#2757);
#1305=LINE('',#14179,#2758);
#1306=LINE('',#14181,#2759);
#1307=LINE('',#14182,#2760);
#1308=LINE('',#14185,#2761);
#1309=LINE('',#14187,#2762);
#1310=LINE('',#14188,#2763);
#1311=LINE('',#14192,#2764);
#1312=LINE('',#14194,#2765);
#1313=LINE('',#14196,#2766);
#1314=LINE('',#14197,#2767);
#1315=LINE('',#14201,#2768);
#1316=LINE('',#14203,#2769);
#1317=LINE('',#14205,#2770);
#1318=LINE('',#14206,#2771);
#1319=LINE('',#14209,#2772);
#1320=LINE('',#14211,#2773);
#1321=LINE('',#14212,#2774);
#1322=LINE('',#14215,#2775);
#1323=LINE('',#14217,#2776);
#1324=LINE('',#14219,#2777);
#1325=LINE('',#14221,#2778);
#1326=LINE('',#14223,#2779);
#1327=LINE('',#14224,#2780);
#1328=LINE('',#14225,#2781);
#1329=LINE('',#14230,#2782);
#1330=LINE('',#14232,#2783);
#1331=LINE('',#14233,#2784);
#1332=LINE('',#14234,#2785);
#1333=LINE('',#14237,#2786);
#1334=LINE('',#14241,#2787);
#1335=LINE('',#14243,#2788);
#1336=LINE('',#14245,#2789);
#1337=LINE('',#14247,#2790);
#1338=LINE('',#14249,#2791);
#1339=LINE('',#14251,#2792);
#1340=LINE('',#14253,#2793);
#1341=LINE('',#14255,#2794);
#1342=LINE('',#14256,#2795);
#1343=LINE('',#14259,#2796);
#1344=LINE('',#14260,#2797);
#1345=LINE('',#14263,#2798);
#1346=LINE('',#14265,#2799);
#1347=LINE('',#14266,#2800);
#1348=LINE('',#14269,#2801);
#1349=LINE('',#14270,#2802);
#1350=LINE('',#14276,#2803);
#1351=LINE('',#14279,#2804);
#1352=LINE('',#14283,#2805);
#1353=LINE('',#14287,#2806);
#1354=LINE('',#14290,#2807);
#1355=LINE('',#14291,#2808);
#1356=LINE('',#14294,#2809);
#1357=LINE('',#14296,#2810);
#1358=LINE('',#14298,#2811);
#1359=LINE('',#14299,#2812);
#1360=LINE('',#14302,#2813);
#1361=LINE('',#14303,#2814);
#1362=LINE('',#14305,#2815);
#1363=LINE('',#14306,#2816);
#1364=LINE('',#14309,#2817);
#1365=LINE('',#14311,#2818);
#1366=LINE('',#14314,#2819);
#1367=LINE('',#14317,#2820);
#1368=LINE('',#14319,#2821);
#1369=LINE('',#14321,#2822);
#1370=LINE('',#14323,#2823);
#1371=LINE('',#14325,#2824);
#1372=LINE('',#14326,#2825);
#1373=LINE('',#14328,#2826);
#1374=LINE('',#14329,#2827);
#1375=LINE('',#14332,#2828);
#1376=LINE('',#14333,#2829);
#1377=LINE('',#14334,#2830);
#1378=LINE('',#14335,#2831);
#1379=LINE('',#14337,#2832);
#1380=LINE('',#14340,#2833);
#1381=LINE('',#14343,#2834);
#1382=LINE('',#14345,#2835);
#1383=LINE('',#14350,#2836);
#1384=LINE('',#14352,#2837);
#1385=LINE('',#14354,#2838);
#1386=LINE('',#14355,#2839);
#1387=LINE('',#14358,#2840);
#1388=LINE('',#14360,#2841);
#1389=LINE('',#14361,#2842);
#1390=LINE('',#14364,#2843);
#1391=LINE('',#14366,#2844);
#1392=LINE('',#14367,#2845);
#1393=LINE('',#14369,#2846);
#1394=LINE('',#14370,#2847);
#1395=LINE('',#14374,#2848);
#1396=LINE('',#14375,#2849);
#1397=LINE('',#14377,#2850);
#1398=LINE('',#14381,#2851);
#1399=LINE('',#14384,#2852);
#1400=LINE('',#14393,#2853);
#1401=LINE('',#14395,#2854);
#1402=LINE('',#14397,#2855);
#1403=LINE('',#14401,#2856);
#1404=LINE('',#14403,#2857);
#1405=LINE('',#14405,#2858);
#1406=LINE('',#14409,#2859);
#1407=LINE('',#14411,#2860);
#1408=LINE('',#14413,#2861);
#1409=LINE('',#14414,#2862);
#1410=LINE('',#14419,#2863);
#1411=LINE('',#14421,#2864);
#1412=LINE('',#14422,#2865);
#1413=LINE('',#14426,#2866);
#1414=LINE('',#14427,#2867);
#1415=LINE('',#14428,#2868);
#1416=LINE('',#14432,#2869);
#1417=LINE('',#14435,#2870);
#1418=LINE('',#14437,#2871);
#1419=LINE('',#14438,#2872);
#1420=LINE('',#14442,#2873);
#1421=LINE('',#14443,#2874);
#1422=LINE('',#14444,#2875);
#1423=LINE('',#14449,#2876);
#1424=LINE('',#14450,#2877);
#1425=LINE('',#14452,#2878);
#1426=LINE('',#14455,#2879);
#1427=LINE('',#14456,#2880);
#1428=LINE('',#14459,#2881);
#1429=LINE('',#14461,#2882);
#1430=LINE('',#14462,#2883);
#1431=LINE('',#14465,#2884);
#1432=LINE('',#14469,#2885);
#1433=LINE('',#14470,#2886);
#1434=LINE('',#14475,#2887);
#1435=LINE('',#14476,#2888);
#1436=LINE('',#14479,#2889);
#1437=LINE('',#14480,#2890);
#1438=LINE('',#14483,#2891);
#1439=LINE('',#14485,#2892);
#1440=LINE('',#14486,#2893);
#1441=LINE('',#14489,#2894);
#1442=LINE('',#14491,#2895);
#1443=LINE('',#14493,#2896);
#1444=LINE('',#14495,#2897);
#1445=LINE('',#14497,#2898);
#1446=LINE('',#14498,#2899);
#1447=LINE('',#14505,#2900);
#1448=LINE('',#14508,#2901);
#1449=LINE('',#14511,#2902);
#1450=LINE('',#14513,#2903);
#1451=LINE('',#14514,#2904);
#1452=LINE('',#14518,#2905);
#1453=LINE('',#14520,#2906);
#1454=LINE('',#14522,#2907);
#1455=LINE('',#14524,#2908);
#1456=LINE('',#14526,#2909);
#1457=LINE('',#14528,#2910);
#1458=LINE('',#14530,#2911);
#1459=LINE('',#14532,#2912);
#1460=LINE('',#14534,#2913);
#1461=LINE('',#14536,#2914);
#1462=LINE('',#14538,#2915);
#1463=LINE('',#14539,#2916);
#1464=LINE('',#14543,#2917);
#1465=LINE('',#14547,#2918);
#1466=LINE('',#14551,#2919);
#1467=LINE('',#14555,#2920);
#1468=LINE('',#14559,#2921);
#1469=LINE('',#14561,#2922);
#1470=LINE('',#14562,#2923);
#1471=LINE('',#14569,#2924);
#1472=LINE('',#14575,#2925);
#1473=LINE('',#14577,#2926);
#1474=LINE('',#14579,#2927);
#1475=LINE('',#14582,#2928);
#1476=LINE('',#14585,#2929);
#1477=LINE('',#14589,#2930);
#1478=LINE('',#14593,#2931);
#1479=LINE('',#14596,#2932);
#1480=LINE('',#14598,#2933);
#1481=LINE('',#14599,#2934);
#1482=LINE('',#14602,#2935);
#1483=LINE('',#14603,#2936);
#1484=LINE('',#14605,#2937);
#1485=LINE('',#14606,#2938);
#1486=LINE('',#14609,#2939);
#1487=LINE('',#14611,#2940);
#1488=LINE('',#14612,#2941);
#1489=LINE('',#14615,#2942);
#1490=LINE('',#14619,#2943);
#1491=LINE('',#14621,#2944);
#1492=LINE('',#14622,#2945);
#1493=LINE('',#14624,#2946);
#1494=LINE('',#14626,#2947);
#1495=LINE('',#14628,#2948);
#1496=LINE('',#14630,#2949);
#1497=LINE('',#14632,#2950);
#1498=LINE('',#14634,#2951);
#1499=LINE('',#14635,#2952);
#1500=LINE('',#14638,#2953);
#1501=LINE('',#14640,#2954);
#1502=LINE('',#14641,#2955);
#1503=LINE('',#14643,#2956);
#1504=LINE('',#14645,#2957);
#1505=LINE('',#14649,#2958);
#1506=LINE('',#14650,#2959);
#1507=LINE('',#14652,#2960);
#1508=LINE('',#14654,#2961);
#1509=LINE('',#14656,#2962);
#1510=LINE('',#14658,#2963);
#1511=LINE('',#14660,#2964);
#1512=LINE('',#14662,#2965);
#1513=LINE('',#14663,#2966);
#1514=LINE('',#14667,#2967);
#1515=LINE('',#14668,#2968);
#1516=LINE('',#14670,#2969);
#1517=LINE('',#14672,#2970);
#1518=LINE('',#14674,#2971);
#1519=LINE('',#14675,#2972);
#1520=LINE('',#14678,#2973);
#1521=LINE('',#14679,#2974);
#1522=LINE('',#14682,#2975);
#1523=LINE('',#14684,#2976);
#1524=LINE('',#14686,#2977);
#1525=LINE('',#14688,#2978);
#1526=LINE('',#14690,#2979);
#1527=LINE('',#14691,#2980);
#1528=LINE('',#14694,#2981);
#1529=LINE('',#14696,#2982);
#1530=LINE('',#14698,#2983);
#1531=LINE('',#14699,#2984);
#1532=LINE('',#14701,#2985);
#1533=LINE('',#14703,#2986);
#1534=LINE('',#14704,#2987);
#1535=LINE('',#14707,#2988);
#1536=LINE('',#14708,#2989);
#1537=LINE('',#14710,#2990);
#1538=LINE('',#14713,#2991);
#1539=LINE('',#14715,#2992);
#1540=LINE('',#14716,#2993);
#1541=LINE('',#14718,#2994);
#1542=LINE('',#14719,#2995);
#1543=LINE('',#14724,#2996);
#1544=LINE('',#14725,#2997);
#1545=LINE('',#14726,#2998);
#1546=LINE('',#14729,#2999);
#1547=LINE('',#14730,#3000);
#1548=LINE('',#14733,#3001);
#1549=LINE('',#14734,#3002);
#1550=LINE('',#14736,#3003);
#1551=LINE('',#14740,#3004);
#1552=LINE('',#14741,#3005);
#1553=LINE('',#14742,#3006);
#1554=LINE('',#14745,#3007);
#1555=LINE('',#14746,#3008);
#1556=LINE('',#14749,#3009);
#1557=LINE('',#14750,#3010);
#1558=LINE('',#14753,#3011);
#1559=LINE('',#14754,#3012);
#1560=LINE('',#14757,#3013);
#1561=LINE('',#14759,#3014);
#1562=LINE('',#14760,#3015);
#1563=LINE('',#14763,#3016);
#1564=LINE('',#14765,#3017);
#1565=LINE('',#14767,#3018);
#1566=LINE('',#14769,#3019);
#1567=LINE('',#14770,#3020);
#1568=LINE('',#14772,#3021);
#1569=LINE('',#14775,#3022);
#1570=LINE('',#14776,#3023);
#1571=LINE('',#14778,#3024);
#1572=LINE('',#14780,#3025);
#1573=LINE('',#14782,#3026);
#1574=LINE('',#14783,#3027);
#1575=LINE('',#14786,#3028);
#1576=LINE('',#14787,#3029);
#1577=LINE('',#14790,#3030);
#1578=LINE('',#14791,#3031);
#1579=LINE('',#14793,#3032);
#1580=LINE('',#14795,#3033);
#1581=LINE('',#14797,#3034);
#1582=LINE('',#14799,#3035);
#1583=LINE('',#14800,#3036);
#1584=LINE('',#14802,#3037);
#1585=LINE('',#14803,#3038);
#1586=LINE('',#14805,#3039);
#1587=LINE('',#14806,#3040);
#1588=LINE('',#14808,#3041);
#1589=LINE('',#14811,#3042);
#1590=LINE('',#14813,#3043);
#1591=LINE('',#14815,#3044);
#1592=LINE('',#14816,#3045);
#1593=LINE('',#14819,#3046);
#1594=LINE('',#14821,#3047);
#1595=LINE('',#14823,#3048);
#1596=LINE('',#14824,#3049);
#1597=LINE('',#14830,#3050);
#1598=LINE('',#14831,#3051);
#1599=LINE('',#14834,#3052);
#1600=LINE('',#14836,#3053);
#1601=LINE('',#14837,#3054);
#1602=LINE('',#14841,#3055);
#1603=LINE('',#14847,#3056);
#1604=LINE('',#14850,#3057);
#1605=LINE('',#14856,#3058);
#1606=LINE('',#14859,#3059);
#1607=LINE('',#14867,#3060);
#1608=LINE('',#14870,#3061);
#1609=LINE('',#14874,#3062);
#1610=LINE('',#14876,#3063);
#1611=LINE('',#14878,#3064);
#1612=LINE('',#14880,#3065);
#1613=LINE('',#14881,#3066);
#1614=LINE('',#14883,#3067);
#1615=LINE('',#14885,#3068);
#1616=LINE('',#14886,#3069);
#1617=LINE('',#14889,#3070);
#1618=LINE('',#14890,#3071);
#1619=LINE('',#14892,#3072);
#1620=LINE('',#14894,#3073);
#1621=LINE('',#14896,#3074);
#1622=LINE('',#14898,#3075);
#1623=LINE('',#14899,#3076);
#1624=LINE('',#14901,#3077);
#1625=LINE('',#14902,#3078);
#1626=LINE('',#14904,#3079);
#1627=LINE('',#14905,#3080);
#1628=LINE('',#14907,#3081);
#1629=LINE('',#14909,#3082);
#1630=LINE('',#14912,#3083);
#1631=LINE('',#14913,#3084);
#1632=LINE('',#14915,#3085);
#1633=LINE('',#14919,#3086);
#1634=LINE('',#14921,#3087);
#1635=LINE('',#14923,#3088);
#1636=LINE('',#14925,#3089);
#1637=LINE('',#14927,#3090);
#1638=LINE('',#14929,#3091);
#1639=LINE('',#14931,#3092);
#1640=LINE('',#14933,#3093);
#1641=LINE('',#14935,#3094);
#1642=LINE('',#14937,#3095);
#1643=LINE('',#14939,#3096);
#1644=LINE('',#14941,#3097);
#1645=LINE('',#14942,#3098);
#1646=LINE('',#14945,#3099);
#1647=LINE('',#14949,#3100);
#1648=LINE('',#14954,#3101);
#1649=LINE('',#14957,#3102);
#1650=LINE('',#14960,#3103);
#1651=LINE('',#14962,#3104);
#1652=LINE('',#14964,#3105);
#1653=LINE('',#14966,#3106);
#1654=LINE('',#14968,#3107);
#1655=LINE('',#14970,#3108);
#1656=LINE('',#14971,#3109);
#1657=LINE('',#14975,#3110);
#1658=LINE('',#14979,#3111);
#1659=LINE('',#14982,#3112);
#1660=LINE('',#14985,#3113);
#1661=LINE('',#14987,#3114);
#1662=LINE('',#14989,#3115);
#1663=LINE('',#14990,#3116);
#1664=LINE('',#14991,#3117);
#1665=LINE('',#14994,#3118);
#1666=LINE('',#14996,#3119);
#1667=LINE('',#14997,#3120);
#1668=LINE('',#14999,#3121);
#1669=LINE('',#15001,#3122);
#1670=LINE('',#15003,#3123);
#1671=LINE('',#15004,#3124);
#1672=LINE('',#15007,#3125);
#1673=LINE('',#15009,#3126);
#1674=LINE('',#15011,#3127);
#1675=LINE('',#15013,#3128);
#1676=LINE('',#15014,#3129);
#1677=LINE('',#15017,#3130);
#1678=LINE('',#15018,#3131);
#1679=LINE('',#15019,#3132);
#1680=LINE('',#15021,#3133);
#1681=LINE('',#15026,#3134);
#1682=LINE('',#15028,#3135);
#1683=LINE('',#15029,#3136);
#1684=LINE('',#15030,#3137);
#1685=LINE('',#15032,#3138);
#1686=LINE('',#15033,#3139);
#1687=LINE('',#15036,#3140);
#1688=LINE('',#15037,#3141);
#1689=LINE('',#15040,#3142);
#1690=LINE('',#15042,#3143);
#1691=LINE('',#15044,#3144);
#1692=LINE('',#15046,#3145);
#1693=LINE('',#15048,#3146);
#1694=LINE('',#15050,#3147);
#1695=LINE('',#15052,#3148);
#1696=LINE('',#15053,#3149);
#1697=LINE('',#15057,#3150);
#1698=LINE('',#15059,#3151);
#1699=LINE('',#15061,#3152);
#1700=LINE('',#15062,#3153);
#1701=LINE('',#15064,#3154);
#1702=LINE('',#15065,#3155);
#1703=LINE('',#15068,#3156);
#1704=LINE('',#15070,#3157);
#1705=LINE('',#15072,#3158);
#1706=LINE('',#15074,#3159);
#1707=LINE('',#15075,#3160);
#1708=LINE('',#15076,#3161);
#1709=LINE('',#15078,#3162);
#1710=LINE('',#15080,#3163);
#1711=LINE('',#15081,#3164);
#1712=LINE('',#15085,#3165);
#1713=LINE('',#15087,#3166);
#1714=LINE('',#15091,#3167);
#1715=LINE('',#15093,#3168);
#1716=LINE('',#15095,#3169);
#1717=LINE('',#15096,#3170);
#1718=LINE('',#15099,#3171);
#1719=LINE('',#15101,#3172);
#1720=LINE('',#15103,#3173);
#1721=LINE('',#15104,#3174);
#1722=LINE('',#15106,#3175);
#1723=LINE('',#15107,#3176);
#1724=LINE('',#15110,#3177);
#1725=LINE('',#15111,#3178);
#1726=LINE('',#15114,#3179);
#1727=LINE('',#15115,#3180);
#1728=LINE('',#15117,#3181);
#1729=LINE('',#15118,#3182);
#1730=LINE('',#15120,#3183);
#1731=LINE('',#15123,#3184);
#1732=LINE('',#15124,#3185);
#1733=LINE('',#15127,#3186);
#1734=LINE('',#15129,#3187);
#1735=LINE('',#15130,#3188);
#1736=LINE('',#15133,#3189);
#1737=LINE('',#15134,#3190);
#1738=LINE('',#15137,#3191);
#1739=LINE('',#15139,#3192);
#1740=LINE('',#15140,#3193);
#1741=LINE('',#15142,#3194);
#1742=LINE('',#15144,#3195);
#1743=LINE('',#15147,#3196);
#1744=LINE('',#15148,#3197);
#1745=LINE('',#15151,#3198);
#1746=LINE('',#15152,#3199);
#1747=LINE('',#15155,#3200);
#1748=LINE('',#15156,#3201);
#1749=LINE('',#15159,#3202);
#1750=LINE('',#15160,#3203);
#1751=LINE('',#15161,#3204);
#1752=LINE('',#15163,#3205);
#1753=LINE('',#15166,#3206);
#1754=LINE('',#15168,#3207);
#1755=LINE('',#15169,#3208);
#1756=LINE('',#15172,#3209);
#1757=LINE('',#15174,#3210);
#1758=LINE('',#15176,#3211);
#1759=LINE('',#15177,#3212);
#1760=LINE('',#15183,#3213);
#1761=LINE('',#15185,#3214);
#1762=LINE('',#15187,#3215);
#1763=LINE('',#15189,#3216);
#1764=LINE('',#15191,#3217);
#1765=LINE('',#15192,#3218);
#1766=LINE('',#15196,#3219);
#1767=LINE('',#15198,#3220);
#1768=LINE('',#15199,#3221);
#1769=LINE('',#15201,#3222);
#1770=LINE('',#15205,#3223);
#1771=LINE('',#15207,#3224);
#1772=LINE('',#15208,#3225);
#1773=LINE('',#15210,#3226);
#1774=LINE('',#15211,#3227);
#1775=LINE('',#15214,#3228);
#1776=LINE('',#15216,#3229);
#1777=LINE('',#15217,#3230);
#1778=LINE('',#15218,#3231);
#1779=LINE('',#15221,#3232);
#1780=LINE('',#15223,#3233);
#1781=LINE('',#15224,#3234);
#1782=LINE('',#15227,#3235);
#1783=LINE('',#15228,#3236);
#1784=LINE('',#15230,#3237);
#1785=LINE('',#15232,#3238);
#1786=LINE('',#15234,#3239);
#1787=LINE('',#15236,#3240);
#1788=LINE('',#15238,#3241);
#1789=LINE('',#15240,#3242);
#1790=LINE('',#15242,#3243);
#1791=LINE('',#15244,#3244);
#1792=LINE('',#15246,#3245);
#1793=LINE('',#15248,#3246);
#1794=LINE('',#15250,#3247);
#1795=LINE('',#15252,#3248);
#1796=LINE('',#15254,#3249);
#1797=LINE('',#15256,#3250);
#1798=LINE('',#15257,#3251);
#1799=LINE('',#15260,#3252);
#1800=LINE('',#15262,#3253);
#1801=LINE('',#15264,#3254);
#1802=LINE('',#15265,#3255);
#1803=LINE('',#15268,#3256);
#1804=LINE('',#15270,#3257);
#1805=LINE('',#15272,#3258);
#1806=LINE('',#15273,#3259);
#1807=LINE('',#15276,#3260);
#1808=LINE('',#15278,#3261);
#1809=LINE('',#15280,#3262);
#1810=LINE('',#15281,#3263);
#1811=LINE('',#15284,#3264);
#1812=LINE('',#15286,#3265);
#1813=LINE('',#15288,#3266);
#1814=LINE('',#15289,#3267);
#1815=LINE('',#15292,#3268);
#1816=LINE('',#15293,#3269);
#1817=LINE('',#15296,#3270);
#1818=LINE('',#15298,#3271);
#1819=LINE('',#15299,#3272);
#1820=LINE('',#15303,#3273);
#1821=LINE('',#15305,#3274);
#1822=LINE('',#15307,#3275);
#1823=LINE('',#15308,#3276);
#1824=LINE('',#15311,#3277);
#1825=LINE('',#15313,#3278);
#1826=LINE('',#15314,#3279);
#1827=LINE('',#15317,#3280);
#1828=LINE('',#15319,#3281);
#1829=LINE('',#15320,#3282);
#1830=LINE('',#15321,#3283);
#1831=LINE('',#15324,#3284);
#1832=LINE('',#15326,#3285);
#1833=LINE('',#15327,#3286);
#1834=LINE('',#15330,#3287);
#1835=LINE('',#15331,#3288);
#1836=LINE('',#15334,#3289);
#1837=LINE('',#15336,#3290);
#1838=LINE('',#15338,#3291);
#1839=LINE('',#15339,#3292);
#1840=LINE('',#15342,#3293);
#1841=LINE('',#15343,#3294);
#1842=LINE('',#15344,#3295);
#1843=LINE('',#15347,#3296);
#1844=LINE('',#15349,#3297);
#1845=LINE('',#15351,#3298);
#1846=LINE('',#15352,#3299);
#1847=LINE('',#15355,#3300);
#1848=LINE('',#15357,#3301);
#1849=LINE('',#15359,#3302);
#1850=LINE('',#15361,#3303);
#1851=LINE('',#15363,#3304);
#1852=LINE('',#15365,#3305);
#1853=LINE('',#15367,#3306);
#1854=LINE('',#15369,#3307);
#1855=LINE('',#15371,#3308);
#1856=LINE('',#15373,#3309);
#1857=LINE('',#15375,#3310);
#1858=LINE('',#15376,#3311);
#1859=LINE('',#15379,#3312);
#1860=LINE('',#15381,#3313);
#1861=LINE('',#15382,#3314);
#1862=LINE('',#15385,#3315);
#1863=LINE('',#15387,#3316);
#1864=LINE('',#15388,#3317);
#1865=LINE('',#15391,#3318);
#1866=LINE('',#15392,#3319);
#1867=LINE('',#15395,#3320);
#1868=LINE('',#15396,#3321);
#1869=LINE('',#15399,#3322);
#1870=LINE('',#15401,#3323);
#1871=LINE('',#15402,#3324);
#1872=LINE('',#15404,#3325);
#1873=LINE('',#15408,#3326);
#1874=LINE('',#15410,#3327);
#1875=LINE('',#15411,#3328);
#1876=LINE('',#15412,#3329);
#1877=LINE('',#15414,#3330);
#1878=LINE('',#15417,#3331);
#1879=LINE('',#15419,#3332);
#1880=LINE('',#15420,#3333);
#1881=LINE('',#15424,#3334);
#1882=LINE('',#15426,#3335);
#1883=LINE('',#15428,#3336);
#1884=LINE('',#15429,#3337);
#1885=LINE('',#15432,#3338);
#1886=LINE('',#15434,#3339);
#1887=LINE('',#15435,#3340);
#1888=LINE('',#15439,#3341);
#1889=LINE('',#15441,#3342);
#1890=LINE('',#15443,#3343);
#1891=LINE('',#15445,#3344);
#1892=LINE('',#15447,#3345);
#1893=LINE('',#15448,#3346);
#1894=LINE('',#15451,#3347);
#1895=LINE('',#15453,#3348);
#1896=LINE('',#15454,#3349);
#1897=LINE('',#15458,#3350);
#1898=LINE('',#15459,#3351);
#1899=LINE('',#15460,#3352);
#1900=LINE('',#15463,#3353);
#1901=LINE('',#15464,#3354);
#1902=LINE('',#15468,#3355);
#1903=LINE('',#15469,#3356);
#1904=LINE('',#15470,#3357);
#1905=LINE('',#15473,#3358);
#1906=LINE('',#15474,#3359);
#1907=LINE('',#15478,#3360);
#1908=LINE('',#15479,#3361);
#1909=LINE('',#15480,#3362);
#1910=LINE('',#15483,#3363);
#1911=LINE('',#15484,#3364);
#1912=LINE('',#15488,#3365);
#1913=LINE('',#15489,#3366);
#1914=LINE('',#15490,#3367);
#1915=LINE('',#15493,#3368);
#1916=LINE('',#15494,#3369);
#1917=LINE('',#15499,#3370);
#1918=LINE('',#15500,#3371);
#1919=LINE('',#15504,#3372);
#1920=LINE('',#15506,#3373);
#1921=LINE('',#15508,#3374);
#1922=LINE('',#15510,#3375);
#1923=LINE('',#15511,#3376);
#1924=LINE('',#15513,#3377);
#1925=LINE('',#15515,#3378);
#1926=LINE('',#15517,#3379);
#1927=LINE('',#15518,#3380);
#1928=LINE('',#15522,#3381);
#1929=LINE('',#15523,#3382);
#1930=LINE('',#15524,#3383);
#1931=LINE('',#15528,#3384);
#1932=LINE('',#15529,#3385);
#1933=LINE('',#15531,#3386);
#1934=LINE('',#15532,#3387);
#1935=LINE('',#15536,#3388);
#1936=LINE('',#15538,#3389);
#1937=LINE('',#15539,#3390);
#1938=LINE('',#15541,#3391);
#1939=LINE('',#15542,#3392);
#1940=LINE('',#15545,#3393);
#1941=LINE('',#15546,#3394);
#1942=LINE('',#15549,#3395);
#1943=LINE('',#15551,#3396);
#1944=LINE('',#15553,#3397);
#1945=LINE('',#15555,#3398);
#1946=LINE('',#15556,#3399);
#1947=LINE('',#15559,#3400);
#1948=LINE('',#15561,#3401);
#1949=LINE('',#15562,#3402);
#1950=LINE('',#15564,#3403);
#1951=LINE('',#15565,#3404);
#1952=LINE('',#15566,#3405);
#1953=LINE('',#15570,#3406);
#1954=LINE('',#15572,#3407);
#1955=LINE('',#15573,#3408);
#1956=LINE('',#15575,#3409);
#1957=LINE('',#15576,#3410);
#1958=LINE('',#15577,#3411);
#1959=LINE('',#15581,#3412);
#1960=LINE('',#15583,#3413);
#1961=LINE('',#15584,#3414);
#1962=LINE('',#15585,#3415);
#1963=LINE('',#15587,#3416);
#1964=LINE('',#15588,#3417);
#1965=LINE('',#15591,#3418);
#1966=LINE('',#15593,#3419);
#1967=LINE('',#15595,#3420);
#1968=LINE('',#15596,#3421);
#1969=LINE('',#15599,#3422);
#1970=LINE('',#15601,#3423);
#1971=LINE('',#15602,#3424);
#1972=LINE('',#15605,#3425);
#1973=LINE('',#15607,#3426);
#1974=LINE('',#15608,#3427);
#1975=LINE('',#15611,#3428);
#1976=LINE('',#15613,#3429);
#1977=LINE('',#15614,#3430);
#1978=LINE('',#15618,#3431);
#1979=LINE('',#15620,#3432);
#1980=LINE('',#15622,#3433);
#1981=LINE('',#15623,#3434);
#1982=LINE('',#15624,#3435);
#1983=LINE('',#15626,#3436);
#1984=LINE('',#15628,#3437);
#1985=LINE('',#15629,#3438);
#1986=LINE('',#15632,#3439);
#1987=LINE('',#15633,#3440);
#1988=LINE('',#15635,#3441);
#1989=LINE('',#15639,#3442);
#1990=LINE('',#15641,#3443);
#1991=LINE('',#15643,#3444);
#1992=LINE('',#15647,#3445);
#1993=LINE('',#15649,#3446);
#1994=LINE('',#15651,#3447);
#1995=LINE('',#15653,#3448);
#1996=LINE('',#15654,#3449);
#1997=LINE('',#15655,#3450);
#1998=LINE('',#15656,#3451);
#1999=LINE('',#15660,#3452);
#2000=LINE('',#15662,#3453);
#2001=LINE('',#15664,#3454);
#2002=LINE('',#15665,#3455);
#2003=LINE('',#15666,#3456);
#2004=LINE('',#15669,#3457);
#2005=LINE('',#15671,#3458);
#2006=LINE('',#15673,#3459);
#2007=LINE('',#15675,#3460);
#2008=LINE('',#15676,#3461);
#2009=LINE('',#15679,#3462);
#2010=LINE('',#15681,#3463);
#2011=LINE('',#15682,#3464);
#2012=LINE('',#15684,#3465);
#2013=LINE('',#15688,#3466);
#2014=LINE('',#15690,#3467);
#2015=LINE('',#15692,#3468);
#2016=LINE('',#15694,#3469);
#2017=LINE('',#15696,#3470);
#2018=LINE('',#15697,#3471);
#2019=LINE('',#15699,#3472);
#2020=LINE('',#15700,#3473);
#2021=LINE('',#15704,#3474);
#2022=LINE('',#15706,#3475);
#2023=LINE('',#15708,#3476);
#2024=LINE('',#15709,#3477);
#2025=LINE('',#15710,#3478);
#2026=LINE('',#15713,#3479);
#2027=LINE('',#15715,#3480);
#2028=LINE('',#15717,#3481);
#2029=LINE('',#15719,#3482);
#2030=LINE('',#15720,#3483);
#2031=LINE('',#15722,#3484);
#2032=LINE('',#15723,#3485);
#2033=LINE('',#15725,#3486);
#2034=LINE('',#15727,#3487);
#2035=LINE('',#15731,#3488);
#2036=LINE('',#15733,#3489);
#2037=LINE('',#15735,#3490);
#2038=LINE('',#15736,#3491);
#2039=LINE('',#15739,#3492);
#2040=LINE('',#15741,#3493);
#2041=LINE('',#15743,#3494);
#2042=LINE('',#15745,#3495);
#2043=LINE('',#15746,#3496);
#2044=LINE('',#15747,#3497);
#2045=LINE('',#15750,#3498);
#2046=LINE('',#15751,#3499);
#2047=LINE('',#15754,#3500);
#2048=LINE('',#15756,#3501);
#2049=LINE('',#15757,#3502);
#2050=LINE('',#15761,#3503);
#2051=LINE('',#15763,#3504);
#2052=LINE('',#15764,#3505);
#2053=LINE('',#15766,#3506);
#2054=LINE('',#15768,#3507);
#2055=LINE('',#15770,#3508);
#2056=LINE('',#15771,#3509);
#2057=LINE('',#15774,#3510);
#2058=LINE('',#15775,#3511);
#2059=LINE('',#15779,#3512);
#2060=LINE('',#15781,#3513);
#2061=LINE('',#15783,#3514);
#2062=LINE('',#15787,#3515);
#2063=LINE('',#15789,#3516);
#2064=LINE('',#15791,#3517);
#2065=LINE('',#15793,#3518);
#2066=LINE('',#15795,#3519);
#2067=LINE('',#15797,#3520);
#2068=LINE('',#15799,#3521);
#2069=LINE('',#15800,#3522);
#2070=LINE('',#15803,#3523);
#2071=LINE('',#15804,#3524);
#2072=LINE('',#15806,#3525);
#2073=LINE('',#15809,#3526);
#2074=LINE('',#15810,#3527);
#2075=LINE('',#15812,#3528);
#2076=LINE('',#15815,#3529);
#2077=LINE('',#15816,#3530);
#2078=LINE('',#15818,#3531);
#2079=LINE('',#15821,#3532);
#2080=LINE('',#15822,#3533);
#2081=LINE('',#15824,#3534);
#2082=LINE('',#15828,#3535);
#2083=LINE('',#15830,#3536);
#2084=LINE('',#15832,#3537);
#2085=LINE('',#15834,#3538);
#2086=LINE('',#15836,#3539);
#2087=LINE('',#15837,#3540);
#2088=LINE('',#15840,#3541);
#2089=LINE('',#15842,#3542);
#2090=LINE('',#15843,#3543);
#2091=LINE('',#15845,#3544);
#2092=LINE('',#15846,#3545);
#2093=LINE('',#15850,#3546);
#2094=LINE('',#15851,#3547);
#2095=LINE('',#15852,#3548);
#2096=LINE('',#15855,#3549);
#2097=LINE('',#15856,#3550);
#2098=LINE('',#15859,#3551);
#2099=LINE('',#15860,#3552);
#2100=LINE('',#15864,#3553);
#2101=LINE('',#15866,#3554);
#2102=LINE('',#15867,#3555);
#2103=LINE('',#15868,#3556);
#2104=LINE('',#15871,#3557);
#2105=LINE('',#15872,#3558);
#2106=LINE('',#15876,#3559);
#2107=LINE('',#15877,#3560);
#2108=LINE('',#15879,#3561);
#2109=LINE('',#15881,#3562);
#2110=LINE('',#15882,#3563);
#2111=LINE('',#15884,#3564);
#2112=LINE('',#15885,#3565);
#2113=LINE('',#15887,#3566);
#2114=LINE('',#15888,#3567);
#2115=LINE('',#15890,#3568);
#2116=LINE('',#15892,#3569);
#2117=LINE('',#15894,#3570);
#2118=LINE('',#15896,#3571);
#2119=LINE('',#15898,#3572);
#2120=LINE('',#15902,#3573);
#2121=LINE('',#15904,#3574);
#2122=LINE('',#15905,#3575);
#2123=LINE('',#15907,#3576);
#2124=LINE('',#15908,#3577);
#2125=LINE('',#15910,#3578);
#2126=LINE('',#15912,#3579);
#2127=LINE('',#15914,#3580);
#2128=LINE('',#15916,#3581);
#2129=LINE('',#15918,#3582);
#2130=LINE('',#15919,#3583);
#2131=LINE('',#15922,#3584);
#2132=LINE('',#15923,#3585);
#2133=LINE('',#15926,#3586);
#2134=LINE('',#15928,#3587);
#2135=LINE('',#15929,#3588);
#2136=LINE('',#15932,#3589);
#2137=LINE('',#15933,#3590);
#2138=LINE('',#15935,#3591);
#2139=LINE('',#15936,#3592);
#2140=LINE('',#15942,#3593);
#2141=LINE('',#15944,#3594);
#2142=LINE('',#15945,#3595);
#2143=LINE('',#15948,#3596);
#2144=LINE('',#15950,#3597);
#2145=LINE('',#15951,#3598);
#2146=LINE('',#15954,#3599);
#2147=LINE('',#15956,#3600);
#2148=LINE('',#15958,#3601);
#2149=LINE('',#15960,#3602);
#2150=LINE('',#15962,#3603);
#2151=LINE('',#15963,#3604);
#2152=LINE('',#15966,#3605);
#2153=LINE('',#15968,#3606);
#2154=LINE('',#15969,#3607);
#2155=LINE('',#15970,#3608);
#2156=LINE('',#15973,#3609);
#2157=LINE('',#15974,#3610);
#2158=LINE('',#15979,#3611);
#2159=LINE('',#15981,#3612);
#2160=LINE('',#15982,#3613);
#2161=LINE('',#15983,#3614);
#2162=LINE('',#15987,#3615);
#2163=LINE('',#15988,#3616);
#2164=LINE('',#15990,#3617);
#2165=LINE('',#15991,#3618);
#2166=LINE('',#15993,#3619);
#2167=LINE('',#15996,#3620);
#2168=LINE('',#15997,#3621);
#2169=LINE('',#15998,#3622);
#2170=LINE('',#16001,#3623);
#2171=LINE('',#16003,#3624);
#2172=LINE('',#16005,#3625);
#2173=LINE('',#16007,#3626);
#2174=LINE('',#16009,#3627);
#2175=LINE('',#16011,#3628);
#2176=LINE('',#16013,#3629);
#2177=LINE('',#16015,#3630);
#2178=LINE('',#16017,#3631);
#2179=LINE('',#16019,#3632);
#2180=LINE('',#16020,#3633);
#2181=LINE('',#16024,#3634);
#2182=LINE('',#16026,#3635);
#2183=LINE('',#16028,#3636);
#2184=LINE('',#16030,#3637);
#2185=LINE('',#16032,#3638);
#2186=LINE('',#16033,#3639);
#2187=LINE('',#16035,#3640);
#2188=LINE('',#16036,#3641);
#2189=LINE('',#16040,#3642);
#2190=LINE('',#16041,#3643);
#2191=LINE('',#16042,#3644);
#2192=LINE('',#16045,#3645);
#2193=LINE('',#16046,#3646);
#2194=LINE('',#16048,#3647);
#2195=LINE('',#16049,#3648);
#2196=LINE('',#16051,#3649);
#2197=LINE('',#16053,#3650);
#2198=LINE('',#16055,#3651);
#2199=LINE('',#16057,#3652);
#2200=LINE('',#16059,#3653);
#2201=LINE('',#16061,#3654);
#2202=LINE('',#16062,#3655);
#2203=LINE('',#16064,#3656);
#2204=LINE('',#16067,#3657);
#2205=LINE('',#16068,#3658);
#2206=LINE('',#16071,#3659);
#2207=LINE('',#16073,#3660);
#2208=LINE('',#16074,#3661);
#2209=LINE('',#16077,#3662);
#2210=LINE('',#16079,#3663);
#2211=LINE('',#16080,#3664);
#2212=LINE('',#16083,#3665);
#2213=LINE('',#16084,#3666);
#2214=LINE('',#16086,#3667);
#2215=LINE('',#16090,#3668);
#2216=LINE('',#16091,#3669);
#2217=LINE('',#16092,#3670);
#2218=LINE('',#16094,#3671);
#2219=LINE('',#16096,#3672);
#2220=LINE('',#16098,#3673);
#2221=LINE('',#16101,#3674);
#2222=LINE('',#16103,#3675);
#2223=LINE('',#16104,#3676);
#2224=LINE('',#16105,#3677);
#2225=LINE('',#16107,#3678);
#2226=LINE('',#16109,#3679);
#2227=LINE('',#16111,#3680);
#2228=LINE('',#16113,#3681);
#2229=LINE('',#16115,#3682);
#2230=LINE('',#16117,#3683);
#2231=LINE('',#16119,#3684);
#2232=LINE('',#16120,#3685);
#2233=LINE('',#16124,#3686);
#2234=LINE('',#16125,#3687);
#2235=LINE('',#16126,#3688);
#2236=LINE('',#16129,#3689);
#2237=LINE('',#16130,#3690);
#2238=LINE('',#16133,#3691);
#2239=LINE('',#16134,#3692);
#2240=LINE('',#16137,#3693);
#2241=LINE('',#16138,#3694);
#2242=LINE('',#16141,#3695);
#2243=LINE('',#16142,#3696);
#2244=LINE('',#16144,#3697);
#2245=LINE('',#16145,#3698);
#2246=LINE('',#16147,#3699);
#2247=LINE('',#16149,#3700);
#2248=LINE('',#16152,#3701);
#2249=LINE('',#16156,#3702);
#2250=LINE('',#16157,#3703);
#2251=LINE('',#16159,#3704);
#2252=LINE('',#16161,#3705);
#2253=LINE('',#16163,#3706);
#2254=LINE('',#16165,#3707);
#2255=LINE('',#16166,#3708);
#2256=LINE('',#16168,#3709);
#2257=LINE('',#16169,#3710);
#2258=LINE('',#16171,#3711);
#2259=LINE('',#16173,#3712);
#2260=LINE('',#16175,#3713);
#2261=LINE('',#16177,#3714);
#2262=LINE('',#16179,#3715);
#2263=LINE('',#16181,#3716);
#2264=LINE('',#16182,#3717);
#2265=LINE('',#16185,#3718);
#2266=LINE('',#16187,#3719);
#2267=LINE('',#16188,#3720);
#2268=LINE('',#16192,#3721);
#2269=LINE('',#16193,#3722);
#2270=LINE('',#16195,#3723);
#2271=LINE('',#16196,#3724);
#2272=LINE('',#16198,#3725);
#2273=LINE('',#16199,#3726);
#2274=LINE('',#16203,#3727);
#2275=LINE('',#16204,#3728);
#2276=LINE('',#16206,#3729);
#2277=LINE('',#16208,#3730);
#2278=LINE('',#16209,#3731);
#2279=LINE('',#16213,#3732);
#2280=LINE('',#16214,#3733);
#2281=LINE('',#16216,#3734);
#2282=LINE('',#16218,#3735);
#2283=LINE('',#16220,#3736);
#2284=LINE('',#16222,#3737);
#2285=LINE('',#16223,#3738);
#2286=LINE('',#16225,#3739);
#2287=LINE('',#16228,#3740);
#2288=LINE('',#16229,#3741);
#2289=LINE('',#16233,#3742);
#2290=LINE('',#16236,#3743);
#2291=LINE('',#16237,#3744);
#2292=LINE('',#16241,#3745);
#2293=LINE('',#16242,#3746);
#2294=LINE('',#16244,#3747);
#2295=LINE('',#16246,#3748);
#2296=LINE('',#16247,#3749);
#2297=LINE('',#16248,#3750);
#2298=LINE('',#16250,#3751);
#2299=LINE('',#16252,#3752);
#2300=LINE('',#16254,#3753);
#2301=LINE('',#16257,#3754);
#2302=LINE('',#16259,#3755);
#2303=LINE('',#16260,#3756);
#2304=LINE('',#16262,#3757);
#2305=LINE('',#16264,#3758);
#2306=LINE('',#16269,#3759);
#2307=LINE('',#16271,#3760);
#2308=LINE('',#16273,#3761);
#2309=LINE('',#16275,#3762);
#2310=LINE('',#16276,#3763);
#2311=LINE('',#16280,#3764);
#2312=LINE('',#16281,#3765);
#2313=LINE('',#16283,#3766);
#2314=LINE('',#16285,#3767);
#2315=LINE('',#16287,#3768);
#2316=LINE('',#16289,#3769);
#2317=LINE('',#16290,#3770);
#2318=LINE('',#16293,#3771);
#2319=LINE('',#16295,#3772);
#2320=LINE('',#16296,#3773);
#2321=LINE('',#16297,#3774);
#2322=LINE('',#16301,#3775);
#2323=LINE('',#16302,#3776);
#2324=LINE('',#16303,#3777);
#2325=LINE('',#16305,#3778);
#2326=LINE('',#16306,#3779);
#2327=LINE('',#16308,#3780);
#2328=LINE('',#16311,#3781);
#2329=LINE('',#16313,#3782);
#2330=LINE('',#16314,#3783);
#2331=LINE('',#16318,#3784);
#2332=LINE('',#16319,#3785);
#2333=LINE('',#16320,#3786);
#2334=LINE('',#16324,#3787);
#2335=LINE('',#16326,#3788);
#2336=LINE('',#16327,#3789);
#2337=LINE('',#16328,#3790);
#2338=LINE('',#16331,#3791);
#2339=LINE('',#16332,#3792);
#2340=LINE('',#16335,#3793);
#2341=LINE('',#16336,#3794);
#2342=LINE('',#16338,#3795);
#2343=LINE('',#16340,#3796);
#2344=LINE('',#16346,#3797);
#2345=LINE('',#16347,#3798);
#2346=LINE('',#16348,#3799);
#2347=LINE('',#16350,#3800);
#2348=LINE('',#16353,#3801);
#2349=LINE('',#16354,#3802);
#2350=LINE('',#16357,#3803);
#2351=LINE('',#16359,#3804);
#2352=LINE('',#16360,#3805);
#2353=LINE('',#16363,#3806);
#2354=LINE('',#16364,#3807);
#2355=LINE('',#16367,#3808);
#2356=LINE('',#16369,#3809);
#2357=LINE('',#16370,#3810);
#2358=LINE('',#16372,#3811);
#2359=LINE('',#16374,#3812);
#2360=LINE('',#16377,#3813);
#2361=LINE('',#16379,#3814);
#2362=LINE('',#16380,#3815);
#2363=LINE('',#16382,#3816);
#2364=LINE('',#16384,#3817);
#2365=LINE('',#16386,#3818);
#2366=LINE('',#16388,#3819);
#2367=LINE('',#16390,#3820);
#2368=LINE('',#16392,#3821);
#2369=LINE('',#16394,#3822);
#2370=LINE('',#16396,#3823);
#2371=LINE('',#16398,#3824);
#2372=LINE('',#16399,#3825);
#2373=LINE('',#16402,#3826);
#2374=LINE('',#16404,#3827);
#2375=LINE('',#16405,#3828);
#2376=LINE('',#16408,#3829);
#2377=LINE('',#16409,#3830);
#2378=LINE('',#16413,#3831);
#2379=LINE('',#16415,#3832);
#2380=LINE('',#16416,#3833);
#2381=LINE('',#16419,#3834);
#2382=LINE('',#16420,#3835);
#2383=LINE('',#16422,#3836);
#2384=LINE('',#16424,#3837);
#2385=LINE('',#16427,#3838);
#2386=LINE('',#16428,#3839);
#2387=LINE('',#16430,#3840);
#2388=LINE('',#16433,#3841);
#2389=LINE('',#16434,#3842);
#2390=LINE('',#16437,#3843);
#2391=LINE('',#16439,#3844);
#2392=LINE('',#16440,#3845);
#2393=LINE('',#16445,#3846);
#2394=LINE('',#16446,#3847);
#2395=LINE('',#16449,#3848);
#2396=LINE('',#16451,#3849);
#2397=LINE('',#16452,#3850);
#2398=LINE('',#16454,#3851);
#2399=LINE('',#16455,#3852);
#2400=LINE('',#16458,#3853);
#2401=LINE('',#16459,#3854);
#2402=LINE('',#16463,#3855);
#2403=LINE('',#16465,#3856);
#2404=LINE('',#16466,#3857);
#2405=LINE('',#16467,#3858);
#2406=LINE('',#16470,#3859);
#2407=LINE('',#16471,#3860);
#2408=LINE('',#16473,#3861);
#2409=LINE('',#16474,#3862);
#2410=LINE('',#16478,#3863);
#2411=LINE('',#16479,#3864);
#2412=LINE('',#16482,#3865);
#2413=LINE('',#16483,#3866);
#2414=LINE('',#16485,#3867);
#2415=LINE('',#16487,#3868);
#2416=LINE('',#16494,#3869);
#2417=LINE('',#16497,#3870);
#2418=LINE('',#16498,#3871);
#2419=LINE('',#16501,#3872);
#2420=LINE('',#16503,#3873);
#2421=LINE('',#16504,#3874);
#2422=LINE('',#16506,#3875);
#2423=LINE('',#16508,#3876);
#2424=LINE('',#16512,#3877);
#2425=LINE('',#16514,#3878);
#2426=LINE('',#16516,#3879);
#2427=LINE('',#16517,#3880);
#2428=LINE('',#16518,#3881);
#2429=LINE('',#16521,#3882);
#2430=LINE('',#16522,#3883);
#2431=LINE('',#16525,#3884);
#2432=LINE('',#16526,#3885);
#2433=LINE('',#16529,#3886);
#2434=LINE('',#16530,#3887);
#2435=LINE('',#16533,#3888);
#2436=LINE('',#16534,#3889);
#2437=LINE('',#16536,#3890);
#2438=LINE('',#16540,#3891);
#2439=LINE('',#16542,#3892);
#2440=LINE('',#16544,#3893);
#2441=LINE('',#16545,#3894);
#2442=LINE('',#16548,#3895);
#2443=LINE('',#16550,#3896);
#2444=LINE('',#16551,#3897);
#2445=LINE('',#16554,#3898);
#2446=LINE('',#16556,#3899);
#2447=LINE('',#16557,#3900);
#2448=LINE('',#16561,#3901);
#2449=LINE('',#16563,#3902);
#2450=LINE('',#16565,#3903);
#2451=LINE('',#16566,#3904);
#2452=LINE('',#16568,#3905);
#2453=LINE('',#16569,#3906);
#2454=LINE('',#16573,#3907);
#2455=LINE('',#16575,#3908);
#2456=LINE('',#16577,#3909);
#2457=LINE('',#16578,#3910);
#2458=LINE('',#16581,#3911);
#2459=LINE('',#16583,#3912);
#2460=LINE('',#16584,#3913);
#2461=LINE('',#16587,#3914);
#2462=LINE('',#16589,#3915);
#2463=LINE('',#16590,#3916);
#2464=LINE('',#16592,#3917);
#2465=LINE('',#16593,#3918);
#2466=LINE('',#16597,#3919);
#2467=LINE('',#16599,#3920);
#2468=LINE('',#16601,#3921);
#2469=LINE('',#16602,#3922);
#2470=LINE('',#16605,#3923);
#2471=LINE('',#16607,#3924);
#2472=LINE('',#16608,#3925);
#2473=LINE('',#16611,#3926);
#2474=LINE('',#16613,#3927);
#2475=LINE('',#16614,#3928);
#2476=LINE('',#16616,#3929);
#2477=LINE('',#16617,#3930);
#2478=LINE('',#16621,#3931);
#2479=LINE('',#16623,#3932);
#2480=LINE('',#16625,#3933);
#2481=LINE('',#16626,#3934);
#2482=LINE('',#16629,#3935);
#2483=LINE('',#16631,#3936);
#2484=LINE('',#16632,#3937);
#2485=LINE('',#16635,#3938);
#2486=LINE('',#16637,#3939);
#2487=LINE('',#16638,#3940);
#2488=LINE('',#16640,#3941);
#2489=LINE('',#16641,#3942);
#2490=LINE('',#16645,#3943);
#2491=LINE('',#16646,#3944);
#2492=LINE('',#16648,#3945);
#2493=LINE('',#16649,#3946);
#2494=LINE('',#16650,#3947);
#2495=LINE('',#16652,#3948);
#2496=LINE('',#16653,#3949);
#2497=LINE('',#16655,#3950);
#2498=LINE('',#16656,#3951);
#2499=LINE('',#16657,#3952);
#2500=LINE('',#16659,#3953);
#2501=LINE('',#16661,#3954);
#2502=LINE('',#16665,#3955);
#2503=LINE('',#16667,#3956);
#2504=LINE('',#16668,#3957);
#2505=LINE('',#16671,#3958);
#2506=LINE('',#16673,#3959);
#2507=LINE('',#16674,#3960);
#2508=LINE('',#16676,#3961);
#2509=LINE('',#16678,#3962);
#2510=LINE('',#16682,#3963);
#2511=LINE('',#16683,#3964);
#2512=LINE('',#16687,#3965);
#2513=LINE('',#16688,#3966);
#2514=LINE('',#16689,#3967);
#2515=LINE('',#16690,#3968);
#2516=LINE('',#16692,#3969);
#2517=LINE('',#16693,#3970);
#2518=LINE('',#16695,#3971);
#2519=LINE('',#16696,#3972);
#2520=LINE('',#16697,#3973);
#2521=LINE('',#16699,#3974);
#2522=LINE('',#16702,#3975);
#2523=LINE('',#16705,#3976);
#2524=LINE('',#16707,#3977);
#2525=LINE('',#16714,#3978);
#2526=LINE('',#16716,#3979);
#2527=LINE('',#16718,#3980);
#2528=LINE('',#16719,#3981);
#2529=LINE('',#16723,#3982);
#2530=LINE('',#16725,#3983);
#2531=LINE('',#16727,#3984);
#2532=LINE('',#16728,#3985);
#2533=LINE('',#16731,#3986);
#2534=LINE('',#16733,#3987);
#2535=LINE('',#16734,#3988);
#2536=LINE('',#16738,#3989);
#2537=LINE('',#16740,#3990);
#2538=LINE('',#16742,#3991);
#2539=LINE('',#16743,#3992);
#2540=LINE('',#16746,#3993);
#2541=LINE('',#16748,#3994);
#2542=LINE('',#16749,#3995);
#2543=LINE('',#16752,#3996);
#2544=LINE('',#16754,#3997);
#2545=LINE('',#16755,#3998);
#2546=LINE('',#16757,#3999);
#2547=LINE('',#16759,#4000);
#2548=LINE('',#16760,#4001);
#2549=LINE('',#16764,#4002);
#2550=LINE('',#16766,#4003);
#2551=LINE('',#16767,#4004);
#2552=LINE('',#16768,#4005);
#2553=LINE('',#16770,#4006);
#2554=LINE('',#16774,#4007);
#2555=LINE('',#16776,#4008);
#2556=LINE('',#16778,#4009);
#2557=LINE('',#16779,#4010);
#2558=LINE('',#16782,#4011);
#2559=LINE('',#16784,#4012);
#2560=LINE('',#16786,#4013);
#2561=LINE('',#16788,#4014);
#2562=LINE('',#16790,#4015);
#2563=LINE('',#16791,#4016);
#2564=LINE('',#16792,#4017);
#2565=LINE('',#16795,#4018);
#2566=LINE('',#16797,#4019);
#2567=LINE('',#16799,#4020);
#2568=LINE('',#16801,#4021);
#2569=LINE('',#16803,#4022);
#2570=LINE('',#16805,#4023);
#2571=LINE('',#16807,#4024);
#2572=LINE('',#16808,#4025);
#2573=LINE('',#16811,#4026);
#2574=LINE('',#16813,#4027);
#2575=LINE('',#16815,#4028);
#2576=LINE('',#16817,#4029);
#2577=LINE('',#16819,#4030);
#2578=LINE('',#16821,#4031);
#2579=LINE('',#16823,#4032);
#2580=LINE('',#16825,#4033);
#2581=LINE('',#16827,#4034);
#2582=LINE('',#16829,#4035);
#2583=LINE('',#16830,#4036);
#2584=LINE('',#16833,#4037);
#2585=LINE('',#16835,#4038);
#2586=LINE('',#16836,#4039);
#2587=LINE('',#16839,#4040);
#2588=LINE('',#16840,#4041);
#2589=LINE('',#16843,#4042);
#2590=LINE('',#16844,#4043);
#2591=LINE('',#16847,#4044);
#2592=LINE('',#16848,#4045);
#2593=LINE('',#16851,#4046);
#2594=LINE('',#16852,#4047);
#2595=LINE('',#16855,#4048);
#2596=LINE('',#16856,#4049);
#2597=LINE('',#16858,#4050);
#2598=LINE('',#16860,#4051);
#2599=LINE('',#16861,#4052);
#2600=LINE('',#16864,#4053);
#2601=LINE('',#16865,#4054);
#2602=LINE('',#16868,#4055);
#2603=LINE('',#16869,#4056);
#2604=LINE('',#16872,#4057);
#2605=LINE('',#16873,#4058);
#2606=LINE('',#16876,#4059);
#2607=LINE('',#16877,#4060);
#2608=LINE('',#16880,#4061);
#2609=LINE('',#16881,#4062);
#2610=LINE('',#16884,#4063);
#2611=LINE('',#16885,#4064);
#2612=LINE('',#16888,#4065);
#2613=LINE('',#16889,#4066);
#2614=LINE('',#16892,#4067);
#2615=LINE('',#16893,#4068);
#2616=LINE('',#16896,#4069);
#2617=LINE('',#16897,#4070);
#2618=LINE('',#16900,#4071);
#2619=LINE('',#16901,#4072);
#2620=LINE('',#16904,#4073);
#2621=LINE('',#16905,#4074);
#2622=LINE('',#16908,#4075);
#2623=LINE('',#16909,#4076);
#2624=LINE('',#16912,#4077);
#2625=LINE('',#16913,#4078);
#2626=LINE('',#16916,#4079);
#2627=LINE('',#16917,#4080);
#2628=LINE('',#16920,#4081);
#2629=LINE('',#16921,#4082);
#2630=LINE('',#16923,#4083);
#2631=VECTOR('',#11256,10.);
#2632=VECTOR('',#11257,10.);
#2633=VECTOR('',#11258,10.);
#2634=VECTOR('',#11259,10.);
#2635=VECTOR('',#11262,10.);
#2636=VECTOR('',#11263,10.);
#2637=VECTOR('',#11264,10.);
#2638=VECTOR('',#11265,10.);
#2639=VECTOR('',#11266,10.);
#2640=VECTOR('',#11269,10.);
#2641=VECTOR('',#11270,10.);
#2642=VECTOR('',#11271,10.);
#2643=VECTOR('',#11272,10.);
#2644=VECTOR('',#11275,10.);
#2645=VECTOR('',#11276,10.);
#2646=VECTOR('',#11277,10.);
#2647=VECTOR('',#11278,10.);
#2648=VECTOR('',#11281,10.);
#2649=VECTOR('',#11282,10.);
#2650=VECTOR('',#11283,10.);
#2651=VECTOR('',#11284,10.);
#2652=VECTOR('',#11285,10.);
#2653=VECTOR('',#11286,10.);
#2654=VECTOR('',#11287,10.);
#2655=VECTOR('',#11288,10.);
#2656=VECTOR('',#11289,10.);
#2657=VECTOR('',#11292,10.);
#2658=VECTOR('',#11293,10.);
#2659=VECTOR('',#11294,10.);
#2660=VECTOR('',#11295,10.);
#2661=VECTOR('',#11298,10.);
#2662=VECTOR('',#11299,10.);
#2663=VECTOR('',#11300,10.);
#2664=VECTOR('',#11301,10.);
#2665=VECTOR('',#11304,10.);
#2666=VECTOR('',#11305,10.);
#2667=VECTOR('',#11308,10.);
#2668=VECTOR('',#11309,10.);
#2669=VECTOR('',#11310,10.);
#2670=VECTOR('',#11313,10.);
#2671=VECTOR('',#11314,10.);
#2672=VECTOR('',#11315,10.);
#2673=VECTOR('',#11316,10.);
#2674=VECTOR('',#11317,10.);
#2675=VECTOR('',#11318,10.);
#2676=VECTOR('',#11319,10.);
#2677=VECTOR('',#11320,10.);
#2678=VECTOR('',#11321,10.);
#2679=VECTOR('',#11322,10.);
#2680=VECTOR('',#11323,10.);
#2681=VECTOR('',#11324,10.);
#2682=VECTOR('',#11325,10.);
#2683=VECTOR('',#11326,10.);
#2684=VECTOR('',#11327,10.);
#2685=VECTOR('',#11334,10.);
#2686=VECTOR('',#11335,10.);
#2687=VECTOR('',#11336,10.);
#2688=VECTOR('',#11339,10.);
#2689=VECTOR('',#11340,10.);
#2690=VECTOR('',#11343,10.);
#2691=VECTOR('',#11350,10.);
#2692=VECTOR('',#11353,10.);
#2693=VECTOR('',#11358,10.);
#2694=VECTOR('',#11361,10.);
#2695=VECTOR('',#11364,10.);
#2696=VECTOR('',#11367,10.);
#2697=VECTOR('',#11370,10.);
#2698=VECTOR('',#11373,10.);
#2699=VECTOR('',#11376,10.);
#2700=VECTOR('',#11379,10.);
#2701=VECTOR('',#11382,10.);
#2702=VECTOR('',#11385,10.);
#2703=VECTOR('',#11388,10.);
#2704=VECTOR('',#11389,10.);
#2705=VECTOR('',#11390,10.);
#2706=VECTOR('',#11391,10.);
#2707=VECTOR('',#11392,10.);
#2708=VECTOR('',#11395,10.);
#2709=VECTOR('',#11396,10.);
#2710=VECTOR('',#11397,10.);
#2711=VECTOR('',#11400,10.);
#2712=VECTOR('',#11403,10.);
#2713=VECTOR('',#11404,10.);
#2714=VECTOR('',#11407,10.);
#2715=VECTOR('',#11408,10.);
#2716=VECTOR('',#11411,10.);
#2717=VECTOR('',#11412,10.);
#2718=VECTOR('',#11413,10.);
#2719=VECTOR('',#11414,10.);
#2720=VECTOR('',#11415,10.);
#2721=VECTOR('',#11416,10.);
#2722=VECTOR('',#11417,10.);
#2723=VECTOR('',#11418,10.);
#2724=VECTOR('',#11419,10.);
#2725=VECTOR('',#11420,10.);
#2726=VECTOR('',#11421,10.);
#2727=VECTOR('',#11422,10.);
#2728=VECTOR('',#11423,10.);
#2729=VECTOR('',#11424,10.);
#2730=VECTOR('',#11425,10.);
#2731=VECTOR('',#11426,10.);
#2732=VECTOR('',#11427,10.);
#2733=VECTOR('',#11428,10.);
#2734=VECTOR('',#11431,10.);
#2735=VECTOR('',#11432,10.);
#2736=VECTOR('',#11433,10.);
#2737=VECTOR('',#11434,10.);
#2738=VECTOR('',#11435,10.);
#2739=VECTOR('',#11436,10.);
#2740=VECTOR('',#11437,10.);
#2741=VECTOR('',#11438,10.);
#2742=VECTOR('',#11439,10.);
#2743=VECTOR('',#11440,10.);
#2744=VECTOR('',#11443,10.);
#2745=VECTOR('',#11444,10.);
#2746=VECTOR('',#11447,10.);
#2747=VECTOR('',#11448,10.);
#2748=VECTOR('',#11449,10.);
#2749=VECTOR('',#11450,10.);
#2750=VECTOR('',#11451,10.);
#2751=VECTOR('',#11454,10.);
#2752=VECTOR('',#11455,10.);
#2753=VECTOR('',#11456,10.);
#2754=VECTOR('',#11457,10.);
#2755=VECTOR('',#11460,10.);
#2756=VECTOR('',#11461,10.);
#2757=VECTOR('',#11462,10.);
#2758=VECTOR('',#11463,10.);
#2759=VECTOR('',#11464,10.);
#2760=VECTOR('',#11465,10.);
#2761=VECTOR('',#11468,10.);
#2762=VECTOR('',#11469,10.);
#2763=VECTOR('',#11470,10.);
#2764=VECTOR('',#11473,10.);
#2765=VECTOR('',#11474,10.);
#2766=VECTOR('',#11475,10.);
#2767=VECTOR('',#11476,10.);
#2768=VECTOR('',#11479,10.);
#2769=VECTOR('',#11480,10.);
#2770=VECTOR('',#11481,10.);
#2771=VECTOR('',#11482,10.);
#2772=VECTOR('',#11485,10.);
#2773=VECTOR('',#11486,10.);
#2774=VECTOR('',#11487,10.);
#2775=VECTOR('',#11490,10.);
#2776=VECTOR('',#11491,10.);
#2777=VECTOR('',#11492,10.);
#2778=VECTOR('',#11493,10.);
#2779=VECTOR('',#11494,10.);
#2780=VECTOR('',#11495,10.);
#2781=VECTOR('',#11496,10.);
#2782=VECTOR('',#11501,10.);
#2783=VECTOR('',#11502,10.);
#2784=VECTOR('',#11503,10.);
#2785=VECTOR('',#11504,10.);
#2786=VECTOR('',#11507,10.);
#2787=VECTOR('',#11512,10.);
#2788=VECTOR('',#11513,10.);
#2789=VECTOR('',#11514,10.);
#2790=VECTOR('',#11515,10.);
#2791=VECTOR('',#11516,10.);
#2792=VECTOR('',#11517,10.);
#2793=VECTOR('',#11518,10.);
#2794=VECTOR('',#11519,10.);
#2795=VECTOR('',#11520,10.);
#2796=VECTOR('',#11523,10.);
#2797=VECTOR('',#11524,10.);
#2798=VECTOR('',#11527,10.);
#2799=VECTOR('',#11528,10.);
#2800=VECTOR('',#11529,10.);
#2801=VECTOR('',#11532,10.);
#2802=VECTOR('',#11533,10.);
#2803=VECTOR('',#11540,10.);
#2804=VECTOR('',#11543,10.);
#2805=VECTOR('',#11546,10.);
#2806=VECTOR('',#11549,10.);
#2807=VECTOR('',#11554,10.);
#2808=VECTOR('',#11555,10.);
#2809=VECTOR('',#11558,10.);
#2810=VECTOR('',#11559,10.);
#2811=VECTOR('',#11560,10.);
#2812=VECTOR('',#11561,10.);
#2813=VECTOR('',#11564,10.);
#2814=VECTOR('',#11565,10.);
#2815=VECTOR('',#11568,10.);
#2816=VECTOR('',#11569,10.);
#2817=VECTOR('',#11574,10.);
#2818=VECTOR('',#11575,10.);
#2819=VECTOR('',#11578,10.);
#2820=VECTOR('',#11581,10.);
#2821=VECTOR('',#11582,10.);
#2822=VECTOR('',#11583,10.);
#2823=VECTOR('',#11584,10.);
#2824=VECTOR('',#11585,10.);
#2825=VECTOR('',#11586,10.);
#2826=VECTOR('',#11589,10.);
#2827=VECTOR('',#11590,10.);
#2828=VECTOR('',#11593,10.);
#2829=VECTOR('',#11594,10.);
#2830=VECTOR('',#11595,10.);
#2831=VECTOR('',#11596,10.);
#2832=VECTOR('',#11597,10.);
#2833=VECTOR('',#11600,10.);
#2834=VECTOR('',#11605,10.);
#2835=VECTOR('',#11608,10.);
#2836=VECTOR('',#11613,10.);
#2837=VECTOR('',#11614,10.);
#2838=VECTOR('',#11615,10.);
#2839=VECTOR('',#11616,10.);
#2840=VECTOR('',#11619,10.);
#2841=VECTOR('',#11620,10.);
#2842=VECTOR('',#11621,10.);
#2843=VECTOR('',#11624,10.);
#2844=VECTOR('',#11625,10.);
#2845=VECTOR('',#11626,10.);
#2846=VECTOR('',#11629,10.);
#2847=VECTOR('',#11630,10.);
#2848=VECTOR('',#11635,10.);
#2849=VECTOR('',#11636,10.);
#2850=VECTOR('',#11639,10.);
#2851=VECTOR('',#11644,10.);
#2852=VECTOR('',#11647,10.);
#2853=VECTOR('',#11660,10.);
#2854=VECTOR('',#11661,10.);
#2855=VECTOR('',#11662,10.);
#2856=VECTOR('',#11665,10.);
#2857=VECTOR('',#11666,10.);
#2858=VECTOR('',#11667,10.);
#2859=VECTOR('',#11670,10.);
#2860=VECTOR('',#11671,10.);
#2861=VECTOR('',#11672,10.);
#2862=VECTOR('',#11673,10.);
#2863=VECTOR('',#11678,10.);
#2864=VECTOR('',#11679,10.);
#2865=VECTOR('',#11680,10.);
#2866=VECTOR('',#11683,10.);
#2867=VECTOR('',#11684,10.);
#2868=VECTOR('',#11685,10.);
#2869=VECTOR('',#11690,10.);
#2870=VECTOR('',#11693,10.);
#2871=VECTOR('',#11694,10.);
#2872=VECTOR('',#11695,10.);
#2873=VECTOR('',#11698,10.);
#2874=VECTOR('',#11699,10.);
#2875=VECTOR('',#11700,10.);
#2876=VECTOR('',#11705,10.);
#2877=VECTOR('',#11706,10.);
#2878=VECTOR('',#11709,10.);
#2879=VECTOR('',#11712,10.);
#2880=VECTOR('',#11713,10.);
#2881=VECTOR('',#11716,10.);
#2882=VECTOR('',#11717,10.);
#2883=VECTOR('',#11718,10.);
#2884=VECTOR('',#11721,10.);
#2885=VECTOR('',#11726,10.);
#2886=VECTOR('',#11727,10.);
#2887=VECTOR('',#11734,10.);
#2888=VECTOR('',#11735,10.);
#2889=VECTOR('',#11738,10.);
#2890=VECTOR('',#11739,10.);
#2891=VECTOR('',#11742,10.);
#2892=VECTOR('',#11743,10.);
#2893=VECTOR('',#11744,10.);
#2894=VECTOR('',#11747,10.);
#2895=VECTOR('',#11748,10.);
#2896=VECTOR('',#11749,10.);
#2897=VECTOR('',#11750,10.);
#2898=VECTOR('',#11751,10.);
#2899=VECTOR('',#11752,10.);
#2900=VECTOR('',#11759,10.);
#2901=VECTOR('',#11762,10.);
#2902=VECTOR('',#11765,10.);
#2903=VECTOR('',#11766,10.);
#2904=VECTOR('',#11767,10.);
#2905=VECTOR('',#11770,10.);
#2906=VECTOR('',#11771,10.);
#2907=VECTOR('',#11772,10.);
#2908=VECTOR('',#11773,10.);
#2909=VECTOR('',#11774,10.);
#2910=VECTOR('',#11775,10.);
#2911=VECTOR('',#11776,10.);
#2912=VECTOR('',#11777,10.);
#2913=VECTOR('',#11778,10.);
#2914=VECTOR('',#11779,10.);
#2915=VECTOR('',#11780,10.);
#2916=VECTOR('',#11781,10.);
#2917=VECTOR('',#11784,10.);
#2918=VECTOR('',#11787,10.);
#2919=VECTOR('',#11792,10.);
#2920=VECTOR('',#11795,10.);
#2921=VECTOR('',#11798,10.);
#2922=VECTOR('',#11799,10.);
#2923=VECTOR('',#11800,10.);
#2924=VECTOR('',#11807,10.);
#2925=VECTOR('',#11812,10.);
#2926=VECTOR('',#11815,10.);
#2927=VECTOR('',#11816,10.);
#2928=VECTOR('',#11819,10.);
#2929=VECTOR('',#11820,10.);
#2930=VECTOR('',#11823,10.);
#2931=VECTOR('',#11828,10.);
#2932=VECTOR('',#11831,10.);
#2933=VECTOR('',#11834,10.);
#2934=VECTOR('',#11835,10.);
#2935=VECTOR('',#11840,10.);
#2936=VECTOR('',#11841,10.);
#2937=VECTOR('',#11844,10.);
#2938=VECTOR('',#11845,10.);
#2939=VECTOR('',#11850,10.);
#2940=VECTOR('',#11851,10.);
#2941=VECTOR('',#11852,10.);
#2942=VECTOR('',#11855,10.);
#2943=VECTOR('',#11858,10.);
#2944=VECTOR('',#11859,10.);
#2945=VECTOR('',#11860,10.);
#2946=VECTOR('',#11861,10.);
#2947=VECTOR('',#11862,10.);
#2948=VECTOR('',#11863,10.);
#2949=VECTOR('',#11864,10.);
#2950=VECTOR('',#11865,10.);
#2951=VECTOR('',#11866,10.);
#2952=VECTOR('',#11867,10.);
#2953=VECTOR('',#11870,10.);
#2954=VECTOR('',#11871,10.);
#2955=VECTOR('',#11872,10.);
#2956=VECTOR('',#11875,10.);
#2957=VECTOR('',#11878,10.);
#2958=VECTOR('',#11881,10.);
#2959=VECTOR('',#11882,10.);
#2960=VECTOR('',#11883,10.);
#2961=VECTOR('',#11884,10.);
#2962=VECTOR('',#11885,10.);
#2963=VECTOR('',#11886,10.);
#2964=VECTOR('',#11887,10.);
#2965=VECTOR('',#11888,10.);
#2966=VECTOR('',#11889,10.);
#2967=VECTOR('',#11892,10.);
#2968=VECTOR('',#11893,10.);
#2969=VECTOR('',#11894,10.);
#2970=VECTOR('',#11895,10.);
#2971=VECTOR('',#11896,10.);
#2972=VECTOR('',#11897,10.);
#2973=VECTOR('',#11900,10.);
#2974=VECTOR('',#11901,10.);
#2975=VECTOR('',#11904,10.);
#2976=VECTOR('',#11905,10.);
#2977=VECTOR('',#11906,10.);
#2978=VECTOR('',#11907,10.);
#2979=VECTOR('',#11908,10.);
#2980=VECTOR('',#11909,10.);
#2981=VECTOR('',#11912,10.);
#2982=VECTOR('',#11913,10.);
#2983=VECTOR('',#11914,10.);
#2984=VECTOR('',#11915,10.);
#2985=VECTOR('',#11918,10.);
#2986=VECTOR('',#11919,10.);
#2987=VECTOR('',#11920,10.);
#2988=VECTOR('',#11923,10.);
#2989=VECTOR('',#11924,10.);
#2990=VECTOR('',#11927,10.);
#2991=VECTOR('',#11930,10.);
#2992=VECTOR('',#11931,10.);
#2993=VECTOR('',#11932,10.);
#2994=VECTOR('',#11935,10.);
#2995=VECTOR('',#11936,10.);
#2996=VECTOR('',#11941,10.);
#2997=VECTOR('',#11942,10.);
#2998=VECTOR('',#11943,10.);
#2999=VECTOR('',#11946,10.);
#3000=VECTOR('',#11947,10.);
#3001=VECTOR('',#11950,10.);
#3002=VECTOR('',#11951,10.);
#3003=VECTOR('',#11954,10.);
#3004=VECTOR('',#11957,10.);
#3005=VECTOR('',#11958,10.);
#3006=VECTOR('',#11959,10.);
#3007=VECTOR('',#11962,10.);
#3008=VECTOR('',#11963,10.);
#3009=VECTOR('',#11966,10.);
#3010=VECTOR('',#11967,10.);
#3011=VECTOR('',#11970,10.);
#3012=VECTOR('',#11971,10.);
#3013=VECTOR('',#11974,10.);
#3014=VECTOR('',#11975,10.);
#3015=VECTOR('',#11976,10.);
#3016=VECTOR('',#11979,10.);
#3017=VECTOR('',#11980,10.);
#3018=VECTOR('',#11981,10.);
#3019=VECTOR('',#11982,10.);
#3020=VECTOR('',#11983,10.);
#3021=VECTOR('',#11986,10.);
#3022=VECTOR('',#11989,10.);
#3023=VECTOR('',#11990,10.);
#3024=VECTOR('',#11993,10.);
#3025=VECTOR('',#11996,10.);
#3026=VECTOR('',#11999,10.);
#3027=VECTOR('',#12000,10.);
#3028=VECTOR('',#12005,10.);
#3029=VECTOR('',#12006,10.);
#3030=VECTOR('',#12009,10.);
#3031=VECTOR('',#12010,10.);
#3032=VECTOR('',#12011,10.);
#3033=VECTOR('',#12012,10.);
#3034=VECTOR('',#12013,10.);
#3035=VECTOR('',#12014,10.);
#3036=VECTOR('',#12015,10.);
#3037=VECTOR('',#12018,10.);
#3038=VECTOR('',#12019,10.);
#3039=VECTOR('',#12022,10.);
#3040=VECTOR('',#12023,10.);
#3041=VECTOR('',#12026,10.);
#3042=VECTOR('',#12029,10.);
#3043=VECTOR('',#12030,10.);
#3044=VECTOR('',#12031,10.);
#3045=VECTOR('',#12032,10.);
#3046=VECTOR('',#12035,10.);
#3047=VECTOR('',#12036,10.);
#3048=VECTOR('',#12037,10.);
#3049=VECTOR('',#12038,10.);
#3050=VECTOR('',#12043,10.);
#3051=VECTOR('',#12044,10.);
#3052=VECTOR('',#12047,10.);
#3053=VECTOR('',#12048,10.);
#3054=VECTOR('',#12049,10.);
#3055=VECTOR('',#12054,10.);
#3056=VECTOR('',#12061,10.);
#3057=VECTOR('',#12064,10.);
#3058=VECTOR('',#12069,10.);
#3059=VECTOR('',#12072,10.);
#3060=VECTOR('',#12073,10.);
#3061=VECTOR('',#12076,10.);
#3062=VECTOR('',#12079,10.);
#3063=VECTOR('',#12080,10.);
#3064=VECTOR('',#12081,10.);
#3065=VECTOR('',#12082,10.);
#3066=VECTOR('',#12083,10.);
#3067=VECTOR('',#12084,10.);
#3068=VECTOR('',#12085,10.);
#3069=VECTOR('',#12086,10.);
#3070=VECTOR('',#12089,10.);
#3071=VECTOR('',#12090,10.);
#3072=VECTOR('',#12091,10.);
#3073=VECTOR('',#12092,10.);
#3074=VECTOR('',#12093,10.);
#3075=VECTOR('',#12094,10.);
#3076=VECTOR('',#12095,10.);
#3077=VECTOR('',#12098,10.);
#3078=VECTOR('',#12099,10.);
#3079=VECTOR('',#12102,10.);
#3080=VECTOR('',#12103,10.);
#3081=VECTOR('',#12106,10.);
#3082=VECTOR('',#12109,10.);
#3083=VECTOR('',#12114,10.);
#3084=VECTOR('',#12115,10.);
#3085=VECTOR('',#12118,10.);
#3086=VECTOR('',#12123,10.);
#3087=VECTOR('',#12124,10.);
#3088=VECTOR('',#12125,10.);
#3089=VECTOR('',#12126,10.);
#3090=VECTOR('',#12127,10.);
#3091=VECTOR('',#12128,10.);
#3092=VECTOR('',#12129,10.);
#3093=VECTOR('',#12130,10.);
#3094=VECTOR('',#12131,10.);
#3095=VECTOR('',#12132,10.);
#3096=VECTOR('',#12133,10.);
#3097=VECTOR('',#12134,10.);
#3098=VECTOR('',#12135,10.);
#3099=VECTOR('',#12136,10.);
#3100=VECTOR('',#12139,10.);
#3101=VECTOR('',#12146,10.);
#3102=VECTOR('',#12149,10.);
#3103=VECTOR('',#12152,10.);
#3104=VECTOR('',#12153,10.);
#3105=VECTOR('',#12154,10.);
#3106=VECTOR('',#12155,10.);
#3107=VECTOR('',#12156,10.);
#3108=VECTOR('',#12157,10.);
#3109=VECTOR('',#12158,10.);
#3110=VECTOR('',#12161,10.);
#3111=VECTOR('',#12164,10.);
#3112=VECTOR('',#12169,10.);
#3113=VECTOR('',#12172,10.);
#3114=VECTOR('',#12173,10.);
#3115=VECTOR('',#12174,10.);
#3116=VECTOR('',#12175,10.);
#3117=VECTOR('',#12176,10.);
#3118=VECTOR('',#12179,10.);
#3119=VECTOR('',#12180,10.);
#3120=VECTOR('',#12181,10.);
#3121=VECTOR('',#12184,10.);
#3122=VECTOR('',#12185,10.);
#3123=VECTOR('',#12186,10.);
#3124=VECTOR('',#12187,10.);
#3125=VECTOR('',#12190,10.);
#3126=VECTOR('',#12191,10.);
#3127=VECTOR('',#12192,10.);
#3128=VECTOR('',#12193,10.);
#3129=VECTOR('',#12194,10.);
#3130=VECTOR('',#12197,10.);
#3131=VECTOR('',#12198,10.);
#3132=VECTOR('',#12199,10.);
#3133=VECTOR('',#12202,10.);
#3134=VECTOR('',#12207,10.);
#3135=VECTOR('',#12208,10.);
#3136=VECTOR('',#12209,10.);
#3137=VECTOR('',#12210,10.);
#3138=VECTOR('',#12213,10.);
#3139=VECTOR('',#12214,10.);
#3140=VECTOR('',#12217,10.);
#3141=VECTOR('',#12218,10.);
#3142=VECTOR('',#12221,10.);
#3143=VECTOR('',#12222,10.);
#3144=VECTOR('',#12223,10.);
#3145=VECTOR('',#12224,10.);
#3146=VECTOR('',#12225,10.);
#3147=VECTOR('',#12226,10.);
#3148=VECTOR('',#12227,10.);
#3149=VECTOR('',#12228,10.);
#3150=VECTOR('',#12231,10.);
#3151=VECTOR('',#12232,10.);
#3152=VECTOR('',#12233,10.);
#3153=VECTOR('',#12234,10.);
#3154=VECTOR('',#12237,10.);
#3155=VECTOR('',#12238,10.);
#3156=VECTOR('',#12241,10.);
#3157=VECTOR('',#12242,10.);
#3158=VECTOR('',#12243,10.);
#3159=VECTOR('',#12244,10.);
#3160=VECTOR('',#12245,10.);
#3161=VECTOR('',#12246,10.);
#3162=VECTOR('',#12249,10.);
#3163=VECTOR('',#12252,10.);
#3164=VECTOR('',#12253,10.);
#3165=VECTOR('',#12260,10.);
#3166=VECTOR('',#12263,10.);
#3167=VECTOR('',#12266,10.);
#3168=VECTOR('',#12267,10.);
#3169=VECTOR('',#12268,10.);
#3170=VECTOR('',#12269,10.);
#3171=VECTOR('',#12272,10.);
#3172=VECTOR('',#12273,10.);
#3173=VECTOR('',#12274,10.);
#3174=VECTOR('',#12275,10.);
#3175=VECTOR('',#12276,10.);
#3176=VECTOR('',#12277,10.);
#3177=VECTOR('',#12280,10.);
#3178=VECTOR('',#12281,10.);
#3179=VECTOR('',#12284,10.);
#3180=VECTOR('',#12285,10.);
#3181=VECTOR('',#12288,10.);
#3182=VECTOR('',#12289,10.);
#3183=VECTOR('',#12292,10.);
#3184=VECTOR('',#12295,10.);
#3185=VECTOR('',#12296,10.);
#3186=VECTOR('',#12299,10.);
#3187=VECTOR('',#12300,10.);
#3188=VECTOR('',#12301,10.);
#3189=VECTOR('',#12306,10.);
#3190=VECTOR('',#12307,10.);
#3191=VECTOR('',#12310,10.);
#3192=VECTOR('',#12311,10.);
#3193=VECTOR('',#12312,10.);
#3194=VECTOR('',#12315,10.);
#3195=VECTOR('',#12318,10.);
#3196=VECTOR('',#12321,10.);
#3197=VECTOR('',#12322,10.);
#3198=VECTOR('',#12325,10.);
#3199=VECTOR('',#12326,10.);
#3200=VECTOR('',#12329,10.);
#3201=VECTOR('',#12330,10.);
#3202=VECTOR('',#12333,10.);
#3203=VECTOR('',#12334,10.);
#3204=VECTOR('',#12335,10.);
#3205=VECTOR('',#12338,10.);
#3206=VECTOR('',#12341,10.);
#3207=VECTOR('',#12342,10.);
#3208=VECTOR('',#12343,10.);
#3209=VECTOR('',#12346,10.);
#3210=VECTOR('',#12347,10.);
#3211=VECTOR('',#12348,10.);
#3212=VECTOR('',#12349,10.);
#3213=VECTOR('',#12356,10.);
#3214=VECTOR('',#12357,10.);
#3215=VECTOR('',#12358,10.);
#3216=VECTOR('',#12359,10.);
#3217=VECTOR('',#12360,10.);
#3218=VECTOR('',#12361,10.);
#3219=VECTOR('',#12366,10.);
#3220=VECTOR('',#12367,10.);
#3221=VECTOR('',#12368,10.);
#3222=VECTOR('',#12371,10.);
#3223=VECTOR('',#12376,10.);
#3224=VECTOR('',#12377,10.);
#3225=VECTOR('',#12378,10.);
#3226=VECTOR('',#12379,10.);
#3227=VECTOR('',#12380,10.);
#3228=VECTOR('',#12383,10.);
#3229=VECTOR('',#12384,10.);
#3230=VECTOR('',#12385,10.);
#3231=VECTOR('',#12386,10.);
#3232=VECTOR('',#12389,10.);
#3233=VECTOR('',#12390,10.);
#3234=VECTOR('',#12391,10.);
#3235=VECTOR('',#12394,10.);
#3236=VECTOR('',#12395,10.);
#3237=VECTOR('',#12396,10.);
#3238=VECTOR('',#12397,10.);
#3239=VECTOR('',#12398,10.);
#3240=VECTOR('',#12399,10.);
#3241=VECTOR('',#12400,10.);
#3242=VECTOR('',#12401,10.);
#3243=VECTOR('',#12402,10.);
#3244=VECTOR('',#12403,10.);
#3245=VECTOR('',#12404,10.);
#3246=VECTOR('',#12405,10.);
#3247=VECTOR('',#12406,10.);
#3248=VECTOR('',#12407,10.);
#3249=VECTOR('',#12408,10.);
#3250=VECTOR('',#12409,10.);
#3251=VECTOR('',#12410,10.);
#3252=VECTOR('',#12411,10.);
#3253=VECTOR('',#12412,10.);
#3254=VECTOR('',#12413,10.);
#3255=VECTOR('',#12414,10.);
#3256=VECTOR('',#12415,10.);
#3257=VECTOR('',#12416,10.);
#3258=VECTOR('',#12417,10.);
#3259=VECTOR('',#12418,10.);
#3260=VECTOR('',#12419,10.);
#3261=VECTOR('',#12420,10.);
#3262=VECTOR('',#12421,10.);
#3263=VECTOR('',#12422,10.);
#3264=VECTOR('',#12423,10.);
#3265=VECTOR('',#12424,10.);
#3266=VECTOR('',#12425,10.);
#3267=VECTOR('',#12426,10.);
#3268=VECTOR('',#12429,10.);
#3269=VECTOR('',#12430,10.);
#3270=VECTOR('',#12433,10.);
#3271=VECTOR('',#12434,10.);
#3272=VECTOR('',#12435,10.);
#3273=VECTOR('',#12438,10.);
#3274=VECTOR('',#12439,10.);
#3275=VECTOR('',#12440,10.);
#3276=VECTOR('',#12441,10.);
#3277=VECTOR('',#12444,10.);
#3278=VECTOR('',#12445,10.);
#3279=VECTOR('',#12446,10.);
#3280=VECTOR('',#12449,10.);
#3281=VECTOR('',#12450,10.);
#3282=VECTOR('',#12451,10.);
#3283=VECTOR('',#12452,10.);
#3284=VECTOR('',#12455,10.);
#3285=VECTOR('',#12456,10.);
#3286=VECTOR('',#12457,10.);
#3287=VECTOR('',#12460,10.);
#3288=VECTOR('',#12461,10.);
#3289=VECTOR('',#12464,10.);
#3290=VECTOR('',#12465,10.);
#3291=VECTOR('',#12466,10.);
#3292=VECTOR('',#12467,10.);
#3293=VECTOR('',#12470,10.);
#3294=VECTOR('',#12471,10.);
#3295=VECTOR('',#12472,10.);
#3296=VECTOR('',#12475,10.);
#3297=VECTOR('',#12476,10.);
#3298=VECTOR('',#12477,10.);
#3299=VECTOR('',#12478,10.);
#3300=VECTOR('',#12481,10.);
#3301=VECTOR('',#12482,10.);
#3302=VECTOR('',#12483,10.);
#3303=VECTOR('',#12484,10.);
#3304=VECTOR('',#12485,10.);
#3305=VECTOR('',#12486,10.);
#3306=VECTOR('',#12487,10.);
#3307=VECTOR('',#12488,10.);
#3308=VECTOR('',#12489,10.);
#3309=VECTOR('',#12490,10.);
#3310=VECTOR('',#12491,10.);
#3311=VECTOR('',#12492,10.);
#3312=VECTOR('',#12495,10.);
#3313=VECTOR('',#12496,10.);
#3314=VECTOR('',#12497,10.);
#3315=VECTOR('',#12500,10.);
#3316=VECTOR('',#12501,10.);
#3317=VECTOR('',#12502,10.);
#3318=VECTOR('',#12505,10.);
#3319=VECTOR('',#12506,10.);
#3320=VECTOR('',#12509,10.);
#3321=VECTOR('',#12510,10.);
#3322=VECTOR('',#12513,10.);
#3323=VECTOR('',#12514,10.);
#3324=VECTOR('',#12515,10.);
#3325=VECTOR('',#12518,10.);
#3326=VECTOR('',#12521,10.);
#3327=VECTOR('',#12522,10.);
#3328=VECTOR('',#12523,10.);
#3329=VECTOR('',#12524,10.);
#3330=VECTOR('',#12527,10.);
#3331=VECTOR('',#12530,10.);
#3332=VECTOR('',#12531,10.);
#3333=VECTOR('',#12532,10.);
#3334=VECTOR('',#12535,10.);
#3335=VECTOR('',#12536,10.);
#3336=VECTOR('',#12537,10.);
#3337=VECTOR('',#12538,10.);
#3338=VECTOR('',#12541,10.);
#3339=VECTOR('',#12542,10.);
#3340=VECTOR('',#12543,10.);
#3341=VECTOR('',#12546,10.);
#3342=VECTOR('',#12547,10.);
#3343=VECTOR('',#12548,10.);
#3344=VECTOR('',#12549,10.);
#3345=VECTOR('',#12550,10.);
#3346=VECTOR('',#12551,10.);
#3347=VECTOR('',#12554,10.);
#3348=VECTOR('',#12555,10.);
#3349=VECTOR('',#12556,10.);
#3350=VECTOR('',#12559,10.);
#3351=VECTOR('',#12560,10.);
#3352=VECTOR('',#12561,10.);
#3353=VECTOR('',#12564,10.);
#3354=VECTOR('',#12565,10.);
#3355=VECTOR('',#12568,10.);
#3356=VECTOR('',#12569,10.);
#3357=VECTOR('',#12570,10.);
#3358=VECTOR('',#12573,10.);
#3359=VECTOR('',#12574,10.);
#3360=VECTOR('',#12577,10.);
#3361=VECTOR('',#12578,10.);
#3362=VECTOR('',#12579,10.);
#3363=VECTOR('',#12582,10.);
#3364=VECTOR('',#12583,10.);
#3365=VECTOR('',#12586,10.);
#3366=VECTOR('',#12587,10.);
#3367=VECTOR('',#12588,10.);
#3368=VECTOR('',#12591,10.);
#3369=VECTOR('',#12592,10.);
#3370=VECTOR('',#12597,10.);
#3371=VECTOR('',#12598,10.);
#3372=VECTOR('',#12601,10.);
#3373=VECTOR('',#12602,10.);
#3374=VECTOR('',#12603,10.);
#3375=VECTOR('',#12604,10.);
#3376=VECTOR('',#12605,10.);
#3377=VECTOR('',#12606,10.);
#3378=VECTOR('',#12607,10.);
#3379=VECTOR('',#12608,10.);
#3380=VECTOR('',#12609,10.);
#3381=VECTOR('',#12612,10.);
#3382=VECTOR('',#12613,10.);
#3383=VECTOR('',#12614,10.);
#3384=VECTOR('',#12617,10.);
#3385=VECTOR('',#12618,10.);
#3386=VECTOR('',#12619,10.);
#3387=VECTOR('',#12620,10.);
#3388=VECTOR('',#12623,10.);
#3389=VECTOR('',#12624,10.);
#3390=VECTOR('',#12625,10.);
#3391=VECTOR('',#12626,10.);
#3392=VECTOR('',#12627,10.);
#3393=VECTOR('',#12630,10.);
#3394=VECTOR('',#12631,10.);
#3395=VECTOR('',#12634,10.);
#3396=VECTOR('',#12635,10.);
#3397=VECTOR('',#12636,10.);
#3398=VECTOR('',#12637,10.);
#3399=VECTOR('',#12638,10.);
#3400=VECTOR('',#12641,10.);
#3401=VECTOR('',#12642,10.);
#3402=VECTOR('',#12643,10.);
#3403=VECTOR('',#12644,10.);
#3404=VECTOR('',#12645,10.);
#3405=VECTOR('',#12646,10.);
#3406=VECTOR('',#12649,10.);
#3407=VECTOR('',#12650,10.);
#3408=VECTOR('',#12651,10.);
#3409=VECTOR('',#12652,10.);
#3410=VECTOR('',#12653,10.);
#3411=VECTOR('',#12654,10.);
#3412=VECTOR('',#12657,10.);
#3413=VECTOR('',#12658,10.);
#3414=VECTOR('',#12659,10.);
#3415=VECTOR('',#12660,10.);
#3416=VECTOR('',#12661,10.);
#3417=VECTOR('',#12662,10.);
#3418=VECTOR('',#12665,10.);
#3419=VECTOR('',#12666,10.);
#3420=VECTOR('',#12667,10.);
#3421=VECTOR('',#12668,10.);
#3422=VECTOR('',#12671,10.);
#3423=VECTOR('',#12672,10.);
#3424=VECTOR('',#12673,10.);
#3425=VECTOR('',#12676,10.);
#3426=VECTOR('',#12677,10.);
#3427=VECTOR('',#12678,10.);
#3428=VECTOR('',#12681,10.);
#3429=VECTOR('',#12682,10.);
#3430=VECTOR('',#12683,10.);
#3431=VECTOR('',#12686,10.);
#3432=VECTOR('',#12687,10.);
#3433=VECTOR('',#12688,10.);
#3434=VECTOR('',#12689,10.);
#3435=VECTOR('',#12690,10.);
#3436=VECTOR('',#12691,10.);
#3437=VECTOR('',#12692,10.);
#3438=VECTOR('',#12693,10.);
#3439=VECTOR('',#12696,10.);
#3440=VECTOR('',#12697,10.);
#3441=VECTOR('',#12700,10.);
#3442=VECTOR('',#12703,10.);
#3443=VECTOR('',#12704,10.);
#3444=VECTOR('',#12705,10.);
#3445=VECTOR('',#12708,10.);
#3446=VECTOR('',#12709,10.);
#3447=VECTOR('',#12710,10.);
#3448=VECTOR('',#12711,10.);
#3449=VECTOR('',#12712,10.);
#3450=VECTOR('',#12713,10.);
#3451=VECTOR('',#12714,10.);
#3452=VECTOR('',#12717,10.);
#3453=VECTOR('',#12718,10.);
#3454=VECTOR('',#12719,10.);
#3455=VECTOR('',#12720,10.);
#3456=VECTOR('',#12721,10.);
#3457=VECTOR('',#12724,10.);
#3458=VECTOR('',#12725,10.);
#3459=VECTOR('',#12726,10.);
#3460=VECTOR('',#12727,10.);
#3461=VECTOR('',#12728,10.);
#3462=VECTOR('',#12731,10.);
#3463=VECTOR('',#12732,10.);
#3464=VECTOR('',#12733,10.);
#3465=VECTOR('',#12736,10.);
#3466=VECTOR('',#12739,10.);
#3467=VECTOR('',#12740,10.);
#3468=VECTOR('',#12741,10.);
#3469=VECTOR('',#12742,10.);
#3470=VECTOR('',#12743,10.);
#3471=VECTOR('',#12744,10.);
#3472=VECTOR('',#12745,10.);
#3473=VECTOR('',#12746,10.);
#3474=VECTOR('',#12749,10.);
#3475=VECTOR('',#12750,10.);
#3476=VECTOR('',#12751,10.);
#3477=VECTOR('',#12752,10.);
#3478=VECTOR('',#12753,10.);
#3479=VECTOR('',#12756,10.);
#3480=VECTOR('',#12757,10.);
#3481=VECTOR('',#12758,10.);
#3482=VECTOR('',#12759,10.);
#3483=VECTOR('',#12760,10.);
#3484=VECTOR('',#12763,10.);
#3485=VECTOR('',#12764,10.);
#3486=VECTOR('',#12767,10.);
#3487=VECTOR('',#12770,10.);
#3488=VECTOR('',#12773,10.);
#3489=VECTOR('',#12774,10.);
#3490=VECTOR('',#12775,10.);
#3491=VECTOR('',#12776,10.);
#3492=VECTOR('',#12779,10.);
#3493=VECTOR('',#12780,10.);
#3494=VECTOR('',#12781,10.);
#3495=VECTOR('',#12782,10.);
#3496=VECTOR('',#12783,10.);
#3497=VECTOR('',#12784,10.);
#3498=VECTOR('',#12787,10.);
#3499=VECTOR('',#12788,10.);
#3500=VECTOR('',#12791,10.);
#3501=VECTOR('',#12792,10.);
#3502=VECTOR('',#12793,10.);
#3503=VECTOR('',#12796,10.);
#3504=VECTOR('',#12797,10.);
#3505=VECTOR('',#12798,10.);
#3506=VECTOR('',#12799,10.);
#3507=VECTOR('',#12800,10.);
#3508=VECTOR('',#12801,10.);
#3509=VECTOR('',#12802,10.);
#3510=VECTOR('',#12805,10.);
#3511=VECTOR('',#12806,10.);
#3512=VECTOR('',#12811,10.);
#3513=VECTOR('',#12814,10.);
#3514=VECTOR('',#12817,10.);
#3515=VECTOR('',#12820,10.);
#3516=VECTOR('',#12821,10.);
#3517=VECTOR('',#12822,10.);
#3518=VECTOR('',#12823,10.);
#3519=VECTOR('',#12824,10.);
#3520=VECTOR('',#12825,10.);
#3521=VECTOR('',#12826,10.);
#3522=VECTOR('',#12827,10.);
#3523=VECTOR('',#12830,10.);
#3524=VECTOR('',#12831,10.);
#3525=VECTOR('',#12834,10.);
#3526=VECTOR('',#12837,10.);
#3527=VECTOR('',#12838,10.);
#3528=VECTOR('',#12841,10.);
#3529=VECTOR('',#12844,10.);
#3530=VECTOR('',#12845,10.);
#3531=VECTOR('',#12848,10.);
#3532=VECTOR('',#12851,10.);
#3533=VECTOR('',#12852,10.);
#3534=VECTOR('',#12855,10.);
#3535=VECTOR('',#12858,10.);
#3536=VECTOR('',#12859,10.);
#3537=VECTOR('',#12860,10.);
#3538=VECTOR('',#12861,10.);
#3539=VECTOR('',#12862,10.);
#3540=VECTOR('',#12863,10.);
#3541=VECTOR('',#12866,10.);
#3542=VECTOR('',#12867,10.);
#3543=VECTOR('',#12868,10.);
#3544=VECTOR('',#12871,10.);
#3545=VECTOR('',#12872,10.);
#3546=VECTOR('',#12875,10.);
#3547=VECTOR('',#12876,10.);
#3548=VECTOR('',#12877,10.);
#3549=VECTOR('',#12880,10.);
#3550=VECTOR('',#12881,10.);
#3551=VECTOR('',#12884,10.);
#3552=VECTOR('',#12885,10.);
#3553=VECTOR('',#12888,10.);
#3554=VECTOR('',#12889,10.);
#3555=VECTOR('',#12890,10.);
#3556=VECTOR('',#12891,10.);
#3557=VECTOR('',#12894,10.);
#3558=VECTOR('',#12895,10.);
#3559=VECTOR('',#12898,10.);
#3560=VECTOR('',#12899,10.);
#3561=VECTOR('',#12900,10.);
#3562=VECTOR('',#12901,10.);
#3563=VECTOR('',#12902,10.);
#3564=VECTOR('',#12903,10.);
#3565=VECTOR('',#12904,10.);
#3566=VECTOR('',#12905,10.);
#3567=VECTOR('',#12906,10.);
#3568=VECTOR('',#12907,10.);
#3569=VECTOR('',#12908,10.);
#3570=VECTOR('',#12909,10.);
#3571=VECTOR('',#12910,10.);
#3572=VECTOR('',#12911,10.);
#3573=VECTOR('',#12914,10.);
#3574=VECTOR('',#12915,10.);
#3575=VECTOR('',#12916,10.);
#3576=VECTOR('',#12919,10.);
#3577=VECTOR('',#12920,10.);
#3578=VECTOR('',#12923,10.);
#3579=VECTOR('',#12926,10.);
#3580=VECTOR('',#12929,10.);
#3581=VECTOR('',#12932,10.);
#3582=VECTOR('',#12935,10.);
#3583=VECTOR('',#12936,10.);
#3584=VECTOR('',#12939,10.);
#3585=VECTOR('',#12940,10.);
#3586=VECTOR('',#12943,10.);
#3587=VECTOR('',#12944,10.);
#3588=VECTOR('',#12945,10.);
#3589=VECTOR('',#12948,10.);
#3590=VECTOR('',#12949,10.);
#3591=VECTOR('',#12952,10.);
#3592=VECTOR('',#12953,10.);
#3593=VECTOR('',#12962,10.);
#3594=VECTOR('',#12963,10.);
#3595=VECTOR('',#12964,10.);
#3596=VECTOR('',#12967,10.);
#3597=VECTOR('',#12968,10.);
#3598=VECTOR('',#12969,10.);
#3599=VECTOR('',#12972,10.);
#3600=VECTOR('',#12973,10.);
#3601=VECTOR('',#12974,10.);
#3602=VECTOR('',#12975,10.);
#3603=VECTOR('',#12976,10.);
#3604=VECTOR('',#12977,10.);
#3605=VECTOR('',#12980,10.);
#3606=VECTOR('',#12981,10.);
#3607=VECTOR('',#12982,10.);
#3608=VECTOR('',#12983,10.);
#3609=VECTOR('',#12986,10.);
#3610=VECTOR('',#12987,10.);
#3611=VECTOR('',#12992,10.);
#3612=VECTOR('',#12993,10.);
#3613=VECTOR('',#12994,10.);
#3614=VECTOR('',#12995,10.);
#3615=VECTOR('',#12998,10.);
#3616=VECTOR('',#12999,10.);
#3617=VECTOR('',#13000,10.);
#3618=VECTOR('',#13001,10.);
#3619=VECTOR('',#13004,10.);
#3620=VECTOR('',#13007,10.);
#3621=VECTOR('',#13008,10.);
#3622=VECTOR('',#13009,10.);
#3623=VECTOR('',#13012,10.);
#3624=VECTOR('',#13013,10.);
#3625=VECTOR('',#13014,10.);
#3626=VECTOR('',#13015,10.);
#3627=VECTOR('',#13016,10.);
#3628=VECTOR('',#13017,10.);
#3629=VECTOR('',#13018,10.);
#3630=VECTOR('',#13019,10.);
#3631=VECTOR('',#13020,10.);
#3632=VECTOR('',#13021,10.);
#3633=VECTOR('',#13022,10.);
#3634=VECTOR('',#13025,10.);
#3635=VECTOR('',#13026,10.);
#3636=VECTOR('',#13027,10.);
#3637=VECTOR('',#13028,10.);
#3638=VECTOR('',#13029,10.);
#3639=VECTOR('',#13030,10.);
#3640=VECTOR('',#13033,10.);
#3641=VECTOR('',#13034,10.);
#3642=VECTOR('',#13037,10.);
#3643=VECTOR('',#13038,10.);
#3644=VECTOR('',#13039,10.);
#3645=VECTOR('',#13042,10.);
#3646=VECTOR('',#13043,10.);
#3647=VECTOR('',#13044,10.);
#3648=VECTOR('',#13045,10.);
#3649=VECTOR('',#13046,10.);
#3650=VECTOR('',#13047,10.);
#3651=VECTOR('',#13048,10.);
#3652=VECTOR('',#13049,10.);
#3653=VECTOR('',#13050,10.);
#3654=VECTOR('',#13051,10.);
#3655=VECTOR('',#13052,10.);
#3656=VECTOR('',#13055,10.);
#3657=VECTOR('',#13058,10.);
#3658=VECTOR('',#13059,10.);
#3659=VECTOR('',#13062,10.);
#3660=VECTOR('',#13063,10.);
#3661=VECTOR('',#13064,10.);
#3662=VECTOR('',#13067,10.);
#3663=VECTOR('',#13068,10.);
#3664=VECTOR('',#13069,10.);
#3665=VECTOR('',#13072,10.);
#3666=VECTOR('',#13073,10.);
#3667=VECTOR('',#13076,10.);
#3668=VECTOR('',#13079,10.);
#3669=VECTOR('',#13080,10.);
#3670=VECTOR('',#13081,10.);
#3671=VECTOR('',#13084,10.);
#3672=VECTOR('',#13087,10.);
#3673=VECTOR('',#13090,10.);
#3674=VECTOR('',#13093,10.);
#3675=VECTOR('',#13094,10.);
#3676=VECTOR('',#13095,10.);
#3677=VECTOR('',#13096,10.);
#3678=VECTOR('',#13099,10.);
#3679=VECTOR('',#13100,10.);
#3680=VECTOR('',#13101,10.);
#3681=VECTOR('',#13102,10.);
#3682=VECTOR('',#13103,10.);
#3683=VECTOR('',#13104,10.);
#3684=VECTOR('',#13105,10.);
#3685=VECTOR('',#13106,10.);
#3686=VECTOR('',#13109,10.);
#3687=VECTOR('',#13110,10.);
#3688=VECTOR('',#13111,10.);
#3689=VECTOR('',#13114,10.);
#3690=VECTOR('',#13115,10.);
#3691=VECTOR('',#13118,10.);
#3692=VECTOR('',#13119,10.);
#3693=VECTOR('',#13122,10.);
#3694=VECTOR('',#13123,10.);
#3695=VECTOR('',#13126,10.);
#3696=VECTOR('',#13127,10.);
#3697=VECTOR('',#13130,10.);
#3698=VECTOR('',#13131,10.);
#3699=VECTOR('',#13134,10.);
#3700=VECTOR('',#13137,10.);
#3701=VECTOR('',#13142,10.);
#3702=VECTOR('',#13145,10.);
#3703=VECTOR('',#13146,10.);
#3704=VECTOR('',#13147,10.);
#3705=VECTOR('',#13148,10.);
#3706=VECTOR('',#13149,10.);
#3707=VECTOR('',#13150,10.);
#3708=VECTOR('',#13151,10.);
#3709=VECTOR('',#13152,10.);
#3710=VECTOR('',#13153,10.);
#3711=VECTOR('',#13156,10.);
#3712=VECTOR('',#13159,10.);
#3713=VECTOR('',#13162,10.);
#3714=VECTOR('',#13165,10.);
#3715=VECTOR('',#13166,10.);
#3716=VECTOR('',#13167,10.);
#3717=VECTOR('',#13168,10.);
#3718=VECTOR('',#13171,10.);
#3719=VECTOR('',#13172,10.);
#3720=VECTOR('',#13173,10.);
#3721=VECTOR('',#13176,10.);
#3722=VECTOR('',#13177,10.);
#3723=VECTOR('',#13178,10.);
#3724=VECTOR('',#13179,10.);
#3725=VECTOR('',#13182,10.);
#3726=VECTOR('',#13183,10.);
#3727=VECTOR('',#13186,10.);
#3728=VECTOR('',#13187,10.);
#3729=VECTOR('',#13188,10.);
#3730=VECTOR('',#13189,10.);
#3731=VECTOR('',#13190,10.);
#3732=VECTOR('',#13195,10.);
#3733=VECTOR('',#13196,10.);
#3734=VECTOR('',#13197,10.);
#3735=VECTOR('',#13198,10.);
#3736=VECTOR('',#13199,10.);
#3737=VECTOR('',#13200,10.);
#3738=VECTOR('',#13201,10.);
#3739=VECTOR('',#13204,10.);
#3740=VECTOR('',#13207,10.);
#3741=VECTOR('',#13208,10.);
#3742=VECTOR('',#13215,10.);
#3743=VECTOR('',#13218,10.);
#3744=VECTOR('',#13219,10.);
#3745=VECTOR('',#13222,10.);
#3746=VECTOR('',#13223,10.);
#3747=VECTOR('',#13224,10.);
#3748=VECTOR('',#13225,10.);
#3749=VECTOR('',#13226,10.);
#3750=VECTOR('',#13227,10.);
#3751=VECTOR('',#13230,10.);
#3752=VECTOR('',#13233,10.);
#3753=VECTOR('',#13236,10.);
#3754=VECTOR('',#13239,10.);
#3755=VECTOR('',#13240,10.);
#3756=VECTOR('',#13241,10.);
#3757=VECTOR('',#13244,10.);
#3758=VECTOR('',#13247,10.);
#3759=VECTOR('',#13252,10.);
#3760=VECTOR('',#13253,10.);
#3761=VECTOR('',#13254,10.);
#3762=VECTOR('',#13255,10.);
#3763=VECTOR('',#13256,10.);
#3764=VECTOR('',#13259,10.);
#3765=VECTOR('',#13260,10.);
#3766=VECTOR('',#13261,10.);
#3767=VECTOR('',#13262,10.);
#3768=VECTOR('',#13263,10.);
#3769=VECTOR('',#13264,10.);
#3770=VECTOR('',#13265,10.);
#3771=VECTOR('',#13268,10.);
#3772=VECTOR('',#13269,10.);
#3773=VECTOR('',#13270,10.);
#3774=VECTOR('',#13271,10.);
#3775=VECTOR('',#13274,10.);
#3776=VECTOR('',#13275,10.);
#3777=VECTOR('',#13276,10.);
#3778=VECTOR('',#13277,10.);
#3779=VECTOR('',#13278,10.);
#3780=VECTOR('',#13281,10.);
#3781=VECTOR('',#13284,10.);
#3782=VECTOR('',#13285,10.);
#3783=VECTOR('',#13286,10.);
#3784=VECTOR('',#13289,10.);
#3785=VECTOR('',#13290,10.);
#3786=VECTOR('',#13291,10.);
#3787=VECTOR('',#13296,10.);
#3788=VECTOR('',#13297,10.);
#3789=VECTOR('',#13298,10.);
#3790=VECTOR('',#13299,10.);
#3791=VECTOR('',#13302,10.);
#3792=VECTOR('',#13303,10.);
#3793=VECTOR('',#13306,10.);
#3794=VECTOR('',#13307,10.);
#3795=VECTOR('',#13310,10.);
#3796=VECTOR('',#13313,10.);
#3797=VECTOR('',#13320,10.);
#3798=VECTOR('',#13321,10.);
#3799=VECTOR('',#13322,10.);
#3800=VECTOR('',#13325,10.);
#3801=VECTOR('',#13328,10.);
#3802=VECTOR('',#13329,10.);
#3803=VECTOR('',#13332,10.);
#3804=VECTOR('',#13333,10.);
#3805=VECTOR('',#13334,10.);
#3806=VECTOR('',#13337,10.);
#3807=VECTOR('',#13338,10.);
#3808=VECTOR('',#13341,10.);
#3809=VECTOR('',#13342,10.);
#3810=VECTOR('',#13343,10.);
#3811=VECTOR('',#13346,10.);
#3812=VECTOR('',#13349,10.);
#3813=VECTOR('',#13354,10.);
#3814=VECTOR('',#13355,10.);
#3815=VECTOR('',#13356,10.);
#3816=VECTOR('',#13357,10.);
#3817=VECTOR('',#13358,10.);
#3818=VECTOR('',#13359,10.);
#3819=VECTOR('',#13360,10.);
#3820=VECTOR('',#13361,10.);
#3821=VECTOR('',#13362,10.);
#3822=VECTOR('',#13363,10.);
#3823=VECTOR('',#13364,10.);
#3824=VECTOR('',#13365,10.);
#3825=VECTOR('',#13366,10.);
#3826=VECTOR('',#13369,10.);
#3827=VECTOR('',#13370,10.);
#3828=VECTOR('',#13371,10.);
#3829=VECTOR('',#13374,10.);
#3830=VECTOR('',#13375,10.);
#3831=VECTOR('',#13380,10.);
#3832=VECTOR('',#13381,10.);
#3833=VECTOR('',#13382,10.);
#3834=VECTOR('',#13385,10.);
#3835=VECTOR('',#13386,10.);
#3836=VECTOR('',#13389,10.);
#3837=VECTOR('',#13392,10.);
#3838=VECTOR('',#13395,10.);
#3839=VECTOR('',#13396,10.);
#3840=VECTOR('',#13399,10.);
#3841=VECTOR('',#13402,10.);
#3842=VECTOR('',#13403,10.);
#3843=VECTOR('',#13406,10.);
#3844=VECTOR('',#13407,10.);
#3845=VECTOR('',#13408,10.);
#3846=VECTOR('',#13413,10.);
#3847=VECTOR('',#13414,10.);
#3848=VECTOR('',#13417,10.);
#3849=VECTOR('',#13418,10.);
#3850=VECTOR('',#13419,10.);
#3851=VECTOR('',#13422,10.);
#3852=VECTOR('',#13423,10.);
#3853=VECTOR('',#13426,10.);
#3854=VECTOR('',#13427,10.);
#3855=VECTOR('',#13432,10.);
#3856=VECTOR('',#13433,10.);
#3857=VECTOR('',#13434,10.);
#3858=VECTOR('',#13435,10.);
#3859=VECTOR('',#13438,10.);
#3860=VECTOR('',#13439,10.);
#3861=VECTOR('',#13442,10.);
#3862=VECTOR('',#13443,10.);
#3863=VECTOR('',#13448,10.);
#3864=VECTOR('',#13449,10.);
#3865=VECTOR('',#13452,10.);
#3866=VECTOR('',#13453,10.);
#3867=VECTOR('',#13456,10.);
#3868=VECTOR('',#13459,10.);
#3869=VECTOR('',#13470,2.45);
#3870=VECTOR('',#13473,10.);
#3871=VECTOR('',#13474,10.);
#3872=VECTOR('',#13477,10.);
#3873=VECTOR('',#13478,10.);
#3874=VECTOR('',#13479,10.);
#3875=VECTOR('',#13482,10.);
#3876=VECTOR('',#13485,10.);
#3877=VECTOR('',#13488,10.);
#3878=VECTOR('',#13489,10.);
#3879=VECTOR('',#13490,10.);
#3880=VECTOR('',#13491,10.);
#3881=VECTOR('',#13492,10.);
#3882=VECTOR('',#13495,10.);
#3883=VECTOR('',#13496,10.);
#3884=VECTOR('',#13499,10.);
#3885=VECTOR('',#13500,10.);
#3886=VECTOR('',#13503,10.);
#3887=VECTOR('',#13504,10.);
#3888=VECTOR('',#13507,10.);
#3889=VECTOR('',#13508,10.);
#3890=VECTOR('',#13511,10.);
#3891=VECTOR('',#13514,10.);
#3892=VECTOR('',#13515,10.);
#3893=VECTOR('',#13516,10.);
#3894=VECTOR('',#13517,10.);
#3895=VECTOR('',#13520,10.);
#3896=VECTOR('',#13521,10.);
#3897=VECTOR('',#13522,10.);
#3898=VECTOR('',#13525,10.);
#3899=VECTOR('',#13526,10.);
#3900=VECTOR('',#13527,10.);
#3901=VECTOR('',#13530,10.);
#3902=VECTOR('',#13531,10.);
#3903=VECTOR('',#13532,10.);
#3904=VECTOR('',#13533,10.);
#3905=VECTOR('',#13536,10.);
#3906=VECTOR('',#13537,10.);
#3907=VECTOR('',#13540,10.);
#3908=VECTOR('',#13541,10.);
#3909=VECTOR('',#13542,10.);
#3910=VECTOR('',#13543,10.);
#3911=VECTOR('',#13546,10.);
#3912=VECTOR('',#13547,10.);
#3913=VECTOR('',#13548,10.);
#3914=VECTOR('',#13551,10.);
#3915=VECTOR('',#13552,10.);
#3916=VECTOR('',#13553,10.);
#3917=VECTOR('',#13556,10.);
#3918=VECTOR('',#13557,10.);
#3919=VECTOR('',#13560,10.);
#3920=VECTOR('',#13561,10.);
#3921=VECTOR('',#13562,10.);
#3922=VECTOR('',#13563,10.);
#3923=VECTOR('',#13566,10.);
#3924=VECTOR('',#13567,10.);
#3925=VECTOR('',#13568,10.);
#3926=VECTOR('',#13571,10.);
#3927=VECTOR('',#13572,10.);
#3928=VECTOR('',#13573,10.);
#3929=VECTOR('',#13576,10.);
#3930=VECTOR('',#13577,10.);
#3931=VECTOR('',#13580,10.);
#3932=VECTOR('',#13581,10.);
#3933=VECTOR('',#13582,10.);
#3934=VECTOR('',#13583,10.);
#3935=VECTOR('',#13586,10.);
#3936=VECTOR('',#13587,10.);
#3937=VECTOR('',#13588,10.);
#3938=VECTOR('',#13591,10.);
#3939=VECTOR('',#13592,10.);
#3940=VECTOR('',#13593,10.);
#3941=VECTOR('',#13596,10.);
#3942=VECTOR('',#13597,10.);
#3943=VECTOR('',#13600,10.);
#3944=VECTOR('',#13601,10.);
#3945=VECTOR('',#13602,10.);
#3946=VECTOR('',#13603,10.);
#3947=VECTOR('',#13604,10.);
#3948=VECTOR('',#13605,10.);
#3949=VECTOR('',#13606,10.);
#3950=VECTOR('',#13607,10.);
#3951=VECTOR('',#13608,10.);
#3952=VECTOR('',#13609,10.);
#3953=VECTOR('',#13612,10.);
#3954=VECTOR('',#13615,10.);
#3955=VECTOR('',#13620,10.);
#3956=VECTOR('',#13621,10.);
#3957=VECTOR('',#13622,10.);
#3958=VECTOR('',#13625,10.);
#3959=VECTOR('',#13626,10.);
#3960=VECTOR('',#13627,10.);
#3961=VECTOR('',#13630,10.);
#3962=VECTOR('',#13633,10.);
#3963=VECTOR('',#13638,10.);
#3964=VECTOR('',#13639,10.);
#3965=VECTOR('',#13642,10.);
#3966=VECTOR('',#13643,10.);
#3967=VECTOR('',#13644,10.);
#3968=VECTOR('',#13645,10.);
#3969=VECTOR('',#13648,10.);
#3970=VECTOR('',#13649,10.);
#3971=VECTOR('',#13650,10.);
#3972=VECTOR('',#13651,10.);
#3973=VECTOR('',#13652,10.);
#3974=VECTOR('',#13655,10.);
#3975=VECTOR('',#13660,10.);
#3976=VECTOR('',#13665,10.);
#3977=VECTOR('',#13668,10.);
#3978=VECTOR('',#13677,10.);
#3979=VECTOR('',#13678,10.);
#3980=VECTOR('',#13679,10.);
#3981=VECTOR('',#13680,10.);
#3982=VECTOR('',#13683,10.);
#3983=VECTOR('',#13684,10.);
#3984=VECTOR('',#13685,10.);
#3985=VECTOR('',#13686,10.);
#3986=VECTOR('',#13689,10.);
#3987=VECTOR('',#13690,10.);
#3988=VECTOR('',#13691,10.);
#3989=VECTOR('',#13694,10.);
#3990=VECTOR('',#13695,10.);
#3991=VECTOR('',#13696,10.);
#3992=VECTOR('',#13697,10.);
#3993=VECTOR('',#13700,10.);
#3994=VECTOR('',#13701,10.);
#3995=VECTOR('',#13702,10.);
#3996=VECTOR('',#13705,10.);
#3997=VECTOR('',#13706,10.);
#3998=VECTOR('',#13707,10.);
#3999=VECTOR('',#13710,10.);
#4000=VECTOR('',#13711,10.);
#4001=VECTOR('',#13712,10.);
#4002=VECTOR('',#13715,10.);
#4003=VECTOR('',#13716,10.);
#4004=VECTOR('',#13717,10.);
#4005=VECTOR('',#13718,10.);
#4006=VECTOR('',#13721,10.);
#4007=VECTOR('',#13724,10.);
#4008=VECTOR('',#13725,10.);
#4009=VECTOR('',#13726,10.);
#4010=VECTOR('',#13727,10.);
#4011=VECTOR('',#13730,10.);
#4012=VECTOR('',#13731,10.);
#4013=VECTOR('',#13732,10.);
#4014=VECTOR('',#13733,10.);
#4015=VECTOR('',#13734,10.);
#4016=VECTOR('',#13735,10.);
#4017=VECTOR('',#13736,10.);
#4018=VECTOR('',#13739,10.);
#4019=VECTOR('',#13740,10.);
#4020=VECTOR('',#13741,10.);
#4021=VECTOR('',#13742,10.);
#4022=VECTOR('',#13743,10.);
#4023=VECTOR('',#13744,10.);
#4024=VECTOR('',#13745,10.);
#4025=VECTOR('',#13746,10.);
#4026=VECTOR('',#13749,10.);
#4027=VECTOR('',#13750,10.);
#4028=VECTOR('',#13751,10.);
#4029=VECTOR('',#13752,10.);
#4030=VECTOR('',#13753,10.);
#4031=VECTOR('',#13754,10.);
#4032=VECTOR('',#13755,10.);
#4033=VECTOR('',#13756,10.);
#4034=VECTOR('',#13757,10.);
#4035=VECTOR('',#13758,10.);
#4036=VECTOR('',#13759,10.);
#4037=VECTOR('',#13762,10.);
#4038=VECTOR('',#13763,10.);
#4039=VECTOR('',#13764,10.);
#4040=VECTOR('',#13767,10.);
#4041=VECTOR('',#13768,10.);
#4042=VECTOR('',#13771,10.);
#4043=VECTOR('',#13772,10.);
#4044=VECTOR('',#13775,10.);
#4045=VECTOR('',#13776,10.);
#4046=VECTOR('',#13779,10.);
#4047=VECTOR('',#13780,10.);
#4048=VECTOR('',#13783,10.);
#4049=VECTOR('',#13784,10.);
#4050=VECTOR('',#13787,10.);
#4051=VECTOR('',#13790,10.);
#4052=VECTOR('',#13791,10.);
#4053=VECTOR('',#13794,10.);
#4054=VECTOR('',#13795,10.);
#4055=VECTOR('',#13798,10.);
#4056=VECTOR('',#13799,10.);
#4057=VECTOR('',#13802,10.);
#4058=VECTOR('',#13803,10.);
#4059=VECTOR('',#13806,10.);
#4060=VECTOR('',#13807,10.);
#4061=VECTOR('',#13810,10.);
#4062=VECTOR('',#13811,10.);
#4063=VECTOR('',#13814,10.);
#4064=VECTOR('',#13815,10.);
#4065=VECTOR('',#13818,10.);
#4066=VECTOR('',#13819,10.);
#4067=VECTOR('',#13822,10.);
#4068=VECTOR('',#13823,10.);
#4069=VECTOR('',#13826,10.);
#4070=VECTOR('',#13827,10.);
#4071=VECTOR('',#13830,10.);
#4072=VECTOR('',#13831,10.);
#4073=VECTOR('',#13834,10.);
#4074=VECTOR('',#13835,10.);
#4075=VECTOR('',#13838,10.);
#4076=VECTOR('',#13839,10.);
#4077=VECTOR('',#13842,10.);
#4078=VECTOR('',#13843,10.);
#4079=VECTOR('',#13846,10.);
#4080=VECTOR('',#13847,10.);
#4081=VECTOR('',#13850,10.);
#4082=VECTOR('',#13851,10.);
#4083=VECTOR('',#13854,10.);
#4084=VERTEX_POINT('',#13864);
#4085=VERTEX_POINT('',#13865);
#4086=VERTEX_POINT('',#13867);
#4087=VERTEX_POINT('',#13869);
#4088=VERTEX_POINT('',#13873);
#4089=VERTEX_POINT('',#13875);
#4090=VERTEX_POINT('',#13877);
#4091=VERTEX_POINT('',#13879);
#4092=VERTEX_POINT('',#13883);
#4093=VERTEX_POINT('',#13885);
#4094=VERTEX_POINT('',#13887);
#4095=VERTEX_POINT('',#13891);
#4096=VERTEX_POINT('',#13893);
#4097=VERTEX_POINT('',#13895);
#4098=VERTEX_POINT('',#13899);
#4099=VERTEX_POINT('',#13901);
#4100=VERTEX_POINT('',#13903);
#4101=VERTEX_POINT('',#13905);
#4102=VERTEX_POINT('',#13907);
#4103=VERTEX_POINT('',#13909);
#4104=VERTEX_POINT('',#13911);
#4105=VERTEX_POINT('',#13913);
#4106=VERTEX_POINT('',#13917);
#4107=VERTEX_POINT('',#13918);
#4108=VERTEX_POINT('',#13920);
#4109=VERTEX_POINT('',#13922);
#4110=VERTEX_POINT('',#13926);
#4111=VERTEX_POINT('',#13927);
#4112=VERTEX_POINT('',#13929);
#4113=VERTEX_POINT('',#13934);
#4114=VERTEX_POINT('',#13938);
#4115=VERTEX_POINT('',#13939);
#4116=VERTEX_POINT('',#13944);
#4117=VERTEX_POINT('',#13946);
#4118=VERTEX_POINT('',#13948);
#4119=VERTEX_POINT('',#13950);
#4120=VERTEX_POINT('',#13952);
#4121=VERTEX_POINT('',#13954);
#4122=VERTEX_POINT('',#13956);
#4123=VERTEX_POINT('',#13958);
#4124=VERTEX_POINT('',#13960);
#4125=VERTEX_POINT('',#13962);
#4126=VERTEX_POINT('',#13964);
#4127=VERTEX_POINT('',#13966);
#4128=VERTEX_POINT('',#13968);
#4129=VERTEX_POINT('',#13970);
#4130=VERTEX_POINT('',#13976);
#4131=VERTEX_POINT('',#13978);
#4132=VERTEX_POINT('',#13982);
#4133=VERTEX_POINT('',#13984);
#4134=VERTEX_POINT('',#14007);
#4135=VERTEX_POINT('',#14008);
#4136=VERTEX_POINT('',#14019);
#4137=VERTEX_POINT('',#14023);
#4138=VERTEX_POINT('',#14029);
#4139=VERTEX_POINT('',#14031);
#4140=VERTEX_POINT('',#14033);
#4141=VERTEX_POINT('',#14035);
#4142=VERTEX_POINT('',#14037);
#4143=VERTEX_POINT('',#14039);
#4144=VERTEX_POINT('',#14041);
#4145=VERTEX_POINT('',#14043);
#4146=VERTEX_POINT('',#14045);
#4147=VERTEX_POINT('',#14047);
#4148=VERTEX_POINT('',#14049);
#4149=VERTEX_POINT('',#14051);
#4150=VERTEX_POINT('',#14053);
#4151=VERTEX_POINT('',#14055);
#4152=VERTEX_POINT('',#14057);
#4153=VERTEX_POINT('',#14065);
#4154=VERTEX_POINT('',#14066);
#4155=VERTEX_POINT('',#14068);
#4156=VERTEX_POINT('',#14070);
#4157=VERTEX_POINT('',#14072);
#4158=VERTEX_POINT('',#14076);
#4159=VERTEX_POINT('',#14078);
#4160=VERTEX_POINT('',#14084);
#4161=VERTEX_POINT('',#14088);
#4162=VERTEX_POINT('',#14092);
#4163=VERTEX_POINT('',#14094);
#4164=VERTEX_POINT('',#14096);
#4165=VERTEX_POINT('',#14098);
#4166=VERTEX_POINT('',#14100);
#4167=VERTEX_POINT('',#14102);
#4168=VERTEX_POINT('',#14104);
#4169=VERTEX_POINT('',#14106);
#4170=VERTEX_POINT('',#14108);
#4171=VERTEX_POINT('',#14110);
#4172=VERTEX_POINT('',#14112);
#4173=VERTEX_POINT('',#14114);
#4174=VERTEX_POINT('',#14116);
#4175=VERTEX_POINT('',#14118);
#4176=VERTEX_POINT('',#14121);
#4177=VERTEX_POINT('',#14123);
#4178=VERTEX_POINT('',#14127);
#4179=VERTEX_POINT('',#14128);
#4180=VERTEX_POINT('',#14130);
#4181=VERTEX_POINT('',#14132);
#4182=VERTEX_POINT('',#14134);
#4183=VERTEX_POINT('',#14136);
#4184=VERTEX_POINT('',#14138);
#4185=VERTEX_POINT('',#14140);
#4186=VERTEX_POINT('',#14142);
#4187=VERTEX_POINT('',#14144);
#4188=VERTEX_POINT('',#14151);
#4189=VERTEX_POINT('',#14152);
#4190=VERTEX_POINT('',#14154);
#4191=VERTEX_POINT('',#14156);
#4192=VERTEX_POINT('',#14158);
#4193=VERTEX_POINT('',#14162);
#4194=VERTEX_POINT('',#14163);
#4195=VERTEX_POINT('',#14165);
#4196=VERTEX_POINT('',#14167);
#4197=VERTEX_POINT('',#14171);
#4198=VERTEX_POINT('',#14172);
#4199=VERTEX_POINT('',#14174);
#4200=VERTEX_POINT('',#14176);
#4201=VERTEX_POINT('',#14178);
#4202=VERTEX_POINT('',#14180);
#4203=VERTEX_POINT('',#14184);
#4204=VERTEX_POINT('',#14186);
#4205=VERTEX_POINT('',#14190);
#4206=VERTEX_POINT('',#14191);
#4207=VERTEX_POINT('',#14193);
#4208=VERTEX_POINT('',#14195);
#4209=VERTEX_POINT('',#14199);
#4210=VERTEX_POINT('',#14200);
#4211=VERTEX_POINT('',#14202);
#4212=VERTEX_POINT('',#14204);
#4213=VERTEX_POINT('',#14208);
#4214=VERTEX_POINT('',#14210);
#4215=VERTEX_POINT('',#14214);
#4216=VERTEX_POINT('',#14216);
#4217=VERTEX_POINT('',#14218);
#4218=VERTEX_POINT('',#14220);
#4219=VERTEX_POINT('',#14222);
#4220=VERTEX_POINT('',#14227);
#4221=VERTEX_POINT('',#14229);
#4222=VERTEX_POINT('',#14231);
#4223=VERTEX_POINT('',#14236);
#4224=VERTEX_POINT('',#14240);
#4225=VERTEX_POINT('',#14242);
#4226=VERTEX_POINT('',#14244);
#4227=VERTEX_POINT('',#14246);
#4228=VERTEX_POINT('',#14248);
#4229=VERTEX_POINT('',#14250);
#4230=VERTEX_POINT('',#14252);
#4231=VERTEX_POINT('',#14254);
#4232=VERTEX_POINT('',#14258);
#4233=VERTEX_POINT('',#14262);
#4234=VERTEX_POINT('',#14264);
#4235=VERTEX_POINT('',#14268);
#4236=VERTEX_POINT('',#14273);
#4237=VERTEX_POINT('',#14275);
#4238=VERTEX_POINT('',#14277);
#4239=VERTEX_POINT('',#14280);
#4240=VERTEX_POINT('',#14282);
#4241=VERTEX_POINT('',#14284);
#4242=VERTEX_POINT('',#14286);
#4243=VERTEX_POINT('',#14293);
#4244=VERTEX_POINT('',#14295);
#4245=VERTEX_POINT('',#14297);
#4246=VERTEX_POINT('',#14301);
#4247=VERTEX_POINT('',#14310);
#4248=VERTEX_POINT('',#14312);
#4249=VERTEX_POINT('',#14316);
#4250=VERTEX_POINT('',#14318);
#4251=VERTEX_POINT('',#14320);
#4252=VERTEX_POINT('',#14322);
#4253=VERTEX_POINT('',#14324);
#4254=VERTEX_POINT('',#14331);
#4255=VERTEX_POINT('',#14336);
#4256=VERTEX_POINT('',#14338);
#4257=VERTEX_POINT('',#14348);
#4258=VERTEX_POINT('',#14349);
#4259=VERTEX_POINT('',#14351);
#4260=VERTEX_POINT('',#14353);
#4261=VERTEX_POINT('',#14357);
#4262=VERTEX_POINT('',#14359);
#4263=VERTEX_POINT('',#14363);
#4264=VERTEX_POINT('',#14365);
#4265=VERTEX_POINT('',#14373);
#4266=VERTEX_POINT('',#14380);
#4267=VERTEX_POINT('',#14382);
#4268=VERTEX_POINT('',#14390);
#4269=VERTEX_POINT('',#14392);
#4270=VERTEX_POINT('',#14394);
#4271=VERTEX_POINT('',#14396);
#4272=VERTEX_POINT('',#14398);
#4273=VERTEX_POINT('',#14400);
#4274=VERTEX_POINT('',#14402);
#4275=VERTEX_POINT('',#14404);
#4276=VERTEX_POINT('',#14406);
#4277=VERTEX_POINT('',#14408);
#4278=VERTEX_POINT('',#14410);
#4279=VERTEX_POINT('',#14412);
#4280=VERTEX_POINT('',#14416);
#4281=VERTEX_POINT('',#14418);
#4282=VERTEX_POINT('',#14420);
#4283=VERTEX_POINT('',#14424);
#4284=VERTEX_POINT('',#14425);
#4285=VERTEX_POINT('',#14430);
#4286=VERTEX_POINT('',#14434);
#4287=VERTEX_POINT('',#14436);
#4288=VERTEX_POINT('',#14440);
#4289=VERTEX_POINT('',#14441);
#4290=VERTEX_POINT('',#14446);
#4291=VERTEX_POINT('',#14447);
#4292=VERTEX_POINT('',#14454);
#4293=VERTEX_POINT('',#14458);
#4294=VERTEX_POINT('',#14460);
#4295=VERTEX_POINT('',#14464);
#4296=VERTEX_POINT('',#14468);
#4297=VERTEX_POINT('',#14474);
#4298=VERTEX_POINT('',#14478);
#4299=VERTEX_POINT('',#14482);
#4300=VERTEX_POINT('',#14484);
#4301=VERTEX_POINT('',#14488);
#4302=VERTEX_POINT('',#14490);
#4303=VERTEX_POINT('',#14492);
#4304=VERTEX_POINT('',#14494);
#4305=VERTEX_POINT('',#14496);
#4306=VERTEX_POINT('',#14501);
#4307=VERTEX_POINT('',#14502);
#4308=VERTEX_POINT('',#14504);
#4309=VERTEX_POINT('',#14506);
#4310=VERTEX_POINT('',#14510);
#4311=VERTEX_POINT('',#14512);
#4312=VERTEX_POINT('',#14516);
#4313=VERTEX_POINT('',#14517);
#4314=VERTEX_POINT('',#14519);
#4315=VERTEX_POINT('',#14521);
#4316=VERTEX_POINT('',#14523);
#4317=VERTEX_POINT('',#14525);
#4318=VERTEX_POINT('',#14527);
#4319=VERTEX_POINT('',#14529);
#4320=VERTEX_POINT('',#14531);
#4321=VERTEX_POINT('',#14533);
#4322=VERTEX_POINT('',#14535);
#4323=VERTEX_POINT('',#14537);
#4324=VERTEX_POINT('',#14541);
#4325=VERTEX_POINT('',#14542);
#4326=VERTEX_POINT('',#14544);
#4327=VERTEX_POINT('',#14546);
#4328=VERTEX_POINT('',#14550);
#4329=VERTEX_POINT('',#14552);
#4330=VERTEX_POINT('',#14554);
#4331=VERTEX_POINT('',#14556);
#4332=VERTEX_POINT('',#14558);
#4333=VERTEX_POINT('',#14560);
#4334=VERTEX_POINT('',#14564);
#4335=VERTEX_POINT('',#14566);
#4336=VERTEX_POINT('',#14568);
#4337=VERTEX_POINT('',#14570);
#4338=VERTEX_POINT('',#14572);
#4339=VERTEX_POINT('',#14574);
#4340=VERTEX_POINT('',#14578);
#4341=VERTEX_POINT('',#14580);
#4342=VERTEX_POINT('',#14583);
#4343=VERTEX_POINT('',#14584);
#4344=VERTEX_POINT('',#14586);
#4345=VERTEX_POINT('',#14588);
#4346=VERTEX_POINT('',#14592);
#4347=VERTEX_POINT('',#14594);
#4348=VERTEX_POINT('',#14610);
#4349=VERTEX_POINT('',#14614);
#4350=VERTEX_POINT('',#14616);
#4351=VERTEX_POINT('',#14618);
#4352=VERTEX_POINT('',#14620);
#4353=VERTEX_POINT('',#14623);
#4354=VERTEX_POINT('',#14625);
#4355=VERTEX_POINT('',#14627);
#4356=VERTEX_POINT('',#14629);
#4357=VERTEX_POINT('',#14631);
#4358=VERTEX_POINT('',#14633);
#4359=VERTEX_POINT('',#14637);
#4360=VERTEX_POINT('',#14639);
#4361=VERTEX_POINT('',#14647);
#4362=VERTEX_POINT('',#14648);
#4363=VERTEX_POINT('',#14651);
#4364=VERTEX_POINT('',#14653);
#4365=VERTEX_POINT('',#14655);
#4366=VERTEX_POINT('',#14657);
#4367=VERTEX_POINT('',#14659);
#4368=VERTEX_POINT('',#14661);
#4369=VERTEX_POINT('',#14665);
#4370=VERTEX_POINT('',#14666);
#4371=VERTEX_POINT('',#14669);
#4372=VERTEX_POINT('',#14671);
#4373=VERTEX_POINT('',#14673);
#4374=VERTEX_POINT('',#14677);
#4375=VERTEX_POINT('',#14681);
#4376=VERTEX_POINT('',#14683);
#4377=VERTEX_POINT('',#14685);
#4378=VERTEX_POINT('',#14687);
#4379=VERTEX_POINT('',#14689);
#4380=VERTEX_POINT('',#14693);
#4381=VERTEX_POINT('',#14695);
#4382=VERTEX_POINT('',#14697);
#4383=VERTEX_POINT('',#14702);
#4384=VERTEX_POINT('',#14706);
#4385=VERTEX_POINT('',#14712);
#4386=VERTEX_POINT('',#14714);
#4387=VERTEX_POINT('',#14722);
#4388=VERTEX_POINT('',#14723);
#4389=VERTEX_POINT('',#14728);
#4390=VERTEX_POINT('',#14732);
#4391=VERTEX_POINT('',#14738);
#4392=VERTEX_POINT('',#14739);
#4393=VERTEX_POINT('',#14744);
#4394=VERTEX_POINT('',#14748);
#4395=VERTEX_POINT('',#14752);
#4396=VERTEX_POINT('',#14756);
#4397=VERTEX_POINT('',#14758);
#4398=VERTEX_POINT('',#14762);
#4399=VERTEX_POINT('',#14764);
#4400=VERTEX_POINT('',#14766);
#4401=VERTEX_POINT('',#14768);
#4402=VERTEX_POINT('',#14774);
#4403=VERTEX_POINT('',#14789);
#4404=VERTEX_POINT('',#14792);
#4405=VERTEX_POINT('',#14794);
#4406=VERTEX_POINT('',#14796);
#4407=VERTEX_POINT('',#14798);
#4408=VERTEX_POINT('',#14810);
#4409=VERTEX_POINT('',#14812);
#4410=VERTEX_POINT('',#14814);
#4411=VERTEX_POINT('',#14818);
#4412=VERTEX_POINT('',#14820);
#4413=VERTEX_POINT('',#14822);
#4414=VERTEX_POINT('',#14826);
#4415=VERTEX_POINT('',#14827);
#4416=VERTEX_POINT('',#14829);
#4417=VERTEX_POINT('',#14833);
#4418=VERTEX_POINT('',#14835);
#4419=VERTEX_POINT('',#14839);
#4420=VERTEX_POINT('',#14843);
#4421=VERTEX_POINT('',#14846);
#4422=VERTEX_POINT('',#14848);
#4423=VERTEX_POINT('',#14852);
#4424=VERTEX_POINT('',#14853);
#4425=VERTEX_POINT('',#14855);
#4426=VERTEX_POINT('',#14857);
#4427=VERTEX_POINT('',#14866);
#4428=VERTEX_POINT('',#14868);
#4429=VERTEX_POINT('',#14872);
#4430=VERTEX_POINT('',#14873);
#4431=VERTEX_POINT('',#14875);
#4432=VERTEX_POINT('',#14877);
#4433=VERTEX_POINT('',#14879);
#4434=VERTEX_POINT('',#14882);
#4435=VERTEX_POINT('',#14884);
#4436=VERTEX_POINT('',#14888);
#4437=VERTEX_POINT('',#14891);
#4438=VERTEX_POINT('',#14893);
#4439=VERTEX_POINT('',#14895);
#4440=VERTEX_POINT('',#14897);
#4441=VERTEX_POINT('',#14918);
#4442=VERTEX_POINT('',#14920);
#4443=VERTEX_POINT('',#14922);
#4444=VERTEX_POINT('',#14924);
#4445=VERTEX_POINT('',#14926);
#4446=VERTEX_POINT('',#14928);
#4447=VERTEX_POINT('',#14930);
#4448=VERTEX_POINT('',#14932);
#4449=VERTEX_POINT('',#14934);
#4450=VERTEX_POINT('',#14936);
#4451=VERTEX_POINT('',#14938);
#4452=VERTEX_POINT('',#14940);
#4453=VERTEX_POINT('',#14943);
#4454=VERTEX_POINT('',#14944);
#4455=VERTEX_POINT('',#14946);
#4456=VERTEX_POINT('',#14948);
#4457=VERTEX_POINT('',#14953);
#4458=VERTEX_POINT('',#14955);
#4459=VERTEX_POINT('',#14959);
#4460=VERTEX_POINT('',#14961);
#4461=VERTEX_POINT('',#14963);
#4462=VERTEX_POINT('',#14965);
#4463=VERTEX_POINT('',#14967);
#4464=VERTEX_POINT('',#14969);
#4465=VERTEX_POINT('',#14973);
#4466=VERTEX_POINT('',#14974);
#4467=VERTEX_POINT('',#14976);
#4468=VERTEX_POINT('',#14978);
#4469=VERTEX_POINT('',#14984);
#4470=VERTEX_POINT('',#14986);
#4471=VERTEX_POINT('',#14988);
#4472=VERTEX_POINT('',#14993);
#4473=VERTEX_POINT('',#14995);
#4474=VERTEX_POINT('',#15000);
#4475=VERTEX_POINT('',#15002);
#4476=VERTEX_POINT('',#15006);
#4477=VERTEX_POINT('',#15008);
#4478=VERTEX_POINT('',#15010);
#4479=VERTEX_POINT('',#15012);
#4480=VERTEX_POINT('',#15016);
#4481=VERTEX_POINT('',#15024);
#4482=VERTEX_POINT('',#15025);
#4483=VERTEX_POINT('',#15027);
#4484=VERTEX_POINT('',#15035);
#4485=VERTEX_POINT('',#15039);
#4486=VERTEX_POINT('',#15041);
#4487=VERTEX_POINT('',#15043);
#4488=VERTEX_POINT('',#15045);
#4489=VERTEX_POINT('',#15047);
#4490=VERTEX_POINT('',#15049);
#4491=VERTEX_POINT('',#15051);
#4492=VERTEX_POINT('',#15055);
#4493=VERTEX_POINT('',#15056);
#4494=VERTEX_POINT('',#15058);
#4495=VERTEX_POINT('',#15060);
#4496=VERTEX_POINT('',#15067);
#4497=VERTEX_POINT('',#15069);
#4498=VERTEX_POINT('',#15071);
#4499=VERTEX_POINT('',#15073);
#4500=VERTEX_POINT('',#15089);
#4501=VERTEX_POINT('',#15090);
#4502=VERTEX_POINT('',#15092);
#4503=VERTEX_POINT('',#15094);
#4504=VERTEX_POINT('',#15098);
#4505=VERTEX_POINT('',#15100);
#4506=VERTEX_POINT('',#15102);
#4507=VERTEX_POINT('',#15105);
#4508=VERTEX_POINT('',#15109);
#4509=VERTEX_POINT('',#15113);
#4510=VERTEX_POINT('',#15122);
#4511=VERTEX_POINT('',#15126);
#4512=VERTEX_POINT('',#15128);
#4513=VERTEX_POINT('',#15136);
#4514=VERTEX_POINT('',#15138);
#4515=VERTEX_POINT('',#15146);
#4516=VERTEX_POINT('',#15150);
#4517=VERTEX_POINT('',#15154);
#4518=VERTEX_POINT('',#15158);
#4519=VERTEX_POINT('',#15165);
#4520=VERTEX_POINT('',#15167);
#4521=VERTEX_POINT('',#15171);
#4522=VERTEX_POINT('',#15173);
#4523=VERTEX_POINT('',#15175);
#4524=VERTEX_POINT('',#15181);
#4525=VERTEX_POINT('',#15182);
#4526=VERTEX_POINT('',#15184);
#4527=VERTEX_POINT('',#15186);
#4528=VERTEX_POINT('',#15188);
#4529=VERTEX_POINT('',#15190);
#4530=VERTEX_POINT('',#15195);
#4531=VERTEX_POINT('',#15197);
#4532=VERTEX_POINT('',#15204);
#4533=VERTEX_POINT('',#15206);
#4534=VERTEX_POINT('',#15209);
#4535=VERTEX_POINT('',#15213);
#4536=VERTEX_POINT('',#15215);
#4537=VERTEX_POINT('',#15220);
#4538=VERTEX_POINT('',#15222);
#4539=VERTEX_POINT('',#15226);
#4540=VERTEX_POINT('',#15229);
#4541=VERTEX_POINT('',#15231);
#4542=VERTEX_POINT('',#15233);
#4543=VERTEX_POINT('',#15235);
#4544=VERTEX_POINT('',#15237);
#4545=VERTEX_POINT('',#15239);
#4546=VERTEX_POINT('',#15241);
#4547=VERTEX_POINT('',#15243);
#4548=VERTEX_POINT('',#15245);
#4549=VERTEX_POINT('',#15247);
#4550=VERTEX_POINT('',#15249);
#4551=VERTEX_POINT('',#15251);
#4552=VERTEX_POINT('',#15253);
#4553=VERTEX_POINT('',#15255);
#4554=VERTEX_POINT('',#15258);
#4555=VERTEX_POINT('',#15259);
#4556=VERTEX_POINT('',#15261);
#4557=VERTEX_POINT('',#15263);
#4558=VERTEX_POINT('',#15266);
#4559=VERTEX_POINT('',#15267);
#4560=VERTEX_POINT('',#15269);
#4561=VERTEX_POINT('',#15271);
#4562=VERTEX_POINT('',#15274);
#4563=VERTEX_POINT('',#15275);
#4564=VERTEX_POINT('',#15277);
#4565=VERTEX_POINT('',#15279);
#4566=VERTEX_POINT('',#15282);
#4567=VERTEX_POINT('',#15283);
#4568=VERTEX_POINT('',#15285);
#4569=VERTEX_POINT('',#15287);
#4570=VERTEX_POINT('',#15291);
#4571=VERTEX_POINT('',#15295);
#4572=VERTEX_POINT('',#15297);
#4573=VERTEX_POINT('',#15301);
#4574=VERTEX_POINT('',#15302);
#4575=VERTEX_POINT('',#15304);
#4576=VERTEX_POINT('',#15306);
#4577=VERTEX_POINT('',#15310);
#4578=VERTEX_POINT('',#15312);
#4579=VERTEX_POINT('',#15316);
#4580=VERTEX_POINT('',#15318);
#4581=VERTEX_POINT('',#15323);
#4582=VERTEX_POINT('',#15325);
#4583=VERTEX_POINT('',#15329);
#4584=VERTEX_POINT('',#15333);
#4585=VERTEX_POINT('',#15335);
#4586=VERTEX_POINT('',#15337);
#4587=VERTEX_POINT('',#15341);
#4588=VERTEX_POINT('',#15346);
#4589=VERTEX_POINT('',#15348);
#4590=VERTEX_POINT('',#15350);
#4591=VERTEX_POINT('',#15354);
#4592=VERTEX_POINT('',#15356);
#4593=VERTEX_POINT('',#15358);
#4594=VERTEX_POINT('',#15360);
#4595=VERTEX_POINT('',#15362);
#4596=VERTEX_POINT('',#15364);
#4597=VERTEX_POINT('',#15366);
#4598=VERTEX_POINT('',#15368);
#4599=VERTEX_POINT('',#15370);
#4600=VERTEX_POINT('',#15372);
#4601=VERTEX_POINT('',#15374);
#4602=VERTEX_POINT('',#15378);
#4603=VERTEX_POINT('',#15380);
#4604=VERTEX_POINT('',#15384);
#4605=VERTEX_POINT('',#15386);
#4606=VERTEX_POINT('',#15390);
#4607=VERTEX_POINT('',#15394);
#4608=VERTEX_POINT('',#15398);
#4609=VERTEX_POINT('',#15400);
#4610=VERTEX_POINT('',#15406);
#4611=VERTEX_POINT('',#15407);
#4612=VERTEX_POINT('',#15409);
#4613=VERTEX_POINT('',#15416);
#4614=VERTEX_POINT('',#15418);
#4615=VERTEX_POINT('',#15422);
#4616=VERTEX_POINT('',#15423);
#4617=VERTEX_POINT('',#15425);
#4618=VERTEX_POINT('',#15427);
#4619=VERTEX_POINT('',#15431);
#4620=VERTEX_POINT('',#15433);
#4621=VERTEX_POINT('',#15437);
#4622=VERTEX_POINT('',#15438);
#4623=VERTEX_POINT('',#15440);
#4624=VERTEX_POINT('',#15442);
#4625=VERTEX_POINT('',#15444);
#4626=VERTEX_POINT('',#15446);
#4627=VERTEX_POINT('',#15450);
#4628=VERTEX_POINT('',#15452);
#4629=VERTEX_POINT('',#15456);
#4630=VERTEX_POINT('',#15457);
#4631=VERTEX_POINT('',#15462);
#4632=VERTEX_POINT('',#15466);
#4633=VERTEX_POINT('',#15467);
#4634=VERTEX_POINT('',#15472);
#4635=VERTEX_POINT('',#15476);
#4636=VERTEX_POINT('',#15477);
#4637=VERTEX_POINT('',#15482);
#4638=VERTEX_POINT('',#15486);
#4639=VERTEX_POINT('',#15487);
#4640=VERTEX_POINT('',#15492);
#4641=VERTEX_POINT('',#15496);
#4642=VERTEX_POINT('',#15497);
#4643=VERTEX_POINT('',#15502);
#4644=VERTEX_POINT('',#15503);
#4645=VERTEX_POINT('',#15505);
#4646=VERTEX_POINT('',#15507);
#4647=VERTEX_POINT('',#15509);
#4648=VERTEX_POINT('',#15512);
#4649=VERTEX_POINT('',#15514);
#4650=VERTEX_POINT('',#15516);
#4651=VERTEX_POINT('',#15520);
#4652=VERTEX_POINT('',#15521);
#4653=VERTEX_POINT('',#15526);
#4654=VERTEX_POINT('',#15527);
#4655=VERTEX_POINT('',#15530);
#4656=VERTEX_POINT('',#15534);
#4657=VERTEX_POINT('',#15535);
#4658=VERTEX_POINT('',#15537);
#4659=VERTEX_POINT('',#15540);
#4660=VERTEX_POINT('',#15544);
#4661=VERTEX_POINT('',#15548);
#4662=VERTEX_POINT('',#15550);
#4663=VERTEX_POINT('',#15552);
#4664=VERTEX_POINT('',#15554);
#4665=VERTEX_POINT('',#15558);
#4666=VERTEX_POINT('',#15560);
#4667=VERTEX_POINT('',#15563);
#4668=VERTEX_POINT('',#15568);
#4669=VERTEX_POINT('',#15569);
#4670=VERTEX_POINT('',#15571);
#4671=VERTEX_POINT('',#15574);
#4672=VERTEX_POINT('',#15579);
#4673=VERTEX_POINT('',#15580);
#4674=VERTEX_POINT('',#15582);
#4675=VERTEX_POINT('',#15586);
#4676=VERTEX_POINT('',#15590);
#4677=VERTEX_POINT('',#15592);
#4678=VERTEX_POINT('',#15594);
#4679=VERTEX_POINT('',#15598);
#4680=VERTEX_POINT('',#15600);
#4681=VERTEX_POINT('',#15604);
#4682=VERTEX_POINT('',#15606);
#4683=VERTEX_POINT('',#15610);
#4684=VERTEX_POINT('',#15612);
#4685=VERTEX_POINT('',#15616);
#4686=VERTEX_POINT('',#15617);
#4687=VERTEX_POINT('',#15619);
#4688=VERTEX_POINT('',#15621);
#4689=VERTEX_POINT('',#15625);
#4690=VERTEX_POINT('',#15627);
#4691=VERTEX_POINT('',#15631);
#4692=VERTEX_POINT('',#15637);
#4693=VERTEX_POINT('',#15638);
#4694=VERTEX_POINT('',#15640);
#4695=VERTEX_POINT('',#15642);
#4696=VERTEX_POINT('',#15644);
#4697=VERTEX_POINT('',#15646);
#4698=VERTEX_POINT('',#15648);
#4699=VERTEX_POINT('',#15650);
#4700=VERTEX_POINT('',#15652);
#4701=VERTEX_POINT('',#15658);
#4702=VERTEX_POINT('',#15659);
#4703=VERTEX_POINT('',#15661);
#4704=VERTEX_POINT('',#15663);
#4705=VERTEX_POINT('',#15668);
#4706=VERTEX_POINT('',#15670);
#4707=VERTEX_POINT('',#15672);
#4708=VERTEX_POINT('',#15674);
#4709=VERTEX_POINT('',#15678);
#4710=VERTEX_POINT('',#15680);
#4711=VERTEX_POINT('',#15686);
#4712=VERTEX_POINT('',#15687);
#4713=VERTEX_POINT('',#15689);
#4714=VERTEX_POINT('',#15691);
#4715=VERTEX_POINT('',#15693);
#4716=VERTEX_POINT('',#15695);
#4717=VERTEX_POINT('',#15698);
#4718=VERTEX_POINT('',#15702);
#4719=VERTEX_POINT('',#15703);
#4720=VERTEX_POINT('',#15705);
#4721=VERTEX_POINT('',#15707);
#4722=VERTEX_POINT('',#15712);
#4723=VERTEX_POINT('',#15714);
#4724=VERTEX_POINT('',#15716);
#4725=VERTEX_POINT('',#15718);
#4726=VERTEX_POINT('',#15729);
#4727=VERTEX_POINT('',#15730);
#4728=VERTEX_POINT('',#15732);
#4729=VERTEX_POINT('',#15734);
#4730=VERTEX_POINT('',#15738);
#4731=VERTEX_POINT('',#15740);
#4732=VERTEX_POINT('',#15742);
#4733=VERTEX_POINT('',#15744);
#4734=VERTEX_POINT('',#15749);
#4735=VERTEX_POINT('',#15753);
#4736=VERTEX_POINT('',#15755);
#4737=VERTEX_POINT('',#15759);
#4738=VERTEX_POINT('',#15760);
#4739=VERTEX_POINT('',#15762);
#4740=VERTEX_POINT('',#15765);
#4741=VERTEX_POINT('',#15767);
#4742=VERTEX_POINT('',#15769);
#4743=VERTEX_POINT('',#15773);
#4744=VERTEX_POINT('',#15777);
#4745=VERTEX_POINT('',#15785);
#4746=VERTEX_POINT('',#15786);
#4747=VERTEX_POINT('',#15788);
#4748=VERTEX_POINT('',#15790);
#4749=VERTEX_POINT('',#15792);
#4750=VERTEX_POINT('',#15794);
#4751=VERTEX_POINT('',#15796);
#4752=VERTEX_POINT('',#15798);
#4753=VERTEX_POINT('',#15802);
#4754=VERTEX_POINT('',#15808);
#4755=VERTEX_POINT('',#15814);
#4756=VERTEX_POINT('',#15820);
#4757=VERTEX_POINT('',#15826);
#4758=VERTEX_POINT('',#15827);
#4759=VERTEX_POINT('',#15829);
#4760=VERTEX_POINT('',#15831);
#4761=VERTEX_POINT('',#15833);
#4762=VERTEX_POINT('',#15835);
#4763=VERTEX_POINT('',#15839);
#4764=VERTEX_POINT('',#15841);
#4765=VERTEX_POINT('',#15848);
#4766=VERTEX_POINT('',#15849);
#4767=VERTEX_POINT('',#15854);
#4768=VERTEX_POINT('',#15858);
#4769=VERTEX_POINT('',#15862);
#4770=VERTEX_POINT('',#15863);
#4771=VERTEX_POINT('',#15865);
#4772=VERTEX_POINT('',#15870);
#4773=VERTEX_POINT('',#15874);
#4774=VERTEX_POINT('',#15875);
#4775=VERTEX_POINT('',#15878);
#4776=VERTEX_POINT('',#15880);
#4777=VERTEX_POINT('',#15883);
#4778=VERTEX_POINT('',#15886);
#4779=VERTEX_POINT('',#15889);
#4780=VERTEX_POINT('',#15891);
#4781=VERTEX_POINT('',#15893);
#4782=VERTEX_POINT('',#15895);
#4783=VERTEX_POINT('',#15897);
#4784=VERTEX_POINT('',#15899);
#4785=VERTEX_POINT('',#15901);
#4786=VERTEX_POINT('',#15903);
#4787=VERTEX_POINT('',#15921);
#4788=VERTEX_POINT('',#15925);
#4789=VERTEX_POINT('',#15927);
#4790=VERTEX_POINT('',#15931);
#4791=VERTEX_POINT('',#15941);
#4792=VERTEX_POINT('',#15943);
#4793=VERTEX_POINT('',#15947);
#4794=VERTEX_POINT('',#15949);
#4795=VERTEX_POINT('',#15953);
#4796=VERTEX_POINT('',#15955);
#4797=VERTEX_POINT('',#15957);
#4798=VERTEX_POINT('',#15959);
#4799=VERTEX_POINT('',#15961);
#4800=VERTEX_POINT('',#15965);
#4801=VERTEX_POINT('',#15967);
#4802=VERTEX_POINT('',#15972);
#4803=VERTEX_POINT('',#15977);
#4804=VERTEX_POINT('',#15978);
#4805=VERTEX_POINT('',#15980);
#4806=VERTEX_POINT('',#15985);
#4807=VERTEX_POINT('',#15986);
#4808=VERTEX_POINT('',#15989);
#4809=VERTEX_POINT('',#15995);
#4810=VERTEX_POINT('',#16000);
#4811=VERTEX_POINT('',#16002);
#4812=VERTEX_POINT('',#16004);
#4813=VERTEX_POINT('',#16006);
#4814=VERTEX_POINT('',#16008);
#4815=VERTEX_POINT('',#16010);
#4816=VERTEX_POINT('',#16012);
#4817=VERTEX_POINT('',#16014);
#4818=VERTEX_POINT('',#16016);
#4819=VERTEX_POINT('',#16018);
#4820=VERTEX_POINT('',#16022);
#4821=VERTEX_POINT('',#16023);
#4822=VERTEX_POINT('',#16025);
#4823=VERTEX_POINT('',#16027);
#4824=VERTEX_POINT('',#16029);
#4825=VERTEX_POINT('',#16031);
#4826=VERTEX_POINT('',#16038);
#4827=VERTEX_POINT('',#16039);
#4828=VERTEX_POINT('',#16044);
#4829=VERTEX_POINT('',#16047);
#4830=VERTEX_POINT('',#16050);
#4831=VERTEX_POINT('',#16052);
#4832=VERTEX_POINT('',#16054);
#4833=VERTEX_POINT('',#16056);
#4834=VERTEX_POINT('',#16058);
#4835=VERTEX_POINT('',#16060);
#4836=VERTEX_POINT('',#16066);
#4837=VERTEX_POINT('',#16070);
#4838=VERTEX_POINT('',#16072);
#4839=VERTEX_POINT('',#16076);
#4840=VERTEX_POINT('',#16078);
#4841=VERTEX_POINT('',#16082);
#4842=VERTEX_POINT('',#16088);
#4843=VERTEX_POINT('',#16089);
#4844=VERTEX_POINT('',#16100);
#4845=VERTEX_POINT('',#16102);
#4846=VERTEX_POINT('',#16108);
#4847=VERTEX_POINT('',#16110);
#4848=VERTEX_POINT('',#16112);
#4849=VERTEX_POINT('',#16114);
#4850=VERTEX_POINT('',#16116);
#4851=VERTEX_POINT('',#16118);
#4852=VERTEX_POINT('',#16122);
#4853=VERTEX_POINT('',#16123);
#4854=VERTEX_POINT('',#16128);
#4855=VERTEX_POINT('',#16132);
#4856=VERTEX_POINT('',#16136);
#4857=VERTEX_POINT('',#16140);
#4858=VERTEX_POINT('',#16154);
#4859=VERTEX_POINT('',#16155);
#4860=VERTEX_POINT('',#16158);
#4861=VERTEX_POINT('',#16160);
#4862=VERTEX_POINT('',#16162);
#4863=VERTEX_POINT('',#16164);
#4864=VERTEX_POINT('',#16167);
#4865=VERTEX_POINT('',#16178);
#4866=VERTEX_POINT('',#16180);
#4867=VERTEX_POINT('',#16184);
#4868=VERTEX_POINT('',#16186);
#4869=VERTEX_POINT('',#16190);
#4870=VERTEX_POINT('',#16191);
#4871=VERTEX_POINT('',#16194);
#4872=VERTEX_POINT('',#16201);
#4873=VERTEX_POINT('',#16202);
#4874=VERTEX_POINT('',#16205);
#4875=VERTEX_POINT('',#16207);
#4876=VERTEX_POINT('',#16212);
#4877=VERTEX_POINT('',#16215);
#4878=VERTEX_POINT('',#16217);
#4879=VERTEX_POINT('',#16219);
#4880=VERTEX_POINT('',#16221);
#4881=VERTEX_POINT('',#16227);
#4882=VERTEX_POINT('',#16235);
#4883=VERTEX_POINT('',#16239);
#4884=VERTEX_POINT('',#16240);
#4885=VERTEX_POINT('',#16243);
#4886=VERTEX_POINT('',#16245);
#4887=VERTEX_POINT('',#16256);
#4888=VERTEX_POINT('',#16258);
#4889=VERTEX_POINT('',#16267);
#4890=VERTEX_POINT('',#16268);
#4891=VERTEX_POINT('',#16270);
#4892=VERTEX_POINT('',#16272);
#4893=VERTEX_POINT('',#16274);
#4894=VERTEX_POINT('',#16278);
#4895=VERTEX_POINT('',#16279);
#4896=VERTEX_POINT('',#16282);
#4897=VERTEX_POINT('',#16284);
#4898=VERTEX_POINT('',#16286);
#4899=VERTEX_POINT('',#16288);
#4900=VERTEX_POINT('',#16292);
#4901=VERTEX_POINT('',#16294);
#4902=VERTEX_POINT('',#16299);
#4903=VERTEX_POINT('',#16300);
#4904=VERTEX_POINT('',#16304);
#4905=VERTEX_POINT('',#16310);
#4906=VERTEX_POINT('',#16312);
#4907=VERTEX_POINT('',#16316);
#4908=VERTEX_POINT('',#16317);
#4909=VERTEX_POINT('',#16323);
#4910=VERTEX_POINT('',#16325);
#4911=VERTEX_POINT('',#16330);
#4912=VERTEX_POINT('',#16334);
#4913=VERTEX_POINT('',#16344);
#4914=VERTEX_POINT('',#16345);
#4915=VERTEX_POINT('',#16352);
#4916=VERTEX_POINT('',#16356);
#4917=VERTEX_POINT('',#16358);
#4918=VERTEX_POINT('',#16362);
#4919=VERTEX_POINT('',#16366);
#4920=VERTEX_POINT('',#16368);
#4921=VERTEX_POINT('',#16378);
#4922=VERTEX_POINT('',#16381);
#4923=VERTEX_POINT('',#16383);
#4924=VERTEX_POINT('',#16385);
#4925=VERTEX_POINT('',#16387);
#4926=VERTEX_POINT('',#16389);
#4927=VERTEX_POINT('',#16391);
#4928=VERTEX_POINT('',#16393);
#4929=VERTEX_POINT('',#16395);
#4930=VERTEX_POINT('',#16397);
#4931=VERTEX_POINT('',#16401);
#4932=VERTEX_POINT('',#16403);
#4933=VERTEX_POINT('',#16407);
#4934=VERTEX_POINT('',#16412);
#4935=VERTEX_POINT('',#16414);
#4936=VERTEX_POINT('',#16418);
#4937=VERTEX_POINT('',#16426);
#4938=VERTEX_POINT('',#16432);
#4939=VERTEX_POINT('',#16436);
#4940=VERTEX_POINT('',#16438);
#4941=VERTEX_POINT('',#16441);
#4942=VERTEX_POINT('',#16444);
#4943=VERTEX_POINT('',#16448);
#4944=VERTEX_POINT('',#16450);
#4945=VERTEX_POINT('',#16457);
#4946=VERTEX_POINT('',#16462);
#4947=VERTEX_POINT('',#16464);
#4948=VERTEX_POINT('',#16469);
#4949=VERTEX_POINT('',#16477);
#4950=VERTEX_POINT('',#16481);
#4951=VERTEX_POINT('',#16491);
#4952=VERTEX_POINT('',#16496);
#4953=VERTEX_POINT('',#16500);
#4954=VERTEX_POINT('',#16502);
#4955=VERTEX_POINT('',#16510);
#4956=VERTEX_POINT('',#16511);
#4957=VERTEX_POINT('',#16513);
#4958=VERTEX_POINT('',#16515);
#4959=VERTEX_POINT('',#16520);
#4960=VERTEX_POINT('',#16524);
#4961=VERTEX_POINT('',#16528);
#4962=VERTEX_POINT('',#16532);
#4963=VERTEX_POINT('',#16538);
#4964=VERTEX_POINT('',#16539);
#4965=VERTEX_POINT('',#16541);
#4966=VERTEX_POINT('',#16543);
#4967=VERTEX_POINT('',#16547);
#4968=VERTEX_POINT('',#16549);
#4969=VERTEX_POINT('',#16553);
#4970=VERTEX_POINT('',#16555);
#4971=VERTEX_POINT('',#16559);
#4972=VERTEX_POINT('',#16560);
#4973=VERTEX_POINT('',#16562);
#4974=VERTEX_POINT('',#16564);
#4975=VERTEX_POINT('',#16571);
#4976=VERTEX_POINT('',#16572);
#4977=VERTEX_POINT('',#16574);
#4978=VERTEX_POINT('',#16576);
#4979=VERTEX_POINT('',#16580);
#4980=VERTEX_POINT('',#16582);
#4981=VERTEX_POINT('',#16586);
#4982=VERTEX_POINT('',#16588);
#4983=VERTEX_POINT('',#16595);
#4984=VERTEX_POINT('',#16596);
#4985=VERTEX_POINT('',#16598);
#4986=VERTEX_POINT('',#16600);
#4987=VERTEX_POINT('',#16604);
#4988=VERTEX_POINT('',#16606);
#4989=VERTEX_POINT('',#16610);
#4990=VERTEX_POINT('',#16612);
#4991=VERTEX_POINT('',#16619);
#4992=VERTEX_POINT('',#16620);
#4993=VERTEX_POINT('',#16622);
#4994=VERTEX_POINT('',#16624);
#4995=VERTEX_POINT('',#16628);
#4996=VERTEX_POINT('',#16630);
#4997=VERTEX_POINT('',#16634);
#4998=VERTEX_POINT('',#16636);
#4999=VERTEX_POINT('',#16643);
#5000=VERTEX_POINT('',#16644);
#5001=VERTEX_POINT('',#16647);
#5002=VERTEX_POINT('',#16651);
#5003=VERTEX_POINT('',#16654);
#5004=VERTEX_POINT('',#16664);
#5005=VERTEX_POINT('',#16666);
#5006=VERTEX_POINT('',#16670);
#5007=VERTEX_POINT('',#16672);
#5008=VERTEX_POINT('',#16681);
#5009=VERTEX_POINT('',#16685);
#5010=VERTEX_POINT('',#16686);
#5011=VERTEX_POINT('',#16694);
#5012=VERTEX_POINT('',#16712);
#5013=VERTEX_POINT('',#16713);
#5014=VERTEX_POINT('',#16715);
#5015=VERTEX_POINT('',#16717);
#5016=VERTEX_POINT('',#16721);
#5017=VERTEX_POINT('',#16722);
#5018=VERTEX_POINT('',#16724);
#5019=VERTEX_POINT('',#16726);
#5020=VERTEX_POINT('',#16730);
#5021=VERTEX_POINT('',#16732);
#5022=VERTEX_POINT('',#16736);
#5023=VERTEX_POINT('',#16737);
#5024=VERTEX_POINT('',#16739);
#5025=VERTEX_POINT('',#16741);
#5026=VERTEX_POINT('',#16745);
#5027=VERTEX_POINT('',#16747);
#5028=VERTEX_POINT('',#16751);
#5029=VERTEX_POINT('',#16753);
#5030=VERTEX_POINT('',#16758);
#5031=VERTEX_POINT('',#16762);
#5032=VERTEX_POINT('',#16763);
#5033=VERTEX_POINT('',#16765);
#5034=VERTEX_POINT('',#16772);
#5035=VERTEX_POINT('',#16773);
#5036=VERTEX_POINT('',#16775);
#5037=VERTEX_POINT('',#16777);
#5038=VERTEX_POINT('',#16781);
#5039=VERTEX_POINT('',#16783);
#5040=VERTEX_POINT('',#16785);
#5041=VERTEX_POINT('',#16787);
#5042=VERTEX_POINT('',#16789);
#5043=VERTEX_POINT('',#16794);
#5044=VERTEX_POINT('',#16796);
#5045=VERTEX_POINT('',#16798);
#5046=VERTEX_POINT('',#16800);
#5047=VERTEX_POINT('',#16802);
#5048=VERTEX_POINT('',#16804);
#5049=VERTEX_POINT('',#16806);
#5050=VERTEX_POINT('',#16810);
#5051=VERTEX_POINT('',#16812);
#5052=VERTEX_POINT('',#16814);
#5053=VERTEX_POINT('',#16816);
#5054=VERTEX_POINT('',#16818);
#5055=VERTEX_POINT('',#16820);
#5056=VERTEX_POINT('',#16822);
#5057=VERTEX_POINT('',#16824);
#5058=VERTEX_POINT('',#16826);
#5059=VERTEX_POINT('',#16828);
#5060=VERTEX_POINT('',#16832);
#5061=VERTEX_POINT('',#16834);
#5062=VERTEX_POINT('',#16838);
#5063=VERTEX_POINT('',#16842);
#5064=VERTEX_POINT('',#16846);
#5065=VERTEX_POINT('',#16850);
#5066=VERTEX_POINT('',#16854);
#5067=VERTEX_POINT('',#16863);
#5068=VERTEX_POINT('',#16867);
#5069=VERTEX_POINT('',#16871);
#5070=VERTEX_POINT('',#16875);
#5071=VERTEX_POINT('',#16879);
#5072=VERTEX_POINT('',#16883);
#5073=VERTEX_POINT('',#16887);
#5074=VERTEX_POINT('',#16891);
#5075=VERTEX_POINT('',#16895);
#5076=VERTEX_POINT('',#16899);
#5077=VERTEX_POINT('',#16903);
#5078=VERTEX_POINT('',#16907);
#5079=VERTEX_POINT('',#16911);
#5080=VERTEX_POINT('',#16915);
#5081=VERTEX_POINT('',#16919);
#5082=EDGE_CURVE('',#4084,#4085,#1178,.T.);
#5083=EDGE_CURVE('',#4086,#4084,#1179,.T.);
#5084=EDGE_CURVE('',#4087,#4086,#1180,.T.);
#5085=EDGE_CURVE('',#4085,#4087,#1181,.T.);
#5086=EDGE_CURVE('',#4088,#4084,#1182,.T.);
#5087=EDGE_CURVE('',#4089,#4088,#1183,.T.);
#5088=EDGE_CURVE('',#4090,#4089,#1184,.T.);
#5089=EDGE_CURVE('',#4091,#4090,#1185,.T.);
#5090=EDGE_CURVE('',#4086,#4091,#1186,.T.);
#5091=EDGE_CURVE('',#4092,#4085,#1187,.T.);
#5092=EDGE_CURVE('',#4093,#4092,#1188,.T.);
#5093=EDGE_CURVE('',#4094,#4093,#1189,.T.);
#5094=EDGE_CURVE('',#4094,#4088,#1190,.T.);
#5095=EDGE_CURVE('',#4087,#4095,#1191,.T.);
#5096=EDGE_CURVE('',#4095,#4096,#1192,.T.);
#5097=EDGE_CURVE('',#4096,#4097,#1193,.T.);
#5098=EDGE_CURVE('',#4097,#4092,#1194,.T.);
#5099=EDGE_CURVE('',#4090,#4098,#1195,.T.);
#5100=EDGE_CURVE('',#4098,#4099,#1196,.T.);
#5101=EDGE_CURVE('',#4099,#4100,#1197,.T.);
#5102=EDGE_CURVE('',#4100,#4101,#1198,.T.);
#5103=EDGE_CURVE('',#4102,#4101,#1199,.T.);
#5104=EDGE_CURVE('',#4103,#4102,#1200,.T.);
#5105=EDGE_CURVE('',#4104,#4103,#1201,.T.);
#5106=EDGE_CURVE('',#4105,#4104,#1202,.T.);
#5107=EDGE_CURVE('',#4105,#4091,#1203,.T.);
#5108=EDGE_CURVE('',#4106,#4107,#1204,.T.);
#5109=EDGE_CURVE('',#4107,#4108,#1205,.T.);
#5110=EDGE_CURVE('',#4108,#4109,#1206,.T.);
#5111=EDGE_CURVE('',#4109,#4106,#1207,.T.);
#5112=EDGE_CURVE('',#4110,#4111,#1208,.T.);
#5113=EDGE_CURVE('',#4112,#4111,#1209,.T.);
#5114=EDGE_CURVE('',#4106,#4112,#1210,.T.);
#5115=EDGE_CURVE('',#4110,#4109,#1211,.T.);
#5116=EDGE_CURVE('',#4113,#4112,#1212,.T.);
#5117=EDGE_CURVE('',#4113,#4107,#1213,.T.);
#5118=EDGE_CURVE('',#4114,#4115,#1214,.T.);
#5119=EDGE_CURVE('',#4114,#4108,#1215,.T.);
#5120=EDGE_CURVE('',#4115,#4113,#1216,.T.);
#5121=EDGE_CURVE('',#4111,#4116,#1217,.T.);
#5122=EDGE_CURVE('',#4117,#4116,#1218,.T.);
#5123=EDGE_CURVE('',#4118,#4117,#1219,.T.);
#5124=EDGE_CURVE('',#4119,#4118,#1220,.T.);
#5125=EDGE_CURVE('',#4120,#4119,#1221,.T.);
#5126=EDGE_CURVE('',#4121,#4120,#1222,.T.);
#5127=EDGE_CURVE('',#4122,#4121,#1223,.F.);
#5128=EDGE_CURVE('',#4122,#4123,#1224,.T.);
#5129=EDGE_CURVE('',#4124,#4123,#1225,.T.);
#5130=EDGE_CURVE('',#4125,#4124,#1226,.T.);
#5131=EDGE_CURVE('',#4126,#4125,#1227,.T.);
#5132=EDGE_CURVE('',#4126,#4127,#1228,.T.);
#5133=EDGE_CURVE('',#4127,#4128,#1229,.T.);
#5134=EDGE_CURVE('',#4129,#4128,#1230,.T.);
#5135=EDGE_CURVE('',#4112,#4129,#1231,.T.);
#5136=EDGE_CURVE('',#4114,#4110,#83,.T.);
#5137=EDGE_CURVE('',#4130,#4113,#1232,.T.);
#5138=EDGE_CURVE('',#4130,#4131,#1233,.T.);
#5139=EDGE_CURVE('',#4131,#4115,#1234,.T.);
#5140=EDGE_CURVE('',#4132,#4115,#1235,.T.);
#5141=EDGE_CURVE('',#4133,#4132,#62,.T.);
#5142=EDGE_CURVE('',#4111,#4133,#1236,.T.);
#5143=EDGE_CURVE('',#4134,#4135,#63,.T.);
#5144=EDGE_CURVE('',#4134,#4136,#1237,.T.);
#5145=EDGE_CURVE('',#4135,#4136,#84,.T.);
#5146=EDGE_CURVE('',#4137,#4134,#85,.T.);
#5147=EDGE_CURVE('',#4136,#4137,#1238,.T.);
#5148=EDGE_CURVE('',#4135,#4137,#1239,.T.);
#5149=EDGE_CURVE('',#4132,#4138,#86,.T.);
#5150=EDGE_CURVE('',#4138,#4139,#1240,.T.);
#5151=EDGE_CURVE('',#4140,#4139,#87,.T.);
#5152=EDGE_CURVE('',#4141,#4140,#1241,.T.);
#5153=EDGE_CURVE('',#4141,#4142,#88,.T.);
#5154=EDGE_CURVE('',#4143,#4142,#1242,.T.);
#5155=EDGE_CURVE('',#4144,#4143,#89,.T.);
#5156=EDGE_CURVE('',#4144,#4145,#1243,.T.);
#5157=EDGE_CURVE('',#4145,#4146,#90,.T.);
#5158=EDGE_CURVE('',#4147,#4146,#1244,.T.);
#5159=EDGE_CURVE('',#4148,#4147,#91,.T.);
#5160=EDGE_CURVE('',#4149,#4148,#1245,.T.);
#5161=EDGE_CURVE('',#4149,#4150,#92,.T.);
#5162=EDGE_CURVE('',#4150,#4151,#1246,.T.);
#5163=EDGE_CURVE('',#4151,#4152,#93,.T.);
#5164=EDGE_CURVE('',#4152,#4133,#1247,.T.);
#5165=EDGE_CURVE('',#4138,#4131,#1248,.T.);
#5166=EDGE_CURVE('',#4130,#4139,#1249,.T.);
#5167=EDGE_CURVE('',#4153,#4154,#1250,.T.);
#5168=EDGE_CURVE('',#4154,#4155,#1251,.T.);
#5169=EDGE_CURVE('',#4156,#4155,#1252,.T.);
#5170=EDGE_CURVE('',#4157,#4156,#1253,.T.);
#5171=EDGE_CURVE('',#4157,#4153,#1254,.T.);
#5172=EDGE_CURVE('',#4152,#4158,#1255,.T.);
#5173=EDGE_CURVE('',#4158,#4159,#1256,.T.);
#5174=EDGE_CURVE('',#4133,#4159,#1257,.T.);
#5175=EDGE_CURVE('',#4151,#4158,#1258,.T.);
#5176=EDGE_CURVE('',#4159,#4160,#1259,.T.);
#5177=EDGE_CURVE('',#4116,#4160,#1260,.T.);
#5178=EDGE_CURVE('',#4161,#4150,#1261,.T.);
#5179=EDGE_CURVE('',#4160,#4161,#1262,.T.);
#5180=EDGE_CURVE('',#4162,#4161,#1263,.T.);
#5181=EDGE_CURVE('',#4162,#4163,#1264,.T.);
#5182=EDGE_CURVE('',#4163,#4164,#1265,.T.);
#5183=EDGE_CURVE('',#4164,#4165,#1266,.F.);
#5184=EDGE_CURVE('',#4166,#4165,#1267,.T.);
#5185=EDGE_CURVE('',#4166,#4167,#1268,.T.);
#5186=EDGE_CURVE('',#4167,#4168,#1269,.T.);
#5187=EDGE_CURVE('',#4169,#4168,#1270,.T.);
#5188=EDGE_CURVE('',#4170,#4169,#1271,.T.);
#5189=EDGE_CURVE('',#4170,#4171,#1272,.T.);
#5190=EDGE_CURVE('',#4171,#4172,#1273,.T.);
#5191=EDGE_CURVE('',#4172,#4173,#1274,.T.);
#5192=EDGE_CURVE('',#4174,#4173,#1275,.T.);
#5193=EDGE_CURVE('',#4174,#4175,#1276,.T.);
#5194=EDGE_CURVE('',#4175,#4121,#1277,.T.);
#5195=EDGE_CURVE('',#4120,#4176,#1278,.T.);
#5196=EDGE_CURVE('',#4177,#4176,#1279,.T.);
#5197=EDGE_CURVE('',#4177,#4117,#1280,.T.);
#5198=EDGE_CURVE('',#4178,#4179,#1281,.T.);
#5199=EDGE_CURVE('',#4179,#4180,#1282,.T.);
#5200=EDGE_CURVE('',#4180,#4181,#1283,.T.);
#5201=EDGE_CURVE('',#4181,#4182,#1284,.T.);
#5202=EDGE_CURVE('',#4182,#4183,#1285,.T.);
#5203=EDGE_CURVE('',#4183,#4184,#1286,.T.);
#5204=EDGE_CURVE('',#4184,#4185,#1287,.T.);
#5205=EDGE_CURVE('',#4186,#4185,#1288,.T.);
#5206=EDGE_CURVE('',#4186,#4187,#1289,.T.);
#5207=EDGE_CURVE('',#4187,#4178,#1290,.T.);
#5208=EDGE_CURVE('',#4180,#4141,#1291,.T.);
#5209=EDGE_CURVE('',#4181,#4140,#1292,.T.);
#5210=EDGE_CURVE('',#4188,#4189,#1293,.T.);
#5211=EDGE_CURVE('',#4190,#4189,#1294,.T.);
#5212=EDGE_CURVE('',#4191,#4190,#1295,.T.);
#5213=EDGE_CURVE('',#4191,#4192,#1296,.T.);
#5214=EDGE_CURVE('',#4188,#4192,#1297,.T.);
#5215=EDGE_CURVE('',#4193,#4194,#1298,.T.);
#5216=EDGE_CURVE('',#4194,#4195,#1299,.F.);
#5217=EDGE_CURVE('',#4196,#4195,#1300,.T.);
#5218=EDGE_CURVE('',#4193,#4196,#1301,.T.);
#5219=EDGE_CURVE('',#4197,#4198,#1302,.F.);
#5220=EDGE_CURVE('',#4199,#4197,#1303,.T.);
#5221=EDGE_CURVE('',#4200,#4199,#1304,.T.);
#5222=EDGE_CURVE('',#4200,#4201,#1305,.T.);
#5223=EDGE_CURVE('',#4202,#4201,#1306,.T.);
#5224=EDGE_CURVE('',#4198,#4202,#1307,.T.);
#5225=EDGE_CURVE('',#4203,#4202,#1308,.T.);
#5226=EDGE_CURVE('',#4204,#4203,#1309,.T.);
#5227=EDGE_CURVE('',#4204,#4198,#1310,.T.);
#5228=EDGE_CURVE('',#4205,#4206,#1311,.T.);
#5229=EDGE_CURVE('',#4207,#4205,#1312,.T.);
#5230=EDGE_CURVE('',#4207,#4208,#1313,.T.);
#5231=EDGE_CURVE('',#4206,#4208,#1314,.T.);
#5232=EDGE_CURVE('',#4209,#4210,#1315,.T.);
#5233=EDGE_CURVE('',#4211,#4209,#1316,.F.);
#5234=EDGE_CURVE('',#4211,#4212,#1317,.T.);
#5235=EDGE_CURVE('',#4212,#4210,#1318,.T.);
#5236=EDGE_CURVE('',#4205,#4213,#1319,.T.);
#5237=EDGE_CURVE('',#4213,#4214,#1320,.T.);
#5238=EDGE_CURVE('',#4207,#4214,#1321,.F.);
#5239=EDGE_CURVE('',#4215,#4211,#1322,.T.);
#5240=EDGE_CURVE('',#4216,#4215,#1323,.T.);
#5241=EDGE_CURVE('',#4216,#4217,#1324,.T.);
#5242=EDGE_CURVE('',#4218,#4217,#1325,.T.);
#5243=EDGE_CURVE('',#4218,#4219,#1326,.T.);
#5244=EDGE_CURVE('',#4219,#4206,#1327,.T.);
#5245=EDGE_CURVE('',#4208,#4212,#1328,.T.);
#5246=EDGE_CURVE('',#4220,#4199,#94,.T.);
#5247=EDGE_CURVE('',#4221,#4220,#1329,.T.);
#5248=EDGE_CURVE('',#4222,#4221,#1330,.T.);
#5249=EDGE_CURVE('',#4194,#4222,#1331,.T.);
#5250=EDGE_CURVE('',#4193,#4200,#1332,.T.);
#5251=EDGE_CURVE('',#4223,#4219,#1333,.T.);
#5252=EDGE_CURVE('',#4213,#4223,#95,.T.);
#5253=EDGE_CURVE('',#4224,#4211,#1334,.F.);
#5254=EDGE_CURVE('',#4225,#4224,#1335,.F.);
#5255=EDGE_CURVE('',#4226,#4225,#1336,.F.);
#5256=EDGE_CURVE('',#4227,#4226,#1337,.F.);
#5257=EDGE_CURVE('',#4228,#4227,#1338,.F.);
#5258=EDGE_CURVE('',#4229,#4228,#1339,.F.);
#5259=EDGE_CURVE('',#4230,#4229,#1340,.F.);
#5260=EDGE_CURVE('',#4231,#4230,#1341,.F.);
#5261=EDGE_CURVE('',#4231,#4215,#1342,.T.);
#5262=EDGE_CURVE('',#4232,#4218,#1343,.T.);
#5263=EDGE_CURVE('',#4223,#4232,#1344,.T.);
#5264=EDGE_CURVE('',#4233,#4220,#1345,.T.);
#5265=EDGE_CURVE('',#4234,#4233,#1346,.T.);
#5266=EDGE_CURVE('',#4234,#4221,#1347,.T.);
#5267=EDGE_CURVE('',#4195,#4235,#1348,.F.);
#5268=EDGE_CURVE('',#4235,#4222,#1349,.T.);
#5269=EDGE_CURVE('',#4233,#4232,#96,.T.);
#5270=EDGE_CURVE('',#4236,#4220,#97,.T.);
#5271=EDGE_CURVE('',#4236,#4237,#1350,.T.);
#5272=EDGE_CURVE('',#4237,#4238,#98,.T.);
#5273=EDGE_CURVE('',#4220,#4238,#1351,.T.);
#5274=EDGE_CURVE('',#4239,#4197,#99,.F.);
#5275=EDGE_CURVE('',#4240,#4239,#1352,.T.);
#5276=EDGE_CURVE('',#4240,#4241,#100,.T.);
#5277=EDGE_CURVE('',#4241,#4242,#1353,.T.);
#5278=EDGE_CURVE('',#4214,#4242,#101,.F.);
#5279=EDGE_CURVE('',#4129,#4234,#1354,.T.);
#5280=EDGE_CURVE('',#4182,#4217,#1355,.F.);
#5281=EDGE_CURVE('',#4235,#4243,#1356,.T.);
#5282=EDGE_CURVE('',#4244,#4243,#1357,.F.);
#5283=EDGE_CURVE('',#4245,#4244,#1358,.F.);
#5284=EDGE_CURVE('',#4235,#4245,#1359,.F.);
#5285=EDGE_CURVE('',#4246,#4179,#1360,.T.);
#5286=EDGE_CURVE('',#4142,#4246,#1361,.T.);
#5287=EDGE_CURVE('',#4238,#4237,#1362,.T.);
#5288=EDGE_CURVE('',#4236,#4220,#1363,.T.);
#5289=EDGE_CURVE('',#4210,#4204,#1364,.T.);
#5290=EDGE_CURVE('',#4247,#4242,#1365,.T.);
#5291=EDGE_CURVE('',#4248,#4247,#102,.T.);
#5292=EDGE_CURVE('',#4239,#4248,#1366,.T.);
#5293=EDGE_CURVE('',#4249,#4148,#1367,.T.);
#5294=EDGE_CURVE('',#4250,#4249,#1368,.T.);
#5295=EDGE_CURVE('',#4251,#4250,#1369,.T.);
#5296=EDGE_CURVE('',#4251,#4252,#1370,.T.);
#5297=EDGE_CURVE('',#4252,#4253,#1371,.T.);
#5298=EDGE_CURVE('',#4253,#4149,#1372,.T.);
#5299=EDGE_CURVE('',#4146,#4240,#1373,.T.);
#5300=EDGE_CURVE('',#4241,#4145,#1374,.T.);
#5301=EDGE_CURVE('',#4143,#4254,#1375,.T.);
#5302=EDGE_CURVE('',#4203,#4254,#1376,.T.);
#5303=EDGE_CURVE('',#4201,#4189,#1377,.T.);
#5304=EDGE_CURVE('',#4188,#4249,#1378,.T.);
#5305=EDGE_CURVE('',#4147,#4255,#1379,.T.);
#5306=EDGE_CURVE('',#4255,#4256,#103,.T.);
#5307=EDGE_CURVE('',#4256,#4144,#1380,.T.);
#5308=EDGE_CURVE('',#4256,#4247,#1381,.T.);
#5309=EDGE_CURVE('',#4255,#4248,#1382,.T.);
#5310=EDGE_CURVE('',#4257,#4258,#1383,.T.);
#5311=EDGE_CURVE('',#4257,#4259,#1384,.T.);
#5312=EDGE_CURVE('',#4260,#4259,#1385,.T.);
#5313=EDGE_CURVE('',#4258,#4260,#1386,.T.);
#5314=EDGE_CURVE('',#4261,#4257,#1387,.T.);
#5315=EDGE_CURVE('',#4261,#4262,#1388,.T.);
#5316=EDGE_CURVE('',#4259,#4262,#1389,.T.);
#5317=EDGE_CURVE('',#4258,#4263,#1390,.T.);
#5318=EDGE_CURVE('',#4264,#4260,#1391,.T.);
#5319=EDGE_CURVE('',#4263,#4264,#1392,.T.);
#5320=EDGE_CURVE('',#4263,#4261,#1393,.T.);
#5321=EDGE_CURVE('',#4262,#4264,#1394,.T.);
#5322=EDGE_CURVE('',#4265,#4216,#1395,.T.);
#5323=EDGE_CURVE('',#4265,#4183,#1396,.F.);
#5324=EDGE_CURVE('',#4231,#4265,#1397,.T.);
#5325=EDGE_CURVE('',#4184,#4123,#104,.T.);
#5326=EDGE_CURVE('',#4265,#4266,#1398,.T.);
#5327=EDGE_CURVE('',#4266,#4267,#105,.T.);
#5328=EDGE_CURVE('',#4267,#4124,#1399,.T.);
#5329=EDGE_CURVE('',#4122,#4175,#106,.T.);
#5330=EDGE_CURVE('',#4185,#4174,#107,.T.);
#5331=EDGE_CURVE('',#4173,#4268,#108,.T.);
#5332=EDGE_CURVE('',#4268,#4269,#1400,.T.);
#5333=EDGE_CURVE('',#4270,#4269,#1401,.T.);
#5334=EDGE_CURVE('',#4270,#4271,#1402,.T.);
#5335=EDGE_CURVE('',#4271,#4272,#109,.T.);
#5336=EDGE_CURVE('',#4273,#4272,#1403,.T.);
#5337=EDGE_CURVE('',#4274,#4273,#1404,.T.);
#5338=EDGE_CURVE('',#4274,#4275,#1405,.T.);
#5339=EDGE_CURVE('',#4275,#4276,#110,.T.);
#5340=EDGE_CURVE('',#4276,#4277,#1406,.T.);
#5341=EDGE_CURVE('',#4277,#4278,#1407,.T.);
#5342=EDGE_CURVE('',#4278,#4279,#1408,.T.);
#5343=EDGE_CURVE('',#4279,#4186,#1409,.T.);
#5344=EDGE_CURVE('',#4267,#4280,#111,.T.);
#5345=EDGE_CURVE('',#4280,#4281,#1410,.T.);
#5346=EDGE_CURVE('',#4281,#4282,#1411,.T.);
#5347=EDGE_CURVE('',#4267,#4282,#1412,.T.);
#5348=EDGE_CURVE('',#4283,#4284,#1413,.T.);
#5349=EDGE_CURVE('',#4281,#4284,#1414,.T.);
#5350=EDGE_CURVE('',#4280,#4283,#1415,.T.);
#5351=EDGE_CURVE('',#4283,#4285,#112,.F.);
#5352=EDGE_CURVE('',#4266,#4285,#1416,.T.);
#5353=EDGE_CURVE('',#4286,#4230,#1417,.T.);
#5354=EDGE_CURVE('',#4286,#4287,#1418,.F.);
#5355=EDGE_CURVE('',#4285,#4287,#1419,.F.);
#5356=EDGE_CURVE('',#4288,#4289,#1420,.T.);
#5357=EDGE_CURVE('',#4274,#4289,#1421,.F.);
#5358=EDGE_CURVE('',#4288,#4273,#1422,.T.);
#5359=EDGE_CURVE('',#4290,#4291,#113,.T.);
#5360=EDGE_CURVE('',#4276,#4291,#1423,.T.);
#5361=EDGE_CURVE('',#4275,#4290,#1424,.T.);
#5362=EDGE_CURVE('',#4289,#4290,#1425,.T.);
#5363=EDGE_CURVE('',#4291,#4292,#1426,.T.);
#5364=EDGE_CURVE('',#4292,#4277,#1427,.F.);
#5365=EDGE_CURVE('',#4293,#4127,#1428,.T.);
#5366=EDGE_CURVE('',#4126,#4294,#1429,.T.);
#5367=EDGE_CURVE('',#4293,#4294,#1430,.F.);
#5368=EDGE_CURVE('',#4295,#4119,#1431,.T.);
#5369=EDGE_CURVE('',#4176,#4295,#114,.T.);
#5370=EDGE_CURVE('',#4118,#4296,#1432,.T.);
#5371=EDGE_CURVE('',#4295,#4296,#1433,.T.);
#5372=EDGE_CURVE('',#4296,#4177,#115,.T.);
#5373=EDGE_CURVE('',#4297,#4293,#1434,.F.);
#5374=EDGE_CURVE('',#4128,#4297,#1435,.T.);
#5375=EDGE_CURVE('',#4298,#4125,#1436,.T.);
#5376=EDGE_CURVE('',#4294,#4298,#1437,.F.);
#5377=EDGE_CURVE('',#4299,#4298,#1438,.T.);
#5378=EDGE_CURVE('',#4300,#4299,#1439,.T.);
#5379=EDGE_CURVE('',#4297,#4300,#1440,.T.);
#5380=EDGE_CURVE('',#4282,#4301,#1441,.T.);
#5381=EDGE_CURVE('',#4301,#4302,#1442,.T.);
#5382=EDGE_CURVE('',#4303,#4302,#1443,.T.);
#5383=EDGE_CURVE('',#4304,#4303,#1444,.T.);
#5384=EDGE_CURVE('',#4304,#4305,#1445,.T.);
#5385=EDGE_CURVE('',#4299,#4305,#1446,.T.);
#5386=EDGE_CURVE('',#4306,#4307,#116,.T.);
#5387=EDGE_CURVE('',#4306,#4308,#1447,.T.);
#5388=EDGE_CURVE('',#4308,#4309,#117,.T.);
#5389=EDGE_CURVE('',#4307,#4309,#1448,.T.);
#5390=EDGE_CURVE('',#4310,#4309,#1449,.F.);
#5391=EDGE_CURVE('',#4311,#4310,#1450,.T.);
#5392=EDGE_CURVE('',#4311,#4307,#1451,.T.);
#5393=EDGE_CURVE('',#4312,#4313,#1452,.T.);
#5394=EDGE_CURVE('',#4313,#4314,#1453,.T.);
#5395=EDGE_CURVE('',#4314,#4315,#1454,.T.);
#5396=EDGE_CURVE('',#4315,#4316,#1455,.T.);
#5397=EDGE_CURVE('',#4316,#4317,#1456,.T.);
#5398=EDGE_CURVE('',#4317,#4318,#1457,.F.);
#5399=EDGE_CURVE('',#4319,#4318,#1458,.T.);
#5400=EDGE_CURVE('',#4319,#4320,#1459,.T.);
#5401=EDGE_CURVE('',#4320,#4321,#1460,.T.);
#5402=EDGE_CURVE('',#4321,#4322,#1461,.F.);
#5403=EDGE_CURVE('',#4323,#4322,#1462,.T.);
#5404=EDGE_CURVE('',#4323,#4312,#1463,.F.);
#5405=EDGE_CURVE('',#4324,#4325,#1464,.T.);
#5406=EDGE_CURVE('',#4326,#4324,#118,.T.);
#5407=EDGE_CURVE('',#4326,#4327,#1465,.F.);
#5408=EDGE_CURVE('',#4325,#4327,#119,.T.);
#5409=EDGE_CURVE('',#4314,#4328,#1466,.T.);
#5410=EDGE_CURVE('',#4328,#4329,#28,.T.);
#5411=EDGE_CURVE('',#4330,#4329,#1467,.T.);
#5412=EDGE_CURVE('',#4330,#4331,#29,.T.);
#5413=EDGE_CURVE('',#4331,#4332,#1468,.F.);
#5414=EDGE_CURVE('',#4332,#4333,#1469,.T.);
#5415=EDGE_CURVE('',#4333,#4315,#1470,.F.);
#5416=EDGE_CURVE('',#4172,#4334,#120,.T.);
#5417=EDGE_CURVE('',#4334,#4335,#30,.T.);
#5418=EDGE_CURVE('',#4335,#4336,#1471,.T.);
#5419=EDGE_CURVE('',#4336,#4337,#31,.T.);
#5420=EDGE_CURVE('',#4337,#4338,#121,.T.);
#5421=EDGE_CURVE('',#4339,#4338,#1472,.T.);
#5422=EDGE_CURVE('',#4329,#4339,#122,.T.);
#5423=EDGE_CURVE('',#4328,#4326,#1473,.T.);
#5424=EDGE_CURVE('',#4324,#4340,#1474,.T.);
#5425=EDGE_CURVE('',#4340,#4341,#123,.T.);
#5426=EDGE_CURVE('',#4341,#4268,#1475,.T.);
#5427=EDGE_CURVE('',#4342,#4343,#1476,.T.);
#5428=EDGE_CURVE('',#4344,#4342,#32,.T.);
#5429=EDGE_CURVE('',#4345,#4344,#1477,.T.);
#5430=EDGE_CURVE('',#4343,#4345,#124,.T.);
#5431=EDGE_CURVE('',#4346,#4340,#1478,.T.);
#5432=EDGE_CURVE('',#4347,#4346,#125,.T.);
#5433=EDGE_CURVE('',#4341,#4347,#1479,.T.);
#5434=EDGE_CURVE('',#4347,#4327,#1480,.T.);
#5435=EDGE_CURVE('',#4325,#4346,#1481,.T.);
#5436=EDGE_CURVE('',#4304,#4167,#1482,.T.);
#5437=EDGE_CURVE('',#4168,#4303,#1483,.T.);
#5438=EDGE_CURVE('',#4170,#4301,#1484,.T.);
#5439=EDGE_CURVE('',#4302,#4169,#1485,.T.);
#5440=EDGE_CURVE('',#4284,#4288,#1486,.T.);
#5441=EDGE_CURVE('',#4272,#4348,#1487,.T.);
#5442=EDGE_CURVE('',#4171,#4348,#1488,.T.);
#5443=EDGE_CURVE('',#4165,#4349,#1489,.F.);
#5444=EDGE_CURVE('',#4350,#4349,#126,.T.);
#5445=EDGE_CURVE('',#4350,#4351,#1490,.T.);
#5446=EDGE_CURVE('',#4352,#4351,#1491,.F.);
#5447=EDGE_CURVE('',#4338,#4352,#1492,.T.);
#5448=EDGE_CURVE('',#4353,#4337,#1493,.T.);
#5449=EDGE_CURVE('',#4353,#4354,#1494,.T.);
#5450=EDGE_CURVE('',#4354,#4355,#1495,.F.);
#5451=EDGE_CURVE('',#4355,#4356,#1496,.T.);
#5452=EDGE_CURVE('',#4357,#4356,#1497,.T.);
#5453=EDGE_CURVE('',#4358,#4357,#1498,.T.);
#5454=EDGE_CURVE('',#4166,#4358,#1499,.T.);
#5455=EDGE_CURVE('',#4359,#4279,#1500,.F.);
#5456=EDGE_CURVE('',#4278,#4360,#1501,.F.);
#5457=EDGE_CURVE('',#4359,#4360,#1502,.T.);
#5458=EDGE_CURVE('',#4360,#4292,#1503,.F.);
#5459=EDGE_CURVE('',#4287,#4359,#1504,.F.);
#5460=EDGE_CURVE('',#4361,#4362,#1505,.F.);
#5461=EDGE_CURVE('',#4362,#4229,#1506,.T.);
#5462=EDGE_CURVE('',#4363,#4228,#1507,.T.);
#5463=EDGE_CURVE('',#4363,#4364,#1508,.F.);
#5464=EDGE_CURVE('',#4364,#4365,#1509,.T.);
#5465=EDGE_CURVE('',#4365,#4366,#1510,.F.);
#5466=EDGE_CURVE('',#4367,#4366,#1511,.T.);
#5467=EDGE_CURVE('',#4367,#4368,#1512,.F.);
#5468=EDGE_CURVE('',#4368,#4361,#1513,.T.);
#5469=EDGE_CURVE('',#4369,#4370,#1514,.F.);
#5470=EDGE_CURVE('',#4370,#4227,#1515,.T.);
#5471=EDGE_CURVE('',#4371,#4226,#1516,.T.);
#5472=EDGE_CURVE('',#4372,#4371,#1517,.T.);
#5473=EDGE_CURVE('',#4372,#4373,#1518,.F.);
#5474=EDGE_CURVE('',#4373,#4369,#1519,.T.);
#5475=EDGE_CURVE('',#4374,#4371,#1520,.F.);
#5476=EDGE_CURVE('',#4374,#4225,#1521,.T.);
#5477=EDGE_CURVE('',#4375,#4374,#1522,.F.);
#5478=EDGE_CURVE('',#4376,#4224,#1523,.T.);
#5479=EDGE_CURVE('',#4376,#4377,#1524,.T.);
#5480=EDGE_CURVE('',#4377,#4378,#1525,.T.);
#5481=EDGE_CURVE('',#4378,#4379,#1526,.F.);
#5482=EDGE_CURVE('',#4379,#4375,#1527,.T.);
#5483=EDGE_CURVE('',#4380,#4196,#1528,.T.);
#5484=EDGE_CURVE('',#4381,#4245,#1529,.T.);
#5485=EDGE_CURVE('',#4382,#4381,#1530,.T.);
#5486=EDGE_CURVE('',#4382,#4380,#1531,.T.);
#5487=EDGE_CURVE('',#4381,#4357,#1532,.T.);
#5488=EDGE_CURVE('',#4383,#4244,#1533,.T.);
#5489=EDGE_CURVE('',#4383,#4358,#1534,.T.);
#5490=EDGE_CURVE('',#4384,#4209,#1535,.T.);
#5491=EDGE_CURVE('',#4384,#4376,#1536,.T.);
#5492=EDGE_CURVE('',#4362,#4286,#1537,.F.);
#5493=EDGE_CURVE('',#4371,#4385,#1538,.F.);
#5494=EDGE_CURVE('',#4386,#4385,#1539,.T.);
#5495=EDGE_CURVE('',#4386,#4372,#1540,.T.);
#5496=EDGE_CURVE('',#4305,#4383,#1541,.T.);
#5497=EDGE_CURVE('',#4300,#4243,#1542,.T.);
#5498=EDGE_CURVE('',#4387,#4388,#1543,.T.);
#5499=EDGE_CURVE('',#4368,#4387,#1544,.T.);
#5500=EDGE_CURVE('',#4388,#4367,#1545,.T.);
#5501=EDGE_CURVE('',#4387,#4389,#1546,.T.);
#5502=EDGE_CURVE('',#4389,#4361,#1547,.F.);
#5503=EDGE_CURVE('',#4388,#4390,#1548,.T.);
#5504=EDGE_CURVE('',#4390,#4389,#1549,.F.);
#5505=EDGE_CURVE('',#4366,#4390,#1550,.F.);
#5506=EDGE_CURVE('',#4391,#4392,#1551,.T.);
#5507=EDGE_CURVE('',#4364,#4391,#1552,.T.);
#5508=EDGE_CURVE('',#4392,#4363,#1553,.F.);
#5509=EDGE_CURVE('',#4391,#4393,#1554,.T.);
#5510=EDGE_CURVE('',#4393,#4365,#1555,.F.);
#5511=EDGE_CURVE('',#4392,#4394,#1556,.T.);
#5512=EDGE_CURVE('',#4394,#4393,#1557,.F.);
#5513=EDGE_CURVE('',#4395,#4386,#1558,.T.);
#5514=EDGE_CURVE('',#4373,#4395,#1559,.T.);
#5515=EDGE_CURVE('',#4379,#4396,#1560,.F.);
#5516=EDGE_CURVE('',#4396,#4397,#1561,.T.);
#5517=EDGE_CURVE('',#4397,#4375,#1562,.F.);
#5518=EDGE_CURVE('',#4396,#4398,#1563,.F.);
#5519=EDGE_CURVE('',#4399,#4398,#1564,.T.);
#5520=EDGE_CURVE('',#4399,#4400,#1565,.T.);
#5521=EDGE_CURVE('',#4400,#4401,#1566,.T.);
#5522=EDGE_CURVE('',#4401,#4397,#1567,.F.);
#5523=EDGE_CURVE('',#4370,#4394,#1568,.F.);
#5524=EDGE_CURVE('',#4395,#4402,#1569,.T.);
#5525=EDGE_CURVE('',#4402,#4369,#1570,.F.);
#5526=EDGE_CURVE('',#4385,#4402,#1571,.F.);
#5527=EDGE_CURVE('',#4187,#4401,#1572,.F.);
#5528=EDGE_CURVE('',#4377,#4399,#1573,.T.);
#5529=EDGE_CURVE('',#4398,#4378,#1574,.F.);
#5530=EDGE_CURVE('',#4253,#4380,#1575,.T.);
#5531=EDGE_CURVE('',#4189,#4252,#1576,.T.);
#5532=EDGE_CURVE('',#4252,#4403,#1577,.T.);
#5533=EDGE_CURVE('',#4157,#4403,#1578,.T.);
#5534=EDGE_CURVE('',#4404,#4157,#1579,.T.);
#5535=EDGE_CURVE('',#4405,#4404,#1580,.T.);
#5536=EDGE_CURVE('',#4406,#4405,#1581,.T.);
#5537=EDGE_CURVE('',#4406,#4407,#1582,.T.);
#5538=EDGE_CURVE('',#4190,#4407,#1583,.T.);
#5539=EDGE_CURVE('',#4154,#4253,#1584,.T.);
#5540=EDGE_CURVE('',#4153,#4162,#1585,.T.);
#5541=EDGE_CURVE('',#4155,#4251,#1586,.F.);
#5542=EDGE_CURVE('',#4252,#4253,#1587,.T.);
#5543=EDGE_CURVE('',#4192,#4250,#1588,.T.);
#5544=EDGE_CURVE('',#4156,#4408,#1589,.T.);
#5545=EDGE_CURVE('',#4408,#4409,#1590,.T.);
#5546=EDGE_CURVE('',#4409,#4410,#1591,.T.);
#5547=EDGE_CURVE('',#4410,#4404,#1592,.T.);
#5548=EDGE_CURVE('',#4407,#4411,#1593,.T.);
#5549=EDGE_CURVE('',#4411,#4412,#1594,.T.);
#5550=EDGE_CURVE('',#4412,#4413,#1595,.T.);
#5551=EDGE_CURVE('',#4413,#4191,#1596,.T.);
#5552=EDGE_CURVE('',#4414,#4415,#127,.T.);
#5553=EDGE_CURVE('',#4414,#4416,#1597,.T.);
#5554=EDGE_CURVE('',#4416,#4415,#1598,.T.);
#5555=EDGE_CURVE('',#4415,#4417,#1599,.T.);
#5556=EDGE_CURVE('',#4418,#4416,#1600,.T.);
#5557=EDGE_CURVE('',#4418,#4417,#1601,.T.);
#5558=EDGE_CURVE('',#4417,#4419,#128,.T.);
#5559=EDGE_CURVE('',#4419,#4418,#1602,.T.);
#5560=EDGE_CURVE('',#4420,#4419,#33,.T.);
#5561=EDGE_CURVE('',#4348,#4420,#129,.T.);
#5562=EDGE_CURVE('',#4271,#4421,#1603,.T.);
#5563=EDGE_CURVE('',#4422,#4421,#34,.T.);
#5564=EDGE_CURVE('',#4353,#4422,#1604,.T.);
#5565=EDGE_CURVE('',#4414,#4353,#35,.T.);
#5566=EDGE_CURVE('',#4423,#4424,#130,.T.);
#5567=EDGE_CURVE('',#4425,#4423,#1605,.T.);
#5568=EDGE_CURVE('',#4426,#4425,#36,.T.);
#5569=EDGE_CURVE('',#4424,#4426,#1606,.T.);
#5570=EDGE_CURVE('',#4330,#4427,#1607,.T.);
#5571=EDGE_CURVE('',#4428,#4427,#37,.T.);
#5572=EDGE_CURVE('',#4331,#4428,#1608,.T.);
#5573=EDGE_CURVE('',#4429,#4430,#1609,.T.);
#5574=EDGE_CURVE('',#4430,#4431,#1610,.T.);
#5575=EDGE_CURVE('',#4431,#4432,#1611,.T.);
#5576=EDGE_CURVE('',#4432,#4433,#1612,.T.);
#5577=EDGE_CURVE('',#4433,#4311,#1613,.T.);
#5578=EDGE_CURVE('',#4434,#4310,#1614,.T.);
#5579=EDGE_CURVE('',#4434,#4435,#1615,.T.);
#5580=EDGE_CURVE('',#4435,#4429,#1616,.T.);
#5581=EDGE_CURVE('',#4436,#4354,#1617,.F.);
#5582=EDGE_CURVE('',#4427,#4422,#1618,.T.);
#5583=EDGE_CURVE('',#4437,#4330,#1619,.T.);
#5584=EDGE_CURVE('',#4437,#4438,#1620,.F.);
#5585=EDGE_CURVE('',#4438,#4439,#1621,.T.);
#5586=EDGE_CURVE('',#4440,#4439,#1622,.T.);
#5587=EDGE_CURVE('',#4436,#4440,#1623,.T.);
#5588=EDGE_CURVE('',#4421,#4431,#1624,.T.);
#5589=EDGE_CURVE('',#4430,#4428,#1625,.T.);
#5590=EDGE_CURVE('',#4425,#4344,#1626,.T.);
#5591=EDGE_CURVE('',#4426,#4342,#1627,.T.);
#5592=EDGE_CURVE('',#4423,#4345,#1628,.T.);
#5593=EDGE_CURVE('',#4403,#4382,#1629,.T.);
#5594=EDGE_CURVE('',#4418,#4335,#1630,.T.);
#5595=EDGE_CURVE('',#4420,#4334,#1631,.T.);
#5596=EDGE_CURVE('',#4416,#4336,#1632,.T.);
#5597=EDGE_CURVE('',#4405,#4441,#1633,.T.);
#5598=EDGE_CURVE('',#4441,#4442,#1634,.T.);
#5599=EDGE_CURVE('',#4442,#4443,#1635,.T.);
#5600=EDGE_CURVE('',#4443,#4444,#1636,.T.);
#5601=EDGE_CURVE('',#4445,#4444,#1637,.T.);
#5602=EDGE_CURVE('',#4446,#4445,#1638,.T.);
#5603=EDGE_CURVE('',#4447,#4446,#1639,.T.);
#5604=EDGE_CURVE('',#4448,#4447,#1640,.T.);
#5605=EDGE_CURVE('',#4449,#4448,#1641,.T.);
#5606=EDGE_CURVE('',#4450,#4449,#1642,.T.);
#5607=EDGE_CURVE('',#4450,#4451,#1643,.T.);
#5608=EDGE_CURVE('',#4452,#4451,#1644,.T.);
#5609=EDGE_CURVE('',#4406,#4452,#1645,.T.);
#5610=EDGE_CURVE('',#4453,#4454,#1646,.T.);
#5611=EDGE_CURVE('',#4455,#4453,#131,.T.);
#5612=EDGE_CURVE('',#4456,#4455,#1647,.T.);
#5613=EDGE_CURVE('',#4454,#4456,#132,.T.);
#5614=EDGE_CURVE('',#4457,#4349,#1648,.T.);
#5615=EDGE_CURVE('',#4458,#4457,#133,.T.);
#5616=EDGE_CURVE('',#4350,#4458,#1649,.T.);
#5617=EDGE_CURVE('',#4459,#4164,#1650,.T.);
#5618=EDGE_CURVE('',#4460,#4459,#1651,.T.);
#5619=EDGE_CURVE('',#4461,#4460,#1652,.T.);
#5620=EDGE_CURVE('',#4462,#4461,#1653,.T.);
#5621=EDGE_CURVE('',#4463,#4462,#1654,.F.);
#5622=EDGE_CURVE('',#4464,#4463,#1655,.F.);
#5623=EDGE_CURVE('',#4457,#4464,#1656,.T.);
#5624=EDGE_CURVE('',#4465,#4466,#1657,.T.);
#5625=EDGE_CURVE('',#4467,#4465,#134,.T.);
#5626=EDGE_CURVE('',#4468,#4467,#1658,.T.);
#5627=EDGE_CURVE('',#4466,#4468,#135,.T.);
#5628=EDGE_CURVE('',#4433,#4306,#1659,.T.);
#5629=EDGE_CURVE('',#4469,#4432,#1660,.T.);
#5630=EDGE_CURVE('',#4470,#4469,#1661,.T.);
#5631=EDGE_CURVE('',#4471,#4470,#1662,.T.);
#5632=EDGE_CURVE('',#4269,#4471,#1663,.T.);
#5633=EDGE_CURVE('',#4313,#4308,#1664,.T.);
#5634=EDGE_CURVE('',#4472,#4466,#1665,.T.);
#5635=EDGE_CURVE('',#4473,#4472,#1666,.T.);
#5636=EDGE_CURVE('',#4465,#4473,#1667,.T.);
#5637=EDGE_CURVE('',#4468,#4461,#1668,.T.);
#5638=EDGE_CURVE('',#4474,#4460,#1669,.T.);
#5639=EDGE_CURVE('',#4474,#4475,#1670,.T.);
#5640=EDGE_CURVE('',#4475,#4472,#1671,.T.);
#5641=EDGE_CURVE('',#4476,#4458,#1672,.T.);
#5642=EDGE_CURVE('',#4476,#4477,#1673,.T.);
#5643=EDGE_CURVE('',#4477,#4478,#1674,.T.);
#5644=EDGE_CURVE('',#4478,#4479,#1675,.T.);
#5645=EDGE_CURVE('',#4351,#4479,#1676,.F.);
#5646=EDGE_CURVE('',#4339,#4480,#1677,.T.);
#5647=EDGE_CURVE('',#4480,#4479,#1678,.T.);
#5648=EDGE_CURVE('',#4478,#4437,#1679,.T.);
#5649=EDGE_CURVE('',#4424,#4343,#1680,.T.);
#5650=EDGE_CURVE('',#4481,#4482,#1681,.T.);
#5651=EDGE_CURVE('',#4483,#4481,#1682,.T.);
#5652=EDGE_CURVE('',#4431,#4483,#1683,.T.);
#5653=EDGE_CURVE('',#4482,#4270,#1684,.T.);
#5654=EDGE_CURVE('',#4483,#4469,#1685,.T.);
#5655=EDGE_CURVE('',#4481,#4470,#1686,.T.);
#5656=EDGE_CURVE('',#4484,#4429,#1687,.T.);
#5657=EDGE_CURVE('',#4332,#4484,#1688,.T.);
#5658=EDGE_CURVE('',#4484,#4485,#1689,.T.);
#5659=EDGE_CURVE('',#4485,#4486,#1690,.T.);
#5660=EDGE_CURVE('',#4486,#4487,#1691,.T.);
#5661=EDGE_CURVE('',#4487,#4488,#1692,.T.);
#5662=EDGE_CURVE('',#4488,#4489,#1693,.T.);
#5663=EDGE_CURVE('',#4490,#4489,#1694,.T.);
#5664=EDGE_CURVE('',#4491,#4490,#1695,.T.);
#5665=EDGE_CURVE('',#4491,#4333,#1696,.T.);
#5666=EDGE_CURVE('',#4492,#4493,#1697,.T.);
#5667=EDGE_CURVE('',#4492,#4494,#1698,.T.);
#5668=EDGE_CURVE('',#4495,#4494,#1699,.F.);
#5669=EDGE_CURVE('',#4493,#4495,#1700,.T.);
#5670=EDGE_CURVE('',#4434,#4495,#1701,.F.);
#5671=EDGE_CURVE('',#4494,#4435,#1702,.F.);
#5672=EDGE_CURVE('',#4312,#4496,#1703,.F.);
#5673=EDGE_CURVE('',#4496,#4497,#1704,.T.);
#5674=EDGE_CURVE('',#4497,#4498,#1705,.T.);
#5675=EDGE_CURVE('',#4499,#4498,#1706,.T.);
#5676=EDGE_CURVE('',#4487,#4499,#1707,.T.);
#5677=EDGE_CURVE('',#4493,#4486,#1708,.F.);
#5678=EDGE_CURVE('',#4485,#4492,#1709,.F.);
#5679=EDGE_CURVE('',#4317,#4490,#1710,.T.);
#5680=EDGE_CURVE('',#4316,#4491,#1711,.T.);
#5681=EDGE_CURVE('',#4471,#4482,#1712,.T.);
#5682=EDGE_CURVE('',#4480,#4352,#1713,.F.);
#5683=EDGE_CURVE('',#4500,#4501,#1714,.T.);
#5684=EDGE_CURVE('',#4502,#4500,#1715,.T.);
#5685=EDGE_CURVE('',#4503,#4502,#1716,.T.);
#5686=EDGE_CURVE('',#4501,#4503,#1717,.T.);
#5687=EDGE_CURVE('',#4504,#4502,#1718,.T.);
#5688=EDGE_CURVE('',#4505,#4504,#1719,.T.);
#5689=EDGE_CURVE('',#4506,#4505,#1720,.T.);
#5690=EDGE_CURVE('',#4506,#4436,#1721,.F.);
#5691=EDGE_CURVE('',#4507,#4440,#1722,.T.);
#5692=EDGE_CURVE('',#4507,#4503,#1723,.T.);
#5693=EDGE_CURVE('',#4508,#4500,#1724,.T.);
#5694=EDGE_CURVE('',#4508,#4504,#1725,.T.);
#5695=EDGE_CURVE('',#4508,#4509,#1726,.T.);
#5696=EDGE_CURVE('',#4505,#4509,#1727,.T.);
#5697=EDGE_CURVE('',#4355,#4506,#1728,.F.);
#5698=EDGE_CURVE('',#4356,#4505,#1729,.T.);
#5699=EDGE_CURVE('',#4163,#4505,#1730,.T.);
#5700=EDGE_CURVE('',#4507,#4510,#1731,.T.);
#5701=EDGE_CURVE('',#4439,#4510,#1732,.T.);
#5702=EDGE_CURVE('',#4438,#4511,#1733,.F.);
#5703=EDGE_CURVE('',#4512,#4478,#1734,.F.);
#5704=EDGE_CURVE('',#4511,#4512,#1735,.T.);
#5705=EDGE_CURVE('',#4510,#4501,#1736,.T.);
#5706=EDGE_CURVE('',#4509,#4511,#1737,.T.);
#5707=EDGE_CURVE('',#4512,#4513,#1738,.T.);
#5708=EDGE_CURVE('',#4513,#4514,#1739,.T.);
#5709=EDGE_CURVE('',#4505,#4514,#1740,.T.);
#5710=EDGE_CURVE('',#4462,#4467,#1741,.T.);
#5711=EDGE_CURVE('',#4473,#4463,#1742,.T.);
#5712=EDGE_CURVE('',#4515,#4464,#1743,.T.);
#5713=EDGE_CURVE('',#4515,#4476,#1744,.T.);
#5714=EDGE_CURVE('',#4515,#4516,#1745,.T.);
#5715=EDGE_CURVE('',#4477,#4516,#1746,.T.);
#5716=EDGE_CURVE('',#4516,#4517,#1747,.T.);
#5717=EDGE_CURVE('',#4517,#4513,#1748,.T.);
#5718=EDGE_CURVE('',#4518,#4474,#1749,.T.);
#5719=EDGE_CURVE('',#4514,#4518,#1750,.T.);
#5720=EDGE_CURVE('',#4475,#4517,#1751,.T.);
#5721=EDGE_CURVE('',#4518,#4459,#1752,.T.);
#5722=EDGE_CURVE('',#4519,#4178,#1753,.T.);
#5723=EDGE_CURVE('',#4400,#4520,#1754,.T.);
#5724=EDGE_CURVE('',#4519,#4520,#1755,.T.);
#5725=EDGE_CURVE('',#4441,#4521,#1756,.T.);
#5726=EDGE_CURVE('',#4441,#4522,#1757,.T.);
#5727=EDGE_CURVE('',#4523,#4522,#1758,.T.);
#5728=EDGE_CURVE('',#4521,#4523,#1759,.T.);
#5729=EDGE_CURVE('',#4524,#4525,#1760,.T.);
#5730=EDGE_CURVE('',#4525,#4526,#1761,.T.);
#5731=EDGE_CURVE('',#4526,#4527,#1762,.T.);
#5732=EDGE_CURVE('',#4528,#4527,#1763,.T.);
#5733=EDGE_CURVE('',#4529,#4528,#1764,.T.);
#5734=EDGE_CURVE('',#4529,#4524,#1765,.T.);
#5735=EDGE_CURVE('',#4530,#4520,#1766,.T.);
#5736=EDGE_CURVE('',#4531,#4530,#1767,.T.);
#5737=EDGE_CURVE('',#4531,#4519,#1768,.T.);
#5738=EDGE_CURVE('',#4254,#4246,#1769,.T.);
#5739=EDGE_CURVE('',#4532,#4473,#1770,.T.);
#5740=EDGE_CURVE('',#4532,#4533,#1771,.T.);
#5741=EDGE_CURVE('',#4533,#4522,#1772,.F.);
#5742=EDGE_CURVE('',#4534,#4410,#1773,.T.);
#5743=EDGE_CURVE('',#4472,#4534,#1774,.T.);
#5744=EDGE_CURVE('',#4254,#4535,#1775,.T.);
#5745=EDGE_CURVE('',#4536,#4535,#1776,.T.);
#5746=EDGE_CURVE('',#4536,#4526,#1777,.T.);
#5747=EDGE_CURVE('',#4525,#4384,#1778,.T.);
#5748=EDGE_CURVE('',#4412,#4537,#1779,.F.);
#5749=EDGE_CURVE('',#4538,#4411,#1780,.F.);
#5750=EDGE_CURVE('',#4537,#4538,#1781,.F.);
#5751=EDGE_CURVE('',#4539,#4521,#1782,.T.);
#5752=EDGE_CURVE('',#4488,#4539,#1783,.T.);
#5753=EDGE_CURVE('',#4499,#4540,#1784,.T.);
#5754=EDGE_CURVE('',#4541,#4540,#1785,.T.);
#5755=EDGE_CURVE('',#4542,#4541,#1786,.T.);
#5756=EDGE_CURVE('',#4543,#4542,#1787,.T.);
#5757=EDGE_CURVE('',#4544,#4543,#1788,.T.);
#5758=EDGE_CURVE('',#4545,#4544,#1789,.T.);
#5759=EDGE_CURVE('',#4545,#4546,#1790,.T.);
#5760=EDGE_CURVE('',#4547,#4546,#1791,.T.);
#5761=EDGE_CURVE('',#4548,#4547,#1792,.T.);
#5762=EDGE_CURVE('',#4549,#4548,#1793,.T.);
#5763=EDGE_CURVE('',#4549,#4550,#1794,.T.);
#5764=EDGE_CURVE('',#4551,#4550,#1795,.T.);
#5765=EDGE_CURVE('',#4552,#4551,#1796,.T.);
#5766=EDGE_CURVE('',#4553,#4552,#1797,.T.);
#5767=EDGE_CURVE('',#4553,#4442,#1798,.T.);
#5768=EDGE_CURVE('',#4554,#4555,#1799,.T.);
#5769=EDGE_CURVE('',#4556,#4554,#1800,.T.);
#5770=EDGE_CURVE('',#4557,#4556,#1801,.T.);
#5771=EDGE_CURVE('',#4555,#4557,#1802,.T.);
#5772=EDGE_CURVE('',#4558,#4559,#1803,.T.);
#5773=EDGE_CURVE('',#4560,#4558,#1804,.T.);
#5774=EDGE_CURVE('',#4561,#4560,#1805,.T.);
#5775=EDGE_CURVE('',#4559,#4561,#1806,.T.);
#5776=EDGE_CURVE('',#4562,#4563,#1807,.T.);
#5777=EDGE_CURVE('',#4564,#4562,#1808,.T.);
#5778=EDGE_CURVE('',#4565,#4564,#1809,.T.);
#5779=EDGE_CURVE('',#4563,#4565,#1810,.T.);
#5780=EDGE_CURVE('',#4566,#4567,#1811,.T.);
#5781=EDGE_CURVE('',#4568,#4566,#1812,.T.);
#5782=EDGE_CURVE('',#4569,#4568,#1813,.T.);
#5783=EDGE_CURVE('',#4567,#4569,#1814,.T.);
#5784=EDGE_CURVE('',#4409,#4570,#1815,.T.);
#5785=EDGE_CURVE('',#4570,#4534,#1816,.T.);
#5786=EDGE_CURVE('',#4571,#4570,#1817,.T.);
#5787=EDGE_CURVE('',#4571,#4572,#1818,.F.);
#5788=EDGE_CURVE('',#4572,#4532,#1819,.F.);
#5789=EDGE_CURVE('',#4573,#4574,#1820,.T.);
#5790=EDGE_CURVE('',#4574,#4575,#1821,.T.);
#5791=EDGE_CURVE('',#4575,#4576,#1822,.T.);
#5792=EDGE_CURVE('',#4576,#4573,#1823,.T.);
#5793=EDGE_CURVE('',#4577,#4573,#1824,.T.);
#5794=EDGE_CURVE('',#4576,#4578,#1825,.T.);
#5795=EDGE_CURVE('',#4578,#4577,#1826,.T.);
#5796=EDGE_CURVE('',#4574,#4579,#1827,.T.);
#5797=EDGE_CURVE('',#4580,#4579,#1828,.T.);
#5798=EDGE_CURVE('',#4580,#4536,#1829,.T.);
#5799=EDGE_CURVE('',#4535,#4575,#1830,.T.);
#5800=EDGE_CURVE('',#4579,#4581,#1831,.T.);
#5801=EDGE_CURVE('',#4581,#4582,#1832,.T.);
#5802=EDGE_CURVE('',#4582,#4580,#1833,.T.);
#5803=EDGE_CURVE('',#4581,#4583,#1834,.T.);
#5804=EDGE_CURVE('',#4583,#4577,#1835,.T.);
#5805=EDGE_CURVE('',#4584,#4531,#1836,.T.);
#5806=EDGE_CURVE('',#4585,#4584,#1837,.T.);
#5807=EDGE_CURVE('',#4586,#4585,#1838,.T.);
#5808=EDGE_CURVE('',#4578,#4586,#1839,.T.);
#5809=EDGE_CURVE('',#4587,#4582,#1840,.T.);
#5810=EDGE_CURVE('',#4582,#4585,#1841,.T.);
#5811=EDGE_CURVE('',#4584,#4587,#1842,.T.);
#5812=EDGE_CURVE('',#4587,#4588,#1843,.T.);
#5813=EDGE_CURVE('',#4589,#4588,#1844,.T.);
#5814=EDGE_CURVE('',#4590,#4589,#1845,.T.);
#5815=EDGE_CURVE('',#4590,#4587,#1846,.T.);
#5816=EDGE_CURVE('',#4528,#4591,#1847,.T.);
#5817=EDGE_CURVE('',#4592,#4591,#1848,.T.);
#5818=EDGE_CURVE('',#4593,#4592,#1849,.T.);
#5819=EDGE_CURVE('',#4594,#4593,#1850,.T.);
#5820=EDGE_CURVE('',#4594,#4595,#1851,.T.);
#5821=EDGE_CURVE('',#4596,#4595,#1852,.T.);
#5822=EDGE_CURVE('',#4597,#4596,#1853,.T.);
#5823=EDGE_CURVE('',#4598,#4597,#1854,.T.);
#5824=EDGE_CURVE('',#4599,#4598,#1855,.T.);
#5825=EDGE_CURVE('',#4600,#4599,#1856,.T.);
#5826=EDGE_CURVE('',#4600,#4601,#1857,.T.);
#5827=EDGE_CURVE('',#4601,#4529,#1858,.T.);
#5828=EDGE_CURVE('',#4593,#4602,#1859,.T.);
#5829=EDGE_CURVE('',#4592,#4603,#1860,.T.);
#5830=EDGE_CURVE('',#4602,#4603,#1861,.T.);
#5831=EDGE_CURVE('',#4604,#4596,#1862,.T.);
#5832=EDGE_CURVE('',#4605,#4604,#1863,.T.);
#5833=EDGE_CURVE('',#4597,#4605,#1864,.T.);
#5834=EDGE_CURVE('',#4606,#4605,#1865,.T.);
#5835=EDGE_CURVE('',#4598,#4606,#1866,.T.);
#5836=EDGE_CURVE('',#4607,#4606,#1867,.T.);
#5837=EDGE_CURVE('',#4599,#4607,#1868,.T.);
#5838=EDGE_CURVE('',#4608,#4600,#1869,.T.);
#5839=EDGE_CURVE('',#4609,#4608,#1870,.T.);
#5840=EDGE_CURVE('',#4601,#4609,#1871,.T.);
#5841=EDGE_CURVE('',#4524,#4609,#1872,.T.);
#5842=EDGE_CURVE('',#4610,#4611,#1873,.T.);
#5843=EDGE_CURVE('',#4612,#4610,#1874,.T.);
#5844=EDGE_CURVE('',#4591,#4612,#1875,.T.);
#5845=EDGE_CURVE('',#4527,#4611,#1876,.T.);
#5846=EDGE_CURVE('',#4603,#4612,#1877,.T.);
#5847=EDGE_CURVE('',#4613,#4593,#1878,.T.);
#5848=EDGE_CURVE('',#4614,#4613,#1879,.T.);
#5849=EDGE_CURVE('',#4614,#4594,#1880,.T.);
#5850=EDGE_CURVE('',#4615,#4616,#1881,.T.);
#5851=EDGE_CURVE('',#4616,#4617,#1882,.T.);
#5852=EDGE_CURVE('',#4617,#4618,#1883,.T.);
#5853=EDGE_CURVE('',#4618,#4615,#1884,.T.);
#5854=EDGE_CURVE('',#4550,#4619,#1885,.T.);
#5855=EDGE_CURVE('',#4619,#4620,#1886,.T.);
#5856=EDGE_CURVE('',#4620,#4551,#1887,.T.);
#5857=EDGE_CURVE('',#4621,#4622,#1888,.T.);
#5858=EDGE_CURVE('',#4621,#4623,#1889,.T.);
#5859=EDGE_CURVE('',#4624,#4623,#1890,.T.);
#5860=EDGE_CURVE('',#4625,#4624,#1891,.T.);
#5861=EDGE_CURVE('',#4625,#4626,#1892,.T.);
#5862=EDGE_CURVE('',#4626,#4622,#1893,.T.);
#5863=EDGE_CURVE('',#4627,#4544,#1894,.T.);
#5864=EDGE_CURVE('',#4627,#4628,#1895,.T.);
#5865=EDGE_CURVE('',#4628,#4545,#1896,.T.);
#5866=EDGE_CURVE('',#4629,#4630,#1897,.T.);
#5867=EDGE_CURVE('',#4554,#4629,#1898,.T.);
#5868=EDGE_CURVE('',#4555,#4630,#1899,.T.);
#5869=EDGE_CURVE('',#4630,#4631,#1900,.T.);
#5870=EDGE_CURVE('',#4557,#4631,#1901,.T.);
#5871=EDGE_CURVE('',#4632,#4633,#1902,.T.);
#5872=EDGE_CURVE('',#4558,#4632,#1903,.T.);
#5873=EDGE_CURVE('',#4559,#4633,#1904,.T.);
#5874=EDGE_CURVE('',#4633,#4634,#1905,.T.);
#5875=EDGE_CURVE('',#4561,#4634,#1906,.T.);
#5876=EDGE_CURVE('',#4635,#4636,#1907,.T.);
#5877=EDGE_CURVE('',#4562,#4635,#1908,.T.);
#5878=EDGE_CURVE('',#4563,#4636,#1909,.T.);
#5879=EDGE_CURVE('',#4636,#4637,#1910,.T.);
#5880=EDGE_CURVE('',#4565,#4637,#1911,.T.);
#5881=EDGE_CURVE('',#4638,#4639,#1912,.T.);
#5882=EDGE_CURVE('',#4566,#4638,#1913,.T.);
#5883=EDGE_CURVE('',#4567,#4639,#1914,.T.);
#5884=EDGE_CURVE('',#4639,#4640,#1915,.T.);
#5885=EDGE_CURVE('',#4569,#4640,#1916,.T.);
#5886=EDGE_CURVE('',#4641,#4642,#136,.T.);
#5887=EDGE_CURVE('',#4454,#4641,#1917,.T.);
#5888=EDGE_CURVE('',#4456,#4642,#1918,.T.);
#5889=EDGE_CURVE('',#4643,#4644,#1919,.T.);
#5890=EDGE_CURVE('',#4645,#4644,#1920,.T.);
#5891=EDGE_CURVE('',#4646,#4645,#1921,.F.);
#5892=EDGE_CURVE('',#4646,#4647,#1922,.T.);
#5893=EDGE_CURVE('',#4553,#4647,#1923,.T.);
#5894=EDGE_CURVE('',#4648,#4552,#1924,.T.);
#5895=EDGE_CURVE('',#4649,#4648,#1925,.T.);
#5896=EDGE_CURVE('',#4649,#4650,#1926,.T.);
#5897=EDGE_CURVE('',#4650,#4643,#1927,.T.);
#5898=EDGE_CURVE('',#4651,#4652,#1928,.T.);
#5899=EDGE_CURVE('',#4446,#4651,#1929,.T.);
#5900=EDGE_CURVE('',#4445,#4652,#1930,.T.);
#5901=EDGE_CURVE('',#4653,#4654,#1931,.T.);
#5902=EDGE_CURVE('',#4652,#4653,#1932,.T.);
#5903=EDGE_CURVE('',#4444,#4655,#1933,.T.);
#5904=EDGE_CURVE('',#4654,#4655,#1934,.T.);
#5905=EDGE_CURVE('',#4656,#4657,#1935,.T.);
#5906=EDGE_CURVE('',#4658,#4656,#1936,.T.);
#5907=EDGE_CURVE('',#4449,#4658,#1937,.T.);
#5908=EDGE_CURVE('',#4448,#4659,#1938,.T.);
#5909=EDGE_CURVE('',#4657,#4659,#1939,.T.);
#5910=EDGE_CURVE('',#4447,#4660,#1940,.T.);
#5911=EDGE_CURVE('',#4659,#4660,#1941,.T.);
#5912=EDGE_CURVE('',#4661,#4658,#1942,.T.);
#5913=EDGE_CURVE('',#4662,#4661,#1943,.T.);
#5914=EDGE_CURVE('',#4663,#4662,#1944,.T.);
#5915=EDGE_CURVE('',#4663,#4664,#1945,.T.);
#5916=EDGE_CURVE('',#4664,#4450,#1946,.T.);
#5917=EDGE_CURVE('',#4657,#4665,#1947,.T.);
#5918=EDGE_CURVE('',#4660,#4666,#1948,.T.);
#5919=EDGE_CURVE('',#4654,#4666,#1949,.T.);
#5920=EDGE_CURVE('',#4655,#4667,#1950,.T.);
#5921=EDGE_CURVE('',#4667,#4663,#1951,.T.);
#5922=EDGE_CURVE('',#4665,#4662,#1952,.T.);
#5923=EDGE_CURVE('',#4668,#4669,#1953,.T.);
#5924=EDGE_CURVE('',#4668,#4670,#1954,.T.);
#5925=EDGE_CURVE('',#4670,#4653,#1955,.F.);
#5926=EDGE_CURVE('',#4666,#4671,#1956,.T.);
#5927=EDGE_CURVE('',#4671,#4656,#1957,.F.);
#5928=EDGE_CURVE('',#4665,#4669,#1958,.T.);
#5929=EDGE_CURVE('',#4672,#4673,#1959,.T.);
#5930=EDGE_CURVE('',#4674,#4672,#1960,.T.);
#5931=EDGE_CURVE('',#4617,#4674,#1961,.T.);
#5932=EDGE_CURVE('',#4498,#4616,#1962,.T.);
#5933=EDGE_CURVE('',#4675,#4497,#1963,.T.);
#5934=EDGE_CURVE('',#4675,#4673,#1964,.T.);
#5935=EDGE_CURVE('',#4676,#4675,#1965,.T.);
#5936=EDGE_CURVE('',#4496,#4677,#1966,.F.);
#5937=EDGE_CURVE('',#4678,#4677,#1967,.T.);
#5938=EDGE_CURVE('',#4676,#4678,#1968,.T.);
#5939=EDGE_CURVE('',#4679,#4321,#1969,.F.);
#5940=EDGE_CURVE('',#4320,#4680,#1970,.T.);
#5941=EDGE_CURVE('',#4680,#4679,#1971,.T.);
#5942=EDGE_CURVE('',#4681,#4679,#1972,.F.);
#5943=EDGE_CURVE('',#4680,#4682,#1973,.T.);
#5944=EDGE_CURVE('',#4682,#4681,#1974,.T.);
#5945=EDGE_CURVE('',#4683,#4681,#1975,.F.);
#5946=EDGE_CURVE('',#4682,#4684,#1976,.T.);
#5947=EDGE_CURVE('',#4684,#4683,#1977,.T.);
#5948=EDGE_CURVE('',#4685,#4686,#1978,.T.);
#5949=EDGE_CURVE('',#4686,#4687,#1979,.F.);
#5950=EDGE_CURVE('',#4688,#4687,#1980,.T.);
#5951=EDGE_CURVE('',#4688,#4678,#1981,.T.);
#5952=EDGE_CURVE('',#4677,#4323,#1982,.F.);
#5953=EDGE_CURVE('',#4322,#4689,#1983,.F.);
#5954=EDGE_CURVE('',#4689,#4690,#1984,.T.);
#5955=EDGE_CURVE('',#4690,#4685,#1985,.T.);
#5956=EDGE_CURVE('',#4691,#4523,#1986,.T.);
#5957=EDGE_CURVE('',#4539,#4691,#1987,.T.);
#5958=EDGE_CURVE('',#4489,#4691,#1988,.T.);
#5959=EDGE_CURVE('',#4692,#4693,#1989,.T.);
#5960=EDGE_CURVE('',#4694,#4692,#1990,.T.);
#5961=EDGE_CURVE('',#4695,#4694,#1991,.T.);
#5962=EDGE_CURVE('',#4696,#4695,#137,.T.);
#5963=EDGE_CURVE('',#4697,#4696,#1992,.T.);
#5964=EDGE_CURVE('',#4698,#4697,#1993,.T.);
#5965=EDGE_CURVE('',#4699,#4698,#1994,.T.);
#5966=EDGE_CURVE('',#4700,#4699,#1995,.T.);
#5967=EDGE_CURVE('',#4700,#4319,#1996,.T.);
#5968=EDGE_CURVE('',#4318,#4533,#1997,.F.);
#5969=EDGE_CURVE('',#4693,#4532,#1998,.T.);
#5970=EDGE_CURVE('',#4701,#4702,#1999,.T.);
#5971=EDGE_CURVE('',#4703,#4701,#2000,.T.);
#5972=EDGE_CURVE('',#4703,#4704,#2001,.F.);
#5973=EDGE_CURVE('',#4704,#4543,#2002,.T.);
#5974=EDGE_CURVE('',#4542,#4702,#2003,.T.);
#5975=EDGE_CURVE('',#4703,#4705,#2004,.T.);
#5976=EDGE_CURVE('',#4701,#4706,#2005,.F.);
#5977=EDGE_CURVE('',#4707,#4706,#2006,.T.);
#5978=EDGE_CURVE('',#4707,#4708,#2007,.T.);
#5979=EDGE_CURVE('',#4705,#4708,#2008,.T.);
#5980=EDGE_CURVE('',#4709,#4704,#2009,.T.);
#5981=EDGE_CURVE('',#4710,#4709,#2010,.T.);
#5982=EDGE_CURVE('',#4710,#4627,#2011,.T.);
#5983=EDGE_CURVE('',#4709,#4705,#2012,.F.);
#5984=EDGE_CURVE('',#4711,#4712,#2013,.T.);
#5985=EDGE_CURVE('',#4713,#4711,#2014,.T.);
#5986=EDGE_CURVE('',#4713,#4714,#2015,.T.);
#5987=EDGE_CURVE('',#4715,#4714,#2016,.T.);
#5988=EDGE_CURVE('',#4716,#4715,#2017,.T.);
#5989=EDGE_CURVE('',#4093,#4716,#2018,.T.);
#5990=EDGE_CURVE('',#4717,#4097,#2019,.T.);
#5991=EDGE_CURVE('',#4717,#4712,#2020,.T.);
#5992=EDGE_CURVE('',#4718,#4719,#2021,.T.);
#5993=EDGE_CURVE('',#4718,#4720,#2022,.T.);
#5994=EDGE_CURVE('',#4720,#4721,#2023,.T.);
#5995=EDGE_CURVE('',#4714,#4721,#2024,.T.);
#5996=EDGE_CURVE('',#4719,#4713,#2025,.T.);
#5997=EDGE_CURVE('',#4722,#4621,#2026,.T.);
#5998=EDGE_CURVE('',#4723,#4722,#2027,.T.);
#5999=EDGE_CURVE('',#4723,#4724,#2028,.T.);
#6000=EDGE_CURVE('',#4725,#4724,#2029,.T.);
#6001=EDGE_CURVE('',#4623,#4725,#2030,.T.);
#6002=EDGE_CURVE('',#4711,#4624,#2031,.T.);
#6003=EDGE_CURVE('',#4725,#4719,#2032,.T.);
#6004=EDGE_CURVE('',#4712,#4625,#2033,.T.);
#6005=EDGE_CURVE('',#4724,#4718,#2034,.T.);
#6006=EDGE_CURVE('',#4726,#4727,#2035,.T.);
#6007=EDGE_CURVE('',#4727,#4728,#2036,.T.);
#6008=EDGE_CURVE('',#4728,#4729,#2037,.T.);
#6009=EDGE_CURVE('',#4729,#4726,#2038,.F.);
#6010=EDGE_CURVE('',#4730,#4722,#2039,.T.);
#6011=EDGE_CURVE('',#4730,#4731,#2040,.T.);
#6012=EDGE_CURVE('',#4731,#4732,#2041,.T.);
#6013=EDGE_CURVE('',#4733,#4732,#2042,.T.);
#6014=EDGE_CURVE('',#4733,#4100,#2043,.F.);
#6015=EDGE_CURVE('',#4099,#4723,#2044,.T.);
#6016=EDGE_CURVE('',#4734,#4098,#2045,.T.);
#6017=EDGE_CURVE('',#4720,#4734,#2046,.T.);
#6018=EDGE_CURVE('',#4735,#4733,#2047,.T.);
#6019=EDGE_CURVE('',#4732,#4736,#2048,.T.);
#6020=EDGE_CURVE('',#4736,#4735,#2049,.T.);
#6021=EDGE_CURVE('',#4737,#4738,#2050,.T.);
#6022=EDGE_CURVE('',#4739,#4738,#2051,.F.);
#6023=EDGE_CURVE('',#4739,#4730,#2052,.T.);
#6024=EDGE_CURVE('',#4740,#4622,#2053,.F.);
#6025=EDGE_CURVE('',#4741,#4740,#2054,.F.);
#6026=EDGE_CURVE('',#4741,#4742,#2055,.T.);
#6027=EDGE_CURVE('',#4742,#4737,#2056,.T.);
#6028=EDGE_CURVE('',#4743,#4641,#2057,.T.);
#6029=EDGE_CURVE('',#4453,#4743,#2058,.T.);
#6030=EDGE_CURVE('',#4744,#4743,#138,.T.);
#6031=EDGE_CURVE('',#4455,#4744,#2059,.T.);
#6032=EDGE_CURVE('',#4642,#4744,#2060,.T.);
#6033=EDGE_CURVE('',#4671,#4651,#2061,.T.);
#6034=EDGE_CURVE('',#4745,#4746,#2062,.F.);
#6035=EDGE_CURVE('',#4747,#4746,#2063,.T.);
#6036=EDGE_CURVE('',#4747,#4748,#2064,.T.);
#6037=EDGE_CURVE('',#4748,#4749,#2065,.T.);
#6038=EDGE_CURVE('',#4749,#4750,#2066,.F.);
#6039=EDGE_CURVE('',#4751,#4750,#2067,.T.);
#6040=EDGE_CURVE('',#4752,#4751,#2068,.T.);
#6041=EDGE_CURVE('',#4752,#4745,#2069,.T.);
#6042=EDGE_CURVE('',#4753,#4632,#2070,.T.);
#6043=EDGE_CURVE('',#4560,#4753,#2071,.T.);
#6044=EDGE_CURVE('',#4634,#4753,#2072,.T.);
#6045=EDGE_CURVE('',#4754,#4635,#2073,.T.);
#6046=EDGE_CURVE('',#4564,#4754,#2074,.T.);
#6047=EDGE_CURVE('',#4637,#4754,#2075,.T.);
#6048=EDGE_CURVE('',#4755,#4638,#2076,.T.);
#6049=EDGE_CURVE('',#4568,#4755,#2077,.T.);
#6050=EDGE_CURVE('',#4640,#4755,#2078,.T.);
#6051=EDGE_CURVE('',#4756,#4629,#2079,.T.);
#6052=EDGE_CURVE('',#4556,#4756,#2080,.T.);
#6053=EDGE_CURVE('',#4631,#4756,#2081,.T.);
#6054=EDGE_CURVE('',#4757,#4758,#2082,.F.);
#6055=EDGE_CURVE('',#4759,#4757,#2083,.F.);
#6056=EDGE_CURVE('',#4760,#4759,#2084,.F.);
#6057=EDGE_CURVE('',#4761,#4760,#2085,.F.);
#6058=EDGE_CURVE('',#4762,#4761,#2086,.F.);
#6059=EDGE_CURVE('',#4758,#4762,#2087,.F.);
#6060=EDGE_CURVE('',#4547,#4763,#2088,.T.);
#6061=EDGE_CURVE('',#4546,#4764,#2089,.T.);
#6062=EDGE_CURVE('',#4763,#4764,#2090,.T.);
#6063=EDGE_CURVE('',#4706,#4729,#2091,.F.);
#6064=EDGE_CURVE('',#4728,#4707,#2092,.T.);
#6065=EDGE_CURVE('',#4765,#4766,#2093,.T.);
#6066=EDGE_CURVE('',#4765,#4758,#2094,.T.);
#6067=EDGE_CURVE('',#4766,#4762,#2095,.T.);
#6068=EDGE_CURVE('',#4767,#4765,#2096,.T.);
#6069=EDGE_CURVE('',#4767,#4757,#2097,.T.);
#6070=EDGE_CURVE('',#4768,#4767,#2098,.T.);
#6071=EDGE_CURVE('',#4768,#4759,#2099,.T.);
#6072=EDGE_CURVE('',#4769,#4770,#2100,.T.);
#6073=EDGE_CURVE('',#4769,#4771,#2101,.T.);
#6074=EDGE_CURVE('',#4669,#4771,#2102,.T.);
#6075=EDGE_CURVE('',#4669,#4770,#2103,.T.);
#6076=EDGE_CURVE('',#4772,#4769,#2104,.T.);
#6077=EDGE_CURVE('',#4770,#4772,#2105,.T.);
#6078=EDGE_CURVE('',#4773,#4774,#2106,.T.);
#6079=EDGE_CURVE('',#4773,#4572,#2107,.T.);
#6080=EDGE_CURVE('',#4571,#4775,#2108,.T.);
#6081=EDGE_CURVE('',#4776,#4775,#2109,.F.);
#6082=EDGE_CURVE('',#4776,#4760,#2110,.T.);
#6083=EDGE_CURVE('',#4777,#4768,#2111,.F.);
#6084=EDGE_CURVE('',#4541,#4777,#2112,.T.);
#6085=EDGE_CURVE('',#4540,#4778,#2113,.T.);
#6086=EDGE_CURVE('',#4778,#4710,#2114,.T.);
#6087=EDGE_CURVE('',#4708,#4779,#2115,.T.);
#6088=EDGE_CURVE('',#4780,#4779,#2116,.T.);
#6089=EDGE_CURVE('',#4781,#4780,#2117,.T.);
#6090=EDGE_CURVE('',#4782,#4781,#2118,.T.);
#6091=EDGE_CURVE('',#4783,#4782,#2119,.T.);
#6092=EDGE_CURVE('',#4784,#4783,#139,.T.);
#6093=EDGE_CURVE('',#4785,#4784,#2120,.T.);
#6094=EDGE_CURVE('',#4786,#4785,#2121,.T.);
#6095=EDGE_CURVE('',#4774,#4786,#2122,.T.);
#6096=EDGE_CURVE('',#4779,#4700,#2123,.T.);
#6097=EDGE_CURVE('',#4699,#4780,#2124,.T.);
#6098=EDGE_CURVE('',#4698,#4781,#2125,.T.);
#6099=EDGE_CURVE('',#4697,#4782,#2126,.T.);
#6100=EDGE_CURVE('',#4696,#4783,#2127,.T.);
#6101=EDGE_CURVE('',#4695,#4784,#2128,.T.);
#6102=EDGE_CURVE('',#4692,#4774,#2129,.T.);
#6103=EDGE_CURVE('',#4693,#4773,#2130,.T.);
#6104=EDGE_CURVE('',#4785,#4787,#2131,.T.);
#6105=EDGE_CURVE('',#4787,#4694,#2132,.T.);
#6106=EDGE_CURVE('',#4788,#4786,#2133,.T.);
#6107=EDGE_CURVE('',#4788,#4789,#2134,.T.);
#6108=EDGE_CURVE('',#4774,#4789,#2135,.T.);
#6109=EDGE_CURVE('',#4692,#4790,#2136,.T.);
#6110=EDGE_CURVE('',#4787,#4790,#2137,.T.);
#6111=EDGE_CURVE('',#4790,#4789,#2138,.T.);
#6112=EDGE_CURVE('',#4785,#4788,#2139,.T.);
#6113=EDGE_CURVE('',#4791,#4777,#2140,.T.);
#6114=EDGE_CURVE('',#4791,#4792,#2141,.T.);
#6115=EDGE_CURVE('',#4792,#4702,#2142,.F.);
#6116=EDGE_CURVE('',#4793,#4791,#2143,.T.);
#6117=EDGE_CURVE('',#4793,#4794,#2144,.T.);
#6118=EDGE_CURVE('',#4794,#4792,#2145,.F.);
#6119=EDGE_CURVE('',#4766,#4795,#2146,.F.);
#6120=EDGE_CURVE('',#4795,#4796,#2147,.T.);
#6121=EDGE_CURVE('',#4797,#4796,#2148,.T.);
#6122=EDGE_CURVE('',#4798,#4797,#2149,.T.);
#6123=EDGE_CURVE('',#4799,#4798,#2150,.T.);
#6124=EDGE_CURVE('',#4799,#4793,#2151,.T.);
#6125=EDGE_CURVE('',#4751,#4800,#2152,.T.);
#6126=EDGE_CURVE('',#4750,#4801,#2153,.F.);
#6127=EDGE_CURVE('',#4795,#4801,#2154,.T.);
#6128=EDGE_CURVE('',#4800,#4761,#2155,.T.);
#6129=EDGE_CURVE('',#4802,#4752,#2156,.T.);
#6130=EDGE_CURVE('',#4800,#4802,#2157,.T.);
#6131=EDGE_CURVE('',#4803,#4804,#2158,.T.);
#6132=EDGE_CURVE('',#4804,#4805,#2159,.T.);
#6133=EDGE_CURVE('',#4740,#4805,#2160,.T.);
#6134=EDGE_CURVE('',#4626,#4803,#2161,.T.);
#6135=EDGE_CURVE('',#4806,#4807,#2162,.T.);
#6136=EDGE_CURVE('',#4807,#4803,#2163,.T.);
#6137=EDGE_CURVE('',#4808,#4717,#2164,.T.);
#6138=EDGE_CURVE('',#4806,#4808,#2165,.T.);
#6139=EDGE_CURVE('',#4648,#4620,#2166,.T.);
#6140=EDGE_CURVE('',#4809,#4443,#2167,.T.);
#6141=EDGE_CURVE('',#4731,#4809,#2168,.T.);
#6142=EDGE_CURVE('',#4667,#4739,#2169,.T.);
#6143=EDGE_CURVE('',#4809,#4810,#2170,.T.);
#6144=EDGE_CURVE('',#4810,#4811,#2171,.T.);
#6145=EDGE_CURVE('',#4811,#4812,#2172,.T.);
#6146=EDGE_CURVE('',#4813,#4812,#2173,.T.);
#6147=EDGE_CURVE('',#4814,#4813,#2174,.T.);
#6148=EDGE_CURVE('',#4815,#4814,#2175,.T.);
#6149=EDGE_CURVE('',#4816,#4815,#2176,.T.);
#6150=EDGE_CURVE('',#4817,#4816,#2177,.T.);
#6151=EDGE_CURVE('',#4818,#4817,#2178,.T.);
#6152=EDGE_CURVE('',#4819,#4818,#2179,.T.);
#6153=EDGE_CURVE('',#4736,#4819,#2180,.T.);
#6154=EDGE_CURVE('',#4820,#4821,#2181,.T.);
#6155=EDGE_CURVE('',#4822,#4820,#2182,.T.);
#6156=EDGE_CURVE('',#4823,#4822,#2183,.T.);
#6157=EDGE_CURVE('',#4824,#4823,#2184,.T.);
#6158=EDGE_CURVE('',#4824,#4825,#2185,.T.);
#6159=EDGE_CURVE('',#4821,#4825,#2186,.F.);
#6160=EDGE_CURVE('',#4646,#4825,#2187,.T.);
#6161=EDGE_CURVE('',#4824,#4647,#2188,.T.);
#6162=EDGE_CURVE('',#4826,#4827,#2189,.T.);
#6163=EDGE_CURVE('',#4827,#4776,#2190,.T.);
#6164=EDGE_CURVE('',#4775,#4826,#2191,.T.);
#6165=EDGE_CURVE('',#4828,#4408,#2192,.T.);
#6166=EDGE_CURVE('',#4828,#4670,#2193,.F.);
#6167=EDGE_CURVE('',#4829,#4668,#2194,.T.);
#6168=EDGE_CURVE('',#4814,#4829,#2195,.T.);
#6169=EDGE_CURVE('',#4813,#4830,#2196,.T.);
#6170=EDGE_CURVE('',#4830,#4831,#2197,.F.);
#6171=EDGE_CURVE('',#4832,#4831,#2198,.T.);
#6172=EDGE_CURVE('',#4833,#4832,#2199,.T.);
#6173=EDGE_CURVE('',#4833,#4834,#2200,.T.);
#6174=EDGE_CURVE('',#4834,#4835,#2201,.T.);
#6175=EDGE_CURVE('',#4826,#4835,#2202,.T.);
#6176=EDGE_CURVE('',#4771,#4829,#2203,.T.);
#6177=EDGE_CURVE('',#4835,#4836,#2204,.T.);
#6178=EDGE_CURVE('',#4827,#4836,#2205,.T.);
#6179=EDGE_CURVE('',#4818,#4837,#2206,.T.);
#6180=EDGE_CURVE('',#4838,#4837,#2207,.T.);
#6181=EDGE_CURVE('',#4819,#4838,#2208,.T.);
#6182=EDGE_CURVE('',#4832,#4839,#2209,.T.);
#6183=EDGE_CURVE('',#4839,#4840,#2210,.T.);
#6184=EDGE_CURVE('',#4840,#4833,#2211,.T.);
#6185=EDGE_CURVE('',#4836,#4841,#2212,.T.);
#6186=EDGE_CURVE('',#4841,#4834,#2213,.T.);
#6187=EDGE_CURVE('',#4840,#4841,#2214,.T.);
#6188=EDGE_CURVE('',#4842,#4843,#2215,.F.);
#6189=EDGE_CURVE('',#4831,#4842,#2216,.F.);
#6190=EDGE_CURVE('',#4843,#4830,#2217,.F.);
#6191=EDGE_CURVE('',#4812,#4843,#2218,.T.);
#6192=EDGE_CURVE('',#4839,#4842,#2219,.T.);
#6193=EDGE_CURVE('',#4645,#4821,#2220,.F.);
#6194=EDGE_CURVE('',#4811,#4844,#2221,.T.);
#6195=EDGE_CURVE('',#4844,#4845,#2222,.T.);
#6196=EDGE_CURVE('',#4845,#4810,#2223,.T.);
#6197=EDGE_CURVE('',#4802,#4442,#2224,.T.);
#6198=EDGE_CURVE('',#4644,#4649,#2225,.T.);
#6199=EDGE_CURVE('',#4846,#4644,#2226,.T.);
#6200=EDGE_CURVE('',#4846,#4847,#2227,.T.);
#6201=EDGE_CURVE('',#4847,#4848,#2228,.T.);
#6202=EDGE_CURVE('',#4848,#4849,#2229,.T.);
#6203=EDGE_CURVE('',#4849,#4850,#2230,.T.);
#6204=EDGE_CURVE('',#4850,#4851,#2231,.T.);
#6205=EDGE_CURVE('',#4649,#4851,#2232,.T.);
#6206=EDGE_CURVE('',#4852,#4853,#2233,.T.);
#6207=EDGE_CURVE('',#4851,#4852,#2234,.T.);
#6208=EDGE_CURVE('',#4850,#4853,#2235,.T.);
#6209=EDGE_CURVE('',#4853,#4854,#2236,.T.);
#6210=EDGE_CURVE('',#4849,#4854,#2237,.T.);
#6211=EDGE_CURVE('',#4854,#4855,#2238,.T.);
#6212=EDGE_CURVE('',#4848,#4855,#2239,.T.);
#6213=EDGE_CURVE('',#4855,#4856,#2240,.T.);
#6214=EDGE_CURVE('',#4847,#4856,#2241,.T.);
#6215=EDGE_CURVE('',#4856,#4857,#2242,.T.);
#6216=EDGE_CURVE('',#4846,#4857,#2243,.T.);
#6217=EDGE_CURVE('',#4857,#4811,#2244,.T.);
#6218=EDGE_CURVE('',#4643,#4844,#2245,.T.);
#6219=EDGE_CURVE('',#4650,#4845,#2246,.T.);
#6220=EDGE_CURVE('',#4810,#4852,#2247,.T.);
#6221=EDGE_CURVE('',#4101,#4735,#2248,.F.);
#6222=EDGE_CURVE('',#4858,#4859,#2249,.T.);
#6223=EDGE_CURVE('',#4748,#4859,#2250,.T.);
#6224=EDGE_CURVE('',#4860,#4747,#2251,.T.);
#6225=EDGE_CURVE('',#4861,#4860,#2252,.T.);
#6226=EDGE_CURVE('',#4861,#4862,#2253,.T.);
#6227=EDGE_CURVE('',#4863,#4862,#2254,.T.);
#6228=EDGE_CURVE('',#4820,#4863,#2255,.T.);
#6229=EDGE_CURVE('',#4864,#4619,#2256,.T.);
#6230=EDGE_CURVE('',#4864,#4858,#2257,.T.);
#6231=EDGE_CURVE('',#4628,#4764,#2258,.T.);
#6232=EDGE_CURVE('',#4864,#4549,#2259,.T.);
#6233=EDGE_CURVE('',#4858,#4548,#2260,.T.);
#6234=EDGE_CURVE('',#4727,#4763,#2261,.T.);
#6235=EDGE_CURVE('',#4727,#4865,#2262,.T.);
#6236=EDGE_CURVE('',#4866,#4865,#2263,.T.);
#6237=EDGE_CURVE('',#4859,#4866,#2264,.T.);
#6238=EDGE_CURVE('',#4867,#4726,#2265,.T.);
#6239=EDGE_CURVE('',#4868,#4867,#2266,.T.);
#6240=EDGE_CURVE('',#4865,#4868,#2267,.T.);
#6241=EDGE_CURVE('',#4869,#4870,#2268,.T.);
#6242=EDGE_CURVE('',#4859,#4869,#2269,.T.);
#6243=EDGE_CURVE('',#4871,#4866,#2270,.T.);
#6244=EDGE_CURVE('',#4870,#4871,#2271,.T.);
#6245=EDGE_CURVE('',#4870,#4867,#2272,.T.);
#6246=EDGE_CURVE('',#4868,#4871,#2273,.T.);
#6247=EDGE_CURVE('',#4872,#4873,#2274,.T.);
#6248=EDGE_CURVE('',#4873,#4676,#2275,.T.);
#6249=EDGE_CURVE('',#4874,#4688,#2276,.T.);
#6250=EDGE_CURVE('',#4874,#4875,#2277,.T.);
#6251=EDGE_CURVE('',#4875,#4872,#2278,.T.);
#6252=EDGE_CURVE('',#4684,#4876,#2279,.T.);
#6253=EDGE_CURVE('',#4615,#4778,#2280,.T.);
#6254=EDGE_CURVE('',#4618,#4877,#2281,.T.);
#6255=EDGE_CURVE('',#4877,#4878,#2282,.T.);
#6256=EDGE_CURVE('',#4878,#4879,#2283,.T.);
#6257=EDGE_CURVE('',#4880,#4879,#2284,.T.);
#6258=EDGE_CURVE('',#4876,#4880,#2285,.T.);
#6259=EDGE_CURVE('',#4877,#4674,#2286,.T.);
#6260=EDGE_CURVE('',#4881,#4874,#2287,.T.);
#6261=EDGE_CURVE('',#4687,#4881,#2288,.F.);
#6262=EDGE_CURVE('',#4873,#4673,#2289,.T.);
#6263=EDGE_CURVE('',#4876,#4882,#2290,.T.);
#6264=EDGE_CURVE('',#4882,#4683,#2291,.F.);
#6265=EDGE_CURVE('',#4883,#4884,#2292,.T.);
#6266=EDGE_CURVE('',#4880,#4883,#2293,.T.);
#6267=EDGE_CURVE('',#4879,#4885,#2294,.T.);
#6268=EDGE_CURVE('',#4886,#4885,#2295,.T.);
#6269=EDGE_CURVE('',#4886,#4872,#2296,.T.);
#6270=EDGE_CURVE('',#4875,#4884,#2297,.T.);
#6271=EDGE_CURVE('',#4884,#4881,#2298,.T.);
#6272=EDGE_CURVE('',#4882,#4883,#2299,.T.);
#6273=EDGE_CURVE('',#4672,#4878,#2300,.T.);
#6274=EDGE_CURVE('',#4885,#4887,#2301,.T.);
#6275=EDGE_CURVE('',#4887,#4888,#2302,.T.);
#6276=EDGE_CURVE('',#4888,#4886,#2303,.T.);
#6277=EDGE_CURVE('',#4878,#4887,#2304,.T.);
#6278=EDGE_CURVE('',#4873,#4888,#2305,.T.);
#6279=EDGE_CURVE('',#4889,#4890,#2306,.T.);
#6280=EDGE_CURVE('',#4891,#4889,#2307,.T.);
#6281=EDGE_CURVE('',#4891,#4892,#2308,.T.);
#6282=EDGE_CURVE('',#4893,#4892,#2309,.T.);
#6283=EDGE_CURVE('',#4890,#4893,#2310,.T.);
#6284=EDGE_CURVE('',#4894,#4895,#2311,.T.);
#6285=EDGE_CURVE('',#4890,#4895,#2312,.T.);
#6286=EDGE_CURVE('',#4896,#4893,#2313,.T.);
#6287=EDGE_CURVE('',#4897,#4896,#2314,.T.);
#6288=EDGE_CURVE('',#4898,#4897,#2315,.T.);
#6289=EDGE_CURVE('',#4898,#4899,#2316,.T.);
#6290=EDGE_CURVE('',#4899,#4894,#2317,.T.);
#6291=EDGE_CURVE('',#4897,#4900,#2318,.T.);
#6292=EDGE_CURVE('',#4901,#4896,#2319,.T.);
#6293=EDGE_CURVE('',#4806,#4901,#2320,.T.);
#6294=EDGE_CURVE('',#4900,#4806,#2321,.T.);
#6295=EDGE_CURVE('',#4902,#4903,#2322,.T.);
#6296=EDGE_CURVE('',#4807,#4902,#2323,.T.);
#6297=EDGE_CURVE('',#4892,#4901,#2324,.T.);
#6298=EDGE_CURVE('',#4904,#4891,#2325,.T.);
#6299=EDGE_CURVE('',#4904,#4903,#2326,.T.);
#6300=EDGE_CURVE('',#4804,#4902,#2327,.T.);
#6301=EDGE_CURVE('',#4903,#4905,#2328,.T.);
#6302=EDGE_CURVE('',#4906,#4904,#2329,.T.);
#6303=EDGE_CURVE('',#4905,#4906,#2330,.T.);
#6304=EDGE_CURVE('',#4907,#4908,#2331,.T.);
#6305=EDGE_CURVE('',#4906,#4908,#2332,.T.);
#6306=EDGE_CURVE('',#4907,#4891,#2333,.T.);
#6307=EDGE_CURVE('',#4909,#4798,#2334,.T.);
#6308=EDGE_CURVE('',#4797,#4910,#2335,.T.);
#6309=EDGE_CURVE('',#4910,#4749,#2336,.F.);
#6310=EDGE_CURVE('',#4869,#4909,#2337,.F.);
#6311=EDGE_CURVE('',#4911,#4909,#2338,.T.);
#6312=EDGE_CURVE('',#4911,#4794,#2339,.F.);
#6313=EDGE_CURVE('',#4910,#4912,#2340,.T.);
#6314=EDGE_CURVE('',#4801,#4912,#2341,.F.);
#6315=EDGE_CURVE('',#4799,#4911,#2342,.T.);
#6316=EDGE_CURVE('',#4912,#4796,#2343,.T.);
#6317=EDGE_CURVE('',#4913,#4914,#2344,.T.);
#6318=EDGE_CURVE('',#4823,#4914,#2345,.F.);
#6319=EDGE_CURVE('',#4913,#4822,#2346,.F.);
#6320=EDGE_CURVE('',#4863,#4913,#2347,.T.);
#6321=EDGE_CURVE('',#4915,#4860,#2348,.T.);
#6322=EDGE_CURVE('',#4746,#4915,#2349,.F.);
#6323=EDGE_CURVE('',#4862,#4916,#2350,.T.);
#6324=EDGE_CURVE('',#4916,#4917,#2351,.T.);
#6325=EDGE_CURVE('',#4914,#4917,#2352,.T.);
#6326=EDGE_CURVE('',#4918,#4916,#2353,.T.);
#6327=EDGE_CURVE('',#4861,#4918,#2354,.T.);
#6328=EDGE_CURVE('',#4919,#4915,#2355,.T.);
#6329=EDGE_CURVE('',#4920,#4919,#2356,.T.);
#6330=EDGE_CURVE('',#4920,#4918,#2357,.T.);
#6331=EDGE_CURVE('',#4919,#4745,#2358,.F.);
#6332=EDGE_CURVE('',#4917,#4920,#2359,.T.);
#6333=EDGE_CURVE('',#4815,#4772,#2360,.T.);
#6334=EDGE_CURVE('',#4921,#4661,#2361,.T.);
#6335=EDGE_CURVE('',#4921,#4413,#2362,.T.);
#6336=EDGE_CURVE('',#4922,#4537,#2363,.T.);
#6337=EDGE_CURVE('',#4922,#4923,#2364,.T.);
#6338=EDGE_CURVE('',#4924,#4923,#2365,.T.);
#6339=EDGE_CURVE('',#4925,#4924,#2366,.T.);
#6340=EDGE_CURVE('',#4926,#4925,#2367,.T.);
#6341=EDGE_CURVE('',#4927,#4926,#2368,.T.);
#6342=EDGE_CURVE('',#4927,#4928,#2369,.F.);
#6343=EDGE_CURVE('',#4928,#4929,#2370,.T.);
#6344=EDGE_CURVE('',#4929,#4930,#2371,.F.);
#6345=EDGE_CURVE('',#4816,#4930,#2372,.T.);
#6346=EDGE_CURVE('',#4926,#4931,#2373,.T.);
#6347=EDGE_CURVE('',#4932,#4931,#2374,.T.);
#6348=EDGE_CURVE('',#4932,#4927,#2375,.F.);
#6349=EDGE_CURVE('',#4933,#4922,#2376,.T.);
#6350=EDGE_CURVE('',#4933,#4538,#2377,.T.);
#6351=EDGE_CURVE('',#4934,#4929,#2378,.F.);
#6352=EDGE_CURVE('',#4935,#4934,#2379,.F.);
#6353=EDGE_CURVE('',#4930,#4935,#2380,.F.);
#6354=EDGE_CURVE('',#4928,#4936,#2381,.T.);
#6355=EDGE_CURVE('',#4936,#4934,#2382,.T.);
#6356=EDGE_CURVE('',#4817,#4935,#2383,.T.);
#6357=EDGE_CURVE('',#4936,#4932,#2384,.F.);
#6358=EDGE_CURVE('',#4734,#4937,#2385,.T.);
#6359=EDGE_CURVE('',#4721,#4937,#2386,.T.);
#6360=EDGE_CURVE('',#4102,#4838,#2387,.T.);
#6361=EDGE_CURVE('',#4837,#4938,#2388,.T.);
#6362=EDGE_CURVE('',#4938,#4103,#2389,.T.);
#6363=EDGE_CURVE('',#4937,#4939,#2390,.T.);
#6364=EDGE_CURVE('',#4939,#4940,#2391,.T.);
#6365=EDGE_CURVE('',#4940,#4715,#2392,.T.);
#6366=EDGE_CURVE('',#4941,#4941,#140,.T.);
#6367=EDGE_CURVE('',#4938,#4942,#2393,.T.);
#6368=EDGE_CURVE('',#4942,#4104,#2394,.F.);
#6369=EDGE_CURVE('',#4939,#4943,#2395,.T.);
#6370=EDGE_CURVE('',#4943,#4944,#2396,.F.);
#6371=EDGE_CURVE('',#4940,#4944,#2397,.T.);
#6372=EDGE_CURVE('',#4944,#4716,#2398,.F.);
#6373=EDGE_CURVE('',#4943,#4094,#2399,.T.);
#6374=EDGE_CURVE('',#4808,#4945,#2400,.T.);
#6375=EDGE_CURVE('',#4945,#4900,#2401,.F.);
#6376=EDGE_CURVE('',#4738,#4946,#2402,.T.);
#6377=EDGE_CURVE('',#4946,#4947,#2403,.T.);
#6378=EDGE_CURVE('',#4947,#4741,#2404,.T.);
#6379=EDGE_CURVE('',#4805,#4664,#2405,.T.);
#6380=EDGE_CURVE('',#4948,#4105,#2406,.T.);
#6381=EDGE_CURVE('',#4948,#4095,#2407,.T.);
#6382=EDGE_CURVE('',#4808,#4096,#2408,.T.);
#6383=EDGE_CURVE('',#4945,#4948,#2409,.T.);
#6384=EDGE_CURVE('',#4949,#4947,#2410,.T.);
#6385=EDGE_CURVE('',#4949,#4742,#2411,.T.);
#6386=EDGE_CURVE('',#4946,#4950,#2412,.T.);
#6387=EDGE_CURVE('',#4950,#4949,#2413,.T.);
#6388=EDGE_CURVE('',#4737,#4950,#2414,.T.);
#6389=EDGE_CURVE('',#4734,#4089,#2415,.T.);
#6390=EDGE_CURVE('',#4951,#4951,#141,.T.);
#6391=EDGE_CURVE('',#4951,#4941,#2416,.T.);
#6392=EDGE_CURVE('',#4925,#4952,#2417,.T.);
#6393=EDGE_CURVE('',#4952,#4931,#2418,.T.);
#6394=EDGE_CURVE('',#4953,#4924,#2419,.T.);
#6395=EDGE_CURVE('',#4923,#4954,#2420,.T.);
#6396=EDGE_CURVE('',#4954,#4953,#2421,.T.);
#6397=EDGE_CURVE('',#4952,#4953,#2422,.T.);
#6398=EDGE_CURVE('',#4933,#4954,#2423,.T.);
#6399=EDGE_CURVE('',#4955,#4956,#2424,.T.);
#6400=EDGE_CURVE('',#4957,#4955,#2425,.T.);
#6401=EDGE_CURVE('',#4958,#4957,#2426,.T.);
#6402=EDGE_CURVE('',#4894,#4958,#2427,.T.);
#6403=EDGE_CURVE('',#4956,#4899,#2428,.T.);
#6404=EDGE_CURVE('',#4895,#4959,#2429,.T.);
#6405=EDGE_CURVE('',#4958,#4959,#2430,.T.);
#6406=EDGE_CURVE('',#4959,#4960,#2431,.T.);
#6407=EDGE_CURVE('',#4957,#4960,#2432,.T.);
#6408=EDGE_CURVE('',#4960,#4961,#2433,.T.);
#6409=EDGE_CURVE('',#4955,#4961,#2434,.T.);
#6410=EDGE_CURVE('',#4961,#4962,#2435,.T.);
#6411=EDGE_CURVE('',#4956,#4962,#2436,.T.);
#6412=EDGE_CURVE('',#4962,#4898,#2437,.T.);
#6413=EDGE_CURVE('',#4963,#4964,#2438,.T.);
#6414=EDGE_CURVE('',#4963,#4965,#2439,.T.);
#6415=EDGE_CURVE('',#4966,#4965,#2440,.T.);
#6416=EDGE_CURVE('',#4964,#4966,#2441,.T.);
#6417=EDGE_CURVE('',#4964,#4967,#2442,.T.);
#6418=EDGE_CURVE('',#4968,#4966,#2443,.T.);
#6419=EDGE_CURVE('',#4967,#4968,#2444,.T.);
#6420=EDGE_CURVE('',#4969,#4963,#2445,.T.);
#6421=EDGE_CURVE('',#4969,#4970,#2446,.T.);
#6422=EDGE_CURVE('',#4965,#4970,#2447,.T.);
#6423=EDGE_CURVE('',#4971,#4972,#2448,.T.);
#6424=EDGE_CURVE('',#4971,#4973,#2449,.T.);
#6425=EDGE_CURVE('',#4974,#4973,#2450,.T.);
#6426=EDGE_CURVE('',#4972,#4974,#2451,.T.);
#6427=EDGE_CURVE('',#4967,#4971,#2452,.T.);
#6428=EDGE_CURVE('',#4973,#4968,#2453,.T.);
#6429=EDGE_CURVE('',#4975,#4976,#2454,.T.);
#6430=EDGE_CURVE('',#4975,#4977,#2455,.T.);
#6431=EDGE_CURVE('',#4978,#4977,#2456,.T.);
#6432=EDGE_CURVE('',#4976,#4978,#2457,.T.);
#6433=EDGE_CURVE('',#4979,#4975,#2458,.T.);
#6434=EDGE_CURVE('',#4979,#4980,#2459,.T.);
#6435=EDGE_CURVE('',#4977,#4980,#2460,.T.);
#6436=EDGE_CURVE('',#4981,#4979,#2461,.T.);
#6437=EDGE_CURVE('',#4981,#4982,#2462,.T.);
#6438=EDGE_CURVE('',#4980,#4982,#2463,.T.);
#6439=EDGE_CURVE('',#4976,#4981,#2464,.T.);
#6440=EDGE_CURVE('',#4982,#4978,#2465,.T.);
#6441=EDGE_CURVE('',#4983,#4984,#2466,.T.);
#6442=EDGE_CURVE('',#4983,#4985,#2467,.T.);
#6443=EDGE_CURVE('',#4986,#4985,#2468,.T.);
#6444=EDGE_CURVE('',#4984,#4986,#2469,.T.);
#6445=EDGE_CURVE('',#4987,#4983,#2470,.T.);
#6446=EDGE_CURVE('',#4987,#4988,#2471,.T.);
#6447=EDGE_CURVE('',#4985,#4988,#2472,.T.);
#6448=EDGE_CURVE('',#4989,#4987,#2473,.T.);
#6449=EDGE_CURVE('',#4989,#4990,#2474,.T.);
#6450=EDGE_CURVE('',#4988,#4990,#2475,.T.);
#6451=EDGE_CURVE('',#4984,#4989,#2476,.T.);
#6452=EDGE_CURVE('',#4990,#4986,#2477,.T.);
#6453=EDGE_CURVE('',#4991,#4992,#2478,.T.);
#6454=EDGE_CURVE('',#4991,#4993,#2479,.T.);
#6455=EDGE_CURVE('',#4994,#4993,#2480,.T.);
#6456=EDGE_CURVE('',#4992,#4994,#2481,.T.);
#6457=EDGE_CURVE('',#4995,#4991,#2482,.T.);
#6458=EDGE_CURVE('',#4995,#4996,#2483,.T.);
#6459=EDGE_CURVE('',#4993,#4996,#2484,.T.);
#6460=EDGE_CURVE('',#4997,#4995,#2485,.T.);
#6461=EDGE_CURVE('',#4997,#4998,#2486,.T.);
#6462=EDGE_CURVE('',#4996,#4998,#2487,.T.);
#6463=EDGE_CURVE('',#4992,#4997,#2488,.T.);
#6464=EDGE_CURVE('',#4998,#4994,#2489,.T.);
#6465=EDGE_CURVE('',#4999,#5000,#2490,.T.);
#6466=EDGE_CURVE('',#5000,#4604,#2491,.T.);
#6467=EDGE_CURVE('',#4595,#5001,#2492,.T.);
#6468=EDGE_CURVE('',#5001,#4970,#2493,.F.);
#6469=EDGE_CURVE('',#4972,#4969,#2494,.T.);
#6470=EDGE_CURVE('',#4974,#5002,#2495,.F.);
#6471=EDGE_CURVE('',#5002,#4942,#2496,.F.);
#6472=EDGE_CURVE('',#4452,#5003,#2497,.T.);
#6473=EDGE_CURVE('',#4999,#5003,#2498,.T.);
#6474=EDGE_CURVE('',#4607,#4608,#2499,.T.);
#6475=EDGE_CURVE('',#5003,#4451,#2500,.T.);
#6476=EDGE_CURVE('',#4828,#4921,#2501,.T.);
#6477=EDGE_CURVE('',#4686,#5004,#2502,.T.);
#6478=EDGE_CURVE('',#5004,#5005,#2503,.T.);
#6479=EDGE_CURVE('',#5005,#4689,#2504,.T.);
#6480=EDGE_CURVE('',#4690,#5006,#2505,.T.);
#6481=EDGE_CURVE('',#5006,#5007,#2506,.T.);
#6482=EDGE_CURVE('',#5007,#4685,#2507,.T.);
#6483=EDGE_CURVE('',#5005,#5006,#2508,.T.);
#6484=EDGE_CURVE('',#5004,#5007,#2509,.T.);
#6485=EDGE_CURVE('',#5001,#5008,#2510,.T.);
#6486=EDGE_CURVE('',#4889,#5008,#2511,.F.);
#6487=EDGE_CURVE('',#5009,#5010,#2512,.T.);
#6488=EDGE_CURVE('',#5009,#4614,#2513,.T.);
#6489=EDGE_CURVE('',#4613,#4611,#2514,.T.);
#6490=EDGE_CURVE('',#4590,#5010,#2515,.T.);
#6491=EDGE_CURVE('',#4589,#4610,#2516,.T.);
#6492=EDGE_CURVE('',#5000,#4602,#2517,.T.);
#6493=EDGE_CURVE('',#5011,#4999,#2518,.T.);
#6494=EDGE_CURVE('',#4908,#5011,#2519,.T.);
#6495=EDGE_CURVE('',#5010,#4907,#2520,.T.);
#6496=EDGE_CURVE('',#5008,#5009,#2521,.T.);
#6497=EDGE_CURVE('',#5011,#4905,#2522,.T.);
#6498=EDGE_CURVE('',#4530,#4588,#2523,.T.);
#6499=EDGE_CURVE('',#4586,#4583,#2524,.T.);
#6500=EDGE_CURVE('',#5012,#5013,#2525,.T.);
#6501=EDGE_CURVE('',#5014,#5012,#2526,.T.);
#6502=EDGE_CURVE('',#5015,#5014,#2527,.T.);
#6503=EDGE_CURVE('',#5013,#5015,#2528,.T.);
#6504=EDGE_CURVE('',#5016,#5017,#2529,.T.);
#6505=EDGE_CURVE('',#5017,#5018,#2530,.T.);
#6506=EDGE_CURVE('',#5019,#5018,#2531,.T.);
#6507=EDGE_CURVE('',#5019,#5016,#2532,.T.);
#6508=EDGE_CURVE('',#5014,#5020,#2533,.T.);
#6509=EDGE_CURVE('',#5020,#5021,#2534,.T.);
#6510=EDGE_CURVE('',#5015,#5021,#2535,.T.);
#6511=EDGE_CURVE('',#5022,#5023,#2536,.T.);
#6512=EDGE_CURVE('',#5023,#5024,#2537,.T.);
#6513=EDGE_CURVE('',#5024,#5025,#2538,.T.);
#6514=EDGE_CURVE('',#5022,#5025,#2539,.T.);
#6515=EDGE_CURVE('',#5023,#5026,#2540,.T.);
#6516=EDGE_CURVE('',#5026,#5027,#2541,.T.);
#6517=EDGE_CURVE('',#5027,#5024,#2542,.T.);
#6518=EDGE_CURVE('',#5026,#5028,#2543,.T.);
#6519=EDGE_CURVE('',#5028,#5029,#2544,.T.);
#6520=EDGE_CURVE('',#5029,#5027,#2545,.T.);
#6521=EDGE_CURVE('',#5017,#5028,#2546,.T.);
#6522=EDGE_CURVE('',#5028,#5030,#2547,.T.);
#6523=EDGE_CURVE('',#5018,#5030,#2548,.T.);
#6524=EDGE_CURVE('',#5031,#5032,#2549,.T.);
#6525=EDGE_CURVE('',#5033,#5031,#2550,.T.);
#6526=EDGE_CURVE('',#5033,#5022,#2551,.T.);
#6527=EDGE_CURVE('',#5032,#5022,#2552,.T.);
#6528=EDGE_CURVE('',#5030,#5033,#2553,.T.);
#6529=EDGE_CURVE('',#5034,#5035,#2554,.T.);
#6530=EDGE_CURVE('',#5036,#5034,#2555,.T.);
#6531=EDGE_CURVE('',#5037,#5036,#2556,.T.);
#6532=EDGE_CURVE('',#5035,#5037,#2557,.T.);
#6533=EDGE_CURVE('',#5031,#5038,#2558,.T.);
#6534=EDGE_CURVE('',#5038,#5039,#2559,.T.);
#6535=EDGE_CURVE('',#5039,#5040,#2560,.T.);
#6536=EDGE_CURVE('',#5040,#5041,#2561,.T.);
#6537=EDGE_CURVE('',#5041,#5042,#2562,.T.);
#6538=EDGE_CURVE('',#5042,#5036,#2563,.T.);
#6539=EDGE_CURVE('',#5034,#5019,#2564,.T.);
#6540=EDGE_CURVE('',#5032,#5043,#2565,.T.);
#6541=EDGE_CURVE('',#5043,#5044,#2566,.T.);
#6542=EDGE_CURVE('',#5044,#5045,#2567,.T.);
#6543=EDGE_CURVE('',#5045,#5046,#2568,.T.);
#6544=EDGE_CURVE('',#5046,#5047,#2569,.T.);
#6545=EDGE_CURVE('',#5047,#5048,#2570,.T.);
#6546=EDGE_CURVE('',#5048,#5049,#2571,.T.);
#6547=EDGE_CURVE('',#5049,#5038,#2572,.T.);
#6548=EDGE_CURVE('',#5050,#5042,#2573,.T.);
#6549=EDGE_CURVE('',#5051,#5041,#2574,.T.);
#6550=EDGE_CURVE('',#5052,#5051,#2575,.T.);
#6551=EDGE_CURVE('',#5052,#5053,#2576,.T.);
#6552=EDGE_CURVE('',#5053,#5054,#2577,.T.);
#6553=EDGE_CURVE('',#5054,#5055,#2578,.T.);
#6554=EDGE_CURVE('',#5055,#5056,#2579,.T.);
#6555=EDGE_CURVE('',#5056,#5057,#2580,.T.);
#6556=EDGE_CURVE('',#5057,#5058,#2581,.T.);
#6557=EDGE_CURVE('',#5058,#5059,#2582,.T.);
#6558=EDGE_CURVE('',#5059,#5050,#2583,.T.);
#6559=EDGE_CURVE('',#5048,#5060,#2584,.T.);
#6560=EDGE_CURVE('',#5060,#5061,#2585,.T.);
#6561=EDGE_CURVE('',#5049,#5061,#2586,.T.);
#6562=EDGE_CURVE('',#5047,#5062,#2587,.T.);
#6563=EDGE_CURVE('',#5062,#5060,#2588,.T.);
#6564=EDGE_CURVE('',#5046,#5063,#2589,.T.);
#6565=EDGE_CURVE('',#5063,#5062,#2590,.T.);
#6566=EDGE_CURVE('',#5045,#5064,#2591,.T.);
#6567=EDGE_CURVE('',#5064,#5063,#2592,.T.);
#6568=EDGE_CURVE('',#5044,#5065,#2593,.T.);
#6569=EDGE_CURVE('',#5065,#5064,#2594,.T.);
#6570=EDGE_CURVE('',#5043,#5066,#2595,.T.);
#6571=EDGE_CURVE('',#5066,#5065,#2596,.T.);
#6572=EDGE_CURVE('',#5025,#5066,#2597,.T.);
#6573=EDGE_CURVE('',#5013,#5016,#2598,.T.);
#6574=EDGE_CURVE('',#5021,#5029,#2599,.T.);
#6575=EDGE_CURVE('',#5012,#5067,#2600,.T.);
#6576=EDGE_CURVE('',#5067,#5020,#2601,.T.);
#6577=EDGE_CURVE('',#5035,#5068,#2602,.T.);
#6578=EDGE_CURVE('',#5068,#5067,#2603,.T.);
#6579=EDGE_CURVE('',#5037,#5069,#2604,.T.);
#6580=EDGE_CURVE('',#5069,#5068,#2605,.T.);
#6581=EDGE_CURVE('',#5050,#5070,#2606,.T.);
#6582=EDGE_CURVE('',#5070,#5069,#2607,.T.);
#6583=EDGE_CURVE('',#5059,#5071,#2608,.T.);
#6584=EDGE_CURVE('',#5071,#5070,#2609,.T.);
#6585=EDGE_CURVE('',#5058,#5072,#2610,.T.);
#6586=EDGE_CURVE('',#5072,#5071,#2611,.T.);
#6587=EDGE_CURVE('',#5057,#5073,#2612,.T.);
#6588=EDGE_CURVE('',#5073,#5072,#2613,.T.);
#6589=EDGE_CURVE('',#5056,#5074,#2614,.T.);
#6590=EDGE_CURVE('',#5074,#5073,#2615,.T.);
#6591=EDGE_CURVE('',#5055,#5075,#2616,.T.);
#6592=EDGE_CURVE('',#5075,#5074,#2617,.T.);
#6593=EDGE_CURVE('',#5054,#5076,#2618,.T.);
#6594=EDGE_CURVE('',#5076,#5075,#2619,.T.);
#6595=EDGE_CURVE('',#5053,#5077,#2620,.T.);
#6596=EDGE_CURVE('',#5077,#5076,#2621,.T.);
#6597=EDGE_CURVE('',#5078,#5052,#2622,.T.);
#6598=EDGE_CURVE('',#5078,#5077,#2623,.T.);
#6599=EDGE_CURVE('',#5079,#5078,#2624,.T.);
#6600=EDGE_CURVE('',#5061,#5079,#2625,.T.);
#6601=EDGE_CURVE('',#5080,#5079,#2626,.T.);
#6602=EDGE_CURVE('',#5080,#5039,#2627,.T.);
#6603=EDGE_CURVE('',#5051,#5081,#2628,.T.);
#6604=EDGE_CURVE('',#5081,#5040,#2629,.T.);
#6605=EDGE_CURVE('',#5081,#5080,#2630,.T.);
#6606=ORIENTED_EDGE('',*,*,#5082,.F.);
#6607=ORIENTED_EDGE('',*,*,#5083,.F.);
#6608=ORIENTED_EDGE('',*,*,#5084,.F.);
#6609=ORIENTED_EDGE('',*,*,#5085,.F.);
#6610=ORIENTED_EDGE('',*,*,#5086,.F.);
#6611=ORIENTED_EDGE('',*,*,#5087,.F.);
#6612=ORIENTED_EDGE('',*,*,#5088,.F.);
#6613=ORIENTED_EDGE('',*,*,#5089,.F.);
#6614=ORIENTED_EDGE('',*,*,#5090,.F.);
#6615=ORIENTED_EDGE('',*,*,#5083,.T.);
#6616=ORIENTED_EDGE('',*,*,#5086,.T.);
#6617=ORIENTED_EDGE('',*,*,#5082,.T.);
#6618=ORIENTED_EDGE('',*,*,#5091,.F.);
#6619=ORIENTED_EDGE('',*,*,#5092,.F.);
#6620=ORIENTED_EDGE('',*,*,#5093,.F.);
#6621=ORIENTED_EDGE('',*,*,#5094,.T.);
#6622=ORIENTED_EDGE('',*,*,#5085,.T.);
#6623=ORIENTED_EDGE('',*,*,#5095,.T.);
#6624=ORIENTED_EDGE('',*,*,#5096,.T.);
#6625=ORIENTED_EDGE('',*,*,#5097,.T.);
#6626=ORIENTED_EDGE('',*,*,#5098,.T.);
#6627=ORIENTED_EDGE('',*,*,#5091,.T.);
#6628=ORIENTED_EDGE('',*,*,#5089,.T.);
#6629=ORIENTED_EDGE('',*,*,#5099,.T.);
#6630=ORIENTED_EDGE('',*,*,#5100,.T.);
#6631=ORIENTED_EDGE('',*,*,#5101,.T.);
#6632=ORIENTED_EDGE('',*,*,#5102,.T.);
#6633=ORIENTED_EDGE('',*,*,#5103,.F.);
#6634=ORIENTED_EDGE('',*,*,#5104,.F.);
#6635=ORIENTED_EDGE('',*,*,#5105,.F.);
#6636=ORIENTED_EDGE('',*,*,#5106,.F.);
#6637=ORIENTED_EDGE('',*,*,#5107,.T.);
#6638=ORIENTED_EDGE('',*,*,#5108,.T.);
#6639=ORIENTED_EDGE('',*,*,#5109,.T.);
#6640=ORIENTED_EDGE('',*,*,#5110,.T.);
#6641=ORIENTED_EDGE('',*,*,#5111,.T.);
#6642=ORIENTED_EDGE('',*,*,#5112,.T.);
#6643=ORIENTED_EDGE('',*,*,#5113,.F.);
#6644=ORIENTED_EDGE('',*,*,#5114,.F.);
#6645=ORIENTED_EDGE('',*,*,#5111,.F.);
#6646=ORIENTED_EDGE('',*,*,#5115,.F.);
#6647=ORIENTED_EDGE('',*,*,#5116,.F.);
#6648=ORIENTED_EDGE('',*,*,#5117,.T.);
#6649=ORIENTED_EDGE('',*,*,#5108,.F.);
#6650=ORIENTED_EDGE('',*,*,#5114,.T.);
#6651=ORIENTED_EDGE('',*,*,#5118,.F.);
#6652=ORIENTED_EDGE('',*,*,#5119,.T.);
#6653=ORIENTED_EDGE('',*,*,#5109,.F.);
#6654=ORIENTED_EDGE('',*,*,#5117,.F.);
#6655=ORIENTED_EDGE('',*,*,#5120,.F.);
#6656=ORIENTED_EDGE('',*,*,#5113,.T.);
#6657=ORIENTED_EDGE('',*,*,#5121,.T.);
#6658=ORIENTED_EDGE('',*,*,#5122,.F.);
#6659=ORIENTED_EDGE('',*,*,#5123,.F.);
#6660=ORIENTED_EDGE('',*,*,#5124,.F.);
#6661=ORIENTED_EDGE('',*,*,#5125,.F.);
#6662=ORIENTED_EDGE('',*,*,#5126,.F.);
#6663=ORIENTED_EDGE('',*,*,#5127,.F.);
#6664=ORIENTED_EDGE('',*,*,#5128,.T.);
#6665=ORIENTED_EDGE('',*,*,#5129,.F.);
#6666=ORIENTED_EDGE('',*,*,#5130,.F.);
#6667=ORIENTED_EDGE('',*,*,#5131,.F.);
#6668=ORIENTED_EDGE('',*,*,#5132,.T.);
#6669=ORIENTED_EDGE('',*,*,#5133,.T.);
#6670=ORIENTED_EDGE('',*,*,#5134,.F.);
#6671=ORIENTED_EDGE('',*,*,#5135,.F.);
#6672=ORIENTED_EDGE('',*,*,#5136,.T.);
#6673=ORIENTED_EDGE('',*,*,#5115,.T.);
#6674=ORIENTED_EDGE('',*,*,#5110,.F.);
#6675=ORIENTED_EDGE('',*,*,#5119,.F.);
#6676=ORIENTED_EDGE('',*,*,#5120,.T.);
#6677=ORIENTED_EDGE('',*,*,#5137,.F.);
#6678=ORIENTED_EDGE('',*,*,#5138,.T.);
#6679=ORIENTED_EDGE('',*,*,#5139,.T.);
#6680=ORIENTED_EDGE('',*,*,#5140,.F.);
#6681=ORIENTED_EDGE('',*,*,#5141,.F.);
#6682=ORIENTED_EDGE('',*,*,#5142,.F.);
#6683=ORIENTED_EDGE('',*,*,#5112,.F.);
#6684=ORIENTED_EDGE('',*,*,#5136,.F.);
#6685=ORIENTED_EDGE('',*,*,#5118,.T.);
#6686=ORIENTED_EDGE('',*,*,#5143,.F.);
#6687=ORIENTED_EDGE('',*,*,#5144,.T.);
#6688=ORIENTED_EDGE('',*,*,#5145,.F.);
#6689=ORIENTED_EDGE('',*,*,#5146,.F.);
#6690=ORIENTED_EDGE('',*,*,#5147,.F.);
#6691=ORIENTED_EDGE('',*,*,#5144,.F.);
#6692=ORIENTED_EDGE('',*,*,#5148,.F.);
#6693=ORIENTED_EDGE('',*,*,#5145,.T.);
#6694=ORIENTED_EDGE('',*,*,#5147,.T.);
#6695=ORIENTED_EDGE('',*,*,#5141,.T.);
#6696=ORIENTED_EDGE('',*,*,#5149,.T.);
#6697=ORIENTED_EDGE('',*,*,#5150,.T.);
#6698=ORIENTED_EDGE('',*,*,#5151,.F.);
#6699=ORIENTED_EDGE('',*,*,#5152,.F.);
#6700=ORIENTED_EDGE('',*,*,#5153,.T.);
#6701=ORIENTED_EDGE('',*,*,#5154,.F.);
#6702=ORIENTED_EDGE('',*,*,#5155,.F.);
#6703=ORIENTED_EDGE('',*,*,#5156,.T.);
#6704=ORIENTED_EDGE('',*,*,#5157,.T.);
#6705=ORIENTED_EDGE('',*,*,#5158,.F.);
#6706=ORIENTED_EDGE('',*,*,#5159,.F.);
#6707=ORIENTED_EDGE('',*,*,#5160,.F.);
#6708=ORIENTED_EDGE('',*,*,#5161,.T.);
#6709=ORIENTED_EDGE('',*,*,#5162,.T.);
#6710=ORIENTED_EDGE('',*,*,#5163,.T.);
#6711=ORIENTED_EDGE('',*,*,#5164,.T.);
#6712=ORIENTED_EDGE('',*,*,#5140,.T.);
#6713=ORIENTED_EDGE('',*,*,#5139,.F.);
#6714=ORIENTED_EDGE('',*,*,#5165,.F.);
#6715=ORIENTED_EDGE('',*,*,#5149,.F.);
#6716=ORIENTED_EDGE('',*,*,#5165,.T.);
#6717=ORIENTED_EDGE('',*,*,#5138,.F.);
#6718=ORIENTED_EDGE('',*,*,#5166,.T.);
#6719=ORIENTED_EDGE('',*,*,#5150,.F.);
#6720=ORIENTED_EDGE('',*,*,#5167,.T.);
#6721=ORIENTED_EDGE('',*,*,#5168,.T.);
#6722=ORIENTED_EDGE('',*,*,#5169,.F.);
#6723=ORIENTED_EDGE('',*,*,#5170,.F.);
#6724=ORIENTED_EDGE('',*,*,#5171,.T.);
#6725=ORIENTED_EDGE('',*,*,#5164,.F.);
#6726=ORIENTED_EDGE('',*,*,#5172,.T.);
#6727=ORIENTED_EDGE('',*,*,#5173,.T.);
#6728=ORIENTED_EDGE('',*,*,#5174,.F.);
#6729=ORIENTED_EDGE('',*,*,#5163,.F.);
#6730=ORIENTED_EDGE('',*,*,#5175,.T.);
#6731=ORIENTED_EDGE('',*,*,#5172,.F.);
#6732=ORIENTED_EDGE('',*,*,#5142,.T.);
#6733=ORIENTED_EDGE('',*,*,#5174,.T.);
#6734=ORIENTED_EDGE('',*,*,#5176,.T.);
#6735=ORIENTED_EDGE('',*,*,#5177,.F.);
#6736=ORIENTED_EDGE('',*,*,#5121,.F.);
#6737=ORIENTED_EDGE('',*,*,#5176,.F.);
#6738=ORIENTED_EDGE('',*,*,#5173,.F.);
#6739=ORIENTED_EDGE('',*,*,#5175,.F.);
#6740=ORIENTED_EDGE('',*,*,#5162,.F.);
#6741=ORIENTED_EDGE('',*,*,#5178,.F.);
#6742=ORIENTED_EDGE('',*,*,#5179,.F.);
#6743=ORIENTED_EDGE('',*,*,#5177,.T.);
#6744=ORIENTED_EDGE('',*,*,#5179,.T.);
#6745=ORIENTED_EDGE('',*,*,#5180,.F.);
#6746=ORIENTED_EDGE('',*,*,#5181,.T.);
#6747=ORIENTED_EDGE('',*,*,#5182,.T.);
#6748=ORIENTED_EDGE('',*,*,#5183,.T.);
#6749=ORIENTED_EDGE('',*,*,#5184,.F.);
#6750=ORIENTED_EDGE('',*,*,#5185,.T.);
#6751=ORIENTED_EDGE('',*,*,#5186,.T.);
#6752=ORIENTED_EDGE('',*,*,#5187,.F.);
#6753=ORIENTED_EDGE('',*,*,#5188,.F.);
#6754=ORIENTED_EDGE('',*,*,#5189,.T.);
#6755=ORIENTED_EDGE('',*,*,#5190,.T.);
#6756=ORIENTED_EDGE('',*,*,#5191,.T.);
#6757=ORIENTED_EDGE('',*,*,#5192,.F.);
#6758=ORIENTED_EDGE('',*,*,#5193,.T.);
#6759=ORIENTED_EDGE('',*,*,#5194,.T.);
#6760=ORIENTED_EDGE('',*,*,#5126,.T.);
#6761=ORIENTED_EDGE('',*,*,#5195,.T.);
#6762=ORIENTED_EDGE('',*,*,#5196,.F.);
#6763=ORIENTED_EDGE('',*,*,#5197,.T.);
#6764=ORIENTED_EDGE('',*,*,#5122,.T.);
#6765=ORIENTED_EDGE('',*,*,#5198,.T.);
#6766=ORIENTED_EDGE('',*,*,#5199,.T.);
#6767=ORIENTED_EDGE('',*,*,#5200,.T.);
#6768=ORIENTED_EDGE('',*,*,#5201,.T.);
#6769=ORIENTED_EDGE('',*,*,#5202,.T.);
#6770=ORIENTED_EDGE('',*,*,#5203,.T.);
#6771=ORIENTED_EDGE('',*,*,#5204,.T.);
#6772=ORIENTED_EDGE('',*,*,#5205,.F.);
#6773=ORIENTED_EDGE('',*,*,#5206,.T.);
#6774=ORIENTED_EDGE('',*,*,#5207,.T.);
#6775=ORIENTED_EDGE('',*,*,#5208,.T.);
#6776=ORIENTED_EDGE('',*,*,#5152,.T.);
#6777=ORIENTED_EDGE('',*,*,#5209,.F.);
#6778=ORIENTED_EDGE('',*,*,#5200,.F.);
#6779=ORIENTED_EDGE('',*,*,#5210,.T.);
#6780=ORIENTED_EDGE('',*,*,#5211,.F.);
#6781=ORIENTED_EDGE('',*,*,#5212,.F.);
#6782=ORIENTED_EDGE('',*,*,#5213,.T.);
#6783=ORIENTED_EDGE('',*,*,#5214,.F.);
#6784=ORIENTED_EDGE('',*,*,#5215,.T.);
#6785=ORIENTED_EDGE('',*,*,#5216,.T.);
#6786=ORIENTED_EDGE('',*,*,#5217,.F.);
#6787=ORIENTED_EDGE('',*,*,#5218,.F.);
#6788=ORIENTED_EDGE('',*,*,#5219,.F.);
#6789=ORIENTED_EDGE('',*,*,#5220,.F.);
#6790=ORIENTED_EDGE('',*,*,#5221,.F.);
#6791=ORIENTED_EDGE('',*,*,#5222,.T.);
#6792=ORIENTED_EDGE('',*,*,#5223,.F.);
#6793=ORIENTED_EDGE('',*,*,#5224,.F.);
#6794=ORIENTED_EDGE('',*,*,#5224,.T.);
#6795=ORIENTED_EDGE('',*,*,#5225,.F.);
#6796=ORIENTED_EDGE('',*,*,#5226,.F.);
#6797=ORIENTED_EDGE('',*,*,#5227,.T.);
#6798=ORIENTED_EDGE('',*,*,#5228,.F.);
#6799=ORIENTED_EDGE('',*,*,#5229,.F.);
#6800=ORIENTED_EDGE('',*,*,#5230,.T.);
#6801=ORIENTED_EDGE('',*,*,#5231,.F.);
#6802=ORIENTED_EDGE('',*,*,#5232,.F.);
#6803=ORIENTED_EDGE('',*,*,#5233,.F.);
#6804=ORIENTED_EDGE('',*,*,#5234,.T.);
#6805=ORIENTED_EDGE('',*,*,#5235,.T.);
#6806=ORIENTED_EDGE('',*,*,#5229,.T.);
#6807=ORIENTED_EDGE('',*,*,#5236,.T.);
#6808=ORIENTED_EDGE('',*,*,#5237,.T.);
#6809=ORIENTED_EDGE('',*,*,#5238,.F.);
#6810=ORIENTED_EDGE('',*,*,#5239,.F.);
#6811=ORIENTED_EDGE('',*,*,#5240,.F.);
#6812=ORIENTED_EDGE('',*,*,#5241,.T.);
#6813=ORIENTED_EDGE('',*,*,#5242,.F.);
#6814=ORIENTED_EDGE('',*,*,#5243,.T.);
#6815=ORIENTED_EDGE('',*,*,#5244,.T.);
#6816=ORIENTED_EDGE('',*,*,#5231,.T.);
#6817=ORIENTED_EDGE('',*,*,#5245,.T.);
#6818=ORIENTED_EDGE('',*,*,#5234,.F.);
#6819=ORIENTED_EDGE('',*,*,#5221,.T.);
#6820=ORIENTED_EDGE('',*,*,#5246,.F.);
#6821=ORIENTED_EDGE('',*,*,#5247,.F.);
#6822=ORIENTED_EDGE('',*,*,#5248,.F.);
#6823=ORIENTED_EDGE('',*,*,#5249,.F.);
#6824=ORIENTED_EDGE('',*,*,#5215,.F.);
#6825=ORIENTED_EDGE('',*,*,#5250,.T.);
#6826=ORIENTED_EDGE('',*,*,#5228,.T.);
#6827=ORIENTED_EDGE('',*,*,#5244,.F.);
#6828=ORIENTED_EDGE('',*,*,#5251,.F.);
#6829=ORIENTED_EDGE('',*,*,#5252,.F.);
#6830=ORIENTED_EDGE('',*,*,#5236,.F.);
#6831=ORIENTED_EDGE('',*,*,#5239,.T.);
#6832=ORIENTED_EDGE('',*,*,#5253,.F.);
#6833=ORIENTED_EDGE('',*,*,#5254,.F.);
#6834=ORIENTED_EDGE('',*,*,#5255,.F.);
#6835=ORIENTED_EDGE('',*,*,#5256,.F.);
#6836=ORIENTED_EDGE('',*,*,#5257,.F.);
#6837=ORIENTED_EDGE('',*,*,#5258,.F.);
#6838=ORIENTED_EDGE('',*,*,#5259,.F.);
#6839=ORIENTED_EDGE('',*,*,#5260,.F.);
#6840=ORIENTED_EDGE('',*,*,#5261,.T.);
#6841=ORIENTED_EDGE('',*,*,#5251,.T.);
#6842=ORIENTED_EDGE('',*,*,#5243,.F.);
#6843=ORIENTED_EDGE('',*,*,#5262,.F.);
#6844=ORIENTED_EDGE('',*,*,#5263,.F.);
#6845=ORIENTED_EDGE('',*,*,#5247,.T.);
#6846=ORIENTED_EDGE('',*,*,#5264,.F.);
#6847=ORIENTED_EDGE('',*,*,#5265,.F.);
#6848=ORIENTED_EDGE('',*,*,#5266,.T.);
#6849=ORIENTED_EDGE('',*,*,#5267,.F.);
#6850=ORIENTED_EDGE('',*,*,#5216,.F.);
#6851=ORIENTED_EDGE('',*,*,#5249,.T.);
#6852=ORIENTED_EDGE('',*,*,#5268,.F.);
#6853=ORIENTED_EDGE('',*,*,#5252,.T.);
#6854=ORIENTED_EDGE('',*,*,#5263,.T.);
#6855=ORIENTED_EDGE('',*,*,#5269,.F.);
#6856=ORIENTED_EDGE('',*,*,#5264,.T.);
#6857=ORIENTED_EDGE('',*,*,#5270,.F.);
#6858=ORIENTED_EDGE('',*,*,#5271,.T.);
#6859=ORIENTED_EDGE('',*,*,#5272,.T.);
#6860=ORIENTED_EDGE('',*,*,#5273,.F.);
#6861=ORIENTED_EDGE('',*,*,#5246,.T.);
#6862=ORIENTED_EDGE('',*,*,#5220,.T.);
#6863=ORIENTED_EDGE('',*,*,#5274,.F.);
#6864=ORIENTED_EDGE('',*,*,#5275,.F.);
#6865=ORIENTED_EDGE('',*,*,#5276,.T.);
#6866=ORIENTED_EDGE('',*,*,#5277,.T.);
#6867=ORIENTED_EDGE('',*,*,#5278,.F.);
#6868=ORIENTED_EDGE('',*,*,#5237,.F.);
#6869=ORIENTED_EDGE('',*,*,#5146,.T.);
#6870=ORIENTED_EDGE('',*,*,#5143,.T.);
#6871=ORIENTED_EDGE('',*,*,#5148,.T.);
#6872=ORIENTED_EDGE('',*,*,#5116,.T.);
#6873=ORIENTED_EDGE('',*,*,#5135,.T.);
#6874=ORIENTED_EDGE('',*,*,#5279,.T.);
#6875=ORIENTED_EDGE('',*,*,#5265,.T.);
#6876=ORIENTED_EDGE('',*,*,#5269,.T.);
#6877=ORIENTED_EDGE('',*,*,#5262,.T.);
#6878=ORIENTED_EDGE('',*,*,#5242,.T.);
#6879=ORIENTED_EDGE('',*,*,#5280,.F.);
#6880=ORIENTED_EDGE('',*,*,#5201,.F.);
#6881=ORIENTED_EDGE('',*,*,#5209,.T.);
#6882=ORIENTED_EDGE('',*,*,#5151,.T.);
#6883=ORIENTED_EDGE('',*,*,#5166,.F.);
#6884=ORIENTED_EDGE('',*,*,#5137,.T.);
#6885=ORIENTED_EDGE('',*,*,#5281,.T.);
#6886=ORIENTED_EDGE('',*,*,#5282,.F.);
#6887=ORIENTED_EDGE('',*,*,#5283,.F.);
#6888=ORIENTED_EDGE('',*,*,#5284,.F.);
#6889=ORIENTED_EDGE('',*,*,#5208,.F.);
#6890=ORIENTED_EDGE('',*,*,#5199,.F.);
#6891=ORIENTED_EDGE('',*,*,#5285,.F.);
#6892=ORIENTED_EDGE('',*,*,#5286,.F.);
#6893=ORIENTED_EDGE('',*,*,#5153,.F.);
#6894=ORIENTED_EDGE('',*,*,#5287,.T.);
#6895=ORIENTED_EDGE('',*,*,#5271,.F.);
#6896=ORIENTED_EDGE('',*,*,#5288,.T.);
#6897=ORIENTED_EDGE('',*,*,#5273,.T.);
#6898=ORIENTED_EDGE('',*,*,#5270,.T.);
#6899=ORIENTED_EDGE('',*,*,#5288,.F.);
#6900=ORIENTED_EDGE('',*,*,#5219,.T.);
#6901=ORIENTED_EDGE('',*,*,#5227,.F.);
#6902=ORIENTED_EDGE('',*,*,#5289,.F.);
#6903=ORIENTED_EDGE('',*,*,#5235,.F.);
#6904=ORIENTED_EDGE('',*,*,#5245,.F.);
#6905=ORIENTED_EDGE('',*,*,#5230,.F.);
#6906=ORIENTED_EDGE('',*,*,#5238,.T.);
#6907=ORIENTED_EDGE('',*,*,#5278,.T.);
#6908=ORIENTED_EDGE('',*,*,#5290,.F.);
#6909=ORIENTED_EDGE('',*,*,#5291,.F.);
#6910=ORIENTED_EDGE('',*,*,#5292,.F.);
#6911=ORIENTED_EDGE('',*,*,#5274,.T.);
#6912=ORIENTED_EDGE('',*,*,#5160,.T.);
#6913=ORIENTED_EDGE('',*,*,#5293,.F.);
#6914=ORIENTED_EDGE('',*,*,#5294,.F.);
#6915=ORIENTED_EDGE('',*,*,#5295,.F.);
#6916=ORIENTED_EDGE('',*,*,#5296,.T.);
#6917=ORIENTED_EDGE('',*,*,#5297,.T.);
#6918=ORIENTED_EDGE('',*,*,#5298,.T.);
#6919=ORIENTED_EDGE('',*,*,#5299,.F.);
#6920=ORIENTED_EDGE('',*,*,#5157,.F.);
#6921=ORIENTED_EDGE('',*,*,#5300,.F.);
#6922=ORIENTED_EDGE('',*,*,#5276,.F.);
#6923=ORIENTED_EDGE('',*,*,#5155,.T.);
#6924=ORIENTED_EDGE('',*,*,#5301,.T.);
#6925=ORIENTED_EDGE('',*,*,#5302,.F.);
#6926=ORIENTED_EDGE('',*,*,#5225,.T.);
#6927=ORIENTED_EDGE('',*,*,#5223,.T.);
#6928=ORIENTED_EDGE('',*,*,#5303,.T.);
#6929=ORIENTED_EDGE('',*,*,#5210,.F.);
#6930=ORIENTED_EDGE('',*,*,#5304,.T.);
#6931=ORIENTED_EDGE('',*,*,#5293,.T.);
#6932=ORIENTED_EDGE('',*,*,#5159,.T.);
#6933=ORIENTED_EDGE('',*,*,#5305,.T.);
#6934=ORIENTED_EDGE('',*,*,#5306,.T.);
#6935=ORIENTED_EDGE('',*,*,#5307,.T.);
#6936=ORIENTED_EDGE('',*,*,#5287,.F.);
#6937=ORIENTED_EDGE('',*,*,#5272,.F.);
#6938=ORIENTED_EDGE('',*,*,#5290,.T.);
#6939=ORIENTED_EDGE('',*,*,#5277,.F.);
#6940=ORIENTED_EDGE('',*,*,#5300,.T.);
#6941=ORIENTED_EDGE('',*,*,#5156,.F.);
#6942=ORIENTED_EDGE('',*,*,#5307,.F.);
#6943=ORIENTED_EDGE('',*,*,#5308,.T.);
#6944=ORIENTED_EDGE('',*,*,#5291,.T.);
#6945=ORIENTED_EDGE('',*,*,#5308,.F.);
#6946=ORIENTED_EDGE('',*,*,#5306,.F.);
#6947=ORIENTED_EDGE('',*,*,#5309,.T.);
#6948=ORIENTED_EDGE('',*,*,#5292,.T.);
#6949=ORIENTED_EDGE('',*,*,#5309,.F.);
#6950=ORIENTED_EDGE('',*,*,#5305,.F.);
#6951=ORIENTED_EDGE('',*,*,#5158,.T.);
#6952=ORIENTED_EDGE('',*,*,#5299,.T.);
#6953=ORIENTED_EDGE('',*,*,#5275,.T.);
#6954=ORIENTED_EDGE('',*,*,#5310,.F.);
#6955=ORIENTED_EDGE('',*,*,#5311,.T.);
#6956=ORIENTED_EDGE('',*,*,#5312,.F.);
#6957=ORIENTED_EDGE('',*,*,#5313,.F.);
#6958=ORIENTED_EDGE('',*,*,#5314,.F.);
#6959=ORIENTED_EDGE('',*,*,#5315,.T.);
#6960=ORIENTED_EDGE('',*,*,#5316,.F.);
#6961=ORIENTED_EDGE('',*,*,#5311,.F.);
#6962=ORIENTED_EDGE('',*,*,#5317,.F.);
#6963=ORIENTED_EDGE('',*,*,#5313,.T.);
#6964=ORIENTED_EDGE('',*,*,#5318,.F.);
#6965=ORIENTED_EDGE('',*,*,#5319,.F.);
#6966=ORIENTED_EDGE('',*,*,#5320,.F.);
#6967=ORIENTED_EDGE('',*,*,#5319,.T.);
#6968=ORIENTED_EDGE('',*,*,#5321,.F.);
#6969=ORIENTED_EDGE('',*,*,#5315,.F.);
#6970=ORIENTED_EDGE('',*,*,#5321,.T.);
#6971=ORIENTED_EDGE('',*,*,#5318,.T.);
#6972=ORIENTED_EDGE('',*,*,#5312,.T.);
#6973=ORIENTED_EDGE('',*,*,#5316,.T.);
#6974=ORIENTED_EDGE('',*,*,#5202,.F.);
#6975=ORIENTED_EDGE('',*,*,#5280,.T.);
#6976=ORIENTED_EDGE('',*,*,#5241,.F.);
#6977=ORIENTED_EDGE('',*,*,#5322,.F.);
#6978=ORIENTED_EDGE('',*,*,#5323,.T.);
#6979=ORIENTED_EDGE('',*,*,#5322,.T.);
#6980=ORIENTED_EDGE('',*,*,#5240,.T.);
#6981=ORIENTED_EDGE('',*,*,#5261,.F.);
#6982=ORIENTED_EDGE('',*,*,#5324,.T.);
#6983=ORIENTED_EDGE('',*,*,#5325,.F.);
#6984=ORIENTED_EDGE('',*,*,#5203,.F.);
#6985=ORIENTED_EDGE('',*,*,#5323,.F.);
#6986=ORIENTED_EDGE('',*,*,#5326,.T.);
#6987=ORIENTED_EDGE('',*,*,#5327,.T.);
#6988=ORIENTED_EDGE('',*,*,#5328,.T.);
#6989=ORIENTED_EDGE('',*,*,#5129,.T.);
#6990=ORIENTED_EDGE('',*,*,#5127,.T.);
#6991=ORIENTED_EDGE('',*,*,#5194,.F.);
#6992=ORIENTED_EDGE('',*,*,#5329,.F.);
#6993=ORIENTED_EDGE('',*,*,#5330,.F.);
#6994=ORIENTED_EDGE('',*,*,#5204,.F.);
#6995=ORIENTED_EDGE('',*,*,#5325,.T.);
#6996=ORIENTED_EDGE('',*,*,#5128,.F.);
#6997=ORIENTED_EDGE('',*,*,#5329,.T.);
#6998=ORIENTED_EDGE('',*,*,#5193,.F.);
#6999=ORIENTED_EDGE('',*,*,#5330,.T.);
#7000=ORIENTED_EDGE('',*,*,#5192,.T.);
#7001=ORIENTED_EDGE('',*,*,#5331,.T.);
#7002=ORIENTED_EDGE('',*,*,#5332,.T.);
#7003=ORIENTED_EDGE('',*,*,#5333,.F.);
#7004=ORIENTED_EDGE('',*,*,#5334,.T.);
#7005=ORIENTED_EDGE('',*,*,#5335,.T.);
#7006=ORIENTED_EDGE('',*,*,#5336,.F.);
#7007=ORIENTED_EDGE('',*,*,#5337,.F.);
#7008=ORIENTED_EDGE('',*,*,#5338,.T.);
#7009=ORIENTED_EDGE('',*,*,#5339,.T.);
#7010=ORIENTED_EDGE('',*,*,#5340,.T.);
#7011=ORIENTED_EDGE('',*,*,#5341,.T.);
#7012=ORIENTED_EDGE('',*,*,#5342,.T.);
#7013=ORIENTED_EDGE('',*,*,#5343,.T.);
#7014=ORIENTED_EDGE('',*,*,#5205,.T.);
#7015=ORIENTED_EDGE('',*,*,#5344,.T.);
#7016=ORIENTED_EDGE('',*,*,#5345,.T.);
#7017=ORIENTED_EDGE('',*,*,#5346,.T.);
#7018=ORIENTED_EDGE('',*,*,#5347,.F.);
#7019=ORIENTED_EDGE('',*,*,#5348,.T.);
#7020=ORIENTED_EDGE('',*,*,#5349,.F.);
#7021=ORIENTED_EDGE('',*,*,#5345,.F.);
#7022=ORIENTED_EDGE('',*,*,#5350,.T.);
#7023=ORIENTED_EDGE('',*,*,#5351,.F.);
#7024=ORIENTED_EDGE('',*,*,#5350,.F.);
#7025=ORIENTED_EDGE('',*,*,#5344,.F.);
#7026=ORIENTED_EDGE('',*,*,#5327,.F.);
#7027=ORIENTED_EDGE('',*,*,#5352,.T.);
#7028=ORIENTED_EDGE('',*,*,#5260,.T.);
#7029=ORIENTED_EDGE('',*,*,#5353,.F.);
#7030=ORIENTED_EDGE('',*,*,#5354,.T.);
#7031=ORIENTED_EDGE('',*,*,#5355,.F.);
#7032=ORIENTED_EDGE('',*,*,#5352,.F.);
#7033=ORIENTED_EDGE('',*,*,#5326,.F.);
#7034=ORIENTED_EDGE('',*,*,#5324,.F.);
#7035=ORIENTED_EDGE('',*,*,#5356,.T.);
#7036=ORIENTED_EDGE('',*,*,#5357,.F.);
#7037=ORIENTED_EDGE('',*,*,#5337,.T.);
#7038=ORIENTED_EDGE('',*,*,#5358,.F.);
#7039=ORIENTED_EDGE('',*,*,#5359,.T.);
#7040=ORIENTED_EDGE('',*,*,#5360,.F.);
#7041=ORIENTED_EDGE('',*,*,#5339,.F.);
#7042=ORIENTED_EDGE('',*,*,#5361,.T.);
#7043=ORIENTED_EDGE('',*,*,#5362,.T.);
#7044=ORIENTED_EDGE('',*,*,#5361,.F.);
#7045=ORIENTED_EDGE('',*,*,#5338,.F.);
#7046=ORIENTED_EDGE('',*,*,#5357,.T.);
#7047=ORIENTED_EDGE('',*,*,#5363,.T.);
#7048=ORIENTED_EDGE('',*,*,#5364,.T.);
#7049=ORIENTED_EDGE('',*,*,#5340,.F.);
#7050=ORIENTED_EDGE('',*,*,#5360,.T.);
#7051=ORIENTED_EDGE('',*,*,#5365,.T.);
#7052=ORIENTED_EDGE('',*,*,#5132,.F.);
#7053=ORIENTED_EDGE('',*,*,#5366,.T.);
#7054=ORIENTED_EDGE('',*,*,#5367,.F.);
#7055=ORIENTED_EDGE('',*,*,#5125,.T.);
#7056=ORIENTED_EDGE('',*,*,#5368,.F.);
#7057=ORIENTED_EDGE('',*,*,#5369,.F.);
#7058=ORIENTED_EDGE('',*,*,#5195,.F.);
#7059=ORIENTED_EDGE('',*,*,#5124,.T.);
#7060=ORIENTED_EDGE('',*,*,#5370,.T.);
#7061=ORIENTED_EDGE('',*,*,#5371,.F.);
#7062=ORIENTED_EDGE('',*,*,#5368,.T.);
#7063=ORIENTED_EDGE('',*,*,#5123,.T.);
#7064=ORIENTED_EDGE('',*,*,#5197,.F.);
#7065=ORIENTED_EDGE('',*,*,#5372,.F.);
#7066=ORIENTED_EDGE('',*,*,#5370,.F.);
#7067=ORIENTED_EDGE('',*,*,#5133,.F.);
#7068=ORIENTED_EDGE('',*,*,#5365,.F.);
#7069=ORIENTED_EDGE('',*,*,#5373,.F.);
#7070=ORIENTED_EDGE('',*,*,#5374,.F.);
#7071=ORIENTED_EDGE('',*,*,#5131,.T.);
#7072=ORIENTED_EDGE('',*,*,#5375,.F.);
#7073=ORIENTED_EDGE('',*,*,#5376,.F.);
#7074=ORIENTED_EDGE('',*,*,#5366,.F.);
#7075=ORIENTED_EDGE('',*,*,#5377,.F.);
#7076=ORIENTED_EDGE('',*,*,#5378,.F.);
#7077=ORIENTED_EDGE('',*,*,#5379,.F.);
#7078=ORIENTED_EDGE('',*,*,#5373,.T.);
#7079=ORIENTED_EDGE('',*,*,#5367,.T.);
#7080=ORIENTED_EDGE('',*,*,#5376,.T.);
#7081=ORIENTED_EDGE('',*,*,#5130,.T.);
#7082=ORIENTED_EDGE('',*,*,#5328,.F.);
#7083=ORIENTED_EDGE('',*,*,#5347,.T.);
#7084=ORIENTED_EDGE('',*,*,#5380,.T.);
#7085=ORIENTED_EDGE('',*,*,#5381,.T.);
#7086=ORIENTED_EDGE('',*,*,#5382,.F.);
#7087=ORIENTED_EDGE('',*,*,#5383,.F.);
#7088=ORIENTED_EDGE('',*,*,#5384,.T.);
#7089=ORIENTED_EDGE('',*,*,#5385,.F.);
#7090=ORIENTED_EDGE('',*,*,#5377,.T.);
#7091=ORIENTED_EDGE('',*,*,#5375,.T.);
#7092=ORIENTED_EDGE('',*,*,#5372,.T.);
#7093=ORIENTED_EDGE('',*,*,#5196,.T.);
#7094=ORIENTED_EDGE('',*,*,#5369,.T.);
#7095=ORIENTED_EDGE('',*,*,#5371,.T.);
#7096=ORIENTED_EDGE('',*,*,#5386,.F.);
#7097=ORIENTED_EDGE('',*,*,#5387,.T.);
#7098=ORIENTED_EDGE('',*,*,#5388,.T.);
#7099=ORIENTED_EDGE('',*,*,#5389,.F.);
#7100=ORIENTED_EDGE('',*,*,#5389,.T.);
#7101=ORIENTED_EDGE('',*,*,#5390,.F.);
#7102=ORIENTED_EDGE('',*,*,#5391,.F.);
#7103=ORIENTED_EDGE('',*,*,#5392,.T.);
#7104=ORIENTED_EDGE('',*,*,#5393,.T.);
#7105=ORIENTED_EDGE('',*,*,#5394,.T.);
#7106=ORIENTED_EDGE('',*,*,#5395,.T.);
#7107=ORIENTED_EDGE('',*,*,#5396,.T.);
#7108=ORIENTED_EDGE('',*,*,#5397,.T.);
#7109=ORIENTED_EDGE('',*,*,#5398,.T.);
#7110=ORIENTED_EDGE('',*,*,#5399,.F.);
#7111=ORIENTED_EDGE('',*,*,#5400,.T.);
#7112=ORIENTED_EDGE('',*,*,#5401,.T.);
#7113=ORIENTED_EDGE('',*,*,#5402,.T.);
#7114=ORIENTED_EDGE('',*,*,#5403,.F.);
#7115=ORIENTED_EDGE('',*,*,#5404,.T.);
#7116=ORIENTED_EDGE('',*,*,#5405,.F.);
#7117=ORIENTED_EDGE('',*,*,#5406,.F.);
#7118=ORIENTED_EDGE('',*,*,#5407,.T.);
#7119=ORIENTED_EDGE('',*,*,#5408,.F.);
#7120=ORIENTED_EDGE('',*,*,#5409,.T.);
#7121=ORIENTED_EDGE('',*,*,#5410,.T.);
#7122=ORIENTED_EDGE('',*,*,#5411,.F.);
#7123=ORIENTED_EDGE('',*,*,#5412,.T.);
#7124=ORIENTED_EDGE('',*,*,#5413,.T.);
#7125=ORIENTED_EDGE('',*,*,#5414,.T.);
#7126=ORIENTED_EDGE('',*,*,#5415,.T.);
#7127=ORIENTED_EDGE('',*,*,#5395,.F.);
#7128=ORIENTED_EDGE('',*,*,#5191,.F.);
#7129=ORIENTED_EDGE('',*,*,#5416,.T.);
#7130=ORIENTED_EDGE('',*,*,#5417,.T.);
#7131=ORIENTED_EDGE('',*,*,#5418,.T.);
#7132=ORIENTED_EDGE('',*,*,#5419,.T.);
#7133=ORIENTED_EDGE('',*,*,#5420,.T.);
#7134=ORIENTED_EDGE('',*,*,#5421,.F.);
#7135=ORIENTED_EDGE('',*,*,#5422,.F.);
#7136=ORIENTED_EDGE('',*,*,#5410,.F.);
#7137=ORIENTED_EDGE('',*,*,#5423,.T.);
#7138=ORIENTED_EDGE('',*,*,#5406,.T.);
#7139=ORIENTED_EDGE('',*,*,#5424,.T.);
#7140=ORIENTED_EDGE('',*,*,#5425,.T.);
#7141=ORIENTED_EDGE('',*,*,#5426,.T.);
#7142=ORIENTED_EDGE('',*,*,#5331,.F.);
#7143=ORIENTED_EDGE('',*,*,#5427,.F.);
#7144=ORIENTED_EDGE('',*,*,#5428,.F.);
#7145=ORIENTED_EDGE('',*,*,#5429,.F.);
#7146=ORIENTED_EDGE('',*,*,#5430,.F.);
#7147=ORIENTED_EDGE('',*,*,#5431,.F.);
#7148=ORIENTED_EDGE('',*,*,#5432,.F.);
#7149=ORIENTED_EDGE('',*,*,#5433,.F.);
#7150=ORIENTED_EDGE('',*,*,#5425,.F.);
#7151=ORIENTED_EDGE('',*,*,#5408,.T.);
#7152=ORIENTED_EDGE('',*,*,#5434,.F.);
#7153=ORIENTED_EDGE('',*,*,#5432,.T.);
#7154=ORIENTED_EDGE('',*,*,#5435,.F.);
#7155=ORIENTED_EDGE('',*,*,#5405,.T.);
#7156=ORIENTED_EDGE('',*,*,#5435,.T.);
#7157=ORIENTED_EDGE('',*,*,#5431,.T.);
#7158=ORIENTED_EDGE('',*,*,#5424,.F.);
#7159=ORIENTED_EDGE('',*,*,#5436,.F.);
#7160=ORIENTED_EDGE('',*,*,#5383,.T.);
#7161=ORIENTED_EDGE('',*,*,#5437,.F.);
#7162=ORIENTED_EDGE('',*,*,#5186,.F.);
#7163=ORIENTED_EDGE('',*,*,#5438,.F.);
#7164=ORIENTED_EDGE('',*,*,#5188,.T.);
#7165=ORIENTED_EDGE('',*,*,#5439,.F.);
#7166=ORIENTED_EDGE('',*,*,#5381,.F.);
#7167=ORIENTED_EDGE('',*,*,#5439,.T.);
#7168=ORIENTED_EDGE('',*,*,#5187,.T.);
#7169=ORIENTED_EDGE('',*,*,#5437,.T.);
#7170=ORIENTED_EDGE('',*,*,#5382,.T.);
#7171=ORIENTED_EDGE('',*,*,#5438,.T.);
#7172=ORIENTED_EDGE('',*,*,#5380,.F.);
#7173=ORIENTED_EDGE('',*,*,#5346,.F.);
#7174=ORIENTED_EDGE('',*,*,#5349,.T.);
#7175=ORIENTED_EDGE('',*,*,#5440,.T.);
#7176=ORIENTED_EDGE('',*,*,#5358,.T.);
#7177=ORIENTED_EDGE('',*,*,#5336,.T.);
#7178=ORIENTED_EDGE('',*,*,#5441,.T.);
#7179=ORIENTED_EDGE('',*,*,#5442,.F.);
#7180=ORIENTED_EDGE('',*,*,#5189,.F.);
#7181=ORIENTED_EDGE('',*,*,#5184,.T.);
#7182=ORIENTED_EDGE('',*,*,#5443,.T.);
#7183=ORIENTED_EDGE('',*,*,#5444,.F.);
#7184=ORIENTED_EDGE('',*,*,#5445,.T.);
#7185=ORIENTED_EDGE('',*,*,#5446,.F.);
#7186=ORIENTED_EDGE('',*,*,#5447,.F.);
#7187=ORIENTED_EDGE('',*,*,#5420,.F.);
#7188=ORIENTED_EDGE('',*,*,#5448,.F.);
#7189=ORIENTED_EDGE('',*,*,#5449,.T.);
#7190=ORIENTED_EDGE('',*,*,#5450,.T.);
#7191=ORIENTED_EDGE('',*,*,#5451,.T.);
#7192=ORIENTED_EDGE('',*,*,#5452,.F.);
#7193=ORIENTED_EDGE('',*,*,#5453,.F.);
#7194=ORIENTED_EDGE('',*,*,#5454,.F.);
#7195=ORIENTED_EDGE('',*,*,#5455,.T.);
#7196=ORIENTED_EDGE('',*,*,#5342,.F.);
#7197=ORIENTED_EDGE('',*,*,#5456,.T.);
#7198=ORIENTED_EDGE('',*,*,#5457,.F.);
#7199=ORIENTED_EDGE('',*,*,#5341,.F.);
#7200=ORIENTED_EDGE('',*,*,#5364,.F.);
#7201=ORIENTED_EDGE('',*,*,#5458,.F.);
#7202=ORIENTED_EDGE('',*,*,#5456,.F.);
#7203=ORIENTED_EDGE('',*,*,#5457,.T.);
#7204=ORIENTED_EDGE('',*,*,#5458,.T.);
#7205=ORIENTED_EDGE('',*,*,#5363,.F.);
#7206=ORIENTED_EDGE('',*,*,#5359,.F.);
#7207=ORIENTED_EDGE('',*,*,#5362,.F.);
#7208=ORIENTED_EDGE('',*,*,#5356,.F.);
#7209=ORIENTED_EDGE('',*,*,#5440,.F.);
#7210=ORIENTED_EDGE('',*,*,#5348,.F.);
#7211=ORIENTED_EDGE('',*,*,#5351,.T.);
#7212=ORIENTED_EDGE('',*,*,#5355,.T.);
#7213=ORIENTED_EDGE('',*,*,#5459,.T.);
#7214=ORIENTED_EDGE('',*,*,#5460,.T.);
#7215=ORIENTED_EDGE('',*,*,#5461,.T.);
#7216=ORIENTED_EDGE('',*,*,#5258,.T.);
#7217=ORIENTED_EDGE('',*,*,#5462,.F.);
#7218=ORIENTED_EDGE('',*,*,#5463,.T.);
#7219=ORIENTED_EDGE('',*,*,#5464,.T.);
#7220=ORIENTED_EDGE('',*,*,#5465,.T.);
#7221=ORIENTED_EDGE('',*,*,#5466,.F.);
#7222=ORIENTED_EDGE('',*,*,#5467,.T.);
#7223=ORIENTED_EDGE('',*,*,#5468,.T.);
#7224=ORIENTED_EDGE('',*,*,#5469,.T.);
#7225=ORIENTED_EDGE('',*,*,#5470,.T.);
#7226=ORIENTED_EDGE('',*,*,#5256,.T.);
#7227=ORIENTED_EDGE('',*,*,#5471,.F.);
#7228=ORIENTED_EDGE('',*,*,#5472,.F.);
#7229=ORIENTED_EDGE('',*,*,#5473,.T.);
#7230=ORIENTED_EDGE('',*,*,#5474,.T.);
#7231=ORIENTED_EDGE('',*,*,#5475,.T.);
#7232=ORIENTED_EDGE('',*,*,#5471,.T.);
#7233=ORIENTED_EDGE('',*,*,#5255,.T.);
#7234=ORIENTED_EDGE('',*,*,#5476,.F.);
#7235=ORIENTED_EDGE('',*,*,#5477,.T.);
#7236=ORIENTED_EDGE('',*,*,#5476,.T.);
#7237=ORIENTED_EDGE('',*,*,#5254,.T.);
#7238=ORIENTED_EDGE('',*,*,#5478,.F.);
#7239=ORIENTED_EDGE('',*,*,#5479,.T.);
#7240=ORIENTED_EDGE('',*,*,#5480,.T.);
#7241=ORIENTED_EDGE('',*,*,#5481,.T.);
#7242=ORIENTED_EDGE('',*,*,#5482,.T.);
#7243=ORIENTED_EDGE('',*,*,#5483,.T.);
#7244=ORIENTED_EDGE('',*,*,#5217,.T.);
#7245=ORIENTED_EDGE('',*,*,#5267,.T.);
#7246=ORIENTED_EDGE('',*,*,#5284,.T.);
#7247=ORIENTED_EDGE('',*,*,#5484,.F.);
#7248=ORIENTED_EDGE('',*,*,#5485,.F.);
#7249=ORIENTED_EDGE('',*,*,#5486,.T.);
#7250=ORIENTED_EDGE('',*,*,#5453,.T.);
#7251=ORIENTED_EDGE('',*,*,#5487,.F.);
#7252=ORIENTED_EDGE('',*,*,#5484,.T.);
#7253=ORIENTED_EDGE('',*,*,#5283,.T.);
#7254=ORIENTED_EDGE('',*,*,#5488,.F.);
#7255=ORIENTED_EDGE('',*,*,#5489,.T.);
#7256=ORIENTED_EDGE('',*,*,#5490,.F.);
#7257=ORIENTED_EDGE('',*,*,#5491,.T.);
#7258=ORIENTED_EDGE('',*,*,#5478,.T.);
#7259=ORIENTED_EDGE('',*,*,#5253,.T.);
#7260=ORIENTED_EDGE('',*,*,#5233,.T.);
#7261=ORIENTED_EDGE('',*,*,#5492,.T.);
#7262=ORIENTED_EDGE('',*,*,#5353,.T.);
#7263=ORIENTED_EDGE('',*,*,#5259,.T.);
#7264=ORIENTED_EDGE('',*,*,#5461,.F.);
#7265=ORIENTED_EDGE('',*,*,#5472,.T.);
#7266=ORIENTED_EDGE('',*,*,#5493,.T.);
#7267=ORIENTED_EDGE('',*,*,#5494,.F.);
#7268=ORIENTED_EDGE('',*,*,#5495,.T.);
#7269=ORIENTED_EDGE('',*,*,#5378,.T.);
#7270=ORIENTED_EDGE('',*,*,#5385,.T.);
#7271=ORIENTED_EDGE('',*,*,#5496,.T.);
#7272=ORIENTED_EDGE('',*,*,#5488,.T.);
#7273=ORIENTED_EDGE('',*,*,#5282,.T.);
#7274=ORIENTED_EDGE('',*,*,#5497,.F.);
#7275=ORIENTED_EDGE('',*,*,#5134,.T.);
#7276=ORIENTED_EDGE('',*,*,#5374,.T.);
#7277=ORIENTED_EDGE('',*,*,#5379,.T.);
#7278=ORIENTED_EDGE('',*,*,#5497,.T.);
#7279=ORIENTED_EDGE('',*,*,#5281,.F.);
#7280=ORIENTED_EDGE('',*,*,#5268,.T.);
#7281=ORIENTED_EDGE('',*,*,#5248,.T.);
#7282=ORIENTED_EDGE('',*,*,#5266,.F.);
#7283=ORIENTED_EDGE('',*,*,#5279,.F.);
#7284=ORIENTED_EDGE('',*,*,#5498,.F.);
#7285=ORIENTED_EDGE('',*,*,#5499,.F.);
#7286=ORIENTED_EDGE('',*,*,#5467,.F.);
#7287=ORIENTED_EDGE('',*,*,#5500,.F.);
#7288=ORIENTED_EDGE('',*,*,#5499,.T.);
#7289=ORIENTED_EDGE('',*,*,#5501,.T.);
#7290=ORIENTED_EDGE('',*,*,#5502,.T.);
#7291=ORIENTED_EDGE('',*,*,#5468,.F.);
#7292=ORIENTED_EDGE('',*,*,#5498,.T.);
#7293=ORIENTED_EDGE('',*,*,#5503,.T.);
#7294=ORIENTED_EDGE('',*,*,#5504,.T.);
#7295=ORIENTED_EDGE('',*,*,#5501,.F.);
#7296=ORIENTED_EDGE('',*,*,#5500,.T.);
#7297=ORIENTED_EDGE('',*,*,#5466,.T.);
#7298=ORIENTED_EDGE('',*,*,#5505,.T.);
#7299=ORIENTED_EDGE('',*,*,#5503,.F.);
#7300=ORIENTED_EDGE('',*,*,#5506,.F.);
#7301=ORIENTED_EDGE('',*,*,#5507,.F.);
#7302=ORIENTED_EDGE('',*,*,#5463,.F.);
#7303=ORIENTED_EDGE('',*,*,#5508,.F.);
#7304=ORIENTED_EDGE('',*,*,#5507,.T.);
#7305=ORIENTED_EDGE('',*,*,#5509,.T.);
#7306=ORIENTED_EDGE('',*,*,#5510,.T.);
#7307=ORIENTED_EDGE('',*,*,#5464,.F.);
#7308=ORIENTED_EDGE('',*,*,#5506,.T.);
#7309=ORIENTED_EDGE('',*,*,#5511,.T.);
#7310=ORIENTED_EDGE('',*,*,#5512,.T.);
#7311=ORIENTED_EDGE('',*,*,#5509,.F.);
#7312=ORIENTED_EDGE('',*,*,#5513,.F.);
#7313=ORIENTED_EDGE('',*,*,#5514,.F.);
#7314=ORIENTED_EDGE('',*,*,#5473,.F.);
#7315=ORIENTED_EDGE('',*,*,#5495,.F.);
#7316=ORIENTED_EDGE('',*,*,#5515,.T.);
#7317=ORIENTED_EDGE('',*,*,#5516,.T.);
#7318=ORIENTED_EDGE('',*,*,#5517,.T.);
#7319=ORIENTED_EDGE('',*,*,#5482,.F.);
#7320=ORIENTED_EDGE('',*,*,#5518,.T.);
#7321=ORIENTED_EDGE('',*,*,#5519,.F.);
#7322=ORIENTED_EDGE('',*,*,#5520,.T.);
#7323=ORIENTED_EDGE('',*,*,#5521,.T.);
#7324=ORIENTED_EDGE('',*,*,#5522,.T.);
#7325=ORIENTED_EDGE('',*,*,#5516,.F.);
#7326=ORIENTED_EDGE('',*,*,#5508,.T.);
#7327=ORIENTED_EDGE('',*,*,#5462,.T.);
#7328=ORIENTED_EDGE('',*,*,#5257,.T.);
#7329=ORIENTED_EDGE('',*,*,#5470,.F.);
#7330=ORIENTED_EDGE('',*,*,#5523,.T.);
#7331=ORIENTED_EDGE('',*,*,#5511,.F.);
#7332=ORIENTED_EDGE('',*,*,#5514,.T.);
#7333=ORIENTED_EDGE('',*,*,#5524,.T.);
#7334=ORIENTED_EDGE('',*,*,#5525,.T.);
#7335=ORIENTED_EDGE('',*,*,#5474,.F.);
#7336=ORIENTED_EDGE('',*,*,#5513,.T.);
#7337=ORIENTED_EDGE('',*,*,#5494,.T.);
#7338=ORIENTED_EDGE('',*,*,#5526,.T.);
#7339=ORIENTED_EDGE('',*,*,#5524,.F.);
#7340=ORIENTED_EDGE('',*,*,#5492,.F.);
#7341=ORIENTED_EDGE('',*,*,#5460,.F.);
#7342=ORIENTED_EDGE('',*,*,#5502,.F.);
#7343=ORIENTED_EDGE('',*,*,#5504,.F.);
#7344=ORIENTED_EDGE('',*,*,#5505,.F.);
#7345=ORIENTED_EDGE('',*,*,#5465,.F.);
#7346=ORIENTED_EDGE('',*,*,#5510,.F.);
#7347=ORIENTED_EDGE('',*,*,#5512,.F.);
#7348=ORIENTED_EDGE('',*,*,#5523,.F.);
#7349=ORIENTED_EDGE('',*,*,#5469,.F.);
#7350=ORIENTED_EDGE('',*,*,#5525,.F.);
#7351=ORIENTED_EDGE('',*,*,#5526,.F.);
#7352=ORIENTED_EDGE('',*,*,#5493,.F.);
#7353=ORIENTED_EDGE('',*,*,#5475,.F.);
#7354=ORIENTED_EDGE('',*,*,#5477,.F.);
#7355=ORIENTED_EDGE('',*,*,#5517,.F.);
#7356=ORIENTED_EDGE('',*,*,#5522,.F.);
#7357=ORIENTED_EDGE('',*,*,#5527,.F.);
#7358=ORIENTED_EDGE('',*,*,#5206,.F.);
#7359=ORIENTED_EDGE('',*,*,#5343,.F.);
#7360=ORIENTED_EDGE('',*,*,#5455,.F.);
#7361=ORIENTED_EDGE('',*,*,#5459,.F.);
#7362=ORIENTED_EDGE('',*,*,#5354,.F.);
#7363=ORIENTED_EDGE('',*,*,#5528,.T.);
#7364=ORIENTED_EDGE('',*,*,#5519,.T.);
#7365=ORIENTED_EDGE('',*,*,#5529,.T.);
#7366=ORIENTED_EDGE('',*,*,#5480,.F.);
#7367=ORIENTED_EDGE('',*,*,#5518,.F.);
#7368=ORIENTED_EDGE('',*,*,#5515,.F.);
#7369=ORIENTED_EDGE('',*,*,#5481,.F.);
#7370=ORIENTED_EDGE('',*,*,#5529,.F.);
#7371=ORIENTED_EDGE('',*,*,#5483,.F.);
#7372=ORIENTED_EDGE('',*,*,#5530,.F.);
#7373=ORIENTED_EDGE('',*,*,#5297,.F.);
#7374=ORIENTED_EDGE('',*,*,#5531,.F.);
#7375=ORIENTED_EDGE('',*,*,#5303,.F.);
#7376=ORIENTED_EDGE('',*,*,#5222,.F.);
#7377=ORIENTED_EDGE('',*,*,#5250,.F.);
#7378=ORIENTED_EDGE('',*,*,#5218,.T.);
#7379=ORIENTED_EDGE('',*,*,#5531,.T.);
#7380=ORIENTED_EDGE('',*,*,#5532,.T.);
#7381=ORIENTED_EDGE('',*,*,#5533,.F.);
#7382=ORIENTED_EDGE('',*,*,#5534,.F.);
#7383=ORIENTED_EDGE('',*,*,#5535,.F.);
#7384=ORIENTED_EDGE('',*,*,#5536,.F.);
#7385=ORIENTED_EDGE('',*,*,#5537,.T.);
#7386=ORIENTED_EDGE('',*,*,#5538,.F.);
#7387=ORIENTED_EDGE('',*,*,#5211,.T.);
#7388=ORIENTED_EDGE('',*,*,#5178,.T.);
#7389=ORIENTED_EDGE('',*,*,#5161,.F.);
#7390=ORIENTED_EDGE('',*,*,#5298,.F.);
#7391=ORIENTED_EDGE('',*,*,#5539,.F.);
#7392=ORIENTED_EDGE('',*,*,#5167,.F.);
#7393=ORIENTED_EDGE('',*,*,#5540,.T.);
#7394=ORIENTED_EDGE('',*,*,#5180,.T.);
#7395=ORIENTED_EDGE('',*,*,#5296,.F.);
#7396=ORIENTED_EDGE('',*,*,#5541,.F.);
#7397=ORIENTED_EDGE('',*,*,#5168,.F.);
#7398=ORIENTED_EDGE('',*,*,#5539,.T.);
#7399=ORIENTED_EDGE('',*,*,#5542,.F.);
#7400=ORIENTED_EDGE('',*,*,#5214,.T.);
#7401=ORIENTED_EDGE('',*,*,#5543,.T.);
#7402=ORIENTED_EDGE('',*,*,#5294,.T.);
#7403=ORIENTED_EDGE('',*,*,#5304,.F.);
#7404=ORIENTED_EDGE('',*,*,#5170,.T.);
#7405=ORIENTED_EDGE('',*,*,#5544,.T.);
#7406=ORIENTED_EDGE('',*,*,#5545,.T.);
#7407=ORIENTED_EDGE('',*,*,#5546,.T.);
#7408=ORIENTED_EDGE('',*,*,#5547,.T.);
#7409=ORIENTED_EDGE('',*,*,#5534,.T.);
#7410=ORIENTED_EDGE('',*,*,#5212,.T.);
#7411=ORIENTED_EDGE('',*,*,#5538,.T.);
#7412=ORIENTED_EDGE('',*,*,#5548,.T.);
#7413=ORIENTED_EDGE('',*,*,#5549,.T.);
#7414=ORIENTED_EDGE('',*,*,#5550,.T.);
#7415=ORIENTED_EDGE('',*,*,#5551,.T.);
#7416=ORIENTED_EDGE('',*,*,#5552,.F.);
#7417=ORIENTED_EDGE('',*,*,#5553,.T.);
#7418=ORIENTED_EDGE('',*,*,#5554,.T.);
#7419=ORIENTED_EDGE('',*,*,#5555,.F.);
#7420=ORIENTED_EDGE('',*,*,#5554,.F.);
#7421=ORIENTED_EDGE('',*,*,#5556,.F.);
#7422=ORIENTED_EDGE('',*,*,#5557,.T.);
#7423=ORIENTED_EDGE('',*,*,#5558,.F.);
#7424=ORIENTED_EDGE('',*,*,#5557,.F.);
#7425=ORIENTED_EDGE('',*,*,#5559,.F.);
#7426=ORIENTED_EDGE('',*,*,#5552,.T.);
#7427=ORIENTED_EDGE('',*,*,#5555,.T.);
#7428=ORIENTED_EDGE('',*,*,#5558,.T.);
#7429=ORIENTED_EDGE('',*,*,#5560,.F.);
#7430=ORIENTED_EDGE('',*,*,#5561,.F.);
#7431=ORIENTED_EDGE('',*,*,#5441,.F.);
#7432=ORIENTED_EDGE('',*,*,#5335,.F.);
#7433=ORIENTED_EDGE('',*,*,#5562,.T.);
#7434=ORIENTED_EDGE('',*,*,#5563,.F.);
#7435=ORIENTED_EDGE('',*,*,#5564,.F.);
#7436=ORIENTED_EDGE('',*,*,#5565,.F.);
#7437=ORIENTED_EDGE('',*,*,#5566,.F.);
#7438=ORIENTED_EDGE('',*,*,#5567,.F.);
#7439=ORIENTED_EDGE('',*,*,#5568,.F.);
#7440=ORIENTED_EDGE('',*,*,#5569,.F.);
#7441=ORIENTED_EDGE('',*,*,#5412,.F.);
#7442=ORIENTED_EDGE('',*,*,#5570,.T.);
#7443=ORIENTED_EDGE('',*,*,#5571,.F.);
#7444=ORIENTED_EDGE('',*,*,#5572,.F.);
#7445=ORIENTED_EDGE('',*,*,#5573,.T.);
#7446=ORIENTED_EDGE('',*,*,#5574,.T.);
#7447=ORIENTED_EDGE('',*,*,#5575,.T.);
#7448=ORIENTED_EDGE('',*,*,#5576,.T.);
#7449=ORIENTED_EDGE('',*,*,#5577,.T.);
#7450=ORIENTED_EDGE('',*,*,#5391,.T.);
#7451=ORIENTED_EDGE('',*,*,#5578,.F.);
#7452=ORIENTED_EDGE('',*,*,#5579,.T.);
#7453=ORIENTED_EDGE('',*,*,#5580,.T.);
#7454=ORIENTED_EDGE('',*,*,#5581,.T.);
#7455=ORIENTED_EDGE('',*,*,#5449,.F.);
#7456=ORIENTED_EDGE('',*,*,#5564,.T.);
#7457=ORIENTED_EDGE('',*,*,#5582,.F.);
#7458=ORIENTED_EDGE('',*,*,#5570,.F.);
#7459=ORIENTED_EDGE('',*,*,#5583,.F.);
#7460=ORIENTED_EDGE('',*,*,#5584,.T.);
#7461=ORIENTED_EDGE('',*,*,#5585,.T.);
#7462=ORIENTED_EDGE('',*,*,#5586,.F.);
#7463=ORIENTED_EDGE('',*,*,#5587,.F.);
#7464=ORIENTED_EDGE('',*,*,#5571,.T.);
#7465=ORIENTED_EDGE('',*,*,#5582,.T.);
#7466=ORIENTED_EDGE('',*,*,#5563,.T.);
#7467=ORIENTED_EDGE('',*,*,#5588,.T.);
#7468=ORIENTED_EDGE('',*,*,#5574,.F.);
#7469=ORIENTED_EDGE('',*,*,#5589,.T.);
#7470=ORIENTED_EDGE('',*,*,#5568,.T.);
#7471=ORIENTED_EDGE('',*,*,#5590,.T.);
#7472=ORIENTED_EDGE('',*,*,#5428,.T.);
#7473=ORIENTED_EDGE('',*,*,#5591,.F.);
#7474=ORIENTED_EDGE('',*,*,#5567,.T.);
#7475=ORIENTED_EDGE('',*,*,#5592,.T.);
#7476=ORIENTED_EDGE('',*,*,#5429,.T.);
#7477=ORIENTED_EDGE('',*,*,#5590,.F.);
#7478=ORIENTED_EDGE('',*,*,#5530,.T.);
#7479=ORIENTED_EDGE('',*,*,#5486,.F.);
#7480=ORIENTED_EDGE('',*,*,#5593,.F.);
#7481=ORIENTED_EDGE('',*,*,#5532,.F.);
#7482=ORIENTED_EDGE('',*,*,#5542,.T.);
#7483=ORIENTED_EDGE('',*,*,#5436,.T.);
#7484=ORIENTED_EDGE('',*,*,#5185,.F.);
#7485=ORIENTED_EDGE('',*,*,#5454,.T.);
#7486=ORIENTED_EDGE('',*,*,#5489,.F.);
#7487=ORIENTED_EDGE('',*,*,#5496,.F.);
#7488=ORIENTED_EDGE('',*,*,#5384,.F.);
#7489=ORIENTED_EDGE('',*,*,#5560,.T.);
#7490=ORIENTED_EDGE('',*,*,#5559,.T.);
#7491=ORIENTED_EDGE('',*,*,#5594,.T.);
#7492=ORIENTED_EDGE('',*,*,#5417,.F.);
#7493=ORIENTED_EDGE('',*,*,#5595,.F.);
#7494=ORIENTED_EDGE('',*,*,#5556,.T.);
#7495=ORIENTED_EDGE('',*,*,#5596,.T.);
#7496=ORIENTED_EDGE('',*,*,#5418,.F.);
#7497=ORIENTED_EDGE('',*,*,#5594,.F.);
#7498=ORIENTED_EDGE('',*,*,#5565,.T.);
#7499=ORIENTED_EDGE('',*,*,#5448,.T.);
#7500=ORIENTED_EDGE('',*,*,#5419,.F.);
#7501=ORIENTED_EDGE('',*,*,#5596,.F.);
#7502=ORIENTED_EDGE('',*,*,#5553,.F.);
#7503=ORIENTED_EDGE('',*,*,#5536,.T.);
#7504=ORIENTED_EDGE('',*,*,#5597,.T.);
#7505=ORIENTED_EDGE('',*,*,#5598,.T.);
#7506=ORIENTED_EDGE('',*,*,#5599,.T.);
#7507=ORIENTED_EDGE('',*,*,#5600,.T.);
#7508=ORIENTED_EDGE('',*,*,#5601,.F.);
#7509=ORIENTED_EDGE('',*,*,#5602,.F.);
#7510=ORIENTED_EDGE('',*,*,#5603,.F.);
#7511=ORIENTED_EDGE('',*,*,#5604,.F.);
#7512=ORIENTED_EDGE('',*,*,#5605,.F.);
#7513=ORIENTED_EDGE('',*,*,#5606,.F.);
#7514=ORIENTED_EDGE('',*,*,#5607,.T.);
#7515=ORIENTED_EDGE('',*,*,#5608,.F.);
#7516=ORIENTED_EDGE('',*,*,#5609,.F.);
#7517=ORIENTED_EDGE('',*,*,#5610,.F.);
#7518=ORIENTED_EDGE('',*,*,#5611,.F.);
#7519=ORIENTED_EDGE('',*,*,#5612,.F.);
#7520=ORIENTED_EDGE('',*,*,#5613,.F.);
#7521=ORIENTED_EDGE('',*,*,#5561,.T.);
#7522=ORIENTED_EDGE('',*,*,#5595,.T.);
#7523=ORIENTED_EDGE('',*,*,#5416,.F.);
#7524=ORIENTED_EDGE('',*,*,#5190,.F.);
#7525=ORIENTED_EDGE('',*,*,#5442,.T.);
#7526=ORIENTED_EDGE('',*,*,#5444,.T.);
#7527=ORIENTED_EDGE('',*,*,#5614,.F.);
#7528=ORIENTED_EDGE('',*,*,#5615,.F.);
#7529=ORIENTED_EDGE('',*,*,#5616,.F.);
#7530=ORIENTED_EDGE('',*,*,#5614,.T.);
#7531=ORIENTED_EDGE('',*,*,#5443,.F.);
#7532=ORIENTED_EDGE('',*,*,#5183,.F.);
#7533=ORIENTED_EDGE('',*,*,#5617,.F.);
#7534=ORIENTED_EDGE('',*,*,#5618,.F.);
#7535=ORIENTED_EDGE('',*,*,#5619,.F.);
#7536=ORIENTED_EDGE('',*,*,#5620,.F.);
#7537=ORIENTED_EDGE('',*,*,#5621,.F.);
#7538=ORIENTED_EDGE('',*,*,#5622,.F.);
#7539=ORIENTED_EDGE('',*,*,#5623,.F.);
#7540=ORIENTED_EDGE('',*,*,#5624,.F.);
#7541=ORIENTED_EDGE('',*,*,#5625,.F.);
#7542=ORIENTED_EDGE('',*,*,#5626,.F.);
#7543=ORIENTED_EDGE('',*,*,#5627,.F.);
#7544=ORIENTED_EDGE('',*,*,#5577,.F.);
#7545=ORIENTED_EDGE('',*,*,#5628,.T.);
#7546=ORIENTED_EDGE('',*,*,#5386,.T.);
#7547=ORIENTED_EDGE('',*,*,#5392,.F.);
#7548=ORIENTED_EDGE('',*,*,#5576,.F.);
#7549=ORIENTED_EDGE('',*,*,#5629,.F.);
#7550=ORIENTED_EDGE('',*,*,#5630,.F.);
#7551=ORIENTED_EDGE('',*,*,#5631,.F.);
#7552=ORIENTED_EDGE('',*,*,#5632,.F.);
#7553=ORIENTED_EDGE('',*,*,#5332,.F.);
#7554=ORIENTED_EDGE('',*,*,#5426,.F.);
#7555=ORIENTED_EDGE('',*,*,#5433,.T.);
#7556=ORIENTED_EDGE('',*,*,#5434,.T.);
#7557=ORIENTED_EDGE('',*,*,#5407,.F.);
#7558=ORIENTED_EDGE('',*,*,#5423,.F.);
#7559=ORIENTED_EDGE('',*,*,#5409,.F.);
#7560=ORIENTED_EDGE('',*,*,#5394,.F.);
#7561=ORIENTED_EDGE('',*,*,#5633,.T.);
#7562=ORIENTED_EDGE('',*,*,#5387,.F.);
#7563=ORIENTED_EDGE('',*,*,#5628,.F.);
#7564=ORIENTED_EDGE('',*,*,#5624,.T.);
#7565=ORIENTED_EDGE('',*,*,#5634,.F.);
#7566=ORIENTED_EDGE('',*,*,#5635,.F.);
#7567=ORIENTED_EDGE('',*,*,#5636,.F.);
#7568=ORIENTED_EDGE('',*,*,#5627,.T.);
#7569=ORIENTED_EDGE('',*,*,#5637,.T.);
#7570=ORIENTED_EDGE('',*,*,#5619,.T.);
#7571=ORIENTED_EDGE('',*,*,#5638,.F.);
#7572=ORIENTED_EDGE('',*,*,#5639,.T.);
#7573=ORIENTED_EDGE('',*,*,#5640,.T.);
#7574=ORIENTED_EDGE('',*,*,#5634,.T.);
#7575=ORIENTED_EDGE('',*,*,#5616,.T.);
#7576=ORIENTED_EDGE('',*,*,#5641,.F.);
#7577=ORIENTED_EDGE('',*,*,#5642,.T.);
#7578=ORIENTED_EDGE('',*,*,#5643,.T.);
#7579=ORIENTED_EDGE('',*,*,#5644,.T.);
#7580=ORIENTED_EDGE('',*,*,#5645,.F.);
#7581=ORIENTED_EDGE('',*,*,#5445,.F.);
#7582=ORIENTED_EDGE('',*,*,#5422,.T.);
#7583=ORIENTED_EDGE('',*,*,#5646,.T.);
#7584=ORIENTED_EDGE('',*,*,#5647,.T.);
#7585=ORIENTED_EDGE('',*,*,#5644,.F.);
#7586=ORIENTED_EDGE('',*,*,#5648,.T.);
#7587=ORIENTED_EDGE('',*,*,#5583,.T.);
#7588=ORIENTED_EDGE('',*,*,#5411,.T.);
#7589=ORIENTED_EDGE('',*,*,#5566,.T.);
#7590=ORIENTED_EDGE('',*,*,#5649,.T.);
#7591=ORIENTED_EDGE('',*,*,#5430,.T.);
#7592=ORIENTED_EDGE('',*,*,#5592,.F.);
#7593=ORIENTED_EDGE('',*,*,#5569,.T.);
#7594=ORIENTED_EDGE('',*,*,#5591,.T.);
#7595=ORIENTED_EDGE('',*,*,#5427,.T.);
#7596=ORIENTED_EDGE('',*,*,#5649,.F.);
#7597=ORIENTED_EDGE('',*,*,#5650,.F.);
#7598=ORIENTED_EDGE('',*,*,#5651,.F.);
#7599=ORIENTED_EDGE('',*,*,#5652,.F.);
#7600=ORIENTED_EDGE('',*,*,#5588,.F.);
#7601=ORIENTED_EDGE('',*,*,#5562,.F.);
#7602=ORIENTED_EDGE('',*,*,#5334,.F.);
#7603=ORIENTED_EDGE('',*,*,#5653,.F.);
#7604=ORIENTED_EDGE('',*,*,#5630,.T.);
#7605=ORIENTED_EDGE('',*,*,#5654,.F.);
#7606=ORIENTED_EDGE('',*,*,#5651,.T.);
#7607=ORIENTED_EDGE('',*,*,#5655,.T.);
#7608=ORIENTED_EDGE('',*,*,#5573,.F.);
#7609=ORIENTED_EDGE('',*,*,#5656,.F.);
#7610=ORIENTED_EDGE('',*,*,#5657,.F.);
#7611=ORIENTED_EDGE('',*,*,#5413,.F.);
#7612=ORIENTED_EDGE('',*,*,#5572,.T.);
#7613=ORIENTED_EDGE('',*,*,#5589,.F.);
#7614=ORIENTED_EDGE('',*,*,#5657,.T.);
#7615=ORIENTED_EDGE('',*,*,#5658,.T.);
#7616=ORIENTED_EDGE('',*,*,#5659,.T.);
#7617=ORIENTED_EDGE('',*,*,#5660,.T.);
#7618=ORIENTED_EDGE('',*,*,#5661,.T.);
#7619=ORIENTED_EDGE('',*,*,#5662,.T.);
#7620=ORIENTED_EDGE('',*,*,#5663,.F.);
#7621=ORIENTED_EDGE('',*,*,#5664,.F.);
#7622=ORIENTED_EDGE('',*,*,#5665,.T.);
#7623=ORIENTED_EDGE('',*,*,#5414,.F.);
#7624=ORIENTED_EDGE('',*,*,#5666,.F.);
#7625=ORIENTED_EDGE('',*,*,#5667,.T.);
#7626=ORIENTED_EDGE('',*,*,#5668,.F.);
#7627=ORIENTED_EDGE('',*,*,#5669,.F.);
#7628=ORIENTED_EDGE('',*,*,#5670,.T.);
#7629=ORIENTED_EDGE('',*,*,#5668,.T.);
#7630=ORIENTED_EDGE('',*,*,#5671,.T.);
#7631=ORIENTED_EDGE('',*,*,#5579,.F.);
#7632=ORIENTED_EDGE('',*,*,#5578,.T.);
#7633=ORIENTED_EDGE('',*,*,#5390,.T.);
#7634=ORIENTED_EDGE('',*,*,#5388,.F.);
#7635=ORIENTED_EDGE('',*,*,#5633,.F.);
#7636=ORIENTED_EDGE('',*,*,#5393,.F.);
#7637=ORIENTED_EDGE('',*,*,#5672,.T.);
#7638=ORIENTED_EDGE('',*,*,#5673,.T.);
#7639=ORIENTED_EDGE('',*,*,#5674,.T.);
#7640=ORIENTED_EDGE('',*,*,#5675,.F.);
#7641=ORIENTED_EDGE('',*,*,#5676,.F.);
#7642=ORIENTED_EDGE('',*,*,#5660,.F.);
#7643=ORIENTED_EDGE('',*,*,#5677,.F.);
#7644=ORIENTED_EDGE('',*,*,#5669,.T.);
#7645=ORIENTED_EDGE('',*,*,#5670,.F.);
#7646=ORIENTED_EDGE('',*,*,#5656,.T.);
#7647=ORIENTED_EDGE('',*,*,#5580,.F.);
#7648=ORIENTED_EDGE('',*,*,#5671,.F.);
#7649=ORIENTED_EDGE('',*,*,#5667,.F.);
#7650=ORIENTED_EDGE('',*,*,#5678,.F.);
#7651=ORIENTED_EDGE('',*,*,#5658,.F.);
#7652=ORIENTED_EDGE('',*,*,#5679,.F.);
#7653=ORIENTED_EDGE('',*,*,#5397,.F.);
#7654=ORIENTED_EDGE('',*,*,#5680,.T.);
#7655=ORIENTED_EDGE('',*,*,#5664,.T.);
#7656=ORIENTED_EDGE('',*,*,#5396,.F.);
#7657=ORIENTED_EDGE('',*,*,#5415,.F.);
#7658=ORIENTED_EDGE('',*,*,#5665,.F.);
#7659=ORIENTED_EDGE('',*,*,#5680,.F.);
#7660=ORIENTED_EDGE('',*,*,#5666,.T.);
#7661=ORIENTED_EDGE('',*,*,#5677,.T.);
#7662=ORIENTED_EDGE('',*,*,#5659,.F.);
#7663=ORIENTED_EDGE('',*,*,#5678,.T.);
#7664=ORIENTED_EDGE('',*,*,#5631,.T.);
#7665=ORIENTED_EDGE('',*,*,#5655,.F.);
#7666=ORIENTED_EDGE('',*,*,#5650,.T.);
#7667=ORIENTED_EDGE('',*,*,#5681,.F.);
#7668=ORIENTED_EDGE('',*,*,#5421,.T.);
#7669=ORIENTED_EDGE('',*,*,#5447,.T.);
#7670=ORIENTED_EDGE('',*,*,#5682,.F.);
#7671=ORIENTED_EDGE('',*,*,#5646,.F.);
#7672=ORIENTED_EDGE('',*,*,#5645,.T.);
#7673=ORIENTED_EDGE('',*,*,#5647,.F.);
#7674=ORIENTED_EDGE('',*,*,#5682,.T.);
#7675=ORIENTED_EDGE('',*,*,#5446,.T.);
#7676=ORIENTED_EDGE('',*,*,#5683,.F.);
#7677=ORIENTED_EDGE('',*,*,#5684,.F.);
#7678=ORIENTED_EDGE('',*,*,#5685,.F.);
#7679=ORIENTED_EDGE('',*,*,#5686,.F.);
#7680=ORIENTED_EDGE('',*,*,#5685,.T.);
#7681=ORIENTED_EDGE('',*,*,#5687,.F.);
#7682=ORIENTED_EDGE('',*,*,#5688,.F.);
#7683=ORIENTED_EDGE('',*,*,#5689,.F.);
#7684=ORIENTED_EDGE('',*,*,#5690,.T.);
#7685=ORIENTED_EDGE('',*,*,#5587,.T.);
#7686=ORIENTED_EDGE('',*,*,#5691,.F.);
#7687=ORIENTED_EDGE('',*,*,#5692,.T.);
#7688=ORIENTED_EDGE('',*,*,#5684,.T.);
#7689=ORIENTED_EDGE('',*,*,#5693,.F.);
#7690=ORIENTED_EDGE('',*,*,#5694,.T.);
#7691=ORIENTED_EDGE('',*,*,#5687,.T.);
#7692=ORIENTED_EDGE('',*,*,#5695,.T.);
#7693=ORIENTED_EDGE('',*,*,#5696,.F.);
#7694=ORIENTED_EDGE('',*,*,#5688,.T.);
#7695=ORIENTED_EDGE('',*,*,#5694,.F.);
#7696=ORIENTED_EDGE('',*,*,#5697,.T.);
#7697=ORIENTED_EDGE('',*,*,#5689,.T.);
#7698=ORIENTED_EDGE('',*,*,#5698,.F.);
#7699=ORIENTED_EDGE('',*,*,#5451,.F.);
#7700=ORIENTED_EDGE('',*,*,#5533,.T.);
#7701=ORIENTED_EDGE('',*,*,#5593,.T.);
#7702=ORIENTED_EDGE('',*,*,#5485,.T.);
#7703=ORIENTED_EDGE('',*,*,#5487,.T.);
#7704=ORIENTED_EDGE('',*,*,#5452,.T.);
#7705=ORIENTED_EDGE('',*,*,#5698,.T.);
#7706=ORIENTED_EDGE('',*,*,#5699,.F.);
#7707=ORIENTED_EDGE('',*,*,#5181,.F.);
#7708=ORIENTED_EDGE('',*,*,#5540,.F.);
#7709=ORIENTED_EDGE('',*,*,#5171,.F.);
#7710=ORIENTED_EDGE('',*,*,#5700,.F.);
#7711=ORIENTED_EDGE('',*,*,#5691,.T.);
#7712=ORIENTED_EDGE('',*,*,#5586,.T.);
#7713=ORIENTED_EDGE('',*,*,#5701,.T.);
#7714=ORIENTED_EDGE('',*,*,#5702,.F.);
#7715=ORIENTED_EDGE('',*,*,#5584,.F.);
#7716=ORIENTED_EDGE('',*,*,#5648,.F.);
#7717=ORIENTED_EDGE('',*,*,#5703,.F.);
#7718=ORIENTED_EDGE('',*,*,#5704,.F.);
#7719=ORIENTED_EDGE('',*,*,#5581,.F.);
#7720=ORIENTED_EDGE('',*,*,#5690,.F.);
#7721=ORIENTED_EDGE('',*,*,#5697,.F.);
#7722=ORIENTED_EDGE('',*,*,#5450,.F.);
#7723=ORIENTED_EDGE('',*,*,#5683,.T.);
#7724=ORIENTED_EDGE('',*,*,#5705,.F.);
#7725=ORIENTED_EDGE('',*,*,#5701,.F.);
#7726=ORIENTED_EDGE('',*,*,#5585,.F.);
#7727=ORIENTED_EDGE('',*,*,#5702,.T.);
#7728=ORIENTED_EDGE('',*,*,#5706,.F.);
#7729=ORIENTED_EDGE('',*,*,#5695,.F.);
#7730=ORIENTED_EDGE('',*,*,#5693,.T.);
#7731=ORIENTED_EDGE('',*,*,#5706,.T.);
#7732=ORIENTED_EDGE('',*,*,#5704,.T.);
#7733=ORIENTED_EDGE('',*,*,#5707,.T.);
#7734=ORIENTED_EDGE('',*,*,#5708,.T.);
#7735=ORIENTED_EDGE('',*,*,#5709,.F.);
#7736=ORIENTED_EDGE('',*,*,#5696,.T.);
#7737=ORIENTED_EDGE('',*,*,#5626,.T.);
#7738=ORIENTED_EDGE('',*,*,#5710,.F.);
#7739=ORIENTED_EDGE('',*,*,#5620,.T.);
#7740=ORIENTED_EDGE('',*,*,#5637,.F.);
#7741=ORIENTED_EDGE('',*,*,#5625,.T.);
#7742=ORIENTED_EDGE('',*,*,#5636,.T.);
#7743=ORIENTED_EDGE('',*,*,#5711,.T.);
#7744=ORIENTED_EDGE('',*,*,#5621,.T.);
#7745=ORIENTED_EDGE('',*,*,#5710,.T.);
#7746=ORIENTED_EDGE('',*,*,#5615,.T.);
#7747=ORIENTED_EDGE('',*,*,#5623,.T.);
#7748=ORIENTED_EDGE('',*,*,#5712,.F.);
#7749=ORIENTED_EDGE('',*,*,#5713,.T.);
#7750=ORIENTED_EDGE('',*,*,#5641,.T.);
#7751=ORIENTED_EDGE('',*,*,#5713,.F.);
#7752=ORIENTED_EDGE('',*,*,#5714,.T.);
#7753=ORIENTED_EDGE('',*,*,#5715,.F.);
#7754=ORIENTED_EDGE('',*,*,#5642,.F.);
#7755=ORIENTED_EDGE('',*,*,#5715,.T.);
#7756=ORIENTED_EDGE('',*,*,#5716,.T.);
#7757=ORIENTED_EDGE('',*,*,#5717,.T.);
#7758=ORIENTED_EDGE('',*,*,#5707,.F.);
#7759=ORIENTED_EDGE('',*,*,#5703,.T.);
#7760=ORIENTED_EDGE('',*,*,#5643,.F.);
#7761=ORIENTED_EDGE('',*,*,#5639,.F.);
#7762=ORIENTED_EDGE('',*,*,#5718,.F.);
#7763=ORIENTED_EDGE('',*,*,#5719,.F.);
#7764=ORIENTED_EDGE('',*,*,#5708,.F.);
#7765=ORIENTED_EDGE('',*,*,#5717,.F.);
#7766=ORIENTED_EDGE('',*,*,#5720,.F.);
#7767=ORIENTED_EDGE('',*,*,#5618,.T.);
#7768=ORIENTED_EDGE('',*,*,#5721,.F.);
#7769=ORIENTED_EDGE('',*,*,#5718,.T.);
#7770=ORIENTED_EDGE('',*,*,#5638,.T.);
#7771=ORIENTED_EDGE('',*,*,#5722,.T.);
#7772=ORIENTED_EDGE('',*,*,#5207,.F.);
#7773=ORIENTED_EDGE('',*,*,#5527,.T.);
#7774=ORIENTED_EDGE('',*,*,#5521,.F.);
#7775=ORIENTED_EDGE('',*,*,#5723,.T.);
#7776=ORIENTED_EDGE('',*,*,#5724,.F.);
#7777=ORIENTED_EDGE('',*,*,#5725,.F.);
#7778=ORIENTED_EDGE('',*,*,#5726,.T.);
#7779=ORIENTED_EDGE('',*,*,#5727,.F.);
#7780=ORIENTED_EDGE('',*,*,#5728,.F.);
#7781=ORIENTED_EDGE('',*,*,#5699,.T.);
#7782=ORIENTED_EDGE('',*,*,#5709,.T.);
#7783=ORIENTED_EDGE('',*,*,#5719,.T.);
#7784=ORIENTED_EDGE('',*,*,#5721,.T.);
#7785=ORIENTED_EDGE('',*,*,#5617,.T.);
#7786=ORIENTED_EDGE('',*,*,#5182,.F.);
#7787=ORIENTED_EDGE('',*,*,#5686,.T.);
#7788=ORIENTED_EDGE('',*,*,#5692,.F.);
#7789=ORIENTED_EDGE('',*,*,#5700,.T.);
#7790=ORIENTED_EDGE('',*,*,#5705,.T.);
#7791=ORIENTED_EDGE('',*,*,#5729,.T.);
#7792=ORIENTED_EDGE('',*,*,#5730,.T.);
#7793=ORIENTED_EDGE('',*,*,#5731,.T.);
#7794=ORIENTED_EDGE('',*,*,#5732,.F.);
#7795=ORIENTED_EDGE('',*,*,#5733,.F.);
#7796=ORIENTED_EDGE('',*,*,#5734,.T.);
#7797=ORIENTED_EDGE('',*,*,#5652,.T.);
#7798=ORIENTED_EDGE('',*,*,#5654,.T.);
#7799=ORIENTED_EDGE('',*,*,#5629,.T.);
#7800=ORIENTED_EDGE('',*,*,#5575,.F.);
#7801=ORIENTED_EDGE('',*,*,#5724,.T.);
#7802=ORIENTED_EDGE('',*,*,#5735,.F.);
#7803=ORIENTED_EDGE('',*,*,#5736,.F.);
#7804=ORIENTED_EDGE('',*,*,#5737,.T.);
#7805=ORIENTED_EDGE('',*,*,#5154,.T.);
#7806=ORIENTED_EDGE('',*,*,#5286,.T.);
#7807=ORIENTED_EDGE('',*,*,#5738,.F.);
#7808=ORIENTED_EDGE('',*,*,#5301,.F.);
#7809=ORIENTED_EDGE('',*,*,#5632,.T.);
#7810=ORIENTED_EDGE('',*,*,#5681,.T.);
#7811=ORIENTED_EDGE('',*,*,#5653,.T.);
#7812=ORIENTED_EDGE('',*,*,#5333,.T.);
#7813=ORIENTED_EDGE('',*,*,#5739,.F.);
#7814=ORIENTED_EDGE('',*,*,#5740,.T.);
#7815=ORIENTED_EDGE('',*,*,#5741,.T.);
#7816=ORIENTED_EDGE('',*,*,#5726,.F.);
#7817=ORIENTED_EDGE('',*,*,#5597,.F.);
#7818=ORIENTED_EDGE('',*,*,#5535,.T.);
#7819=ORIENTED_EDGE('',*,*,#5547,.F.);
#7820=ORIENTED_EDGE('',*,*,#5742,.F.);
#7821=ORIENTED_EDGE('',*,*,#5743,.F.);
#7822=ORIENTED_EDGE('',*,*,#5640,.F.);
#7823=ORIENTED_EDGE('',*,*,#5720,.T.);
#7824=ORIENTED_EDGE('',*,*,#5716,.F.);
#7825=ORIENTED_EDGE('',*,*,#5714,.F.);
#7826=ORIENTED_EDGE('',*,*,#5712,.T.);
#7827=ORIENTED_EDGE('',*,*,#5622,.T.);
#7828=ORIENTED_EDGE('',*,*,#5711,.F.);
#7829=ORIENTED_EDGE('',*,*,#5289,.T.);
#7830=ORIENTED_EDGE('',*,*,#5226,.T.);
#7831=ORIENTED_EDGE('',*,*,#5302,.T.);
#7832=ORIENTED_EDGE('',*,*,#5744,.T.);
#7833=ORIENTED_EDGE('',*,*,#5745,.F.);
#7834=ORIENTED_EDGE('',*,*,#5746,.T.);
#7835=ORIENTED_EDGE('',*,*,#5730,.F.);
#7836=ORIENTED_EDGE('',*,*,#5747,.T.);
#7837=ORIENTED_EDGE('',*,*,#5490,.T.);
#7838=ORIENTED_EDGE('',*,*,#5232,.T.);
#7839=ORIENTED_EDGE('',*,*,#5748,.F.);
#7840=ORIENTED_EDGE('',*,*,#5549,.F.);
#7841=ORIENTED_EDGE('',*,*,#5749,.F.);
#7842=ORIENTED_EDGE('',*,*,#5750,.F.);
#7843=ORIENTED_EDGE('',*,*,#5725,.T.);
#7844=ORIENTED_EDGE('',*,*,#5751,.F.);
#7845=ORIENTED_EDGE('',*,*,#5752,.F.);
#7846=ORIENTED_EDGE('',*,*,#5661,.F.);
#7847=ORIENTED_EDGE('',*,*,#5676,.T.);
#7848=ORIENTED_EDGE('',*,*,#5753,.T.);
#7849=ORIENTED_EDGE('',*,*,#5754,.F.);
#7850=ORIENTED_EDGE('',*,*,#5755,.F.);
#7851=ORIENTED_EDGE('',*,*,#5756,.F.);
#7852=ORIENTED_EDGE('',*,*,#5757,.F.);
#7853=ORIENTED_EDGE('',*,*,#5758,.F.);
#7854=ORIENTED_EDGE('',*,*,#5759,.T.);
#7855=ORIENTED_EDGE('',*,*,#5760,.F.);
#7856=ORIENTED_EDGE('',*,*,#5761,.F.);
#7857=ORIENTED_EDGE('',*,*,#5762,.F.);
#7858=ORIENTED_EDGE('',*,*,#5763,.T.);
#7859=ORIENTED_EDGE('',*,*,#5764,.F.);
#7860=ORIENTED_EDGE('',*,*,#5765,.F.);
#7861=ORIENTED_EDGE('',*,*,#5766,.F.);
#7862=ORIENTED_EDGE('',*,*,#5767,.T.);
#7863=ORIENTED_EDGE('',*,*,#5598,.F.);
#7864=ORIENTED_EDGE('',*,*,#5768,.F.);
#7865=ORIENTED_EDGE('',*,*,#5769,.F.);
#7866=ORIENTED_EDGE('',*,*,#5770,.F.);
#7867=ORIENTED_EDGE('',*,*,#5771,.F.);
#7868=ORIENTED_EDGE('',*,*,#5772,.F.);
#7869=ORIENTED_EDGE('',*,*,#5773,.F.);
#7870=ORIENTED_EDGE('',*,*,#5774,.F.);
#7871=ORIENTED_EDGE('',*,*,#5775,.F.);
#7872=ORIENTED_EDGE('',*,*,#5776,.F.);
#7873=ORIENTED_EDGE('',*,*,#5777,.F.);
#7874=ORIENTED_EDGE('',*,*,#5778,.F.);
#7875=ORIENTED_EDGE('',*,*,#5779,.F.);
#7876=ORIENTED_EDGE('',*,*,#5780,.F.);
#7877=ORIENTED_EDGE('',*,*,#5781,.F.);
#7878=ORIENTED_EDGE('',*,*,#5782,.F.);
#7879=ORIENTED_EDGE('',*,*,#5783,.F.);
#7880=ORIENTED_EDGE('',*,*,#5784,.T.);
#7881=ORIENTED_EDGE('',*,*,#5785,.T.);
#7882=ORIENTED_EDGE('',*,*,#5742,.T.);
#7883=ORIENTED_EDGE('',*,*,#5546,.F.);
#7884=ORIENTED_EDGE('',*,*,#5786,.F.);
#7885=ORIENTED_EDGE('',*,*,#5787,.T.);
#7886=ORIENTED_EDGE('',*,*,#5788,.T.);
#7887=ORIENTED_EDGE('',*,*,#5739,.T.);
#7888=ORIENTED_EDGE('',*,*,#5635,.T.);
#7889=ORIENTED_EDGE('',*,*,#5743,.T.);
#7890=ORIENTED_EDGE('',*,*,#5785,.F.);
#7891=ORIENTED_EDGE('',*,*,#5789,.T.);
#7892=ORIENTED_EDGE('',*,*,#5790,.T.);
#7893=ORIENTED_EDGE('',*,*,#5791,.T.);
#7894=ORIENTED_EDGE('',*,*,#5792,.T.);
#7895=ORIENTED_EDGE('',*,*,#5793,.T.);
#7896=ORIENTED_EDGE('',*,*,#5792,.F.);
#7897=ORIENTED_EDGE('',*,*,#5794,.T.);
#7898=ORIENTED_EDGE('',*,*,#5795,.T.);
#7899=ORIENTED_EDGE('',*,*,#5796,.T.);
#7900=ORIENTED_EDGE('',*,*,#5797,.F.);
#7901=ORIENTED_EDGE('',*,*,#5798,.T.);
#7902=ORIENTED_EDGE('',*,*,#5745,.T.);
#7903=ORIENTED_EDGE('',*,*,#5799,.T.);
#7904=ORIENTED_EDGE('',*,*,#5790,.F.);
#7905=ORIENTED_EDGE('',*,*,#5797,.T.);
#7906=ORIENTED_EDGE('',*,*,#5800,.T.);
#7907=ORIENTED_EDGE('',*,*,#5801,.T.);
#7908=ORIENTED_EDGE('',*,*,#5802,.T.);
#7909=ORIENTED_EDGE('',*,*,#5803,.F.);
#7910=ORIENTED_EDGE('',*,*,#5800,.F.);
#7911=ORIENTED_EDGE('',*,*,#5796,.F.);
#7912=ORIENTED_EDGE('',*,*,#5789,.F.);
#7913=ORIENTED_EDGE('',*,*,#5793,.F.);
#7914=ORIENTED_EDGE('',*,*,#5804,.F.);
#7915=ORIENTED_EDGE('',*,*,#5737,.F.);
#7916=ORIENTED_EDGE('',*,*,#5805,.F.);
#7917=ORIENTED_EDGE('',*,*,#5806,.F.);
#7918=ORIENTED_EDGE('',*,*,#5807,.F.);
#7919=ORIENTED_EDGE('',*,*,#5808,.F.);
#7920=ORIENTED_EDGE('',*,*,#5794,.F.);
#7921=ORIENTED_EDGE('',*,*,#5791,.F.);
#7922=ORIENTED_EDGE('',*,*,#5799,.F.);
#7923=ORIENTED_EDGE('',*,*,#5744,.F.);
#7924=ORIENTED_EDGE('',*,*,#5738,.T.);
#7925=ORIENTED_EDGE('',*,*,#5285,.T.);
#7926=ORIENTED_EDGE('',*,*,#5198,.F.);
#7927=ORIENTED_EDGE('',*,*,#5722,.F.);
#7928=ORIENTED_EDGE('',*,*,#5809,.T.);
#7929=ORIENTED_EDGE('',*,*,#5810,.T.);
#7930=ORIENTED_EDGE('',*,*,#5806,.T.);
#7931=ORIENTED_EDGE('',*,*,#5811,.T.);
#7932=ORIENTED_EDGE('',*,*,#5812,.T.);
#7933=ORIENTED_EDGE('',*,*,#5813,.F.);
#7934=ORIENTED_EDGE('',*,*,#5814,.F.);
#7935=ORIENTED_EDGE('',*,*,#5815,.T.);
#7936=ORIENTED_EDGE('',*,*,#5816,.T.);
#7937=ORIENTED_EDGE('',*,*,#5817,.F.);
#7938=ORIENTED_EDGE('',*,*,#5818,.F.);
#7939=ORIENTED_EDGE('',*,*,#5819,.F.);
#7940=ORIENTED_EDGE('',*,*,#5820,.T.);
#7941=ORIENTED_EDGE('',*,*,#5821,.F.);
#7942=ORIENTED_EDGE('',*,*,#5822,.F.);
#7943=ORIENTED_EDGE('',*,*,#5823,.F.);
#7944=ORIENTED_EDGE('',*,*,#5824,.F.);
#7945=ORIENTED_EDGE('',*,*,#5825,.F.);
#7946=ORIENTED_EDGE('',*,*,#5826,.T.);
#7947=ORIENTED_EDGE('',*,*,#5827,.T.);
#7948=ORIENTED_EDGE('',*,*,#5733,.T.);
#7949=ORIENTED_EDGE('',*,*,#5828,.F.);
#7950=ORIENTED_EDGE('',*,*,#5818,.T.);
#7951=ORIENTED_EDGE('',*,*,#5829,.T.);
#7952=ORIENTED_EDGE('',*,*,#5830,.F.);
#7953=ORIENTED_EDGE('',*,*,#5822,.T.);
#7954=ORIENTED_EDGE('',*,*,#5831,.F.);
#7955=ORIENTED_EDGE('',*,*,#5832,.F.);
#7956=ORIENTED_EDGE('',*,*,#5833,.F.);
#7957=ORIENTED_EDGE('',*,*,#5823,.T.);
#7958=ORIENTED_EDGE('',*,*,#5833,.T.);
#7959=ORIENTED_EDGE('',*,*,#5834,.F.);
#7960=ORIENTED_EDGE('',*,*,#5835,.F.);
#7961=ORIENTED_EDGE('',*,*,#5824,.T.);
#7962=ORIENTED_EDGE('',*,*,#5835,.T.);
#7963=ORIENTED_EDGE('',*,*,#5836,.F.);
#7964=ORIENTED_EDGE('',*,*,#5837,.F.);
#7965=ORIENTED_EDGE('',*,*,#5826,.F.);
#7966=ORIENTED_EDGE('',*,*,#5838,.F.);
#7967=ORIENTED_EDGE('',*,*,#5839,.F.);
#7968=ORIENTED_EDGE('',*,*,#5840,.F.);
#7969=ORIENTED_EDGE('',*,*,#5827,.F.);
#7970=ORIENTED_EDGE('',*,*,#5840,.T.);
#7971=ORIENTED_EDGE('',*,*,#5841,.F.);
#7972=ORIENTED_EDGE('',*,*,#5734,.F.);
#7973=ORIENTED_EDGE('',*,*,#5842,.F.);
#7974=ORIENTED_EDGE('',*,*,#5843,.F.);
#7975=ORIENTED_EDGE('',*,*,#5844,.F.);
#7976=ORIENTED_EDGE('',*,*,#5816,.F.);
#7977=ORIENTED_EDGE('',*,*,#5732,.T.);
#7978=ORIENTED_EDGE('',*,*,#5845,.T.);
#7979=ORIENTED_EDGE('',*,*,#5817,.T.);
#7980=ORIENTED_EDGE('',*,*,#5844,.T.);
#7981=ORIENTED_EDGE('',*,*,#5846,.F.);
#7982=ORIENTED_EDGE('',*,*,#5829,.F.);
#7983=ORIENTED_EDGE('',*,*,#5819,.T.);
#7984=ORIENTED_EDGE('',*,*,#5847,.F.);
#7985=ORIENTED_EDGE('',*,*,#5848,.F.);
#7986=ORIENTED_EDGE('',*,*,#5849,.T.);
#7987=ORIENTED_EDGE('',*,*,#5850,.T.);
#7988=ORIENTED_EDGE('',*,*,#5851,.T.);
#7989=ORIENTED_EDGE('',*,*,#5852,.T.);
#7990=ORIENTED_EDGE('',*,*,#5853,.T.);
#7991=ORIENTED_EDGE('',*,*,#5764,.T.);
#7992=ORIENTED_EDGE('',*,*,#5854,.T.);
#7993=ORIENTED_EDGE('',*,*,#5855,.T.);
#7994=ORIENTED_EDGE('',*,*,#5856,.T.);
#7995=ORIENTED_EDGE('',*,*,#5857,.F.);
#7996=ORIENTED_EDGE('',*,*,#5858,.T.);
#7997=ORIENTED_EDGE('',*,*,#5859,.F.);
#7998=ORIENTED_EDGE('',*,*,#5860,.F.);
#7999=ORIENTED_EDGE('',*,*,#5861,.T.);
#8000=ORIENTED_EDGE('',*,*,#5862,.T.);
#8001=ORIENTED_EDGE('',*,*,#5758,.T.);
#8002=ORIENTED_EDGE('',*,*,#5863,.F.);
#8003=ORIENTED_EDGE('',*,*,#5864,.T.);
#8004=ORIENTED_EDGE('',*,*,#5865,.T.);
#8005=ORIENTED_EDGE('',*,*,#5866,.F.);
#8006=ORIENTED_EDGE('',*,*,#5867,.F.);
#8007=ORIENTED_EDGE('',*,*,#5768,.T.);
#8008=ORIENTED_EDGE('',*,*,#5868,.T.);
#8009=ORIENTED_EDGE('',*,*,#5869,.F.);
#8010=ORIENTED_EDGE('',*,*,#5868,.F.);
#8011=ORIENTED_EDGE('',*,*,#5771,.T.);
#8012=ORIENTED_EDGE('',*,*,#5870,.T.);
#8013=ORIENTED_EDGE('',*,*,#5871,.F.);
#8014=ORIENTED_EDGE('',*,*,#5872,.F.);
#8015=ORIENTED_EDGE('',*,*,#5772,.T.);
#8016=ORIENTED_EDGE('',*,*,#5873,.T.);
#8017=ORIENTED_EDGE('',*,*,#5874,.F.);
#8018=ORIENTED_EDGE('',*,*,#5873,.F.);
#8019=ORIENTED_EDGE('',*,*,#5775,.T.);
#8020=ORIENTED_EDGE('',*,*,#5875,.T.);
#8021=ORIENTED_EDGE('',*,*,#5876,.F.);
#8022=ORIENTED_EDGE('',*,*,#5877,.F.);
#8023=ORIENTED_EDGE('',*,*,#5776,.T.);
#8024=ORIENTED_EDGE('',*,*,#5878,.T.);
#8025=ORIENTED_EDGE('',*,*,#5879,.F.);
#8026=ORIENTED_EDGE('',*,*,#5878,.F.);
#8027=ORIENTED_EDGE('',*,*,#5779,.T.);
#8028=ORIENTED_EDGE('',*,*,#5880,.T.);
#8029=ORIENTED_EDGE('',*,*,#5881,.F.);
#8030=ORIENTED_EDGE('',*,*,#5882,.F.);
#8031=ORIENTED_EDGE('',*,*,#5780,.T.);
#8032=ORIENTED_EDGE('',*,*,#5883,.T.);
#8033=ORIENTED_EDGE('',*,*,#5884,.F.);
#8034=ORIENTED_EDGE('',*,*,#5883,.F.);
#8035=ORIENTED_EDGE('',*,*,#5783,.T.);
#8036=ORIENTED_EDGE('',*,*,#5885,.T.);
#8037=ORIENTED_EDGE('',*,*,#5886,.F.);
#8038=ORIENTED_EDGE('',*,*,#5887,.F.);
#8039=ORIENTED_EDGE('',*,*,#5613,.T.);
#8040=ORIENTED_EDGE('',*,*,#5888,.T.);
#8041=ORIENTED_EDGE('',*,*,#5889,.T.);
#8042=ORIENTED_EDGE('',*,*,#5890,.F.);
#8043=ORIENTED_EDGE('',*,*,#5891,.F.);
#8044=ORIENTED_EDGE('',*,*,#5892,.T.);
#8045=ORIENTED_EDGE('',*,*,#5893,.F.);
#8046=ORIENTED_EDGE('',*,*,#5766,.T.);
#8047=ORIENTED_EDGE('',*,*,#5894,.F.);
#8048=ORIENTED_EDGE('',*,*,#5895,.F.);
#8049=ORIENTED_EDGE('',*,*,#5896,.T.);
#8050=ORIENTED_EDGE('',*,*,#5897,.T.);
#8051=ORIENTED_EDGE('',*,*,#5898,.F.);
#8052=ORIENTED_EDGE('',*,*,#5899,.F.);
#8053=ORIENTED_EDGE('',*,*,#5602,.T.);
#8054=ORIENTED_EDGE('',*,*,#5900,.T.);
#8055=ORIENTED_EDGE('',*,*,#5901,.F.);
#8056=ORIENTED_EDGE('',*,*,#5902,.F.);
#8057=ORIENTED_EDGE('',*,*,#5900,.F.);
#8058=ORIENTED_EDGE('',*,*,#5601,.T.);
#8059=ORIENTED_EDGE('',*,*,#5903,.T.);
#8060=ORIENTED_EDGE('',*,*,#5904,.F.);
#8061=ORIENTED_EDGE('',*,*,#5905,.F.);
#8062=ORIENTED_EDGE('',*,*,#5906,.F.);
#8063=ORIENTED_EDGE('',*,*,#5907,.F.);
#8064=ORIENTED_EDGE('',*,*,#5605,.T.);
#8065=ORIENTED_EDGE('',*,*,#5908,.T.);
#8066=ORIENTED_EDGE('',*,*,#5909,.F.);
#8067=ORIENTED_EDGE('',*,*,#5604,.T.);
#8068=ORIENTED_EDGE('',*,*,#5910,.T.);
#8069=ORIENTED_EDGE('',*,*,#5911,.F.);
#8070=ORIENTED_EDGE('',*,*,#5908,.F.);
#8071=ORIENTED_EDGE('',*,*,#5912,.F.);
#8072=ORIENTED_EDGE('',*,*,#5913,.F.);
#8073=ORIENTED_EDGE('',*,*,#5914,.F.);
#8074=ORIENTED_EDGE('',*,*,#5915,.T.);
#8075=ORIENTED_EDGE('',*,*,#5916,.T.);
#8076=ORIENTED_EDGE('',*,*,#5606,.T.);
#8077=ORIENTED_EDGE('',*,*,#5907,.T.);
#8078=ORIENTED_EDGE('',*,*,#5917,.F.);
#8079=ORIENTED_EDGE('',*,*,#5909,.T.);
#8080=ORIENTED_EDGE('',*,*,#5911,.T.);
#8081=ORIENTED_EDGE('',*,*,#5918,.T.);
#8082=ORIENTED_EDGE('',*,*,#5919,.F.);
#8083=ORIENTED_EDGE('',*,*,#5904,.T.);
#8084=ORIENTED_EDGE('',*,*,#5920,.T.);
#8085=ORIENTED_EDGE('',*,*,#5921,.T.);
#8086=ORIENTED_EDGE('',*,*,#5914,.T.);
#8087=ORIENTED_EDGE('',*,*,#5922,.F.);
#8088=ORIENTED_EDGE('',*,*,#5923,.F.);
#8089=ORIENTED_EDGE('',*,*,#5924,.T.);
#8090=ORIENTED_EDGE('',*,*,#5925,.T.);
#8091=ORIENTED_EDGE('',*,*,#5901,.T.);
#8092=ORIENTED_EDGE('',*,*,#5919,.T.);
#8093=ORIENTED_EDGE('',*,*,#5926,.T.);
#8094=ORIENTED_EDGE('',*,*,#5927,.T.);
#8095=ORIENTED_EDGE('',*,*,#5905,.T.);
#8096=ORIENTED_EDGE('',*,*,#5917,.T.);
#8097=ORIENTED_EDGE('',*,*,#5928,.T.);
#8098=ORIENTED_EDGE('',*,*,#5929,.F.);
#8099=ORIENTED_EDGE('',*,*,#5930,.F.);
#8100=ORIENTED_EDGE('',*,*,#5931,.F.);
#8101=ORIENTED_EDGE('',*,*,#5851,.F.);
#8102=ORIENTED_EDGE('',*,*,#5932,.F.);
#8103=ORIENTED_EDGE('',*,*,#5674,.F.);
#8104=ORIENTED_EDGE('',*,*,#5933,.F.);
#8105=ORIENTED_EDGE('',*,*,#5934,.T.);
#8106=ORIENTED_EDGE('',*,*,#5935,.T.);
#8107=ORIENTED_EDGE('',*,*,#5933,.T.);
#8108=ORIENTED_EDGE('',*,*,#5673,.F.);
#8109=ORIENTED_EDGE('',*,*,#5936,.T.);
#8110=ORIENTED_EDGE('',*,*,#5937,.F.);
#8111=ORIENTED_EDGE('',*,*,#5938,.F.);
#8112=ORIENTED_EDGE('',*,*,#5939,.T.);
#8113=ORIENTED_EDGE('',*,*,#5401,.F.);
#8114=ORIENTED_EDGE('',*,*,#5940,.T.);
#8115=ORIENTED_EDGE('',*,*,#5941,.T.);
#8116=ORIENTED_EDGE('',*,*,#5942,.T.);
#8117=ORIENTED_EDGE('',*,*,#5941,.F.);
#8118=ORIENTED_EDGE('',*,*,#5943,.T.);
#8119=ORIENTED_EDGE('',*,*,#5944,.T.);
#8120=ORIENTED_EDGE('',*,*,#5945,.T.);
#8121=ORIENTED_EDGE('',*,*,#5944,.F.);
#8122=ORIENTED_EDGE('',*,*,#5946,.T.);
#8123=ORIENTED_EDGE('',*,*,#5947,.T.);
#8124=ORIENTED_EDGE('',*,*,#5948,.T.);
#8125=ORIENTED_EDGE('',*,*,#5949,.T.);
#8126=ORIENTED_EDGE('',*,*,#5950,.F.);
#8127=ORIENTED_EDGE('',*,*,#5951,.T.);
#8128=ORIENTED_EDGE('',*,*,#5937,.T.);
#8129=ORIENTED_EDGE('',*,*,#5952,.T.);
#8130=ORIENTED_EDGE('',*,*,#5403,.T.);
#8131=ORIENTED_EDGE('',*,*,#5953,.T.);
#8132=ORIENTED_EDGE('',*,*,#5954,.T.);
#8133=ORIENTED_EDGE('',*,*,#5955,.T.);
#8134=ORIENTED_EDGE('',*,*,#5728,.T.);
#8135=ORIENTED_EDGE('',*,*,#5956,.F.);
#8136=ORIENTED_EDGE('',*,*,#5957,.F.);
#8137=ORIENTED_EDGE('',*,*,#5751,.T.);
#8138=ORIENTED_EDGE('',*,*,#5958,.F.);
#8139=ORIENTED_EDGE('',*,*,#5662,.F.);
#8140=ORIENTED_EDGE('',*,*,#5752,.T.);
#8141=ORIENTED_EDGE('',*,*,#5957,.T.);
#8142=ORIENTED_EDGE('',*,*,#5959,.F.);
#8143=ORIENTED_EDGE('',*,*,#5960,.F.);
#8144=ORIENTED_EDGE('',*,*,#5961,.F.);
#8145=ORIENTED_EDGE('',*,*,#5962,.F.);
#8146=ORIENTED_EDGE('',*,*,#5963,.F.);
#8147=ORIENTED_EDGE('',*,*,#5964,.F.);
#8148=ORIENTED_EDGE('',*,*,#5965,.F.);
#8149=ORIENTED_EDGE('',*,*,#5966,.F.);
#8150=ORIENTED_EDGE('',*,*,#5967,.T.);
#8151=ORIENTED_EDGE('',*,*,#5399,.T.);
#8152=ORIENTED_EDGE('',*,*,#5968,.T.);
#8153=ORIENTED_EDGE('',*,*,#5740,.F.);
#8154=ORIENTED_EDGE('',*,*,#5969,.F.);
#8155=ORIENTED_EDGE('',*,*,#5970,.F.);
#8156=ORIENTED_EDGE('',*,*,#5971,.F.);
#8157=ORIENTED_EDGE('',*,*,#5972,.T.);
#8158=ORIENTED_EDGE('',*,*,#5973,.T.);
#8159=ORIENTED_EDGE('',*,*,#5756,.T.);
#8160=ORIENTED_EDGE('',*,*,#5974,.T.);
#8161=ORIENTED_EDGE('',*,*,#5975,.F.);
#8162=ORIENTED_EDGE('',*,*,#5971,.T.);
#8163=ORIENTED_EDGE('',*,*,#5976,.T.);
#8164=ORIENTED_EDGE('',*,*,#5977,.F.);
#8165=ORIENTED_EDGE('',*,*,#5978,.T.);
#8166=ORIENTED_EDGE('',*,*,#5979,.F.);
#8167=ORIENTED_EDGE('',*,*,#5980,.F.);
#8168=ORIENTED_EDGE('',*,*,#5981,.F.);
#8169=ORIENTED_EDGE('',*,*,#5982,.T.);
#8170=ORIENTED_EDGE('',*,*,#5863,.T.);
#8171=ORIENTED_EDGE('',*,*,#5757,.T.);
#8172=ORIENTED_EDGE('',*,*,#5973,.F.);
#8173=ORIENTED_EDGE('',*,*,#5975,.T.);
#8174=ORIENTED_EDGE('',*,*,#5983,.F.);
#8175=ORIENTED_EDGE('',*,*,#5980,.T.);
#8176=ORIENTED_EDGE('',*,*,#5972,.F.);
#8177=ORIENTED_EDGE('',*,*,#5984,.F.);
#8178=ORIENTED_EDGE('',*,*,#5985,.F.);
#8179=ORIENTED_EDGE('',*,*,#5986,.T.);
#8180=ORIENTED_EDGE('',*,*,#5987,.F.);
#8181=ORIENTED_EDGE('',*,*,#5988,.F.);
#8182=ORIENTED_EDGE('',*,*,#5989,.F.);
#8183=ORIENTED_EDGE('',*,*,#5092,.T.);
#8184=ORIENTED_EDGE('',*,*,#5098,.F.);
#8185=ORIENTED_EDGE('',*,*,#5990,.F.);
#8186=ORIENTED_EDGE('',*,*,#5991,.T.);
#8187=ORIENTED_EDGE('',*,*,#5992,.F.);
#8188=ORIENTED_EDGE('',*,*,#5993,.T.);
#8189=ORIENTED_EDGE('',*,*,#5994,.T.);
#8190=ORIENTED_EDGE('',*,*,#5995,.F.);
#8191=ORIENTED_EDGE('',*,*,#5986,.F.);
#8192=ORIENTED_EDGE('',*,*,#5996,.F.);
#8193=ORIENTED_EDGE('',*,*,#5997,.F.);
#8194=ORIENTED_EDGE('',*,*,#5998,.F.);
#8195=ORIENTED_EDGE('',*,*,#5999,.T.);
#8196=ORIENTED_EDGE('',*,*,#6000,.F.);
#8197=ORIENTED_EDGE('',*,*,#6001,.F.);
#8198=ORIENTED_EDGE('',*,*,#5858,.F.);
#8199=ORIENTED_EDGE('',*,*,#5996,.T.);
#8200=ORIENTED_EDGE('',*,*,#5985,.T.);
#8201=ORIENTED_EDGE('',*,*,#6002,.T.);
#8202=ORIENTED_EDGE('',*,*,#5859,.T.);
#8203=ORIENTED_EDGE('',*,*,#6001,.T.);
#8204=ORIENTED_EDGE('',*,*,#6003,.T.);
#8205=ORIENTED_EDGE('',*,*,#6004,.T.);
#8206=ORIENTED_EDGE('',*,*,#5860,.T.);
#8207=ORIENTED_EDGE('',*,*,#6002,.F.);
#8208=ORIENTED_EDGE('',*,*,#5984,.T.);
#8209=ORIENTED_EDGE('',*,*,#6005,.T.);
#8210=ORIENTED_EDGE('',*,*,#5992,.T.);
#8211=ORIENTED_EDGE('',*,*,#6003,.F.);
#8212=ORIENTED_EDGE('',*,*,#6000,.T.);
#8213=ORIENTED_EDGE('',*,*,#6006,.T.);
#8214=ORIENTED_EDGE('',*,*,#6007,.T.);
#8215=ORIENTED_EDGE('',*,*,#6008,.T.);
#8216=ORIENTED_EDGE('',*,*,#6009,.T.);
#8217=ORIENTED_EDGE('',*,*,#6010,.F.);
#8218=ORIENTED_EDGE('',*,*,#6011,.T.);
#8219=ORIENTED_EDGE('',*,*,#6012,.T.);
#8220=ORIENTED_EDGE('',*,*,#6013,.F.);
#8221=ORIENTED_EDGE('',*,*,#6014,.T.);
#8222=ORIENTED_EDGE('',*,*,#5101,.F.);
#8223=ORIENTED_EDGE('',*,*,#6015,.T.);
#8224=ORIENTED_EDGE('',*,*,#5998,.T.);
#8225=ORIENTED_EDGE('',*,*,#5100,.F.);
#8226=ORIENTED_EDGE('',*,*,#6016,.F.);
#8227=ORIENTED_EDGE('',*,*,#6017,.F.);
#8228=ORIENTED_EDGE('',*,*,#5993,.F.);
#8229=ORIENTED_EDGE('',*,*,#6005,.F.);
#8230=ORIENTED_EDGE('',*,*,#5999,.F.);
#8231=ORIENTED_EDGE('',*,*,#6015,.F.);
#8232=ORIENTED_EDGE('',*,*,#6018,.T.);
#8233=ORIENTED_EDGE('',*,*,#6013,.T.);
#8234=ORIENTED_EDGE('',*,*,#6019,.T.);
#8235=ORIENTED_EDGE('',*,*,#6020,.T.);
#8236=ORIENTED_EDGE('',*,*,#6021,.T.);
#8237=ORIENTED_EDGE('',*,*,#6022,.F.);
#8238=ORIENTED_EDGE('',*,*,#6023,.T.);
#8239=ORIENTED_EDGE('',*,*,#6010,.T.);
#8240=ORIENTED_EDGE('',*,*,#5997,.T.);
#8241=ORIENTED_EDGE('',*,*,#5857,.T.);
#8242=ORIENTED_EDGE('',*,*,#6024,.F.);
#8243=ORIENTED_EDGE('',*,*,#6025,.F.);
#8244=ORIENTED_EDGE('',*,*,#6026,.T.);
#8245=ORIENTED_EDGE('',*,*,#6027,.T.);
#8246=ORIENTED_EDGE('',*,*,#6028,.F.);
#8247=ORIENTED_EDGE('',*,*,#6029,.F.);
#8248=ORIENTED_EDGE('',*,*,#5610,.T.);
#8249=ORIENTED_EDGE('',*,*,#5887,.T.);
#8250=ORIENTED_EDGE('',*,*,#6030,.F.);
#8251=ORIENTED_EDGE('',*,*,#6031,.F.);
#8252=ORIENTED_EDGE('',*,*,#5611,.T.);
#8253=ORIENTED_EDGE('',*,*,#6029,.T.);
#8254=ORIENTED_EDGE('',*,*,#6032,.F.);
#8255=ORIENTED_EDGE('',*,*,#5888,.F.);
#8256=ORIENTED_EDGE('',*,*,#5612,.T.);
#8257=ORIENTED_EDGE('',*,*,#6031,.T.);
#8258=ORIENTED_EDGE('',*,*,#5926,.F.);
#8259=ORIENTED_EDGE('',*,*,#5918,.F.);
#8260=ORIENTED_EDGE('',*,*,#5910,.F.);
#8261=ORIENTED_EDGE('',*,*,#5603,.T.);
#8262=ORIENTED_EDGE('',*,*,#5899,.T.);
#8263=ORIENTED_EDGE('',*,*,#6033,.F.);
#8264=ORIENTED_EDGE('',*,*,#6034,.T.);
#8265=ORIENTED_EDGE('',*,*,#6035,.F.);
#8266=ORIENTED_EDGE('',*,*,#6036,.T.);
#8267=ORIENTED_EDGE('',*,*,#6037,.T.);
#8268=ORIENTED_EDGE('',*,*,#6038,.T.);
#8269=ORIENTED_EDGE('',*,*,#6039,.F.);
#8270=ORIENTED_EDGE('',*,*,#6040,.F.);
#8271=ORIENTED_EDGE('',*,*,#6041,.T.);
#8272=ORIENTED_EDGE('',*,*,#6042,.F.);
#8273=ORIENTED_EDGE('',*,*,#6043,.F.);
#8274=ORIENTED_EDGE('',*,*,#5773,.T.);
#8275=ORIENTED_EDGE('',*,*,#5872,.T.);
#8276=ORIENTED_EDGE('',*,*,#6044,.F.);
#8277=ORIENTED_EDGE('',*,*,#5875,.F.);
#8278=ORIENTED_EDGE('',*,*,#5774,.T.);
#8279=ORIENTED_EDGE('',*,*,#6043,.T.);
#8280=ORIENTED_EDGE('',*,*,#6045,.F.);
#8281=ORIENTED_EDGE('',*,*,#6046,.F.);
#8282=ORIENTED_EDGE('',*,*,#5777,.T.);
#8283=ORIENTED_EDGE('',*,*,#5877,.T.);
#8284=ORIENTED_EDGE('',*,*,#6047,.F.);
#8285=ORIENTED_EDGE('',*,*,#5880,.F.);
#8286=ORIENTED_EDGE('',*,*,#5778,.T.);
#8287=ORIENTED_EDGE('',*,*,#6046,.T.);
#8288=ORIENTED_EDGE('',*,*,#6048,.F.);
#8289=ORIENTED_EDGE('',*,*,#6049,.F.);
#8290=ORIENTED_EDGE('',*,*,#5781,.T.);
#8291=ORIENTED_EDGE('',*,*,#5882,.T.);
#8292=ORIENTED_EDGE('',*,*,#6050,.F.);
#8293=ORIENTED_EDGE('',*,*,#5885,.F.);
#8294=ORIENTED_EDGE('',*,*,#5782,.T.);
#8295=ORIENTED_EDGE('',*,*,#6049,.T.);
#8296=ORIENTED_EDGE('',*,*,#6051,.F.);
#8297=ORIENTED_EDGE('',*,*,#6052,.F.);
#8298=ORIENTED_EDGE('',*,*,#5769,.T.);
#8299=ORIENTED_EDGE('',*,*,#5867,.T.);
#8300=ORIENTED_EDGE('',*,*,#6053,.F.);
#8301=ORIENTED_EDGE('',*,*,#5870,.F.);
#8302=ORIENTED_EDGE('',*,*,#5770,.T.);
#8303=ORIENTED_EDGE('',*,*,#6052,.T.);
#8304=ORIENTED_EDGE('',*,*,#6054,.F.);
#8305=ORIENTED_EDGE('',*,*,#6055,.F.);
#8306=ORIENTED_EDGE('',*,*,#6056,.F.);
#8307=ORIENTED_EDGE('',*,*,#6057,.F.);
#8308=ORIENTED_EDGE('',*,*,#6058,.F.);
#8309=ORIENTED_EDGE('',*,*,#6059,.F.);
#8310=ORIENTED_EDGE('',*,*,#5874,.T.);
#8311=ORIENTED_EDGE('',*,*,#6044,.T.);
#8312=ORIENTED_EDGE('',*,*,#6042,.T.);
#8313=ORIENTED_EDGE('',*,*,#5871,.T.);
#8314=ORIENTED_EDGE('',*,*,#5879,.T.);
#8315=ORIENTED_EDGE('',*,*,#6047,.T.);
#8316=ORIENTED_EDGE('',*,*,#6045,.T.);
#8317=ORIENTED_EDGE('',*,*,#5876,.T.);
#8318=ORIENTED_EDGE('',*,*,#5884,.T.);
#8319=ORIENTED_EDGE('',*,*,#6050,.T.);
#8320=ORIENTED_EDGE('',*,*,#6048,.T.);
#8321=ORIENTED_EDGE('',*,*,#5881,.T.);
#8322=ORIENTED_EDGE('',*,*,#5869,.T.);
#8323=ORIENTED_EDGE('',*,*,#6053,.T.);
#8324=ORIENTED_EDGE('',*,*,#6051,.T.);
#8325=ORIENTED_EDGE('',*,*,#5866,.T.);
#8326=ORIENTED_EDGE('',*,*,#6060,.F.);
#8327=ORIENTED_EDGE('',*,*,#5760,.T.);
#8328=ORIENTED_EDGE('',*,*,#6061,.T.);
#8329=ORIENTED_EDGE('',*,*,#6062,.F.);
#8330=ORIENTED_EDGE('',*,*,#6063,.T.);
#8331=ORIENTED_EDGE('',*,*,#6008,.F.);
#8332=ORIENTED_EDGE('',*,*,#6064,.T.);
#8333=ORIENTED_EDGE('',*,*,#5977,.T.);
#8334=ORIENTED_EDGE('',*,*,#6065,.F.);
#8335=ORIENTED_EDGE('',*,*,#6066,.T.);
#8336=ORIENTED_EDGE('',*,*,#6059,.T.);
#8337=ORIENTED_EDGE('',*,*,#6067,.F.);
#8338=ORIENTED_EDGE('',*,*,#6068,.F.);
#8339=ORIENTED_EDGE('',*,*,#6069,.T.);
#8340=ORIENTED_EDGE('',*,*,#6054,.T.);
#8341=ORIENTED_EDGE('',*,*,#6066,.F.);
#8342=ORIENTED_EDGE('',*,*,#6070,.F.);
#8343=ORIENTED_EDGE('',*,*,#6071,.T.);
#8344=ORIENTED_EDGE('',*,*,#6055,.T.);
#8345=ORIENTED_EDGE('',*,*,#6069,.F.);
#8346=ORIENTED_EDGE('',*,*,#6072,.F.);
#8347=ORIENTED_EDGE('',*,*,#6073,.T.);
#8348=ORIENTED_EDGE('',*,*,#6074,.F.);
#8349=ORIENTED_EDGE('',*,*,#6075,.T.);
#8350=ORIENTED_EDGE('',*,*,#6076,.T.);
#8351=ORIENTED_EDGE('',*,*,#6072,.T.);
#8352=ORIENTED_EDGE('',*,*,#6077,.T.);
#8353=ORIENTED_EDGE('',*,*,#6078,.F.);
#8354=ORIENTED_EDGE('',*,*,#6079,.T.);
#8355=ORIENTED_EDGE('',*,*,#5787,.F.);
#8356=ORIENTED_EDGE('',*,*,#6080,.T.);
#8357=ORIENTED_EDGE('',*,*,#6081,.F.);
#8358=ORIENTED_EDGE('',*,*,#6082,.T.);
#8359=ORIENTED_EDGE('',*,*,#6056,.T.);
#8360=ORIENTED_EDGE('',*,*,#6071,.F.);
#8361=ORIENTED_EDGE('',*,*,#6083,.F.);
#8362=ORIENTED_EDGE('',*,*,#6084,.F.);
#8363=ORIENTED_EDGE('',*,*,#5754,.T.);
#8364=ORIENTED_EDGE('',*,*,#6085,.T.);
#8365=ORIENTED_EDGE('',*,*,#6086,.T.);
#8366=ORIENTED_EDGE('',*,*,#5981,.T.);
#8367=ORIENTED_EDGE('',*,*,#5983,.T.);
#8368=ORIENTED_EDGE('',*,*,#5979,.T.);
#8369=ORIENTED_EDGE('',*,*,#6087,.T.);
#8370=ORIENTED_EDGE('',*,*,#6088,.F.);
#8371=ORIENTED_EDGE('',*,*,#6089,.F.);
#8372=ORIENTED_EDGE('',*,*,#6090,.F.);
#8373=ORIENTED_EDGE('',*,*,#6091,.F.);
#8374=ORIENTED_EDGE('',*,*,#6092,.F.);
#8375=ORIENTED_EDGE('',*,*,#6093,.F.);
#8376=ORIENTED_EDGE('',*,*,#6094,.F.);
#8377=ORIENTED_EDGE('',*,*,#6095,.F.);
#8378=ORIENTED_EDGE('',*,*,#6088,.T.);
#8379=ORIENTED_EDGE('',*,*,#6096,.T.);
#8380=ORIENTED_EDGE('',*,*,#5966,.T.);
#8381=ORIENTED_EDGE('',*,*,#6097,.T.);
#8382=ORIENTED_EDGE('',*,*,#6089,.T.);
#8383=ORIENTED_EDGE('',*,*,#6097,.F.);
#8384=ORIENTED_EDGE('',*,*,#5965,.T.);
#8385=ORIENTED_EDGE('',*,*,#6098,.T.);
#8386=ORIENTED_EDGE('',*,*,#6090,.T.);
#8387=ORIENTED_EDGE('',*,*,#6098,.F.);
#8388=ORIENTED_EDGE('',*,*,#5964,.T.);
#8389=ORIENTED_EDGE('',*,*,#6099,.T.);
#8390=ORIENTED_EDGE('',*,*,#6091,.T.);
#8391=ORIENTED_EDGE('',*,*,#6099,.F.);
#8392=ORIENTED_EDGE('',*,*,#5963,.T.);
#8393=ORIENTED_EDGE('',*,*,#6100,.T.);
#8394=ORIENTED_EDGE('',*,*,#6092,.T.);
#8395=ORIENTED_EDGE('',*,*,#6100,.F.);
#8396=ORIENTED_EDGE('',*,*,#5962,.T.);
#8397=ORIENTED_EDGE('',*,*,#6101,.T.);
#8398=ORIENTED_EDGE('',*,*,#6078,.T.);
#8399=ORIENTED_EDGE('',*,*,#6102,.F.);
#8400=ORIENTED_EDGE('',*,*,#5959,.T.);
#8401=ORIENTED_EDGE('',*,*,#6103,.T.);
#8402=ORIENTED_EDGE('',*,*,#6104,.F.);
#8403=ORIENTED_EDGE('',*,*,#6093,.T.);
#8404=ORIENTED_EDGE('',*,*,#6101,.F.);
#8405=ORIENTED_EDGE('',*,*,#5961,.T.);
#8406=ORIENTED_EDGE('',*,*,#6105,.F.);
#8407=ORIENTED_EDGE('',*,*,#6106,.F.);
#8408=ORIENTED_EDGE('',*,*,#6107,.T.);
#8409=ORIENTED_EDGE('',*,*,#6108,.F.);
#8410=ORIENTED_EDGE('',*,*,#6095,.T.);
#8411=ORIENTED_EDGE('',*,*,#6105,.T.);
#8412=ORIENTED_EDGE('',*,*,#5960,.T.);
#8413=ORIENTED_EDGE('',*,*,#6109,.T.);
#8414=ORIENTED_EDGE('',*,*,#6110,.F.);
#8415=ORIENTED_EDGE('',*,*,#6104,.T.);
#8416=ORIENTED_EDGE('',*,*,#6110,.T.);
#8417=ORIENTED_EDGE('',*,*,#6111,.T.);
#8418=ORIENTED_EDGE('',*,*,#6107,.F.);
#8419=ORIENTED_EDGE('',*,*,#6112,.F.);
#8420=ORIENTED_EDGE('',*,*,#6094,.T.);
#8421=ORIENTED_EDGE('',*,*,#6112,.T.);
#8422=ORIENTED_EDGE('',*,*,#6106,.T.);
#8423=ORIENTED_EDGE('',*,*,#6109,.F.);
#8424=ORIENTED_EDGE('',*,*,#6102,.T.);
#8425=ORIENTED_EDGE('',*,*,#6108,.T.);
#8426=ORIENTED_EDGE('',*,*,#6111,.F.);
#8427=ORIENTED_EDGE('',*,*,#5969,.T.);
#8428=ORIENTED_EDGE('',*,*,#5788,.F.);
#8429=ORIENTED_EDGE('',*,*,#6079,.F.);
#8430=ORIENTED_EDGE('',*,*,#6103,.F.);
#8431=ORIENTED_EDGE('',*,*,#6113,.F.);
#8432=ORIENTED_EDGE('',*,*,#6114,.T.);
#8433=ORIENTED_EDGE('',*,*,#6115,.T.);
#8434=ORIENTED_EDGE('',*,*,#5974,.F.);
#8435=ORIENTED_EDGE('',*,*,#5755,.T.);
#8436=ORIENTED_EDGE('',*,*,#6084,.T.);
#8437=ORIENTED_EDGE('',*,*,#6116,.F.);
#8438=ORIENTED_EDGE('',*,*,#6117,.T.);
#8439=ORIENTED_EDGE('',*,*,#6118,.T.);
#8440=ORIENTED_EDGE('',*,*,#6114,.F.);
#8441=ORIENTED_EDGE('',*,*,#6068,.T.);
#8442=ORIENTED_EDGE('',*,*,#6065,.T.);
#8443=ORIENTED_EDGE('',*,*,#6119,.T.);
#8444=ORIENTED_EDGE('',*,*,#6120,.T.);
#8445=ORIENTED_EDGE('',*,*,#6121,.F.);
#8446=ORIENTED_EDGE('',*,*,#6122,.F.);
#8447=ORIENTED_EDGE('',*,*,#6123,.F.);
#8448=ORIENTED_EDGE('',*,*,#6124,.T.);
#8449=ORIENTED_EDGE('',*,*,#6116,.T.);
#8450=ORIENTED_EDGE('',*,*,#6113,.T.);
#8451=ORIENTED_EDGE('',*,*,#6083,.T.);
#8452=ORIENTED_EDGE('',*,*,#6070,.T.);
#8453=ORIENTED_EDGE('',*,*,#6125,.F.);
#8454=ORIENTED_EDGE('',*,*,#6039,.T.);
#8455=ORIENTED_EDGE('',*,*,#6126,.T.);
#8456=ORIENTED_EDGE('',*,*,#6127,.F.);
#8457=ORIENTED_EDGE('',*,*,#6119,.F.);
#8458=ORIENTED_EDGE('',*,*,#6067,.T.);
#8459=ORIENTED_EDGE('',*,*,#6058,.T.);
#8460=ORIENTED_EDGE('',*,*,#6128,.F.);
#8461=ORIENTED_EDGE('',*,*,#6129,.T.);
#8462=ORIENTED_EDGE('',*,*,#6040,.T.);
#8463=ORIENTED_EDGE('',*,*,#6125,.T.);
#8464=ORIENTED_EDGE('',*,*,#6130,.T.);
#8465=ORIENTED_EDGE('',*,*,#5679,.T.);
#8466=ORIENTED_EDGE('',*,*,#5663,.T.);
#8467=ORIENTED_EDGE('',*,*,#5958,.T.);
#8468=ORIENTED_EDGE('',*,*,#5956,.T.);
#8469=ORIENTED_EDGE('',*,*,#5727,.T.);
#8470=ORIENTED_EDGE('',*,*,#5741,.F.);
#8471=ORIENTED_EDGE('',*,*,#5968,.F.);
#8472=ORIENTED_EDGE('',*,*,#5398,.F.);
#8473=ORIENTED_EDGE('',*,*,#6131,.T.);
#8474=ORIENTED_EDGE('',*,*,#6132,.T.);
#8475=ORIENTED_EDGE('',*,*,#6133,.F.);
#8476=ORIENTED_EDGE('',*,*,#6024,.T.);
#8477=ORIENTED_EDGE('',*,*,#5862,.F.);
#8478=ORIENTED_EDGE('',*,*,#6134,.T.);
#8479=ORIENTED_EDGE('',*,*,#6135,.T.);
#8480=ORIENTED_EDGE('',*,*,#6136,.T.);
#8481=ORIENTED_EDGE('',*,*,#6134,.F.);
#8482=ORIENTED_EDGE('',*,*,#5861,.F.);
#8483=ORIENTED_EDGE('',*,*,#6004,.F.);
#8484=ORIENTED_EDGE('',*,*,#5991,.F.);
#8485=ORIENTED_EDGE('',*,*,#6137,.F.);
#8486=ORIENTED_EDGE('',*,*,#6138,.F.);
#8487=ORIENTED_EDGE('',*,*,#5894,.T.);
#8488=ORIENTED_EDGE('',*,*,#5765,.T.);
#8489=ORIENTED_EDGE('',*,*,#5856,.F.);
#8490=ORIENTED_EDGE('',*,*,#6139,.F.);
#8491=ORIENTED_EDGE('',*,*,#6140,.F.);
#8492=ORIENTED_EDGE('',*,*,#6141,.F.);
#8493=ORIENTED_EDGE('',*,*,#6011,.F.);
#8494=ORIENTED_EDGE('',*,*,#6023,.F.);
#8495=ORIENTED_EDGE('',*,*,#6142,.F.);
#8496=ORIENTED_EDGE('',*,*,#5920,.F.);
#8497=ORIENTED_EDGE('',*,*,#5903,.F.);
#8498=ORIENTED_EDGE('',*,*,#5600,.F.);
#8499=ORIENTED_EDGE('',*,*,#6143,.T.);
#8500=ORIENTED_EDGE('',*,*,#6144,.T.);
#8501=ORIENTED_EDGE('',*,*,#6145,.T.);
#8502=ORIENTED_EDGE('',*,*,#6146,.F.);
#8503=ORIENTED_EDGE('',*,*,#6147,.F.);
#8504=ORIENTED_EDGE('',*,*,#6148,.F.);
#8505=ORIENTED_EDGE('',*,*,#6149,.F.);
#8506=ORIENTED_EDGE('',*,*,#6150,.F.);
#8507=ORIENTED_EDGE('',*,*,#6151,.F.);
#8508=ORIENTED_EDGE('',*,*,#6152,.F.);
#8509=ORIENTED_EDGE('',*,*,#6153,.F.);
#8510=ORIENTED_EDGE('',*,*,#6019,.F.);
#8511=ORIENTED_EDGE('',*,*,#6012,.F.);
#8512=ORIENTED_EDGE('',*,*,#6141,.T.);
#8513=ORIENTED_EDGE('',*,*,#6154,.F.);
#8514=ORIENTED_EDGE('',*,*,#6155,.F.);
#8515=ORIENTED_EDGE('',*,*,#6156,.F.);
#8516=ORIENTED_EDGE('',*,*,#6157,.F.);
#8517=ORIENTED_EDGE('',*,*,#6158,.T.);
#8518=ORIENTED_EDGE('',*,*,#6159,.F.);
#8519=ORIENTED_EDGE('',*,*,#6160,.T.);
#8520=ORIENTED_EDGE('',*,*,#6158,.F.);
#8521=ORIENTED_EDGE('',*,*,#6161,.T.);
#8522=ORIENTED_EDGE('',*,*,#5892,.F.);
#8523=ORIENTED_EDGE('',*,*,#6162,.T.);
#8524=ORIENTED_EDGE('',*,*,#6163,.T.);
#8525=ORIENTED_EDGE('',*,*,#6081,.T.);
#8526=ORIENTED_EDGE('',*,*,#6164,.T.);
#8527=ORIENTED_EDGE('',*,*,#5545,.F.);
#8528=ORIENTED_EDGE('',*,*,#6165,.F.);
#8529=ORIENTED_EDGE('',*,*,#6166,.T.);
#8530=ORIENTED_EDGE('',*,*,#5924,.F.);
#8531=ORIENTED_EDGE('',*,*,#6167,.F.);
#8532=ORIENTED_EDGE('',*,*,#6168,.F.);
#8533=ORIENTED_EDGE('',*,*,#6147,.T.);
#8534=ORIENTED_EDGE('',*,*,#6169,.T.);
#8535=ORIENTED_EDGE('',*,*,#6170,.T.);
#8536=ORIENTED_EDGE('',*,*,#6171,.F.);
#8537=ORIENTED_EDGE('',*,*,#6172,.F.);
#8538=ORIENTED_EDGE('',*,*,#6173,.T.);
#8539=ORIENTED_EDGE('',*,*,#6174,.T.);
#8540=ORIENTED_EDGE('',*,*,#6175,.F.);
#8541=ORIENTED_EDGE('',*,*,#6164,.F.);
#8542=ORIENTED_EDGE('',*,*,#6080,.F.);
#8543=ORIENTED_EDGE('',*,*,#5786,.T.);
#8544=ORIENTED_EDGE('',*,*,#5784,.F.);
#8545=ORIENTED_EDGE('',*,*,#6167,.T.);
#8546=ORIENTED_EDGE('',*,*,#5923,.T.);
#8547=ORIENTED_EDGE('',*,*,#6074,.T.);
#8548=ORIENTED_EDGE('',*,*,#6176,.T.);
#8549=ORIENTED_EDGE('',*,*,#6162,.F.);
#8550=ORIENTED_EDGE('',*,*,#6175,.T.);
#8551=ORIENTED_EDGE('',*,*,#6177,.T.);
#8552=ORIENTED_EDGE('',*,*,#6178,.F.);
#8553=ORIENTED_EDGE('',*,*,#6179,.T.);
#8554=ORIENTED_EDGE('',*,*,#6180,.F.);
#8555=ORIENTED_EDGE('',*,*,#6181,.F.);
#8556=ORIENTED_EDGE('',*,*,#6152,.T.);
#8557=ORIENTED_EDGE('',*,*,#6182,.T.);
#8558=ORIENTED_EDGE('',*,*,#6183,.T.);
#8559=ORIENTED_EDGE('',*,*,#6184,.T.);
#8560=ORIENTED_EDGE('',*,*,#6172,.T.);
#8561=ORIENTED_EDGE('',*,*,#6185,.F.);
#8562=ORIENTED_EDGE('',*,*,#6177,.F.);
#8563=ORIENTED_EDGE('',*,*,#6174,.F.);
#8564=ORIENTED_EDGE('',*,*,#6186,.F.);
#8565=ORIENTED_EDGE('',*,*,#6186,.T.);
#8566=ORIENTED_EDGE('',*,*,#6173,.F.);
#8567=ORIENTED_EDGE('',*,*,#6184,.F.);
#8568=ORIENTED_EDGE('',*,*,#6187,.T.);
#8569=ORIENTED_EDGE('',*,*,#6188,.F.);
#8570=ORIENTED_EDGE('',*,*,#6189,.F.);
#8571=ORIENTED_EDGE('',*,*,#6170,.F.);
#8572=ORIENTED_EDGE('',*,*,#6190,.F.);
#8573=ORIENTED_EDGE('',*,*,#6146,.T.);
#8574=ORIENTED_EDGE('',*,*,#6191,.T.);
#8575=ORIENTED_EDGE('',*,*,#6190,.T.);
#8576=ORIENTED_EDGE('',*,*,#6169,.F.);
#8577=ORIENTED_EDGE('',*,*,#6189,.T.);
#8578=ORIENTED_EDGE('',*,*,#6192,.F.);
#8579=ORIENTED_EDGE('',*,*,#6182,.F.);
#8580=ORIENTED_EDGE('',*,*,#6171,.T.);
#8581=ORIENTED_EDGE('',*,*,#6160,.F.);
#8582=ORIENTED_EDGE('',*,*,#5891,.T.);
#8583=ORIENTED_EDGE('',*,*,#6193,.T.);
#8584=ORIENTED_EDGE('',*,*,#6159,.T.);
#8585=ORIENTED_EDGE('',*,*,#6194,.T.);
#8586=ORIENTED_EDGE('',*,*,#6195,.T.);
#8587=ORIENTED_EDGE('',*,*,#6196,.T.);
#8588=ORIENTED_EDGE('',*,*,#6143,.F.);
#8589=ORIENTED_EDGE('',*,*,#6140,.T.);
#8590=ORIENTED_EDGE('',*,*,#5599,.F.);
#8591=ORIENTED_EDGE('',*,*,#6197,.F.);
#8592=ORIENTED_EDGE('',*,*,#6130,.F.);
#8593=ORIENTED_EDGE('',*,*,#6128,.T.);
#8594=ORIENTED_EDGE('',*,*,#6057,.T.);
#8595=ORIENTED_EDGE('',*,*,#6082,.F.);
#8596=ORIENTED_EDGE('',*,*,#6163,.F.);
#8597=ORIENTED_EDGE('',*,*,#6178,.T.);
#8598=ORIENTED_EDGE('',*,*,#6185,.T.);
#8599=ORIENTED_EDGE('',*,*,#6187,.F.);
#8600=ORIENTED_EDGE('',*,*,#6183,.F.);
#8601=ORIENTED_EDGE('',*,*,#6192,.T.);
#8602=ORIENTED_EDGE('',*,*,#6188,.T.);
#8603=ORIENTED_EDGE('',*,*,#6191,.F.);
#8604=ORIENTED_EDGE('',*,*,#6145,.F.);
#8605=ORIENTED_EDGE('',*,*,#6198,.F.);
#8606=ORIENTED_EDGE('',*,*,#6199,.F.);
#8607=ORIENTED_EDGE('',*,*,#6200,.T.);
#8608=ORIENTED_EDGE('',*,*,#6201,.T.);
#8609=ORIENTED_EDGE('',*,*,#6202,.T.);
#8610=ORIENTED_EDGE('',*,*,#6203,.T.);
#8611=ORIENTED_EDGE('',*,*,#6204,.T.);
#8612=ORIENTED_EDGE('',*,*,#6205,.F.);
#8613=ORIENTED_EDGE('',*,*,#6206,.F.);
#8614=ORIENTED_EDGE('',*,*,#6207,.F.);
#8615=ORIENTED_EDGE('',*,*,#6204,.F.);
#8616=ORIENTED_EDGE('',*,*,#6208,.T.);
#8617=ORIENTED_EDGE('',*,*,#6209,.F.);
#8618=ORIENTED_EDGE('',*,*,#6208,.F.);
#8619=ORIENTED_EDGE('',*,*,#6203,.F.);
#8620=ORIENTED_EDGE('',*,*,#6210,.T.);
#8621=ORIENTED_EDGE('',*,*,#6211,.F.);
#8622=ORIENTED_EDGE('',*,*,#6210,.F.);
#8623=ORIENTED_EDGE('',*,*,#6202,.F.);
#8624=ORIENTED_EDGE('',*,*,#6212,.T.);
#8625=ORIENTED_EDGE('',*,*,#6213,.F.);
#8626=ORIENTED_EDGE('',*,*,#6212,.F.);
#8627=ORIENTED_EDGE('',*,*,#6201,.F.);
#8628=ORIENTED_EDGE('',*,*,#6214,.T.);
#8629=ORIENTED_EDGE('',*,*,#6215,.F.);
#8630=ORIENTED_EDGE('',*,*,#6214,.F.);
#8631=ORIENTED_EDGE('',*,*,#6200,.F.);
#8632=ORIENTED_EDGE('',*,*,#6216,.T.);
#8633=ORIENTED_EDGE('',*,*,#6217,.F.);
#8634=ORIENTED_EDGE('',*,*,#6216,.F.);
#8635=ORIENTED_EDGE('',*,*,#6199,.T.);
#8636=ORIENTED_EDGE('',*,*,#5889,.F.);
#8637=ORIENTED_EDGE('',*,*,#6218,.T.);
#8638=ORIENTED_EDGE('',*,*,#6194,.F.);
#8639=ORIENTED_EDGE('',*,*,#6195,.F.);
#8640=ORIENTED_EDGE('',*,*,#6218,.F.);
#8641=ORIENTED_EDGE('',*,*,#5897,.F.);
#8642=ORIENTED_EDGE('',*,*,#6219,.T.);
#8643=ORIENTED_EDGE('',*,*,#6196,.F.);
#8644=ORIENTED_EDGE('',*,*,#6219,.F.);
#8645=ORIENTED_EDGE('',*,*,#5896,.F.);
#8646=ORIENTED_EDGE('',*,*,#6205,.T.);
#8647=ORIENTED_EDGE('',*,*,#6207,.T.);
#8648=ORIENTED_EDGE('',*,*,#6220,.F.);
#8649=ORIENTED_EDGE('',*,*,#6144,.F.);
#8650=ORIENTED_EDGE('',*,*,#6220,.T.);
#8651=ORIENTED_EDGE('',*,*,#6206,.T.);
#8652=ORIENTED_EDGE('',*,*,#6209,.T.);
#8653=ORIENTED_EDGE('',*,*,#6211,.T.);
#8654=ORIENTED_EDGE('',*,*,#6213,.T.);
#8655=ORIENTED_EDGE('',*,*,#6215,.T.);
#8656=ORIENTED_EDGE('',*,*,#6217,.T.);
#8657=ORIENTED_EDGE('',*,*,#5102,.F.);
#8658=ORIENTED_EDGE('',*,*,#6014,.F.);
#8659=ORIENTED_EDGE('',*,*,#6018,.F.);
#8660=ORIENTED_EDGE('',*,*,#6221,.F.);
#8661=ORIENTED_EDGE('',*,*,#6222,.T.);
#8662=ORIENTED_EDGE('',*,*,#6223,.F.);
#8663=ORIENTED_EDGE('',*,*,#6036,.F.);
#8664=ORIENTED_EDGE('',*,*,#6224,.F.);
#8665=ORIENTED_EDGE('',*,*,#6225,.F.);
#8666=ORIENTED_EDGE('',*,*,#6226,.T.);
#8667=ORIENTED_EDGE('',*,*,#6227,.F.);
#8668=ORIENTED_EDGE('',*,*,#6228,.F.);
#8669=ORIENTED_EDGE('',*,*,#6154,.T.);
#8670=ORIENTED_EDGE('',*,*,#6193,.F.);
#8671=ORIENTED_EDGE('',*,*,#5890,.T.);
#8672=ORIENTED_EDGE('',*,*,#6198,.T.);
#8673=ORIENTED_EDGE('',*,*,#5895,.T.);
#8674=ORIENTED_EDGE('',*,*,#6139,.T.);
#8675=ORIENTED_EDGE('',*,*,#5855,.F.);
#8676=ORIENTED_EDGE('',*,*,#6229,.F.);
#8677=ORIENTED_EDGE('',*,*,#6230,.T.);
#8678=ORIENTED_EDGE('',*,*,#6061,.F.);
#8679=ORIENTED_EDGE('',*,*,#5759,.F.);
#8680=ORIENTED_EDGE('',*,*,#5865,.F.);
#8681=ORIENTED_EDGE('',*,*,#6231,.T.);
#8682=ORIENTED_EDGE('',*,*,#6232,.F.);
#8683=ORIENTED_EDGE('',*,*,#6229,.T.);
#8684=ORIENTED_EDGE('',*,*,#5854,.F.);
#8685=ORIENTED_EDGE('',*,*,#5763,.F.);
#8686=ORIENTED_EDGE('',*,*,#6233,.F.);
#8687=ORIENTED_EDGE('',*,*,#6230,.F.);
#8688=ORIENTED_EDGE('',*,*,#6232,.T.);
#8689=ORIENTED_EDGE('',*,*,#5762,.T.);
#8690=ORIENTED_EDGE('',*,*,#6060,.T.);
#8691=ORIENTED_EDGE('',*,*,#6234,.F.);
#8692=ORIENTED_EDGE('',*,*,#6235,.T.);
#8693=ORIENTED_EDGE('',*,*,#6236,.F.);
#8694=ORIENTED_EDGE('',*,*,#6237,.F.);
#8695=ORIENTED_EDGE('',*,*,#6222,.F.);
#8696=ORIENTED_EDGE('',*,*,#6233,.T.);
#8697=ORIENTED_EDGE('',*,*,#5761,.T.);
#8698=ORIENTED_EDGE('',*,*,#6238,.F.);
#8699=ORIENTED_EDGE('',*,*,#6239,.F.);
#8700=ORIENTED_EDGE('',*,*,#6240,.F.);
#8701=ORIENTED_EDGE('',*,*,#6235,.F.);
#8702=ORIENTED_EDGE('',*,*,#6006,.F.);
#8703=ORIENTED_EDGE('',*,*,#6241,.F.);
#8704=ORIENTED_EDGE('',*,*,#6242,.F.);
#8705=ORIENTED_EDGE('',*,*,#6237,.T.);
#8706=ORIENTED_EDGE('',*,*,#6243,.F.);
#8707=ORIENTED_EDGE('',*,*,#6244,.F.);
#8708=ORIENTED_EDGE('',*,*,#6245,.F.);
#8709=ORIENTED_EDGE('',*,*,#6244,.T.);
#8710=ORIENTED_EDGE('',*,*,#6246,.F.);
#8711=ORIENTED_EDGE('',*,*,#6239,.T.);
#8712=ORIENTED_EDGE('',*,*,#6247,.T.);
#8713=ORIENTED_EDGE('',*,*,#6248,.T.);
#8714=ORIENTED_EDGE('',*,*,#5938,.T.);
#8715=ORIENTED_EDGE('',*,*,#5951,.F.);
#8716=ORIENTED_EDGE('',*,*,#6249,.F.);
#8717=ORIENTED_EDGE('',*,*,#6250,.T.);
#8718=ORIENTED_EDGE('',*,*,#6251,.T.);
#8719=ORIENTED_EDGE('',*,*,#6246,.T.);
#8720=ORIENTED_EDGE('',*,*,#6243,.T.);
#8721=ORIENTED_EDGE('',*,*,#6236,.T.);
#8722=ORIENTED_EDGE('',*,*,#6240,.T.);
#8723=ORIENTED_EDGE('',*,*,#6252,.F.);
#8724=ORIENTED_EDGE('',*,*,#5946,.F.);
#8725=ORIENTED_EDGE('',*,*,#5943,.F.);
#8726=ORIENTED_EDGE('',*,*,#5940,.F.);
#8727=ORIENTED_EDGE('',*,*,#5400,.F.);
#8728=ORIENTED_EDGE('',*,*,#5967,.F.);
#8729=ORIENTED_EDGE('',*,*,#6096,.F.);
#8730=ORIENTED_EDGE('',*,*,#6087,.F.);
#8731=ORIENTED_EDGE('',*,*,#5978,.F.);
#8732=ORIENTED_EDGE('',*,*,#6064,.F.);
#8733=ORIENTED_EDGE('',*,*,#6007,.F.);
#8734=ORIENTED_EDGE('',*,*,#6234,.T.);
#8735=ORIENTED_EDGE('',*,*,#6062,.T.);
#8736=ORIENTED_EDGE('',*,*,#6231,.F.);
#8737=ORIENTED_EDGE('',*,*,#5864,.F.);
#8738=ORIENTED_EDGE('',*,*,#5982,.F.);
#8739=ORIENTED_EDGE('',*,*,#6086,.F.);
#8740=ORIENTED_EDGE('',*,*,#6253,.F.);
#8741=ORIENTED_EDGE('',*,*,#5853,.F.);
#8742=ORIENTED_EDGE('',*,*,#6254,.T.);
#8743=ORIENTED_EDGE('',*,*,#6255,.T.);
#8744=ORIENTED_EDGE('',*,*,#6256,.T.);
#8745=ORIENTED_EDGE('',*,*,#6257,.F.);
#8746=ORIENTED_EDGE('',*,*,#6258,.F.);
#8747=ORIENTED_EDGE('',*,*,#6254,.F.);
#8748=ORIENTED_EDGE('',*,*,#5852,.F.);
#8749=ORIENTED_EDGE('',*,*,#5931,.T.);
#8750=ORIENTED_EDGE('',*,*,#6259,.F.);
#8751=ORIENTED_EDGE('',*,*,#6260,.T.);
#8752=ORIENTED_EDGE('',*,*,#6249,.T.);
#8753=ORIENTED_EDGE('',*,*,#5950,.T.);
#8754=ORIENTED_EDGE('',*,*,#6261,.T.);
#8755=ORIENTED_EDGE('',*,*,#5675,.T.);
#8756=ORIENTED_EDGE('',*,*,#5932,.T.);
#8757=ORIENTED_EDGE('',*,*,#5850,.F.);
#8758=ORIENTED_EDGE('',*,*,#6253,.T.);
#8759=ORIENTED_EDGE('',*,*,#6085,.F.);
#8760=ORIENTED_EDGE('',*,*,#5753,.F.);
#8761=ORIENTED_EDGE('',*,*,#5404,.F.);
#8762=ORIENTED_EDGE('',*,*,#5952,.F.);
#8763=ORIENTED_EDGE('',*,*,#5936,.F.);
#8764=ORIENTED_EDGE('',*,*,#5672,.F.);
#8765=ORIENTED_EDGE('',*,*,#6262,.T.);
#8766=ORIENTED_EDGE('',*,*,#5934,.F.);
#8767=ORIENTED_EDGE('',*,*,#5935,.F.);
#8768=ORIENTED_EDGE('',*,*,#6248,.F.);
#8769=ORIENTED_EDGE('',*,*,#6263,.T.);
#8770=ORIENTED_EDGE('',*,*,#6264,.T.);
#8771=ORIENTED_EDGE('',*,*,#5947,.F.);
#8772=ORIENTED_EDGE('',*,*,#6252,.T.);
#8773=ORIENTED_EDGE('',*,*,#6265,.F.);
#8774=ORIENTED_EDGE('',*,*,#6266,.F.);
#8775=ORIENTED_EDGE('',*,*,#6257,.T.);
#8776=ORIENTED_EDGE('',*,*,#6267,.T.);
#8777=ORIENTED_EDGE('',*,*,#6268,.F.);
#8778=ORIENTED_EDGE('',*,*,#6269,.T.);
#8779=ORIENTED_EDGE('',*,*,#6251,.F.);
#8780=ORIENTED_EDGE('',*,*,#6270,.T.);
#8781=ORIENTED_EDGE('',*,*,#6271,.F.);
#8782=ORIENTED_EDGE('',*,*,#6270,.F.);
#8783=ORIENTED_EDGE('',*,*,#6250,.F.);
#8784=ORIENTED_EDGE('',*,*,#6260,.F.);
#8785=ORIENTED_EDGE('',*,*,#6272,.F.);
#8786=ORIENTED_EDGE('',*,*,#6263,.F.);
#8787=ORIENTED_EDGE('',*,*,#6258,.T.);
#8788=ORIENTED_EDGE('',*,*,#6266,.T.);
#8789=ORIENTED_EDGE('',*,*,#6273,.T.);
#8790=ORIENTED_EDGE('',*,*,#6255,.F.);
#8791=ORIENTED_EDGE('',*,*,#6259,.T.);
#8792=ORIENTED_EDGE('',*,*,#5930,.T.);
#8793=ORIENTED_EDGE('',*,*,#6268,.T.);
#8794=ORIENTED_EDGE('',*,*,#6274,.T.);
#8795=ORIENTED_EDGE('',*,*,#6275,.T.);
#8796=ORIENTED_EDGE('',*,*,#6276,.T.);
#8797=ORIENTED_EDGE('',*,*,#6256,.F.);
#8798=ORIENTED_EDGE('',*,*,#6277,.T.);
#8799=ORIENTED_EDGE('',*,*,#6274,.F.);
#8800=ORIENTED_EDGE('',*,*,#6267,.F.);
#8801=ORIENTED_EDGE('',*,*,#6262,.F.);
#8802=ORIENTED_EDGE('',*,*,#6278,.T.);
#8803=ORIENTED_EDGE('',*,*,#6275,.F.);
#8804=ORIENTED_EDGE('',*,*,#6277,.F.);
#8805=ORIENTED_EDGE('',*,*,#6273,.F.);
#8806=ORIENTED_EDGE('',*,*,#5929,.T.);
#8807=ORIENTED_EDGE('',*,*,#6247,.F.);
#8808=ORIENTED_EDGE('',*,*,#6269,.F.);
#8809=ORIENTED_EDGE('',*,*,#6276,.F.);
#8810=ORIENTED_EDGE('',*,*,#6278,.F.);
#8811=ORIENTED_EDGE('',*,*,#6279,.F.);
#8812=ORIENTED_EDGE('',*,*,#6280,.F.);
#8813=ORIENTED_EDGE('',*,*,#6281,.T.);
#8814=ORIENTED_EDGE('',*,*,#6282,.F.);
#8815=ORIENTED_EDGE('',*,*,#6283,.F.);
#8816=ORIENTED_EDGE('',*,*,#6284,.T.);
#8817=ORIENTED_EDGE('',*,*,#6285,.F.);
#8818=ORIENTED_EDGE('',*,*,#6283,.T.);
#8819=ORIENTED_EDGE('',*,*,#6286,.F.);
#8820=ORIENTED_EDGE('',*,*,#6287,.F.);
#8821=ORIENTED_EDGE('',*,*,#6288,.F.);
#8822=ORIENTED_EDGE('',*,*,#6289,.T.);
#8823=ORIENTED_EDGE('',*,*,#6290,.T.);
#8824=ORIENTED_EDGE('',*,*,#6291,.F.);
#8825=ORIENTED_EDGE('',*,*,#6287,.T.);
#8826=ORIENTED_EDGE('',*,*,#6292,.F.);
#8827=ORIENTED_EDGE('',*,*,#6293,.F.);
#8828=ORIENTED_EDGE('',*,*,#6294,.F.);
#8829=ORIENTED_EDGE('',*,*,#6295,.F.);
#8830=ORIENTED_EDGE('',*,*,#6296,.F.);
#8831=ORIENTED_EDGE('',*,*,#6135,.F.);
#8832=ORIENTED_EDGE('',*,*,#6293,.T.);
#8833=ORIENTED_EDGE('',*,*,#6297,.F.);
#8834=ORIENTED_EDGE('',*,*,#6281,.F.);
#8835=ORIENTED_EDGE('',*,*,#6298,.F.);
#8836=ORIENTED_EDGE('',*,*,#6299,.T.);
#8837=ORIENTED_EDGE('',*,*,#6300,.F.);
#8838=ORIENTED_EDGE('',*,*,#6131,.F.);
#8839=ORIENTED_EDGE('',*,*,#6136,.F.);
#8840=ORIENTED_EDGE('',*,*,#6296,.T.);
#8841=ORIENTED_EDGE('',*,*,#6301,.F.);
#8842=ORIENTED_EDGE('',*,*,#6299,.F.);
#8843=ORIENTED_EDGE('',*,*,#6302,.F.);
#8844=ORIENTED_EDGE('',*,*,#6303,.F.);
#8845=ORIENTED_EDGE('',*,*,#6304,.T.);
#8846=ORIENTED_EDGE('',*,*,#6305,.F.);
#8847=ORIENTED_EDGE('',*,*,#6302,.T.);
#8848=ORIENTED_EDGE('',*,*,#6298,.T.);
#8849=ORIENTED_EDGE('',*,*,#6306,.F.);
#8850=ORIENTED_EDGE('',*,*,#6297,.T.);
#8851=ORIENTED_EDGE('',*,*,#6292,.T.);
#8852=ORIENTED_EDGE('',*,*,#6286,.T.);
#8853=ORIENTED_EDGE('',*,*,#6282,.T.);
#8854=ORIENTED_EDGE('',*,*,#6307,.T.);
#8855=ORIENTED_EDGE('',*,*,#6122,.T.);
#8856=ORIENTED_EDGE('',*,*,#6308,.T.);
#8857=ORIENTED_EDGE('',*,*,#6309,.T.);
#8858=ORIENTED_EDGE('',*,*,#6037,.F.);
#8859=ORIENTED_EDGE('',*,*,#6223,.T.);
#8860=ORIENTED_EDGE('',*,*,#6242,.T.);
#8861=ORIENTED_EDGE('',*,*,#6310,.T.);
#8862=ORIENTED_EDGE('',*,*,#6311,.T.);
#8863=ORIENTED_EDGE('',*,*,#6310,.F.);
#8864=ORIENTED_EDGE('',*,*,#6241,.T.);
#8865=ORIENTED_EDGE('',*,*,#6245,.T.);
#8866=ORIENTED_EDGE('',*,*,#6238,.T.);
#8867=ORIENTED_EDGE('',*,*,#6009,.F.);
#8868=ORIENTED_EDGE('',*,*,#6063,.F.);
#8869=ORIENTED_EDGE('',*,*,#5976,.F.);
#8870=ORIENTED_EDGE('',*,*,#5970,.T.);
#8871=ORIENTED_EDGE('',*,*,#6115,.F.);
#8872=ORIENTED_EDGE('',*,*,#6118,.F.);
#8873=ORIENTED_EDGE('',*,*,#6312,.F.);
#8874=ORIENTED_EDGE('',*,*,#6313,.T.);
#8875=ORIENTED_EDGE('',*,*,#6314,.F.);
#8876=ORIENTED_EDGE('',*,*,#6126,.F.);
#8877=ORIENTED_EDGE('',*,*,#6038,.F.);
#8878=ORIENTED_EDGE('',*,*,#6309,.F.);
#8879=ORIENTED_EDGE('',*,*,#6315,.T.);
#8880=ORIENTED_EDGE('',*,*,#6312,.T.);
#8881=ORIENTED_EDGE('',*,*,#6117,.F.);
#8882=ORIENTED_EDGE('',*,*,#6124,.F.);
#8883=ORIENTED_EDGE('',*,*,#6316,.T.);
#8884=ORIENTED_EDGE('',*,*,#6120,.F.);
#8885=ORIENTED_EDGE('',*,*,#6127,.T.);
#8886=ORIENTED_EDGE('',*,*,#6314,.T.);
#8887=ORIENTED_EDGE('',*,*,#6311,.F.);
#8888=ORIENTED_EDGE('',*,*,#6315,.F.);
#8889=ORIENTED_EDGE('',*,*,#6123,.T.);
#8890=ORIENTED_EDGE('',*,*,#6307,.F.);
#8891=ORIENTED_EDGE('',*,*,#6313,.F.);
#8892=ORIENTED_EDGE('',*,*,#6308,.F.);
#8893=ORIENTED_EDGE('',*,*,#6121,.T.);
#8894=ORIENTED_EDGE('',*,*,#6316,.F.);
#8895=ORIENTED_EDGE('',*,*,#6317,.T.);
#8896=ORIENTED_EDGE('',*,*,#6318,.F.);
#8897=ORIENTED_EDGE('',*,*,#6156,.T.);
#8898=ORIENTED_EDGE('',*,*,#6319,.F.);
#8899=ORIENTED_EDGE('',*,*,#6320,.T.);
#8900=ORIENTED_EDGE('',*,*,#6319,.T.);
#8901=ORIENTED_EDGE('',*,*,#6155,.T.);
#8902=ORIENTED_EDGE('',*,*,#6228,.T.);
#8903=ORIENTED_EDGE('',*,*,#6321,.T.);
#8904=ORIENTED_EDGE('',*,*,#6224,.T.);
#8905=ORIENTED_EDGE('',*,*,#6035,.T.);
#8906=ORIENTED_EDGE('',*,*,#6322,.T.);
#8907=ORIENTED_EDGE('',*,*,#6317,.F.);
#8908=ORIENTED_EDGE('',*,*,#6320,.F.);
#8909=ORIENTED_EDGE('',*,*,#6227,.T.);
#8910=ORIENTED_EDGE('',*,*,#6323,.T.);
#8911=ORIENTED_EDGE('',*,*,#6324,.T.);
#8912=ORIENTED_EDGE('',*,*,#6325,.F.);
#8913=ORIENTED_EDGE('',*,*,#6326,.T.);
#8914=ORIENTED_EDGE('',*,*,#6323,.F.);
#8915=ORIENTED_EDGE('',*,*,#6226,.F.);
#8916=ORIENTED_EDGE('',*,*,#6327,.T.);
#8917=ORIENTED_EDGE('',*,*,#6328,.F.);
#8918=ORIENTED_EDGE('',*,*,#6329,.F.);
#8919=ORIENTED_EDGE('',*,*,#6330,.T.);
#8920=ORIENTED_EDGE('',*,*,#6327,.F.);
#8921=ORIENTED_EDGE('',*,*,#6225,.T.);
#8922=ORIENTED_EDGE('',*,*,#6321,.F.);
#8923=ORIENTED_EDGE('',*,*,#6328,.T.);
#8924=ORIENTED_EDGE('',*,*,#6322,.F.);
#8925=ORIENTED_EDGE('',*,*,#6034,.F.);
#8926=ORIENTED_EDGE('',*,*,#6331,.F.);
#8927=ORIENTED_EDGE('',*,*,#6325,.T.);
#8928=ORIENTED_EDGE('',*,*,#6332,.T.);
#8929=ORIENTED_EDGE('',*,*,#6329,.T.);
#8930=ORIENTED_EDGE('',*,*,#6331,.T.);
#8931=ORIENTED_EDGE('',*,*,#6041,.F.);
#8932=ORIENTED_EDGE('',*,*,#6129,.F.);
#8933=ORIENTED_EDGE('',*,*,#6197,.T.);
#8934=ORIENTED_EDGE('',*,*,#5767,.F.);
#8935=ORIENTED_EDGE('',*,*,#5893,.T.);
#8936=ORIENTED_EDGE('',*,*,#6161,.F.);
#8937=ORIENTED_EDGE('',*,*,#6157,.T.);
#8938=ORIENTED_EDGE('',*,*,#6318,.T.);
#8939=ORIENTED_EDGE('',*,*,#6324,.F.);
#8940=ORIENTED_EDGE('',*,*,#6326,.F.);
#8941=ORIENTED_EDGE('',*,*,#6330,.F.);
#8942=ORIENTED_EDGE('',*,*,#6332,.F.);
#8943=ORIENTED_EDGE('',*,*,#6333,.T.);
#8944=ORIENTED_EDGE('',*,*,#6077,.F.);
#8945=ORIENTED_EDGE('',*,*,#6075,.F.);
#8946=ORIENTED_EDGE('',*,*,#5928,.F.);
#8947=ORIENTED_EDGE('',*,*,#5922,.T.);
#8948=ORIENTED_EDGE('',*,*,#5913,.T.);
#8949=ORIENTED_EDGE('',*,*,#6334,.F.);
#8950=ORIENTED_EDGE('',*,*,#6335,.T.);
#8951=ORIENTED_EDGE('',*,*,#5550,.F.);
#8952=ORIENTED_EDGE('',*,*,#5748,.T.);
#8953=ORIENTED_EDGE('',*,*,#6336,.F.);
#8954=ORIENTED_EDGE('',*,*,#6337,.T.);
#8955=ORIENTED_EDGE('',*,*,#6338,.F.);
#8956=ORIENTED_EDGE('',*,*,#6339,.F.);
#8957=ORIENTED_EDGE('',*,*,#6340,.F.);
#8958=ORIENTED_EDGE('',*,*,#6341,.F.);
#8959=ORIENTED_EDGE('',*,*,#6342,.T.);
#8960=ORIENTED_EDGE('',*,*,#6343,.T.);
#8961=ORIENTED_EDGE('',*,*,#6344,.T.);
#8962=ORIENTED_EDGE('',*,*,#6345,.F.);
#8963=ORIENTED_EDGE('',*,*,#6149,.T.);
#8964=ORIENTED_EDGE('',*,*,#6346,.T.);
#8965=ORIENTED_EDGE('',*,*,#6347,.F.);
#8966=ORIENTED_EDGE('',*,*,#6348,.T.);
#8967=ORIENTED_EDGE('',*,*,#6341,.T.);
#8968=ORIENTED_EDGE('',*,*,#6349,.T.);
#8969=ORIENTED_EDGE('',*,*,#6336,.T.);
#8970=ORIENTED_EDGE('',*,*,#5750,.T.);
#8971=ORIENTED_EDGE('',*,*,#6350,.F.);
#8972=ORIENTED_EDGE('',*,*,#6333,.F.);
#8973=ORIENTED_EDGE('',*,*,#6148,.T.);
#8974=ORIENTED_EDGE('',*,*,#6168,.T.);
#8975=ORIENTED_EDGE('',*,*,#6176,.F.);
#8976=ORIENTED_EDGE('',*,*,#6073,.F.);
#8977=ORIENTED_EDGE('',*,*,#6076,.F.);
#8978=ORIENTED_EDGE('',*,*,#6351,.F.);
#8979=ORIENTED_EDGE('',*,*,#6352,.F.);
#8980=ORIENTED_EDGE('',*,*,#6353,.F.);
#8981=ORIENTED_EDGE('',*,*,#6344,.F.);
#8982=ORIENTED_EDGE('',*,*,#6354,.T.);
#8983=ORIENTED_EDGE('',*,*,#6355,.T.);
#8984=ORIENTED_EDGE('',*,*,#6351,.T.);
#8985=ORIENTED_EDGE('',*,*,#6343,.F.);
#8986=ORIENTED_EDGE('',*,*,#6150,.T.);
#8987=ORIENTED_EDGE('',*,*,#6345,.T.);
#8988=ORIENTED_EDGE('',*,*,#6353,.T.);
#8989=ORIENTED_EDGE('',*,*,#6356,.F.);
#8990=ORIENTED_EDGE('',*,*,#6342,.F.);
#8991=ORIENTED_EDGE('',*,*,#6348,.F.);
#8992=ORIENTED_EDGE('',*,*,#6357,.F.);
#8993=ORIENTED_EDGE('',*,*,#6354,.F.);
#8994=ORIENTED_EDGE('',*,*,#6358,.T.);
#8995=ORIENTED_EDGE('',*,*,#6359,.F.);
#8996=ORIENTED_EDGE('',*,*,#5994,.F.);
#8997=ORIENTED_EDGE('',*,*,#6017,.T.);
#8998=ORIENTED_EDGE('',*,*,#5103,.T.);
#8999=ORIENTED_EDGE('',*,*,#6221,.T.);
#9000=ORIENTED_EDGE('',*,*,#6020,.F.);
#9001=ORIENTED_EDGE('',*,*,#6153,.T.);
#9002=ORIENTED_EDGE('',*,*,#6181,.T.);
#9003=ORIENTED_EDGE('',*,*,#6360,.F.);
#9004=ORIENTED_EDGE('',*,*,#5104,.T.);
#9005=ORIENTED_EDGE('',*,*,#6360,.T.);
#9006=ORIENTED_EDGE('',*,*,#6180,.T.);
#9007=ORIENTED_EDGE('',*,*,#6361,.T.);
#9008=ORIENTED_EDGE('',*,*,#6362,.T.);
#9009=ORIENTED_EDGE('',*,*,#6363,.T.);
#9010=ORIENTED_EDGE('',*,*,#6364,.T.);
#9011=ORIENTED_EDGE('',*,*,#6365,.T.);
#9012=ORIENTED_EDGE('',*,*,#5987,.T.);
#9013=ORIENTED_EDGE('',*,*,#5995,.T.);
#9014=ORIENTED_EDGE('',*,*,#6359,.T.);
#9015=ORIENTED_EDGE('',*,*,#6366,.T.);
#9016=ORIENTED_EDGE('',*,*,#5105,.T.);
#9017=ORIENTED_EDGE('',*,*,#6362,.F.);
#9018=ORIENTED_EDGE('',*,*,#6367,.T.);
#9019=ORIENTED_EDGE('',*,*,#6368,.T.);
#9020=ORIENTED_EDGE('',*,*,#6369,.T.);
#9021=ORIENTED_EDGE('',*,*,#6370,.T.);
#9022=ORIENTED_EDGE('',*,*,#6371,.F.);
#9023=ORIENTED_EDGE('',*,*,#6364,.F.);
#9024=ORIENTED_EDGE('',*,*,#5989,.T.);
#9025=ORIENTED_EDGE('',*,*,#6372,.F.);
#9026=ORIENTED_EDGE('',*,*,#6370,.F.);
#9027=ORIENTED_EDGE('',*,*,#6373,.T.);
#9028=ORIENTED_EDGE('',*,*,#5093,.T.);
#9029=ORIENTED_EDGE('',*,*,#6374,.T.);
#9030=ORIENTED_EDGE('',*,*,#6375,.T.);
#9031=ORIENTED_EDGE('',*,*,#6294,.T.);
#9032=ORIENTED_EDGE('',*,*,#6138,.T.);
#9033=ORIENTED_EDGE('',*,*,#5988,.T.);
#9034=ORIENTED_EDGE('',*,*,#6365,.F.);
#9035=ORIENTED_EDGE('',*,*,#6371,.T.);
#9036=ORIENTED_EDGE('',*,*,#6372,.T.);
#9037=ORIENTED_EDGE('',*,*,#6376,.T.);
#9038=ORIENTED_EDGE('',*,*,#6377,.T.);
#9039=ORIENTED_EDGE('',*,*,#6378,.T.);
#9040=ORIENTED_EDGE('',*,*,#6025,.T.);
#9041=ORIENTED_EDGE('',*,*,#6133,.T.);
#9042=ORIENTED_EDGE('',*,*,#6379,.T.);
#9043=ORIENTED_EDGE('',*,*,#5915,.F.);
#9044=ORIENTED_EDGE('',*,*,#5921,.F.);
#9045=ORIENTED_EDGE('',*,*,#6142,.T.);
#9046=ORIENTED_EDGE('',*,*,#6022,.T.);
#9047=ORIENTED_EDGE('',*,*,#5090,.T.);
#9048=ORIENTED_EDGE('',*,*,#5107,.F.);
#9049=ORIENTED_EDGE('',*,*,#6380,.F.);
#9050=ORIENTED_EDGE('',*,*,#6381,.T.);
#9051=ORIENTED_EDGE('',*,*,#5095,.F.);
#9052=ORIENTED_EDGE('',*,*,#5084,.T.);
#9053=ORIENTED_EDGE('',*,*,#6374,.F.);
#9054=ORIENTED_EDGE('',*,*,#6382,.T.);
#9055=ORIENTED_EDGE('',*,*,#5096,.F.);
#9056=ORIENTED_EDGE('',*,*,#6381,.F.);
#9057=ORIENTED_EDGE('',*,*,#6383,.F.);
#9058=ORIENTED_EDGE('',*,*,#6137,.T.);
#9059=ORIENTED_EDGE('',*,*,#5990,.T.);
#9060=ORIENTED_EDGE('',*,*,#5097,.F.);
#9061=ORIENTED_EDGE('',*,*,#6382,.F.);
#9062=ORIENTED_EDGE('',*,*,#6378,.F.);
#9063=ORIENTED_EDGE('',*,*,#6384,.F.);
#9064=ORIENTED_EDGE('',*,*,#6385,.T.);
#9065=ORIENTED_EDGE('',*,*,#6026,.F.);
#9066=ORIENTED_EDGE('',*,*,#6377,.F.);
#9067=ORIENTED_EDGE('',*,*,#6386,.T.);
#9068=ORIENTED_EDGE('',*,*,#6387,.T.);
#9069=ORIENTED_EDGE('',*,*,#6384,.T.);
#9070=ORIENTED_EDGE('',*,*,#6027,.F.);
#9071=ORIENTED_EDGE('',*,*,#6385,.F.);
#9072=ORIENTED_EDGE('',*,*,#6387,.F.);
#9073=ORIENTED_EDGE('',*,*,#6388,.F.);
#9074=ORIENTED_EDGE('',*,*,#5088,.T.);
#9075=ORIENTED_EDGE('',*,*,#6389,.F.);
#9076=ORIENTED_EDGE('',*,*,#6016,.T.);
#9077=ORIENTED_EDGE('',*,*,#5099,.F.);
#9078=ORIENTED_EDGE('',*,*,#5087,.T.);
#9079=ORIENTED_EDGE('',*,*,#5094,.F.);
#9080=ORIENTED_EDGE('',*,*,#6373,.F.);
#9081=ORIENTED_EDGE('',*,*,#6369,.F.);
#9082=ORIENTED_EDGE('',*,*,#6363,.F.);
#9083=ORIENTED_EDGE('',*,*,#6358,.F.);
#9084=ORIENTED_EDGE('',*,*,#6389,.T.);
#9085=ORIENTED_EDGE('',*,*,#6376,.F.);
#9086=ORIENTED_EDGE('',*,*,#6021,.F.);
#9087=ORIENTED_EDGE('',*,*,#6388,.T.);
#9088=ORIENTED_EDGE('',*,*,#6386,.F.);
#9089=ORIENTED_EDGE('',*,*,#6390,.T.);
#9090=ORIENTED_EDGE('',*,*,#6390,.F.);
#9091=ORIENTED_EDGE('',*,*,#6391,.T.);
#9092=ORIENTED_EDGE('',*,*,#6366,.F.);
#9093=ORIENTED_EDGE('',*,*,#6391,.F.);
#9094=ORIENTED_EDGE('',*,*,#6392,.T.);
#9095=ORIENTED_EDGE('',*,*,#6393,.T.);
#9096=ORIENTED_EDGE('',*,*,#6346,.F.);
#9097=ORIENTED_EDGE('',*,*,#6340,.T.);
#9098=ORIENTED_EDGE('',*,*,#6394,.T.);
#9099=ORIENTED_EDGE('',*,*,#6338,.T.);
#9100=ORIENTED_EDGE('',*,*,#6395,.T.);
#9101=ORIENTED_EDGE('',*,*,#6396,.T.);
#9102=ORIENTED_EDGE('',*,*,#6392,.F.);
#9103=ORIENTED_EDGE('',*,*,#6339,.T.);
#9104=ORIENTED_EDGE('',*,*,#6394,.F.);
#9105=ORIENTED_EDGE('',*,*,#6397,.F.);
#9106=ORIENTED_EDGE('',*,*,#6349,.F.);
#9107=ORIENTED_EDGE('',*,*,#6398,.T.);
#9108=ORIENTED_EDGE('',*,*,#6395,.F.);
#9109=ORIENTED_EDGE('',*,*,#6337,.F.);
#9110=ORIENTED_EDGE('',*,*,#6399,.F.);
#9111=ORIENTED_EDGE('',*,*,#6400,.F.);
#9112=ORIENTED_EDGE('',*,*,#6401,.F.);
#9113=ORIENTED_EDGE('',*,*,#6402,.F.);
#9114=ORIENTED_EDGE('',*,*,#6290,.F.);
#9115=ORIENTED_EDGE('',*,*,#6403,.F.);
#9116=ORIENTED_EDGE('',*,*,#6404,.F.);
#9117=ORIENTED_EDGE('',*,*,#6284,.F.);
#9118=ORIENTED_EDGE('',*,*,#6402,.T.);
#9119=ORIENTED_EDGE('',*,*,#6405,.T.);
#9120=ORIENTED_EDGE('',*,*,#6406,.F.);
#9121=ORIENTED_EDGE('',*,*,#6405,.F.);
#9122=ORIENTED_EDGE('',*,*,#6401,.T.);
#9123=ORIENTED_EDGE('',*,*,#6407,.T.);
#9124=ORIENTED_EDGE('',*,*,#6408,.F.);
#9125=ORIENTED_EDGE('',*,*,#6407,.F.);
#9126=ORIENTED_EDGE('',*,*,#6400,.T.);
#9127=ORIENTED_EDGE('',*,*,#6409,.T.);
#9128=ORIENTED_EDGE('',*,*,#6410,.F.);
#9129=ORIENTED_EDGE('',*,*,#6409,.F.);
#9130=ORIENTED_EDGE('',*,*,#6399,.T.);
#9131=ORIENTED_EDGE('',*,*,#6411,.T.);
#9132=ORIENTED_EDGE('',*,*,#6412,.F.);
#9133=ORIENTED_EDGE('',*,*,#6411,.F.);
#9134=ORIENTED_EDGE('',*,*,#6403,.T.);
#9135=ORIENTED_EDGE('',*,*,#6289,.F.);
#9136=ORIENTED_EDGE('',*,*,#6413,.F.);
#9137=ORIENTED_EDGE('',*,*,#6414,.T.);
#9138=ORIENTED_EDGE('',*,*,#6415,.F.);
#9139=ORIENTED_EDGE('',*,*,#6416,.F.);
#9140=ORIENTED_EDGE('',*,*,#6417,.F.);
#9141=ORIENTED_EDGE('',*,*,#6416,.T.);
#9142=ORIENTED_EDGE('',*,*,#6418,.F.);
#9143=ORIENTED_EDGE('',*,*,#6419,.F.);
#9144=ORIENTED_EDGE('',*,*,#6420,.F.);
#9145=ORIENTED_EDGE('',*,*,#6421,.T.);
#9146=ORIENTED_EDGE('',*,*,#6422,.F.);
#9147=ORIENTED_EDGE('',*,*,#6414,.F.);
#9148=ORIENTED_EDGE('',*,*,#6423,.F.);
#9149=ORIENTED_EDGE('',*,*,#6424,.T.);
#9150=ORIENTED_EDGE('',*,*,#6425,.F.);
#9151=ORIENTED_EDGE('',*,*,#6426,.F.);
#9152=ORIENTED_EDGE('',*,*,#6427,.F.);
#9153=ORIENTED_EDGE('',*,*,#6419,.T.);
#9154=ORIENTED_EDGE('',*,*,#6428,.F.);
#9155=ORIENTED_EDGE('',*,*,#6424,.F.);
#9156=ORIENTED_EDGE('',*,*,#6429,.F.);
#9157=ORIENTED_EDGE('',*,*,#6430,.T.);
#9158=ORIENTED_EDGE('',*,*,#6431,.F.);
#9159=ORIENTED_EDGE('',*,*,#6432,.F.);
#9160=ORIENTED_EDGE('',*,*,#6433,.F.);
#9161=ORIENTED_EDGE('',*,*,#6434,.T.);
#9162=ORIENTED_EDGE('',*,*,#6435,.F.);
#9163=ORIENTED_EDGE('',*,*,#6430,.F.);
#9164=ORIENTED_EDGE('',*,*,#6436,.F.);
#9165=ORIENTED_EDGE('',*,*,#6437,.T.);
#9166=ORIENTED_EDGE('',*,*,#6438,.F.);
#9167=ORIENTED_EDGE('',*,*,#6434,.F.);
#9168=ORIENTED_EDGE('',*,*,#6439,.F.);
#9169=ORIENTED_EDGE('',*,*,#6432,.T.);
#9170=ORIENTED_EDGE('',*,*,#6440,.F.);
#9171=ORIENTED_EDGE('',*,*,#6437,.F.);
#9172=ORIENTED_EDGE('',*,*,#6441,.F.);
#9173=ORIENTED_EDGE('',*,*,#6442,.T.);
#9174=ORIENTED_EDGE('',*,*,#6443,.F.);
#9175=ORIENTED_EDGE('',*,*,#6444,.F.);
#9176=ORIENTED_EDGE('',*,*,#6445,.F.);
#9177=ORIENTED_EDGE('',*,*,#6446,.T.);
#9178=ORIENTED_EDGE('',*,*,#6447,.F.);
#9179=ORIENTED_EDGE('',*,*,#6442,.F.);
#9180=ORIENTED_EDGE('',*,*,#6448,.F.);
#9181=ORIENTED_EDGE('',*,*,#6449,.T.);
#9182=ORIENTED_EDGE('',*,*,#6450,.F.);
#9183=ORIENTED_EDGE('',*,*,#6446,.F.);
#9184=ORIENTED_EDGE('',*,*,#6451,.F.);
#9185=ORIENTED_EDGE('',*,*,#6444,.T.);
#9186=ORIENTED_EDGE('',*,*,#6452,.F.);
#9187=ORIENTED_EDGE('',*,*,#6449,.F.);
#9188=ORIENTED_EDGE('',*,*,#6453,.F.);
#9189=ORIENTED_EDGE('',*,*,#6454,.T.);
#9190=ORIENTED_EDGE('',*,*,#6455,.F.);
#9191=ORIENTED_EDGE('',*,*,#6456,.F.);
#9192=ORIENTED_EDGE('',*,*,#6457,.F.);
#9193=ORIENTED_EDGE('',*,*,#6458,.T.);
#9194=ORIENTED_EDGE('',*,*,#6459,.F.);
#9195=ORIENTED_EDGE('',*,*,#6454,.F.);
#9196=ORIENTED_EDGE('',*,*,#6460,.F.);
#9197=ORIENTED_EDGE('',*,*,#6461,.T.);
#9198=ORIENTED_EDGE('',*,*,#6462,.F.);
#9199=ORIENTED_EDGE('',*,*,#6458,.F.);
#9200=ORIENTED_EDGE('',*,*,#6463,.F.);
#9201=ORIENTED_EDGE('',*,*,#6456,.T.);
#9202=ORIENTED_EDGE('',*,*,#6464,.F.);
#9203=ORIENTED_EDGE('',*,*,#6461,.F.);
#9204=ORIENTED_EDGE('',*,*,#6465,.T.);
#9205=ORIENTED_EDGE('',*,*,#6466,.T.);
#9206=ORIENTED_EDGE('',*,*,#5831,.T.);
#9207=ORIENTED_EDGE('',*,*,#5821,.T.);
#9208=ORIENTED_EDGE('',*,*,#6467,.T.);
#9209=ORIENTED_EDGE('',*,*,#6468,.T.);
#9210=ORIENTED_EDGE('',*,*,#6421,.F.);
#9211=ORIENTED_EDGE('',*,*,#6469,.F.);
#9212=ORIENTED_EDGE('',*,*,#6426,.T.);
#9213=ORIENTED_EDGE('',*,*,#6470,.T.);
#9214=ORIENTED_EDGE('',*,*,#6471,.T.);
#9215=ORIENTED_EDGE('',*,*,#6367,.F.);
#9216=ORIENTED_EDGE('',*,*,#6361,.F.);
#9217=ORIENTED_EDGE('',*,*,#6179,.F.);
#9218=ORIENTED_EDGE('',*,*,#6151,.T.);
#9219=ORIENTED_EDGE('',*,*,#6356,.T.);
#9220=ORIENTED_EDGE('',*,*,#6352,.T.);
#9221=ORIENTED_EDGE('',*,*,#6355,.F.);
#9222=ORIENTED_EDGE('',*,*,#6357,.T.);
#9223=ORIENTED_EDGE('',*,*,#6347,.T.);
#9224=ORIENTED_EDGE('',*,*,#6393,.F.);
#9225=ORIENTED_EDGE('',*,*,#6397,.T.);
#9226=ORIENTED_EDGE('',*,*,#6396,.F.);
#9227=ORIENTED_EDGE('',*,*,#6398,.F.);
#9228=ORIENTED_EDGE('',*,*,#6350,.T.);
#9229=ORIENTED_EDGE('',*,*,#5749,.T.);
#9230=ORIENTED_EDGE('',*,*,#5548,.F.);
#9231=ORIENTED_EDGE('',*,*,#5537,.F.);
#9232=ORIENTED_EDGE('',*,*,#5609,.T.);
#9233=ORIENTED_EDGE('',*,*,#6472,.T.);
#9234=ORIENTED_EDGE('',*,*,#6473,.F.);
#9235=ORIENTED_EDGE('',*,*,#5838,.T.);
#9236=ORIENTED_EDGE('',*,*,#5825,.T.);
#9237=ORIENTED_EDGE('',*,*,#5837,.T.);
#9238=ORIENTED_EDGE('',*,*,#6474,.T.);
#9239=ORIENTED_EDGE('',*,*,#6475,.F.);
#9240=ORIENTED_EDGE('',*,*,#6472,.F.);
#9241=ORIENTED_EDGE('',*,*,#5608,.T.);
#9242=ORIENTED_EDGE('',*,*,#6166,.F.);
#9243=ORIENTED_EDGE('',*,*,#6476,.T.);
#9244=ORIENTED_EDGE('',*,*,#6334,.T.);
#9245=ORIENTED_EDGE('',*,*,#5912,.T.);
#9246=ORIENTED_EDGE('',*,*,#5906,.T.);
#9247=ORIENTED_EDGE('',*,*,#5927,.F.);
#9248=ORIENTED_EDGE('',*,*,#6033,.T.);
#9249=ORIENTED_EDGE('',*,*,#5898,.T.);
#9250=ORIENTED_EDGE('',*,*,#5902,.T.);
#9251=ORIENTED_EDGE('',*,*,#5925,.F.);
#9252=ORIENTED_EDGE('',*,*,#6032,.T.);
#9253=ORIENTED_EDGE('',*,*,#6030,.T.);
#9254=ORIENTED_EDGE('',*,*,#6028,.T.);
#9255=ORIENTED_EDGE('',*,*,#5886,.T.);
#9256=ORIENTED_EDGE('',*,*,#6476,.F.);
#9257=ORIENTED_EDGE('',*,*,#6165,.T.);
#9258=ORIENTED_EDGE('',*,*,#5544,.F.);
#9259=ORIENTED_EDGE('',*,*,#5169,.T.);
#9260=ORIENTED_EDGE('',*,*,#5541,.T.);
#9261=ORIENTED_EDGE('',*,*,#5295,.T.);
#9262=ORIENTED_EDGE('',*,*,#5543,.F.);
#9263=ORIENTED_EDGE('',*,*,#5213,.F.);
#9264=ORIENTED_EDGE('',*,*,#5551,.F.);
#9265=ORIENTED_EDGE('',*,*,#6335,.F.);
#9266=ORIENTED_EDGE('',*,*,#6477,.T.);
#9267=ORIENTED_EDGE('',*,*,#6478,.T.);
#9268=ORIENTED_EDGE('',*,*,#6479,.T.);
#9269=ORIENTED_EDGE('',*,*,#5953,.F.);
#9270=ORIENTED_EDGE('',*,*,#5402,.F.);
#9271=ORIENTED_EDGE('',*,*,#5939,.F.);
#9272=ORIENTED_EDGE('',*,*,#5942,.F.);
#9273=ORIENTED_EDGE('',*,*,#5945,.F.);
#9274=ORIENTED_EDGE('',*,*,#6264,.F.);
#9275=ORIENTED_EDGE('',*,*,#6272,.T.);
#9276=ORIENTED_EDGE('',*,*,#6265,.T.);
#9277=ORIENTED_EDGE('',*,*,#6271,.T.);
#9278=ORIENTED_EDGE('',*,*,#6261,.F.);
#9279=ORIENTED_EDGE('',*,*,#5949,.F.);
#9280=ORIENTED_EDGE('',*,*,#6480,.T.);
#9281=ORIENTED_EDGE('',*,*,#6481,.T.);
#9282=ORIENTED_EDGE('',*,*,#6482,.T.);
#9283=ORIENTED_EDGE('',*,*,#5955,.F.);
#9284=ORIENTED_EDGE('',*,*,#6479,.F.);
#9285=ORIENTED_EDGE('',*,*,#6483,.T.);
#9286=ORIENTED_EDGE('',*,*,#6480,.F.);
#9287=ORIENTED_EDGE('',*,*,#5954,.F.);
#9288=ORIENTED_EDGE('',*,*,#6478,.F.);
#9289=ORIENTED_EDGE('',*,*,#6484,.T.);
#9290=ORIENTED_EDGE('',*,*,#6481,.F.);
#9291=ORIENTED_EDGE('',*,*,#6483,.F.);
#9292=ORIENTED_EDGE('',*,*,#6477,.F.);
#9293=ORIENTED_EDGE('',*,*,#5948,.F.);
#9294=ORIENTED_EDGE('',*,*,#6482,.F.);
#9295=ORIENTED_EDGE('',*,*,#6484,.F.);
#9296=ORIENTED_EDGE('',*,*,#6485,.T.);
#9297=ORIENTED_EDGE('',*,*,#6486,.F.);
#9298=ORIENTED_EDGE('',*,*,#6279,.T.);
#9299=ORIENTED_EDGE('',*,*,#6285,.T.);
#9300=ORIENTED_EDGE('',*,*,#6404,.T.);
#9301=ORIENTED_EDGE('',*,*,#6406,.T.);
#9302=ORIENTED_EDGE('',*,*,#6408,.T.);
#9303=ORIENTED_EDGE('',*,*,#6410,.T.);
#9304=ORIENTED_EDGE('',*,*,#6412,.T.);
#9305=ORIENTED_EDGE('',*,*,#6288,.T.);
#9306=ORIENTED_EDGE('',*,*,#6291,.T.);
#9307=ORIENTED_EDGE('',*,*,#6375,.F.);
#9308=ORIENTED_EDGE('',*,*,#6383,.T.);
#9309=ORIENTED_EDGE('',*,*,#6380,.T.);
#9310=ORIENTED_EDGE('',*,*,#5106,.T.);
#9311=ORIENTED_EDGE('',*,*,#6368,.F.);
#9312=ORIENTED_EDGE('',*,*,#6471,.F.);
#9313=ORIENTED_EDGE('',*,*,#6470,.F.);
#9314=ORIENTED_EDGE('',*,*,#6425,.T.);
#9315=ORIENTED_EDGE('',*,*,#6428,.T.);
#9316=ORIENTED_EDGE('',*,*,#6418,.T.);
#9317=ORIENTED_EDGE('',*,*,#6415,.T.);
#9318=ORIENTED_EDGE('',*,*,#6422,.T.);
#9319=ORIENTED_EDGE('',*,*,#6468,.F.);
#9320=ORIENTED_EDGE('',*,*,#6459,.T.);
#9321=ORIENTED_EDGE('',*,*,#6462,.T.);
#9322=ORIENTED_EDGE('',*,*,#6464,.T.);
#9323=ORIENTED_EDGE('',*,*,#6455,.T.);
#9324=ORIENTED_EDGE('',*,*,#6447,.T.);
#9325=ORIENTED_EDGE('',*,*,#6450,.T.);
#9326=ORIENTED_EDGE('',*,*,#6452,.T.);
#9327=ORIENTED_EDGE('',*,*,#6443,.T.);
#9328=ORIENTED_EDGE('',*,*,#6435,.T.);
#9329=ORIENTED_EDGE('',*,*,#6438,.T.);
#9330=ORIENTED_EDGE('',*,*,#6440,.T.);
#9331=ORIENTED_EDGE('',*,*,#6431,.T.);
#9332=ORIENTED_EDGE('',*,*,#6487,.F.);
#9333=ORIENTED_EDGE('',*,*,#6488,.T.);
#9334=ORIENTED_EDGE('',*,*,#5848,.T.);
#9335=ORIENTED_EDGE('',*,*,#6489,.T.);
#9336=ORIENTED_EDGE('',*,*,#5845,.F.);
#9337=ORIENTED_EDGE('',*,*,#5731,.F.);
#9338=ORIENTED_EDGE('',*,*,#5746,.F.);
#9339=ORIENTED_EDGE('',*,*,#5798,.F.);
#9340=ORIENTED_EDGE('',*,*,#5802,.F.);
#9341=ORIENTED_EDGE('',*,*,#5809,.F.);
#9342=ORIENTED_EDGE('',*,*,#5815,.F.);
#9343=ORIENTED_EDGE('',*,*,#6490,.T.);
#9344=ORIENTED_EDGE('',*,*,#5814,.T.);
#9345=ORIENTED_EDGE('',*,*,#6491,.T.);
#9346=ORIENTED_EDGE('',*,*,#5842,.T.);
#9347=ORIENTED_EDGE('',*,*,#6489,.F.);
#9348=ORIENTED_EDGE('',*,*,#5847,.T.);
#9349=ORIENTED_EDGE('',*,*,#5828,.T.);
#9350=ORIENTED_EDGE('',*,*,#6492,.F.);
#9351=ORIENTED_EDGE('',*,*,#6465,.F.);
#9352=ORIENTED_EDGE('',*,*,#6493,.F.);
#9353=ORIENTED_EDGE('',*,*,#6494,.F.);
#9354=ORIENTED_EDGE('',*,*,#6304,.F.);
#9355=ORIENTED_EDGE('',*,*,#6495,.F.);
#9356=ORIENTED_EDGE('',*,*,#6490,.F.);
#9357=ORIENTED_EDGE('',*,*,#5314,.T.);
#9358=ORIENTED_EDGE('',*,*,#5310,.T.);
#9359=ORIENTED_EDGE('',*,*,#5317,.T.);
#9360=ORIENTED_EDGE('',*,*,#5320,.T.);
#9361=ORIENTED_EDGE('',*,*,#6485,.F.);
#9362=ORIENTED_EDGE('',*,*,#6467,.F.);
#9363=ORIENTED_EDGE('',*,*,#5820,.F.);
#9364=ORIENTED_EDGE('',*,*,#5849,.F.);
#9365=ORIENTED_EDGE('',*,*,#6488,.F.);
#9366=ORIENTED_EDGE('',*,*,#6496,.F.);
#9367=ORIENTED_EDGE('',*,*,#6495,.T.);
#9368=ORIENTED_EDGE('',*,*,#6306,.T.);
#9369=ORIENTED_EDGE('',*,*,#6280,.T.);
#9370=ORIENTED_EDGE('',*,*,#6486,.T.);
#9371=ORIENTED_EDGE('',*,*,#6496,.T.);
#9372=ORIENTED_EDGE('',*,*,#6487,.T.);
#9373=ORIENTED_EDGE('',*,*,#6493,.T.);
#9374=ORIENTED_EDGE('',*,*,#6473,.T.);
#9375=ORIENTED_EDGE('',*,*,#6475,.T.);
#9376=ORIENTED_EDGE('',*,*,#5607,.F.);
#9377=ORIENTED_EDGE('',*,*,#5916,.F.);
#9378=ORIENTED_EDGE('',*,*,#6379,.F.);
#9379=ORIENTED_EDGE('',*,*,#6132,.F.);
#9380=ORIENTED_EDGE('',*,*,#6300,.T.);
#9381=ORIENTED_EDGE('',*,*,#6295,.T.);
#9382=ORIENTED_EDGE('',*,*,#6301,.T.);
#9383=ORIENTED_EDGE('',*,*,#6497,.F.);
#9384=ORIENTED_EDGE('',*,*,#6420,.T.);
#9385=ORIENTED_EDGE('',*,*,#6413,.T.);
#9386=ORIENTED_EDGE('',*,*,#6417,.T.);
#9387=ORIENTED_EDGE('',*,*,#6427,.T.);
#9388=ORIENTED_EDGE('',*,*,#6423,.T.);
#9389=ORIENTED_EDGE('',*,*,#6469,.T.);
#9390=ORIENTED_EDGE('',*,*,#6433,.T.);
#9391=ORIENTED_EDGE('',*,*,#6429,.T.);
#9392=ORIENTED_EDGE('',*,*,#6439,.T.);
#9393=ORIENTED_EDGE('',*,*,#6436,.T.);
#9394=ORIENTED_EDGE('',*,*,#6445,.T.);
#9395=ORIENTED_EDGE('',*,*,#6441,.T.);
#9396=ORIENTED_EDGE('',*,*,#6451,.T.);
#9397=ORIENTED_EDGE('',*,*,#6448,.T.);
#9398=ORIENTED_EDGE('',*,*,#6457,.T.);
#9399=ORIENTED_EDGE('',*,*,#6453,.T.);
#9400=ORIENTED_EDGE('',*,*,#6463,.T.);
#9401=ORIENTED_EDGE('',*,*,#6460,.T.);
#9402=ORIENTED_EDGE('',*,*,#6494,.T.);
#9403=ORIENTED_EDGE('',*,*,#6497,.T.);
#9404=ORIENTED_EDGE('',*,*,#6303,.T.);
#9405=ORIENTED_EDGE('',*,*,#6305,.T.);
#9406=ORIENTED_EDGE('',*,*,#5729,.F.);
#9407=ORIENTED_EDGE('',*,*,#5841,.T.);
#9408=ORIENTED_EDGE('',*,*,#5839,.T.);
#9409=ORIENTED_EDGE('',*,*,#6474,.F.);
#9410=ORIENTED_EDGE('',*,*,#5836,.T.);
#9411=ORIENTED_EDGE('',*,*,#5834,.T.);
#9412=ORIENTED_EDGE('',*,*,#5832,.T.);
#9413=ORIENTED_EDGE('',*,*,#6466,.F.);
#9414=ORIENTED_EDGE('',*,*,#6492,.T.);
#9415=ORIENTED_EDGE('',*,*,#5830,.T.);
#9416=ORIENTED_EDGE('',*,*,#5846,.T.);
#9417=ORIENTED_EDGE('',*,*,#5843,.T.);
#9418=ORIENTED_EDGE('',*,*,#6491,.F.);
#9419=ORIENTED_EDGE('',*,*,#5813,.T.);
#9420=ORIENTED_EDGE('',*,*,#6498,.F.);
#9421=ORIENTED_EDGE('',*,*,#5735,.T.);
#9422=ORIENTED_EDGE('',*,*,#5723,.F.);
#9423=ORIENTED_EDGE('',*,*,#5520,.F.);
#9424=ORIENTED_EDGE('',*,*,#5528,.F.);
#9425=ORIENTED_EDGE('',*,*,#5479,.F.);
#9426=ORIENTED_EDGE('',*,*,#5491,.F.);
#9427=ORIENTED_EDGE('',*,*,#5747,.F.);
#9428=ORIENTED_EDGE('',*,*,#5804,.T.);
#9429=ORIENTED_EDGE('',*,*,#5795,.F.);
#9430=ORIENTED_EDGE('',*,*,#5808,.T.);
#9431=ORIENTED_EDGE('',*,*,#6499,.T.);
#9432=ORIENTED_EDGE('',*,*,#5803,.T.);
#9433=ORIENTED_EDGE('',*,*,#6499,.F.);
#9434=ORIENTED_EDGE('',*,*,#5807,.T.);
#9435=ORIENTED_EDGE('',*,*,#5810,.F.);
#9436=ORIENTED_EDGE('',*,*,#5801,.F.);
#9437=ORIENTED_EDGE('',*,*,#5736,.T.);
#9438=ORIENTED_EDGE('',*,*,#6498,.T.);
#9439=ORIENTED_EDGE('',*,*,#5812,.F.);
#9440=ORIENTED_EDGE('',*,*,#5811,.F.);
#9441=ORIENTED_EDGE('',*,*,#5805,.T.);
#9442=ORIENTED_EDGE('',*,*,#6500,.F.);
#9443=ORIENTED_EDGE('',*,*,#6501,.F.);
#9444=ORIENTED_EDGE('',*,*,#6502,.F.);
#9445=ORIENTED_EDGE('',*,*,#6503,.F.);
#9446=ORIENTED_EDGE('',*,*,#6504,.T.);
#9447=ORIENTED_EDGE('',*,*,#6505,.T.);
#9448=ORIENTED_EDGE('',*,*,#6506,.F.);
#9449=ORIENTED_EDGE('',*,*,#6507,.T.);
#9450=ORIENTED_EDGE('',*,*,#6502,.T.);
#9451=ORIENTED_EDGE('',*,*,#6508,.T.);
#9452=ORIENTED_EDGE('',*,*,#6509,.T.);
#9453=ORIENTED_EDGE('',*,*,#6510,.F.);
#9454=ORIENTED_EDGE('',*,*,#6511,.T.);
#9455=ORIENTED_EDGE('',*,*,#6512,.T.);
#9456=ORIENTED_EDGE('',*,*,#6513,.T.);
#9457=ORIENTED_EDGE('',*,*,#6514,.F.);
#9458=ORIENTED_EDGE('',*,*,#6515,.T.);
#9459=ORIENTED_EDGE('',*,*,#6516,.T.);
#9460=ORIENTED_EDGE('',*,*,#6517,.T.);
#9461=ORIENTED_EDGE('',*,*,#6512,.F.);
#9462=ORIENTED_EDGE('',*,*,#6518,.T.);
#9463=ORIENTED_EDGE('',*,*,#6519,.T.);
#9464=ORIENTED_EDGE('',*,*,#6520,.T.);
#9465=ORIENTED_EDGE('',*,*,#6516,.F.);
#9466=ORIENTED_EDGE('',*,*,#6505,.F.);
#9467=ORIENTED_EDGE('',*,*,#6521,.T.);
#9468=ORIENTED_EDGE('',*,*,#6522,.T.);
#9469=ORIENTED_EDGE('',*,*,#6523,.F.);
#9470=ORIENTED_EDGE('',*,*,#6524,.F.);
#9471=ORIENTED_EDGE('',*,*,#6525,.F.);
#9472=ORIENTED_EDGE('',*,*,#6526,.T.);
#9473=ORIENTED_EDGE('',*,*,#6527,.F.);
#9474=ORIENTED_EDGE('',*,*,#6528,.F.);
#9475=ORIENTED_EDGE('',*,*,#6522,.F.);
#9476=ORIENTED_EDGE('',*,*,#6518,.F.);
#9477=ORIENTED_EDGE('',*,*,#6515,.F.);
#9478=ORIENTED_EDGE('',*,*,#6511,.F.);
#9479=ORIENTED_EDGE('',*,*,#6526,.F.);
#9480=ORIENTED_EDGE('',*,*,#6529,.F.);
#9481=ORIENTED_EDGE('',*,*,#6530,.F.);
#9482=ORIENTED_EDGE('',*,*,#6531,.F.);
#9483=ORIENTED_EDGE('',*,*,#6532,.F.);
#9484=ORIENTED_EDGE('',*,*,#6523,.T.);
#9485=ORIENTED_EDGE('',*,*,#6528,.T.);
#9486=ORIENTED_EDGE('',*,*,#6525,.T.);
#9487=ORIENTED_EDGE('',*,*,#6533,.T.);
#9488=ORIENTED_EDGE('',*,*,#6534,.T.);
#9489=ORIENTED_EDGE('',*,*,#6535,.T.);
#9490=ORIENTED_EDGE('',*,*,#6536,.T.);
#9491=ORIENTED_EDGE('',*,*,#6537,.T.);
#9492=ORIENTED_EDGE('',*,*,#6538,.T.);
#9493=ORIENTED_EDGE('',*,*,#6530,.T.);
#9494=ORIENTED_EDGE('',*,*,#6539,.T.);
#9495=ORIENTED_EDGE('',*,*,#6506,.T.);
#9496=ORIENTED_EDGE('',*,*,#6524,.T.);
#9497=ORIENTED_EDGE('',*,*,#6540,.T.);
#9498=ORIENTED_EDGE('',*,*,#6541,.T.);
#9499=ORIENTED_EDGE('',*,*,#6542,.T.);
#9500=ORIENTED_EDGE('',*,*,#6543,.T.);
#9501=ORIENTED_EDGE('',*,*,#6544,.T.);
#9502=ORIENTED_EDGE('',*,*,#6545,.T.);
#9503=ORIENTED_EDGE('',*,*,#6546,.T.);
#9504=ORIENTED_EDGE('',*,*,#6547,.T.);
#9505=ORIENTED_EDGE('',*,*,#6533,.F.);
#9506=ORIENTED_EDGE('',*,*,#6548,.T.);
#9507=ORIENTED_EDGE('',*,*,#6537,.F.);
#9508=ORIENTED_EDGE('',*,*,#6549,.F.);
#9509=ORIENTED_EDGE('',*,*,#6550,.F.);
#9510=ORIENTED_EDGE('',*,*,#6551,.T.);
#9511=ORIENTED_EDGE('',*,*,#6552,.T.);
#9512=ORIENTED_EDGE('',*,*,#6553,.T.);
#9513=ORIENTED_EDGE('',*,*,#6554,.T.);
#9514=ORIENTED_EDGE('',*,*,#6555,.T.);
#9515=ORIENTED_EDGE('',*,*,#6556,.T.);
#9516=ORIENTED_EDGE('',*,*,#6557,.T.);
#9517=ORIENTED_EDGE('',*,*,#6558,.T.);
#9518=ORIENTED_EDGE('',*,*,#6546,.F.);
#9519=ORIENTED_EDGE('',*,*,#6559,.T.);
#9520=ORIENTED_EDGE('',*,*,#6560,.T.);
#9521=ORIENTED_EDGE('',*,*,#6561,.F.);
#9522=ORIENTED_EDGE('',*,*,#6545,.F.);
#9523=ORIENTED_EDGE('',*,*,#6562,.T.);
#9524=ORIENTED_EDGE('',*,*,#6563,.T.);
#9525=ORIENTED_EDGE('',*,*,#6559,.F.);
#9526=ORIENTED_EDGE('',*,*,#6544,.F.);
#9527=ORIENTED_EDGE('',*,*,#6564,.T.);
#9528=ORIENTED_EDGE('',*,*,#6565,.T.);
#9529=ORIENTED_EDGE('',*,*,#6562,.F.);
#9530=ORIENTED_EDGE('',*,*,#6543,.F.);
#9531=ORIENTED_EDGE('',*,*,#6566,.T.);
#9532=ORIENTED_EDGE('',*,*,#6567,.T.);
#9533=ORIENTED_EDGE('',*,*,#6564,.F.);
#9534=ORIENTED_EDGE('',*,*,#6542,.F.);
#9535=ORIENTED_EDGE('',*,*,#6568,.T.);
#9536=ORIENTED_EDGE('',*,*,#6569,.T.);
#9537=ORIENTED_EDGE('',*,*,#6566,.F.);
#9538=ORIENTED_EDGE('',*,*,#6541,.F.);
#9539=ORIENTED_EDGE('',*,*,#6570,.T.);
#9540=ORIENTED_EDGE('',*,*,#6571,.T.);
#9541=ORIENTED_EDGE('',*,*,#6568,.F.);
#9542=ORIENTED_EDGE('',*,*,#6540,.F.);
#9543=ORIENTED_EDGE('',*,*,#6527,.T.);
#9544=ORIENTED_EDGE('',*,*,#6514,.T.);
#9545=ORIENTED_EDGE('',*,*,#6572,.T.);
#9546=ORIENTED_EDGE('',*,*,#6570,.F.);
#9547=ORIENTED_EDGE('',*,*,#6504,.F.);
#9548=ORIENTED_EDGE('',*,*,#6573,.F.);
#9549=ORIENTED_EDGE('',*,*,#6503,.T.);
#9550=ORIENTED_EDGE('',*,*,#6510,.T.);
#9551=ORIENTED_EDGE('',*,*,#6574,.T.);
#9552=ORIENTED_EDGE('',*,*,#6519,.F.);
#9553=ORIENTED_EDGE('',*,*,#6521,.F.);
#9554=ORIENTED_EDGE('',*,*,#6501,.T.);
#9555=ORIENTED_EDGE('',*,*,#6575,.T.);
#9556=ORIENTED_EDGE('',*,*,#6576,.T.);
#9557=ORIENTED_EDGE('',*,*,#6508,.F.);
#9558=ORIENTED_EDGE('',*,*,#6573,.T.);
#9559=ORIENTED_EDGE('',*,*,#6507,.F.);
#9560=ORIENTED_EDGE('',*,*,#6539,.F.);
#9561=ORIENTED_EDGE('',*,*,#6529,.T.);
#9562=ORIENTED_EDGE('',*,*,#6577,.T.);
#9563=ORIENTED_EDGE('',*,*,#6578,.T.);
#9564=ORIENTED_EDGE('',*,*,#6575,.F.);
#9565=ORIENTED_EDGE('',*,*,#6500,.T.);
#9566=ORIENTED_EDGE('',*,*,#6532,.T.);
#9567=ORIENTED_EDGE('',*,*,#6579,.T.);
#9568=ORIENTED_EDGE('',*,*,#6580,.T.);
#9569=ORIENTED_EDGE('',*,*,#6577,.F.);
#9570=ORIENTED_EDGE('',*,*,#6548,.F.);
#9571=ORIENTED_EDGE('',*,*,#6581,.T.);
#9572=ORIENTED_EDGE('',*,*,#6582,.T.);
#9573=ORIENTED_EDGE('',*,*,#6579,.F.);
#9574=ORIENTED_EDGE('',*,*,#6531,.T.);
#9575=ORIENTED_EDGE('',*,*,#6538,.F.);
#9576=ORIENTED_EDGE('',*,*,#6558,.F.);
#9577=ORIENTED_EDGE('',*,*,#6583,.T.);
#9578=ORIENTED_EDGE('',*,*,#6584,.T.);
#9579=ORIENTED_EDGE('',*,*,#6581,.F.);
#9580=ORIENTED_EDGE('',*,*,#6557,.F.);
#9581=ORIENTED_EDGE('',*,*,#6585,.T.);
#9582=ORIENTED_EDGE('',*,*,#6586,.T.);
#9583=ORIENTED_EDGE('',*,*,#6583,.F.);
#9584=ORIENTED_EDGE('',*,*,#6556,.F.);
#9585=ORIENTED_EDGE('',*,*,#6587,.T.);
#9586=ORIENTED_EDGE('',*,*,#6588,.T.);
#9587=ORIENTED_EDGE('',*,*,#6585,.F.);
#9588=ORIENTED_EDGE('',*,*,#6555,.F.);
#9589=ORIENTED_EDGE('',*,*,#6589,.T.);
#9590=ORIENTED_EDGE('',*,*,#6590,.T.);
#9591=ORIENTED_EDGE('',*,*,#6587,.F.);
#9592=ORIENTED_EDGE('',*,*,#6554,.F.);
#9593=ORIENTED_EDGE('',*,*,#6591,.T.);
#9594=ORIENTED_EDGE('',*,*,#6592,.T.);
#9595=ORIENTED_EDGE('',*,*,#6589,.F.);
#9596=ORIENTED_EDGE('',*,*,#6553,.F.);
#9597=ORIENTED_EDGE('',*,*,#6593,.T.);
#9598=ORIENTED_EDGE('',*,*,#6594,.T.);
#9599=ORIENTED_EDGE('',*,*,#6591,.F.);
#9600=ORIENTED_EDGE('',*,*,#6552,.F.);
#9601=ORIENTED_EDGE('',*,*,#6595,.T.);
#9602=ORIENTED_EDGE('',*,*,#6596,.T.);
#9603=ORIENTED_EDGE('',*,*,#6593,.F.);
#9604=ORIENTED_EDGE('',*,*,#6551,.F.);
#9605=ORIENTED_EDGE('',*,*,#6597,.F.);
#9606=ORIENTED_EDGE('',*,*,#6598,.T.);
#9607=ORIENTED_EDGE('',*,*,#6595,.F.);
#9608=ORIENTED_EDGE('',*,*,#6599,.F.);
#9609=ORIENTED_EDGE('',*,*,#6600,.F.);
#9610=ORIENTED_EDGE('',*,*,#6560,.F.);
#9611=ORIENTED_EDGE('',*,*,#6563,.F.);
#9612=ORIENTED_EDGE('',*,*,#6565,.F.);
#9613=ORIENTED_EDGE('',*,*,#6567,.F.);
#9614=ORIENTED_EDGE('',*,*,#6569,.F.);
#9615=ORIENTED_EDGE('',*,*,#6571,.F.);
#9616=ORIENTED_EDGE('',*,*,#6572,.F.);
#9617=ORIENTED_EDGE('',*,*,#6513,.F.);
#9618=ORIENTED_EDGE('',*,*,#6517,.F.);
#9619=ORIENTED_EDGE('',*,*,#6520,.F.);
#9620=ORIENTED_EDGE('',*,*,#6574,.F.);
#9621=ORIENTED_EDGE('',*,*,#6509,.F.);
#9622=ORIENTED_EDGE('',*,*,#6576,.F.);
#9623=ORIENTED_EDGE('',*,*,#6578,.F.);
#9624=ORIENTED_EDGE('',*,*,#6580,.F.);
#9625=ORIENTED_EDGE('',*,*,#6582,.F.);
#9626=ORIENTED_EDGE('',*,*,#6584,.F.);
#9627=ORIENTED_EDGE('',*,*,#6586,.F.);
#9628=ORIENTED_EDGE('',*,*,#6588,.F.);
#9629=ORIENTED_EDGE('',*,*,#6590,.F.);
#9630=ORIENTED_EDGE('',*,*,#6592,.F.);
#9631=ORIENTED_EDGE('',*,*,#6594,.F.);
#9632=ORIENTED_EDGE('',*,*,#6596,.F.);
#9633=ORIENTED_EDGE('',*,*,#6598,.F.);
#9634=ORIENTED_EDGE('',*,*,#6600,.T.);
#9635=ORIENTED_EDGE('',*,*,#6601,.F.);
#9636=ORIENTED_EDGE('',*,*,#6602,.T.);
#9637=ORIENTED_EDGE('',*,*,#6534,.F.);
#9638=ORIENTED_EDGE('',*,*,#6547,.F.);
#9639=ORIENTED_EDGE('',*,*,#6561,.T.);
#9640=ORIENTED_EDGE('',*,*,#6603,.F.);
#9641=ORIENTED_EDGE('',*,*,#6549,.T.);
#9642=ORIENTED_EDGE('',*,*,#6536,.F.);
#9643=ORIENTED_EDGE('',*,*,#6604,.F.);
#9644=ORIENTED_EDGE('',*,*,#6605,.F.);
#9645=ORIENTED_EDGE('',*,*,#6604,.T.);
#9646=ORIENTED_EDGE('',*,*,#6535,.F.);
#9647=ORIENTED_EDGE('',*,*,#6602,.F.);
#9648=ORIENTED_EDGE('',*,*,#6597,.T.);
#9649=ORIENTED_EDGE('',*,*,#6550,.T.);
#9650=ORIENTED_EDGE('',*,*,#6603,.T.);
#9651=ORIENTED_EDGE('',*,*,#6605,.T.);
#9652=ORIENTED_EDGE('',*,*,#6601,.T.);
#9653=ORIENTED_EDGE('',*,*,#6599,.T.);
#9654=PLANE('',#10673);
#9655=PLANE('',#10674);
#9656=PLANE('',#10675);
#9657=PLANE('',#10676);
#9658=PLANE('',#10677);
#9659=PLANE('',#10678);
#9660=PLANE('',#10679);
#9661=PLANE('',#10680);
#9662=PLANE('',#10681);
#9663=PLANE('',#10682);
#9664=PLANE('',#10683);
#9665=PLANE('',#10685);
#9666=PLANE('',#10689);
#9667=PLANE('',#10691);
#9668=PLANE('',#10701);
#9669=PLANE('',#10702);
#9670=PLANE('',#10703);
#9671=PLANE('',#10704);
#9672=PLANE('',#10705);
#9673=PLANE('',#10706);
#9674=PLANE('',#10707);
#9675=PLANE('',#10708);
#9676=PLANE('',#10709);
#9677=PLANE('',#10710);
#9678=PLANE('',#10711);
#9679=PLANE('',#10712);
#9680=PLANE('',#10713);
#9681=PLANE('',#10714);
#9682=PLANE('',#10715);
#9683=PLANE('',#10716);
#9684=PLANE('',#10717);
#9685=PLANE('',#10718);
#9686=PLANE('',#10719);
#9687=PLANE('',#10721);
#9688=PLANE('',#10723);
#9689=PLANE('',#10724);
#9690=PLANE('',#10725);
#9691=PLANE('',#10726);
#9692=PLANE('',#10734);
#9693=PLANE('',#10735);
#9694=PLANE('',#10736);
#9695=PLANE('',#10737);
#9696=PLANE('',#10738);
#9697=PLANE('',#10739);
#9698=PLANE('',#10741);
#9699=PLANE('',#10742);
#9700=PLANE('',#10743);
#9701=PLANE('',#10745);
#9702=PLANE('',#10746);
#9703=PLANE('',#10748);
#9704=PLANE('',#10749);
#9705=PLANE('',#10750);
#9706=PLANE('',#10751);
#9707=PLANE('',#10752);
#9708=PLANE('',#10753);
#9709=PLANE('',#10754);
#9710=PLANE('',#10755);
#9711=PLANE('',#10756);
#9712=PLANE('',#10759);
#9713=PLANE('',#10763);
#9714=PLANE('',#10767);
#9715=PLANE('',#10769);
#9716=PLANE('',#10772);
#9717=PLANE('',#10773);
#9718=PLANE('',#10776);
#9719=PLANE('',#10777);
#9720=PLANE('',#10778);
#9721=PLANE('',#10779);
#9722=PLANE('',#10781);
#9723=PLANE('',#10782);
#9724=PLANE('',#10784);
#9725=PLANE('',#10785);
#9726=PLANE('',#10786);
#9727=PLANE('',#10787);
#9728=PLANE('',#10792);
#9729=PLANE('',#10793);
#9730=PLANE('',#10794);
#9731=PLANE('',#10797);
#9732=PLANE('',#10809);
#9733=PLANE('',#10812);
#9734=PLANE('',#10813);
#9735=PLANE('',#10814);
#9736=PLANE('',#10815);
#9737=PLANE('',#10816);
#9738=PLANE('',#10817);
#9739=PLANE('',#10819);
#9740=PLANE('',#10820);
#9741=PLANE('',#10821);
#9742=PLANE('',#10822);
#9743=PLANE('',#10823);
#9744=PLANE('',#10824);
#9745=PLANE('',#10825);
#9746=PLANE('',#10826);
#9747=PLANE('',#10827);
#9748=PLANE('',#10828);
#9749=PLANE('',#10829);
#9750=PLANE('',#10830);
#9751=PLANE('',#10831);
#9752=PLANE('',#10832);
#9753=PLANE('',#10833);
#9754=PLANE('',#10834);
#9755=PLANE('',#10835);
#9756=PLANE('',#10836);
#9757=PLANE('',#10837);
#9758=PLANE('',#10838);
#9759=PLANE('',#10839);
#9760=PLANE('',#10840);
#9761=PLANE('',#10841);
#9762=PLANE('',#10842);
#9763=PLANE('',#10843);
#9764=PLANE('',#10844);
#9765=PLANE('',#10845);
#9766=PLANE('',#10846);
#9767=PLANE('',#10847);
#9768=PLANE('',#10848);
#9769=PLANE('',#10849);
#9770=PLANE('',#10850);
#9771=PLANE('',#10851);
#9772=PLANE('',#10852);
#9773=PLANE('',#10853);
#9774=PLANE('',#10854);
#9775=PLANE('',#10855);
#9776=PLANE('',#10856);
#9777=PLANE('',#10858);
#9778=PLANE('',#10859);
#9779=PLANE('',#10869);
#9780=PLANE('',#10870);
#9781=PLANE('',#10871);
#9782=PLANE('',#10872);
#9783=PLANE('',#10873);
#9784=PLANE('',#10874);
#9785=PLANE('',#10875);
#9786=PLANE('',#10876);
#9787=PLANE('',#10877);
#9788=PLANE('',#10878);
#9789=PLANE('',#10879);
#9790=PLANE('',#10882);
#9791=PLANE('',#10885);
#9792=PLANE('',#10889);
#9793=PLANE('',#10890);
#9794=PLANE('',#10891);
#9795=PLANE('',#10892);
#9796=PLANE('',#10893);
#9797=PLANE('',#10894);
#9798=PLANE('',#10895);
#9799=PLANE('',#10896);
#9800=PLANE('',#10897);
#9801=PLANE('',#10898);
#9802=PLANE('',#10899);
#9803=PLANE('',#10900);
#9804=PLANE('',#10901);
#9805=PLANE('',#10902);
#9806=PLANE('',#10903);
#9807=PLANE('',#10904);
#9808=PLANE('',#10905);
#9809=PLANE('',#10906);
#9810=PLANE('',#10907);
#9811=PLANE('',#10908);
#9812=PLANE('',#10909);
#9813=PLANE('',#10910);
#9814=PLANE('',#10911);
#9815=PLANE('',#10912);
#9816=PLANE('',#10913);
#9817=PLANE('',#10914);
#9818=PLANE('',#10915);
#9819=PLANE('',#10916);
#9820=PLANE('',#10917);
#9821=PLANE('',#10918);
#9822=PLANE('',#10919);
#9823=PLANE('',#10920);
#9824=PLANE('',#10921);
#9825=PLANE('',#10922);
#9826=PLANE('',#10923);
#9827=PLANE('',#10924);
#9828=PLANE('',#10925);
#9829=PLANE('',#10926);
#9830=PLANE('',#10927);
#9831=PLANE('',#10928);
#9832=PLANE('',#10929);
#9833=PLANE('',#10930);
#9834=PLANE('',#10931);
#9835=PLANE('',#10932);
#9836=PLANE('',#10933);
#9837=PLANE('',#10934);
#9838=PLANE('',#10935);
#9839=PLANE('',#10936);
#9840=PLANE('',#10937);
#9841=PLANE('',#10938);
#9842=PLANE('',#10939);
#9843=PLANE('',#10940);
#9844=PLANE('',#10941);
#9845=PLANE('',#10942);
#9846=PLANE('',#10943);
#9847=PLANE('',#10944);
#9848=PLANE('',#10945);
#9849=PLANE('',#10946);
#9850=PLANE('',#10947);
#9851=PLANE('',#10948);
#9852=PLANE('',#10949);
#9853=PLANE('',#10950);
#9854=PLANE('',#10951);
#9855=PLANE('',#10952);
#9856=PLANE('',#10953);
#9857=PLANE('',#10954);
#9858=PLANE('',#10955);
#9859=PLANE('',#10956);
#9860=PLANE('',#10957);
#9861=PLANE('',#10958);
#9862=PLANE('',#10959);
#9863=PLANE('',#10960);
#9864=PLANE('',#10961);
#9865=PLANE('',#10962);
#9866=PLANE('',#10963);
#9867=PLANE('',#10964);
#9868=PLANE('',#10965);
#9869=PLANE('',#10966);
#9870=PLANE('',#10967);
#9871=PLANE('',#10968);
#9872=PLANE('',#10969);
#9873=PLANE('',#10970);
#9874=PLANE('',#10971);
#9875=PLANE('',#10972);
#9876=PLANE('',#10975);
#9877=PLANE('',#10976);
#9878=PLANE('',#10977);
#9879=PLANE('',#10978);
#9880=PLANE('',#10979);
#9881=PLANE('',#10980);
#9882=PLANE('',#10981);
#9883=PLANE('',#10982);
#9884=PLANE('',#10983);
#9885=PLANE('',#10984);
#9886=PLANE('',#10985);
#9887=PLANE('',#10986);
#9888=PLANE('',#10987);
#9889=PLANE('',#10988);
#9890=PLANE('',#10989);
#9891=PLANE('',#10990);
#9892=PLANE('',#10991);
#9893=PLANE('',#10993);
#9894=PLANE('',#10994);
#9895=PLANE('',#10995);
#9896=PLANE('',#10996);
#9897=PLANE('',#10997);
#9898=PLANE('',#10998);
#9899=PLANE('',#10999);
#9900=PLANE('',#11000);
#9901=PLANE('',#11001);
#9902=PLANE('',#11002);
#9903=PLANE('',#11003);
#9904=PLANE('',#11004);
#9905=PLANE('',#11005);
#9906=PLANE('',#11006);
#9907=PLANE('',#11007);
#9908=PLANE('',#11008);
#9909=PLANE('',#11011);
#9910=PLANE('',#11012);
#9911=PLANE('',#11013);
#9912=PLANE('',#11014);
#9913=PLANE('',#11015);
#9914=PLANE('',#11016);
#9915=PLANE('',#11017);
#9916=PLANE('',#11018);
#9917=PLANE('',#11019);
#9918=PLANE('',#11020);
#9919=PLANE('',#11021);
#9920=PLANE('',#11022);
#9921=PLANE('',#11023);
#9922=PLANE('',#11024);
#9923=PLANE('',#11025);
#9924=PLANE('',#11026);
#9925=PLANE('',#11027);
#9926=PLANE('',#11028);
#9927=PLANE('',#11029);
#9928=PLANE('',#11030);
#9929=PLANE('',#11032);
#9930=PLANE('',#11033);
#9931=PLANE('',#11034);
#9932=PLANE('',#11035);
#9933=PLANE('',#11037);
#9934=PLANE('',#11038);
#9935=PLANE('',#11039);
#9936=PLANE('',#11040);
#9937=PLANE('',#11041);
#9938=PLANE('',#11042);
#9939=PLANE('',#11043);
#9940=PLANE('',#11044);
#9941=PLANE('',#11045);
#9942=PLANE('',#11046);
#9943=PLANE('',#11047);
#9944=PLANE('',#11048);
#9945=PLANE('',#11049);
#9946=PLANE('',#11050);
#9947=PLANE('',#11051);
#9948=PLANE('',#11052);
#9949=PLANE('',#11053);
#9950=PLANE('',#11054);
#9951=PLANE('',#11055);
#9952=PLANE('',#11056);
#9953=PLANE('',#11057);
#9954=PLANE('',#11058);
#9955=PLANE('',#11059);
#9956=PLANE('',#11060);
#9957=PLANE('',#11061);
#9958=PLANE('',#11062);
#9959=PLANE('',#11063);
#9960=PLANE('',#11064);
#9961=PLANE('',#11065);
#9962=PLANE('',#11066);
#9963=PLANE('',#11067);
#9964=PLANE('',#11068);
#9965=PLANE('',#11069);
#9966=PLANE('',#11070);
#9967=PLANE('',#11071);
#9968=PLANE('',#11072);
#9969=PLANE('',#11073);
#9970=PLANE('',#11074);
#9971=PLANE('',#11075);
#9972=PLANE('',#11076);
#9973=PLANE('',#11077);
#9974=PLANE('',#11078);
#9975=PLANE('',#11079);
#9976=PLANE('',#11080);
#9977=PLANE('',#11081);
#9978=PLANE('',#11082);
#9979=PLANE('',#11083);
#9980=PLANE('',#11084);
#9981=PLANE('',#11085);
#9982=PLANE('',#11086);
#9983=PLANE('',#11087);
#9984=PLANE('',#11088);
#9985=PLANE('',#11089);
#9986=PLANE('',#11090);
#9987=PLANE('',#11091);
#9988=PLANE('',#11092);
#9989=PLANE('',#11093);
#9990=PLANE('',#11094);
#9991=PLANE('',#11095);
#9992=PLANE('',#11096);
#9993=PLANE('',#11097);
#9994=PLANE('',#11098);
#9995=PLANE('',#11099);
#9996=PLANE('',#11100);
#9997=PLANE('',#11101);
#9998=PLANE('',#11102);
#9999=PLANE('',#11103);
#10000=PLANE('',#11104);
#10001=PLANE('',#11105);
#10002=PLANE('',#11106);
#10003=PLANE('',#11107);
#10004=PLANE('',#11108);
#10005=PLANE('',#11109);
#10006=PLANE('',#11110);
#10007=PLANE('',#11111);
#10008=PLANE('',#11112);
#10009=PLANE('',#11113);
#10010=PLANE('',#11114);
#10011=PLANE('',#11115);
#10012=PLANE('',#11116);
#10013=PLANE('',#11117);
#10014=PLANE('',#11118);
#10015=PLANE('',#11119);
#10016=PLANE('',#11120);
#10017=PLANE('',#11121);
#10018=PLANE('',#11122);
#10019=PLANE('',#11123);
#10020=PLANE('',#11124);
#10021=PLANE('',#11125);
#10022=PLANE('',#11126);
#10023=PLANE('',#11127);
#10024=PLANE('',#11128);
#10025=PLANE('',#11129);
#10026=PLANE('',#11130);
#10027=PLANE('',#11131);
#10028=PLANE('',#11132);
#10029=PLANE('',#11133);
#10030=PLANE('',#11134);
#10031=PLANE('',#11135);
#10032=PLANE('',#11136);
#10033=PLANE('',#11137);
#10034=PLANE('',#11138);
#10035=PLANE('',#11139);
#10036=PLANE('',#11140);
#10037=PLANE('',#11141);
#10038=PLANE('',#11142);
#10039=PLANE('',#11144);
#10040=PLANE('',#11145);
#10041=PLANE('',#11146);
#10042=PLANE('',#11147);
#10043=PLANE('',#11148);
#10044=PLANE('',#11149);
#10045=PLANE('',#11150);
#10046=PLANE('',#11151);
#10047=PLANE('',#11152);
#10048=PLANE('',#11153);
#10049=PLANE('',#11154);
#10050=PLANE('',#11155);
#10051=PLANE('',#11156);
#10052=PLANE('',#11157);
#10053=PLANE('',#11158);
#10054=PLANE('',#11159);
#10055=PLANE('',#11162);
#10056=PLANE('',#11163);
#10057=PLANE('',#11164);
#10058=PLANE('',#11165);
#10059=PLANE('',#11166);
#10060=PLANE('',#11167);
#10061=PLANE('',#11168);
#10062=PLANE('',#11169);
#10063=PLANE('',#11170);
#10064=PLANE('',#11171);
#10065=PLANE('',#11172);
#10066=PLANE('',#11173);
#10067=PLANE('',#11174);
#10068=PLANE('',#11175);
#10069=PLANE('',#11176);
#10070=PLANE('',#11177);
#10071=PLANE('',#11178);
#10072=PLANE('',#11179);
#10073=PLANE('',#11180);
#10074=PLANE('',#11181);
#10075=PLANE('',#11182);
#10076=PLANE('',#11183);
#10077=PLANE('',#11184);
#10078=PLANE('',#11185);
#10079=PLANE('',#11186);
#10080=PLANE('',#11187);
#10081=PLANE('',#11188);
#10082=PLANE('',#11189);
#10083=PLANE('',#11190);
#10084=PLANE('',#11191);
#10085=PLANE('',#11192);
#10086=PLANE('',#11193);
#10087=PLANE('',#11194);
#10088=PLANE('',#11195);
#10089=PLANE('',#11196);
#10090=PLANE('',#11197);
#10091=PLANE('',#11198);
#10092=PLANE('',#11199);
#10093=PLANE('',#11200);
#10094=PLANE('',#11201);
#10095=PLANE('',#11202);
#10096=PLANE('',#11203);
#10097=PLANE('',#11204);
#10098=PLANE('',#11205);
#10099=PLANE('',#11206);
#10100=PLANE('',#11207);
#10101=PLANE('',#11208);
#10102=PLANE('',#11210);
#10103=PLANE('',#11211);
#10104=PLANE('',#11212);
#10105=PLANE('',#11213);
#10106=PLANE('',#11214);
#10107=PLANE('',#11215);
#10108=PLANE('',#11216);
#10109=PLANE('',#11217);
#10110=PLANE('',#11218);
#10111=PLANE('',#11219);
#10112=PLANE('',#11220);
#10113=PLANE('',#11221);
#10114=PLANE('',#11222);
#10115=PLANE('',#11223);
#10116=PLANE('',#11224);
#10117=PLANE('',#11225);
#10118=PLANE('',#11226);
#10119=PLANE('',#11227);
#10120=PLANE('',#11228);
#10121=PLANE('',#11229);
#10122=PLANE('',#11230);
#10123=PLANE('',#11231);
#10124=PLANE('',#11232);
#10125=PLANE('',#11233);
#10126=PLANE('',#11234);
#10127=PLANE('',#11235);
#10128=PLANE('',#11236);
#10129=PLANE('',#11237);
#10130=PLANE('',#11238);
#10131=PLANE('',#11239);
#10132=PLANE('',#11240);
#10133=PLANE('',#11241);
#10134=PLANE('',#11242);
#10135=PLANE('',#11243);
#10136=PLANE('',#11244);
#10137=PLANE('',#11245);
#10138=PLANE('',#11246);
#10139=PLANE('',#11247);
#10140=ADVANCED_FACE('',(#142),#9654,.F.);
#10141=ADVANCED_FACE('',(#143),#9655,.F.);
#10142=ADVANCED_FACE('',(#144),#9656,.T.);
#10143=ADVANCED_FACE('',(#145),#9657,.T.);
#10144=ADVANCED_FACE('',(#146),#9658,.T.);
#10145=ADVANCED_FACE('',(#147),#9659,.T.);
#10146=ADVANCED_FACE('',(#148),#9660,.T.);
#10147=ADVANCED_FACE('',(#149),#9661,.T.);
#10148=ADVANCED_FACE('',(#150),#9662,.T.);
#10149=ADVANCED_FACE('',(#151),#9663,.T.);
#10150=ADVANCED_FACE('',(#152),#9664,.T.);
#10151=ADVANCED_FACE('',(#153),#9665,.T.);
#10152=ADVANCED_FACE('',(#154),#64,.T.);
#10153=ADVANCED_FACE('',(#155),#65,.T.);
#10154=ADVANCED_FACE('',(#156),#9666,.T.);
#10155=ADVANCED_FACE('',(#157),#9667,.F.);
#10156=ADVANCED_FACE('',(#158),#66,.T.);
#10157=ADVANCED_FACE('',(#159),#9668,.F.);
#10158=ADVANCED_FACE('',(#160),#9669,.T.);
#10159=ADVANCED_FACE('',(#161),#9670,.F.);
#10160=ADVANCED_FACE('',(#162),#9671,.F.);
#10161=ADVANCED_FACE('',(#163),#9672,.F.);
#10162=ADVANCED_FACE('',(#164),#9673,.F.);
#10163=ADVANCED_FACE('',(#165),#9674,.F.);
#10164=ADVANCED_FACE('',(#166),#9675,.F.);
#10165=ADVANCED_FACE('',(#167),#9676,.F.);
#10166=ADVANCED_FACE('',(#168),#9677,.F.);
#10167=ADVANCED_FACE('',(#169),#9678,.F.);
#10168=ADVANCED_FACE('',(#170),#9679,.F.);
#10169=ADVANCED_FACE('',(#171),#9680,.F.);
#10170=ADVANCED_FACE('',(#172),#9681,.F.);
#10171=ADVANCED_FACE('',(#173),#9682,.F.);
#10172=ADVANCED_FACE('',(#174),#9683,.F.);
#10173=ADVANCED_FACE('',(#175),#9684,.F.);
#10174=ADVANCED_FACE('',(#176),#9685,.F.);
#10175=ADVANCED_FACE('',(#177),#9686,.T.);
#10176=ADVANCED_FACE('',(#178),#9687,.T.);
#10177=ADVANCED_FACE('',(#179),#9688,.T.);
#10178=ADVANCED_FACE('',(#180),#9689,.F.);
#10179=ADVANCED_FACE('',(#181),#9690,.F.);
#10180=ADVANCED_FACE('',(#182),#9691,.F.);
#10181=ADVANCED_FACE('',(#183,#38),#67,.F.);
#10182=ADVANCED_FACE('',(#184),#9692,.F.);
#10183=ADVANCED_FACE('',(#185),#9693,.T.);
#10184=ADVANCED_FACE('',(#186),#9694,.T.);
#10185=ADVANCED_FACE('',(#187),#9695,.F.);
#10186=ADVANCED_FACE('',(#188),#9696,.F.);
#10187=ADVANCED_FACE('',(#189),#9697,.F.);
#10188=ADVANCED_FACE('',(#190),#9698,.T.);
#10189=ADVANCED_FACE('',(#191),#9699,.T.);
#10190=ADVANCED_FACE('',(#192),#9700,.T.);
#10191=ADVANCED_FACE('',(#193),#9701,.T.);
#10192=ADVANCED_FACE('',(#194),#9702,.F.);
#10193=ADVANCED_FACE('',(#195),#68,.F.);
#10194=ADVANCED_FACE('',(#196),#9703,.F.);
#10195=ADVANCED_FACE('',(#197),#9704,.T.);
#10196=ADVANCED_FACE('',(#198),#9705,.T.);
#10197=ADVANCED_FACE('',(#199),#9706,.T.);
#10198=ADVANCED_FACE('',(#200),#9707,.T.);
#10199=ADVANCED_FACE('',(#201),#9708,.T.);
#10200=ADVANCED_FACE('',(#202),#9709,.F.);
#10201=ADVANCED_FACE('',(#203),#9710,.F.);
#10202=ADVANCED_FACE('',(#204),#9711,.F.);
#10203=ADVANCED_FACE('',(#205),#9712,.T.);
#10204=ADVANCED_FACE('',(#206),#69,.T.);
#10205=ADVANCED_FACE('',(#207),#9713,.T.);
#10206=ADVANCED_FACE('',(#208),#9714,.F.);
#10207=ADVANCED_FACE('',(#209),#9715,.F.);
#10208=ADVANCED_FACE('',(#210),#70,.F.);
#10209=ADVANCED_FACE('',(#211),#9716,.F.);
#10210=ADVANCED_FACE('',(#212),#9717,.F.);
#10211=ADVANCED_FACE('',(#213),#71,.F.);
#10212=ADVANCED_FACE('',(#214),#9718,.F.);
#10213=ADVANCED_FACE('',(#215),#9719,.F.);
#10214=ADVANCED_FACE('',(#216),#9720,.F.);
#10215=ADVANCED_FACE('',(#217),#9721,.T.);
#10216=ADVANCED_FACE('',(#218),#9722,.F.);
#10217=ADVANCED_FACE('',(#219),#9723,.F.);
#10218=ADVANCED_FACE('',(#220),#9724,.F.);
#10219=ADVANCED_FACE('',(#221),#9725,.F.);
#10220=ADVANCED_FACE('',(#222),#9726,.F.);
#10221=ADVANCED_FACE('',(#223),#9727,.F.);
#10222=ADVANCED_FACE('',(#224),#72,.F.);
#10223=ADVANCED_FACE('',(#225),#73,.F.);
#10224=ADVANCED_FACE('',(#226),#9728,.T.);
#10225=ADVANCED_FACE('',(#227),#9729,.T.);
#10226=ADVANCED_FACE('',(#228),#9730,.F.);
#10227=ADVANCED_FACE('',(#229),#9731,.F.);
#10228=ADVANCED_FACE('',(#230,#39),#74,.F.);
#10229=ADVANCED_FACE('',(#231),#9732,.T.);
#10230=ADVANCED_FACE('',(#232),#75,.T.);
#10231=ADVANCED_FACE('',(#233),#9733,.F.);
#10232=ADVANCED_FACE('',(#234),#9734,.T.);
#10233=ADVANCED_FACE('',(#235),#9735,.T.);
#10234=ADVANCED_FACE('',(#236),#9736,.T.);
#10235=ADVANCED_FACE('',(#237),#9737,.F.);
#10236=ADVANCED_FACE('',(#238),#9738,.F.);
#10237=ADVANCED_FACE('',(#239),#9739,.F.);
#10238=ADVANCED_FACE('',(#240),#9740,.T.);
#10239=ADVANCED_FACE('',(#241),#9741,.F.);
#10240=ADVANCED_FACE('',(#242),#9742,.F.);
#10241=ADVANCED_FACE('',(#243),#9743,.F.);
#10242=ADVANCED_FACE('',(#244),#9744,.F.);
#10243=ADVANCED_FACE('',(#245),#9745,.F.);
#10244=ADVANCED_FACE('',(#246),#9746,.F.);
#10245=ADVANCED_FACE('',(#247),#9747,.F.);
#10246=ADVANCED_FACE('',(#248),#9748,.F.);
#10247=ADVANCED_FACE('',(#249),#9749,.F.);
#10248=ADVANCED_FACE('',(#250),#9750,.F.);
#10249=ADVANCED_FACE('',(#251),#9751,.F.);
#10250=ADVANCED_FACE('',(#252),#9752,.F.);
#10251=ADVANCED_FACE('',(#253),#9753,.T.);
#10252=ADVANCED_FACE('',(#254),#9754,.F.);
#10253=ADVANCED_FACE('',(#255),#9755,.F.);
#10254=ADVANCED_FACE('',(#256),#9756,.F.);
#10255=ADVANCED_FACE('',(#257),#9757,.T.);
#10256=ADVANCED_FACE('',(#258),#9758,.F.);
#10257=ADVANCED_FACE('',(#259),#9759,.F.);
#10258=ADVANCED_FACE('',(#260),#9760,.T.);
#10259=ADVANCED_FACE('',(#261),#9761,.F.);
#10260=ADVANCED_FACE('',(#262),#9762,.F.);
#10261=ADVANCED_FACE('',(#263),#9763,.F.);
#10262=ADVANCED_FACE('',(#264),#9764,.F.);
#10263=ADVANCED_FACE('',(#265),#9765,.F.);
#10264=ADVANCED_FACE('',(#266),#9766,.T.);
#10265=ADVANCED_FACE('',(#267),#9767,.F.);
#10266=ADVANCED_FACE('',(#268),#9768,.T.);
#10267=ADVANCED_FACE('',(#269),#9769,.T.);
#10268=ADVANCED_FACE('',(#270),#9770,.F.);
#10269=ADVANCED_FACE('',(#271),#9771,.F.);
#10270=ADVANCED_FACE('',(#272),#9772,.T.);
#10271=ADVANCED_FACE('',(#273),#9773,.T.);
#10272=ADVANCED_FACE('',(#274),#9774,.T.);
#10273=ADVANCED_FACE('',(#275),#9775,.T.);
#10274=ADVANCED_FACE('',(#276),#9776,.F.);
#10275=ADVANCED_FACE('',(#277),#9777,.F.);
#10276=ADVANCED_FACE('',(#278),#9778,.F.);
#10277=ADVANCED_FACE('',(#279,#40),#76,.T.);
#10278=ADVANCED_FACE('',(#280),#27,.F.);
#10279=ADVANCED_FACE('',(#281),#9779,.F.);
#10280=ADVANCED_FACE('',(#282),#9780,.F.);
#10281=ADVANCED_FACE('',(#283),#9781,.F.);
#10282=ADVANCED_FACE('',(#284),#9782,.F.);
#10283=ADVANCED_FACE('',(#285),#9783,.F.);
#10284=ADVANCED_FACE('',(#286),#9784,.F.);
#10285=ADVANCED_FACE('',(#287),#9785,.F.);
#10286=ADVANCED_FACE('',(#288),#9786,.F.);
#10287=ADVANCED_FACE('',(#289),#9787,.F.);
#10288=ADVANCED_FACE('',(#290),#9788,.F.);
#10289=ADVANCED_FACE('',(#291,#41),#9789,.F.);
#10290=ADVANCED_FACE('',(#292),#9790,.F.);
#10291=ADVANCED_FACE('',(#293),#77,.F.);
#10292=ADVANCED_FACE('',(#294),#9791,.T.);
#10293=ADVANCED_FACE('',(#295),#78,.F.);
#10294=ADVANCED_FACE('',(#296),#9792,.F.);
#10295=ADVANCED_FACE('',(#297),#9793,.F.);
#10296=ADVANCED_FACE('',(#298),#9794,.F.);
#10297=ADVANCED_FACE('',(#299),#9795,.F.);
#10298=ADVANCED_FACE('',(#300),#9796,.F.);
#10299=ADVANCED_FACE('',(#301),#9797,.F.);
#10300=ADVANCED_FACE('',(#302),#9798,.F.);
#10301=ADVANCED_FACE('',(#303),#9799,.F.);
#10302=ADVANCED_FACE('',(#304),#9800,.F.);
#10303=ADVANCED_FACE('',(#305),#9801,.F.);
#10304=ADVANCED_FACE('',(#306),#9802,.T.);
#10305=ADVANCED_FACE('',(#307),#9803,.T.);
#10306=ADVANCED_FACE('',(#308),#9804,.F.);
#10307=ADVANCED_FACE('',(#309),#9805,.F.);
#10308=ADVANCED_FACE('',(#310),#9806,.T.);
#10309=ADVANCED_FACE('',(#311),#9807,.F.);
#10310=ADVANCED_FACE('',(#312),#9808,.T.);
#10311=ADVANCED_FACE('',(#313),#9809,.T.);
#10312=ADVANCED_FACE('',(#314),#9810,.F.);
#10313=ADVANCED_FACE('',(#315),#9811,.F.);
#10314=ADVANCED_FACE('',(#316),#9812,.F.);
#10315=ADVANCED_FACE('',(#317,#42),#9813,.F.);
#10316=ADVANCED_FACE('',(#318),#9814,.F.);
#10317=ADVANCED_FACE('',(#319),#9815,.F.);
#10318=ADVANCED_FACE('',(#320),#9816,.F.);
#10319=ADVANCED_FACE('',(#321),#9817,.F.);
#10320=ADVANCED_FACE('',(#322),#9818,.F.);
#10321=ADVANCED_FACE('',(#323),#9819,.F.);
#10322=ADVANCED_FACE('',(#324),#9820,.T.);
#10323=ADVANCED_FACE('',(#325),#9821,.T.);
#10324=ADVANCED_FACE('',(#326),#9822,.F.);
#10325=ADVANCED_FACE('',(#327),#9823,.F.);
#10326=ADVANCED_FACE('',(#328),#9824,.F.);
#10327=ADVANCED_FACE('',(#329),#9825,.F.);
#10328=ADVANCED_FACE('',(#330),#9826,.F.);
#10329=ADVANCED_FACE('',(#331),#9827,.F.);
#10330=ADVANCED_FACE('',(#332),#9828,.F.);
#10331=ADVANCED_FACE('',(#333),#9829,.F.);
#10332=ADVANCED_FACE('',(#334),#9830,.F.);
#10333=ADVANCED_FACE('',(#335),#9831,.F.);
#10334=ADVANCED_FACE('',(#336),#9832,.F.);
#10335=ADVANCED_FACE('',(#337),#9833,.F.);
#10336=ADVANCED_FACE('',(#338),#9834,.F.);
#10337=ADVANCED_FACE('',(#339),#9835,.F.);
#10338=ADVANCED_FACE('',(#340),#9836,.F.);
#10339=ADVANCED_FACE('',(#341),#9837,.T.);
#10340=ADVANCED_FACE('',(#342),#9838,.T.);
#10341=ADVANCED_FACE('',(#343),#9839,.T.);
#10342=ADVANCED_FACE('',(#344),#9840,.T.);
#10343=ADVANCED_FACE('',(#345),#9841,.T.);
#10344=ADVANCED_FACE('',(#346),#9842,.T.);
#10345=ADVANCED_FACE('',(#347,#43,#44,#45,#46),#9843,.F.);
#10346=ADVANCED_FACE('',(#348),#9844,.T.);
#10347=ADVANCED_FACE('',(#349),#9845,.F.);
#10348=ADVANCED_FACE('',(#350),#9846,.T.);
#10349=ADVANCED_FACE('',(#351),#9847,.T.);
#10350=ADVANCED_FACE('',(#352),#9848,.T.);
#10351=ADVANCED_FACE('',(#353),#9849,.T.);
#10352=ADVANCED_FACE('',(#354),#9850,.T.);
#10353=ADVANCED_FACE('',(#355),#9851,.F.);
#10354=ADVANCED_FACE('',(#356),#9852,.F.);
#10355=ADVANCED_FACE('',(#357),#9853,.T.);
#10356=ADVANCED_FACE('',(#358),#9854,.T.);
#10357=ADVANCED_FACE('',(#359),#9855,.T.);
#10358=ADVANCED_FACE('',(#360),#9856,.T.);
#10359=ADVANCED_FACE('',(#361),#9857,.T.);
#10360=ADVANCED_FACE('',(#362),#9858,.T.);
#10361=ADVANCED_FACE('',(#363),#9859,.T.);
#10362=ADVANCED_FACE('',(#364),#9860,.T.);
#10363=ADVANCED_FACE('',(#365),#9861,.T.);
#10364=ADVANCED_FACE('',(#366),#9862,.T.);
#10365=ADVANCED_FACE('',(#367),#9863,.T.);
#10366=ADVANCED_FACE('',(#368),#9864,.T.);
#10367=ADVANCED_FACE('',(#369),#9865,.T.);
#10368=ADVANCED_FACE('',(#370),#9866,.T.);
#10369=ADVANCED_FACE('',(#371),#9867,.T.);
#10370=ADVANCED_FACE('',(#372),#9868,.T.);
#10371=ADVANCED_FACE('',(#373),#9869,.T.);
#10372=ADVANCED_FACE('',(#374),#9870,.T.);
#10373=ADVANCED_FACE('',(#375),#9871,.T.);
#10374=ADVANCED_FACE('',(#376),#9872,.T.);
#10375=ADVANCED_FACE('',(#377),#9873,.T.);
#10376=ADVANCED_FACE('',(#378),#9874,.T.);
#10377=ADVANCED_FACE('',(#379),#9875,.T.);
#10378=ADVANCED_FACE('',(#380),#79,.F.);
#10379=ADVANCED_FACE('',(#381),#9876,.T.);
#10380=ADVANCED_FACE('',(#382),#9877,.T.);
#10381=ADVANCED_FACE('',(#383),#9878,.T.);
#10382=ADVANCED_FACE('',(#384),#9879,.T.);
#10383=ADVANCED_FACE('',(#385),#9880,.T.);
#10384=ADVANCED_FACE('',(#386),#9881,.T.);
#10385=ADVANCED_FACE('',(#387),#9882,.T.);
#10386=ADVANCED_FACE('',(#388),#9883,.T.);
#10387=ADVANCED_FACE('',(#389),#9884,.F.);
#10388=ADVANCED_FACE('',(#390),#9885,.F.);
#10389=ADVANCED_FACE('',(#391),#9886,.T.);
#10390=ADVANCED_FACE('',(#392),#9887,.T.);
#10391=ADVANCED_FACE('',(#393),#9888,.T.);
#10392=ADVANCED_FACE('',(#394),#9889,.T.);
#10393=ADVANCED_FACE('',(#395),#9890,.T.);
#10394=ADVANCED_FACE('',(#396),#9891,.T.);
#10395=ADVANCED_FACE('',(#397),#9892,.T.);
#10396=ADVANCED_FACE('',(#398),#9893,.T.);
#10397=ADVANCED_FACE('',(#399),#9894,.T.);
#10398=ADVANCED_FACE('',(#400),#9895,.T.);
#10399=ADVANCED_FACE('',(#401),#9896,.T.);
#10400=ADVANCED_FACE('',(#402),#9897,.T.);
#10401=ADVANCED_FACE('',(#403),#9898,.T.);
#10402=ADVANCED_FACE('',(#404),#9899,.F.);
#10403=ADVANCED_FACE('',(#405),#9900,.T.);
#10404=ADVANCED_FACE('',(#406),#9901,.T.);
#10405=ADVANCED_FACE('',(#407),#9902,.T.);
#10406=ADVANCED_FACE('',(#408),#9903,.T.);
#10407=ADVANCED_FACE('',(#409),#9904,.T.);
#10408=ADVANCED_FACE('',(#410),#9905,.F.);
#10409=ADVANCED_FACE('',(#411),#9906,.T.);
#10410=ADVANCED_FACE('',(#412),#9907,.T.);
#10411=ADVANCED_FACE('',(#413),#9908,.T.);
#10412=ADVANCED_FACE('',(#414),#80,.F.);
#10413=ADVANCED_FACE('',(#415),#9909,.T.);
#10414=ADVANCED_FACE('',(#416),#9910,.T.);
#10415=ADVANCED_FACE('',(#417),#9911,.T.);
#10416=ADVANCED_FACE('',(#418),#9912,.T.);
#10417=ADVANCED_FACE('',(#419),#9913,.T.);
#10418=ADVANCED_FACE('',(#420),#9914,.T.);
#10419=ADVANCED_FACE('',(#421),#9915,.T.);
#10420=ADVANCED_FACE('',(#422),#9916,.T.);
#10421=ADVANCED_FACE('',(#423),#9917,.T.);
#10422=ADVANCED_FACE('',(#424),#9918,.T.);
#10423=ADVANCED_FACE('',(#425),#9919,.T.);
#10424=ADVANCED_FACE('',(#426,#47,#48,#49,#50),#9920,.T.);
#10425=ADVANCED_FACE('',(#427),#9921,.T.);
#10426=ADVANCED_FACE('',(#428),#9922,.T.);
#10427=ADVANCED_FACE('',(#429),#9923,.T.);
#10428=ADVANCED_FACE('',(#430),#9924,.T.);
#10429=ADVANCED_FACE('',(#431),#9925,.T.);
#10430=ADVANCED_FACE('',(#432),#9926,.T.);
#10431=ADVANCED_FACE('',(#433),#9927,.T.);
#10432=ADVANCED_FACE('',(#434),#9928,.T.);
#10433=ADVANCED_FACE('',(#435),#9929,.T.);
#10434=ADVANCED_FACE('',(#436),#9930,.T.);
#10435=ADVANCED_FACE('',(#437),#9931,.T.);
#10436=ADVANCED_FACE('',(#438),#9932,.T.);
#10437=ADVANCED_FACE('',(#439),#81,.F.);
#10438=ADVANCED_FACE('',(#440),#9933,.T.);
#10439=ADVANCED_FACE('',(#441),#9934,.T.);
#10440=ADVANCED_FACE('',(#442),#9935,.F.);
#10441=ADVANCED_FACE('',(#443),#9936,.F.);
#10442=ADVANCED_FACE('',(#444),#9937,.F.);
#10443=ADVANCED_FACE('',(#445),#9938,.T.);
#10444=ADVANCED_FACE('',(#446),#9939,.F.);
#10445=ADVANCED_FACE('',(#447),#9940,.T.);
#10446=ADVANCED_FACE('',(#448),#9941,.T.);
#10447=ADVANCED_FACE('',(#449),#9942,.T.);
#10448=ADVANCED_FACE('',(#450),#9943,.F.);
#10449=ADVANCED_FACE('',(#451),#9944,.T.);
#10450=ADVANCED_FACE('',(#452),#9945,.T.);
#10451=ADVANCED_FACE('',(#453),#9946,.T.);
#10452=ADVANCED_FACE('',(#454),#9947,.F.);
#10453=ADVANCED_FACE('',(#455),#9948,.F.);
#10454=ADVANCED_FACE('',(#456),#9949,.T.);
#10455=ADVANCED_FACE('',(#457),#9950,.T.);
#10456=ADVANCED_FACE('',(#458),#9951,.F.);
#10457=ADVANCED_FACE('',(#459),#9952,.T.);
#10458=ADVANCED_FACE('',(#460),#9953,.F.);
#10459=ADVANCED_FACE('',(#461),#9954,.F.);
#10460=ADVANCED_FACE('',(#462),#9955,.T.);
#10461=ADVANCED_FACE('',(#463),#9956,.T.);
#10462=ADVANCED_FACE('',(#464),#9957,.T.);
#10463=ADVANCED_FACE('',(#465),#9958,.T.);
#10464=ADVANCED_FACE('',(#466),#9959,.T.);
#10465=ADVANCED_FACE('',(#467),#9960,.T.);
#10466=ADVANCED_FACE('',(#468),#9961,.T.);
#10467=ADVANCED_FACE('',(#469),#9962,.T.);
#10468=ADVANCED_FACE('',(#470),#9963,.T.);
#10469=ADVANCED_FACE('',(#471),#9964,.T.);
#10470=ADVANCED_FACE('',(#472),#9965,.F.);
#10471=ADVANCED_FACE('',(#473),#9966,.T.);
#10472=ADVANCED_FACE('',(#474),#9967,.F.);
#10473=ADVANCED_FACE('',(#475),#9968,.T.);
#10474=ADVANCED_FACE('',(#476),#9969,.T.);
#10475=ADVANCED_FACE('',(#477),#9970,.T.);
#10476=ADVANCED_FACE('',(#478),#9971,.T.);
#10477=ADVANCED_FACE('',(#479),#9972,.T.);
#10478=ADVANCED_FACE('',(#480),#9973,.T.);
#10479=ADVANCED_FACE('',(#481),#9974,.T.);
#10480=ADVANCED_FACE('',(#482),#9975,.T.);
#10481=ADVANCED_FACE('',(#483),#9976,.F.);
#10482=ADVANCED_FACE('',(#484),#9977,.T.);
#10483=ADVANCED_FACE('',(#485),#9978,.F.);
#10484=ADVANCED_FACE('',(#486),#9979,.F.);
#10485=ADVANCED_FACE('',(#487),#9980,.F.);
#10486=ADVANCED_FACE('',(#488),#9981,.T.);
#10487=ADVANCED_FACE('',(#489),#9982,.T.);
#10488=ADVANCED_FACE('',(#490),#9983,.T.);
#10489=ADVANCED_FACE('',(#491),#9984,.T.);
#10490=ADVANCED_FACE('',(#492),#9985,.T.);
#10491=ADVANCED_FACE('',(#493),#9986,.F.);
#10492=ADVANCED_FACE('',(#494),#9987,.T.);
#10493=ADVANCED_FACE('',(#495),#9988,.F.);
#10494=ADVANCED_FACE('',(#496),#9989,.F.);
#10495=ADVANCED_FACE('',(#497),#9990,.T.);
#10496=ADVANCED_FACE('',(#498),#9991,.F.);
#10497=ADVANCED_FACE('',(#499),#9992,.T.);
#10498=ADVANCED_FACE('',(#500),#9993,.F.);
#10499=ADVANCED_FACE('',(#501),#9994,.T.);
#10500=ADVANCED_FACE('',(#502),#9995,.T.);
#10501=ADVANCED_FACE('',(#503),#9996,.T.);
#10502=ADVANCED_FACE('',(#504),#9997,.T.);
#10503=ADVANCED_FACE('',(#505),#9998,.T.);
#10504=ADVANCED_FACE('',(#506),#9999,.T.);
#10505=ADVANCED_FACE('',(#507),#10000,.T.);
#10506=ADVANCED_FACE('',(#508),#10001,.T.);
#10507=ADVANCED_FACE('',(#509),#10002,.T.);
#10508=ADVANCED_FACE('',(#510),#10003,.T.);
#10509=ADVANCED_FACE('',(#511),#10004,.T.);
#10510=ADVANCED_FACE('',(#512),#10005,.T.);
#10511=ADVANCED_FACE('',(#513),#10006,.F.);
#10512=ADVANCED_FACE('',(#514),#10007,.F.);
#10513=ADVANCED_FACE('',(#515),#10008,.F.);
#10514=ADVANCED_FACE('',(#516),#10009,.F.);
#10515=ADVANCED_FACE('',(#517),#10010,.T.);
#10516=ADVANCED_FACE('',(#518),#10011,.T.);
#10517=ADVANCED_FACE('',(#519),#10012,.T.);
#10518=ADVANCED_FACE('',(#520),#10013,.T.);
#10519=ADVANCED_FACE('',(#521),#10014,.T.);
#10520=ADVANCED_FACE('',(#522),#10015,.T.);
#10521=ADVANCED_FACE('',(#523),#10016,.T.);
#10522=ADVANCED_FACE('',(#524),#10017,.T.);
#10523=ADVANCED_FACE('',(#525),#10018,.T.);
#10524=ADVANCED_FACE('',(#526),#10019,.T.);
#10525=ADVANCED_FACE('',(#527),#10020,.T.);
#10526=ADVANCED_FACE('',(#528),#10021,.T.);
#10527=ADVANCED_FACE('',(#529),#10022,.T.);
#10528=ADVANCED_FACE('',(#530),#10023,.T.);
#10529=ADVANCED_FACE('',(#531),#10024,.T.);
#10530=ADVANCED_FACE('',(#532),#10025,.T.);
#10531=ADVANCED_FACE('',(#533),#10026,.T.);
#10532=ADVANCED_FACE('',(#534),#10027,.T.);
#10533=ADVANCED_FACE('',(#535),#10028,.F.);
#10534=ADVANCED_FACE('',(#536),#10029,.T.);
#10535=ADVANCED_FACE('',(#537),#10030,.T.);
#10536=ADVANCED_FACE('',(#538),#10031,.T.);
#10537=ADVANCED_FACE('',(#539),#10032,.T.);
#10538=ADVANCED_FACE('',(#540),#10033,.T.);
#10539=ADVANCED_FACE('',(#541),#10034,.T.);
#10540=ADVANCED_FACE('',(#542),#10035,.T.);
#10541=ADVANCED_FACE('',(#543),#10036,.T.);
#10542=ADVANCED_FACE('',(#544),#10037,.T.);
#10543=ADVANCED_FACE('',(#545,#51),#10038,.T.);
#10544=ADVANCED_FACE('',(#546),#10039,.T.);
#10545=ADVANCED_FACE('',(#547),#10040,.T.);
#10546=ADVANCED_FACE('',(#548),#10041,.T.);
#10547=ADVANCED_FACE('',(#549),#10042,.T.);
#10548=ADVANCED_FACE('',(#550),#10043,.T.);
#10549=ADVANCED_FACE('',(#551),#10044,.T.);
#10550=ADVANCED_FACE('',(#552),#10045,.T.);
#10551=ADVANCED_FACE('',(#553),#10046,.T.);
#10552=ADVANCED_FACE('',(#554),#10047,.T.);
#10553=ADVANCED_FACE('',(#555),#10048,.T.);
#10554=ADVANCED_FACE('',(#556),#10049,.F.);
#10555=ADVANCED_FACE('',(#557),#10050,.T.);
#10556=ADVANCED_FACE('',(#558),#10051,.T.);
#10557=ADVANCED_FACE('',(#559),#10052,.T.);
#10558=ADVANCED_FACE('',(#560),#10053,.T.);
#10559=ADVANCED_FACE('',(#561),#10054,.T.);
#10560=ADVANCED_FACE('',(#562),#82,.T.);
#10561=ADVANCED_FACE('',(#563),#10055,.T.);
#10562=ADVANCED_FACE('',(#564),#10056,.T.);
#10563=ADVANCED_FACE('',(#565),#10057,.T.);
#10564=ADVANCED_FACE('',(#566),#10058,.T.);
#10565=ADVANCED_FACE('',(#567),#10059,.T.);
#10566=ADVANCED_FACE('',(#568),#10060,.T.);
#10567=ADVANCED_FACE('',(#569),#10061,.T.);
#10568=ADVANCED_FACE('',(#570),#10062,.T.);
#10569=ADVANCED_FACE('',(#571),#10063,.T.);
#10570=ADVANCED_FACE('',(#572),#10064,.T.);
#10571=ADVANCED_FACE('',(#573),#10065,.F.);
#10572=ADVANCED_FACE('',(#574),#10066,.F.);
#10573=ADVANCED_FACE('',(#575),#10067,.F.);
#10574=ADVANCED_FACE('',(#576),#10068,.F.);
#10575=ADVANCED_FACE('',(#577),#10069,.F.);
#10576=ADVANCED_FACE('',(#578),#10070,.F.);
#10577=ADVANCED_FACE('',(#579),#10071,.F.);
#10578=ADVANCED_FACE('',(#580),#10072,.F.);
#10579=ADVANCED_FACE('',(#581),#10073,.F.);
#10580=ADVANCED_FACE('',(#582),#10074,.F.);
#10581=ADVANCED_FACE('',(#583),#10075,.F.);
#10582=ADVANCED_FACE('',(#584),#10076,.F.);
#10583=ADVANCED_FACE('',(#585),#10077,.F.);
#10584=ADVANCED_FACE('',(#586),#10078,.F.);
#10585=ADVANCED_FACE('',(#587),#10079,.F.);
#10586=ADVANCED_FACE('',(#588),#10080,.F.);
#10587=ADVANCED_FACE('',(#589),#10081,.F.);
#10588=ADVANCED_FACE('',(#590,#52),#10082,.T.);
#10589=ADVANCED_FACE('',(#591),#10083,.T.);
#10590=ADVANCED_FACE('',(#592,#53),#10084,.T.);
#10591=ADVANCED_FACE('',(#593),#10085,.T.);
#10592=ADVANCED_FACE('',(#594),#10086,.T.);
#10593=ADVANCED_FACE('',(#595),#10087,.T.);
#10594=ADVANCED_FACE('',(#596),#10088,.T.);
#10595=ADVANCED_FACE('',(#597),#10089,.T.);
#10596=ADVANCED_FACE('',(#598),#10090,.T.);
#10597=ADVANCED_FACE('',(#599,#54,#55,#56),#10091,.T.);
#10598=ADVANCED_FACE('',(#600),#10092,.T.);
#10599=ADVANCED_FACE('',(#601,#57),#10093,.T.);
#10600=ADVANCED_FACE('',(#602),#10094,.T.);
#10601=ADVANCED_FACE('',(#603),#10095,.T.);
#10602=ADVANCED_FACE('',(#604,#58,#59,#60,#61),#10096,.F.);
#10603=ADVANCED_FACE('',(#605),#10097,.F.);
#10604=ADVANCED_FACE('',(#606),#10098,.T.);
#10605=ADVANCED_FACE('',(#607),#10099,.T.);
#10606=ADVANCED_FACE('',(#608),#10100,.T.);
#10607=ADVANCED_FACE('',(#609),#10101,.T.);
#10608=ADVANCED_FACE('',(#610),#10102,.T.);
#10609=ADVANCED_FACE('',(#611),#10103,.T.);
#10610=ADVANCED_FACE('',(#612),#10104,.F.);
#10611=ADVANCED_FACE('',(#613),#10105,.F.);
#10612=ADVANCED_FACE('',(#614),#10106,.F.);
#10613=ADVANCED_FACE('',(#615),#10107,.F.);
#10614=ADVANCED_FACE('',(#616),#10108,.F.);
#10615=ADVANCED_FACE('',(#617),#10109,.F.);
#10616=ADVANCED_FACE('',(#618),#10110,.F.);
#10617=ADVANCED_FACE('',(#619),#10111,.F.);
#10618=ADVANCED_FACE('',(#620),#10112,.T.);
#10619=ADVANCED_FACE('',(#621),#10113,.T.);
#10620=ADVANCED_FACE('',(#622),#10114,.T.);
#10621=ADVANCED_FACE('',(#623),#10115,.F.);
#10622=ADVANCED_FACE('',(#624),#10116,.F.);
#10623=ADVANCED_FACE('',(#625),#10117,.F.);
#10624=ADVANCED_FACE('',(#626),#10118,.F.);
#10625=ADVANCED_FACE('',(#627),#10119,.F.);
#10626=ADVANCED_FACE('',(#628),#10120,.F.);
#10627=ADVANCED_FACE('',(#629),#10121,.F.);
#10628=ADVANCED_FACE('',(#630),#10122,.F.);
#10629=ADVANCED_FACE('',(#631),#10123,.F.);
#10630=ADVANCED_FACE('',(#632),#10124,.F.);
#10631=ADVANCED_FACE('',(#633),#10125,.F.);
#10632=ADVANCED_FACE('',(#634),#10126,.F.);
#10633=ADVANCED_FACE('',(#635),#10127,.F.);
#10634=ADVANCED_FACE('',(#636),#10128,.F.);
#10635=ADVANCED_FACE('',(#637),#10129,.F.);
#10636=ADVANCED_FACE('',(#638),#10130,.F.);
#10637=ADVANCED_FACE('',(#639),#10131,.F.);
#10638=ADVANCED_FACE('',(#640),#10132,.F.);
#10639=ADVANCED_FACE('',(#641),#10133,.F.);
#10640=ADVANCED_FACE('',(#642),#10134,.F.);
#10641=ADVANCED_FACE('',(#643),#10135,.F.);
#10642=ADVANCED_FACE('',(#644),#10136,.T.);
#10643=ADVANCED_FACE('',(#645),#10137,.T.);
#10644=ADVANCED_FACE('',(#646),#10138,.T.);
#10645=ADVANCED_FACE('',(#647),#10139,.F.);
#10646=CLOSED_SHELL('',(#10140,#10141,#10142,#10143,#10144,#10145,#10146,
#10147,#10148,#10149,#10150,#10151,#10152,#10153,#10154,#10155,#10156,#10157,
#10158,#10159,#10160,#10161,#10162,#10163,#10164,#10165,#10166,#10167,#10168,
#10169,#10170,#10171,#10172,#10173,#10174,#10175,#10176,#10177,#10178,#10179,
#10180,#10181,#10182,#10183,#10184,#10185,#10186,#10187,#10188,#10189,#10190,
#10191,#10192,#10193,#10194,#10195,#10196,#10197,#10198,#10199,#10200,#10201,
#10202,#10203,#10204,#10205,#10206,#10207,#10208,#10209,#10210,#10211,#10212,
#10213,#10214,#10215,#10216,#10217,#10218,#10219,#10220,#10221,#10222,#10223,
#10224,#10225,#10226,#10227,#10228,#10229,#10230,#10231,#10232,#10233,#10234,
#10235,#10236,#10237,#10238,#10239,#10240,#10241,#10242,#10243,#10244,#10245,
#10246,#10247,#10248,#10249,#10250,#10251,#10252,#10253,#10254,#10255,#10256,
#10257,#10258,#10259,#10260,#10261,#10262,#10263,#10264,#10265,#10266,#10267,
#10268,#10269,#10270,#10271,#10272,#10273,#10274,#10275,#10276,#10277,#10278,
#10279,#10280,#10281,#10282,#10283,#10284,#10285,#10286,#10287,#10288,#10289,
#10290,#10291,#10292,#10293,#10294,#10295,#10296,#10297,#10298,#10299,#10300,
#10301,#10302,#10303,#10304,#10305,#10306,#10307,#10308,#10309,#10310,#10311,
#10312,#10313,#10314,#10315,#10316,#10317,#10318,#10319,#10320,#10321,#10322,
#10323,#10324,#10325,#10326,#10327,#10328,#10329,#10330,#10331,#10332,#10333,
#10334,#10335,#10336,#10337,#10338,#10339,#10340,#10341,#10342,#10343,#10344,
#10345,#10346,#10347,#10348,#10349,#10350,#10351,#10352,#10353,#10354,#10355,
#10356,#10357,#10358,#10359,#10360,#10361,#10362,#10363,#10364,#10365,#10366,
#10367,#10368,#10369,#10370,#10371,#10372,#10373,#10374,#10375,#10376,#10377,
#10378,#10379,#10380,#10381,#10382,#10383,#10384,#10385,#10386,#10387,#10388,
#10389,#10390,#10391,#10392,#10393,#10394,#10395,#10396,#10397,#10398,#10399,
#10400,#10401,#10402,#10403,#10404,#10405,#10406,#10407,#10408,#10409,#10410,
#10411,#10412,#10413,#10414,#10415,#10416,#10417,#10418,#10419,#10420,#10421,
#10422,#10423,#10424,#10425,#10426,#10427,#10428,#10429,#10430,#10431,#10432,
#10433,#10434,#10435,#10436,#10437,#10438,#10439,#10440,#10441,#10442,#10443,
#10444,#10445,#10446,#10447,#10448,#10449,#10450,#10451,#10452,#10453,#10454,
#10455,#10456,#10457,#10458,#10459,#10460,#10461,#10462,#10463,#10464,#10465,
#10466,#10467,#10468,#10469,#10470,#10471,#10472,#10473,#10474,#10475,#10476,
#10477,#10478,#10479,#10480,#10481,#10482,#10483,#10484,#10485,#10486,#10487,
#10488,#10489,#10490,#10491,#10492,#10493,#10494,#10495,#10496,#10497,#10498,
#10499,#10500,#10501,#10502,#10503,#10504,#10505,#10506,#10507,#10508,#10509,
#10510,#10511,#10512,#10513,#10514,#10515,#10516,#10517,#10518,#10519,#10520,
#10521,#10522,#10523,#10524,#10525,#10526,#10527,#10528,#10529,#10530,#10531,
#10532,#10533,#10534,#10535,#10536,#10537,#10538,#10539,#10540,#10541,#10542,
#10543,#10544,#10545,#10546,#10547,#10548,#10549,#10550,#10551,#10552,#10553,
#10554,#10555,#10556,#10557,#10558,#10559,#10560,#10561,#10562,#10563,#10564,
#10565,#10566,#10567,#10568,#10569,#10570,#10571,#10572,#10573,#10574,#10575,
#10576,#10577,#10578,#10579,#10580,#10581,#10582,#10583,#10584,#10585,#10586,
#10587,#10588,#10589,#10590,#10591,#10592,#10593,#10594,#10595,#10596,#10597,
#10598,#10599,#10600,#10601,#10602,#10603,#10604,#10605,#10606,#10607));
#10647=CLOSED_SHELL('',(#10608,#10609,#10610,#10611,#10612,#10613,#10614,
#10615,#10616,#10617,#10618,#10619,#10620,#10621,#10622,#10623,#10624,#10625,
#10626,#10627,#10628,#10629,#10630,#10631,#10632,#10633,#10634,#10635,#10636,
#10637,#10638,#10639,#10640,#10641,#10642,#10643,#10644,#10645));
#10648=DERIVED_UNIT_ELEMENT(#10652,1.);
#10649=DERIVED_UNIT_ELEMENT(#16936,-3.);
#10650=DERIVED_UNIT_ELEMENT(#10652,1.);
#10651=DERIVED_UNIT_ELEMENT(#16936,-3.);
#10652=(
MASS_UNIT()
NAMED_UNIT(*)
SI_UNIT(.KILO.,.GRAM.)
);
#10653=DERIVED_UNIT((#10648,#10649));
#10654=DERIVED_UNIT((#10650,#10651));
#10655=MEASURE_REPRESENTATION_ITEM('density measure',
POSITIVE_RATIO_MEASURE(7850.),#10653);
#10656=MEASURE_REPRESENTATION_ITEM('density measure',
POSITIVE_RATIO_MEASURE(7850.),#10654);
#10657=PROPERTY_DEFINITION_REPRESENTATION(#10667,#10661);
#10658=PROPERTY_DEFINITION_REPRESENTATION(#10668,#10662);
#10659=PROPERTY_DEFINITION_REPRESENTATION(#10669,#10663);
#10660=PROPERTY_DEFINITION_REPRESENTATION(#10670,#10664);
#10661=REPRESENTATION('material name',(#10665),#16932);
#10662=REPRESENTATION('density',(#10655),#16932);
#10663=REPRESENTATION('material name',(#10666),#16933);
#10664=REPRESENTATION('density',(#10656),#16933);
#10665=DESCRIPTIVE_REPRESENTATION_ITEM('Steel','Steel');
#10666=DESCRIPTIVE_REPRESENTATION_ITEM('Steel','Steel');
#10667=PROPERTY_DEFINITION('material property','material name',#16952);
#10668=PROPERTY_DEFINITION('material property','density of part',#16952);
#10669=PROPERTY_DEFINITION('material property','material name',#16953);
#10670=PROPERTY_DEFINITION('material property','density of part',#16953);
#10671=AXIS2_PLACEMENT_3D('',#13861,#11250,#11251);
#10672=AXIS2_PLACEMENT_3D('',#13862,#11252,#11253);
#10673=AXIS2_PLACEMENT_3D('',#13863,#11254,#11255);
#10674=AXIS2_PLACEMENT_3D('',#13872,#11260,#11261);
#10675=AXIS2_PLACEMENT_3D('',#13882,#11267,#11268);
#10676=AXIS2_PLACEMENT_3D('',#13890,#11273,#11274);
#10677=AXIS2_PLACEMENT_3D('',#13898,#11279,#11280);
#10678=AXIS2_PLACEMENT_3D('',#13916,#11290,#11291);
#10679=AXIS2_PLACEMENT_3D('',#13925,#11296,#11297);
#10680=AXIS2_PLACEMENT_3D('',#13933,#11302,#11303);
#10681=AXIS2_PLACEMENT_3D('',#13937,#11306,#11307);
#10682=AXIS2_PLACEMENT_3D('',#13943,#11311,#11312);
#10683=AXIS2_PLACEMENT_3D('',#13973,#11328,#11329);
#10684=AXIS2_PLACEMENT_3D('',#13974,#11330,#11331);
#10685=AXIS2_PLACEMENT_3D('',#13975,#11332,#11333);
#10686=AXIS2_PLACEMENT_3D('',#13981,#11337,#11338);
#10687=AXIS2_PLACEMENT_3D('',#14006,#11341,#11342);
#10688=AXIS2_PLACEMENT_3D('',#14021,#11344,#11345);
#10689=AXIS2_PLACEMENT_3D('',#14022,#11346,#11347);
#10690=AXIS2_PLACEMENT_3D('',#14024,#11348,#11349);
#10691=AXIS2_PLACEMENT_3D('',#14026,#11351,#11352);
#10692=AXIS2_PLACEMENT_3D('',#14028,#11354,#11355);
#10693=AXIS2_PLACEMENT_3D('',#14030,#11356,#11357);
#10694=AXIS2_PLACEMENT_3D('',#14034,#11359,#11360);
#10695=AXIS2_PLACEMENT_3D('',#14038,#11362,#11363);
#10696=AXIS2_PLACEMENT_3D('',#14042,#11365,#11366);
#10697=AXIS2_PLACEMENT_3D('',#14046,#11368,#11369);
#10698=AXIS2_PLACEMENT_3D('',#14050,#11371,#11372);
#10699=AXIS2_PLACEMENT_3D('',#14054,#11374,#11375);
#10700=AXIS2_PLACEMENT_3D('',#14058,#11377,#11378);
#10701=AXIS2_PLACEMENT_3D('',#14060,#11380,#11381);
#10702=AXIS2_PLACEMENT_3D('',#14062,#11383,#11384);
#10703=AXIS2_PLACEMENT_3D('',#14064,#11386,#11387);
#10704=AXIS2_PLACEMENT_3D('',#14075,#11393,#11394);
#10705=AXIS2_PLACEMENT_3D('',#14081,#11398,#11399);
#10706=AXIS2_PLACEMENT_3D('',#14083,#11401,#11402);
#10707=AXIS2_PLACEMENT_3D('',#14087,#11405,#11406);
#10708=AXIS2_PLACEMENT_3D('',#14091,#11409,#11410);
#10709=AXIS2_PLACEMENT_3D('',#14126,#11429,#11430);
#10710=AXIS2_PLACEMENT_3D('',#14147,#11441,#11442);
#10711=AXIS2_PLACEMENT_3D('',#14150,#11445,#11446);
#10712=AXIS2_PLACEMENT_3D('',#14161,#11452,#11453);
#10713=AXIS2_PLACEMENT_3D('',#14170,#11458,#11459);
#10714=AXIS2_PLACEMENT_3D('',#14183,#11466,#11467);
#10715=AXIS2_PLACEMENT_3D('',#14189,#11471,#11472);
#10716=AXIS2_PLACEMENT_3D('',#14198,#11477,#11478);
#10717=AXIS2_PLACEMENT_3D('',#14207,#11483,#11484);
#10718=AXIS2_PLACEMENT_3D('',#14213,#11488,#11489);
#10719=AXIS2_PLACEMENT_3D('',#14226,#11497,#11498);
#10720=AXIS2_PLACEMENT_3D('',#14228,#11499,#11500);
#10721=AXIS2_PLACEMENT_3D('',#14235,#11505,#11506);
#10722=AXIS2_PLACEMENT_3D('',#14238,#11508,#11509);
#10723=AXIS2_PLACEMENT_3D('',#14239,#11510,#11511);
#10724=AXIS2_PLACEMENT_3D('',#14257,#11521,#11522);
#10725=AXIS2_PLACEMENT_3D('',#14261,#11525,#11526);
#10726=AXIS2_PLACEMENT_3D('',#14267,#11530,#11531);
#10727=AXIS2_PLACEMENT_3D('',#14271,#11534,#11535);
#10728=AXIS2_PLACEMENT_3D('',#14272,#11536,#11537);
#10729=AXIS2_PLACEMENT_3D('',#14274,#11538,#11539);
#10730=AXIS2_PLACEMENT_3D('',#14278,#11541,#11542);
#10731=AXIS2_PLACEMENT_3D('',#14281,#11544,#11545);
#10732=AXIS2_PLACEMENT_3D('',#14285,#11547,#11548);
#10733=AXIS2_PLACEMENT_3D('',#14288,#11550,#11551);
#10734=AXIS2_PLACEMENT_3D('',#14289,#11552,#11553);
#10735=AXIS2_PLACEMENT_3D('',#14292,#11556,#11557);
#10736=AXIS2_PLACEMENT_3D('',#14300,#11562,#11563);
#10737=AXIS2_PLACEMENT_3D('',#14304,#11566,#11567);
#10738=AXIS2_PLACEMENT_3D('',#14307,#11570,#11571);
#10739=AXIS2_PLACEMENT_3D('',#14308,#11572,#11573);
#10740=AXIS2_PLACEMENT_3D('',#14313,#11576,#11577);
#10741=AXIS2_PLACEMENT_3D('',#14315,#11579,#11580);
#10742=AXIS2_PLACEMENT_3D('',#14327,#11587,#11588);
#10743=AXIS2_PLACEMENT_3D('',#14330,#11591,#11592);
#10744=AXIS2_PLACEMENT_3D('',#14339,#11598,#11599);
#10745=AXIS2_PLACEMENT_3D('',#14341,#11601,#11602);
#10746=AXIS2_PLACEMENT_3D('',#14342,#11603,#11604);
#10747=AXIS2_PLACEMENT_3D('',#14344,#11606,#11607);
#10748=AXIS2_PLACEMENT_3D('',#14346,#11609,#11610);
#10749=AXIS2_PLACEMENT_3D('',#14347,#11611,#11612);
#10750=AXIS2_PLACEMENT_3D('',#14356,#11617,#11618);
#10751=AXIS2_PLACEMENT_3D('',#14362,#11622,#11623);
#10752=AXIS2_PLACEMENT_3D('',#14368,#11627,#11628);
#10753=AXIS2_PLACEMENT_3D('',#14371,#11631,#11632);
#10754=AXIS2_PLACEMENT_3D('',#14372,#11633,#11634);
#10755=AXIS2_PLACEMENT_3D('',#14376,#11637,#11638);
#10756=AXIS2_PLACEMENT_3D('',#14378,#11640,#11641);
#10757=AXIS2_PLACEMENT_3D('',#14379,#11642,#11643);
#10758=AXIS2_PLACEMENT_3D('',#14383,#11645,#11646);
#10759=AXIS2_PLACEMENT_3D('',#14385,#11648,#11649);
#10760=AXIS2_PLACEMENT_3D('',#14386,#11650,#11651);
#10761=AXIS2_PLACEMENT_3D('',#14387,#11652,#11653);
#10762=AXIS2_PLACEMENT_3D('',#14388,#11654,#11655);
#10763=AXIS2_PLACEMENT_3D('',#14389,#11656,#11657);
#10764=AXIS2_PLACEMENT_3D('',#14391,#11658,#11659);
#10765=AXIS2_PLACEMENT_3D('',#14399,#11663,#11664);
#10766=AXIS2_PLACEMENT_3D('',#14407,#11668,#11669);
#10767=AXIS2_PLACEMENT_3D('',#14415,#11674,#11675);
#10768=AXIS2_PLACEMENT_3D('',#14417,#11676,#11677);
#10769=AXIS2_PLACEMENT_3D('',#14423,#11681,#11682);
#10770=AXIS2_PLACEMENT_3D('',#14429,#11686,#11687);
#10771=AXIS2_PLACEMENT_3D('',#14431,#11688,#11689);
#10772=AXIS2_PLACEMENT_3D('',#14433,#11691,#11692);
#10773=AXIS2_PLACEMENT_3D('',#14439,#11696,#11697);
#10774=AXIS2_PLACEMENT_3D('',#14445,#11701,#11702);
#10775=AXIS2_PLACEMENT_3D('',#14448,#11703,#11704);
#10776=AXIS2_PLACEMENT_3D('',#14451,#11707,#11708);
#10777=AXIS2_PLACEMENT_3D('',#14453,#11710,#11711);
#10778=AXIS2_PLACEMENT_3D('',#14457,#11714,#11715);
#10779=AXIS2_PLACEMENT_3D('',#14463,#11719,#11720);
#10780=AXIS2_PLACEMENT_3D('',#14466,#11722,#11723);
#10781=AXIS2_PLACEMENT_3D('',#14467,#11724,#11725);
#10782=AXIS2_PLACEMENT_3D('',#14471,#11728,#11729);
#10783=AXIS2_PLACEMENT_3D('',#14472,#11730,#11731);
#10784=AXIS2_PLACEMENT_3D('',#14473,#11732,#11733);
#10785=AXIS2_PLACEMENT_3D('',#14477,#11736,#11737);
#10786=AXIS2_PLACEMENT_3D('',#14481,#11740,#11741);
#10787=AXIS2_PLACEMENT_3D('',#14487,#11745,#11746);
#10788=AXIS2_PLACEMENT_3D('',#14499,#11753,#11754);
#10789=AXIS2_PLACEMENT_3D('',#14500,#11755,#11756);
#10790=AXIS2_PLACEMENT_3D('',#14503,#11757,#11758);
#10791=AXIS2_PLACEMENT_3D('',#14507,#11760,#11761);
#10792=AXIS2_PLACEMENT_3D('',#14509,#11763,#11764);
#10793=AXIS2_PLACEMENT_3D('',#14515,#11768,#11769);
#10794=AXIS2_PLACEMENT_3D('',#14540,#11782,#11783);
#10795=AXIS2_PLACEMENT_3D('',#14545,#11785,#11786);
#10796=AXIS2_PLACEMENT_3D('',#14548,#11788,#11789);
#10797=AXIS2_PLACEMENT_3D('',#14549,#11790,#11791);
#10798=AXIS2_PLACEMENT_3D('',#14553,#11793,#11794);
#10799=AXIS2_PLACEMENT_3D('',#14557,#11796,#11797);
#10800=AXIS2_PLACEMENT_3D('',#14563,#11801,#11802);
#10801=AXIS2_PLACEMENT_3D('',#14565,#11803,#11804);
#10802=AXIS2_PLACEMENT_3D('',#14567,#11805,#11806);
#10803=AXIS2_PLACEMENT_3D('',#14571,#11808,#11809);
#10804=AXIS2_PLACEMENT_3D('',#14573,#11810,#11811);
#10805=AXIS2_PLACEMENT_3D('',#14576,#11813,#11814);
#10806=AXIS2_PLACEMENT_3D('',#14581,#11817,#11818);
#10807=AXIS2_PLACEMENT_3D('',#14587,#11821,#11822);
#10808=AXIS2_PLACEMENT_3D('',#14590,#11824,#11825);
#10809=AXIS2_PLACEMENT_3D('',#14591,#11826,#11827);
#10810=AXIS2_PLACEMENT_3D('',#14595,#11829,#11830);
#10811=AXIS2_PLACEMENT_3D('',#14597,#11832,#11833);
#10812=AXIS2_PLACEMENT_3D('',#14600,#11836,#11837);
#10813=AXIS2_PLACEMENT_3D('',#14601,#11838,#11839);
#10814=AXIS2_PLACEMENT_3D('',#14604,#11842,#11843);
#10815=AXIS2_PLACEMENT_3D('',#14607,#11846,#11847);
#10816=AXIS2_PLACEMENT_3D('',#14608,#11848,#11849);
#10817=AXIS2_PLACEMENT_3D('',#14613,#11853,#11854);
#10818=AXIS2_PLACEMENT_3D('',#14617,#11856,#11857);
#10819=AXIS2_PLACEMENT_3D('',#14636,#11868,#11869);
#10820=AXIS2_PLACEMENT_3D('',#14642,#11873,#11874);
#10821=AXIS2_PLACEMENT_3D('',#14644,#11876,#11877);
#10822=AXIS2_PLACEMENT_3D('',#14646,#11879,#11880);
#10823=AXIS2_PLACEMENT_3D('',#14664,#11890,#11891);
#10824=AXIS2_PLACEMENT_3D('',#14676,#11898,#11899);
#10825=AXIS2_PLACEMENT_3D('',#14680,#11902,#11903);
#10826=AXIS2_PLACEMENT_3D('',#14692,#11910,#11911);
#10827=AXIS2_PLACEMENT_3D('',#14700,#11916,#11917);
#10828=AXIS2_PLACEMENT_3D('',#14705,#11921,#11922);
#10829=AXIS2_PLACEMENT_3D('',#14709,#11925,#11926);
#10830=AXIS2_PLACEMENT_3D('',#14711,#11928,#11929);
#10831=AXIS2_PLACEMENT_3D('',#14717,#11933,#11934);
#10832=AXIS2_PLACEMENT_3D('',#14720,#11937,#11938);
#10833=AXIS2_PLACEMENT_3D('',#14721,#11939,#11940);
#10834=AXIS2_PLACEMENT_3D('',#14727,#11944,#11945);
#10835=AXIS2_PLACEMENT_3D('',#14731,#11948,#11949);
#10836=AXIS2_PLACEMENT_3D('',#14735,#11952,#11953);
#10837=AXIS2_PLACEMENT_3D('',#14737,#11955,#11956);
#10838=AXIS2_PLACEMENT_3D('',#14743,#11960,#11961);
#10839=AXIS2_PLACEMENT_3D('',#14747,#11964,#11965);
#10840=AXIS2_PLACEMENT_3D('',#14751,#11968,#11969);
#10841=AXIS2_PLACEMENT_3D('',#14755,#11972,#11973);
#10842=AXIS2_PLACEMENT_3D('',#14761,#11977,#11978);
#10843=AXIS2_PLACEMENT_3D('',#14771,#11984,#11985);
#10844=AXIS2_PLACEMENT_3D('',#14773,#11987,#11988);
#10845=AXIS2_PLACEMENT_3D('',#14777,#11991,#11992);
#10846=AXIS2_PLACEMENT_3D('',#14779,#11994,#11995);
#10847=AXIS2_PLACEMENT_3D('',#14781,#11997,#11998);
#10848=AXIS2_PLACEMENT_3D('',#14784,#12001,#12002);
#10849=AXIS2_PLACEMENT_3D('',#14785,#12003,#12004);
#10850=AXIS2_PLACEMENT_3D('',#14788,#12007,#12008);
#10851=AXIS2_PLACEMENT_3D('',#14801,#12016,#12017);
#10852=AXIS2_PLACEMENT_3D('',#14804,#12020,#12021);
#10853=AXIS2_PLACEMENT_3D('',#14807,#12024,#12025);
#10854=AXIS2_PLACEMENT_3D('',#14809,#12027,#12028);
#10855=AXIS2_PLACEMENT_3D('',#14817,#12033,#12034);
#10856=AXIS2_PLACEMENT_3D('',#14825,#12039,#12040);
#10857=AXIS2_PLACEMENT_3D('',#14828,#12041,#12042);
#10858=AXIS2_PLACEMENT_3D('',#14832,#12045,#12046);
#10859=AXIS2_PLACEMENT_3D('',#14838,#12050,#12051);
#10860=AXIS2_PLACEMENT_3D('',#14840,#12052,#12053);
#10861=AXIS2_PLACEMENT_3D('',#14842,#12055,#12056);
#10862=AXIS2_PLACEMENT_3D('',#14844,#12057,#12058);
#10863=AXIS2_PLACEMENT_3D('',#14845,#12059,#12060);
#10864=AXIS2_PLACEMENT_3D('',#14849,#12062,#12063);
#10865=AXIS2_PLACEMENT_3D('',#14851,#12065,#12066);
#10866=AXIS2_PLACEMENT_3D('',#14854,#12067,#12068);
#10867=AXIS2_PLACEMENT_3D('',#14858,#12070,#12071);
#10868=AXIS2_PLACEMENT_3D('',#14869,#12074,#12075);
#10869=AXIS2_PLACEMENT_3D('',#14871,#12077,#12078);
#10870=AXIS2_PLACEMENT_3D('',#14887,#12087,#12088);
#10871=AXIS2_PLACEMENT_3D('',#14900,#12096,#12097);
#10872=AXIS2_PLACEMENT_3D('',#14903,#12100,#12101);
#10873=AXIS2_PLACEMENT_3D('',#14906,#12104,#12105);
#10874=AXIS2_PLACEMENT_3D('',#14908,#12107,#12108);
#10875=AXIS2_PLACEMENT_3D('',#14910,#12110,#12111);
#10876=AXIS2_PLACEMENT_3D('',#14911,#12112,#12113);
#10877=AXIS2_PLACEMENT_3D('',#14914,#12116,#12117);
#10878=AXIS2_PLACEMENT_3D('',#14916,#12119,#12120);
#10879=AXIS2_PLACEMENT_3D('',#14917,#12121,#12122);
#10880=AXIS2_PLACEMENT_3D('',#14947,#12137,#12138);
#10881=AXIS2_PLACEMENT_3D('',#14950,#12140,#12141);
#10882=AXIS2_PLACEMENT_3D('',#14951,#12142,#12143);
#10883=AXIS2_PLACEMENT_3D('',#14952,#12144,#12145);
#10884=AXIS2_PLACEMENT_3D('',#14956,#12147,#12148);
#10885=AXIS2_PLACEMENT_3D('',#14958,#12150,#12151);
#10886=AXIS2_PLACEMENT_3D('',#14972,#12159,#12160);
#10887=AXIS2_PLACEMENT_3D('',#14977,#12162,#12163);
#10888=AXIS2_PLACEMENT_3D('',#14980,#12165,#12166);
#10889=AXIS2_PLACEMENT_3D('',#14981,#12167,#12168);
#10890=AXIS2_PLACEMENT_3D('',#14983,#12170,#12171);
#10891=AXIS2_PLACEMENT_3D('',#14992,#12177,#12178);
#10892=AXIS2_PLACEMENT_3D('',#14998,#12182,#12183);
#10893=AXIS2_PLACEMENT_3D('',#15005,#12188,#12189);
#10894=AXIS2_PLACEMENT_3D('',#15015,#12195,#12196);
#10895=AXIS2_PLACEMENT_3D('',#15020,#12200,#12201);
#10896=AXIS2_PLACEMENT_3D('',#15022,#12203,#12204);
#10897=AXIS2_PLACEMENT_3D('',#15023,#12205,#12206);
#10898=AXIS2_PLACEMENT_3D('',#15031,#12211,#12212);
#10899=AXIS2_PLACEMENT_3D('',#15034,#12215,#12216);
#10900=AXIS2_PLACEMENT_3D('',#15038,#12219,#12220);
#10901=AXIS2_PLACEMENT_3D('',#15054,#12229,#12230);
#10902=AXIS2_PLACEMENT_3D('',#15063,#12235,#12236);
#10903=AXIS2_PLACEMENT_3D('',#15066,#12239,#12240);
#10904=AXIS2_PLACEMENT_3D('',#15077,#12247,#12248);
#10905=AXIS2_PLACEMENT_3D('',#15079,#12250,#12251);
#10906=AXIS2_PLACEMENT_3D('',#15082,#12254,#12255);
#10907=AXIS2_PLACEMENT_3D('',#15083,#12256,#12257);
#10908=AXIS2_PLACEMENT_3D('',#15084,#12258,#12259);
#10909=AXIS2_PLACEMENT_3D('',#15086,#12261,#12262);
#10910=AXIS2_PLACEMENT_3D('',#15088,#12264,#12265);
#10911=AXIS2_PLACEMENT_3D('',#15097,#12270,#12271);
#10912=AXIS2_PLACEMENT_3D('',#15108,#12278,#12279);
#10913=AXIS2_PLACEMENT_3D('',#15112,#12282,#12283);
#10914=AXIS2_PLACEMENT_3D('',#15116,#12286,#12287);
#10915=AXIS2_PLACEMENT_3D('',#15119,#12290,#12291);
#10916=AXIS2_PLACEMENT_3D('',#15121,#12293,#12294);
#10917=AXIS2_PLACEMENT_3D('',#15125,#12297,#12298);
#10918=AXIS2_PLACEMENT_3D('',#15131,#12302,#12303);
#10919=AXIS2_PLACEMENT_3D('',#15132,#12304,#12305);
#10920=AXIS2_PLACEMENT_3D('',#15135,#12308,#12309);
#10921=AXIS2_PLACEMENT_3D('',#15141,#12313,#12314);
#10922=AXIS2_PLACEMENT_3D('',#15143,#12316,#12317);
#10923=AXIS2_PLACEMENT_3D('',#15145,#12319,#12320);
#10924=AXIS2_PLACEMENT_3D('',#15149,#12323,#12324);
#10925=AXIS2_PLACEMENT_3D('',#15153,#12327,#12328);
#10926=AXIS2_PLACEMENT_3D('',#15157,#12331,#12332);
#10927=AXIS2_PLACEMENT_3D('',#15162,#12336,#12337);
#10928=AXIS2_PLACEMENT_3D('',#15164,#12339,#12340);
#10929=AXIS2_PLACEMENT_3D('',#15170,#12344,#12345);
#10930=AXIS2_PLACEMENT_3D('',#15178,#12350,#12351);
#10931=AXIS2_PLACEMENT_3D('',#15179,#12352,#12353);
#10932=AXIS2_PLACEMENT_3D('',#15180,#12354,#12355);
#10933=AXIS2_PLACEMENT_3D('',#15193,#12362,#12363);
#10934=AXIS2_PLACEMENT_3D('',#15194,#12364,#12365);
#10935=AXIS2_PLACEMENT_3D('',#15200,#12369,#12370);
#10936=AXIS2_PLACEMENT_3D('',#15202,#12372,#12373);
#10937=AXIS2_PLACEMENT_3D('',#15203,#12374,#12375);
#10938=AXIS2_PLACEMENT_3D('',#15212,#12381,#12382);
#10939=AXIS2_PLACEMENT_3D('',#15219,#12387,#12388);
#10940=AXIS2_PLACEMENT_3D('',#15225,#12392,#12393);
#10941=AXIS2_PLACEMENT_3D('',#15290,#12427,#12428);
#10942=AXIS2_PLACEMENT_3D('',#15294,#12431,#12432);
#10943=AXIS2_PLACEMENT_3D('',#15300,#12436,#12437);
#10944=AXIS2_PLACEMENT_3D('',#15309,#12442,#12443);
#10945=AXIS2_PLACEMENT_3D('',#15315,#12447,#12448);
#10946=AXIS2_PLACEMENT_3D('',#15322,#12453,#12454);
#10947=AXIS2_PLACEMENT_3D('',#15328,#12458,#12459);
#10948=AXIS2_PLACEMENT_3D('',#15332,#12462,#12463);
#10949=AXIS2_PLACEMENT_3D('',#15340,#12468,#12469);
#10950=AXIS2_PLACEMENT_3D('',#15345,#12473,#12474);
#10951=AXIS2_PLACEMENT_3D('',#15353,#12479,#12480);
#10952=AXIS2_PLACEMENT_3D('',#15377,#12493,#12494);
#10953=AXIS2_PLACEMENT_3D('',#15383,#12498,#12499);
#10954=AXIS2_PLACEMENT_3D('',#15389,#12503,#12504);
#10955=AXIS2_PLACEMENT_3D('',#15393,#12507,#12508);
#10956=AXIS2_PLACEMENT_3D('',#15397,#12511,#12512);
#10957=AXIS2_PLACEMENT_3D('',#15403,#12516,#12517);
#10958=AXIS2_PLACEMENT_3D('',#15405,#12519,#12520);
#10959=AXIS2_PLACEMENT_3D('',#15413,#12525,#12526);
#10960=AXIS2_PLACEMENT_3D('',#15415,#12528,#12529);
#10961=AXIS2_PLACEMENT_3D('',#15421,#12533,#12534);
#10962=AXIS2_PLACEMENT_3D('',#15430,#12539,#12540);
#10963=AXIS2_PLACEMENT_3D('',#15436,#12544,#12545);
#10964=AXIS2_PLACEMENT_3D('',#15449,#12552,#12553);
#10965=AXIS2_PLACEMENT_3D('',#15455,#12557,#12558);
#10966=AXIS2_PLACEMENT_3D('',#15461,#12562,#12563);
#10967=AXIS2_PLACEMENT_3D('',#15465,#12566,#12567);
#10968=AXIS2_PLACEMENT_3D('',#15471,#12571,#12572);
#10969=AXIS2_PLACEMENT_3D('',#15475,#12575,#12576);
#10970=AXIS2_PLACEMENT_3D('',#15481,#12580,#12581);
#10971=AXIS2_PLACEMENT_3D('',#15485,#12584,#12585);
#10972=AXIS2_PLACEMENT_3D('',#15491,#12589,#12590);
#10973=AXIS2_PLACEMENT_3D('',#15495,#12593,#12594);
#10974=AXIS2_PLACEMENT_3D('',#15498,#12595,#12596);
#10975=AXIS2_PLACEMENT_3D('',#15501,#12599,#12600);
#10976=AXIS2_PLACEMENT_3D('',#15519,#12610,#12611);
#10977=AXIS2_PLACEMENT_3D('',#15525,#12615,#12616);
#10978=AXIS2_PLACEMENT_3D('',#15533,#12621,#12622);
#10979=AXIS2_PLACEMENT_3D('',#15543,#12628,#12629);
#10980=AXIS2_PLACEMENT_3D('',#15547,#12632,#12633);
#10981=AXIS2_PLACEMENT_3D('',#15557,#12639,#12640);
#10982=AXIS2_PLACEMENT_3D('',#15567,#12647,#12648);
#10983=AXIS2_PLACEMENT_3D('',#15578,#12655,#12656);
#10984=AXIS2_PLACEMENT_3D('',#15589,#12663,#12664);
#10985=AXIS2_PLACEMENT_3D('',#15597,#12669,#12670);
#10986=AXIS2_PLACEMENT_3D('',#15603,#12674,#12675);
#10987=AXIS2_PLACEMENT_3D('',#15609,#12679,#12680);
#10988=AXIS2_PLACEMENT_3D('',#15615,#12684,#12685);
#10989=AXIS2_PLACEMENT_3D('',#15630,#12694,#12695);
#10990=AXIS2_PLACEMENT_3D('',#15634,#12698,#12699);
#10991=AXIS2_PLACEMENT_3D('',#15636,#12701,#12702);
#10992=AXIS2_PLACEMENT_3D('',#15645,#12706,#12707);
#10993=AXIS2_PLACEMENT_3D('',#15657,#12715,#12716);
#10994=AXIS2_PLACEMENT_3D('',#15667,#12722,#12723);
#10995=AXIS2_PLACEMENT_3D('',#15677,#12729,#12730);
#10996=AXIS2_PLACEMENT_3D('',#15683,#12734,#12735);
#10997=AXIS2_PLACEMENT_3D('',#15685,#12737,#12738);
#10998=AXIS2_PLACEMENT_3D('',#15701,#12747,#12748);
#10999=AXIS2_PLACEMENT_3D('',#15711,#12754,#12755);
#11000=AXIS2_PLACEMENT_3D('',#15721,#12761,#12762);
#11001=AXIS2_PLACEMENT_3D('',#15724,#12765,#12766);
#11002=AXIS2_PLACEMENT_3D('',#15726,#12768,#12769);
#11003=AXIS2_PLACEMENT_3D('',#15728,#12771,#12772);
#11004=AXIS2_PLACEMENT_3D('',#15737,#12777,#12778);
#11005=AXIS2_PLACEMENT_3D('',#15748,#12785,#12786);
#11006=AXIS2_PLACEMENT_3D('',#15752,#12789,#12790);
#11007=AXIS2_PLACEMENT_3D('',#15758,#12794,#12795);
#11008=AXIS2_PLACEMENT_3D('',#15772,#12803,#12804);
#11009=AXIS2_PLACEMENT_3D('',#15776,#12807,#12808);
#11010=AXIS2_PLACEMENT_3D('',#15778,#12809,#12810);
#11011=AXIS2_PLACEMENT_3D('',#15780,#12812,#12813);
#11012=AXIS2_PLACEMENT_3D('',#15782,#12815,#12816);
#11013=AXIS2_PLACEMENT_3D('',#15784,#12818,#12819);
#11014=AXIS2_PLACEMENT_3D('',#15801,#12828,#12829);
#11015=AXIS2_PLACEMENT_3D('',#15805,#12832,#12833);
#11016=AXIS2_PLACEMENT_3D('',#15807,#12835,#12836);
#11017=AXIS2_PLACEMENT_3D('',#15811,#12839,#12840);
#11018=AXIS2_PLACEMENT_3D('',#15813,#12842,#12843);
#11019=AXIS2_PLACEMENT_3D('',#15817,#12846,#12847);
#11020=AXIS2_PLACEMENT_3D('',#15819,#12849,#12850);
#11021=AXIS2_PLACEMENT_3D('',#15823,#12853,#12854);
#11022=AXIS2_PLACEMENT_3D('',#15825,#12856,#12857);
#11023=AXIS2_PLACEMENT_3D('',#15838,#12864,#12865);
#11024=AXIS2_PLACEMENT_3D('',#15844,#12869,#12870);
#11025=AXIS2_PLACEMENT_3D('',#15847,#12873,#12874);
#11026=AXIS2_PLACEMENT_3D('',#15853,#12878,#12879);
#11027=AXIS2_PLACEMENT_3D('',#15857,#12882,#12883);
#11028=AXIS2_PLACEMENT_3D('',#15861,#12886,#12887);
#11029=AXIS2_PLACEMENT_3D('',#15869,#12892,#12893);
#11030=AXIS2_PLACEMENT_3D('',#15873,#12896,#12897);
#11031=AXIS2_PLACEMENT_3D('',#15900,#12912,#12913);
#11032=AXIS2_PLACEMENT_3D('',#15906,#12917,#12918);
#11033=AXIS2_PLACEMENT_3D('',#15909,#12921,#12922);
#11034=AXIS2_PLACEMENT_3D('',#15911,#12924,#12925);
#11035=AXIS2_PLACEMENT_3D('',#15913,#12927,#12928);
#11036=AXIS2_PLACEMENT_3D('',#15915,#12930,#12931);
#11037=AXIS2_PLACEMENT_3D('',#15917,#12933,#12934);
#11038=AXIS2_PLACEMENT_3D('',#15920,#12937,#12938);
#11039=AXIS2_PLACEMENT_3D('',#15924,#12941,#12942);
#11040=AXIS2_PLACEMENT_3D('',#15930,#12946,#12947);
#11041=AXIS2_PLACEMENT_3D('',#15934,#12950,#12951);
#11042=AXIS2_PLACEMENT_3D('',#15937,#12954,#12955);
#11043=AXIS2_PLACEMENT_3D('',#15938,#12956,#12957);
#11044=AXIS2_PLACEMENT_3D('',#15939,#12958,#12959);
#11045=AXIS2_PLACEMENT_3D('',#15940,#12960,#12961);
#11046=AXIS2_PLACEMENT_3D('',#15946,#12965,#12966);
#11047=AXIS2_PLACEMENT_3D('',#15952,#12970,#12971);
#11048=AXIS2_PLACEMENT_3D('',#15964,#12978,#12979);
#11049=AXIS2_PLACEMENT_3D('',#15971,#12984,#12985);
#11050=AXIS2_PLACEMENT_3D('',#15975,#12988,#12989);
#11051=AXIS2_PLACEMENT_3D('',#15976,#12990,#12991);
#11052=AXIS2_PLACEMENT_3D('',#15984,#12996,#12997);
#11053=AXIS2_PLACEMENT_3D('',#15992,#13002,#13003);
#11054=AXIS2_PLACEMENT_3D('',#15994,#13005,#13006);
#11055=AXIS2_PLACEMENT_3D('',#15999,#13010,#13011);
#11056=AXIS2_PLACEMENT_3D('',#16021,#13023,#13024);
#11057=AXIS2_PLACEMENT_3D('',#16034,#13031,#13032);
#11058=AXIS2_PLACEMENT_3D('',#16037,#13035,#13036);
#11059=AXIS2_PLACEMENT_3D('',#16043,#13040,#13041);
#11060=AXIS2_PLACEMENT_3D('',#16063,#13053,#13054);
#11061=AXIS2_PLACEMENT_3D('',#16065,#13056,#13057);
#11062=AXIS2_PLACEMENT_3D('',#16069,#13060,#13061);
#11063=AXIS2_PLACEMENT_3D('',#16075,#13065,#13066);
#11064=AXIS2_PLACEMENT_3D('',#16081,#13070,#13071);
#11065=AXIS2_PLACEMENT_3D('',#16085,#13074,#13075);
#11066=AXIS2_PLACEMENT_3D('',#16087,#13077,#13078);
#11067=AXIS2_PLACEMENT_3D('',#16093,#13082,#13083);
#11068=AXIS2_PLACEMENT_3D('',#16095,#13085,#13086);
#11069=AXIS2_PLACEMENT_3D('',#16097,#13088,#13089);
#11070=AXIS2_PLACEMENT_3D('',#16099,#13091,#13092);
#11071=AXIS2_PLACEMENT_3D('',#16106,#13097,#13098);
#11072=AXIS2_PLACEMENT_3D('',#16121,#13107,#13108);
#11073=AXIS2_PLACEMENT_3D('',#16127,#13112,#13113);
#11074=AXIS2_PLACEMENT_3D('',#16131,#13116,#13117);
#11075=AXIS2_PLACEMENT_3D('',#16135,#13120,#13121);
#11076=AXIS2_PLACEMENT_3D('',#16139,#13124,#13125);
#11077=AXIS2_PLACEMENT_3D('',#16143,#13128,#13129);
#11078=AXIS2_PLACEMENT_3D('',#16146,#13132,#13133);
#11079=AXIS2_PLACEMENT_3D('',#16148,#13135,#13136);
#11080=AXIS2_PLACEMENT_3D('',#16150,#13138,#13139);
#11081=AXIS2_PLACEMENT_3D('',#16151,#13140,#13141);
#11082=AXIS2_PLACEMENT_3D('',#16153,#13143,#13144);
#11083=AXIS2_PLACEMENT_3D('',#16170,#13154,#13155);
#11084=AXIS2_PLACEMENT_3D('',#16172,#13157,#13158);
#11085=AXIS2_PLACEMENT_3D('',#16174,#13160,#13161);
#11086=AXIS2_PLACEMENT_3D('',#16176,#13163,#13164);
#11087=AXIS2_PLACEMENT_3D('',#16183,#13169,#13170);
#11088=AXIS2_PLACEMENT_3D('',#16189,#13174,#13175);
#11089=AXIS2_PLACEMENT_3D('',#16197,#13180,#13181);
#11090=AXIS2_PLACEMENT_3D('',#16200,#13184,#13185);
#11091=AXIS2_PLACEMENT_3D('',#16210,#13191,#13192);
#11092=AXIS2_PLACEMENT_3D('',#16211,#13193,#13194);
#11093=AXIS2_PLACEMENT_3D('',#16224,#13202,#13203);
#11094=AXIS2_PLACEMENT_3D('',#16226,#13205,#13206);
#11095=AXIS2_PLACEMENT_3D('',#16230,#13209,#13210);
#11096=AXIS2_PLACEMENT_3D('',#16231,#13211,#13212);
#11097=AXIS2_PLACEMENT_3D('',#16232,#13213,#13214);
#11098=AXIS2_PLACEMENT_3D('',#16234,#13216,#13217);
#11099=AXIS2_PLACEMENT_3D('',#16238,#13220,#13221);
#11100=AXIS2_PLACEMENT_3D('',#16249,#13228,#13229);
#11101=AXIS2_PLACEMENT_3D('',#16251,#13231,#13232);
#11102=AXIS2_PLACEMENT_3D('',#16253,#13234,#13235);
#11103=AXIS2_PLACEMENT_3D('',#16255,#13237,#13238);
#11104=AXIS2_PLACEMENT_3D('',#16261,#13242,#13243);
#11105=AXIS2_PLACEMENT_3D('',#16263,#13245,#13246);
#11106=AXIS2_PLACEMENT_3D('',#16265,#13248,#13249);
#11107=AXIS2_PLACEMENT_3D('',#16266,#13250,#13251);
#11108=AXIS2_PLACEMENT_3D('',#16277,#13257,#13258);
#11109=AXIS2_PLACEMENT_3D('',#16291,#13266,#13267);
#11110=AXIS2_PLACEMENT_3D('',#16298,#13272,#13273);
#11111=AXIS2_PLACEMENT_3D('',#16307,#13279,#13280);
#11112=AXIS2_PLACEMENT_3D('',#16309,#13282,#13283);
#11113=AXIS2_PLACEMENT_3D('',#16315,#13287,#13288);
#11114=AXIS2_PLACEMENT_3D('',#16321,#13292,#13293);
#11115=AXIS2_PLACEMENT_3D('',#16322,#13294,#13295);
#11116=AXIS2_PLACEMENT_3D('',#16329,#13300,#13301);
#11117=AXIS2_PLACEMENT_3D('',#16333,#13304,#13305);
#11118=AXIS2_PLACEMENT_3D('',#16337,#13308,#13309);
#11119=AXIS2_PLACEMENT_3D('',#16339,#13311,#13312);
#11120=AXIS2_PLACEMENT_3D('',#16341,#13314,#13315);
#11121=AXIS2_PLACEMENT_3D('',#16342,#13316,#13317);
#11122=AXIS2_PLACEMENT_3D('',#16343,#13318,#13319);
#11123=AXIS2_PLACEMENT_3D('',#16349,#13323,#13324);
#11124=AXIS2_PLACEMENT_3D('',#16351,#13326,#13327);
#11125=AXIS2_PLACEMENT_3D('',#16355,#13330,#13331);
#11126=AXIS2_PLACEMENT_3D('',#16361,#13335,#13336);
#11127=AXIS2_PLACEMENT_3D('',#16365,#13339,#13340);
#11128=AXIS2_PLACEMENT_3D('',#16371,#13344,#13345);
#11129=AXIS2_PLACEMENT_3D('',#16373,#13347,#13348);
#11130=AXIS2_PLACEMENT_3D('',#16375,#13350,#13351);
#11131=AXIS2_PLACEMENT_3D('',#16376,#13352,#13353);
#11132=AXIS2_PLACEMENT_3D('',#16400,#13367,#13368);
#11133=AXIS2_PLACEMENT_3D('',#16406,#13372,#13373);
#11134=AXIS2_PLACEMENT_3D('',#16410,#13376,#13377);
#11135=AXIS2_PLACEMENT_3D('',#16411,#13378,#13379);
#11136=AXIS2_PLACEMENT_3D('',#16417,#13383,#13384);
#11137=AXIS2_PLACEMENT_3D('',#16421,#13387,#13388);
#11138=AXIS2_PLACEMENT_3D('',#16423,#13390,#13391);
#11139=AXIS2_PLACEMENT_3D('',#16425,#13393,#13394);
#11140=AXIS2_PLACEMENT_3D('',#16429,#13397,#13398);
#11141=AXIS2_PLACEMENT_3D('',#16431,#13400,#13401);
#11142=AXIS2_PLACEMENT_3D('',#16435,#13404,#13405);
#11143=AXIS2_PLACEMENT_3D('',#16442,#13409,#13410);
#11144=AXIS2_PLACEMENT_3D('',#16443,#13411,#13412);
#11145=AXIS2_PLACEMENT_3D('',#16447,#13415,#13416);
#11146=AXIS2_PLACEMENT_3D('',#16453,#13420,#13421);
#11147=AXIS2_PLACEMENT_3D('',#16456,#13424,#13425);
#11148=AXIS2_PLACEMENT_3D('',#16460,#13428,#13429);
#11149=AXIS2_PLACEMENT_3D('',#16461,#13430,#13431);
#11150=AXIS2_PLACEMENT_3D('',#16468,#13436,#13437);
#11151=AXIS2_PLACEMENT_3D('',#16472,#13440,#13441);
#11152=AXIS2_PLACEMENT_3D('',#16475,#13444,#13445);
#11153=AXIS2_PLACEMENT_3D('',#16476,#13446,#13447);
#11154=AXIS2_PLACEMENT_3D('',#16480,#13450,#13451);
#11155=AXIS2_PLACEMENT_3D('',#16484,#13454,#13455);
#11156=AXIS2_PLACEMENT_3D('',#16486,#13457,#13458);
#11157=AXIS2_PLACEMENT_3D('',#16488,#13460,#13461);
#11158=AXIS2_PLACEMENT_3D('',#16489,#13462,#13463);
#11159=AXIS2_PLACEMENT_3D('',#16490,#13464,#13465);
#11160=AXIS2_PLACEMENT_3D('',#16492,#13466,#13467);
#11161=AXIS2_PLACEMENT_3D('',#16493,#13468,#13469);
#11162=AXIS2_PLACEMENT_3D('',#16495,#13471,#13472);
#11163=AXIS2_PLACEMENT_3D('',#16499,#13475,#13476);
#11164=AXIS2_PLACEMENT_3D('',#16505,#13480,#13481);
#11165=AXIS2_PLACEMENT_3D('',#16507,#13483,#13484);
#11166=AXIS2_PLACEMENT_3D('',#16509,#13486,#13487);
#11167=AXIS2_PLACEMENT_3D('',#16519,#13493,#13494);
#11168=AXIS2_PLACEMENT_3D('',#16523,#13497,#13498);
#11169=AXIS2_PLACEMENT_3D('',#16527,#13501,#13502);
#11170=AXIS2_PLACEMENT_3D('',#16531,#13505,#13506);
#11171=AXIS2_PLACEMENT_3D('',#16535,#13509,#13510);
#11172=AXIS2_PLACEMENT_3D('',#16537,#13512,#13513);
#11173=AXIS2_PLACEMENT_3D('',#16546,#13518,#13519);
#11174=AXIS2_PLACEMENT_3D('',#16552,#13523,#13524);
#11175=AXIS2_PLACEMENT_3D('',#16558,#13528,#13529);
#11176=AXIS2_PLACEMENT_3D('',#16567,#13534,#13535);
#11177=AXIS2_PLACEMENT_3D('',#16570,#13538,#13539);
#11178=AXIS2_PLACEMENT_3D('',#16579,#13544,#13545);
#11179=AXIS2_PLACEMENT_3D('',#16585,#13549,#13550);
#11180=AXIS2_PLACEMENT_3D('',#16591,#13554,#13555);
#11181=AXIS2_PLACEMENT_3D('',#16594,#13558,#13559);
#11182=AXIS2_PLACEMENT_3D('',#16603,#13564,#13565);
#11183=AXIS2_PLACEMENT_3D('',#16609,#13569,#13570);
#11184=AXIS2_PLACEMENT_3D('',#16615,#13574,#13575);
#11185=AXIS2_PLACEMENT_3D('',#16618,#13578,#13579);
#11186=AXIS2_PLACEMENT_3D('',#16627,#13584,#13585);
#11187=AXIS2_PLACEMENT_3D('',#16633,#13589,#13590);
#11188=AXIS2_PLACEMENT_3D('',#16639,#13594,#13595);
#11189=AXIS2_PLACEMENT_3D('',#16642,#13598,#13599);
#11190=AXIS2_PLACEMENT_3D('',#16658,#13610,#13611);
#11191=AXIS2_PLACEMENT_3D('',#16660,#13613,#13614);
#11192=AXIS2_PLACEMENT_3D('',#16662,#13616,#13617);
#11193=AXIS2_PLACEMENT_3D('',#16663,#13618,#13619);
#11194=AXIS2_PLACEMENT_3D('',#16669,#13623,#13624);
#11195=AXIS2_PLACEMENT_3D('',#16675,#13628,#13629);
#11196=AXIS2_PLACEMENT_3D('',#16677,#13631,#13632);
#11197=AXIS2_PLACEMENT_3D('',#16679,#13634,#13635);
#11198=AXIS2_PLACEMENT_3D('',#16680,#13636,#13637);
#11199=AXIS2_PLACEMENT_3D('',#16684,#13640,#13641);
#11200=AXIS2_PLACEMENT_3D('',#16691,#13646,#13647);
#11201=AXIS2_PLACEMENT_3D('',#16698,#13653,#13654);
#11202=AXIS2_PLACEMENT_3D('',#16700,#13656,#13657);
#11203=AXIS2_PLACEMENT_3D('',#16701,#13658,#13659);
#11204=AXIS2_PLACEMENT_3D('',#16703,#13661,#13662);
#11205=AXIS2_PLACEMENT_3D('',#16704,#13663,#13664);
#11206=AXIS2_PLACEMENT_3D('',#16706,#13666,#13667);
#11207=AXIS2_PLACEMENT_3D('',#16708,#13669,#13670);
#11208=AXIS2_PLACEMENT_3D('',#16709,#13671,#13672);
#11209=AXIS2_PLACEMENT_3D('',#16710,#13673,#13674);
#11210=AXIS2_PLACEMENT_3D('',#16711,#13675,#13676);
#11211=AXIS2_PLACEMENT_3D('',#16720,#13681,#13682);
#11212=AXIS2_PLACEMENT_3D('',#16729,#13687,#13688);
#11213=AXIS2_PLACEMENT_3D('',#16735,#13692,#13693);
#11214=AXIS2_PLACEMENT_3D('',#16744,#13698,#13699);
#11215=AXIS2_PLACEMENT_3D('',#16750,#13703,#13704);
#11216=AXIS2_PLACEMENT_3D('',#16756,#13708,#13709);
#11217=AXIS2_PLACEMENT_3D('',#16761,#13713,#13714);
#11218=AXIS2_PLACEMENT_3D('',#16769,#13719,#13720);
#11219=AXIS2_PLACEMENT_3D('',#16771,#13722,#13723);
#11220=AXIS2_PLACEMENT_3D('',#16780,#13728,#13729);
#11221=AXIS2_PLACEMENT_3D('',#16793,#13737,#13738);
#11222=AXIS2_PLACEMENT_3D('',#16809,#13747,#13748);
#11223=AXIS2_PLACEMENT_3D('',#16831,#13760,#13761);
#11224=AXIS2_PLACEMENT_3D('',#16837,#13765,#13766);
#11225=AXIS2_PLACEMENT_3D('',#16841,#13769,#13770);
#11226=AXIS2_PLACEMENT_3D('',#16845,#13773,#13774);
#11227=AXIS2_PLACEMENT_3D('',#16849,#13777,#13778);
#11228=AXIS2_PLACEMENT_3D('',#16853,#13781,#13782);
#11229=AXIS2_PLACEMENT_3D('',#16857,#13785,#13786);
#11230=AXIS2_PLACEMENT_3D('',#16859,#13788,#13789);
#11231=AXIS2_PLACEMENT_3D('',#16862,#13792,#13793);
#11232=AXIS2_PLACEMENT_3D('',#16866,#13796,#13797);
#11233=AXIS2_PLACEMENT_3D('',#16870,#13800,#13801);
#11234=AXIS2_PLACEMENT_3D('',#16874,#13804,#13805);
#11235=AXIS2_PLACEMENT_3D('',#16878,#13808,#13809);
#11236=AXIS2_PLACEMENT_3D('',#16882,#13812,#13813);
#11237=AXIS2_PLACEMENT_3D('',#16886,#13816,#13817);
#11238=AXIS2_PLACEMENT_3D('',#16890,#13820,#13821);
#11239=AXIS2_PLACEMENT_3D('',#16894,#13824,#13825);
#11240=AXIS2_PLACEMENT_3D('',#16898,#13828,#13829);
#11241=AXIS2_PLACEMENT_3D('',#16902,#13832,#13833);
#11242=AXIS2_PLACEMENT_3D('',#16906,#13836,#13837);
#11243=AXIS2_PLACEMENT_3D('',#16910,#13840,#13841);
#11244=AXIS2_PLACEMENT_3D('',#16914,#13844,#13845);
#11245=AXIS2_PLACEMENT_3D('',#16918,#13848,#13849);
#11246=AXIS2_PLACEMENT_3D('',#16922,#13852,#13853);
#11247=AXIS2_PLACEMENT_3D('',#16924,#13855,#13856);
#11248=AXIS2_PLACEMENT_3D('',#16925,#13857,#13858);
#11249=AXIS2_PLACEMENT_3D('',#16926,#13859,#13860);
#11250=DIRECTION('axis',(0.,0.,1.));
#11251=DIRECTION('refdir',(1.,0.,0.));
#11252=DIRECTION('axis',(0.,0.,1.));
#11253=DIRECTION('refdir',(1.,0.,0.));
#11254=DIRECTION('center_axis',(0.,0.,-1.));
#11255=DIRECTION('ref_axis',(1.,0.,0.));
#11256=DIRECTION('',(-1.,0.,0.));
#11257=DIRECTION('',(0.,-1.,0.));
#11258=DIRECTION('',(1.,0.,0.));
#11259=DIRECTION('',(0.,1.,0.));
#11260=DIRECTION('center_axis',(1.,0.,0.));
#11261=DIRECTION('ref_axis',(0.,0.,1.));
#11262=DIRECTION('',(0.,-4.20294052628641E-17,-1.));
#11263=DIRECTION('',(0.,1.,2.94114463114355E-16));
#11264=DIRECTION('',(0.,-0.573576436351046,-0.819152044288992));
#11265=DIRECTION('',(0.,-1.,0.));
#11266=DIRECTION('',(0.,0.,1.));
#11267=DIRECTION('center_axis',(0.,-1.,4.20294052628641E-17));
#11268=DIRECTION('ref_axis',(0.,4.20294052628641E-17,1.));
#11269=DIRECTION('',(0.,4.20294052628641E-17,1.));
#11270=DIRECTION('',(-1.,0.,0.));
#11271=DIRECTION('',(-1.50777090797707E-17,-4.20294052628641E-17,-1.));
#11272=DIRECTION('',(-1.,0.,0.));
#11273=DIRECTION('center_axis',(-1.,0.,0.));
#11274=DIRECTION('ref_axis',(0.,0.,1.));
#11275=DIRECTION('',(0.,0.,-1.));
#11276=DIRECTION('',(0.,-1.,0.));
#11277=DIRECTION('',(0.,-1.13869028166683E-16,1.));
#11278=DIRECTION('',(0.,1.,0.));
#11279=DIRECTION('center_axis',(0.,0.,1.));
#11280=DIRECTION('ref_axis',(1.,0.,0.));
#11281=DIRECTION('',(1.,0.,0.));
#11282=DIRECTION('',(0.,-1.,0.));
#11283=DIRECTION('',(1.,0.,0.));
#11284=DIRECTION('',(0.,1.,0.));
#11285=DIRECTION('',(-1.,0.,0.));
#11286=DIRECTION('',(0.,-1.,0.));
#11287=DIRECTION('',(-1.,0.,0.));
#11288=DIRECTION('',(-0.337670925856707,-0.94126422742558,0.));
#11289=DIRECTION('',(-1.,0.,0.));
#11290=DIRECTION('center_axis',(0.,0.,-1.));
#11291=DIRECTION('ref_axis',(-1.,0.,0.));
#11292=DIRECTION('',(0.,-1.,0.));
#11293=DIRECTION('',(-1.,0.,0.));
#11294=DIRECTION('',(0.,1.,0.));
#11295=DIRECTION('',(1.,0.,0.));
#11296=DIRECTION('center_axis',(0.,1.,0.));
#11297=DIRECTION('ref_axis',(-1.,0.,0.));
#11298=DIRECTION('',(1.,0.,0.));
#11299=DIRECTION('',(0.,0.,1.));
#11300=DIRECTION('',(0.,0.,1.));
#11301=DIRECTION('',(0.,0.,-1.));
#11302=DIRECTION('center_axis',(1.,0.,0.));
#11303=DIRECTION('ref_axis',(0.,1.,0.));
#11304=DIRECTION('',(0.,1.,0.));
#11305=DIRECTION('',(0.,0.,-1.));
#11306=DIRECTION('center_axis',(0.,-1.,0.));
#11307=DIRECTION('ref_axis',(1.,0.,0.));
#11308=DIRECTION('',(1.,0.,0.));
#11309=DIRECTION('',(0.,0.,-1.));
#11310=DIRECTION('',(0.,0.,-1.));
#11311=DIRECTION('center_axis',(-1.,0.,0.));
#11312=DIRECTION('ref_axis',(0.,0.,1.));
#11313=DIRECTION('',(0.,1.,0.));
#11314=DIRECTION('',(0.,-5.55111512312596E-15,1.));
#11315=DIRECTION('',(0.,-1.,-2.84217094304034E-15));
#11316=DIRECTION('',(0.,0.,1.));
#11317=DIRECTION('',(0.,1.,0.));
#11318=DIRECTION('',(0.,-5.55111512312596E-15,1.));
#11319=DIRECTION('',(0.,-1.,0.));
#11320=DIRECTION('',(0.,0.,1.));
#11321=DIRECTION('',(0.,-1.,0.));
#11322=DIRECTION('',(0.,3.64007549057428E-16,-1.));
#11323=DIRECTION('',(0.,-1.,-1.86984930463185E-14));
#11324=DIRECTION('',(0.,0.,1.));
#11325=DIRECTION('',(0.,-1.,9.86864910777894E-15));
#11326=DIRECTION('',(0.,3.64007549057428E-16,-1.));
#11327=DIRECTION('',(0.,1.,0.));
#11328=DIRECTION('center_axis',(-1.,0.,0.));
#11329=DIRECTION('ref_axis',(0.,0.,1.));
#11330=DIRECTION('center_axis',(-1.,0.,0.));
#11331=DIRECTION('ref_axis',(0.,0.,1.));
#11332=DIRECTION('center_axis',(-1.,0.,0.));
#11333=DIRECTION('ref_axis',(0.,0.,1.));
#11334=DIRECTION('',(0.,1.,0.));
#11335=DIRECTION('',(0.,0.,1.));
#11336=DIRECTION('',(0.,1.,0.));
#11337=DIRECTION('center_axis',(1.,0.,0.));
#11338=DIRECTION('ref_axis',(0.,0.,1.));
#11339=DIRECTION('',(-1.,0.,0.));
#11340=DIRECTION('',(1.,0.,0.));
#11341=DIRECTION('center_axis',(1.,0.,0.));
#11342=DIRECTION('ref_axis',(0.,0.,1.));
#11343=DIRECTION('',(1.,0.,0.));
#11344=DIRECTION('center_axis',(1.,0.,0.));
#11345=DIRECTION('ref_axis',(0.,0.,1.));
#11346=DIRECTION('center_axis',(0.,0.,-1.));
#11347=DIRECTION('ref_axis',(0.,1.,0.));
#11348=DIRECTION('center_axis',(0.,0.,1.));
#11349=DIRECTION('ref_axis',(5.96329445227102E-17,1.,0.));
#11350=DIRECTION('',(0.,1.,0.));
#11351=DIRECTION('center_axis',(-1.,0.,0.));
#11352=DIRECTION('ref_axis',(0.,0.,1.));
#11353=DIRECTION('',(0.,0.,-1.));
#11354=DIRECTION('center_axis',(0.,0.,-1.));
#11355=DIRECTION('ref_axis',(1.01773101813373E-15,1.,0.));
#11356=DIRECTION('center_axis',(0.,0.,1.));
#11357=DIRECTION('ref_axis',(1.01773101813373E-15,1.,0.));
#11358=DIRECTION('',(0.,0.,-1.));
#11359=DIRECTION('center_axis',(0.,0.,-1.));
#11360=DIRECTION('ref_axis',(1.01773101813373E-15,1.,0.));
#11361=DIRECTION('',(0.,0.,-1.));
#11362=DIRECTION('center_axis',(0.,0.,1.));
#11363=DIRECTION('ref_axis',(1.01773101813373E-15,1.,0.));
#11364=DIRECTION('',(0.,0.,-1.));
#11365=DIRECTION('center_axis',(0.,0.,1.));
#11366=DIRECTION('ref_axis',(1.01773101813373E-15,1.,0.));
#11367=DIRECTION('',(0.,0.,-1.));
#11368=DIRECTION('center_axis',(0.,0.,-1.));
#11369=DIRECTION('ref_axis',(1.01773101813373E-15,1.,0.));
#11370=DIRECTION('',(0.,0.,-1.));
#11371=DIRECTION('center_axis',(0.,0.,1.));
#11372=DIRECTION('ref_axis',(1.01773101813373E-15,1.,0.));
#11373=DIRECTION('',(0.,0.,1.));
#11374=DIRECTION('center_axis',(0.,0.,1.));
#11375=DIRECTION('ref_axis',(1.01773101813373E-15,1.,0.));
#11376=DIRECTION('',(0.,0.,-1.));
#11377=DIRECTION('center_axis',(0.,0.,1.));
#11378=DIRECTION('ref_axis',(1.01773101813373E-15,1.,0.));
#11379=DIRECTION('',(0.,0.,-1.));
#11380=DIRECTION('center_axis',(0.,0.,-1.));
#11381=DIRECTION('ref_axis',(0.,1.,0.));
#11382=DIRECTION('',(-1.,0.,0.));
#11383=DIRECTION('center_axis',(0.,-1.,0.));
#11384=DIRECTION('ref_axis',(1.,0.,0.));
#11385=DIRECTION('',(1.,0.,0.));
#11386=DIRECTION('center_axis',(0.,-1.,0.));
#11387=DIRECTION('ref_axis',(0.,0.,1.));
#11388=DIRECTION('',(-1.,0.,0.));
#11389=DIRECTION('',(0.,0.,1.));
#11390=DIRECTION('',(-1.,0.,0.));
#11391=DIRECTION('',(0.,0.,1.));
#11392=DIRECTION('',(0.,0.,-1.));
#11393=DIRECTION('center_axis',(0.,-1.,0.));
#11394=DIRECTION('ref_axis',(0.,0.,-1.));
#11395=DIRECTION('',(1.,0.,0.));
#11396=DIRECTION('',(0.,0.,-1.));
#11397=DIRECTION('',(1.,0.,0.));
#11398=DIRECTION('center_axis',(0.,0.,1.));
#11399=DIRECTION('ref_axis',(0.,-1.,0.));
#11400=DIRECTION('',(0.,-1.,0.));
#11401=DIRECTION('center_axis',(0.,0.,-1.));
#11402=DIRECTION('ref_axis',(0.,1.,0.));
#11403=DIRECTION('',(0.,1.,0.));
#11404=DIRECTION('',(1.,0.,0.));
#11405=DIRECTION('center_axis',(1.,0.,0.));
#11406=DIRECTION('ref_axis',(0.,0.,-1.));
#11407=DIRECTION('',(0.,-1.,0.));
#11408=DIRECTION('',(0.,-5.55111512312596E-15,1.));
#11409=DIRECTION('center_axis',(0.,-1.,-5.55111512312596E-15));
#11410=DIRECTION('ref_axis',(0.,-5.55111512312596E-15,1.));
#11411=DIRECTION('',(-1.,0.,0.));
#11412=DIRECTION('',(0.,5.55111512312596E-15,-1.));
#11413=DIRECTION('',(-1.,0.,0.));
#11414=DIRECTION('',(0.,0.,1.));
#11415=DIRECTION('',(-1.,0.,0.));
#11416=DIRECTION('',(0.,5.55111512312596E-15,-1.));
#11417=DIRECTION('',(1.,0.,0.));
#11418=DIRECTION('',(0.,0.,1.));
#11419=DIRECTION('',(1.,0.,0.));
#11420=DIRECTION('',(0.,5.55111512312596E-15,-1.));
#11421=DIRECTION('',(-1.,0.,0.));
#11422=DIRECTION('',(0.,0.,-1.));
#11423=DIRECTION('',(1.,0.,0.));
#11424=DIRECTION('',(0.,0.,1.));
#11425=DIRECTION('',(-1.,0.,0.));
#11426=DIRECTION('',(1.,0.,0.));
#11427=DIRECTION('',(0.,0.,-1.));
#11428=DIRECTION('',(-1.,0.,0.));
#11429=DIRECTION('center_axis',(0.,1.,0.));
#11430=DIRECTION('ref_axis',(0.,0.,-1.));
#11431=DIRECTION('',(0.,0.,-1.));
#11432=DIRECTION('',(-1.,0.,0.));
#11433=DIRECTION('',(0.,0.,-1.));
#11434=DIRECTION('',(1.,0.,0.));
#11435=DIRECTION('',(0.,0.,-1.));
#11436=DIRECTION('',(-1.,0.,0.));
#11437=DIRECTION('',(0.,0.,-1.));
#11438=DIRECTION('',(-1.,0.,0.));
#11439=DIRECTION('',(0.,0.,1.));
#11440=DIRECTION('',(-1.,0.,0.));
#11441=DIRECTION('center_axis',(1.,0.,0.));
#11442=DIRECTION('ref_axis',(0.,-1.,0.));
#11443=DIRECTION('',(0.,1.,0.));
#11444=DIRECTION('',(0.,1.,0.));
#11445=DIRECTION('center_axis',(0.,1.,0.));
#11446=DIRECTION('ref_axis',(0.,0.,-1.));
#11447=DIRECTION('',(1.,0.,0.));
#11448=DIRECTION('',(-1.,0.,0.));
#11449=DIRECTION('',(0.,0.,-1.));
#11450=DIRECTION('',(-1.,0.,0.));
#11451=DIRECTION('',(0.,0.,1.));
#11452=DIRECTION('center_axis',(0.,1.,0.));
#11453=DIRECTION('ref_axis',(0.,0.,-1.));
#11454=DIRECTION('',(-1.,0.,0.));
#11455=DIRECTION('',(0.,0.,1.));
#11456=DIRECTION('',(-1.,0.,0.));
#11457=DIRECTION('',(0.,0.,-1.));
#11458=DIRECTION('center_axis',(0.,1.,0.));
#11459=DIRECTION('ref_axis',(-1.,0.,0.));
#11460=DIRECTION('',(-1.,0.,0.));
#11461=DIRECTION('',(0.,0.,1.));
#11462=DIRECTION('',(-1.,0.,0.));
#11463=DIRECTION('',(0.,0.,1.));
#11464=DIRECTION('',(1.,0.,0.));
#11465=DIRECTION('',(0.,0.,1.));
#11466=DIRECTION('center_axis',(-1.,0.,0.));
#11467=DIRECTION('ref_axis',(0.,0.,1.));
#11468=DIRECTION('',(0.,1.,0.));
#11469=DIRECTION('',(0.,0.,1.));
#11470=DIRECTION('',(0.,1.,0.));
#11471=DIRECTION('center_axis',(-1.,8.54017711250225E-16,0.));
#11472=DIRECTION('ref_axis',(-8.54017711250225E-16,-1.,0.));
#11473=DIRECTION('',(-8.54017711250225E-16,-1.,0.));
#11474=DIRECTION('',(0.,0.,-1.));
#11475=DIRECTION('',(-8.54017711250225E-16,-1.,0.));
#11476=DIRECTION('',(0.,0.,1.));
#11477=DIRECTION('center_axis',(1.,-9.34231864586324E-17,0.));
#11478=DIRECTION('ref_axis',(9.34231864586324E-17,1.,0.));
#11479=DIRECTION('',(0.,0.,1.));
#11480=DIRECTION('',(0.,-1.,0.));
#11481=DIRECTION('',(0.,0.,1.));
#11482=DIRECTION('',(9.34231864586324E-17,1.,0.));
#11483=DIRECTION('center_axis',(0.,-1.,0.));
#11484=DIRECTION('ref_axis',(1.,0.,0.));
#11485=DIRECTION('',(-1.,0.,0.));
#11486=DIRECTION('',(0.,0.,1.));
#11487=DIRECTION('',(1.,0.,0.));
#11488=DIRECTION('center_axis',(-9.70474671875131E-17,-1.,-9.1001887264357E-17));
#11489=DIRECTION('ref_axis',(6.25637974942454E-17,9.1001887264357E-17,-1.));
#11490=DIRECTION('',(0.,0.,1.));
#11491=DIRECTION('',(1.,-9.70474671875131E-17,0.));
#11492=DIRECTION('',(0.,-9.1001887264357E-17,1.));
#11493=DIRECTION('',(1.,-8.88178419700125E-16,0.));
#11494=DIRECTION('',(0.,0.,1.));
#11495=DIRECTION('',(1.,-8.88178419700125E-16,0.));
#11496=DIRECTION('',(1.,-8.88178419700125E-16,0.));
#11497=DIRECTION('center_axis',(0.,0.,-1.));
#11498=DIRECTION('ref_axis',(-1.,0.,0.));
#11499=DIRECTION('center_axis',(0.,0.,-1.));
#11500=DIRECTION('ref_axis',(5.96329445227102E-17,1.,0.));
#11501=DIRECTION('',(0.,-1.,0.));
#11502=DIRECTION('',(-1.,2.18763157561607E-16,0.));
#11503=DIRECTION('',(9.34231864586324E-17,1.,0.));
#11504=DIRECTION('',(0.,-1.,0.));
#11505=DIRECTION('center_axis',(0.,0.,-1.));
#11506=DIRECTION('ref_axis',(-1.,0.,0.));
#11507=DIRECTION('',(0.,-1.,0.));
#11508=DIRECTION('center_axis',(0.,0.,-1.));
#11509=DIRECTION('ref_axis',(5.96329445227102E-17,1.,0.));
#11510=DIRECTION('center_axis',(1.,0.,0.));
#11511=DIRECTION('ref_axis',(0.,0.,-1.));
#11512=DIRECTION('',(0.,-1.,0.));
#11513=DIRECTION('',(0.,0.,-1.));
#11514=DIRECTION('',(0.,-1.,0.));
#11515=DIRECTION('',(0.,0.,-1.));
#11516=DIRECTION('',(0.,1.,0.));
#11517=DIRECTION('',(0.,-2.58191401075618E-16,-1.));
#11518=DIRECTION('',(0.,-1.,0.));
#11519=DIRECTION('',(0.,0.,-1.));
#11520=DIRECTION('',(0.,1.,0.));
#11521=DIRECTION('center_axis',(-1.,0.,0.));
#11522=DIRECTION('ref_axis',(0.,-1.,0.));
#11523=DIRECTION('',(0.,-1.,0.));
#11524=DIRECTION('',(0.,0.,-1.));
#11525=DIRECTION('center_axis',(-1.,0.,0.));
#11526=DIRECTION('ref_axis',(0.,-1.,0.));
#11527=DIRECTION('',(0.,0.,1.));
#11528=DIRECTION('',(0.,-1.,0.));
#11529=DIRECTION('',(0.,0.,1.));
#11530=DIRECTION('center_axis',(1.,-9.34231864586324E-17,0.));
#11531=DIRECTION('ref_axis',(9.34231864586324E-17,1.,0.));
#11532=DIRECTION('',(0.,-1.,0.));
#11533=DIRECTION('',(0.,0.,1.));
#11534=DIRECTION('center_axis',(0.,0.,-1.));
#11535=DIRECTION('ref_axis',(5.96329445227102E-17,1.,0.));
#11536=DIRECTION('center_axis',(0.,0.,1.));
#11537=DIRECTION('ref_axis',(5.96329445227102E-17,1.,0.));
#11538=DIRECTION('center_axis',(0.,0.,-1.));
#11539=DIRECTION('ref_axis',(5.96329445227102E-17,1.,0.));
#11540=DIRECTION('',(0.,0.,1.));
#11541=DIRECTION('center_axis',(0.,0.,-1.));
#11542=DIRECTION('ref_axis',(5.96329445227102E-17,1.,0.));
#11543=DIRECTION('',(0.,0.,1.));
#11544=DIRECTION('center_axis',(0.,0.,1.));
#11545=DIRECTION('ref_axis',(5.96329445227102E-17,1.,0.));
#11546=DIRECTION('',(0.,0.,-1.));
#11547=DIRECTION('center_axis',(0.,0.,1.));
#11548=DIRECTION('ref_axis',(5.96329445227102E-17,1.,0.));
#11549=DIRECTION('',(0.,0.,-1.));
#11550=DIRECTION('center_axis',(0.,0.,1.));
#11551=DIRECTION('ref_axis',(5.96329445227102E-17,1.,0.));
#11552=DIRECTION('center_axis',(0.,0.,1.));
#11553=DIRECTION('ref_axis',(-6.42284406903098E-17,-1.,0.));
#11554=DIRECTION('',(1.,-9.70474671875131E-17,0.));
#11555=DIRECTION('',(0.,-1.,0.));
#11556=DIRECTION('center_axis',(1.,0.,0.));
#11557=DIRECTION('ref_axis',(0.,0.,-1.));
#11558=DIRECTION('',(0.,0.,-1.));
#11559=DIRECTION('',(0.,0.131778910058984,0.991279132668325));
#11560=DIRECTION('',(0.,-7.38828392027577E-16,1.));
#11561=DIRECTION('',(0.,-1.,0.));
#11562=DIRECTION('center_axis',(0.,0.,1.));
#11563=DIRECTION('ref_axis',(1.,0.,0.));
#11564=DIRECTION('',(0.,-1.,0.));
#11565=DIRECTION('',(1.,0.,0.));
#11566=DIRECTION('center_axis',(-1.,0.,-4.99862029804267E-12));
#11567=DIRECTION('ref_axis',(0.,1.,0.));
#11568=DIRECTION('',(0.,-1.,0.));
#11569=DIRECTION('',(0.,1.,0.));
#11570=DIRECTION('center_axis',(0.,0.,1.));
#11571=DIRECTION('ref_axis',(1.,0.,0.));
#11572=DIRECTION('center_axis',(0.,0.,1.));
#11573=DIRECTION('ref_axis',(1.,0.,0.));
#11574=DIRECTION('',(-1.,0.,0.));
#11575=DIRECTION('',(-1.,0.,0.));
#11576=DIRECTION('center_axis',(0.,0.,-1.));
#11577=DIRECTION('ref_axis',(2.22519566646796E-12,-1.,-6.96786436997956E-12));
#11578=DIRECTION('',(1.,-1.29722378744345E-12,0.));
#11579=DIRECTION('center_axis',(0.,1.,0.));
#11580=DIRECTION('ref_axis',(0.,0.,-1.));
#11581=DIRECTION('',(-1.,0.,0.));
#11582=DIRECTION('',(0.,0.,-1.));
#11583=DIRECTION('',(-1.,0.,0.));
#11584=DIRECTION('',(0.,0.,-1.));
#11585=DIRECTION('',(0.,0.,-1.));
#11586=DIRECTION('',(-1.,0.,0.));
#11587=DIRECTION('center_axis',(0.,0.,1.));
#11588=DIRECTION('ref_axis',(1.,0.,0.));
#11589=DIRECTION('',(1.,-1.29793657265638E-12,0.));
#11590=DIRECTION('',(-1.,1.58345919657842E-15,0.));
#11591=DIRECTION('center_axis',(0.,0.,1.));
#11592=DIRECTION('ref_axis',(0.,1.,0.));
#11593=DIRECTION('',(1.,0.,0.));
#11594=DIRECTION('',(-1.,0.,0.));
#11595=DIRECTION('',(0.,1.,0.));
#11596=DIRECTION('',(0.,1.,0.));
#11597=DIRECTION('',(1.,-1.29722378748329E-12,0.));
#11598=DIRECTION('center_axis',(0.,0.,-1.));
#11599=DIRECTION('ref_axis',(2.22519566646796E-12,-1.,-6.96786436997956E-12));
#11600=DIRECTION('',(-1.,1.58345919657842E-15,0.));
#11601=DIRECTION('center_axis',(0.,0.,1.));
#11602=DIRECTION('ref_axis',(1.,0.,0.));
#11603=DIRECTION('center_axis',(0.,-1.,-6.96786436999069E-12));
#11604=DIRECTION('ref_axis',(-1.,0.,0.));
#11605=DIRECTION('',(4.99862029804267E-12,6.96786436999069E-12,-1.));
#11606=DIRECTION('center_axis',(4.99862029804267E-12,6.96786436999069E-12,
-1.));
#11607=DIRECTION('ref_axis',(2.22519566646796E-12,-1.,-6.96786436997956E-12));
#11608=DIRECTION('',(4.99862029804267E-12,6.96786436999069E-12,-1.));
#11609=DIRECTION('center_axis',(1.29722378744345E-12,1.,6.96786436999717E-12));
#11610=DIRECTION('ref_axis',(1.,-1.29722378748329E-12,5.71680719207812E-12));
#11611=DIRECTION('center_axis',(1.,0.,0.));
#11612=DIRECTION('ref_axis',(0.,-1.,0.));
#11613=DIRECTION('',(0.,1.,0.));
#11614=DIRECTION('',(0.,0.,-1.));
#11615=DIRECTION('',(0.,-1.,0.));
#11616=DIRECTION('',(0.,0.,-1.));
#11617=DIRECTION('center_axis',(0.,-1.,0.));
#11618=DIRECTION('ref_axis',(-1.,0.,0.));
#11619=DIRECTION('',(1.,0.,0.));
#11620=DIRECTION('',(0.,0.,-1.));
#11621=DIRECTION('',(-1.,0.,0.));
#11622=DIRECTION('center_axis',(0.,1.,0.));
#11623=DIRECTION('ref_axis',(1.,0.,0.));
#11624=DIRECTION('',(-1.,0.,0.));
#11625=DIRECTION('',(1.,0.,0.));
#11626=DIRECTION('',(0.,0.,-1.));
#11627=DIRECTION('center_axis',(-1.,0.,0.));
#11628=DIRECTION('ref_axis',(0.,1.,0.));
#11629=DIRECTION('',(0.,-1.,0.));
#11630=DIRECTION('',(0.,1.,0.));
#11631=DIRECTION('center_axis',(0.,0.,-1.));
#11632=DIRECTION('ref_axis',(-1.,0.,0.));
#11633=DIRECTION('center_axis',(1.,0.,0.));
#11634=DIRECTION('ref_axis',(0.,0.,-1.));
#11635=DIRECTION('',(0.,1.,0.));
#11636=DIRECTION('',(0.,1.,0.));
#11637=DIRECTION('center_axis',(0.,0.,1.));
#11638=DIRECTION('ref_axis',(1.,0.,0.));
#11639=DIRECTION('',(-1.,-1.50576753512742E-16,0.));
#11640=DIRECTION('center_axis',(0.,0.,-1.));
#11641=DIRECTION('ref_axis',(0.,1.,0.));
#11642=DIRECTION('center_axis',(0.,0.,-1.));
#11643=DIRECTION('ref_axis',(-0.0611758159590002,-0.998127005717083,0.));
#11644=DIRECTION('',(-1.,-1.50576753512742E-16,0.));
#11645=DIRECTION('center_axis',(0.,0.,-1.));
#11646=DIRECTION('ref_axis',(-0.0652431467514281,-0.997869396164634,0.));
#11647=DIRECTION('',(-1.,0.,0.));
#11648=DIRECTION('center_axis',(0.,0.,-1.));
#11649=DIRECTION('ref_axis',(-1.,0.,0.));
#11650=DIRECTION('center_axis',(0.,0.,-1.));
#11651=DIRECTION('ref_axis',(-0.0611758159590002,-0.998127005717083,0.));
#11652=DIRECTION('center_axis',(0.,0.,1.));
#11653=DIRECTION('ref_axis',(-0.0611758159590002,-0.998127005717083,0.));
#11654=DIRECTION('center_axis',(0.,0.,-1.));
#11655=DIRECTION('ref_axis',(-0.0611758159590002,-0.998127005717083,0.));
#11656=DIRECTION('center_axis',(0.,0.,-1.));
#11657=DIRECTION('ref_axis',(0.,-1.,0.));
#11658=DIRECTION('center_axis',(0.,0.,1.));
#11659=DIRECTION('ref_axis',(-1.,0.,0.));
#11660=DIRECTION('',(-3.02122262818399E-16,1.,0.));
#11661=DIRECTION('',(-1.,0.,0.));
#11662=DIRECTION('',(0.,-1.,0.));
#11663=DIRECTION('center_axis',(0.,0.,-1.));
#11664=DIRECTION('ref_axis',(-1.,0.,0.));
#11665=DIRECTION('',(0.,1.,0.));
#11666=DIRECTION('',(1.,0.,0.));
#11667=DIRECTION('',(-0.996194698091746,-0.087155742747658,0.));
#11668=DIRECTION('center_axis',(0.,0.,1.));
#11669=DIRECTION('ref_axis',(-0.0871557427476586,-0.996194698091745,0.));
#11670=DIRECTION('',(0.996194698091746,-0.0871557427476586,0.));
#11671=DIRECTION('',(0.,-1.,0.));
#11672=DIRECTION('',(1.,0.,0.));
#11673=DIRECTION('',(0.,-1.,0.));
#11674=DIRECTION('center_axis',(0.,0.,1.));
#11675=DIRECTION('ref_axis',(1.,0.,0.));
#11676=DIRECTION('center_axis',(0.,0.,-1.));
#11677=DIRECTION('ref_axis',(-0.0652431467514281,-0.997869396164634,0.));
#11678=DIRECTION('',(1.,0.,0.));
#11679=DIRECTION('',(0.,-1.,0.));
#11680=DIRECTION('',(1.,-9.70474671875131E-17,0.));
#11681=DIRECTION('center_axis',(0.,1.,0.));
#11682=DIRECTION('ref_axis',(1.,0.,0.));
#11683=DIRECTION('',(1.,0.,0.));
#11684=DIRECTION('',(0.,0.,-1.));
#11685=DIRECTION('',(0.,0.,-1.));
#11686=DIRECTION('center_axis',(0.,0.,-1.));
#11687=DIRECTION('ref_axis',(-0.0652431467514281,-0.997869396164634,0.));
#11688=DIRECTION('center_axis',(0.,0.,-1.));
#11689=DIRECTION('ref_axis',(-0.0652431467514281,-0.997869396164634,0.));
#11690=DIRECTION('',(0.,0.,-1.));
#11691=DIRECTION('center_axis',(0.,-1.,0.));
#11692=DIRECTION('ref_axis',(0.,0.,1.));
#11693=DIRECTION('',(-1.,0.,0.));
#11694=DIRECTION('',(0.,0.,1.));
#11695=DIRECTION('',(-1.,-1.50576753512742E-16,0.));
#11696=DIRECTION('center_axis',(0.,1.,0.));
#11697=DIRECTION('ref_axis',(-1.,0.,0.));
#11698=DIRECTION('',(-1.,0.,0.));
#11699=DIRECTION('',(0.,0.,-1.));
#11700=DIRECTION('',(0.,0.,-1.));
#11701=DIRECTION('center_axis',(0.,0.,1.));
#11702=DIRECTION('ref_axis',(-0.0871557427476586,-0.996194698091745,0.));
#11703=DIRECTION('center_axis',(0.,0.,1.));
#11704=DIRECTION('ref_axis',(-0.0871557427476586,-0.996194698091745,0.));
#11705=DIRECTION('',(0.,0.,1.));
#11706=DIRECTION('',(0.,0.,1.));
#11707=DIRECTION('center_axis',(-0.087155742747658,0.996194698091746,0.));
#11708=DIRECTION('ref_axis',(-0.996194698091746,-0.087155742747658,0.));
#11709=DIRECTION('',(-0.996194698091746,-0.087155742747658,0.));
#11710=DIRECTION('center_axis',(-0.0871557427476586,-0.996194698091746,
0.));
#11711=DIRECTION('ref_axis',(0.996194698091746,-0.0871557427476586,0.));
#11712=DIRECTION('',(0.996194698091746,-0.0871557427476586,0.));
#11713=DIRECTION('',(0.,0.,1.));
#11714=DIRECTION('center_axis',(0.491442185032805,0.870910201323984,0.));
#11715=DIRECTION('ref_axis',(-0.870910201323984,0.491442185032805,9.1892282795035E-15));
#11716=DIRECTION('',(-0.870910201323984,0.491442185032805,-4.84987048084894E-15));
#11717=DIRECTION('',(0.870910201323984,-0.491442185032805,-9.1892282795035E-15));
#11718=DIRECTION('',(0.,-3.92999300754526E-16,1.));
#11719=DIRECTION('center_axis',(0.,0.,-1.));
#11720=DIRECTION('ref_axis',(-1.,0.,0.));
#11721=DIRECTION('',(-1.,0.,0.));
#11722=DIRECTION('center_axis',(0.,0.,-1.));
#11723=DIRECTION('ref_axis',(-1.,0.,0.));
#11724=DIRECTION('center_axis',(0.,-1.,0.));
#11725=DIRECTION('ref_axis',(1.,0.,0.));
#11726=DIRECTION('',(1.,0.,0.));
#11727=DIRECTION('',(0.,0.,1.));
#11728=DIRECTION('center_axis',(0.,2.84217094304034E-15,-1.));
#11729=DIRECTION('ref_axis',(0.,1.,2.84217094304034E-15));
#11730=DIRECTION('center_axis',(0.,-2.84217094304034E-15,1.));
#11731=DIRECTION('ref_axis',(-1.,0.,0.));
#11732=DIRECTION('center_axis',(-1.17435889052047E-29,9.86864910777894E-15,
1.));
#11733=DIRECTION('ref_axis',(1.23358113847237E-15,-1.,9.86864910777894E-15));
#11734=DIRECTION('',(0.,-1.,9.86864910777894E-15));
#11735=DIRECTION('',(1.,-9.70474671875131E-17,1.27013163056769E-29));
#11736=DIRECTION('center_axis',(-2.22510105572306E-29,1.86984930463185E-14,
-1.));
#11737=DIRECTION('ref_axis',(-1.16865581539491E-15,1.,1.86984930463185E-14));
#11738=DIRECTION('',(-1.,9.70474671875131E-17,2.40656519475991E-29));
#11739=DIRECTION('',(0.,1.,1.86984930463185E-14));
#11740=DIRECTION('center_axis',(1.,0.,0.));
#11741=DIRECTION('ref_axis',(0.,0.,-1.));
#11742=DIRECTION('',(0.,-1.36369330937933E-15,-1.));
#11743=DIRECTION('',(0.,-0.131778910058986,-0.991279132668325));
#11744=DIRECTION('',(0.,3.64007549057428E-16,-1.));
#11745=DIRECTION('center_axis',(9.70474671875131E-17,1.,-1.36369330937933E-15));
#11746=DIRECTION('ref_axis',(0.,1.36369330937933E-15,1.));
#11747=DIRECTION('',(0.,-3.64007549057428E-16,1.));
#11748=DIRECTION('',(1.,0.,0.));
#11749=DIRECTION('',(0.,0.,-1.));
#11750=DIRECTION('',(1.,0.,0.));
#11751=DIRECTION('',(0.,1.36369330937933E-15,1.));
#11752=DIRECTION('',(1.,-9.70474671875131E-17,0.));
#11753=DIRECTION('center_axis',(0.,0.,1.));
#11754=DIRECTION('ref_axis',(-1.,0.,0.));
#11755=DIRECTION('center_axis',(0.,0.,1.));
#11756=DIRECTION('ref_axis',(-1.,0.,0.));
#11757=DIRECTION('center_axis',(0.,0.,1.));
#11758=DIRECTION('ref_axis',(-1.,0.,0.));
#11759=DIRECTION('',(0.,0.,1.));
#11760=DIRECTION('center_axis',(0.,0.,1.));
#11761=DIRECTION('ref_axis',(-1.,0.,0.));
#11762=DIRECTION('',(0.,0.,1.));
#11763=DIRECTION('center_axis',(-1.,0.,0.));
#11764=DIRECTION('ref_axis',(0.,0.,1.));
#11765=DIRECTION('',(0.,1.,0.));
#11766=DIRECTION('',(0.,0.,1.));
#11767=DIRECTION('',(0.,-1.,0.));
#11768=DIRECTION('center_axis',(0.,-1.,0.));
#11769=DIRECTION('ref_axis',(0.,0.,-1.));
#11770=DIRECTION('',(1.,0.,0.));
#11771=DIRECTION('',(0.,0.,-1.));
#11772=DIRECTION('',(1.,0.,0.));
#11773=DIRECTION('',(0.,0.,1.));
#11774=DIRECTION('',(1.,0.,0.));
#11775=DIRECTION('',(0.,0.,-1.));
#11776=DIRECTION('',(1.,0.,0.));
#11777=DIRECTION('',(0.,0.,-1.));
#11778=DIRECTION('',(1.,0.,0.));
#11779=DIRECTION('',(0.,0.,1.));
#11780=DIRECTION('',(1.,0.,0.));
#11781=DIRECTION('',(0.,0.,1.));
#11782=DIRECTION('center_axis',(0.,0.,-1.));
#11783=DIRECTION('ref_axis',(-1.,0.,0.));
#11784=DIRECTION('',(-1.,0.,0.));
#11785=DIRECTION('center_axis',(0.,0.,1.));
#11786=DIRECTION('ref_axis',(-1.,0.,0.));
#11787=DIRECTION('',(3.02122262818399E-16,-1.,0.));
#11788=DIRECTION('center_axis',(0.,0.,-1.));
#11789=DIRECTION('ref_axis',(-0.746286378929034,0.665624999999993,0.));
#11790=DIRECTION('center_axis',(0.,-0.559192903470743,-0.829037572555044));
#11791=DIRECTION('ref_axis',(0.,-0.829037572555044,0.559192903470743));
#11792=DIRECTION('',(2.50470707381803E-16,-0.829037572555044,0.559192903470743));
#11793=DIRECTION('center_axis',(0.,-0.559192903470743,-0.829037572555044));
#11794=DIRECTION('ref_axis',(0.,-0.829037572555044,0.559192903470743));
#11795=DIRECTION('',(-1.,0.,0.));
#11796=DIRECTION('center_axis',(0.,0.559192903470743,0.829037572555044));
#11797=DIRECTION('ref_axis',(5.81545308519485E-5,-0.829037571153163,0.559192902525162));
#11798=DIRECTION('',(0.,0.829037572555082,-0.559192903470687));
#11799=DIRECTION('',(-1.,0.,0.));
#11800=DIRECTION('',(0.,-0.829037572555082,0.559192903470687));
#11801=DIRECTION('center_axis',(0.,0.,1.));
#11802=DIRECTION('ref_axis',(0.938273490437164,0.345894286080099,0.));
#11803=DIRECTION('center_axis',(0.,0.,1.));
#11804=DIRECTION('ref_axis',(-1.,0.,0.));
#11805=DIRECTION('center_axis',(0.,-0.104528463267657,0.994521895368273));
#11806=DIRECTION('ref_axis',(0.,-0.994521895368273,-0.104528463267657));
#11807=DIRECTION('',(0.,0.,1.));
#11808=DIRECTION('center_axis',(0.,-0.104528463267653,-0.994521895368274));
#11809=DIRECTION('ref_axis',(0.,-0.994521895368273,0.104528463267653));
#11810=DIRECTION('center_axis',(0.,2.84217094304034E-15,-1.));
#11811=DIRECTION('ref_axis',(-1.,0.,0.));
#11812=DIRECTION('',(0.,0.,-1.));
#11813=DIRECTION('center_axis',(0.,0.,-1.));
#11814=DIRECTION('ref_axis',(-1.,0.,0.));
#11815=DIRECTION('',(0.,0.,-1.));
#11816=DIRECTION('',(0.,0.,-1.));
#11817=DIRECTION('center_axis',(0.,0.,-1.));
#11818=DIRECTION('ref_axis',(-1.,0.,0.));
#11819=DIRECTION('',(0.,0.,-1.));
#11820=DIRECTION('',(0.,0.,-1.));
#11821=DIRECTION('center_axis',(0.,0.55919290347075,0.82903757255504));
#11822=DIRECTION('ref_axis',(0.,-0.82903757255504,0.55919290347075));
#11823=DIRECTION('',(0.,0.,1.));
#11824=DIRECTION('center_axis',(0.,4.20439488615444E-15,-1.));
#11825=DIRECTION('ref_axis',(-1.,0.,0.));
#11826=DIRECTION('center_axis',(0.,0.,-1.));
#11827=DIRECTION('ref_axis',(-1.,0.,0.));
#11828=DIRECTION('',(1.,0.,0.));
#11829=DIRECTION('center_axis',(0.,0.,1.));
#11830=DIRECTION('ref_axis',(-0.746286378929034,0.665624999999993,0.));
#11831=DIRECTION('',(-3.02122262818399E-16,1.,0.));
#11832=DIRECTION('center_axis',(0.,0.,1.));
#11833=DIRECTION('ref_axis',(-0.746286378929034,0.665624999999993,0.));
#11834=DIRECTION('',(0.,0.,1.));
#11835=DIRECTION('',(0.,0.,-1.));
#11836=DIRECTION('center_axis',(0.,1.,0.));
#11837=DIRECTION('ref_axis',(-1.,0.,7.45885382729435E-17));
#11838=DIRECTION('center_axis',(0.,0.,1.));
#11839=DIRECTION('ref_axis',(0.,-1.,0.));
#11840=DIRECTION('',(0.,1.,0.));
#11841=DIRECTION('',(0.,-1.,0.));
#11842=DIRECTION('center_axis',(0.,0.,-1.));
#11843=DIRECTION('ref_axis',(0.,1.,0.));
#11844=DIRECTION('',(0.,-1.,0.));
#11845=DIRECTION('',(0.,1.,0.));
#11846=DIRECTION('center_axis',(1.,0.,0.));
#11847=DIRECTION('ref_axis',(0.,0.,-1.));
#11848=DIRECTION('center_axis',(-1.,0.,0.));
#11849=DIRECTION('ref_axis',(0.,-1.,0.));
#11850=DIRECTION('',(0.,-1.,0.));
#11851=DIRECTION('',(0.,0.,1.));
#11852=DIRECTION('',(0.,1.,0.));
#11853=DIRECTION('center_axis',(0.,-2.84217094304034E-15,1.));
#11854=DIRECTION('ref_axis',(0.,1.,2.84217094304034E-15));
#11855=DIRECTION('',(3.37331384199899E-16,-1.,-2.84217094304034E-15));
#11856=DIRECTION('center_axis',(0.,2.84217094304034E-15,-1.));
#11857=DIRECTION('ref_axis',(-1.,0.,0.));
#11858=DIRECTION('',(1.,0.,0.));
#11859=DIRECTION('',(0.,1.,3.99181312224756E-15));
#11860=DIRECTION('',(1.,0.,0.));
#11861=DIRECTION('',(-1.,0.,0.));
#11862=DIRECTION('',(1.,0.,0.));
#11863=DIRECTION('',(0.,1.,3.99181312224756E-15));
#11864=DIRECTION('',(-1.,0.,0.));
#11865=DIRECTION('',(0.,1.,0.));
#11866=DIRECTION('',(1.,0.,0.));
#11867=DIRECTION('',(0.,-1.,-2.84217094304034E-15));
#11868=DIRECTION('center_axis',(0.,-1.,0.));
#11869=DIRECTION('ref_axis',(0.,0.,1.));
#11870=DIRECTION('',(0.,0.,1.));
#11871=DIRECTION('',(0.,0.,-1.));
#11872=DIRECTION('',(-1.,0.,0.));
#11873=DIRECTION('center_axis',(1.,0.,0.));
#11874=DIRECTION('ref_axis',(0.,0.,-1.));
#11875=DIRECTION('',(0.,-1.,0.));
#11876=DIRECTION('center_axis',(0.,0.,-1.));
#11877=DIRECTION('ref_axis',(0.,-1.,0.));
#11878=DIRECTION('',(0.,-1.,0.));
#11879=DIRECTION('center_axis',(0.,-1.,2.58191401075618E-16));
#11880=DIRECTION('ref_axis',(0.,2.58191401075618E-16,1.));
#11881=DIRECTION('',(0.,0.,1.));
#11882=DIRECTION('',(-1.,0.,0.));
#11883=DIRECTION('',(-1.,0.,0.));
#11884=DIRECTION('',(0.,2.58191401075618E-16,1.));
#11885=DIRECTION('',(-1.,0.,0.));
#11886=DIRECTION('',(0.,0.,1.));
#11887=DIRECTION('',(-1.,0.,0.));
#11888=DIRECTION('',(0.,0.,1.));
#11889=DIRECTION('',(-1.,0.,0.));
#11890=DIRECTION('center_axis',(0.,-1.,0.));
#11891=DIRECTION('ref_axis',(0.,0.,1.));
#11892=DIRECTION('',(0.,0.,1.));
#11893=DIRECTION('',(-1.,0.,0.));
#11894=DIRECTION('',(-1.,0.,0.));
#11895=DIRECTION('',(-1.,0.,0.));
#11896=DIRECTION('',(0.,0.,1.));
#11897=DIRECTION('',(-1.,0.,0.));
#11898=DIRECTION('center_axis',(0.,0.,1.));
#11899=DIRECTION('ref_axis',(0.,1.,0.));
#11900=DIRECTION('',(0.,1.,0.));
#11901=DIRECTION('',(-1.,0.,0.));
#11902=DIRECTION('center_axis',(0.,-1.,0.));
#11903=DIRECTION('ref_axis',(0.,0.,1.));
#11904=DIRECTION('',(0.,0.,1.));
#11905=DIRECTION('',(-1.,0.,0.));
#11906=DIRECTION('',(0.,0.,-1.));
#11907=DIRECTION('',(-1.,0.,0.));
#11908=DIRECTION('',(0.,0.,1.));
#11909=DIRECTION('',(-1.,0.,0.));
#11910=DIRECTION('center_axis',(0.,0.,1.));
#11911=DIRECTION('ref_axis',(0.,1.,0.));
#11912=DIRECTION('',(0.,-1.,0.));
#11913=DIRECTION('',(-1.,0.,0.));
#11914=DIRECTION('',(0.,1.,0.));
#11915=DIRECTION('',(-1.,0.,0.));
#11916=DIRECTION('center_axis',(0.,1.,7.38828392027577E-16));
#11917=DIRECTION('ref_axis',(0.,7.38828392027577E-16,-1.));
#11918=DIRECTION('',(0.,0.,-1.));
#11919=DIRECTION('',(-1.,0.,0.));
#11920=DIRECTION('',(0.,-7.38828392027577E-16,1.));
#11921=DIRECTION('center_axis',(0.,0.,1.));
#11922=DIRECTION('ref_axis',(0.,1.,0.));
#11923=DIRECTION('',(-1.,0.,0.));
#11924=DIRECTION('',(0.,-1.,0.));
#11925=DIRECTION('center_axis',(0.,0.,1.));
#11926=DIRECTION('ref_axis',(0.,1.,0.));
#11927=DIRECTION('',(0.,1.,0.));
#11928=DIRECTION('center_axis',(0.,0.,-1.));
#11929=DIRECTION('ref_axis',(0.,-1.,0.));
#11930=DIRECTION('',(0.,1.,0.));
#11931=DIRECTION('',(-1.,0.,0.));
#11932=DIRECTION('',(0.,1.,0.));
#11933=DIRECTION('center_axis',(9.62011291012957E-17,0.991279132668325,
-0.131778910058986));
#11934=DIRECTION('ref_axis',(0.,0.131778910058986,0.991279132668325));
#11935=DIRECTION('',(0.,0.131778910058986,0.991279132668325));
#11936=DIRECTION('',(1.,-9.70474671875131E-17,0.));
#11937=DIRECTION('center_axis',(9.70474671875131E-17,1.,3.64007549057428E-16));
#11938=DIRECTION('ref_axis',(0.,-3.64007549057428E-16,1.));
#11939=DIRECTION('center_axis',(1.,0.,0.));
#11940=DIRECTION('ref_axis',(0.,0.,-1.));
#11941=DIRECTION('',(0.,0.,1.));
#11942=DIRECTION('',(0.,-1.,0.));
#11943=DIRECTION('',(0.,1.,0.));
#11944=DIRECTION('center_axis',(0.,0.,1.));
#11945=DIRECTION('ref_axis',(0.,1.,0.));
#11946=DIRECTION('',(-1.,0.,0.));
#11947=DIRECTION('',(0.,-1.,0.));
#11948=DIRECTION('center_axis',(0.,1.,0.));
#11949=DIRECTION('ref_axis',(0.,0.,-1.));
#11950=DIRECTION('',(-1.,0.,0.));
#11951=DIRECTION('',(0.,0.,1.));
#11952=DIRECTION('center_axis',(0.,0.,-1.));
#11953=DIRECTION('ref_axis',(0.,-1.,0.));
#11954=DIRECTION('',(0.,1.,0.));
#11955=DIRECTION('center_axis',(1.,0.,0.));
#11956=DIRECTION('ref_axis',(0.,0.,-1.));
#11957=DIRECTION('',(0.,0.,1.));
#11958=DIRECTION('',(0.,-1.,0.));
#11959=DIRECTION('',(0.,-1.,0.));
#11960=DIRECTION('center_axis',(0.,0.,1.));
#11961=DIRECTION('ref_axis',(0.,1.,0.));
#11962=DIRECTION('',(-1.,0.,0.));
#11963=DIRECTION('',(0.,-1.,0.));
#11964=DIRECTION('center_axis',(0.,1.,0.));
#11965=DIRECTION('ref_axis',(0.,0.,-1.));
#11966=DIRECTION('',(-1.,0.,0.));
#11967=DIRECTION('',(0.,0.,1.));
#11968=DIRECTION('center_axis',(1.,0.,0.));
#11969=DIRECTION('ref_axis',(0.,0.,-1.));
#11970=DIRECTION('',(0.,0.,1.));
#11971=DIRECTION('',(0.,-1.,0.));
#11972=DIRECTION('center_axis',(0.,0.,1.));
#11973=DIRECTION('ref_axis',(0.,1.,0.));
#11974=DIRECTION('',(0.,1.,0.));
#11975=DIRECTION('',(-1.,0.,0.));
#11976=DIRECTION('',(0.,-1.,0.));
#11977=DIRECTION('center_axis',(0.,1.,0.));
#11978=DIRECTION('ref_axis',(0.,0.,-1.));
#11979=DIRECTION('',(0.,0.,-1.));
#11980=DIRECTION('',(-1.,0.,0.));
#11981=DIRECTION('',(0.,0.,1.));
#11982=DIRECTION('',(-1.,0.,0.));
#11983=DIRECTION('',(0.,0.,1.));
#11984=DIRECTION('center_axis',(0.,0.,-1.));
#11985=DIRECTION('ref_axis',(0.,-1.,0.));
#11986=DIRECTION('',(0.,1.,0.));
#11987=DIRECTION('center_axis',(0.,0.,1.));
#11988=DIRECTION('ref_axis',(0.,1.,0.));
#11989=DIRECTION('',(-1.,0.,0.));
#11990=DIRECTION('',(0.,-1.,0.));
#11991=DIRECTION('center_axis',(0.,1.,0.));
#11992=DIRECTION('ref_axis',(0.,0.,-1.));
#11993=DIRECTION('',(0.,0.,1.));
#11994=DIRECTION('center_axis',(1.,0.,0.));
#11995=DIRECTION('ref_axis',(0.,0.,-1.));
#11996=DIRECTION('',(0.,-1.,0.));
#11997=DIRECTION('center_axis',(0.,0.,1.));
#11998=DIRECTION('ref_axis',(0.,1.,0.));
#11999=DIRECTION('',(0.,-1.,0.));
#12000=DIRECTION('',(0.,-1.,0.));
#12001=DIRECTION('center_axis',(1.,0.,0.));
#12002=DIRECTION('ref_axis',(0.,0.,-1.));
#12003=DIRECTION('center_axis',(1.,0.,0.));
#12004=DIRECTION('ref_axis',(0.,0.,-1.));
#12005=DIRECTION('',(0.,0.,-1.));
#12006=DIRECTION('',(0.,1.,0.));
#12007=DIRECTION('center_axis',(0.,0.,1.));
#12008=DIRECTION('ref_axis',(0.,1.,0.));
#12009=DIRECTION('',(1.,0.,0.));
#12010=DIRECTION('',(0.,-1.,0.));
#12011=DIRECTION('',(0.,-1.,0.));
#12012=DIRECTION('',(-1.,0.,0.));
#12013=DIRECTION('',(0.,1.,0.));
#12014=DIRECTION('',(-1.,0.,0.));
#12015=DIRECTION('',(0.,-1.,0.));
#12016=DIRECTION('center_axis',(0.,0.,-1.));
#12017=DIRECTION('ref_axis',(-1.,0.,0.));
#12018=DIRECTION('',(0.,-1.,0.));
#12019=DIRECTION('',(0.,1.,0.));
#12020=DIRECTION('center_axis',(-1.,0.,0.));
#12021=DIRECTION('ref_axis',(0.,0.,1.));
#12022=DIRECTION('',(0.,1.,0.));
#12023=DIRECTION('',(0.,0.,-1.));
#12024=DIRECTION('center_axis',(-1.,0.,0.));
#12025=DIRECTION('ref_axis',(0.,0.,1.));
#12026=DIRECTION('',(0.,1.,0.));
#12027=DIRECTION('center_axis',(-1.,0.,0.));
#12028=DIRECTION('ref_axis',(0.,0.,1.));
#12029=DIRECTION('',(0.,1.,0.));
#12030=DIRECTION('',(0.,0.,1.));
#12031=DIRECTION('',(0.,1.,0.));
#12032=DIRECTION('',(0.,0.,-1.));
#12033=DIRECTION('center_axis',(-1.,0.,0.));
#12034=DIRECTION('ref_axis',(0.,0.,1.));
#12035=DIRECTION('',(0.,0.,1.));
#12036=DIRECTION('',(0.,1.,0.));
#12037=DIRECTION('',(0.,0.,-1.));
#12038=DIRECTION('',(0.,1.,0.));
#12039=DIRECTION('center_axis',(0.,0.,1.));
#12040=DIRECTION('ref_axis',(1.,0.,0.));
#12041=DIRECTION('center_axis',(0.,0.,1.));
#12042=DIRECTION('ref_axis',(-1.,0.,0.));
#12043=DIRECTION('',(-1.,0.,0.));
#12044=DIRECTION('',(0.,1.,0.));
#12045=DIRECTION('center_axis',(-1.,0.,0.));
#12046=DIRECTION('ref_axis',(0.,0.,1.));
#12047=DIRECTION('',(0.,0.,-1.));
#12048=DIRECTION('',(0.,0.,1.));
#12049=DIRECTION('',(0.,1.,0.));
#12050=DIRECTION('center_axis',(0.,0.,-1.));
#12051=DIRECTION('ref_axis',(-1.,0.,0.));
#12052=DIRECTION('center_axis',(0.,0.,-1.));
#12053=DIRECTION('ref_axis',(-1.,0.,0.));
#12054=DIRECTION('',(-1.,0.,0.));
#12055=DIRECTION('center_axis',(0.,0.,1.));
#12056=DIRECTION('ref_axis',(-1.,0.,0.));
#12057=DIRECTION('center_axis',(0.,-0.104528463267657,0.994521895368273));
#12058=DIRECTION('ref_axis',(0.,-0.994521895368273,-0.104528463267657));
#12059=DIRECTION('center_axis',(0.,0.,1.));
#12060=DIRECTION('ref_axis',(-1.,0.,0.));
#12061=DIRECTION('',(0.,0.,1.));
#12062=DIRECTION('center_axis',(0.,0.559192903470745,0.829037572555043));
#12063=DIRECTION('ref_axis',(0.,0.829037572555043,-0.559192903470745));
#12064=DIRECTION('',(0.,0.,1.));
#12065=DIRECTION('center_axis',(0.,-0.104528463267653,-0.994521895368274));
#12066=DIRECTION('ref_axis',(0.,-0.994521895368273,0.104528463267652));
#12067=DIRECTION('center_axis',(0.,-4.20439488615444E-15,1.));
#12068=DIRECTION('ref_axis',(0.0874999999999998,0.996164519544839,0.));
#12069=DIRECTION('',(0.,0.,-1.));
#12070=DIRECTION('center_axis',(0.,-0.55919290347075,-0.82903757255504));
#12071=DIRECTION('ref_axis',(1.43815093957805E-17,0.82903757255504,-0.55919290347075));
#12072=DIRECTION('',(0.,0.,1.));
#12073=DIRECTION('',(0.,0.,-1.));
#12074=DIRECTION('center_axis',(0.,-0.559192903470745,-0.829037572555043));
#12075=DIRECTION('ref_axis',(5.81545308519484E-5,-0.829037571153161,0.559192902525164));
#12076=DIRECTION('',(0.,0.,-1.));
#12077=DIRECTION('center_axis',(0.,-1.,0.));
#12078=DIRECTION('ref_axis',(0.,0.,1.));
#12079=DIRECTION('',(0.,0.,-1.));
#12080=DIRECTION('',(-1.,0.,0.));
#12081=DIRECTION('',(-1.,0.,0.));
#12082=DIRECTION('',(0.,0.,1.));
#12083=DIRECTION('',(-1.,0.,0.));
#12084=DIRECTION('',(-1.,0.,0.));
#12085=DIRECTION('',(0.,0.,-1.));
#12086=DIRECTION('',(1.,0.,0.));
#12087=DIRECTION('center_axis',(0.,-1.,0.));
#12088=DIRECTION('ref_axis',(1.,0.,0.));
#12089=DIRECTION('',(0.,-9.51619735393006E-15,1.));
#12090=DIRECTION('',(-1.,0.,0.));
#12091=DIRECTION('',(-1.,0.,0.));
#12092=DIRECTION('',(0.,-2.59954659424427E-14,1.));
#12093=DIRECTION('',(-1.,0.,0.));
#12094=DIRECTION('',(0.,-2.59954659424427E-14,1.));
#12095=DIRECTION('',(-1.,0.,0.));
#12096=DIRECTION('center_axis',(0.,0.559192903470745,0.829037572555043));
#12097=DIRECTION('ref_axis',(1.,0.,0.));
#12098=DIRECTION('',(3.34694822949373E-15,0.829037572555043,-0.559192903470745));
#12099=DIRECTION('',(0.,-0.829037572555043,0.559192903470745));
#12100=DIRECTION('center_axis',(0.,0.55919290347075,0.82903757255504));
#12101=DIRECTION('ref_axis',(0.,0.829037572555039,-0.55919290347075));
#12102=DIRECTION('',(-1.,0.,0.));
#12103=DIRECTION('',(-1.,0.,0.));
#12104=DIRECTION('center_axis',(0.,-1.,0.));
#12105=DIRECTION('ref_axis',(0.,0.,1.));
#12106=DIRECTION('',(-1.,0.,0.));
#12107=DIRECTION('center_axis',(0.,1.,0.));
#12108=DIRECTION('ref_axis',(0.,0.,-1.));
#12109=DIRECTION('',(0.,0.,-1.));
#12110=DIRECTION('center_axis',(-1.,0.,0.));
#12111=DIRECTION('ref_axis',(0.,-1.,0.));
#12112=DIRECTION('center_axis',(0.,0.104528463267657,-0.994521895368273));
#12113=DIRECTION('ref_axis',(0.,-0.994521895368273,-0.104528463267657));
#12114=DIRECTION('',(-1.,0.,0.));
#12115=DIRECTION('',(-1.,0.,0.));
#12116=DIRECTION('center_axis',(0.,1.,0.));
#12117=DIRECTION('ref_axis',(0.,0.,-1.));
#12118=DIRECTION('',(-1.,0.,0.));
#12119=DIRECTION('center_axis',(0.,0.104528463267653,0.994521895368274));
#12120=DIRECTION('ref_axis',(0.,0.994521895368274,-0.104528463267652));
#12121=DIRECTION('center_axis',(-1.,0.,0.));
#12122=DIRECTION('ref_axis',(0.,1.,0.));
#12123=DIRECTION('',(0.,0.,1.));
#12124=DIRECTION('',(0.,0.,1.));
#12125=DIRECTION('',(0.,0.,1.));
#12126=DIRECTION('',(0.,-1.,0.));
#12127=DIRECTION('',(0.,1.91693184107941E-15,1.));
#12128=DIRECTION('',(0.,1.,1.53159870453948E-15));
#12129=DIRECTION('',(0.,0.,-1.));
#12130=DIRECTION('',(0.,1.,1.8503717077086E-16));
#12131=DIRECTION('',(0.,0.,1.));
#12132=DIRECTION('',(0.,1.,1.53159870453948E-15));
#12133=DIRECTION('',(0.,0.,-1.));
#12134=DIRECTION('',(0.,1.,0.));
#12135=DIRECTION('',(0.,0.,1.));
#12136=DIRECTION('',(0.,0.,1.));
#12137=DIRECTION('center_axis',(1.,0.,0.));
#12138=DIRECTION('ref_axis',(0.,1.,0.));
#12139=DIRECTION('',(0.,0.,-1.));
#12140=DIRECTION('center_axis',(1.,0.,0.));
#12141=DIRECTION('ref_axis',(0.,-1.,0.));
#12142=DIRECTION('center_axis',(0.,0.,-1.));
#12143=DIRECTION('ref_axis',(0.,-1.,0.));
#12144=DIRECTION('center_axis',(0.,0.,1.));
#12145=DIRECTION('ref_axis',(-1.,0.,0.));
#12146=DIRECTION('',(0.,0.,-1.));
#12147=DIRECTION('center_axis',(0.,-6.66133814775091E-15,-1.));
#12148=DIRECTION('ref_axis',(-1.,0.,0.));
#12149=DIRECTION('',(0.,0.,1.));
#12150=DIRECTION('center_axis',(-1.,-3.37331384199899E-16,0.));
#12151=DIRECTION('ref_axis',(0.,0.,1.));
#12152=DIRECTION('',(3.37331384199899E-16,-1.,5.60954791389553E-15));
#12153=DIRECTION('',(0.,0.,-1.));
#12154=DIRECTION('',(-6.88510402868314E-16,1.,0.));
#12155=DIRECTION('',(0.,0.,-1.));
#12156=DIRECTION('',(3.37331384199899E-16,-1.,0.));
#12157=DIRECTION('',(0.,0.,1.));
#12158=DIRECTION('',(3.37331384199899E-16,-1.,6.66133814775091E-15));
#12159=DIRECTION('center_axis',(0.,0.,1.));
#12160=DIRECTION('ref_axis',(-1.,0.,0.));
#12161=DIRECTION('',(0.,0.,-1.));
#12162=DIRECTION('center_axis',(0.,0.,-1.));
#12163=DIRECTION('ref_axis',(-1.,0.,0.));
#12164=DIRECTION('',(0.,0.,1.));
#12165=DIRECTION('center_axis',(0.,0.,1.));
#12166=DIRECTION('ref_axis',(-1.,0.,0.));
#12167=DIRECTION('center_axis',(0.,0.,1.));
#12168=DIRECTION('ref_axis',(1.,0.,0.));
#12169=DIRECTION('',(-7.8851067089855E-17,-1.,0.));
#12170=DIRECTION('center_axis',(1.,-7.8851067089855E-17,0.));
#12171=DIRECTION('ref_axis',(7.8851067089855E-17,1.,0.));
#12172=DIRECTION('',(-6.53704972535482E-17,-0.829037572555043,0.559192903470745));
#12173=DIRECTION('',(-7.8851067089855E-17,-1.,0.));
#12174=DIRECTION('',(-8.98617713677629E-18,-0.113963925517153,0.993484888501441));
#12175=DIRECTION('',(0.,0.,1.));
#12176=DIRECTION('',(-3.02122262818399E-16,1.,0.));
#12177=DIRECTION('center_axis',(0.836244367385867,-0.548356962220241,0.));
#12178=DIRECTION('ref_axis',(-0.548356962220241,-0.836244367385867,0.));
#12179=DIRECTION('',(0.548356962220241,0.836244367385867,0.));
#12180=DIRECTION('',(0.,0.,-1.));
#12181=DIRECTION('',(-0.548356962220241,-0.836244367385867,0.));
#12182=DIRECTION('center_axis',(0.,0.,1.));
#12183=DIRECTION('ref_axis',(0.,1.,0.));
#12184=DIRECTION('',(1.,4.44089209850063E-15,0.));
#12185=DIRECTION('',(-1.,0.,0.));
#12186=DIRECTION('',(0.,-1.,0.));
#12187=DIRECTION('',(-1.,0.,0.));
#12188=DIRECTION('center_axis',(0.,-1.,-6.39685288426686E-15));
#12189=DIRECTION('ref_axis',(0.,-6.39685288426686E-15,1.));
#12190=DIRECTION('',(-1.,0.,0.));
#12191=DIRECTION('',(-2.48468449513077E-15,6.39685288426686E-15,-1.));
#12192=DIRECTION('',(-1.,0.,0.));
#12193=DIRECTION('',(-1.,0.,0.));
#12194=DIRECTION('',(0.,6.39685288426686E-15,-1.));
#12195=DIRECTION('center_axis',(0.,0.,-1.));
#12196=DIRECTION('ref_axis',(0.,-1.,0.));
#12197=DIRECTION('',(1.,0.,0.));
#12198=DIRECTION('',(0.,-1.,0.));
#12199=DIRECTION('',(0.,1.,0.));
#12200=DIRECTION('center_axis',(0.,4.20439488615444E-15,-1.));
#12201=DIRECTION('ref_axis',(0.,-1.,-4.20439488615444E-15));
#12202=DIRECTION('',(-1.,0.,0.));
#12203=DIRECTION('center_axis',(0.,1.,0.));
#12204=DIRECTION('ref_axis',(0.,0.,-1.));
#12205=DIRECTION('center_axis',(-1.,0.,0.));
#12206=DIRECTION('ref_axis',(0.,0.,1.));
#12207=DIRECTION('',(0.,0.113963925517153,-0.993484888501441));
#12208=DIRECTION('',(0.,1.,0.));
#12209=DIRECTION('',(3.34694822949373E-15,0.829037572555043,-0.559192903470745));
#12210=DIRECTION('',(0.,0.,-1.));
#12211=DIRECTION('center_axis',(0.,0.,-1.));
#12212=DIRECTION('ref_axis',(0.,-1.,0.));
#12213=DIRECTION('',(-1.,0.,0.));
#12214=DIRECTION('',(-1.,0.,0.));
#12215=DIRECTION('center_axis',(1.,0.,0.));
#12216=DIRECTION('ref_axis',(0.,0.,-1.));
#12217=DIRECTION('',(0.,1.,0.));
#12218=DIRECTION('',(0.,0.,1.));
#12219=DIRECTION('center_axis',(0.,-1.,0.));
#12220=DIRECTION('ref_axis',(0.,0.,1.));
#12221=DIRECTION('',(-1.,0.,0.));
#12222=DIRECTION('',(0.,0.,1.));
#12223=DIRECTION('',(1.,0.,0.));
#12224=DIRECTION('',(0.,0.,1.));
#12225=DIRECTION('',(-1.,0.,0.));
#12226=DIRECTION('',(0.,0.,1.));
#12227=DIRECTION('',(1.,0.,0.));
#12228=DIRECTION('',(0.,0.,-1.));
#12229=DIRECTION('center_axis',(0.,-1.,0.));
#12230=DIRECTION('ref_axis',(0.,0.,1.));
#12231=DIRECTION('',(0.,0.,1.));
#12232=DIRECTION('',(-1.,0.,0.));
#12233=DIRECTION('',(0.,0.,1.));
#12234=DIRECTION('',(-1.,0.,0.));
#12235=DIRECTION('center_axis',(-1.,0.,0.));
#12236=DIRECTION('ref_axis',(0.,0.,1.));
#12237=DIRECTION('',(0.,1.,0.));
#12238=DIRECTION('',(0.,-1.,0.));
#12239=DIRECTION('center_axis',(0.,0.,-1.));
#12240=DIRECTION('ref_axis',(-1.,0.,0.));
#12241=DIRECTION('',(0.,-1.,0.));
#12242=DIRECTION('',(1.,0.,0.));
#12243=DIRECTION('',(0.,-1.,0.));
#12244=DIRECTION('',(-1.,2.73285667600039E-15,0.));
#12245=DIRECTION('',(-0.36206896551725,0.932151309718153,0.));
#12246=DIRECTION('',(0.,1.,0.));
#12247=DIRECTION('center_axis',(0.,0.,-1.));
#12248=DIRECTION('ref_axis',(0.,-1.,0.));
#12249=DIRECTION('',(0.,-1.,0.));
#12250=DIRECTION('center_axis',(0.,0.,1.));
#12251=DIRECTION('ref_axis',(0.,-1.,0.));
#12252=DIRECTION('',(0.36206896551725,-0.932151309718153,0.));
#12253=DIRECTION('',(0.,-1.,0.));
#12254=DIRECTION('center_axis',(-1.,0.,0.));
#12255=DIRECTION('ref_axis',(0.,0.,1.));
#12256=DIRECTION('center_axis',(-1.,0.,0.));
#12257=DIRECTION('ref_axis',(0.,0.,1.));
#12258=DIRECTION('center_axis',(0.,-0.993484888501441,-0.113963925517153));
#12259=DIRECTION('ref_axis',(0.,0.113963925517153,-0.993484888501441));
#12260=DIRECTION('',(1.,0.,0.));
#12261=DIRECTION('center_axis',(0.,1.,0.));
#12262=DIRECTION('ref_axis',(0.,0.,1.));
#12263=DIRECTION('',(0.,0.,1.));
#12264=DIRECTION('center_axis',(1.,0.,0.));
#12265=DIRECTION('ref_axis',(0.,0.,-1.));
#12266=DIRECTION('',(0.,1.,3.99181312224771E-15));
#12267=DIRECTION('',(0.,0.,1.));
#12268=DIRECTION('',(0.,-1.,0.));
#12269=DIRECTION('',(0.,0.,-1.));
#12270=DIRECTION('center_axis',(0.,0.,-1.));
#12271=DIRECTION('ref_axis',(0.,-1.,0.));
#12272=DIRECTION('',(-1.,0.,0.));
#12273=DIRECTION('',(0.,1.,0.));
#12274=DIRECTION('',(-1.,0.,0.));
#12275=DIRECTION('',(0.,-1.,0.));
#12276=DIRECTION('',(0.,1.,0.));
#12277=DIRECTION('',(-1.,0.,0.));
#12278=DIRECTION('center_axis',(0.,-1.,0.));
#12279=DIRECTION('ref_axis',(0.,0.,1.));
#12280=DIRECTION('',(-1.,0.,0.));
#12281=DIRECTION('',(0.,0.,-1.));
#12282=DIRECTION('center_axis',(-1.,0.,0.));
#12283=DIRECTION('ref_axis',(0.,0.,1.));
#12284=DIRECTION('',(0.,-1.,-3.99181312224771E-15));
#12285=DIRECTION('',(0.,0.,1.));
#12286=DIRECTION('center_axis',(0.,1.,0.));
#12287=DIRECTION('ref_axis',(0.,0.,-1.));
#12288=DIRECTION('',(0.,0.,-1.));
#12289=DIRECTION('',(0.,0.,1.));
#12290=DIRECTION('center_axis',(-1.,0.,0.));
#12291=DIRECTION('ref_axis',(0.,0.,1.));
#12292=DIRECTION('',(0.,1.,-5.60954791389553E-15));
#12293=DIRECTION('center_axis',(-1.,0.,0.));
#12294=DIRECTION('ref_axis',(0.,0.,1.));
#12295=DIRECTION('',(0.,0.,1.));
#12296=DIRECTION('',(0.,-1.,-3.99181312224771E-15));
#12297=DIRECTION('center_axis',(1.,0.,0.));
#12298=DIRECTION('ref_axis',(0.,0.,-1.));
#12299=DIRECTION('',(0.,1.,3.99181312224771E-15));
#12300=DIRECTION('',(0.,-1.,0.));
#12301=DIRECTION('',(0.,0.,1.));
#12302=DIRECTION('center_axis',(1.,0.,0.));
#12303=DIRECTION('ref_axis',(0.,0.,-1.));
#12304=DIRECTION('center_axis',(0.,-3.99181312224771E-15,1.));
#12305=DIRECTION('ref_axis',(0.,1.,3.99181312224771E-15));
#12306=DIRECTION('',(-1.,0.,0.));
#12307=DIRECTION('',(1.,0.,0.));
#12308=DIRECTION('center_axis',(0.,1.,0.));
#12309=DIRECTION('ref_axis',(0.,0.,-1.));
#12310=DIRECTION('',(-1.,0.,0.));
#12311=DIRECTION('',(0.,0.,-1.));
#12312=DIRECTION('',(-1.,0.,0.));
#12313=DIRECTION('center_axis',(4.44089209850063E-15,-1.,0.));
#12314=DIRECTION('ref_axis',(-1.,-4.44089209850063E-15,0.));
#12315=DIRECTION('',(-1.,-4.44089209850063E-15,0.));
#12316=DIRECTION('center_axis',(0.,0.,-1.));
#12317=DIRECTION('ref_axis',(0.,1.,0.));
#12318=DIRECTION('',(1.,0.,0.));
#12319=DIRECTION('center_axis',(0.,-6.66133814775091E-15,-1.));
#12320=DIRECTION('ref_axis',(0.,-1.,6.66133814775091E-15));
#12321=DIRECTION('',(-1.,0.,0.));
#12322=DIRECTION('',(-0.362068965517249,0.932151309718154,-6.20937507890151E-15));
#12323=DIRECTION('center_axis',(-0.932151309718154,-0.362068965517249,0.));
#12324=DIRECTION('ref_axis',(-0.362068965517249,0.932151309718154,0.));
#12325=DIRECTION('',(0.,0.,-1.));
#12326=DIRECTION('',(0.362068965517249,-0.932151309718154,0.));
#12327=DIRECTION('center_axis',(0.,0.,1.));
#12328=DIRECTION('ref_axis',(0.,1.,0.));
#12329=DIRECTION('',(-1.,0.,0.));
#12330=DIRECTION('',(0.,1.,0.));
#12331=DIRECTION('center_axis',(-1.,0.,0.));
#12332=DIRECTION('ref_axis',(0.,0.,1.));
#12333=DIRECTION('',(0.,0.,1.));
#12334=DIRECTION('',(0.,-1.,0.));
#12335=DIRECTION('',(0.,0.,1.));
#12336=DIRECTION('center_axis',(0.,1.,0.));
#12337=DIRECTION('ref_axis',(0.,0.,-1.));
#12338=DIRECTION('',(-1.,0.,0.));
#12339=DIRECTION('center_axis',(0.,0.,1.));
#12340=DIRECTION('ref_axis',(0.,1.,0.));
#12341=DIRECTION('',(0.,1.,0.));
#12342=DIRECTION('',(0.,-1.,0.));
#12343=DIRECTION('',(1.,-4.57150657198594E-15,0.));
#12344=DIRECTION('center_axis',(0.,0.,1.));
#12345=DIRECTION('ref_axis',(0.,1.,0.));
#12346=DIRECTION('',(-0.36206896551725,0.932151309718153,0.));
#12347=DIRECTION('',(-1.,0.,0.));
#12348=DIRECTION('',(0.36206896551725,-0.932151309718153,0.));
#12349=DIRECTION('',(-1.,0.,0.));
#12350=DIRECTION('center_axis',(0.,-5.60954791389553E-15,-1.));
#12351=DIRECTION('ref_axis',(0.,-1.,5.60954791389553E-15));
#12352=DIRECTION('center_axis',(0.,1.,0.));
#12353=DIRECTION('ref_axis',(0.,0.,-1.));
#12354=DIRECTION('center_axis',(0.,0.,1.));
#12355=DIRECTION('ref_axis',(0.,1.,0.));
#12356=DIRECTION('',(0.,-1.,0.));
#12357=DIRECTION('',(-1.,0.,0.));
#12358=DIRECTION('',(0.,1.,0.));
#12359=DIRECTION('',(-1.,0.,0.));
#12360=DIRECTION('',(0.,-1.,0.));
#12361=DIRECTION('',(1.,0.,0.));
#12362=DIRECTION('center_axis',(0.,-0.559192903470745,-0.829037572555043));
#12363=DIRECTION('ref_axis',(0.,-0.829037572555043,0.559192903470745));
#12364=DIRECTION('center_axis',(-4.57150657198594E-15,-1.,0.));
#12365=DIRECTION('ref_axis',(1.,-4.57150657198594E-15,0.));
#12366=DIRECTION('',(0.,0.,-1.));
#12367=DIRECTION('',(1.,-4.57150657198594E-15,0.));
#12368=DIRECTION('',(0.,0.,-1.));
#12369=DIRECTION('center_axis',(0.,-1.,0.));
#12370=DIRECTION('ref_axis',(0.,0.,1.));
#12371=DIRECTION('',(0.,0.,-1.));
#12372=DIRECTION('center_axis',(0.,1.,0.));
#12373=DIRECTION('ref_axis',(0.,0.,-1.));
#12374=DIRECTION('center_axis',(0.,1.,0.));
#12375=DIRECTION('ref_axis',(1.,0.,0.));
#12376=DIRECTION('',(0.,0.,-1.));
#12377=DIRECTION('',(1.,0.,0.));
#12378=DIRECTION('',(0.,0.,1.));
#12379=DIRECTION('',(1.,0.,0.));
#12380=DIRECTION('',(0.,0.,-1.));
#12381=DIRECTION('center_axis',(0.,1.,0.));
#12382=DIRECTION('ref_axis',(0.,0.,-1.));
#12383=DIRECTION('',(0.,0.,1.));
#12384=DIRECTION('',(-1.,0.,0.));
#12385=DIRECTION('',(0.,0.,-1.));
#12386=DIRECTION('',(0.,0.,-1.));
#12387=DIRECTION('center_axis',(0.,0.,-1.));
#12388=DIRECTION('ref_axis',(-1.,0.,0.));
#12389=DIRECTION('',(1.,0.,0.));
#12390=DIRECTION('',(-1.,0.,0.));
#12391=DIRECTION('',(0.,1.,0.));
#12392=DIRECTION('center_axis',(-0.932151309718153,-0.36206896551725,0.));
#12393=DIRECTION('ref_axis',(0.36206896551725,-0.932151309718153,0.));
#12394=DIRECTION('',(0.,0.,-1.));
#12395=DIRECTION('',(0.36206896551725,-0.932151309718153,0.));
#12396=DIRECTION('',(0.,0.,1.));
#12397=DIRECTION('',(-0.36206896551725,0.932151309718153,0.));
#12398=DIRECTION('',(0.,0.,-1.));
#12399=DIRECTION('',(0.36206896551725,-0.932151309718153,6.13271612731017E-15));
#12400=DIRECTION('',(0.,0.,-1.));
#12401=DIRECTION('',(0.36206896551725,-0.932151309718153,0.));
#12402=DIRECTION('',(0.,0.,1.));
#12403=DIRECTION('',(-0.36206896551725,0.932151309718153,0.));
#12404=DIRECTION('',(0.,0.,-1.));
#12405=DIRECTION('',(0.36206896551725,-0.932151309718153,0.));
#12406=DIRECTION('',(0.,0.,1.));
#12407=DIRECTION('',(-0.125458974340199,0.322995778111066,-0.938047852233526));
#12408=DIRECTION('',(-0.36206896551725,0.932151309718153,0.));
#12409=DIRECTION('',(0.,0.,1.));
#12410=DIRECTION('',(0.36206896551725,-0.932151309718153,3.26809214679028E-16));
#12411=DIRECTION('',(0.36206896551725,-0.932151309718153,0.));
#12412=DIRECTION('',(0.,0.,1.));
#12413=DIRECTION('',(-0.36206896551725,0.932151309718153,0.));
#12414=DIRECTION('',(0.,0.,-1.));
#12415=DIRECTION('',(0.36206896551725,-0.932151309718153,0.));
#12416=DIRECTION('',(0.,0.,1.));
#12417=DIRECTION('',(-0.36206896551725,0.932151309718153,0.));
#12418=DIRECTION('',(0.,0.,-1.));
#12419=DIRECTION('',(0.36206896551725,-0.932151309718153,0.));
#12420=DIRECTION('',(4.4976481344835E-16,-1.15792542263898E-15,1.));
#12421=DIRECTION('',(-0.36206896551725,0.932151309718153,-9.39871343598016E-16));
#12422=DIRECTION('',(-2.24882406724175E-16,5.78962711319491E-16,-1.));
#12423=DIRECTION('',(0.36206896551725,-0.932151309718153,9.39871343598015E-16));
#12424=DIRECTION('',(6.4316368323114E-16,-1.65583335437374E-15,1.));
#12425=DIRECTION('',(-0.36206896551725,0.932151309718153,-4.69935671799008E-15));
#12426=DIRECTION('',(-6.43163683231143E-16,1.65583335437375E-15,-1.));
#12427=DIRECTION('center_axis',(0.,0.,-1.));
#12428=DIRECTION('ref_axis',(-1.,0.,0.));
#12429=DIRECTION('',(-1.,0.,0.));
#12430=DIRECTION('',(-3.37331384199899E-16,1.,0.));
#12431=DIRECTION('center_axis',(1.,3.37331384199899E-16,0.));
#12432=DIRECTION('ref_axis',(0.,0.,-1.));
#12433=DIRECTION('',(0.,0.,-1.));
#12434=DIRECTION('',(3.37331384199899E-16,-1.,0.));
#12435=DIRECTION('',(0.,0.,1.));
#12436=DIRECTION('center_axis',(0.,-1.,5.28677630773886E-16));
#12437=DIRECTION('ref_axis',(0.,5.28677630773886E-16,1.));
#12438=DIRECTION('',(0.,5.28677630773886E-16,1.));
#12439=DIRECTION('',(-1.,0.,0.));
#12440=DIRECTION('',(0.,-5.28677630773886E-16,-1.));
#12441=DIRECTION('',(1.,0.,0.));
#12442=DIRECTION('center_axis',(0.,0.,1.));
#12443=DIRECTION('ref_axis',(0.,1.,0.));
#12444=DIRECTION('',(0.,1.,0.));
#12445=DIRECTION('',(0.,-1.,0.));
#12446=DIRECTION('',(1.,0.,0.));
#12447=DIRECTION('center_axis',(0.,0.,1.));
#12448=DIRECTION('ref_axis',(0.,1.,0.));
#12449=DIRECTION('',(0.,1.,0.));
#12450=DIRECTION('',(1.,0.,0.));
#12451=DIRECTION('',(0.,-1.,0.));
#12452=DIRECTION('',(0.,-1.,0.));
#12453=DIRECTION('center_axis',(0.,-1.,0.));
#12454=DIRECTION('ref_axis',(0.,0.,-1.));
#12455=DIRECTION('',(0.,0.,1.));
#12456=DIRECTION('',(-1.,0.,0.));
#12457=DIRECTION('',(0.,0.,-1.));
#12458=DIRECTION('center_axis',(-1.,0.,0.));
#12459=DIRECTION('ref_axis',(0.,0.,1.));
#12460=DIRECTION('',(0.,-1.,0.));
#12461=DIRECTION('',(0.,1.19378819852167E-16,-1.));
#12462=DIRECTION('center_axis',(1.,0.,0.));
#12463=DIRECTION('ref_axis',(0.,-1.,0.));
#12464=DIRECTION('',(0.,-1.,0.));
#12465=DIRECTION('',(0.,0.,1.));
#12466=DIRECTION('',(0.,1.,0.));
#12467=DIRECTION('',(0.,-1.19378819852167E-16,1.));
#12468=DIRECTION('center_axis',(0.,-1.,0.));
#12469=DIRECTION('ref_axis',(0.,0.,-1.));
#12470=DIRECTION('',(0.,0.,-1.));
#12471=DIRECTION('',(-1.,0.,0.));
#12472=DIRECTION('',(1.,0.,0.));
#12473=DIRECTION('center_axis',(0.,-1.,0.));
#12474=DIRECTION('ref_axis',(0.,0.,-1.));
#12475=DIRECTION('',(1.,0.,0.));
#12476=DIRECTION('',(0.,0.,-1.));
#12477=DIRECTION('',(1.,0.,0.));
#12478=DIRECTION('',(0.,0.,-1.));
#12479=DIRECTION('center_axis',(-1.,0.,0.));
#12480=DIRECTION('ref_axis',(0.,0.,1.));
#12481=DIRECTION('',(0.,0.,1.));
#12482=DIRECTION('',(0.,-1.,0.));
#12483=DIRECTION('',(0.,0.,-1.));
#12484=DIRECTION('',(0.,0.,-1.));
#12485=DIRECTION('',(0.,1.,0.));
#12486=DIRECTION('',(0.,0.,1.));
#12487=DIRECTION('',(0.,1.,0.));
#12488=DIRECTION('',(0.,0.,1.));
#12489=DIRECTION('',(0.,-1.,0.));
#12490=DIRECTION('',(0.,0.,1.));
#12491=DIRECTION('',(0.,-1.,0.));
#12492=DIRECTION('',(0.,0.,-1.));
#12493=DIRECTION('center_axis',(0.,-1.,0.));
#12494=DIRECTION('ref_axis',(0.,0.,-1.));
#12495=DIRECTION('',(1.,0.,0.));
#12496=DIRECTION('',(1.,0.,0.));
#12497=DIRECTION('',(0.,0.,-1.));
#12498=DIRECTION('center_axis',(0.,0.,-1.));
#12499=DIRECTION('ref_axis',(0.,1.,0.));
#12500=DIRECTION('',(-1.,0.,0.));
#12501=DIRECTION('',(0.,1.,0.));
#12502=DIRECTION('',(1.,0.,0.));
#12503=DIRECTION('center_axis',(0.,1.,0.));
#12504=DIRECTION('ref_axis',(0.,0.,1.));
#12505=DIRECTION('',(0.,0.,1.));
#12506=DIRECTION('',(1.,0.,0.));
#12507=DIRECTION('center_axis',(0.,0.,1.));
#12508=DIRECTION('ref_axis',(0.,-1.,0.));
#12509=DIRECTION('',(0.,-1.,0.));
#12510=DIRECTION('',(1.,0.,0.));
#12511=DIRECTION('center_axis',(0.,0.,-1.));
#12512=DIRECTION('ref_axis',(0.,1.,0.));
#12513=DIRECTION('',(-1.,0.,0.));
#12514=DIRECTION('',(0.,1.,0.));
#12515=DIRECTION('',(1.,0.,0.));
#12516=DIRECTION('center_axis',(0.,1.,0.));
#12517=DIRECTION('ref_axis',(0.,0.,1.));
#12518=DIRECTION('',(0.,0.,1.));
#12519=DIRECTION('center_axis',(0.,1.,0.));
#12520=DIRECTION('ref_axis',(0.,0.,1.));
#12521=DIRECTION('',(-1.,0.,0.));
#12522=DIRECTION('',(0.,0.,1.));
#12523=DIRECTION('',(1.,0.,0.));
#12524=DIRECTION('',(0.,0.,1.));
#12525=DIRECTION('center_axis',(0.,0.,1.));
#12526=DIRECTION('ref_axis',(0.,-1.,0.));
#12527=DIRECTION('',(0.,-1.,0.));
#12528=DIRECTION('center_axis',(0.,1.,0.));
#12529=DIRECTION('ref_axis',(0.,0.,1.));
#12530=DIRECTION('',(1.,0.,0.));
#12531=DIRECTION('',(0.,0.,-1.));
#12532=DIRECTION('',(1.,0.,0.));
#12533=DIRECTION('center_axis',(0.,0.,1.));
#12534=DIRECTION('ref_axis',(1.,0.,0.));
#12535=DIRECTION('',(1.,0.,0.));
#12536=DIRECTION('',(0.,1.,0.));
#12537=DIRECTION('',(-1.,0.,0.));
#12538=DIRECTION('',(0.,-1.,0.));
#12539=DIRECTION('center_axis',(0.,0.945518575599317,0.325568154457156));
#12540=DIRECTION('ref_axis',(0.,-0.325568154457156,0.945518575599317));
#12541=DIRECTION('',(-1.,2.73285667600039E-15,-7.93679208556933E-15));
#12542=DIRECTION('',(0.,-0.325568154457156,0.945518575599317));
#12543=DIRECTION('',(1.,0.,0.));
#12544=DIRECTION('center_axis',(0.,0.,-1.));
#12545=DIRECTION('ref_axis',(-1.,0.,0.));
#12546=DIRECTION('',(0.,1.,0.));
#12547=DIRECTION('',(-1.,0.,0.));
#12548=DIRECTION('',(0.,-1.,0.));
#12549=DIRECTION('',(1.,0.,0.));
#12550=DIRECTION('',(0.,1.,0.));
#12551=DIRECTION('',(1.,0.,0.));
#12552=DIRECTION('center_axis',(0.,0.,-1.));
#12553=DIRECTION('ref_axis',(0.,1.,0.));
#12554=DIRECTION('',(1.,0.,0.));
#12555=DIRECTION('',(0.,1.,0.));
#12556=DIRECTION('',(1.,-2.73285667600039E-15,0.));
#12557=DIRECTION('center_axis',(0.,0.,-1.));
#12558=DIRECTION('ref_axis',(0.362068965517249,-0.932151309718154,0.));
#12559=DIRECTION('',(0.36206896551725,-0.932151309718153,0.));
#12560=DIRECTION('',(-1.,0.,0.));
#12561=DIRECTION('',(-1.,0.,0.));
#12562=DIRECTION('center_axis',(0.,1.,0.));
#12563=DIRECTION('ref_axis',(0.,0.,-1.));
#12564=DIRECTION('',(0.,0.,-1.));
#12565=DIRECTION('',(-1.,0.,0.));
#12566=DIRECTION('center_axis',(0.,0.,-1.));
#12567=DIRECTION('ref_axis',(0.362068965517249,-0.932151309718154,0.));
#12568=DIRECTION('',(0.36206896551725,-0.932151309718153,0.));
#12569=DIRECTION('',(-1.,0.,0.));
#12570=DIRECTION('',(-1.,0.,0.));
#12571=DIRECTION('center_axis',(0.,1.,0.));
#12572=DIRECTION('ref_axis',(0.,0.,-1.));
#12573=DIRECTION('',(0.,0.,-1.));
#12574=DIRECTION('',(-1.,0.,0.));
#12575=DIRECTION('center_axis',(0.,0.,-1.));
#12576=DIRECTION('ref_axis',(0.362068965517249,-0.932151309718154,0.));
#12577=DIRECTION('',(0.36206896551725,-0.932151309718153,0.));
#12578=DIRECTION('',(-1.,0.,0.));
#12579=DIRECTION('',(-1.,0.,0.));
#12580=DIRECTION('center_axis',(0.,1.,5.78962711319491E-16));
#12581=DIRECTION('ref_axis',(-2.24882406724174E-16,5.78962711319491E-16,
-1.));
#12582=DIRECTION('',(-2.24882406724175E-16,5.78962711319491E-16,-1.));
#12583=DIRECTION('',(-1.,0.,0.));
#12584=DIRECTION('center_axis',(0.,-1.00828195358348E-15,-1.));
#12585=DIRECTION('ref_axis',(0.362068965517249,-0.932151309718154,9.39871343598016E-16));
#12586=DIRECTION('',(0.36206896551725,-0.932151309718153,9.39871343598015E-16));
#12587=DIRECTION('',(-1.,0.,0.));
#12588=DIRECTION('',(-1.,0.,0.));
#12589=DIRECTION('center_axis',(0.,1.,1.65583335437375E-15));
#12590=DIRECTION('ref_axis',(-6.4316368323114E-16,1.65583335437375E-15,
-1.));
#12591=DIRECTION('',(-6.43163683231143E-16,1.65583335437375E-15,-1.));
#12592=DIRECTION('',(-1.,0.,0.));
#12593=DIRECTION('center_axis',(1.,0.,0.));
#12594=DIRECTION('ref_axis',(0.,-1.,0.));
#12595=DIRECTION('center_axis',(1.,0.,0.));
#12596=DIRECTION('ref_axis',(0.,-1.,0.));
#12597=DIRECTION('',(-1.,0.,0.));
#12598=DIRECTION('',(-1.,0.,0.));
#12599=DIRECTION('center_axis',(0.,-1.,0.));
#12600=DIRECTION('ref_axis',(-1.,0.,0.));
#12601=DIRECTION('',(-1.,0.,0.));
#12602=DIRECTION('',(0.,0.,1.));
#12603=DIRECTION('',(1.,0.,0.));
#12604=DIRECTION('',(0.,0.,-1.));
#12605=DIRECTION('',(-1.,0.,0.));
#12606=DIRECTION('',(1.,0.,0.));
#12607=DIRECTION('',(0.,0.,1.));
#12608=DIRECTION('',(1.,0.,0.));
#12609=DIRECTION('',(0.,0.,-1.));
#12610=DIRECTION('center_axis',(0.,-1.53159870453948E-15,1.));
#12611=DIRECTION('ref_axis',(0.,1.,1.53159870453948E-15));
#12612=DIRECTION('',(0.,1.,1.53159870453948E-15));
#12613=DIRECTION('',(-1.,0.,0.));
#12614=DIRECTION('',(-1.,0.,0.));
#12615=DIRECTION('center_axis',(0.,-1.,1.91693184107941E-15));
#12616=DIRECTION('ref_axis',(0.,1.91693184107941E-15,1.));
#12617=DIRECTION('',(-1.,0.,0.));
#12618=DIRECTION('',(0.,1.91693184107941E-15,1.));
#12619=DIRECTION('',(-1.,0.,0.));
#12620=DIRECTION('',(0.,1.91693184107941E-15,1.));
#12621=DIRECTION('center_axis',(0.,-1.,0.));
#12622=DIRECTION('ref_axis',(0.,0.,1.));
#12623=DIRECTION('',(-1.,0.,0.));
#12624=DIRECTION('',(0.,0.,1.));
#12625=DIRECTION('',(-1.,0.,0.));
#12626=DIRECTION('',(-1.,0.,0.));
#12627=DIRECTION('',(0.,0.,1.));
#12628=DIRECTION('center_axis',(0.,-1.8503717077086E-16,1.));
#12629=DIRECTION('ref_axis',(0.,1.,1.8503717077086E-16));
#12630=DIRECTION('',(-1.,0.,0.));
#12631=DIRECTION('',(0.,1.,1.8503717077086E-16));
#12632=DIRECTION('center_axis',(0.,-1.53159870453948E-15,1.));
#12633=DIRECTION('ref_axis',(0.,1.,1.53159870453948E-15));
#12634=DIRECTION('',(0.,1.,1.53159870453948E-15));
#12635=DIRECTION('',(1.,0.,0.));
#12636=DIRECTION('',(0.,1.,1.53159870453948E-15));
#12637=DIRECTION('',(1.,0.,0.));
#12638=DIRECTION('',(0.337670925856707,0.94126422742558,1.44163907135437E-15));
#12639=DIRECTION('center_axis',(1.,0.,0.));
#12640=DIRECTION('ref_axis',(0.,0.,-1.));
#12641=DIRECTION('',(0.,-1.,5.33602990557807E-16));
#12642=DIRECTION('',(0.,0.,-1.));
#12643=DIRECTION('',(0.,-1.,0.));
#12644=DIRECTION('',(0.,-1.,0.));
#12645=DIRECTION('',(0.,-0.573576436351046,-0.819152044288992));
#12646=DIRECTION('',(0.,0.,-1.));
#12647=DIRECTION('center_axis',(0.,-5.33602990557807E-16,-1.));
#12648=DIRECTION('ref_axis',(0.,-1.,5.33602990557807E-16));
#12649=DIRECTION('',(0.,-1.,5.33602990557807E-16));
#12650=DIRECTION('',(1.,0.,0.));
#12651=DIRECTION('',(0.,1.,0.));
#12652=DIRECTION('',(1.,0.,0.));
#12653=DIRECTION('',(0.,1.,0.));
#12654=DIRECTION('',(-1.,0.,0.));
#12655=DIRECTION('center_axis',(-1.,0.,0.));
#12656=DIRECTION('ref_axis',(0.,-1.,0.));
#12657=DIRECTION('',(0.,0.,-1.));
#12658=DIRECTION('',(0.,-1.,0.));
#12659=DIRECTION('',(0.,0.,-1.));
#12660=DIRECTION('',(0.,0.,1.));
#12661=DIRECTION('',(0.,0.,-1.));
#12662=DIRECTION('',(0.,-1.,0.));
#12663=DIRECTION('center_axis',(0.,-1.,0.));
#12664=DIRECTION('ref_axis',(-1.,0.,0.));
#12665=DIRECTION('',(1.,0.,0.));
#12666=DIRECTION('',(0.,0.,-1.));
#12667=DIRECTION('',(-1.,0.,0.));
#12668=DIRECTION('',(0.,0.,-1.));
#12669=DIRECTION('center_axis',(0.,0.,-1.));
#12670=DIRECTION('ref_axis',(0.,1.,0.));
#12671=DIRECTION('',(0.,1.,0.));
#12672=DIRECTION('',(0.,1.,0.));
#12673=DIRECTION('',(1.,0.,0.));
#12674=DIRECTION('center_axis',(0.,1.,0.));
#12675=DIRECTION('ref_axis',(0.,0.,1.));
#12676=DIRECTION('',(0.,0.,1.));
#12677=DIRECTION('',(0.,0.,1.));
#12678=DIRECTION('',(1.,0.,0.));
#12679=DIRECTION('center_axis',(0.,0.,-1.));
#12680=DIRECTION('ref_axis',(0.,1.,0.));
#12681=DIRECTION('',(0.,1.,0.));
#12682=DIRECTION('',(0.,1.,0.));
#12683=DIRECTION('',(1.,0.,0.));
#12684=DIRECTION('center_axis',(0.,0.,1.));
#12685=DIRECTION('ref_axis',(0.,-1.,0.));
#12686=DIRECTION('',(1.,0.,0.));
#12687=DIRECTION('',(0.,-1.,0.));
#12688=DIRECTION('',(1.,0.,0.));
#12689=DIRECTION('',(0.,1.,0.));
#12690=DIRECTION('',(0.,1.,0.));
#12691=DIRECTION('',(0.,-1.,0.));
#12692=DIRECTION('',(-1.,0.,0.));
#12693=DIRECTION('',(0.,1.,0.));
#12694=DIRECTION('center_axis',(0.,1.,0.));
#12695=DIRECTION('ref_axis',(0.,0.,-1.));
#12696=DIRECTION('',(0.,0.,-1.));
#12697=DIRECTION('',(-1.,0.,0.));
#12698=DIRECTION('center_axis',(0.,0.,-1.));
#12699=DIRECTION('ref_axis',(0.362068965517249,-0.932151309718154,0.));
#12700=DIRECTION('',(0.36206896551725,-0.932151309718153,0.));
#12701=DIRECTION('center_axis',(0.,0.,-1.));
#12702=DIRECTION('ref_axis',(0.,1.,0.));
#12703=DIRECTION('',(3.37331384199899E-16,-1.,0.));
#12704=DIRECTION('',(-1.,0.,0.));
#12705=DIRECTION('',(-1.1686558153949E-15,-1.,0.));
#12706=DIRECTION('center_axis',(0.,0.,-1.));
#12707=DIRECTION('ref_axis',(0.,-1.,0.));
#12708=DIRECTION('',(0.,-1.,0.));
#12709=DIRECTION('',(1.,0.,0.));
#12710=DIRECTION('',(0.,-1.,0.));
#12711=DIRECTION('',(1.,0.,0.));
#12712=DIRECTION('',(0.,1.,0.));
#12713=DIRECTION('',(-0.36206896551725,0.932151309718153,0.));
#12714=DIRECTION('',(1.,0.,0.));
#12715=DIRECTION('center_axis',(0.,-6.57909940518612E-15,-1.));
#12716=DIRECTION('ref_axis',(0.,-1.,6.57909940518612E-15));
#12717=DIRECTION('',(0.36206896551725,-0.932151309718153,6.13271612731017E-15));
#12718=DIRECTION('',(1.,0.,0.));
#12719=DIRECTION('',(0.,-1.,0.));
#12720=DIRECTION('',(1.,0.,0.));
#12721=DIRECTION('',(-1.,0.,0.));
#12722=DIRECTION('center_axis',(0.,-1.,0.));
#12723=DIRECTION('ref_axis',(0.,0.,1.));
#12724=DIRECTION('',(0.,0.,-1.));
#12725=DIRECTION('',(0.,0.,-1.));
#12726=DIRECTION('',(1.,0.,0.));
#12727=DIRECTION('',(0.,0.,-1.));
#12728=DIRECTION('',(-1.,0.,0.));
#12729=DIRECTION('center_axis',(0.,1.,0.));
#12730=DIRECTION('ref_axis',(0.,0.,1.));
#12731=DIRECTION('',(0.,0.,1.));
#12732=DIRECTION('',(1.,0.,0.));
#12733=DIRECTION('',(0.,0.,1.));
#12734=DIRECTION('center_axis',(1.,0.,0.));
#12735=DIRECTION('ref_axis',(0.,0.,-1.));
#12736=DIRECTION('',(0.,1.,-4.54416865893088E-14));
#12737=DIRECTION('center_axis',(0.,1.16865581539491E-15,1.));
#12738=DIRECTION('ref_axis',(0.,-1.,1.16865581539491E-15));
#12739=DIRECTION('',(-1.,0.,0.));
#12740=DIRECTION('',(0.,1.,-1.16865581539491E-15));
#12741=DIRECTION('',(1.,0.,0.));
#12742=DIRECTION('',(0.,-1.,1.16865581539491E-15));
#12743=DIRECTION('',(-1.,0.,0.));
#12744=DIRECTION('',(-0.337670925856707,-0.94126422742558,0.));
#12745=DIRECTION('',(-1.,0.,0.));
#12746=DIRECTION('',(0.,-1.,1.16865581539491E-15));
#12747=DIRECTION('center_axis',(0.,1.,-2.21866611755007E-17));
#12748=DIRECTION('ref_axis',(0.,2.21866611755007E-17,1.));
#12749=DIRECTION('',(1.,0.,0.));
#12750=DIRECTION('',(0.,2.21866611755007E-17,1.));
#12751=DIRECTION('',(1.,0.,0.));
#12752=DIRECTION('',(0.,2.21866611755007E-17,1.));
#12753=DIRECTION('',(0.,-2.21866611755007E-17,-1.));
#12754=DIRECTION('center_axis',(0.,1.,0.));
#12755=DIRECTION('ref_axis',(1.,0.,0.));
#12756=DIRECTION('',(0.,0.,-1.));
#12757=DIRECTION('',(1.,0.,0.));
#12758=DIRECTION('',(0.,0.,-1.));
#12759=DIRECTION('',(-1.,0.,0.));
#12760=DIRECTION('',(0.,0.,1.));
#12761=DIRECTION('center_axis',(-1.,0.,0.));
#12762=DIRECTION('ref_axis',(0.,0.,1.));
#12763=DIRECTION('',(0.,-3.46944695195363E-16,-1.));
#12764=DIRECTION('',(0.,1.,0.));
#12765=DIRECTION('center_axis',(0.,-1.,3.46944695195363E-16));
#12766=DIRECTION('ref_axis',(0.,-3.46944695195363E-16,-1.));
#12767=DIRECTION('',(0.,-3.46944695195363E-16,-1.));
#12768=DIRECTION('center_axis',(0.,0.,-1.));
#12769=DIRECTION('ref_axis',(0.,1.,0.));
#12770=DIRECTION('',(0.,1.,0.));
#12771=DIRECTION('center_axis',(0.,-1.,0.));
#12772=DIRECTION('ref_axis',(0.,0.,1.));
#12773=DIRECTION('',(-1.,0.,0.));
#12774=DIRECTION('',(0.,0.,-1.));
#12775=DIRECTION('',(1.,0.,0.));
#12776=DIRECTION('',(1.27507035966133E-16,-3.28268539680868E-16,-1.));
#12777=DIRECTION('center_axis',(0.,-0.819152044288992,0.573576436351046));
#12778=DIRECTION('ref_axis',(0.,-0.573576436351046,-0.819152044288992));
#12779=DIRECTION('',(0.,-0.573576436351046,-0.819152044288992));
#12780=DIRECTION('',(-1.,0.,0.));
#12781=DIRECTION('',(0.,-0.573576436351046,-0.819152044288992));
#12782=DIRECTION('',(-1.,-1.80766457871029E-16,-2.58161256494342E-16));
#12783=DIRECTION('',(0.,0.573576436351046,0.819152044288992));
#12784=DIRECTION('',(0.,-0.573576436351046,-0.819152044288992));
#12785=DIRECTION('center_axis',(1.,0.,0.));
#12786=DIRECTION('ref_axis',(0.,-1.,0.));
#12787=DIRECTION('',(0.,0.573576436351046,0.819152044288992));
#12788=DIRECTION('',(0.,0.573576436351046,0.819152044288992));
#12789=DIRECTION('center_axis',(2.58161256494342E-16,0.,-1.));
#12790=DIRECTION('ref_axis',(-1.,3.68692483880434E-16,-2.58161256494342E-16));
#12791=DIRECTION('',(0.,-1.,0.));
#12792=DIRECTION('',(0.,1.,0.));
#12793=DIRECTION('',(1.,1.80766457871029E-16,2.58161256494342E-16));
#12794=DIRECTION('center_axis',(1.,0.,0.));
#12795=DIRECTION('ref_axis',(0.,0.,-1.));
#12796=DIRECTION('',(0.,1.,0.));
#12797=DIRECTION('',(0.,0.573576436351046,0.819152044288992));
#12798=DIRECTION('',(0.,-1.,0.));
#12799=DIRECTION('',(0.,0.,1.));
#12800=DIRECTION('',(0.,0.573576436351046,0.819152044288992));
#12801=DIRECTION('',(0.,-1.,-2.94114463114355E-16));
#12802=DIRECTION('',(0.,0.573576436351046,0.819152044288992));
#12803=DIRECTION('center_axis',(0.,-1.,0.));
#12804=DIRECTION('ref_axis',(0.,0.,1.));
#12805=DIRECTION('',(0.,0.,1.));
#12806=DIRECTION('',(-1.,0.,0.));
#12807=DIRECTION('center_axis',(1.,0.,0.));
#12808=DIRECTION('ref_axis',(0.,1.,0.));
#12809=DIRECTION('center_axis',(1.,0.,0.));
#12810=DIRECTION('ref_axis',(0.,1.,0.));
#12811=DIRECTION('',(-1.,0.,0.));
#12812=DIRECTION('center_axis',(0.,1.,0.));
#12813=DIRECTION('ref_axis',(0.,0.,-1.));
#12814=DIRECTION('',(0.,0.,-1.));
#12815=DIRECTION('center_axis',(0.,1.,0.));
#12816=DIRECTION('ref_axis',(0.,0.,-1.));
#12817=DIRECTION('',(0.,0.,-1.));
#12818=DIRECTION('center_axis',(0.,-0.945518575599318,-0.325568154457152));
#12819=DIRECTION('ref_axis',(0.,0.325568154457152,-0.945518575599319));
#12820=DIRECTION('',(-0.125458974340198,0.322995778111062,-0.938047852233528));
#12821=DIRECTION('',(1.,0.,0.));
#12822=DIRECTION('',(0.,0.325568154457152,-0.945518575599319));
#12823=DIRECTION('',(1.,0.,0.));
#12824=DIRECTION('',(-0.125458974340198,0.322995778111062,-0.938047852233528));
#12825=DIRECTION('',(1.,0.,0.));
#12826=DIRECTION('',(0.,0.325568154457152,-0.945518575599319));
#12827=DIRECTION('',(1.,0.,0.));
#12828=DIRECTION('center_axis',(0.,-1.,0.));
#12829=DIRECTION('ref_axis',(0.,0.,1.));
#12830=DIRECTION('',(0.,0.,1.));
#12831=DIRECTION('',(-1.,0.,0.));
#12832=DIRECTION('center_axis',(0.,0.,1.));
#12833=DIRECTION('ref_axis',(-0.362068965517249,0.932151309718154,0.));
#12834=DIRECTION('',(-0.36206896551725,0.932151309718153,0.));
#12835=DIRECTION('center_axis',(0.,-1.,-1.15792542263898E-15));
#12836=DIRECTION('ref_axis',(4.49764813448348E-16,-1.15792542263898E-15,
1.));
#12837=DIRECTION('',(4.4976481344835E-16,-1.15792542263898E-15,1.));
#12838=DIRECTION('',(-1.,0.,0.));
#12839=DIRECTION('center_axis',(0.,1.00828195358348E-15,1.));
#12840=DIRECTION('ref_axis',(-0.362068965517249,0.932151309718154,-9.39871343598016E-16));
#12841=DIRECTION('',(-0.36206896551725,0.932151309718153,-9.39871343598016E-16));
#12842=DIRECTION('center_axis',(0.,-1.,-1.65583335437374E-15));
#12843=DIRECTION('ref_axis',(6.43163683231138E-16,-1.65583335437374E-15,
1.));
#12844=DIRECTION('',(6.4316368323114E-16,-1.65583335437374E-15,1.));
#12845=DIRECTION('',(-1.,0.,0.));
#12846=DIRECTION('center_axis',(0.,5.04140976791738E-15,1.));
#12847=DIRECTION('ref_axis',(-0.362068965517249,0.932151309718154,-4.69935671799008E-15));
#12848=DIRECTION('',(-0.36206896551725,0.932151309718153,-4.69935671799008E-15));
#12849=DIRECTION('center_axis',(0.,-1.,0.));
#12850=DIRECTION('ref_axis',(0.,0.,1.));
#12851=DIRECTION('',(0.,0.,1.));
#12852=DIRECTION('',(-1.,0.,0.));
#12853=DIRECTION('center_axis',(0.,0.,1.));
#12854=DIRECTION('ref_axis',(-0.362068965517249,0.932151309718154,0.));
#12855=DIRECTION('',(-0.36206896551725,0.932151309718153,0.));
#12856=DIRECTION('center_axis',(-0.932151309718153,-0.36206896551725,0.));
#12857=DIRECTION('ref_axis',(0.,0.,1.));
#12858=DIRECTION('',(-0.131691464383636,0.339041405629832,-0.931508606228113));
#12859=DIRECTION('',(0.,0.,-1.));
#12860=DIRECTION('',(0.36206896551725,-0.932151309718153,0.));
#12861=DIRECTION('',(0.,0.,1.));
#12862=DIRECTION('',(-0.36206896551725,0.932151309718153,-3.41666926809933E-16));
#12863=DIRECTION('',(-1.30384075315803E-16,3.35675515294133E-16,-1.));
#12864=DIRECTION('center_axis',(0.,0.,1.));
#12865=DIRECTION('ref_axis',(0.,1.,0.));
#12866=DIRECTION('',(-1.,0.,0.));
#12867=DIRECTION('',(-1.,2.73285667600039E-15,0.));
#12868=DIRECTION('',(0.,1.,0.));
#12869=DIRECTION('center_axis',(0.,0.,1.));
#12870=DIRECTION('ref_axis',(0.,-1.,0.));
#12871=DIRECTION('',(0.36206896551725,-0.932151309718153,0.));
#12872=DIRECTION('',(0.,-1.,0.));
#12873=DIRECTION('center_axis',(0.,-1.,-3.35675515294133E-16));
#12874=DIRECTION('ref_axis',(0.,3.35675515294133E-16,-1.));
#12875=DIRECTION('',(0.,-3.35675515294133E-16,1.));
#12876=DIRECTION('',(1.,0.,0.));
#12877=DIRECTION('',(1.,0.,0.));
#12878=DIRECTION('center_axis',(0.,-0.939692620785908,-0.342020143325671));
#12879=DIRECTION('ref_axis',(0.,0.342020143325671,-0.939692620785908));
#12880=DIRECTION('',(0.,-0.342020143325671,0.939692620785908));
#12881=DIRECTION('',(1.,0.,0.));
#12882=DIRECTION('center_axis',(0.,-1.,0.));
#12883=DIRECTION('ref_axis',(0.,0.,-1.));
#12884=DIRECTION('',(0.,0.,1.));
#12885=DIRECTION('',(1.,0.,0.));
#12886=DIRECTION('center_axis',(0.,0.819152044288992,-0.573576436351046));
#12887=DIRECTION('ref_axis',(0.,0.573576436351046,0.819152044288992));
#12888=DIRECTION('',(0.,-0.573576436351046,-0.819152044288992));
#12889=DIRECTION('',(1.,0.,0.));
#12890=DIRECTION('',(0.,0.573576436351046,0.819152044288992));
#12891=DIRECTION('',(-1.,0.,0.));
#12892=DIRECTION('center_axis',(-1.,0.,0.));
#12893=DIRECTION('ref_axis',(0.,0.,1.));
#12894=DIRECTION('',(0.,1.,2.7123675101771E-17));
#12895=DIRECTION('',(0.,0.,1.));
#12896=DIRECTION('center_axis',(0.,0.,1.));
#12897=DIRECTION('ref_axis',(0.,-1.,0.));
#12898=DIRECTION('',(-3.37331384199899E-16,1.,0.));
#12899=DIRECTION('',(1.,0.,0.));
#12900=DIRECTION('',(1.,0.,0.));
#12901=DIRECTION('',(-3.37331384199899E-16,1.,0.));
#12902=DIRECTION('',(1.,0.,0.));
#12903=DIRECTION('',(0.,1.,0.));
#12904=DIRECTION('',(-1.,0.,0.));
#12905=DIRECTION('',(-1.,2.73285667600039E-15,0.));
#12906=DIRECTION('',(0.,-1.,0.));
#12907=DIRECTION('',(0.,-1.,0.));
#12908=DIRECTION('',(-1.,0.,0.));
#12909=DIRECTION('',(0.,1.,0.));
#12910=DIRECTION('',(-1.,0.,0.));
#12911=DIRECTION('',(0.,1.,0.));
#12912=DIRECTION('center_axis',(0.,0.,1.));
#12913=DIRECTION('ref_axis',(0.,-1.,0.));
#12914=DIRECTION('',(1.1686558153949E-15,1.,0.));
#12915=DIRECTION('',(1.1686558153949E-15,1.,0.));
#12916=DIRECTION('',(1.,0.,0.));
#12917=DIRECTION('center_axis',(0.,-1.,0.));
#12918=DIRECTION('ref_axis',(1.,0.,0.));
#12919=DIRECTION('',(0.,0.,-1.));
#12920=DIRECTION('',(0.,0.,1.));
#12921=DIRECTION('center_axis',(-1.,0.,0.));
#12922=DIRECTION('ref_axis',(0.,-1.,0.));
#12923=DIRECTION('',(0.,0.,1.));
#12924=DIRECTION('center_axis',(0.,-1.,0.));
#12925=DIRECTION('ref_axis',(1.,0.,0.));
#12926=DIRECTION('',(0.,0.,1.));
#12927=DIRECTION('center_axis',(-1.,0.,0.));
#12928=DIRECTION('ref_axis',(0.,-1.,0.));
#12929=DIRECTION('',(0.,0.,1.));
#12930=DIRECTION('center_axis',(0.,0.,-1.));
#12931=DIRECTION('ref_axis',(0.,-1.,0.));
#12932=DIRECTION('',(0.,0.,1.));
#12933=DIRECTION('center_axis',(-1.,-3.37331384199899E-16,0.));
#12934=DIRECTION('ref_axis',(3.37331384199899E-16,-1.,0.));
#12935=DIRECTION('',(0.,0.,1.));
#12936=DIRECTION('',(0.,0.,1.));
#12937=DIRECTION('center_axis',(-1.,1.1686558153949E-15,0.));
#12938=DIRECTION('ref_axis',(-1.1686558153949E-15,-1.,0.));
#12939=DIRECTION('',(0.,0.,-1.));
#12940=DIRECTION('',(-1.10868425323474E-15,-0.948683298050509,-0.316227766016851));
#12941=DIRECTION('center_axis',(0.,0.316227766016841,-0.948683298050513));
#12942=DIRECTION('ref_axis',(0.,-0.948683298050513,-0.316227766016841));
#12943=DIRECTION('',(0.,-0.948683298050513,-0.316227766016841));
#12944=DIRECTION('',(-1.,0.,0.));
#12945=DIRECTION('',(0.688247201611681,0.688247201611686,0.229415733870573));
#12946=DIRECTION('center_axis',(0.,-0.316227766016851,0.948683298050509));
#12947=DIRECTION('ref_axis',(0.,0.948683298050509,0.316227766016851));
#12948=DIRECTION('',(0.688247201611681,0.688247201611686,0.229415733870573));
#12949=DIRECTION('',(-1.,0.,0.));
#12950=DIRECTION('center_axis',(0.,-1.,0.));
#12951=DIRECTION('ref_axis',(0.,0.,1.));
#12952=DIRECTION('',(0.,0.,1.));
#12953=DIRECTION('',(0.,0.,1.));
#12954=DIRECTION('center_axis',(1.,0.,0.));
#12955=DIRECTION('ref_axis',(0.,0.,-1.));
#12956=DIRECTION('center_axis',(0.70710678118655,-0.707106781186545,0.));
#12957=DIRECTION('ref_axis',(0.688247201611681,0.688247201611686,0.229415733870573));
#12958=DIRECTION('center_axis',(0.,-1.,0.));
#12959=DIRECTION('ref_axis',(0.,0.,-1.));
#12960=DIRECTION('center_axis',(0.,1.,0.));
#12961=DIRECTION('ref_axis',(0.,0.,-1.));
#12962=DIRECTION('',(0.,0.,-1.));
#12963=DIRECTION('',(1.,0.,0.));
#12964=DIRECTION('',(8.25332262368609E-17,-2.12482875526346E-16,1.));
#12965=DIRECTION('center_axis',(0.,0.939692620785909,0.342020143325668));
#12966=DIRECTION('ref_axis',(0.,-0.342020143325668,0.939692620785909));
#12967=DIRECTION('',(0.,0.342020143325668,-0.939692620785909));
#12968=DIRECTION('',(1.,0.,0.));
#12969=DIRECTION('',(0.131691464383635,-0.33904140562983,0.931508606228114));
#12970=DIRECTION('center_axis',(1.,0.,0.));
#12971=DIRECTION('ref_axis',(0.,0.,-1.));
#12972=DIRECTION('',(0.,-1.,3.66535908116935E-16));
#12973=DIRECTION('',(0.,3.35046850543403E-16,-1.));
#12974=DIRECTION('',(0.,-1.,0.));
#12975=DIRECTION('',(0.,0.,1.));
#12976=DIRECTION('',(0.,1.,0.));
#12977=DIRECTION('',(0.,3.35046850543403E-16,-1.));
#12978=DIRECTION('center_axis',(0.,-3.66535908116935E-16,-1.));
#12979=DIRECTION('ref_axis',(0.,1.,-3.66535908116935E-16));
#12980=DIRECTION('',(0.,-1.,3.66535908116935E-16));
#12981=DIRECTION('',(-0.36206896551725,0.932151309718153,-3.41666926809933E-16));
#12982=DIRECTION('',(1.,0.,0.));
#12983=DIRECTION('',(1.,0.,0.));
#12984=DIRECTION('center_axis',(-1.,0.,0.));
#12985=DIRECTION('ref_axis',(0.,0.,1.));
#12986=DIRECTION('',(0.,1.,0.));
#12987=DIRECTION('',(0.,0.,1.));
#12988=DIRECTION('center_axis',(-0.932151309718153,-0.36206896551725,0.));
#12989=DIRECTION('ref_axis',(0.,0.,1.));
#12990=DIRECTION('center_axis',(-8.88178419700125E-16,1.,0.));
#12991=DIRECTION('ref_axis',(-1.,-8.88178419700125E-16,0.));
#12992=DIRECTION('',(1.,8.88178419700125E-16,0.));
#12993=DIRECTION('',(0.,0.,1.));
#12994=DIRECTION('',(1.,8.88178419700125E-16,1.2684502397261E-15));
#12995=DIRECTION('',(0.,0.,-1.));
#12996=DIRECTION('center_axis',(1.,0.,0.));
#12997=DIRECTION('ref_axis',(0.,-1.,0.));
#12998=DIRECTION('',(0.,-1.91417762866406E-16,-1.));
#12999=DIRECTION('',(0.,-1.,0.));
#13000=DIRECTION('',(0.,-1.13869028166683E-16,1.));
#13001=DIRECTION('',(0.,-1.13869028166683E-16,1.));
#13002=DIRECTION('center_axis',(0.,0.,1.));
#13003=DIRECTION('ref_axis',(1.,0.,0.));
#13004=DIRECTION('',(0.,1.,0.));
#13005=DIRECTION('center_axis',(0.,0.,1.));
#13006=DIRECTION('ref_axis',(1.,0.,0.));
#13007=DIRECTION('',(1.,0.,0.));
#13008=DIRECTION('',(0.,1.,0.));
#13009=DIRECTION('',(-1.,0.,0.));
#13010=DIRECTION('center_axis',(1.,0.,0.));
#13011=DIRECTION('ref_axis',(0.,-1.,0.));
#13012=DIRECTION('',(0.,0.,-1.));
#13013=DIRECTION('',(0.,0.,-1.));
#13014=DIRECTION('',(0.,0.,-1.));
#13015=DIRECTION('',(0.,1.,0.));
#13016=DIRECTION('',(0.,0.,-1.));
#13017=DIRECTION('',(0.,1.,2.7123675101771E-17));
#13018=DIRECTION('',(0.,0.,1.));
#13019=DIRECTION('',(0.,1.,-1.45122009647431E-13));
#13020=DIRECTION('',(0.,-5.55111512312578E-16,-1.));
#13021=DIRECTION('',(0.,1.,2.7123675101771E-17));
#13022=DIRECTION('',(0.,0.573576436351046,0.819152044288992));
#13023=DIRECTION('center_axis',(0.,1.,0.));
#13024=DIRECTION('ref_axis',(1.,0.,0.));
#13025=DIRECTION('',(0.,0.,-1.));
#13026=DIRECTION('',(-1.,0.,0.));
#13027=DIRECTION('',(0.,0.,1.));
#13028=DIRECTION('',(1.,0.,0.));
#13029=DIRECTION('',(0.,0.,1.));
#13030=DIRECTION('',(-1.,0.,0.));
#13031=DIRECTION('center_axis',(1.,0.,0.));
#13032=DIRECTION('ref_axis',(0.,0.,1.));
#13033=DIRECTION('',(0.,1.,0.));
#13034=DIRECTION('',(0.,-1.,0.));
#13035=DIRECTION('center_axis',(1.,3.37331384199899E-16,0.));
#13036=DIRECTION('ref_axis',(0.,0.,-1.));
#13037=DIRECTION('',(-3.37331384199899E-16,1.,0.));
#13038=DIRECTION('',(0.,0.,-1.));
#13039=DIRECTION('',(-4.75760945984791E-32,1.41036668471636E-16,1.));
#13040=DIRECTION('center_axis',(0.,-1.,1.41036668471636E-16));
#13041=DIRECTION('ref_axis',(0.,-1.41036668471636E-16,-1.));
#13042=DIRECTION('',(-1.,0.,0.));
#13043=DIRECTION('',(0.,-1.41036668471636E-16,-1.));
#13044=DIRECTION('',(0.,0.,-1.));
#13045=DIRECTION('',(1.,0.,0.));
#13046=DIRECTION('',(-1.,0.,0.));
#13047=DIRECTION('',(0.,0.,1.));
#13048=DIRECTION('',(-1.,0.,0.));
#13049=DIRECTION('',(0.,0.,1.));
#13050=DIRECTION('',(-1.,0.,0.));
#13051=DIRECTION('',(0.,0.,-1.));
#13052=DIRECTION('',(-1.,0.,0.));
#13053=DIRECTION('center_axis',(-1.,0.,0.));
#13054=DIRECTION('ref_axis',(0.,0.,1.));
#13055=DIRECTION('',(0.,1.,2.7123675101771E-17));
#13056=DIRECTION('center_axis',(0.,0.,-1.));
#13057=DIRECTION('ref_axis',(0.,-1.,0.));
#13058=DIRECTION('',(0.,1.,0.));
#13059=DIRECTION('',(-1.,0.,0.));
#13060=DIRECTION('center_axis',(0.,5.11668698098051E-17,-1.));
#13061=DIRECTION('ref_axis',(0.,1.,5.11668698098051E-17));
#13062=DIRECTION('',(1.,0.,0.));
#13063=DIRECTION('',(0.,1.,5.11668698098051E-17));
#13064=DIRECTION('',(1.,0.,0.));
#13065=DIRECTION('center_axis',(-1.,0.,0.));
#13066=DIRECTION('ref_axis',(0.,0.,1.));
#13067=DIRECTION('',(0.,1.,0.));
#13068=DIRECTION('',(0.,0.,-1.));
#13069=DIRECTION('',(0.,-1.,0.));
#13070=DIRECTION('center_axis',(-1.,0.,0.));
#13071=DIRECTION('ref_axis',(0.,0.,1.));
#13072=DIRECTION('',(0.,0.,1.));
#13073=DIRECTION('',(0.,-1.,0.));
#13074=DIRECTION('center_axis',(0.,0.,1.));
#13075=DIRECTION('ref_axis',(0.,1.,0.));
#13076=DIRECTION('',(-1.,0.,0.));
#13077=DIRECTION('center_axis',(-1.,0.,0.));
#13078=DIRECTION('ref_axis',(0.,0.,1.));
#13079=DIRECTION('',(0.,0.,-1.));
#13080=DIRECTION('',(0.,-1.,0.));
#13081=DIRECTION('',(0.,1.,0.));
#13082=DIRECTION('center_axis',(0.,0.,1.));
#13083=DIRECTION('ref_axis',(0.,1.,0.));
#13084=DIRECTION('',(-1.,0.,0.));
#13085=DIRECTION('center_axis',(0.,0.,-1.));
#13086=DIRECTION('ref_axis',(0.,-1.,0.));
#13087=DIRECTION('',(-1.,0.,0.));
#13088=DIRECTION('center_axis',(0.,0.,1.));
#13089=DIRECTION('ref_axis',(1.,0.,0.));
#13090=DIRECTION('',(0.,-1.,0.));
#13091=DIRECTION('center_axis',(0.,1.,0.));
#13092=DIRECTION('ref_axis',(1.,0.,0.));
#13093=DIRECTION('',(1.,0.,0.));
#13094=DIRECTION('',(0.,0.,1.));
#13095=DIRECTION('',(-1.,0.,0.));
#13096=DIRECTION('',(1.,0.,0.));
#13097=DIRECTION('center_axis',(0.,-1.,0.));
#13098=DIRECTION('ref_axis',(1.,0.,0.));
#13099=DIRECTION('',(0.,0.,1.));
#13100=DIRECTION('',(1.,0.,0.));
#13101=DIRECTION('',(0.,0.,-1.));
#13102=DIRECTION('',(-1.,0.,0.));
#13103=DIRECTION('',(0.,9.86864910777917E-15,1.));
#13104=DIRECTION('',(0.948683298050514,0.,0.316227766016838));
#13105=DIRECTION('',(0.,0.,-1.));
#13106=DIRECTION('',(-1.,0.,0.));
#13107=DIRECTION('center_axis',(1.,0.,0.));
#13108=DIRECTION('ref_axis',(0.,0.,1.));
#13109=DIRECTION('',(0.,0.,1.));
#13110=DIRECTION('',(0.,-1.,0.));
#13111=DIRECTION('',(0.,-1.,0.));
#13112=DIRECTION('center_axis',(-0.316227766016838,0.,0.948683298050514));
#13113=DIRECTION('ref_axis',(-0.948683298050514,0.,-0.316227766016838));
#13114=DIRECTION('',(-0.948683298050514,0.,-0.316227766016838));
#13115=DIRECTION('',(0.,-1.,0.));
#13116=DIRECTION('center_axis',(-1.,0.,0.));
#13117=DIRECTION('ref_axis',(0.,-9.86864910777917E-15,-1.));
#13118=DIRECTION('',(0.,0.,-1.));
#13119=DIRECTION('',(0.,-1.,0.));
#13120=DIRECTION('center_axis',(0.,0.,-1.));
#13121=DIRECTION('ref_axis',(1.,0.,0.));
#13122=DIRECTION('',(1.,0.,0.));
#13123=DIRECTION('',(0.,-1.,0.));
#13124=DIRECTION('center_axis',(1.,0.,0.));
#13125=DIRECTION('ref_axis',(0.,0.,1.));
#13126=DIRECTION('',(0.,0.,1.));
#13127=DIRECTION('',(0.,-1.,0.));
#13128=DIRECTION('center_axis',(0.,0.,-1.));
#13129=DIRECTION('ref_axis',(1.,0.,0.));
#13130=DIRECTION('',(1.,0.,0.));
#13131=DIRECTION('',(0.,-1.,0.));
#13132=DIRECTION('center_axis',(1.,0.,0.));
#13133=DIRECTION('ref_axis',(0.,0.,1.));
#13134=DIRECTION('',(0.,-1.,0.));
#13135=DIRECTION('center_axis',(0.,0.,1.));
#13136=DIRECTION('ref_axis',(-1.,0.,0.));
#13137=DIRECTION('',(-1.,0.,0.));
#13138=DIRECTION('center_axis',(0.,1.,0.));
#13139=DIRECTION('ref_axis',(0.,0.,1.));
#13140=DIRECTION('center_axis',(-1.,0.,0.));
#13141=DIRECTION('ref_axis',(0.,0.,1.));
#13142=DIRECTION('',(0.,-0.573576436351046,-0.819152044288992));
#13143=DIRECTION('center_axis',(1.,0.,0.));
#13144=DIRECTION('ref_axis',(0.,-1.,0.));
#13145=DIRECTION('',(0.,0.,1.));
#13146=DIRECTION('',(0.,0.,-1.));
#13147=DIRECTION('',(0.,1.,2.7123675101771E-17));
#13148=DIRECTION('',(0.,0.,1.));
#13149=DIRECTION('',(0.,-1.,0.));
#13150=DIRECTION('',(0.,0.,-1.));
#13151=DIRECTION('',(0.,1.,2.7123675101771E-17));
#13152=DIRECTION('',(0.,0.,1.));
#13153=DIRECTION('',(0.,-1.,0.));
#13154=DIRECTION('center_axis',(-2.73285667600039E-15,-1.,0.));
#13155=DIRECTION('ref_axis',(1.,-2.73285667600039E-15,0.));
#13156=DIRECTION('',(0.,0.,1.));
#13157=DIRECTION('center_axis',(-2.73285667600039E-15,-1.,0.));
#13158=DIRECTION('ref_axis',(1.,-2.73285667600039E-15,0.));
#13159=DIRECTION('',(1.,-2.73285667600039E-15,0.));
#13160=DIRECTION('center_axis',(0.,0.,-1.));
#13161=DIRECTION('ref_axis',(0.,-1.,0.));
#13162=DIRECTION('',(1.,0.,0.));
#13163=DIRECTION('center_axis',(5.17447923241794E-15,1.,0.));
#13164=DIRECTION('ref_axis',(1.,-5.17447923241794E-15,0.));
#13165=DIRECTION('',(0.,0.,1.));
#13166=DIRECTION('',(-1.,0.,0.));
#13167=DIRECTION('',(0.,0.,-1.));
#13168=DIRECTION('',(-1.,0.,0.));
#13169=DIRECTION('center_axis',(0.,0.,-1.));
#13170=DIRECTION('ref_axis',(0.,1.,0.));
#13171=DIRECTION('',(-0.36206896551725,0.932151309718153,0.));
#13172=DIRECTION('',(1.,0.,0.));
#13173=DIRECTION('',(0.,-1.,0.));
#13174=DIRECTION('center_axis',(0.,0.,1.));
#13175=DIRECTION('ref_axis',(0.,-1.,0.));
#13176=DIRECTION('',(0.36206896551725,-0.932151309718153,0.));
#13177=DIRECTION('',(1.,0.,0.));
#13178=DIRECTION('',(0.,1.,0.));
#13179=DIRECTION('',(-1.,0.,0.));
#13180=DIRECTION('center_axis',(0.,-1.,0.));
#13181=DIRECTION('ref_axis',(0.,0.,-1.));
#13182=DIRECTION('',(0.,0.,-1.));
#13183=DIRECTION('',(0.,0.,1.));
#13184=DIRECTION('center_axis',(1.,0.,0.));
#13185=DIRECTION('ref_axis',(0.,-1.,0.));
#13186=DIRECTION('',(0.,1.,0.));
#13187=DIRECTION('',(0.,1.,0.));
#13188=DIRECTION('',(0.,0.,-1.));
#13189=DIRECTION('',(0.,-1.,0.));
#13190=DIRECTION('',(0.,0.,1.));
#13191=DIRECTION('center_axis',(-1.,0.,0.));
#13192=DIRECTION('ref_axis',(0.,0.,1.));
#13193=DIRECTION('center_axis',(1.,0.,0.));
#13194=DIRECTION('ref_axis',(0.,-1.,0.));
#13195=DIRECTION('',(0.,0.,-1.));
#13196=DIRECTION('',(0.,0.,1.));
#13197=DIRECTION('',(0.,0.,-1.));
#13198=DIRECTION('',(0.,-1.,0.));
#13199=DIRECTION('',(0.,-1.,0.));
#13200=DIRECTION('',(0.,0.,-1.));
#13201=DIRECTION('',(0.,-1.,0.));
#13202=DIRECTION('center_axis',(0.,-1.,0.));
#13203=DIRECTION('ref_axis',(-1.,0.,0.));
#13204=DIRECTION('',(1.,0.,0.));
#13205=DIRECTION('center_axis',(0.,-1.,0.));
#13206=DIRECTION('ref_axis',(0.,0.,1.));
#13207=DIRECTION('',(-1.,0.,0.));
#13208=DIRECTION('',(0.,0.,-1.));
#13209=DIRECTION('center_axis',(-2.73285667600039E-15,-1.,0.));
#13210=DIRECTION('ref_axis',(1.,-2.73285667600039E-15,0.));
#13211=DIRECTION('center_axis',(-1.,0.,0.));
#13212=DIRECTION('ref_axis',(0.,0.,1.));
#13213=DIRECTION('center_axis',(0.,0.,-1.));
#13214=DIRECTION('ref_axis',(0.,1.,0.));
#13215=DIRECTION('',(1.,0.,0.));
#13216=DIRECTION('center_axis',(0.,-1.,0.));
#13217=DIRECTION('ref_axis',(0.,0.,1.));
#13218=DIRECTION('',(1.,0.,0.));
#13219=DIRECTION('',(0.,0.,-1.));
#13220=DIRECTION('center_axis',(0.,-1.,0.));
#13221=DIRECTION('ref_axis',(0.,0.,-1.));
#13222=DIRECTION('',(0.,0.,-1.));
#13223=DIRECTION('',(1.,0.,0.));
#13224=DIRECTION('',(-1.,0.,0.));
#13225=DIRECTION('',(0.,0.,1.));
#13226=DIRECTION('',(1.,0.,0.));
#13227=DIRECTION('',(1.,0.,0.));
#13228=DIRECTION('center_axis',(0.,0.,-1.));
#13229=DIRECTION('ref_axis',(0.,1.,0.));
#13230=DIRECTION('',(0.,1.,0.));
#13231=DIRECTION('center_axis',(0.,0.,1.));
#13232=DIRECTION('ref_axis',(0.,-1.,0.));
#13233=DIRECTION('',(0.,-1.,0.));
#13234=DIRECTION('center_axis',(0.,0.,-1.));
#13235=DIRECTION('ref_axis',(0.,1.,0.));
#13236=DIRECTION('',(-1.,0.,0.));
#13237=DIRECTION('center_axis',(-1.,0.,0.));
#13238=DIRECTION('ref_axis',(0.,0.,1.));
#13239=DIRECTION('',(0.,1.,0.));
#13240=DIRECTION('',(0.,0.,-1.));
#13241=DIRECTION('',(0.,-1.,0.));
#13242=DIRECTION('center_axis',(0.,0.,1.));
#13243=DIRECTION('ref_axis',(0.,1.,0.));
#13244=DIRECTION('',(-1.,0.,0.));
#13245=DIRECTION('center_axis',(0.,1.,0.));
#13246=DIRECTION('ref_axis',(0.,0.,-1.));
#13247=DIRECTION('',(-1.,0.,0.));
#13248=DIRECTION('center_axis',(0.,0.,-1.));
#13249=DIRECTION('ref_axis',(0.,-1.,0.));
#13250=DIRECTION('center_axis',(0.,0.,-1.));
#13251=DIRECTION('ref_axis',(0.,1.,0.));
#13252=DIRECTION('',(0.337670925856707,0.94126422742558,0.));
#13253=DIRECTION('',(1.,0.,0.));
#13254=DIRECTION('',(-1.,0.,0.));
#13255=DIRECTION('',(0.,-1.,0.));
#13256=DIRECTION('',(-1.,0.,0.));
#13257=DIRECTION('center_axis',(0.,1.,0.));
#13258=DIRECTION('ref_axis',(0.,0.,1.));
#13259=DIRECTION('',(1.,0.,0.));
#13260=DIRECTION('',(0.,0.,1.));
#13261=DIRECTION('',(0.,0.,-1.));
#13262=DIRECTION('',(-1.,0.,0.));
#13263=DIRECTION('',(0.,0.,1.));
#13264=DIRECTION('',(-1.,0.,0.));
#13265=DIRECTION('',(0.,0.,-1.));
#13266=DIRECTION('center_axis',(0.,0.,1.));
#13267=DIRECTION('ref_axis',(0.,-1.,0.));
#13268=DIRECTION('',(-0.337670925856707,-0.94126422742558,0.));
#13269=DIRECTION('',(0.,1.,0.));
#13270=DIRECTION('',(-1.,0.,0.));
#13271=DIRECTION('',(-1.,0.,0.));
#13272=DIRECTION('center_axis',(0.,1.,-1.91417762866406E-16));
#13273=DIRECTION('ref_axis',(0.,1.91417762866406E-16,1.));
#13274=DIRECTION('',(-6.8669573674656E-17,-1.91417762866406E-16,-1.));
#13275=DIRECTION('',(1.,0.,0.));
#13276=DIRECTION('',(0.,1.91417762866406E-16,1.));
#13277=DIRECTION('',(0.,-1.91417762866406E-16,-1.));
#13278=DIRECTION('',(1.,0.,0.));
#13279=DIRECTION('center_axis',(0.,0.,1.));
#13280=DIRECTION('ref_axis',(0.,-1.,0.));
#13281=DIRECTION('',(0.337670925856707,0.94126422742558,0.));
#13282=DIRECTION('center_axis',(0.,0.,-1.));
#13283=DIRECTION('ref_axis',(0.,1.,0.));
#13284=DIRECTION('',(-0.337670925856707,-0.94126422742558,0.));
#13285=DIRECTION('',(0.,1.,0.));
#13286=DIRECTION('',(-1.,-8.88178419700125E-16,0.));
#13287=DIRECTION('center_axis',(1.,0.,0.));
#13288=DIRECTION('ref_axis',(0.,-1.,0.));
#13289=DIRECTION('',(0.,-1.,0.));
#13290=DIRECTION('',(0.,0.,-1.));
#13291=DIRECTION('',(0.,-1.13869028166683E-16,1.));
#13292=DIRECTION('center_axis',(-1.,0.,0.));
#13293=DIRECTION('ref_axis',(0.,0.,1.));
#13294=DIRECTION('center_axis',(0.,-1.,0.));
#13295=DIRECTION('ref_axis',(0.,0.,1.));
#13296=DIRECTION('',(-1.,0.,0.));
#13297=DIRECTION('',(1.,0.,0.));
#13298=DIRECTION('',(1.27507035966133E-16,-3.28268539680868E-16,-1.));
#13299=DIRECTION('',(1.27507035966133E-16,-3.28268539680868E-16,-1.));
#13300=DIRECTION('center_axis',(-0.932151309718153,-0.36206896551725,0.));
#13301=DIRECTION('ref_axis',(0.,0.,1.));
#13302=DIRECTION('',(-0.36206896551725,0.932151309718153,0.));
#13303=DIRECTION('',(1.301398874961E-16,-3.35046850543403E-16,1.));
#13304=DIRECTION('center_axis',(-0.932151309718153,-0.36206896551725,0.));
#13305=DIRECTION('ref_axis',(0.,0.,1.));
#13306=DIRECTION('',(0.36206896551725,-0.932151309718153,0.));
#13307=DIRECTION('',(1.301398874961E-16,-3.35046850543403E-16,1.));
#13308=DIRECTION('center_axis',(0.,1.,3.35046850543403E-16));
#13309=DIRECTION('ref_axis',(0.,-3.35046850543403E-16,1.));
#13310=DIRECTION('',(1.,0.,0.));
#13311=DIRECTION('center_axis',(0.,1.,3.35046850543403E-16));
#13312=DIRECTION('ref_axis',(0.,-3.35046850543403E-16,1.));
#13313=DIRECTION('',(-1.,0.,0.));
#13314=DIRECTION('center_axis',(0.,0.,-1.));
#13315=DIRECTION('ref_axis',(0.,1.,0.));
#13316=DIRECTION('center_axis',(0.,0.,1.));
#13317=DIRECTION('ref_axis',(0.,-1.,0.));
#13318=DIRECTION('center_axis',(-0.932151309718153,-0.36206896551725,0.));
#13319=DIRECTION('ref_axis',(0.,0.,1.));
#13320=DIRECTION('',(0.,0.,-1.));
#13321=DIRECTION('',(0.36206896551725,-0.932151309718153,4.51461335682262E-17));
#13322=DIRECTION('',(-0.36206896551725,0.932151309718153,2.52833692704855E-17));
#13323=DIRECTION('center_axis',(0.,5.11668698098051E-17,-1.));
#13324=DIRECTION('ref_axis',(0.,1.,5.11668698098051E-17));
#13325=DIRECTION('',(1.,0.,0.));
#13326=DIRECTION('center_axis',(0.,5.11668698098051E-17,-1.));
#13327=DIRECTION('ref_axis',(0.,1.,5.11668698098051E-17));
#13328=DIRECTION('',(-1.,0.,0.));
#13329=DIRECTION('',(-0.36206896551725,0.932151309718153,2.52833692704855E-17));
#13330=DIRECTION('center_axis',(0.,-1.,0.));
#13331=DIRECTION('ref_axis',(0.,0.,-1.));
#13332=DIRECTION('',(1.,0.,0.));
#13333=DIRECTION('',(0.,0.,-1.));
#13334=DIRECTION('',(-1.,0.,0.));
#13335=DIRECTION('center_axis',(0.,0.,-1.));
#13336=DIRECTION('ref_axis',(0.,1.,0.));
#13337=DIRECTION('',(0.,-1.,0.));
#13338=DIRECTION('',(1.,0.,0.));
#13339=DIRECTION('center_axis',(0.,1.,0.));
#13340=DIRECTION('ref_axis',(0.,0.,1.));
#13341=DIRECTION('',(0.,0.,1.));
#13342=DIRECTION('',(1.,0.,0.));
#13343=DIRECTION('',(0.,0.,1.));
#13344=DIRECTION('center_axis',(-0.932151309718153,-0.36206896551725,0.));
#13345=DIRECTION('ref_axis',(0.,0.,1.));
#13346=DIRECTION('',(0.36206896551725,-0.932151309718153,4.51461335682262E-17));
#13347=DIRECTION('center_axis',(0.,0.,1.));
#13348=DIRECTION('ref_axis',(1.,0.,0.));
#13349=DIRECTION('',(0.,1.,0.));
#13350=DIRECTION('center_axis',(-1.,0.,0.));
#13351=DIRECTION('ref_axis',(0.,0.,1.));
#13352=DIRECTION('center_axis',(0.,1.,0.));
#13353=DIRECTION('ref_axis',(0.,0.,-1.));
#13354=DIRECTION('',(1.,0.,0.));
#13355=DIRECTION('',(0.,0.,1.));
#13356=DIRECTION('',(-1.,0.,0.));
#13357=DIRECTION('',(0.,0.,-1.));
#13358=DIRECTION('',(-1.,0.,0.));
#13359=DIRECTION('',(0.,0.,-1.));
#13360=DIRECTION('',(-1.,0.,0.));
#13361=DIRECTION('',(0.,0.,-1.));
#13362=DIRECTION('',(1.,0.,0.));
#13363=DIRECTION('',(0.,0.,-1.));
#13364=DIRECTION('',(-1.,-9.92378122569972E-16,0.));
#13365=DIRECTION('',(0.,-1.48029736616687E-15,-1.));
#13366=DIRECTION('',(-1.,-9.92378122569972E-16,0.));
#13367=DIRECTION('center_axis',(0.,0.,1.));
#13368=DIRECTION('ref_axis',(1.30077686742617E-15,-1.,0.));
#13369=DIRECTION('',(0.,-1.,0.));
#13370=DIRECTION('',(1.,0.,0.));
#13371=DIRECTION('',(0.,-1.,-1.90116951918716E-15));
#13372=DIRECTION('center_axis',(-1.,0.,0.));
#13373=DIRECTION('ref_axis',(0.,0.,1.));
#13374=DIRECTION('',(0.,1.,0.));
#13375=DIRECTION('',(0.,0.,-1.));
#13376=DIRECTION('center_axis',(0.,5.11668698098051E-17,-1.));
#13377=DIRECTION('ref_axis',(0.,1.,5.11668698098051E-17));
#13378=DIRECTION('center_axis',(-1.,0.,0.));
#13379=DIRECTION('ref_axis',(0.,0.,1.));
#13380=DIRECTION('',(0.,-1.,-2.37904933848248E-15));
#13381=DIRECTION('',(0.,-2.74402122832948E-31,1.));
#13382=DIRECTION('',(0.,1.,-1.45122009647431E-13));
#13383=DIRECTION('center_axis',(-2.36091651602457E-30,2.37904933848248E-15,
-1.));
#13384=DIRECTION('ref_axis',(2.62424314103019E-16,-1.,-2.37904933848248E-15));
#13385=DIRECTION('',(0.,-1.,-2.37904933848248E-15));
#13386=DIRECTION('',(-1.,-9.92378122569972E-16,0.));
#13387=DIRECTION('center_axis',(-1.44015907477499E-28,1.45122009647431E-13,
1.));
#13388=DIRECTION('ref_axis',(-8.54944982943463E-16,1.,-1.45122009647431E-13));
#13389=DIRECTION('',(-1.,-9.92378122569972E-16,0.));
#13390=DIRECTION('center_axis',(-1.,0.,0.));
#13391=DIRECTION('ref_axis',(0.,0.,1.));
#13392=DIRECTION('',(0.,-4.24531844012919E-15,1.));
#13393=DIRECTION('center_axis',(0.,0.819152044288992,-0.573576436351046));
#13394=DIRECTION('ref_axis',(0.,0.573576436351046,0.819152044288992));
#13395=DIRECTION('',(1.,0.,0.));
#13396=DIRECTION('',(0.,0.573576436351046,0.819152044288992));
#13397=DIRECTION('center_axis',(0.,0.819152044288992,-0.573576436351046));
#13398=DIRECTION('ref_axis',(0.,0.573576436351046,0.819152044288992));
#13399=DIRECTION('',(0.,0.573576436351046,0.819152044288992));
#13400=DIRECTION('center_axis',(-1.,0.,0.));
#13401=DIRECTION('ref_axis',(0.,0.,1.));
#13402=DIRECTION('',(0.,6.49494312644611E-17,-1.));
#13403=DIRECTION('',(0.,-0.573576436351046,-0.819152044288992));
#13404=DIRECTION('center_axis',(-1.,0.,0.));
#13405=DIRECTION('ref_axis',(0.,0.,1.));
#13406=DIRECTION('',(0.,1.,2.94114463114355E-16));
#13407=DIRECTION('',(0.,-0.573576436351046,-0.819152044288992));
#13408=DIRECTION('',(0.,4.94580740664274E-17,-1.));
#13409=DIRECTION('center_axis',(1.,0.,0.));
#13410=DIRECTION('ref_axis',(0.,0.,1.));
#13411=DIRECTION('center_axis',(0.,0.819152044288992,-0.573576436351046));
#13412=DIRECTION('ref_axis',(0.,0.573576436351046,0.819152044288992));
#13413=DIRECTION('',(1.,0.,0.));
#13414=DIRECTION('',(0.201543499802655,0.561806398205857,0.802342687772662));
#13415=DIRECTION('center_axis',(0.,0.819152044288992,-0.573576436351046));
#13416=DIRECTION('ref_axis',(0.,0.573576436351046,0.819152044288992));
#13417=DIRECTION('',(1.,0.,0.));
#13418=DIRECTION('',(0.201543499802655,0.561806398205857,0.802342687772662));
#13419=DIRECTION('',(1.,0.,0.));
#13420=DIRECTION('center_axis',(-0.94126422742558,0.337670925856707,0.));
#13421=DIRECTION('ref_axis',(0.,0.,1.));
#13422=DIRECTION('',(-1.7742683907979E-17,-4.94580740664274E-17,1.));
#13423=DIRECTION('',(0.337670925856707,0.94126422742558,2.76839422898023E-16));
#13424=DIRECTION('center_axis',(0.,1.,4.94580740664274E-17));
#13425=DIRECTION('ref_axis',(0.,-4.94580740664274E-17,1.));
#13426=DIRECTION('',(1.,0.,0.));
#13427=DIRECTION('',(-1.7742683907979E-17,-4.94580740664274E-17,1.));
#13428=DIRECTION('center_axis',(0.,1.,4.94580740664274E-17));
#13429=DIRECTION('ref_axis',(0.,-4.94580740664274E-17,1.));
#13430=DIRECTION('center_axis',(0.,-0.819152044288992,0.573576436351046));
#13431=DIRECTION('ref_axis',(0.,-0.573576436351046,-0.819152044288992));
#13432=DIRECTION('',(1.,0.,0.));
#13433=DIRECTION('',(-0.201543499802655,-0.561806398205857,-0.802342687772662));
#13434=DIRECTION('',(-1.,0.,0.));
#13435=DIRECTION('',(0.201543499802655,0.561806398205857,0.802342687772662));
#13436=DIRECTION('center_axis',(0.,1.,0.));
#13437=DIRECTION('ref_axis',(0.,0.,-1.));
#13438=DIRECTION('',(0.,0.,1.));
#13439=DIRECTION('',(-1.,0.,0.));
#13440=DIRECTION('center_axis',(0.,0.,-1.));
#13441=DIRECTION('ref_axis',(0.,-1.,0.));
#13442=DIRECTION('',(-1.,0.,0.));
#13443=DIRECTION('',(0.337670925856707,0.94126422742558,0.));
#13444=DIRECTION('center_axis',(0.,-1.,-1.13869028166683E-16));
#13445=DIRECTION('ref_axis',(0.,-1.13869028166683E-16,1.));
#13446=DIRECTION('center_axis',(0.,2.94114463114355E-16,-1.));
#13447=DIRECTION('ref_axis',(0.,-1.,-2.94114463114355E-16));
#13448=DIRECTION('',(0.337670925856707,0.94126422742558,2.76839422898023E-16));
#13449=DIRECTION('',(-1.,0.,0.));
#13450=DIRECTION('center_axis',(-0.94126422742558,0.337670925856707,0.));
#13451=DIRECTION('ref_axis',(0.,0.,1.));
#13452=DIRECTION('',(-0.337670925856707,-0.94126422742558,0.));
#13453=DIRECTION('',(-0.201543499802655,-0.561806398205857,-0.802342687772662));
#13454=DIRECTION('center_axis',(0.,-0.819152044288992,0.573576436351046));
#13455=DIRECTION('ref_axis',(0.,0.573576436351046,0.819152044288992));
#13456=DIRECTION('',(1.,0.,0.));
#13457=DIRECTION('center_axis',(0.,-0.819152044288992,0.573576436351046));
#13458=DIRECTION('ref_axis',(0.,0.573576436351046,0.819152044288992));
#13459=DIRECTION('',(-1.,0.,0.));
#13460=DIRECTION('center_axis',(0.,2.94114463114355E-16,-1.));
#13461=DIRECTION('ref_axis',(0.,-1.,-2.94114463114355E-16));
#13462=DIRECTION('center_axis',(0.,0.,1.));
#13463=DIRECTION('ref_axis',(0.,1.,0.));
#13464=DIRECTION('center_axis',(-1.,0.,0.));
#13465=DIRECTION('ref_axis',(0.,0.,1.));
#13466=DIRECTION('center_axis',(-1.,0.,0.));
#13467=DIRECTION('ref_axis',(0.,0.,1.));
#13468=DIRECTION('center_axis',(-1.,0.,0.));
#13469=DIRECTION('ref_axis',(0.,0.,1.));
#13470=DIRECTION('',(1.,0.,0.));
#13471=DIRECTION('center_axis',(-1.,0.,0.));
#13472=DIRECTION('ref_axis',(0.,0.,1.));
#13473=DIRECTION('',(0.,-1.,0.));
#13474=DIRECTION('',(0.,0.,1.));
#13475=DIRECTION('center_axis',(-1.,0.,0.));
#13476=DIRECTION('ref_axis',(0.,0.,1.));
#13477=DIRECTION('',(0.,1.,0.));
#13478=DIRECTION('',(0.,-1.,0.));
#13479=DIRECTION('',(0.,0.,1.));
#13480=DIRECTION('center_axis',(0.,0.,1.));
#13481=DIRECTION('ref_axis',(0.,1.,0.));
#13482=DIRECTION('',(-1.,0.,0.));
#13483=DIRECTION('center_axis',(0.,0.,-1.));
#13484=DIRECTION('ref_axis',(0.,-1.,0.));
#13485=DIRECTION('',(-1.,0.,0.));
#13486=DIRECTION('center_axis',(-1.,0.,0.));
#13487=DIRECTION('ref_axis',(0.,0.,1.));
#13488=DIRECTION('',(0.,0.,-1.));
#13489=DIRECTION('',(0.,-1.,0.));
#13490=DIRECTION('',(0.,0.,1.));
#13491=DIRECTION('',(0.,1.,0.));
#13492=DIRECTION('',(0.,-1.,0.));
#13493=DIRECTION('center_axis',(0.,0.,-1.));
#13494=DIRECTION('ref_axis',(0.,1.,0.));
#13495=DIRECTION('',(0.337670925856707,0.94126422742558,0.));
#13496=DIRECTION('',(1.,0.,0.));
#13497=DIRECTION('center_axis',(0.,1.,0.));
#13498=DIRECTION('ref_axis',(0.,0.,1.));
#13499=DIRECTION('',(0.,0.,1.));
#13500=DIRECTION('',(1.,0.,0.));
#13501=DIRECTION('center_axis',(0.,0.,1.));
#13502=DIRECTION('ref_axis',(0.,-1.,0.));
#13503=DIRECTION('',(-0.337670925856707,-0.94126422742558,0.));
#13504=DIRECTION('',(1.,0.,0.));
#13505=DIRECTION('center_axis',(0.,-1.,0.));
#13506=DIRECTION('ref_axis',(0.,0.,-1.));
#13507=DIRECTION('',(0.,0.,-1.));
#13508=DIRECTION('',(1.,0.,0.));
#13509=DIRECTION('center_axis',(0.,0.,1.));
#13510=DIRECTION('ref_axis',(0.,-1.,0.));
#13511=DIRECTION('',(-0.337670925856707,-0.94126422742558,0.));
#13512=DIRECTION('center_axis',(0.,1.,0.));
#13513=DIRECTION('ref_axis',(0.,0.,-1.));
#13514=DIRECTION('',(0.,0.,-1.));
#13515=DIRECTION('',(-1.,0.,0.));
#13516=DIRECTION('',(0.,0.,1.));
#13517=DIRECTION('',(-1.,0.,0.));
#13518=DIRECTION('center_axis',(0.,0.,-1.));
#13519=DIRECTION('ref_axis',(0.,-1.,0.));
#13520=DIRECTION('',(-0.337670925856707,-0.94126422742558,0.));
#13521=DIRECTION('',(0.337670925856707,0.94126422742558,0.));
#13522=DIRECTION('',(-1.,0.,0.));
#13523=DIRECTION('center_axis',(0.,0.,-1.));
#13524=DIRECTION('ref_axis',(0.,-1.,0.));
#13525=DIRECTION('',(-0.337670925856707,-0.94126422742558,0.));
#13526=DIRECTION('',(-1.,0.,0.));
#13527=DIRECTION('',(0.337670925856707,0.94126422742558,0.));
#13528=DIRECTION('center_axis',(0.,0.,1.));
#13529=DIRECTION('ref_axis',(0.,1.,0.));
#13530=DIRECTION('',(0.337670925856707,0.94126422742558,0.));
#13531=DIRECTION('',(-1.,0.,0.));
#13532=DIRECTION('',(-0.337670925856707,-0.94126422742558,0.));
#13533=DIRECTION('',(-1.,0.,0.));
#13534=DIRECTION('center_axis',(0.,-1.,0.));
#13535=DIRECTION('ref_axis',(0.,0.,1.));
#13536=DIRECTION('',(0.,0.,1.));
#13537=DIRECTION('',(0.,0.,-1.));
#13538=DIRECTION('center_axis',(0.,1.,0.));
#13539=DIRECTION('ref_axis',(0.,0.,-1.));
#13540=DIRECTION('',(0.,0.,-1.));
#13541=DIRECTION('',(-1.,0.,0.));
#13542=DIRECTION('',(0.,0.,1.));
#13543=DIRECTION('',(-1.,0.,0.));
#13544=DIRECTION('center_axis',(0.,0.,1.));
#13545=DIRECTION('ref_axis',(0.,1.,0.));
#13546=DIRECTION('',(0.337670925856707,0.94126422742558,0.));
#13547=DIRECTION('',(-1.,0.,0.));
#13548=DIRECTION('',(-0.337670925856707,-0.94126422742558,0.));
#13549=DIRECTION('center_axis',(0.,-1.,0.));
#13550=DIRECTION('ref_axis',(0.,0.,1.));
#13551=DIRECTION('',(0.,0.,1.));
#13552=DIRECTION('',(-1.,0.,0.));
#13553=DIRECTION('',(0.,0.,-1.));
#13554=DIRECTION('center_axis',(0.,0.,-1.));
#13555=DIRECTION('ref_axis',(0.,-1.,0.));
#13556=DIRECTION('',(-0.337670925856707,-0.94126422742558,0.));
#13557=DIRECTION('',(0.337670925856707,0.94126422742558,0.));
#13558=DIRECTION('center_axis',(0.,1.,0.));
#13559=DIRECTION('ref_axis',(0.,0.,-1.));
#13560=DIRECTION('',(0.,0.,-1.));
#13561=DIRECTION('',(-1.,0.,0.));
#13562=DIRECTION('',(0.,0.,1.));
#13563=DIRECTION('',(-1.,0.,0.));
#13564=DIRECTION('center_axis',(0.,0.,1.));
#13565=DIRECTION('ref_axis',(0.,1.,0.));
#13566=DIRECTION('',(0.337670925856707,0.94126422742558,0.));
#13567=DIRECTION('',(-1.,0.,0.));
#13568=DIRECTION('',(-0.337670925856707,-0.94126422742558,0.));
#13569=DIRECTION('center_axis',(0.,-1.,0.));
#13570=DIRECTION('ref_axis',(0.,0.,1.));
#13571=DIRECTION('',(0.,0.,1.));
#13572=DIRECTION('',(-1.,0.,0.));
#13573=DIRECTION('',(0.,0.,-1.));
#13574=DIRECTION('center_axis',(0.,0.,-1.));
#13575=DIRECTION('ref_axis',(0.,-1.,0.));
#13576=DIRECTION('',(-0.337670925856707,-0.94126422742558,0.));
#13577=DIRECTION('',(0.337670925856707,0.94126422742558,0.));
#13578=DIRECTION('center_axis',(0.,1.,0.));
#13579=DIRECTION('ref_axis',(0.,0.,-1.));
#13580=DIRECTION('',(0.,0.,-1.));
#13581=DIRECTION('',(-1.,0.,0.));
#13582=DIRECTION('',(0.,0.,1.));
#13583=DIRECTION('',(-1.,0.,0.));
#13584=DIRECTION('center_axis',(0.,0.,1.));
#13585=DIRECTION('ref_axis',(0.,1.,0.));
#13586=DIRECTION('',(0.337670925856707,0.94126422742558,0.));
#13587=DIRECTION('',(-1.,0.,0.));
#13588=DIRECTION('',(-0.337670925856707,-0.94126422742558,0.));
#13589=DIRECTION('center_axis',(0.,-1.,0.));
#13590=DIRECTION('ref_axis',(0.,0.,1.));
#13591=DIRECTION('',(0.,0.,1.));
#13592=DIRECTION('',(-1.,0.,0.));
#13593=DIRECTION('',(0.,0.,-1.));
#13594=DIRECTION('center_axis',(0.,0.,-1.));
#13595=DIRECTION('ref_axis',(0.,-1.,0.));
#13596=DIRECTION('',(-0.337670925856707,-0.94126422742558,0.));
#13597=DIRECTION('',(0.337670925856707,0.94126422742558,0.));
#13598=DIRECTION('center_axis',(0.,-1.,0.));
#13599=DIRECTION('ref_axis',(0.,0.,1.));
#13600=DIRECTION('',(-1.,0.,0.));
#13601=DIRECTION('',(0.,0.,-1.));
#13602=DIRECTION('',(1.,0.,0.));
#13603=DIRECTION('',(0.,0.,-1.));
#13604=DIRECTION('',(1.49901235260116E-17,4.17852588401789E-17,-1.));
#13605=DIRECTION('',(0.,0.,-1.));
#13606=DIRECTION('',(2.33000829628056E-17,6.49494312644611E-17,-1.));
#13607=DIRECTION('',(-1.,0.,0.));
#13608=DIRECTION('',(0.,0.,-1.));
#13609=DIRECTION('',(0.,0.,-1.));
#13610=DIRECTION('center_axis',(0.,0.,1.));
#13611=DIRECTION('ref_axis',(0.,1.,0.));
#13612=DIRECTION('',(0.337670925856707,0.94126422742558,0.));
#13613=DIRECTION('center_axis',(-1.,0.,0.));
#13614=DIRECTION('ref_axis',(0.,1.,0.));
#13615=DIRECTION('',(0.,-1.,0.));
#13616=DIRECTION('center_axis',(0.,0.,1.));
#13617=DIRECTION('ref_axis',(0.,1.,0.));
#13618=DIRECTION('center_axis',(-1.,0.,0.));
#13619=DIRECTION('ref_axis',(0.,0.,1.));
#13620=DIRECTION('',(0.,0.,1.));
#13621=DIRECTION('',(0.,-0.800000000000001,-0.599999999999999));
#13622=DIRECTION('',(0.,0.,-1.));
#13623=DIRECTION('center_axis',(-1.,0.,0.));
#13624=DIRECTION('ref_axis',(0.,0.,1.));
#13625=DIRECTION('',(0.,0.,1.));
#13626=DIRECTION('',(0.,0.800000000000001,0.599999999999999));
#13627=DIRECTION('',(0.,0.,-1.));
#13628=DIRECTION('center_axis',(0.,-1.,0.));
#13629=DIRECTION('ref_axis',(0.,0.,1.));
#13630=DIRECTION('',(-1.,0.,0.));
#13631=DIRECTION('center_axis',(0.,-0.599999999999999,0.800000000000001));
#13632=DIRECTION('ref_axis',(0.,0.800000000000001,0.599999999999999));
#13633=DIRECTION('',(-1.,0.,0.));
#13634=DIRECTION('center_axis',(0.,1.,0.));
#13635=DIRECTION('ref_axis',(0.,0.,-1.));
#13636=DIRECTION('center_axis',(-0.94126422742558,0.337670925856707,0.));
#13637=DIRECTION('ref_axis',(0.,0.,1.));
#13638=DIRECTION('',(-0.337670925856707,-0.94126422742558,0.));
#13639=DIRECTION('',(-4.08495925449235E-17,-1.13869028166683E-16,1.));
#13640=DIRECTION('center_axis',(-1.,0.,0.));
#13641=DIRECTION('ref_axis',(0.,0.,1.));
#13642=DIRECTION('',(0.,4.94580740664274E-17,-1.));
#13643=DIRECTION('',(0.,1.,0.));
#13644=DIRECTION('',(0.,-1.,0.));
#13645=DIRECTION('',(0.,-1.,0.));
#13646=DIRECTION('center_axis',(0.,0.,-1.));
#13647=DIRECTION('ref_axis',(0.,1.,0.));
#13648=DIRECTION('',(0.,1.,0.));
#13649=DIRECTION('',(0.,-1.,0.));
#13650=DIRECTION('',(0.337670925856707,0.94126422742558,0.));
#13651=DIRECTION('',(1.,8.88178419700125E-16,0.));
#13652=DIRECTION('',(-1.,0.,0.));
#13653=DIRECTION('center_axis',(0.,0.,1.));
#13654=DIRECTION('ref_axis',(0.,-1.,0.));
#13655=DIRECTION('',(-1.,0.,0.));
#13656=DIRECTION('center_axis',(0.,1.,4.94580740664274E-17));
#13657=DIRECTION('ref_axis',(0.,-4.94580740664274E-17,1.));
#13658=DIRECTION('center_axis',(-0.94126422742558,0.337670925856707,0.));
#13659=DIRECTION('ref_axis',(-0.337670925856707,-0.94126422742558,0.));
#13660=DIRECTION('',(0.,0.,1.));
#13661=DIRECTION('center_axis',(-8.88178419700125E-16,1.,0.));
#13662=DIRECTION('ref_axis',(-1.,-8.88178419700125E-16,0.));
#13663=DIRECTION('center_axis',(1.,0.,0.));
#13664=DIRECTION('ref_axis',(0.,0.,-1.));
#13665=DIRECTION('',(0.,1.,0.));
#13666=DIRECTION('center_axis',(0.,1.,1.19378819852167E-16));
#13667=DIRECTION('ref_axis',(0.,-1.19378819852167E-16,1.));
#13668=DIRECTION('',(1.,0.,0.));
#13669=DIRECTION('center_axis',(0.,0.,-1.));
#13670=DIRECTION('ref_axis',(0.,1.,0.));
#13671=DIRECTION('center_axis',(0.,0.,1.));
#13672=DIRECTION('ref_axis',(0.,-1.,0.));
#13673=DIRECTION('axis',(0.,0.,1.));
#13674=DIRECTION('refdir',(1.,0.,0.));
#13675=DIRECTION('center_axis',(0.,0.,-1.));
#13676=DIRECTION('ref_axis',(-1.,0.,0.));
#13677=DIRECTION('',(-1.,0.,0.));
#13678=DIRECTION('',(0.,1.,0.));
#13679=DIRECTION('',(1.,4.03717463500057E-15,0.));
#13680=DIRECTION('',(0.,-1.,0.));
#13681=DIRECTION('center_axis',(0.,0.,-1.));
#13682=DIRECTION('ref_axis',(0.,-1.,0.));
#13683=DIRECTION('',(0.,-1.,0.));
#13684=DIRECTION('',(-1.,0.,0.));
#13685=DIRECTION('',(0.,-1.,0.));
#13686=DIRECTION('',(1.,0.,0.));
#13687=DIRECTION('center_axis',(-4.03717463500057E-15,1.,0.));
#13688=DIRECTION('ref_axis',(-1.,-4.03717463500057E-15,0.));
#13689=DIRECTION('',(0.,0.,1.));
#13690=DIRECTION('',(-1.,-4.03717463500057E-15,0.));
#13691=DIRECTION('',(0.,0.,1.));
#13692=DIRECTION('center_axis',(0.,1.,0.));
#13693=DIRECTION('ref_axis',(-1.,0.,0.));
#13694=DIRECTION('',(1.,0.,0.));
#13695=DIRECTION('',(0.,0.,1.));
#13696=DIRECTION('',(-1.,0.,0.));
#13697=DIRECTION('',(0.,0.,1.));
#13698=DIRECTION('center_axis',(-1.,-1.1686558153949E-15,0.));
#13699=DIRECTION('ref_axis',(1.1686558153949E-15,-1.,0.));
#13700=DIRECTION('',(-1.1686558153949E-15,1.,0.));
#13701=DIRECTION('',(0.,0.,1.));
#13702=DIRECTION('',(1.1686558153949E-15,-1.,0.));
#13703=DIRECTION('center_axis',(-2.01858731750029E-15,-1.,0.));
#13704=DIRECTION('ref_axis',(1.,-2.01858731750029E-15,0.));
#13705=DIRECTION('',(-1.,2.01858731750029E-15,0.));
#13706=DIRECTION('',(0.,0.,1.));
#13707=DIRECTION('',(1.,-2.01858731750029E-15,0.));
#13708=DIRECTION('center_axis',(0.,1.,0.));
#13709=DIRECTION('ref_axis',(-1.,0.,0.));
#13710=DIRECTION('',(0.,0.,1.));
#13711=DIRECTION('',(-1.,0.,0.));
#13712=DIRECTION('',(0.,0.,1.));
#13713=DIRECTION('center_axis',(0.,-1.,0.));
#13714=DIRECTION('ref_axis',(1.,0.,0.));
#13715=DIRECTION('',(1.,0.,0.));
#13716=DIRECTION('',(0.,0.,-1.));
#13717=DIRECTION('',(1.,0.,0.));
#13718=DIRECTION('',(0.,0.,1.));
#13719=DIRECTION('center_axis',(0.,0.,1.));
#13720=DIRECTION('ref_axis',(1.,0.,0.));
#13721=DIRECTION('',(0.,-1.,0.));
#13722=DIRECTION('center_axis',(0.,0.,1.));
#13723=DIRECTION('ref_axis',(1.,0.,0.));
#13724=DIRECTION('',(1.,0.,0.));
#13725=DIRECTION('',(0.,-1.,0.));
#13726=DIRECTION('',(-1.,0.,0.));
#13727=DIRECTION('',(0.,1.,0.));
#13728=DIRECTION('center_axis',(-1.,0.,0.));
#13729=DIRECTION('ref_axis',(0.,0.,1.));
#13730=DIRECTION('',(0.,-1.,0.));
#13731=DIRECTION('',(0.,0.,1.));
#13732=DIRECTION('',(0.,1.,0.));
#13733=DIRECTION('',(0.,0.,-1.));
#13734=DIRECTION('',(0.,-1.,0.));
#13735=DIRECTION('',(0.,0.,1.));
#13736=DIRECTION('',(0.,0.,-1.));
#13737=DIRECTION('center_axis',(0.,0.,-1.));
#13738=DIRECTION('ref_axis',(0.,-1.,0.));
#13739=DIRECTION('',(0.,-1.,0.));
#13740=DIRECTION('',(1.,2.3373116307898E-16,0.));
#13741=DIRECTION('',(0.,-1.,0.));
#13742=DIRECTION('',(-1.,-3.46944695195361E-16,0.));
#13743=DIRECTION('',(0.,-1.,0.));
#13744=DIRECTION('',(1.,-4.72435329627726E-16,0.));
#13745=DIRECTION('',(0.,-1.,0.));
#13746=DIRECTION('',(-1.,0.,0.));
#13747=DIRECTION('center_axis',(0.,0.,-1.));
#13748=DIRECTION('ref_axis',(0.,-1.,0.));
#13749=DIRECTION('',(-1.,0.,0.));
#13750=DIRECTION('',(-1.,0.,0.));
#13751=DIRECTION('',(0.,1.,0.));
#13752=DIRECTION('',(-1.,0.,0.));
#13753=DIRECTION('',(6.53072367426563E-15,-1.,0.));
#13754=DIRECTION('',(1.,0.,0.));
#13755=DIRECTION('',(0.,-1.,0.));
#13756=DIRECTION('',(-1.,-6.93889390390723E-16,0.));
#13757=DIRECTION('',(0.,-1.,0.));
#13758=DIRECTION('',(1.,0.,0.));
#13759=DIRECTION('',(0.,-1.,0.));
#13760=DIRECTION('center_axis',(-1.,0.,0.));
#13761=DIRECTION('ref_axis',(0.,-1.,0.));
#13762=DIRECTION('',(0.,0.,1.));
#13763=DIRECTION('',(0.,-1.,0.));
#13764=DIRECTION('',(0.,0.,1.));
#13765=DIRECTION('center_axis',(-4.72435329627726E-16,-1.,0.));
#13766=DIRECTION('ref_axis',(1.,-4.72435329627726E-16,0.));
#13767=DIRECTION('',(0.,0.,1.));
#13768=DIRECTION('',(1.,-4.72435329627726E-16,0.));
#13769=DIRECTION('center_axis',(-1.,0.,0.));
#13770=DIRECTION('ref_axis',(0.,-1.,0.));
#13771=DIRECTION('',(0.,0.,1.));
#13772=DIRECTION('',(0.,-1.,0.));
#13773=DIRECTION('center_axis',(-3.46944695195361E-16,1.,0.));
#13774=DIRECTION('ref_axis',(-1.,-3.46944695195361E-16,0.));
#13775=DIRECTION('',(0.,0.,1.));
#13776=DIRECTION('',(-1.,-3.46944695195361E-16,0.));
#13777=DIRECTION('center_axis',(-1.,0.,0.));
#13778=DIRECTION('ref_axis',(0.,-1.,0.));
#13779=DIRECTION('',(0.,0.,1.));
#13780=DIRECTION('',(0.,-1.,0.));
#13781=DIRECTION('center_axis',(2.3373116307898E-16,-1.,0.));
#13782=DIRECTION('ref_axis',(1.,2.3373116307898E-16,0.));
#13783=DIRECTION('',(0.,0.,1.));
#13784=DIRECTION('',(1.,2.3373116307898E-16,0.));
#13785=DIRECTION('center_axis',(-1.,0.,0.));
#13786=DIRECTION('ref_axis',(0.,-1.,0.));
#13787=DIRECTION('',(0.,-1.,0.));
#13788=DIRECTION('center_axis',(-1.,0.,0.));
#13789=DIRECTION('ref_axis',(0.,-1.,0.));
#13790=DIRECTION('',(0.,0.,-1.));
#13791=DIRECTION('',(0.,-1.,0.));
#13792=DIRECTION('center_axis',(-1.,0.,0.));
#13793=DIRECTION('ref_axis',(0.,-1.,0.));
#13794=DIRECTION('',(0.,0.,1.));
#13795=DIRECTION('',(0.,-1.,0.));
#13796=DIRECTION('center_axis',(0.,-1.,0.));
#13797=DIRECTION('ref_axis',(1.,0.,0.));
#13798=DIRECTION('',(0.,0.,1.));
#13799=DIRECTION('',(1.,0.,0.));
#13800=DIRECTION('center_axis',(-1.,0.,0.));
#13801=DIRECTION('ref_axis',(0.,-1.,0.));
#13802=DIRECTION('',(0.,0.,1.));
#13803=DIRECTION('',(0.,-1.,0.));
#13804=DIRECTION('center_axis',(0.,1.,0.));
#13805=DIRECTION('ref_axis',(-1.,0.,0.));
#13806=DIRECTION('',(0.,0.,1.));
#13807=DIRECTION('',(-1.,0.,0.));
#13808=DIRECTION('center_axis',(-1.,0.,0.));
#13809=DIRECTION('ref_axis',(0.,-1.,0.));
#13810=DIRECTION('',(0.,0.,1.));
#13811=DIRECTION('',(0.,-1.,0.));
#13812=DIRECTION('center_axis',(0.,-1.,0.));
#13813=DIRECTION('ref_axis',(1.,0.,0.));
#13814=DIRECTION('',(0.,0.,1.));
#13815=DIRECTION('',(1.,0.,0.));
#13816=DIRECTION('center_axis',(-1.,0.,0.));
#13817=DIRECTION('ref_axis',(0.,-1.,0.));
#13818=DIRECTION('',(0.,0.,1.));
#13819=DIRECTION('',(0.,-1.,0.));
#13820=DIRECTION('center_axis',(-6.93889390390723E-16,1.,0.));
#13821=DIRECTION('ref_axis',(-1.,-6.93889390390723E-16,0.));
#13822=DIRECTION('',(0.,0.,1.));
#13823=DIRECTION('',(-1.,-6.93889390390723E-16,0.));
#13824=DIRECTION('center_axis',(-1.,0.,0.));
#13825=DIRECTION('ref_axis',(0.,-1.,0.));
#13826=DIRECTION('',(0.,0.,1.));
#13827=DIRECTION('',(0.,-1.,0.));
#13828=DIRECTION('center_axis',(0.,-1.,0.));
#13829=DIRECTION('ref_axis',(1.,0.,0.));
#13830=DIRECTION('',(0.,0.,1.));
#13831=DIRECTION('',(1.,0.,0.));
#13832=DIRECTION('center_axis',(-1.,-6.53072367426563E-15,0.));
#13833=DIRECTION('ref_axis',(6.53072367426563E-15,-1.,0.));
#13834=DIRECTION('',(0.,0.,1.));
#13835=DIRECTION('',(6.53072367426563E-15,-1.,0.));
#13836=DIRECTION('center_axis',(0.,1.,0.));
#13837=DIRECTION('ref_axis',(-1.,0.,0.));
#13838=DIRECTION('',(0.,0.,-1.));
#13839=DIRECTION('',(-1.,0.,0.));
#13840=DIRECTION('center_axis',(0.,0.,1.));
#13841=DIRECTION('ref_axis',(1.,0.,0.));
#13842=DIRECTION('',(0.,1.,0.));
#13843=DIRECTION('',(1.,0.,0.));
#13844=DIRECTION('center_axis',(0.,-1.,0.));
#13845=DIRECTION('ref_axis',(0.,0.,1.));
#13846=DIRECTION('',(0.,0.,-1.));
#13847=DIRECTION('',(-1.,0.,0.));
#13848=DIRECTION('center_axis',(0.,1.,0.));
#13849=DIRECTION('ref_axis',(0.,0.,-1.));
#13850=DIRECTION('',(0.,0.,1.));
#13851=DIRECTION('',(-1.,0.,0.));
#13852=DIRECTION('center_axis',(0.,0.,1.));
#13853=DIRECTION('ref_axis',(0.,1.,0.));
#13854=DIRECTION('',(0.,-1.,0.));
#13855=DIRECTION('center_axis',(-1.,0.,0.));
#13856=DIRECTION('ref_axis',(0.,0.,1.));
#13857=DIRECTION('',(0.,0.,-1.));
#13858=DIRECTION('',(-1.,0.,0.));
#13859=DIRECTION('',(0.,0.,1.));
#13860=DIRECTION('',(1.,0.,0.));
#13861=CARTESIAN_POINT('',(0.,0.,0.));
#13862=CARTESIAN_POINT('',(0.,0.,0.));
#13863=CARTESIAN_POINT('Origin',(-2.8,18.1,-35.2));
#13864=CARTESIAN_POINT('',(-0.599999999999999,16.7,-35.2));
#13865=CARTESIAN_POINT('',(-2.8,16.7,-35.2));
#13866=CARTESIAN_POINT('',(-1.4,16.7,-35.2));
#13867=CARTESIAN_POINT('',(-0.599999999999999,18.1,-35.2));
#13868=CARTESIAN_POINT('',(-0.599999999999999,18.1,-35.2));
#13869=CARTESIAN_POINT('',(-2.8,18.1,-35.2));
#13870=CARTESIAN_POINT('',(-1.4,18.1,-35.2));
#13871=CARTESIAN_POINT('',(-2.8,14.4635106880261,-35.2));
#13872=CARTESIAN_POINT('Origin',(-0.599999999999999,18.1,-35.2));
#13873=CARTESIAN_POINT('',(-0.599999999999999,16.7,-21.4692250850803));
#13874=CARTESIAN_POINT('',(-0.599999999999999,16.7,-54.75));
#13875=CARTESIAN_POINT('',(-0.599999999999999,3.55404275210444,-21.4692250850803));
#13876=CARTESIAN_POINT('',(-0.599999999999999,17.4,-21.4692250850803));
#13877=CARTESIAN_POINT('',(-0.599999999999999,4.53433330559804,-20.0692250850803));
#13878=CARTESIAN_POINT('',(-0.599999999999999,2.72110250208918,-22.6587870428749));
#13879=CARTESIAN_POINT('',(-0.599999999999999,18.1,-20.0692250850803));
#13880=CARTESIAN_POINT('',(-0.599999999999999,10.3405469817899,-20.0692250850803));
#13881=CARTESIAN_POINT('',(-0.599999999999999,18.1,-27.6346125425402));
#13882=CARTESIAN_POINT('Origin',(0.,16.7,-74.3));
#13883=CARTESIAN_POINT('',(-2.8,16.7,-74.3));
#13884=CARTESIAN_POINT('',(-2.8,16.7,-74.3));
#13885=CARTESIAN_POINT('',(18.690722813801,16.7,-74.3));
#13886=CARTESIAN_POINT('',(0.,16.7,-74.3));
#13887=CARTESIAN_POINT('',(18.690722813801,16.7,-21.4692250850803));
#13888=CARTESIAN_POINT('',(18.690722813801,16.7,-57.5287259639302));
#13889=CARTESIAN_POINT('',(0.,16.7,-21.4692250850803));
#13890=CARTESIAN_POINT('Origin',(-2.8,10.8270213760522,-47.8846125425402));
#13891=CARTESIAN_POINT('',(-2.8,18.1,-75.7));
#13892=CARTESIAN_POINT('',(-2.8,18.1,-20.0692250850803));
#13893=CARTESIAN_POINT('',(-2.8,10.8,-75.7));
#13894=CARTESIAN_POINT('',(-2.8,18.1,-75.7));
#13895=CARTESIAN_POINT('',(-2.8,10.8,-74.3));
#13896=CARTESIAN_POINT('',(-2.8,10.8,-74.3));
#13897=CARTESIAN_POINT('',(-2.8,10.8,-74.3));
#13898=CARTESIAN_POINT('Origin',(0.,2.58109396357971,-20.0692250850803));
#13899=CARTESIAN_POINT('',(0.,4.53433330559804,-20.0692250850803));
#13900=CARTESIAN_POINT('',(0.,4.53433330559804,-20.0692250850803));
#13901=CARTESIAN_POINT('',(0.,2.58109396357971,-20.0692250850803));
#13902=CARTESIAN_POINT('',(0.,38.7905469817899,-20.0692250850803));
#13903=CARTESIAN_POINT('',(2.,2.58109396357971,-20.0692250850803));
#13904=CARTESIAN_POINT('',(0.,2.58109396357971,-20.0692250850803));
#13905=CARTESIAN_POINT('',(2.,4.53433330559804,-20.0692250850803));
#13906=CARTESIAN_POINT('',(2.,5.29201248994459,-20.0692250850803));
#13907=CARTESIAN_POINT('',(7.4,4.53433330559804,-20.0692250850803));
#13908=CARTESIAN_POINT('',(0.,4.53433330559804,-20.0692250850803));
#13909=CARTESIAN_POINT('',(7.4,17.3366145056783,-20.0692250850803));
#13910=CARTESIAN_POINT('',(7.4,8.98891560823157,-20.0692250850803));
#13911=CARTESIAN_POINT('',(18.9191031168899,17.3366145056783,-20.0692250850803));
#13912=CARTESIAN_POINT('',(0.,17.3366145056783,-20.0692250850803));
#13913=CARTESIAN_POINT('',(19.1929614864555,18.1,-20.0692250850803));
#13914=CARTESIAN_POINT('',(16.0296901919761,9.28232017286783,-20.0692250850803));
#13915=CARTESIAN_POINT('',(0.,18.1,-20.0692250850803));
#13916=CARTESIAN_POINT('Origin',(-14.6,28.9676120181742,-144.95));
#13917=CARTESIAN_POINT('',(-13.2,30.5676120181742,-144.95));
#13918=CARTESIAN_POINT('',(-13.2,27.3676120181742,-144.95));
#13919=CARTESIAN_POINT('',(-13.2,30.5676120181742,-144.95));
#13920=CARTESIAN_POINT('',(-16.,27.3676120181742,-144.95));
#13921=CARTESIAN_POINT('',(-13.2,27.3676120181742,-144.95));
#13922=CARTESIAN_POINT('',(-16.,30.5676120181742,-144.95));
#13923=CARTESIAN_POINT('',(-16.,27.3676120181742,-144.95));
#13924=CARTESIAN_POINT('',(-13.2,30.5676120181742,-144.95));
#13925=CARTESIAN_POINT('Origin',(-13.2,30.5676120181742,-142.65));
#13926=CARTESIAN_POINT('',(-16.,30.5676120181742,-141.1));
#13927=CARTESIAN_POINT('',(-13.2,30.5676120181742,-141.1));
#13928=CARTESIAN_POINT('',(-13.2,30.5676120181742,-141.1));
#13929=CARTESIAN_POINT('',(-13.2,30.5676120181742,-142.65));
#13930=CARTESIAN_POINT('',(-13.2,30.5676120181742,-148.75));
#13931=CARTESIAN_POINT('',(-13.2,30.5676120181742,-142.65));
#13932=CARTESIAN_POINT('',(-16.,30.5676120181742,-142.65));
#13933=CARTESIAN_POINT('Origin',(-13.2,27.3676120181742,-142.65));
#13934=CARTESIAN_POINT('',(-13.2,27.3676120181742,-142.65));
#13935=CARTESIAN_POINT('',(-13.2,34.0676120181742,-142.65));
#13936=CARTESIAN_POINT('',(-13.2,27.3676120181742,-142.65));
#13937=CARTESIAN_POINT('Origin',(-16.,27.3676120181742,-142.65));
#13938=CARTESIAN_POINT('',(-16.,27.3676120181742,-141.1));
#13939=CARTESIAN_POINT('',(-13.2,27.3676120181742,-141.1));
#13940=CARTESIAN_POINT('',(-13.2,27.3676120181742,-141.1));
#13941=CARTESIAN_POINT('',(-16.,27.3676120181742,-142.65));
#13942=CARTESIAN_POINT('',(-13.2,27.3676120181742,-148.75));
#13943=CARTESIAN_POINT('Origin',(-13.2,32.6426120181741,-154.85));
#13944=CARTESIAN_POINT('',(-13.2,34.9676120181742,-141.1));
#13945=CARTESIAN_POINT('',(-13.2,28.2529105159024,-141.1));
#13946=CARTESIAN_POINT('',(-13.2,34.9676120181742,-147.150000000065));
#13947=CARTESIAN_POINT('',(-13.2,34.9676120181742,-153.225));
#13948=CARTESIAN_POINT('',(-13.2,40.8176120181741,-147.149999999919));
#13949=CARTESIAN_POINT('',(-13.2,33.8051120181741,-147.15));
#13950=CARTESIAN_POINT('',(-13.2,40.8176120181741,-161.45));
#13951=CARTESIAN_POINT('',(-13.2,40.8176120181741,-163.4));
#13952=CARTESIAN_POINT('',(-13.2,34.9676120181742,-161.45));
#13953=CARTESIAN_POINT('',(-13.2,35.2676120181741,-161.45));
#13954=CARTESIAN_POINT('',(-13.2,34.9676120181742,-168.65));
#13955=CARTESIAN_POINT('',(-13.2,34.9676120181742,-147.125));
#13956=CARTESIAN_POINT('',(-13.2,31.6005476674218,-168.65));
#13957=CARTESIAN_POINT('',(-13.2,31.1551120181741,-168.65));
#13958=CARTESIAN_POINT('',(-13.2,31.6005476674218,-167.05));
#13959=CARTESIAN_POINT('',(-13.2,31.6005476674218,-168.65));
#13960=CARTESIAN_POINT('',(-13.2,33.0676120181741,-167.05));
#13961=CARTESIAN_POINT('',(-13.2,21.0213060090871,-167.05));
#13962=CARTESIAN_POINT('',(-13.2,33.0676120181742,-159.95));
#13963=CARTESIAN_POINT('',(-13.2,33.0676120181741,-160.95));
#13964=CARTESIAN_POINT('',(-13.2,38.9176120181741,-159.95));
#13965=CARTESIAN_POINT('',(-13.2,32.8551120181742,-159.95));
#13966=CARTESIAN_POINT('',(-13.2,38.9176120181741,-148.650000000065));
#13967=CARTESIAN_POINT('',(-13.2,38.917612018174,-157.4));
#13968=CARTESIAN_POINT('',(-13.2,33.1676120181741,-148.650000000065));
#13969=CARTESIAN_POINT('',(-13.2,34.7926120181741,-148.650000000065));
#13970=CARTESIAN_POINT('',(-13.2,33.1676120181741,-142.65));
#13971=CARTESIAN_POINT('',(-13.2,33.1676120181741,-152.282589985258));
#13972=CARTESIAN_POINT('',(-13.2,34.0676120181742,-142.65));
#13973=CARTESIAN_POINT('Origin',(-16.,28.9676120181742,-141.075));
#13974=CARTESIAN_POINT('Origin',(-16.,28.9676120181742,-141.1));
#13975=CARTESIAN_POINT('Origin',(-13.2,32.6426120181741,-154.85));
#13976=CARTESIAN_POINT('',(-13.2,21.3088060090871,-142.65));
#13977=CARTESIAN_POINT('',(-13.2,34.0676120181742,-142.65));
#13978=CARTESIAN_POINT('',(-13.2,21.3088060090871,-141.1));
#13979=CARTESIAN_POINT('',(-13.2,21.3088060090871,-142.65));
#13980=CARTESIAN_POINT('',(-13.2,28.2529105159024,-141.1));
#13981=CARTESIAN_POINT('Origin',(-13.2,28.9676120181742,-141.1));
#13982=CARTESIAN_POINT('',(-10.5127384177536,27.3676120181742,-141.1));
#13983=CARTESIAN_POINT('',(-13.2,27.3676120181742,-141.1));
#13984=CARTESIAN_POINT('',(-7.20977785785871,30.5676120181742,-141.1));
#13985=CARTESIAN_POINT('Ctrl Pts',(-7.2097778578587,30.5676120181742,-141.1));
#13986=CARTESIAN_POINT('Ctrl Pts',(-7.2097778578587,30.5676120181742,-140.996059627684));
#13987=CARTESIAN_POINT('Ctrl Pts',(-7.22623462744513,30.5574081623067,-140.893968091352));
#13988=CARTESIAN_POINT('Ctrl Pts',(-7.28626045722528,30.5195863931955,-140.698349376359));
#13989=CARTESIAN_POINT('Ctrl Pts',(-7.32981338474227,30.4919508309538,-140.604820660435));
#13990=CARTESIAN_POINT('Ctrl Pts',(-7.48771665292628,30.3894098995997,-140.342546120116));
#13991=CARTESIAN_POINT('Ctrl Pts',(-7.62962034654414,30.294049804302,-140.19202646567));
#13992=CARTESIAN_POINT('Ctrl Pts',(-7.98213262893475,30.0430363416772,-139.891881491367));
#13993=CARTESIAN_POINT('Ctrl Pts',(-8.23202417992536,29.8524900217152,-139.746637017441));
#13994=CARTESIAN_POINT('Ctrl Pts',(-8.73369804367774,29.4284917279977,-139.550099960213));
#13995=CARTESIAN_POINT('Ctrl Pts',(-8.98558188610638,29.1946080188053,-139.5));
#13996=CARTESIAN_POINT('Ctrl Pts',(-9.3979226643205,28.7763782674605,-139.5));
#13997=CARTESIAN_POINT('Ctrl Pts',(-9.59464328001335,28.5612278311704,-139.536135650124));
#13998=CARTESIAN_POINT('Ctrl Pts',(-9.94669718534674,28.144943244868,-139.709303668361));
#13999=CARTESIAN_POINT('Ctrl Pts',(-10.102258343425,27.9441930772379,-139.846795251827));
#14000=CARTESIAN_POINT('Ctrl Pts',(-10.3087151507552,27.6641765381832,-140.155499372926));
#14001=CARTESIAN_POINT('Ctrl Pts',(-10.3853765644704,27.5547447220999,-140.322649831522));
#14002=CARTESIAN_POINT('Ctrl Pts',(-10.4872344251745,27.4062894432959,-140.69658998473));
#14003=CARTESIAN_POINT('Ctrl Pts',(-10.5127384177536,27.3676120181742,-140.903433139436));
#14004=CARTESIAN_POINT('Ctrl Pts',(-10.5127384177536,27.3676120181742,-141.1));
#14005=CARTESIAN_POINT('',(-13.2,30.5676120181742,-141.1));
#14006=CARTESIAN_POINT('Origin',(-13.2,28.9676120181742,-141.1));
#14007=CARTESIAN_POINT('',(-8.50835318390346,27.3676120181742,-141.1));
#14008=CARTESIAN_POINT('',(-7.2,28.6224933598372,-139.537664212895));
#14009=CARTESIAN_POINT('Ctrl Pts',(-8.50835318390346,27.3676120181742,-141.1));
#14010=CARTESIAN_POINT('Ctrl Pts',(-8.50835318390346,27.3676120181742,-140.906415184014));
#14011=CARTESIAN_POINT('Ctrl Pts',(-8.47658434067335,27.4051881027853,-140.704380641359));
#14012=CARTESIAN_POINT('Ctrl Pts',(-8.3528468003418,27.5451229052702,-140.342235548483));
#14013=CARTESIAN_POINT('Ctrl Pts',(-8.26059028075857,27.6469188174629,-140.182006155765));
#14014=CARTESIAN_POINT('Ctrl Pts',(-7.98882727593026,27.9301386570799,-139.852268033213));
#14015=CARTESIAN_POINT('Ctrl Pts',(-7.76754484369371,28.1453784653537,-139.708047221429));
#14016=CARTESIAN_POINT('Ctrl Pts',(-7.41640611657413,28.4480708097484,-139.583675125202));
#14017=CARTESIAN_POINT('Ctrl Pts',(-7.30917239883254,28.5365308847858,-139.556653251169));
#14018=CARTESIAN_POINT('Ctrl Pts',(-7.2,28.6224933598373,-139.537664212895));
#14019=CARTESIAN_POINT('',(-7.2,27.3676120181742,-141.1));
#14020=CARTESIAN_POINT('',(-13.2,27.3676120181742,-141.1));
#14021=CARTESIAN_POINT('Origin',(-7.2,28.9676120181742,-141.1));
#14022=CARTESIAN_POINT('Origin',(-13.2,27.3676120181742,-141.1));
#14023=CARTESIAN_POINT('',(-7.2,28.6224933598373,-141.1));
#14024=CARTESIAN_POINT('Origin',(-1.44119399091289,21.3088060090871,-141.1));
#14025=CARTESIAN_POINT('',(-7.2,28.1676120181742,-141.1));
#14026=CARTESIAN_POINT('Origin',(-7.2,28.9676120181742,-140.3));
#14027=CARTESIAN_POINT('',(-7.2,28.6224933598373,-133.2));
#14028=CARTESIAN_POINT('Origin',(-1.44119399091289,21.3088060090871,-133.2));
#14029=CARTESIAN_POINT('',(-12.35,21.3088060090871,-141.1));
#14030=CARTESIAN_POINT('Origin',(-1.44119399091289,21.3088060090871,-141.1));
#14031=CARTESIAN_POINT('',(-12.35,21.3088060090871,-142.65));
#14032=CARTESIAN_POINT('',(-12.35,21.3088060090871,-133.2));
#14033=CARTESIAN_POINT('',(-5.8,11.3086630741565,-142.65));
#14034=CARTESIAN_POINT('Origin',(-1.44119399091289,21.3088060090871,-142.65));
#14035=CARTESIAN_POINT('',(-5.8,11.3086630741565,-136.2));
#14036=CARTESIAN_POINT('',(-5.8,11.3086630741565,-133.199999999975));
#14037=CARTESIAN_POINT('',(-1.44119399091291,10.4,-136.2));
#14038=CARTESIAN_POINT('Origin',(-1.44119399091289,21.3088060090871,-136.2));
#14039=CARTESIAN_POINT('',(-1.44119399091291,10.4,-133.2));
#14040=CARTESIAN_POINT('',(-1.44119399091291,10.4,-133.2));
#14041=CARTESIAN_POINT('',(-11.2974825187458,16.6338060090866,-133.2));
#14042=CARTESIAN_POINT('Origin',(-1.44119399091289,21.3088060090871,-133.2));
#14043=CARTESIAN_POINT('',(-11.2974825187458,16.6338060090866,-134.6));
#14044=CARTESIAN_POINT('',(-11.2974825187458,16.6338060090866,-133.2));
#14045=CARTESIAN_POINT('',(-11.297482518742,25.9838060090956,-134.6));
#14046=CARTESIAN_POINT('Origin',(-1.44119399091289,21.3088060090871,-134.6));
#14047=CARTESIAN_POINT('',(-11.297482518742,25.9838060090956,-133.2));
#14048=CARTESIAN_POINT('',(-11.297482518742,25.9838060090956,-133.2));
#14049=CARTESIAN_POINT('',(-1.44119399091288,32.2176120181742,-133.2));
#14050=CARTESIAN_POINT('Origin',(-1.44119399091289,21.3088060090871,-133.2));
#14051=CARTESIAN_POINT('',(-1.44119399091288,32.2176120181742,-136.1));
#14052=CARTESIAN_POINT('',(-1.44119399091289,32.2176120181742,-133.2));
#14053=CARTESIAN_POINT('',(-7.2,30.5736968283896,-136.1));
#14054=CARTESIAN_POINT('Origin',(-1.44119399091289,21.3088060090871,-136.1));
#14055=CARTESIAN_POINT('',(-7.2,30.5736968283896,-136.2));
#14056=CARTESIAN_POINT('',(-7.2,30.5736968283896,-133.2));
#14057=CARTESIAN_POINT('',(-7.2097778578587,30.5676120181742,-136.2));
#14058=CARTESIAN_POINT('Origin',(-1.44119399091289,21.3088060090871,-136.2));
#14059=CARTESIAN_POINT('',(-7.2097778578587,30.5676120181742,-133.2));
#14060=CARTESIAN_POINT('Origin',(-13.2,30.5676120181742,-141.1));
#14061=CARTESIAN_POINT('',(-11.7024444644647,21.3088060090871,-141.1));
#14062=CARTESIAN_POINT('Origin',(-13.2,21.3088060090871,-142.65));
#14063=CARTESIAN_POINT('',(-13.2,21.3088060090871,-142.65));
#14064=CARTESIAN_POINT('Origin',(23.5,33.8176120181742,-137.8));
#14065=CARTESIAN_POINT('',(16.7,33.8176120181742,-136.1));
#14066=CARTESIAN_POINT('',(14.1,33.8176120181742,-136.1));
#14067=CARTESIAN_POINT('',(23.5,33.8176120181742,-136.1));
#14068=CARTESIAN_POINT('',(14.1,33.8176120181742,-131.8));
#14069=CARTESIAN_POINT('',(14.1,33.8176120181742,-135.5));
#14070=CARTESIAN_POINT('',(16.7,33.8176120181742,-131.8));
#14071=CARTESIAN_POINT('',(16.7,33.8176120181742,-131.8));
#14072=CARTESIAN_POINT('',(16.7,33.8176120181742,-133.2));
#14073=CARTESIAN_POINT('',(16.7,33.8176120181742,-130.344729503688));
#14074=CARTESIAN_POINT('',(16.7,33.8176120181742,-136.9));
#14075=CARTESIAN_POINT('Origin',(-13.2,30.5676120181742,-136.2));
#14076=CARTESIAN_POINT('',(-7.2,30.5676120181742,-136.2));
#14077=CARTESIAN_POINT('',(-13.2,30.5676120181742,-136.2));
#14078=CARTESIAN_POINT('',(-7.2,30.5676120181742,-141.1));
#14079=CARTESIAN_POINT('',(-7.2,30.5676120181742,-142.65));
#14080=CARTESIAN_POINT('',(-13.2,30.5676120181742,-141.1));
#14081=CARTESIAN_POINT('Origin',(-13.2,33.8176120181742,-136.2));
#14082=CARTESIAN_POINT('',(-7.2,30.5676120181742,-136.2));
#14083=CARTESIAN_POINT('Origin',(-13.2,30.5676120181742,-141.1));
#14084=CARTESIAN_POINT('',(-7.2,34.9676120181742,-141.1));
#14085=CARTESIAN_POINT('',(-7.2,34.9676120181742,-141.1));
#14086=CARTESIAN_POINT('',(5.15,34.9676120181742,-141.1));
#14087=CARTESIAN_POINT('Origin',(-7.2,32.7676120181742,-138.65));
#14088=CARTESIAN_POINT('',(-7.2,34.9676120181743,-136.1));
#14089=CARTESIAN_POINT('',(-7.2,33.4176120181742,-136.1));
#14090=CARTESIAN_POINT('',(-7.2,34.9676120181742,-139.025));
#14091=CARTESIAN_POINT('Origin',(23.5,34.9676120181742,-139.4));
#14092=CARTESIAN_POINT('',(16.7,34.9676120181742,-136.1));
#14093=CARTESIAN_POINT('',(23.5,34.9676120181742,-136.1));
#14094=CARTESIAN_POINT('',(16.7,34.9676120181742,-139.4));
#14095=CARTESIAN_POINT('',(16.7,34.9676120181742,-137.7));
#14096=CARTESIAN_POINT('',(13.4,34.9676120181742,-139.4));
#14097=CARTESIAN_POINT('',(23.5,34.9676120181742,-139.4));
#14098=CARTESIAN_POINT('',(13.4,34.9676120181742,-142.2));
#14099=CARTESIAN_POINT('',(13.4,34.9676120181742,-136.2875));
#14100=CARTESIAN_POINT('',(16.,34.9676120181742,-142.2));
#14101=CARTESIAN_POINT('',(23.5,34.9676120181742,-142.2));
#14102=CARTESIAN_POINT('',(16.,34.9676120181742,-159.7));
#14103=CARTESIAN_POINT('',(16.,34.9676120181743,-155.675));
#14104=CARTESIAN_POINT('',(24.,34.9676120181742,-159.7));
#14105=CARTESIAN_POINT('',(16.,34.9676120181742,-159.7));
#14106=CARTESIAN_POINT('',(24.,34.9676120181742,-164.5));
#14107=CARTESIAN_POINT('',(24.,34.9676120181742,-160.9));
#14108=CARTESIAN_POINT('',(16.,34.9676120181742,-164.5));
#14109=CARTESIAN_POINT('',(16.,34.9676120181742,-164.5));
#14110=CARTESIAN_POINT('',(16.,34.9676120181742,-164.95));
#14111=CARTESIAN_POINT('',(16.,34.9676120181743,-155.675));
#14112=CARTESIAN_POINT('',(3.33066907387547E-15,34.9676120181742,-164.95));
#14113=CARTESIAN_POINT('',(23.5,34.9676120181742,-164.95));
#14114=CARTESIAN_POINT('',(-3.2668876948051E-16,34.9676120181742,-171.95));
#14115=CARTESIAN_POINT('',(-3.2668876948051E-16,34.9676120181742,-171.95));
#14116=CARTESIAN_POINT('',(-4.90000000000003,34.9676120181742,-171.95));
#14117=CARTESIAN_POINT('',(2.7,34.9676120181742,-171.95));
#14118=CARTESIAN_POINT('',(-4.90000000000002,34.9676120181742,-168.65));
#14119=CARTESIAN_POINT('',(-4.89999999999719,34.9676120181743,-171.95));
#14120=CARTESIAN_POINT('',(5.99999999999865,34.9676120181743,-168.65));
#14121=CARTESIAN_POINT('',(-3.2668876948051E-16,34.9676120181742,-161.45));
#14122=CARTESIAN_POINT('',(-3.2668876948051E-16,34.9676120181742,-161.45));
#14123=CARTESIAN_POINT('',(0.,34.9676120181742,-147.15));
#14124=CARTESIAN_POINT('',(-3.2668876948051E-16,34.9676120181742,-171.95));
#14125=CARTESIAN_POINT('',(-18.1,34.9676120181742,-147.15));
#14126=CARTESIAN_POINT('Origin',(23.5,6.9,-135.9));
#14127=CARTESIAN_POINT('',(0.,6.9,-135.9));
#14128=CARTESIAN_POINT('',(0.,6.9,-136.2));
#14129=CARTESIAN_POINT('',(0.,6.9,-135.9));
#14130=CARTESIAN_POINT('',(-5.8,6.9,-136.2));
#14131=CARTESIAN_POINT('',(10.3,6.9,-136.2));
#14132=CARTESIAN_POINT('',(-5.8,6.9,-142.65));
#14133=CARTESIAN_POINT('',(-5.8,6.9,-134.549999999988));
#14134=CARTESIAN_POINT('',(2.1,6.9,-142.65));
#14135=CARTESIAN_POINT('',(5.15,6.9,-142.65));
#14136=CARTESIAN_POINT('',(2.1,6.9,-167.05));
#14137=CARTESIAN_POINT('',(2.1,6.9,-145.375));
#14138=CARTESIAN_POINT('',(-4.9,6.9,-167.05));
#14139=CARTESIAN_POINT('',(5.15,6.9,-167.05));
#14140=CARTESIAN_POINT('',(-4.9,6.9,-171.95));
#14141=CARTESIAN_POINT('',(-4.90000000000002,6.9,-171.95));
#14142=CARTESIAN_POINT('',(9.9,6.9,-171.95));
#14143=CARTESIAN_POINT('',(23.5,6.9,-171.95));
#14144=CARTESIAN_POINT('',(9.9,6.9,-135.9));
#14145=CARTESIAN_POINT('',(9.9,6.9,-144.9125));
#14146=CARTESIAN_POINT('',(23.5,6.9,-135.9));
#14147=CARTESIAN_POINT('Origin',(-5.8,11.3086630741565,-133.199999999975));
#14148=CARTESIAN_POINT('',(-5.8,9.97933153707825,-136.2));
#14149=CARTESIAN_POINT('',(-5.8,22.2381375461653,-142.65));
#14150=CARTESIAN_POINT('Origin',(23.5,31.3676120181742,-133.2));
#14151=CARTESIAN_POINT('',(12.3,31.3676120181742,-133.2));
#14152=CARTESIAN_POINT('',(14.1,31.3676120181742,-133.2));
#14153=CARTESIAN_POINT('',(14.95,31.3676120181742,-133.2));
#14154=CARTESIAN_POINT('',(16.7,31.3676120181742,-133.2));
#14155=CARTESIAN_POINT('',(16.7,31.3676120181742,-133.2));
#14156=CARTESIAN_POINT('',(16.7,31.3676120181742,-131.8));
#14157=CARTESIAN_POINT('',(16.7,31.3676120181742,-131.044729503688));
#14158=CARTESIAN_POINT('',(12.3,31.3676120181742,-131.8));
#14159=CARTESIAN_POINT('',(16.7,31.3676120181742,-131.8));
#14160=CARTESIAN_POINT('',(12.3,31.3676120181742,-133.2));
#14161=CARTESIAN_POINT('Origin',(23.5,31.3676120181742,-133.2));
#14162=CARTESIAN_POINT('',(14.1,31.3676120181742,-137.4));
#14163=CARTESIAN_POINT('',(7.1,31.3676120181742,-137.4));
#14164=CARTESIAN_POINT('',(14.95,31.3676120181742,-137.4));
#14165=CARTESIAN_POINT('',(7.1,31.3676120181742,-138.5));
#14166=CARTESIAN_POINT('',(7.1,31.3676120181742,-144.9125));
#14167=CARTESIAN_POINT('',(14.1,31.3676120181742,-138.5));
#14168=CARTESIAN_POINT('',(23.5,31.3676120181742,-138.5));
#14169=CARTESIAN_POINT('',(14.1,31.3676120181742,-134.525));
#14170=CARTESIAN_POINT('Origin',(6.4,30.6176120181744,-142.65));
#14171=CARTESIAN_POINT('',(-1.44119399091289,30.6176120181744,-134.7));
#14172=CARTESIAN_POINT('',(6.4,30.6176120181744,-134.7));
#14173=CARTESIAN_POINT('',(3.35,30.6176120181744,-134.7));
#14174=CARTESIAN_POINT('',(-1.44119399091287,30.6176120181744,-137.4));
#14175=CARTESIAN_POINT('',(-1.44119399091289,30.6176120181744,-142.65));
#14176=CARTESIAN_POINT('',(14.1,30.6176120181744,-137.4));
#14177=CARTESIAN_POINT('',(3.875,30.6176120181744,-137.4));
#14178=CARTESIAN_POINT('',(14.1,30.6176120181744,-133.2));
#14179=CARTESIAN_POINT('',(14.1,30.6176120181744,-134.25));
#14180=CARTESIAN_POINT('',(6.4,30.6176120181744,-133.2));
#14181=CARTESIAN_POINT('',(6.4,30.6176120181744,-133.2));
#14182=CARTESIAN_POINT('',(6.4,30.6176120181744,-134.1625));
#14183=CARTESIAN_POINT('Origin',(6.4,20.8838060090871,-135.125));
#14184=CARTESIAN_POINT('',(6.4,10.4,-133.2));
#14185=CARTESIAN_POINT('',(6.4,26.1257090136306,-133.2));
#14186=CARTESIAN_POINT('',(6.4,10.4,-134.7));
#14187=CARTESIAN_POINT('',(6.4,10.4,-133.325));
#14188=CARTESIAN_POINT('',(6.4,20.4463060090871,-134.7));
#14189=CARTESIAN_POINT('Origin',(1.85,11.9999999999997,-142.65));
#14190=CARTESIAN_POINT('',(1.85,11.9999999999997,-137.4));
#14191=CARTESIAN_POINT('',(1.85,9.40000000000001,-137.4));
#14192=CARTESIAN_POINT('',(1.85000000000001,16.6419030045434,-137.4));
#14193=CARTESIAN_POINT('',(1.85,11.9999999999997,-134.7));
#14194=CARTESIAN_POINT('',(1.85,11.9999999999997,-142.65));
#14195=CARTESIAN_POINT('',(1.85,9.40000000000001,-134.7));
#14196=CARTESIAN_POINT('',(1.85,16.0044030045435,-134.7));
#14197=CARTESIAN_POINT('',(1.85,9.40000000000001,-142.65));
#14198=CARTESIAN_POINT('Origin',(7.1,9.4,-142.65));
#14199=CARTESIAN_POINT('',(7.1,10.4,-135.9));
#14200=CARTESIAN_POINT('',(7.1,10.4,-134.7));
#14201=CARTESIAN_POINT('',(7.1,10.4,-137.475));
#14202=CARTESIAN_POINT('',(7.1,9.4,-135.9));
#14203=CARTESIAN_POINT('',(7.1,14.9919030045435,-135.9));
#14204=CARTESIAN_POINT('',(7.1,9.4,-134.7));
#14205=CARTESIAN_POINT('',(7.1,9.4,-142.65));
#14206=CARTESIAN_POINT('',(7.1,14.7044030045436,-134.7));
#14207=CARTESIAN_POINT('Origin',(-1.44119399091292,11.9999999999997,-142.65));
#14208=CARTESIAN_POINT('',(-1.44119399091292,11.9999999999997,-137.4));
#14209=CARTESIAN_POINT('',(-0.39559699545646,11.9999999999997,-137.4));
#14210=CARTESIAN_POINT('',(-1.44119399091292,11.9999999999997,-134.7));
#14211=CARTESIAN_POINT('',(-1.44119399091292,11.9999999999997,-142.65));
#14212=CARTESIAN_POINT('',(-0.57059699545646,11.9999999999997,-134.7));
#14213=CARTESIAN_POINT('Origin',(-18.1,9.4,-142.65));
#14214=CARTESIAN_POINT('',(7.1,9.4,-167.05));
#14215=CARTESIAN_POINT('',(7.1,9.39999999999999,-148.2875));
#14216=CARTESIAN_POINT('',(2.1,9.4,-167.05));
#14217=CARTESIAN_POINT('',(-18.1,9.4,-167.05));
#14218=CARTESIAN_POINT('',(2.1,9.4,-142.65));
#14219=CARTESIAN_POINT('',(2.1,9.4,-148.75));
#14220=CARTESIAN_POINT('',(-4.2,9.40000000000001,-142.65));
#14221=CARTESIAN_POINT('',(-11.15,9.40000000000001,-142.65));
#14222=CARTESIAN_POINT('',(-4.2,9.40000000000001,-137.4));
#14223=CARTESIAN_POINT('',(-4.2,9.40000000000001,-142.65));
#14224=CARTESIAN_POINT('',(-1.77500000000001,9.4,-137.4));
#14225=CARTESIAN_POINT('',(3.16249999999999,9.4,-134.7));
#14226=CARTESIAN_POINT('Origin',(0.649999999999999,21.2838060090871,-137.4));
#14227=CARTESIAN_POINT('',(-5.8,29.5340524789485,-137.4));
#14228=CARTESIAN_POINT('Origin',(-1.44119399091289,21.3088060090871,-137.4));
#14229=CARTESIAN_POINT('',(-5.8,33.1676120181741,-137.4));
#14230=CARTESIAN_POINT('',(-5.8,27.2257090136306,-137.4));
#14231=CARTESIAN_POINT('',(7.1,33.1676120181741,-137.4));
#14232=CARTESIAN_POINT('',(3.875,33.1676120181741,-137.4));
#14233=CARTESIAN_POINT('',(7.1,15.3419030045435,-137.4));
#14234=CARTESIAN_POINT('',(14.1,30.8051120181744,-137.4));
#14235=CARTESIAN_POINT('Origin',(0.649999999999999,21.2838060090871,-137.4));
#14236=CARTESIAN_POINT('',(-4.2,12.4182009273704,-137.4));
#14237=CARTESIAN_POINT('',(-4.2,16.8510034682287,-137.4));
#14238=CARTESIAN_POINT('Origin',(-1.44119399091289,21.3088060090871,-137.4));
#14239=CARTESIAN_POINT('Origin',(7.1,20.9838060090871,-153.925));
#14240=CARTESIAN_POINT('',(7.1,9.,-135.9));
#14241=CARTESIAN_POINT('',(7.1,14.9919030045435,-135.9));
#14242=CARTESIAN_POINT('',(7.1,9.,-146.65));
#14243=CARTESIAN_POINT('',(7.1,9.,-150.2875));
#14244=CARTESIAN_POINT('',(7.1,8.4,-146.65));
#14245=CARTESIAN_POINT('',(7.1,14.6919030045435,-146.65));
#14246=CARTESIAN_POINT('',(7.1,8.4,-153.85));
#14247=CARTESIAN_POINT('',(7.1,8.4,-153.8875));
#14248=CARTESIAN_POINT('',(7.1,9.1,-153.85));
#14249=CARTESIAN_POINT('',(7.1,15.0419030045435,-153.85));
#14250=CARTESIAN_POINT('',(7.1,9.1,-166.35));
#14251=CARTESIAN_POINT('',(7.1,9.1,-160.1375));
#14252=CARTESIAN_POINT('',(7.1,8.6,-166.35));
#14253=CARTESIAN_POINT('',(7.1,14.7919030045435,-166.35));
#14254=CARTESIAN_POINT('',(7.1,8.6,-167.05));
#14255=CARTESIAN_POINT('',(7.1,8.6,-162.3375));
#14256=CARTESIAN_POINT('',(7.1,20.9588060090871,-167.05));
#14257=CARTESIAN_POINT('Origin',(-4.2,12.4182009273704,-142.65));
#14258=CARTESIAN_POINT('',(-4.2,12.4182009273704,-142.65));
#14259=CARTESIAN_POINT('',(-4.2,22.7929064727723,-142.65));
#14260=CARTESIAN_POINT('',(-4.2,12.4182009273704,-133.2));
#14261=CARTESIAN_POINT('Origin',(-5.8,33.1676120181741,-142.65));
#14262=CARTESIAN_POINT('',(-5.8,29.5340524789485,-142.65));
#14263=CARTESIAN_POINT('',(-5.8,29.5340524789485,-133.2));
#14264=CARTESIAN_POINT('',(-5.8,33.1676120181741,-142.65));
#14265=CARTESIAN_POINT('',(-5.8,33.1676120181741,-142.65));
#14266=CARTESIAN_POINT('',(-5.8,33.1676120181741,-142.65));
#14267=CARTESIAN_POINT('Origin',(7.1,9.4,-142.65));
#14268=CARTESIAN_POINT('',(7.1,33.1676120181741,-138.5));
#14269=CARTESIAN_POINT('',(7.1,26.1757090136306,-138.5));
#14270=CARTESIAN_POINT('',(7.1,33.1676120181741,-142.65));
#14271=CARTESIAN_POINT('Origin',(-1.44119399091289,21.3088060090871,-133.2));
#14272=CARTESIAN_POINT('Origin',(-1.44119399091289,21.3088060090871,-142.65));
#14273=CARTESIAN_POINT('',(-5.8,13.0835595392257,-137.4));
#14274=CARTESIAN_POINT('Origin',(-1.44119399091289,21.3088060090871,-137.4));
#14275=CARTESIAN_POINT('',(-5.8,13.0835595392257,-135.8));
#14276=CARTESIAN_POINT('',(-5.8,13.0835595392257,-142.65));
#14277=CARTESIAN_POINT('',(-5.8,29.5340524789485,-135.8));
#14278=CARTESIAN_POINT('Origin',(-1.44119399091289,21.3088060090871,-135.8));
#14279=CARTESIAN_POINT('',(-5.8,29.5340524789485,-142.65));
#14280=CARTESIAN_POINT('',(-9.49092965829715,25.9838060090932,-134.7));
#14281=CARTESIAN_POINT('Origin',(-1.44119399091289,21.3088060090871,-134.7));
#14282=CARTESIAN_POINT('',(-9.49092965829715,25.9838060090932,-134.6));
#14283=CARTESIAN_POINT('',(-9.49092965829715,25.9838060090932,-133.2));
#14284=CARTESIAN_POINT('',(-9.49092965830049,16.6338060090866,-134.6));
#14285=CARTESIAN_POINT('Origin',(-1.44119399091289,21.3088060090871,-134.6));
#14286=CARTESIAN_POINT('',(-9.49092965830049,16.6338060090866,-134.7));
#14287=CARTESIAN_POINT('',(-9.49092965830049,16.6338060090866,-133.2));
#14288=CARTESIAN_POINT('Origin',(-1.44119399091289,21.3088060090871,-134.7));
#14289=CARTESIAN_POINT('Origin',(-18.1,33.1676120181741,-142.65));
#14290=CARTESIAN_POINT('',(-18.1,33.1676120181741,-142.65));
#14291=CARTESIAN_POINT('',(2.1,8.775,-142.65));
#14292=CARTESIAN_POINT('Origin',(7.1,20.9838060090871,-153.925));
#14293=CARTESIAN_POINT('',(7.1,33.1676120181741,-149.715179970516));
#14294=CARTESIAN_POINT('',(7.1,33.1676120181741,-148.2875));
#14295=CARTESIAN_POINT('',(7.1,33.3676120181742,-148.210722038325));
#14296=CARTESIAN_POINT('',(7.1,32.88685824371,-151.827091185441));
#14297=CARTESIAN_POINT('',(7.1,33.3676120181742,-138.5));
#14298=CARTESIAN_POINT('',(7.1,33.3676120181742,-146.2125));
#14299=CARTESIAN_POINT('',(7.1,26.1757090136306,-138.5));
#14300=CARTESIAN_POINT('Origin',(-9.77059699545644,22.1088060090871,-136.2));
#14301=CARTESIAN_POINT('',(0.,10.4,-136.2));
#14302=CARTESIAN_POINT('',(0.,9.52499999999997,-136.2));
#14303=CARTESIAN_POINT('',(-4.35,10.4,-136.2));
#14304=CARTESIAN_POINT('Origin',(-5.8,16.6338060090866,-133.199999999975));
#14305=CARTESIAN_POINT('',(-5.799999999987,18.9713060090868,-135.8));
#14306=CARTESIAN_POINT('',(-5.79999999997901,18.9713060090868,-137.4));
#14307=CARTESIAN_POINT('Origin',(-8.27500000000013,21.3088060090871,-137.4));
#14308=CARTESIAN_POINT('Origin',(0.299999999999999,21.3088060090871,-134.7));
#14309=CARTESIAN_POINT('',(9.9875,10.4,-134.7));
#14310=CARTESIAN_POINT('',(-0.774999999990397,16.6338060090866,-134.7));
#14311=CARTESIAN_POINT('',(-4.21023241457038,16.6338060090971,-134.7));
#14312=CARTESIAN_POINT('',(-0.775000000011202,25.9838060090866,-134.7));
#14313=CARTESIAN_POINT('Origin',(-0.774999999993302,21.3088060090971,-134.700000000005));
#14314=CARTESIAN_POINT('',(-6.72273241457215,25.9838060091001,-134.7));
#14315=CARTESIAN_POINT('Origin',(16.7,32.2176120181742,-131.8));
#14316=CARTESIAN_POINT('',(12.3,32.2176120181742,-133.2));
#14317=CARTESIAN_POINT('',(18.8,32.2176120181742,-133.2));
#14318=CARTESIAN_POINT('',(12.3,32.2176120181742,-131.8));
#14319=CARTESIAN_POINT('',(12.3,32.2176120181742,-133.2));
#14320=CARTESIAN_POINT('',(14.1,32.2176120181742,-131.8));
#14321=CARTESIAN_POINT('',(16.7,32.2176120181742,-131.8));
#14322=CARTESIAN_POINT('',(14.1,32.2176120181742,-133.2));
#14323=CARTESIAN_POINT('',(14.1,32.2176120181742,-132.15));
#14324=CARTESIAN_POINT('',(14.1,32.2176120181742,-136.1));
#14325=CARTESIAN_POINT('',(14.1,32.2176120181742,-133.2));
#14326=CARTESIAN_POINT('',(13.225,32.2176120181742,-136.1));
#14327=CARTESIAN_POINT('Origin',(-10.9204648291486,21.3088060090911,-134.6));
#14328=CARTESIAN_POINT('',(-9.49092965829715,25.9838060090932,-134.6));
#14329=CARTESIAN_POINT('',(-9.89520701076411,16.6338060090866,-134.6));
#14330=CARTESIAN_POINT('Origin',(23.5,25.2869958217302,-133.2));
#14331=CARTESIAN_POINT('',(0.,10.4,-133.2));
#14332=CARTESIAN_POINT('',(23.5,10.4,-133.2));
#14333=CARTESIAN_POINT('',(19.5,10.4,-133.2));
#14334=CARTESIAN_POINT('',(14.1,31.1801120181742,-133.2));
#14335=CARTESIAN_POINT('',(12.3,28.5398006834623,-133.2));
#14336=CARTESIAN_POINT('',(-0.775000000011202,25.9838060090866,-133.199999999935));
#14337=CARTESIAN_POINT('',(7.00453517085188,25.9838060090718,-133.2));
#14338=CARTESIAN_POINT('',(-0.774999999990397,16.6338060090866,-133.2));
#14339=CARTESIAN_POINT('Origin',(-0.775000000000799,21.3088060090866,-133.200000000149));
#14340=CARTESIAN_POINT('',(7.00453517084975,16.6338060090866,-133.2));
#14341=CARTESIAN_POINT('Origin',(-8.27500000000013,21.3088060090871,-135.8));
#14342=CARTESIAN_POINT('Origin',(-0.774999999990397,16.6338060090866,-133.2));
#14343=CARTESIAN_POINT('',(-0.774999999990397,16.6338060090866,-133.2));
#14344=CARTESIAN_POINT('Origin',(-0.775000000000799,21.3088060090866,-133.199999999967));
#14345=CARTESIAN_POINT('',(-0.775000000011202,25.9838060090866,-133.199999999935));
#14346=CARTESIAN_POINT('Origin',(-5.8,25.9838060090885,-133.199999999979));
#14347=CARTESIAN_POINT('Origin',(15.,16.8,-97.5));
#14348=CARTESIAN_POINT('',(15.,15.2,-99.2));
#14349=CARTESIAN_POINT('',(15.,16.8,-99.2));
#14350=CARTESIAN_POINT('',(15.,13.8,-99.2));
#14351=CARTESIAN_POINT('',(15.,15.2,-102.1));
#14352=CARTESIAN_POINT('',(15.,15.2,-97.5));
#14353=CARTESIAN_POINT('',(15.,16.8,-102.1));
#14354=CARTESIAN_POINT('',(15.,15.6,-102.1));
#14355=CARTESIAN_POINT('',(15.,16.8,-97.5));
#14356=CARTESIAN_POINT('Origin',(15.,15.2,-97.5));
#14357=CARTESIAN_POINT('',(12.3,15.2,-99.2));
#14358=CARTESIAN_POINT('',(13.,15.2,-99.2));
#14359=CARTESIAN_POINT('',(12.3,15.2,-102.1));
#14360=CARTESIAN_POINT('',(12.3,15.2,-97.5));
#14361=CARTESIAN_POINT('',(12.975,15.2,-102.1));
#14362=CARTESIAN_POINT('Origin',(12.3,16.8,-97.5));
#14363=CARTESIAN_POINT('',(12.3,16.8,-99.2));
#14364=CARTESIAN_POINT('',(11.65,16.8,-99.2));
#14365=CARTESIAN_POINT('',(12.3,16.8,-102.1));
#14366=CARTESIAN_POINT('',(14.325,16.8,-102.1));
#14367=CARTESIAN_POINT('',(12.3,16.8,-97.5));
#14368=CARTESIAN_POINT('Origin',(12.3,15.2,-97.5));
#14369=CARTESIAN_POINT('',(12.3,13.,-99.2));
#14370=CARTESIAN_POINT('',(12.3,16.4,-102.1));
#14371=CARTESIAN_POINT('Origin',(13.65,16.,-102.1));
#14372=CARTESIAN_POINT('Origin',(2.1,8.15,-154.85));
#14373=CARTESIAN_POINT('',(2.1,8.6,-167.05));
#14374=CARTESIAN_POINT('',(2.1,14.5419030045435,-167.05));
#14375=CARTESIAN_POINT('',(2.1,7.525,-167.05));
#14376=CARTESIAN_POINT('Origin',(-3.25000000000269,20.9338060090871,-167.05));
#14377=CARTESIAN_POINT('',(-4.04813694660981,8.6,-167.05));
#14378=CARTESIAN_POINT('Origin',(-18.1,9.4,-167.05));
#14379=CARTESIAN_POINT('Origin',(-4.03985942800994,20.9338060090871,-167.05));
#14380=CARTESIAN_POINT('',(-4.84627389321692,8.6,-167.05));
#14381=CARTESIAN_POINT('',(-4.04813694660981,8.6,-167.05));
#14382=CARTESIAN_POINT('',(-6.39439264997373,33.0676120181741,-167.05));
#14383=CARTESIAN_POINT('Origin',(-4.03985942800994,20.9338060090871,-167.05));
#14384=CARTESIAN_POINT('',(-18.1,33.0676120181741,-167.05));
#14385=CARTESIAN_POINT('Origin',(-11.5000000000027,27.9507054632958,-168.65));
#14386=CARTESIAN_POINT('Origin',(-4.03985942800994,20.9338060090871,-168.65));
#14387=CARTESIAN_POINT('Origin',(-4.03985942800994,20.9338060090871,-171.95));
#14388=CARTESIAN_POINT('Origin',(-4.03985942800994,20.9338060090871,-171.95));
#14389=CARTESIAN_POINT('Origin',(23.5,66.8,-171.95));
#14390=CARTESIAN_POINT('',(2.77555756156289E-16,62.9676120181742,-171.95));
#14391=CARTESIAN_POINT('Origin',(-3.2668876948051E-16,48.9676120181742,
-171.95));
#14392=CARTESIAN_POINT('',(3.46944695195361E-16,66.8,-171.95));
#14393=CARTESIAN_POINT('',(0.,64.8838060090871,-171.95));
#14394=CARTESIAN_POINT('',(1.4,66.8,-171.95));
#14395=CARTESIAN_POINT('',(23.5,66.8,-171.95));
#14396=CARTESIAN_POINT('',(1.4,64.9062443308916,-171.95));
#14397=CARTESIAN_POINT('',(1.4,66.3,-171.95));
#14398=CARTESIAN_POINT('',(16.,48.9676120181742,-171.95));
#14399=CARTESIAN_POINT('Origin',(-3.2668876948051E-16,48.9676120181742,
-171.95));
#14400=CARTESIAN_POINT('',(16.,29.0676120181742,-171.95));
#14401=CARTESIAN_POINT('',(16.,25.0257090136306,-171.95));
#14402=CARTESIAN_POINT('',(5.5,29.0676120181742,-171.95));
#14403=CARTESIAN_POINT('',(7.1,29.0676120181742,-171.95));
#14404=CARTESIAN_POINT('',(-4.87879320515086,28.1595852716436,-171.95));
#14405=CARTESIAN_POINT('',(16.0696749915713,29.9923387570901,-171.95));
#14406=CARTESIAN_POINT('',(-4.87879320515087,13.7080267465306,-171.95));
#14407=CARTESIAN_POINT('Origin',(-4.24661943453646,20.9338060090871,-171.95));
#14408=CARTESIAN_POINT('',(5.5,12.8,-171.95));
#14409=CARTESIAN_POINT('',(6.89798788747593,12.6776919080993,-171.95));
#14410=CARTESIAN_POINT('',(5.5,9.1,-171.95));
#14411=CARTESIAN_POINT('',(5.5,44.0500001247972,-171.95));
#14412=CARTESIAN_POINT('',(9.9,9.1,-171.95));
#14413=CARTESIAN_POINT('',(23.5,9.1,-171.95));
#14414=CARTESIAN_POINT('',(9.9,37.4,-171.95));
#14415=CARTESIAN_POINT('Origin',(-3.25000000000269,20.9338060090871,-167.05));
#14416=CARTESIAN_POINT('',(-4.84627389321696,33.2676120181742,-167.05));
#14417=CARTESIAN_POINT('Origin',(-4.03985942800994,20.9338060090871,-167.05));
#14418=CARTESIAN_POINT('',(16.,33.2676120181742,-167.05));
#14419=CARTESIAN_POINT('',(1.92499999999865,33.2676120181742,-167.05));
#14420=CARTESIAN_POINT('',(16.,33.0676120181741,-167.05));
#14421=CARTESIAN_POINT('',(16.,33.1676120181741,-167.05));
#14422=CARTESIAN_POINT('',(-18.1,33.0676120181741,-167.05));
#14423=CARTESIAN_POINT('Origin',(-4.84627389321696,33.2676120181742,-167.05));
#14424=CARTESIAN_POINT('',(-4.84627389321696,33.2676120181742,-170.75));
#14425=CARTESIAN_POINT('',(16.,33.2676120181742,-170.75));
#14426=CARTESIAN_POINT('',(7.1,33.2676120181742,-170.75));
#14427=CARTESIAN_POINT('',(16.,33.2676120181742,-160.4875));
#14428=CARTESIAN_POINT('',(-4.84627389321696,33.2676120181742,-167.05));
#14429=CARTESIAN_POINT('Origin',(-4.03985942800994,20.9338060090871,-167.05));
#14430=CARTESIAN_POINT('',(-4.84627389321692,8.6,-170.75));
#14431=CARTESIAN_POINT('Origin',(-4.03985942800994,20.9338060090871,-170.75));
#14432=CARTESIAN_POINT('',(-4.84627389321692,8.6,-167.05));
#14433=CARTESIAN_POINT('Origin',(23.5,8.6,-170.75));
#14434=CARTESIAN_POINT('',(9.9,8.6,-166.35));
#14435=CARTESIAN_POINT('',(23.5,8.6,-166.35));
#14436=CARTESIAN_POINT('',(9.9,8.6,-170.75));
#14437=CARTESIAN_POINT('',(9.9,8.6,-160.1375));
#14438=CARTESIAN_POINT('',(3.32499999999865,8.6,-170.75));
#14439=CARTESIAN_POINT('Origin',(7.1,29.0676120181742,-171.95));
#14440=CARTESIAN_POINT('',(16.,29.0676120181742,-170.75));
#14441=CARTESIAN_POINT('',(5.5,29.0676120181742,-170.75));
#14442=CARTESIAN_POINT('',(1.92499999999865,29.0676120181742,-170.75));
#14443=CARTESIAN_POINT('',(5.5,29.0676120181742,-171.65));
#14444=CARTESIAN_POINT('',(16.,29.0676120181742,-162.9375));
#14445=CARTESIAN_POINT('Origin',(-4.24661943453646,20.9338060090871,-171.95));
#14446=CARTESIAN_POINT('',(-4.87879320515086,28.1595852716436,-170.75));
#14447=CARTESIAN_POINT('',(-4.87879320515087,13.7080267465306,-170.75));
#14448=CARTESIAN_POINT('Origin',(-4.24661943453646,20.9338060090871,-170.75));
#14449=CARTESIAN_POINT('',(-4.87879320515087,13.7080267465306,-171.95));
#14450=CARTESIAN_POINT('',(-4.87879320515086,28.1595852716436,-171.95));
#14451=CARTESIAN_POINT('Origin',(5.5,29.0676120181742,-171.95));
#14452=CARTESIAN_POINT('',(0.805127892540884,28.6568639320674,-170.75));
#14453=CARTESIAN_POINT('Origin',(-4.87879320515086,13.7080267465306,-171.95));
#14454=CARTESIAN_POINT('',(5.5,12.8,-170.75));
#14455=CARTESIAN_POINT('',(-4.38426871003455,13.664761459372,-170.75));
#14456=CARTESIAN_POINT('',(5.5,12.8,-171.05));
#14457=CARTESIAN_POINT('Origin',(-6.2,34.9676120181742,-159.95));
#14458=CARTESIAN_POINT('',(-6.2,34.9676120181742,-148.650000000065));
#14459=CARTESIAN_POINT('',(-7.95000000000003,35.9551120181741,-148.650000000065));
#14460=CARTESIAN_POINT('',(-6.2,34.9676120181742,-159.95));
#14461=CARTESIAN_POINT('',(-7.95,35.9551120181741,-159.95));
#14462=CARTESIAN_POINT('',(-6.2,34.9676120181742,-157.125000000016));
#14463=CARTESIAN_POINT('Origin',(-9.05,37.8926120181741,-161.45));
#14464=CARTESIAN_POINT('',(-11.3832113219424,40.8176120181741,-161.45));
#14465=CARTESIAN_POINT('',(-13.575,40.8176120181741,-161.45));
#14466=CARTESIAN_POINT('Origin',(-3.2668876948051E-16,48.9676120181742,
-161.45));
#14467=CARTESIAN_POINT('Origin',(-18.1,40.8176120181741,-171.95));
#14468=CARTESIAN_POINT('',(-11.3832113219424,40.8176120181741,-147.15));
#14469=CARTESIAN_POINT('',(-18.1,40.8176120181741,-147.15));
#14470=CARTESIAN_POINT('',(-11.3832113219424,40.8176120181741,-171.95));
#14471=CARTESIAN_POINT('Origin',(-18.1,34.9676120181742,-147.15));
#14472=CARTESIAN_POINT('Origin',(-3.2668876948051E-16,48.9676120181742,
-147.15));
#14473=CARTESIAN_POINT('Origin',(-18.1,34.9676120181742,-148.650000000065));
#14474=CARTESIAN_POINT('',(-6.2,33.1676120181741,-148.650000000065));
#14475=CARTESIAN_POINT('',(-6.2,34.4926120181742,-148.650000000065));
#14476=CARTESIAN_POINT('',(-18.1,33.1676120181741,-148.650000000065));
#14477=CARTESIAN_POINT('Origin',(-18.1,33.0676120181742,-159.95));
#14478=CARTESIAN_POINT('',(-6.2,33.0676120181742,-159.95));
#14479=CARTESIAN_POINT('',(-18.1,33.0676120181742,-159.95));
#14480=CARTESIAN_POINT('',(-6.2,33.5426120181742,-159.95));
#14481=CARTESIAN_POINT('Origin',(-6.2,34.0176120181742,-154.300000000032));
#14482=CARTESIAN_POINT('',(-6.2,33.0676120181742,-150.467408936611));
#14483=CARTESIAN_POINT('',(-6.2,33.0676120181742,-160.525000000016));
#14484=CARTESIAN_POINT('',(-6.2,33.1676120181741,-149.715179970516));
#14485=CARTESIAN_POINT('',(-6.2,32.8255356375936,-152.288377591413));
#14486=CARTESIAN_POINT('',(-6.2,33.1676120181741,-152.007589985274));
#14487=CARTESIAN_POINT('Origin',(-18.1,33.0676120181742,-166.75));
#14488=CARTESIAN_POINT('',(16.,33.0676120181742,-164.5));
#14489=CARTESIAN_POINT('',(16.,33.0676120181741,-160.4875));
#14490=CARTESIAN_POINT('',(24.,33.0676120181742,-164.5));
#14491=CARTESIAN_POINT('',(16.,33.0676120181742,-164.5));
#14492=CARTESIAN_POINT('',(24.,33.0676120181742,-159.7));
#14493=CARTESIAN_POINT('',(24.,33.0676120181742,-163.3));
#14494=CARTESIAN_POINT('',(16.,33.0676120181742,-159.7));
#14495=CARTESIAN_POINT('',(16.,33.0676120181742,-159.7));
#14496=CARTESIAN_POINT('',(16.,33.0676120181742,-150.467408936611));
#14497=CARTESIAN_POINT('',(16.,33.0676120181742,-161.9125));
#14498=CARTESIAN_POINT('',(-18.1,33.0676120181742,-150.467408936611));
#14499=CARTESIAN_POINT('Origin',(-3.2668876948051E-16,48.9676120181742,
-171.95));
#14500=CARTESIAN_POINT('Origin',(-3.2668876948051E-16,48.9676120181742,
-129.366812144946));
#14501=CARTESIAN_POINT('',(-1.30640620879839E-15,64.9676120181742,-125.8));
#14502=CARTESIAN_POINT('',(-0.2,64.9663619693422,-125.8));
#14503=CARTESIAN_POINT('Origin',(-3.2668876948051E-16,48.9676120181742,
-125.8));
#14504=CARTESIAN_POINT('',(-3.2668876948051E-16,64.9676120181742,-120.7));
#14505=CARTESIAN_POINT('',(-3.2668876948051E-16,64.9676120181742,-129.366812144946));
#14506=CARTESIAN_POINT('',(-0.2,64.9663619693422,-120.7));
#14507=CARTESIAN_POINT('Origin',(-3.2668876948051E-16,48.9676120181742,
-120.7));
#14508=CARTESIAN_POINT('',(-0.2,64.9663619693422,-129.366812144946));
#14509=CARTESIAN_POINT('Origin',(-0.2,65.570508243416,-128.233406072473));
#14510=CARTESIAN_POINT('',(-0.2,65.341016486832,-120.7));
#14511=CARTESIAN_POINT('',(-0.2,66.185254121708,-120.7));
#14512=CARTESIAN_POINT('',(-0.2,65.341016486832,-125.8));
#14513=CARTESIAN_POINT('',(-0.2,65.341016486832,-131.841409152021));
#14514=CARTESIAN_POINT('',(-0.2,58.2271571262515,-125.8));
#14515=CARTESIAN_POINT('Origin',(0.,64.4,-93.3));
#14516=CARTESIAN_POINT('',(-2.4,64.4,-120.7));
#14517=CARTESIAN_POINT('',(-5.6493478828616E-16,64.4,-120.7));
#14518=CARTESIAN_POINT('',(-0.05,64.4,-120.7));
#14519=CARTESIAN_POINT('',(0.,64.4,-133.005361673956));
#14520=CARTESIAN_POINT('',(-5.64934788286161E-16,64.4,-111.333406072473));
#14521=CARTESIAN_POINT('',(10.,64.4,-133.005361673956));
#14522=CARTESIAN_POINT('',(-18.1,64.4,-133.005361673956));
#14523=CARTESIAN_POINT('',(10.,64.4,-119.1));
#14524=CARTESIAN_POINT('',(10.,64.4,-106.6));
#14525=CARTESIAN_POINT('',(11.564684702436,64.4,-119.1));
#14526=CARTESIAN_POINT('',(5.,64.4,-119.1));
#14527=CARTESIAN_POINT('',(11.564684702436,64.4,-93.3));
#14528=CARTESIAN_POINT('',(11.564684702436,64.4,-102.95));
#14529=CARTESIAN_POINT('',(0.,64.4,-93.3));
#14530=CARTESIAN_POINT('',(0.,64.4,-93.3));
#14531=CARTESIAN_POINT('',(0.,64.4,-99.6));
#14532=CARTESIAN_POINT('',(0.,64.4,-46.65));
#14533=CARTESIAN_POINT('',(3.30000000000001,64.4,-99.6));
#14534=CARTESIAN_POINT('',(0.,64.4,-99.6));
#14535=CARTESIAN_POINT('',(3.30000000000001,64.4,-119.1));
#14536=CARTESIAN_POINT('',(3.30000000000001,64.4,-113.225));
#14537=CARTESIAN_POINT('',(-2.4,64.4,-119.1));
#14538=CARTESIAN_POINT('',(0.,64.4,-119.1));
#14539=CARTESIAN_POINT('',(-2.4,64.4,-120.3));
#14540=CARTESIAN_POINT('Origin',(-5.69950655758905,62.0926120181741,-144.85));
#14541=CARTESIAN_POINT('',(-9.08721629543405,59.6176120181741,-144.85));
#14542=CARTESIAN_POINT('',(-11.3990131151781,59.6176120181741,-144.85));
#14543=CARTESIAN_POINT('',(-7.39336142651155,59.6176120181741,-144.85));
#14544=CARTESIAN_POINT('',(1.38777878078145E-16,62.9676120181742,-144.85));
#14545=CARTESIAN_POINT('Origin',(-3.2668876948051E-16,48.9676120181742,
-144.85));
#14546=CARTESIAN_POINT('',(1.11022302462516E-15,64.5676120181742,-144.85));
#14547=CARTESIAN_POINT('',(0.,63.3301120181741,-144.85));
#14548=CARTESIAN_POINT('Origin',(-3.2668876948051E-16,48.9676120181742,
-144.85));
#14549=CARTESIAN_POINT('Origin',(23.5,59.341016486832,-129.593034207759));
#14550=CARTESIAN_POINT('',(-1.32178489983061E-16,62.9676120181742,-132.039203780792));
#14551=CARTESIAN_POINT('',(2.62727621639439E-16,61.0847072954105,-130.769168508885));
#14552=CARTESIAN_POINT('',(13.1695671910659,53.7176120181742,-125.8));
#14553=CARTESIAN_POINT('Origin',(-3.2668876948051E-16,48.9676120181742,
-122.596084544999));
#14554=CARTESIAN_POINT('',(15.8312467343985,53.7176120181742,-125.8));
#14555=CARTESIAN_POINT('',(23.5,53.7176120181742,-125.8));
#14556=CARTESIAN_POINT('',(11.9,60.0661296747582,-130.08212922869));
#14557=CARTESIAN_POINT('Origin',(-3.2668876948051E-16,48.9676120181742,
-122.596084544999));
#14558=CARTESIAN_POINT('',(11.9,59.341016486832,-129.593034207759));
#14559=CARTESIAN_POINT('',(11.9,63.8147978063086,-132.610637810236));
#14560=CARTESIAN_POINT('',(10.,59.341016486832,-129.593034207759));
#14561=CARTESIAN_POINT('',(23.5,59.341016486832,-129.593034207759));
#14562=CARTESIAN_POINT('',(10.,59.575077648181,-129.750910454551));
#14563=CARTESIAN_POINT('Origin',(-3.2668876948051E-16,48.9676120181742,
-171.95));
#14564=CARTESIAN_POINT('',(13.1695671910657,53.7176120181748,-164.95));
#14565=CARTESIAN_POINT('Origin',(-3.2668876948051E-16,48.9676120181742,
-164.95));
#14566=CARTESIAN_POINT('',(1.27972697877419,62.909,-163.98394619514));
#14567=CARTESIAN_POINT('Origin',(-3.2668876948051E-16,48.9676120181742,
-165.449245117512));
#14568=CARTESIAN_POINT('',(1.27972697877419,62.909,-143.16605380486));
#14569=CARTESIAN_POINT('',(1.27972697877419,62.909,-171.95));
#14570=CARTESIAN_POINT('',(13.1695671910658,53.7176120181746,-142.2));
#14571=CARTESIAN_POINT('Origin',(-3.2668876948051E-16,48.9676120181742,
-141.700754882488));
#14572=CARTESIAN_POINT('',(13.7564530312141,51.5676120181743,-142.2));
#14573=CARTESIAN_POINT('Origin',(-3.2668876948051E-16,48.9676120181742,
-142.2));
#14574=CARTESIAN_POINT('',(13.7564530312141,51.5676120181743,-125.8));
#14575=CARTESIAN_POINT('',(13.7564530312141,51.5676120181743,-171.95));
#14576=CARTESIAN_POINT('Origin',(-3.2668876948051E-16,48.9676120181742,
-125.8));
#14577=CARTESIAN_POINT('',(-1.32178489983059E-16,62.9676120181742,-171.95));
#14578=CARTESIAN_POINT('',(-9.08721629543405,59.6176120181741,-162.15));
#14579=CARTESIAN_POINT('',(-9.08721629543406,59.6176120181741,-171.95));
#14580=CARTESIAN_POINT('',(0.,62.9676120181742,-162.15));
#14581=CARTESIAN_POINT('Origin',(-3.2668876948051E-16,48.9676120181742,
-162.15));
#14582=CARTESIAN_POINT('',(2.77555756156288E-16,62.9676120181742,-171.95));
#14583=CARTESIAN_POINT('',(3.52100837829167,62.5176120181742,-136.138370460253));
#14584=CARTESIAN_POINT('',(3.52100837829167,62.5176120181742,-138.338773492934));
#14585=CARTESIAN_POINT('',(3.52100837829167,62.5176120181742,-171.95));
#14586=CARTESIAN_POINT('',(13.0380213222713,54.0676120181742,-130.438773492934));
#14587=CARTESIAN_POINT('Origin',(-3.2668876948051E-16,48.9676120181742,
-126.998780057038));
#14588=CARTESIAN_POINT('',(13.0380213222713,54.0676120181742,-138.338773492934));
#14589=CARTESIAN_POINT('',(13.0380213222713,54.0676120181742,-171.95));
#14590=CARTESIAN_POINT('Origin',(-3.2668876948051E-16,48.9676120181742,
-138.338773492934));
#14591=CARTESIAN_POINT('Origin',(-5.69950655758905,62.0926120181741,-162.15));
#14592=CARTESIAN_POINT('',(-11.3990131151781,59.6176120181741,-162.15));
#14593=CARTESIAN_POINT('',(-7.39336142651155,59.6176120181741,-162.15));
#14594=CARTESIAN_POINT('',(1.11022302462516E-15,64.5676120181742,-162.15));
#14595=CARTESIAN_POINT('Origin',(-3.2668876948051E-16,48.9676120181742,
-162.15));
#14596=CARTESIAN_POINT('',(-3.2668876948051E-16,64.9676120181742,-162.15));
#14597=CARTESIAN_POINT('Origin',(-3.2668876948051E-16,48.9676120181742,
-171.95));
#14598=CARTESIAN_POINT('',(1.11022302462516E-15,64.5676120181742,-171.95));
#14599=CARTESIAN_POINT('',(-11.3990131151781,59.6176120181741,-171.95));
#14600=CARTESIAN_POINT('Origin',(-9.08721629543405,59.6176120181741,-171.95));
#14601=CARTESIAN_POINT('Origin',(16.,34.9676120181742,-159.7));
#14602=CARTESIAN_POINT('',(16.,41.9676120181742,-159.7));
#14603=CARTESIAN_POINT('',(24.,33.5426120181742,-159.7));
#14604=CARTESIAN_POINT('Origin',(16.,33.0676120181742,-164.5));
#14605=CARTESIAN_POINT('',(16.,41.0176120181742,-164.5));
#14606=CARTESIAN_POINT('',(24.,34.4926120181742,-164.5));
#14607=CARTESIAN_POINT('Origin',(24.,34.0176120181742,-162.1));
#14608=CARTESIAN_POINT('Origin',(16.,48.9676120181742,-171.95));
#14609=CARTESIAN_POINT('',(16.,20.9588060090871,-170.75));
#14610=CARTESIAN_POINT('',(16.,48.9676120181742,-164.95));
#14611=CARTESIAN_POINT('',(16.,48.9676120181742,-171.95));
#14612=CARTESIAN_POINT('',(16.,51.3426120181745,-164.95));
#14613=CARTESIAN_POINT('Origin',(23.5,34.9676120181742,-142.2));
#14614=CARTESIAN_POINT('',(13.4,44.9129850316315,-142.2));
#14615=CARTESIAN_POINT('',(13.4,37.8176120181742,-142.2));
#14616=CARTESIAN_POINT('',(13.7564530312141,46.3676120181743,-142.2));
#14617=CARTESIAN_POINT('Origin',(-3.2668876948051E-16,48.9676120181742,
-142.2));
#14618=CARTESIAN_POINT('',(16.05,46.3676120181743,-142.2));
#14619=CARTESIAN_POINT('',(-18.1,46.3676120181743,-142.2));
#14620=CARTESIAN_POINT('',(16.05,51.5676120181743,-142.2));
#14621=CARTESIAN_POINT('',(16.05,47.6676120181743,-142.2));
#14622=CARTESIAN_POINT('',(-18.1,51.5676120181743,-142.2));
#14623=CARTESIAN_POINT('',(15.2786615905974,53.7176120181745,-142.2));
#14624=CARTESIAN_POINT('',(23.5,53.7176120181746,-142.2));
#14625=CARTESIAN_POINT('',(17.65,53.7176120181746,-142.2));
#14626=CARTESIAN_POINT('',(19.3893307952987,53.7176120181742,-142.2));
#14627=CARTESIAN_POINT('',(17.65,44.8176120181742,-142.2));
#14628=CARTESIAN_POINT('',(17.65,51.4926120181745,-142.2));
#14629=CARTESIAN_POINT('',(16.7,44.8176120181742,-142.2));
#14630=CARTESIAN_POINT('',(23.5,44.8176120181742,-142.2));
#14631=CARTESIAN_POINT('',(16.7,33.3676120181742,-142.2));
#14632=CARTESIAN_POINT('',(16.7,43.8926120181743,-142.2));
#14633=CARTESIAN_POINT('',(16.,33.3676120181742,-142.2));
#14634=CARTESIAN_POINT('',(23.5,33.3676120181742,-142.2));
#14635=CARTESIAN_POINT('',(16.,49.3088061338843,-142.2));
#14636=CARTESIAN_POINT('Origin',(23.5,9.1,-171.95));
#14637=CARTESIAN_POINT('',(9.9,9.1,-170.75));
#14638=CARTESIAN_POINT('',(9.9,9.1,-162.3375));
#14639=CARTESIAN_POINT('',(5.5,9.1,-170.75));
#14640=CARTESIAN_POINT('',(5.5,9.1,-171.65));
#14641=CARTESIAN_POINT('',(23.5,9.1,-170.75));
#14642=CARTESIAN_POINT('Origin',(5.5,21.3000002495945,-171.35));
#14643=CARTESIAN_POINT('',(5.5,15.2000001247972,-170.75));
#14644=CARTESIAN_POINT('Origin',(23.5,12.8,-170.75));
#14645=CARTESIAN_POINT('',(9.9,8.3,-170.75));
#14646=CARTESIAN_POINT('Origin',(23.5,9.1,-166.35));
#14647=CARTESIAN_POINT('',(9.9,9.1,-164.95));
#14648=CARTESIAN_POINT('',(9.9,9.1,-166.35));
#14649=CARTESIAN_POINT('',(9.9,9.1,-159.4375));
#14650=CARTESIAN_POINT('',(23.5,9.1,-166.35));
#14651=CARTESIAN_POINT('',(13.5,9.1,-153.85));
#14652=CARTESIAN_POINT('',(23.5,9.1,-153.85));
#14653=CARTESIAN_POINT('',(13.5,9.1,-158.15));
#14654=CARTESIAN_POINT('',(13.5,9.1,-154.925));
#14655=CARTESIAN_POINT('',(9.9,9.1,-158.15));
#14656=CARTESIAN_POINT('',(23.5,9.1,-158.15));
#14657=CARTESIAN_POINT('',(9.9,9.1,-160.15));
#14658=CARTESIAN_POINT('',(9.9,9.1,-156.0375));
#14659=CARTESIAN_POINT('',(22.2,9.1,-160.15));
#14660=CARTESIAN_POINT('',(23.5,9.1,-160.15));
#14661=CARTESIAN_POINT('',(22.2,9.1,-164.95));
#14662=CARTESIAN_POINT('',(22.2,9.1,-161.35));
#14663=CARTESIAN_POINT('',(23.5,9.1,-164.95));
#14664=CARTESIAN_POINT('Origin',(23.5,8.4,-153.85));
#14665=CARTESIAN_POINT('',(9.9,8.4,-151.65));
#14666=CARTESIAN_POINT('',(9.9,8.4,-153.85));
#14667=CARTESIAN_POINT('',(9.9,8.4,-152.7875));
#14668=CARTESIAN_POINT('',(23.5,8.4,-153.85));
#14669=CARTESIAN_POINT('',(9.9,8.4,-146.65));
#14670=CARTESIAN_POINT('',(23.5,8.4,-146.65));
#14671=CARTESIAN_POINT('',(17.4,8.4,-146.65));
#14672=CARTESIAN_POINT('',(23.5,8.4,-146.65));
#14673=CARTESIAN_POINT('',(17.4,8.4,-151.65));
#14674=CARTESIAN_POINT('',(17.4,8.4,-147.9));
#14675=CARTESIAN_POINT('',(23.5,8.4,-151.65));
#14676=CARTESIAN_POINT('Origin',(23.5,8.4,-146.65));
#14677=CARTESIAN_POINT('',(9.9,9.,-146.65));
#14678=CARTESIAN_POINT('',(9.9,8.5,-146.65));
#14679=CARTESIAN_POINT('',(23.5,9.,-146.65));
#14680=CARTESIAN_POINT('Origin',(23.5,9.,-146.65));
#14681=CARTESIAN_POINT('',(9.9,9.,-145.2));
#14682=CARTESIAN_POINT('',(9.9,9.,-149.5625));
#14683=CARTESIAN_POINT('',(16.9,9.,-135.9));
#14684=CARTESIAN_POINT('',(23.5,9.,-135.9));
#14685=CARTESIAN_POINT('',(16.9,9.,-136.6));
#14686=CARTESIAN_POINT('',(16.9,9.,-136.075));
#14687=CARTESIAN_POINT('',(14.4,9.,-136.6));
#14688=CARTESIAN_POINT('',(23.5,9.,-136.6));
#14689=CARTESIAN_POINT('',(14.4,9.,-145.2));
#14690=CARTESIAN_POINT('',(14.4,9.,-138.75));
#14691=CARTESIAN_POINT('',(23.5,9.,-145.2));
#14692=CARTESIAN_POINT('Origin',(23.5,31.3676120181742,-138.5));
#14693=CARTESIAN_POINT('',(14.1,32.2176120181742,-138.5));
#14694=CARTESIAN_POINT('',(14.1,32.5801120181742,-138.5));
#14695=CARTESIAN_POINT('',(16.7,33.3676120181742,-138.5));
#14696=CARTESIAN_POINT('',(23.5,33.3676120181742,-138.5));
#14697=CARTESIAN_POINT('',(16.7,32.2176120181742,-138.5));
#14698=CARTESIAN_POINT('',(16.7,38.1676120181743,-138.5));
#14699=CARTESIAN_POINT('',(23.5,32.2176120181742,-138.5));
#14700=CARTESIAN_POINT('Origin',(23.5,33.3676120181742,-138.5));
#14701=CARTESIAN_POINT('',(16.7,33.3676120181742,-139.1));
#14702=CARTESIAN_POINT('',(16.,33.3676120181742,-148.210722038325));
#14703=CARTESIAN_POINT('',(23.5,33.3676120181742,-148.210722038325));
#14704=CARTESIAN_POINT('',(16.,33.3676120181742,-147.7875));
#14705=CARTESIAN_POINT('Origin',(23.5,9.,-135.9));
#14706=CARTESIAN_POINT('',(16.9,10.4,-135.9));
#14707=CARTESIAN_POINT('',(23.5,10.4,-135.9));
#14708=CARTESIAN_POINT('',(16.9,3.79999999999999,-135.9));
#14709=CARTESIAN_POINT('Origin',(23.5,8.6,-166.35));
#14710=CARTESIAN_POINT('',(9.9,8.55,-166.35));
#14711=CARTESIAN_POINT('Origin',(23.5,9.,-146.65));
#14712=CARTESIAN_POINT('',(9.9,7.4,-146.65));
#14713=CARTESIAN_POINT('',(9.9,8.5,-146.65));
#14714=CARTESIAN_POINT('',(17.4,7.4,-146.65));
#14715=CARTESIAN_POINT('',(23.5,7.4,-146.65));
#14716=CARTESIAN_POINT('',(17.4,8.45,-146.65));
#14717=CARTESIAN_POINT('Origin',(-18.1,33.0676120181742,-150.467408936611));
#14718=CARTESIAN_POINT('',(16.,32.7655922600572,-152.739289040498));
#14719=CARTESIAN_POINT('',(-18.1,33.1676120181741,-149.715179970516));
#14720=CARTESIAN_POINT('Origin',(-18.1,33.1676120181741,-149.715179970516));
#14721=CARTESIAN_POINT('Origin',(22.2,8.25,-162.55));
#14722=CARTESIAN_POINT('',(22.2,7.4,-164.95));
#14723=CARTESIAN_POINT('',(22.2,7.4,-160.15));
#14724=CARTESIAN_POINT('',(22.2,7.4,-161.35));
#14725=CARTESIAN_POINT('',(22.2,7.825,-164.95));
#14726=CARTESIAN_POINT('',(22.2,8.675,-160.15));
#14727=CARTESIAN_POINT('Origin',(23.5,7.4,-164.95));
#14728=CARTESIAN_POINT('',(9.9,7.4,-164.95));
#14729=CARTESIAN_POINT('',(23.5,7.4,-164.95));
#14730=CARTESIAN_POINT('',(9.9,7.7,-164.95));
#14731=CARTESIAN_POINT('Origin',(23.5,7.4,-160.15));
#14732=CARTESIAN_POINT('',(9.9,7.4,-160.15));
#14733=CARTESIAN_POINT('',(23.5,7.4,-160.15));
#14734=CARTESIAN_POINT('',(9.9,7.4,-157.0375));
#14735=CARTESIAN_POINT('Origin',(23.5,9.1,-160.15));
#14736=CARTESIAN_POINT('',(9.9,8.55,-160.15));
#14737=CARTESIAN_POINT('Origin',(13.5,8.25,-156.));
#14738=CARTESIAN_POINT('',(13.5,7.4,-158.15));
#14739=CARTESIAN_POINT('',(13.5,7.4,-153.85));
#14740=CARTESIAN_POINT('',(13.5,7.4,-154.925));
#14741=CARTESIAN_POINT('',(13.5,7.825,-158.15));
#14742=CARTESIAN_POINT('',(13.5,7.825,-153.85));
#14743=CARTESIAN_POINT('Origin',(23.5,7.4,-158.15));
#14744=CARTESIAN_POINT('',(9.9,7.4,-158.15));
#14745=CARTESIAN_POINT('',(23.5,7.4,-158.15));
#14746=CARTESIAN_POINT('',(9.9,7.7,-158.15));
#14747=CARTESIAN_POINT('Origin',(23.5,7.4,-153.85));
#14748=CARTESIAN_POINT('',(9.9,7.4,-153.85));
#14749=CARTESIAN_POINT('',(23.5,7.4,-153.85));
#14750=CARTESIAN_POINT('',(9.9,7.4,-153.8875));
#14751=CARTESIAN_POINT('Origin',(17.4,7.9,-149.15));
#14752=CARTESIAN_POINT('',(17.4,7.4,-151.65));
#14753=CARTESIAN_POINT('',(17.4,7.4,-147.9));
#14754=CARTESIAN_POINT('',(17.4,7.65,-151.65));
#14755=CARTESIAN_POINT('Origin',(23.5,7.4,-145.2));
#14756=CARTESIAN_POINT('',(14.4,7.4,-145.2));
#14757=CARTESIAN_POINT('',(14.4,8.6,-145.2));
#14758=CARTESIAN_POINT('',(9.9,7.4,-145.2));
#14759=CARTESIAN_POINT('',(23.5,7.4,-145.2));
#14760=CARTESIAN_POINT('',(9.9,7.7,-145.2));
#14761=CARTESIAN_POINT('Origin',(23.5,7.4,-135.9));
#14762=CARTESIAN_POINT('',(14.4,7.4,-136.6));
#14763=CARTESIAN_POINT('',(14.4,7.4,-143.05));
#14764=CARTESIAN_POINT('',(16.9,7.4,-136.6));
#14765=CARTESIAN_POINT('',(23.5,7.4,-136.6));
#14766=CARTESIAN_POINT('',(16.9,7.4,-135.9));
#14767=CARTESIAN_POINT('',(16.9,7.4,-136.425));
#14768=CARTESIAN_POINT('',(9.9,7.4,-135.9));
#14769=CARTESIAN_POINT('',(23.5,7.4,-135.9));
#14770=CARTESIAN_POINT('',(9.9,7.4,-144.9125));
#14771=CARTESIAN_POINT('Origin',(23.5,8.4,-153.85));
#14772=CARTESIAN_POINT('',(9.9,8.2,-153.85));
#14773=CARTESIAN_POINT('Origin',(23.5,7.4,-151.65));
#14774=CARTESIAN_POINT('',(9.9,7.4,-151.65));
#14775=CARTESIAN_POINT('',(23.5,7.4,-151.65));
#14776=CARTESIAN_POINT('',(9.9,7.7,-151.65));
#14777=CARTESIAN_POINT('Origin',(23.5,7.4,-146.65));
#14778=CARTESIAN_POINT('',(9.9,7.4,-150.2875));
#14779=CARTESIAN_POINT('Origin',(9.9,8.,-153.925));
#14780=CARTESIAN_POINT('',(9.9,7.45,-135.9));
#14781=CARTESIAN_POINT('Origin',(23.5,7.4,-136.6));
#14782=CARTESIAN_POINT('',(16.9,8.6,-136.6));
#14783=CARTESIAN_POINT('',(14.4,7.8,-136.6));
#14784=CARTESIAN_POINT('Origin',(14.4,8.2,-140.9));
#14785=CARTESIAN_POINT('Origin',(14.1,31.7926120181742,-135.85));
#14786=CARTESIAN_POINT('',(14.1,32.2176120181742,-134.525));
#14787=CARTESIAN_POINT('',(14.1,32.8051120181742,-133.2));
#14788=CARTESIAN_POINT('Origin',(23.5,33.8176120181742,-133.2));
#14789=CARTESIAN_POINT('',(16.7,32.2176120181742,-133.2));
#14790=CARTESIAN_POINT('',(23.5,32.2176120181742,-133.2));
#14791=CARTESIAN_POINT('',(16.7,38.3676120181742,-133.2));
#14792=CARTESIAN_POINT('',(16.7,38.3676120181742,-133.2));
#14793=CARTESIAN_POINT('',(16.7,38.3676120181742,-133.2));
#14794=CARTESIAN_POINT('',(23.5,38.3676120181742,-133.2));
#14795=CARTESIAN_POINT('',(23.5,38.3676120181742,-133.2));
#14796=CARTESIAN_POINT('',(23.5,25.2869958217302,-133.2));
#14797=CARTESIAN_POINT('',(23.5,16.9088060090871,-133.2));
#14798=CARTESIAN_POINT('',(16.7,25.2869958217302,-133.2));
#14799=CARTESIAN_POINT('',(21.9,25.2869958217302,-133.2));
#14800=CARTESIAN_POINT('',(16.7,38.3676120181742,-133.2));
#14801=CARTESIAN_POINT('Origin',(2.95,33.0176120181742,-136.1));
#14802=CARTESIAN_POINT('',(14.1,32.2176120181742,-136.1));
#14803=CARTESIAN_POINT('',(16.7,38.9676120181743,-136.1));
#14804=CARTESIAN_POINT('Origin',(14.1,33.0176120181742,-132.5));
#14805=CARTESIAN_POINT('',(14.1,32.6176120181742,-131.8));
#14806=CARTESIAN_POINT('',(14.1,32.2176120181742,-133.2));
#14807=CARTESIAN_POINT('Origin',(12.3,31.7926055451944,-132.49999352702));
#14808=CARTESIAN_POINT('',(12.3,31.3676120181742,-131.8));
#14809=CARTESIAN_POINT('Origin',(16.7,31.8273039199522,-128.889459007377));
#14810=CARTESIAN_POINT('',(16.7,36.9676120181735,-131.8));
#14811=CARTESIAN_POINT('',(16.7,36.9676120181735,-131.8));
#14812=CARTESIAN_POINT('',(16.7,36.9676120181735,-127.8));
#14813=CARTESIAN_POINT('',(16.7,36.9676120181735,-124.578918014753));
#14814=CARTESIAN_POINT('',(16.7,38.3676120181742,-127.8));
#14815=CARTESIAN_POINT('',(16.7,34.747457969063,-127.8));
#14816=CARTESIAN_POINT('',(16.7,38.3676120181742,-124.578918014753));
#14817=CARTESIAN_POINT('Origin',(16.7,31.8273039199522,-128.889459007377));
#14818=CARTESIAN_POINT('',(16.7,25.2869958217302,-126.7));
#14819=CARTESIAN_POINT('',(16.7,25.2869958217302,-133.2));
#14820=CARTESIAN_POINT('',(16.7,26.6869958217302,-126.7));
#14821=CARTESIAN_POINT('',(16.7,28.9071498708412,-126.7));
#14822=CARTESIAN_POINT('',(16.7,26.6869958217302,-131.8));
#14823=CARTESIAN_POINT('',(16.7,26.6869958217302,-131.8));
#14824=CARTESIAN_POINT('',(16.7,36.9676120181735,-131.8));
#14825=CARTESIAN_POINT('Origin',(4.6,62.909,-143.16605380486));
#14826=CARTESIAN_POINT('',(7.8509681657871,62.909,-143.16605380486));
#14827=CARTESIAN_POINT('',(4.6,64.2921022217666,-143.16605380486));
#14828=CARTESIAN_POINT('Origin',(-3.2668876948051E-16,48.9676120181742,
-143.16605380486));
#14829=CARTESIAN_POINT('',(4.6,62.909,-143.16605380486));
#14830=CARTESIAN_POINT('',(23.5,62.909,-143.16605380486));
#14831=CARTESIAN_POINT('',(4.6,62.909,-143.16605380486));
#14832=CARTESIAN_POINT('Origin',(4.6,62.909,-163.98394619514));
#14833=CARTESIAN_POINT('',(4.6,64.2921022217666,-163.98394619514));
#14834=CARTESIAN_POINT('',(4.6,64.2921022217666,-171.95));
#14835=CARTESIAN_POINT('',(4.6,62.909,-163.98394619514));
#14836=CARTESIAN_POINT('',(4.6,62.909,-153.575));
#14837=CARTESIAN_POINT('',(4.6,62.909,-163.98394619514));
#14838=CARTESIAN_POINT('Origin',(7.8509681657871,62.909,-163.98394619514));
#14839=CARTESIAN_POINT('',(7.8509681657871,62.909,-163.98394619514));
#14840=CARTESIAN_POINT('Origin',(-3.2668876948051E-16,48.9676120181742,
-163.98394619514));
#14841=CARTESIAN_POINT('',(23.5,62.909,-163.98394619514));
#14842=CARTESIAN_POINT('Origin',(-3.2668876948051E-16,48.9676120181742,
-171.95));
#14843=CARTESIAN_POINT('',(15.2786615905973,53.7176120181748,-164.95));
#14844=CARTESIAN_POINT('Origin',(-3.2668876948051E-16,48.9676120181742,
-165.449245117512));
#14845=CARTESIAN_POINT('Origin',(-3.2668876948051E-16,48.9676120181742,
-164.95));
#14846=CARTESIAN_POINT('',(1.4,64.906244330891,-135.156154709502));
#14847=CARTESIAN_POINT('',(1.4,64.906244330891,-142.2));
#14848=CARTESIAN_POINT('',(15.2786615905974,53.7176120181739,-127.609326922756));
#14849=CARTESIAN_POINT('Origin',(-3.2668876948051E-16,48.9676120181736,
-124.405411467754));
#14850=CARTESIAN_POINT('',(15.2786615905974,53.7176120181739,-142.2));
#14851=CARTESIAN_POINT('Origin',(-3.2668876948051E-16,48.9676120181742,
-141.700754882488));
#14852=CARTESIAN_POINT('',(15.1654211942826,54.0676120181742,-138.338773492934));
#14853=CARTESIAN_POINT('',(8.50867204679937,62.5176120181742,-138.338773492934));
#14854=CARTESIAN_POINT('Origin',(-3.2668876948051E-16,48.9676120181736,
-138.338773492934));
#14855=CARTESIAN_POINT('',(15.1654211942826,54.0676120181742,-130.438773492934));
#14856=CARTESIAN_POINT('',(15.1654211942826,54.0676120181742,-142.2));
#14857=CARTESIAN_POINT('',(8.50867204679937,62.5176120181742,-136.138370460253));
#14858=CARTESIAN_POINT('Origin',(-3.2668876948051E-16,48.9676120181736,
-126.998780057037));
#14859=CARTESIAN_POINT('',(8.50867204679937,62.5176120181742,-142.2));
#14860=CARTESIAN_POINT('Ctrl Pts',(11.8999999999999,60.0661296747584,-125.8));
#14861=CARTESIAN_POINT('Ctrl Pts',(14.6529718317466,57.3418436212852,-125.8));
#14862=CARTESIAN_POINT('Ctrl Pts',(15.8312467343985,53.7176120181742,-125.8));
#14863=CARTESIAN_POINT('Ctrl Pts',(11.8999999999999,60.0661296747584,-131.891456151447));
#14864=CARTESIAN_POINT('Ctrl Pts',(14.6529718317466,57.3418436212852,-131.891456151447));
#14865=CARTESIAN_POINT('Ctrl Pts',(15.8312467343985,53.7176120181742,-131.891456151447));
#14866=CARTESIAN_POINT('',(15.8312467343985,53.7176120181742,-127.609326922757));
#14867=CARTESIAN_POINT('',(15.8312467343985,53.7176120181742,-125.8));
#14868=CARTESIAN_POINT('',(11.9,60.0661296747582,-131.891456151447));
#14869=CARTESIAN_POINT('Origin',(-3.2668876948051E-16,48.9676120181742,
-124.405411467754));
#14870=CARTESIAN_POINT('',(11.9,60.0661296747582,-130.08212922869));
#14871=CARTESIAN_POINT('Origin',(23.5,65.341016486832,-135.44941223157));
#14872=CARTESIAN_POINT('',(11.9,65.341016486832,-129.366812144946));
#14873=CARTESIAN_POINT('',(11.9,65.3410164868317,-135.44941223157));
#14874=CARTESIAN_POINT('',(11.9,65.341016486832,-132.76577073013));
#14875=CARTESIAN_POINT('',(1.4,65.341016486832,-135.44941223157));
#14876=CARTESIAN_POINT('',(23.5,65.341016486832,-135.44941223157));
#14877=CARTESIAN_POINT('',(0.,65.341016486832,-135.44941223157));
#14878=CARTESIAN_POINT('',(23.5,65.341016486832,-135.44941223157));
#14879=CARTESIAN_POINT('',(3.07149150905014E-16,65.341016486832,-125.8));
#14880=CARTESIAN_POINT('',(1.4721670404894E-17,65.341016486832,-153.699706115785));
#14881=CARTESIAN_POINT('',(10.725,65.341016486832,-125.8));
#14882=CARTESIAN_POINT('',(6.7,65.341016486832,-120.7));
#14883=CARTESIAN_POINT('',(23.5,65.341016486832,-120.7));
#14884=CARTESIAN_POINT('',(6.7,65.341016486832,-129.366812144946));
#14885=CARTESIAN_POINT('',(6.7,65.341016486832,-130.241409152022));
#14886=CARTESIAN_POINT('',(23.5,65.341016486832,-129.366812144946));
#14887=CARTESIAN_POINT('Origin',(15.2786615905974,53.7176120181742,-142.2));
#14888=CARTESIAN_POINT('',(17.65,53.7176120181746,-139.4));
#14889=CARTESIAN_POINT('',(17.65,53.7176120181745,-136.7));
#14890=CARTESIAN_POINT('',(13.8643307952987,53.7176120181742,-127.609326922756));
#14891=CARTESIAN_POINT('',(17.65,53.7176120181742,-125.8));
#14892=CARTESIAN_POINT('',(23.5,53.7176120181742,-125.8));
#14893=CARTESIAN_POINT('',(17.65,53.7176120181743,-129.8));
#14894=CARTESIAN_POINT('',(17.65,53.7176120181743,-129.9));
#14895=CARTESIAN_POINT('',(16.7,53.7176120181743,-129.8));
#14896=CARTESIAN_POINT('',(23.5,53.7176120181743,-129.8));
#14897=CARTESIAN_POINT('',(16.7,53.7176120181746,-139.4));
#14898=CARTESIAN_POINT('',(16.7,53.7176120181744,-132.9));
#14899=CARTESIAN_POINT('',(23.5,53.7176120181746,-139.4));
#14900=CARTESIAN_POINT('Origin',(12.45,59.7588060090868,-131.684163721524));
#14901=CARTESIAN_POINT('',(1.4,64.2724006857578,-134.728621772513));
#14902=CARTESIAN_POINT('',(11.9,59.4930731643194,-131.504924654523));
#14903=CARTESIAN_POINT('Origin',(23.5,54.0676120181742,-130.438773492934));
#14904=CARTESIAN_POINT('',(23.5,54.0676120181742,-130.438773492934));
#14905=CARTESIAN_POINT('',(23.5,62.5176120181742,-136.138370460253));
#14906=CARTESIAN_POINT('Origin',(23.5,54.0676120181742,-138.338773492934));
#14907=CARTESIAN_POINT('',(23.5,54.0676120181742,-138.338773492934));
#14908=CARTESIAN_POINT('Origin',(23.5,32.2176120181742,-133.2));
#14909=CARTESIAN_POINT('',(16.7,32.2176120181742,-137.25));
#14910=CARTESIAN_POINT('Origin',(16.,48.9676120181742,-171.95));
#14911=CARTESIAN_POINT('Origin',(23.5,62.909,-163.98394619514));
#14912=CARTESIAN_POINT('',(23.5,62.909,-163.98394619514));
#14913=CARTESIAN_POINT('',(23.5,53.7176120181748,-164.95));
#14914=CARTESIAN_POINT('Origin',(23.5,62.909,-143.16605380486));
#14915=CARTESIAN_POINT('',(23.5,62.909,-143.16605380486));
#14916=CARTESIAN_POINT('Origin',(23.5,53.7176120181746,-142.2));
#14917=CARTESIAN_POINT('Origin',(23.5,0.,0.));
#14918=CARTESIAN_POINT('',(23.5,38.3676120181742,-120.55));
#14919=CARTESIAN_POINT('',(23.5,38.3676120181742,-62.075));
#14920=CARTESIAN_POINT('',(23.5,38.3676120181735,-10.));
#14921=CARTESIAN_POINT('',(23.5,38.3676120181742,-66.75));
#14922=CARTESIAN_POINT('',(23.5000000000003,38.3676120181735,0.));
#14923=CARTESIAN_POINT('',(23.5,38.3676120181742,-66.75));
#14924=CARTESIAN_POINT('',(23.5,36.1676120181735,0.));
#14925=CARTESIAN_POINT('',(23.5,75.,0.));
#14926=CARTESIAN_POINT('',(23.5,36.1676120181735,-6.94999999999998));
#14927=CARTESIAN_POINT('',(23.5,36.1676120181735,-3.47500000000002));
#14928=CARTESIAN_POINT('',(23.5,30.2676120181735,-6.94999999999999));
#14929=CARTESIAN_POINT('',(23.5,15.1338060090868,-6.95000000000001));
#14930=CARTESIAN_POINT('',(23.5,30.2676120181735,-1.39294572137615));
#14931=CARTESIAN_POINT('',(23.5,30.2676120181735,-0.696472860688073));
#14932=CARTESIAN_POINT('',(23.5,28.7676120181735,-1.39294572137615));
#14933=CARTESIAN_POINT('',(23.5,14.3838060090868,-1.39294572137615));
#14934=CARTESIAN_POINT('',(23.5,28.7676120181735,-6.94999999999998));
#14935=CARTESIAN_POINT('',(23.5,28.7676120181735,-3.47499999999999));
#14936=CARTESIAN_POINT('',(23.5,25.3676120181726,-6.94999999999999));
#14937=CARTESIAN_POINT('',(23.5,12.2847777318515,-6.95000000000002));
#14938=CARTESIAN_POINT('',(23.5,25.3676120181726,-124.578918014753));
#14939=CARTESIAN_POINT('',(23.5,25.3676120181726,-66.75));
#14940=CARTESIAN_POINT('',(23.5,25.2869958217302,-124.578918014753));
#14941=CARTESIAN_POINT('',(23.5,25.2869958217302,-124.578918014753));
#14942=CARTESIAN_POINT('',(23.5,25.2869958217302,-133.2));
#14943=CARTESIAN_POINT('',(23.5,33.8676120181735,-85.));
#14944=CARTESIAN_POINT('',(23.5,33.8676120181735,-13.5));
#14945=CARTESIAN_POINT('',(23.5,33.8676120181735,-42.5));
#14946=CARTESIAN_POINT('',(23.5,28.7676120181735,-85.));
#14947=CARTESIAN_POINT('Origin',(23.5,31.3176120181735,-85.));
#14948=CARTESIAN_POINT('',(23.5,28.7676120181735,-13.5));
#14949=CARTESIAN_POINT('',(23.5,28.7676120181735,-6.75));
#14950=CARTESIAN_POINT('Origin',(23.5,31.3176120181735,-13.5));
#14951=CARTESIAN_POINT('Origin',(23.5,53.7176120181748,-164.95));
#14952=CARTESIAN_POINT('Origin',(-3.2668876948051E-16,48.9676120181742,
-171.95));
#14953=CARTESIAN_POINT('',(13.4,44.9129850316315,-124.15));
#14954=CARTESIAN_POINT('',(13.4,44.9129850316315,-171.95));
#14955=CARTESIAN_POINT('',(13.7564530312141,46.3676120181742,-124.15));
#14956=CARTESIAN_POINT('Origin',(-3.2668876948051E-16,48.9676120181742,
-124.15));
#14957=CARTESIAN_POINT('',(13.7564530312142,46.3676120181745,-171.95));
#14958=CARTESIAN_POINT('Origin',(13.4,40.6676120181742,-133.175));
#14959=CARTESIAN_POINT('',(13.4,44.4676120181742,-139.4));
#14960=CARTESIAN_POINT('',(13.4,42.5676120181742,-139.4));
#14961=CARTESIAN_POINT('',(13.4,44.4676120181742,-127.2));
#14962=CARTESIAN_POINT('',(13.4,44.4676120181742,-130.1875));
#14963=CARTESIAN_POINT('',(13.4,41.4176120181735,-127.2));
#14964=CARTESIAN_POINT('',(13.4,41.5926120181742,-127.2));
#14965=CARTESIAN_POINT('',(13.4,41.4176120181735,-125.8));
#14966=CARTESIAN_POINT('',(13.4,41.4176120181735,-125.8));
#14967=CARTESIAN_POINT('',(13.4,38.3676120181742,-125.8));
#14968=CARTESIAN_POINT('',(13.4,39.5176120181742,-125.8));
#14969=CARTESIAN_POINT('',(13.4,38.3676120181742,-124.15));
#14970=CARTESIAN_POINT('',(13.4,38.3676120181742,-128.6625));
#14971=CARTESIAN_POINT('',(13.4,43.5176120181743,-124.15));
#14972=CARTESIAN_POINT('Origin',(-3.2668876948051E-16,48.9676120181742,
-171.95));
#14973=CARTESIAN_POINT('',(9.78535473505238,38.9552779891284,-125.8));
#14974=CARTESIAN_POINT('',(9.78535473505237,38.9552779891284,-127.2));
#14975=CARTESIAN_POINT('',(9.78535473505238,38.9552779891284,-171.95));
#14976=CARTESIAN_POINT('',(11.7897200984582,41.4176120181735,-125.8));
#14977=CARTESIAN_POINT('Origin',(-3.2668876948051E-16,48.9676120181742,
-125.8));
#14978=CARTESIAN_POINT('',(11.7897200984582,41.4176120181735,-127.2));
#14979=CARTESIAN_POINT('',(11.7897200984582,41.4176120181735,-171.95));
#14980=CARTESIAN_POINT('Origin',(-3.2668876948051E-16,48.9676120181742,
-127.2));
#14981=CARTESIAN_POINT('Origin',(-2.05,50.8838060090871,-125.8));
#14982=CARTESIAN_POINT('',(-2.77555756156289E-16,57.9257090136306,-125.8));
#14983=CARTESIAN_POINT('Origin',(2.02458947505769E-16,64.9676120181742,
-171.95));
#14984=CARTESIAN_POINT('',(0.,65.8115812098132,-135.766812144946));
#14985=CARTESIAN_POINT('',(6.71737767087035E-16,73.9086667024372,-141.228365271322));
#14986=CARTESIAN_POINT('',(0.,66.3774967981524,-135.766812144946));
#14987=CARTESIAN_POINT('',(0.,65.8838060090871,-135.766812144946));
#14988=CARTESIAN_POINT('',(3.46944695195361E-16,66.8,-139.45));
#14989=CARTESIAN_POINT('',(2.16378606408884E-16,68.4166974412856,-153.543621906297));
#14990=CARTESIAN_POINT('',(7.2242873844796E-17,66.8,-146.325));
#14991=CARTESIAN_POINT('',(2.16840434497101E-16,64.5419030045435,-120.7));
#14992=CARTESIAN_POINT('Origin',(11.4,41.4176120181735,-125.8));
#14993=CARTESIAN_POINT('',(9.4,38.3676120181735,-127.2));
#14994=CARTESIAN_POINT('',(12.5199022740088,43.1254629860369,-127.2));
#14995=CARTESIAN_POINT('',(9.4,38.3676120181735,-125.8));
#14996=CARTESIAN_POINT('',(9.4,38.3676120181735,-55.975));
#14997=CARTESIAN_POINT('',(6.26543882728824,33.5874062297881,-125.8));
#14998=CARTESIAN_POINT('Origin',(23.5,38.3676120181742,-127.2));
#14999=CARTESIAN_POINT('',(18.45,41.4176120181735,-127.2));
#15000=CARTESIAN_POINT('',(15.75,44.4676120181742,-127.2));
#15001=CARTESIAN_POINT('',(23.5,44.4676120181742,-127.2));
#15002=CARTESIAN_POINT('',(15.75,38.3676120181742,-127.2));
#15003=CARTESIAN_POINT('',(15.75,39.9801120181742,-127.2));
#15004=CARTESIAN_POINT('',(23.5,38.3676120181742,-127.2));
#15005=CARTESIAN_POINT('Origin',(23.5,46.3676120181742,-125.8));
#15006=CARTESIAN_POINT('',(18.3426163660985,46.367612018175,-124.15));
#15007=CARTESIAN_POINT('',(23.5,46.3676120181742,-124.15));
#15008=CARTESIAN_POINT('',(18.3426163660985,46.367612018175,-125.8));
#15009=CARTESIAN_POINT('',(18.3426163660989,46.3676120181742,-124.975));
#15010=CARTESIAN_POINT('',(17.65,46.3676120181742,-125.8));
#15011=CARTESIAN_POINT('',(23.5,46.3676120181742,-125.8));
#15012=CARTESIAN_POINT('',(16.05,46.3676120181742,-125.8));
#15013=CARTESIAN_POINT('',(23.5,46.3676120181742,-125.8));
#15014=CARTESIAN_POINT('',(16.05,46.3676120181742,-129.9));
#15015=CARTESIAN_POINT('Origin',(23.5,53.7176120181742,-125.8));
#15016=CARTESIAN_POINT('',(16.05,51.5676120181743,-125.8));
#15017=CARTESIAN_POINT('',(2.7,51.5676120181743,-125.8));
#15018=CARTESIAN_POINT('',(16.05,51.3426120181742,-125.8));
#15019=CARTESIAN_POINT('',(17.65,51.4926120181743,-125.8));
#15020=CARTESIAN_POINT('Origin',(23.5,62.5176120181742,-138.338773492934));
#15021=CARTESIAN_POINT('',(23.5,62.5176120181742,-138.338773492934));
#15022=CARTESIAN_POINT('Origin',(23.5,62.5176120181742,-136.138370460253));
#15023=CARTESIAN_POINT('Origin',(1.4,66.3,-153.854500260146));
#15024=CARTESIAN_POINT('',(1.4,66.3774967981524,-135.766812144946));
#15025=CARTESIAN_POINT('',(1.4,66.8,-139.45));
#15026=CARTESIAN_POINT('',(1.4,67.4009505703749,-144.688809629402));
#15027=CARTESIAN_POINT('',(1.4,65.8115812098132,-135.766812144946));
#15028=CARTESIAN_POINT('',(1.4,66.55,-135.766812144946));
#15029=CARTESIAN_POINT('',(1.40000000000001,67.298788286121,-136.769945984224));
#15030=CARTESIAN_POINT('',(1.4,66.8,-137.277250130073));
#15031=CARTESIAN_POINT('Origin',(23.5,66.8,-135.766812144946));
#15032=CARTESIAN_POINT('',(23.5,65.8115812098132,-135.766812144946));
#15033=CARTESIAN_POINT('',(2.7,66.3774967981524,-135.766812144946));
#15034=CARTESIAN_POINT('Origin',(11.9,62.341016486832,-131.50344872688));
#15035=CARTESIAN_POINT('',(11.9,59.341016486832,-129.366812144946));
#15036=CARTESIAN_POINT('',(11.9,64.570508243416,-129.366812144946));
#15037=CARTESIAN_POINT('',(11.9,59.341016486832,-130.25172436344));
#15038=CARTESIAN_POINT('Origin',(15.3534482758622,59.341016486832,-129.));
#15039=CARTESIAN_POINT('',(11.4,59.341016486832,-129.366812144946));
#15040=CARTESIAN_POINT('',(19.4267241379311,59.341016486832,-129.366812144946));
#15041=CARTESIAN_POINT('',(11.4,59.341016486832,-120.7));
#15042=CARTESIAN_POINT('',(11.4,59.341016486832,-127.016703036237));
#15043=CARTESIAN_POINT('',(15.3534482758621,59.341016486832,-120.7));
#15044=CARTESIAN_POINT('',(19.4267241379311,59.341016486832,-120.7));
#15045=CARTESIAN_POINT('',(15.3534482758622,59.341016486832,-101.2));
#15046=CARTESIAN_POINT('',(15.3534482758621,59.341016486832,-131.25));
#15047=CARTESIAN_POINT('',(13.5297100240605,59.341016486832,-101.2));
#15048=CARTESIAN_POINT('',(15.3534482758622,59.341016486832,-101.2));
#15049=CARTESIAN_POINT('',(13.5297100240605,59.341016486832,-119.1));
#15050=CARTESIAN_POINT('',(13.5297100240605,59.341016486832,-120.8));
#15051=CARTESIAN_POINT('',(10.,59.341016486832,-119.1));
#15052=CARTESIAN_POINT('',(10.,59.341016486832,-119.1));
#15053=CARTESIAN_POINT('',(10.,59.341016486832,-119.5));
#15054=CARTESIAN_POINT('Origin',(23.5,64.841016486832,-129.366812144946));
#15055=CARTESIAN_POINT('',(11.4,64.841016486832,-129.366812144946));
#15056=CARTESIAN_POINT('',(11.4,64.841016486832,-120.7));
#15057=CARTESIAN_POINT('',(11.4,64.841016486832,-127.20010910871));
#15058=CARTESIAN_POINT('',(6.7,64.841016486832,-129.366812144946));
#15059=CARTESIAN_POINT('',(23.5,64.841016486832,-129.366812144946));
#15060=CARTESIAN_POINT('',(6.7,64.841016486832,-120.7));
#15061=CARTESIAN_POINT('',(6.7,64.841016486832,-127.20010910871));
#15062=CARTESIAN_POINT('',(23.5,64.841016486832,-120.7));
#15063=CARTESIAN_POINT('Origin',(6.7,65.091016486832,-125.033406072473));
#15064=CARTESIAN_POINT('',(6.7,64.966016486832,-120.7));
#15065=CARTESIAN_POINT('',(6.7,65.216016486832,-129.366812144946));
#15066=CARTESIAN_POINT('Origin',(2.3,70.2,-120.7));
#15067=CARTESIAN_POINT('',(-2.4,75.,-120.7));
#15068=CARTESIAN_POINT('',(-2.4,72.35,-120.7));
#15069=CARTESIAN_POINT('',(4.60000000000001,75.,-120.7));
#15070=CARTESIAN_POINT('',(12.9,75.,-120.7));
#15071=CARTESIAN_POINT('',(4.60000000000001,65.4,-120.7));
#15072=CARTESIAN_POINT('',(4.60000000000001,72.6,-120.7));
#15073=CARTESIAN_POINT('',(13.,65.4,-120.7));
#15074=CARTESIAN_POINT('',(3.60000000000002,65.4,-120.7));
#15075=CARTESIAN_POINT('',(13.3407742732379,64.5226721553912,-120.7));
#15076=CARTESIAN_POINT('',(11.4,61.205762365124,-120.7));
#15077=CARTESIAN_POINT('Origin',(23.5,66.8,-129.366812144946));
#15078=CARTESIAN_POINT('',(11.4,64.935254121708,-129.366812144946));
#15079=CARTESIAN_POINT('Origin',(10.,64.4,-119.1));
#15080=CARTESIAN_POINT('',(14.1095591385601,57.8481873216822,-119.1));
#15081=CARTESIAN_POINT('',(10.,63.135254121708,-119.1));
#15082=CARTESIAN_POINT('Origin',(10.,61.870508243416,-126.852680836978));
#15083=CARTESIAN_POINT('Origin',(11.4,63.070508243416,-125.033406072473));
#15084=CARTESIAN_POINT('Origin',(-18.1,66.3774967981524,-135.766812144946));
#15085=CARTESIAN_POINT('',(2.7,66.8,-139.45));
#15086=CARTESIAN_POINT('Origin',(-18.1,51.5676120181743,-142.2));
#15087=CARTESIAN_POINT('',(16.05,51.5676120181743,-138.1));
#15088=CARTESIAN_POINT('Origin',(16.05,48.9676120181743,-134.));
#15089=CARTESIAN_POINT('',(16.05,46.8676120181742,-129.8));
#15090=CARTESIAN_POINT('',(16.05,51.0676120181742,-129.8));
#15091=CARTESIAN_POINT('',(16.05,47.9176120181742,-129.8));
#15092=CARTESIAN_POINT('',(16.05,46.8676120181742,-139.4));
#15093=CARTESIAN_POINT('',(16.05,46.8676120181742,-136.7));
#15094=CARTESIAN_POINT('',(16.05,51.0676120181742,-139.4));
#15095=CARTESIAN_POINT('',(16.05,50.0176120181742,-139.4));
#15096=CARTESIAN_POINT('',(16.05,51.0676120181742,-131.9));
#15097=CARTESIAN_POINT('Origin',(23.5,51.0676120181742,-139.4));
#15098=CARTESIAN_POINT('',(16.7,46.8676120181742,-139.4));
#15099=CARTESIAN_POINT('',(23.5,46.8676120181742,-139.4));
#15100=CARTESIAN_POINT('',(16.7,44.8176120181742,-139.4));
#15101=CARTESIAN_POINT('',(16.7,44.9176120181743,-139.4));
#15102=CARTESIAN_POINT('',(17.65,44.8176120181742,-139.4));
#15103=CARTESIAN_POINT('',(23.5,44.8176120181742,-139.4));
#15104=CARTESIAN_POINT('',(17.65,47.0426120181743,-139.4));
#15105=CARTESIAN_POINT('',(16.7,51.0676120181742,-139.4));
#15106=CARTESIAN_POINT('',(16.7,48.3426120181745,-139.4));
#15107=CARTESIAN_POINT('',(23.5,51.0676120181742,-139.4));
#15108=CARTESIAN_POINT('Origin',(23.5,46.8676120181742,-139.4));
#15109=CARTESIAN_POINT('',(16.7,46.8676120181742,-129.8));
#15110=CARTESIAN_POINT('',(23.5,46.8676120181742,-129.8));
#15111=CARTESIAN_POINT('',(16.7,46.8676120181742,-137.7));
#15112=CARTESIAN_POINT('Origin',(16.7,42.9676120181744,-136.));
#15113=CARTESIAN_POINT('',(16.7,44.8176120181742,-129.8));
#15114=CARTESIAN_POINT('',(16.7,43.8926120181743,-129.8));
#15115=CARTESIAN_POINT('',(16.7,44.8176120181742,-130.9));
#15116=CARTESIAN_POINT('Origin',(23.5,44.8176120181742,-139.4));
#15117=CARTESIAN_POINT('',(17.65,44.8176120181742,-138.1));
#15118=CARTESIAN_POINT('',(16.7,44.8176120181742,-137.7));
#15119=CARTESIAN_POINT('Origin',(16.7,42.9676120181744,-136.));
#15120=CARTESIAN_POINT('',(16.7,43.7176120181743,-139.4));
#15121=CARTESIAN_POINT('Origin',(16.7,42.9676120181744,-136.));
#15122=CARTESIAN_POINT('',(16.7,51.0676120181742,-129.8));
#15123=CARTESIAN_POINT('',(16.7,51.0676120181742,-132.9));
#15124=CARTESIAN_POINT('',(16.7,47.0176120181743,-129.8));
#15125=CARTESIAN_POINT('Origin',(17.65,49.2676120181744,-134.));
#15126=CARTESIAN_POINT('',(17.65,44.8176120181742,-129.8));
#15127=CARTESIAN_POINT('',(17.65,51.4926120181743,-129.8));
#15128=CARTESIAN_POINT('',(17.65,44.8176120181742,-125.8));
#15129=CARTESIAN_POINT('',(17.65,47.0426120181743,-125.8));
#15130=CARTESIAN_POINT('',(17.65,44.8176120181742,-129.9));
#15131=CARTESIAN_POINT('Origin',(17.65,49.2676120181744,-134.));
#15132=CARTESIAN_POINT('Origin',(23.5,46.8676120181742,-129.8));
#15133=CARTESIAN_POINT('',(23.5,51.0676120181742,-129.8));
#15134=CARTESIAN_POINT('',(23.5,44.8176120181742,-129.8));
#15135=CARTESIAN_POINT('Origin',(23.5,44.8176120181742,-125.8));
#15136=CARTESIAN_POINT('',(15.75,44.8176120181742,-125.8));
#15137=CARTESIAN_POINT('',(23.5,44.8176120181742,-125.8));
#15138=CARTESIAN_POINT('',(15.75,44.8176120181742,-139.4));
#15139=CARTESIAN_POINT('',(15.75,44.8176120181742,-125.8));
#15140=CARTESIAN_POINT('',(23.5,44.8176120181742,-139.4));
#15141=CARTESIAN_POINT('Origin',(13.4,41.4176120181735,-125.8));
#15142=CARTESIAN_POINT('',(-2.35000000000001,41.4176120181735,-125.8));
#15143=CARTESIAN_POINT('Origin',(-18.1,38.3676120181742,-125.8));
#15144=CARTESIAN_POINT('',(-18.1,38.3676120181742,-125.8));
#15145=CARTESIAN_POINT('Origin',(23.5,46.3676120181742,-124.15));
#15146=CARTESIAN_POINT('',(21.45,38.367612018175,-124.15));
#15147=CARTESIAN_POINT('',(23.5,38.3676120181742,-124.15));
#15148=CARTESIAN_POINT('',(20.2343590425248,41.4972956380861,-124.15));
#15149=CARTESIAN_POINT('Origin',(21.45,38.367612018175,-124.15));
#15150=CARTESIAN_POINT('',(21.45,38.367612018175,-125.8));
#15151=CARTESIAN_POINT('',(21.45,38.367612018175,-124.15));
#15152=CARTESIAN_POINT('',(21.5843712841856,38.021671381249,-125.8));
#15153=CARTESIAN_POINT('Origin',(23.5,38.3676120181742,-125.8));
#15154=CARTESIAN_POINT('',(15.75,38.3676120181742,-125.8));
#15155=CARTESIAN_POINT('',(23.5,38.3676120181742,-125.8));
#15156=CARTESIAN_POINT('',(15.75,38.3676120181742,-125.8));
#15157=CARTESIAN_POINT('Origin',(15.75,41.5926120181742,-132.6));
#15158=CARTESIAN_POINT('',(15.75,44.4676120181742,-139.4));
#15159=CARTESIAN_POINT('',(15.75,44.4676120181742,-129.9));
#15160=CARTESIAN_POINT('',(15.75,44.8176120181742,-139.4));
#15161=CARTESIAN_POINT('',(15.75,38.3676120181742,-127.2));
#15162=CARTESIAN_POINT('Origin',(23.5,44.4676120181742,-127.2));
#15163=CARTESIAN_POINT('',(23.5,44.4676120181742,-139.4));
#15164=CARTESIAN_POINT('Origin',(23.5,1.6,-135.9));
#15165=CARTESIAN_POINT('',(0.,1.6,-135.9));
#15166=CARTESIAN_POINT('',(0.,8.19999999999997,-135.9));
#15167=CARTESIAN_POINT('',(16.9,1.6,-135.9));
#15168=CARTESIAN_POINT('',(16.9,3.79999999999999,-135.9));
#15169=CARTESIAN_POINT('',(11.75,1.59999999999995,-135.9));
#15170=CARTESIAN_POINT('Origin',(23.5,38.3676120181742,-120.55));
#15171=CARTESIAN_POINT('',(22.087931034483,42.0030021260743,-120.55));
#15172=CARTESIAN_POINT('',(17.8372125023006,52.9465328464068,-120.55));
#15173=CARTESIAN_POINT('',(21.6762617481986,38.3676120181735,-120.55));
#15174=CARTESIAN_POINT('',(23.5,38.3676120181742,-120.55));
#15175=CARTESIAN_POINT('',(20.2641927826813,42.0030021260743,-120.55));
#15176=CARTESIAN_POINT('',(18.9746610143392,45.3229186095709,-120.55));
#15177=CARTESIAN_POINT('',(21.9850137129118,42.0030021260743,-120.55));
#15178=CARTESIAN_POINT('Origin',(23.5,44.4676120181742,-139.4));
#15179=CARTESIAN_POINT('Origin',(23.5,51.0676120181742,-129.8));
#15180=CARTESIAN_POINT('Origin',(23.5,10.4,-134.1));
#15181=CARTESIAN_POINT('',(16.9,18.0869958217302,-134.1));
#15182=CARTESIAN_POINT('',(16.9,10.4,-134.1));
#15183=CARTESIAN_POINT('',(16.9,10.875,-134.1));
#15184=CARTESIAN_POINT('',(11.,10.4,-134.1));
#15185=CARTESIAN_POINT('',(23.5,10.4,-134.1));
#15186=CARTESIAN_POINT('',(11.,13.5,-134.1));
#15187=CARTESIAN_POINT('',(11.,13.2,-134.1));
#15188=CARTESIAN_POINT('',(15.5,13.5,-134.1));
#15189=CARTESIAN_POINT('',(15.5,13.5,-134.1));
#15190=CARTESIAN_POINT('',(15.5,18.0869958217302,-134.1));
#15191=CARTESIAN_POINT('',(15.5,18.0869958217302,-134.1));
#15192=CARTESIAN_POINT('',(15.5,18.0869958217302,-134.1));
#15193=CARTESIAN_POINT('Origin',(23.5,65.8115812098132,-135.766812144946));
#15194=CARTESIAN_POINT('Origin',(2.78425836896578E-17,1.6,-133.5));
#15195=CARTESIAN_POINT('',(16.9,1.6,-111.7));
#15196=CARTESIAN_POINT('',(16.9,1.6,-113.3));
#15197=CARTESIAN_POINT('',(0.,1.6,-111.7));
#15198=CARTESIAN_POINT('',(-1.73578036817016E-14,1.6,-111.7));
#15199=CARTESIAN_POINT('',(0.,1.6,-66.75));
#15200=CARTESIAN_POINT('Origin',(23.5,10.4,-135.9));
#15201=CARTESIAN_POINT('',(0.,10.4,-135.9));
#15202=CARTESIAN_POINT('Origin',(23.5,66.8,-120.7));
#15203=CARTESIAN_POINT('Origin',(4.3,38.3676120181735,0.));
#15204=CARTESIAN_POINT('',(9.4,38.3676120181735,-93.3));
#15205=CARTESIAN_POINT('',(9.4,38.3676120181735,-55.975));
#15206=CARTESIAN_POINT('',(21.6762617481986,38.3676120181735,-93.3));
#15207=CARTESIAN_POINT('',(0.,38.3676120181735,-93.3));
#15208=CARTESIAN_POINT('',(21.6762617481986,38.3676120181735,-122.25));
#15209=CARTESIAN_POINT('',(9.4,38.3676120181735,-127.8));
#15210=CARTESIAN_POINT('',(14.875,38.3676120181735,-127.8));
#15211=CARTESIAN_POINT('',(9.4,38.3676120181735,-55.975));
#15212=CARTESIAN_POINT('Origin',(15.5,10.4,-132.3));
#15213=CARTESIAN_POINT('',(0.,10.4,-132.3));
#15214=CARTESIAN_POINT('',(0.,10.4,-133.2));
#15215=CARTESIAN_POINT('',(11.,10.4,-132.3));
#15216=CARTESIAN_POINT('',(15.5,10.4,-132.3));
#15217=CARTESIAN_POINT('',(11.,10.4,-133.65));
#15218=CARTESIAN_POINT('',(16.9,10.4,-135.));
#15219=CARTESIAN_POINT('Origin',(14.,25.9869958217302,-126.7));
#15220=CARTESIAN_POINT('',(11.3,26.6869958217302,-126.7));
#15221=CARTESIAN_POINT('',(12.65,26.6869958217302,-126.7));
#15222=CARTESIAN_POINT('',(11.3,25.2869958217302,-126.7));
#15223=CARTESIAN_POINT('',(15.35,25.2869958217302,-126.7));
#15224=CARTESIAN_POINT('',(11.3,25.6369958217302,-126.7));
#15225=CARTESIAN_POINT('Origin',(13.,65.4,-133.5));
#15226=CARTESIAN_POINT('',(22.087931034483,42.0030021260743,-101.2));
#15227=CARTESIAN_POINT('',(22.087931034483,42.0030021260743,-117.35));
#15228=CARTESIAN_POINT('',(16.3853448275863,56.6843852541352,-101.2));
#15229=CARTESIAN_POINT('',(13.,65.4,-92.));
#15230=CARTESIAN_POINT('',(13.,65.4,-133.5));
#15231=CARTESIAN_POINT('',(15.8354875659351,58.1,-91.9999999999999));
#15232=CARTESIAN_POINT('',(12.1478894173602,67.5937698926988,-92.));
#15233=CARTESIAN_POINT('',(15.8354875659351,58.1,-80.));
#15234=CARTESIAN_POINT('',(15.8354875659351,58.1,-106.75));
#15235=CARTESIAN_POINT('',(14.165268862713,62.4,-80.));
#15236=CARTESIAN_POINT('',(14.4645002018562,61.629624985139,-80.));
#15237=CARTESIAN_POINT('',(14.165268862713,62.4,-73.));
#15238=CARTESIAN_POINT('',(14.165268862713,62.4,-112.75));
#15239=CARTESIAN_POINT('',(13.,65.4,-73.));
#15240=CARTESIAN_POINT('',(12.654144007983,66.2904107963849,-73.));
#15241=CARTESIAN_POINT('',(13.,65.4,-46.1445416939515));
#15242=CARTESIAN_POINT('',(13.,65.4,-133.5));
#15243=CARTESIAN_POINT('',(13.6214767267803,63.8,-46.1445416939515));
#15244=CARTESIAN_POINT('',(13.9582456112335,62.9329840814528,-46.1445416939515));
#15245=CARTESIAN_POINT('',(13.6214767267803,63.8,-37.7445416939515));
#15246=CARTESIAN_POINT('',(13.6214767267803,63.8,-37.7445416939515));
#15247=CARTESIAN_POINT('',(13.,65.4,-37.7445416939515));
#15248=CARTESIAN_POINT('',(13.6882431629013,63.6281089328202,-37.7445416939516));
#15249=CARTESIAN_POINT('',(13.,65.4,-17.0193343607877));
#15250=CARTESIAN_POINT('',(13.,65.4,-133.5));
#15251=CARTESIAN_POINT('',(15.2762465984793,59.5397732197712,0.));
#15252=CARTESIAN_POINT('',(6.04358812135228,83.3093737966654,-69.0319325534258));
#15253=CARTESIAN_POINT('',(19.8099819347423,47.8676120181735,0.));
#15254=CARTESIAN_POINT('',(17.6262339829229,53.4896998170402,0.));
#15255=CARTESIAN_POINT('',(19.8099819347423,47.8676120181735,-10.));
#15256=CARTESIAN_POINT('',(19.8099819347423,47.8676120181735,-66.75));
#15257=CARTESIAN_POINT('',(16.6468604630279,56.0111098140808,-10.));
#15258=CARTESIAN_POINT('',(18.5100964489201,51.2141842833821,-18.9500000000001));
#15259=CARTESIAN_POINT('',(21.9316481730581,42.4053544065456,-18.9500000000001));
#15260=CARTESIAN_POINT('',(15.75504822446,58.307092141691,-18.9500000000001));
#15261=CARTESIAN_POINT('',(18.5100964489201,51.2141842833821,-31.8500000000001));
#15262=CARTESIAN_POINT('',(18.5100964489201,51.2141842833821,-82.6750000000001));
#15263=CARTESIAN_POINT('',(21.9316481730581,42.4053544065456,-31.8500000000001));
#15264=CARTESIAN_POINT('',(17.465824086529,53.9026772032728,-31.8500000000001));
#15265=CARTESIAN_POINT('',(21.9316481730581,42.4053544065456,-76.2250000000001));
#15266=CARTESIAN_POINT('',(18.5100964489201,51.2141842833822,-74.9));
#15267=CARTESIAN_POINT('',(21.9316481730581,42.4053544065456,-74.9));
#15268=CARTESIAN_POINT('',(15.75504822446,58.3070921416911,-74.9000000000001));
#15269=CARTESIAN_POINT('',(18.5100964489201,51.2141842833822,-85.2));
#15270=CARTESIAN_POINT('',(18.51009644892,51.2141842833822,-109.35));
#15271=CARTESIAN_POINT('',(21.9316481730581,42.4053544065456,-85.2));
#15272=CARTESIAN_POINT('',(17.465824086529,53.9026772032728,-85.2));
#15273=CARTESIAN_POINT('',(21.9316481730581,42.4053544065456,-104.2));
#15274=CARTESIAN_POINT('',(18.5100964489201,51.2141842833821,-36.8500000000001));
#15275=CARTESIAN_POINT('',(21.9316481730581,42.4053544065456,-36.8500000000001));
#15276=CARTESIAN_POINT('',(15.75504822446,58.307092141691,-36.8500000000001));
#15277=CARTESIAN_POINT('',(18.5100964489201,51.2141842833821,-51.1500000000001));
#15278=CARTESIAN_POINT('',(18.51009644892,51.2141842833822,-92.325));
#15279=CARTESIAN_POINT('',(21.9316481730581,42.4053544065456,-51.1500000000001));
#15280=CARTESIAN_POINT('',(17.465824086529,53.9026772032728,-51.1500000000001));
#15281=CARTESIAN_POINT('',(21.9316481730581,42.4053544065456,-85.1750000000001));
#15282=CARTESIAN_POINT('',(18.5100964489201,51.2141842833822,-57.9000000000001));
#15283=CARTESIAN_POINT('',(21.9316481730581,42.4053544065456,-57.9000000000001));
#15284=CARTESIAN_POINT('',(15.75504822446,58.3070921416911,-57.9000000000001));
#15285=CARTESIAN_POINT('',(18.5100964489201,51.2141842833822,-67.9000000000001));
#15286=CARTESIAN_POINT('',(18.51009644892,51.2141842833822,-100.7));
#15287=CARTESIAN_POINT('',(21.9316481730581,42.4053544065456,-67.9));
#15288=CARTESIAN_POINT('',(17.465824086529,53.9026772032729,-67.9000000000001));
#15289=CARTESIAN_POINT('',(21.931648173058,42.4053544065457,-95.7000000000001));
#15290=CARTESIAN_POINT('Origin',(13.05,37.6676120181738,-127.8));
#15291=CARTESIAN_POINT('',(9.4,36.9676120181735,-127.8));
#15292=CARTESIAN_POINT('',(11.225,36.9676120181735,-127.8));
#15293=CARTESIAN_POINT('',(9.4,38.0176120181737,-127.8));
#15294=CARTESIAN_POINT('Origin',(9.4,37.6676120181735,-111.95));
#15295=CARTESIAN_POINT('',(9.4,36.9676120181735,-92.));
#15296=CARTESIAN_POINT('',(9.4,36.9676120181735,-93.3));
#15297=CARTESIAN_POINT('',(9.4,38.3676120181735,-92.));
#15298=CARTESIAN_POINT('',(9.4,37.3176120181735,-92.));
#15299=CARTESIAN_POINT('',(9.4,38.3676120181735,-101.975));
#15300=CARTESIAN_POINT('Origin',(15.5,8.89999999999996,-134.4));
#15301=CARTESIAN_POINT('',(15.5,8.89999999999996,-134.4));
#15302=CARTESIAN_POINT('',(15.5,8.89999999999996,-132.3));
#15303=CARTESIAN_POINT('',(15.5,8.89999999999996,-134.4));
#15304=CARTESIAN_POINT('',(0.,8.89999999999996,-132.3));
#15305=CARTESIAN_POINT('',(15.5,8.89999999999996,-132.3));
#15306=CARTESIAN_POINT('',(0.,8.89999999999996,-134.4));
#15307=CARTESIAN_POINT('',(0.,8.89999999999996,-134.25));
#15308=CARTESIAN_POINT('',(15.5,8.89999999999996,-134.4));
#15309=CARTESIAN_POINT('Origin',(15.5,1.6,-134.4));
#15310=CARTESIAN_POINT('',(15.5,3.19999999999996,-134.4));
#15311=CARTESIAN_POINT('',(15.5,3.19999999999996,-134.4));
#15312=CARTESIAN_POINT('',(0.,3.19999999999996,-134.4));
#15313=CARTESIAN_POINT('',(0.,3.79999999999999,-134.4));
#15314=CARTESIAN_POINT('',(12.675,3.19999999999996,-134.4));
#15315=CARTESIAN_POINT('Origin',(15.5,10.4,-132.3));
#15316=CARTESIAN_POINT('',(15.5,12.3,-132.3));
#15317=CARTESIAN_POINT('',(15.5,8.89999999999996,-132.3));
#15318=CARTESIAN_POINT('',(11.,12.3,-132.3));
#15319=CARTESIAN_POINT('',(15.5,12.3,-132.3));
#15320=CARTESIAN_POINT('',(11.,10.875,-132.3));
#15321=CARTESIAN_POINT('',(0.,7.44999999999997,-132.3));
#15322=CARTESIAN_POINT('Origin',(15.5,12.3,-99.2));
#15323=CARTESIAN_POINT('',(15.5,12.3,-113.3));
#15324=CARTESIAN_POINT('',(15.5,12.3,-111.525));
#15325=CARTESIAN_POINT('',(11.,12.3,-113.3));
#15326=CARTESIAN_POINT('',(16.2,12.3,-113.3));
#15327=CARTESIAN_POINT('',(11.,12.3,-125.375));
#15328=CARTESIAN_POINT('Origin',(15.5,7.74999999999996,-123.85));
#15329=CARTESIAN_POINT('',(15.5,3.19999999999996,-113.3));
#15330=CARTESIAN_POINT('',(15.5,5.47499999999996,-113.3));
#15331=CARTESIAN_POINT('',(15.5,3.19999999999996,-127.875));
#15332=CARTESIAN_POINT('Origin',(0.,75.,0.));
#15333=CARTESIAN_POINT('',(0.,12.3,-111.7));
#15334=CARTESIAN_POINT('',(0.,42.1,-111.7));
#15335=CARTESIAN_POINT('',(0.,12.3,-113.3));
#15336=CARTESIAN_POINT('',(0.,12.3,-112.9));
#15337=CARTESIAN_POINT('',(0.,3.19999999999996,-113.3));
#15338=CARTESIAN_POINT('',(0.,39.1,-113.3));
#15339=CARTESIAN_POINT('',(0.,3.19999999999995,-65.95));
#15340=CARTESIAN_POINT('Origin',(8.45,12.3,-112.5));
#15341=CARTESIAN_POINT('',(11.,12.3,-111.7));
#15342=CARTESIAN_POINT('',(11.,12.3,-125.375));
#15343=CARTESIAN_POINT('',(12.675,12.3,-113.3));
#15344=CARTESIAN_POINT('',(4.225,12.3,-111.7));
#15345=CARTESIAN_POINT('Origin',(15.5,12.3,-99.2));
#15346=CARTESIAN_POINT('',(16.9,12.3,-111.7));
#15347=CARTESIAN_POINT('',(7.75,12.3,-111.7));
#15348=CARTESIAN_POINT('',(16.9,12.3,-99.2));
#15349=CARTESIAN_POINT('',(16.9,12.3,-99.2));
#15350=CARTESIAN_POINT('',(11.,12.3,-99.2));
#15351=CARTESIAN_POINT('',(13.25,12.3,-99.2));
#15352=CARTESIAN_POINT('',(11.,12.3,-125.375));
#15353=CARTESIAN_POINT('Origin',(15.5,18.7934979108651,-115.8));
#15354=CARTESIAN_POINT('',(15.5,13.5,-102.7));
#15355=CARTESIAN_POINT('',(15.5,13.5,-107.5));
#15356=CARTESIAN_POINT('',(15.5,17.9,-102.7));
#15357=CARTESIAN_POINT('',(15.5,17.9,-102.7));
#15358=CARTESIAN_POINT('',(15.5,17.9,-99.2));
#15359=CARTESIAN_POINT('',(15.5,17.9,-99.2));
#15360=CARTESIAN_POINT('',(15.5,17.9,-97.5));
#15361=CARTESIAN_POINT('',(15.5,17.9,-107.5));
#15362=CARTESIAN_POINT('',(15.5,25.2869958217302,-97.5));
#15363=CARTESIAN_POINT('',(15.5,17.9,-97.5));
#15364=CARTESIAN_POINT('',(15.5,25.2869958217302,-104.8));
#15365=CARTESIAN_POINT('',(15.5,25.2869958217302,-124.5));
#15366=CARTESIAN_POINT('',(15.5,18.0869958217302,-104.8));
#15367=CARTESIAN_POINT('',(15.5,18.0869958217302,-104.8));
#15368=CARTESIAN_POINT('',(15.5,18.0869958217302,-114.8));
#15369=CARTESIAN_POINT('',(15.5,18.0869958217302,-114.8));
#15370=CARTESIAN_POINT('',(15.5,25.2869958217302,-114.8));
#15371=CARTESIAN_POINT('',(15.5,25.2869958217302,-114.8));
#15372=CARTESIAN_POINT('',(15.5,25.2869958217302,-120.8));
#15373=CARTESIAN_POINT('',(15.5,25.2869958217302,-124.5));
#15374=CARTESIAN_POINT('',(15.5,18.0869958217302,-120.8));
#15375=CARTESIAN_POINT('',(15.5,25.2869958217302,-120.8));
#15376=CARTESIAN_POINT('',(15.5,18.0869958217302,-120.8));
#15377=CARTESIAN_POINT('Origin',(15.5,17.9,-97.5));
#15378=CARTESIAN_POINT('',(16.9,17.9,-99.2));
#15379=CARTESIAN_POINT('',(11.,17.9,-99.2));
#15380=CARTESIAN_POINT('',(16.9,17.9,-102.7));
#15381=CARTESIAN_POINT('',(15.5,17.9,-102.7));
#15382=CARTESIAN_POINT('',(16.9,17.9,-99.2));
#15383=CARTESIAN_POINT('Origin',(15.5,18.0869958217302,-104.8));
#15384=CARTESIAN_POINT('',(16.9,25.2869958217302,-104.8));
#15385=CARTESIAN_POINT('',(19.5,25.2869958217302,-104.8));
#15386=CARTESIAN_POINT('',(16.9,18.0869958217302,-104.8));
#15387=CARTESIAN_POINT('',(16.9,18.0869958217302,-104.8));
#15388=CARTESIAN_POINT('',(15.5,18.0869958217302,-104.8));
#15389=CARTESIAN_POINT('Origin',(15.5,18.0869958217302,-114.8));
#15390=CARTESIAN_POINT('',(16.9,18.0869958217302,-114.8));
#15391=CARTESIAN_POINT('',(16.9,18.0869958217302,-114.8));
#15392=CARTESIAN_POINT('',(15.5,18.0869958217302,-114.8));
#15393=CARTESIAN_POINT('Origin',(15.5,25.2869958217302,-114.8));
#15394=CARTESIAN_POINT('',(16.9,25.2869958217302,-114.8));
#15395=CARTESIAN_POINT('',(16.9,25.2869958217302,-114.8));
#15396=CARTESIAN_POINT('',(19.5,25.2869958217302,-114.8));
#15397=CARTESIAN_POINT('Origin',(15.5,18.0869958217302,-120.8));
#15398=CARTESIAN_POINT('',(16.9,25.2869958217302,-120.8));
#15399=CARTESIAN_POINT('',(19.5,25.2869958217302,-120.8));
#15400=CARTESIAN_POINT('',(16.9,18.0869958217302,-120.8));
#15401=CARTESIAN_POINT('',(16.9,25.2869958217302,-120.8));
#15402=CARTESIAN_POINT('',(15.5,18.0869958217302,-120.8));
#15403=CARTESIAN_POINT('Origin',(15.5,18.0869958217302,-134.1));
#15404=CARTESIAN_POINT('',(16.9,18.0869958217302,-120.8));
#15405=CARTESIAN_POINT('Origin',(15.5,13.5,-102.7));
#15406=CARTESIAN_POINT('',(16.9,13.5,-99.2));
#15407=CARTESIAN_POINT('',(11.,13.5,-99.2));
#15408=CARTESIAN_POINT('',(13.25,13.5,-99.2));
#15409=CARTESIAN_POINT('',(16.9,13.5,-102.7));
#15410=CARTESIAN_POINT('',(16.9,13.5,-102.7));
#15411=CARTESIAN_POINT('',(15.5,13.5,-102.7));
#15412=CARTESIAN_POINT('',(11.,13.5,-107.925));
#15413=CARTESIAN_POINT('Origin',(15.5,17.9,-102.7));
#15414=CARTESIAN_POINT('',(16.9,17.9,-102.7));
#15415=CARTESIAN_POINT('Origin',(11.,17.9,-99.2));
#15416=CARTESIAN_POINT('',(11.,17.9,-99.2));
#15417=CARTESIAN_POINT('',(11.,17.9,-99.2));
#15418=CARTESIAN_POINT('',(11.,17.9,-97.5));
#15419=CARTESIAN_POINT('',(11.,17.9,-97.5));
#15420=CARTESIAN_POINT('',(11.,17.9,-97.5));
#15421=CARTESIAN_POINT('Origin',(2.3,70.2,-94.));
#15422=CARTESIAN_POINT('',(0.,65.4,-94.));
#15423=CARTESIAN_POINT('',(4.60000000000001,65.4,-94.));
#15424=CARTESIAN_POINT('',(4.60000000000001,65.4,-94.));
#15425=CARTESIAN_POINT('',(4.60000000000001,75.,-94.));
#15426=CARTESIAN_POINT('',(4.60000000000001,72.6,-94.));
#15427=CARTESIAN_POINT('',(0.,75.,-94.));
#15428=CARTESIAN_POINT('',(12.9,75.,-94.));
#15429=CARTESIAN_POINT('',(0.,72.6,-94.));
#15430=CARTESIAN_POINT('Origin',(0.,65.4,-17.0193343607877));
#15431=CARTESIAN_POINT('',(0.,65.4,-17.0193343607877));
#15432=CARTESIAN_POINT('',(2.29999999999954,65.4,-17.0193343607877));
#15433=CARTESIAN_POINT('',(0.,59.5397732197712,0.));
#15434=CARTESIAN_POINT('',(0.,63.2892370659381,-10.8892336874901));
#15435=CARTESIAN_POINT('',(5.875,59.5397732197712,0.));
#15436=CARTESIAN_POINT('Origin',(5.10000000000002,0.800000000000002,-75.9));
#15437=CARTESIAN_POINT('',(9.,0.,-75.9));
#15438=CARTESIAN_POINT('',(9.,9.19999999999996,-75.9));
#15439=CARTESIAN_POINT('',(9.,7.75899946356514,-75.9));
#15440=CARTESIAN_POINT('',(1.8,0.,-75.9));
#15441=CARTESIAN_POINT('',(2.55000000000001,0.,-75.9));
#15442=CARTESIAN_POINT('',(1.8,5.,-75.9));
#15443=CARTESIAN_POINT('',(1.8,1.65,-75.9));
#15444=CARTESIAN_POINT('',(0.,5.,-75.9));
#15445=CARTESIAN_POINT('',(2.55000000000001,5.,-75.9));
#15446=CARTESIAN_POINT('',(0.,9.19999999999996,-75.9));
#15447=CARTESIAN_POINT('',(0.,37.5,-75.9));
#15448=CARTESIAN_POINT('',(0.,9.19999999999996,-75.9));
#15449=CARTESIAN_POINT('Origin',(0.,62.4,-73.));
#15450=CARTESIAN_POINT('',(0.,62.4,-73.));
#15451=CARTESIAN_POINT('',(0.,62.4,-73.));
#15452=CARTESIAN_POINT('',(0.,65.4,-73.));
#15453=CARTESIAN_POINT('',(0.,68.7,-73.));
#15454=CARTESIAN_POINT('',(2.30000000000001,65.4,-73.));
#15455=CARTESIAN_POINT('Origin',(18.5100964489201,51.2141842833821,-18.9500000000001));
#15456=CARTESIAN_POINT('',(16.6863581971184,51.2141842833821,-18.9500000000001));
#15457=CARTESIAN_POINT('',(20.1079099212564,42.4053544065456,-18.9500000000001));
#15458=CARTESIAN_POINT('',(17.6402109234062,48.7584779048551,-18.9500000000001));
#15459=CARTESIAN_POINT('',(18.5100964489201,51.2141842833821,-18.9500000000001));
#15460=CARTESIAN_POINT('',(21.9316481730581,42.4053544065456,-18.9500000000001));
#15461=CARTESIAN_POINT('Origin',(21.9316481730581,42.4053544065456,-18.9500000000001));
#15462=CARTESIAN_POINT('',(20.1079099212564,42.4053544065456,-31.8500000000001));
#15463=CARTESIAN_POINT('',(20.1079099212564,42.4053544065456,-35.925));
#15464=CARTESIAN_POINT('',(21.9316481730581,42.4053544065456,-31.8500000000001));
#15465=CARTESIAN_POINT('Origin',(18.5100964489201,51.2141842833822,-74.9));
#15466=CARTESIAN_POINT('',(16.6863581971184,51.2141842833822,-74.9));
#15467=CARTESIAN_POINT('',(20.1079099212564,42.4053544065456,-74.9));
#15468=CARTESIAN_POINT('',(17.6402109234062,48.7584779048551,-74.9));
#15469=CARTESIAN_POINT('',(18.5100964489201,51.2141842833822,-74.9));
#15470=CARTESIAN_POINT('',(21.9316481730581,42.4053544065456,-74.9));
#15471=CARTESIAN_POINT('Origin',(21.9316481730581,42.4053544065456,-74.9));
#15472=CARTESIAN_POINT('',(20.1079099212564,42.4053544065456,-85.2));
#15473=CARTESIAN_POINT('',(20.1079099212564,42.4053544065456,-63.9));
#15474=CARTESIAN_POINT('',(21.9316481730581,42.4053544065456,-85.2));
#15475=CARTESIAN_POINT('Origin',(18.5100964489201,51.2141842833821,-36.8500000000001));
#15476=CARTESIAN_POINT('',(16.6863581971184,51.2141842833821,-36.8500000000001));
#15477=CARTESIAN_POINT('',(20.1079099212564,42.4053544065456,-36.8500000000001));
#15478=CARTESIAN_POINT('',(17.6402109234062,48.7584779048551,-36.8500000000001));
#15479=CARTESIAN_POINT('',(18.5100964489201,51.2141842833821,-36.8500000000001));
#15480=CARTESIAN_POINT('',(21.9316481730581,42.4053544065456,-36.8500000000001));
#15481=CARTESIAN_POINT('Origin',(21.9316481730581,42.4053544065456,-36.8500000000001));
#15482=CARTESIAN_POINT('',(20.1079099212564,42.4053544065456,-51.1500000000001));
#15483=CARTESIAN_POINT('',(20.1079099212564,42.4053544065456,-44.875));
#15484=CARTESIAN_POINT('',(21.9316481730581,42.4053544065456,-51.1500000000001));
#15485=CARTESIAN_POINT('Origin',(18.5100964489201,51.2141842833822,-57.9000000000001));
#15486=CARTESIAN_POINT('',(16.6863581971184,51.2141842833822,-57.9000000000001));
#15487=CARTESIAN_POINT('',(20.1079099212564,42.4053544065456,-57.9000000000001));
#15488=CARTESIAN_POINT('',(17.6402109234062,48.7584779048551,-57.9000000000001));
#15489=CARTESIAN_POINT('',(18.5100964489201,51.2141842833822,-57.9000000000001));
#15490=CARTESIAN_POINT('',(21.9316481730581,42.4053544065456,-57.9000000000001));
#15491=CARTESIAN_POINT('Origin',(21.9316481730581,42.4053544065456,-57.9000000000001));
#15492=CARTESIAN_POINT('',(20.1079099212564,42.4053544065456,-67.9));
#15493=CARTESIAN_POINT('',(20.1079099212564,42.4053544065456,-55.4));
#15494=CARTESIAN_POINT('',(21.9316481730581,42.4053544065456,-67.9));
#15495=CARTESIAN_POINT('Origin',(23.5,31.3176120181735,-13.5));
#15496=CARTESIAN_POINT('',(21.9,33.8676120181735,-13.5));
#15497=CARTESIAN_POINT('',(21.9,28.7676120181735,-13.5));
#15498=CARTESIAN_POINT('Origin',(21.9,31.3176120181735,-13.5));
#15499=CARTESIAN_POINT('',(23.5,33.8676120181735,-13.5));
#15500=CARTESIAN_POINT('',(23.5,28.7676120181735,-13.5));
#15501=CARTESIAN_POINT('Origin',(17.9862436829406,47.8676120181735,0.));
#15502=CARTESIAN_POINT('',(3.40998193474227,47.8676120181735,-4.35));
#15503=CARTESIAN_POINT('',(0.,47.8676120181735,-4.35));
#15504=CARTESIAN_POINT('',(6.19811280884142,47.8676120181735,-4.35));
#15505=CARTESIAN_POINT('',(4.26613477055037E-16,47.8676120181735,-7.4));
#15506=CARTESIAN_POINT('',(0.,47.8676120181735,0.));
#15507=CARTESIAN_POINT('',(5.4,47.8676120181735,-7.4));
#15508=CARTESIAN_POINT('',(4.05,47.8676120181735,-7.4));
#15509=CARTESIAN_POINT('',(5.4,47.8676120181735,-10.));
#15510=CARTESIAN_POINT('',(5.4,47.8676120181735,-5.));
#15511=CARTESIAN_POINT('',(23.5,47.8676120181735,-10.));
#15512=CARTESIAN_POINT('',(0.,47.8676120181735,0.));
#15513=CARTESIAN_POINT('',(8.025,47.8676120181735,0.));
#15514=CARTESIAN_POINT('',(0.,47.8676120181735,-1.75));
#15515=CARTESIAN_POINT('',(0.,47.8676120181735,0.));
#15516=CARTESIAN_POINT('',(3.40998193474227,47.8676120181735,-1.75));
#15517=CARTESIAN_POINT('',(10.6981128088414,47.8676120181735,-1.75));
#15518=CARTESIAN_POINT('',(3.40998193474227,47.8676120181735,-2.175));
#15519=CARTESIAN_POINT('Origin',(23.5,30.2676120181735,-6.94999999999999));
#15520=CARTESIAN_POINT('',(21.9,30.2676120181735,-6.94999999999998));
#15521=CARTESIAN_POINT('',(21.9,36.1676120181735,-6.94999999999998));
#15522=CARTESIAN_POINT('',(21.9,30.2676120181735,-6.94999999999999));
#15523=CARTESIAN_POINT('',(23.5,30.2676120181735,-6.94999999999999));
#15524=CARTESIAN_POINT('',(23.5,36.1676120181735,-6.94999999999998));
#15525=CARTESIAN_POINT('Origin',(23.5,36.1676120181735,-6.94999999999998));
#15526=CARTESIAN_POINT('',(21.9,36.1676120181735,-5.94999999999999));
#15527=CARTESIAN_POINT('',(20.5,36.1676120181735,-5.94999999999999));
#15528=CARTESIAN_POINT('',(11.75,36.1676120181735,-5.94999999999999));
#15529=CARTESIAN_POINT('',(21.9,36.1676120181735,-37.9375));
#15530=CARTESIAN_POINT('',(20.5,36.1676120181735,0.));
#15531=CARTESIAN_POINT('',(17.625,36.1676120181735,0.));
#15532=CARTESIAN_POINT('',(20.5,36.1676120181735,-6.94999999999998));
#15533=CARTESIAN_POINT('Origin',(23.5,28.7676120181735,-6.94999999999998));
#15534=CARTESIAN_POINT('',(21.9,28.7676120181735,-5.94999999999999));
#15535=CARTESIAN_POINT('',(20.5,28.7676120181735,-5.95000000000002));
#15536=CARTESIAN_POINT('',(11.75,28.7676120181735,-5.94999999999999));
#15537=CARTESIAN_POINT('',(21.9,28.7676120181735,-6.94999999999998));
#15538=CARTESIAN_POINT('',(21.9,28.7676120181735,-37.9375));
#15539=CARTESIAN_POINT('',(23.5,28.7676120181735,-6.94999999999998));
#15540=CARTESIAN_POINT('',(20.5,28.7676120181735,-1.39294572137615));
#15541=CARTESIAN_POINT('',(23.5,28.7676120181735,-1.39294572137615));
#15542=CARTESIAN_POINT('',(20.5,28.7676120181735,-1.39294572137615));
#15543=CARTESIAN_POINT('Origin',(23.5,28.7676120181735,-1.39294572137615));
#15544=CARTESIAN_POINT('',(20.5,30.2676120181735,-1.39294572137615));
#15545=CARTESIAN_POINT('',(23.5,30.2676120181735,-1.39294572137615));
#15546=CARTESIAN_POINT('',(20.5,30.2676120181735,-1.39294572137615));
#15547=CARTESIAN_POINT('Origin',(23.5,24.5695554637031,-6.95));
#15548=CARTESIAN_POINT('',(21.9,26.6869958217302,-6.94999999999998));
#15549=CARTESIAN_POINT('',(21.9,25.6282756427166,-6.94999999999999));
#15550=CARTESIAN_POINT('',(20.5,26.6869958217302,-6.95000000000001));
#15551=CARTESIAN_POINT('',(22.,26.6869958217302,-6.94999999999999));
#15552=CARTESIAN_POINT('',(20.5,24.5695554637031,-6.94999999999999));
#15553=CARTESIAN_POINT('',(20.5,24.5695554637031,-6.95));
#15554=CARTESIAN_POINT('',(23.2137036681286,24.5695554637031,-6.94999999999999));
#15555=CARTESIAN_POINT('',(16.85,24.5695554637031,-6.94999999999999));
#15556=CARTESIAN_POINT('',(23.3731738247357,25.0140816051687,-6.95));
#15557=CARTESIAN_POINT('Origin',(20.5,30.3685837409383,-3.475));
#15558=CARTESIAN_POINT('',(20.5,26.6869958217302,-5.95000000000002));
#15559=CARTESIAN_POINT('',(20.5,29.5680978795559,-5.95000000000002));
#15560=CARTESIAN_POINT('',(20.5,30.2676120181735,-5.94999999999999));
#15561=CARTESIAN_POINT('',(20.5,30.2676120181735,-6.94999999999999));
#15562=CARTESIAN_POINT('',(20.5,33.2680978795559,-5.94999999999999));
#15563=CARTESIAN_POINT('',(20.5,29.4359978542606,0.));
#15564=CARTESIAN_POINT('',(20.5,33.9342918704692,0.));
#15565=CARTESIAN_POINT('',(20.5,28.773045571966,-0.946793980524135));
#15566=CARTESIAN_POINT('',(20.5,26.6869958217302,-4.71250000000001));
#15567=CARTESIAN_POINT('Origin',(20.5,28.7676120181735,-5.95000000000002));
#15568=CARTESIAN_POINT('',(19.4,36.9676120181735,-5.94999999999999));
#15569=CARTESIAN_POINT('',(19.4,26.6869958217302,-5.95000000000002));
#15570=CARTESIAN_POINT('',(19.4,30.6474579690627,-5.95000000000003));
#15571=CARTESIAN_POINT('',(21.9,36.9676120181735,-5.94999999999999));
#15572=CARTESIAN_POINT('',(0.,36.9676120181735,-5.94999999999999));
#15573=CARTESIAN_POINT('',(21.9,33.9974579690627,-5.94999999999999));
#15574=CARTESIAN_POINT('',(21.9,30.2676120181735,-5.94999999999999));
#15575=CARTESIAN_POINT('',(11.75,30.2676120181735,-5.94999999999999));
#15576=CARTESIAN_POINT('',(21.9,30.2974579690627,-5.94999999999999));
#15577=CARTESIAN_POINT('',(20.5,26.6869958217302,-5.95000000000002));
#15578=CARTESIAN_POINT('Origin',(4.60000000000001,75.,-133.5));
#15579=CARTESIAN_POINT('',(4.60000000000001,73.4,-103.8));
#15580=CARTESIAN_POINT('',(4.60000000000001,73.4,-115.8));
#15581=CARTESIAN_POINT('',(4.60000000000001,73.4,-112.8));
#15582=CARTESIAN_POINT('',(4.60000000000001,75.,-103.8));
#15583=CARTESIAN_POINT('',(4.60000000000001,73.8,-103.8));
#15584=CARTESIAN_POINT('',(4.60000000000001,75.,-103.775));
#15585=CARTESIAN_POINT('',(4.60000000000001,65.4,-133.5));
#15586=CARTESIAN_POINT('',(4.60000000000001,75.,-115.8));
#15587=CARTESIAN_POINT('',(4.60000000000001,75.,-66.75));
#15588=CARTESIAN_POINT('',(4.60000000000001,72.6,-115.8));
#15589=CARTESIAN_POINT('Origin',(23.5,75.,0.));
#15590=CARTESIAN_POINT('',(0.,75.,-115.8));
#15591=CARTESIAN_POINT('',(11.75,75.,-115.8));
#15592=CARTESIAN_POINT('',(-2.4,75.,-119.1));
#15593=CARTESIAN_POINT('',(-2.4,75.,-119.5));
#15594=CARTESIAN_POINT('',(0.,75.,-119.1));
#15595=CARTESIAN_POINT('',(2.60000000000001,75.,-119.1));
#15596=CARTESIAN_POINT('',(0.,75.,0.));
#15597=CARTESIAN_POINT('Origin',(0.,64.4,-99.6));
#15598=CARTESIAN_POINT('',(3.30000000000001,65.4,-99.6));
#15599=CARTESIAN_POINT('',(3.30000000000001,66.65,-99.6));
#15600=CARTESIAN_POINT('',(0.,65.4,-99.6));
#15601=CARTESIAN_POINT('',(0.,69.7,-99.6));
#15602=CARTESIAN_POINT('',(0.,65.4,-99.6));
#15603=CARTESIAN_POINT('Origin',(0.,65.4,-99.6));
#15604=CARTESIAN_POINT('',(3.30000000000001,65.4,-95.6));
#15605=CARTESIAN_POINT('',(3.30000000000001,65.4,-103.475));
#15606=CARTESIAN_POINT('',(0.,65.4,-95.6));
#15607=CARTESIAN_POINT('',(0.,65.4,-49.8));
#15608=CARTESIAN_POINT('',(0.,65.4,-95.6));
#15609=CARTESIAN_POINT('Origin',(0.,65.4,-95.6));
#15610=CARTESIAN_POINT('',(3.30000000000001,73.4,-95.6));
#15611=CARTESIAN_POINT('',(3.30000000000001,67.15,-95.6));
#15612=CARTESIAN_POINT('',(0.,73.4,-95.6));
#15613=CARTESIAN_POINT('',(0.,70.2,-95.6));
#15614=CARTESIAN_POINT('',(0.,73.4,-95.6));
#15615=CARTESIAN_POINT('Origin',(0.,73.4,-119.1));
#15616=CARTESIAN_POINT('',(-0.249999999999991,71.,-119.1));
#15617=CARTESIAN_POINT('',(3.30000000000001,71.,-119.1));
#15618=CARTESIAN_POINT('',(1.65,71.,-119.1));
#15619=CARTESIAN_POINT('',(3.30000000000001,73.4,-119.1));
#15620=CARTESIAN_POINT('',(3.30000000000001,71.15,-119.1));
#15621=CARTESIAN_POINT('',(0.,73.4,-119.1));
#15622=CARTESIAN_POINT('',(0.,73.4,-119.1));
#15623=CARTESIAN_POINT('',(0.,73.4,-119.1));
#15624=CARTESIAN_POINT('',(-2.4,67.05,-119.1));
#15625=CARTESIAN_POINT('',(3.30000000000001,69.8,-119.1));
#15626=CARTESIAN_POINT('',(3.30000000000001,71.15,-119.1));
#15627=CARTESIAN_POINT('',(-0.249999999999991,69.8,-119.1));
#15628=CARTESIAN_POINT('',(1.65,69.8,-119.1));
#15629=CARTESIAN_POINT('',(-0.249999999999991,71.9,-119.1));
#15630=CARTESIAN_POINT('Origin',(22.087931034483,42.0030021260743,-101.2));
#15631=CARTESIAN_POINT('',(20.2641927826813,42.0030021260743,-101.2));
#15632=CARTESIAN_POINT('',(20.2641927826813,42.0030021260743,-106.9));
#15633=CARTESIAN_POINT('',(22.087931034483,42.0030021260743,-101.2));
#15634=CARTESIAN_POINT('Origin',(19.7706896551726,47.9687705082705,-101.2));
#15635=CARTESIAN_POINT('',(17.4032528269845,49.368529637989,-101.2));
#15636=CARTESIAN_POINT('Origin',(0.,38.3676120181735,-93.3));
#15637=CARTESIAN_POINT('',(5.8,44.95,-93.3));
#15638=CARTESIAN_POINT('',(5.8,38.3676120181735,-93.3));
#15639=CARTESIAN_POINT('',(5.8,41.6588060090868,-93.3));
#15640=CARTESIAN_POINT('',(8.3,44.95,-93.3));
#15641=CARTESIAN_POINT('',(4.15,44.95,-93.3));
#15642=CARTESIAN_POINT('',(8.3,47.8,-93.3));
#15643=CARTESIAN_POINT('',(8.3,43.0838060090868,-93.3));
#15644=CARTESIAN_POINT('',(8.3,52.3,-93.3));
#15645=CARTESIAN_POINT('Origin',(8.3,50.05,-93.3));
#15646=CARTESIAN_POINT('',(8.3,54.5,-93.3));
#15647=CARTESIAN_POINT('',(8.3,46.4338060090868,-93.3));
#15648=CARTESIAN_POINT('',(3.5,54.5,-93.3));
#15649=CARTESIAN_POINT('',(1.75,54.5,-93.3));
#15650=CARTESIAN_POINT('',(3.5,58.,-93.3));
#15651=CARTESIAN_POINT('',(3.5,48.1838060090868,-93.3));
#15652=CARTESIAN_POINT('',(0.,58.,-93.3));
#15653=CARTESIAN_POINT('',(0.,58.,-93.3));
#15654=CARTESIAN_POINT('',(0.,56.6838060090868,-93.3));
#15655=CARTESIAN_POINT('',(17.8470947664976,48.2258527321295,-93.3));
#15656=CARTESIAN_POINT('',(0.,38.3676120181735,-93.3));
#15657=CARTESIAN_POINT('Origin',(23.5,60.8,-80.));
#15658=CARTESIAN_POINT('',(13.0702860583859,60.8,-80.));
#15659=CARTESIAN_POINT('',(14.1190280348276,58.1,-80.));
#15660=CARTESIAN_POINT('',(14.1868798383,57.9253146403112,-80.));
#15661=CARTESIAN_POINT('',(8.,60.8,-80.));
#15662=CARTESIAN_POINT('',(11.75,60.8,-80.));
#15663=CARTESIAN_POINT('',(8.,62.4,-80.));
#15664=CARTESIAN_POINT('',(8.,62.,-80.));
#15665=CARTESIAN_POINT('',(11.75,62.4,-80.));
#15666=CARTESIAN_POINT('',(23.5,58.1,-80.));
#15667=CARTESIAN_POINT('Origin',(23.5,60.8,-91.9999999999999));
#15668=CARTESIAN_POINT('',(8.,60.8,-91.9999999999999));
#15669=CARTESIAN_POINT('',(8.,60.8,-89.));
#15670=CARTESIAN_POINT('',(13.0702860583859,60.8,-71.4));
#15671=CARTESIAN_POINT('',(13.0702860583859,60.8,-59.15));
#15672=CARTESIAN_POINT('',(0.,60.8,-71.4));
#15673=CARTESIAN_POINT('',(0.,60.8,-71.4));
#15674=CARTESIAN_POINT('',(0.,60.8,-91.9999999999999));
#15675=CARTESIAN_POINT('',(0.,60.8,-35.7));
#15676=CARTESIAN_POINT('',(23.5,60.8,-91.9999999999999));
#15677=CARTESIAN_POINT('Origin',(0.,62.4,-92.));
#15678=CARTESIAN_POINT('',(8.,62.4,-92.));
#15679=CARTESIAN_POINT('',(8.,62.4,-89.));
#15680=CARTESIAN_POINT('',(0.,62.4,-92.));
#15681=CARTESIAN_POINT('',(0.,62.4,-92.));
#15682=CARTESIAN_POINT('',(0.,62.4,-46.));
#15683=CARTESIAN_POINT('Origin',(8.,61.6,-86.));
#15684=CARTESIAN_POINT('',(8.,61.1999999999999,-92.));
#15685=CARTESIAN_POINT('Origin',(0.,9.19999999999996,-74.3));
#15686=CARTESIAN_POINT('',(1.8,5.,-74.3));
#15687=CARTESIAN_POINT('',(0.,5.,-74.3));
#15688=CARTESIAN_POINT('',(0.,5.,-74.3));
#15689=CARTESIAN_POINT('',(1.8,1.6,-74.3));
#15690=CARTESIAN_POINT('',(1.8,5.84999999999997,-74.3));
#15691=CARTESIAN_POINT('',(7.4,1.6,-74.3));
#15692=CARTESIAN_POINT('',(0.,1.6,-74.3));
#15693=CARTESIAN_POINT('',(7.4,10.8,-74.3));
#15694=CARTESIAN_POINT('',(7.4,9.19999999999996,-74.3));
#15695=CARTESIAN_POINT('',(16.5741455504713,10.8,-74.3));
#15696=CARTESIAN_POINT('',(0.,10.8,-74.3));
#15697=CARTESIAN_POINT('',(17.0254223088073,12.0579426795854,-74.3));
#15698=CARTESIAN_POINT('',(0.,10.8,-74.3));
#15699=CARTESIAN_POINT('',(0.,10.8,-74.3));
#15700=CARTESIAN_POINT('',(0.,42.0999999999999,-74.3000000000001));
#15701=CARTESIAN_POINT('Origin',(0.,1.6,-74.3));
#15702=CARTESIAN_POINT('',(0.,1.6,-25.7598873465871));
#15703=CARTESIAN_POINT('',(1.8,1.6,-25.7598873465871));
#15704=CARTESIAN_POINT('',(0.,1.6,-25.7598873465871));
#15705=CARTESIAN_POINT('',(0.,1.6,-24.2598873465871));
#15706=CARTESIAN_POINT('',(0.,1.6,-37.15));
#15707=CARTESIAN_POINT('',(7.4,1.6,-24.2598873465871));
#15708=CARTESIAN_POINT('',(0.,1.6,-24.2598873465871));
#15709=CARTESIAN_POINT('',(7.4,1.6,-74.3));
#15710=CARTESIAN_POINT('',(1.8,1.6,-62.5649718366468));
#15711=CARTESIAN_POINT('Origin',(0.,0.,0.));
#15712=CARTESIAN_POINT('',(9.,3.46944695195361E-17,-23.7554092843808));
#15713=CARTESIAN_POINT('',(9.,0.,-18.975));
#15714=CARTESIAN_POINT('',(0.,6.93889390390723E-17,-23.7554092843808));
#15715=CARTESIAN_POINT('',(0.,0.,-23.7554092843808));
#15716=CARTESIAN_POINT('',(0.,2.77555756156289E-16,-25.7598873465871));
#15717=CARTESIAN_POINT('',(0.,0.,0.));
#15718=CARTESIAN_POINT('',(1.8,2.77555756156289E-16,-25.7598873465871));
#15719=CARTESIAN_POINT('',(0.,0.,-25.7598873465871));
#15720=CARTESIAN_POINT('',(1.8,0.,-25.4149718366468));
#15721=CARTESIAN_POINT('Origin',(1.8,2.5,-50.8299436732936));
#15722=CARTESIAN_POINT('',(1.8,5.,-74.3));
#15723=CARTESIAN_POINT('',(1.8,1.6,-25.7598873465871));
#15724=CARTESIAN_POINT('Origin',(0.,5.,-74.3));
#15725=CARTESIAN_POINT('',(0.,5.00000000000001,-37.15));
#15726=CARTESIAN_POINT('Origin',(0.,2.77555756156289E-16,-25.7598873465871));
#15727=CARTESIAN_POINT('',(0.,37.5,-25.7598873465871));
#15728=CARTESIAN_POINT('Origin',(23.5,63.8,-46.1445416939515));
#15729=CARTESIAN_POINT('',(11.9050171956729,63.8,-50.0945416939515));
#15730=CARTESIAN_POINT('',(0.,63.8,-50.0945416939515));
#15731=CARTESIAN_POINT('',(11.75,63.8,-50.0945416939515));
#15732=CARTESIAN_POINT('',(0.,63.8,-71.4));
#15733=CARTESIAN_POINT('',(0.,63.8,-23.0722708469758));
#15734=CARTESIAN_POINT('',(11.9050171956729,63.8,-71.4));
#15735=CARTESIAN_POINT('',(0.,63.8,-71.4));
#15736=CARTESIAN_POINT('',(11.9050171956729,63.8,-46.5222708469758));
#15737=CARTESIAN_POINT('Origin',(0.,16.6337166541803,0.));
#15738=CARTESIAN_POINT('',(9.,16.6337166541803,0.));
#15739=CARTESIAN_POINT('',(9.,7.40325699560582,-13.1824625627067));
#15740=CARTESIAN_POINT('',(0.,16.6337166541803,0.));
#15741=CARTESIAN_POINT('',(5.875,16.6337166541803,0.));
#15742=CARTESIAN_POINT('',(0.,11.4715287270209,-7.37236839860093));
#15743=CARTESIAN_POINT('',(0.,26.2346763418043,13.7115914406916));
#15744=CARTESIAN_POINT('',(2.,11.4715287270209,-7.37236839860093));
#15745=CARTESIAN_POINT('',(3.7,11.4715287270209,-7.37236839860093));
#15746=CARTESIAN_POINT('',(2.,4.964351672229,-16.66558033892));
#15747=CARTESIAN_POINT('',(0.,26.2346763418043,13.7115914406916));
#15748=CARTESIAN_POINT('Origin',(0.,75.,0.));
#15749=CARTESIAN_POINT('',(0.,3.55404275210444,-21.4692250850803));
#15750=CARTESIAN_POINT('',(0.,19.3731396501453,1.12278661831714));
#15751=CARTESIAN_POINT('',(0.,19.3731396501453,1.12278661831714));
#15752=CARTESIAN_POINT('Origin',(7.4,11.4715287270209,-7.37236839860093));
#15753=CARTESIAN_POINT('',(2.,13.4247680690393,-7.37236839860093));
#15754=CARTESIAN_POINT('',(2.,9.73722987166521,-7.37236839860093));
#15755=CARTESIAN_POINT('',(0.,13.4247680690393,-7.37236839860093));
#15756=CARTESIAN_POINT('',(0.,43.2357643635105,-7.37236839860093));
#15757=CARTESIAN_POINT('',(3.7,13.4247680690393,-7.37236839860093));
#15758=CARTESIAN_POINT('Origin',(9.,14.7179989271303,-37.95));
#15759=CARTESIAN_POINT('',(9.,4.53433330559804,-20.0692250850803));
#15760=CARTESIAN_POINT('',(9.,15.3833751636599,-20.0692250850803));
#15761=CARTESIAN_POINT('',(9.,9.62616611636416,-20.0692250850803));
#15762=CARTESIAN_POINT('',(9.,29.4359978542606,0.));
#15763=CARTESIAN_POINT('',(9.,7.98162848127242,-30.6400148559421));
#15764=CARTESIAN_POINT('',(9.,26.1089994635651,0.));
#15765=CARTESIAN_POINT('',(9.,9.19999999999996,-28.9));
#15766=CARTESIAN_POINT('',(9.,9.19999999999996,-56.925));
#15767=CARTESIAN_POINT('',(9.,14.4030846101664,-21.4692250850803));
#15768=CARTESIAN_POINT('',(9.,7.98162848127242,-30.6400148559421));
#15769=CARTESIAN_POINT('',(9.,3.55404275210444,-21.4692250850803));
#15770=CARTESIAN_POINT('',(9.,15.7089994635651,-21.4692250850803));
#15771=CARTESIAN_POINT('',(9.,1.51874167999905,-24.3759362543277));
#15772=CARTESIAN_POINT('Origin',(23.5,33.8676120181735,-85.));
#15773=CARTESIAN_POINT('',(21.9,33.8676120181735,-85.));
#15774=CARTESIAN_POINT('',(21.9,33.8676120181735,-45.975));
#15775=CARTESIAN_POINT('',(23.5,33.8676120181735,-85.));
#15776=CARTESIAN_POINT('Origin',(23.5,31.3176120181735,-85.));
#15777=CARTESIAN_POINT('',(21.9,28.7676120181735,-85.));
#15778=CARTESIAN_POINT('Origin',(21.9,31.3176120181735,-85.));
#15779=CARTESIAN_POINT('',(23.5,28.7676120181735,-85.));
#15780=CARTESIAN_POINT('Origin',(23.5,28.7676120181735,-13.5));
#15781=CARTESIAN_POINT('',(21.9,28.7676120181735,-10.225));
#15782=CARTESIAN_POINT('Origin',(23.5,30.2676120181735,-1.39294572137615));
#15783=CARTESIAN_POINT('',(21.9,30.2676120181735,-35.1589728606881));
#15784=CARTESIAN_POINT('Origin',(0.,58.3985043111361,-1.6));
#15785=CARTESIAN_POINT('',(12.879626218695,61.2908562627692,-10.));
#15786=CARTESIAN_POINT('',(14.0030821084435,58.3985043111361,-1.6));
#15787=CARTESIAN_POINT('',(13.8590652671873,58.7692775614936,-2.67680370683969));
#15788=CARTESIAN_POINT('',(0.,58.3985043111361,-1.6));
#15789=CARTESIAN_POINT('',(0.,58.3985043111361,-1.6));
#15790=CARTESIAN_POINT('',(0.,63.8,-17.287082535318));
#15791=CARTESIAN_POINT('',(0.,59.0320743610267,-3.44002103066191));
#15792=CARTESIAN_POINT('',(11.9050171956729,63.8,-17.287082535318));
#15793=CARTESIAN_POINT('',(0.,63.8,-17.287082535318));
#15794=CARTESIAN_POINT('',(12.3713961733326,62.5993011932699,-13.8));
#15795=CARTESIAN_POINT('',(10.4202617667564,67.6225223631039,-28.3884935624036));
#15796=CARTESIAN_POINT('',(3.,62.5993011932699,-13.8));
#15797=CARTESIAN_POINT('',(0.,62.5993011932699,-13.8));
#15798=CARTESIAN_POINT('',(3.,61.2908562627692,-10.));
#15799=CARTESIAN_POINT('',(3.,63.8,-17.287082535318));
#15800=CARTESIAN_POINT('',(0.,61.2908562627692,-10.));
#15801=CARTESIAN_POINT('Origin',(18.5100964489201,51.2141842833822,-85.2));
#15802=CARTESIAN_POINT('',(16.6863581971184,51.2141842833822,-85.2));
#15803=CARTESIAN_POINT('',(16.6863581971184,51.2141842833822,-69.05));
#15804=CARTESIAN_POINT('',(18.5100964489201,51.2141842833822,-85.2));
#15805=CARTESIAN_POINT('Origin',(21.9316481730581,42.4053544065456,-85.2));
#15806=CARTESIAN_POINT('',(19.3509867854752,44.3540629664368,-85.2));
#15807=CARTESIAN_POINT('Origin',(18.5100964489201,51.2141842833821,-51.1500000000001));
#15808=CARTESIAN_POINT('',(16.6863581971184,51.2141842833821,-51.1500000000001));
#15809=CARTESIAN_POINT('',(16.6863581971184,51.2141842833821,-52.025));
#15810=CARTESIAN_POINT('',(18.5100964489201,51.2141842833821,-51.1500000000001));
#15811=CARTESIAN_POINT('Origin',(21.9316481730581,42.4053544065456,-51.1500000000001));
#15812=CARTESIAN_POINT('',(19.3509867854752,44.3540629664368,-51.1500000000001));
#15813=CARTESIAN_POINT('Origin',(18.5100964489201,51.2141842833822,-67.9000000000001));
#15814=CARTESIAN_POINT('',(16.6863581971184,51.2141842833822,-67.9000000000001));
#15815=CARTESIAN_POINT('',(16.6863581971184,51.2141842833822,-60.4));
#15816=CARTESIAN_POINT('',(18.5100964489201,51.2141842833822,-67.9000000000001));
#15817=CARTESIAN_POINT('Origin',(21.9316481730581,42.4053544065456,-67.9));
#15818=CARTESIAN_POINT('',(19.3509867854752,44.3540629664368,-67.9));
#15819=CARTESIAN_POINT('Origin',(18.5100964489201,51.2141842833821,-31.8500000000001));
#15820=CARTESIAN_POINT('',(16.6863581971184,51.2141842833821,-31.8500000000001));
#15821=CARTESIAN_POINT('',(16.6863581971184,51.2141842833821,-42.375));
#15822=CARTESIAN_POINT('',(18.5100964489201,51.2141842833821,-31.8500000000001));
#15823=CARTESIAN_POINT('Origin',(21.9316481730581,42.4053544065456,-31.8500000000001));
#15824=CARTESIAN_POINT('',(19.3509867854752,44.3540629664368,-31.8500000000001));
#15825=CARTESIAN_POINT('Origin',(18.3549826244132,46.9182887677074,-52.9));
#15826=CARTESIAN_POINT('',(14.5555414500662,56.7,-76.6097870357091));
#15827=CARTESIAN_POINT('',(15.9538640853218,53.1,-66.7188683256726));
#15828=CARTESIAN_POINT('',(16.8219393158027,50.8651289116407,-60.5786104750135));
#15829=CARTESIAN_POINT('',(14.5555414500662,56.7,-92.));
#15830=CARTESIAN_POINT('',(14.5555414500662,56.7,-64.7548935178545));
#15831=CARTESIAN_POINT('',(21.6762617481986,38.3676120181735,-92.));
#15832=CARTESIAN_POINT('',(15.5011904291125,54.2654142765525,-92.));
#15833=CARTESIAN_POINT('',(21.6762617481986,38.3676120181735,-13.8));
#15834=CARTESIAN_POINT('',(21.6762617481986,38.3676120181735,-72.45));
#15835=CARTESIAN_POINT('',(15.9538640853218,53.1,-13.8));
#15836=CARTESIAN_POINT('',(18.5948089534052,46.3008527321295,-13.8));
#15837=CARTESIAN_POINT('',(15.9538640853218,53.1,-33.35));
#15838=CARTESIAN_POINT('Origin',(23.5,61.,-46.1445416939515));
#15839=CARTESIAN_POINT('',(0.,63.8,-46.1445416939515));
#15840=CARTESIAN_POINT('',(11.75,63.8,-46.1445416939515));
#15841=CARTESIAN_POINT('',(0.,65.4,-46.1445416939515));
#15842=CARTESIAN_POINT('',(14.05,65.4,-46.1445416939515));
#15843=CARTESIAN_POINT('',(0.,70.2,-46.1445416939515));
#15844=CARTESIAN_POINT('Origin',(0.,63.8,-71.4));
#15845=CARTESIAN_POINT('',(12.1402715021361,63.1943346965038,-71.4));
#15846=CARTESIAN_POINT('',(0.,69.4,-71.4));
#15847=CARTESIAN_POINT('Origin',(0.,53.1,-13.8));
#15848=CARTESIAN_POINT('',(6.65386408532183,53.1,-66.7188683256726));
#15849=CARTESIAN_POINT('',(6.65386408532183,53.1,-13.8));
#15850=CARTESIAN_POINT('',(6.65386408532183,53.1,-33.35));
#15851=CARTESIAN_POINT('',(0.,53.1,-66.7188683256726));
#15852=CARTESIAN_POINT('',(0.,53.1,-13.8));
#15853=CARTESIAN_POINT('Origin',(0.,53.1,-66.7188683256726));
#15854=CARTESIAN_POINT('',(6.65386408532183,56.7,-76.6097870357091));
#15855=CARTESIAN_POINT('',(6.65386408532183,51.0255728881426,-61.0194266775399));
#15856=CARTESIAN_POINT('',(0.,56.7,-76.6097870357091));
#15857=CARTESIAN_POINT('Origin',(0.,56.7,-76.6097870357091));
#15858=CARTESIAN_POINT('',(6.65386408532183,56.7,-92.));
#15859=CARTESIAN_POINT('',(6.65386408532183,56.7,-64.7548935178545));
#15860=CARTESIAN_POINT('',(0.,56.7,-92.));
#15861=CARTESIAN_POINT('Origin',(0.,26.6869958217302,-5.95000000000002));
#15862=CARTESIAN_POINT('',(7.45,29.7328986129425,-1.6));
#15863=CARTESIAN_POINT('',(7.45,26.6869958217302,-5.95000000000002));
#15864=CARTESIAN_POINT('',(7.45,27.4484715195333,-4.86250000000001));
#15865=CARTESIAN_POINT('',(19.4,29.7328986129425,-1.6));
#15866=CARTESIAN_POINT('',(0.,29.7328986129425,-1.6));
#15867=CARTESIAN_POINT('',(19.4,29.7328986129425,-1.6));
#15868=CARTESIAN_POINT('',(20.5,26.6869958217302,-5.95000000000002));
#15869=CARTESIAN_POINT('Origin',(7.45,28.2099472173363,-3.77500000000001));
#15870=CARTESIAN_POINT('',(7.45,26.6869958217302,-1.6));
#15871=CARTESIAN_POINT('',(7.45,58.3985043111361,-1.6));
#15872=CARTESIAN_POINT('',(7.45,26.6869958217302,-5.95000000000002));
#15873=CARTESIAN_POINT('Origin',(0.,56.7,-92.));
#15874=CARTESIAN_POINT('',(5.8,38.3676120181735,-92.));
#15875=CARTESIAN_POINT('',(5.8,44.95,-92.));
#15876=CARTESIAN_POINT('',(5.79999999999999,50.825,-92.));
#15877=CARTESIAN_POINT('',(0.,38.3676120181735,-92.));
#15878=CARTESIAN_POINT('',(18.8,36.9676120181735,-92.));
#15879=CARTESIAN_POINT('',(0.,36.9676120181735,-92.));
#15880=CARTESIAN_POINT('',(18.8,38.3676120181735,-92.));
#15881=CARTESIAN_POINT('',(18.8,38.0176120181735,-92.));
#15882=CARTESIAN_POINT('',(0.,38.3676120181735,-92.));
#15883=CARTESIAN_POINT('',(6.65386408532183,58.1,-91.9999999999999));
#15884=CARTESIAN_POINT('',(6.65386408532183,56.85,-92.));
#15885=CARTESIAN_POINT('',(23.5,58.1,-91.9999999999999));
#15886=CARTESIAN_POINT('',(0.,65.4,-92.));
#15887=CARTESIAN_POINT('',(2.3,65.4,-92.));
#15888=CARTESIAN_POINT('',(0.,70.2,-92.));
#15889=CARTESIAN_POINT('',(0.,58.,-92.));
#15890=CARTESIAN_POINT('',(0.,65.85,-92.));
#15891=CARTESIAN_POINT('',(3.5,58.,-92.));
#15892=CARTESIAN_POINT('',(0.,58.,-92.));
#15893=CARTESIAN_POINT('',(3.5,54.5,-92.));
#15894=CARTESIAN_POINT('',(3.5,57.35,-92.));
#15895=CARTESIAN_POINT('',(8.3,54.5,-92.));
#15896=CARTESIAN_POINT('',(1.75,54.5,-92.));
#15897=CARTESIAN_POINT('',(8.3,52.3,-92.));
#15898=CARTESIAN_POINT('',(8.3,55.6,-92.));
#15899=CARTESIAN_POINT('',(8.3,47.8,-92.));
#15900=CARTESIAN_POINT('Origin',(8.3,50.05,-92.));
#15901=CARTESIAN_POINT('',(8.3,46.45,-92.));
#15902=CARTESIAN_POINT('',(8.3,52.25,-92.));
#15903=CARTESIAN_POINT('',(8.3,44.95,-92.));
#15904=CARTESIAN_POINT('',(8.3,52.25,-92.));
#15905=CARTESIAN_POINT('',(4.15,44.95,-92.));
#15906=CARTESIAN_POINT('Origin',(0.,58.,-93.3));
#15907=CARTESIAN_POINT('',(0.,58.,-46.65));
#15908=CARTESIAN_POINT('',(3.5,58.,-93.3));
#15909=CARTESIAN_POINT('Origin',(3.5,58.,-93.3));
#15910=CARTESIAN_POINT('',(3.5,54.5,-93.3));
#15911=CARTESIAN_POINT('Origin',(3.5,54.5,-93.3));
#15912=CARTESIAN_POINT('',(8.3,54.5,-93.3));
#15913=CARTESIAN_POINT('Origin',(8.3,54.5,-93.3));
#15914=CARTESIAN_POINT('',(8.3,52.3,-93.3));
#15915=CARTESIAN_POINT('Origin',(8.3,50.05,-93.3));
#15916=CARTESIAN_POINT('',(8.3,47.8,-93.3));
#15917=CARTESIAN_POINT('Origin',(5.8,44.95,-93.3));
#15918=CARTESIAN_POINT('',(5.8,44.95,-93.3));
#15919=CARTESIAN_POINT('',(5.8,38.3676120181735,-93.3));
#15920=CARTESIAN_POINT('Origin',(8.3,47.8,-93.3));
#15921=CARTESIAN_POINT('',(8.3,46.45,-92.8));
#15922=CARTESIAN_POINT('',(8.3,46.45,-93.05));
#15923=CARTESIAN_POINT('',(8.3,46.2325,-92.8725));
#15924=CARTESIAN_POINT('Origin',(8.3,46.45,-91.5));
#15925=CARTESIAN_POINT('',(8.3,46.45,-91.5));
#15926=CARTESIAN_POINT('',(8.3,46.45,-91.5));
#15927=CARTESIAN_POINT('',(7.3,46.45,-91.5));
#15928=CARTESIAN_POINT('',(8.3,46.45,-91.5));
#15929=CARTESIAN_POINT('',(5.8,44.95,-92.));
#15930=CARTESIAN_POINT('Origin',(8.3,44.95,-93.3));
#15931=CARTESIAN_POINT('',(7.3,46.45,-92.8));
#15932=CARTESIAN_POINT('',(5.8,44.95,-93.3));
#15933=CARTESIAN_POINT('',(8.3,46.45,-92.8));
#15934=CARTESIAN_POINT('Origin',(8.3,46.45,-92.8));
#15935=CARTESIAN_POINT('',(7.3,46.45,-92.8));
#15936=CARTESIAN_POINT('',(8.3,46.45,-92.8));
#15937=CARTESIAN_POINT('Origin',(8.3,45.7,-92.4));
#15938=CARTESIAN_POINT('Origin',(5.8,44.95,-93.3));
#15939=CARTESIAN_POINT('Origin',(0.,38.3676120181735,-92.));
#15940=CARTESIAN_POINT('Origin',(23.5,58.1,-80.));
#15941=CARTESIAN_POINT('',(6.65386408532183,58.1,-50.1999999999999));
#15942=CARTESIAN_POINT('',(6.65386408532183,58.1,-66.45));
#15943=CARTESIAN_POINT('',(14.1190280348276,58.1,-50.1999999999999));
#15944=CARTESIAN_POINT('',(0.,58.1,-50.1999999999999));
#15945=CARTESIAN_POINT('',(14.1190280348276,58.1,-63.45));
#15946=CARTESIAN_POINT('Origin',(0.,58.1,-50.1999999999999));
#15947=CARTESIAN_POINT('',(6.65386408532183,54.5,-40.3090812899633));
#15948=CARTESIAN_POINT('',(6.65386408532183,58.3876594134878,-50.9903377430512));
#15949=CARTESIAN_POINT('',(15.5173506700833,54.5,-40.3090812899633));
#15950=CARTESIAN_POINT('',(0.,54.5,-40.3090812899633));
#15951=CARTESIAN_POINT('',(14.1869125437662,57.9252304396587,-49.7198245793543));
#15952=CARTESIAN_POINT('Origin',(6.65386408532183,55.6,-52.9));
#15953=CARTESIAN_POINT('',(6.65386408532183,54.5,-13.8));
#15954=CARTESIAN_POINT('',(6.65386408532183,54.35,-13.8));
#15955=CARTESIAN_POINT('',(6.65386408532183,54.5,-20.8));
#15956=CARTESIAN_POINT('',(6.65386408532183,54.5,-46.6045406449817));
#15957=CARTESIAN_POINT('',(6.65386408532183,63.8,-20.8));
#15958=CARTESIAN_POINT('',(6.65386408532183,63.8,-20.8));
#15959=CARTESIAN_POINT('',(6.65386408532183,63.8,-22.2));
#15960=CARTESIAN_POINT('',(6.65386408532183,63.8,-33.8222708469758));
#15961=CARTESIAN_POINT('',(6.65386408532183,54.5,-22.2));
#15962=CARTESIAN_POINT('',(6.65386408532183,54.5,-22.2));
#15963=CARTESIAN_POINT('',(6.65386408532183,54.5,-46.6045406449817));
#15964=CARTESIAN_POINT('Origin',(0.,38.3676120181735,-13.8));
#15965=CARTESIAN_POINT('',(3.,38.3676120181735,-13.8));
#15966=CARTESIAN_POINT('',(3.,44.4255343119476,-13.8));
#15967=CARTESIAN_POINT('',(15.5173506700833,54.5,-13.8));
#15968=CARTESIAN_POINT('',(13.7096607330668,59.1539214979307,-13.8));
#15969=CARTESIAN_POINT('',(0.,54.5,-13.8));
#15970=CARTESIAN_POINT('',(0.,38.3676120181735,-13.8));
#15971=CARTESIAN_POINT('Origin',(3.,50.4834566057217,-11.9));
#15972=CARTESIAN_POINT('',(3.,38.3676120181735,-10.));
#15973=CARTESIAN_POINT('',(3.,46.8005343119476,-10.));
#15974=CARTESIAN_POINT('',(3.,38.3676120181735,-10.95));
#15975=CARTESIAN_POINT('Origin',(16.8595542505981,50.7682887677074,-112.6));
#15976=CARTESIAN_POINT('Origin',(17.7,9.19999999999997,-133.5));
#15977=CARTESIAN_POINT('',(0.,9.19999999999996,-82.5));
#15978=CARTESIAN_POINT('',(17.7,9.19999999999996,-82.5));
#15979=CARTESIAN_POINT('',(8.85,9.19999999999996,-82.5));
#15980=CARTESIAN_POINT('',(17.7,9.19999999999996,-28.9));
#15981=CARTESIAN_POINT('',(17.7,9.19999999999997,-133.5));
#15982=CARTESIAN_POINT('',(13.95,9.19999999999996,-28.9));
#15983=CARTESIAN_POINT('',(0.,9.19999999999996,-37.95));
#15984=CARTESIAN_POINT('Origin',(0.,75.,0.));
#15985=CARTESIAN_POINT('',(0.,10.8,-80.25));
#15986=CARTESIAN_POINT('',(0.,10.8,-82.5));
#15987=CARTESIAN_POINT('',(0.,10.8,-48.175));
#15988=CARTESIAN_POINT('',(0.,42.9,-82.5));
#15989=CARTESIAN_POINT('',(0.,10.8,-75.7));
#15990=CARTESIAN_POINT('',(0.,10.8,-65.95));
#15991=CARTESIAN_POINT('',(0.,10.8,-65.95));
#15992=CARTESIAN_POINT('Origin',(11.75,37.5,0.));
#15993=CARTESIAN_POINT('',(0.,0.,0.));
#15994=CARTESIAN_POINT('Origin',(11.75,37.5,0.));
#15995=CARTESIAN_POINT('',(0.,38.3676120181735,0.));
#15996=CARTESIAN_POINT('',(8.025,38.3676120181735,0.));
#15997=CARTESIAN_POINT('',(0.,0.,0.));
#15998=CARTESIAN_POINT('',(10.975,29.4359978542606,0.));
#15999=CARTESIAN_POINT('Origin',(0.,75.,0.));
#16000=CARTESIAN_POINT('',(0.,38.3676120181735,-1.75));
#16001=CARTESIAN_POINT('',(0.,38.3676120181735,-0.8));
#16002=CARTESIAN_POINT('',(0.,38.3676120181735,-4.35));
#16003=CARTESIAN_POINT('',(0.,38.3676120181735,-0.8));
#16004=CARTESIAN_POINT('',(0.,38.3676120181735,-5.3));
#16005=CARTESIAN_POINT('',(0.,38.3676120181735,-0.8));
#16006=CARTESIAN_POINT('',(0.,36.9676120181735,-5.3));
#16007=CARTESIAN_POINT('',(0.,38.0176120181735,-5.3));
#16008=CARTESIAN_POINT('',(0.,36.9676120181735,-1.6));
#16009=CARTESIAN_POINT('',(0.,36.9676120181735,-6.825));
#16010=CARTESIAN_POINT('',(0.,26.6869958217302,-1.6));
#16011=CARTESIAN_POINT('',(0.,50.1434979108651,-1.6));
#16012=CARTESIAN_POINT('',(0.,26.6869958217302,-4.46514277487294));
#16013=CARTESIAN_POINT('',(0.,26.6869958217302,-2.31628569371823));
#16014=CARTESIAN_POINT('',(0.,25.2869958217302,-4.46514277487273));
#16015=CARTESIAN_POINT('',(0.,26.3369958217301,-4.46514277487289));
#16016=CARTESIAN_POINT('',(0.,25.2869958217302,-1.6));
#16017=CARTESIAN_POINT('',(0.,25.2869958217302,-3.7488570811546));
#16018=CARTESIAN_POINT('',(0.,17.4666239350631,-1.6));
#16019=CARTESIAN_POINT('',(0.,50.1434979108651,-1.6));
#16020=CARTESIAN_POINT('',(0.,19.3731396501453,1.12278661831714));
#16021=CARTESIAN_POINT('Origin',(0.,49.2676120181735,-1.6));
#16022=CARTESIAN_POINT('',(0.,49.2676120181735,-1.6));
#16023=CARTESIAN_POINT('',(4.26613477055037E-16,49.2676120181735,-7.4));
#16024=CARTESIAN_POINT('',(0.,49.2676120181735,-1.6));
#16025=CARTESIAN_POINT('',(17.5497302677021,49.2676120181735,-1.6));
#16026=CARTESIAN_POINT('',(0.,49.2676120181735,-1.6));
#16027=CARTESIAN_POINT('',(17.5497302677021,49.2676120181735,-10.));
#16028=CARTESIAN_POINT('',(17.5497302677021,49.2676120181735,-3.7));
#16029=CARTESIAN_POINT('',(5.4,49.2676120181735,-10.));
#16030=CARTESIAN_POINT('',(6.49406543704963,49.2676120181735,-10.));
#16031=CARTESIAN_POINT('',(5.4,49.2676120181735,-7.4));
#16032=CARTESIAN_POINT('',(5.4,49.2676120181735,-5.8));
#16033=CARTESIAN_POINT('',(1.35,49.2676120181735,-7.4));
#16034=CARTESIAN_POINT('Origin',(5.4,49.2676120181735,-10.));
#16035=CARTESIAN_POINT('',(5.4,48.9176120181735,-7.4));
#16036=CARTESIAN_POINT('',(5.4,49.2676120181735,-10.));
#16037=CARTESIAN_POINT('Origin',(18.8,37.6676120181735,-51.));
#16038=CARTESIAN_POINT('',(18.8,36.9676120181735,-15.1));
#16039=CARTESIAN_POINT('',(18.8,38.3676120181735,-15.1));
#16040=CARTESIAN_POINT('',(18.8,38.0176120181735,-15.1));
#16041=CARTESIAN_POINT('',(18.8,38.3676120181735,-25.5));
#16042=CARTESIAN_POINT('',(18.8,36.9676120181735,-28.475));
#16043=CARTESIAN_POINT('Origin',(0.,36.9676120181735,-5.94999999999999));
#16044=CARTESIAN_POINT('',(21.9,36.9676120181735,-131.8));
#16045=CARTESIAN_POINT('',(21.9,36.9676120181735,-131.8));
#16046=CARTESIAN_POINT('',(21.9,36.9676120181735,-37.4375));
#16047=CARTESIAN_POINT('',(19.4,36.9676120181735,-1.6));
#16048=CARTESIAN_POINT('',(19.4,36.9676120181735,-10.45));
#16049=CARTESIAN_POINT('',(9.7,36.9676120181735,-1.6));
#16050=CARTESIAN_POINT('',(-1.7,36.9676120181735,-5.3));
#16051=CARTESIAN_POINT('',(1.5,36.9676120181735,-5.3));
#16052=CARTESIAN_POINT('',(-1.7,36.9676120181735,-8.4));
#16053=CARTESIAN_POINT('',(-1.7,36.9676120181735,-7.625));
#16054=CARTESIAN_POINT('',(1.5,36.9676120181735,-8.4));
#16055=CARTESIAN_POINT('',(1.5,36.9676120181735,-8.4));
#16056=CARTESIAN_POINT('',(1.5,36.9676120181735,-10.7));
#16057=CARTESIAN_POINT('',(1.5,36.9676120181735,-15.1));
#16058=CARTESIAN_POINT('',(0.,36.9676120181735,-10.7));
#16059=CARTESIAN_POINT('',(1.5,36.9676120181735,-10.7));
#16060=CARTESIAN_POINT('',(0.,36.9676120181735,-15.1));
#16061=CARTESIAN_POINT('',(0.,36.9676120181735,-11.725));
#16062=CARTESIAN_POINT('',(19.4,36.9676120181735,-15.1));
#16063=CARTESIAN_POINT('Origin',(19.4,32.5273039199519,-5.8));
#16064=CARTESIAN_POINT('',(19.4,58.3985043111361,-1.6));
#16065=CARTESIAN_POINT('Origin',(19.4,38.3676120181735,-15.1));
#16066=CARTESIAN_POINT('',(0.,38.3676120181735,-15.1));
#16067=CARTESIAN_POINT('',(0.,38.0176120181735,-15.1));
#16068=CARTESIAN_POINT('',(19.4,38.3676120181735,-15.1));
#16069=CARTESIAN_POINT('Origin',(0.,17.4666239350631,-1.6));
#16070=CARTESIAN_POINT('',(7.4,25.2869958217302,-1.6));
#16071=CARTESIAN_POINT('',(0.,25.2869958217302,-1.6));
#16072=CARTESIAN_POINT('',(7.4,17.4666239350631,-1.6));
#16073=CARTESIAN_POINT('',(7.4,17.4666239350631,-1.6));
#16074=CARTESIAN_POINT('',(0.,17.4666239350631,-1.6));
#16075=CARTESIAN_POINT('Origin',(1.5,37.6676120181735,-8.35));
#16076=CARTESIAN_POINT('',(1.5,38.3676120181735,-8.4));
#16077=CARTESIAN_POINT('',(1.5,38.0176120181735,-8.4));
#16078=CARTESIAN_POINT('',(1.5,38.3676120181735,-10.7));
#16079=CARTESIAN_POINT('',(1.5,38.3676120181735,-1.6));
#16080=CARTESIAN_POINT('',(1.5,37.3176120181735,-10.7));
#16081=CARTESIAN_POINT('Origin',(0.,37.6676120181735,-8.35));
#16082=CARTESIAN_POINT('',(0.,38.3676120181735,-10.7));
#16083=CARTESIAN_POINT('',(0.,38.3676120181735,-9.525));
#16084=CARTESIAN_POINT('',(0.,37.3176120181735,-10.7));
#16085=CARTESIAN_POINT('Origin',(1.5,36.9676120181735,-10.7));
#16086=CARTESIAN_POINT('',(1.5,38.3676120181735,-10.7));
#16087=CARTESIAN_POINT('Origin',(-1.7,37.6676120181735,-6.85));
#16088=CARTESIAN_POINT('',(-1.7,38.3676120181735,-8.4));
#16089=CARTESIAN_POINT('',(-1.7,38.3676120181735,-5.3));
#16090=CARTESIAN_POINT('',(-1.7,38.3676120181735,-6.075));
#16091=CARTESIAN_POINT('',(-1.7,38.0176120181735,-8.4));
#16092=CARTESIAN_POINT('',(-1.7,37.3176120181735,-5.3));
#16093=CARTESIAN_POINT('Origin',(1.5,36.9676120181735,-5.3));
#16094=CARTESIAN_POINT('',(1.5,38.3676120181735,-5.3));
#16095=CARTESIAN_POINT('Origin',(1.5,38.3676120181735,-8.4));
#16096=CARTESIAN_POINT('',(1.5,38.3676120181735,-8.4));
#16097=CARTESIAN_POINT('Origin',(2.7,48.5676120181735,-7.4));
#16098=CARTESIAN_POINT('',(2.77555756156289E-16,48.2176120181735,-7.4));
#16099=CARTESIAN_POINT('Origin',(4.3,38.3676120181735,0.));
#16100=CARTESIAN_POINT('',(3.40998193474227,38.3676120181735,-4.35));
#16101=CARTESIAN_POINT('',(-0.645009032628867,38.3676120181735,-4.35));
#16102=CARTESIAN_POINT('',(3.40998193474227,38.3676120181735,-1.75));
#16103=CARTESIAN_POINT('',(3.40998193474227,38.3676120181735,-2.175));
#16104=CARTESIAN_POINT('',(3.85499096737113,38.3676120181735,-1.75));
#16105=CARTESIAN_POINT('',(0.,38.3676120181735,-10.));
#16106=CARTESIAN_POINT('Origin',(-1.69001806525773,47.8676120181735,-4.85));
#16107=CARTESIAN_POINT('',(0.,47.8676120181735,0.));
#16108=CARTESIAN_POINT('',(-5.59001806525773,47.8676120181735,-4.35));
#16109=CARTESIAN_POINT('',(-6.79001806525773,47.8676120181735,-4.35));
#16110=CARTESIAN_POINT('',(-5.59001806525773,47.8676120181735,-8.95));
#16111=CARTESIAN_POINT('',(-5.59001806525773,47.8676120181735,-1.75));
#16112=CARTESIAN_POINT('',(-6.79001806525773,47.8676120181735,-8.95));
#16113=CARTESIAN_POINT('',(-5.59001806525773,47.8676120181735,-8.95));
#16114=CARTESIAN_POINT('',(-6.79001806525773,47.8676120181735,-1.75));
#16115=CARTESIAN_POINT('',(-6.79001806525773,47.8676120181735,-8.95));
#16116=CARTESIAN_POINT('',(-3.79001806525773,47.8676120181735,-0.75));
#16117=CARTESIAN_POINT('',(-6.79001806525773,47.8676120181735,-1.75));
#16118=CARTESIAN_POINT('',(-3.79001806525773,47.8676120181735,-1.75));
#16119=CARTESIAN_POINT('',(-3.79001806525773,47.8676120181735,-0.75));
#16120=CARTESIAN_POINT('',(3.40998193474227,47.8676120181735,-1.75));
#16121=CARTESIAN_POINT('Origin',(-3.79001806525773,47.8676120181735,-1.75));
#16122=CARTESIAN_POINT('',(-3.79001806525773,38.3676120181735,-1.75));
#16123=CARTESIAN_POINT('',(-3.79001806525773,38.3676120181735,-0.75));
#16124=CARTESIAN_POINT('',(-3.79001806525773,38.3676120181735,-3.3));
#16125=CARTESIAN_POINT('',(-3.79001806525773,47.8676120181735,-1.75));
#16126=CARTESIAN_POINT('',(-3.79001806525773,47.8676120181735,-0.75));
#16127=CARTESIAN_POINT('Origin',(-3.79001806525773,47.8676120181735,-0.750000000000001));
#16128=CARTESIAN_POINT('',(-6.79001806525773,38.3676120181735,-1.75));
#16129=CARTESIAN_POINT('',(-3.46001806525773,38.3676120181735,-0.64));
#16130=CARTESIAN_POINT('',(-6.79001806525773,47.8676120181735,-1.75));
#16131=CARTESIAN_POINT('Origin',(-6.79001806525773,47.8676120181735,-1.75));
#16132=CARTESIAN_POINT('',(-6.79001806525773,38.3676120181735,-8.95));
#16133=CARTESIAN_POINT('',(-6.79001806525773,38.3676120181735,-3.3));
#16134=CARTESIAN_POINT('',(-6.79001806525773,47.8676120181735,-8.95));
#16135=CARTESIAN_POINT('Origin',(-6.79001806525773,47.8676120181735,-8.95));
#16136=CARTESIAN_POINT('',(-5.59001806525773,38.3676120181735,-8.95));
#16137=CARTESIAN_POINT('',(-4.24001806525773,38.3676120181735,-8.95));
#16138=CARTESIAN_POINT('',(-5.59001806525773,47.8676120181735,-8.95));
#16139=CARTESIAN_POINT('Origin',(-5.59001806525773,47.8676120181735,-8.95));
#16140=CARTESIAN_POINT('',(-5.59001806525773,38.3676120181735,-4.35));
#16141=CARTESIAN_POINT('',(-5.59001806525773,38.3676120181735,-6.9));
#16142=CARTESIAN_POINT('',(-5.59001806525773,47.8676120181735,-4.35));
#16143=CARTESIAN_POINT('Origin',(-5.59001806525773,47.8676120181735,-4.35));
#16144=CARTESIAN_POINT('',(-3.64001806525773,38.3676120181735,-4.35));
#16145=CARTESIAN_POINT('',(3.40998193474227,47.8676120181735,-4.35));
#16146=CARTESIAN_POINT('Origin',(3.40998193474227,47.8676120181735,-4.35));
#16147=CARTESIAN_POINT('',(3.40998193474227,47.8676120181735,-1.75));
#16148=CARTESIAN_POINT('Origin',(3.40998193474227,47.8676120181735,-1.75));
#16149=CARTESIAN_POINT('',(0.859981934742268,38.3676120181735,-1.75));
#16150=CARTESIAN_POINT('Origin',(-1.69001806525773,38.3676120181735,-4.85));
#16151=CARTESIAN_POINT('Origin',(2.,8.00293101630948,-13.7207967418406));
#16152=CARTESIAN_POINT('',(2.,11.04151036039,-10.7760131447612));
#16153=CARTESIAN_POINT('Origin',(0.,75.,0.));
#16154=CARTESIAN_POINT('',(0.,63.8,-37.7445416939515));
#16155=CARTESIAN_POINT('',(0.,63.8,-33.7945416939515));
#16156=CARTESIAN_POINT('',(0.,63.8,-16.8972708469758));
#16157=CARTESIAN_POINT('',(0.,63.8,-23.0722708469758));
#16158=CARTESIAN_POINT('',(0.,57.3676120181735,-1.6));
#16159=CARTESIAN_POINT('',(0.,50.1434979108651,-1.6));
#16160=CARTESIAN_POINT('',(0.,57.3676120181735,-7.4));
#16161=CARTESIAN_POINT('',(0.,57.3676120181735,-10.));
#16162=CARTESIAN_POINT('',(0.,55.9676120181735,-7.4));
#16163=CARTESIAN_POINT('',(0.,57.3676120181735,-7.4));
#16164=CARTESIAN_POINT('',(0.,55.9676120181735,-1.6));
#16165=CARTESIAN_POINT('',(0.,55.9676120181735,-1.6));
#16166=CARTESIAN_POINT('',(0.,50.1434979108651,-1.6));
#16167=CARTESIAN_POINT('',(0.,65.4,-37.7445416939515));
#16168=CARTESIAN_POINT('',(0.,65.4,0.));
#16169=CARTESIAN_POINT('',(0.,69.4,-37.7445416939515));
#16170=CARTESIAN_POINT('Origin',(4.60000000000001,65.4,-133.5));
#16171=CARTESIAN_POINT('',(0.,65.4,0.));
#16172=CARTESIAN_POINT('Origin',(4.60000000000001,65.4,-133.5));
#16173=CARTESIAN_POINT('',(14.05,65.4,-37.7445416939516));
#16174=CARTESIAN_POINT('Origin',(23.5,63.8,-37.7445416939515));
#16175=CARTESIAN_POINT('',(13.65,63.8,-37.7445416939515));
#16176=CARTESIAN_POINT('Origin',(11.9050171956729,63.8,-37.7445416939515));
#16177=CARTESIAN_POINT('',(0.,63.8,-16.8972708469758));
#16178=CARTESIAN_POINT('',(-6.4,63.8,-50.0945416939515));
#16179=CARTESIAN_POINT('',(0.,63.8,-50.0945416939515));
#16180=CARTESIAN_POINT('',(-6.4,63.8,-33.7945416939515));
#16181=CARTESIAN_POINT('',(-6.4,63.8,-50.0945416939515));
#16182=CARTESIAN_POINT('',(0.,63.8,-33.7945416939515));
#16183=CARTESIAN_POINT('Origin',(0.,62.6,-50.0945416939515));
#16184=CARTESIAN_POINT('',(12.3711247407581,62.6,-50.0945416939515));
#16185=CARTESIAN_POINT('',(12.3427733383852,62.6729910579782,-50.0945416939515));
#16186=CARTESIAN_POINT('',(-6.4,62.6,-50.0945416939515));
#16187=CARTESIAN_POINT('',(0.,62.6,-50.0945416939515));
#16188=CARTESIAN_POINT('',(-6.4,62.6,-50.0945416939515));
#16189=CARTESIAN_POINT('Origin',(0.,63.8,-33.7945416939515));
#16190=CARTESIAN_POINT('',(11.9050171956729,63.8,-33.7945416939515));
#16191=CARTESIAN_POINT('',(12.3711247407581,62.6,-33.7945416939515));
#16192=CARTESIAN_POINT('',(12.1402715021361,63.1943346965038,-33.7945416939515));
#16193=CARTESIAN_POINT('',(11.75,63.8,-33.7945416939515));
#16194=CARTESIAN_POINT('',(-6.4,62.6,-33.7945416939515));
#16195=CARTESIAN_POINT('',(-6.4,63.8,-33.7945416939515));
#16196=CARTESIAN_POINT('',(0.,62.6,-33.7945416939515));
#16197=CARTESIAN_POINT('Origin',(0.,62.6,-33.7945416939515));
#16198=CARTESIAN_POINT('',(12.3711247407581,62.6,-40.3472708469758));
#16199=CARTESIAN_POINT('',(-6.4,62.6,-33.7945416939515));
#16200=CARTESIAN_POINT('Origin',(0.,75.,0.));
#16201=CARTESIAN_POINT('',(0.,72.4,-115.8));
#16202=CARTESIAN_POINT('',(0.,73.4,-115.8));
#16203=CARTESIAN_POINT('',(0.,72.6,-115.8));
#16204=CARTESIAN_POINT('',(0.,72.6,-115.8));
#16205=CARTESIAN_POINT('',(0.,73.4,-117.4));
#16206=CARTESIAN_POINT('',(0.,73.4,-47.8));
#16207=CARTESIAN_POINT('',(0.,72.4,-117.4));
#16208=CARTESIAN_POINT('',(0.,73.4,-117.4));
#16209=CARTESIAN_POINT('',(0.,72.4,-117.4));
#16210=CARTESIAN_POINT('Origin',(-6.4,63.2,-41.9445416939515));
#16211=CARTESIAN_POINT('Origin',(0.,75.,0.));
#16212=CARTESIAN_POINT('',(0.,73.4,-102.2));
#16213=CARTESIAN_POINT('',(0.,73.4,-47.8));
#16214=CARTESIAN_POINT('',(0.,65.4,0.));
#16215=CARTESIAN_POINT('',(0.,75.,-103.8));
#16216=CARTESIAN_POINT('',(0.,75.,-94.));
#16217=CARTESIAN_POINT('',(0.,73.4,-103.8));
#16218=CARTESIAN_POINT('',(0.,75.,-103.8));
#16219=CARTESIAN_POINT('',(0.,72.4,-103.8));
#16220=CARTESIAN_POINT('',(0.,75.,-103.8));
#16221=CARTESIAN_POINT('',(0.,72.4,-102.2));
#16222=CARTESIAN_POINT('',(0.,72.4,-102.2));
#16223=CARTESIAN_POINT('',(0.,73.4,-102.2));
#16224=CARTESIAN_POINT('Origin',(23.5,75.,0.));
#16225=CARTESIAN_POINT('',(0.,75.,-103.8));
#16226=CARTESIAN_POINT('Origin',(4.60000000000005,73.4,-115.3));
#16227=CARTESIAN_POINT('',(3.30000000000001,73.4,-117.4));
#16228=CARTESIAN_POINT('',(2.30000000000002,73.4,-117.4));
#16229=CARTESIAN_POINT('',(3.30000000000001,73.4,-101.475));
#16230=CARTESIAN_POINT('Origin',(4.60000000000001,65.4,-133.5));
#16231=CARTESIAN_POINT('Origin',(-2.4,69.7,-119.9));
#16232=CARTESIAN_POINT('Origin',(0.,70.2,-115.8));
#16233=CARTESIAN_POINT('',(0.,73.4,-115.8));
#16234=CARTESIAN_POINT('Origin',(4.60000000000005,73.4,-115.3));
#16235=CARTESIAN_POINT('',(3.30000000000001,73.4,-102.2));
#16236=CARTESIAN_POINT('',(2.30000000000002,73.4,-102.2));
#16237=CARTESIAN_POINT('',(3.30000000000001,73.4,-101.475));
#16238=CARTESIAN_POINT('Origin',(0.,72.4,-115.8));
#16239=CARTESIAN_POINT('',(3.30000000000001,72.4,-102.2));
#16240=CARTESIAN_POINT('',(3.30000000000001,72.4,-117.4));
#16241=CARTESIAN_POINT('',(3.30000000000001,72.4,-111.575));
#16242=CARTESIAN_POINT('',(0.,72.4,-102.2));
#16243=CARTESIAN_POINT('',(-4.,72.4,-103.8));
#16244=CARTESIAN_POINT('',(0.,72.4,-103.8));
#16245=CARTESIAN_POINT('',(-4.,72.4,-115.8));
#16246=CARTESIAN_POINT('',(-4.,72.4,-115.8));
#16247=CARTESIAN_POINT('',(0.,72.4,-115.8));
#16248=CARTESIAN_POINT('',(0.,72.4,-117.4));
#16249=CARTESIAN_POINT('Origin',(0.,72.4,-117.4));
#16250=CARTESIAN_POINT('',(3.30000000000001,70.65,-117.4));
#16251=CARTESIAN_POINT('Origin',(0.,73.4,-102.2));
#16252=CARTESIAN_POINT('',(3.30000000000001,71.15,-102.2));
#16253=CARTESIAN_POINT('Origin',(0.,73.4,-103.8));
#16254=CARTESIAN_POINT('',(0.,73.4,-103.8));
#16255=CARTESIAN_POINT('Origin',(-4.,72.9,-109.8));
#16256=CARTESIAN_POINT('',(-4.,73.4,-103.8));
#16257=CARTESIAN_POINT('',(-4.,72.4,-103.8));
#16258=CARTESIAN_POINT('',(-4.,73.4,-115.8));
#16259=CARTESIAN_POINT('',(-4.,73.4,-103.8));
#16260=CARTESIAN_POINT('',(-4.,72.4,-115.8));
#16261=CARTESIAN_POINT('Origin',(0.,72.4,-103.8));
#16262=CARTESIAN_POINT('',(0.,73.4,-103.8));
#16263=CARTESIAN_POINT('Origin',(0.,73.4,-103.8));
#16264=CARTESIAN_POINT('',(0.,73.4,-115.8));
#16265=CARTESIAN_POINT('Origin',(0.,73.4,-115.8));
#16266=CARTESIAN_POINT('Origin',(0.,10.8,-96.35));
#16267=CARTESIAN_POINT('',(16.5741455504713,10.8,-96.35));
#16268=CARTESIAN_POINT('',(17.1840067958375,12.5,-96.35));
#16269=CARTESIAN_POINT('',(17.0254223088073,12.0579426795854,-96.35));
#16270=CARTESIAN_POINT('',(0.,10.8,-96.35));
#16271=CARTESIAN_POINT('',(0.,10.8,-96.35));
#16272=CARTESIAN_POINT('',(-6.5,10.8,-96.35));
#16273=CARTESIAN_POINT('',(0.,10.8,-96.35));
#16274=CARTESIAN_POINT('',(-6.5,12.5,-96.35));
#16275=CARTESIAN_POINT('',(-6.5,12.5,-96.35));
#16276=CARTESIAN_POINT('',(0.,12.5,-96.35));
#16277=CARTESIAN_POINT('Origin',(0.,12.5,-96.35));
#16278=CARTESIAN_POINT('',(9.15,12.5,-84.9));
#16279=CARTESIAN_POINT('',(17.1840067958375,12.5,-84.9));
#16280=CARTESIAN_POINT('',(4.575,12.5,-84.9));
#16281=CARTESIAN_POINT('',(17.1840067958375,12.5,-92.325));
#16282=CARTESIAN_POINT('',(-6.5,12.5,-80.25));
#16283=CARTESIAN_POINT('',(-6.5,12.5,-80.25));
#16284=CARTESIAN_POINT('',(17.1840067958375,12.5,-80.25));
#16285=CARTESIAN_POINT('',(0.,12.5,-80.25));
#16286=CARTESIAN_POINT('',(17.1840067958375,12.5,-83.5));
#16287=CARTESIAN_POINT('',(17.1840067958375,12.5,-92.325));
#16288=CARTESIAN_POINT('',(9.15,12.5,-83.5));
#16289=CARTESIAN_POINT('',(4.575,12.5,-83.5));
#16290=CARTESIAN_POINT('',(9.15,12.5,-89.925));
#16291=CARTESIAN_POINT('Origin',(0.,12.5,-80.25));
#16292=CARTESIAN_POINT('',(16.5741455504713,10.8,-80.25));
#16293=CARTESIAN_POINT('',(17.2955842374853,12.8110242735418,-80.25));
#16294=CARTESIAN_POINT('',(-6.5,10.8,-80.25));
#16295=CARTESIAN_POINT('',(-6.5,10.8,-80.25));
#16296=CARTESIAN_POINT('',(0.,10.8,-80.25));
#16297=CARTESIAN_POINT('',(0.,10.8,-80.25));
#16298=CARTESIAN_POINT('Origin',(0.,10.8,-94.1));
#16299=CARTESIAN_POINT('',(18.2739870544623,10.8,-82.5));
#16300=CARTESIAN_POINT('',(18.2739870544623,10.8,-94.1));
#16301=CARTESIAN_POINT('',(18.2739870544623,10.8,-113.8));
#16302=CARTESIAN_POINT('',(0.,10.8,-82.5));
#16303=CARTESIAN_POINT('',(-6.5,10.8,-94.1));
#16304=CARTESIAN_POINT('',(0.,10.8,-94.1));
#16305=CARTESIAN_POINT('',(0.,10.8,-48.175));
#16306=CARTESIAN_POINT('',(0.,10.8,-94.1));
#16307=CARTESIAN_POINT('Origin',(0.,10.8,-82.5));
#16308=CARTESIAN_POINT('',(19.8451784111257,15.1797262518688,-82.5));
#16309=CARTESIAN_POINT('Origin',(0.,9.19999999999996,-94.1));
#16310=CARTESIAN_POINT('',(17.7,9.19999999999996,-94.1));
#16311=CARTESIAN_POINT('',(19.5909083606052,14.470943575204,-94.1));
#16312=CARTESIAN_POINT('',(0.,9.19999999999996,-94.1));
#16313=CARTESIAN_POINT('',(0.,42.1,-94.1));
#16314=CARTESIAN_POINT('',(8.85,9.19999999999996,-94.1));
#16315=CARTESIAN_POINT('Origin',(0.,75.,0.));
#16316=CARTESIAN_POINT('',(0.,10.7999997586012,-99.2));
#16317=CARTESIAN_POINT('',(0.,9.19999999999996,-99.2));
#16318=CARTESIAN_POINT('',(0.,42.1,-99.2));
#16319=CARTESIAN_POINT('',(0.,9.19999999999996,-37.95));
#16320=CARTESIAN_POINT('',(0.,10.8,-65.95));
#16321=CARTESIAN_POINT('Origin',(-6.5,11.65,-88.3));
#16322=CARTESIAN_POINT('Origin',(23.5,63.8,-46.1445416939515));
#16323=CARTESIAN_POINT('',(11.9050171956729,63.8,-22.2));
#16324=CARTESIAN_POINT('',(15.0769320426609,63.8,-22.2));
#16325=CARTESIAN_POINT('',(11.9050171956729,63.8,-20.8));
#16326=CARTESIAN_POINT('',(15.0769320426609,63.8,-20.8));
#16327=CARTESIAN_POINT('',(11.9050171956729,63.8,-32.093541267659));
#16328=CARTESIAN_POINT('',(11.9050171956729,63.8,-32.093541267659));
#16329=CARTESIAN_POINT('Origin',(13.9362013684365,58.5706896551724,-46.9));
#16330=CARTESIAN_POINT('',(15.5173506700833,54.5,-22.2));
#16331=CARTESIAN_POINT('',(14.1458013486475,58.0310717517392,-22.2));
#16332=CARTESIAN_POINT('',(15.5173506700833,54.5,-43.6045406449817));
#16333=CARTESIAN_POINT('Origin',(13.9362013684365,58.5706896551724,-46.9));
#16334=CARTESIAN_POINT('',(15.5173506700833,54.5,-20.8));
#16335=CARTESIAN_POINT('',(12.5764121177168,62.0714849503123,-20.8));
#16336=CARTESIAN_POINT('',(15.5173506700833,54.5,-43.6045406449817));
#16337=CARTESIAN_POINT('Origin',(0.,54.5,-40.3090812899633));
#16338=CARTESIAN_POINT('',(3.32693204266092,54.5,-22.2));
#16339=CARTESIAN_POINT('Origin',(0.,54.5,-40.3090812899633));
#16340=CARTESIAN_POINT('',(3.32693204266092,54.5,-20.8));
#16341=CARTESIAN_POINT('Origin',(6.65386408532183,54.5,-22.2));
#16342=CARTESIAN_POINT('Origin',(6.65386408532183,63.8,-20.8));
#16343=CARTESIAN_POINT('Origin',(17.5566007793523,49.2499237956438,-5.8));
#16344=CARTESIAN_POINT('',(14.9472964743096,55.9676120181735,-1.6));
#16345=CARTESIAN_POINT('',(14.9472964743096,55.9676120181735,-10.));
#16346=CARTESIAN_POINT('',(14.9472964743096,55.9676120181735,-6.6));
#16347=CARTESIAN_POINT('',(14.3738930527626,57.4438466621132,-10.));
#16348=CARTESIAN_POINT('',(18.2422255963607,47.4847736943735,-1.6));
#16349=CARTESIAN_POINT('Origin',(0.,17.4666239350631,-1.6));
#16350=CARTESIAN_POINT('',(0.,55.9676120181735,-1.6));
#16351=CARTESIAN_POINT('Origin',(0.,17.4666239350631,-1.6));
#16352=CARTESIAN_POINT('',(14.4035043383769,57.3676120181735,-1.6));
#16353=CARTESIAN_POINT('',(0.,57.3676120181735,-1.6));
#16354=CARTESIAN_POINT('',(18.2422255963607,47.4847736943735,-1.6));
#16355=CARTESIAN_POINT('Origin',(0.,55.9676120181735,-1.6));
#16356=CARTESIAN_POINT('',(5.4,55.9676120181735,-7.4));
#16357=CARTESIAN_POINT('',(0.,55.9676120181735,-7.4));
#16358=CARTESIAN_POINT('',(5.4,55.9676120181735,-10.));
#16359=CARTESIAN_POINT('',(5.4,55.9676120181735,-7.4));
#16360=CARTESIAN_POINT('',(9.19406543704963,55.9676120181735,-10.));
#16361=CARTESIAN_POINT('Origin',(0.,55.9676120181735,-7.4));
#16362=CARTESIAN_POINT('',(5.4,57.3676120181735,-7.4));
#16363=CARTESIAN_POINT('',(5.4,56.3176120181735,-7.4));
#16364=CARTESIAN_POINT('',(0.,57.3676120181735,-7.4));
#16365=CARTESIAN_POINT('Origin',(0.,57.3676120181735,-7.4));
#16366=CARTESIAN_POINT('',(14.4035043383769,57.3676120181735,-10.));
#16367=CARTESIAN_POINT('',(14.4035043383769,57.3676120181735,-6.6));
#16368=CARTESIAN_POINT('',(5.4,57.3676120181735,-10.));
#16369=CARTESIAN_POINT('',(9.19406543704963,57.3676120181735,-10.));
#16370=CARTESIAN_POINT('',(5.4,57.3676120181735,-10.));
#16371=CARTESIAN_POINT('Origin',(17.5566007793523,49.2499237956438,-5.8));
#16372=CARTESIAN_POINT('',(14.3738930527626,57.4438466621132,-10.));
#16373=CARTESIAN_POINT('Origin',(12.9881308740993,43.1176120181735,-10.));
#16374=CARTESIAN_POINT('',(5.4,49.8926120181735,-10.));
#16375=CARTESIAN_POINT('Origin',(5.4,56.6676120181735,-8.7));
#16376=CARTESIAN_POINT('Origin',(20.5,26.6869958217302,-5.95000000000002));
#16377=CARTESIAN_POINT('',(0.,26.6869958217302,-1.6));
#16378=CARTESIAN_POINT('',(21.9,26.6869958217302,-131.8));
#16379=CARTESIAN_POINT('',(21.9,26.6869958217302,-8.65422532817408));
#16380=CARTESIAN_POINT('',(21.9,26.6869958217302,-131.8));
#16381=CARTESIAN_POINT('',(11.3,26.6869958217302,-83.9));
#16382=CARTESIAN_POINT('',(11.3,26.6869958217302,-10.3584506563482));
#16383=CARTESIAN_POINT('',(7.8,26.6869958217302,-83.9));
#16384=CARTESIAN_POINT('',(11.3,26.6869958217302,-83.9));
#16385=CARTESIAN_POINT('',(7.8,26.6869958217302,-73.5));
#16386=CARTESIAN_POINT('',(7.8,26.6869958217302,-83.9));
#16387=CARTESIAN_POINT('',(11.3,26.6869958217302,-73.5));
#16388=CARTESIAN_POINT('',(11.3,26.6869958217302,-73.5));
#16389=CARTESIAN_POINT('',(11.3,26.6869958217302,-10.3584506563482));
#16390=CARTESIAN_POINT('',(11.3,26.6869958217302,-10.3584506563482));
#16391=CARTESIAN_POINT('',(2.2,26.6869958217302,-10.3584506563482));
#16392=CARTESIAN_POINT('',(2.25,26.6869958217302,-10.3584506563482));
#16393=CARTESIAN_POINT('',(2.2,26.6869958217302,-7.46514277487294));
#16394=CARTESIAN_POINT('',(2.2,26.6869958217302,-8.18846974524175));
#16395=CARTESIAN_POINT('',(-2.,26.6869958217302,-7.46514277487294));
#16396=CARTESIAN_POINT('',(2.25,26.6869958217302,-7.46514277487294));
#16397=CARTESIAN_POINT('',(-2.,26.6869958217302,-4.46514277487294));
#16398=CARTESIAN_POINT('',(-2.,26.6869958217302,-5.21514277487289));
#16399=CARTESIAN_POINT('',(2.25,26.6869958217302,-4.46514277487294));
#16400=CARTESIAN_POINT('Origin',(2.25,26.6869958217302,-10.3584506563482));
#16401=CARTESIAN_POINT('',(11.3,25.2869958217302,-10.3584506563482));
#16402=CARTESIAN_POINT('',(11.3,26.3369958217302,-10.3584506563482));
#16403=CARTESIAN_POINT('',(2.2,25.2869958217302,-10.3584506563482));
#16404=CARTESIAN_POINT('',(1.125,25.2869958217302,-10.3584506563482));
#16405=CARTESIAN_POINT('',(2.2,26.3369958217302,-10.3584506563482));
#16406=CARTESIAN_POINT('Origin',(11.3,25.9869958217302,-67.4686843355508));
#16407=CARTESIAN_POINT('',(11.3,25.2869958217302,-83.9));
#16408=CARTESIAN_POINT('',(11.3,26.3369958217302,-83.9));
#16409=CARTESIAN_POINT('',(11.3,25.2869958217302,-124.578918014753));
#16410=CARTESIAN_POINT('Origin',(0.,17.4666239350631,-1.6));
#16411=CARTESIAN_POINT('Origin',(-2.,25.9869958217302,-5.96514277487284));
#16412=CARTESIAN_POINT('',(-2.,25.2869958217302,-7.46514277487294));
#16413=CARTESIAN_POINT('',(-2.,26.3369958217302,-7.46514277487294));
#16414=CARTESIAN_POINT('',(-2.,25.2869958217302,-4.46514277487273));
#16415=CARTESIAN_POINT('',(-2.,25.2869958217302,-6.71514277487289));
#16416=CARTESIAN_POINT('',(-2.,25.6369958217303,-4.46514277487278));
#16417=CARTESIAN_POINT('Origin',(2.25,26.6869958217302,-7.46514277487294));
#16418=CARTESIAN_POINT('',(2.2,25.2869958217302,-7.46514277487294));
#16419=CARTESIAN_POINT('',(2.2,26.3369958217302,-7.46514277487294));
#16420=CARTESIAN_POINT('',(2.25,25.2869958217302,-7.46514277487294));
#16421=CARTESIAN_POINT('Origin',(2.25,25.2869958217302,-4.46514277487273));
#16422=CARTESIAN_POINT('',(2.25,25.2869958217302,-4.46514277487273));
#16423=CARTESIAN_POINT('Origin',(2.2,25.9869958217302,-8.91179671561056));
#16424=CARTESIAN_POINT('',(2.2,25.2869958217302,-9.63512368597937));
#16425=CARTESIAN_POINT('Origin',(0.,1.6,-24.2598873465871));
#16426=CARTESIAN_POINT('',(7.4,3.55404275210444,-21.4692250850803));
#16427=CARTESIAN_POINT('',(0.,3.55404275210445,-21.4692250850803));
#16428=CARTESIAN_POINT('',(7.4,17.4666239350631,-1.6));
#16429=CARTESIAN_POINT('Origin',(0.,1.6,-24.2598873465871));
#16430=CARTESIAN_POINT('',(7.4,17.4666239350631,-1.6));
#16431=CARTESIAN_POINT('Origin',(7.4,13.4434979108651,-37.95));
#16432=CARTESIAN_POINT('',(7.4,25.2869958217302,-8.71490385572095));
#16433=CARTESIAN_POINT('',(7.4,25.2869958217302,-23.0190417370454));
#16434=CARTESIAN_POINT('',(7.4,9.34431496790369,-31.483411739239));
#16435=CARTESIAN_POINT('Origin',(7.4,13.4434979108651,-37.95));
#16436=CARTESIAN_POINT('',(7.4,16.3563239521847,-21.4692250850803));
#16437=CARTESIAN_POINT('',(7.4,15.0717489554326,-21.4692250850803));
#16438=CARTESIAN_POINT('',(7.4,10.8,-29.4044780622064));
#16439=CARTESIAN_POINT('',(7.4,9.34431496790369,-31.483411739239));
#16440=CARTESIAN_POINT('',(7.4,10.8,-34.758586276785));
#16441=CARTESIAN_POINT('',(7.4,5.7,-56.75));
#16442=CARTESIAN_POINT('Origin',(7.4,5.7,-54.3));
#16443=CARTESIAN_POINT('Origin',(0.,10.8,-29.4044780622064));
#16444=CARTESIAN_POINT('',(21.7712380877978,25.2869958217302,-8.71490385572095));
#16445=CARTESIAN_POINT('',(0.,25.2869958217302,-8.71490385572095));
#16446=CARTESIAN_POINT('',(15.8169837783592,8.68939693681032,-32.4187316199245));
#16447=CARTESIAN_POINT('Origin',(0.,10.8,-29.4044780622064));
#16448=CARTESIAN_POINT('',(18.5674318123168,16.3563239521847,-21.4692250850803));
#16449=CARTESIAN_POINT('',(0.,16.3563239521847,-21.4692250850803));
#16450=CARTESIAN_POINT('',(16.5741455504713,10.8,-29.4044780622064));
#16451=CARTESIAN_POINT('',(15.8169837783592,8.68939693681032,-32.4187316199245));
#16452=CARTESIAN_POINT('',(0.,10.8,-29.4044780622064));
#16453=CARTESIAN_POINT('Origin',(19.3665105592446,18.5837713922358,-40.7574519278605));
#16454=CARTESIAN_POINT('',(16.5741455504713,10.8,-56.7787259639302));
#16455=CARTESIAN_POINT('',(17.9630431201016,14.671578799787,-21.4692250850803));
#16456=CARTESIAN_POINT('Origin',(0.,10.8,-72.8));
#16457=CARTESIAN_POINT('',(16.5741455504713,10.8,-75.7));
#16458=CARTESIAN_POINT('',(0.,10.8,-75.7));
#16459=CARTESIAN_POINT('',(16.5741455504713,10.8,-56.7787259639302));
#16460=CARTESIAN_POINT('Origin',(0.,10.8,-72.8));
#16461=CARTESIAN_POINT('Origin',(10.2,29.4359978542606,0.));
#16462=CARTESIAN_POINT('',(18.2183943065243,15.3833751636599,-20.0692250850803));
#16463=CARTESIAN_POINT('',(5.10000000000002,15.3833751636599,-20.0692250850803));
#16464=CARTESIAN_POINT('',(17.8667230019512,14.4030846101663,-21.4692250850803));
#16465=CARTESIAN_POINT('',(17.9336635954756,14.5896828074712,-21.2027352415377));
#16466=CARTESIAN_POINT('',(5.10000000000002,14.4030846101664,-21.4692250850803));
#16467=CARTESIAN_POINT('',(13.6058267556511,-2.21258699134773,-45.1988633634642));
#16468=CARTESIAN_POINT('Origin',(0.,18.1,-20.0692250850803));
#16469=CARTESIAN_POINT('',(19.1929614864555,18.1,-75.7));
#16470=CARTESIAN_POINT('',(19.1929614864555,18.1,-30.4133385064704));
#16471=CARTESIAN_POINT('',(0.,18.1,-75.7));
#16472=CARTESIAN_POINT('Origin',(0.,18.1,-75.7));
#16473=CARTESIAN_POINT('',(0.,10.8,-75.7));
#16474=CARTESIAN_POINT('',(18.185529414307,15.2917636418688,-75.7));
#16475=CARTESIAN_POINT('Origin',(0.,10.8,-75.7));
#16476=CARTESIAN_POINT('Origin',(0.,16.7,-21.4692250850803));
#16477=CARTESIAN_POINT('',(13.9747170145468,3.55404275210444,-21.4692250850803));
#16478=CARTESIAN_POINT('',(14.4825679572534,4.96968706326698,-21.4692250850803));
#16479=CARTESIAN_POINT('',(0.,3.55404275210444,-21.4692250850803));
#16480=CARTESIAN_POINT('Origin',(16.5838392505012,10.8270213760522,-47.8846125425402));
#16481=CARTESIAN_POINT('',(14.3263883191199,4.53433330559804,-20.0692250850803));
#16482=CARTESIAN_POINT('',(16.7941937599353,11.413388633777,-20.0692250850803));
#16483=CARTESIAN_POINT('',(12.1885543217468,-1.42492025108945,-28.5799211737344));
#16484=CARTESIAN_POINT('Origin',(0.,3.55404275210444,-21.4692250850803));
#16485=CARTESIAN_POINT('',(0.,4.53433330559804,-20.0692250850803));
#16486=CARTESIAN_POINT('Origin',(0.,3.55404275210444,-21.4692250850803));
#16487=CARTESIAN_POINT('',(0.,3.55404275210444,-21.4692250850803));
#16488=CARTESIAN_POINT('Origin',(0.,16.7,-21.4692250850803));
#16489=CARTESIAN_POINT('Origin',(0.,4.53433330559804,-20.0692250850803));
#16490=CARTESIAN_POINT('Origin',(-7.8,5.7,-54.3));
#16491=CARTESIAN_POINT('',(-7.8,5.7,-56.75));
#16492=CARTESIAN_POINT('Origin',(-7.8,5.7,-54.3));
#16493=CARTESIAN_POINT('Origin',(7.4,5.7,-54.3));
#16494=CARTESIAN_POINT('',(7.4,5.7,-56.75));
#16495=CARTESIAN_POINT('Origin',(11.3,25.9869958217302,-67.4686843355508));
#16496=CARTESIAN_POINT('',(11.3,25.2869958217302,-73.5));
#16497=CARTESIAN_POINT('',(11.3,25.6369958217302,-73.5));
#16498=CARTESIAN_POINT('',(11.3,25.2869958217302,-124.578918014753));
#16499=CARTESIAN_POINT('Origin',(7.8,25.9869958217302,-67.4686843355508));
#16500=CARTESIAN_POINT('',(7.8,25.2869958217302,-73.5));
#16501=CARTESIAN_POINT('',(7.8,26.6869958217302,-73.5));
#16502=CARTESIAN_POINT('',(7.8,25.2869958217302,-83.9));
#16503=CARTESIAN_POINT('',(7.8,25.2869958217302,-83.9));
#16504=CARTESIAN_POINT('',(7.8,25.2869958217302,-73.5));
#16505=CARTESIAN_POINT('Origin',(11.3,25.2869958217302,-73.5));
#16506=CARTESIAN_POINT('',(11.3,25.2869958217302,-73.5));
#16507=CARTESIAN_POINT('Origin',(11.3,26.6869958217302,-83.9));
#16508=CARTESIAN_POINT('',(11.3,25.2869958217302,-83.9));
#16509=CARTESIAN_POINT('Origin',(9.15,14.25,-83.5));
#16510=CARTESIAN_POINT('',(9.15,14.6,-82.1));
#16511=CARTESIAN_POINT('',(9.15,14.6,-83.5));
#16512=CARTESIAN_POINT('',(9.15,14.6,-82.1));
#16513=CARTESIAN_POINT('',(9.15,16.,-82.1));
#16514=CARTESIAN_POINT('',(9.15,16.,-82.1));
#16515=CARTESIAN_POINT('',(9.15,16.,-84.9));
#16516=CARTESIAN_POINT('',(9.15,16.,-84.9));
#16517=CARTESIAN_POINT('',(9.15,12.5,-84.9));
#16518=CARTESIAN_POINT('',(9.15,14.6,-83.5));
#16519=CARTESIAN_POINT('Origin',(9.15,12.5,-84.9));
#16520=CARTESIAN_POINT('',(18.4396034774738,16.,-84.9));
#16521=CARTESIAN_POINT('',(17.8172333053082,14.2651311249557,-84.9));
#16522=CARTESIAN_POINT('',(9.15,16.,-84.9));
#16523=CARTESIAN_POINT('Origin',(9.15,16.,-84.9));
#16524=CARTESIAN_POINT('',(18.4396034774738,16.,-82.1));
#16525=CARTESIAN_POINT('',(18.4396034774738,16.,-62.8287259639303));
#16526=CARTESIAN_POINT('',(9.15,16.,-82.1));
#16527=CARTESIAN_POINT('Origin',(9.15,16.,-82.1));
#16528=CARTESIAN_POINT('',(17.9373648048193,14.6,-82.1));
#16529=CARTESIAN_POINT('',(18.3734490408217,15.8155932301601,-82.1));
#16530=CARTESIAN_POINT('',(9.15,14.6,-82.1));
#16531=CARTESIAN_POINT('Origin',(9.15,14.6,-82.1));
#16532=CARTESIAN_POINT('',(17.9373648048193,14.6,-83.5));
#16533=CARTESIAN_POINT('',(17.9373648048193,14.6,-61.4287259639303));
#16534=CARTESIAN_POINT('',(9.15,14.6,-83.5));
#16535=CARTESIAN_POINT('Origin',(9.15,14.6,-83.5));
#16536=CARTESIAN_POINT('',(18.1509627466163,15.1954083880784,-83.5));
#16537=CARTESIAN_POINT('Origin',(23.5,22.889326136896,-84.5));
#16538=CARTESIAN_POINT('',(22.6109349918066,22.889326136896,-84.5));
#16539=CARTESIAN_POINT('',(22.6109349918066,22.889326136896,-93.45));
#16540=CARTESIAN_POINT('',(22.6109349918066,22.889326136896,-109.));
#16541=CARTESIAN_POINT('',(20.9110934878156,22.889326136896,-84.5));
#16542=CARTESIAN_POINT('',(23.5,22.889326136896,-84.5));
#16543=CARTESIAN_POINT('',(20.9110934878156,22.889326136896,-93.45));
#16544=CARTESIAN_POINT('',(20.9110934878156,22.889326136896,-62.6287259639302));
#16545=CARTESIAN_POINT('',(23.5,22.889326136896,-93.45));
#16546=CARTESIAN_POINT('Origin',(23.5,22.889326136896,-93.45));
#16547=CARTESIAN_POINT('',(21.2118415465548,18.989326136896,-93.45));
#16548=CARTESIAN_POINT('',(23.1061538273524,24.2697582053781,-93.45));
#16549=CARTESIAN_POINT('',(19.5120000425638,18.989326136896,-93.45));
#16550=CARTESIAN_POINT('',(20.2863977250341,21.1479746330946,-93.45));
#16551=CARTESIAN_POINT('',(23.5,18.989326136896,-93.45));
#16552=CARTESIAN_POINT('Origin',(23.5,25.2869958217302,-84.5));
#16553=CARTESIAN_POINT('',(23.4710795917888,25.2869958217302,-84.5));
#16554=CARTESIAN_POINT('',(23.4871885722863,25.3318999159874,-84.5));
#16555=CARTESIAN_POINT('',(21.7712380877978,25.2869958217302,-84.5));
#16556=CARTESIAN_POINT('',(23.5,25.2869958217302,-84.5));
#16557=CARTESIAN_POINT('',(20.667432469968,22.210116343704,-84.5));
#16558=CARTESIAN_POINT('Origin',(23.5,18.989326136896,-72.9));
#16559=CARTESIAN_POINT('',(21.2118415465548,18.989326136896,-72.9));
#16560=CARTESIAN_POINT('',(23.4710795917888,25.2869958217302,-72.9));
#16561=CARTESIAN_POINT('',(22.4863705792088,22.5421004310075,-72.9));
#16562=CARTESIAN_POINT('',(19.5120000425638,18.989326136896,-72.9));
#16563=CARTESIAN_POINT('',(23.5,18.989326136896,-72.9));
#16564=CARTESIAN_POINT('',(21.7712380877978,25.2869958217302,-72.9));
#16565=CARTESIAN_POINT('',(19.6666144768905,19.420316858724,-72.9));
#16566=CARTESIAN_POINT('',(23.5,25.2869958217302,-72.9));
#16567=CARTESIAN_POINT('Origin',(23.5,18.989326136896,-93.45));
#16568=CARTESIAN_POINT('',(21.2118415465548,18.989326136896,-113.475));
#16569=CARTESIAN_POINT('',(19.5120000425638,18.989326136896,-67.1037259639302));
#16570=CARTESIAN_POINT('Origin',(23.5,22.889326136896,-20.25));
#16571=CARTESIAN_POINT('',(22.6109349918066,22.889326136896,-20.25));
#16572=CARTESIAN_POINT('',(22.6109349918066,22.889326136896,-29.2));
#16573=CARTESIAN_POINT('',(22.6109349918066,22.889326136896,-76.875));
#16574=CARTESIAN_POINT('',(20.9110934878156,22.889326136896,-20.25));
#16575=CARTESIAN_POINT('',(23.5,22.889326136896,-20.25));
#16576=CARTESIAN_POINT('',(20.9110934878156,22.889326136896,-29.2));
#16577=CARTESIAN_POINT('',(20.9110934878156,22.889326136896,-30.5037259639302));
#16578=CARTESIAN_POINT('',(23.5,22.889326136896,-29.2));
#16579=CARTESIAN_POINT('Origin',(23.5,18.989326136896,-20.25));
#16580=CARTESIAN_POINT('',(21.2118415465548,18.989326136896,-20.25));
#16581=CARTESIAN_POINT('',(22.4863705792088,22.5421004310075,-20.25));
#16582=CARTESIAN_POINT('',(19.5120000425638,18.989326136896,-20.25));
#16583=CARTESIAN_POINT('',(23.5,18.989326136896,-20.25));
#16584=CARTESIAN_POINT('',(19.6666144768905,19.420316858724,-20.25));
#16585=CARTESIAN_POINT('Origin',(23.5,18.989326136896,-29.2));
#16586=CARTESIAN_POINT('',(21.2118415465548,18.989326136896,-29.2));
#16587=CARTESIAN_POINT('',(21.2118415465548,18.989326136896,-81.35));
#16588=CARTESIAN_POINT('',(19.5120000425638,18.989326136896,-29.2));
#16589=CARTESIAN_POINT('',(23.5,18.989326136896,-29.2));
#16590=CARTESIAN_POINT('',(19.5120000425638,18.989326136896,-34.9787259639302));
#16591=CARTESIAN_POINT('Origin',(23.5,22.889326136896,-29.2));
#16592=CARTESIAN_POINT('',(23.1061538273524,24.2697582053781,-29.2));
#16593=CARTESIAN_POINT('',(20.2863977250341,21.1479746330946,-29.2));
#16594=CARTESIAN_POINT('Origin',(23.5,22.889326136896,-55.5));
#16595=CARTESIAN_POINT('',(22.6109349918066,22.889326136896,-55.5));
#16596=CARTESIAN_POINT('',(22.6109349918066,22.889326136896,-67.8));
#16597=CARTESIAN_POINT('',(22.6109349918066,22.889326136896,-94.5));
#16598=CARTESIAN_POINT('',(20.9110934878156,22.889326136896,-55.5));
#16599=CARTESIAN_POINT('',(23.5,22.889326136896,-55.5));
#16600=CARTESIAN_POINT('',(20.9110934878156,22.889326136896,-67.8));
#16601=CARTESIAN_POINT('',(20.9110934878156,22.889326136896,-48.1287259639302));
#16602=CARTESIAN_POINT('',(23.5,22.889326136896,-67.8));
#16603=CARTESIAN_POINT('Origin',(23.5,18.989326136896,-55.5));
#16604=CARTESIAN_POINT('',(21.2118415465548,18.989326136896,-55.5));
#16605=CARTESIAN_POINT('',(22.4863705792088,22.5421004310075,-55.5));
#16606=CARTESIAN_POINT('',(19.5120000425638,18.989326136896,-55.5));
#16607=CARTESIAN_POINT('',(23.5,18.989326136896,-55.5));
#16608=CARTESIAN_POINT('',(19.6666144768905,19.420316858724,-55.5));
#16609=CARTESIAN_POINT('Origin',(23.5,18.989326136896,-67.8));
#16610=CARTESIAN_POINT('',(21.2118415465548,18.989326136896,-67.8));
#16611=CARTESIAN_POINT('',(21.2118415465548,18.989326136896,-100.65));
#16612=CARTESIAN_POINT('',(19.5120000425638,18.989326136896,-67.8));
#16613=CARTESIAN_POINT('',(23.5,18.989326136896,-67.8));
#16614=CARTESIAN_POINT('',(19.5120000425638,18.989326136896,-54.2787259639302));
#16615=CARTESIAN_POINT('Origin',(23.5,22.889326136896,-67.8));
#16616=CARTESIAN_POINT('',(23.1061538273524,24.2697582053781,-67.8));
#16617=CARTESIAN_POINT('',(20.2863977250341,21.1479746330946,-67.8));
#16618=CARTESIAN_POINT('Origin',(23.5,22.889326136896,-34.5));
#16619=CARTESIAN_POINT('',(22.6109349918066,22.889326136896,-34.5));
#16620=CARTESIAN_POINT('',(22.6109349918066,22.889326136896,-47.2));
#16621=CARTESIAN_POINT('',(22.6109349918066,22.889326136896,-84.));
#16622=CARTESIAN_POINT('',(20.9110934878156,22.889326136896,-34.5));
#16623=CARTESIAN_POINT('',(23.5,22.889326136896,-34.5));
#16624=CARTESIAN_POINT('',(20.9110934878156,22.889326136896,-47.2));
#16625=CARTESIAN_POINT('',(20.9110934878156,22.889326136896,-37.6287259639302));
#16626=CARTESIAN_POINT('',(23.5,22.889326136896,-47.2));
#16627=CARTESIAN_POINT('Origin',(23.5,18.989326136896,-34.5));
#16628=CARTESIAN_POINT('',(21.2118415465548,18.989326136896,-34.5));
#16629=CARTESIAN_POINT('',(22.4863705792088,22.5421004310075,-34.5));
#16630=CARTESIAN_POINT('',(19.5120000425638,18.989326136896,-34.5));
#16631=CARTESIAN_POINT('',(23.5,18.989326136896,-34.5));
#16632=CARTESIAN_POINT('',(19.6666144768905,19.420316858724,-34.5));
#16633=CARTESIAN_POINT('Origin',(23.5,18.989326136896,-47.2));
#16634=CARTESIAN_POINT('',(21.2118415465548,18.989326136896,-47.2));
#16635=CARTESIAN_POINT('',(21.2118415465548,18.989326136896,-90.35));
#16636=CARTESIAN_POINT('',(19.5120000425638,18.989326136896,-47.2));
#16637=CARTESIAN_POINT('',(23.5,18.989326136896,-47.2));
#16638=CARTESIAN_POINT('',(19.5120000425638,18.989326136896,-43.9787259639302));
#16639=CARTESIAN_POINT('Origin',(23.5,22.889326136896,-47.2));
#16640=CARTESIAN_POINT('',(23.1061538273524,24.2697582053781,-47.2));
#16641=CARTESIAN_POINT('',(20.2863977250341,21.1479746330946,-47.2));
#16642=CARTESIAN_POINT('Origin',(23.5,25.2869958217302,-133.2));
#16643=CARTESIAN_POINT('',(23.4710795917888,25.2869958217302,-99.2));
#16644=CARTESIAN_POINT('',(16.9,25.2869958217302,-99.2));
#16645=CARTESIAN_POINT('',(20.2,25.2869958217302,-99.2));
#16646=CARTESIAN_POINT('',(16.9,25.2869958217302,-124.5));
#16647=CARTESIAN_POINT('',(21.7712380877978,25.2869958217302,-97.5));
#16648=CARTESIAN_POINT('',(19.5,25.2869958217302,-97.5));
#16649=CARTESIAN_POINT('',(21.7712380877978,25.2869958217302,-88.7));
#16650=CARTESIAN_POINT('',(23.4710795917888,25.2869958217302,-103.2));
#16651=CARTESIAN_POINT('',(21.7712380877978,25.2869958217302,-18.3));
#16652=CARTESIAN_POINT('',(21.7712380877978,25.2869958217302,-88.7));
#16653=CARTESIAN_POINT('',(21.7712380877978,25.2869958217302,-26.2247940413029));
#16654=CARTESIAN_POINT('',(23.4710795917888,25.2869958217302,-124.578918014753));
#16655=CARTESIAN_POINT('',(23.5,25.2869958217302,-124.578918014753));
#16656=CARTESIAN_POINT('',(23.4710795917888,25.2869958217302,-129.039459007377));
#16657=CARTESIAN_POINT('',(16.9,25.2869958217302,-124.5));
#16658=CARTESIAN_POINT('Origin',(23.5,25.2869958217302,-124.578918014753));
#16659=CARTESIAN_POINT('',(24.7581870974285,28.8748328522235,-124.578918014753));
#16660=CARTESIAN_POINT('Origin',(21.9,26.6869958217302,-6.94999999999998));
#16661=CARTESIAN_POINT('',(21.9,26.6869958217302,-131.8));
#16662=CARTESIAN_POINT('Origin',(21.9,26.6869958217302,-131.8));
#16663=CARTESIAN_POINT('Origin',(3.30000000000001,68.9,-107.35));
#16664=CARTESIAN_POINT('',(3.30000000000001,71.,-116.4));
#16665=CARTESIAN_POINT('',(3.30000000000001,71.,-111.875));
#16666=CARTESIAN_POINT('',(3.30000000000001,69.8,-117.3));
#16667=CARTESIAN_POINT('',(3.30000000000001,71.9,-115.725));
#16668=CARTESIAN_POINT('',(3.30000000000001,69.8,-113.225));
#16669=CARTESIAN_POINT('Origin',(-0.249999999999991,70.4,-117.75));
#16670=CARTESIAN_POINT('',(-0.249999999999991,69.8,-117.3));
#16671=CARTESIAN_POINT('',(-0.249999999999991,69.8,-116.4));
#16672=CARTESIAN_POINT('',(-0.249999999999991,71.,-116.4));
#16673=CARTESIAN_POINT('',(-0.249999999999991,69.8,-117.3));
#16674=CARTESIAN_POINT('',(-0.249999999999991,71.,-119.1));
#16675=CARTESIAN_POINT('Origin',(3.30000000000001,69.8,-119.1));
#16676=CARTESIAN_POINT('',(3.30000000000001,69.8,-117.3));
#16677=CARTESIAN_POINT('Origin',(3.30000000000001,69.8,-117.3));
#16678=CARTESIAN_POINT('',(3.30000000000001,71.,-116.4));
#16679=CARTESIAN_POINT('Origin',(3.30000000000001,71.,-116.4));
#16680=CARTESIAN_POINT('Origin',(19.3665105592446,18.5837713922358,-40.7574519278605));
#16681=CARTESIAN_POINT('',(16.5741455504713,10.8,-97.5));
#16682=CARTESIAN_POINT('',(18.780864755921,16.9512724046139,-97.5));
#16683=CARTESIAN_POINT('',(16.5741455504713,10.8,-117.5));
#16684=CARTESIAN_POINT('Origin',(11.,14.35,-98.35));
#16685=CARTESIAN_POINT('',(11.,10.8,-97.5));
#16686=CARTESIAN_POINT('',(11.,10.8,-99.2));
#16687=CARTESIAN_POINT('',(11.,10.8,-85.575));
#16688=CARTESIAN_POINT('',(11.,10.8,-97.5));
#16689=CARTESIAN_POINT('',(11.,17.9,-99.2));
#16690=CARTESIAN_POINT('',(11.,17.9,-99.2));
#16691=CARTESIAN_POINT('Origin',(11.,10.8,-99.2));
#16692=CARTESIAN_POINT('',(16.9,14.7967489554325,-99.2));
#16693=CARTESIAN_POINT('',(16.9,18.3467489554325,-99.2));
#16694=CARTESIAN_POINT('',(17.7,9.19999999999997,-99.2));
#16695=CARTESIAN_POINT('',(21.8289792963806,20.7096095336119,-99.2));
#16696=CARTESIAN_POINT('',(13.95,9.19999999999996,-99.2));
#16697=CARTESIAN_POINT('',(5.1,10.8,-99.2));
#16698=CARTESIAN_POINT('Origin',(11.,17.9,-97.5));
#16699=CARTESIAN_POINT('',(5.5,10.8,-97.5));
#16700=CARTESIAN_POINT('Origin',(0.,10.8,-72.8));
#16701=CARTESIAN_POINT('Origin',(23.5000000000003,25.3676120181735,-133.5));
#16702=CARTESIAN_POINT('',(17.7,9.19999999999997,-133.5));
#16703=CARTESIAN_POINT('Origin',(17.7,9.19999999999997,-133.5));
#16704=CARTESIAN_POINT('Origin',(16.9,6.19999999999998,-118.139459007377));
#16705=CARTESIAN_POINT('',(16.9,8.49999987930059,-111.7));
#16706=CARTESIAN_POINT('Origin',(0.,3.19999999999996,-131.9));
#16707=CARTESIAN_POINT('',(0.,3.19999999999996,-113.3));
#16708=CARTESIAN_POINT('Origin',(0.,3.19999999999996,-113.3));
#16709=CARTESIAN_POINT('Origin',(0.,9.19999999999996,-111.7));
#16710=CARTESIAN_POINT('',(0.,0.,0.));
#16711=CARTESIAN_POINT('Origin',(-18.65,21.9,157.35));
#16712=CARTESIAN_POINT('',(-18.1,22.85,157.35));
#16713=CARTESIAN_POINT('',(-19.2,22.85,157.35));
#16714=CARTESIAN_POINT('',(-19.325,22.85,157.35));
#16715=CARTESIAN_POINT('',(-18.1,20.95,157.35));
#16716=CARTESIAN_POINT('',(-18.1,22.375,157.35));
#16717=CARTESIAN_POINT('',(-19.2,20.95,157.35));
#16718=CARTESIAN_POINT('',(-18.375,20.95,157.35));
#16719=CARTESIAN_POINT('',(-19.2,22.375,157.35));
#16720=CARTESIAN_POINT('Origin',(-5.5,41.35,145.05));
#16721=CARTESIAN_POINT('',(-19.2,22.85,145.05));
#16722=CARTESIAN_POINT('',(-19.2,18.75,145.05));
#16723=CARTESIAN_POINT('',(-19.2,31.15,145.05));
#16724=CARTESIAN_POINT('',(-22.4,18.75,145.05));
#16725=CARTESIAN_POINT('',(-12.75,18.75,145.05));
#16726=CARTESIAN_POINT('',(-22.4,22.85,145.05));
#16727=CARTESIAN_POINT('',(-22.4,2.,145.05));
#16728=CARTESIAN_POINT('',(-12.75,22.85,145.05));
#16729=CARTESIAN_POINT('Origin',(-18.1,20.95,145.05));
#16730=CARTESIAN_POINT('',(-18.1,20.95,170.85));
#16731=CARTESIAN_POINT('',(-18.1,20.95,145.05));
#16732=CARTESIAN_POINT('',(-19.2,20.95,170.85));
#16733=CARTESIAN_POINT('',(-18.1,20.95,170.85));
#16734=CARTESIAN_POINT('',(-19.2,20.95,145.05));
#16735=CARTESIAN_POINT('Origin',(-18.1,16.85,145.05));
#16736=CARTESIAN_POINT('',(-20.,16.85,157.35));
#16737=CARTESIAN_POINT('',(-18.1,16.85,157.35));
#16738=CARTESIAN_POINT('',(-18.575,16.85,157.35));
#16739=CARTESIAN_POINT('',(-18.1,16.85,170.85));
#16740=CARTESIAN_POINT('',(-18.1,16.85,145.05));
#16741=CARTESIAN_POINT('',(-20.,16.85,170.85));
#16742=CARTESIAN_POINT('',(-18.1,16.85,170.85));
#16743=CARTESIAN_POINT('',(-20.,16.85,145.05));
#16744=CARTESIAN_POINT('Origin',(-18.1,18.75,145.05));
#16745=CARTESIAN_POINT('',(-18.1,18.75,157.35));
#16746=CARTESIAN_POINT('',(-18.1,18.275,157.35));
#16747=CARTESIAN_POINT('',(-18.1,18.75,170.85));
#16748=CARTESIAN_POINT('',(-18.1,18.75,145.05));
#16749=CARTESIAN_POINT('',(-18.1,18.75,170.85));
#16750=CARTESIAN_POINT('Origin',(-19.2,18.75,145.05));
#16751=CARTESIAN_POINT('',(-19.2,18.75,157.35));
#16752=CARTESIAN_POINT('',(-19.125,18.75,157.35));
#16753=CARTESIAN_POINT('',(-19.2,18.75,170.85));
#16754=CARTESIAN_POINT('',(-19.2,18.75,145.05));
#16755=CARTESIAN_POINT('',(-19.2,18.75,170.85));
#16756=CARTESIAN_POINT('Origin',(-20.,18.75,145.05));
#16757=CARTESIAN_POINT('',(-19.2,18.75,145.05));
#16758=CARTESIAN_POINT('',(-22.4,18.75,157.35));
#16759=CARTESIAN_POINT('',(-19.2,18.75,157.35));
#16760=CARTESIAN_POINT('',(-22.4,18.75,151.775));
#16761=CARTESIAN_POINT('Origin',(-22.4,16.85,145.05));
#16762=CARTESIAN_POINT('',(-22.4,16.85,145.05));
#16763=CARTESIAN_POINT('',(-20.,16.85,145.05));
#16764=CARTESIAN_POINT('',(-13.95,16.85,145.05));
#16765=CARTESIAN_POINT('',(-22.4,16.85,157.35));
#16766=CARTESIAN_POINT('',(-22.4,16.85,151.775));
#16767=CARTESIAN_POINT('',(-20.,16.85,157.35));
#16768=CARTESIAN_POINT('',(-20.,16.85,145.05));
#16769=CARTESIAN_POINT('Origin',(-21.2,17.8,157.35));
#16770=CARTESIAN_POINT('',(-22.4,19.7375,157.35));
#16771=CARTESIAN_POINT('Origin',(-21.2,23.75,157.35));
#16772=CARTESIAN_POINT('',(-22.4,22.85,157.35));
#16773=CARTESIAN_POINT('',(-20.,22.85,157.35));
#16774=CARTESIAN_POINT('',(-20.,22.85,157.35));
#16775=CARTESIAN_POINT('',(-22.4,24.65,157.35));
#16776=CARTESIAN_POINT('',(-22.4,22.7125,157.35));
#16777=CARTESIAN_POINT('',(-20.,24.65,157.35));
#16778=CARTESIAN_POINT('',(-20.,24.65,157.35));
#16779=CARTESIAN_POINT('',(-20.,24.2,157.35));
#16780=CARTESIAN_POINT('Origin',(-22.4,21.675,158.5));
#16781=CARTESIAN_POINT('',(-22.4,2.,145.05));
#16782=CARTESIAN_POINT('',(-22.4,2.,145.05));
#16783=CARTESIAN_POINT('',(-22.4,2.,171.95));
#16784=CARTESIAN_POINT('',(-22.4,2.,171.95));
#16785=CARTESIAN_POINT('',(-22.4,41.35,171.95));
#16786=CARTESIAN_POINT('',(-22.4,41.35,171.95));
#16787=CARTESIAN_POINT('',(-22.4,41.35,145.05));
#16788=CARTESIAN_POINT('',(-22.4,41.35,145.05));
#16789=CARTESIAN_POINT('',(-22.4,24.65,145.05));
#16790=CARTESIAN_POINT('',(-22.4,2.,145.05));
#16791=CARTESIAN_POINT('',(-22.4,24.65,151.775));
#16792=CARTESIAN_POINT('',(-22.4,22.85,151.775));
#16793=CARTESIAN_POINT('Origin',(-5.5,41.35,145.05));
#16794=CARTESIAN_POINT('',(-20.,15.05,145.05));
#16795=CARTESIAN_POINT('',(-20.,29.1,145.05));
#16796=CARTESIAN_POINT('',(-12.9,15.05,145.05));
#16797=CARTESIAN_POINT('',(-12.75,15.05,145.05));
#16798=CARTESIAN_POINT('',(-12.9,13.55,145.05));
#16799=CARTESIAN_POINT('',(-12.9,28.2,145.05));
#16800=CARTESIAN_POINT('',(-19.3,13.55,145.05));
#16801=CARTESIAN_POINT('',(-9.19999999999999,13.55,145.05));
#16802=CARTESIAN_POINT('',(-19.3,11.85,145.05));
#16803=CARTESIAN_POINT('',(-19.3,27.45,145.05));
#16804=CARTESIAN_POINT('',(-9.9,11.85,145.05));
#16805=CARTESIAN_POINT('',(-12.4,11.85,145.05));
#16806=CARTESIAN_POINT('',(-9.9,2.,145.05));
#16807=CARTESIAN_POINT('',(-9.9,26.6,145.05));
#16808=CARTESIAN_POINT('',(-5.5,2.,145.05));
#16809=CARTESIAN_POINT('Origin',(-5.5,41.35,145.05));
#16810=CARTESIAN_POINT('',(-12.9,24.65,145.05));
#16811=CARTESIAN_POINT('',(-12.75,24.65,145.05));
#16812=CARTESIAN_POINT('',(-5.5,41.35,145.05));
#16813=CARTESIAN_POINT('',(-5.5,41.35,145.05));
#16814=CARTESIAN_POINT('',(-5.5,33.7,145.05));
#16815=CARTESIAN_POINT('',(-5.5,2.,145.05));
#16816=CARTESIAN_POINT('',(-15.4,33.7,145.05));
#16817=CARTESIAN_POINT('',(-5.5,33.7,145.05));
#16818=CARTESIAN_POINT('',(-15.4,32.,145.05));
#16819=CARTESIAN_POINT('',(-15.4,37.525,145.05));
#16820=CARTESIAN_POINT('',(-12.9,32.,145.05));
#16821=CARTESIAN_POINT('',(-10.45,32.,145.05));
#16822=CARTESIAN_POINT('',(-12.9,27.75,145.05));
#16823=CARTESIAN_POINT('',(-12.9,36.675,145.05));
#16824=CARTESIAN_POINT('',(-19.3,27.75,145.05));
#16825=CARTESIAN_POINT('',(-9.19999999999999,27.75,145.05));
#16826=CARTESIAN_POINT('',(-19.3,26.05,145.05));
#16827=CARTESIAN_POINT('',(-19.3,34.55,145.05));
#16828=CARTESIAN_POINT('',(-12.9,26.05,145.05));
#16829=CARTESIAN_POINT('',(-12.4,26.05,145.05));
#16830=CARTESIAN_POINT('',(-12.9,33.7,145.05));
#16831=CARTESIAN_POINT('Origin',(-9.9,11.85,145.05));
#16832=CARTESIAN_POINT('',(-9.9,11.85,170.85));
#16833=CARTESIAN_POINT('',(-9.9,11.85,145.05));
#16834=CARTESIAN_POINT('',(-9.9,2.,170.85));
#16835=CARTESIAN_POINT('',(-9.9,11.85,170.85));
#16836=CARTESIAN_POINT('',(-9.9,2.,145.05));
#16837=CARTESIAN_POINT('Origin',(-19.3,11.85,145.05));
#16838=CARTESIAN_POINT('',(-19.3,11.85,170.85));
#16839=CARTESIAN_POINT('',(-19.3,11.85,145.05));
#16840=CARTESIAN_POINT('',(-19.3,11.85,170.85));
#16841=CARTESIAN_POINT('Origin',(-19.3,13.55,145.05));
#16842=CARTESIAN_POINT('',(-19.3,13.55,170.85));
#16843=CARTESIAN_POINT('',(-19.3,13.55,145.05));
#16844=CARTESIAN_POINT('',(-19.3,13.55,170.85));
#16845=CARTESIAN_POINT('Origin',(-12.9,13.55,145.05));
#16846=CARTESIAN_POINT('',(-12.9,13.55,170.85));
#16847=CARTESIAN_POINT('',(-12.9,13.55,145.05));
#16848=CARTESIAN_POINT('',(-12.9,13.55,170.85));
#16849=CARTESIAN_POINT('Origin',(-12.9,15.05,145.05));
#16850=CARTESIAN_POINT('',(-12.9,15.05,170.85));
#16851=CARTESIAN_POINT('',(-12.9,15.05,145.05));
#16852=CARTESIAN_POINT('',(-12.9,15.05,170.85));
#16853=CARTESIAN_POINT('Origin',(-20.,15.05,145.05));
#16854=CARTESIAN_POINT('',(-20.,15.05,170.85));
#16855=CARTESIAN_POINT('',(-20.,15.05,145.05));
#16856=CARTESIAN_POINT('',(-22.4,15.05,170.85));
#16857=CARTESIAN_POINT('Origin',(-20.,16.85,145.05));
#16858=CARTESIAN_POINT('',(-20.,16.85,170.85));
#16859=CARTESIAN_POINT('Origin',(-19.2,20.95,145.05));
#16860=CARTESIAN_POINT('',(-19.2,22.85,145.05));
#16861=CARTESIAN_POINT('',(-19.2,20.95,170.85));
#16862=CARTESIAN_POINT('Origin',(-18.1,22.85,145.05));
#16863=CARTESIAN_POINT('',(-18.1,22.85,170.85));
#16864=CARTESIAN_POINT('',(-18.1,22.85,145.05));
#16865=CARTESIAN_POINT('',(-18.1,22.85,170.85));
#16866=CARTESIAN_POINT('Origin',(-20.,22.85,145.05));
#16867=CARTESIAN_POINT('',(-20.,22.85,170.85));
#16868=CARTESIAN_POINT('',(-20.,22.85,145.05));
#16869=CARTESIAN_POINT('',(-22.4,22.85,170.85));
#16870=CARTESIAN_POINT('Origin',(-20.,24.65,145.05));
#16871=CARTESIAN_POINT('',(-20.,24.65,170.85));
#16872=CARTESIAN_POINT('',(-20.,24.65,145.05));
#16873=CARTESIAN_POINT('',(-20.,24.65,170.85));
#16874=CARTESIAN_POINT('Origin',(-12.9,24.65,145.05));
#16875=CARTESIAN_POINT('',(-12.9,24.65,170.85));
#16876=CARTESIAN_POINT('',(-12.9,24.65,145.05));
#16877=CARTESIAN_POINT('',(-12.9,24.65,170.85));
#16878=CARTESIAN_POINT('Origin',(-12.9,26.05,145.05));
#16879=CARTESIAN_POINT('',(-12.9,26.05,170.85));
#16880=CARTESIAN_POINT('',(-12.9,26.05,145.05));
#16881=CARTESIAN_POINT('',(-12.9,26.05,170.85));
#16882=CARTESIAN_POINT('Origin',(-19.3,26.05,145.05));
#16883=CARTESIAN_POINT('',(-19.3,26.05,170.85));
#16884=CARTESIAN_POINT('',(-19.3,26.05,145.05));
#16885=CARTESIAN_POINT('',(-19.3,26.05,170.85));
#16886=CARTESIAN_POINT('Origin',(-19.3,27.75,145.05));
#16887=CARTESIAN_POINT('',(-19.3,27.75,170.85));
#16888=CARTESIAN_POINT('',(-19.3,27.75,145.05));
#16889=CARTESIAN_POINT('',(-19.3,27.75,170.85));
#16890=CARTESIAN_POINT('Origin',(-12.9,27.75,145.05));
#16891=CARTESIAN_POINT('',(-12.9,27.75,170.85));
#16892=CARTESIAN_POINT('',(-12.9,27.75,145.05));
#16893=CARTESIAN_POINT('',(-12.9,27.75,170.85));
#16894=CARTESIAN_POINT('Origin',(-12.9,32.,145.05));
#16895=CARTESIAN_POINT('',(-12.9,32.,170.85));
#16896=CARTESIAN_POINT('',(-12.9,32.,145.05));
#16897=CARTESIAN_POINT('',(-12.9,32.,170.85));
#16898=CARTESIAN_POINT('Origin',(-15.4,32.,145.05));
#16899=CARTESIAN_POINT('',(-15.4,32.,170.85));
#16900=CARTESIAN_POINT('',(-15.4,32.,145.05));
#16901=CARTESIAN_POINT('',(-15.4,32.,170.85));
#16902=CARTESIAN_POINT('Origin',(-15.4,33.7,145.05));
#16903=CARTESIAN_POINT('',(-15.4,33.7,170.85));
#16904=CARTESIAN_POINT('',(-15.4,33.7,145.05));
#16905=CARTESIAN_POINT('',(-15.4,33.7,170.85));
#16906=CARTESIAN_POINT('Origin',(-5.5,33.7,145.05));
#16907=CARTESIAN_POINT('',(-5.5,33.7,170.85));
#16908=CARTESIAN_POINT('',(-5.5,33.7,151.775));
#16909=CARTESIAN_POINT('',(-22.4,33.7,170.85));
#16910=CARTESIAN_POINT('Origin',(-12.75,17.85,170.85));
#16911=CARTESIAN_POINT('',(-5.5,2.,170.85));
#16912=CARTESIAN_POINT('',(-5.5,19.7625,170.85));
#16913=CARTESIAN_POINT('',(-9.125,2.,170.85));
#16914=CARTESIAN_POINT('Origin',(-5.5,2.,145.05));
#16915=CARTESIAN_POINT('',(-5.5,2.,171.95));
#16916=CARTESIAN_POINT('',(-5.5,2.,171.95));
#16917=CARTESIAN_POINT('',(-5.5,2.,171.95));
#16918=CARTESIAN_POINT('Origin',(-5.5,41.35,171.95));
#16919=CARTESIAN_POINT('',(-5.5,41.35,171.95));
#16920=CARTESIAN_POINT('',(-5.5,41.35,145.05));
#16921=CARTESIAN_POINT('',(-5.5,41.35,171.95));
#16922=CARTESIAN_POINT('Origin',(-5.5,2.,171.95));
#16923=CARTESIAN_POINT('',(-5.5,41.35,171.95));
#16924=CARTESIAN_POINT('Origin',(-5.5,21.675,158.5));
#16925=CARTESIAN_POINT('',(0.,0.,0.));
#16926=CARTESIAN_POINT('',(0.,0.,0.));
#16927=UNCERTAINTY_MEASURE_WITH_UNIT(LENGTH_MEASURE(0.01),#16935,
'DISTANCE_ACCURACY_VALUE',
'Maximum model space distance between geometric entities at asserted c
onnectivities');
#16928=UNCERTAINTY_MEASURE_WITH_UNIT(LENGTH_MEASURE(0.01),#16935,
'DISTANCE_ACCURACY_VALUE',
'Maximum model space distance between geometric entities at asserted c
onnectivities');
#16929=UNCERTAINTY_MEASURE_WITH_UNIT(LENGTH_MEASURE(0.01),#16935,
'DISTANCE_ACCURACY_VALUE',
'Maximum model space distance between geometric entities at asserted c
onnectivities');
#16930=UNCERTAINTY_MEASURE_WITH_UNIT(LENGTH_MEASURE(0.01),#16935,
'DISTANCE_ACCURACY_VALUE',
'Maximum model space distance between geometric entities at asserted c
onnectivities');
#16931=(
GEOMETRIC_REPRESENTATION_CONTEXT(3)
GLOBAL_UNCERTAINTY_ASSIGNED_CONTEXT((#16927))
GLOBAL_UNIT_ASSIGNED_CONTEXT((#16935,#16937,#16938))
REPRESENTATION_CONTEXT('','3D')
);
#16932=(
GEOMETRIC_REPRESENTATION_CONTEXT(3)
GLOBAL_UNCERTAINTY_ASSIGNED_CONTEXT((#16928))
GLOBAL_UNIT_ASSIGNED_CONTEXT((#16935,#16937,#16938))
REPRESENTATION_CONTEXT('','3D')
);
#16933=(
GEOMETRIC_REPRESENTATION_CONTEXT(3)
GLOBAL_UNCERTAINTY_ASSIGNED_CONTEXT((#16929))
GLOBAL_UNIT_ASSIGNED_CONTEXT((#16935,#16937,#16938))
REPRESENTATION_CONTEXT('','3D')
);
#16934=(
GEOMETRIC_REPRESENTATION_CONTEXT(3)
GLOBAL_UNCERTAINTY_ASSIGNED_CONTEXT((#16930))
GLOBAL_UNIT_ASSIGNED_CONTEXT((#16935,#16937,#16938))
REPRESENTATION_CONTEXT('','3D')
);
#16935=(
LENGTH_UNIT()
NAMED_UNIT(*)
SI_UNIT(.MILLI.,.METRE.)
);
#16936=(
LENGTH_UNIT()
NAMED_UNIT(*)
SI_UNIT($,.METRE.)
);
#16937=(
NAMED_UNIT(*)
PLANE_ANGLE_UNIT()
SI_UNIT($,.RADIAN.)
);
#16938=(
NAMED_UNIT(*)
SI_UNIT($,.STERADIAN.)
SOLID_ANGLE_UNIT()
);
#16939=SHAPE_DEFINITION_REPRESENTATION(#16942,#16947);
#16940=SHAPE_DEFINITION_REPRESENTATION(#16943,#16948);
#16941=SHAPE_DEFINITION_REPRESENTATION(#16944,#16949);
#16942=PRODUCT_DEFINITION_SHAPE('',$,#16951);
#16943=PRODUCT_DEFINITION_SHAPE('',$,#16952);
#16944=PRODUCT_DEFINITION_SHAPE('',$,#16953);
#16945=PRODUCT_DEFINITION_SHAPE($,$,#17);
#16946=PRODUCT_DEFINITION_SHAPE($,$,#18);
#16947=SHAPE_REPRESENTATION('',(#10671,#11248,#11249),#16931);
#16948=SHAPE_REPRESENTATION('',(#10672),#16932);
#16949=SHAPE_REPRESENTATION('',(#11209),#16933);
#16950=PRODUCT_DEFINITION_CONTEXT('part definition',#16961,'design');
#16951=PRODUCT_DEFINITION('Internal Frame','Internal Frame v38',#16954,
#16950);
#16952=PRODUCT_DEFINITION('Internal Frame Left','Internal Frame Left',#16955,
#16950);
#16953=PRODUCT_DEFINITION('Bracket','Bracket',#16956,#16950);
#16954=PRODUCT_DEFINITION_FORMATION('',$,#16963);
#16955=PRODUCT_DEFINITION_FORMATION('',$,#16964);
#16956=PRODUCT_DEFINITION_FORMATION('',$,#16965);
#16957=PRODUCT_RELATED_PRODUCT_CATEGORY('Internal Frame v38',
'Internal Frame v38',(#16963));
#16958=PRODUCT_RELATED_PRODUCT_CATEGORY('Internal Frame Left',
'Internal Frame Left',(#16964));
#16959=PRODUCT_RELATED_PRODUCT_CATEGORY('Bracket','Bracket',(#16965));
#16960=APPLICATION_PROTOCOL_DEFINITION('international standard',
'automotive_design',2009,#16961);
#16961=APPLICATION_CONTEXT(
'Core Data for Automotive Mechanical Design Process');
#16962=PRODUCT_CONTEXT('part definition',#16961,'mechanical');
#16963=PRODUCT('Internal Frame','Internal Frame v38',$,(#16962));
#16964=PRODUCT('Internal Frame Left','Internal Frame Left',$,(#16962));
#16965=PRODUCT('Bracket','Bracket',$,(#16962));
#16966=PRESENTATION_STYLE_ASSIGNMENT((#16968));
#16967=PRESENTATION_STYLE_ASSIGNMENT((#16969));
#16968=SURFACE_STYLE_USAGE(.BOTH.,#16970);
#16969=SURFACE_STYLE_USAGE(.BOTH.,#16971);
#16970=SURFACE_SIDE_STYLE('',(#16972));
#16971=SURFACE_SIDE_STYLE('',(#16973));
#16972=SURFACE_STYLE_FILL_AREA(#16974);
#16973=SURFACE_STYLE_FILL_AREA(#16975);
#16974=FILL_AREA_STYLE('Steel - Satin',(#16976));
#16975=FILL_AREA_STYLE('ABS (White)',(#16977));
#16976=FILL_AREA_STYLE_COLOUR('Steel - Satin',#16978);
#16977=FILL_AREA_STYLE_COLOUR('ABS (White)',#16979);
#16978=COLOUR_RGB('Steel - Satin',0.627450980392157,0.627450980392157,0.627450980392157);
#16979=COLOUR_RGB('ABS (White)',1.,0.364705882352941,0.133333333333333);
ENDSEC;
END-ISO-10303-21;
