ISO-10303-21;
HEADER;
/* Generated by software containing ST-Developer
 * from STEP Tools, Inc. (www.steptools.com) 
 */

FILE_DESCRIPTION(
/* description */ (''),
/* implementation_level */ '2;1');

FILE_NAME(
/* name */ 'Internal_Frame[Right].step',
/* time_stamp */ '2026-08-10T19:57:52+08:00',
/* author */ (''),
/* organization */ (''),
/* preprocessor_version */ 'ST-DEVELOPER v20.1',
/* originating_system */ 'Autodesk Translation Framework v15.8.0.0',
/* authorisation */ '');

FILE_SCHEMA (('AUTOMOTIVE_DESIGN { 1 0 10303 214 3 1 1 }'));
ENDSEC;

DATA;
#10=MECHANICAL_DESIGN_GEOMETRIC_PRESENTATION_REPRESENTATION('',(#17),#7083);
#11=ITEM_DEFINED_TRANSFORMATION($,$,#4513,#4734);
#12=(
REPRESENTATION_RELATIONSHIP($,$,#7094,#7093)
REPRESENTATION_RELATIONSHIP_WITH_TRANSFORMATION(#11)
SHAPE_REPRESENTATION_RELATIONSHIP()
);
#13=CONTEXT_DEPENDENT_SHAPE_REPRESENTATION(#12,#7092);
#14=NEXT_ASSEMBLY_USAGE_OCCURRENCE('Internal Frame Right:1',
'Internal Frame Right:1','Internal Frame Right:1',#7096,#7097,
'Internal Frame Right:1');
#15=SHAPE_REPRESENTATION_RELATIONSHIP('SRR','None',#7094,#16);
#16=ADVANCED_BREP_SHAPE_REPRESENTATION('',(#18),#7082);
#17=STYLED_ITEM('',(#7108),#18);
#18=MANIFOLD_SOLID_BREP('Body1',#4499);
#19=FACE_BOUND('',#499,.T.);
#20=FACE_BOUND('',#500,.T.);
#21=FACE_BOUND('',#524,.T.);
#22=FACE_BOUND('',#525,.T.);
#23=FACE_BOUND('',#526,.T.);
#24=FACE_BOUND('',#527,.T.);
#25=FACE_BOUND('',#544,.T.);
#26=FACE_BOUND('',#545,.T.);
#27=FACE_BOUND('',#555,.T.);
#28=FACE_BOUND('',#560,.T.);
#29=FACE_BOUND('',#573,.T.);
#30=FACE_BOUND('',#574,.T.);
#31=FACE_BOUND('',#575,.T.);
#32=FACE_BOUND('',#576,.T.);
#33=FACE_BOUND('',#587,.T.);
#34=FACE_BOUND('',#600,.T.);
#35=FACE_BOUND('',#601,.T.);
#36=FACE_BOUND('',#630,.T.);
#37=FACE_BOUND('',#633,.T.);
#38=FACE_BOUND('',#634,.T.);
#39=FACE_BOUND('',#635,.T.);
#40=FACE_BOUND('',#636,.T.);
#41=FACE_BOUND('',#637,.T.);
#42=FACE_BOUND('',#638,.T.);
#43=PLANE('',#4517);
#44=PLANE('',#4518);
#45=PLANE('',#4519);
#46=PLANE('',#4520);
#47=PLANE('',#4521);
#48=PLANE('',#4522);
#49=PLANE('',#4523);
#50=PLANE('',#4524);
#51=PLANE('',#4525);
#52=PLANE('',#4526);
#53=PLANE('',#4527);
#54=PLANE('',#4528);
#55=PLANE('',#4529);
#56=PLANE('',#4530);
#57=PLANE('',#4531);
#58=PLANE('',#4532);
#59=PLANE('',#4533);
#60=PLANE('',#4534);
#61=PLANE('',#4535);
#62=PLANE('',#4536);
#63=PLANE('',#4537);
#64=PLANE('',#4538);
#65=PLANE('',#4539);
#66=PLANE('',#4540);
#67=PLANE('',#4541);
#68=PLANE('',#4542);
#69=PLANE('',#4543);
#70=PLANE('',#4544);
#71=PLANE('',#4545);
#72=PLANE('',#4546);
#73=PLANE('',#4547);
#74=PLANE('',#4548);
#75=PLANE('',#4549);
#76=PLANE('',#4550);
#77=PLANE('',#4551);
#78=PLANE('',#4552);
#79=PLANE('',#4553);
#80=PLANE('',#4554);
#81=PLANE('',#4555);
#82=PLANE('',#4556);
#83=PLANE('',#4560);
#84=PLANE('',#4561);
#85=PLANE('',#4562);
#86=PLANE('',#4563);
#87=PLANE('',#4564);
#88=PLANE('',#4565);
#89=PLANE('',#4566);
#90=PLANE('',#4567);
#91=PLANE('',#4568);
#92=PLANE('',#4569);
#93=PLANE('',#4570);
#94=PLANE('',#4571);
#95=PLANE('',#4572);
#96=PLANE('',#4573);
#97=PLANE('',#4574);
#98=PLANE('',#4575);
#99=PLANE('',#4576);
#100=PLANE('',#4577);
#101=PLANE('',#4578);
#102=PLANE('',#4579);
#103=PLANE('',#4580);
#104=PLANE('',#4581);
#105=PLANE('',#4582);
#106=PLANE('',#4583);
#107=PLANE('',#4584);
#108=PLANE('',#4585);
#109=PLANE('',#4586);
#110=PLANE('',#4587);
#111=PLANE('',#4588);
#112=PLANE('',#4589);
#113=PLANE('',#4590);
#114=PLANE('',#4591);
#115=PLANE('',#4592);
#116=PLANE('',#4593);
#117=PLANE('',#4594);
#118=PLANE('',#4595);
#119=PLANE('',#4596);
#120=PLANE('',#4597);
#121=PLANE('',#4598);
#122=PLANE('',#4599);
#123=PLANE('',#4600);
#124=PLANE('',#4601);
#125=PLANE('',#4602);
#126=PLANE('',#4603);
#127=PLANE('',#4604);
#128=PLANE('',#4605);
#129=PLANE('',#4606);
#130=PLANE('',#4607);
#131=PLANE('',#4608);
#132=PLANE('',#4609);
#133=PLANE('',#4610);
#134=PLANE('',#4611);
#135=PLANE('',#4612);
#136=PLANE('',#4613);
#137=PLANE('',#4614);
#138=PLANE('',#4615);
#139=PLANE('',#4616);
#140=PLANE('',#4619);
#141=PLANE('',#4622);
#142=PLANE('',#4623);
#143=PLANE('',#4625);
#144=PLANE('',#4626);
#145=PLANE('',#4627);
#146=PLANE('',#4628);
#147=PLANE('',#4629);
#148=PLANE('',#4630);
#149=PLANE('',#4631);
#150=PLANE('',#4634);
#151=PLANE('',#4635);
#152=PLANE('',#4636);
#153=PLANE('',#4637);
#154=PLANE('',#4638);
#155=PLANE('',#4639);
#156=PLANE('',#4640);
#157=PLANE('',#4641);
#158=PLANE('',#4642);
#159=PLANE('',#4643);
#160=PLANE('',#4644);
#161=PLANE('',#4645);
#162=PLANE('',#4646);
#163=PLANE('',#4647);
#164=PLANE('',#4648);
#165=PLANE('',#4649);
#166=PLANE('',#4650);
#167=PLANE('',#4651);
#168=PLANE('',#4652);
#169=PLANE('',#4653);
#170=PLANE('',#4654);
#171=PLANE('',#4655);
#172=PLANE('',#4656);
#173=PLANE('',#4659);
#174=PLANE('',#4660);
#175=PLANE('',#4661);
#176=PLANE('',#4662);
#177=PLANE('',#4663);
#178=PLANE('',#4664);
#179=PLANE('',#4665);
#180=PLANE('',#4666);
#181=PLANE('',#4667);
#182=PLANE('',#4668);
#183=PLANE('',#4669);
#184=PLANE('',#4670);
#185=PLANE('',#4671);
#186=PLANE('',#4672);
#187=PLANE('',#4673);
#188=PLANE('',#4674);
#189=PLANE('',#4675);
#190=PLANE('',#4676);
#191=PLANE('',#4677);
#192=PLANE('',#4678);
#193=PLANE('',#4679);
#194=PLANE('',#4680);
#195=PLANE('',#4681);
#196=PLANE('',#4682);
#197=PLANE('',#4683);
#198=PLANE('',#4684);
#199=PLANE('',#4685);
#200=PLANE('',#4686);
#201=PLANE('',#4687);
#202=PLANE('',#4688);
#203=PLANE('',#4689);
#204=PLANE('',#4691);
#205=PLANE('',#4692);
#206=PLANE('',#4693);
#207=PLANE('',#4694);
#208=PLANE('',#4695);
#209=PLANE('',#4696);
#210=PLANE('',#4697);
#211=PLANE('',#4698);
#212=PLANE('',#4699);
#213=PLANE('',#4700);
#214=PLANE('',#4701);
#215=PLANE('',#4703);
#216=PLANE('',#4704);
#217=PLANE('',#4705);
#218=PLANE('',#4706);
#219=PLANE('',#4707);
#220=PLANE('',#4708);
#221=PLANE('',#4709);
#222=PLANE('',#4710);
#223=PLANE('',#4711);
#224=PLANE('',#4712);
#225=PLANE('',#4713);
#226=PLANE('',#4714);
#227=PLANE('',#4715);
#228=PLANE('',#4716);
#229=PLANE('',#4717);
#230=PLANE('',#4718);
#231=PLANE('',#4719);
#232=PLANE('',#4720);
#233=PLANE('',#4721);
#234=PLANE('',#4722);
#235=PLANE('',#4723);
#236=PLANE('',#4724);
#237=PLANE('',#4725);
#238=PLANE('',#4726);
#239=PLANE('',#4727);
#240=PLANE('',#4732);
#241=PLANE('',#4733);
#242=FACE_OUTER_BOUND('',#448,.T.);
#243=FACE_OUTER_BOUND('',#449,.T.);
#244=FACE_OUTER_BOUND('',#450,.T.);
#245=FACE_OUTER_BOUND('',#451,.T.);
#246=FACE_OUTER_BOUND('',#452,.T.);
#247=FACE_OUTER_BOUND('',#453,.T.);
#248=FACE_OUTER_BOUND('',#454,.T.);
#249=FACE_OUTER_BOUND('',#455,.T.);
#250=FACE_OUTER_BOUND('',#456,.T.);
#251=FACE_OUTER_BOUND('',#457,.T.);
#252=FACE_OUTER_BOUND('',#458,.T.);
#253=FACE_OUTER_BOUND('',#459,.T.);
#254=FACE_OUTER_BOUND('',#460,.T.);
#255=FACE_OUTER_BOUND('',#461,.T.);
#256=FACE_OUTER_BOUND('',#462,.T.);
#257=FACE_OUTER_BOUND('',#463,.T.);
#258=FACE_OUTER_BOUND('',#464,.T.);
#259=FACE_OUTER_BOUND('',#465,.T.);
#260=FACE_OUTER_BOUND('',#466,.T.);
#261=FACE_OUTER_BOUND('',#467,.T.);
#262=FACE_OUTER_BOUND('',#468,.T.);
#263=FACE_OUTER_BOUND('',#469,.T.);
#264=FACE_OUTER_BOUND('',#470,.T.);
#265=FACE_OUTER_BOUND('',#471,.T.);
#266=FACE_OUTER_BOUND('',#472,.T.);
#267=FACE_OUTER_BOUND('',#473,.T.);
#268=FACE_OUTER_BOUND('',#474,.T.);
#269=FACE_OUTER_BOUND('',#475,.T.);
#270=FACE_OUTER_BOUND('',#476,.T.);
#271=FACE_OUTER_BOUND('',#477,.T.);
#272=FACE_OUTER_BOUND('',#478,.T.);
#273=FACE_OUTER_BOUND('',#479,.T.);
#274=FACE_OUTER_BOUND('',#480,.T.);
#275=FACE_OUTER_BOUND('',#481,.T.);
#276=FACE_OUTER_BOUND('',#482,.T.);
#277=FACE_OUTER_BOUND('',#483,.T.);
#278=FACE_OUTER_BOUND('',#484,.T.);
#279=FACE_OUTER_BOUND('',#485,.T.);
#280=FACE_OUTER_BOUND('',#486,.T.);
#281=FACE_OUTER_BOUND('',#487,.T.);
#282=FACE_OUTER_BOUND('',#488,.T.);
#283=FACE_OUTER_BOUND('',#489,.T.);
#284=FACE_OUTER_BOUND('',#490,.T.);
#285=FACE_OUTER_BOUND('',#491,.T.);
#286=FACE_OUTER_BOUND('',#492,.T.);
#287=FACE_OUTER_BOUND('',#493,.T.);
#288=FACE_OUTER_BOUND('',#494,.T.);
#289=FACE_OUTER_BOUND('',#495,.T.);
#290=FACE_OUTER_BOUND('',#496,.T.);
#291=FACE_OUTER_BOUND('',#497,.T.);
#292=FACE_OUTER_BOUND('',#498,.T.);
#293=FACE_OUTER_BOUND('',#501,.T.);
#294=FACE_OUTER_BOUND('',#502,.T.);
#295=FACE_OUTER_BOUND('',#503,.T.);
#296=FACE_OUTER_BOUND('',#504,.T.);
#297=FACE_OUTER_BOUND('',#505,.T.);
#298=FACE_OUTER_BOUND('',#506,.T.);
#299=FACE_OUTER_BOUND('',#507,.T.);
#300=FACE_OUTER_BOUND('',#508,.T.);
#301=FACE_OUTER_BOUND('',#509,.T.);
#302=FACE_OUTER_BOUND('',#510,.T.);
#303=FACE_OUTER_BOUND('',#511,.T.);
#304=FACE_OUTER_BOUND('',#512,.T.);
#305=FACE_OUTER_BOUND('',#513,.T.);
#306=FACE_OUTER_BOUND('',#514,.T.);
#307=FACE_OUTER_BOUND('',#515,.T.);
#308=FACE_OUTER_BOUND('',#516,.T.);
#309=FACE_OUTER_BOUND('',#517,.T.);
#310=FACE_OUTER_BOUND('',#518,.T.);
#311=FACE_OUTER_BOUND('',#519,.T.);
#312=FACE_OUTER_BOUND('',#520,.T.);
#313=FACE_OUTER_BOUND('',#521,.T.);
#314=FACE_OUTER_BOUND('',#522,.T.);
#315=FACE_OUTER_BOUND('',#523,.T.);
#316=FACE_OUTER_BOUND('',#528,.T.);
#317=FACE_OUTER_BOUND('',#529,.T.);
#318=FACE_OUTER_BOUND('',#530,.T.);
#319=FACE_OUTER_BOUND('',#531,.T.);
#320=FACE_OUTER_BOUND('',#532,.T.);
#321=FACE_OUTER_BOUND('',#533,.T.);
#322=FACE_OUTER_BOUND('',#534,.T.);
#323=FACE_OUTER_BOUND('',#535,.T.);
#324=FACE_OUTER_BOUND('',#536,.T.);
#325=FACE_OUTER_BOUND('',#537,.T.);
#326=FACE_OUTER_BOUND('',#538,.T.);
#327=FACE_OUTER_BOUND('',#539,.T.);
#328=FACE_OUTER_BOUND('',#540,.T.);
#329=FACE_OUTER_BOUND('',#541,.T.);
#330=FACE_OUTER_BOUND('',#542,.T.);
#331=FACE_OUTER_BOUND('',#543,.T.);
#332=FACE_OUTER_BOUND('',#546,.T.);
#333=FACE_OUTER_BOUND('',#547,.T.);
#334=FACE_OUTER_BOUND('',#548,.T.);
#335=FACE_OUTER_BOUND('',#549,.T.);
#336=FACE_OUTER_BOUND('',#550,.T.);
#337=FACE_OUTER_BOUND('',#551,.T.);
#338=FACE_OUTER_BOUND('',#552,.T.);
#339=FACE_OUTER_BOUND('',#553,.T.);
#340=FACE_OUTER_BOUND('',#554,.T.);
#341=FACE_OUTER_BOUND('',#556,.T.);
#342=FACE_OUTER_BOUND('',#557,.T.);
#343=FACE_OUTER_BOUND('',#558,.T.);
#344=FACE_OUTER_BOUND('',#559,.T.);
#345=FACE_OUTER_BOUND('',#561,.T.);
#346=FACE_OUTER_BOUND('',#562,.T.);
#347=FACE_OUTER_BOUND('',#563,.T.);
#348=FACE_OUTER_BOUND('',#564,.T.);
#349=FACE_OUTER_BOUND('',#565,.T.);
#350=FACE_OUTER_BOUND('',#566,.T.);
#351=FACE_OUTER_BOUND('',#567,.T.);
#352=FACE_OUTER_BOUND('',#568,.T.);
#353=FACE_OUTER_BOUND('',#569,.T.);
#354=FACE_OUTER_BOUND('',#570,.T.);
#355=FACE_OUTER_BOUND('',#571,.T.);
#356=FACE_OUTER_BOUND('',#572,.T.);
#357=FACE_OUTER_BOUND('',#577,.T.);
#358=FACE_OUTER_BOUND('',#578,.T.);
#359=FACE_OUTER_BOUND('',#579,.T.);
#360=FACE_OUTER_BOUND('',#580,.T.);
#361=FACE_OUTER_BOUND('',#581,.T.);
#362=FACE_OUTER_BOUND('',#582,.T.);
#363=FACE_OUTER_BOUND('',#583,.T.);
#364=FACE_OUTER_BOUND('',#584,.T.);
#365=FACE_OUTER_BOUND('',#585,.T.);
#366=FACE_OUTER_BOUND('',#586,.T.);
#367=FACE_OUTER_BOUND('',#588,.T.);
#368=FACE_OUTER_BOUND('',#589,.T.);
#369=FACE_OUTER_BOUND('',#590,.T.);
#370=FACE_OUTER_BOUND('',#591,.T.);
#371=FACE_OUTER_BOUND('',#592,.T.);
#372=FACE_OUTER_BOUND('',#593,.T.);
#373=FACE_OUTER_BOUND('',#594,.T.);
#374=FACE_OUTER_BOUND('',#595,.T.);
#375=FACE_OUTER_BOUND('',#596,.T.);
#376=FACE_OUTER_BOUND('',#597,.T.);
#377=FACE_OUTER_BOUND('',#598,.T.);
#378=FACE_OUTER_BOUND('',#599,.T.);
#379=FACE_OUTER_BOUND('',#602,.T.);
#380=FACE_OUTER_BOUND('',#603,.T.);
#381=FACE_OUTER_BOUND('',#604,.T.);
#382=FACE_OUTER_BOUND('',#605,.T.);
#383=FACE_OUTER_BOUND('',#606,.T.);
#384=FACE_OUTER_BOUND('',#607,.T.);
#385=FACE_OUTER_BOUND('',#608,.T.);
#386=FACE_OUTER_BOUND('',#609,.T.);
#387=FACE_OUTER_BOUND('',#610,.T.);
#388=FACE_OUTER_BOUND('',#611,.T.);
#389=FACE_OUTER_BOUND('',#612,.T.);
#390=FACE_OUTER_BOUND('',#613,.T.);
#391=FACE_OUTER_BOUND('',#614,.T.);
#392=FACE_OUTER_BOUND('',#615,.T.);
#393=FACE_OUTER_BOUND('',#616,.T.);
#394=FACE_OUTER_BOUND('',#617,.T.);
#395=FACE_OUTER_BOUND('',#618,.T.);
#396=FACE_OUTER_BOUND('',#619,.T.);
#397=FACE_OUTER_BOUND('',#620,.T.);
#398=FACE_OUTER_BOUND('',#621,.T.);
#399=FACE_OUTER_BOUND('',#622,.T.);
#400=FACE_OUTER_BOUND('',#623,.T.);
#401=FACE_OUTER_BOUND('',#624,.T.);
#402=FACE_OUTER_BOUND('',#625,.T.);
#403=FACE_OUTER_BOUND('',#626,.T.);
#404=FACE_OUTER_BOUND('',#627,.T.);
#405=FACE_OUTER_BOUND('',#628,.T.);
#406=FACE_OUTER_BOUND('',#629,.T.);
#407=FACE_OUTER_BOUND('',#631,.T.);
#408=FACE_OUTER_BOUND('',#632,.T.);
#409=FACE_OUTER_BOUND('',#639,.T.);
#410=FACE_OUTER_BOUND('',#640,.T.);
#411=FACE_OUTER_BOUND('',#641,.T.);
#412=FACE_OUTER_BOUND('',#642,.T.);
#413=FACE_OUTER_BOUND('',#643,.T.);
#414=FACE_OUTER_BOUND('',#644,.T.);
#415=FACE_OUTER_BOUND('',#645,.T.);
#416=FACE_OUTER_BOUND('',#646,.T.);
#417=FACE_OUTER_BOUND('',#647,.T.);
#418=FACE_OUTER_BOUND('',#648,.T.);
#419=FACE_OUTER_BOUND('',#649,.T.);
#420=FACE_OUTER_BOUND('',#650,.T.);
#421=FACE_OUTER_BOUND('',#651,.T.);
#422=FACE_OUTER_BOUND('',#652,.T.);
#423=FACE_OUTER_BOUND('',#653,.T.);
#424=FACE_OUTER_BOUND('',#654,.T.);
#425=FACE_OUTER_BOUND('',#655,.T.);
#426=FACE_OUTER_BOUND('',#656,.T.);
#427=FACE_OUTER_BOUND('',#657,.T.);
#428=FACE_OUTER_BOUND('',#658,.T.);
#429=FACE_OUTER_BOUND('',#659,.T.);
#430=FACE_OUTER_BOUND('',#660,.T.);
#431=FACE_OUTER_BOUND('',#661,.T.);
#432=FACE_OUTER_BOUND('',#662,.T.);
#433=FACE_OUTER_BOUND('',#663,.T.);
#434=FACE_OUTER_BOUND('',#664,.T.);
#435=FACE_OUTER_BOUND('',#665,.T.);
#436=FACE_OUTER_BOUND('',#666,.T.);
#437=FACE_OUTER_BOUND('',#667,.T.);
#438=FACE_OUTER_BOUND('',#668,.T.);
#439=FACE_OUTER_BOUND('',#669,.T.);
#440=FACE_OUTER_BOUND('',#670,.T.);
#441=FACE_OUTER_BOUND('',#671,.T.);
#442=FACE_OUTER_BOUND('',#672,.T.);
#443=FACE_OUTER_BOUND('',#673,.T.);
#444=FACE_OUTER_BOUND('',#674,.T.);
#445=FACE_OUTER_BOUND('',#675,.T.);
#446=FACE_OUTER_BOUND('',#676,.T.);
#447=FACE_OUTER_BOUND('',#677,.T.);
#448=EDGE_LOOP('',(#3006,#3007,#3008,#3009));
#449=EDGE_LOOP('',(#3010,#3011,#3012,#3013,#3014,#3015,#3016,#3017,#3018,
#3019,#3020,#3021));
#450=EDGE_LOOP('',(#3022,#3023,#3024,#3025,#3026));
#451=EDGE_LOOP('',(#3027,#3028,#3029,#3030,#3031));
#452=EDGE_LOOP('',(#3032,#3033,#3034,#3035));
#453=EDGE_LOOP('',(#3036,#3037,#3038,#3039,#3040,#3041,#3042));
#454=EDGE_LOOP('',(#3043,#3044,#3045,#3046));
#455=EDGE_LOOP('',(#3047,#3048,#3049,#3050,#3051,#3052,#3053,#3054,#3055,
#3056,#3057,#3058,#3059,#3060,#3061,#3062,#3063,#3064,#3065));
#456=EDGE_LOOP('',(#3066,#3067,#3068,#3069));
#457=EDGE_LOOP('',(#3070,#3071,#3072,#3073));
#458=EDGE_LOOP('',(#3074,#3075,#3076,#3077));
#459=EDGE_LOOP('',(#3078,#3079,#3080,#3081));
#460=EDGE_LOOP('',(#3082,#3083,#3084,#3085,#3086,#3087,#3088,#3089,#3090));
#461=EDGE_LOOP('',(#3091,#3092,#3093,#3094));
#462=EDGE_LOOP('',(#3095,#3096,#3097,#3098));
#463=EDGE_LOOP('',(#3099,#3100,#3101,#3102,#3103));
#464=EDGE_LOOP('',(#3104,#3105,#3106,#3107));
#465=EDGE_LOOP('',(#3108,#3109,#3110,#3111));
#466=EDGE_LOOP('',(#3112,#3113,#3114,#3115,#3116,#3117,#3118,#3119,#3120,
#3121,#3122,#3123));
#467=EDGE_LOOP('',(#3124,#3125,#3126,#3127,#3128,#3129,#3130,#3131,#3132,
#3133));
#468=EDGE_LOOP('',(#3134,#3135,#3136,#3137));
#469=EDGE_LOOP('',(#3138,#3139,#3140,#3141));
#470=EDGE_LOOP('',(#3142,#3143,#3144,#3145,#3146,#3147));
#471=EDGE_LOOP('',(#3148,#3149,#3150,#3151,#3152,#3153,#3154,#3155,#3156,
#3157,#3158,#3159,#3160,#3161,#3162,#3163,#3164,#3165,#3166,#3167,#3168,
#3169,#3170,#3171,#3172,#3173));
#472=EDGE_LOOP('',(#3174,#3175,#3176,#3177));
#473=EDGE_LOOP('',(#3178,#3179,#3180,#3181,#3182,#3183,#3184,#3185,#3186));
#474=EDGE_LOOP('',(#3187,#3188,#3189,#3190));
#475=EDGE_LOOP('',(#3191,#3192,#3193,#3194,#3195,#3196,#3197,#3198));
#476=EDGE_LOOP('',(#3199,#3200,#3201,#3202));
#477=EDGE_LOOP('',(#3203,#3204,#3205,#3206));
#478=EDGE_LOOP('',(#3207,#3208,#3209,#3210,#3211,#3212));
#479=EDGE_LOOP('',(#3213,#3214,#3215,#3216,#3217));
#480=EDGE_LOOP('',(#3218,#3219,#3220,#3221));
#481=EDGE_LOOP('',(#3222,#3223,#3224,#3225));
#482=EDGE_LOOP('',(#3226,#3227,#3228,#3229));
#483=EDGE_LOOP('',(#3230,#3231,#3232));
#484=EDGE_LOOP('',(#3233,#3234,#3235,#3236,#3237));
#485=EDGE_LOOP('',(#3238,#3239,#3240,#3241));
#486=EDGE_LOOP('',(#3242,#3243,#3244,#3245));
#487=EDGE_LOOP('',(#3246,#3247,#3248,#3249,#3250));
#488=EDGE_LOOP('',(#3251,#3252,#3253,#3254));
#489=EDGE_LOOP('',(#3255,#3256,#3257,#3258));
#490=EDGE_LOOP('',(#3259,#3260,#3261,#3262));
#491=EDGE_LOOP('',(#3263,#3264,#3265,#3266));
#492=EDGE_LOOP('',(#3267,#3268,#3269,#3270));
#493=EDGE_LOOP('',(#3271,#3272,#3273,#3274));
#494=EDGE_LOOP('',(#3275,#3276,#3277,#3278,#3279,#3280,#3281,#3282,#3283,
#3284,#3285,#3286,#3287,#3288,#3289,#3290,#3291,#3292,#3293,#3294,#3295,
#3296,#3297,#3298,#3299));
#495=EDGE_LOOP('',(#3300,#3301,#3302,#3303,#3304,#3305));
#496=EDGE_LOOP('',(#3306,#3307,#3308,#3309));
#497=EDGE_LOOP('',(#3310,#3311,#3312,#3313,#3314,#3315,#3316,#3317,#3318,
#3319,#3320,#3321,#3322,#3323,#3324,#3325));
#498=EDGE_LOOP('',(#3326,#3327,#3328,#3329,#3330,#3331,#3332,#3333));
#499=EDGE_LOOP('',(#3334,#3335,#3336,#3337));
#500=EDGE_LOOP('',(#3338,#3339,#3340,#3341));
#501=EDGE_LOOP('',(#3342,#3343,#3344,#3345));
#502=EDGE_LOOP('',(#3346,#3347,#3348,#3349,#3350,#3351));
#503=EDGE_LOOP('',(#3352,#3353,#3354,#3355));
#504=EDGE_LOOP('',(#3356,#3357,#3358,#3359,#3360,#3361));
#505=EDGE_LOOP('',(#3362,#3363,#3364,#3365));
#506=EDGE_LOOP('',(#3366,#3367,#3368,#3369));
#507=EDGE_LOOP('',(#3370,#3371,#3372,#3373));
#508=EDGE_LOOP('',(#3374,#3375,#3376,#3377));
#509=EDGE_LOOP('',(#3378,#3379,#3380,#3381));
#510=EDGE_LOOP('',(#3382,#3383,#3384));
#511=EDGE_LOOP('',(#3385,#3386,#3387,#3388));
#512=EDGE_LOOP('',(#3389,#3390,#3391,#3392,#3393,#3394));
#513=EDGE_LOOP('',(#3395,#3396,#3397,#3398,#3399,#3400,#3401,#3402));
#514=EDGE_LOOP('',(#3403,#3404,#3405,#3406,#3407,#3408,#3409,#3410));
#515=EDGE_LOOP('',(#3411,#3412,#3413,#3414));
#516=EDGE_LOOP('',(#3415,#3416,#3417,#3418));
#517=EDGE_LOOP('',(#3419,#3420,#3421,#3422));
#518=EDGE_LOOP('',(#3423,#3424,#3425,#3426));
#519=EDGE_LOOP('',(#3427,#3428,#3429,#3430,#3431,#3432,#3433,#3434,#3435,
#3436,#3437,#3438,#3439));
#520=EDGE_LOOP('',(#3440,#3441,#3442,#3443,#3444,#3445));
#521=EDGE_LOOP('',(#3446,#3447,#3448,#3449));
#522=EDGE_LOOP('',(#3450,#3451,#3452,#3453,#3454,#3455));
#523=EDGE_LOOP('',(#3456,#3457,#3458,#3459,#3460,#3461));
#524=EDGE_LOOP('',(#3462,#3463,#3464,#3465));
#525=EDGE_LOOP('',(#3466,#3467,#3468,#3469));
#526=EDGE_LOOP('',(#3470,#3471,#3472,#3473));
#527=EDGE_LOOP('',(#3474,#3475,#3476,#3477));
#528=EDGE_LOOP('',(#3478,#3479,#3480,#3481));
#529=EDGE_LOOP('',(#3482,#3483,#3484,#3485));
#530=EDGE_LOOP('',(#3486,#3487,#3488,#3489));
#531=EDGE_LOOP('',(#3490,#3491,#3492,#3493));
#532=EDGE_LOOP('',(#3494,#3495,#3496,#3497));
#533=EDGE_LOOP('',(#3498,#3499,#3500,#3501));
#534=EDGE_LOOP('',(#3502,#3503,#3504,#3505));
#535=EDGE_LOOP('',(#3506,#3507,#3508,#3509));
#536=EDGE_LOOP('',(#3510,#3511,#3512,#3513,#3514,#3515,#3516,#3517));
#537=EDGE_LOOP('',(#3518,#3519,#3520,#3521,#3522,#3523));
#538=EDGE_LOOP('',(#3524,#3525,#3526,#3527));
#539=EDGE_LOOP('',(#3528,#3529,#3530));
#540=EDGE_LOOP('',(#3531,#3532,#3533,#3534,#3535,#3536));
#541=EDGE_LOOP('',(#3537,#3538,#3539,#3540));
#542=EDGE_LOOP('',(#3541,#3542,#3543,#3544,#3545,#3546,#3547,#3548,#3549,
#3550));
#543=EDGE_LOOP('',(#3551,#3552,#3553,#3554,#3555,#3556,#3557,#3558));
#544=EDGE_LOOP('',(#3559,#3560,#3561,#3562));
#545=EDGE_LOOP('',(#3563,#3564,#3565,#3566));
#546=EDGE_LOOP('',(#3567,#3568,#3569,#3570));
#547=EDGE_LOOP('',(#3571,#3572,#3573,#3574));
#548=EDGE_LOOP('',(#3575,#3576,#3577,#3578));
#549=EDGE_LOOP('',(#3579,#3580,#3581,#3582));
#550=EDGE_LOOP('',(#3583,#3584,#3585,#3586,#3587,#3588));
#551=EDGE_LOOP('',(#3589,#3590,#3591,#3592));
#552=EDGE_LOOP('',(#3593,#3594,#3595,#3596,#3597,#3598));
#553=EDGE_LOOP('',(#3599,#3600,#3601,#3602,#3603));
#554=EDGE_LOOP('',(#3604,#3605,#3606,#3607,#3608,#3609,#3610,#3611,#3612,
#3613));
#555=EDGE_LOOP('',(#3614,#3615,#3616,#3617));
#556=EDGE_LOOP('',(#3618,#3619,#3620,#3621));
#557=EDGE_LOOP('',(#3622,#3623,#3624,#3625));
#558=EDGE_LOOP('',(#3626,#3627,#3628,#3629));
#559=EDGE_LOOP('',(#3630,#3631,#3632,#3633,#3634,#3635));
#560=EDGE_LOOP('',(#3636));
#561=EDGE_LOOP('',(#3637,#3638,#3639,#3640,#3641,#3642,#3643,#3644,#3645,
#3646,#3647,#3648));
#562=EDGE_LOOP('',(#3649,#3650,#3651,#3652));
#563=EDGE_LOOP('',(#3653,#3654,#3655,#3656));
#564=EDGE_LOOP('',(#3657,#3658,#3659,#3660));
#565=EDGE_LOOP('',(#3661,#3662,#3663,#3664));
#566=EDGE_LOOP('',(#3665,#3666,#3667,#3668,#3669,#3670));
#567=EDGE_LOOP('',(#3671,#3672,#3673,#3674,#3675,#3676,#3677,#3678));
#568=EDGE_LOOP('',(#3679,#3680,#3681,#3682));
#569=EDGE_LOOP('',(#3683,#3684,#3685,#3686));
#570=EDGE_LOOP('',(#3687,#3688,#3689,#3690,#3691,#3692,#3693,#3694));
#571=EDGE_LOOP('',(#3695,#3696,#3697,#3698,#3699,#3700,#3701,#3702));
#572=EDGE_LOOP('',(#3703,#3704,#3705,#3706,#3707,#3708,#3709,#3710,#3711));
#573=EDGE_LOOP('',(#3712,#3713,#3714,#3715));
#574=EDGE_LOOP('',(#3716,#3717,#3718,#3719));
#575=EDGE_LOOP('',(#3720,#3721,#3722,#3723));
#576=EDGE_LOOP('',(#3724,#3725,#3726,#3727));
#577=EDGE_LOOP('',(#3728,#3729,#3730,#3731));
#578=EDGE_LOOP('',(#3732,#3733,#3734,#3735,#3736,#3737,#3738,#3739,#3740,
#3741,#3742,#3743));
#579=EDGE_LOOP('',(#3744,#3745,#3746,#3747));
#580=EDGE_LOOP('',(#3748,#3749,#3750,#3751));
#581=EDGE_LOOP('',(#3752,#3753,#3754,#3755,#3756,#3757));
#582=EDGE_LOOP('',(#3758,#3759,#3760,#3761,#3762,#3763));
#583=EDGE_LOOP('',(#3764,#3765,#3766,#3767,#3768,#3769));
#584=EDGE_LOOP('',(#3770,#3771,#3772,#3773,#3774,#3775,#3776,#3777,#3778,
#3779,#3780,#3781,#3782,#3783));
#585=EDGE_LOOP('',(#3784,#3785,#3786,#3787,#3788,#3789));
#586=EDGE_LOOP('',(#3790,#3791,#3792,#3793,#3794,#3795,#3796,#3797,#3798,
#3799,#3800));
#587=EDGE_LOOP('',(#3801));
#588=EDGE_LOOP('',(#3802,#3803,#3804,#3805,#3806,#3807,#3808));
#589=EDGE_LOOP('',(#3809,#3810,#3811,#3812));
#590=EDGE_LOOP('',(#3813,#3814,#3815,#3816));
#591=EDGE_LOOP('',(#3817,#3818,#3819,#3820));
#592=EDGE_LOOP('',(#3821,#3822,#3823,#3824));
#593=EDGE_LOOP('',(#3825,#3826,#3827,#3828,#3829,#3830));
#594=EDGE_LOOP('',(#3831,#3832,#3833,#3834,#3835,#3836));
#595=EDGE_LOOP('',(#3837,#3838,#3839,#3840,#3841,#3842));
#596=EDGE_LOOP('',(#3843,#3844,#3845,#3846,#3847,#3848,#3849));
#597=EDGE_LOOP('',(#3850,#3851,#3852,#3853,#3854,#3855,#3856,#3857,#3858,
#3859));
#598=EDGE_LOOP('',(#3860,#3861,#3862,#3863,#3864,#3865,#3866,#3867,#3868,
#3869,#3870,#3871,#3872));
#599=EDGE_LOOP('',(#3873,#3874,#3875,#3876));
#600=EDGE_LOOP('',(#3877,#3878,#3879,#3880));
#601=EDGE_LOOP('',(#3881,#3882,#3883,#3884));
#602=EDGE_LOOP('',(#3885,#3886,#3887,#3888,#3889));
#603=EDGE_LOOP('',(#3890,#3891,#3892,#3893));
#604=EDGE_LOOP('',(#3894,#3895,#3896,#3897));
#605=EDGE_LOOP('',(#3898,#3899,#3900,#3901));
#606=EDGE_LOOP('',(#3902,#3903,#3904,#3905));
#607=EDGE_LOOP('',(#3906,#3907,#3908,#3909,#3910,#3911,#3912,#3913,#3914,
#3915));
#608=EDGE_LOOP('',(#3916,#3917,#3918,#3919));
#609=EDGE_LOOP('',(#3920,#3921,#3922,#3923));
#610=EDGE_LOOP('',(#3924,#3925,#3926,#3927));
#611=EDGE_LOOP('',(#3928,#3929,#3930,#3931));
#612=EDGE_LOOP('',(#3932,#3933,#3934,#3935));
#613=EDGE_LOOP('',(#3936,#3937,#3938,#3939,#3940,#3941));
#614=EDGE_LOOP('',(#3942,#3943,#3944,#3945));
#615=EDGE_LOOP('',(#3946,#3947,#3948,#3949));
#616=EDGE_LOOP('',(#3950,#3951,#3952,#3953,#3954,#3955,#3956,#3957));
#617=EDGE_LOOP('',(#3958,#3959,#3960,#3961,#3962,#3963,#3964,#3965,#3966,
#3967));
#618=EDGE_LOOP('',(#3968,#3969,#3970,#3971));
#619=EDGE_LOOP('',(#3972,#3973,#3974,#3975,#3976,#3977,#3978,#3979));
#620=EDGE_LOOP('',(#3980,#3981,#3982,#3983,#3984,#3985));
#621=EDGE_LOOP('',(#3986,#3987,#3988,#3989,#3990,#3991,#3992,#3993,#3994,
#3995));
#622=EDGE_LOOP('',(#3996,#3997,#3998,#3999,#4000,#4001,#4002,#4003,#4004,
#4005));
#623=EDGE_LOOP('',(#4006,#4007,#4008,#4009,#4010,#4011,#4012,#4013,#4014,
#4015));
#624=EDGE_LOOP('',(#4016,#4017,#4018,#4019,#4020,#4021,#4022));
#625=EDGE_LOOP('',(#4023,#4024,#4025,#4026));
#626=EDGE_LOOP('',(#4027,#4028,#4029,#4030,#4031,#4032));
#627=EDGE_LOOP('',(#4033,#4034,#4035,#4036,#4037,#4038));
#628=EDGE_LOOP('',(#4039,#4040,#4041,#4042));
#629=EDGE_LOOP('',(#4043,#4044,#4045,#4046,#4047,#4048,#4049,#4050,#4051,
#4052,#4053));
#630=EDGE_LOOP('',(#4054,#4055,#4056,#4057));
#631=EDGE_LOOP('',(#4058,#4059,#4060,#4061));
#632=EDGE_LOOP('',(#4062,#4063,#4064,#4065,#4066,#4067,#4068,#4069,#4070,
#4071,#4072,#4073,#4074,#4075,#4076,#4077,#4078));
#633=EDGE_LOOP('',(#4079,#4080,#4081,#4082));
#634=EDGE_LOOP('',(#4083,#4084,#4085,#4086));
#635=EDGE_LOOP('',(#4087,#4088,#4089,#4090));
#636=EDGE_LOOP('',(#4091,#4092,#4093,#4094));
#637=EDGE_LOOP('',(#4095,#4096,#4097,#4098));
#638=EDGE_LOOP('',(#4099,#4100,#4101,#4102));
#639=EDGE_LOOP('',(#4103,#4104,#4105,#4106,#4107,#4108));
#640=EDGE_LOOP('',(#4109,#4110,#4111,#4112));
#641=EDGE_LOOP('',(#4113,#4114,#4115,#4116));
#642=EDGE_LOOP('',(#4117,#4118,#4119,#4120));
#643=EDGE_LOOP('',(#4121,#4122,#4123,#4124));
#644=EDGE_LOOP('',(#4125,#4126,#4127,#4128));
#645=EDGE_LOOP('',(#4129,#4130,#4131,#4132));
#646=EDGE_LOOP('',(#4133,#4134,#4135,#4136));
#647=EDGE_LOOP('',(#4137,#4138,#4139,#4140));
#648=EDGE_LOOP('',(#4141,#4142,#4143,#4144));
#649=EDGE_LOOP('',(#4145,#4146,#4147,#4148));
#650=EDGE_LOOP('',(#4149,#4150,#4151,#4152));
#651=EDGE_LOOP('',(#4153,#4154,#4155,#4156));
#652=EDGE_LOOP('',(#4157,#4158,#4159,#4160));
#653=EDGE_LOOP('',(#4161,#4162,#4163,#4164));
#654=EDGE_LOOP('',(#4165,#4166,#4167,#4168));
#655=EDGE_LOOP('',(#4169,#4170,#4171,#4172));
#656=EDGE_LOOP('',(#4173,#4174,#4175,#4176));
#657=EDGE_LOOP('',(#4177,#4178,#4179,#4180));
#658=EDGE_LOOP('',(#4181,#4182,#4183,#4184));
#659=EDGE_LOOP('',(#4185,#4186,#4187,#4188));
#660=EDGE_LOOP('',(#4189,#4190,#4191,#4192));
#661=EDGE_LOOP('',(#4193,#4194,#4195,#4196,#4197,#4198));
#662=EDGE_LOOP('',(#4199,#4200,#4201,#4202));
#663=EDGE_LOOP('',(#4203,#4204,#4205,#4206,#4207,#4208,#4209,#4210,#4211,
#4212));
#664=EDGE_LOOP('',(#4213,#4214,#4215,#4216));
#665=EDGE_LOOP('',(#4217,#4218,#4219,#4220));
#666=EDGE_LOOP('',(#4221,#4222,#4223,#4224));
#667=EDGE_LOOP('',(#4225,#4226,#4227,#4228,#4229,#4230));
#668=EDGE_LOOP('',(#4231,#4232,#4233,#4234));
#669=EDGE_LOOP('',(#4235,#4236,#4237,#4238));
#670=EDGE_LOOP('',(#4239,#4240,#4241,#4242));
#671=EDGE_LOOP('',(#4243,#4244,#4245,#4246,#4247));
#672=EDGE_LOOP('',(#4248,#4249,#4250,#4251));
#673=EDGE_LOOP('',(#4252,#4253,#4254,#4255,#4256,#4257));
#674=EDGE_LOOP('',(#4258,#4259,#4260,#4261));
#675=EDGE_LOOP('',(#4262,#4263,#4264,#4265));
#676=EDGE_LOOP('',(#4266,#4267,#4268,#4269));
#677=EDGE_LOOP('',(#4270,#4271,#4272,#4273,#4274,#4275,#4276,#4277,#4278,
#4279,#4280,#4281,#4282,#4283,#4284,#4285));
#678=LINE('',#5814,#1304);
#679=LINE('',#5817,#1305);
#680=LINE('',#5820,#1306);
#681=LINE('',#5822,#1307);
#682=LINE('',#5824,#1308);
#683=LINE('',#5826,#1309);
#684=LINE('',#5828,#1310);
#685=LINE('',#5830,#1311);
#686=LINE('',#5832,#1312);
#687=LINE('',#5834,#1313);
#688=LINE('',#5836,#1314);
#689=LINE('',#5838,#1315);
#690=LINE('',#5839,#1316);
#691=LINE('',#5842,#1317);
#692=LINE('',#5844,#1318);
#693=LINE('',#5845,#1319);
#694=LINE('',#5848,#1320);
#695=LINE('',#5850,#1321);
#696=LINE('',#5852,#1322);
#697=LINE('',#5853,#1323);
#698=LINE('',#5855,#1324);
#699=LINE('',#5858,#1325);
#700=LINE('',#5860,#1326);
#701=LINE('',#5861,#1327);
#702=LINE('',#5865,#1328);
#703=LINE('',#5867,#1329);
#704=LINE('',#5869,#1330);
#705=LINE('',#5870,#1331);
#706=LINE('',#5873,#1332);
#707=LINE('',#5875,#1333);
#708=LINE('',#5877,#1334);
#709=LINE('',#5879,#1335);
#710=LINE('',#5881,#1336);
#711=LINE('',#5883,#1337);
#712=LINE('',#5885,#1338);
#713=LINE('',#5887,#1339);
#714=LINE('',#5889,#1340);
#715=LINE('',#5891,#1341);
#716=LINE('',#5893,#1342);
#717=LINE('',#5895,#1343);
#718=LINE('',#5897,#1344);
#719=LINE('',#5899,#1345);
#720=LINE('',#5901,#1346);
#721=LINE('',#5903,#1347);
#722=LINE('',#5905,#1348);
#723=LINE('',#5906,#1349);
#724=LINE('',#5910,#1350);
#725=LINE('',#5912,#1351);
#726=LINE('',#5914,#1352);
#727=LINE('',#5915,#1353);
#728=LINE('',#5918,#1354);
#729=LINE('',#5920,#1355);
#730=LINE('',#5921,#1356);
#731=LINE('',#5924,#1357);
#732=LINE('',#5926,#1358);
#733=LINE('',#5927,#1359);
#734=LINE('',#5931,#1360);
#735=LINE('',#5932,#1361);
#736=LINE('',#5933,#1362);
#737=LINE('',#5936,#1363);
#738=LINE('',#5938,#1364);
#739=LINE('',#5940,#1365);
#740=LINE('',#5942,#1366);
#741=LINE('',#5943,#1367);
#742=LINE('',#5946,#1368);
#743=LINE('',#5947,#1369);
#744=LINE('',#5949,#1370);
#745=LINE('',#5950,#1371);
#746=LINE('',#5953,#1372);
#747=LINE('',#5954,#1373);
#748=LINE('',#5957,#1374);
#749=LINE('',#5958,#1375);
#750=LINE('',#5961,#1376);
#751=LINE('',#5963,#1377);
#752=LINE('',#5964,#1378);
#753=LINE('',#5968,#1379);
#754=LINE('',#5970,#1380);
#755=LINE('',#5972,#1381);
#756=LINE('',#5974,#1382);
#757=LINE('',#5976,#1383);
#758=LINE('',#5978,#1384);
#759=LINE('',#5980,#1385);
#760=LINE('',#5982,#1386);
#761=LINE('',#5984,#1387);
#762=LINE('',#5986,#1388);
#763=LINE('',#5988,#1389);
#764=LINE('',#5989,#1390);
#765=LINE('',#5992,#1391);
#766=LINE('',#5994,#1392);
#767=LINE('',#5996,#1393);
#768=LINE('',#5998,#1394);
#769=LINE('',#5999,#1395);
#770=LINE('',#6001,#1396);
#771=LINE('',#6003,#1397);
#772=LINE('',#6004,#1398);
#773=LINE('',#6007,#1399);
#774=LINE('',#6009,#1400);
#775=LINE('',#6010,#1401);
#776=LINE('',#6013,#1402);
#777=LINE('',#6014,#1403);
#778=LINE('',#6017,#1404);
#779=LINE('',#6019,#1405);
#780=LINE('',#6021,#1406);
#781=LINE('',#6022,#1407);
#782=LINE('',#6026,#1408);
#783=LINE('',#6028,#1409);
#784=LINE('',#6030,#1410);
#785=LINE('',#6032,#1411);
#786=LINE('',#6034,#1412);
#787=LINE('',#6036,#1413);
#788=LINE('',#6038,#1414);
#789=LINE('',#6040,#1415);
#790=LINE('',#6042,#1416);
#791=LINE('',#6044,#1417);
#792=LINE('',#6046,#1418);
#793=LINE('',#6048,#1419);
#794=LINE('',#6050,#1420);
#795=LINE('',#6052,#1421);
#796=LINE('',#6054,#1422);
#797=LINE('',#6056,#1423);
#798=LINE('',#6058,#1424);
#799=LINE('',#6060,#1425);
#800=LINE('',#6062,#1426);
#801=LINE('',#6064,#1427);
#802=LINE('',#6066,#1428);
#803=LINE('',#6068,#1429);
#804=LINE('',#6070,#1430);
#805=LINE('',#6072,#1431);
#806=LINE('',#6074,#1432);
#807=LINE('',#6075,#1433);
#808=LINE('',#6079,#1434);
#809=LINE('',#6081,#1435);
#810=LINE('',#6083,#1436);
#811=LINE('',#6084,#1437);
#812=LINE('',#6087,#1438);
#813=LINE('',#6089,#1439);
#814=LINE('',#6091,#1440);
#815=LINE('',#6093,#1441);
#816=LINE('',#6095,#1442);
#817=LINE('',#6097,#1443);
#818=LINE('',#6099,#1444);
#819=LINE('',#6100,#1445);
#820=LINE('',#6103,#1446);
#821=LINE('',#6104,#1447);
#822=LINE('',#6108,#1448);
#823=LINE('',#6110,#1449);
#824=LINE('',#6112,#1450);
#825=LINE('',#6114,#1451);
#826=LINE('',#6116,#1452);
#827=LINE('',#6117,#1453);
#828=LINE('',#6118,#1454);
#829=LINE('',#6121,#1455);
#830=LINE('',#6122,#1456);
#831=LINE('',#6125,#1457);
#832=LINE('',#6126,#1458);
#833=LINE('',#6129,#1459);
#834=LINE('',#6131,#1460);
#835=LINE('',#6133,#1461);
#836=LINE('',#6134,#1462);
#837=LINE('',#6137,#1463);
#838=LINE('',#6138,#1464);
#839=LINE('',#6139,#1465);
#840=LINE('',#6142,#1466);
#841=LINE('',#6143,#1467);
#842=LINE('',#6146,#1468);
#843=LINE('',#6148,#1469);
#844=LINE('',#6149,#1470);
#845=LINE('',#6153,#1471);
#846=LINE('',#6155,#1472);
#847=LINE('',#6157,#1473);
#848=LINE('',#6158,#1474);
#849=LINE('',#6162,#1475);
#850=LINE('',#6164,#1476);
#851=LINE('',#6165,#1477);
#852=LINE('',#6168,#1478);
#853=LINE('',#6169,#1479);
#854=LINE('',#6170,#1480);
#855=LINE('',#6173,#1481);
#856=LINE('',#6174,#1482);
#857=LINE('',#6176,#1483);
#858=LINE('',#6179,#1484);
#859=LINE('',#6181,#1485);
#860=LINE('',#6182,#1486);
#861=LINE('',#6184,#1487);
#862=LINE('',#6185,#1488);
#863=LINE('',#6191,#1489);
#864=LINE('',#6194,#1490);
#865=LINE('',#6196,#1491);
#866=LINE('',#6197,#1492);
#867=LINE('',#6200,#1493);
#868=LINE('',#6202,#1494);
#869=LINE('',#6203,#1495);
#870=LINE('',#6206,#1496);
#871=LINE('',#6208,#1497);
#872=LINE('',#6209,#1498);
#873=LINE('',#6211,#1499);
#874=LINE('',#6212,#1500);
#875=LINE('',#6215,#1501);
#876=LINE('',#6217,#1502);
#877=LINE('',#6218,#1503);
#878=LINE('',#6220,#1504);
#879=LINE('',#6221,#1505);
#880=LINE('',#6223,#1506);
#881=LINE('',#6224,#1507);
#882=LINE('',#6226,#1508);
#883=LINE('',#6229,#1509);
#884=LINE('',#6231,#1510);
#885=LINE('',#6232,#1511);
#886=LINE('',#6234,#1512);
#887=LINE('',#6236,#1513);
#888=LINE('',#6237,#1514);
#889=LINE('',#6239,#1515);
#890=LINE('',#6241,#1516);
#891=LINE('',#6243,#1517);
#892=LINE('',#6245,#1518);
#893=LINE('',#6247,#1519);
#894=LINE('',#6249,#1520);
#895=LINE('',#6251,#1521);
#896=LINE('',#6253,#1522);
#897=LINE('',#6254,#1523);
#898=LINE('',#6258,#1524);
#899=LINE('',#6260,#1525);
#900=LINE('',#6262,#1526);
#901=LINE('',#6263,#1527);
#902=LINE('',#6266,#1528);
#903=LINE('',#6268,#1529);
#904=LINE('',#6270,#1530);
#905=LINE('',#6271,#1531);
#906=LINE('',#6274,#1532);
#907=LINE('',#6276,#1533);
#908=LINE('',#6277,#1534);
#909=LINE('',#6280,#1535);
#910=LINE('',#6281,#1536);
#911=LINE('',#6284,#1537);
#912=LINE('',#6285,#1538);
#913=LINE('',#6287,#1539);
#914=LINE('',#6291,#1540);
#915=LINE('',#6293,#1541);
#916=LINE('',#6294,#1542);
#917=LINE('',#6297,#1543);
#918=LINE('',#6298,#1544);
#919=LINE('',#6301,#1545);
#920=LINE('',#6303,#1546);
#921=LINE('',#6304,#1547);
#922=LINE('',#6307,#1548);
#923=LINE('',#6308,#1549);
#924=LINE('',#6311,#1550);
#925=LINE('',#6312,#1551);
#926=LINE('',#6315,#1552);
#927=LINE('',#6316,#1553);
#928=LINE('',#6320,#1554);
#929=LINE('',#6321,#1555);
#930=LINE('',#6322,#1556);
#931=LINE('',#6323,#1557);
#932=LINE('',#6326,#1558);
#933=LINE('',#6328,#1559);
#934=LINE('',#6330,#1560);
#935=LINE('',#6332,#1561);
#936=LINE('',#6334,#1562);
#937=LINE('',#6336,#1563);
#938=LINE('',#6337,#1564);
#939=LINE('',#6340,#1565);
#940=LINE('',#6341,#1566);
#941=LINE('',#6344,#1567);
#942=LINE('',#6345,#1568);
#943=LINE('',#6348,#1569);
#944=LINE('',#6349,#1570);
#945=LINE('',#6351,#1571);
#946=LINE('',#6355,#1572);
#947=LINE('',#6356,#1573);
#948=LINE('',#6357,#1574);
#949=LINE('',#6360,#1575);
#950=LINE('',#6362,#1576);
#951=LINE('',#6364,#1577);
#952=LINE('',#6366,#1578);
#953=LINE('',#6368,#1579);
#954=LINE('',#6370,#1580);
#955=LINE('',#6371,#1581);
#956=LINE('',#6372,#1582);
#957=LINE('',#6375,#1583);
#958=LINE('',#6377,#1584);
#959=LINE('',#6379,#1585);
#960=LINE('',#6381,#1586);
#961=LINE('',#6382,#1587);
#962=LINE('',#6385,#1588);
#963=LINE('',#6386,#1589);
#964=LINE('',#6389,#1590);
#965=LINE('',#6391,#1591);
#966=LINE('',#6393,#1592);
#967=LINE('',#6394,#1593);
#968=LINE('',#6398,#1594);
#969=LINE('',#6400,#1595);
#970=LINE('',#6402,#1596);
#971=LINE('',#6403,#1597);
#972=LINE('',#6406,#1598);
#973=LINE('',#6408,#1599);
#974=LINE('',#6410,#1600);
#975=LINE('',#6411,#1601);
#976=LINE('',#6414,#1602);
#977=LINE('',#6416,#1603);
#978=LINE('',#6418,#1604);
#979=LINE('',#6419,#1605);
#980=LINE('',#6422,#1606);
#981=LINE('',#6424,#1607);
#982=LINE('',#6426,#1608);
#983=LINE('',#6427,#1609);
#984=LINE('',#6430,#1610);
#985=LINE('',#6432,#1611);
#986=LINE('',#6433,#1612);
#987=LINE('',#6436,#1613);
#988=LINE('',#6437,#1614);
#989=LINE('',#6440,#1615);
#990=LINE('',#6442,#1616);
#991=LINE('',#6443,#1617);
#992=LINE('',#6446,#1618);
#993=LINE('',#6447,#1619);
#994=LINE('',#6450,#1620);
#995=LINE('',#6452,#1621);
#996=LINE('',#6453,#1622);
#997=LINE('',#6456,#1623);
#998=LINE('',#6457,#1624);
#999=LINE('',#6460,#1625);
#1000=LINE('',#6462,#1626);
#1001=LINE('',#6463,#1627);
#1002=LINE('',#6466,#1628);
#1003=LINE('',#6467,#1629);
#1004=LINE('',#6470,#1630);
#1005=LINE('',#6471,#1631);
#1006=LINE('',#6472,#1632);
#1007=LINE('',#6476,#1633);
#1008=LINE('',#6477,#1634);
#1009=LINE('',#6478,#1635);
#1010=LINE('',#6481,#1636);
#1011=LINE('',#6483,#1637);
#1012=LINE('',#6484,#1638);
#1013=LINE('',#6486,#1639);
#1014=LINE('',#6490,#1640);
#1015=LINE('',#6492,#1641);
#1016=LINE('',#6494,#1642);
#1017=LINE('',#6496,#1643);
#1018=LINE('',#6498,#1644);
#1019=LINE('',#6499,#1645);
#1020=LINE('',#6502,#1646);
#1021=LINE('',#6504,#1647);
#1022=LINE('',#6506,#1648);
#1023=LINE('',#6507,#1649);
#1024=LINE('',#6509,#1650);
#1025=LINE('',#6512,#1651);
#1026=LINE('',#6514,#1652);
#1027=LINE('',#6515,#1653);
#1028=LINE('',#6516,#1654);
#1029=LINE('',#6519,#1655);
#1030=LINE('',#6521,#1656);
#1031=LINE('',#6523,#1657);
#1032=LINE('',#6524,#1658);
#1033=LINE('',#6527,#1659);
#1034=LINE('',#6529,#1660);
#1035=LINE('',#6531,#1661);
#1036=LINE('',#6532,#1662);
#1037=LINE('',#6535,#1663);
#1038=LINE('',#6537,#1664);
#1039=LINE('',#6538,#1665);
#1040=LINE('',#6541,#1666);
#1041=LINE('',#6542,#1667);
#1042=LINE('',#6545,#1668);
#1043=LINE('',#6547,#1669);
#1044=LINE('',#6548,#1670);
#1045=LINE('',#6551,#1671);
#1046=LINE('',#6552,#1672);
#1047=LINE('',#6555,#1673);
#1048=LINE('',#6557,#1674);
#1049=LINE('',#6559,#1675);
#1050=LINE('',#6560,#1676);
#1051=LINE('',#6563,#1677);
#1052=LINE('',#6564,#1678);
#1053=LINE('',#6567,#1679);
#1054=LINE('',#6569,#1680);
#1055=LINE('',#6570,#1681);
#1056=LINE('',#6573,#1682);
#1057=LINE('',#6574,#1683);
#1058=LINE('',#6575,#1684);
#1059=LINE('',#6578,#1685);
#1060=LINE('',#6580,#1686);
#1061=LINE('',#6581,#1687);
#1062=LINE('',#6583,#1688);
#1063=LINE('',#6585,#1689);
#1064=LINE('',#6586,#1690);
#1065=LINE('',#6589,#1691);
#1066=LINE('',#6593,#1692);
#1067=LINE('',#6597,#1693);
#1068=LINE('',#6599,#1694);
#1069=LINE('',#6600,#1695);
#1070=LINE('',#6603,#1696);
#1071=LINE('',#6607,#1697);
#1072=LINE('',#6608,#1698);
#1073=LINE('',#6612,#1699);
#1074=LINE('',#6614,#1700);
#1075=LINE('',#6616,#1701);
#1076=LINE('',#6618,#1702);
#1077=LINE('',#6620,#1703);
#1078=LINE('',#6621,#1704);
#1079=LINE('',#6626,#1705);
#1080=LINE('',#6627,#1706);
#1081=LINE('',#6629,#1707);
#1082=LINE('',#6631,#1708);
#1083=LINE('',#6632,#1709);
#1084=LINE('',#6634,#1710);
#1085=LINE('',#6636,#1711);
#1086=LINE('',#6637,#1712);
#1087=LINE('',#6640,#1713);
#1088=LINE('',#6642,#1714);
#1089=LINE('',#6643,#1715);
#1090=LINE('',#6647,#1716);
#1091=LINE('',#6649,#1717);
#1092=LINE('',#6651,#1718);
#1093=LINE('',#6652,#1719);
#1094=LINE('',#6655,#1720);
#1095=LINE('',#6656,#1721);
#1096=LINE('',#6659,#1722);
#1097=LINE('',#6661,#1723);
#1098=LINE('',#6662,#1724);
#1099=LINE('',#6665,#1725);
#1100=LINE('',#6667,#1726);
#1101=LINE('',#6669,#1727);
#1102=LINE('',#6670,#1728);
#1103=LINE('',#6672,#1729);
#1104=LINE('',#6673,#1730);
#1105=LINE('',#6676,#1731);
#1106=LINE('',#6679,#1732);
#1107=LINE('',#6680,#1733);
#1108=LINE('',#6683,#1734);
#1109=LINE('',#6684,#1735);
#1110=LINE('',#6686,#1736);
#1111=LINE('',#6687,#1737);
#1112=LINE('',#6691,#1738);
#1113=LINE('',#6693,#1739);
#1114=LINE('',#6695,#1740);
#1115=LINE('',#6697,#1741);
#1116=LINE('',#6699,#1742);
#1117=LINE('',#6700,#1743);
#1118=LINE('',#6702,#1744);
#1119=LINE('',#6703,#1745);
#1120=LINE('',#6705,#1746);
#1121=LINE('',#6706,#1747);
#1122=LINE('',#6708,#1748);
#1123=LINE('',#6709,#1749);
#1124=LINE('',#6711,#1750);
#1125=LINE('',#6712,#1751);
#1126=LINE('',#6714,#1752);
#1127=LINE('',#6717,#1753);
#1128=LINE('',#6719,#1754);
#1129=LINE('',#6720,#1755);
#1130=LINE('',#6721,#1756);
#1131=LINE('',#6722,#1757);
#1132=LINE('',#6725,#1758);
#1133=LINE('',#6727,#1759);
#1134=LINE('',#6728,#1760);
#1135=LINE('',#6731,#1761);
#1136=LINE('',#6733,#1762);
#1137=LINE('',#6734,#1763);
#1138=LINE('',#6737,#1764);
#1139=LINE('',#6739,#1765);
#1140=LINE('',#6740,#1766);
#1141=LINE('',#6741,#1767);
#1142=LINE('',#6743,#1768);
#1143=LINE('',#6746,#1769);
#1144=LINE('',#6747,#1770);
#1145=LINE('',#6749,#1771);
#1146=LINE('',#6750,#1772);
#1147=LINE('',#6752,#1773);
#1148=LINE('',#6755,#1774);
#1149=LINE('',#6757,#1775);
#1150=LINE('',#6758,#1776);
#1151=LINE('',#6761,#1777);
#1152=LINE('',#6762,#1778);
#1153=LINE('',#6764,#1779);
#1154=LINE('',#6768,#1780);
#1155=LINE('',#6770,#1781);
#1156=LINE('',#6771,#1782);
#1157=LINE('',#6774,#1783);
#1158=LINE('',#6776,#1784);
#1159=LINE('',#6777,#1785);
#1160=LINE('',#6779,#1786);
#1161=LINE('',#6781,#1787);
#1162=LINE('',#6784,#1788);
#1163=LINE('',#6790,#1789);
#1164=LINE('',#6791,#1790);
#1165=LINE('',#6795,#1791);
#1166=LINE('',#6797,#1792);
#1167=LINE('',#6799,#1793);
#1168=LINE('',#6801,#1794);
#1169=LINE('',#6802,#1795);
#1170=LINE('',#6804,#1796);
#1171=LINE('',#6805,#1797);
#1172=LINE('',#6806,#1798);
#1173=LINE('',#6808,#1799);
#1174=LINE('',#6812,#1800);
#1175=LINE('',#6814,#1801);
#1176=LINE('',#6816,#1802);
#1177=LINE('',#6817,#1803);
#1178=LINE('',#6820,#1804);
#1179=LINE('',#6822,#1805);
#1180=LINE('',#6824,#1806);
#1181=LINE('',#6825,#1807);
#1182=LINE('',#6828,#1808);
#1183=LINE('',#6830,#1809);
#1184=LINE('',#6832,#1810);
#1185=LINE('',#6833,#1811);
#1186=LINE('',#6836,#1812);
#1187=LINE('',#6838,#1813);
#1188=LINE('',#6839,#1814);
#1189=LINE('',#6842,#1815);
#1190=LINE('',#6843,#1816);
#1191=LINE('',#6846,#1817);
#1192=LINE('',#6848,#1818);
#1193=LINE('',#6849,#1819);
#1194=LINE('',#6852,#1820);
#1195=LINE('',#6853,#1821);
#1196=LINE('',#6857,#1822);
#1197=LINE('',#6859,#1823);
#1198=LINE('',#6861,#1824);
#1199=LINE('',#6863,#1825);
#1200=LINE('',#6864,#1826);
#1201=LINE('',#6866,#1827);
#1202=LINE('',#6868,#1828);
#1203=LINE('',#6870,#1829);
#1204=LINE('',#6871,#1830);
#1205=LINE('',#6874,#1831);
#1206=LINE('',#6875,#1832);
#1207=LINE('',#6877,#1833);
#1208=LINE('',#6878,#1834);
#1209=LINE('',#6880,#1835);
#1210=LINE('',#6884,#1836);
#1211=LINE('',#6886,#1837);
#1212=LINE('',#6887,#1838);
#1213=LINE('',#6890,#1839);
#1214=LINE('',#6892,#1840);
#1215=LINE('',#6894,#1841);
#1216=LINE('',#6895,#1842);
#1217=LINE('',#6898,#1843);
#1218=LINE('',#6899,#1844);
#1219=LINE('',#6903,#1845);
#1220=LINE('',#6904,#1846);
#1221=LINE('',#6905,#1847);
#1222=LINE('',#6908,#1848);
#1223=LINE('',#6910,#1849);
#1224=LINE('',#6911,#1850);
#1225=LINE('',#6912,#1851);
#1226=LINE('',#6915,#1852);
#1227=LINE('',#6916,#1853);
#1228=LINE('',#6918,#1854);
#1229=LINE('',#6920,#1855);
#1230=LINE('',#6922,#1856);
#1231=LINE('',#6923,#1857);
#1232=LINE('',#6926,#1858);
#1233=LINE('',#6927,#1859);
#1234=LINE('',#6930,#1860);
#1235=LINE('',#6932,#1861);
#1236=LINE('',#6933,#1862);
#1237=LINE('',#6934,#1863);
#1238=LINE('',#6936,#1864);
#1239=LINE('',#6940,#1865);
#1240=LINE('',#6941,#1866);
#1241=LINE('',#6943,#1867);
#1242=LINE('',#6944,#1868);
#1243=LINE('',#6947,#1869);
#1244=LINE('',#6948,#1870);
#1245=LINE('',#6949,#1871);
#1246=LINE('',#6951,#1872);
#1247=LINE('',#6952,#1873);
#1248=LINE('',#6955,#1874);
#1249=LINE('',#6956,#1875);
#1250=LINE('',#6957,#1876);
#1251=LINE('',#6960,#1877);
#1252=LINE('',#6961,#1878);
#1253=LINE('',#6963,#1879);
#1254=LINE('',#6966,#1880);
#1255=LINE('',#6967,#1881);
#1256=LINE('',#6969,#1882);
#1257=LINE('',#6972,#1883);
#1258=LINE('',#6973,#1884);
#1259=LINE('',#6977,#1885);
#1260=LINE('',#6978,#1886);
#1261=LINE('',#6980,#1887);
#1262=LINE('',#6982,#1888);
#1263=LINE('',#6983,#1889);
#1264=LINE('',#6984,#1890);
#1265=LINE('',#6985,#1891);
#1266=LINE('',#6987,#1892);
#1267=LINE('',#6988,#1893);
#1268=LINE('',#6990,#1894);
#1269=LINE('',#6991,#1895);
#1270=LINE('',#6993,#1896);
#1271=LINE('',#6994,#1897);
#1272=LINE('',#6996,#1898);
#1273=LINE('',#6997,#1899);
#1274=LINE('',#6999,#1900);
#1275=LINE('',#7000,#1901);
#1276=LINE('',#7002,#1902);
#1277=LINE('',#7003,#1903);
#1278=LINE('',#7006,#1904);
#1279=LINE('',#7009,#1905);
#1280=LINE('',#7012,#1906);
#1281=LINE('',#7015,#1907);
#1282=LINE('',#7019,#1908);
#1283=LINE('',#7022,#1909);
#1284=LINE('',#7025,#1910);
#1285=LINE('',#7028,#1911);
#1286=LINE('',#7031,#1912);
#1287=LINE('',#7034,#1913);
#1288=LINE('',#7039,#1914);
#1289=LINE('',#7040,#1915);
#1290=LINE('',#7041,#1916);
#1291=LINE('',#7044,#1917);
#1292=LINE('',#7045,#1918);
#1293=LINE('',#7048,#1919);
#1294=LINE('',#7049,#1920);
#1295=LINE('',#7051,#1921);
#1296=LINE('',#7057,#1922);
#1297=LINE('',#7058,#1923);
#1298=LINE('',#7060,#1924);
#1299=LINE('',#7063,#1925);
#1300=LINE('',#7064,#1926);
#1301=LINE('',#7067,#1927);
#1302=LINE('',#7068,#1928);
#1303=LINE('',#7072,#1929);
#1304=VECTOR('',#4743,10.);
#1305=VECTOR('',#4746,10.);
#1306=VECTOR('',#4749,10.);
#1307=VECTOR('',#4750,10.);
#1308=VECTOR('',#4751,10.);
#1309=VECTOR('',#4752,10.);
#1310=VECTOR('',#4753,10.);
#1311=VECTOR('',#4754,10.);
#1312=VECTOR('',#4755,10.);
#1313=VECTOR('',#4756,10.);
#1314=VECTOR('',#4757,10.);
#1315=VECTOR('',#4758,10.);
#1316=VECTOR('',#4759,10.);
#1317=VECTOR('',#4762,10.);
#1318=VECTOR('',#4763,10.);
#1319=VECTOR('',#4764,10.);
#1320=VECTOR('',#4767,10.);
#1321=VECTOR('',#4768,10.);
#1322=VECTOR('',#4769,10.);
#1323=VECTOR('',#4770,10.);
#1324=VECTOR('',#4773,10.);
#1325=VECTOR('',#4776,10.);
#1326=VECTOR('',#4777,10.);
#1327=VECTOR('',#4778,10.);
#1328=VECTOR('',#4781,10.);
#1329=VECTOR('',#4782,10.);
#1330=VECTOR('',#4783,10.);
#1331=VECTOR('',#4784,10.);
#1332=VECTOR('',#4787,10.);
#1333=VECTOR('',#4788,10.);
#1334=VECTOR('',#4789,10.);
#1335=VECTOR('',#4790,10.);
#1336=VECTOR('',#4791,10.);
#1337=VECTOR('',#4792,10.);
#1338=VECTOR('',#4793,10.);
#1339=VECTOR('',#4794,10.);
#1340=VECTOR('',#4795,10.);
#1341=VECTOR('',#4796,10.);
#1342=VECTOR('',#4797,10.);
#1343=VECTOR('',#4798,10.);
#1344=VECTOR('',#4799,10.);
#1345=VECTOR('',#4800,10.);
#1346=VECTOR('',#4801,10.);
#1347=VECTOR('',#4802,10.);
#1348=VECTOR('',#4803,10.);
#1349=VECTOR('',#4804,10.);
#1350=VECTOR('',#4807,10.);
#1351=VECTOR('',#4808,10.);
#1352=VECTOR('',#4809,10.);
#1353=VECTOR('',#4810,10.);
#1354=VECTOR('',#4813,10.);
#1355=VECTOR('',#4814,10.);
#1356=VECTOR('',#4815,10.);
#1357=VECTOR('',#4818,10.);
#1358=VECTOR('',#4819,10.);
#1359=VECTOR('',#4820,10.);
#1360=VECTOR('',#4823,10.);
#1361=VECTOR('',#4824,10.);
#1362=VECTOR('',#4825,10.);
#1363=VECTOR('',#4828,10.);
#1364=VECTOR('',#4829,10.);
#1365=VECTOR('',#4830,10.);
#1366=VECTOR('',#4831,10.);
#1367=VECTOR('',#4832,10.);
#1368=VECTOR('',#4835,10.);
#1369=VECTOR('',#4836,10.);
#1370=VECTOR('',#4839,10.);
#1371=VECTOR('',#4840,10.);
#1372=VECTOR('',#4843,10.);
#1373=VECTOR('',#4844,10.);
#1374=VECTOR('',#4847,10.);
#1375=VECTOR('',#4848,10.);
#1376=VECTOR('',#4851,10.);
#1377=VECTOR('',#4852,10.);
#1378=VECTOR('',#4853,10.);
#1379=VECTOR('',#4856,10.);
#1380=VECTOR('',#4857,10.);
#1381=VECTOR('',#4858,10.);
#1382=VECTOR('',#4859,10.);
#1383=VECTOR('',#4860,10.);
#1384=VECTOR('',#4861,10.);
#1385=VECTOR('',#4862,10.);
#1386=VECTOR('',#4863,10.);
#1387=VECTOR('',#4864,10.);
#1388=VECTOR('',#4865,10.);
#1389=VECTOR('',#4866,10.);
#1390=VECTOR('',#4867,10.);
#1391=VECTOR('',#4870,10.);
#1392=VECTOR('',#4871,10.);
#1393=VECTOR('',#4872,10.);
#1394=VECTOR('',#4873,10.);
#1395=VECTOR('',#4874,10.);
#1396=VECTOR('',#4875,10.);
#1397=VECTOR('',#4876,10.);
#1398=VECTOR('',#4877,10.);
#1399=VECTOR('',#4880,10.);
#1400=VECTOR('',#4881,10.);
#1401=VECTOR('',#4882,10.);
#1402=VECTOR('',#4885,10.);
#1403=VECTOR('',#4886,10.);
#1404=VECTOR('',#4889,10.);
#1405=VECTOR('',#4890,10.);
#1406=VECTOR('',#4891,10.);
#1407=VECTOR('',#4892,10.);
#1408=VECTOR('',#4895,10.);
#1409=VECTOR('',#4896,10.);
#1410=VECTOR('',#4897,10.);
#1411=VECTOR('',#4898,10.);
#1412=VECTOR('',#4899,10.);
#1413=VECTOR('',#4900,10.);
#1414=VECTOR('',#4901,10.);
#1415=VECTOR('',#4902,10.);
#1416=VECTOR('',#4903,10.);
#1417=VECTOR('',#4904,10.);
#1418=VECTOR('',#4905,10.);
#1419=VECTOR('',#4906,10.);
#1420=VECTOR('',#4907,10.);
#1421=VECTOR('',#4908,10.);
#1422=VECTOR('',#4909,10.);
#1423=VECTOR('',#4910,10.);
#1424=VECTOR('',#4911,10.);
#1425=VECTOR('',#4912,10.);
#1426=VECTOR('',#4913,10.);
#1427=VECTOR('',#4914,10.);
#1428=VECTOR('',#4915,10.);
#1429=VECTOR('',#4916,10.);
#1430=VECTOR('',#4917,10.);
#1431=VECTOR('',#4918,10.);
#1432=VECTOR('',#4919,10.);
#1433=VECTOR('',#4920,10.);
#1434=VECTOR('',#4923,10.);
#1435=VECTOR('',#4924,10.);
#1436=VECTOR('',#4925,10.);
#1437=VECTOR('',#4926,10.);
#1438=VECTOR('',#4929,10.);
#1439=VECTOR('',#4930,10.);
#1440=VECTOR('',#4931,10.);
#1441=VECTOR('',#4932,10.);
#1442=VECTOR('',#4933,10.);
#1443=VECTOR('',#4934,10.);
#1444=VECTOR('',#4935,10.);
#1445=VECTOR('',#4936,10.);
#1446=VECTOR('',#4939,10.);
#1447=VECTOR('',#4940,10.);
#1448=VECTOR('',#4943,10.);
#1449=VECTOR('',#4944,10.);
#1450=VECTOR('',#4945,10.);
#1451=VECTOR('',#4946,10.);
#1452=VECTOR('',#4947,10.);
#1453=VECTOR('',#4948,10.);
#1454=VECTOR('',#4949,10.);
#1455=VECTOR('',#4952,10.);
#1456=VECTOR('',#4953,10.);
#1457=VECTOR('',#4956,10.);
#1458=VECTOR('',#4957,10.);
#1459=VECTOR('',#4960,10.);
#1460=VECTOR('',#4961,10.);
#1461=VECTOR('',#4962,10.);
#1462=VECTOR('',#4963,10.);
#1463=VECTOR('',#4966,10.);
#1464=VECTOR('',#4967,10.);
#1465=VECTOR('',#4968,10.);
#1466=VECTOR('',#4971,10.);
#1467=VECTOR('',#4972,10.);
#1468=VECTOR('',#4975,10.);
#1469=VECTOR('',#4976,10.);
#1470=VECTOR('',#4977,10.);
#1471=VECTOR('',#4980,10.);
#1472=VECTOR('',#4981,10.);
#1473=VECTOR('',#4982,10.);
#1474=VECTOR('',#4983,10.);
#1475=VECTOR('',#4986,10.);
#1476=VECTOR('',#4987,10.);
#1477=VECTOR('',#4988,10.);
#1478=VECTOR('',#4991,10.);
#1479=VECTOR('',#4992,10.);
#1480=VECTOR('',#4993,10.);
#1481=VECTOR('',#4996,10.);
#1482=VECTOR('',#4997,10.);
#1483=VECTOR('',#5000,10.);
#1484=VECTOR('',#5003,10.);
#1485=VECTOR('',#5004,10.);
#1486=VECTOR('',#5005,10.);
#1487=VECTOR('',#5008,10.);
#1488=VECTOR('',#5009,10.);
#1489=VECTOR('',#5016,10.);
#1490=VECTOR('',#5019,10.);
#1491=VECTOR('',#5020,10.);
#1492=VECTOR('',#5021,10.);
#1493=VECTOR('',#5024,10.);
#1494=VECTOR('',#5025,10.);
#1495=VECTOR('',#5026,10.);
#1496=VECTOR('',#5029,10.);
#1497=VECTOR('',#5030,10.);
#1498=VECTOR('',#5031,10.);
#1499=VECTOR('',#5034,10.);
#1500=VECTOR('',#5035,10.);
#1501=VECTOR('',#5038,10.);
#1502=VECTOR('',#5039,10.);
#1503=VECTOR('',#5040,10.);
#1504=VECTOR('',#5041,10.);
#1505=VECTOR('',#5042,10.);
#1506=VECTOR('',#5043,10.);
#1507=VECTOR('',#5044,10.);
#1508=VECTOR('',#5047,10.);
#1509=VECTOR('',#5050,10.);
#1510=VECTOR('',#5051,10.);
#1511=VECTOR('',#5052,10.);
#1512=VECTOR('',#5055,10.);
#1513=VECTOR('',#5056,10.);
#1514=VECTOR('',#5057,10.);
#1515=VECTOR('',#5058,10.);
#1516=VECTOR('',#5059,10.);
#1517=VECTOR('',#5060,10.);
#1518=VECTOR('',#5061,10.);
#1519=VECTOR('',#5062,10.);
#1520=VECTOR('',#5063,10.);
#1521=VECTOR('',#5064,10.);
#1522=VECTOR('',#5065,10.);
#1523=VECTOR('',#5066,10.);
#1524=VECTOR('',#5069,10.);
#1525=VECTOR('',#5070,10.);
#1526=VECTOR('',#5071,10.);
#1527=VECTOR('',#5072,10.);
#1528=VECTOR('',#5073,10.);
#1529=VECTOR('',#5074,10.);
#1530=VECTOR('',#5075,10.);
#1531=VECTOR('',#5076,10.);
#1532=VECTOR('',#5079,10.);
#1533=VECTOR('',#5080,10.);
#1534=VECTOR('',#5081,10.);
#1535=VECTOR('',#5084,10.);
#1536=VECTOR('',#5085,10.);
#1537=VECTOR('',#5088,10.);
#1538=VECTOR('',#5089,10.);
#1539=VECTOR('',#5092,10.);
#1540=VECTOR('',#5097,10.);
#1541=VECTOR('',#5098,10.);
#1542=VECTOR('',#5099,10.);
#1543=VECTOR('',#5102,10.);
#1544=VECTOR('',#5103,10.);
#1545=VECTOR('',#5106,10.);
#1546=VECTOR('',#5107,10.);
#1547=VECTOR('',#5108,10.);
#1548=VECTOR('',#5111,10.);
#1549=VECTOR('',#5112,10.);
#1550=VECTOR('',#5115,10.);
#1551=VECTOR('',#5116,10.);
#1552=VECTOR('',#5119,10.);
#1553=VECTOR('',#5120,10.);
#1554=VECTOR('',#5123,10.);
#1555=VECTOR('',#5124,10.);
#1556=VECTOR('',#5125,10.);
#1557=VECTOR('',#5126,10.);
#1558=VECTOR('',#5129,10.);
#1559=VECTOR('',#5130,10.);
#1560=VECTOR('',#5131,10.);
#1561=VECTOR('',#5132,10.);
#1562=VECTOR('',#5133,10.);
#1563=VECTOR('',#5134,10.);
#1564=VECTOR('',#5135,10.);
#1565=VECTOR('',#5138,10.);
#1566=VECTOR('',#5139,10.);
#1567=VECTOR('',#5142,10.);
#1568=VECTOR('',#5143,10.);
#1569=VECTOR('',#5146,10.);
#1570=VECTOR('',#5147,10.);
#1571=VECTOR('',#5150,10.);
#1572=VECTOR('',#5153,10.);
#1573=VECTOR('',#5154,10.);
#1574=VECTOR('',#5155,10.);
#1575=VECTOR('',#5158,10.);
#1576=VECTOR('',#5159,10.);
#1577=VECTOR('',#5160,10.);
#1578=VECTOR('',#5161,10.);
#1579=VECTOR('',#5162,10.);
#1580=VECTOR('',#5163,10.);
#1581=VECTOR('',#5164,10.);
#1582=VECTOR('',#5165,10.);
#1583=VECTOR('',#5168,10.);
#1584=VECTOR('',#5169,10.);
#1585=VECTOR('',#5170,10.);
#1586=VECTOR('',#5171,10.);
#1587=VECTOR('',#5172,10.);
#1588=VECTOR('',#5175,10.);
#1589=VECTOR('',#5176,10.);
#1590=VECTOR('',#5179,10.);
#1591=VECTOR('',#5180,10.);
#1592=VECTOR('',#5181,10.);
#1593=VECTOR('',#5182,10.);
#1594=VECTOR('',#5185,10.);
#1595=VECTOR('',#5186,10.);
#1596=VECTOR('',#5187,10.);
#1597=VECTOR('',#5188,10.);
#1598=VECTOR('',#5189,10.);
#1599=VECTOR('',#5190,10.);
#1600=VECTOR('',#5191,10.);
#1601=VECTOR('',#5192,10.);
#1602=VECTOR('',#5193,10.);
#1603=VECTOR('',#5194,10.);
#1604=VECTOR('',#5195,10.);
#1605=VECTOR('',#5196,10.);
#1606=VECTOR('',#5197,10.);
#1607=VECTOR('',#5198,10.);
#1608=VECTOR('',#5199,10.);
#1609=VECTOR('',#5200,10.);
#1610=VECTOR('',#5203,10.);
#1611=VECTOR('',#5204,10.);
#1612=VECTOR('',#5205,10.);
#1613=VECTOR('',#5208,10.);
#1614=VECTOR('',#5209,10.);
#1615=VECTOR('',#5212,10.);
#1616=VECTOR('',#5213,10.);
#1617=VECTOR('',#5214,10.);
#1618=VECTOR('',#5217,10.);
#1619=VECTOR('',#5218,10.);
#1620=VECTOR('',#5221,10.);
#1621=VECTOR('',#5222,10.);
#1622=VECTOR('',#5223,10.);
#1623=VECTOR('',#5226,10.);
#1624=VECTOR('',#5227,10.);
#1625=VECTOR('',#5230,10.);
#1626=VECTOR('',#5231,10.);
#1627=VECTOR('',#5232,10.);
#1628=VECTOR('',#5235,10.);
#1629=VECTOR('',#5236,10.);
#1630=VECTOR('',#5239,10.);
#1631=VECTOR('',#5240,10.);
#1632=VECTOR('',#5241,10.);
#1633=VECTOR('',#5244,10.);
#1634=VECTOR('',#5245,10.);
#1635=VECTOR('',#5246,10.);
#1636=VECTOR('',#5249,10.);
#1637=VECTOR('',#5250,10.);
#1638=VECTOR('',#5251,10.);
#1639=VECTOR('',#5254,10.);
#1640=VECTOR('',#5257,10.);
#1641=VECTOR('',#5258,10.);
#1642=VECTOR('',#5259,10.);
#1643=VECTOR('',#5260,10.);
#1644=VECTOR('',#5261,10.);
#1645=VECTOR('',#5262,10.);
#1646=VECTOR('',#5265,10.);
#1647=VECTOR('',#5266,10.);
#1648=VECTOR('',#5267,10.);
#1649=VECTOR('',#5268,10.);
#1650=VECTOR('',#5271,10.);
#1651=VECTOR('',#5274,10.);
#1652=VECTOR('',#5275,10.);
#1653=VECTOR('',#5276,10.);
#1654=VECTOR('',#5277,10.);
#1655=VECTOR('',#5278,10.);
#1656=VECTOR('',#5279,10.);
#1657=VECTOR('',#5280,10.);
#1658=VECTOR('',#5281,10.);
#1659=VECTOR('',#5282,10.);
#1660=VECTOR('',#5283,10.);
#1661=VECTOR('',#5284,10.);
#1662=VECTOR('',#5285,10.);
#1663=VECTOR('',#5288,10.);
#1664=VECTOR('',#5289,10.);
#1665=VECTOR('',#5290,10.);
#1666=VECTOR('',#5293,10.);
#1667=VECTOR('',#5294,10.);
#1668=VECTOR('',#5297,10.);
#1669=VECTOR('',#5298,10.);
#1670=VECTOR('',#5299,10.);
#1671=VECTOR('',#5302,10.);
#1672=VECTOR('',#5303,10.);
#1673=VECTOR('',#5306,10.);
#1674=VECTOR('',#5307,10.);
#1675=VECTOR('',#5308,10.);
#1676=VECTOR('',#5309,10.);
#1677=VECTOR('',#5312,10.);
#1678=VECTOR('',#5313,10.);
#1679=VECTOR('',#5316,10.);
#1680=VECTOR('',#5317,10.);
#1681=VECTOR('',#5318,10.);
#1682=VECTOR('',#5321,10.);
#1683=VECTOR('',#5322,10.);
#1684=VECTOR('',#5323,10.);
#1685=VECTOR('',#5326,10.);
#1686=VECTOR('',#5327,10.);
#1687=VECTOR('',#5328,10.);
#1688=VECTOR('',#5329,10.);
#1689=VECTOR('',#5330,10.);
#1690=VECTOR('',#5331,10.);
#1691=VECTOR('',#5332,10.);
#1692=VECTOR('',#5335,10.);
#1693=VECTOR('',#5340,10.);
#1694=VECTOR('',#5341,10.);
#1695=VECTOR('',#5342,10.);
#1696=VECTOR('',#5345,10.);
#1697=VECTOR('',#5350,10.);
#1698=VECTOR('',#5351,10.);
#1699=VECTOR('',#5354,10.);
#1700=VECTOR('',#5355,10.);
#1701=VECTOR('',#5356,10.);
#1702=VECTOR('',#5357,10.);
#1703=VECTOR('',#5358,10.);
#1704=VECTOR('',#5359,10.);
#1705=VECTOR('',#5364,10.);
#1706=VECTOR('',#5365,10.);
#1707=VECTOR('',#5366,10.);
#1708=VECTOR('',#5367,10.);
#1709=VECTOR('',#5368,10.);
#1710=VECTOR('',#5369,10.);
#1711=VECTOR('',#5370,10.);
#1712=VECTOR('',#5371,10.);
#1713=VECTOR('',#5374,10.);
#1714=VECTOR('',#5375,10.);
#1715=VECTOR('',#5376,10.);
#1716=VECTOR('',#5379,10.);
#1717=VECTOR('',#5380,10.);
#1718=VECTOR('',#5381,10.);
#1719=VECTOR('',#5382,10.);
#1720=VECTOR('',#5385,10.);
#1721=VECTOR('',#5386,10.);
#1722=VECTOR('',#5389,10.);
#1723=VECTOR('',#5390,10.);
#1724=VECTOR('',#5391,10.);
#1725=VECTOR('',#5394,10.);
#1726=VECTOR('',#5395,10.);
#1727=VECTOR('',#5396,10.);
#1728=VECTOR('',#5397,10.);
#1729=VECTOR('',#5400,10.);
#1730=VECTOR('',#5401,10.);
#1731=VECTOR('',#5404,2.7);
#1732=VECTOR('',#5409,10.);
#1733=VECTOR('',#5410,10.);
#1734=VECTOR('',#5413,10.);
#1735=VECTOR('',#5414,10.);
#1736=VECTOR('',#5415,10.);
#1737=VECTOR('',#5416,10.);
#1738=VECTOR('',#5421,10.);
#1739=VECTOR('',#5422,10.);
#1740=VECTOR('',#5423,10.);
#1741=VECTOR('',#5424,10.);
#1742=VECTOR('',#5425,10.);
#1743=VECTOR('',#5426,10.);
#1744=VECTOR('',#5427,10.);
#1745=VECTOR('',#5428,10.);
#1746=VECTOR('',#5429,10.);
#1747=VECTOR('',#5430,10.);
#1748=VECTOR('',#5431,10.);
#1749=VECTOR('',#5432,10.);
#1750=VECTOR('',#5433,10.);
#1751=VECTOR('',#5434,10.);
#1752=VECTOR('',#5437,10.);
#1753=VECTOR('',#5440,10.);
#1754=VECTOR('',#5441,10.);
#1755=VECTOR('',#5442,10.);
#1756=VECTOR('',#5443,10.);
#1757=VECTOR('',#5444,10.);
#1758=VECTOR('',#5447,10.);
#1759=VECTOR('',#5448,10.);
#1760=VECTOR('',#5449,10.);
#1761=VECTOR('',#5452,10.);
#1762=VECTOR('',#5453,10.);
#1763=VECTOR('',#5454,10.);
#1764=VECTOR('',#5457,10.);
#1765=VECTOR('',#5458,10.);
#1766=VECTOR('',#5459,10.);
#1767=VECTOR('',#5460,10.);
#1768=VECTOR('',#5463,10.);
#1769=VECTOR('',#5466,10.);
#1770=VECTOR('',#5467,10.);
#1771=VECTOR('',#5470,10.);
#1772=VECTOR('',#5471,10.);
#1773=VECTOR('',#5474,10.);
#1774=VECTOR('',#5479,10.);
#1775=VECTOR('',#5480,10.);
#1776=VECTOR('',#5481,10.);
#1777=VECTOR('',#5484,10.);
#1778=VECTOR('',#5485,10.);
#1779=VECTOR('',#5488,10.);
#1780=VECTOR('',#5493,10.);
#1781=VECTOR('',#5494,10.);
#1782=VECTOR('',#5495,10.);
#1783=VECTOR('',#5498,10.);
#1784=VECTOR('',#5499,10.);
#1785=VECTOR('',#5500,10.);
#1786=VECTOR('',#5503,10.);
#1787=VECTOR('',#5506,10.);
#1788=VECTOR('',#5509,10.);
#1789=VECTOR('',#5514,10.);
#1790=VECTOR('',#5515,10.);
#1791=VECTOR('',#5518,10.);
#1792=VECTOR('',#5519,10.);
#1793=VECTOR('',#5520,10.);
#1794=VECTOR('',#5521,10.);
#1795=VECTOR('',#5522,10.);
#1796=VECTOR('',#5523,10.);
#1797=VECTOR('',#5524,10.);
#1798=VECTOR('',#5525,10.);
#1799=VECTOR('',#5528,10.);
#1800=VECTOR('',#5531,10.);
#1801=VECTOR('',#5532,10.);
#1802=VECTOR('',#5533,10.);
#1803=VECTOR('',#5534,10.);
#1804=VECTOR('',#5535,10.);
#1805=VECTOR('',#5536,10.);
#1806=VECTOR('',#5537,10.);
#1807=VECTOR('',#5538,10.);
#1808=VECTOR('',#5541,10.);
#1809=VECTOR('',#5542,10.);
#1810=VECTOR('',#5543,10.);
#1811=VECTOR('',#5544,10.);
#1812=VECTOR('',#5547,10.);
#1813=VECTOR('',#5548,10.);
#1814=VECTOR('',#5549,10.);
#1815=VECTOR('',#5552,10.);
#1816=VECTOR('',#5553,10.);
#1817=VECTOR('',#5556,10.);
#1818=VECTOR('',#5557,10.);
#1819=VECTOR('',#5558,10.);
#1820=VECTOR('',#5561,10.);
#1821=VECTOR('',#5562,10.);
#1822=VECTOR('',#5565,10.);
#1823=VECTOR('',#5566,10.);
#1824=VECTOR('',#5567,10.);
#1825=VECTOR('',#5568,10.);
#1826=VECTOR('',#5569,10.);
#1827=VECTOR('',#5570,10.);
#1828=VECTOR('',#5571,10.);
#1829=VECTOR('',#5572,10.);
#1830=VECTOR('',#5573,10.);
#1831=VECTOR('',#5576,10.);
#1832=VECTOR('',#5577,10.);
#1833=VECTOR('',#5580,10.);
#1834=VECTOR('',#5581,10.);
#1835=VECTOR('',#5584,10.);
#1836=VECTOR('',#5589,10.);
#1837=VECTOR('',#5590,10.);
#1838=VECTOR('',#5591,10.);
#1839=VECTOR('',#5594,10.);
#1840=VECTOR('',#5595,10.);
#1841=VECTOR('',#5596,10.);
#1842=VECTOR('',#5597,10.);
#1843=VECTOR('',#5600,10.);
#1844=VECTOR('',#5601,10.);
#1845=VECTOR('',#5604,10.);
#1846=VECTOR('',#5605,10.);
#1847=VECTOR('',#5606,10.);
#1848=VECTOR('',#5609,10.);
#1849=VECTOR('',#5610,10.);
#1850=VECTOR('',#5611,10.);
#1851=VECTOR('',#5612,10.);
#1852=VECTOR('',#5615,10.);
#1853=VECTOR('',#5616,10.);
#1854=VECTOR('',#5617,10.);
#1855=VECTOR('',#5618,10.);
#1856=VECTOR('',#5619,10.);
#1857=VECTOR('',#5620,10.);
#1858=VECTOR('',#5623,10.);
#1859=VECTOR('',#5624,10.);
#1860=VECTOR('',#5627,10.);
#1861=VECTOR('',#5628,10.);
#1862=VECTOR('',#5629,10.);
#1863=VECTOR('',#5630,10.);
#1864=VECTOR('',#5633,10.);
#1865=VECTOR('',#5638,10.);
#1866=VECTOR('',#5639,10.);
#1867=VECTOR('',#5640,10.);
#1868=VECTOR('',#5641,10.);
#1869=VECTOR('',#5644,10.);
#1870=VECTOR('',#5645,10.);
#1871=VECTOR('',#5646,10.);
#1872=VECTOR('',#5647,10.);
#1873=VECTOR('',#5648,10.);
#1874=VECTOR('',#5651,10.);
#1875=VECTOR('',#5652,10.);
#1876=VECTOR('',#5653,10.);
#1877=VECTOR('',#5656,10.);
#1878=VECTOR('',#5657,10.);
#1879=VECTOR('',#5660,10.);
#1880=VECTOR('',#5663,10.);
#1881=VECTOR('',#5664,10.);
#1882=VECTOR('',#5667,10.);
#1883=VECTOR('',#5670,10.);
#1884=VECTOR('',#5671,10.);
#1885=VECTOR('',#5676,10.);
#1886=VECTOR('',#5677,10.);
#1887=VECTOR('',#5680,10.);
#1888=VECTOR('',#5681,10.);
#1889=VECTOR('',#5682,10.);
#1890=VECTOR('',#5683,10.);
#1891=VECTOR('',#5684,10.);
#1892=VECTOR('',#5685,10.);
#1893=VECTOR('',#5686,10.);
#1894=VECTOR('',#5687,10.);
#1895=VECTOR('',#5688,10.);
#1896=VECTOR('',#5689,10.);
#1897=VECTOR('',#5690,10.);
#1898=VECTOR('',#5691,10.);
#1899=VECTOR('',#5692,10.);
#1900=VECTOR('',#5693,10.);
#1901=VECTOR('',#5694,10.);
#1902=VECTOR('',#5695,10.);
#1903=VECTOR('',#5696,10.);
#1904=VECTOR('',#5701,10.);
#1905=VECTOR('',#5706,10.);
#1906=VECTOR('',#5711,10.);
#1907=VECTOR('',#5716,10.);
#1908=VECTOR('',#5723,10.);
#1909=VECTOR('',#5728,10.);
#1910=VECTOR('',#5733,10.);
#1911=VECTOR('',#5738,10.);
#1912=VECTOR('',#5743,10.);
#1913=VECTOR('',#5748,10.);
#1914=VECTOR('',#5757,10.);
#1915=VECTOR('',#5758,10.);
#1916=VECTOR('',#5759,10.);
#1917=VECTOR('',#5762,10.);
#1918=VECTOR('',#5763,10.);
#1919=VECTOR('',#5766,10.);
#1920=VECTOR('',#5767,10.);
#1921=VECTOR('',#5770,10.);
#1922=VECTOR('',#5779,10.);
#1923=VECTOR('',#5780,10.);
#1924=VECTOR('',#5783,10.);
#1925=VECTOR('',#5786,10.);
#1926=VECTOR('',#5787,10.);
#1927=VECTOR('',#5790,10.);
#1928=VECTOR('',#5791,10.);
#1929=VECTOR('',#5796,10.);
#1930=CIRCLE('',#4515,3.);
#1931=CIRCLE('',#4516,3.);
#1932=CIRCLE('',#4558,2.25);
#1933=CIRCLE('',#4559,2.25);
#1934=CIRCLE('',#4617,2.55);
#1935=CIRCLE('',#4618,2.55);
#1936=CIRCLE('',#4621,2.55);
#1937=CIRCLE('',#4624,2.7);
#1938=CIRCLE('',#4633,2.7);
#1939=CIRCLE('',#4657,2.00000000000001);
#1940=CIRCLE('',#4658,14.5);
#1941=CIRCLE('',#4690,2.55);
#1942=CIRCLE('',#4729,2.00000000000001);
#1943=CIRCLE('',#4731,14.5);
#1944=VERTEX_POINT('',#5810);
#1945=VERTEX_POINT('',#5811);
#1946=VERTEX_POINT('',#5813);
#1947=VERTEX_POINT('',#5815);
#1948=VERTEX_POINT('',#5819);
#1949=VERTEX_POINT('',#5821);
#1950=VERTEX_POINT('',#5823);
#1951=VERTEX_POINT('',#5825);
#1952=VERTEX_POINT('',#5827);
#1953=VERTEX_POINT('',#5829);
#1954=VERTEX_POINT('',#5831);
#1955=VERTEX_POINT('',#5833);
#1956=VERTEX_POINT('',#5835);
#1957=VERTEX_POINT('',#5837);
#1958=VERTEX_POINT('',#5841);
#1959=VERTEX_POINT('',#5843);
#1960=VERTEX_POINT('',#5847);
#1961=VERTEX_POINT('',#5849);
#1962=VERTEX_POINT('',#5851);
#1963=VERTEX_POINT('',#5857);
#1964=VERTEX_POINT('',#5859);
#1965=VERTEX_POINT('',#5863);
#1966=VERTEX_POINT('',#5864);
#1967=VERTEX_POINT('',#5866);
#1968=VERTEX_POINT('',#5868);
#1969=VERTEX_POINT('',#5872);
#1970=VERTEX_POINT('',#5874);
#1971=VERTEX_POINT('',#5876);
#1972=VERTEX_POINT('',#5878);
#1973=VERTEX_POINT('',#5880);
#1974=VERTEX_POINT('',#5882);
#1975=VERTEX_POINT('',#5884);
#1976=VERTEX_POINT('',#5886);
#1977=VERTEX_POINT('',#5888);
#1978=VERTEX_POINT('',#5890);
#1979=VERTEX_POINT('',#5892);
#1980=VERTEX_POINT('',#5894);
#1981=VERTEX_POINT('',#5896);
#1982=VERTEX_POINT('',#5898);
#1983=VERTEX_POINT('',#5900);
#1984=VERTEX_POINT('',#5902);
#1985=VERTEX_POINT('',#5904);
#1986=VERTEX_POINT('',#5908);
#1987=VERTEX_POINT('',#5909);
#1988=VERTEX_POINT('',#5911);
#1989=VERTEX_POINT('',#5913);
#1990=VERTEX_POINT('',#5917);
#1991=VERTEX_POINT('',#5919);
#1992=VERTEX_POINT('',#5923);
#1993=VERTEX_POINT('',#5925);
#1994=VERTEX_POINT('',#5929);
#1995=VERTEX_POINT('',#5930);
#1996=VERTEX_POINT('',#5935);
#1997=VERTEX_POINT('',#5937);
#1998=VERTEX_POINT('',#5939);
#1999=VERTEX_POINT('',#5941);
#2000=VERTEX_POINT('',#5945);
#2001=VERTEX_POINT('',#5952);
#2002=VERTEX_POINT('',#5956);
#2003=VERTEX_POINT('',#5960);
#2004=VERTEX_POINT('',#5962);
#2005=VERTEX_POINT('',#5966);
#2006=VERTEX_POINT('',#5967);
#2007=VERTEX_POINT('',#5969);
#2008=VERTEX_POINT('',#5971);
#2009=VERTEX_POINT('',#5973);
#2010=VERTEX_POINT('',#5975);
#2011=VERTEX_POINT('',#5977);
#2012=VERTEX_POINT('',#5979);
#2013=VERTEX_POINT('',#5981);
#2014=VERTEX_POINT('',#5983);
#2015=VERTEX_POINT('',#5985);
#2016=VERTEX_POINT('',#5987);
#2017=VERTEX_POINT('',#5991);
#2018=VERTEX_POINT('',#5993);
#2019=VERTEX_POINT('',#5995);
#2020=VERTEX_POINT('',#5997);
#2021=VERTEX_POINT('',#6000);
#2022=VERTEX_POINT('',#6002);
#2023=VERTEX_POINT('',#6006);
#2024=VERTEX_POINT('',#6008);
#2025=VERTEX_POINT('',#6012);
#2026=VERTEX_POINT('',#6016);
#2027=VERTEX_POINT('',#6018);
#2028=VERTEX_POINT('',#6020);
#2029=VERTEX_POINT('',#6024);
#2030=VERTEX_POINT('',#6025);
#2031=VERTEX_POINT('',#6027);
#2032=VERTEX_POINT('',#6029);
#2033=VERTEX_POINT('',#6031);
#2034=VERTEX_POINT('',#6033);
#2035=VERTEX_POINT('',#6035);
#2036=VERTEX_POINT('',#6037);
#2037=VERTEX_POINT('',#6039);
#2038=VERTEX_POINT('',#6041);
#2039=VERTEX_POINT('',#6043);
#2040=VERTEX_POINT('',#6045);
#2041=VERTEX_POINT('',#6047);
#2042=VERTEX_POINT('',#6049);
#2043=VERTEX_POINT('',#6051);
#2044=VERTEX_POINT('',#6053);
#2045=VERTEX_POINT('',#6055);
#2046=VERTEX_POINT('',#6057);
#2047=VERTEX_POINT('',#6059);
#2048=VERTEX_POINT('',#6061);
#2049=VERTEX_POINT('',#6063);
#2050=VERTEX_POINT('',#6065);
#2051=VERTEX_POINT('',#6067);
#2052=VERTEX_POINT('',#6069);
#2053=VERTEX_POINT('',#6071);
#2054=VERTEX_POINT('',#6073);
#2055=VERTEX_POINT('',#6077);
#2056=VERTEX_POINT('',#6078);
#2057=VERTEX_POINT('',#6080);
#2058=VERTEX_POINT('',#6082);
#2059=VERTEX_POINT('',#6086);
#2060=VERTEX_POINT('',#6088);
#2061=VERTEX_POINT('',#6090);
#2062=VERTEX_POINT('',#6092);
#2063=VERTEX_POINT('',#6094);
#2064=VERTEX_POINT('',#6096);
#2065=VERTEX_POINT('',#6098);
#2066=VERTEX_POINT('',#6102);
#2067=VERTEX_POINT('',#6106);
#2068=VERTEX_POINT('',#6107);
#2069=VERTEX_POINT('',#6109);
#2070=VERTEX_POINT('',#6111);
#2071=VERTEX_POINT('',#6113);
#2072=VERTEX_POINT('',#6115);
#2073=VERTEX_POINT('',#6120);
#2074=VERTEX_POINT('',#6124);
#2075=VERTEX_POINT('',#6128);
#2076=VERTEX_POINT('',#6130);
#2077=VERTEX_POINT('',#6132);
#2078=VERTEX_POINT('',#6136);
#2079=VERTEX_POINT('',#6141);
#2080=VERTEX_POINT('',#6145);
#2081=VERTEX_POINT('',#6147);
#2082=VERTEX_POINT('',#6151);
#2083=VERTEX_POINT('',#6152);
#2084=VERTEX_POINT('',#6154);
#2085=VERTEX_POINT('',#6156);
#2086=VERTEX_POINT('',#6160);
#2087=VERTEX_POINT('',#6161);
#2088=VERTEX_POINT('',#6163);
#2089=VERTEX_POINT('',#6167);
#2090=VERTEX_POINT('',#6172);
#2091=VERTEX_POINT('',#6178);
#2092=VERTEX_POINT('',#6180);
#2093=VERTEX_POINT('',#6187);
#2094=VERTEX_POINT('',#6189);
#2095=VERTEX_POINT('',#6193);
#2096=VERTEX_POINT('',#6195);
#2097=VERTEX_POINT('',#6199);
#2098=VERTEX_POINT('',#6201);
#2099=VERTEX_POINT('',#6205);
#2100=VERTEX_POINT('',#6207);
#2101=VERTEX_POINT('',#6214);
#2102=VERTEX_POINT('',#6216);
#2103=VERTEX_POINT('',#6219);
#2104=VERTEX_POINT('',#6222);
#2105=VERTEX_POINT('',#6228);
#2106=VERTEX_POINT('',#6230);
#2107=VERTEX_POINT('',#6235);
#2108=VERTEX_POINT('',#6238);
#2109=VERTEX_POINT('',#6240);
#2110=VERTEX_POINT('',#6242);
#2111=VERTEX_POINT('',#6244);
#2112=VERTEX_POINT('',#6246);
#2113=VERTEX_POINT('',#6248);
#2114=VERTEX_POINT('',#6250);
#2115=VERTEX_POINT('',#6252);
#2116=VERTEX_POINT('',#6256);
#2117=VERTEX_POINT('',#6257);
#2118=VERTEX_POINT('',#6259);
#2119=VERTEX_POINT('',#6261);
#2120=VERTEX_POINT('',#6264);
#2121=VERTEX_POINT('',#6265);
#2122=VERTEX_POINT('',#6267);
#2123=VERTEX_POINT('',#6269);
#2124=VERTEX_POINT('',#6273);
#2125=VERTEX_POINT('',#6275);
#2126=VERTEX_POINT('',#6279);
#2127=VERTEX_POINT('',#6283);
#2128=VERTEX_POINT('',#6290);
#2129=VERTEX_POINT('',#6292);
#2130=VERTEX_POINT('',#6296);
#2131=VERTEX_POINT('',#6300);
#2132=VERTEX_POINT('',#6302);
#2133=VERTEX_POINT('',#6306);
#2134=VERTEX_POINT('',#6310);
#2135=VERTEX_POINT('',#6314);
#2136=VERTEX_POINT('',#6318);
#2137=VERTEX_POINT('',#6319);
#2138=VERTEX_POINT('',#6325);
#2139=VERTEX_POINT('',#6327);
#2140=VERTEX_POINT('',#6329);
#2141=VERTEX_POINT('',#6331);
#2142=VERTEX_POINT('',#6333);
#2143=VERTEX_POINT('',#6335);
#2144=VERTEX_POINT('',#6339);
#2145=VERTEX_POINT('',#6343);
#2146=VERTEX_POINT('',#6347);
#2147=VERTEX_POINT('',#6353);
#2148=VERTEX_POINT('',#6354);
#2149=VERTEX_POINT('',#6359);
#2150=VERTEX_POINT('',#6361);
#2151=VERTEX_POINT('',#6363);
#2152=VERTEX_POINT('',#6365);
#2153=VERTEX_POINT('',#6367);
#2154=VERTEX_POINT('',#6369);
#2155=VERTEX_POINT('',#6374);
#2156=VERTEX_POINT('',#6376);
#2157=VERTEX_POINT('',#6378);
#2158=VERTEX_POINT('',#6380);
#2159=VERTEX_POINT('',#6384);
#2160=VERTEX_POINT('',#6388);
#2161=VERTEX_POINT('',#6390);
#2162=VERTEX_POINT('',#6392);
#2163=VERTEX_POINT('',#6396);
#2164=VERTEX_POINT('',#6397);
#2165=VERTEX_POINT('',#6399);
#2166=VERTEX_POINT('',#6401);
#2167=VERTEX_POINT('',#6404);
#2168=VERTEX_POINT('',#6405);
#2169=VERTEX_POINT('',#6407);
#2170=VERTEX_POINT('',#6409);
#2171=VERTEX_POINT('',#6412);
#2172=VERTEX_POINT('',#6413);
#2173=VERTEX_POINT('',#6415);
#2174=VERTEX_POINT('',#6417);
#2175=VERTEX_POINT('',#6420);
#2176=VERTEX_POINT('',#6421);
#2177=VERTEX_POINT('',#6423);
#2178=VERTEX_POINT('',#6425);
#2179=VERTEX_POINT('',#6429);
#2180=VERTEX_POINT('',#6431);
#2181=VERTEX_POINT('',#6435);
#2182=VERTEX_POINT('',#6439);
#2183=VERTEX_POINT('',#6441);
#2184=VERTEX_POINT('',#6445);
#2185=VERTEX_POINT('',#6449);
#2186=VERTEX_POINT('',#6451);
#2187=VERTEX_POINT('',#6455);
#2188=VERTEX_POINT('',#6459);
#2189=VERTEX_POINT('',#6461);
#2190=VERTEX_POINT('',#6465);
#2191=VERTEX_POINT('',#6469);
#2192=VERTEX_POINT('',#6474);
#2193=VERTEX_POINT('',#6475);
#2194=VERTEX_POINT('',#6480);
#2195=VERTEX_POINT('',#6482);
#2196=VERTEX_POINT('',#6488);
#2197=VERTEX_POINT('',#6489);
#2198=VERTEX_POINT('',#6491);
#2199=VERTEX_POINT('',#6493);
#2200=VERTEX_POINT('',#6495);
#2201=VERTEX_POINT('',#6497);
#2202=VERTEX_POINT('',#6501);
#2203=VERTEX_POINT('',#6503);
#2204=VERTEX_POINT('',#6505);
#2205=VERTEX_POINT('',#6511);
#2206=VERTEX_POINT('',#6513);
#2207=VERTEX_POINT('',#6517);
#2208=VERTEX_POINT('',#6518);
#2209=VERTEX_POINT('',#6520);
#2210=VERTEX_POINT('',#6522);
#2211=VERTEX_POINT('',#6525);
#2212=VERTEX_POINT('',#6526);
#2213=VERTEX_POINT('',#6528);
#2214=VERTEX_POINT('',#6530);
#2215=VERTEX_POINT('',#6534);
#2216=VERTEX_POINT('',#6536);
#2217=VERTEX_POINT('',#6540);
#2218=VERTEX_POINT('',#6544);
#2219=VERTEX_POINT('',#6546);
#2220=VERTEX_POINT('',#6550);
#2221=VERTEX_POINT('',#6554);
#2222=VERTEX_POINT('',#6556);
#2223=VERTEX_POINT('',#6558);
#2224=VERTEX_POINT('',#6562);
#2225=VERTEX_POINT('',#6566);
#2226=VERTEX_POINT('',#6568);
#2227=VERTEX_POINT('',#6572);
#2228=VERTEX_POINT('',#6577);
#2229=VERTEX_POINT('',#6579);
#2230=VERTEX_POINT('',#6582);
#2231=VERTEX_POINT('',#6584);
#2232=VERTEX_POINT('',#6587);
#2233=VERTEX_POINT('',#6588);
#2234=VERTEX_POINT('',#6590);
#2235=VERTEX_POINT('',#6592);
#2236=VERTEX_POINT('',#6596);
#2237=VERTEX_POINT('',#6598);
#2238=VERTEX_POINT('',#6602);
#2239=VERTEX_POINT('',#6606);
#2240=VERTEX_POINT('',#6610);
#2241=VERTEX_POINT('',#6611);
#2242=VERTEX_POINT('',#6613);
#2243=VERTEX_POINT('',#6615);
#2244=VERTEX_POINT('',#6617);
#2245=VERTEX_POINT('',#6619);
#2246=VERTEX_POINT('',#6622);
#2247=VERTEX_POINT('',#6625);
#2248=VERTEX_POINT('',#6628);
#2249=VERTEX_POINT('',#6630);
#2250=VERTEX_POINT('',#6633);
#2251=VERTEX_POINT('',#6635);
#2252=VERTEX_POINT('',#6639);
#2253=VERTEX_POINT('',#6641);
#2254=VERTEX_POINT('',#6645);
#2255=VERTEX_POINT('',#6646);
#2256=VERTEX_POINT('',#6648);
#2257=VERTEX_POINT('',#6650);
#2258=VERTEX_POINT('',#6654);
#2259=VERTEX_POINT('',#6658);
#2260=VERTEX_POINT('',#6660);
#2261=VERTEX_POINT('',#6664);
#2262=VERTEX_POINT('',#6666);
#2263=VERTEX_POINT('',#6668);
#2264=VERTEX_POINT('',#6675);
#2265=VERTEX_POINT('',#6682);
#2266=VERTEX_POINT('',#6685);
#2267=VERTEX_POINT('',#6690);
#2268=VERTEX_POINT('',#6692);
#2269=VERTEX_POINT('',#6694);
#2270=VERTEX_POINT('',#6696);
#2271=VERTEX_POINT('',#6698);
#2272=VERTEX_POINT('',#6701);
#2273=VERTEX_POINT('',#6704);
#2274=VERTEX_POINT('',#6707);
#2275=VERTEX_POINT('',#6710);
#2276=VERTEX_POINT('',#6716);
#2277=VERTEX_POINT('',#6718);
#2278=VERTEX_POINT('',#6724);
#2279=VERTEX_POINT('',#6726);
#2280=VERTEX_POINT('',#6730);
#2281=VERTEX_POINT('',#6732);
#2282=VERTEX_POINT('',#6736);
#2283=VERTEX_POINT('',#6738);
#2284=VERTEX_POINT('',#6745);
#2285=VERTEX_POINT('',#6756);
#2286=VERTEX_POINT('',#6760);
#2287=VERTEX_POINT('',#6767);
#2288=VERTEX_POINT('',#6769);
#2289=VERTEX_POINT('',#6773);
#2290=VERTEX_POINT('',#6775);
#2291=VERTEX_POINT('',#6783);
#2292=VERTEX_POINT('',#6785);
#2293=VERTEX_POINT('',#6787);
#2294=VERTEX_POINT('',#6789);
#2295=VERTEX_POINT('',#6793);
#2296=VERTEX_POINT('',#6794);
#2297=VERTEX_POINT('',#6796);
#2298=VERTEX_POINT('',#6798);
#2299=VERTEX_POINT('',#6800);
#2300=VERTEX_POINT('',#6803);
#2301=VERTEX_POINT('',#6810);
#2302=VERTEX_POINT('',#6811);
#2303=VERTEX_POINT('',#6813);
#2304=VERTEX_POINT('',#6815);
#2305=VERTEX_POINT('',#6818);
#2306=VERTEX_POINT('',#6819);
#2307=VERTEX_POINT('',#6821);
#2308=VERTEX_POINT('',#6823);
#2309=VERTEX_POINT('',#6827);
#2310=VERTEX_POINT('',#6829);
#2311=VERTEX_POINT('',#6831);
#2312=VERTEX_POINT('',#6835);
#2313=VERTEX_POINT('',#6837);
#2314=VERTEX_POINT('',#6841);
#2315=VERTEX_POINT('',#6845);
#2316=VERTEX_POINT('',#6847);
#2317=VERTEX_POINT('',#6851);
#2318=VERTEX_POINT('',#6855);
#2319=VERTEX_POINT('',#6856);
#2320=VERTEX_POINT('',#6858);
#2321=VERTEX_POINT('',#6860);
#2322=VERTEX_POINT('',#6862);
#2323=VERTEX_POINT('',#6865);
#2324=VERTEX_POINT('',#6867);
#2325=VERTEX_POINT('',#6869);
#2326=VERTEX_POINT('',#6873);
#2327=VERTEX_POINT('',#6883);
#2328=VERTEX_POINT('',#6885);
#2329=VERTEX_POINT('',#6889);
#2330=VERTEX_POINT('',#6891);
#2331=VERTEX_POINT('',#6893);
#2332=VERTEX_POINT('',#6897);
#2333=VERTEX_POINT('',#6901);
#2334=VERTEX_POINT('',#6902);
#2335=VERTEX_POINT('',#6907);
#2336=VERTEX_POINT('',#6909);
#2337=VERTEX_POINT('',#6914);
#2338=VERTEX_POINT('',#6917);
#2339=VERTEX_POINT('',#6919);
#2340=VERTEX_POINT('',#6921);
#2341=VERTEX_POINT('',#6925);
#2342=VERTEX_POINT('',#6929);
#2343=VERTEX_POINT('',#6931);
#2344=VERTEX_POINT('',#6939);
#2345=VERTEX_POINT('',#6942);
#2346=VERTEX_POINT('',#6946);
#2347=VERTEX_POINT('',#6950);
#2348=VERTEX_POINT('',#6954);
#2349=VERTEX_POINT('',#6959);
#2350=VERTEX_POINT('',#6965);
#2351=VERTEX_POINT('',#6971);
#2352=VERTEX_POINT('',#6976);
#2353=VERTEX_POINT('',#6981);
#2354=VERTEX_POINT('',#6986);
#2355=VERTEX_POINT('',#6989);
#2356=VERTEX_POINT('',#6992);
#2357=VERTEX_POINT('',#6995);
#2358=VERTEX_POINT('',#6998);
#2359=VERTEX_POINT('',#7001);
#2360=VERTEX_POINT('',#7043);
#2361=VERTEX_POINT('',#7047);
#2362=VERTEX_POINT('',#7056);
#2363=VERTEX_POINT('',#7062);
#2364=VERTEX_POINT('',#7066);
#2365=VERTEX_POINT('',#7070);
#2366=EDGE_CURVE('',#1944,#1945,#1930,.T.);
#2367=EDGE_CURVE('',#1945,#1946,#678,.T.);
#2368=EDGE_CURVE('',#1946,#1947,#1931,.T.);
#2369=EDGE_CURVE('',#1947,#1944,#679,.T.);
#2370=EDGE_CURVE('',#1946,#1948,#680,.T.);
#2371=EDGE_CURVE('',#1948,#1949,#681,.T.);
#2372=EDGE_CURVE('',#1949,#1950,#682,.T.);
#2373=EDGE_CURVE('',#1950,#1951,#683,.T.);
#2374=EDGE_CURVE('',#1951,#1952,#684,.T.);
#2375=EDGE_CURVE('',#1952,#1953,#685,.T.);
#2376=EDGE_CURVE('',#1954,#1953,#686,.F.);
#2377=EDGE_CURVE('',#1955,#1954,#687,.T.);
#2378=EDGE_CURVE('',#1956,#1955,#688,.T.);
#2379=EDGE_CURVE('',#1956,#1957,#689,.T.);
#2380=EDGE_CURVE('',#1957,#1947,#690,.T.);
#2381=EDGE_CURVE('',#1958,#1945,#691,.T.);
#2382=EDGE_CURVE('',#1959,#1958,#692,.F.);
#2383=EDGE_CURVE('',#1948,#1959,#693,.F.);
#2384=EDGE_CURVE('',#1960,#1956,#694,.T.);
#2385=EDGE_CURVE('',#1961,#1960,#695,.T.);
#2386=EDGE_CURVE('',#1962,#1961,#696,.T.);
#2387=EDGE_CURVE('',#1962,#1957,#697,.T.);
#2388=EDGE_CURVE('',#1944,#1962,#698,.T.);
#2389=EDGE_CURVE('',#1961,#1963,#699,.T.);
#2390=EDGE_CURVE('',#1964,#1963,#700,.F.);
#2391=EDGE_CURVE('',#1958,#1964,#701,.T.);
#2392=EDGE_CURVE('',#1965,#1966,#702,.F.);
#2393=EDGE_CURVE('',#1966,#1967,#703,.T.);
#2394=EDGE_CURVE('',#1967,#1968,#704,.T.);
#2395=EDGE_CURVE('',#1965,#1968,#705,.T.);
#2396=EDGE_CURVE('',#1969,#1968,#706,.T.);
#2397=EDGE_CURVE('',#1970,#1969,#707,.T.);
#2398=EDGE_CURVE('',#1970,#1971,#708,.T.);
#2399=EDGE_CURVE('',#1972,#1971,#709,.F.);
#2400=EDGE_CURVE('',#1973,#1972,#710,.T.);
#2401=EDGE_CURVE('',#1974,#1973,#711,.T.);
#2402=EDGE_CURVE('',#1975,#1974,#712,.T.);
#2403=EDGE_CURVE('',#1975,#1976,#713,.T.);
#2404=EDGE_CURVE('',#1976,#1977,#714,.T.);
#2405=EDGE_CURVE('',#1977,#1978,#715,.T.);
#2406=EDGE_CURVE('',#1979,#1978,#716,.T.);
#2407=EDGE_CURVE('',#1979,#1980,#717,.T.);
#2408=EDGE_CURVE('',#1980,#1981,#718,.T.);
#2409=EDGE_CURVE('',#1981,#1982,#719,.T.);
#2410=EDGE_CURVE('',#1982,#1983,#720,.T.);
#2411=EDGE_CURVE('',#1983,#1984,#721,.T.);
#2412=EDGE_CURVE('',#1984,#1985,#722,.T.);
#2413=EDGE_CURVE('',#1985,#1965,#723,.T.);
#2414=EDGE_CURVE('',#1986,#1987,#724,.T.);
#2415=EDGE_CURVE('',#1988,#1987,#725,.T.);
#2416=EDGE_CURVE('',#1989,#1988,#726,.T.);
#2417=EDGE_CURVE('',#1986,#1989,#727,.T.);
#2418=EDGE_CURVE('',#1987,#1990,#728,.T.);
#2419=EDGE_CURVE('',#1991,#1990,#729,.T.);
#2420=EDGE_CURVE('',#1988,#1991,#730,.T.);
#2421=EDGE_CURVE('',#1992,#1990,#731,.T.);
#2422=EDGE_CURVE('',#1993,#1992,#732,.F.);
#2423=EDGE_CURVE('',#1991,#1993,#733,.T.);
#2424=EDGE_CURVE('',#1994,#1995,#734,.F.);
#2425=EDGE_CURVE('',#1993,#1995,#735,.T.);
#2426=EDGE_CURVE('',#1994,#1992,#736,.T.);
#2427=EDGE_CURVE('',#1995,#1996,#737,.T.);
#2428=EDGE_CURVE('',#1996,#1997,#738,.T.);
#2429=EDGE_CURVE('',#1997,#1998,#739,.T.);
#2430=EDGE_CURVE('',#1999,#1998,#740,.F.);
#2431=EDGE_CURVE('',#1989,#1999,#741,.T.);
#2432=EDGE_CURVE('',#2000,#1994,#742,.T.);
#2433=EDGE_CURVE('',#1996,#2000,#743,.T.);
#2434=EDGE_CURVE('',#2000,#1966,#744,.T.);
#2435=EDGE_CURVE('',#1966,#1997,#745,.F.);
#2436=EDGE_CURVE('',#2001,#1985,#746,.F.);
#2437=EDGE_CURVE('',#1997,#2001,#747,.T.);
#2438=EDGE_CURVE('',#2001,#2002,#748,.T.);
#2439=EDGE_CURVE('',#1998,#2002,#749,.F.);
#2440=EDGE_CURVE('',#2003,#1981,#750,.F.);
#2441=EDGE_CURVE('',#2004,#2003,#751,.T.);
#2442=EDGE_CURVE('',#1982,#2004,#752,.F.);
#2443=EDGE_CURVE('',#2005,#2006,#753,.T.);
#2444=EDGE_CURVE('',#2006,#2007,#754,.T.);
#2445=EDGE_CURVE('',#2007,#2008,#755,.T.);
#2446=EDGE_CURVE('',#2008,#2009,#756,.T.);
#2447=EDGE_CURVE('',#2009,#2010,#757,.T.);
#2448=EDGE_CURVE('',#2010,#2011,#758,.T.);
#2449=EDGE_CURVE('',#2012,#2011,#759,.T.);
#2450=EDGE_CURVE('',#2012,#2013,#760,.T.);
#2451=EDGE_CURVE('',#2013,#2014,#761,.T.);
#2452=EDGE_CURVE('',#2014,#2015,#762,.T.);
#2453=EDGE_CURVE('',#2015,#2016,#763,.T.);
#2454=EDGE_CURVE('',#2016,#2005,#764,.T.);
#2455=EDGE_CURVE('',#2017,#1979,#765,.T.);
#2456=EDGE_CURVE('',#2018,#2017,#766,.T.);
#2457=EDGE_CURVE('',#2019,#2018,#767,.T.);
#2458=EDGE_CURVE('',#2020,#2019,#768,.T.);
#2459=EDGE_CURVE('',#1984,#2020,#769,.T.);
#2460=EDGE_CURVE('',#2021,#1983,#770,.T.);
#2461=EDGE_CURVE('',#2022,#2021,#771,.T.);
#2462=EDGE_CURVE('',#1980,#2022,#772,.T.);
#2463=EDGE_CURVE('',#2019,#2023,#773,.T.);
#2464=EDGE_CURVE('',#2024,#2023,#774,.F.);
#2465=EDGE_CURVE('',#2020,#2024,#775,.T.);
#2466=EDGE_CURVE('',#2018,#2025,#776,.T.);
#2467=EDGE_CURVE('',#2023,#2025,#777,.F.);
#2468=EDGE_CURVE('',#2017,#2026,#778,.T.);
#2469=EDGE_CURVE('',#2026,#2027,#779,.T.);
#2470=EDGE_CURVE('',#2027,#2028,#780,.T.);
#2471=EDGE_CURVE('',#2025,#2028,#781,.F.);
#2472=EDGE_CURVE('',#2029,#2030,#782,.T.);
#2473=EDGE_CURVE('',#2030,#2031,#783,.T.);
#2474=EDGE_CURVE('',#2031,#2032,#784,.T.);
#2475=EDGE_CURVE('',#2032,#2033,#785,.T.);
#2476=EDGE_CURVE('',#2033,#2034,#786,.T.);
#2477=EDGE_CURVE('',#2034,#2035,#787,.T.);
#2478=EDGE_CURVE('',#2035,#2036,#788,.T.);
#2479=EDGE_CURVE('',#2036,#2037,#789,.T.);
#2480=EDGE_CURVE('',#2037,#2038,#790,.T.);
#2481=EDGE_CURVE('',#2038,#2039,#791,.T.);
#2482=EDGE_CURVE('',#2039,#2040,#792,.T.);
#2483=EDGE_CURVE('',#2040,#2041,#793,.T.);
#2484=EDGE_CURVE('',#2041,#2042,#794,.T.);
#2485=EDGE_CURVE('',#2042,#2043,#795,.T.);
#2486=EDGE_CURVE('',#2044,#2043,#796,.T.);
#2487=EDGE_CURVE('',#2044,#2045,#797,.T.);
#2488=EDGE_CURVE('',#2045,#2046,#798,.T.);
#2489=EDGE_CURVE('',#2046,#2047,#799,.T.);
#2490=EDGE_CURVE('',#2047,#2048,#800,.T.);
#2491=EDGE_CURVE('',#2048,#2049,#801,.T.);
#2492=EDGE_CURVE('',#2049,#2050,#802,.T.);
#2493=EDGE_CURVE('',#2050,#2051,#803,.T.);
#2494=EDGE_CURVE('',#2052,#2051,#804,.T.);
#2495=EDGE_CURVE('',#2052,#2053,#805,.T.);
#2496=EDGE_CURVE('',#2053,#2054,#806,.T.);
#2497=EDGE_CURVE('',#2054,#2029,#807,.T.);
#2498=EDGE_CURVE('',#2055,#2056,#808,.T.);
#2499=EDGE_CURVE('',#2057,#2055,#809,.T.);
#2500=EDGE_CURVE('',#2058,#2057,#810,.T.);
#2501=EDGE_CURVE('',#2056,#2058,#811,.T.);
#2502=EDGE_CURVE('',#2057,#2059,#812,.T.);
#2503=EDGE_CURVE('',#2059,#2060,#813,.T.);
#2504=EDGE_CURVE('',#2061,#2060,#814,.F.);
#2505=EDGE_CURVE('',#2062,#2061,#815,.T.);
#2506=EDGE_CURVE('',#2062,#2063,#816,.F.);
#2507=EDGE_CURVE('',#2063,#2064,#817,.T.);
#2508=EDGE_CURVE('',#2065,#2064,#818,.F.);
#2509=EDGE_CURVE('',#2058,#2065,#819,.T.);
#2510=EDGE_CURVE('',#2066,#2055,#820,.T.);
#2511=EDGE_CURVE('',#2066,#2059,#821,.F.);
#2512=EDGE_CURVE('',#2067,#2068,#822,.T.);
#2513=EDGE_CURVE('',#2069,#2067,#823,.T.);
#2514=EDGE_CURVE('',#2070,#2069,#824,.F.);
#2515=EDGE_CURVE('',#2071,#2070,#825,.T.);
#2516=EDGE_CURVE('',#2072,#2071,#826,.T.);
#2517=EDGE_CURVE('',#2063,#2072,#827,.T.);
#2518=EDGE_CURVE('',#2068,#2062,#828,.T.);
#2519=EDGE_CURVE('',#2072,#2073,#829,.T.);
#2520=EDGE_CURVE('',#2064,#2073,#830,.F.);
#2521=EDGE_CURVE('',#2071,#2074,#831,.T.);
#2522=EDGE_CURVE('',#2073,#2074,#832,.F.);
#2523=EDGE_CURVE('',#2075,#2070,#833,.T.);
#2524=EDGE_CURVE('',#2076,#2075,#834,.T.);
#2525=EDGE_CURVE('',#2076,#2077,#835,.T.);
#2526=EDGE_CURVE('',#2074,#2077,#836,.F.);
#2527=EDGE_CURVE('',#2078,#1949,#837,.F.);
#2528=EDGE_CURVE('',#2059,#2078,#838,.T.);
#2529=EDGE_CURVE('',#1950,#2066,#839,.T.);
#2530=EDGE_CURVE('',#2078,#2079,#840,.T.);
#2531=EDGE_CURVE('',#2060,#2079,#841,.F.);
#2532=EDGE_CURVE('',#2080,#1958,#842,.T.);
#2533=EDGE_CURVE('',#2080,#2081,#843,.T.);
#2534=EDGE_CURVE('',#2081,#1959,#844,.T.);
#2535=EDGE_CURVE('',#2082,#2083,#845,.T.);
#2536=EDGE_CURVE('',#2083,#2084,#846,.T.);
#2537=EDGE_CURVE('',#2085,#2084,#847,.T.);
#2538=EDGE_CURVE('',#2082,#2085,#848,.T.);
#2539=EDGE_CURVE('',#2086,#2087,#849,.T.);
#2540=EDGE_CURVE('',#2088,#2086,#850,.T.);
#2541=EDGE_CURVE('',#2087,#2088,#851,.T.);
#2542=EDGE_CURVE('',#2087,#2089,#852,.T.);
#2543=EDGE_CURVE('',#2088,#2084,#853,.T.);
#2544=EDGE_CURVE('',#2089,#2083,#854,.T.);
#2545=EDGE_CURVE('',#2089,#2090,#855,.T.);
#2546=EDGE_CURVE('',#2090,#2082,#856,.T.);
#2547=EDGE_CURVE('',#2085,#2086,#857,.T.);
#2548=EDGE_CURVE('',#2091,#2090,#858,.T.);
#2549=EDGE_CURVE('',#2091,#2092,#859,.T.);
#2550=EDGE_CURVE('',#2087,#2092,#860,.T.);
#2551=EDGE_CURVE('',#2081,#2085,#861,.T.);
#2552=EDGE_CURVE('',#2082,#2080,#862,.T.);
#2553=EDGE_CURVE('',#2092,#2093,#1932,.T.);
#2554=EDGE_CURVE('',#2094,#2091,#1933,.T.);
#2555=EDGE_CURVE('',#2094,#2093,#863,.T.);
#2556=EDGE_CURVE('',#2093,#2095,#864,.T.);
#2557=EDGE_CURVE('',#2096,#2094,#865,.T.);
#2558=EDGE_CURVE('',#2096,#2095,#866,.T.);
#2559=EDGE_CURVE('',#2095,#2097,#867,.T.);
#2560=EDGE_CURVE('',#2098,#2096,#868,.T.);
#2561=EDGE_CURVE('',#2098,#2097,#869,.T.);
#2562=EDGE_CURVE('',#2097,#2099,#870,.T.);
#2563=EDGE_CURVE('',#2100,#2098,#871,.T.);
#2564=EDGE_CURVE('',#2100,#2099,#872,.T.);
#2565=EDGE_CURVE('',#2099,#2035,#873,.T.);
#2566=EDGE_CURVE('',#2036,#2100,#874,.T.);
#2567=EDGE_CURVE('',#2101,#2034,#875,.T.);
#2568=EDGE_CURVE('',#2102,#2101,#876,.F.);
#2569=EDGE_CURVE('',#2047,#2102,#877,.T.);
#2570=EDGE_CURVE('',#2103,#2046,#878,.T.);
#2571=EDGE_CURVE('',#2075,#2103,#879,.T.);
#2572=EDGE_CURVE('',#2069,#2104,#880,.T.);
#2573=EDGE_CURVE('',#2079,#2104,#881,.F.);
#2574=EDGE_CURVE('',#2002,#2024,#882,.F.);
#2575=EDGE_CURVE('',#2027,#2105,#883,.T.);
#2576=EDGE_CURVE('',#2105,#2106,#884,.T.);
#2577=EDGE_CURVE('',#2028,#2106,#885,.F.);
#2578=EDGE_CURVE('',#2106,#1999,#886,.F.);
#2579=EDGE_CURVE('',#2105,#2107,#887,.T.);
#2580=EDGE_CURVE('',#2005,#2107,#888,.T.);
#2581=EDGE_CURVE('',#2016,#2108,#889,.T.);
#2582=EDGE_CURVE('',#2108,#2109,#890,.T.);
#2583=EDGE_CURVE('',#2109,#2110,#891,.T.);
#2584=EDGE_CURVE('',#2111,#2110,#892,.F.);
#2585=EDGE_CURVE('',#2112,#2111,#893,.T.);
#2586=EDGE_CURVE('',#2113,#2112,#894,.F.);
#2587=EDGE_CURVE('',#2114,#2113,#895,.T.);
#2588=EDGE_CURVE('',#2115,#2114,#896,.F.);
#2589=EDGE_CURVE('',#1986,#2115,#897,.T.);
#2590=EDGE_CURVE('',#2116,#2117,#898,.T.);
#2591=EDGE_CURVE('',#2118,#2116,#899,.T.);
#2592=EDGE_CURVE('',#2119,#2118,#900,.T.);
#2593=EDGE_CURVE('',#2117,#2119,#901,.T.);
#2594=EDGE_CURVE('',#2120,#2121,#902,.T.);
#2595=EDGE_CURVE('',#2122,#2120,#903,.T.);
#2596=EDGE_CURVE('',#2123,#2122,#904,.T.);
#2597=EDGE_CURVE('',#2121,#2123,#905,.T.);
#2598=EDGE_CURVE('',#2021,#2124,#906,.T.);
#2599=EDGE_CURVE('',#2125,#2124,#907,.F.);
#2600=EDGE_CURVE('',#2022,#2125,#908,.T.);
#2601=EDGE_CURVE('',#2004,#2126,#909,.T.);
#2602=EDGE_CURVE('',#2124,#2126,#910,.F.);
#2603=EDGE_CURVE('',#2003,#2127,#911,.T.);
#2604=EDGE_CURVE('',#2126,#2127,#912,.F.);
#2605=EDGE_CURVE('',#2127,#2125,#913,.F.);
#2606=EDGE_CURVE('',#2128,#2123,#914,.T.);
#2607=EDGE_CURVE('',#2129,#2128,#915,.T.);
#2608=EDGE_CURVE('',#2129,#2121,#916,.T.);
#2609=EDGE_CURVE('',#2130,#2122,#917,.T.);
#2610=EDGE_CURVE('',#2128,#2130,#918,.T.);
#2611=EDGE_CURVE('',#2131,#2119,#919,.T.);
#2612=EDGE_CURVE('',#2132,#2131,#920,.T.);
#2613=EDGE_CURVE('',#2132,#2117,#921,.T.);
#2614=EDGE_CURVE('',#2133,#2118,#922,.T.);
#2615=EDGE_CURVE('',#2131,#2133,#923,.T.);
#2616=EDGE_CURVE('',#1978,#2134,#924,.T.);
#2617=EDGE_CURVE('',#2134,#1977,#925,.T.);
#2618=EDGE_CURVE('',#1976,#2135,#926,.T.);
#2619=EDGE_CURVE('',#2134,#2135,#927,.T.);
#2620=EDGE_CURVE('',#2136,#2137,#928,.T.);
#2621=EDGE_CURVE('',#2135,#2136,#929,.T.);
#2622=EDGE_CURVE('',#1952,#1976,#930,.T.);
#2623=EDGE_CURVE('',#2137,#1951,#931,.T.);
#2624=EDGE_CURVE('',#2138,#2136,#932,.T.);
#2625=EDGE_CURVE('',#2137,#2139,#933,.T.);
#2626=EDGE_CURVE('',#2140,#2139,#934,.F.);
#2627=EDGE_CURVE('',#2140,#2141,#935,.T.);
#2628=EDGE_CURVE('',#2141,#2142,#936,.T.);
#2629=EDGE_CURVE('',#2143,#2142,#937,.T.);
#2630=EDGE_CURVE('',#2143,#2138,#938,.T.);
#2631=EDGE_CURVE('',#2056,#2144,#939,.T.);
#2632=EDGE_CURVE('',#2139,#2144,#940,.F.);
#2633=EDGE_CURVE('',#2067,#2145,#941,.T.);
#2634=EDGE_CURVE('',#2104,#2145,#942,.F.);
#2635=EDGE_CURVE('',#2068,#2146,#943,.T.);
#2636=EDGE_CURVE('',#2145,#2146,#944,.F.);
#2637=EDGE_CURVE('',#2146,#2061,#945,.F.);
#2638=EDGE_CURVE('',#2147,#2148,#946,.F.);
#2639=EDGE_CURVE('',#2033,#2147,#947,.T.);
#2640=EDGE_CURVE('',#2032,#2148,#948,.T.);
#2641=EDGE_CURVE('',#2149,#2147,#949,.F.);
#2642=EDGE_CURVE('',#2148,#2150,#950,.F.);
#2643=EDGE_CURVE('',#2151,#2150,#951,.T.);
#2644=EDGE_CURVE('',#2152,#2151,#952,.T.);
#2645=EDGE_CURVE('',#2153,#2152,#953,.T.);
#2646=EDGE_CURVE('',#2153,#2154,#954,.F.);
#2647=EDGE_CURVE('',#2154,#2065,#955,.F.);
#2648=EDGE_CURVE('',#2149,#2077,#956,.T.);
#2649=EDGE_CURVE('',#2155,#2153,#957,.T.);
#2650=EDGE_CURVE('',#2156,#2152,#958,.T.);
#2651=EDGE_CURVE('',#2157,#2156,#959,.T.);
#2652=EDGE_CURVE('',#2158,#2157,#960,.T.);
#2653=EDGE_CURVE('',#2155,#2158,#961,.F.);
#2654=EDGE_CURVE('',#2159,#2151,#962,.T.);
#2655=EDGE_CURVE('',#2156,#2159,#963,.T.);
#2656=EDGE_CURVE('',#2150,#2160,#964,.T.);
#2657=EDGE_CURVE('',#2161,#2160,#965,.F.);
#2658=EDGE_CURVE('',#2162,#2161,#966,.T.);
#2659=EDGE_CURVE('',#2159,#2162,#967,.T.);
#2660=EDGE_CURVE('',#2163,#2164,#968,.T.);
#2661=EDGE_CURVE('',#2165,#2163,#969,.T.);
#2662=EDGE_CURVE('',#2166,#2165,#970,.T.);
#2663=EDGE_CURVE('',#2164,#2166,#971,.T.);
#2664=EDGE_CURVE('',#2167,#2168,#972,.T.);
#2665=EDGE_CURVE('',#2169,#2167,#973,.T.);
#2666=EDGE_CURVE('',#2170,#2169,#974,.T.);
#2667=EDGE_CURVE('',#2168,#2170,#975,.T.);
#2668=EDGE_CURVE('',#2171,#2172,#976,.T.);
#2669=EDGE_CURVE('',#2173,#2171,#977,.T.);
#2670=EDGE_CURVE('',#2174,#2173,#978,.T.);
#2671=EDGE_CURVE('',#2172,#2174,#979,.T.);
#2672=EDGE_CURVE('',#2175,#2176,#980,.T.);
#2673=EDGE_CURVE('',#2177,#2175,#981,.T.);
#2674=EDGE_CURVE('',#2178,#2177,#982,.T.);
#2675=EDGE_CURVE('',#2176,#2178,#983,.T.);
#2676=EDGE_CURVE('',#2179,#2178,#984,.T.);
#2677=EDGE_CURVE('',#2180,#2179,#985,.T.);
#2678=EDGE_CURVE('',#2180,#2176,#986,.T.);
#2679=EDGE_CURVE('',#2181,#2177,#987,.T.);
#2680=EDGE_CURVE('',#2179,#2181,#988,.T.);
#2681=EDGE_CURVE('',#2182,#2174,#989,.T.);
#2682=EDGE_CURVE('',#2183,#2182,#990,.T.);
#2683=EDGE_CURVE('',#2183,#2172,#991,.T.);
#2684=EDGE_CURVE('',#2184,#2173,#992,.T.);
#2685=EDGE_CURVE('',#2182,#2184,#993,.T.);
#2686=EDGE_CURVE('',#2185,#2170,#994,.T.);
#2687=EDGE_CURVE('',#2186,#2185,#995,.T.);
#2688=EDGE_CURVE('',#2186,#2168,#996,.T.);
#2689=EDGE_CURVE('',#2187,#2169,#997,.T.);
#2690=EDGE_CURVE('',#2185,#2187,#998,.T.);
#2691=EDGE_CURVE('',#2188,#2166,#999,.T.);
#2692=EDGE_CURVE('',#2189,#2188,#1000,.T.);
#2693=EDGE_CURVE('',#2189,#2164,#1001,.T.);
#2694=EDGE_CURVE('',#2190,#2165,#1002,.T.);
#2695=EDGE_CURVE('',#2188,#2190,#1003,.T.);
#2696=EDGE_CURVE('',#2144,#2191,#1004,.F.);
#2697=EDGE_CURVE('',#2031,#2154,#1005,.T.);
#2698=EDGE_CURVE('',#2030,#2191,#1006,.T.);
#2699=EDGE_CURVE('',#2192,#2193,#1007,.T.);
#2700=EDGE_CURVE('',#2140,#2192,#1008,.T.);
#2701=EDGE_CURVE('',#2191,#2193,#1009,.F.);
#2702=EDGE_CURVE('',#2194,#2138,#1010,.T.);
#2703=EDGE_CURVE('',#2195,#2143,#1011,.T.);
#2704=EDGE_CURVE('',#2195,#2194,#1012,.T.);
#2705=EDGE_CURVE('',#1960,#1955,#1013,.T.);
#2706=EDGE_CURVE('',#2196,#2197,#1014,.T.);
#2707=EDGE_CURVE('',#2197,#2198,#1015,.T.);
#2708=EDGE_CURVE('',#2199,#2198,#1016,.T.);
#2709=EDGE_CURVE('',#2200,#2199,#1017,.T.);
#2710=EDGE_CURVE('',#2200,#2201,#1018,.T.);
#2711=EDGE_CURVE('',#2201,#2196,#1019,.T.);
#2712=EDGE_CURVE('',#2202,#1967,#1020,.T.);
#2713=EDGE_CURVE('',#1967,#2203,#1021,.T.);
#2714=EDGE_CURVE('',#2204,#2203,#1022,.F.);
#2715=EDGE_CURVE('',#2202,#2204,#1023,.T.);
#2716=EDGE_CURVE('',#2203,#2115,#1024,.F.);
#2717=EDGE_CURVE('',#2205,#2114,#1025,.T.);
#2718=EDGE_CURVE('',#2206,#2205,#1026,.T.);
#2719=EDGE_CURVE('',#2111,#2206,#1027,.T.);
#2720=EDGE_CURVE('',#2110,#2204,#1028,.F.);
#2721=EDGE_CURVE('',#2207,#2208,#1029,.T.);
#2722=EDGE_CURVE('',#2209,#2207,#1030,.T.);
#2723=EDGE_CURVE('',#2210,#2209,#1031,.T.);
#2724=EDGE_CURVE('',#2208,#2210,#1032,.T.);
#2725=EDGE_CURVE('',#2211,#2212,#1033,.T.);
#2726=EDGE_CURVE('',#2213,#2211,#1034,.T.);
#2727=EDGE_CURVE('',#2214,#2213,#1035,.T.);
#2728=EDGE_CURVE('',#2212,#2214,#1036,.T.);
#2729=EDGE_CURVE('',#2215,#2214,#1037,.T.);
#2730=EDGE_CURVE('',#2216,#2215,#1038,.T.);
#2731=EDGE_CURVE('',#2216,#2212,#1039,.T.);
#2732=EDGE_CURVE('',#2217,#2213,#1040,.T.);
#2733=EDGE_CURVE('',#2215,#2217,#1041,.T.);
#2734=EDGE_CURVE('',#2218,#2210,#1042,.T.);
#2735=EDGE_CURVE('',#2219,#2218,#1043,.T.);
#2736=EDGE_CURVE('',#2219,#2208,#1044,.T.);
#2737=EDGE_CURVE('',#2220,#2209,#1045,.T.);
#2738=EDGE_CURVE('',#2218,#2220,#1046,.T.);
#2739=EDGE_CURVE('',#2221,#2206,#1047,.T.);
#2740=EDGE_CURVE('',#2222,#2221,#1048,.T.);
#2741=EDGE_CURVE('',#2223,#2222,#1049,.T.);
#2742=EDGE_CURVE('',#2112,#2223,#1050,.F.);
#2743=EDGE_CURVE('',#2224,#2205,#1051,.T.);
#2744=EDGE_CURVE('',#2221,#2224,#1052,.T.);
#2745=EDGE_CURVE('',#2225,#2113,#1053,.F.);
#2746=EDGE_CURVE('',#2226,#2225,#1054,.T.);
#2747=EDGE_CURVE('',#2224,#2226,#1055,.T.);
#2748=EDGE_CURVE('',#2227,#1971,#1056,.T.);
#2749=EDGE_CURVE('',#1955,#2227,#1057,.T.);
#2750=EDGE_CURVE('',#1954,#1972,#1058,.F.);
#2751=EDGE_CURVE('',#1953,#2228,#1059,.F.);
#2752=EDGE_CURVE('',#2229,#2228,#1060,.T.);
#2753=EDGE_CURVE('',#2198,#2229,#1061,.T.);
#2754=EDGE_CURVE('',#2197,#2230,#1062,.F.);
#2755=EDGE_CURVE('',#2231,#2230,#1063,.T.);
#2756=EDGE_CURVE('',#1973,#2231,#1064,.T.);
#2757=EDGE_CURVE('',#2232,#2233,#1065,.T.);
#2758=EDGE_CURVE('',#2234,#2232,#1934,.T.);
#2759=EDGE_CURVE('',#2235,#2234,#1066,.T.);
#2760=EDGE_CURVE('',#2233,#2235,#1935,.T.);
#2761=EDGE_CURVE('',#2236,#2233,#1067,.T.);
#2762=EDGE_CURVE('',#2237,#2236,#1068,.T.);
#2763=EDGE_CURVE('',#2237,#2232,#1069,.T.);
#2764=EDGE_CURVE('',#2238,#2235,#1070,.T.);
#2765=EDGE_CURVE('',#2236,#2238,#1936,.T.);
#2766=EDGE_CURVE('',#2239,#2234,#1071,.T.);
#2767=EDGE_CURVE('',#2238,#2239,#1072,.T.);
#2768=EDGE_CURVE('',#2240,#2241,#1073,.T.);
#2769=EDGE_CURVE('',#2240,#2242,#1074,.F.);
#2770=EDGE_CURVE('',#2242,#2243,#1075,.F.);
#2771=EDGE_CURVE('',#2244,#2243,#1076,.T.);
#2772=EDGE_CURVE('',#2245,#2244,#1077,.T.);
#2773=EDGE_CURVE('',#2241,#2245,#1078,.T.);
#2774=EDGE_CURVE('',#2246,#2246,#1937,.T.);
#2775=EDGE_CURVE('',#2247,#2240,#1079,.T.);
#2776=EDGE_CURVE('',#2241,#2052,#1080,.T.);
#2777=EDGE_CURVE('',#2051,#2248,#1081,.T.);
#2778=EDGE_CURVE('',#2249,#2248,#1082,.T.);
#2779=EDGE_CURVE('',#2249,#2195,#1083,.T.);
#2780=EDGE_CURVE('',#2142,#2250,#1084,.T.);
#2781=EDGE_CURVE('',#2250,#2251,#1085,.T.);
#2782=EDGE_CURVE('',#2251,#2247,#1086,.T.);
#2783=EDGE_CURVE('',#2252,#2053,#1087,.T.);
#2784=EDGE_CURVE('',#2252,#2253,#1088,.T.);
#2785=EDGE_CURVE('',#2054,#2253,#1089,.T.);
#2786=EDGE_CURVE('',#2254,#2255,#1090,.T.);
#2787=EDGE_CURVE('',#2256,#2254,#1091,.T.);
#2788=EDGE_CURVE('',#2257,#2256,#1092,.T.);
#2789=EDGE_CURVE('',#2255,#2257,#1093,.T.);
#2790=EDGE_CURVE('',#2253,#2258,#1094,.T.);
#2791=EDGE_CURVE('',#2029,#2258,#1095,.T.);
#2792=EDGE_CURVE('',#2259,#2256,#1096,.T.);
#2793=EDGE_CURVE('',#2259,#2260,#1097,.T.);
#2794=EDGE_CURVE('',#2260,#2257,#1098,.T.);
#2795=EDGE_CURVE('',#2254,#2261,#1099,.T.);
#2796=EDGE_CURVE('',#2261,#2262,#1100,.T.);
#2797=EDGE_CURVE('',#2262,#2263,#1101,.T.);
#2798=EDGE_CURVE('',#2263,#2259,#1102,.T.);
#2799=EDGE_CURVE('',#2261,#2245,#1103,.T.);
#2800=EDGE_CURVE('',#2255,#2252,#1104,.T.);
#2801=EDGE_CURVE('',#2246,#2264,#1105,.T.);
#2802=EDGE_CURVE('',#2264,#2264,#1938,.T.);
#2803=EDGE_CURVE('',#2155,#2160,#1106,.T.);
#2804=EDGE_CURVE('',#2161,#2158,#1107,.T.);
#2805=EDGE_CURVE('',#2157,#2265,#1108,.T.);
#2806=EDGE_CURVE('',#2265,#2050,#1109,.T.);
#2807=EDGE_CURVE('',#2049,#2266,#1110,.T.);
#2808=EDGE_CURVE('',#2266,#2162,#1111,.T.);
#2809=EDGE_CURVE('',#2226,#2267,#1112,.T.);
#2810=EDGE_CURVE('',#2267,#2268,#1113,.T.);
#2811=EDGE_CURVE('',#2268,#2269,#1114,.T.);
#2812=EDGE_CURVE('',#2269,#2270,#1115,.T.);
#2813=EDGE_CURVE('',#2270,#2271,#1116,.T.);
#2814=EDGE_CURVE('',#2271,#2222,#1117,.T.);
#2815=EDGE_CURVE('',#2220,#2272,#1118,.T.);
#2816=EDGE_CURVE('',#2272,#2219,#1119,.T.);
#2817=EDGE_CURVE('',#2130,#2273,#1120,.T.);
#2818=EDGE_CURVE('',#2273,#2129,#1121,.T.);
#2819=EDGE_CURVE('',#2217,#2274,#1122,.T.);
#2820=EDGE_CURVE('',#2274,#2216,#1123,.T.);
#2821=EDGE_CURVE('',#2133,#2275,#1124,.T.);
#2822=EDGE_CURVE('',#2275,#2132,#1125,.T.);
#2823=EDGE_CURVE('',#2225,#2223,#1126,.T.);
#2824=EDGE_CURVE('',#2271,#2276,#1127,.T.);
#2825=EDGE_CURVE('',#2276,#2277,#1128,.T.);
#2826=EDGE_CURVE('',#2009,#2277,#1129,.T.);
#2827=EDGE_CURVE('',#2008,#2243,#1130,.T.);
#2828=EDGE_CURVE('',#2242,#2267,#1131,.T.);
#2829=EDGE_CURVE('',#2278,#2262,#1132,.T.);
#2830=EDGE_CURVE('',#2278,#2279,#1133,.T.);
#2831=EDGE_CURVE('',#2263,#2279,#1134,.T.);
#2832=EDGE_CURVE('',#2280,#2006,#1135,.T.);
#2833=EDGE_CURVE('',#2280,#2281,#1136,.T.);
#2834=EDGE_CURVE('',#2007,#2281,#1137,.T.);
#2835=EDGE_CURVE('',#2279,#2282,#1138,.T.);
#2836=EDGE_CURVE('',#2283,#2278,#1139,.T.);
#2837=EDGE_CURVE('',#2281,#2283,#1140,.T.);
#2838=EDGE_CURVE('',#2282,#2280,#1141,.T.);
#2839=EDGE_CURVE('',#2244,#2283,#1142,.T.);
#2840=EDGE_CURVE('',#2282,#2284,#1143,.T.);
#2841=EDGE_CURVE('',#2284,#2260,#1144,.T.);
#2842=EDGE_CURVE('',#2258,#2026,#1145,.T.);
#2843=EDGE_CURVE('',#2193,#2194,#1146,.T.);
#2844=EDGE_CURVE('',#2107,#2284,#1147,.T.);
#2845=EDGE_CURVE('',#2202,#2013,#1148,.T.);
#2846=EDGE_CURVE('',#2109,#2285,#1149,.T.);
#2847=EDGE_CURVE('',#2014,#2285,#1150,.T.);
#2848=EDGE_CURVE('',#2015,#2286,#1151,.T.);
#2849=EDGE_CURVE('',#2286,#2108,#1152,.T.);
#2850=EDGE_CURVE('',#2285,#2286,#1153,.T.);
#2851=EDGE_CURVE('',#2287,#2101,#1154,.T.);
#2852=EDGE_CURVE('',#2287,#2288,#1155,.F.);
#2853=EDGE_CURVE('',#2102,#2288,#1156,.T.);
#2854=EDGE_CURVE('',#2288,#2289,#1157,.T.);
#2855=EDGE_CURVE('',#2290,#2289,#1158,.T.);
#2856=EDGE_CURVE('',#2048,#2290,#1159,.T.);
#2857=EDGE_CURVE('',#2287,#2149,#1160,.T.);
#2858=EDGE_CURVE('',#2289,#2076,#1161,.T.);
#2859=EDGE_CURVE('',#2291,#1960,#1162,.T.);
#2860=EDGE_CURVE('',#2292,#2291,#1939,.T.);
#2861=EDGE_CURVE('',#2293,#2292,#1940,.T.);
#2862=EDGE_CURVE('',#2293,#2294,#1163,.T.);
#2863=EDGE_CURVE('',#1963,#2294,#1164,.F.);
#2864=EDGE_CURVE('',#2295,#2296,#1165,.T.);
#2865=EDGE_CURVE('',#2297,#2296,#1166,.F.);
#2866=EDGE_CURVE('',#2297,#2298,#1167,.T.);
#2867=EDGE_CURVE('',#2299,#2298,#1168,.F.);
#2868=EDGE_CURVE('',#2038,#2299,#1169,.T.);
#2869=EDGE_CURVE('',#2037,#2300,#1170,.T.);
#2870=EDGE_CURVE('',#2294,#2300,#1171,.F.);
#2871=EDGE_CURVE('',#2295,#2293,#1172,.T.);
#2872=EDGE_CURVE('',#2300,#1964,#1173,.F.);
#2873=EDGE_CURVE('',#2301,#2302,#1174,.T.);
#2874=EDGE_CURVE('',#2303,#2301,#1175,.T.);
#2875=EDGE_CURVE('',#2304,#2303,#1176,.T.);
#2876=EDGE_CURVE('',#2302,#2304,#1177,.T.);
#2877=EDGE_CURVE('',#2305,#2306,#1178,.T.);
#2878=EDGE_CURVE('',#2307,#2305,#1179,.T.);
#2879=EDGE_CURVE('',#2308,#2307,#1180,.T.);
#2880=EDGE_CURVE('',#2306,#2308,#1181,.T.);
#2881=EDGE_CURVE('',#2293,#2309,#1182,.T.);
#2882=EDGE_CURVE('',#2310,#2309,#1183,.T.);
#2883=EDGE_CURVE('',#2310,#2311,#1184,.T.);
#2884=EDGE_CURVE('',#2311,#2295,#1185,.T.);
#2885=EDGE_CURVE('',#2312,#2303,#1186,.T.);
#2886=EDGE_CURVE('',#2313,#2312,#1187,.T.);
#2887=EDGE_CURVE('',#2313,#2304,#1188,.T.);
#2888=EDGE_CURVE('',#2314,#2301,#1189,.T.);
#2889=EDGE_CURVE('',#2312,#2314,#1190,.T.);
#2890=EDGE_CURVE('',#2315,#2307,#1191,.T.);
#2891=EDGE_CURVE('',#2316,#2315,#1192,.T.);
#2892=EDGE_CURVE('',#2316,#2308,#1193,.T.);
#2893=EDGE_CURVE('',#2317,#2305,#1194,.T.);
#2894=EDGE_CURVE('',#2315,#2317,#1195,.T.);
#2895=EDGE_CURVE('',#2318,#2319,#1196,.T.);
#2896=EDGE_CURVE('',#2318,#2320,#1197,.F.);
#2897=EDGE_CURVE('',#2320,#2321,#1198,.F.);
#2898=EDGE_CURVE('',#2321,#2322,#1199,.F.);
#2899=EDGE_CURVE('',#2322,#2299,#1200,.F.);
#2900=EDGE_CURVE('',#2298,#2323,#1201,.F.);
#2901=EDGE_CURVE('',#2323,#2324,#1202,.F.);
#2902=EDGE_CURVE('',#2325,#2324,#1203,.T.);
#2903=EDGE_CURVE('',#2319,#2325,#1204,.T.);
#2904=EDGE_CURVE('',#2326,#2297,#1205,.F.);
#2905=EDGE_CURVE('',#2326,#2323,#1206,.T.);
#2906=EDGE_CURVE('',#2041,#2320,#1207,.T.);
#2907=EDGE_CURVE('',#2040,#2321,#1208,.T.);
#2908=EDGE_CURVE('',#2039,#2322,#1209,.T.);
#2909=EDGE_CURVE('',#2327,#2325,#1210,.T.);
#2910=EDGE_CURVE('',#2328,#2327,#1211,.T.);
#2911=EDGE_CURVE('',#2328,#2319,#1212,.T.);
#2912=EDGE_CURVE('',#2324,#2329,#1213,.T.);
#2913=EDGE_CURVE('',#2329,#2330,#1214,.T.);
#2914=EDGE_CURVE('',#2331,#2330,#1215,.T.);
#2915=EDGE_CURVE('',#2327,#2331,#1216,.T.);
#2916=EDGE_CURVE('',#2296,#2332,#1217,.F.);
#2917=EDGE_CURVE('',#2332,#2311,#1218,.T.);
#2918=EDGE_CURVE('',#2333,#2334,#1219,.F.);
#2919=EDGE_CURVE('',#2043,#2333,#1220,.T.);
#2920=EDGE_CURVE('',#2042,#2334,#1221,.T.);
#2921=EDGE_CURVE('',#2335,#2332,#1222,.T.);
#2922=EDGE_CURVE('',#2336,#2335,#1223,.T.);
#2923=EDGE_CURVE('',#2333,#2336,#1224,.T.);
#2924=EDGE_CURVE('',#2334,#2326,#1225,.F.);
#2925=EDGE_CURVE('',#2336,#2337,#1226,.T.);
#2926=EDGE_CURVE('',#2331,#2337,#1227,.T.);
#2927=EDGE_CURVE('',#2330,#2338,#1228,.T.);
#2928=EDGE_CURVE('',#2338,#2339,#1229,.T.);
#2929=EDGE_CURVE('',#2340,#2339,#1230,.T.);
#2930=EDGE_CURVE('',#2340,#2044,#1231,.T.);
#2931=EDGE_CURVE('',#2341,#2329,#1232,.T.);
#2932=EDGE_CURVE('',#2338,#2341,#1233,.T.);
#2933=EDGE_CURVE('',#2337,#2342,#1234,.T.);
#2934=EDGE_CURVE('',#2342,#2343,#1235,.T.);
#2935=EDGE_CURVE('',#2343,#2340,#1236,.T.);
#2936=EDGE_CURVE('',#2339,#2328,#1237,.T.);
#2937=EDGE_CURVE('',#2341,#2318,#1238,.T.);
#2938=EDGE_CURVE('',#2344,#1975,#1239,.T.);
#2939=EDGE_CURVE('',#2230,#2344,#1240,.T.);
#2940=EDGE_CURVE('',#2345,#2196,#1241,.T.);
#2941=EDGE_CURVE('',#2228,#2345,#1242,.T.);
#2942=EDGE_CURVE('',#2346,#1974,#1243,.T.);
#2943=EDGE_CURVE('',#2247,#2346,#1244,.T.);
#2944=EDGE_CURVE('',#2345,#2251,#1245,.T.);
#2945=EDGE_CURVE('',#2347,#2201,#1246,.T.);
#2946=EDGE_CURVE('',#2344,#2347,#1247,.T.);
#2947=EDGE_CURVE('',#2348,#2231,#1248,.T.);
#2948=EDGE_CURVE('',#2269,#2348,#1249,.T.);
#2949=EDGE_CURVE('',#2346,#2268,#1250,.T.);
#2950=EDGE_CURVE('',#2349,#2200,#1251,.T.);
#2951=EDGE_CURVE('',#2349,#2347,#1252,.T.);
#2952=EDGE_CURVE('',#2348,#2349,#1253,.T.);
#2953=EDGE_CURVE('',#2350,#2250,#1254,.T.);
#2954=EDGE_CURVE('',#2350,#2229,#1255,.T.);
#2955=EDGE_CURVE('',#2199,#2350,#1256,.T.);
#2956=EDGE_CURVE('',#2351,#2141,#1257,.T.);
#2957=EDGE_CURVE('',#2270,#2351,#1258,.T.);
#2958=EDGE_CURVE('',#2239,#2237,#1941,.T.);
#2959=EDGE_CURVE('',#2352,#2192,#1259,.T.);
#2960=EDGE_CURVE('',#2141,#2352,#1260,.T.);
#2961=EDGE_CURVE('',#2266,#2290,#1261,.T.);
#2962=EDGE_CURVE('',#2353,#2103,#1262,.T.);
#2963=EDGE_CURVE('',#2353,#2351,#1263,.T.);
#2964=EDGE_CURVE('',#2352,#2249,#1264,.T.);
#2965=EDGE_CURVE('',#2248,#2265,#1265,.T.);
#2966=EDGE_CURVE('',#2181,#2354,#1266,.T.);
#2967=EDGE_CURVE('',#2354,#2180,#1267,.T.);
#2968=EDGE_CURVE('',#2317,#2355,#1268,.T.);
#2969=EDGE_CURVE('',#2355,#2316,#1269,.T.);
#2970=EDGE_CURVE('',#2190,#2356,#1270,.T.);
#2971=EDGE_CURVE('',#2356,#2189,#1271,.T.);
#2972=EDGE_CURVE('',#2187,#2357,#1272,.T.);
#2973=EDGE_CURVE('',#2357,#2186,#1273,.T.);
#2974=EDGE_CURVE('',#2314,#2358,#1274,.T.);
#2975=EDGE_CURVE('',#2358,#2313,#1275,.T.);
#2976=EDGE_CURVE('',#2184,#2359,#1276,.T.);
#2977=EDGE_CURVE('',#2359,#2183,#1277,.T.);
#2978=EDGE_CURVE('',#2272,#2207,#1278,.T.);
#2979=EDGE_CURVE('',#2273,#2120,#1279,.T.);
#2980=EDGE_CURVE('',#2274,#2211,#1280,.T.);
#2981=EDGE_CURVE('',#2275,#2116,#1281,.T.);
#2982=EDGE_CURVE('',#2359,#2171,#1282,.T.);
#2983=EDGE_CURVE('',#2358,#2302,#1283,.T.);
#2984=EDGE_CURVE('',#2357,#2167,#1284,.T.);
#2985=EDGE_CURVE('',#2356,#2163,#1285,.T.);
#2986=EDGE_CURVE('',#2355,#2306,#1286,.T.);
#2987=EDGE_CURVE('',#2354,#2175,#1287,.T.);
#2988=EDGE_CURVE('',#2353,#2310,#1288,.T.);
#2989=EDGE_CURVE('',#2045,#2343,#1289,.T.);
#2990=EDGE_CURVE('',#2342,#2335,#1290,.T.);
#2991=EDGE_CURVE('',#2010,#2360,#1291,.T.);
#2992=EDGE_CURVE('',#2360,#2277,#1292,.T.);
#2993=EDGE_CURVE('',#2276,#2361,#1293,.T.);
#2994=EDGE_CURVE('',#2361,#2360,#1294,.T.);
#2995=EDGE_CURVE('',#2011,#2361,#1295,.T.);
#2996=EDGE_CURVE('',#2362,#2012,#1296,.T.);
#2997=EDGE_CURVE('',#2362,#2202,#1297,.T.);
#2998=EDGE_CURVE('',#1969,#2362,#1298,.T.);
#2999=EDGE_CURVE('',#2363,#1970,#1299,.T.);
#3000=EDGE_CURVE('',#2363,#2227,#1300,.T.);
#3001=EDGE_CURVE('',#2364,#2363,#1301,.T.);
#3002=EDGE_CURVE('',#2364,#2291,#1302,.T.);
#3003=EDGE_CURVE('',#2365,#2364,#1942,.T.);
#3004=EDGE_CURVE('',#2365,#2292,#1303,.T.);
#3005=EDGE_CURVE('',#2309,#2365,#1943,.T.);
#3006=ORIENTED_EDGE('',*,*,#2366,.T.);
#3007=ORIENTED_EDGE('',*,*,#2367,.T.);
#3008=ORIENTED_EDGE('',*,*,#2368,.T.);
#3009=ORIENTED_EDGE('',*,*,#2369,.T.);
#3010=ORIENTED_EDGE('',*,*,#2368,.F.);
#3011=ORIENTED_EDGE('',*,*,#2370,.T.);
#3012=ORIENTED_EDGE('',*,*,#2371,.T.);
#3013=ORIENTED_EDGE('',*,*,#2372,.T.);
#3014=ORIENTED_EDGE('',*,*,#2373,.T.);
#3015=ORIENTED_EDGE('',*,*,#2374,.T.);
#3016=ORIENTED_EDGE('',*,*,#2375,.T.);
#3017=ORIENTED_EDGE('',*,*,#2376,.F.);
#3018=ORIENTED_EDGE('',*,*,#2377,.F.);
#3019=ORIENTED_EDGE('',*,*,#2378,.F.);
#3020=ORIENTED_EDGE('',*,*,#2379,.T.);
#3021=ORIENTED_EDGE('',*,*,#2380,.T.);
#3022=ORIENTED_EDGE('',*,*,#2367,.F.);
#3023=ORIENTED_EDGE('',*,*,#2381,.F.);
#3024=ORIENTED_EDGE('',*,*,#2382,.F.);
#3025=ORIENTED_EDGE('',*,*,#2383,.F.);
#3026=ORIENTED_EDGE('',*,*,#2370,.F.);
#3027=ORIENTED_EDGE('',*,*,#2379,.F.);
#3028=ORIENTED_EDGE('',*,*,#2384,.F.);
#3029=ORIENTED_EDGE('',*,*,#2385,.F.);
#3030=ORIENTED_EDGE('',*,*,#2386,.F.);
#3031=ORIENTED_EDGE('',*,*,#2387,.T.);
#3032=ORIENTED_EDGE('',*,*,#2369,.F.);
#3033=ORIENTED_EDGE('',*,*,#2380,.F.);
#3034=ORIENTED_EDGE('',*,*,#2387,.F.);
#3035=ORIENTED_EDGE('',*,*,#2388,.F.);
#3036=ORIENTED_EDGE('',*,*,#2366,.F.);
#3037=ORIENTED_EDGE('',*,*,#2388,.T.);
#3038=ORIENTED_EDGE('',*,*,#2386,.T.);
#3039=ORIENTED_EDGE('',*,*,#2389,.T.);
#3040=ORIENTED_EDGE('',*,*,#2390,.F.);
#3041=ORIENTED_EDGE('',*,*,#2391,.F.);
#3042=ORIENTED_EDGE('',*,*,#2381,.T.);
#3043=ORIENTED_EDGE('',*,*,#2392,.T.);
#3044=ORIENTED_EDGE('',*,*,#2393,.T.);
#3045=ORIENTED_EDGE('',*,*,#2394,.T.);
#3046=ORIENTED_EDGE('',*,*,#2395,.F.);
#3047=ORIENTED_EDGE('',*,*,#2395,.T.);
#3048=ORIENTED_EDGE('',*,*,#2396,.F.);
#3049=ORIENTED_EDGE('',*,*,#2397,.F.);
#3050=ORIENTED_EDGE('',*,*,#2398,.T.);
#3051=ORIENTED_EDGE('',*,*,#2399,.F.);
#3052=ORIENTED_EDGE('',*,*,#2400,.F.);
#3053=ORIENTED_EDGE('',*,*,#2401,.F.);
#3054=ORIENTED_EDGE('',*,*,#2402,.F.);
#3055=ORIENTED_EDGE('',*,*,#2403,.T.);
#3056=ORIENTED_EDGE('',*,*,#2404,.T.);
#3057=ORIENTED_EDGE('',*,*,#2405,.T.);
#3058=ORIENTED_EDGE('',*,*,#2406,.F.);
#3059=ORIENTED_EDGE('',*,*,#2407,.T.);
#3060=ORIENTED_EDGE('',*,*,#2408,.T.);
#3061=ORIENTED_EDGE('',*,*,#2409,.T.);
#3062=ORIENTED_EDGE('',*,*,#2410,.T.);
#3063=ORIENTED_EDGE('',*,*,#2411,.T.);
#3064=ORIENTED_EDGE('',*,*,#2412,.T.);
#3065=ORIENTED_EDGE('',*,*,#2413,.T.);
#3066=ORIENTED_EDGE('',*,*,#2414,.T.);
#3067=ORIENTED_EDGE('',*,*,#2415,.F.);
#3068=ORIENTED_EDGE('',*,*,#2416,.F.);
#3069=ORIENTED_EDGE('',*,*,#2417,.F.);
#3070=ORIENTED_EDGE('',*,*,#2418,.T.);
#3071=ORIENTED_EDGE('',*,*,#2419,.F.);
#3072=ORIENTED_EDGE('',*,*,#2420,.F.);
#3073=ORIENTED_EDGE('',*,*,#2415,.T.);
#3074=ORIENTED_EDGE('',*,*,#2419,.T.);
#3075=ORIENTED_EDGE('',*,*,#2421,.F.);
#3076=ORIENTED_EDGE('',*,*,#2422,.F.);
#3077=ORIENTED_EDGE('',*,*,#2423,.F.);
#3078=ORIENTED_EDGE('',*,*,#2424,.T.);
#3079=ORIENTED_EDGE('',*,*,#2425,.F.);
#3080=ORIENTED_EDGE('',*,*,#2422,.T.);
#3081=ORIENTED_EDGE('',*,*,#2426,.F.);
#3082=ORIENTED_EDGE('',*,*,#2423,.T.);
#3083=ORIENTED_EDGE('',*,*,#2425,.T.);
#3084=ORIENTED_EDGE('',*,*,#2427,.T.);
#3085=ORIENTED_EDGE('',*,*,#2428,.T.);
#3086=ORIENTED_EDGE('',*,*,#2429,.T.);
#3087=ORIENTED_EDGE('',*,*,#2430,.F.);
#3088=ORIENTED_EDGE('',*,*,#2431,.F.);
#3089=ORIENTED_EDGE('',*,*,#2416,.T.);
#3090=ORIENTED_EDGE('',*,*,#2420,.T.);
#3091=ORIENTED_EDGE('',*,*,#2432,.F.);
#3092=ORIENTED_EDGE('',*,*,#2433,.F.);
#3093=ORIENTED_EDGE('',*,*,#2427,.F.);
#3094=ORIENTED_EDGE('',*,*,#2424,.F.);
#3095=ORIENTED_EDGE('',*,*,#2433,.T.);
#3096=ORIENTED_EDGE('',*,*,#2434,.T.);
#3097=ORIENTED_EDGE('',*,*,#2435,.T.);
#3098=ORIENTED_EDGE('',*,*,#2428,.F.);
#3099=ORIENTED_EDGE('',*,*,#2392,.F.);
#3100=ORIENTED_EDGE('',*,*,#2413,.F.);
#3101=ORIENTED_EDGE('',*,*,#2436,.F.);
#3102=ORIENTED_EDGE('',*,*,#2437,.F.);
#3103=ORIENTED_EDGE('',*,*,#2435,.F.);
#3104=ORIENTED_EDGE('',*,*,#2437,.T.);
#3105=ORIENTED_EDGE('',*,*,#2438,.T.);
#3106=ORIENTED_EDGE('',*,*,#2439,.F.);
#3107=ORIENTED_EDGE('',*,*,#2429,.F.);
#3108=ORIENTED_EDGE('',*,*,#2440,.F.);
#3109=ORIENTED_EDGE('',*,*,#2441,.F.);
#3110=ORIENTED_EDGE('',*,*,#2442,.F.);
#3111=ORIENTED_EDGE('',*,*,#2409,.F.);
#3112=ORIENTED_EDGE('',*,*,#2443,.T.);
#3113=ORIENTED_EDGE('',*,*,#2444,.T.);
#3114=ORIENTED_EDGE('',*,*,#2445,.T.);
#3115=ORIENTED_EDGE('',*,*,#2446,.T.);
#3116=ORIENTED_EDGE('',*,*,#2447,.T.);
#3117=ORIENTED_EDGE('',*,*,#2448,.T.);
#3118=ORIENTED_EDGE('',*,*,#2449,.F.);
#3119=ORIENTED_EDGE('',*,*,#2450,.T.);
#3120=ORIENTED_EDGE('',*,*,#2451,.T.);
#3121=ORIENTED_EDGE('',*,*,#2452,.T.);
#3122=ORIENTED_EDGE('',*,*,#2453,.T.);
#3123=ORIENTED_EDGE('',*,*,#2454,.T.);
#3124=ORIENTED_EDGE('',*,*,#2407,.F.);
#3125=ORIENTED_EDGE('',*,*,#2455,.F.);
#3126=ORIENTED_EDGE('',*,*,#2456,.F.);
#3127=ORIENTED_EDGE('',*,*,#2457,.F.);
#3128=ORIENTED_EDGE('',*,*,#2458,.F.);
#3129=ORIENTED_EDGE('',*,*,#2459,.F.);
#3130=ORIENTED_EDGE('',*,*,#2411,.F.);
#3131=ORIENTED_EDGE('',*,*,#2460,.F.);
#3132=ORIENTED_EDGE('',*,*,#2461,.F.);
#3133=ORIENTED_EDGE('',*,*,#2462,.F.);
#3134=ORIENTED_EDGE('',*,*,#2458,.T.);
#3135=ORIENTED_EDGE('',*,*,#2463,.T.);
#3136=ORIENTED_EDGE('',*,*,#2464,.F.);
#3137=ORIENTED_EDGE('',*,*,#2465,.F.);
#3138=ORIENTED_EDGE('',*,*,#2457,.T.);
#3139=ORIENTED_EDGE('',*,*,#2466,.T.);
#3140=ORIENTED_EDGE('',*,*,#2467,.F.);
#3141=ORIENTED_EDGE('',*,*,#2463,.F.);
#3142=ORIENTED_EDGE('',*,*,#2456,.T.);
#3143=ORIENTED_EDGE('',*,*,#2468,.T.);
#3144=ORIENTED_EDGE('',*,*,#2469,.T.);
#3145=ORIENTED_EDGE('',*,*,#2470,.T.);
#3146=ORIENTED_EDGE('',*,*,#2471,.F.);
#3147=ORIENTED_EDGE('',*,*,#2466,.F.);
#3148=ORIENTED_EDGE('',*,*,#2472,.T.);
#3149=ORIENTED_EDGE('',*,*,#2473,.T.);
#3150=ORIENTED_EDGE('',*,*,#2474,.T.);
#3151=ORIENTED_EDGE('',*,*,#2475,.T.);
#3152=ORIENTED_EDGE('',*,*,#2476,.T.);
#3153=ORIENTED_EDGE('',*,*,#2477,.T.);
#3154=ORIENTED_EDGE('',*,*,#2478,.T.);
#3155=ORIENTED_EDGE('',*,*,#2479,.T.);
#3156=ORIENTED_EDGE('',*,*,#2480,.T.);
#3157=ORIENTED_EDGE('',*,*,#2481,.T.);
#3158=ORIENTED_EDGE('',*,*,#2482,.T.);
#3159=ORIENTED_EDGE('',*,*,#2483,.T.);
#3160=ORIENTED_EDGE('',*,*,#2484,.T.);
#3161=ORIENTED_EDGE('',*,*,#2485,.T.);
#3162=ORIENTED_EDGE('',*,*,#2486,.F.);
#3163=ORIENTED_EDGE('',*,*,#2487,.T.);
#3164=ORIENTED_EDGE('',*,*,#2488,.T.);
#3165=ORIENTED_EDGE('',*,*,#2489,.T.);
#3166=ORIENTED_EDGE('',*,*,#2490,.T.);
#3167=ORIENTED_EDGE('',*,*,#2491,.T.);
#3168=ORIENTED_EDGE('',*,*,#2492,.T.);
#3169=ORIENTED_EDGE('',*,*,#2493,.T.);
#3170=ORIENTED_EDGE('',*,*,#2494,.F.);
#3171=ORIENTED_EDGE('',*,*,#2495,.T.);
#3172=ORIENTED_EDGE('',*,*,#2496,.T.);
#3173=ORIENTED_EDGE('',*,*,#2497,.T.);
#3174=ORIENTED_EDGE('',*,*,#2498,.F.);
#3175=ORIENTED_EDGE('',*,*,#2499,.F.);
#3176=ORIENTED_EDGE('',*,*,#2500,.F.);
#3177=ORIENTED_EDGE('',*,*,#2501,.F.);
#3178=ORIENTED_EDGE('',*,*,#2500,.T.);
#3179=ORIENTED_EDGE('',*,*,#2502,.T.);
#3180=ORIENTED_EDGE('',*,*,#2503,.T.);
#3181=ORIENTED_EDGE('',*,*,#2504,.F.);
#3182=ORIENTED_EDGE('',*,*,#2505,.F.);
#3183=ORIENTED_EDGE('',*,*,#2506,.T.);
#3184=ORIENTED_EDGE('',*,*,#2507,.T.);
#3185=ORIENTED_EDGE('',*,*,#2508,.F.);
#3186=ORIENTED_EDGE('',*,*,#2509,.F.);
#3187=ORIENTED_EDGE('',*,*,#2499,.T.);
#3188=ORIENTED_EDGE('',*,*,#2510,.F.);
#3189=ORIENTED_EDGE('',*,*,#2511,.T.);
#3190=ORIENTED_EDGE('',*,*,#2502,.F.);
#3191=ORIENTED_EDGE('',*,*,#2512,.F.);
#3192=ORIENTED_EDGE('',*,*,#2513,.F.);
#3193=ORIENTED_EDGE('',*,*,#2514,.F.);
#3194=ORIENTED_EDGE('',*,*,#2515,.F.);
#3195=ORIENTED_EDGE('',*,*,#2516,.F.);
#3196=ORIENTED_EDGE('',*,*,#2517,.F.);
#3197=ORIENTED_EDGE('',*,*,#2506,.F.);
#3198=ORIENTED_EDGE('',*,*,#2518,.F.);
#3199=ORIENTED_EDGE('',*,*,#2517,.T.);
#3200=ORIENTED_EDGE('',*,*,#2519,.T.);
#3201=ORIENTED_EDGE('',*,*,#2520,.F.);
#3202=ORIENTED_EDGE('',*,*,#2507,.F.);
#3203=ORIENTED_EDGE('',*,*,#2516,.T.);
#3204=ORIENTED_EDGE('',*,*,#2521,.T.);
#3205=ORIENTED_EDGE('',*,*,#2522,.F.);
#3206=ORIENTED_EDGE('',*,*,#2519,.F.);
#3207=ORIENTED_EDGE('',*,*,#2515,.T.);
#3208=ORIENTED_EDGE('',*,*,#2523,.F.);
#3209=ORIENTED_EDGE('',*,*,#2524,.F.);
#3210=ORIENTED_EDGE('',*,*,#2525,.T.);
#3211=ORIENTED_EDGE('',*,*,#2526,.F.);
#3212=ORIENTED_EDGE('',*,*,#2521,.F.);
#3213=ORIENTED_EDGE('',*,*,#2372,.F.);
#3214=ORIENTED_EDGE('',*,*,#2527,.F.);
#3215=ORIENTED_EDGE('',*,*,#2528,.F.);
#3216=ORIENTED_EDGE('',*,*,#2511,.F.);
#3217=ORIENTED_EDGE('',*,*,#2529,.F.);
#3218=ORIENTED_EDGE('',*,*,#2528,.T.);
#3219=ORIENTED_EDGE('',*,*,#2530,.T.);
#3220=ORIENTED_EDGE('',*,*,#2531,.F.);
#3221=ORIENTED_EDGE('',*,*,#2503,.F.);
#3222=ORIENTED_EDGE('',*,*,#2532,.F.);
#3223=ORIENTED_EDGE('',*,*,#2533,.T.);
#3224=ORIENTED_EDGE('',*,*,#2534,.T.);
#3225=ORIENTED_EDGE('',*,*,#2382,.T.);
#3226=ORIENTED_EDGE('',*,*,#2535,.T.);
#3227=ORIENTED_EDGE('',*,*,#2536,.T.);
#3228=ORIENTED_EDGE('',*,*,#2537,.F.);
#3229=ORIENTED_EDGE('',*,*,#2538,.F.);
#3230=ORIENTED_EDGE('',*,*,#2539,.F.);
#3231=ORIENTED_EDGE('',*,*,#2540,.F.);
#3232=ORIENTED_EDGE('',*,*,#2541,.F.);
#3233=ORIENTED_EDGE('',*,*,#2542,.F.);
#3234=ORIENTED_EDGE('',*,*,#2541,.T.);
#3235=ORIENTED_EDGE('',*,*,#2543,.T.);
#3236=ORIENTED_EDGE('',*,*,#2536,.F.);
#3237=ORIENTED_EDGE('',*,*,#2544,.F.);
#3238=ORIENTED_EDGE('',*,*,#2545,.F.);
#3239=ORIENTED_EDGE('',*,*,#2544,.T.);
#3240=ORIENTED_EDGE('',*,*,#2535,.F.);
#3241=ORIENTED_EDGE('',*,*,#2546,.F.);
#3242=ORIENTED_EDGE('',*,*,#2540,.T.);
#3243=ORIENTED_EDGE('',*,*,#2547,.F.);
#3244=ORIENTED_EDGE('',*,*,#2537,.T.);
#3245=ORIENTED_EDGE('',*,*,#2543,.F.);
#3246=ORIENTED_EDGE('',*,*,#2542,.T.);
#3247=ORIENTED_EDGE('',*,*,#2545,.T.);
#3248=ORIENTED_EDGE('',*,*,#2548,.F.);
#3249=ORIENTED_EDGE('',*,*,#2549,.T.);
#3250=ORIENTED_EDGE('',*,*,#2550,.F.);
#3251=ORIENTED_EDGE('',*,*,#2551,.F.);
#3252=ORIENTED_EDGE('',*,*,#2533,.F.);
#3253=ORIENTED_EDGE('',*,*,#2552,.F.);
#3254=ORIENTED_EDGE('',*,*,#2538,.T.);
#3255=ORIENTED_EDGE('',*,*,#2553,.F.);
#3256=ORIENTED_EDGE('',*,*,#2549,.F.);
#3257=ORIENTED_EDGE('',*,*,#2554,.F.);
#3258=ORIENTED_EDGE('',*,*,#2555,.T.);
#3259=ORIENTED_EDGE('',*,*,#2556,.F.);
#3260=ORIENTED_EDGE('',*,*,#2555,.F.);
#3261=ORIENTED_EDGE('',*,*,#2557,.F.);
#3262=ORIENTED_EDGE('',*,*,#2558,.T.);
#3263=ORIENTED_EDGE('',*,*,#2559,.F.);
#3264=ORIENTED_EDGE('',*,*,#2558,.F.);
#3265=ORIENTED_EDGE('',*,*,#2560,.F.);
#3266=ORIENTED_EDGE('',*,*,#2561,.T.);
#3267=ORIENTED_EDGE('',*,*,#2562,.F.);
#3268=ORIENTED_EDGE('',*,*,#2561,.F.);
#3269=ORIENTED_EDGE('',*,*,#2563,.F.);
#3270=ORIENTED_EDGE('',*,*,#2564,.T.);
#3271=ORIENTED_EDGE('',*,*,#2565,.F.);
#3272=ORIENTED_EDGE('',*,*,#2564,.F.);
#3273=ORIENTED_EDGE('',*,*,#2566,.F.);
#3274=ORIENTED_EDGE('',*,*,#2478,.F.);
#3275=ORIENTED_EDGE('',*,*,#2551,.T.);
#3276=ORIENTED_EDGE('',*,*,#2547,.T.);
#3277=ORIENTED_EDGE('',*,*,#2539,.T.);
#3278=ORIENTED_EDGE('',*,*,#2550,.T.);
#3279=ORIENTED_EDGE('',*,*,#2553,.T.);
#3280=ORIENTED_EDGE('',*,*,#2556,.T.);
#3281=ORIENTED_EDGE('',*,*,#2559,.T.);
#3282=ORIENTED_EDGE('',*,*,#2562,.T.);
#3283=ORIENTED_EDGE('',*,*,#2565,.T.);
#3284=ORIENTED_EDGE('',*,*,#2477,.F.);
#3285=ORIENTED_EDGE('',*,*,#2567,.F.);
#3286=ORIENTED_EDGE('',*,*,#2568,.F.);
#3287=ORIENTED_EDGE('',*,*,#2569,.F.);
#3288=ORIENTED_EDGE('',*,*,#2489,.F.);
#3289=ORIENTED_EDGE('',*,*,#2570,.F.);
#3290=ORIENTED_EDGE('',*,*,#2571,.F.);
#3291=ORIENTED_EDGE('',*,*,#2523,.T.);
#3292=ORIENTED_EDGE('',*,*,#2514,.T.);
#3293=ORIENTED_EDGE('',*,*,#2572,.T.);
#3294=ORIENTED_EDGE('',*,*,#2573,.F.);
#3295=ORIENTED_EDGE('',*,*,#2530,.F.);
#3296=ORIENTED_EDGE('',*,*,#2527,.T.);
#3297=ORIENTED_EDGE('',*,*,#2371,.F.);
#3298=ORIENTED_EDGE('',*,*,#2383,.T.);
#3299=ORIENTED_EDGE('',*,*,#2534,.F.);
#3300=ORIENTED_EDGE('',*,*,#2459,.T.);
#3301=ORIENTED_EDGE('',*,*,#2465,.T.);
#3302=ORIENTED_EDGE('',*,*,#2574,.F.);
#3303=ORIENTED_EDGE('',*,*,#2438,.F.);
#3304=ORIENTED_EDGE('',*,*,#2436,.T.);
#3305=ORIENTED_EDGE('',*,*,#2412,.F.);
#3306=ORIENTED_EDGE('',*,*,#2575,.T.);
#3307=ORIENTED_EDGE('',*,*,#2576,.T.);
#3308=ORIENTED_EDGE('',*,*,#2577,.F.);
#3309=ORIENTED_EDGE('',*,*,#2470,.F.);
#3310=ORIENTED_EDGE('',*,*,#2431,.T.);
#3311=ORIENTED_EDGE('',*,*,#2578,.F.);
#3312=ORIENTED_EDGE('',*,*,#2576,.F.);
#3313=ORIENTED_EDGE('',*,*,#2579,.T.);
#3314=ORIENTED_EDGE('',*,*,#2580,.F.);
#3315=ORIENTED_EDGE('',*,*,#2454,.F.);
#3316=ORIENTED_EDGE('',*,*,#2581,.T.);
#3317=ORIENTED_EDGE('',*,*,#2582,.T.);
#3318=ORIENTED_EDGE('',*,*,#2583,.T.);
#3319=ORIENTED_EDGE('',*,*,#2584,.F.);
#3320=ORIENTED_EDGE('',*,*,#2585,.F.);
#3321=ORIENTED_EDGE('',*,*,#2586,.F.);
#3322=ORIENTED_EDGE('',*,*,#2587,.F.);
#3323=ORIENTED_EDGE('',*,*,#2588,.F.);
#3324=ORIENTED_EDGE('',*,*,#2589,.F.);
#3325=ORIENTED_EDGE('',*,*,#2417,.T.);
#3326=ORIENTED_EDGE('',*,*,#2467,.T.);
#3327=ORIENTED_EDGE('',*,*,#2471,.T.);
#3328=ORIENTED_EDGE('',*,*,#2577,.T.);
#3329=ORIENTED_EDGE('',*,*,#2578,.T.);
#3330=ORIENTED_EDGE('',*,*,#2430,.T.);
#3331=ORIENTED_EDGE('',*,*,#2439,.T.);
#3332=ORIENTED_EDGE('',*,*,#2574,.T.);
#3333=ORIENTED_EDGE('',*,*,#2464,.T.);
#3334=ORIENTED_EDGE('',*,*,#2590,.F.);
#3335=ORIENTED_EDGE('',*,*,#2591,.F.);
#3336=ORIENTED_EDGE('',*,*,#2592,.F.);
#3337=ORIENTED_EDGE('',*,*,#2593,.F.);
#3338=ORIENTED_EDGE('',*,*,#2594,.F.);
#3339=ORIENTED_EDGE('',*,*,#2595,.F.);
#3340=ORIENTED_EDGE('',*,*,#2596,.F.);
#3341=ORIENTED_EDGE('',*,*,#2597,.F.);
#3342=ORIENTED_EDGE('',*,*,#2461,.T.);
#3343=ORIENTED_EDGE('',*,*,#2598,.T.);
#3344=ORIENTED_EDGE('',*,*,#2599,.F.);
#3345=ORIENTED_EDGE('',*,*,#2600,.F.);
#3346=ORIENTED_EDGE('',*,*,#2460,.T.);
#3347=ORIENTED_EDGE('',*,*,#2410,.F.);
#3348=ORIENTED_EDGE('',*,*,#2442,.T.);
#3349=ORIENTED_EDGE('',*,*,#2601,.T.);
#3350=ORIENTED_EDGE('',*,*,#2602,.F.);
#3351=ORIENTED_EDGE('',*,*,#2598,.F.);
#3352=ORIENTED_EDGE('',*,*,#2441,.T.);
#3353=ORIENTED_EDGE('',*,*,#2603,.T.);
#3354=ORIENTED_EDGE('',*,*,#2604,.F.);
#3355=ORIENTED_EDGE('',*,*,#2601,.F.);
#3356=ORIENTED_EDGE('',*,*,#2462,.T.);
#3357=ORIENTED_EDGE('',*,*,#2600,.T.);
#3358=ORIENTED_EDGE('',*,*,#2605,.F.);
#3359=ORIENTED_EDGE('',*,*,#2603,.F.);
#3360=ORIENTED_EDGE('',*,*,#2440,.T.);
#3361=ORIENTED_EDGE('',*,*,#2408,.F.);
#3362=ORIENTED_EDGE('',*,*,#2604,.T.);
#3363=ORIENTED_EDGE('',*,*,#2605,.T.);
#3364=ORIENTED_EDGE('',*,*,#2599,.T.);
#3365=ORIENTED_EDGE('',*,*,#2602,.T.);
#3366=ORIENTED_EDGE('',*,*,#2597,.T.);
#3367=ORIENTED_EDGE('',*,*,#2606,.F.);
#3368=ORIENTED_EDGE('',*,*,#2607,.F.);
#3369=ORIENTED_EDGE('',*,*,#2608,.T.);
#3370=ORIENTED_EDGE('',*,*,#2596,.T.);
#3371=ORIENTED_EDGE('',*,*,#2609,.F.);
#3372=ORIENTED_EDGE('',*,*,#2610,.F.);
#3373=ORIENTED_EDGE('',*,*,#2606,.T.);
#3374=ORIENTED_EDGE('',*,*,#2593,.T.);
#3375=ORIENTED_EDGE('',*,*,#2611,.F.);
#3376=ORIENTED_EDGE('',*,*,#2612,.F.);
#3377=ORIENTED_EDGE('',*,*,#2613,.T.);
#3378=ORIENTED_EDGE('',*,*,#2592,.T.);
#3379=ORIENTED_EDGE('',*,*,#2614,.F.);
#3380=ORIENTED_EDGE('',*,*,#2615,.F.);
#3381=ORIENTED_EDGE('',*,*,#2611,.T.);
#3382=ORIENTED_EDGE('',*,*,#2616,.F.);
#3383=ORIENTED_EDGE('',*,*,#2405,.F.);
#3384=ORIENTED_EDGE('',*,*,#2617,.F.);
#3385=ORIENTED_EDGE('',*,*,#2617,.T.);
#3386=ORIENTED_EDGE('',*,*,#2404,.F.);
#3387=ORIENTED_EDGE('',*,*,#2618,.T.);
#3388=ORIENTED_EDGE('',*,*,#2619,.F.);
#3389=ORIENTED_EDGE('',*,*,#2620,.F.);
#3390=ORIENTED_EDGE('',*,*,#2621,.F.);
#3391=ORIENTED_EDGE('',*,*,#2618,.F.);
#3392=ORIENTED_EDGE('',*,*,#2622,.F.);
#3393=ORIENTED_EDGE('',*,*,#2374,.F.);
#3394=ORIENTED_EDGE('',*,*,#2623,.F.);
#3395=ORIENTED_EDGE('',*,*,#2624,.T.);
#3396=ORIENTED_EDGE('',*,*,#2620,.T.);
#3397=ORIENTED_EDGE('',*,*,#2625,.T.);
#3398=ORIENTED_EDGE('',*,*,#2626,.F.);
#3399=ORIENTED_EDGE('',*,*,#2627,.T.);
#3400=ORIENTED_EDGE('',*,*,#2628,.T.);
#3401=ORIENTED_EDGE('',*,*,#2629,.F.);
#3402=ORIENTED_EDGE('',*,*,#2630,.T.);
#3403=ORIENTED_EDGE('',*,*,#2498,.T.);
#3404=ORIENTED_EDGE('',*,*,#2631,.T.);
#3405=ORIENTED_EDGE('',*,*,#2632,.F.);
#3406=ORIENTED_EDGE('',*,*,#2625,.F.);
#3407=ORIENTED_EDGE('',*,*,#2623,.T.);
#3408=ORIENTED_EDGE('',*,*,#2373,.F.);
#3409=ORIENTED_EDGE('',*,*,#2529,.T.);
#3410=ORIENTED_EDGE('',*,*,#2510,.T.);
#3411=ORIENTED_EDGE('',*,*,#2513,.T.);
#3412=ORIENTED_EDGE('',*,*,#2633,.T.);
#3413=ORIENTED_EDGE('',*,*,#2634,.F.);
#3414=ORIENTED_EDGE('',*,*,#2572,.F.);
#3415=ORIENTED_EDGE('',*,*,#2512,.T.);
#3416=ORIENTED_EDGE('',*,*,#2635,.T.);
#3417=ORIENTED_EDGE('',*,*,#2636,.F.);
#3418=ORIENTED_EDGE('',*,*,#2633,.F.);
#3419=ORIENTED_EDGE('',*,*,#2518,.T.);
#3420=ORIENTED_EDGE('',*,*,#2505,.T.);
#3421=ORIENTED_EDGE('',*,*,#2637,.F.);
#3422=ORIENTED_EDGE('',*,*,#2635,.F.);
#3423=ORIENTED_EDGE('',*,*,#2638,.F.);
#3424=ORIENTED_EDGE('',*,*,#2639,.F.);
#3425=ORIENTED_EDGE('',*,*,#2475,.F.);
#3426=ORIENTED_EDGE('',*,*,#2640,.T.);
#3427=ORIENTED_EDGE('',*,*,#2641,.T.);
#3428=ORIENTED_EDGE('',*,*,#2638,.T.);
#3429=ORIENTED_EDGE('',*,*,#2642,.T.);
#3430=ORIENTED_EDGE('',*,*,#2643,.F.);
#3431=ORIENTED_EDGE('',*,*,#2644,.F.);
#3432=ORIENTED_EDGE('',*,*,#2645,.F.);
#3433=ORIENTED_EDGE('',*,*,#2646,.T.);
#3434=ORIENTED_EDGE('',*,*,#2647,.T.);
#3435=ORIENTED_EDGE('',*,*,#2508,.T.);
#3436=ORIENTED_EDGE('',*,*,#2520,.T.);
#3437=ORIENTED_EDGE('',*,*,#2522,.T.);
#3438=ORIENTED_EDGE('',*,*,#2526,.T.);
#3439=ORIENTED_EDGE('',*,*,#2648,.F.);
#3440=ORIENTED_EDGE('',*,*,#2649,.T.);
#3441=ORIENTED_EDGE('',*,*,#2645,.T.);
#3442=ORIENTED_EDGE('',*,*,#2650,.F.);
#3443=ORIENTED_EDGE('',*,*,#2651,.F.);
#3444=ORIENTED_EDGE('',*,*,#2652,.F.);
#3445=ORIENTED_EDGE('',*,*,#2653,.F.);
#3446=ORIENTED_EDGE('',*,*,#2644,.T.);
#3447=ORIENTED_EDGE('',*,*,#2654,.F.);
#3448=ORIENTED_EDGE('',*,*,#2655,.F.);
#3449=ORIENTED_EDGE('',*,*,#2650,.T.);
#3450=ORIENTED_EDGE('',*,*,#2643,.T.);
#3451=ORIENTED_EDGE('',*,*,#2656,.T.);
#3452=ORIENTED_EDGE('',*,*,#2657,.F.);
#3453=ORIENTED_EDGE('',*,*,#2658,.F.);
#3454=ORIENTED_EDGE('',*,*,#2659,.F.);
#3455=ORIENTED_EDGE('',*,*,#2654,.T.);
#3456=ORIENTED_EDGE('',*,*,#2636,.T.);
#3457=ORIENTED_EDGE('',*,*,#2637,.T.);
#3458=ORIENTED_EDGE('',*,*,#2504,.T.);
#3459=ORIENTED_EDGE('',*,*,#2531,.T.);
#3460=ORIENTED_EDGE('',*,*,#2573,.T.);
#3461=ORIENTED_EDGE('',*,*,#2634,.T.);
#3462=ORIENTED_EDGE('',*,*,#2660,.F.);
#3463=ORIENTED_EDGE('',*,*,#2661,.F.);
#3464=ORIENTED_EDGE('',*,*,#2662,.F.);
#3465=ORIENTED_EDGE('',*,*,#2663,.F.);
#3466=ORIENTED_EDGE('',*,*,#2664,.F.);
#3467=ORIENTED_EDGE('',*,*,#2665,.F.);
#3468=ORIENTED_EDGE('',*,*,#2666,.F.);
#3469=ORIENTED_EDGE('',*,*,#2667,.F.);
#3470=ORIENTED_EDGE('',*,*,#2668,.F.);
#3471=ORIENTED_EDGE('',*,*,#2669,.F.);
#3472=ORIENTED_EDGE('',*,*,#2670,.F.);
#3473=ORIENTED_EDGE('',*,*,#2671,.F.);
#3474=ORIENTED_EDGE('',*,*,#2672,.F.);
#3475=ORIENTED_EDGE('',*,*,#2673,.F.);
#3476=ORIENTED_EDGE('',*,*,#2674,.F.);
#3477=ORIENTED_EDGE('',*,*,#2675,.F.);
#3478=ORIENTED_EDGE('',*,*,#2675,.T.);
#3479=ORIENTED_EDGE('',*,*,#2676,.F.);
#3480=ORIENTED_EDGE('',*,*,#2677,.F.);
#3481=ORIENTED_EDGE('',*,*,#2678,.T.);
#3482=ORIENTED_EDGE('',*,*,#2674,.T.);
#3483=ORIENTED_EDGE('',*,*,#2679,.F.);
#3484=ORIENTED_EDGE('',*,*,#2680,.F.);
#3485=ORIENTED_EDGE('',*,*,#2676,.T.);
#3486=ORIENTED_EDGE('',*,*,#2671,.T.);
#3487=ORIENTED_EDGE('',*,*,#2681,.F.);
#3488=ORIENTED_EDGE('',*,*,#2682,.F.);
#3489=ORIENTED_EDGE('',*,*,#2683,.T.);
#3490=ORIENTED_EDGE('',*,*,#2670,.T.);
#3491=ORIENTED_EDGE('',*,*,#2684,.F.);
#3492=ORIENTED_EDGE('',*,*,#2685,.F.);
#3493=ORIENTED_EDGE('',*,*,#2681,.T.);
#3494=ORIENTED_EDGE('',*,*,#2667,.T.);
#3495=ORIENTED_EDGE('',*,*,#2686,.F.);
#3496=ORIENTED_EDGE('',*,*,#2687,.F.);
#3497=ORIENTED_EDGE('',*,*,#2688,.T.);
#3498=ORIENTED_EDGE('',*,*,#2666,.T.);
#3499=ORIENTED_EDGE('',*,*,#2689,.F.);
#3500=ORIENTED_EDGE('',*,*,#2690,.F.);
#3501=ORIENTED_EDGE('',*,*,#2686,.T.);
#3502=ORIENTED_EDGE('',*,*,#2663,.T.);
#3503=ORIENTED_EDGE('',*,*,#2691,.F.);
#3504=ORIENTED_EDGE('',*,*,#2692,.F.);
#3505=ORIENTED_EDGE('',*,*,#2693,.T.);
#3506=ORIENTED_EDGE('',*,*,#2662,.T.);
#3507=ORIENTED_EDGE('',*,*,#2694,.F.);
#3508=ORIENTED_EDGE('',*,*,#2695,.F.);
#3509=ORIENTED_EDGE('',*,*,#2691,.T.);
#3510=ORIENTED_EDGE('',*,*,#2696,.F.);
#3511=ORIENTED_EDGE('',*,*,#2631,.F.);
#3512=ORIENTED_EDGE('',*,*,#2501,.T.);
#3513=ORIENTED_EDGE('',*,*,#2509,.T.);
#3514=ORIENTED_EDGE('',*,*,#2647,.F.);
#3515=ORIENTED_EDGE('',*,*,#2697,.F.);
#3516=ORIENTED_EDGE('',*,*,#2473,.F.);
#3517=ORIENTED_EDGE('',*,*,#2698,.T.);
#3518=ORIENTED_EDGE('',*,*,#2699,.F.);
#3519=ORIENTED_EDGE('',*,*,#2700,.F.);
#3520=ORIENTED_EDGE('',*,*,#2626,.T.);
#3521=ORIENTED_EDGE('',*,*,#2632,.T.);
#3522=ORIENTED_EDGE('',*,*,#2696,.T.);
#3523=ORIENTED_EDGE('',*,*,#2701,.T.);
#3524=ORIENTED_EDGE('',*,*,#2702,.T.);
#3525=ORIENTED_EDGE('',*,*,#2630,.F.);
#3526=ORIENTED_EDGE('',*,*,#2703,.F.);
#3527=ORIENTED_EDGE('',*,*,#2704,.T.);
#3528=ORIENTED_EDGE('',*,*,#2384,.T.);
#3529=ORIENTED_EDGE('',*,*,#2378,.T.);
#3530=ORIENTED_EDGE('',*,*,#2705,.F.);
#3531=ORIENTED_EDGE('',*,*,#2706,.T.);
#3532=ORIENTED_EDGE('',*,*,#2707,.T.);
#3533=ORIENTED_EDGE('',*,*,#2708,.F.);
#3534=ORIENTED_EDGE('',*,*,#2709,.F.);
#3535=ORIENTED_EDGE('',*,*,#2710,.T.);
#3536=ORIENTED_EDGE('',*,*,#2711,.T.);
#3537=ORIENTED_EDGE('',*,*,#2712,.T.);
#3538=ORIENTED_EDGE('',*,*,#2713,.T.);
#3539=ORIENTED_EDGE('',*,*,#2714,.F.);
#3540=ORIENTED_EDGE('',*,*,#2715,.F.);
#3541=ORIENTED_EDGE('',*,*,#2421,.T.);
#3542=ORIENTED_EDGE('',*,*,#2418,.F.);
#3543=ORIENTED_EDGE('',*,*,#2414,.F.);
#3544=ORIENTED_EDGE('',*,*,#2589,.T.);
#3545=ORIENTED_EDGE('',*,*,#2716,.F.);
#3546=ORIENTED_EDGE('',*,*,#2713,.F.);
#3547=ORIENTED_EDGE('',*,*,#2393,.F.);
#3548=ORIENTED_EDGE('',*,*,#2434,.F.);
#3549=ORIENTED_EDGE('',*,*,#2432,.T.);
#3550=ORIENTED_EDGE('',*,*,#2426,.T.);
#3551=ORIENTED_EDGE('',*,*,#2717,.F.);
#3552=ORIENTED_EDGE('',*,*,#2718,.F.);
#3553=ORIENTED_EDGE('',*,*,#2719,.F.);
#3554=ORIENTED_EDGE('',*,*,#2584,.T.);
#3555=ORIENTED_EDGE('',*,*,#2720,.T.);
#3556=ORIENTED_EDGE('',*,*,#2714,.T.);
#3557=ORIENTED_EDGE('',*,*,#2716,.T.);
#3558=ORIENTED_EDGE('',*,*,#2588,.T.);
#3559=ORIENTED_EDGE('',*,*,#2721,.F.);
#3560=ORIENTED_EDGE('',*,*,#2722,.F.);
#3561=ORIENTED_EDGE('',*,*,#2723,.F.);
#3562=ORIENTED_EDGE('',*,*,#2724,.F.);
#3563=ORIENTED_EDGE('',*,*,#2725,.F.);
#3564=ORIENTED_EDGE('',*,*,#2726,.F.);
#3565=ORIENTED_EDGE('',*,*,#2727,.F.);
#3566=ORIENTED_EDGE('',*,*,#2728,.F.);
#3567=ORIENTED_EDGE('',*,*,#2728,.T.);
#3568=ORIENTED_EDGE('',*,*,#2729,.F.);
#3569=ORIENTED_EDGE('',*,*,#2730,.F.);
#3570=ORIENTED_EDGE('',*,*,#2731,.T.);
#3571=ORIENTED_EDGE('',*,*,#2727,.T.);
#3572=ORIENTED_EDGE('',*,*,#2732,.F.);
#3573=ORIENTED_EDGE('',*,*,#2733,.F.);
#3574=ORIENTED_EDGE('',*,*,#2729,.T.);
#3575=ORIENTED_EDGE('',*,*,#2724,.T.);
#3576=ORIENTED_EDGE('',*,*,#2734,.F.);
#3577=ORIENTED_EDGE('',*,*,#2735,.F.);
#3578=ORIENTED_EDGE('',*,*,#2736,.T.);
#3579=ORIENTED_EDGE('',*,*,#2723,.T.);
#3580=ORIENTED_EDGE('',*,*,#2737,.F.);
#3581=ORIENTED_EDGE('',*,*,#2738,.F.);
#3582=ORIENTED_EDGE('',*,*,#2734,.T.);
#3583=ORIENTED_EDGE('',*,*,#2585,.T.);
#3584=ORIENTED_EDGE('',*,*,#2719,.T.);
#3585=ORIENTED_EDGE('',*,*,#2739,.F.);
#3586=ORIENTED_EDGE('',*,*,#2740,.F.);
#3587=ORIENTED_EDGE('',*,*,#2741,.F.);
#3588=ORIENTED_EDGE('',*,*,#2742,.F.);
#3589=ORIENTED_EDGE('',*,*,#2718,.T.);
#3590=ORIENTED_EDGE('',*,*,#2743,.F.);
#3591=ORIENTED_EDGE('',*,*,#2744,.F.);
#3592=ORIENTED_EDGE('',*,*,#2739,.T.);
#3593=ORIENTED_EDGE('',*,*,#2717,.T.);
#3594=ORIENTED_EDGE('',*,*,#2587,.T.);
#3595=ORIENTED_EDGE('',*,*,#2745,.F.);
#3596=ORIENTED_EDGE('',*,*,#2746,.F.);
#3597=ORIENTED_EDGE('',*,*,#2747,.F.);
#3598=ORIENTED_EDGE('',*,*,#2743,.T.);
#3599=ORIENTED_EDGE('',*,*,#2748,.F.);
#3600=ORIENTED_EDGE('',*,*,#2749,.F.);
#3601=ORIENTED_EDGE('',*,*,#2377,.T.);
#3602=ORIENTED_EDGE('',*,*,#2750,.T.);
#3603=ORIENTED_EDGE('',*,*,#2399,.T.);
#3604=ORIENTED_EDGE('',*,*,#2750,.F.);
#3605=ORIENTED_EDGE('',*,*,#2376,.T.);
#3606=ORIENTED_EDGE('',*,*,#2751,.T.);
#3607=ORIENTED_EDGE('',*,*,#2752,.F.);
#3608=ORIENTED_EDGE('',*,*,#2753,.F.);
#3609=ORIENTED_EDGE('',*,*,#2707,.F.);
#3610=ORIENTED_EDGE('',*,*,#2754,.T.);
#3611=ORIENTED_EDGE('',*,*,#2755,.F.);
#3612=ORIENTED_EDGE('',*,*,#2756,.F.);
#3613=ORIENTED_EDGE('',*,*,#2400,.T.);
#3614=ORIENTED_EDGE('',*,*,#2757,.F.);
#3615=ORIENTED_EDGE('',*,*,#2758,.F.);
#3616=ORIENTED_EDGE('',*,*,#2759,.F.);
#3617=ORIENTED_EDGE('',*,*,#2760,.F.);
#3618=ORIENTED_EDGE('',*,*,#2757,.T.);
#3619=ORIENTED_EDGE('',*,*,#2761,.F.);
#3620=ORIENTED_EDGE('',*,*,#2762,.F.);
#3621=ORIENTED_EDGE('',*,*,#2763,.T.);
#3622=ORIENTED_EDGE('',*,*,#2760,.T.);
#3623=ORIENTED_EDGE('',*,*,#2764,.F.);
#3624=ORIENTED_EDGE('',*,*,#2765,.F.);
#3625=ORIENTED_EDGE('',*,*,#2761,.T.);
#3626=ORIENTED_EDGE('',*,*,#2759,.T.);
#3627=ORIENTED_EDGE('',*,*,#2766,.F.);
#3628=ORIENTED_EDGE('',*,*,#2767,.F.);
#3629=ORIENTED_EDGE('',*,*,#2764,.T.);
#3630=ORIENTED_EDGE('',*,*,#2768,.F.);
#3631=ORIENTED_EDGE('',*,*,#2769,.T.);
#3632=ORIENTED_EDGE('',*,*,#2770,.T.);
#3633=ORIENTED_EDGE('',*,*,#2771,.F.);
#3634=ORIENTED_EDGE('',*,*,#2772,.F.);
#3635=ORIENTED_EDGE('',*,*,#2773,.F.);
#3636=ORIENTED_EDGE('',*,*,#2774,.F.);
#3637=ORIENTED_EDGE('',*,*,#2775,.T.);
#3638=ORIENTED_EDGE('',*,*,#2768,.T.);
#3639=ORIENTED_EDGE('',*,*,#2776,.T.);
#3640=ORIENTED_EDGE('',*,*,#2494,.T.);
#3641=ORIENTED_EDGE('',*,*,#2777,.T.);
#3642=ORIENTED_EDGE('',*,*,#2778,.F.);
#3643=ORIENTED_EDGE('',*,*,#2779,.T.);
#3644=ORIENTED_EDGE('',*,*,#2703,.T.);
#3645=ORIENTED_EDGE('',*,*,#2629,.T.);
#3646=ORIENTED_EDGE('',*,*,#2780,.T.);
#3647=ORIENTED_EDGE('',*,*,#2781,.T.);
#3648=ORIENTED_EDGE('',*,*,#2782,.T.);
#3649=ORIENTED_EDGE('',*,*,#2783,.F.);
#3650=ORIENTED_EDGE('',*,*,#2784,.T.);
#3651=ORIENTED_EDGE('',*,*,#2785,.F.);
#3652=ORIENTED_EDGE('',*,*,#2496,.F.);
#3653=ORIENTED_EDGE('',*,*,#2786,.F.);
#3654=ORIENTED_EDGE('',*,*,#2787,.F.);
#3655=ORIENTED_EDGE('',*,*,#2788,.F.);
#3656=ORIENTED_EDGE('',*,*,#2789,.F.);
#3657=ORIENTED_EDGE('',*,*,#2785,.T.);
#3658=ORIENTED_EDGE('',*,*,#2790,.T.);
#3659=ORIENTED_EDGE('',*,*,#2791,.F.);
#3660=ORIENTED_EDGE('',*,*,#2497,.F.);
#3661=ORIENTED_EDGE('',*,*,#2788,.T.);
#3662=ORIENTED_EDGE('',*,*,#2792,.F.);
#3663=ORIENTED_EDGE('',*,*,#2793,.T.);
#3664=ORIENTED_EDGE('',*,*,#2794,.T.);
#3665=ORIENTED_EDGE('',*,*,#2787,.T.);
#3666=ORIENTED_EDGE('',*,*,#2795,.T.);
#3667=ORIENTED_EDGE('',*,*,#2796,.T.);
#3668=ORIENTED_EDGE('',*,*,#2797,.T.);
#3669=ORIENTED_EDGE('',*,*,#2798,.T.);
#3670=ORIENTED_EDGE('',*,*,#2792,.T.);
#3671=ORIENTED_EDGE('',*,*,#2773,.T.);
#3672=ORIENTED_EDGE('',*,*,#2799,.F.);
#3673=ORIENTED_EDGE('',*,*,#2795,.F.);
#3674=ORIENTED_EDGE('',*,*,#2786,.T.);
#3675=ORIENTED_EDGE('',*,*,#2800,.T.);
#3676=ORIENTED_EDGE('',*,*,#2783,.T.);
#3677=ORIENTED_EDGE('',*,*,#2495,.F.);
#3678=ORIENTED_EDGE('',*,*,#2776,.F.);
#3679=ORIENTED_EDGE('',*,*,#2774,.T.);
#3680=ORIENTED_EDGE('',*,*,#2801,.T.);
#3681=ORIENTED_EDGE('',*,*,#2802,.F.);
#3682=ORIENTED_EDGE('',*,*,#2801,.F.);
#3683=ORIENTED_EDGE('',*,*,#2803,.F.);
#3684=ORIENTED_EDGE('',*,*,#2653,.T.);
#3685=ORIENTED_EDGE('',*,*,#2804,.F.);
#3686=ORIENTED_EDGE('',*,*,#2657,.T.);
#3687=ORIENTED_EDGE('',*,*,#2658,.T.);
#3688=ORIENTED_EDGE('',*,*,#2804,.T.);
#3689=ORIENTED_EDGE('',*,*,#2652,.T.);
#3690=ORIENTED_EDGE('',*,*,#2805,.T.);
#3691=ORIENTED_EDGE('',*,*,#2806,.T.);
#3692=ORIENTED_EDGE('',*,*,#2492,.F.);
#3693=ORIENTED_EDGE('',*,*,#2807,.T.);
#3694=ORIENTED_EDGE('',*,*,#2808,.T.);
#3695=ORIENTED_EDGE('',*,*,#2803,.T.);
#3696=ORIENTED_EDGE('',*,*,#2656,.F.);
#3697=ORIENTED_EDGE('',*,*,#2642,.F.);
#3698=ORIENTED_EDGE('',*,*,#2640,.F.);
#3699=ORIENTED_EDGE('',*,*,#2474,.F.);
#3700=ORIENTED_EDGE('',*,*,#2697,.T.);
#3701=ORIENTED_EDGE('',*,*,#2646,.F.);
#3702=ORIENTED_EDGE('',*,*,#2649,.F.);
#3703=ORIENTED_EDGE('',*,*,#2740,.T.);
#3704=ORIENTED_EDGE('',*,*,#2744,.T.);
#3705=ORIENTED_EDGE('',*,*,#2747,.T.);
#3706=ORIENTED_EDGE('',*,*,#2809,.T.);
#3707=ORIENTED_EDGE('',*,*,#2810,.T.);
#3708=ORIENTED_EDGE('',*,*,#2811,.T.);
#3709=ORIENTED_EDGE('',*,*,#2812,.T.);
#3710=ORIENTED_EDGE('',*,*,#2813,.T.);
#3711=ORIENTED_EDGE('',*,*,#2814,.T.);
#3712=ORIENTED_EDGE('',*,*,#2815,.T.);
#3713=ORIENTED_EDGE('',*,*,#2816,.T.);
#3714=ORIENTED_EDGE('',*,*,#2735,.T.);
#3715=ORIENTED_EDGE('',*,*,#2738,.T.);
#3716=ORIENTED_EDGE('',*,*,#2817,.T.);
#3717=ORIENTED_EDGE('',*,*,#2818,.T.);
#3718=ORIENTED_EDGE('',*,*,#2607,.T.);
#3719=ORIENTED_EDGE('',*,*,#2610,.T.);
#3720=ORIENTED_EDGE('',*,*,#2819,.T.);
#3721=ORIENTED_EDGE('',*,*,#2820,.T.);
#3722=ORIENTED_EDGE('',*,*,#2730,.T.);
#3723=ORIENTED_EDGE('',*,*,#2733,.T.);
#3724=ORIENTED_EDGE('',*,*,#2821,.T.);
#3725=ORIENTED_EDGE('',*,*,#2822,.T.);
#3726=ORIENTED_EDGE('',*,*,#2612,.T.);
#3727=ORIENTED_EDGE('',*,*,#2615,.T.);
#3728=ORIENTED_EDGE('',*,*,#2745,.T.);
#3729=ORIENTED_EDGE('',*,*,#2586,.T.);
#3730=ORIENTED_EDGE('',*,*,#2742,.T.);
#3731=ORIENTED_EDGE('',*,*,#2823,.F.);
#3732=ORIENTED_EDGE('',*,*,#2746,.T.);
#3733=ORIENTED_EDGE('',*,*,#2823,.T.);
#3734=ORIENTED_EDGE('',*,*,#2741,.T.);
#3735=ORIENTED_EDGE('',*,*,#2814,.F.);
#3736=ORIENTED_EDGE('',*,*,#2824,.T.);
#3737=ORIENTED_EDGE('',*,*,#2825,.T.);
#3738=ORIENTED_EDGE('',*,*,#2826,.F.);
#3739=ORIENTED_EDGE('',*,*,#2446,.F.);
#3740=ORIENTED_EDGE('',*,*,#2827,.T.);
#3741=ORIENTED_EDGE('',*,*,#2770,.F.);
#3742=ORIENTED_EDGE('',*,*,#2828,.T.);
#3743=ORIENTED_EDGE('',*,*,#2809,.F.);
#3744=ORIENTED_EDGE('',*,*,#2797,.F.);
#3745=ORIENTED_EDGE('',*,*,#2829,.F.);
#3746=ORIENTED_EDGE('',*,*,#2830,.T.);
#3747=ORIENTED_EDGE('',*,*,#2831,.F.);
#3748=ORIENTED_EDGE('',*,*,#2444,.F.);
#3749=ORIENTED_EDGE('',*,*,#2832,.F.);
#3750=ORIENTED_EDGE('',*,*,#2833,.T.);
#3751=ORIENTED_EDGE('',*,*,#2834,.F.);
#3752=ORIENTED_EDGE('',*,*,#2835,.F.);
#3753=ORIENTED_EDGE('',*,*,#2830,.F.);
#3754=ORIENTED_EDGE('',*,*,#2836,.F.);
#3755=ORIENTED_EDGE('',*,*,#2837,.F.);
#3756=ORIENTED_EDGE('',*,*,#2833,.F.);
#3757=ORIENTED_EDGE('',*,*,#2838,.F.);
#3758=ORIENTED_EDGE('',*,*,#2772,.T.);
#3759=ORIENTED_EDGE('',*,*,#2839,.T.);
#3760=ORIENTED_EDGE('',*,*,#2836,.T.);
#3761=ORIENTED_EDGE('',*,*,#2829,.T.);
#3762=ORIENTED_EDGE('',*,*,#2796,.F.);
#3763=ORIENTED_EDGE('',*,*,#2799,.T.);
#3764=ORIENTED_EDGE('',*,*,#2831,.T.);
#3765=ORIENTED_EDGE('',*,*,#2835,.T.);
#3766=ORIENTED_EDGE('',*,*,#2840,.T.);
#3767=ORIENTED_EDGE('',*,*,#2841,.T.);
#3768=ORIENTED_EDGE('',*,*,#2793,.F.);
#3769=ORIENTED_EDGE('',*,*,#2798,.F.);
#3770=ORIENTED_EDGE('',*,*,#2472,.F.);
#3771=ORIENTED_EDGE('',*,*,#2791,.T.);
#3772=ORIENTED_EDGE('',*,*,#2842,.T.);
#3773=ORIENTED_EDGE('',*,*,#2468,.F.);
#3774=ORIENTED_EDGE('',*,*,#2455,.T.);
#3775=ORIENTED_EDGE('',*,*,#2406,.T.);
#3776=ORIENTED_EDGE('',*,*,#2616,.T.);
#3777=ORIENTED_EDGE('',*,*,#2619,.T.);
#3778=ORIENTED_EDGE('',*,*,#2621,.T.);
#3779=ORIENTED_EDGE('',*,*,#2624,.F.);
#3780=ORIENTED_EDGE('',*,*,#2702,.F.);
#3781=ORIENTED_EDGE('',*,*,#2843,.F.);
#3782=ORIENTED_EDGE('',*,*,#2701,.F.);
#3783=ORIENTED_EDGE('',*,*,#2698,.F.);
#3784=ORIENTED_EDGE('',*,*,#2832,.T.);
#3785=ORIENTED_EDGE('',*,*,#2443,.F.);
#3786=ORIENTED_EDGE('',*,*,#2580,.T.);
#3787=ORIENTED_EDGE('',*,*,#2844,.T.);
#3788=ORIENTED_EDGE('',*,*,#2840,.F.);
#3789=ORIENTED_EDGE('',*,*,#2838,.T.);
#3790=ORIENTED_EDGE('',*,*,#2469,.F.);
#3791=ORIENTED_EDGE('',*,*,#2842,.F.);
#3792=ORIENTED_EDGE('',*,*,#2790,.F.);
#3793=ORIENTED_EDGE('',*,*,#2784,.F.);
#3794=ORIENTED_EDGE('',*,*,#2800,.F.);
#3795=ORIENTED_EDGE('',*,*,#2789,.T.);
#3796=ORIENTED_EDGE('',*,*,#2794,.F.);
#3797=ORIENTED_EDGE('',*,*,#2841,.F.);
#3798=ORIENTED_EDGE('',*,*,#2844,.F.);
#3799=ORIENTED_EDGE('',*,*,#2579,.F.);
#3800=ORIENTED_EDGE('',*,*,#2575,.F.);
#3801=ORIENTED_EDGE('',*,*,#2802,.T.);
#3802=ORIENTED_EDGE('',*,*,#2451,.F.);
#3803=ORIENTED_EDGE('',*,*,#2845,.F.);
#3804=ORIENTED_EDGE('',*,*,#2715,.T.);
#3805=ORIENTED_EDGE('',*,*,#2720,.F.);
#3806=ORIENTED_EDGE('',*,*,#2583,.F.);
#3807=ORIENTED_EDGE('',*,*,#2846,.T.);
#3808=ORIENTED_EDGE('',*,*,#2847,.F.);
#3809=ORIENTED_EDGE('',*,*,#2453,.F.);
#3810=ORIENTED_EDGE('',*,*,#2848,.T.);
#3811=ORIENTED_EDGE('',*,*,#2849,.T.);
#3812=ORIENTED_EDGE('',*,*,#2581,.F.);
#3813=ORIENTED_EDGE('',*,*,#2452,.F.);
#3814=ORIENTED_EDGE('',*,*,#2847,.T.);
#3815=ORIENTED_EDGE('',*,*,#2850,.T.);
#3816=ORIENTED_EDGE('',*,*,#2848,.F.);
#3817=ORIENTED_EDGE('',*,*,#2850,.F.);
#3818=ORIENTED_EDGE('',*,*,#2846,.F.);
#3819=ORIENTED_EDGE('',*,*,#2582,.F.);
#3820=ORIENTED_EDGE('',*,*,#2849,.F.);
#3821=ORIENTED_EDGE('',*,*,#2851,.F.);
#3822=ORIENTED_EDGE('',*,*,#2852,.T.);
#3823=ORIENTED_EDGE('',*,*,#2853,.F.);
#3824=ORIENTED_EDGE('',*,*,#2568,.T.);
#3825=ORIENTED_EDGE('',*,*,#2853,.T.);
#3826=ORIENTED_EDGE('',*,*,#2854,.T.);
#3827=ORIENTED_EDGE('',*,*,#2855,.F.);
#3828=ORIENTED_EDGE('',*,*,#2856,.F.);
#3829=ORIENTED_EDGE('',*,*,#2490,.F.);
#3830=ORIENTED_EDGE('',*,*,#2569,.T.);
#3831=ORIENTED_EDGE('',*,*,#2851,.T.);
#3832=ORIENTED_EDGE('',*,*,#2567,.T.);
#3833=ORIENTED_EDGE('',*,*,#2476,.F.);
#3834=ORIENTED_EDGE('',*,*,#2639,.T.);
#3835=ORIENTED_EDGE('',*,*,#2641,.F.);
#3836=ORIENTED_EDGE('',*,*,#2857,.F.);
#3837=ORIENTED_EDGE('',*,*,#2648,.T.);
#3838=ORIENTED_EDGE('',*,*,#2525,.F.);
#3839=ORIENTED_EDGE('',*,*,#2858,.F.);
#3840=ORIENTED_EDGE('',*,*,#2854,.F.);
#3841=ORIENTED_EDGE('',*,*,#2852,.F.);
#3842=ORIENTED_EDGE('',*,*,#2857,.T.);
#3843=ORIENTED_EDGE('',*,*,#2859,.F.);
#3844=ORIENTED_EDGE('',*,*,#2860,.F.);
#3845=ORIENTED_EDGE('',*,*,#2861,.F.);
#3846=ORIENTED_EDGE('',*,*,#2862,.T.);
#3847=ORIENTED_EDGE('',*,*,#2863,.F.);
#3848=ORIENTED_EDGE('',*,*,#2389,.F.);
#3849=ORIENTED_EDGE('',*,*,#2385,.T.);
#3850=ORIENTED_EDGE('',*,*,#2864,.T.);
#3851=ORIENTED_EDGE('',*,*,#2865,.F.);
#3852=ORIENTED_EDGE('',*,*,#2866,.T.);
#3853=ORIENTED_EDGE('',*,*,#2867,.F.);
#3854=ORIENTED_EDGE('',*,*,#2868,.F.);
#3855=ORIENTED_EDGE('',*,*,#2480,.F.);
#3856=ORIENTED_EDGE('',*,*,#2869,.T.);
#3857=ORIENTED_EDGE('',*,*,#2870,.F.);
#3858=ORIENTED_EDGE('',*,*,#2862,.F.);
#3859=ORIENTED_EDGE('',*,*,#2871,.F.);
#3860=ORIENTED_EDGE('',*,*,#2552,.T.);
#3861=ORIENTED_EDGE('',*,*,#2532,.T.);
#3862=ORIENTED_EDGE('',*,*,#2391,.T.);
#3863=ORIENTED_EDGE('',*,*,#2872,.F.);
#3864=ORIENTED_EDGE('',*,*,#2869,.F.);
#3865=ORIENTED_EDGE('',*,*,#2479,.F.);
#3866=ORIENTED_EDGE('',*,*,#2566,.T.);
#3867=ORIENTED_EDGE('',*,*,#2563,.T.);
#3868=ORIENTED_EDGE('',*,*,#2560,.T.);
#3869=ORIENTED_EDGE('',*,*,#2557,.T.);
#3870=ORIENTED_EDGE('',*,*,#2554,.T.);
#3871=ORIENTED_EDGE('',*,*,#2548,.T.);
#3872=ORIENTED_EDGE('',*,*,#2546,.T.);
#3873=ORIENTED_EDGE('',*,*,#2870,.T.);
#3874=ORIENTED_EDGE('',*,*,#2872,.T.);
#3875=ORIENTED_EDGE('',*,*,#2390,.T.);
#3876=ORIENTED_EDGE('',*,*,#2863,.T.);
#3877=ORIENTED_EDGE('',*,*,#2873,.F.);
#3878=ORIENTED_EDGE('',*,*,#2874,.F.);
#3879=ORIENTED_EDGE('',*,*,#2875,.F.);
#3880=ORIENTED_EDGE('',*,*,#2876,.F.);
#3881=ORIENTED_EDGE('',*,*,#2877,.F.);
#3882=ORIENTED_EDGE('',*,*,#2878,.F.);
#3883=ORIENTED_EDGE('',*,*,#2879,.F.);
#3884=ORIENTED_EDGE('',*,*,#2880,.F.);
#3885=ORIENTED_EDGE('',*,*,#2871,.T.);
#3886=ORIENTED_EDGE('',*,*,#2881,.T.);
#3887=ORIENTED_EDGE('',*,*,#2882,.F.);
#3888=ORIENTED_EDGE('',*,*,#2883,.T.);
#3889=ORIENTED_EDGE('',*,*,#2884,.T.);
#3890=ORIENTED_EDGE('',*,*,#2875,.T.);
#3891=ORIENTED_EDGE('',*,*,#2885,.F.);
#3892=ORIENTED_EDGE('',*,*,#2886,.F.);
#3893=ORIENTED_EDGE('',*,*,#2887,.T.);
#3894=ORIENTED_EDGE('',*,*,#2874,.T.);
#3895=ORIENTED_EDGE('',*,*,#2888,.F.);
#3896=ORIENTED_EDGE('',*,*,#2889,.F.);
#3897=ORIENTED_EDGE('',*,*,#2885,.T.);
#3898=ORIENTED_EDGE('',*,*,#2879,.T.);
#3899=ORIENTED_EDGE('',*,*,#2890,.F.);
#3900=ORIENTED_EDGE('',*,*,#2891,.F.);
#3901=ORIENTED_EDGE('',*,*,#2892,.T.);
#3902=ORIENTED_EDGE('',*,*,#2878,.T.);
#3903=ORIENTED_EDGE('',*,*,#2893,.F.);
#3904=ORIENTED_EDGE('',*,*,#2894,.F.);
#3905=ORIENTED_EDGE('',*,*,#2890,.T.);
#3906=ORIENTED_EDGE('',*,*,#2895,.F.);
#3907=ORIENTED_EDGE('',*,*,#2896,.T.);
#3908=ORIENTED_EDGE('',*,*,#2897,.T.);
#3909=ORIENTED_EDGE('',*,*,#2898,.T.);
#3910=ORIENTED_EDGE('',*,*,#2899,.T.);
#3911=ORIENTED_EDGE('',*,*,#2867,.T.);
#3912=ORIENTED_EDGE('',*,*,#2900,.T.);
#3913=ORIENTED_EDGE('',*,*,#2901,.T.);
#3914=ORIENTED_EDGE('',*,*,#2902,.F.);
#3915=ORIENTED_EDGE('',*,*,#2903,.F.);
#3916=ORIENTED_EDGE('',*,*,#2904,.F.);
#3917=ORIENTED_EDGE('',*,*,#2905,.T.);
#3918=ORIENTED_EDGE('',*,*,#2900,.F.);
#3919=ORIENTED_EDGE('',*,*,#2866,.F.);
#3920=ORIENTED_EDGE('',*,*,#2897,.F.);
#3921=ORIENTED_EDGE('',*,*,#2906,.F.);
#3922=ORIENTED_EDGE('',*,*,#2483,.F.);
#3923=ORIENTED_EDGE('',*,*,#2907,.T.);
#3924=ORIENTED_EDGE('',*,*,#2898,.F.);
#3925=ORIENTED_EDGE('',*,*,#2907,.F.);
#3926=ORIENTED_EDGE('',*,*,#2482,.F.);
#3927=ORIENTED_EDGE('',*,*,#2908,.T.);
#3928=ORIENTED_EDGE('',*,*,#2899,.F.);
#3929=ORIENTED_EDGE('',*,*,#2908,.F.);
#3930=ORIENTED_EDGE('',*,*,#2481,.F.);
#3931=ORIENTED_EDGE('',*,*,#2868,.T.);
#3932=ORIENTED_EDGE('',*,*,#2903,.T.);
#3933=ORIENTED_EDGE('',*,*,#2909,.F.);
#3934=ORIENTED_EDGE('',*,*,#2910,.F.);
#3935=ORIENTED_EDGE('',*,*,#2911,.T.);
#3936=ORIENTED_EDGE('',*,*,#2902,.T.);
#3937=ORIENTED_EDGE('',*,*,#2912,.T.);
#3938=ORIENTED_EDGE('',*,*,#2913,.T.);
#3939=ORIENTED_EDGE('',*,*,#2914,.F.);
#3940=ORIENTED_EDGE('',*,*,#2915,.F.);
#3941=ORIENTED_EDGE('',*,*,#2909,.T.);
#3942=ORIENTED_EDGE('',*,*,#2916,.F.);
#3943=ORIENTED_EDGE('',*,*,#2864,.F.);
#3944=ORIENTED_EDGE('',*,*,#2884,.F.);
#3945=ORIENTED_EDGE('',*,*,#2917,.F.);
#3946=ORIENTED_EDGE('',*,*,#2918,.F.);
#3947=ORIENTED_EDGE('',*,*,#2919,.F.);
#3948=ORIENTED_EDGE('',*,*,#2485,.F.);
#3949=ORIENTED_EDGE('',*,*,#2920,.T.);
#3950=ORIENTED_EDGE('',*,*,#2921,.F.);
#3951=ORIENTED_EDGE('',*,*,#2922,.F.);
#3952=ORIENTED_EDGE('',*,*,#2923,.F.);
#3953=ORIENTED_EDGE('',*,*,#2918,.T.);
#3954=ORIENTED_EDGE('',*,*,#2924,.T.);
#3955=ORIENTED_EDGE('',*,*,#2904,.T.);
#3956=ORIENTED_EDGE('',*,*,#2865,.T.);
#3957=ORIENTED_EDGE('',*,*,#2916,.T.);
#3958=ORIENTED_EDGE('',*,*,#2919,.T.);
#3959=ORIENTED_EDGE('',*,*,#2923,.T.);
#3960=ORIENTED_EDGE('',*,*,#2925,.T.);
#3961=ORIENTED_EDGE('',*,*,#2926,.F.);
#3962=ORIENTED_EDGE('',*,*,#2914,.T.);
#3963=ORIENTED_EDGE('',*,*,#2927,.T.);
#3964=ORIENTED_EDGE('',*,*,#2928,.T.);
#3965=ORIENTED_EDGE('',*,*,#2929,.F.);
#3966=ORIENTED_EDGE('',*,*,#2930,.T.);
#3967=ORIENTED_EDGE('',*,*,#2486,.T.);
#3968=ORIENTED_EDGE('',*,*,#2913,.F.);
#3969=ORIENTED_EDGE('',*,*,#2931,.F.);
#3970=ORIENTED_EDGE('',*,*,#2932,.F.);
#3971=ORIENTED_EDGE('',*,*,#2927,.F.);
#3972=ORIENTED_EDGE('',*,*,#2915,.T.);
#3973=ORIENTED_EDGE('',*,*,#2926,.T.);
#3974=ORIENTED_EDGE('',*,*,#2933,.T.);
#3975=ORIENTED_EDGE('',*,*,#2934,.T.);
#3976=ORIENTED_EDGE('',*,*,#2935,.T.);
#3977=ORIENTED_EDGE('',*,*,#2929,.T.);
#3978=ORIENTED_EDGE('',*,*,#2936,.T.);
#3979=ORIENTED_EDGE('',*,*,#2910,.T.);
#3980=ORIENTED_EDGE('',*,*,#2895,.T.);
#3981=ORIENTED_EDGE('',*,*,#2911,.F.);
#3982=ORIENTED_EDGE('',*,*,#2936,.F.);
#3983=ORIENTED_EDGE('',*,*,#2928,.F.);
#3984=ORIENTED_EDGE('',*,*,#2932,.T.);
#3985=ORIENTED_EDGE('',*,*,#2937,.T.);
#3986=ORIENTED_EDGE('',*,*,#2931,.T.);
#3987=ORIENTED_EDGE('',*,*,#2912,.F.);
#3988=ORIENTED_EDGE('',*,*,#2901,.F.);
#3989=ORIENTED_EDGE('',*,*,#2905,.F.);
#3990=ORIENTED_EDGE('',*,*,#2924,.F.);
#3991=ORIENTED_EDGE('',*,*,#2920,.F.);
#3992=ORIENTED_EDGE('',*,*,#2484,.F.);
#3993=ORIENTED_EDGE('',*,*,#2906,.T.);
#3994=ORIENTED_EDGE('',*,*,#2896,.F.);
#3995=ORIENTED_EDGE('',*,*,#2937,.F.);
#3996=ORIENTED_EDGE('',*,*,#2622,.T.);
#3997=ORIENTED_EDGE('',*,*,#2403,.F.);
#3998=ORIENTED_EDGE('',*,*,#2938,.F.);
#3999=ORIENTED_EDGE('',*,*,#2939,.F.);
#4000=ORIENTED_EDGE('',*,*,#2754,.F.);
#4001=ORIENTED_EDGE('',*,*,#2706,.F.);
#4002=ORIENTED_EDGE('',*,*,#2940,.F.);
#4003=ORIENTED_EDGE('',*,*,#2941,.F.);
#4004=ORIENTED_EDGE('',*,*,#2751,.F.);
#4005=ORIENTED_EDGE('',*,*,#2375,.F.);
#4006=ORIENTED_EDGE('',*,*,#2938,.T.);
#4007=ORIENTED_EDGE('',*,*,#2402,.T.);
#4008=ORIENTED_EDGE('',*,*,#2942,.F.);
#4009=ORIENTED_EDGE('',*,*,#2943,.F.);
#4010=ORIENTED_EDGE('',*,*,#2782,.F.);
#4011=ORIENTED_EDGE('',*,*,#2944,.F.);
#4012=ORIENTED_EDGE('',*,*,#2940,.T.);
#4013=ORIENTED_EDGE('',*,*,#2711,.F.);
#4014=ORIENTED_EDGE('',*,*,#2945,.F.);
#4015=ORIENTED_EDGE('',*,*,#2946,.F.);
#4016=ORIENTED_EDGE('',*,*,#2756,.T.);
#4017=ORIENTED_EDGE('',*,*,#2947,.F.);
#4018=ORIENTED_EDGE('',*,*,#2948,.F.);
#4019=ORIENTED_EDGE('',*,*,#2811,.F.);
#4020=ORIENTED_EDGE('',*,*,#2949,.F.);
#4021=ORIENTED_EDGE('',*,*,#2942,.T.);
#4022=ORIENTED_EDGE('',*,*,#2401,.T.);
#4023=ORIENTED_EDGE('',*,*,#2950,.F.);
#4024=ORIENTED_EDGE('',*,*,#2951,.T.);
#4025=ORIENTED_EDGE('',*,*,#2945,.T.);
#4026=ORIENTED_EDGE('',*,*,#2710,.F.);
#4027=ORIENTED_EDGE('',*,*,#2939,.T.);
#4028=ORIENTED_EDGE('',*,*,#2946,.T.);
#4029=ORIENTED_EDGE('',*,*,#2951,.F.);
#4030=ORIENTED_EDGE('',*,*,#2952,.F.);
#4031=ORIENTED_EDGE('',*,*,#2947,.T.);
#4032=ORIENTED_EDGE('',*,*,#2755,.T.);
#4033=ORIENTED_EDGE('',*,*,#2941,.T.);
#4034=ORIENTED_EDGE('',*,*,#2944,.T.);
#4035=ORIENTED_EDGE('',*,*,#2781,.F.);
#4036=ORIENTED_EDGE('',*,*,#2953,.F.);
#4037=ORIENTED_EDGE('',*,*,#2954,.T.);
#4038=ORIENTED_EDGE('',*,*,#2752,.T.);
#4039=ORIENTED_EDGE('',*,*,#2753,.T.);
#4040=ORIENTED_EDGE('',*,*,#2954,.F.);
#4041=ORIENTED_EDGE('',*,*,#2955,.F.);
#4042=ORIENTED_EDGE('',*,*,#2708,.T.);
#4043=ORIENTED_EDGE('',*,*,#2948,.T.);
#4044=ORIENTED_EDGE('',*,*,#2952,.T.);
#4045=ORIENTED_EDGE('',*,*,#2950,.T.);
#4046=ORIENTED_EDGE('',*,*,#2709,.T.);
#4047=ORIENTED_EDGE('',*,*,#2955,.T.);
#4048=ORIENTED_EDGE('',*,*,#2953,.T.);
#4049=ORIENTED_EDGE('',*,*,#2780,.F.);
#4050=ORIENTED_EDGE('',*,*,#2628,.F.);
#4051=ORIENTED_EDGE('',*,*,#2956,.F.);
#4052=ORIENTED_EDGE('',*,*,#2957,.F.);
#4053=ORIENTED_EDGE('',*,*,#2812,.F.);
#4054=ORIENTED_EDGE('',*,*,#2767,.T.);
#4055=ORIENTED_EDGE('',*,*,#2958,.T.);
#4056=ORIENTED_EDGE('',*,*,#2762,.T.);
#4057=ORIENTED_EDGE('',*,*,#2765,.T.);
#4058=ORIENTED_EDGE('',*,*,#2700,.T.);
#4059=ORIENTED_EDGE('',*,*,#2959,.F.);
#4060=ORIENTED_EDGE('',*,*,#2960,.F.);
#4061=ORIENTED_EDGE('',*,*,#2627,.F.);
#4062=ORIENTED_EDGE('',*,*,#2659,.T.);
#4063=ORIENTED_EDGE('',*,*,#2808,.F.);
#4064=ORIENTED_EDGE('',*,*,#2961,.T.);
#4065=ORIENTED_EDGE('',*,*,#2855,.T.);
#4066=ORIENTED_EDGE('',*,*,#2858,.T.);
#4067=ORIENTED_EDGE('',*,*,#2524,.T.);
#4068=ORIENTED_EDGE('',*,*,#2571,.T.);
#4069=ORIENTED_EDGE('',*,*,#2962,.F.);
#4070=ORIENTED_EDGE('',*,*,#2963,.T.);
#4071=ORIENTED_EDGE('',*,*,#2956,.T.);
#4072=ORIENTED_EDGE('',*,*,#2960,.T.);
#4073=ORIENTED_EDGE('',*,*,#2964,.T.);
#4074=ORIENTED_EDGE('',*,*,#2778,.T.);
#4075=ORIENTED_EDGE('',*,*,#2965,.T.);
#4076=ORIENTED_EDGE('',*,*,#2805,.F.);
#4077=ORIENTED_EDGE('',*,*,#2651,.T.);
#4078=ORIENTED_EDGE('',*,*,#2655,.T.);
#4079=ORIENTED_EDGE('',*,*,#2966,.T.);
#4080=ORIENTED_EDGE('',*,*,#2967,.T.);
#4081=ORIENTED_EDGE('',*,*,#2677,.T.);
#4082=ORIENTED_EDGE('',*,*,#2680,.T.);
#4083=ORIENTED_EDGE('',*,*,#2891,.T.);
#4084=ORIENTED_EDGE('',*,*,#2894,.T.);
#4085=ORIENTED_EDGE('',*,*,#2968,.T.);
#4086=ORIENTED_EDGE('',*,*,#2969,.T.);
#4087=ORIENTED_EDGE('',*,*,#2970,.T.);
#4088=ORIENTED_EDGE('',*,*,#2971,.T.);
#4089=ORIENTED_EDGE('',*,*,#2692,.T.);
#4090=ORIENTED_EDGE('',*,*,#2695,.T.);
#4091=ORIENTED_EDGE('',*,*,#2972,.T.);
#4092=ORIENTED_EDGE('',*,*,#2973,.T.);
#4093=ORIENTED_EDGE('',*,*,#2687,.T.);
#4094=ORIENTED_EDGE('',*,*,#2690,.T.);
#4095=ORIENTED_EDGE('',*,*,#2886,.T.);
#4096=ORIENTED_EDGE('',*,*,#2889,.T.);
#4097=ORIENTED_EDGE('',*,*,#2974,.T.);
#4098=ORIENTED_EDGE('',*,*,#2975,.T.);
#4099=ORIENTED_EDGE('',*,*,#2976,.T.);
#4100=ORIENTED_EDGE('',*,*,#2977,.T.);
#4101=ORIENTED_EDGE('',*,*,#2682,.T.);
#4102=ORIENTED_EDGE('',*,*,#2685,.T.);
#4103=ORIENTED_EDGE('',*,*,#2843,.T.);
#4104=ORIENTED_EDGE('',*,*,#2704,.F.);
#4105=ORIENTED_EDGE('',*,*,#2779,.F.);
#4106=ORIENTED_EDGE('',*,*,#2964,.F.);
#4107=ORIENTED_EDGE('',*,*,#2959,.T.);
#4108=ORIENTED_EDGE('',*,*,#2699,.T.);
#4109=ORIENTED_EDGE('',*,*,#2721,.T.);
#4110=ORIENTED_EDGE('',*,*,#2736,.F.);
#4111=ORIENTED_EDGE('',*,*,#2816,.F.);
#4112=ORIENTED_EDGE('',*,*,#2978,.T.);
#4113=ORIENTED_EDGE('',*,*,#2722,.T.);
#4114=ORIENTED_EDGE('',*,*,#2978,.F.);
#4115=ORIENTED_EDGE('',*,*,#2815,.F.);
#4116=ORIENTED_EDGE('',*,*,#2737,.T.);
#4117=ORIENTED_EDGE('',*,*,#2594,.T.);
#4118=ORIENTED_EDGE('',*,*,#2608,.F.);
#4119=ORIENTED_EDGE('',*,*,#2818,.F.);
#4120=ORIENTED_EDGE('',*,*,#2979,.T.);
#4121=ORIENTED_EDGE('',*,*,#2595,.T.);
#4122=ORIENTED_EDGE('',*,*,#2979,.F.);
#4123=ORIENTED_EDGE('',*,*,#2817,.F.);
#4124=ORIENTED_EDGE('',*,*,#2609,.T.);
#4125=ORIENTED_EDGE('',*,*,#2725,.T.);
#4126=ORIENTED_EDGE('',*,*,#2731,.F.);
#4127=ORIENTED_EDGE('',*,*,#2820,.F.);
#4128=ORIENTED_EDGE('',*,*,#2980,.T.);
#4129=ORIENTED_EDGE('',*,*,#2726,.T.);
#4130=ORIENTED_EDGE('',*,*,#2980,.F.);
#4131=ORIENTED_EDGE('',*,*,#2819,.F.);
#4132=ORIENTED_EDGE('',*,*,#2732,.T.);
#4133=ORIENTED_EDGE('',*,*,#2590,.T.);
#4134=ORIENTED_EDGE('',*,*,#2613,.F.);
#4135=ORIENTED_EDGE('',*,*,#2822,.F.);
#4136=ORIENTED_EDGE('',*,*,#2981,.T.);
#4137=ORIENTED_EDGE('',*,*,#2591,.T.);
#4138=ORIENTED_EDGE('',*,*,#2981,.F.);
#4139=ORIENTED_EDGE('',*,*,#2821,.F.);
#4140=ORIENTED_EDGE('',*,*,#2614,.T.);
#4141=ORIENTED_EDGE('',*,*,#2758,.T.);
#4142=ORIENTED_EDGE('',*,*,#2763,.F.);
#4143=ORIENTED_EDGE('',*,*,#2958,.F.);
#4144=ORIENTED_EDGE('',*,*,#2766,.T.);
#4145=ORIENTED_EDGE('',*,*,#2668,.T.);
#4146=ORIENTED_EDGE('',*,*,#2683,.F.);
#4147=ORIENTED_EDGE('',*,*,#2977,.F.);
#4148=ORIENTED_EDGE('',*,*,#2982,.T.);
#4149=ORIENTED_EDGE('',*,*,#2669,.T.);
#4150=ORIENTED_EDGE('',*,*,#2982,.F.);
#4151=ORIENTED_EDGE('',*,*,#2976,.F.);
#4152=ORIENTED_EDGE('',*,*,#2684,.T.);
#4153=ORIENTED_EDGE('',*,*,#2873,.T.);
#4154=ORIENTED_EDGE('',*,*,#2983,.F.);
#4155=ORIENTED_EDGE('',*,*,#2974,.F.);
#4156=ORIENTED_EDGE('',*,*,#2888,.T.);
#4157=ORIENTED_EDGE('',*,*,#2876,.T.);
#4158=ORIENTED_EDGE('',*,*,#2887,.F.);
#4159=ORIENTED_EDGE('',*,*,#2975,.F.);
#4160=ORIENTED_EDGE('',*,*,#2983,.T.);
#4161=ORIENTED_EDGE('',*,*,#2664,.T.);
#4162=ORIENTED_EDGE('',*,*,#2688,.F.);
#4163=ORIENTED_EDGE('',*,*,#2973,.F.);
#4164=ORIENTED_EDGE('',*,*,#2984,.T.);
#4165=ORIENTED_EDGE('',*,*,#2665,.T.);
#4166=ORIENTED_EDGE('',*,*,#2984,.F.);
#4167=ORIENTED_EDGE('',*,*,#2972,.F.);
#4168=ORIENTED_EDGE('',*,*,#2689,.T.);
#4169=ORIENTED_EDGE('',*,*,#2660,.T.);
#4170=ORIENTED_EDGE('',*,*,#2693,.F.);
#4171=ORIENTED_EDGE('',*,*,#2971,.F.);
#4172=ORIENTED_EDGE('',*,*,#2985,.T.);
#4173=ORIENTED_EDGE('',*,*,#2661,.T.);
#4174=ORIENTED_EDGE('',*,*,#2985,.F.);
#4175=ORIENTED_EDGE('',*,*,#2970,.F.);
#4176=ORIENTED_EDGE('',*,*,#2694,.T.);
#4177=ORIENTED_EDGE('',*,*,#2877,.T.);
#4178=ORIENTED_EDGE('',*,*,#2986,.F.);
#4179=ORIENTED_EDGE('',*,*,#2968,.F.);
#4180=ORIENTED_EDGE('',*,*,#2893,.T.);
#4181=ORIENTED_EDGE('',*,*,#2880,.T.);
#4182=ORIENTED_EDGE('',*,*,#2892,.F.);
#4183=ORIENTED_EDGE('',*,*,#2969,.F.);
#4184=ORIENTED_EDGE('',*,*,#2986,.T.);
#4185=ORIENTED_EDGE('',*,*,#2672,.T.);
#4186=ORIENTED_EDGE('',*,*,#2678,.F.);
#4187=ORIENTED_EDGE('',*,*,#2967,.F.);
#4188=ORIENTED_EDGE('',*,*,#2987,.T.);
#4189=ORIENTED_EDGE('',*,*,#2673,.T.);
#4190=ORIENTED_EDGE('',*,*,#2987,.F.);
#4191=ORIENTED_EDGE('',*,*,#2966,.F.);
#4192=ORIENTED_EDGE('',*,*,#2679,.T.);
#4193=ORIENTED_EDGE('',*,*,#2949,.T.);
#4194=ORIENTED_EDGE('',*,*,#2810,.F.);
#4195=ORIENTED_EDGE('',*,*,#2828,.F.);
#4196=ORIENTED_EDGE('',*,*,#2769,.F.);
#4197=ORIENTED_EDGE('',*,*,#2775,.F.);
#4198=ORIENTED_EDGE('',*,*,#2943,.T.);
#4199=ORIENTED_EDGE('',*,*,#2961,.F.);
#4200=ORIENTED_EDGE('',*,*,#2807,.F.);
#4201=ORIENTED_EDGE('',*,*,#2491,.F.);
#4202=ORIENTED_EDGE('',*,*,#2856,.T.);
#4203=ORIENTED_EDGE('',*,*,#2917,.T.);
#4204=ORIENTED_EDGE('',*,*,#2883,.F.);
#4205=ORIENTED_EDGE('',*,*,#2988,.F.);
#4206=ORIENTED_EDGE('',*,*,#2962,.T.);
#4207=ORIENTED_EDGE('',*,*,#2570,.T.);
#4208=ORIENTED_EDGE('',*,*,#2488,.F.);
#4209=ORIENTED_EDGE('',*,*,#2989,.T.);
#4210=ORIENTED_EDGE('',*,*,#2934,.F.);
#4211=ORIENTED_EDGE('',*,*,#2990,.T.);
#4212=ORIENTED_EDGE('',*,*,#2921,.T.);
#4213=ORIENTED_EDGE('',*,*,#2991,.F.);
#4214=ORIENTED_EDGE('',*,*,#2447,.F.);
#4215=ORIENTED_EDGE('',*,*,#2826,.T.);
#4216=ORIENTED_EDGE('',*,*,#2992,.F.);
#4217=ORIENTED_EDGE('',*,*,#2992,.T.);
#4218=ORIENTED_EDGE('',*,*,#2825,.F.);
#4219=ORIENTED_EDGE('',*,*,#2993,.T.);
#4220=ORIENTED_EDGE('',*,*,#2994,.T.);
#4221=ORIENTED_EDGE('',*,*,#2991,.T.);
#4222=ORIENTED_EDGE('',*,*,#2994,.F.);
#4223=ORIENTED_EDGE('',*,*,#2995,.F.);
#4224=ORIENTED_EDGE('',*,*,#2448,.F.);
#4225=ORIENTED_EDGE('',*,*,#2771,.T.);
#4226=ORIENTED_EDGE('',*,*,#2827,.F.);
#4227=ORIENTED_EDGE('',*,*,#2445,.F.);
#4228=ORIENTED_EDGE('',*,*,#2834,.T.);
#4229=ORIENTED_EDGE('',*,*,#2837,.T.);
#4230=ORIENTED_EDGE('',*,*,#2839,.F.);
#4231=ORIENTED_EDGE('',*,*,#2965,.F.);
#4232=ORIENTED_EDGE('',*,*,#2777,.F.);
#4233=ORIENTED_EDGE('',*,*,#2493,.F.);
#4234=ORIENTED_EDGE('',*,*,#2806,.F.);
#4235=ORIENTED_EDGE('',*,*,#2989,.F.);
#4236=ORIENTED_EDGE('',*,*,#2487,.F.);
#4237=ORIENTED_EDGE('',*,*,#2930,.F.);
#4238=ORIENTED_EDGE('',*,*,#2935,.F.);
#4239=ORIENTED_EDGE('',*,*,#2996,.F.);
#4240=ORIENTED_EDGE('',*,*,#2997,.T.);
#4241=ORIENTED_EDGE('',*,*,#2845,.T.);
#4242=ORIENTED_EDGE('',*,*,#2450,.F.);
#4243=ORIENTED_EDGE('',*,*,#2998,.F.);
#4244=ORIENTED_EDGE('',*,*,#2396,.T.);
#4245=ORIENTED_EDGE('',*,*,#2394,.F.);
#4246=ORIENTED_EDGE('',*,*,#2712,.F.);
#4247=ORIENTED_EDGE('',*,*,#2997,.F.);
#4248=ORIENTED_EDGE('',*,*,#2999,.F.);
#4249=ORIENTED_EDGE('',*,*,#3000,.T.);
#4250=ORIENTED_EDGE('',*,*,#2748,.T.);
#4251=ORIENTED_EDGE('',*,*,#2398,.F.);
#4252=ORIENTED_EDGE('',*,*,#3001,.F.);
#4253=ORIENTED_EDGE('',*,*,#3002,.T.);
#4254=ORIENTED_EDGE('',*,*,#2859,.T.);
#4255=ORIENTED_EDGE('',*,*,#2705,.T.);
#4256=ORIENTED_EDGE('',*,*,#2749,.T.);
#4257=ORIENTED_EDGE('',*,*,#3000,.F.);
#4258=ORIENTED_EDGE('',*,*,#3003,.F.);
#4259=ORIENTED_EDGE('',*,*,#3004,.T.);
#4260=ORIENTED_EDGE('',*,*,#2860,.T.);
#4261=ORIENTED_EDGE('',*,*,#3002,.F.);
#4262=ORIENTED_EDGE('',*,*,#3005,.F.);
#4263=ORIENTED_EDGE('',*,*,#2881,.F.);
#4264=ORIENTED_EDGE('',*,*,#2861,.T.);
#4265=ORIENTED_EDGE('',*,*,#3004,.F.);
#4266=ORIENTED_EDGE('',*,*,#2922,.T.);
#4267=ORIENTED_EDGE('',*,*,#2990,.F.);
#4268=ORIENTED_EDGE('',*,*,#2933,.F.);
#4269=ORIENTED_EDGE('',*,*,#2925,.F.);
#4270=ORIENTED_EDGE('',*,*,#2995,.T.);
#4271=ORIENTED_EDGE('',*,*,#2993,.F.);
#4272=ORIENTED_EDGE('',*,*,#2824,.F.);
#4273=ORIENTED_EDGE('',*,*,#2813,.F.);
#4274=ORIENTED_EDGE('',*,*,#2957,.T.);
#4275=ORIENTED_EDGE('',*,*,#2963,.F.);
#4276=ORIENTED_EDGE('',*,*,#2988,.T.);
#4277=ORIENTED_EDGE('',*,*,#2882,.T.);
#4278=ORIENTED_EDGE('',*,*,#3005,.T.);
#4279=ORIENTED_EDGE('',*,*,#3003,.T.);
#4280=ORIENTED_EDGE('',*,*,#3001,.T.);
#4281=ORIENTED_EDGE('',*,*,#2999,.T.);
#4282=ORIENTED_EDGE('',*,*,#2397,.T.);
#4283=ORIENTED_EDGE('',*,*,#2998,.T.);
#4284=ORIENTED_EDGE('',*,*,#2996,.T.);
#4285=ORIENTED_EDGE('',*,*,#2449,.T.);
#4286=CYLINDRICAL_SURFACE('',#4514,3.);
#4287=CYLINDRICAL_SURFACE('',#4557,2.25);
#4288=CYLINDRICAL_SURFACE('',#4620,2.55);
#4289=CYLINDRICAL_SURFACE('',#4632,2.7);
#4290=CYLINDRICAL_SURFACE('',#4702,2.55);
#4291=CYLINDRICAL_SURFACE('',#4728,2.00000000000001);
#4292=CYLINDRICAL_SURFACE('',#4730,14.5);
#4293=ADVANCED_FACE('',(#242),#4286,.T.);
#4294=ADVANCED_FACE('',(#243),#43,.F.);
#4295=ADVANCED_FACE('',(#244),#44,.T.);
#4296=ADVANCED_FACE('',(#245),#45,.F.);
#4297=ADVANCED_FACE('',(#246),#46,.F.);
#4298=ADVANCED_FACE('',(#247),#47,.F.);
#4299=ADVANCED_FACE('',(#248),#48,.F.);
#4300=ADVANCED_FACE('',(#249),#49,.F.);
#4301=ADVANCED_FACE('',(#250),#50,.T.);
#4302=ADVANCED_FACE('',(#251),#51,.T.);
#4303=ADVANCED_FACE('',(#252),#52,.T.);
#4304=ADVANCED_FACE('',(#253),#53,.F.);
#4305=ADVANCED_FACE('',(#254),#54,.F.);
#4306=ADVANCED_FACE('',(#255),#55,.T.);
#4307=ADVANCED_FACE('',(#256),#56,.F.);
#4308=ADVANCED_FACE('',(#257),#57,.T.);
#4309=ADVANCED_FACE('',(#258),#58,.F.);
#4310=ADVANCED_FACE('',(#259),#59,.T.);
#4311=ADVANCED_FACE('',(#260),#60,.T.);
#4312=ADVANCED_FACE('',(#261),#61,.F.);
#4313=ADVANCED_FACE('',(#262),#62,.F.);
#4314=ADVANCED_FACE('',(#263),#63,.F.);
#4315=ADVANCED_FACE('',(#264),#64,.F.);
#4316=ADVANCED_FACE('',(#265),#65,.T.);
#4317=ADVANCED_FACE('',(#266),#66,.F.);
#4318=ADVANCED_FACE('',(#267),#67,.F.);
#4319=ADVANCED_FACE('',(#268),#68,.F.);
#4320=ADVANCED_FACE('',(#269),#69,.T.);
#4321=ADVANCED_FACE('',(#270),#70,.F.);
#4322=ADVANCED_FACE('',(#271),#71,.F.);
#4323=ADVANCED_FACE('',(#272),#72,.F.);
#4324=ADVANCED_FACE('',(#273),#73,.T.);
#4325=ADVANCED_FACE('',(#274),#74,.F.);
#4326=ADVANCED_FACE('',(#275),#75,.F.);
#4327=ADVANCED_FACE('',(#276),#76,.T.);
#4328=ADVANCED_FACE('',(#277),#77,.F.);
#4329=ADVANCED_FACE('',(#278),#78,.T.);
#4330=ADVANCED_FACE('',(#279),#79,.T.);
#4331=ADVANCED_FACE('',(#280),#80,.T.);
#4332=ADVANCED_FACE('',(#281),#81,.F.);
#4333=ADVANCED_FACE('',(#282),#82,.F.);
#4334=ADVANCED_FACE('',(#283),#4287,.F.);
#4335=ADVANCED_FACE('',(#284),#83,.F.);
#4336=ADVANCED_FACE('',(#285),#84,.F.);
#4337=ADVANCED_FACE('',(#286),#85,.F.);
#4338=ADVANCED_FACE('',(#287),#86,.F.);
#4339=ADVANCED_FACE('',(#288),#87,.F.);
#4340=ADVANCED_FACE('',(#289),#88,.F.);
#4341=ADVANCED_FACE('',(#290),#89,.F.);
#4342=ADVANCED_FACE('',(#291),#90,.F.);
#4343=ADVANCED_FACE('',(#292,#19,#20),#91,.F.);
#4344=ADVANCED_FACE('',(#293),#92,.F.);
#4345=ADVANCED_FACE('',(#294),#93,.F.);
#4346=ADVANCED_FACE('',(#295),#94,.F.);
#4347=ADVANCED_FACE('',(#296),#95,.F.);
#4348=ADVANCED_FACE('',(#297),#96,.F.);
#4349=ADVANCED_FACE('',(#298),#97,.F.);
#4350=ADVANCED_FACE('',(#299),#98,.F.);
#4351=ADVANCED_FACE('',(#300),#99,.F.);
#4352=ADVANCED_FACE('',(#301),#100,.F.);
#4353=ADVANCED_FACE('',(#302),#101,.F.);
#4354=ADVANCED_FACE('',(#303),#102,.F.);
#4355=ADVANCED_FACE('',(#304),#103,.F.);
#4356=ADVANCED_FACE('',(#305),#104,.F.);
#4357=ADVANCED_FACE('',(#306),#105,.F.);
#4358=ADVANCED_FACE('',(#307),#106,.F.);
#4359=ADVANCED_FACE('',(#308),#107,.F.);
#4360=ADVANCED_FACE('',(#309),#108,.F.);
#4361=ADVANCED_FACE('',(#310),#109,.F.);
#4362=ADVANCED_FACE('',(#311),#110,.F.);
#4363=ADVANCED_FACE('',(#312),#111,.F.);
#4364=ADVANCED_FACE('',(#313),#112,.F.);
#4365=ADVANCED_FACE('',(#314),#113,.F.);
#4366=ADVANCED_FACE('',(#315,#21,#22,#23,#24),#114,.F.);
#4367=ADVANCED_FACE('',(#316),#115,.F.);
#4368=ADVANCED_FACE('',(#317),#116,.F.);
#4369=ADVANCED_FACE('',(#318),#117,.F.);
#4370=ADVANCED_FACE('',(#319),#118,.F.);
#4371=ADVANCED_FACE('',(#320),#119,.F.);
#4372=ADVANCED_FACE('',(#321),#120,.F.);
#4373=ADVANCED_FACE('',(#322),#121,.F.);
#4374=ADVANCED_FACE('',(#323),#122,.F.);
#4375=ADVANCED_FACE('',(#324),#123,.F.);
#4376=ADVANCED_FACE('',(#325),#124,.F.);
#4377=ADVANCED_FACE('',(#326),#125,.F.);
#4378=ADVANCED_FACE('',(#327),#126,.T.);
#4379=ADVANCED_FACE('',(#328),#127,.F.);
#4380=ADVANCED_FACE('',(#329),#128,.F.);
#4381=ADVANCED_FACE('',(#330),#129,.F.);
#4382=ADVANCED_FACE('',(#331,#25,#26),#130,.F.);
#4383=ADVANCED_FACE('',(#332),#131,.F.);
#4384=ADVANCED_FACE('',(#333),#132,.F.);
#4385=ADVANCED_FACE('',(#334),#133,.F.);
#4386=ADVANCED_FACE('',(#335),#134,.F.);
#4387=ADVANCED_FACE('',(#336),#135,.F.);
#4388=ADVANCED_FACE('',(#337),#136,.F.);
#4389=ADVANCED_FACE('',(#338),#137,.F.);
#4390=ADVANCED_FACE('',(#339),#138,.F.);
#4391=ADVANCED_FACE('',(#340,#27),#139,.F.);
#4392=ADVANCED_FACE('',(#341),#140,.F.);
#4393=ADVANCED_FACE('',(#342),#4288,.F.);
#4394=ADVANCED_FACE('',(#343),#141,.F.);
#4395=ADVANCED_FACE('',(#344,#28),#142,.F.);
#4396=ADVANCED_FACE('',(#345),#143,.F.);
#4397=ADVANCED_FACE('',(#346),#144,.F.);
#4398=ADVANCED_FACE('',(#347),#145,.F.);
#4399=ADVANCED_FACE('',(#348),#146,.F.);
#4400=ADVANCED_FACE('',(#349),#147,.F.);
#4401=ADVANCED_FACE('',(#350),#148,.T.);
#4402=ADVANCED_FACE('',(#351),#149,.F.);
#4403=ADVANCED_FACE('',(#352),#4289,.F.);
#4404=ADVANCED_FACE('',(#353),#150,.F.);
#4405=ADVANCED_FACE('',(#354),#151,.T.);
#4406=ADVANCED_FACE('',(#355),#152,.F.);
#4407=ADVANCED_FACE('',(#356,#29,#30,#31,#32),#153,.T.);
#4408=ADVANCED_FACE('',(#357),#154,.F.);
#4409=ADVANCED_FACE('',(#358),#155,.T.);
#4410=ADVANCED_FACE('',(#359),#156,.F.);
#4411=ADVANCED_FACE('',(#360),#157,.F.);
#4412=ADVANCED_FACE('',(#361),#158,.F.);
#4413=ADVANCED_FACE('',(#362),#159,.T.);
#4414=ADVANCED_FACE('',(#363),#160,.F.);
#4415=ADVANCED_FACE('',(#364),#161,.F.);
#4416=ADVANCED_FACE('',(#365),#162,.F.);
#4417=ADVANCED_FACE('',(#366,#33),#163,.F.);
#4418=ADVANCED_FACE('',(#367),#164,.F.);
#4419=ADVANCED_FACE('',(#368),#165,.F.);
#4420=ADVANCED_FACE('',(#369),#166,.F.);
#4421=ADVANCED_FACE('',(#370),#167,.F.);
#4422=ADVANCED_FACE('',(#371),#168,.F.);
#4423=ADVANCED_FACE('',(#372),#169,.F.);
#4424=ADVANCED_FACE('',(#373),#170,.F.);
#4425=ADVANCED_FACE('',(#374),#171,.F.);
#4426=ADVANCED_FACE('',(#375),#172,.F.);
#4427=ADVANCED_FACE('',(#376),#173,.F.);
#4428=ADVANCED_FACE('',(#377),#174,.F.);
#4429=ADVANCED_FACE('',(#378,#34,#35),#175,.F.);
#4430=ADVANCED_FACE('',(#379),#176,.T.);
#4431=ADVANCED_FACE('',(#380),#177,.F.);
#4432=ADVANCED_FACE('',(#381),#178,.F.);
#4433=ADVANCED_FACE('',(#382),#179,.F.);
#4434=ADVANCED_FACE('',(#383),#180,.F.);
#4435=ADVANCED_FACE('',(#384),#181,.F.);
#4436=ADVANCED_FACE('',(#385),#182,.F.);
#4437=ADVANCED_FACE('',(#386),#183,.F.);
#4438=ADVANCED_FACE('',(#387),#184,.F.);
#4439=ADVANCED_FACE('',(#388),#185,.F.);
#4440=ADVANCED_FACE('',(#389),#186,.F.);
#4441=ADVANCED_FACE('',(#390),#187,.F.);
#4442=ADVANCED_FACE('',(#391),#188,.F.);
#4443=ADVANCED_FACE('',(#392),#189,.F.);
#4444=ADVANCED_FACE('',(#393),#190,.F.);
#4445=ADVANCED_FACE('',(#394),#191,.T.);
#4446=ADVANCED_FACE('',(#395),#192,.F.);
#4447=ADVANCED_FACE('',(#396),#193,.T.);
#4448=ADVANCED_FACE('',(#397),#194,.F.);
#4449=ADVANCED_FACE('',(#398),#195,.F.);
#4450=ADVANCED_FACE('',(#399),#196,.F.);
#4451=ADVANCED_FACE('',(#400),#197,.F.);
#4452=ADVANCED_FACE('',(#401),#198,.F.);
#4453=ADVANCED_FACE('',(#402),#199,.F.);
#4454=ADVANCED_FACE('',(#403),#200,.F.);
#4455=ADVANCED_FACE('',(#404),#201,.F.);
#4456=ADVANCED_FACE('',(#405),#202,.F.);
#4457=ADVANCED_FACE('',(#406,#36),#203,.T.);
#4458=ADVANCED_FACE('',(#407),#204,.F.);
#4459=ADVANCED_FACE('',(#408,#37,#38,#39,#40,#41,#42),#205,.T.);
#4460=ADVANCED_FACE('',(#409),#206,.F.);
#4461=ADVANCED_FACE('',(#410),#207,.F.);
#4462=ADVANCED_FACE('',(#411),#208,.F.);
#4463=ADVANCED_FACE('',(#412),#209,.F.);
#4464=ADVANCED_FACE('',(#413),#210,.F.);
#4465=ADVANCED_FACE('',(#414),#211,.F.);
#4466=ADVANCED_FACE('',(#415),#212,.F.);
#4467=ADVANCED_FACE('',(#416),#213,.F.);
#4468=ADVANCED_FACE('',(#417),#214,.F.);
#4469=ADVANCED_FACE('',(#418),#4290,.F.);
#4470=ADVANCED_FACE('',(#419),#215,.F.);
#4471=ADVANCED_FACE('',(#420),#216,.F.);
#4472=ADVANCED_FACE('',(#421),#217,.F.);
#4473=ADVANCED_FACE('',(#422),#218,.F.);
#4474=ADVANCED_FACE('',(#423),#219,.F.);
#4475=ADVANCED_FACE('',(#424),#220,.F.);
#4476=ADVANCED_FACE('',(#425),#221,.F.);
#4477=ADVANCED_FACE('',(#426),#222,.F.);
#4478=ADVANCED_FACE('',(#427),#223,.F.);
#4479=ADVANCED_FACE('',(#428),#224,.F.);
#4480=ADVANCED_FACE('',(#429),#225,.F.);
#4481=ADVANCED_FACE('',(#430),#226,.F.);
#4482=ADVANCED_FACE('',(#431),#227,.F.);
#4483=ADVANCED_FACE('',(#432),#228,.F.);
#4484=ADVANCED_FACE('',(#433),#229,.T.);
#4485=ADVANCED_FACE('',(#434),#230,.F.);
#4486=ADVANCED_FACE('',(#435),#231,.T.);
#4487=ADVANCED_FACE('',(#436),#232,.F.);
#4488=ADVANCED_FACE('',(#437),#233,.F.);
#4489=ADVANCED_FACE('',(#438),#234,.F.);
#4490=ADVANCED_FACE('',(#439),#235,.F.);
#4491=ADVANCED_FACE('',(#440),#236,.F.);
#4492=ADVANCED_FACE('',(#441),#237,.F.);
#4493=ADVANCED_FACE('',(#442),#238,.F.);
#4494=ADVANCED_FACE('',(#443),#239,.F.);
#4495=ADVANCED_FACE('',(#444),#4291,.T.);
#4496=ADVANCED_FACE('',(#445),#4292,.F.);
#4497=ADVANCED_FACE('',(#446),#240,.F.);
#4498=ADVANCED_FACE('',(#447),#241,.T.);
#4499=CLOSED_SHELL('',(#4293,#4294,#4295,#4296,#4297,#4298,#4299,#4300,
#4301,#4302,#4303,#4304,#4305,#4306,#4307,#4308,#4309,#4310,#4311,#4312,
#4313,#4314,#4315,#4316,#4317,#4318,#4319,#4320,#4321,#4322,#4323,#4324,
#4325,#4326,#4327,#4328,#4329,#4330,#4331,#4332,#4333,#4334,#4335,#4336,
#4337,#4338,#4339,#4340,#4341,#4342,#4343,#4344,#4345,#4346,#4347,#4348,
#4349,#4350,#4351,#4352,#4353,#4354,#4355,#4356,#4357,#4358,#4359,#4360,
#4361,#4362,#4363,#4364,#4365,#4366,#4367,#4368,#4369,#4370,#4371,#4372,
#4373,#4374,#4375,#4376,#4377,#4378,#4379,#4380,#4381,#4382,#4383,#4384,
#4385,#4386,#4387,#4388,#4389,#4390,#4391,#4392,#4393,#4394,#4395,#4396,
#4397,#4398,#4399,#4400,#4401,#4402,#4403,#4404,#4405,#4406,#4407,#4408,
#4409,#4410,#4411,#4412,#4413,#4414,#4415,#4416,#4417,#4418,#4419,#4420,
#4421,#4422,#4423,#4424,#4425,#4426,#4427,#4428,#4429,#4430,#4431,#4432,
#4433,#4434,#4435,#4436,#4437,#4438,#4439,#4440,#4441,#4442,#4443,#4444,
#4445,#4446,#4447,#4448,#4449,#4450,#4451,#4452,#4453,#4454,#4455,#4456,
#4457,#4458,#4459,#4460,#4461,#4462,#4463,#4464,#4465,#4466,#4467,#4468,
#4469,#4470,#4471,#4472,#4473,#4474,#4475,#4476,#4477,#4478,#4479,#4480,
#4481,#4482,#4483,#4484,#4485,#4486,#4487,#4488,#4489,#4490,#4491,#4492,
#4493,#4494,#4495,#4496,#4497,#4498));
#4500=DERIVED_UNIT_ELEMENT(#4502,1.);
#4501=DERIVED_UNIT_ELEMENT(#7085,-3.);
#4502=(
MASS_UNIT()
NAMED_UNIT(*)
SI_UNIT(.KILO.,.GRAM.)
);
#4503=DERIVED_UNIT((#4500,#4501));
#4504=MEASURE_REPRESENTATION_ITEM('density measure',
POSITIVE_RATIO_MEASURE(7850.),#4503);
#4505=PROPERTY_DEFINITION_REPRESENTATION(#4510,#4507);
#4506=PROPERTY_DEFINITION_REPRESENTATION(#4511,#4508);
#4507=REPRESENTATION('material name',(#4509),#7082);
#4508=REPRESENTATION('density',(#4504),#7082);
#4509=DESCRIPTIVE_REPRESENTATION_ITEM('Steel','Steel');
#4510=PROPERTY_DEFINITION('material property','material name',#7097);
#4511=PROPERTY_DEFINITION('material property','density of part',#7097);
#4512=AXIS2_PLACEMENT_3D('',#5807,#4735,#4736);
#4513=AXIS2_PLACEMENT_3D('',#5808,#4737,#4738);
#4514=AXIS2_PLACEMENT_3D('',#5809,#4739,#4740);
#4515=AXIS2_PLACEMENT_3D('',#5812,#4741,#4742);
#4516=AXIS2_PLACEMENT_3D('',#5816,#4744,#4745);
#4517=AXIS2_PLACEMENT_3D('',#5818,#4747,#4748);
#4518=AXIS2_PLACEMENT_3D('',#5840,#4760,#4761);
#4519=AXIS2_PLACEMENT_3D('',#5846,#4765,#4766);
#4520=AXIS2_PLACEMENT_3D('',#5854,#4771,#4772);
#4521=AXIS2_PLACEMENT_3D('',#5856,#4774,#4775);
#4522=AXIS2_PLACEMENT_3D('',#5862,#4779,#4780);
#4523=AXIS2_PLACEMENT_3D('',#5871,#4785,#4786);
#4524=AXIS2_PLACEMENT_3D('',#5907,#4805,#4806);
#4525=AXIS2_PLACEMENT_3D('',#5916,#4811,#4812);
#4526=AXIS2_PLACEMENT_3D('',#5922,#4816,#4817);
#4527=AXIS2_PLACEMENT_3D('',#5928,#4821,#4822);
#4528=AXIS2_PLACEMENT_3D('',#5934,#4826,#4827);
#4529=AXIS2_PLACEMENT_3D('',#5944,#4833,#4834);
#4530=AXIS2_PLACEMENT_3D('',#5948,#4837,#4838);
#4531=AXIS2_PLACEMENT_3D('',#5951,#4841,#4842);
#4532=AXIS2_PLACEMENT_3D('',#5955,#4845,#4846);
#4533=AXIS2_PLACEMENT_3D('',#5959,#4849,#4850);
#4534=AXIS2_PLACEMENT_3D('',#5965,#4854,#4855);
#4535=AXIS2_PLACEMENT_3D('',#5990,#4868,#4869);
#4536=AXIS2_PLACEMENT_3D('',#6005,#4878,#4879);
#4537=AXIS2_PLACEMENT_3D('',#6011,#4883,#4884);
#4538=AXIS2_PLACEMENT_3D('',#6015,#4887,#4888);
#4539=AXIS2_PLACEMENT_3D('',#6023,#4893,#4894);
#4540=AXIS2_PLACEMENT_3D('',#6076,#4921,#4922);
#4541=AXIS2_PLACEMENT_3D('',#6085,#4927,#4928);
#4542=AXIS2_PLACEMENT_3D('',#6101,#4937,#4938);
#4543=AXIS2_PLACEMENT_3D('',#6105,#4941,#4942);
#4544=AXIS2_PLACEMENT_3D('',#6119,#4950,#4951);
#4545=AXIS2_PLACEMENT_3D('',#6123,#4954,#4955);
#4546=AXIS2_PLACEMENT_3D('',#6127,#4958,#4959);
#4547=AXIS2_PLACEMENT_3D('',#6135,#4964,#4965);
#4548=AXIS2_PLACEMENT_3D('',#6140,#4969,#4970);
#4549=AXIS2_PLACEMENT_3D('',#6144,#4973,#4974);
#4550=AXIS2_PLACEMENT_3D('',#6150,#4978,#4979);
#4551=AXIS2_PLACEMENT_3D('',#6159,#4984,#4985);
#4552=AXIS2_PLACEMENT_3D('',#6166,#4989,#4990);
#4553=AXIS2_PLACEMENT_3D('',#6171,#4994,#4995);
#4554=AXIS2_PLACEMENT_3D('',#6175,#4998,#4999);
#4555=AXIS2_PLACEMENT_3D('',#6177,#5001,#5002);
#4556=AXIS2_PLACEMENT_3D('',#6183,#5006,#5007);
#4557=AXIS2_PLACEMENT_3D('',#6186,#5010,#5011);
#4558=AXIS2_PLACEMENT_3D('',#6188,#5012,#5013);
#4559=AXIS2_PLACEMENT_3D('',#6190,#5014,#5015);
#4560=AXIS2_PLACEMENT_3D('',#6192,#5017,#5018);
#4561=AXIS2_PLACEMENT_3D('',#6198,#5022,#5023);
#4562=AXIS2_PLACEMENT_3D('',#6204,#5027,#5028);
#4563=AXIS2_PLACEMENT_3D('',#6210,#5032,#5033);
#4564=AXIS2_PLACEMENT_3D('',#6213,#5036,#5037);
#4565=AXIS2_PLACEMENT_3D('',#6225,#5045,#5046);
#4566=AXIS2_PLACEMENT_3D('',#6227,#5048,#5049);
#4567=AXIS2_PLACEMENT_3D('',#6233,#5053,#5054);
#4568=AXIS2_PLACEMENT_3D('',#6255,#5067,#5068);
#4569=AXIS2_PLACEMENT_3D('',#6272,#5077,#5078);
#4570=AXIS2_PLACEMENT_3D('',#6278,#5082,#5083);
#4571=AXIS2_PLACEMENT_3D('',#6282,#5086,#5087);
#4572=AXIS2_PLACEMENT_3D('',#6286,#5090,#5091);
#4573=AXIS2_PLACEMENT_3D('',#6288,#5093,#5094);
#4574=AXIS2_PLACEMENT_3D('',#6289,#5095,#5096);
#4575=AXIS2_PLACEMENT_3D('',#6295,#5100,#5101);
#4576=AXIS2_PLACEMENT_3D('',#6299,#5104,#5105);
#4577=AXIS2_PLACEMENT_3D('',#6305,#5109,#5110);
#4578=AXIS2_PLACEMENT_3D('',#6309,#5113,#5114);
#4579=AXIS2_PLACEMENT_3D('',#6313,#5117,#5118);
#4580=AXIS2_PLACEMENT_3D('',#6317,#5121,#5122);
#4581=AXIS2_PLACEMENT_3D('',#6324,#5127,#5128);
#4582=AXIS2_PLACEMENT_3D('',#6338,#5136,#5137);
#4583=AXIS2_PLACEMENT_3D('',#6342,#5140,#5141);
#4584=AXIS2_PLACEMENT_3D('',#6346,#5144,#5145);
#4585=AXIS2_PLACEMENT_3D('',#6350,#5148,#5149);
#4586=AXIS2_PLACEMENT_3D('',#6352,#5151,#5152);
#4587=AXIS2_PLACEMENT_3D('',#6358,#5156,#5157);
#4588=AXIS2_PLACEMENT_3D('',#6373,#5166,#5167);
#4589=AXIS2_PLACEMENT_3D('',#6383,#5173,#5174);
#4590=AXIS2_PLACEMENT_3D('',#6387,#5177,#5178);
#4591=AXIS2_PLACEMENT_3D('',#6395,#5183,#5184);
#4592=AXIS2_PLACEMENT_3D('',#6428,#5201,#5202);
#4593=AXIS2_PLACEMENT_3D('',#6434,#5206,#5207);
#4594=AXIS2_PLACEMENT_3D('',#6438,#5210,#5211);
#4595=AXIS2_PLACEMENT_3D('',#6444,#5215,#5216);
#4596=AXIS2_PLACEMENT_3D('',#6448,#5219,#5220);
#4597=AXIS2_PLACEMENT_3D('',#6454,#5224,#5225);
#4598=AXIS2_PLACEMENT_3D('',#6458,#5228,#5229);
#4599=AXIS2_PLACEMENT_3D('',#6464,#5233,#5234);
#4600=AXIS2_PLACEMENT_3D('',#6468,#5237,#5238);
#4601=AXIS2_PLACEMENT_3D('',#6473,#5242,#5243);
#4602=AXIS2_PLACEMENT_3D('',#6479,#5247,#5248);
#4603=AXIS2_PLACEMENT_3D('',#6485,#5252,#5253);
#4604=AXIS2_PLACEMENT_3D('',#6487,#5255,#5256);
#4605=AXIS2_PLACEMENT_3D('',#6500,#5263,#5264);
#4606=AXIS2_PLACEMENT_3D('',#6508,#5269,#5270);
#4607=AXIS2_PLACEMENT_3D('',#6510,#5272,#5273);
#4608=AXIS2_PLACEMENT_3D('',#6533,#5286,#5287);
#4609=AXIS2_PLACEMENT_3D('',#6539,#5291,#5292);
#4610=AXIS2_PLACEMENT_3D('',#6543,#5295,#5296);
#4611=AXIS2_PLACEMENT_3D('',#6549,#5300,#5301);
#4612=AXIS2_PLACEMENT_3D('',#6553,#5304,#5305);
#4613=AXIS2_PLACEMENT_3D('',#6561,#5310,#5311);
#4614=AXIS2_PLACEMENT_3D('',#6565,#5314,#5315);
#4615=AXIS2_PLACEMENT_3D('',#6571,#5319,#5320);
#4616=AXIS2_PLACEMENT_3D('',#6576,#5324,#5325);
#4617=AXIS2_PLACEMENT_3D('',#6591,#5333,#5334);
#4618=AXIS2_PLACEMENT_3D('',#6594,#5336,#5337);
#4619=AXIS2_PLACEMENT_3D('',#6595,#5338,#5339);
#4620=AXIS2_PLACEMENT_3D('',#6601,#5343,#5344);
#4621=AXIS2_PLACEMENT_3D('',#6604,#5346,#5347);
#4622=AXIS2_PLACEMENT_3D('',#6605,#5348,#5349);
#4623=AXIS2_PLACEMENT_3D('',#6609,#5352,#5353);
#4624=AXIS2_PLACEMENT_3D('',#6623,#5360,#5361);
#4625=AXIS2_PLACEMENT_3D('',#6624,#5362,#5363);
#4626=AXIS2_PLACEMENT_3D('',#6638,#5372,#5373);
#4627=AXIS2_PLACEMENT_3D('',#6644,#5377,#5378);
#4628=AXIS2_PLACEMENT_3D('',#6653,#5383,#5384);
#4629=AXIS2_PLACEMENT_3D('',#6657,#5387,#5388);
#4630=AXIS2_PLACEMENT_3D('',#6663,#5392,#5393);
#4631=AXIS2_PLACEMENT_3D('',#6671,#5398,#5399);
#4632=AXIS2_PLACEMENT_3D('',#6674,#5402,#5403);
#4633=AXIS2_PLACEMENT_3D('',#6677,#5405,#5406);
#4634=AXIS2_PLACEMENT_3D('',#6678,#5407,#5408);
#4635=AXIS2_PLACEMENT_3D('',#6681,#5411,#5412);
#4636=AXIS2_PLACEMENT_3D('',#6688,#5417,#5418);
#4637=AXIS2_PLACEMENT_3D('',#6689,#5419,#5420);
#4638=AXIS2_PLACEMENT_3D('',#6713,#5435,#5436);
#4639=AXIS2_PLACEMENT_3D('',#6715,#5438,#5439);
#4640=AXIS2_PLACEMENT_3D('',#6723,#5445,#5446);
#4641=AXIS2_PLACEMENT_3D('',#6729,#5450,#5451);
#4642=AXIS2_PLACEMENT_3D('',#6735,#5455,#5456);
#4643=AXIS2_PLACEMENT_3D('',#6742,#5461,#5462);
#4644=AXIS2_PLACEMENT_3D('',#6744,#5464,#5465);
#4645=AXIS2_PLACEMENT_3D('',#6748,#5468,#5469);
#4646=AXIS2_PLACEMENT_3D('',#6751,#5472,#5473);
#4647=AXIS2_PLACEMENT_3D('',#6753,#5475,#5476);
#4648=AXIS2_PLACEMENT_3D('',#6754,#5477,#5478);
#4649=AXIS2_PLACEMENT_3D('',#6759,#5482,#5483);
#4650=AXIS2_PLACEMENT_3D('',#6763,#5486,#5487);
#4651=AXIS2_PLACEMENT_3D('',#6765,#5489,#5490);
#4652=AXIS2_PLACEMENT_3D('',#6766,#5491,#5492);
#4653=AXIS2_PLACEMENT_3D('',#6772,#5496,#5497);
#4654=AXIS2_PLACEMENT_3D('',#6778,#5501,#5502);
#4655=AXIS2_PLACEMENT_3D('',#6780,#5504,#5505);
#4656=AXIS2_PLACEMENT_3D('',#6782,#5507,#5508);
#4657=AXIS2_PLACEMENT_3D('',#6786,#5510,#5511);
#4658=AXIS2_PLACEMENT_3D('',#6788,#5512,#5513);
#4659=AXIS2_PLACEMENT_3D('',#6792,#5516,#5517);
#4660=AXIS2_PLACEMENT_3D('',#6807,#5526,#5527);
#4661=AXIS2_PLACEMENT_3D('',#6809,#5529,#5530);
#4662=AXIS2_PLACEMENT_3D('',#6826,#5539,#5540);
#4663=AXIS2_PLACEMENT_3D('',#6834,#5545,#5546);
#4664=AXIS2_PLACEMENT_3D('',#6840,#5550,#5551);
#4665=AXIS2_PLACEMENT_3D('',#6844,#5554,#5555);
#4666=AXIS2_PLACEMENT_3D('',#6850,#5559,#5560);
#4667=AXIS2_PLACEMENT_3D('',#6854,#5563,#5564);
#4668=AXIS2_PLACEMENT_3D('',#6872,#5574,#5575);
#4669=AXIS2_PLACEMENT_3D('',#6876,#5578,#5579);
#4670=AXIS2_PLACEMENT_3D('',#6879,#5582,#5583);
#4671=AXIS2_PLACEMENT_3D('',#6881,#5585,#5586);
#4672=AXIS2_PLACEMENT_3D('',#6882,#5587,#5588);
#4673=AXIS2_PLACEMENT_3D('',#6888,#5592,#5593);
#4674=AXIS2_PLACEMENT_3D('',#6896,#5598,#5599);
#4675=AXIS2_PLACEMENT_3D('',#6900,#5602,#5603);
#4676=AXIS2_PLACEMENT_3D('',#6906,#5607,#5608);
#4677=AXIS2_PLACEMENT_3D('',#6913,#5613,#5614);
#4678=AXIS2_PLACEMENT_3D('',#6924,#5621,#5622);
#4679=AXIS2_PLACEMENT_3D('',#6928,#5625,#5626);
#4680=AXIS2_PLACEMENT_3D('',#6935,#5631,#5632);
#4681=AXIS2_PLACEMENT_3D('',#6937,#5634,#5635);
#4682=AXIS2_PLACEMENT_3D('',#6938,#5636,#5637);
#4683=AXIS2_PLACEMENT_3D('',#6945,#5642,#5643);
#4684=AXIS2_PLACEMENT_3D('',#6953,#5649,#5650);
#4685=AXIS2_PLACEMENT_3D('',#6958,#5654,#5655);
#4686=AXIS2_PLACEMENT_3D('',#6962,#5658,#5659);
#4687=AXIS2_PLACEMENT_3D('',#6964,#5661,#5662);
#4688=AXIS2_PLACEMENT_3D('',#6968,#5665,#5666);
#4689=AXIS2_PLACEMENT_3D('',#6970,#5668,#5669);
#4690=AXIS2_PLACEMENT_3D('',#6974,#5672,#5673);
#4691=AXIS2_PLACEMENT_3D('',#6975,#5674,#5675);
#4692=AXIS2_PLACEMENT_3D('',#6979,#5678,#5679);
#4693=AXIS2_PLACEMENT_3D('',#7004,#5697,#5698);
#4694=AXIS2_PLACEMENT_3D('',#7005,#5699,#5700);
#4695=AXIS2_PLACEMENT_3D('',#7007,#5702,#5703);
#4696=AXIS2_PLACEMENT_3D('',#7008,#5704,#5705);
#4697=AXIS2_PLACEMENT_3D('',#7010,#5707,#5708);
#4698=AXIS2_PLACEMENT_3D('',#7011,#5709,#5710);
#4699=AXIS2_PLACEMENT_3D('',#7013,#5712,#5713);
#4700=AXIS2_PLACEMENT_3D('',#7014,#5714,#5715);
#4701=AXIS2_PLACEMENT_3D('',#7016,#5717,#5718);
#4702=AXIS2_PLACEMENT_3D('',#7017,#5719,#5720);
#4703=AXIS2_PLACEMENT_3D('',#7018,#5721,#5722);
#4704=AXIS2_PLACEMENT_3D('',#7020,#5724,#5725);
#4705=AXIS2_PLACEMENT_3D('',#7021,#5726,#5727);
#4706=AXIS2_PLACEMENT_3D('',#7023,#5729,#5730);
#4707=AXIS2_PLACEMENT_3D('',#7024,#5731,#5732);
#4708=AXIS2_PLACEMENT_3D('',#7026,#5734,#5735);
#4709=AXIS2_PLACEMENT_3D('',#7027,#5736,#5737);
#4710=AXIS2_PLACEMENT_3D('',#7029,#5739,#5740);
#4711=AXIS2_PLACEMENT_3D('',#7030,#5741,#5742);
#4712=AXIS2_PLACEMENT_3D('',#7032,#5744,#5745);
#4713=AXIS2_PLACEMENT_3D('',#7033,#5746,#5747);
#4714=AXIS2_PLACEMENT_3D('',#7035,#5749,#5750);
#4715=AXIS2_PLACEMENT_3D('',#7036,#5751,#5752);
#4716=AXIS2_PLACEMENT_3D('',#7037,#5753,#5754);
#4717=AXIS2_PLACEMENT_3D('',#7038,#5755,#5756);
#4718=AXIS2_PLACEMENT_3D('',#7042,#5760,#5761);
#4719=AXIS2_PLACEMENT_3D('',#7046,#5764,#5765);
#4720=AXIS2_PLACEMENT_3D('',#7050,#5768,#5769);
#4721=AXIS2_PLACEMENT_3D('',#7052,#5771,#5772);
#4722=AXIS2_PLACEMENT_3D('',#7053,#5773,#5774);
#4723=AXIS2_PLACEMENT_3D('',#7054,#5775,#5776);
#4724=AXIS2_PLACEMENT_3D('',#7055,#5777,#5778);
#4725=AXIS2_PLACEMENT_3D('',#7059,#5781,#5782);
#4726=AXIS2_PLACEMENT_3D('',#7061,#5784,#5785);
#4727=AXIS2_PLACEMENT_3D('',#7065,#5788,#5789);
#4728=AXIS2_PLACEMENT_3D('',#7069,#5792,#5793);
#4729=AXIS2_PLACEMENT_3D('',#7071,#5794,#5795);
#4730=AXIS2_PLACEMENT_3D('',#7073,#5797,#5798);
#4731=AXIS2_PLACEMENT_3D('',#7074,#5799,#5800);
#4732=AXIS2_PLACEMENT_3D('',#7075,#5801,#5802);
#4733=AXIS2_PLACEMENT_3D('',#7076,#5803,#5804);
#4734=AXIS2_PLACEMENT_3D('',#7077,#5805,#5806);
#4735=DIRECTION('axis',(0.,0.,1.));
#4736=DIRECTION('refdir',(1.,0.,0.));
#4737=DIRECTION('axis',(0.,0.,1.));
#4738=DIRECTION('refdir',(1.,0.,0.));
#4739=DIRECTION('center_axis',(-3.37331384199899E-16,1.,-8.75048853609999E-17));
#4740=DIRECTION('ref_axis',(-0.790914923089499,0.,0.611926126615241));
#4741=DIRECTION('center_axis',(0.,-1.,0.));
#4742=DIRECTION('ref_axis',(-0.790914923089499,0.,0.611926126615241));
#4743=DIRECTION('',(3.37331384199899E-16,-1.,8.75048853609999E-17));
#4744=DIRECTION('center_axis',(0.,1.,1.41036668471636E-16));
#4745=DIRECTION('ref_axis',(-0.790914923089499,0.,0.611926126615241));
#4746=DIRECTION('',(-3.37331384199899E-16,1.,-8.75048853609999E-17));
#4747=DIRECTION('center_axis',(0.,1.,1.41036668471636E-16));
#4748=DIRECTION('ref_axis',(0.,-1.41036668471636E-16,1.));
#4749=DIRECTION('',(-4.75760945984791E-32,1.41036668471636E-16,-1.));
#4750=DIRECTION('',(1.,0.,0.));
#4751=DIRECTION('',(-4.75760945984791E-32,1.41036668471636E-16,-1.));
#4752=DIRECTION('',(1.,0.,0.));
#4753=DIRECTION('',(0.,1.41036668471636E-16,-1.));
#4754=DIRECTION('',(1.,0.,0.));
#4755=DIRECTION('',(0.,-1.41036668471636E-16,1.));
#4756=DIRECTION('',(1.,0.,0.));
#4757=DIRECTION('',(1.,0.,0.));
#4758=DIRECTION('',(0.,1.41036668471636E-16,-1.));
#4759=DIRECTION('',(-0.967963010736698,3.54132963798737E-17,-0.25109283113133));
#4760=DIRECTION('center_axis',(-1.,-3.37331384199899E-16,0.));
#4761=DIRECTION('ref_axis',(0.,0.,1.));
#4762=DIRECTION('',(0.,0.,1.));
#4763=DIRECTION('',(0.,0.,-1.));
#4764=DIRECTION('',(3.37331384199899E-16,-1.,0.));
#4765=DIRECTION('center_axis',(1.,0.,0.));
#4766=DIRECTION('ref_axis',(0.,0.,1.));
#4767=DIRECTION('',(0.,-1.,0.));
#4768=DIRECTION('',(0.,-1.,0.));
#4769=DIRECTION('',(0.,0.,1.));
#4770=DIRECTION('',(0.,-1.,0.));
#4771=DIRECTION('center_axis',(0.25109283113133,0.,-0.967963010736698));
#4772=DIRECTION('ref_axis',(0.967963010736698,0.,0.25109283113133));
#4773=DIRECTION('',(0.967963010736698,0.,0.25109283113133));
#4774=DIRECTION('center_axis',(0.,-1.,0.));
#4775=DIRECTION('ref_axis',(1.,0.,0.));
#4776=DIRECTION('',(1.,0.,0.));
#4777=DIRECTION('',(0.,0.,-1.));
#4778=DIRECTION('',(1.,0.,0.));
#4779=DIRECTION('center_axis',(0.,-0.499999999999996,-0.866025403784441));
#4780=DIRECTION('ref_axis',(0.,0.866025403784441,-0.499999999999996));
#4781=DIRECTION('',(0.,0.866025403784441,-0.499999999999996));
#4782=DIRECTION('',(1.,0.,0.));
#4783=DIRECTION('',(1.37354477598827E-15,0.866025403784441,-0.499999999999996));
#4784=DIRECTION('',(1.,0.,0.));
#4785=DIRECTION('center_axis',(0.,-1.,0.));
#4786=DIRECTION('ref_axis',(0.,0.,1.));
#4787=DIRECTION('',(0.,0.,-1.));
#4788=DIRECTION('',(-1.,0.,0.));
#4789=DIRECTION('',(0.,0.,-1.));
#4790=DIRECTION('',(1.,0.,0.));
#4791=DIRECTION('',(0.,0.,1.));
#4792=DIRECTION('',(1.,0.,0.));
#4793=DIRECTION('',(0.,0.,1.));
#4794=DIRECTION('',(-1.,0.,0.));
#4795=DIRECTION('',(-1.,0.,0.));
#4796=DIRECTION('',(0.,0.,-1.));
#4797=DIRECTION('',(1.,0.,0.));
#4798=DIRECTION('',(0.,0.,1.));
#4799=DIRECTION('',(1.,0.,0.));
#4800=DIRECTION('',(0.,0.,1.));
#4801=DIRECTION('',(-1.,0.,0.));
#4802=DIRECTION('',(0.,0.,1.));
#4803=DIRECTION('',(1.,0.,0.));
#4804=DIRECTION('',(0.,0.,1.));
#4805=DIRECTION('center_axis',(-1.,-1.22124532708767E-14,0.));
#4806=DIRECTION('ref_axis',(1.22124532708767E-14,-1.,0.));
#4807=DIRECTION('',(-1.22124532708767E-14,1.,0.));
#4808=DIRECTION('',(0.,0.,1.));
#4809=DIRECTION('',(-1.22124532708767E-14,1.,0.));
#4810=DIRECTION('',(6.04004418403803E-31,-4.94580740664274E-17,-1.));
#4811=DIRECTION('center_axis',(-0.47551703436548,0.879706513576124,0.));
#4812=DIRECTION('ref_axis',(-0.879706513576124,-0.475517034365479,0.));
#4813=DIRECTION('',(0.879706513576124,0.475517034365479,0.));
#4814=DIRECTION('',(0.,0.,1.));
#4815=DIRECTION('',(0.879706513576124,0.475517034365479,0.));
#4816=DIRECTION('center_axis',(-1.,0.,0.));
#4817=DIRECTION('ref_axis',(0.,0.,1.));
#4818=DIRECTION('',(0.,-1.,0.));
#4819=DIRECTION('',(0.,0.,-1.));
#4820=DIRECTION('',(0.,1.,6.13086681759011E-16));
#4821=DIRECTION('center_axis',(0.,1.,0.));
#4822=DIRECTION('ref_axis',(0.,0.,1.));
#4823=DIRECTION('',(0.,0.,1.));
#4824=DIRECTION('',(-1.,0.,0.));
#4825=DIRECTION('',(1.,0.,0.));
#4826=DIRECTION('center_axis',(0.,-6.13086681759011E-16,1.));
#4827=DIRECTION('ref_axis',(0.,-1.,-6.13086681759011E-16));
#4828=DIRECTION('',(0.,1.,6.13086681759011E-16));
#4829=DIRECTION('',(1.,0.,0.));
#4830=DIRECTION('',(1.,0.,0.));
#4831=DIRECTION('',(-0.337670925856707,-0.94126422742558,-5.77076561850808E-16));
#4832=DIRECTION('',(1.,0.,0.));
#4833=DIRECTION('center_axis',(-1.,0.,0.));
#4834=DIRECTION('ref_axis',(0.,0.,1.));
#4835=DIRECTION('',(0.,-1.,0.));
#4836=DIRECTION('',(0.,6.49494312644611E-17,1.));
#4837=DIRECTION('center_axis',(0.,-1.,6.49494312644611E-17));
#4838=DIRECTION('ref_axis',(0.,-6.49494312644611E-17,-1.));
#4839=DIRECTION('',(1.,0.,0.));
#4840=DIRECTION('',(0.,6.49494312644611E-17,1.));
#4841=DIRECTION('center_axis',(-1.,0.,0.));
#4842=DIRECTION('ref_axis',(0.,0.,1.));
#4843=DIRECTION('',(0.,-1.,2.53765262771463E-15));
#4844=DIRECTION('',(0.,-6.49494312644611E-17,-1.));
#4845=DIRECTION('center_axis',(0.,1.,-6.49494312644611E-17));
#4846=DIRECTION('ref_axis',(0.,6.49494312644611E-17,1.));
#4847=DIRECTION('',(1.,0.,0.));
#4848=DIRECTION('',(2.33000829628056E-17,6.49494312644611E-17,1.));
#4849=DIRECTION('center_axis',(-1.,0.,0.));
#4850=DIRECTION('ref_axis',(0.,0.,1.));
#4851=DIRECTION('',(0.,-0.573576436351043,0.819152044288994));
#4852=DIRECTION('',(0.,-6.49494312644611E-17,-1.));
#4853=DIRECTION('',(0.,1.,-3.86164530304402E-15));
#4854=DIRECTION('center_axis',(-1.,0.,0.));
#4855=DIRECTION('ref_axis',(0.,-1.,0.));
#4856=DIRECTION('',(0.,-1.,-1.16865581539491E-15));
#4857=DIRECTION('',(0.,-3.46944695195363E-16,1.));
#4858=DIRECTION('',(0.,1.,0.));
#4859=DIRECTION('',(0.,0.,1.));
#4860=DIRECTION('',(0.,-1.,0.));
#4861=DIRECTION('',(0.,0.,1.));
#4862=DIRECTION('',(0.,-1.,0.));
#4863=DIRECTION('',(0.,0.,-1.));
#4864=DIRECTION('',(0.,-1.,0.));
#4865=DIRECTION('',(0.,-1.19378819852167E-16,-1.));
#4866=DIRECTION('',(0.,1.,0.));
#4867=DIRECTION('',(0.,-1.13869028166683E-16,-1.));
#4868=DIRECTION('center_axis',(1.,0.,0.));
#4869=DIRECTION('ref_axis',(0.,0.,-1.));
#4870=DIRECTION('',(0.,1.,-2.7123675101771E-17));
#4871=DIRECTION('',(0.,0.,-1.));
#4872=DIRECTION('',(0.,0.573576436351045,-0.819152044288993));
#4873=DIRECTION('',(0.,2.33694707285127E-15,-1.));
#4874=DIRECTION('',(0.,-1.,2.53765262771463E-15));
#4875=DIRECTION('',(0.,1.,-3.86164530304402E-15));
#4876=DIRECTION('',(0.,0.,1.));
#4877=DIRECTION('',(0.,-0.573576436351043,0.819152044288994));
#4878=DIRECTION('center_axis',(0.,1.,2.33694707285127E-15));
#4879=DIRECTION('ref_axis',(0.,-2.33694707285127E-15,1.));
#4880=DIRECTION('',(1.,0.,0.));
#4881=DIRECTION('',(-8.38360854237605E-16,-2.33694707285127E-15,1.));
#4882=DIRECTION('',(1.,0.,0.));
#4883=DIRECTION('center_axis',(0.,0.819152044288993,0.573576436351045));
#4884=DIRECTION('ref_axis',(0.,-0.573576436351045,0.819152044288993));
#4885=DIRECTION('',(1.,0.,0.));
#4886=DIRECTION('',(-0.201543499802655,-0.561806398205856,0.802342687772663));
#4887=DIRECTION('center_axis',(0.,1.,0.));
#4888=DIRECTION('ref_axis',(0.,0.,1.));
#4889=DIRECTION('',(1.,0.,0.));
#4890=DIRECTION('',(0.,6.49494312644611E-17,1.));
#4891=DIRECTION('',(1.,0.,0.));
#4892=DIRECTION('',(2.33000829628056E-17,6.49494312644611E-17,1.));
#4893=DIRECTION('center_axis',(-1.,0.,0.));
#4894=DIRECTION('ref_axis',(0.,-1.,0.));
#4895=DIRECTION('',(0.,1.,-2.7123675101771E-17));
#4896=DIRECTION('',(0.,0.325568154457152,0.945518575599319));
#4897=DIRECTION('',(0.,0.,1.));
#4898=DIRECTION('',(0.,-1.,0.));
#4899=DIRECTION('',(0.,0.,1.));
#4900=DIRECTION('',(0.,-1.,0.));
#4901=DIRECTION('',(0.,0.,1.));
#4902=DIRECTION('',(0.,1.,0.));
#4903=DIRECTION('',(0.,0.,1.));
#4904=DIRECTION('',(0.,1.,0.));
#4905=DIRECTION('',(0.,0.,-1.));
#4906=DIRECTION('',(0.,1.,0.));
#4907=DIRECTION('',(0.,0.,1.));
#4908=DIRECTION('',(0.,0.500000000000042,0.866025403784414));
#4909=DIRECTION('',(0.,0.,1.));
#4910=DIRECTION('',(0.,-1.,0.));
#4911=DIRECTION('',(0.,0.,-1.));
#4912=DIRECTION('',(0.,-1.,0.));
#4913=DIRECTION('',(0.,0.,-1.));
#4914=DIRECTION('',(0.,1.,0.));
#4915=DIRECTION('',(0.,0.,-1.));
#4916=DIRECTION('',(0.,-0.325568154457156,-0.945518575599317));
#4917=DIRECTION('',(0.,1.,0.));
#4918=DIRECTION('',(0.,-0.573576436351046,0.819152044288992));
#4919=DIRECTION('',(0.,1.,0.));
#4920=DIRECTION('',(0.,0.573576436351046,-0.819152044288992));
#4921=DIRECTION('center_axis',(1.,0.,0.));
#4922=DIRECTION('ref_axis',(0.,0.,-1.));
#4923=DIRECTION('',(0.,1.,0.));
#4924=DIRECTION('',(0.,0.,-1.));
#4925=DIRECTION('',(0.,-1.,-3.66535908116935E-16));
#4926=DIRECTION('',(0.,0.325568154457152,0.945518575599319));
#4927=DIRECTION('center_axis',(0.,3.66535908116935E-16,-1.));
#4928=DIRECTION('ref_axis',(0.,1.,3.66535908116935E-16));
#4929=DIRECTION('',(1.,0.,0.));
#4930=DIRECTION('',(1.,0.,0.));
#4931=DIRECTION('',(-0.36206896551725,0.932151309718153,3.41666926809933E-16));
#4932=DIRECTION('',(1.,0.,0.));
#4933=DIRECTION('',(0.,-1.,-3.66535908116935E-16));
#4934=DIRECTION('',(1.,0.,0.));
#4935=DIRECTION('',(-0.36206896551725,0.932151309718153,3.41666926809933E-16));
#4936=DIRECTION('',(1.,0.,0.));
#4937=DIRECTION('center_axis',(0.,1.,0.));
#4938=DIRECTION('ref_axis',(0.,0.,1.));
#4939=DIRECTION('',(-1.,0.,0.));
#4940=DIRECTION('',(0.,0.,-1.));
#4941=DIRECTION('center_axis',(-1.,0.,0.));
#4942=DIRECTION('ref_axis',(0.,0.,1.));
#4943=DIRECTION('',(0.,-0.342020143325671,-0.939692620785908));
#4944=DIRECTION('',(0.,0.,-1.));
#4945=DIRECTION('',(0.,1.,0.));
#4946=DIRECTION('',(0.,0.,1.));
#4947=DIRECTION('',(0.,0.342020143325668,0.939692620785909));
#4948=DIRECTION('',(0.,3.35046850543403E-16,1.));
#4949=DIRECTION('',(0.,-3.35675515294133E-16,-1.));
#4950=DIRECTION('center_axis',(0.,-1.,3.35046850543403E-16));
#4951=DIRECTION('ref_axis',(0.,-3.35046850543403E-16,-1.));
#4952=DIRECTION('',(1.,0.,0.));
#4953=DIRECTION('',(1.301398874961E-16,-3.35046850543403E-16,-1.));
#4954=DIRECTION('center_axis',(0.,-0.939692620785909,0.342020143325668));
#4955=DIRECTION('ref_axis',(0.,-0.342020143325668,-0.939692620785909));
#4956=DIRECTION('',(1.,0.,0.));
#4957=DIRECTION('',(0.131691464383635,-0.33904140562983,-0.931508606228114));
#4958=DIRECTION('center_axis',(0.,-1.,0.));
#4959=DIRECTION('ref_axis',(0.,0.,1.));
#4960=DIRECTION('',(-1.,0.,0.));
#4961=DIRECTION('',(0.,0.,1.));
#4962=DIRECTION('',(-1.,0.,0.));
#4963=DIRECTION('',(8.25332262368609E-17,-2.12482875526346E-16,-1.));
#4964=DIRECTION('center_axis',(-1.,-3.37331384199899E-16,0.));
#4965=DIRECTION('ref_axis',(0.,0.,1.));
#4966=DIRECTION('',(-3.37331384199899E-16,1.,0.));
#4967=DIRECTION('',(0.,0.,1.));
#4968=DIRECTION('',(-3.37331384199899E-16,1.,0.));
#4969=DIRECTION('center_axis',(0.,-1.,0.));
#4970=DIRECTION('ref_axis',(1.,0.,0.));
#4971=DIRECTION('',(1.,0.,0.));
#4972=DIRECTION('',(0.,0.,-1.));
#4973=DIRECTION('center_axis',(0.,1.,0.));
#4974=DIRECTION('ref_axis',(0.,0.,1.));
#4975=DIRECTION('',(1.,0.,0.));
#4976=DIRECTION('',(0.,0.,-1.));
#4977=DIRECTION('',(1.,0.,0.));
#4978=DIRECTION('center_axis',(-0.70710678118655,0.707106781186545,0.));
#4979=DIRECTION('ref_axis',(0.688247201611681,0.688247201611686,-0.229415733870573));
#4980=DIRECTION('',(0.688247201611681,0.688247201611686,-0.229415733870573));
#4981=DIRECTION('',(0.,0.,-1.));
#4982=DIRECTION('',(0.688247201611681,0.688247201611686,-0.229415733870573));
#4983=DIRECTION('',(0.,0.,-1.));
#4984=DIRECTION('center_axis',(-1.,0.,0.));
#4985=DIRECTION('ref_axis',(0.,0.,1.));
#4986=DIRECTION('',(1.1686558153949E-15,1.,0.));
#4987=DIRECTION('',(0.,-0.948683298050513,0.316227766016841));
#4988=DIRECTION('',(0.,0.,-1.));
#4989=DIRECTION('center_axis',(0.,1.,0.));
#4990=DIRECTION('ref_axis',(0.,0.,-1.));
#4991=DIRECTION('',(0.,0.,1.));
#4992=DIRECTION('',(-1.,0.,0.));
#4993=DIRECTION('',(-1.,0.,0.));
#4994=DIRECTION('center_axis',(0.,0.316227766016851,0.948683298050509));
#4995=DIRECTION('ref_axis',(0.,0.948683298050509,-0.316227766016851));
#4996=DIRECTION('',(-1.10868425323474E-15,-0.948683298050509,0.316227766016851));
#4997=DIRECTION('',(-1.,0.,0.));
#4998=DIRECTION('center_axis',(0.,-0.316227766016841,-0.948683298050513));
#4999=DIRECTION('ref_axis',(0.,-0.948683298050513,0.316227766016841));
#5000=DIRECTION('',(1.,0.,0.));
#5001=DIRECTION('center_axis',(1.,-1.1686558153949E-15,0.));
#5002=DIRECTION('ref_axis',(-1.1686558153949E-15,-1.,0.));
#5003=DIRECTION('',(-1.1686558153949E-15,-1.,0.));
#5004=DIRECTION('',(0.,0.,-1.));
#5005=DIRECTION('',(1.1686558153949E-15,1.,0.));
#5006=DIRECTION('center_axis',(1.,3.37331384199899E-16,0.));
#5007=DIRECTION('ref_axis',(3.37331384199899E-16,-1.,0.));
#5008=DIRECTION('',(-3.37331384199899E-16,1.,0.));
#5009=DIRECTION('',(3.37331384199899E-16,-1.,0.));
#5010=DIRECTION('center_axis',(0.,0.,-1.));
#5011=DIRECTION('ref_axis',(0.,-1.,0.));
#5012=DIRECTION('center_axis',(0.,0.,1.));
#5013=DIRECTION('ref_axis',(0.,-1.,0.));
#5014=DIRECTION('center_axis',(0.,0.,-1.));
#5015=DIRECTION('ref_axis',(0.,-1.,0.));
#5016=DIRECTION('',(0.,0.,-1.));
#5017=DIRECTION('center_axis',(1.,0.,0.));
#5018=DIRECTION('ref_axis',(0.,-1.,0.));
#5019=DIRECTION('',(0.,1.,0.));
#5020=DIRECTION('',(0.,-1.,0.));
#5021=DIRECTION('',(0.,0.,-1.));
#5022=DIRECTION('center_axis',(0.,1.,0.));
#5023=DIRECTION('ref_axis',(1.,0.,0.));
#5024=DIRECTION('',(-1.,0.,0.));
#5025=DIRECTION('',(1.,0.,0.));
#5026=DIRECTION('',(0.,0.,-1.));
#5027=DIRECTION('center_axis',(1.,0.,0.));
#5028=DIRECTION('ref_axis',(0.,-1.,0.));
#5029=DIRECTION('',(0.,1.,0.));
#5030=DIRECTION('',(0.,-1.,0.));
#5031=DIRECTION('',(0.,0.,-1.));
#5032=DIRECTION('center_axis',(0.,1.,0.));
#5033=DIRECTION('ref_axis',(1.,0.,0.));
#5034=DIRECTION('',(-1.,0.,0.));
#5035=DIRECTION('',(1.,0.,0.));
#5036=DIRECTION('center_axis',(0.,0.,1.));
#5037=DIRECTION('ref_axis',(0.,-1.,0.));
#5038=DIRECTION('',(-1.,0.,0.));
#5039=DIRECTION('',(0.,1.,4.54416865893088E-14));
#5040=DIRECTION('',(1.,0.,0.));
#5041=DIRECTION('',(-1.,2.73285667600039E-15,0.));
#5042=DIRECTION('',(-0.36206896551725,0.932151309718153,0.));
#5043=DIRECTION('',(1.,0.,0.));
#5044=DIRECTION('',(0.36206896551725,-0.932151309718153,0.));
#5045=DIRECTION('center_axis',(0.,-2.53765262771463E-15,-1.));
#5046=DIRECTION('ref_axis',(0.,1.,-2.53765262771463E-15));
#5047=DIRECTION('',(0.337670925856707,0.94126422742558,-2.38860164010031E-15));
#5048=DIRECTION('center_axis',(0.,-0.819152044288992,-0.573576436351046));
#5049=DIRECTION('ref_axis',(0.,0.573576436351046,-0.819152044288992));
#5050=DIRECTION('',(0.,-0.573576436351046,0.819152044288992));
#5051=DIRECTION('',(1.,0.,0.));
#5052=DIRECTION('',(0.201543499802655,0.561806398205857,-0.802342687772662));
#5053=DIRECTION('center_axis',(0.,-1.,4.94580740664274E-17));
#5054=DIRECTION('ref_axis',(0.,-4.94580740664274E-17,-1.));
#5055=DIRECTION('',(-1.7742683907979E-17,-4.94580740664274E-17,-1.));
#5056=DIRECTION('',(0.,4.94580740664274E-17,1.));
#5057=DIRECTION('',(1.,0.,0.));
#5058=DIRECTION('',(1.,0.,0.));
#5059=DIRECTION('',(0.,0.,1.));
#5060=DIRECTION('',(1.,0.,0.));
#5061=DIRECTION('',(-4.08495925449235E-17,-1.13869028166683E-16,-1.));
#5062=DIRECTION('',(1.,0.,0.));
#5063=DIRECTION('',(0.,0.,-1.));
#5064=DIRECTION('',(-1.,0.,0.));
#5065=DIRECTION('',(-4.08495925449235E-17,-1.13869028166683E-16,-1.));
#5066=DIRECTION('',(1.,0.,0.));
#5067=DIRECTION('center_axis',(0.94126422742558,-0.337670925856707,0.));
#5068=DIRECTION('ref_axis',(0.,0.,-1.));
#5069=DIRECTION('',(0.,0.,1.));
#5070=DIRECTION('',(-0.337670925856707,-0.94126422742558,0.));
#5071=DIRECTION('',(0.,0.,-1.));
#5072=DIRECTION('',(0.337670925856707,0.94126422742558,0.));
#5073=DIRECTION('',(0.,0.,1.));
#5074=DIRECTION('',(-0.337670925856707,-0.94126422742558,0.));
#5075=DIRECTION('',(0.,0.,-1.));
#5076=DIRECTION('',(0.337670925856707,0.94126422742558,0.));
#5077=DIRECTION('center_axis',(0.,-1.,0.));
#5078=DIRECTION('ref_axis',(0.,0.,-1.));
#5079=DIRECTION('',(1.,0.,0.));
#5080=DIRECTION('',(0.,0.,-1.));
#5081=DIRECTION('',(1.,0.,0.));
#5082=DIRECTION('center_axis',(0.,3.86164530304402E-15,1.));
#5083=DIRECTION('ref_axis',(0.,-1.,3.86164530304402E-15));
#5084=DIRECTION('',(1.,0.,0.));
#5085=DIRECTION('',(-0.337670925856707,-0.94126422742558,3.63482858276135E-15));
#5086=DIRECTION('center_axis',(0.,1.,-6.49494312644611E-17));
#5087=DIRECTION('ref_axis',(0.,6.49494312644611E-17,1.));
#5088=DIRECTION('',(1.,0.,0.));
#5089=DIRECTION('',(2.33000829628056E-17,6.49494312644611E-17,1.));
#5090=DIRECTION('center_axis',(0.,-0.819152044288994,-0.573576436351043));
#5091=DIRECTION('ref_axis',(0.,0.573576436351043,-0.819152044288994));
#5092=DIRECTION('',(0.201543499802654,0.561806398205855,-0.802342687772664));
#5093=DIRECTION('center_axis',(0.94126422742558,-0.337670925856707,0.));
#5094=DIRECTION('ref_axis',(0.,0.,-1.));
#5095=DIRECTION('center_axis',(0.,0.,1.));
#5096=DIRECTION('ref_axis',(0.337670925856705,0.941264227425581,0.));
#5097=DIRECTION('',(-1.,0.,0.));
#5098=DIRECTION('',(0.337670925856707,0.94126422742558,0.));
#5099=DIRECTION('',(-1.,0.,0.));
#5100=DIRECTION('center_axis',(0.,1.,0.));
#5101=DIRECTION('ref_axis',(0.,0.,-1.));
#5102=DIRECTION('',(-1.,0.,0.));
#5103=DIRECTION('',(0.,0.,-1.));
#5104=DIRECTION('center_axis',(0.,0.,1.));
#5105=DIRECTION('ref_axis',(0.337670925856705,0.941264227425581,0.));
#5106=DIRECTION('',(-1.,0.,0.));
#5107=DIRECTION('',(0.337670925856707,0.94126422742558,0.));
#5108=DIRECTION('',(-1.,0.,0.));
#5109=DIRECTION('center_axis',(0.,1.,0.));
#5110=DIRECTION('ref_axis',(0.,0.,-1.));
#5111=DIRECTION('',(-1.,0.,0.));
#5112=DIRECTION('',(0.,0.,-1.));
#5113=DIRECTION('center_axis',(1.,0.,0.));
#5114=DIRECTION('ref_axis',(0.,0.,-1.));
#5115=DIRECTION('',(0.,1.,-2.7123675101771E-17));
#5116=DIRECTION('',(0.,-0.573576436351046,0.819152044288992));
#5117=DIRECTION('center_axis',(0.,-0.819152044288992,-0.573576436351046));
#5118=DIRECTION('ref_axis',(0.,0.573576436351046,-0.819152044288992));
#5119=DIRECTION('',(0.,0.573576436351046,-0.819152044288992));
#5120=DIRECTION('',(1.,0.,0.));
#5121=DIRECTION('center_axis',(1.,0.,0.));
#5122=DIRECTION('ref_axis',(0.,0.,-1.));
#5123=DIRECTION('',(0.,0.,1.));
#5124=DIRECTION('',(0.,1.,-2.7123675101771E-17));
#5125=DIRECTION('',(0.,-1.,-5.33602990557807E-16));
#5126=DIRECTION('',(0.,-1.,0.));
#5127=DIRECTION('center_axis',(0.,-1.,0.));
#5128=DIRECTION('ref_axis',(1.,0.,0.));
#5129=DIRECTION('',(1.,0.,0.));
#5130=DIRECTION('',(1.,0.,0.));
#5131=DIRECTION('',(0.,0.,-1.));
#5132=DIRECTION('',(1.,0.,0.));
#5133=DIRECTION('',(0.,0.,-1.));
#5134=DIRECTION('',(1.,0.,0.));
#5135=DIRECTION('',(0.,0.,1.));
#5136=DIRECTION('center_axis',(0.,0.,1.));
#5137=DIRECTION('ref_axis',(1.,0.,0.));
#5138=DIRECTION('',(1.,0.,0.));
#5139=DIRECTION('',(0.36206896551725,-0.932151309718153,-4.51461335682262E-17));
#5140=DIRECTION('center_axis',(0.,1.,0.));
#5141=DIRECTION('ref_axis',(0.,0.,1.));
#5142=DIRECTION('',(1.,0.,0.));
#5143=DIRECTION('',(0.,0.,1.));
#5144=DIRECTION('center_axis',(0.,0.939692620785908,-0.342020143325671));
#5145=DIRECTION('ref_axis',(0.,0.342020143325671,0.939692620785908));
#5146=DIRECTION('',(1.,0.,0.));
#5147=DIRECTION('',(-0.131691464383636,0.339041405629832,0.931508606228113));
#5148=DIRECTION('center_axis',(0.,1.,-3.35675515294133E-16));
#5149=DIRECTION('ref_axis',(0.,3.35675515294133E-16,1.));
#5150=DIRECTION('',(-1.30384075315803E-16,3.35675515294133E-16,1.));
#5151=DIRECTION('center_axis',(0.,0.,1.));
#5152=DIRECTION('ref_axis',(0.,-1.,0.));
#5153=DIRECTION('',(0.36206896551725,-0.932151309718153,0.));
#5154=DIRECTION('',(1.,0.,0.));
#5155=DIRECTION('',(1.,0.,0.));
#5156=DIRECTION('center_axis',(0.932151309718153,0.36206896551725,0.));
#5157=DIRECTION('ref_axis',(0.,0.,-1.));
#5158=DIRECTION('',(0.,0.,1.));
#5159=DIRECTION('',(1.27507035966133E-16,-3.28268539680868E-16,1.));
#5160=DIRECTION('',(-0.36206896551725,0.932151309718153,0.));
#5161=DIRECTION('',(0.,0.,1.));
#5162=DIRECTION('',(0.36206896551725,-0.932151309718153,0.));
#5163=DIRECTION('',(1.27507035966133E-16,-3.28268539680868E-16,1.));
#5164=DIRECTION('',(-0.125458974340198,0.322995778111062,0.938047852233528));
#5165=DIRECTION('',(0.36206896551725,-0.932151309718153,-6.13271612731017E-15));
#5166=DIRECTION('center_axis',(0.,0.,-1.));
#5167=DIRECTION('ref_axis',(0.,-1.,0.));
#5168=DIRECTION('',(1.,0.,0.));
#5169=DIRECTION('',(-1.,0.,0.));
#5170=DIRECTION('',(0.36206896551725,-0.932151309718153,0.));
#5171=DIRECTION('',(1.,-2.73285667600039E-15,0.));
#5172=DIRECTION('',(0.,-1.,0.));
#5173=DIRECTION('center_axis',(0.,-1.,0.));
#5174=DIRECTION('ref_axis',(0.,0.,1.));
#5175=DIRECTION('',(-1.,0.,0.));
#5176=DIRECTION('',(0.,0.,1.));
#5177=DIRECTION('center_axis',(0.,0.,1.));
#5178=DIRECTION('ref_axis',(0.,1.,0.));
#5179=DIRECTION('',(-1.,0.,0.));
#5180=DIRECTION('',(0.,1.,0.));
#5181=DIRECTION('',(-1.,2.73285667600039E-15,0.));
#5182=DIRECTION('',(-0.36206896551725,0.932151309718153,0.));
#5183=DIRECTION('center_axis',(0.932151309718153,0.36206896551725,0.));
#5184=DIRECTION('ref_axis',(0.,0.,-1.));
#5185=DIRECTION('',(0.,0.,1.));
#5186=DIRECTION('',(0.36206896551725,-0.932151309718153,0.));
#5187=DIRECTION('',(0.,0.,-1.));
#5188=DIRECTION('',(-0.36206896551725,0.932151309718153,0.));
#5189=DIRECTION('',(-2.24882406724175E-16,5.78962711319491E-16,1.));
#5190=DIRECTION('',(0.36206896551725,-0.932151309718153,0.));
#5191=DIRECTION('',(4.4976481344835E-16,-1.15792542263898E-15,-1.));
#5192=DIRECTION('',(-0.36206896551725,0.932151309718153,9.39871343598016E-16));
#5193=DIRECTION('',(-6.43163683231143E-16,1.65583335437375E-15,1.));
#5194=DIRECTION('',(0.36206896551725,-0.932151309718153,-9.39871343598015E-16));
#5195=DIRECTION('',(6.4316368323114E-16,-1.65583335437374E-15,-1.));
#5196=DIRECTION('',(-0.36206896551725,0.932151309718153,4.69935671799008E-15));
#5197=DIRECTION('',(0.,0.,1.));
#5198=DIRECTION('',(0.36206896551725,-0.932151309718153,0.));
#5199=DIRECTION('',(0.,0.,-1.));
#5200=DIRECTION('',(-0.36206896551725,0.932151309718153,0.));
#5201=DIRECTION('center_axis',(0.,0.,1.));
#5202=DIRECTION('ref_axis',(-0.362068965517249,0.932151309718154,0.));
#5203=DIRECTION('',(-1.,0.,0.));
#5204=DIRECTION('',(-0.36206896551725,0.932151309718153,0.));
#5205=DIRECTION('',(-1.,0.,0.));
#5206=DIRECTION('center_axis',(0.,1.,0.));
#5207=DIRECTION('ref_axis',(0.,0.,-1.));
#5208=DIRECTION('',(-1.,0.,0.));
#5209=DIRECTION('',(0.,0.,-1.));
#5210=DIRECTION('center_axis',(0.,-5.04140976791738E-15,1.));
#5211=DIRECTION('ref_axis',(-0.362068965517249,0.932151309718154,4.69935671799008E-15));
#5212=DIRECTION('',(-1.,0.,0.));
#5213=DIRECTION('',(-0.36206896551725,0.932151309718153,4.69935671799008E-15));
#5214=DIRECTION('',(-1.,0.,0.));
#5215=DIRECTION('center_axis',(0.,1.,-1.65583335437374E-15));
#5216=DIRECTION('ref_axis',(6.43163683231138E-16,-1.65583335437374E-15,
-1.));
#5217=DIRECTION('',(-1.,0.,0.));
#5218=DIRECTION('',(6.4316368323114E-16,-1.65583335437374E-15,-1.));
#5219=DIRECTION('center_axis',(0.,-1.00828195358348E-15,1.));
#5220=DIRECTION('ref_axis',(-0.362068965517249,0.932151309718154,9.39871343598016E-16));
#5221=DIRECTION('',(-1.,0.,0.));
#5222=DIRECTION('',(-0.36206896551725,0.932151309718153,9.39871343598016E-16));
#5223=DIRECTION('',(-1.,0.,0.));
#5224=DIRECTION('center_axis',(0.,1.,-1.15792542263898E-15));
#5225=DIRECTION('ref_axis',(4.49764813448348E-16,-1.15792542263898E-15,
-1.));
#5226=DIRECTION('',(-1.,0.,0.));
#5227=DIRECTION('',(4.4976481344835E-16,-1.15792542263898E-15,-1.));
#5228=DIRECTION('center_axis',(0.,0.,1.));
#5229=DIRECTION('ref_axis',(-0.362068965517249,0.932151309718154,0.));
#5230=DIRECTION('',(-1.,0.,0.));
#5231=DIRECTION('',(-0.36206896551725,0.932151309718153,0.));
#5232=DIRECTION('',(-1.,0.,0.));
#5233=DIRECTION('center_axis',(0.,1.,0.));
#5234=DIRECTION('ref_axis',(0.,0.,-1.));
#5235=DIRECTION('',(-1.,0.,0.));
#5236=DIRECTION('',(0.,0.,-1.));
#5237=DIRECTION('center_axis',(0.,0.945518575599318,-0.325568154457152));
#5238=DIRECTION('ref_axis',(0.,0.325568154457152,0.945518575599319));
#5239=DIRECTION('',(-0.125458974340198,0.322995778111062,0.938047852233528));
#5240=DIRECTION('',(1.,0.,0.));
#5241=DIRECTION('',(1.,0.,0.));
#5242=DIRECTION('center_axis',(0.932151309718153,0.36206896551725,0.));
#5243=DIRECTION('ref_axis',(0.,0.,-1.));
#5244=DIRECTION('',(0.,0.,-1.));
#5245=DIRECTION('',(-0.36206896551725,0.932151309718153,0.));
#5246=DIRECTION('',(-0.36206896551725,0.932151309718153,-2.52833692704855E-17));
#5247=DIRECTION('center_axis',(-1.,-5.8432790769745E-17,0.));
#5248=DIRECTION('ref_axis',(5.8432790769745E-17,-1.,0.));
#5249=DIRECTION('',(5.8432790769745E-17,-1.,2.7123675101771E-17));
#5250=DIRECTION('',(5.8432790769745E-17,-1.,0.));
#5251=DIRECTION('',(0.,0.,1.));
#5252=DIRECTION('center_axis',(0.,0.,1.));
#5253=DIRECTION('ref_axis',(1.,0.,0.));
#5254=DIRECTION('',(0.866025403784439,-0.499999999999999,0.));
#5255=DIRECTION('center_axis',(0.,-1.,0.));
#5256=DIRECTION('ref_axis',(0.,0.,1.));
#5257=DIRECTION('',(1.,0.,0.));
#5258=DIRECTION('',(0.,0.,1.));
#5259=DIRECTION('',(-1.,0.,0.));
#5260=DIRECTION('',(0.,0.,1.));
#5261=DIRECTION('',(-1.,0.,0.));
#5262=DIRECTION('',(0.,0.,1.));
#5263=DIRECTION('center_axis',(0.,1.,0.));
#5264=DIRECTION('ref_axis',(0.,0.,1.));
#5265=DIRECTION('',(0.,0.,-1.));
#5266=DIRECTION('',(1.,0.,0.));
#5267=DIRECTION('',(0.,0.,1.));
#5268=DIRECTION('',(1.,0.,0.));
#5269=DIRECTION('center_axis',(0.,0.,-1.));
#5270=DIRECTION('ref_axis',(0.,1.,0.));
#5271=DIRECTION('',(0.337670925856707,0.94126422742558,0.));
#5272=DIRECTION('center_axis',(0.94126422742558,-0.337670925856707,0.));
#5273=DIRECTION('ref_axis',(0.,0.,-1.));
#5274=DIRECTION('',(-0.337670925856707,-0.94126422742558,0.));
#5275=DIRECTION('',(0.,0.,-1.));
#5276=DIRECTION('',(0.337670925856707,0.94126422742558,0.));
#5277=DIRECTION('',(-0.337670925856707,-0.94126422742558,0.));
#5278=DIRECTION('',(0.,0.,1.));
#5279=DIRECTION('',(-0.337670925856707,-0.94126422742558,0.));
#5280=DIRECTION('',(0.,0.,-1.));
#5281=DIRECTION('',(0.337670925856707,0.94126422742558,0.));
#5282=DIRECTION('',(0.,0.,1.));
#5283=DIRECTION('',(-0.337670925856707,-0.94126422742558,0.));
#5284=DIRECTION('',(0.,0.,-1.));
#5285=DIRECTION('',(0.337670925856707,0.94126422742558,0.));
#5286=DIRECTION('center_axis',(0.,0.,1.));
#5287=DIRECTION('ref_axis',(0.337670925856705,0.941264227425581,0.));
#5288=DIRECTION('',(-1.,0.,0.));
#5289=DIRECTION('',(0.337670925856707,0.94126422742558,0.));
#5290=DIRECTION('',(-1.,0.,0.));
#5291=DIRECTION('center_axis',(0.,1.,0.));
#5292=DIRECTION('ref_axis',(0.,0.,-1.));
#5293=DIRECTION('',(-1.,0.,0.));
#5294=DIRECTION('',(0.,0.,-1.));
#5295=DIRECTION('center_axis',(0.,0.,1.));
#5296=DIRECTION('ref_axis',(0.337670925856705,0.941264227425581,0.));
#5297=DIRECTION('',(-1.,0.,0.));
#5298=DIRECTION('',(0.337670925856707,0.94126422742558,0.));
#5299=DIRECTION('',(-1.,0.,0.));
#5300=DIRECTION('center_axis',(0.,1.,0.));
#5301=DIRECTION('ref_axis',(0.,0.,-1.));
#5302=DIRECTION('',(-1.,0.,0.));
#5303=DIRECTION('',(0.,0.,-1.));
#5304=DIRECTION('center_axis',(0.,0.,1.));
#5305=DIRECTION('ref_axis',(0.,1.,0.));
#5306=DIRECTION('',(-1.,0.,0.));
#5307=DIRECTION('',(0.337670925856707,0.94126422742558,0.));
#5308=DIRECTION('',(1.,8.88178419700125E-16,0.));
#5309=DIRECTION('',(0.,1.,0.));
#5310=DIRECTION('center_axis',(0.,1.,0.));
#5311=DIRECTION('ref_axis',(0.,0.,-1.));
#5312=DIRECTION('',(-1.,0.,0.));
#5313=DIRECTION('',(0.,0.,-1.));
#5314=DIRECTION('center_axis',(0.,0.,-1.));
#5315=DIRECTION('ref_axis',(0.,-1.,0.));
#5316=DIRECTION('',(0.,-1.,0.));
#5317=DIRECTION('',(-1.,-8.88178419700125E-16,0.));
#5318=DIRECTION('',(-0.337670925856707,-0.94126422742558,0.));
#5319=DIRECTION('center_axis',(0.,0.,1.));
#5320=DIRECTION('ref_axis',(1.,0.,0.));
#5321=DIRECTION('',(0.,-1.,0.));
#5322=DIRECTION('',(0.866025403784439,-0.499999999999999,0.));
#5323=DIRECTION('',(0.,1.,0.));
#5324=DIRECTION('center_axis',(1.,0.,0.));
#5325=DIRECTION('ref_axis',(0.,1.,0.));
#5326=DIRECTION('',(0.,1.,0.));
#5327=DIRECTION('',(0.,1.91693184107941E-15,-1.));
#5328=DIRECTION('',(0.,1.,-1.53159870453948E-15));
#5329=DIRECTION('',(0.,1.,0.));
#5330=DIRECTION('',(0.,0.,-1.));
#5331=DIRECTION('',(0.,1.,-1.53159870453948E-15));
#5332=DIRECTION('',(0.,0.,1.));
#5333=DIRECTION('center_axis',(-1.,0.,0.));
#5334=DIRECTION('ref_axis',(0.,-1.,0.));
#5335=DIRECTION('',(0.,0.,-1.));
#5336=DIRECTION('center_axis',(-1.,0.,0.));
#5337=DIRECTION('ref_axis',(0.,1.,0.));
#5338=DIRECTION('center_axis',(0.,-1.,0.));
#5339=DIRECTION('ref_axis',(0.,0.,1.));
#5340=DIRECTION('',(-1.,0.,0.));
#5341=DIRECTION('',(0.,0.,1.));
#5342=DIRECTION('',(-1.,0.,0.));
#5343=DIRECTION('center_axis',(-1.,0.,0.));
#5344=DIRECTION('ref_axis',(0.,1.,0.));
#5345=DIRECTION('',(-1.,0.,0.));
#5346=DIRECTION('center_axis',(-1.,0.,0.));
#5347=DIRECTION('ref_axis',(0.,1.,0.));
#5348=DIRECTION('center_axis',(0.,1.,0.));
#5349=DIRECTION('ref_axis',(0.,0.,-1.));
#5350=DIRECTION('',(-1.,0.,0.));
#5351=DIRECTION('',(0.,0.,-1.));
#5352=DIRECTION('center_axis',(-1.,0.,0.));
#5353=DIRECTION('ref_axis',(0.,0.,1.));
#5354=DIRECTION('',(0.,-1.,0.));
#5355=DIRECTION('',(0.,0.573576436351046,-0.819152044288992));
#5356=DIRECTION('',(0.,0.,-1.));
#5357=DIRECTION('',(0.,1.,0.));
#5358=DIRECTION('',(0.,0.,1.));
#5359=DIRECTION('',(0.,-0.573576436351046,0.819152044288992));
#5360=DIRECTION('center_axis',(1.,0.,0.));
#5361=DIRECTION('ref_axis',(0.,0.,-1.));
#5362=DIRECTION('center_axis',(0.,0.,1.));
#5363=DIRECTION('ref_axis',(1.,0.,0.));
#5364=DIRECTION('',(-1.,0.,0.));
#5365=DIRECTION('',(-1.,0.,0.));
#5366=DIRECTION('',(1.,0.,0.));
#5367=DIRECTION('',(-0.36206896551725,0.932151309718153,0.));
#5368=DIRECTION('',(-1.,0.,0.));
#5369=DIRECTION('',(0.,-1.,0.));
#5370=DIRECTION('',(-1.,0.,0.));
#5371=DIRECTION('',(0.,-1.,0.));
#5372=DIRECTION('center_axis',(-2.58161256494342E-16,0.,-1.));
#5373=DIRECTION('ref_axis',(-1.,3.68692483880434E-16,2.58161256494342E-16));
#5374=DIRECTION('',(-1.,-1.80766457871029E-16,2.58161256494342E-16));
#5375=DIRECTION('',(0.,1.,0.));
#5376=DIRECTION('',(1.,1.80766457871029E-16,-2.58161256494342E-16));
#5377=DIRECTION('center_axis',(0.,0.,1.));
#5378=DIRECTION('ref_axis',(1.,0.,0.));
#5379=DIRECTION('',(1.,0.,0.));
#5380=DIRECTION('',(0.,-1.,0.));
#5381=DIRECTION('',(-1.,0.,0.));
#5382=DIRECTION('',(0.,1.,0.));
#5383=DIRECTION('center_axis',(0.,-0.819152044288992,-0.573576436351046));
#5384=DIRECTION('ref_axis',(0.,0.573576436351046,-0.819152044288992));
#5385=DIRECTION('',(0.,0.573576436351046,-0.819152044288992));
#5386=DIRECTION('',(1.,0.,0.));
#5387=DIRECTION('center_axis',(0.,-0.819152044288992,-0.573576436351046));
#5388=DIRECTION('ref_axis',(0.,0.573576436351046,-0.819152044288992));
#5389=DIRECTION('',(0.,0.573576436351046,-0.819152044288992));
#5390=DIRECTION('',(1.,0.,0.));
#5391=DIRECTION('',(0.,0.573576436351046,-0.819152044288992));
#5392=DIRECTION('center_axis',(-1.,0.,0.));
#5393=DIRECTION('ref_axis',(0.,-1.,0.));
#5394=DIRECTION('',(0.,-0.573576436351046,0.819152044288992));
#5395=DIRECTION('',(0.,0.,1.));
#5396=DIRECTION('',(0.,1.,0.));
#5397=DIRECTION('',(0.,2.21866611755007E-17,-1.));
#5398=DIRECTION('center_axis',(0.,0.819152044288992,0.573576436351046));
#5399=DIRECTION('ref_axis',(0.,-0.573576436351046,0.819152044288992));
#5400=DIRECTION('',(1.,0.,0.));
#5401=DIRECTION('',(0.,0.573576436351046,-0.819152044288992));
#5402=DIRECTION('center_axis',(-1.,0.,0.));
#5403=DIRECTION('ref_axis',(0.,0.,-1.));
#5404=DIRECTION('',(-1.,0.,0.));
#5405=DIRECTION('center_axis',(1.,0.,0.));
#5406=DIRECTION('ref_axis',(0.,0.,-1.));
#5407=DIRECTION('center_axis',(-1.,0.,0.));
#5408=DIRECTION('ref_axis',(0.,0.,1.));
#5409=DIRECTION('',(0.,0.,1.));
#5410=DIRECTION('',(0.,0.,-1.));
#5411=DIRECTION('center_axis',(2.73285667600039E-15,1.,0.));
#5412=DIRECTION('ref_axis',(1.,-2.73285667600039E-15,0.));
#5413=DIRECTION('',(0.,0.,-1.));
#5414=DIRECTION('',(-1.,2.73285667600039E-15,7.93679208556933E-15));
#5415=DIRECTION('',(1.,-2.73285667600039E-15,0.));
#5416=DIRECTION('',(0.,0.,-1.));
#5417=DIRECTION('center_axis',(0.,1.,0.));
#5418=DIRECTION('ref_axis',(0.,0.,-1.));
#5419=DIRECTION('center_axis',(0.94126422742558,-0.337670925856707,0.));
#5420=DIRECTION('ref_axis',(-0.337670925856707,-0.94126422742558,0.));
#5421=DIRECTION('',(0.,0.,-1.));
#5422=DIRECTION('',(0.201543499802655,0.561806398205857,-0.802342687772662));
#5423=DIRECTION('',(0.337670925856707,0.94126422742558,-1.44163907135437E-15));
#5424=DIRECTION('',(0.,0.,1.));
#5425=DIRECTION('',(-0.337670925856707,-0.94126422742558,0.));
#5426=DIRECTION('',(0.,0.,-1.));
#5427=DIRECTION('',(-0.337670925856707,-0.94126422742558,0.));
#5428=DIRECTION('',(0.,0.,1.));
#5429=DIRECTION('',(-0.337670925856707,-0.94126422742558,0.));
#5430=DIRECTION('',(0.,0.,1.));
#5431=DIRECTION('',(-0.337670925856707,-0.94126422742558,0.));
#5432=DIRECTION('',(0.,0.,1.));
#5433=DIRECTION('',(-0.337670925856707,-0.94126422742558,0.));
#5434=DIRECTION('',(0.,0.,1.));
#5435=DIRECTION('center_axis',(-1.,0.,0.));
#5436=DIRECTION('ref_axis',(0.,0.,1.));
#5437=DIRECTION('',(0.,0.,1.));
#5438=DIRECTION('center_axis',(8.88178419700125E-16,-1.,0.));
#5439=DIRECTION('ref_axis',(-1.,-8.88178419700125E-16,0.));
#5440=DIRECTION('',(-1.,-8.88178419700125E-16,0.));
#5441=DIRECTION('',(0.,0.,-1.));
#5442=DIRECTION('',(1.,0.,0.));
#5443=DIRECTION('',(1.,0.,0.));
#5444=DIRECTION('',(1.,8.88178419700125E-16,-1.2684502397261E-15));
#5445=DIRECTION('center_axis',(0.,0.,-1.));
#5446=DIRECTION('ref_axis',(0.,1.,0.));
#5447=DIRECTION('',(-1.,0.,0.));
#5448=DIRECTION('',(0.,1.,0.));
#5449=DIRECTION('',(1.,0.,0.));
#5450=DIRECTION('center_axis',(0.,1.,3.46944695195363E-16));
#5451=DIRECTION('ref_axis',(0.,-3.46944695195363E-16,1.));
#5452=DIRECTION('',(-1.,0.,0.));
#5453=DIRECTION('',(0.,-3.46944695195363E-16,1.));
#5454=DIRECTION('',(1.,0.,0.));
#5455=DIRECTION('center_axis',(1.,0.,0.));
#5456=DIRECTION('ref_axis',(0.,0.,-1.));
#5457=DIRECTION('',(0.,-2.21866611755007E-17,1.));
#5458=DIRECTION('',(0.,0.,-1.));
#5459=DIRECTION('',(0.,-1.,0.));
#5460=DIRECTION('',(0.,1.,1.16865581539491E-15));
#5461=DIRECTION('center_axis',(0.,-1.,0.));
#5462=DIRECTION('ref_axis',(1.,0.,0.));
#5463=DIRECTION('',(-1.,0.,0.));
#5464=DIRECTION('center_axis',(0.,-1.,-2.21866611755007E-17));
#5465=DIRECTION('ref_axis',(0.,2.21866611755007E-17,-1.));
#5466=DIRECTION('',(1.,0.,0.));
#5467=DIRECTION('',(0.,2.21866611755007E-17,-1.));
#5468=DIRECTION('center_axis',(0.,-5.11668698098051E-17,-1.));
#5469=DIRECTION('ref_axis',(0.,1.,-5.11668698098051E-17));
#5470=DIRECTION('',(0.,1.,-5.11668698098051E-17));
#5471=DIRECTION('',(-1.,0.,0.));
#5472=DIRECTION('center_axis',(0.,-1.16865581539491E-15,1.));
#5473=DIRECTION('ref_axis',(0.,-1.,-1.16865581539491E-15));
#5474=DIRECTION('',(0.,-1.,-1.16865581539491E-15));
#5475=DIRECTION('center_axis',(1.,0.,0.));
#5476=DIRECTION('ref_axis',(0.,0.,-1.));
#5477=DIRECTION('center_axis',(0.,0.,1.));
#5478=DIRECTION('ref_axis',(0.,-1.,0.));
#5479=DIRECTION('',(-0.96126169593832,-0.275637355816996,0.));
#5480=DIRECTION('',(0.,-1.,0.));
#5481=DIRECTION('',(1.,0.,0.));
#5482=DIRECTION('center_axis',(0.,0.,-1.));
#5483=DIRECTION('ref_axis',(0.,1.,0.));
#5484=DIRECTION('',(1.,0.,0.));
#5485=DIRECTION('',(0.,1.,0.));
#5486=DIRECTION('center_axis',(0.,-1.,1.19378819852167E-16));
#5487=DIRECTION('ref_axis',(0.,-1.19378819852167E-16,-1.));
#5488=DIRECTION('',(0.,-1.19378819852167E-16,-1.));
#5489=DIRECTION('center_axis',(1.,0.,0.));
#5490=DIRECTION('ref_axis',(0.,0.,-1.));
#5491=DIRECTION('center_axis',(-1.,0.,0.));
#5492=DIRECTION('ref_axis',(0.,0.,1.));
#5493=DIRECTION('',(0.,0.,1.));
#5494=DIRECTION('',(0.,-1.,0.));
#5495=DIRECTION('',(0.,0.,-1.));
#5496=DIRECTION('center_axis',(0.,-1.,0.));
#5497=DIRECTION('ref_axis',(0.,0.,-1.));
#5498=DIRECTION('',(1.,0.,0.));
#5499=DIRECTION('',(0.,0.,1.));
#5500=DIRECTION('',(1.,0.,0.));
#5501=DIRECTION('center_axis',(0.,1.,0.));
#5502=DIRECTION('ref_axis',(0.,0.,-1.));
#5503=DIRECTION('',(1.,0.,0.));
#5504=DIRECTION('center_axis',(0.,6.57909940518612E-15,-1.));
#5505=DIRECTION('ref_axis',(0.,-1.,-6.57909940518612E-15));
#5506=DIRECTION('',(0.36206896551725,-0.932151309718153,-6.13271612731017E-15));
#5507=DIRECTION('center_axis',(0.,0.,1.));
#5508=DIRECTION('ref_axis',(0.,-1.,0.));
#5509=DIRECTION('',(0.866025403784439,-0.499999999999999,0.));
#5510=DIRECTION('center_axis',(0.,0.,1.));
#5511=DIRECTION('ref_axis',(-0.854272801644206,0.519824951662538,0.));
#5512=DIRECTION('center_axis',(0.,0.,-1.));
#5513=DIRECTION('ref_axis',(0.854272801644206,-0.519824951662537,0.));
#5514=DIRECTION('',(1.,0.,0.));
#5515=DIRECTION('',(0.36206896551725,-0.932151309718153,0.));
#5516=DIRECTION('center_axis',(0.,1.,0.));
#5517=DIRECTION('ref_axis',(0.,0.,1.));
#5518=DIRECTION('',(1.,0.,0.));
#5519=DIRECTION('',(0.,0.,-1.));
#5520=DIRECTION('',(1.,0.,0.));
#5521=DIRECTION('',(0.,0.,-1.));
#5522=DIRECTION('',(1.,0.,0.));
#5523=DIRECTION('',(1.,0.,0.));
#5524=DIRECTION('',(0.,0.,1.));
#5525=DIRECTION('',(0.,0.,1.));
#5526=DIRECTION('center_axis',(0.,0.,-1.));
#5527=DIRECTION('ref_axis',(0.,1.,0.));
#5528=DIRECTION('',(-0.36206896551725,0.932151309718153,0.));
#5529=DIRECTION('center_axis',(0.932151309718153,0.36206896551725,0.));
#5530=DIRECTION('ref_axis',(0.,0.,-1.));
#5531=DIRECTION('',(-0.36206896551725,0.932151309718153,0.));
#5532=DIRECTION('',(0.,0.,1.));
#5533=DIRECTION('',(0.36206896551725,-0.932151309718153,0.));
#5534=DIRECTION('',(0.,0.,-1.));
#5535=DIRECTION('',(-0.36206896551725,0.932151309718153,0.));
#5536=DIRECTION('',(0.,0.,1.));
#5537=DIRECTION('',(0.36206896551725,-0.932151309718153,0.));
#5538=DIRECTION('',(0.,0.,-1.));
#5539=DIRECTION('center_axis',(-1.,0.,0.));
#5540=DIRECTION('ref_axis',(0.,-1.,0.));
#5541=DIRECTION('',(0.,0.,1.));
#5542=DIRECTION('',(0.,-1.,0.));
#5543=DIRECTION('',(0.,0.,-1.));
#5544=DIRECTION('',(0.,-1.,0.));
#5545=DIRECTION('center_axis',(0.,0.,-1.));
#5546=DIRECTION('ref_axis',(0.362068965517249,-0.932151309718154,0.));
#5547=DIRECTION('',(-1.,0.,0.));
#5548=DIRECTION('',(0.36206896551725,-0.932151309718153,0.));
#5549=DIRECTION('',(-1.,0.,0.));
#5550=DIRECTION('center_axis',(0.,-1.,0.));
#5551=DIRECTION('ref_axis',(0.,0.,1.));
#5552=DIRECTION('',(-1.,0.,0.));
#5553=DIRECTION('',(0.,0.,1.));
#5554=DIRECTION('center_axis',(0.,0.,-1.));
#5555=DIRECTION('ref_axis',(0.362068965517249,-0.932151309718154,0.));
#5556=DIRECTION('',(-1.,0.,0.));
#5557=DIRECTION('',(0.36206896551725,-0.932151309718153,0.));
#5558=DIRECTION('',(-1.,0.,0.));
#5559=DIRECTION('center_axis',(0.,-1.,0.));
#5560=DIRECTION('ref_axis',(0.,0.,1.));
#5561=DIRECTION('',(-1.,0.,0.));
#5562=DIRECTION('',(0.,0.,1.));
#5563=DIRECTION('center_axis',(1.,0.,0.));
#5564=DIRECTION('ref_axis',(0.,0.,-1.));
#5565=DIRECTION('',(0.,-1.,0.));
#5566=DIRECTION('',(0.,0.,1.));
#5567=DIRECTION('',(0.,1.,0.));
#5568=DIRECTION('',(0.,0.,-1.));
#5569=DIRECTION('',(0.,1.,0.));
#5570=DIRECTION('',(0.,-1.,0.));
#5571=DIRECTION('',(0.,0.,1.));
#5572=DIRECTION('',(0.,1.,0.));
#5573=DIRECTION('',(0.,0.,1.));
#5574=DIRECTION('center_axis',(0.,0.,1.));
#5575=DIRECTION('ref_axis',(0.,-1.,0.));
#5576=DIRECTION('',(0.,1.,0.));
#5577=DIRECTION('',(1.,0.,0.));
#5578=DIRECTION('center_axis',(0.,0.,-1.));
#5579=DIRECTION('ref_axis',(0.,1.,0.));
#5580=DIRECTION('',(1.,0.,0.));
#5581=DIRECTION('',(1.,0.,0.));
#5582=DIRECTION('center_axis',(0.,-1.,0.));
#5583=DIRECTION('ref_axis',(0.,0.,-1.));
#5584=DIRECTION('',(1.,0.,0.));
#5585=DIRECTION('center_axis',(0.,0.,-1.));
#5586=DIRECTION('ref_axis',(0.,1.,0.));
#5587=DIRECTION('center_axis',(0.,-1.,0.));
#5588=DIRECTION('ref_axis',(0.,0.,1.));
#5589=DIRECTION('',(-1.,0.,0.));
#5590=DIRECTION('',(0.,0.,1.));
#5591=DIRECTION('',(-1.,0.,0.));
#5592=DIRECTION('center_axis',(0.,0.,1.));
#5593=DIRECTION('ref_axis',(0.,1.,0.));
#5594=DIRECTION('',(-1.,0.,0.));
#5595=DIRECTION('',(0.,1.,0.));
#5596=DIRECTION('',(-1.,0.,0.));
#5597=DIRECTION('',(0.,1.,0.));
#5598=DIRECTION('center_axis',(0.,0.,1.));
#5599=DIRECTION('ref_axis',(0.,-1.,0.));
#5600=DIRECTION('',(0.,-1.,0.));
#5601=DIRECTION('',(-1.,2.73285667600039E-15,0.));
#5602=DIRECTION('center_axis',(0.,0.866025403784415,-0.500000000000042));
#5603=DIRECTION('ref_axis',(0.,0.500000000000042,0.866025403784414));
#5604=DIRECTION('',(0.,0.500000000000042,0.866025403784414));
#5605=DIRECTION('',(1.,0.,0.));
#5606=DIRECTION('',(1.,0.,0.));
#5607=DIRECTION('center_axis',(1.,0.,0.));
#5608=DIRECTION('ref_axis',(0.,0.,-1.));
#5609=DIRECTION('',(0.,0.,1.));
#5610=DIRECTION('',(0.,-1.,0.));
#5611=DIRECTION('',(0.,0.,1.));
#5612=DIRECTION('',(0.,0.,-1.));
#5613=DIRECTION('center_axis',(0.,1.,0.));
#5614=DIRECTION('ref_axis',(-1.,0.,0.));
#5615=DIRECTION('',(1.,0.,0.));
#5616=DIRECTION('',(0.,0.,1.));
#5617=DIRECTION('',(0.,0.,-1.));
#5618=DIRECTION('',(1.,0.,0.));
#5619=DIRECTION('',(0.,0.,1.));
#5620=DIRECTION('',(-1.,0.,0.));
#5621=DIRECTION('center_axis',(-1.,0.,0.));
#5622=DIRECTION('ref_axis',(0.,0.,1.));
#5623=DIRECTION('',(0.,0.,1.));
#5624=DIRECTION('',(0.,-1.,0.));
#5625=DIRECTION('center_axis',(1.,0.,0.));
#5626=DIRECTION('ref_axis',(0.,-1.,0.));
#5627=DIRECTION('',(0.,-1.,0.));
#5628=DIRECTION('',(0.,0.,-1.));
#5629=DIRECTION('',(0.,1.,0.));
#5630=DIRECTION('',(0.,-1.,0.));
#5631=DIRECTION('center_axis',(0.,0.,-1.));
#5632=DIRECTION('ref_axis',(0.,-1.,0.));
#5633=DIRECTION('',(1.,0.,0.));
#5634=DIRECTION('center_axis',(0.,1.,0.));
#5635=DIRECTION('ref_axis',(0.,0.,-1.));
#5636=DIRECTION('center_axis',(0.,5.33602990557807E-16,-1.));
#5637=DIRECTION('ref_axis',(0.,-1.,-5.33602990557807E-16));
#5638=DIRECTION('',(0.,-1.,-5.33602990557807E-16));
#5639=DIRECTION('',(-1.,0.,0.));
#5640=DIRECTION('',(0.,-1.,0.));
#5641=DIRECTION('',(-1.,0.,0.));
#5642=DIRECTION('center_axis',(-1.,0.,0.));
#5643=DIRECTION('ref_axis',(0.,0.,1.));
#5644=DIRECTION('',(0.,1.,-1.53159870453948E-15));
#5645=DIRECTION('',(0.,-0.573576436351046,0.819152044288992));
#5646=DIRECTION('',(0.,1.91693184107941E-15,-1.));
#5647=DIRECTION('',(0.,1.,-1.8503717077086E-16));
#5648=DIRECTION('',(0.,0.,-1.));
#5649=DIRECTION('center_axis',(0.,1.53159870453948E-15,1.));
#5650=DIRECTION('ref_axis',(0.,1.,-1.53159870453948E-15));
#5651=DIRECTION('',(-1.,0.,0.));
#5652=DIRECTION('',(0.,1.,-1.53159870453948E-15));
#5653=DIRECTION('',(1.,0.,0.));
#5654=DIRECTION('center_axis',(0.,1.8503717077086E-16,1.));
#5655=DIRECTION('ref_axis',(0.,1.,-1.8503717077086E-16));
#5656=DIRECTION('',(0.,1.,-1.8503717077086E-16));
#5657=DIRECTION('',(-1.,0.,0.));
#5658=DIRECTION('center_axis',(0.,1.,0.));
#5659=DIRECTION('ref_axis',(0.,0.,-1.));
#5660=DIRECTION('',(0.,0.,-1.));
#5661=DIRECTION('center_axis',(0.,1.,1.91693184107941E-15));
#5662=DIRECTION('ref_axis',(0.,1.91693184107941E-15,-1.));
#5663=DIRECTION('',(0.,1.91693184107941E-15,-1.));
#5664=DIRECTION('',(-1.,0.,0.));
#5665=DIRECTION('center_axis',(0.,1.53159870453948E-15,1.));
#5666=DIRECTION('ref_axis',(0.,1.,-1.53159870453948E-15));
#5667=DIRECTION('',(0.,1.,-1.53159870453948E-15));
#5668=DIRECTION('center_axis',(1.,0.,0.));
#5669=DIRECTION('ref_axis',(0.,1.,0.));
#5670=DIRECTION('',(0.,0.,-1.));
#5671=DIRECTION('',(0.,1.,0.));
#5672=DIRECTION('center_axis',(-1.,0.,0.));
#5673=DIRECTION('ref_axis',(0.,-1.,0.));
#5674=DIRECTION('center_axis',(0.,0.,1.));
#5675=DIRECTION('ref_axis',(1.,0.,0.));
#5676=DIRECTION('',(-1.,0.,0.));
#5677=DIRECTION('',(-0.36206896551725,0.932151309718153,0.));
#5678=DIRECTION('center_axis',(0.932151309718153,0.36206896551725,0.));
#5679=DIRECTION('ref_axis',(0.36206896551725,-0.932151309718153,0.));
#5680=DIRECTION('',(0.36206896551725,-0.932151309718153,0.));
#5681=DIRECTION('',(0.,0.,-1.));
#5682=DIRECTION('',(0.36206896551725,-0.932151309718153,0.));
#5683=DIRECTION('',(0.,0.,-1.));
#5684=DIRECTION('',(-0.125458974340199,0.322995778111066,0.938047852233526));
#5685=DIRECTION('',(0.36206896551725,-0.932151309718153,0.));
#5686=DIRECTION('',(0.,0.,1.));
#5687=DIRECTION('',(-0.36206896551725,0.932151309718153,0.));
#5688=DIRECTION('',(0.,0.,-1.));
#5689=DIRECTION('',(0.36206896551725,-0.932151309718153,0.));
#5690=DIRECTION('',(0.,0.,1.));
#5691=DIRECTION('',(0.36206896551725,-0.932151309718153,0.));
#5692=DIRECTION('',(-2.24882406724175E-16,5.78962711319491E-16,1.));
#5693=DIRECTION('',(-0.36206896551725,0.932151309718153,0.));
#5694=DIRECTION('',(0.,0.,-1.));
#5695=DIRECTION('',(0.36206896551725,-0.932151309718153,-9.39871343598015E-16));
#5696=DIRECTION('',(-6.43163683231143E-16,1.65583335437375E-15,1.));
#5697=DIRECTION('center_axis',(0.,1.,0.));
#5698=DIRECTION('ref_axis',(-1.,0.,0.));
#5699=DIRECTION('center_axis',(0.,-1.,0.));
#5700=DIRECTION('ref_axis',(0.,0.,1.));
#5701=DIRECTION('',(-1.,0.,0.));
#5702=DIRECTION('center_axis',(0.,0.,-1.));
#5703=DIRECTION('ref_axis',(-0.337670925856705,-0.941264227425581,0.));
#5704=DIRECTION('center_axis',(0.,-1.,0.));
#5705=DIRECTION('ref_axis',(0.,0.,1.));
#5706=DIRECTION('',(-1.,0.,0.));
#5707=DIRECTION('center_axis',(0.,0.,-1.));
#5708=DIRECTION('ref_axis',(-0.337670925856705,-0.941264227425581,0.));
#5709=DIRECTION('center_axis',(0.,-1.,0.));
#5710=DIRECTION('ref_axis',(0.,0.,1.));
#5711=DIRECTION('',(-1.,0.,0.));
#5712=DIRECTION('center_axis',(0.,0.,-1.));
#5713=DIRECTION('ref_axis',(-0.337670925856705,-0.941264227425581,0.));
#5714=DIRECTION('center_axis',(0.,-1.,0.));
#5715=DIRECTION('ref_axis',(0.,0.,1.));
#5716=DIRECTION('',(-1.,0.,0.));
#5717=DIRECTION('center_axis',(0.,0.,-1.));
#5718=DIRECTION('ref_axis',(-0.337670925856705,-0.941264227425581,0.));
#5719=DIRECTION('center_axis',(-1.,0.,0.));
#5720=DIRECTION('ref_axis',(0.,-1.,0.));
#5721=DIRECTION('center_axis',(0.,-1.,1.65583335437375E-15));
#5722=DIRECTION('ref_axis',(-6.4316368323114E-16,1.65583335437375E-15,1.));
#5723=DIRECTION('',(-1.,0.,0.));
#5724=DIRECTION('center_axis',(0.,1.00828195358348E-15,-1.));
#5725=DIRECTION('ref_axis',(0.362068965517249,-0.932151309718154,-9.39871343598016E-16));
#5726=DIRECTION('center_axis',(0.,0.,1.));
#5727=DIRECTION('ref_axis',(-0.362068965517249,0.932151309718154,0.));
#5728=DIRECTION('',(-1.,0.,0.));
#5729=DIRECTION('center_axis',(0.,1.,0.));
#5730=DIRECTION('ref_axis',(0.,0.,-1.));
#5731=DIRECTION('center_axis',(0.,-1.,5.78962711319491E-16));
#5732=DIRECTION('ref_axis',(-2.24882406724174E-16,5.78962711319491E-16,
1.));
#5733=DIRECTION('',(-1.,0.,0.));
#5734=DIRECTION('center_axis',(0.,0.,-1.));
#5735=DIRECTION('ref_axis',(0.362068965517249,-0.932151309718154,0.));
#5736=DIRECTION('center_axis',(0.,-1.,0.));
#5737=DIRECTION('ref_axis',(0.,0.,1.));
#5738=DIRECTION('',(-1.,0.,0.));
#5739=DIRECTION('center_axis',(0.,0.,-1.));
#5740=DIRECTION('ref_axis',(0.362068965517249,-0.932151309718154,0.));
#5741=DIRECTION('center_axis',(0.,0.,1.));
#5742=DIRECTION('ref_axis',(-0.362068965517249,0.932151309718154,0.));
#5743=DIRECTION('',(-1.,0.,0.));
#5744=DIRECTION('center_axis',(0.,1.,0.));
#5745=DIRECTION('ref_axis',(0.,0.,-1.));
#5746=DIRECTION('center_axis',(0.,-1.,0.));
#5747=DIRECTION('ref_axis',(0.,0.,1.));
#5748=DIRECTION('',(-1.,0.,0.));
#5749=DIRECTION('center_axis',(0.,0.,-1.));
#5750=DIRECTION('ref_axis',(0.362068965517249,-0.932151309718154,0.));
#5751=DIRECTION('center_axis',(0.,0.819152044288992,0.573576436351046));
#5752=DIRECTION('ref_axis',(0.,-0.573576436351046,0.819152044288992));
#5753=DIRECTION('center_axis',(0.,0.,-1.));
#5754=DIRECTION('ref_axis',(0.,1.,0.));
#5755=DIRECTION('center_axis',(2.73285667600039E-15,1.,0.));
#5756=DIRECTION('ref_axis',(1.,-2.73285667600039E-15,0.));
#5757=DIRECTION('',(-1.,0.,0.));
#5758=DIRECTION('',(1.,0.,0.));
#5759=DIRECTION('',(-1.,0.,0.));
#5760=DIRECTION('center_axis',(0.,0.,1.));
#5761=DIRECTION('ref_axis',(0.,-1.,0.));
#5762=DIRECTION('',(1.,-4.57150657198594E-15,0.));
#5763=DIRECTION('',(0.,1.,0.));
#5764=DIRECTION('center_axis',(1.,0.,0.));
#5765=DIRECTION('ref_axis',(0.,-1.,0.));
#5766=DIRECTION('',(0.,-1.,0.));
#5767=DIRECTION('',(0.,0.,-1.));
#5768=DIRECTION('center_axis',(4.57150657198594E-15,1.,0.));
#5769=DIRECTION('ref_axis',(1.,-4.57150657198594E-15,0.));
#5770=DIRECTION('',(1.,-4.57150657198594E-15,0.));
#5771=DIRECTION('center_axis',(0.,0.,-1.));
#5772=DIRECTION('ref_axis',(-1.,0.,0.));
#5773=DIRECTION('center_axis',(0.,-0.945518575599317,0.325568154457156));
#5774=DIRECTION('ref_axis',(0.,-0.325568154457156,-0.945518575599317));
#5775=DIRECTION('center_axis',(0.,0.,1.));
#5776=DIRECTION('ref_axis',(1.,0.,0.));
#5777=DIRECTION('center_axis',(0.275637355816996,-0.96126169593832,0.));
#5778=DIRECTION('ref_axis',(-0.96126169593832,-0.275637355816996,0.));
#5779=DIRECTION('',(-0.96126169593832,-0.275637355816996,0.));
#5780=DIRECTION('',(0.,0.,-1.));
#5781=DIRECTION('center_axis',(1.,-1.58603289232166E-15,0.));
#5782=DIRECTION('ref_axis',(-1.58603289232166E-15,-1.,0.));
#5783=DIRECTION('',(-1.58603289232166E-15,-1.,0.));
#5784=DIRECTION('center_axis',(1.,0.,0.));
#5785=DIRECTION('ref_axis',(0.,-1.,0.));
#5786=DIRECTION('',(0.,-1.,0.));
#5787=DIRECTION('',(0.,0.,-1.));
#5788=DIRECTION('center_axis',(0.499999999999999,0.866025403784439,0.));
#5789=DIRECTION('ref_axis',(0.866025403784439,-0.499999999999999,0.));
#5790=DIRECTION('',(0.866025403784439,-0.499999999999999,0.));
#5791=DIRECTION('',(0.,0.,-1.));
#5792=DIRECTION('center_axis',(0.,0.,-1.));
#5793=DIRECTION('ref_axis',(-0.854272801644206,0.519824951662538,0.));
#5794=DIRECTION('center_axis',(0.,0.,1.));
#5795=DIRECTION('ref_axis',(-0.854272801644206,0.519824951662538,0.));
#5796=DIRECTION('',(0.,0.,-1.));
#5797=DIRECTION('center_axis',(0.,0.,-1.));
#5798=DIRECTION('ref_axis',(0.854272801644206,-0.519824951662537,0.));
#5799=DIRECTION('center_axis',(0.,0.,-1.));
#5800=DIRECTION('ref_axis',(0.854272801644206,-0.519824951662537,0.));
#5801=DIRECTION('center_axis',(0.,0.,-1.));
#5802=DIRECTION('ref_axis',(-1.,0.,0.));
#5803=DIRECTION('center_axis',(0.,0.,1.));
#5804=DIRECTION('ref_axis',(1.,0.,0.));
#5805=DIRECTION('',(0.,0.,1.));
#5806=DIRECTION('',(1.,0.,0.));
#5807=CARTESIAN_POINT('',(0.,0.,0.));
#5808=CARTESIAN_POINT('',(0.,0.,0.));
#5809=CARTESIAN_POINT('Origin',(12.4,38.0176120181735,124.578918014753));
#5810=CARTESIAN_POINT('',(11.646721506606,38.3676120181735,127.482807046964));
#5811=CARTESIAN_POINT('',(9.4,38.3676120181735,124.578918014753));
#5812=CARTESIAN_POINT('Origin',(12.4,38.3676120181735,124.578918014753));
#5813=CARTESIAN_POINT('',(9.4,36.9676120181735,124.578918014753));
#5814=CARTESIAN_POINT('',(9.4,38.0176120181735,124.578918014753));
#5815=CARTESIAN_POINT('',(11.646721506606,36.9676120181735,127.482807046964));
#5816=CARTESIAN_POINT('Origin',(12.4,36.9676120181735,124.578918014753));
#5817=CARTESIAN_POINT('',(11.646721506606,38.0176120181735,127.482807046964));
#5818=CARTESIAN_POINT('Origin',(0.,36.9676120181735,5.94999999999999));
#5819=CARTESIAN_POINT('',(9.4,36.9676120181735,92.));
#5820=CARTESIAN_POINT('',(9.4,36.9676120181735,58.95));
#5821=CARTESIAN_POINT('',(18.8,36.9676120181735,92.));
#5822=CARTESIAN_POINT('',(0.,36.9676120181735,92.));
#5823=CARTESIAN_POINT('',(18.8,36.9676120181735,10.));
#5824=CARTESIAN_POINT('',(18.8,36.9676120181735,28.475));
#5825=CARTESIAN_POINT('',(19.4,36.9676120181735,10.));
#5826=CARTESIAN_POINT('',(0.,36.9676120181735,10.));
#5827=CARTESIAN_POINT('',(19.4,36.9676120181735,5.94999999999999));
#5828=CARTESIAN_POINT('',(19.4,36.9676120181735,5.87499999999999));
#5829=CARTESIAN_POINT('',(21.9,36.9676120181735,5.94999999999999));
#5830=CARTESIAN_POINT('',(0.,36.9676120181735,5.94999999999999));
#5831=CARTESIAN_POINT('',(21.9,36.9676120181735,131.9));
#5832=CARTESIAN_POINT('',(21.9,36.9676120181735,37.4375));
#5833=CARTESIAN_POINT('',(17.6390610240405,36.9676120181735,131.9));
#5834=CARTESIAN_POINT('',(0.,36.9676120181735,131.9));
#5835=CARTESIAN_POINT('',(17.4955012271294,36.9676120181735,131.9));
#5836=CARTESIAN_POINT('',(5.39730103721118,36.9676120181735,131.9));
#5837=CARTESIAN_POINT('',(17.4955012271294,36.9676120181735,129.));
#5838=CARTESIAN_POINT('',(17.4955012271294,36.9676120181735,67.475));
#5839=CARTESIAN_POINT('',(-9.70203867358117,36.9676120181735,121.944867502448));
#5840=CARTESIAN_POINT('Origin',(9.4,37.6676120181735,111.95));
#5841=CARTESIAN_POINT('',(9.4,38.3676120181735,93.3));
#5842=CARTESIAN_POINT('',(9.4,38.3676120181735,55.975));
#5843=CARTESIAN_POINT('',(9.4,38.3676120181735,92.));
#5844=CARTESIAN_POINT('',(9.4,38.3676120181735,101.975));
#5845=CARTESIAN_POINT('',(9.4,37.3176120181735,92.));
#5846=CARTESIAN_POINT('Origin',(17.4955012271294,38.3676120181735,129.));
#5847=CARTESIAN_POINT('',(17.4955012271294,37.0504963055649,131.9));
#5848=CARTESIAN_POINT('',(17.4955012271294,40.3088060090868,131.9));
#5849=CARTESIAN_POINT('',(17.4955012271294,38.3676120181735,131.9));
#5850=CARTESIAN_POINT('',(17.4955012271294,38.3676120181735,131.9));
#5851=CARTESIAN_POINT('',(17.4955012271294,38.3676120181735,129.));
#5852=CARTESIAN_POINT('',(17.4955012271294,38.3676120181735,64.5));
#5853=CARTESIAN_POINT('',(17.4955012271294,38.3676120181735,129.));
#5854=CARTESIAN_POINT('Origin',(9.4,38.3676120181735,126.9));
#5855=CARTESIAN_POINT('',(-8.41066053881803,38.3676120181735,122.27985529467));
#5856=CARTESIAN_POINT('Origin',(4.3,38.3676120181735,0.));
#5857=CARTESIAN_POINT('',(21.6762617481986,38.3676120181735,131.9));
#5858=CARTESIAN_POINT('',(0.,38.3676120181735,131.9));
#5859=CARTESIAN_POINT('',(21.6762617481986,38.3676120181735,93.3));
#5860=CARTESIAN_POINT('',(21.6762617481986,38.3676120181735,122.25));
#5861=CARTESIAN_POINT('',(0.,38.3676120181735,93.3));
#5862=CARTESIAN_POINT('Origin',(0.,25.2869958217302,74.3));
#5863=CARTESIAN_POINT('',(9.85,26.6869958217302,73.4917096231345));
#5864=CARTESIAN_POINT('',(9.85,25.2869958217302,74.3));
#5865=CARTESIAN_POINT('',(9.85,32.3116736482213,70.244300365905));
#5866=CARTESIAN_POINT('',(18.0892041488447,25.2869958217302,74.3));
#5867=CARTESIAN_POINT('',(0.,25.2869958217302,74.3));
#5868=CARTESIAN_POINT('',(18.0892041488447,26.6869958217302,73.4917096231345));
#5869=CARTESIAN_POINT('',(18.0892041488447,19.4016129144823,77.6979274057836));
#5870=CARTESIAN_POINT('',(10.25,26.6869958217302,73.4917096231345));
#5871=CARTESIAN_POINT('Origin',(20.5,26.6869958217302,5.95000000000002));
#5872=CARTESIAN_POINT('',(18.0892041488447,26.6869958217302,133.5));
#5873=CARTESIAN_POINT('',(18.0892041488447,26.6869958217302,133.5));
#5874=CARTESIAN_POINT('',(21.5892041488447,26.6869958217302,133.5));
#5875=CARTESIAN_POINT('',(16.6696020744224,26.6869958217302,133.5));
#5876=CARTESIAN_POINT('',(21.5892041488447,26.6869958217302,131.9));
#5877=CARTESIAN_POINT('',(21.5892041488447,26.6869958217302,133.5));
#5878=CARTESIAN_POINT('',(21.9,26.6869958217302,131.9));
#5879=CARTESIAN_POINT('',(20.85,26.6869958217302,131.9));
#5880=CARTESIAN_POINT('',(21.9,26.6869958217302,6.94999999999998));
#5881=CARTESIAN_POINT('',(21.9,26.6869958217302,6.94999999999998));
#5882=CARTESIAN_POINT('',(20.5,26.6869958217302,6.95000000000001));
#5883=CARTESIAN_POINT('',(22.,26.6869958217302,6.94999999999999));
#5884=CARTESIAN_POINT('',(20.5,26.6869958217302,5.95000000000002));
#5885=CARTESIAN_POINT('',(20.5,26.6869958217302,4.71250000000001));
#5886=CARTESIAN_POINT('',(19.4,26.6869958217302,5.95000000000002));
#5887=CARTESIAN_POINT('',(20.5,26.6869958217302,5.95000000000002));
#5888=CARTESIAN_POINT('',(7.45,26.6869958217302,5.95000000000002));
#5889=CARTESIAN_POINT('',(20.5,26.6869958217302,5.95000000000002));
#5890=CARTESIAN_POINT('',(7.45,26.6869958217302,1.6));
#5891=CARTESIAN_POINT('',(7.45,26.6869958217302,5.95000000000002));
#5892=CARTESIAN_POINT('',(2.25,26.6869958217302,1.6));
#5893=CARTESIAN_POINT('',(0.,26.6869958217302,1.6));
#5894=CARTESIAN_POINT('',(2.25,26.6869958217302,9.69272894530633));
#5895=CARTESIAN_POINT('',(2.25,26.6869958217302,4.86250000000002));
#5896=CARTESIAN_POINT('',(17.25,26.6869958217302,9.69272894530633));
#5897=CARTESIAN_POINT('',(10.25,26.6869958217302,9.69272894530634));
#5898=CARTESIAN_POINT('',(17.25,26.6869958217302,17.1));
#5899=CARTESIAN_POINT('',(17.25,26.6869958217302,9.67318223632659));
#5900=CARTESIAN_POINT('',(2.25,26.6869958217302,17.1));
#5901=CARTESIAN_POINT('',(10.25,26.6869958217302,17.1));
#5902=CARTESIAN_POINT('',(2.25,26.6869958217302,18.3));
#5903=CARTESIAN_POINT('',(2.25,26.6869958217302,4.86250000000002));
#5904=CARTESIAN_POINT('',(9.85,26.6869958217302,18.3));
#5905=CARTESIAN_POINT('',(10.25,26.6869958217302,18.3));
#5906=CARTESIAN_POINT('',(9.85,26.6869958217302,26.125));
#5907=CARTESIAN_POINT('Origin',(7.89999999999999,11.8,72.8));
#5908=CARTESIAN_POINT('',(7.9,10.8,74.3));
#5909=CARTESIAN_POINT('',(7.89999999999999,11.8,74.3));
#5910=CARTESIAN_POINT('',(7.89999999999999,11.8,74.3));
#5911=CARTESIAN_POINT('',(7.89999999999999,11.8,72.8));
#5912=CARTESIAN_POINT('',(7.89999999999999,11.8,72.8));
#5913=CARTESIAN_POINT('',(7.9,10.8,72.8));
#5914=CARTESIAN_POINT('',(7.9,10.8,72.8));
#5915=CARTESIAN_POINT('',(7.9,10.8,72.8));
#5916=CARTESIAN_POINT('Origin',(9.75,12.8,72.8));
#5917=CARTESIAN_POINT('',(9.75,12.8,74.3));
#5918=CARTESIAN_POINT('',(9.18292114188807,12.4934708875071,74.3));
#5919=CARTESIAN_POINT('',(9.75,12.8,72.8));
#5920=CARTESIAN_POINT('',(9.75,12.8,73.175));
#5921=CARTESIAN_POINT('',(7.89999999999999,11.8,72.8));
#5922=CARTESIAN_POINT('Origin',(9.75,16.0434979108651,73.55));
#5923=CARTESIAN_POINT('',(9.75,21.2869958217302,74.3));
#5924=CARTESIAN_POINT('',(9.75,13.4217489554325,74.3));
#5925=CARTESIAN_POINT('',(9.75,21.2869958217302,72.8));
#5926=CARTESIAN_POINT('',(9.75,21.2869958217302,73.175));
#5927=CARTESIAN_POINT('',(9.75,20.6652468662977,72.8));
#5928=CARTESIAN_POINT('Origin',(0.,21.2869958217302,72.8));
#5929=CARTESIAN_POINT('',(0.549999999999998,21.2869958217302,74.3));
#5930=CARTESIAN_POINT('',(0.549999999999998,21.2869958217302,72.8));
#5931=CARTESIAN_POINT('',(0.549999999999998,21.2869958217302,73.925));
#5932=CARTESIAN_POINT('',(0.,21.2869958217302,72.8));
#5933=CARTESIAN_POINT('',(0.,21.2869958217302,74.3));
#5934=CARTESIAN_POINT('Origin',(0.,25.2869958217302,72.8));
#5935=CARTESIAN_POINT('',(0.549999999999998,25.2869958217302,72.8));
#5936=CARTESIAN_POINT('',(0.549999999999998,24.2869958217302,72.8));
#5937=CARTESIAN_POINT('',(9.85,25.2869958217302,72.8));
#5938=CARTESIAN_POINT('',(0.,25.2869958217302,72.8));
#5939=CARTESIAN_POINT('',(21.7712380877978,25.2869958217302,72.8));
#5940=CARTESIAN_POINT('',(0.,25.2869958217302,72.8));
#5941=CARTESIAN_POINT('',(16.5741455504713,10.8,72.8));
#5942=CARTESIAN_POINT('',(19.3276780334831,18.4755249766845,72.8));
#5943=CARTESIAN_POINT('',(0.,10.8,72.8));
#5944=CARTESIAN_POINT('Origin',(0.549999999999998,23.2869958217302,73.55));
#5945=CARTESIAN_POINT('',(0.549999999999998,25.2869958217302,74.3));
#5946=CARTESIAN_POINT('',(0.549999999999998,17.0434979108651,74.3));
#5947=CARTESIAN_POINT('',(0.549999999999998,25.2869958217302,73.925));
#5948=CARTESIAN_POINT('Origin',(0.,25.2869958217302,74.3));
#5949=CARTESIAN_POINT('',(0.,25.2869958217302,74.3));
#5950=CARTESIAN_POINT('',(9.85,25.2869958217302,60.3));
#5951=CARTESIAN_POINT('Origin',(9.85,25.9869958217302,46.3));
#5952=CARTESIAN_POINT('',(9.85,25.2869958217302,18.3));
#5953=CARTESIAN_POINT('',(9.85,25.6369958217302,18.3));
#5954=CARTESIAN_POINT('',(9.85,25.2869958217302,32.3));
#5955=CARTESIAN_POINT('Origin',(0.,25.2869958217302,18.3));
#5956=CARTESIAN_POINT('',(21.7712380877978,25.2869958217302,18.3));
#5957=CARTESIAN_POINT('',(0.,25.2869958217302,18.3));
#5958=CARTESIAN_POINT('',(21.7712380877978,25.2869958217302,29.5287259639302));
#5959=CARTESIAN_POINT('Origin',(17.25,25.9869958217302,13.3963644726532));
#5960=CARTESIAN_POINT('',(17.25,25.2869958217302,11.6921361547453));
#5961=CARTESIAN_POINT('',(17.25,25.0017796030301,12.0994671289724));
#5962=CARTESIAN_POINT('',(17.25,25.2869958217302,17.1));
#5963=CARTESIAN_POINT('',(17.25,25.2869958217302,12.5442503136992));
#5964=CARTESIAN_POINT('',(17.25,26.3369958217302,17.1));
#5965=CARTESIAN_POINT('Origin',(0.,75.,0.));
#5966=CARTESIAN_POINT('',(0.,10.8,74.3));
#5967=CARTESIAN_POINT('',(0.,5.,74.3));
#5968=CARTESIAN_POINT('',(0.,42.0999999999999,74.3000000000001));
#5969=CARTESIAN_POINT('',(0.,5.,75.9));
#5970=CARTESIAN_POINT('',(0.,5.00000000000001,37.15));
#5971=CARTESIAN_POINT('',(0.,9.19999999999996,75.9));
#5972=CARTESIAN_POINT('',(0.,37.5,75.9));
#5973=CARTESIAN_POINT('',(0.,9.19999999999996,111.7));
#5974=CARTESIAN_POINT('',(0.,9.19999999999996,37.95));
#5975=CARTESIAN_POINT('',(0.,1.6,111.7));
#5976=CARTESIAN_POINT('',(0.,42.1,111.7));
#5977=CARTESIAN_POINT('',(2.78425836896578E-17,1.6,133.5));
#5978=CARTESIAN_POINT('',(0.,1.6,66.75));
#5979=CARTESIAN_POINT('',(9.12040073345886E-14,20.1,133.5));
#5980=CARTESIAN_POINT('',(0.,0.,133.5));
#5981=CARTESIAN_POINT('',(9.12040073345886E-14,20.1,131.9));
#5982=CARTESIAN_POINT('',(-2.22044604925031E-15,20.1,66.75));
#5983=CARTESIAN_POINT('',(0.,3.19999999999996,131.9));
#5984=CARTESIAN_POINT('',(0.,42.9,131.9));
#5985=CARTESIAN_POINT('',(0.,3.19999999999996,113.3));
#5986=CARTESIAN_POINT('',(0.,3.19999999999995,65.95));
#5987=CARTESIAN_POINT('',(0.,10.8,113.3));
#5988=CARTESIAN_POINT('',(0.,39.1,113.3));
#5989=CARTESIAN_POINT('',(0.,10.8,65.95));
#5990=CARTESIAN_POINT('Origin',(2.25,25.9869958217302,3.77500000000001));
#5991=CARTESIAN_POINT('',(2.25,25.2869958217302,1.6));
#5992=CARTESIAN_POINT('',(2.25,58.3985043111361,1.6));
#5993=CARTESIAN_POINT('',(2.25,25.2869958217302,9.6));
#5994=CARTESIAN_POINT('',(2.25,25.2869958217302,2.68750000000001));
#5995=CARTESIAN_POINT('',(2.25,23.1869958217302,12.5991108141584));
#5996=CARTESIAN_POINT('',(2.25,26.7705696756677,7.48123695764446));
#5997=CARTESIAN_POINT('',(2.25,23.1869958217302,18.3));
#5998=CARTESIAN_POINT('',(2.25,23.1869958217302,8.18705540707922));
#5999=CARTESIAN_POINT('',(2.25,24.5869958217302,18.3));
#6000=CARTESIAN_POINT('',(2.25,24.3869958217302,17.1));
#6001=CARTESIAN_POINT('',(2.25,24.3869958217302,17.1));
#6002=CARTESIAN_POINT('',(2.25,24.3869958217302,12.9774693608132));
#6003=CARTESIAN_POINT('',(2.25,24.3869958217302,10.4375));
#6004=CARTESIAN_POINT('',(2.25,26.8120609022411,9.51411749986169));
#6005=CARTESIAN_POINT('Origin',(0.,23.1869958217302,12.5991108141584));
#6006=CARTESIAN_POINT('',(21.0178800788161,23.1869958217302,12.5991108141584));
#6007=CARTESIAN_POINT('',(0.,23.1869958217302,12.5991108141584));
#6008=CARTESIAN_POINT('',(21.0178800788161,23.1869958217302,18.3));
#6009=CARTESIAN_POINT('',(21.0178800788161,23.1869958217302,26.6782813710095));
#6010=CARTESIAN_POINT('',(0.,23.1869958217302,18.3));
#6011=CARTESIAN_POINT('Origin',(0.,25.2869958217302,9.6));
#6012=CARTESIAN_POINT('',(21.7712380877978,25.2869958217302,9.6));
#6013=CARTESIAN_POINT('',(0.,25.2869958217302,9.6));
#6014=CARTESIAN_POINT('',(18.3815407637098,15.8381490639899,23.0943516630785));
#6015=CARTESIAN_POINT('Origin',(0.,25.2869958217302,1.6));
#6016=CARTESIAN_POINT('',(7.4,25.2869958217302,1.6));
#6017=CARTESIAN_POINT('',(0.,25.2869958217302,1.6));
#6018=CARTESIAN_POINT('',(7.4,25.2869958217302,8.71490385572095));
#6019=CARTESIAN_POINT('',(7.4,25.2869958217302,23.0190417370454));
#6020=CARTESIAN_POINT('',(21.7712380877978,25.2869958217302,8.71490385572095));
#6021=CARTESIAN_POINT('',(0.,25.2869958217302,8.71490385572095));
#6022=CARTESIAN_POINT('',(21.7712380877978,25.2869958217302,24.7361778917907));
#6023=CARTESIAN_POINT('Origin',(0.,75.,0.));
#6024=CARTESIAN_POINT('',(0.,17.4666239350631,1.6));
#6025=CARTESIAN_POINT('',(0.,58.3985043111361,1.6));
#6026=CARTESIAN_POINT('',(0.,50.1434979108651,1.6));
#6027=CARTESIAN_POINT('',(0.,63.8,17.287082535318));
#6028=CARTESIAN_POINT('',(0.,59.0320743610267,3.44002103066191));
#6029=CARTESIAN_POINT('',(0.,63.8,71.4));
#6030=CARTESIAN_POINT('',(0.,63.8,23.0722708469758));
#6031=CARTESIAN_POINT('',(0.,60.8,71.4));
#6032=CARTESIAN_POINT('',(0.,69.4,71.4));
#6033=CARTESIAN_POINT('',(0.,60.8,91.9999999999999));
#6034=CARTESIAN_POINT('',(0.,60.8,35.7));
#6035=CARTESIAN_POINT('',(0.,58.,92.));
#6036=CARTESIAN_POINT('',(0.,65.85,92.));
#6037=CARTESIAN_POINT('',(0.,58.,93.3));
#6038=CARTESIAN_POINT('',(0.,58.,46.65));
#6039=CARTESIAN_POINT('',(0.,64.4,93.3));
#6040=CARTESIAN_POINT('',(0.,56.6838060090868,93.3));
#6041=CARTESIAN_POINT('',(0.,64.4,99.6));
#6042=CARTESIAN_POINT('',(0.,64.4,46.65));
#6043=CARTESIAN_POINT('',(0.,65.4,99.6));
#6044=CARTESIAN_POINT('',(0.,69.7,99.6));
#6045=CARTESIAN_POINT('',(0.,65.4,95.6));
#6046=CARTESIAN_POINT('',(0.,65.4,49.8));
#6047=CARTESIAN_POINT('',(0.,73.4,95.6));
#6048=CARTESIAN_POINT('',(0.,70.2,95.6));
#6049=CARTESIAN_POINT('',(0.,73.4,115.92871870789));
#6050=CARTESIAN_POINT('',(0.,73.4,47.8));
#6051=CARTESIAN_POINT('',(0.,75.,118.7));
#6052=CARTESIAN_POINT('',(0.,48.5006961426953,72.8018593539475));
#6053=CARTESIAN_POINT('',(0.,75.,94.));
#6054=CARTESIAN_POINT('',(0.,75.,0.));
#6055=CARTESIAN_POINT('',(0.,65.4,94.));
#6056=CARTESIAN_POINT('',(0.,72.6,94.));
#6057=CARTESIAN_POINT('',(0.,65.4,92.));
#6058=CARTESIAN_POINT('',(0.,65.4,0.));
#6059=CARTESIAN_POINT('',(0.,62.4,92.));
#6060=CARTESIAN_POINT('',(0.,70.2,92.));
#6061=CARTESIAN_POINT('',(0.,62.4,73.));
#6062=CARTESIAN_POINT('',(0.,62.4,46.));
#6063=CARTESIAN_POINT('',(0.,65.4,73.));
#6064=CARTESIAN_POINT('',(0.,68.7,73.));
#6065=CARTESIAN_POINT('',(0.,65.4,17.0193343607877));
#6066=CARTESIAN_POINT('',(0.,65.4,0.));
#6067=CARTESIAN_POINT('',(0.,59.5397732197712,0.));
#6068=CARTESIAN_POINT('',(0.,63.2892370659381,10.8892336874901));
#6069=CARTESIAN_POINT('',(0.,16.6337166541803,0.));
#6070=CARTESIAN_POINT('',(0.,0.,0.));
#6071=CARTESIAN_POINT('',(0.,11.4715287270209,7.37236839860093));
#6072=CARTESIAN_POINT('',(0.,26.2346763418043,-13.7115914406916));
#6073=CARTESIAN_POINT('',(0.,13.4247680690393,7.37236839860093));
#6074=CARTESIAN_POINT('',(0.,43.2357643635105,7.37236839860093));
#6075=CARTESIAN_POINT('',(0.,19.3731396501453,-1.12278661831714));
#6076=CARTESIAN_POINT('Origin',(3.,50.4834566057217,11.9));
#6077=CARTESIAN_POINT('',(3.,38.3676120181735,10.));
#6078=CARTESIAN_POINT('',(3.,61.2908562627692,10.));
#6079=CARTESIAN_POINT('',(3.,46.8005343119476,10.));
#6080=CARTESIAN_POINT('',(3.,38.3676120181735,13.8));
#6081=CARTESIAN_POINT('',(3.,38.3676120181735,10.95));
#6082=CARTESIAN_POINT('',(3.,62.5993011932699,13.8));
#6083=CARTESIAN_POINT('',(3.,44.4255343119476,13.8));
#6084=CARTESIAN_POINT('',(3.,63.8,17.287082535318));
#6085=CARTESIAN_POINT('Origin',(0.,38.3676120181735,13.8));
#6086=CARTESIAN_POINT('',(18.8,38.3676120181735,13.8));
#6087=CARTESIAN_POINT('',(0.,38.3676120181735,13.8));
#6088=CARTESIAN_POINT('',(21.6762617481986,38.3676120181735,13.8));
#6089=CARTESIAN_POINT('',(0.,38.3676120181735,13.8));
#6090=CARTESIAN_POINT('',(15.9538640853218,53.1,13.8));
#6091=CARTESIAN_POINT('',(18.5948089534052,46.3008527321295,13.8));
#6092=CARTESIAN_POINT('',(6.65386408532183,53.1,13.8));
#6093=CARTESIAN_POINT('',(0.,53.1,13.8));
#6094=CARTESIAN_POINT('',(6.65386408532183,54.5,13.8));
#6095=CARTESIAN_POINT('',(6.65386408532183,54.35,13.8));
#6096=CARTESIAN_POINT('',(15.5173506700833,54.5,13.8));
#6097=CARTESIAN_POINT('',(0.,54.5,13.8));
#6098=CARTESIAN_POINT('',(12.3713961733326,62.5993011932699,13.8));
#6099=CARTESIAN_POINT('',(13.7096607330668,59.1539214979307,13.8));
#6100=CARTESIAN_POINT('',(0.,62.5993011932699,13.8));
#6101=CARTESIAN_POINT('Origin',(0.,38.3676120181735,10.));
#6102=CARTESIAN_POINT('',(18.8,38.3676120181735,10.));
#6103=CARTESIAN_POINT('',(6.49406543704963,38.3676120181735,10.));
#6104=CARTESIAN_POINT('',(18.8,38.3676120181735,30.5));
#6105=CARTESIAN_POINT('Origin',(6.65386408532183,55.6,52.9));
#6106=CARTESIAN_POINT('',(6.65386408532183,56.7,76.6097870357091));
#6107=CARTESIAN_POINT('',(6.65386408532183,53.1,66.7188683256726));
#6108=CARTESIAN_POINT('',(6.65386408532183,51.0255728881426,61.0194266775399));
#6109=CARTESIAN_POINT('',(6.65386408532183,56.7,92.));
#6110=CARTESIAN_POINT('',(6.65386408532183,56.7,64.7548935178545));
#6111=CARTESIAN_POINT('',(6.65386408532183,58.1,91.9999999999999));
#6112=CARTESIAN_POINT('',(6.65386408532183,56.85,92.));
#6113=CARTESIAN_POINT('',(6.65386408532183,58.1,50.1999999999999));
#6114=CARTESIAN_POINT('',(6.65386408532183,58.1,66.45));
#6115=CARTESIAN_POINT('',(6.65386408532183,54.5,40.3090812899633));
#6116=CARTESIAN_POINT('',(6.65386408532183,58.3876594134878,50.9903377430512));
#6117=CARTESIAN_POINT('',(6.65386408532183,54.5,46.6045406449817));
#6118=CARTESIAN_POINT('',(6.65386408532183,53.1,33.35));
#6119=CARTESIAN_POINT('Origin',(0.,54.5,40.3090812899633));
#6120=CARTESIAN_POINT('',(15.5173506700833,54.5,40.3090812899633));
#6121=CARTESIAN_POINT('',(0.,54.5,40.3090812899633));
#6122=CARTESIAN_POINT('',(15.5173506700833,54.5,43.6045406449817));
#6123=CARTESIAN_POINT('Origin',(0.,58.1,50.1999999999999));
#6124=CARTESIAN_POINT('',(14.1190280348276,58.1,50.1999999999999));
#6125=CARTESIAN_POINT('',(0.,58.1,50.1999999999999));
#6126=CARTESIAN_POINT('',(14.1869125437662,57.9252304396587,49.7198245793543));
#6127=CARTESIAN_POINT('Origin',(23.5,58.1,80.));
#6128=CARTESIAN_POINT('',(15.8354875659351,58.1,91.9999999999999));
#6129=CARTESIAN_POINT('',(23.5,58.1,91.9999999999999));
#6130=CARTESIAN_POINT('',(15.8354875659351,58.1,80.));
#6131=CARTESIAN_POINT('',(15.8354875659351,58.1,106.75));
#6132=CARTESIAN_POINT('',(14.1190280348276,58.1,80.));
#6133=CARTESIAN_POINT('',(23.5,58.1,80.));
#6134=CARTESIAN_POINT('',(14.1190280348276,58.1,63.45));
#6135=CARTESIAN_POINT('Origin',(18.8,37.6676120181735,51.));
#6136=CARTESIAN_POINT('',(18.8,38.3676120181735,92.));
#6137=CARTESIAN_POINT('',(18.8,38.0176120181735,92.));
#6138=CARTESIAN_POINT('',(18.8,38.3676120181735,25.5));
#6139=CARTESIAN_POINT('',(18.8,40.3926120181735,10.));
#6140=CARTESIAN_POINT('Origin',(4.3,38.3676120181735,0.));
#6141=CARTESIAN_POINT('',(21.6762617481986,38.3676120181735,92.));
#6142=CARTESIAN_POINT('',(0.,38.3676120181735,92.));
#6143=CARTESIAN_POINT('',(21.6762617481986,38.3676120181735,72.45));
#6144=CARTESIAN_POINT('Origin',(0.,38.3676120181735,92.));
#6145=CARTESIAN_POINT('',(5.8,38.3676120181735,93.3));
#6146=CARTESIAN_POINT('',(0.,38.3676120181735,93.3));
#6147=CARTESIAN_POINT('',(5.8,38.3676120181735,92.));
#6148=CARTESIAN_POINT('',(5.8,38.3676120181735,93.3));
#6149=CARTESIAN_POINT('',(0.,38.3676120181735,92.));
#6150=CARTESIAN_POINT('Origin',(5.8,44.95,93.3));
#6151=CARTESIAN_POINT('',(5.8,44.95,93.3));
#6152=CARTESIAN_POINT('',(7.3,46.45,92.8));
#6153=CARTESIAN_POINT('',(5.8,44.95,93.3));
#6154=CARTESIAN_POINT('',(7.3,46.45,91.5));
#6155=CARTESIAN_POINT('',(7.3,46.45,92.8));
#6156=CARTESIAN_POINT('',(5.8,44.95,92.));
#6157=CARTESIAN_POINT('',(5.8,44.95,92.));
#6158=CARTESIAN_POINT('',(5.8,44.95,93.3));
#6159=CARTESIAN_POINT('Origin',(8.3,45.7,92.4));
#6160=CARTESIAN_POINT('',(8.3,44.95,92.));
#6161=CARTESIAN_POINT('',(8.3,46.45,92.));
#6162=CARTESIAN_POINT('',(8.3,52.25,92.));
#6163=CARTESIAN_POINT('',(8.3,46.45,91.5));
#6164=CARTESIAN_POINT('',(8.3,46.45,91.5));
#6165=CARTESIAN_POINT('',(8.3,46.45,92.8));
#6166=CARTESIAN_POINT('Origin',(8.3,46.45,92.8));
#6167=CARTESIAN_POINT('',(8.3,46.45,92.8));
#6168=CARTESIAN_POINT('',(8.3,46.45,93.05));
#6169=CARTESIAN_POINT('',(8.3,46.45,91.5));
#6170=CARTESIAN_POINT('',(8.3,46.45,92.8));
#6171=CARTESIAN_POINT('Origin',(8.3,44.95,93.3));
#6172=CARTESIAN_POINT('',(8.3,44.95,93.3));
#6173=CARTESIAN_POINT('',(8.3,46.2325,92.8725));
#6174=CARTESIAN_POINT('',(4.15,44.95,93.3));
#6175=CARTESIAN_POINT('Origin',(8.3,46.45,91.5));
#6176=CARTESIAN_POINT('',(4.15,44.95,92.));
#6177=CARTESIAN_POINT('Origin',(8.3,47.8,93.3));
#6178=CARTESIAN_POINT('',(8.3,47.8,93.3));
#6179=CARTESIAN_POINT('',(8.3,43.0838060090868,93.3));
#6180=CARTESIAN_POINT('',(8.3,47.8,92.));
#6181=CARTESIAN_POINT('',(8.3,47.8,93.3));
#6182=CARTESIAN_POINT('',(8.3,52.25,92.));
#6183=CARTESIAN_POINT('Origin',(5.8,44.95,93.3));
#6184=CARTESIAN_POINT('',(5.79999999999999,50.825,92.));
#6185=CARTESIAN_POINT('',(5.8,41.6588060090868,93.3));
#6186=CARTESIAN_POINT('Origin',(8.3,50.05,93.3));
#6187=CARTESIAN_POINT('',(8.3,52.3,92.));
#6188=CARTESIAN_POINT('Origin',(8.3,50.05,92.));
#6189=CARTESIAN_POINT('',(8.3,52.3,93.3));
#6190=CARTESIAN_POINT('Origin',(8.3,50.05,93.3));
#6191=CARTESIAN_POINT('',(8.3,52.3,93.3));
#6192=CARTESIAN_POINT('Origin',(8.3,54.5,93.3));
#6193=CARTESIAN_POINT('',(8.3,54.5,92.));
#6194=CARTESIAN_POINT('',(8.3,55.6,92.));
#6195=CARTESIAN_POINT('',(8.3,54.5,93.3));
#6196=CARTESIAN_POINT('',(8.3,46.4338060090868,93.3));
#6197=CARTESIAN_POINT('',(8.3,54.5,93.3));
#6198=CARTESIAN_POINT('Origin',(3.5,54.5,93.3));
#6199=CARTESIAN_POINT('',(3.5,54.5,92.));
#6200=CARTESIAN_POINT('',(1.75,54.5,92.));
#6201=CARTESIAN_POINT('',(3.5,54.5,93.3));
#6202=CARTESIAN_POINT('',(1.75,54.5,93.3));
#6203=CARTESIAN_POINT('',(3.5,54.5,93.3));
#6204=CARTESIAN_POINT('Origin',(3.5,58.,93.3));
#6205=CARTESIAN_POINT('',(3.5,58.,92.));
#6206=CARTESIAN_POINT('',(3.5,57.35,92.));
#6207=CARTESIAN_POINT('',(3.5,58.,93.3));
#6208=CARTESIAN_POINT('',(3.5,48.1838060090868,93.3));
#6209=CARTESIAN_POINT('',(3.5,58.,93.3));
#6210=CARTESIAN_POINT('Origin',(0.,58.,93.3));
#6211=CARTESIAN_POINT('',(0.,58.,92.));
#6212=CARTESIAN_POINT('',(0.,58.,93.3));
#6213=CARTESIAN_POINT('Origin',(0.,56.7,92.));
#6214=CARTESIAN_POINT('',(8.,60.8,91.9999999999999));
#6215=CARTESIAN_POINT('',(23.5,60.8,91.9999999999999));
#6216=CARTESIAN_POINT('',(8.,62.4,92.));
#6217=CARTESIAN_POINT('',(8.,61.1999999999999,92.));
#6218=CARTESIAN_POINT('',(0.,62.4,92.));
#6219=CARTESIAN_POINT('',(13.,65.4,92.));
#6220=CARTESIAN_POINT('',(2.3,65.4,92.));
#6221=CARTESIAN_POINT('',(12.1478894173602,67.5937698926988,92.));
#6222=CARTESIAN_POINT('',(14.5555414500662,56.7,92.));
#6223=CARTESIAN_POINT('',(0.,56.7,92.));
#6224=CARTESIAN_POINT('',(15.5011904291125,54.2654142765525,92.));
#6225=CARTESIAN_POINT('Origin',(0.,23.1869958217302,18.3));
#6226=CARTESIAN_POINT('',(18.993948592175,17.5452477135618,18.3));
#6227=CARTESIAN_POINT('Origin',(0.,10.8,29.4044780622064));
#6228=CARTESIAN_POINT('',(7.4,10.8,29.4044780622064));
#6229=CARTESIAN_POINT('',(7.4,9.34431496790369,31.483411739239));
#6230=CARTESIAN_POINT('',(16.5741455504713,10.8,29.4044780622064));
#6231=CARTESIAN_POINT('',(0.,10.8,29.4044780622064));
#6232=CARTESIAN_POINT('',(15.8169837783592,8.68939693681032,32.4187316199245));
#6233=CARTESIAN_POINT('Origin',(0.,10.8,72.8));
#6234=CARTESIAN_POINT('',(16.5741455504713,10.8,56.7787259639302));
#6235=CARTESIAN_POINT('',(7.4,10.8,74.3));
#6236=CARTESIAN_POINT('',(7.4,10.8,34.758586276785));
#6237=CARTESIAN_POINT('',(0.,10.8,74.3));
#6238=CARTESIAN_POINT('',(8.4,10.8,113.3));
#6239=CARTESIAN_POINT('',(0.,10.8,113.3));
#6240=CARTESIAN_POINT('',(8.4,10.8,131.9));
#6241=CARTESIAN_POINT('',(8.4,10.8,113.3));
#6242=CARTESIAN_POINT('',(16.5741455504713,10.8,131.9));
#6243=CARTESIAN_POINT('',(0.,10.8,131.9));
#6244=CARTESIAN_POINT('',(16.5741455504713,10.8,94.35));
#6245=CARTESIAN_POINT('',(16.5741455504713,10.8,117.5));
#6246=CARTESIAN_POINT('',(3.8,10.8,94.35));
#6247=CARTESIAN_POINT('',(11.75,10.8,94.35));
#6248=CARTESIAN_POINT('',(3.8,10.8,82.25));
#6249=CARTESIAN_POINT('',(3.8,10.8,91.325));
#6250=CARTESIAN_POINT('',(16.5741455504713,10.8,82.25));
#6251=CARTESIAN_POINT('',(11.75,10.8,82.25));
#6252=CARTESIAN_POINT('',(16.5741455504713,10.8,74.3));
#6253=CARTESIAN_POINT('',(16.5741455504713,10.8,92.675));
#6254=CARTESIAN_POINT('',(0.,10.8,74.3));
#6255=CARTESIAN_POINT('Origin',(19.3665105592446,18.5837713922358,40.7574519278605));
#6256=CARTESIAN_POINT('',(18.0093005048564,14.8005221531822,30.5));
#6257=CARTESIAN_POINT('',(18.0093005048564,14.8005221531822,44.5));
#6258=CARTESIAN_POINT('',(18.0093005048564,14.8005221531822,35.6287259639302));
#6259=CARTESIAN_POINT('',(20.3898805321462,21.4364349565325,30.5));
#6260=CARTESIAN_POINT('',(19.9751049157504,20.2802399150695,30.5));
#6261=CARTESIAN_POINT('',(20.3898805321462,21.4364349565325,44.5));
#6262=CARTESIAN_POINT('',(20.3898805321462,21.4364349565325,42.6287259639302));
#6263=CARTESIAN_POINT('',(18.7848149021056,16.9622835133944,44.5));
#6264=CARTESIAN_POINT('',(18.0093005048564,14.8005221531822,51.55));
#6265=CARTESIAN_POINT('',(18.0093005048564,14.8005221531822,65.35));
#6266=CARTESIAN_POINT('',(18.0093005048564,14.8005221531822,46.1537259639302));
#6267=CARTESIAN_POINT('',(20.3898805321462,21.4364349565325,51.55));
#6268=CARTESIAN_POINT('',(19.9751049157504,20.2802399150695,51.55));
#6269=CARTESIAN_POINT('',(20.3898805321462,21.4364349565325,65.35));
#6270=CARTESIAN_POINT('',(20.3898805321462,21.4364349565325,53.0537259639302));
#6271=CARTESIAN_POINT('',(18.7848149021056,16.9622835133944,65.35));
#6272=CARTESIAN_POINT('Origin',(0.,24.3869958217302,17.1));
#6273=CARTESIAN_POINT('',(21.4483703696628,24.3869958217302,17.1));
#6274=CARTESIAN_POINT('',(0.,24.3869958217302,17.1));
#6275=CARTESIAN_POINT('',(21.4483703696628,24.3869958217302,12.9774693608132));
#6276=CARTESIAN_POINT('',(21.4483703696628,24.3869958217302,28.9287259639302));
#6277=CARTESIAN_POINT('',(0.,24.3869958217302,12.9774693608132));
#6278=CARTESIAN_POINT('Origin',(0.,25.2869958217302,17.1));
#6279=CARTESIAN_POINT('',(21.7712380877978,25.2869958217302,17.1));
#6280=CARTESIAN_POINT('',(0.,25.2869958217302,17.1));
#6281=CARTESIAN_POINT('',(19.3276780334831,18.4755249766845,17.1));
#6282=CARTESIAN_POINT('Origin',(0.,25.2869958217302,11.6921361547453));
#6283=CARTESIAN_POINT('',(21.7712380877978,25.2869958217302,11.6921361547453));
#6284=CARTESIAN_POINT('',(0.,25.2869958217302,11.6921361547453));
#6285=CARTESIAN_POINT('',(21.7712380877978,25.2869958217302,26.2247940413029));
#6286=CARTESIAN_POINT('Origin',(0.,24.3869958217302,12.9774693608132));
#6287=CARTESIAN_POINT('',(18.3958207946282,15.8779549259721,25.1296391553775));
#6288=CARTESIAN_POINT('Origin',(19.3665105592446,18.5837713922358,40.7574519278605));
#6289=CARTESIAN_POINT('Origin',(19.7091420088474,14.8005221531822,65.35));
#6290=CARTESIAN_POINT('',(22.0897220361371,21.4364349565325,65.35));
#6291=CARTESIAN_POINT('',(22.0897220361371,21.4364349565325,65.35));
#6292=CARTESIAN_POINT('',(19.7091420088474,14.8005221531822,65.35));
#6293=CARTESIAN_POINT('',(21.6045710044239,20.0840670856778,65.35));
#6294=CARTESIAN_POINT('',(19.7091420088474,14.8005221531822,65.35));
#6295=CARTESIAN_POINT('Origin',(22.0897220361371,21.4364349565325,65.35));
#6296=CARTESIAN_POINT('',(22.0897220361371,21.4364349565325,51.55));
#6297=CARTESIAN_POINT('',(22.0897220361371,21.4364349565325,51.55));
#6298=CARTESIAN_POINT('',(22.0897220361372,21.4364349565325,99.425));
#6299=CARTESIAN_POINT('Origin',(19.7091420088474,14.8005221531822,44.5));
#6300=CARTESIAN_POINT('',(22.0897220361371,21.4364349565325,44.5));
#6301=CARTESIAN_POINT('',(22.0897220361371,21.4364349565325,44.5));
#6302=CARTESIAN_POINT('',(19.7091420088474,14.8005221531822,44.5));
#6303=CARTESIAN_POINT('',(21.6045710044239,20.0840670856778,44.5));
#6304=CARTESIAN_POINT('',(19.7091420088474,14.8005221531822,44.5));
#6305=CARTESIAN_POINT('Origin',(22.0897220361371,21.4364349565325,44.5));
#6306=CARTESIAN_POINT('',(22.0897220361371,21.4364349565325,30.5));
#6307=CARTESIAN_POINT('',(22.0897220361371,21.4364349565325,30.5));
#6308=CARTESIAN_POINT('',(22.0897220361372,21.4364349565325,89.));
#6309=CARTESIAN_POINT('Origin',(7.45,28.2099472173363,3.77500000000001));
#6310=CARTESIAN_POINT('',(7.45,29.7328986129425,1.6));
#6311=CARTESIAN_POINT('',(7.45,58.3985043111361,1.6));
#6312=CARTESIAN_POINT('',(7.45,27.4484715195333,4.86250000000001));
#6313=CARTESIAN_POINT('Origin',(0.,26.6869958217302,5.95000000000002));
#6314=CARTESIAN_POINT('',(19.4,29.7328986129425,1.6));
#6315=CARTESIAN_POINT('',(19.4,29.7328986129425,1.6));
#6316=CARTESIAN_POINT('',(0.,29.7328986129425,1.6));
#6317=CARTESIAN_POINT('Origin',(19.4,32.5273039199519,5.8));
#6318=CARTESIAN_POINT('',(19.4,38.3676120181735,1.6));
#6319=CARTESIAN_POINT('',(19.4,38.3676120181735,10.));
#6320=CARTESIAN_POINT('',(19.4,38.3676120181735,2.9));
#6321=CARTESIAN_POINT('',(19.4,58.3985043111361,1.6));
#6322=CARTESIAN_POINT('',(19.4,30.6474579690627,5.95000000000003));
#6323=CARTESIAN_POINT('',(19.4,38.3676120181735,10.));
#6324=CARTESIAN_POINT('Origin',(4.3,38.3676120181735,0.));
#6325=CARTESIAN_POINT('',(4.3,38.3676120181735,1.6));
#6326=CARTESIAN_POINT('',(2.15,38.3676120181735,1.6));
#6327=CARTESIAN_POINT('',(21.7835404688928,38.3676120181735,10.));
#6328=CARTESIAN_POINT('',(0.,38.3676120181735,10.));
#6329=CARTESIAN_POINT('',(21.7835404688928,38.3676120181735,3.5));
#6330=CARTESIAN_POINT('',(21.7835404688928,38.3676120181735,7.9));
#6331=CARTESIAN_POINT('',(23.5000000000003,38.3676120181735,3.5));
#6332=CARTESIAN_POINT('',(23.5000000000003,38.3676120181735,3.5));
#6333=CARTESIAN_POINT('',(23.5000000000003,38.3676120181735,0.));
#6334=CARTESIAN_POINT('',(23.5,38.3676120181742,66.75));
#6335=CARTESIAN_POINT('',(4.3,38.3676120181735,0.));
#6336=CARTESIAN_POINT('',(8.025,38.3676120181735,0.));
#6337=CARTESIAN_POINT('',(4.3,38.3676120181735,0.));
#6338=CARTESIAN_POINT('Origin',(12.9881308740993,43.1176120181735,10.));
#6339=CARTESIAN_POINT('',(12.879626218695,61.2908562627692,10.));
#6340=CARTESIAN_POINT('',(0.,61.2908562627692,10.));
#6341=CARTESIAN_POINT('',(14.3738930527626,57.4438466621132,10.));
#6342=CARTESIAN_POINT('Origin',(0.,56.7,76.6097870357091));
#6343=CARTESIAN_POINT('',(14.5555414500662,56.7,76.6097870357091));
#6344=CARTESIAN_POINT('',(0.,56.7,76.6097870357091));
#6345=CARTESIAN_POINT('',(14.5555414500662,56.7,64.7548935178545));
#6346=CARTESIAN_POINT('Origin',(0.,53.1,66.7188683256726));
#6347=CARTESIAN_POINT('',(15.9538640853218,53.1,66.7188683256726));
#6348=CARTESIAN_POINT('',(0.,53.1,66.7188683256726));
#6349=CARTESIAN_POINT('',(16.8219393158027,50.8651289116407,60.5786104750135));
#6350=CARTESIAN_POINT('Origin',(0.,53.1,13.8));
#6351=CARTESIAN_POINT('',(15.9538640853218,53.1,33.35));
#6352=CARTESIAN_POINT('Origin',(0.,63.8,71.4));
#6353=CARTESIAN_POINT('',(13.0702860583859,60.8,71.4));
#6354=CARTESIAN_POINT('',(11.9050171956729,63.8,71.4));
#6355=CARTESIAN_POINT('',(12.1402715021361,63.1943346965038,71.4));
#6356=CARTESIAN_POINT('',(0.,60.8,71.4));
#6357=CARTESIAN_POINT('',(0.,63.8,71.4));
#6358=CARTESIAN_POINT('Origin',(13.9362013684365,58.5706896551724,46.9));
#6359=CARTESIAN_POINT('',(13.0702860583859,60.8,80.));
#6360=CARTESIAN_POINT('',(13.0702860583859,60.8,59.15));
#6361=CARTESIAN_POINT('',(11.9050171956729,63.8,46.1445416939515));
#6362=CARTESIAN_POINT('',(11.9050171956729,63.8,46.5222708469758));
#6363=CARTESIAN_POINT('',(12.9926014675384,61.,46.1445416939515));
#6364=CARTESIAN_POINT('',(14.1531295322585,58.0122052467322,46.1445416939515));
#6365=CARTESIAN_POINT('',(12.9926014675384,61.,37.7445416939515));
#6366=CARTESIAN_POINT('',(12.9926014675384,61.,42.3222708469758));
#6367=CARTESIAN_POINT('',(11.9050171956729,63.8,37.7445416939515));
#6368=CARTESIAN_POINT('',(13.6806252476772,59.2286737366252,37.7445416939515));
#6369=CARTESIAN_POINT('',(11.9050171956729,63.8,17.287082535318));
#6370=CARTESIAN_POINT('',(11.9050171956729,63.8,32.093541267659));
#6371=CARTESIAN_POINT('',(10.4202617667564,67.6225223631039,28.3884935624036));
#6372=CARTESIAN_POINT('',(14.1868798383,57.9253146403112,80.));
#6373=CARTESIAN_POINT('Origin',(23.5,63.8,37.7445416939515));
#6374=CARTESIAN_POINT('',(3.8,63.8,37.7445416939515));
#6375=CARTESIAN_POINT('',(11.75,63.8,37.7445416939515));
#6376=CARTESIAN_POINT('',(14.7090609986458,61.,37.7445416939515));
#6377=CARTESIAN_POINT('',(23.5,61.,37.7445416939515));
#6378=CARTESIAN_POINT('',(13.,65.4,37.7445416939515));
#6379=CARTESIAN_POINT('',(13.6882431629013,63.6281089328202,37.7445416939516));
#6380=CARTESIAN_POINT('',(3.8,65.4,37.7445416939515));
#6381=CARTESIAN_POINT('',(14.05,65.4,37.7445416939516));
#6382=CARTESIAN_POINT('',(3.8,65.,37.7445416939515));
#6383=CARTESIAN_POINT('Origin',(23.5,61.,37.7445416939515));
#6384=CARTESIAN_POINT('',(14.7090609986458,61.,46.1445416939515));
#6385=CARTESIAN_POINT('',(23.5,61.,46.1445416939515));
#6386=CARTESIAN_POINT('',(14.7090609986458,61.,85.6222708469758));
#6387=CARTESIAN_POINT('Origin',(23.5,61.,46.1445416939515));
#6388=CARTESIAN_POINT('',(3.8,63.8,46.1445416939515));
#6389=CARTESIAN_POINT('',(11.75,63.8,46.1445416939515));
#6390=CARTESIAN_POINT('',(3.8,65.4,46.1445416939515));
#6391=CARTESIAN_POINT('',(3.8,64.2,46.1445416939515));
#6392=CARTESIAN_POINT('',(13.,65.4,46.1445416939515));
#6393=CARTESIAN_POINT('',(14.05,65.4,46.1445416939515));
#6394=CARTESIAN_POINT('',(13.9582456112335,62.9329840814528,46.1445416939515));
#6395=CARTESIAN_POINT('Origin',(18.3549826244132,46.9182887677074,52.9));
#6396=CARTESIAN_POINT('',(20.1079099212564,42.4053544065456,74.9));
#6397=CARTESIAN_POINT('',(20.1079099212564,42.4053544065456,85.2));
#6398=CARTESIAN_POINT('',(20.1079099212564,42.4053544065456,63.9));
#6399=CARTESIAN_POINT('',(16.6863581971184,51.2141842833822,74.9));
#6400=CARTESIAN_POINT('',(17.6402109234062,48.7584779048551,74.9));
#6401=CARTESIAN_POINT('',(16.6863581971184,51.2141842833822,85.2));
#6402=CARTESIAN_POINT('',(16.6863581971184,51.2141842833822,69.05));
#6403=CARTESIAN_POINT('',(19.3509867854752,44.3540629664368,85.2));
#6404=CARTESIAN_POINT('',(20.1079099212564,42.4053544065456,36.8500000000001));
#6405=CARTESIAN_POINT('',(20.1079099212564,42.4053544065456,51.1500000000001));
#6406=CARTESIAN_POINT('',(20.1079099212564,42.4053544065456,44.875));
#6407=CARTESIAN_POINT('',(16.6863581971184,51.2141842833821,36.8500000000001));
#6408=CARTESIAN_POINT('',(17.6402109234062,48.7584779048551,36.8500000000001));
#6409=CARTESIAN_POINT('',(16.6863581971184,51.2141842833821,51.1500000000001));
#6410=CARTESIAN_POINT('',(16.6863581971184,51.2141842833821,52.025));
#6411=CARTESIAN_POINT('',(19.3509867854752,44.3540629664368,51.1500000000001));
#6412=CARTESIAN_POINT('',(20.1079099212564,42.4053544065456,57.9000000000001));
#6413=CARTESIAN_POINT('',(20.1079099212564,42.4053544065456,67.9));
#6414=CARTESIAN_POINT('',(20.1079099212564,42.4053544065456,55.4));
#6415=CARTESIAN_POINT('',(16.6863581971184,51.2141842833822,57.9000000000001));
#6416=CARTESIAN_POINT('',(17.6402109234062,48.7584779048551,57.9000000000001));
#6417=CARTESIAN_POINT('',(16.6863581971184,51.2141842833822,67.9000000000001));
#6418=CARTESIAN_POINT('',(16.6863581971184,51.2141842833822,60.4));
#6419=CARTESIAN_POINT('',(19.3509867854752,44.3540629664368,67.9));
#6420=CARTESIAN_POINT('',(20.1079099212564,42.4053544065456,18.9500000000001));
#6421=CARTESIAN_POINT('',(20.1079099212564,42.4053544065456,31.8500000000001));
#6422=CARTESIAN_POINT('',(20.1079099212564,42.4053544065456,35.925));
#6423=CARTESIAN_POINT('',(16.6863581971184,51.2141842833821,18.9500000000001));
#6424=CARTESIAN_POINT('',(17.6402109234062,48.7584779048551,18.9500000000001));
#6425=CARTESIAN_POINT('',(16.6863581971184,51.2141842833821,31.8500000000001));
#6426=CARTESIAN_POINT('',(16.6863581971184,51.2141842833821,42.375));
#6427=CARTESIAN_POINT('',(19.3509867854752,44.3540629664368,31.8500000000001));
#6428=CARTESIAN_POINT('Origin',(21.9316481730581,42.4053544065456,31.8500000000001));
#6429=CARTESIAN_POINT('',(18.5100964489201,51.2141842833821,31.8500000000001));
#6430=CARTESIAN_POINT('',(18.5100964489201,51.2141842833821,31.8500000000001));
#6431=CARTESIAN_POINT('',(21.9316481730581,42.4053544065456,31.8500000000001));
#6432=CARTESIAN_POINT('',(17.465824086529,53.9026772032728,31.8500000000001));
#6433=CARTESIAN_POINT('',(21.9316481730581,42.4053544065456,31.8500000000001));
#6434=CARTESIAN_POINT('Origin',(18.5100964489201,51.2141842833821,31.8500000000001));
#6435=CARTESIAN_POINT('',(18.5100964489201,51.2141842833821,18.9500000000001));
#6436=CARTESIAN_POINT('',(18.5100964489201,51.2141842833821,18.9500000000001));
#6437=CARTESIAN_POINT('',(18.5100964489201,51.2141842833821,82.6750000000001));
#6438=CARTESIAN_POINT('Origin',(21.9316481730581,42.4053544065456,67.9));
#6439=CARTESIAN_POINT('',(18.5100964489201,51.2141842833822,67.9000000000001));
#6440=CARTESIAN_POINT('',(18.5100964489201,51.2141842833822,67.9000000000001));
#6441=CARTESIAN_POINT('',(21.9316481730581,42.4053544065456,67.9));
#6442=CARTESIAN_POINT('',(17.465824086529,53.9026772032729,67.9000000000001));
#6443=CARTESIAN_POINT('',(21.9316481730581,42.4053544065456,67.9));
#6444=CARTESIAN_POINT('Origin',(18.5100964489201,51.2141842833822,67.9000000000001));
#6445=CARTESIAN_POINT('',(18.5100964489201,51.2141842833822,57.9000000000001));
#6446=CARTESIAN_POINT('',(18.5100964489201,51.2141842833822,57.9000000000001));
#6447=CARTESIAN_POINT('',(18.51009644892,51.2141842833822,100.7));
#6448=CARTESIAN_POINT('Origin',(21.9316481730581,42.4053544065456,51.1500000000001));
#6449=CARTESIAN_POINT('',(18.5100964489201,51.2141842833821,51.1500000000001));
#6450=CARTESIAN_POINT('',(18.5100964489201,51.2141842833821,51.1500000000001));
#6451=CARTESIAN_POINT('',(21.9316481730581,42.4053544065456,51.1500000000001));
#6452=CARTESIAN_POINT('',(17.465824086529,53.9026772032728,51.1500000000001));
#6453=CARTESIAN_POINT('',(21.9316481730581,42.4053544065456,51.1500000000001));
#6454=CARTESIAN_POINT('Origin',(18.5100964489201,51.2141842833821,51.1500000000001));
#6455=CARTESIAN_POINT('',(18.5100964489201,51.2141842833821,36.8500000000001));
#6456=CARTESIAN_POINT('',(18.5100964489201,51.2141842833821,36.8500000000001));
#6457=CARTESIAN_POINT('',(18.51009644892,51.2141842833822,92.325));
#6458=CARTESIAN_POINT('Origin',(21.9316481730581,42.4053544065456,85.2));
#6459=CARTESIAN_POINT('',(18.5100964489201,51.2141842833822,85.2));
#6460=CARTESIAN_POINT('',(18.5100964489201,51.2141842833822,85.2));
#6461=CARTESIAN_POINT('',(21.9316481730581,42.4053544065456,85.2));
#6462=CARTESIAN_POINT('',(17.465824086529,53.9026772032728,85.2));
#6463=CARTESIAN_POINT('',(21.9316481730581,42.4053544065456,85.2));
#6464=CARTESIAN_POINT('Origin',(18.5100964489201,51.2141842833822,85.2));
#6465=CARTESIAN_POINT('',(18.5100964489201,51.2141842833822,74.9));
#6466=CARTESIAN_POINT('',(18.5100964489201,51.2141842833822,74.9));
#6467=CARTESIAN_POINT('',(18.51009644892,51.2141842833822,109.35));
#6468=CARTESIAN_POINT('Origin',(0.,58.3985043111361,1.6));
#6469=CARTESIAN_POINT('',(14.0030821084435,58.3985043111361,1.6));
#6470=CARTESIAN_POINT('',(13.8590652671873,58.7692775614936,2.67680370683969));
#6471=CARTESIAN_POINT('',(0.,63.8,17.287082535318));
#6472=CARTESIAN_POINT('',(0.,58.3985043111361,1.6));
#6473=CARTESIAN_POINT('Origin',(17.5566007793523,49.2499237956438,5.8));
#6474=CARTESIAN_POINT('',(18.0935224036348,47.8676120181735,3.5));
#6475=CARTESIAN_POINT('',(18.0935224036348,47.8676120181735,1.6));
#6476=CARTESIAN_POINT('',(18.0935224036348,47.8676120181735,2.9));
#6477=CARTESIAN_POINT('',(18.8003045692671,46.0479920448397,3.5));
#6478=CARTESIAN_POINT('',(18.2422255963607,47.4847736943735,1.6));
#6479=CARTESIAN_POINT('Origin',(4.3,47.8676120181735,0.));
#6480=CARTESIAN_POINT('',(4.3,47.8676120181735,1.6));
#6481=CARTESIAN_POINT('',(4.3,43.1176120181735,1.6));
#6482=CARTESIAN_POINT('',(4.3,47.8676120181735,0.));
#6483=CARTESIAN_POINT('',(4.3,42.6838060090868,0.));
#6484=CARTESIAN_POINT('',(4.3,47.8676120181735,0.));
#6485=CARTESIAN_POINT('Origin',(10.7946020744224,42.25,131.9));
#6486=CARTESIAN_POINT('',(21.5892041488447,34.6869958217302,131.9));
#6487=CARTESIAN_POINT('Origin',(23.5,30.2676120181735,1.39294572137615));
#6488=CARTESIAN_POINT('',(20.5,30.2676120181735,5.94999999999999));
#6489=CARTESIAN_POINT('',(21.9,30.2676120181735,5.94999999999999));
#6490=CARTESIAN_POINT('',(11.75,30.2676120181735,5.94999999999999));
#6491=CARTESIAN_POINT('',(21.9,30.2676120181735,6.94999999999998));
#6492=CARTESIAN_POINT('',(21.9,30.2676120181735,35.1589728606881));
#6493=CARTESIAN_POINT('',(23.5,30.2676120181735,6.94999999999999));
#6494=CARTESIAN_POINT('',(23.5,30.2676120181735,6.94999999999999));
#6495=CARTESIAN_POINT('',(23.5,30.2676120181735,1.39294572137615));
#6496=CARTESIAN_POINT('',(23.5,30.2676120181735,0.696472860688073));
#6497=CARTESIAN_POINT('',(20.5,30.2676120181735,1.39294572137615));
#6498=CARTESIAN_POINT('',(23.5,30.2676120181735,1.39294572137615));
#6499=CARTESIAN_POINT('',(20.5,30.2676120181735,6.94999999999999));
#6500=CARTESIAN_POINT('Origin',(0.,25.2869958217302,74.3));
#6501=CARTESIAN_POINT('',(18.0892041488447,25.2869958217302,131.9));
#6502=CARTESIAN_POINT('',(18.0892041488447,25.2869958217302,88.4979274057837));
#6503=CARTESIAN_POINT('',(21.7712380877978,25.2869958217302,74.3));
#6504=CARTESIAN_POINT('',(0.,25.2869958217302,74.3));
#6505=CARTESIAN_POINT('',(21.7712380877978,25.2869958217302,131.9));
#6506=CARTESIAN_POINT('',(21.7712380877978,25.2869958217302,88.7));
#6507=CARTESIAN_POINT('',(0.,25.2869958217302,131.9));
#6508=CARTESIAN_POINT('Origin',(0.,10.8,74.3));
#6509=CARTESIAN_POINT('',(17.0254223088073,12.0579426795854,74.3));
#6510=CARTESIAN_POINT('Origin',(19.3665105592446,18.5837713922358,103.1));
#6511=CARTESIAN_POINT('',(17.6503712775881,13.8,82.25));
#6512=CARTESIAN_POINT('',(18.3651767452922,15.7925340466048,82.25));
#6513=CARTESIAN_POINT('',(17.6503712775881,13.8,94.35));
#6514=CARTESIAN_POINT('',(17.6503712775881,13.8,98.725));
#6515=CARTESIAN_POINT('',(18.1109066947717,15.08375136994,94.35));
#6516=CARTESIAN_POINT('',(19.3276780334831,18.4755249766845,131.9));
#6517=CARTESIAN_POINT('',(18.7352929954484,16.8242402421472,79.15));
#6518=CARTESIAN_POINT('',(18.7352929954484,16.8242402421472,94.35));
#6519=CARTESIAN_POINT('',(18.7352929954484,16.8242402421472,91.125));
#6520=CARTESIAN_POINT('',(20.3898805321462,21.4364349565325,79.15));
#6521=CARTESIAN_POINT('',(19.9751049157504,20.2802399150695,79.15));
#6522=CARTESIAN_POINT('',(20.3898805321462,21.4364349565325,94.35));
#6523=CARTESIAN_POINT('',(20.3898805321462,21.4364349565325,98.725));
#6524=CARTESIAN_POINT('',(19.1478111474015,17.9741425578769,94.35));
#6525=CARTESIAN_POINT('',(18.0261840511493,14.8475853645535,113.15));
#6526=CARTESIAN_POINT('',(18.0261840511493,14.8475853645535,127.3));
#6527=CARTESIAN_POINT('',(18.0261840511493,14.8475853645535,108.125));
#6528=CARTESIAN_POINT('',(20.3898805321462,21.4364349565325,113.15));
#6529=CARTESIAN_POINT('',(19.9751049157504,20.2802399150695,113.15));
#6530=CARTESIAN_POINT('',(20.3898805321462,21.4364349565325,127.3));
#6531=CARTESIAN_POINT('',(20.3898805321462,21.4364349565325,115.2));
#6532=CARTESIAN_POINT('',(18.793256675252,16.98581511908,127.3));
#6533=CARTESIAN_POINT('Origin',(19.7260255551402,14.8475853645535,127.3));
#6534=CARTESIAN_POINT('',(22.0897220361371,21.4364349565325,127.3));
#6535=CARTESIAN_POINT('',(22.0897220361371,21.4364349565325,127.3));
#6536=CARTESIAN_POINT('',(19.7260255551402,14.8475853645535,127.3));
#6537=CARTESIAN_POINT('',(21.6130127775703,20.1075986913635,127.3));
#6538=CARTESIAN_POINT('',(19.7260255551402,14.8475853645535,127.3));
#6539=CARTESIAN_POINT('Origin',(22.0897220361371,21.4364349565325,127.3));
#6540=CARTESIAN_POINT('',(22.0897220361371,21.4364349565325,113.15));
#6541=CARTESIAN_POINT('',(22.0897220361371,21.4364349565325,113.15));
#6542=CARTESIAN_POINT('',(22.0897220361372,21.4364349565325,130.4));
#6543=CARTESIAN_POINT('Origin',(20.4351344994393,16.8242402421472,94.35));
#6544=CARTESIAN_POINT('',(22.0897220361371,21.4364349565325,94.35));
#6545=CARTESIAN_POINT('',(22.0897220361371,21.4364349565325,94.35));
#6546=CARTESIAN_POINT('',(20.4351344994393,16.8242402421472,94.35));
#6547=CARTESIAN_POINT('',(21.9675672497198,21.0959261301603,94.35));
#6548=CARTESIAN_POINT('',(20.4351344994393,16.8242402421472,94.35));
#6549=CARTESIAN_POINT('Origin',(22.0897220361371,21.4364349565325,94.35));
#6550=CARTESIAN_POINT('',(22.0897220361371,21.4364349565325,79.15));
#6551=CARTESIAN_POINT('',(22.0897220361371,21.4364349565325,79.15));
#6552=CARTESIAN_POINT('',(22.0897220361372,21.4364349565325,113.925));
#6553=CARTESIAN_POINT('Origin',(23.5,9.19999999999996,94.35));
#6554=CARTESIAN_POINT('',(19.3502127815791,13.8,94.35));
#6555=CARTESIAN_POINT('',(23.5,13.8,94.35));
#6556=CARTESIAN_POINT('',(17.7,9.19999999999996,94.35));
#6557=CARTESIAN_POINT('',(20.9306627970901,18.2055349422235,94.35));
#6558=CARTESIAN_POINT('',(3.8,9.19999999999996,94.35));
#6559=CARTESIAN_POINT('',(20.6,9.19999999999997,94.35));
#6560=CARTESIAN_POINT('',(3.8,9.59999999999996,94.35));
#6561=CARTESIAN_POINT('Origin',(23.5,13.8,94.35));
#6562=CARTESIAN_POINT('',(19.3502127815791,13.8,82.25));
#6563=CARTESIAN_POINT('',(23.5,13.8,82.25));
#6564=CARTESIAN_POINT('',(19.3502127815791,13.8,113.925));
#6565=CARTESIAN_POINT('Origin',(23.5,10.8,82.25));
#6566=CARTESIAN_POINT('',(3.8,9.19999999999996,82.25));
#6567=CARTESIAN_POINT('',(3.8,10.4,82.25));
#6568=CARTESIAN_POINT('',(17.7,9.19999999999996,82.25));
#6569=CARTESIAN_POINT('',(20.6,9.19999999999997,82.25));
#6570=CARTESIAN_POINT('',(21.1849328476105,18.9143176188883,82.25));
#6571=CARTESIAN_POINT('Origin',(21.2,31.4273039199519,131.9));
#6572=CARTESIAN_POINT('',(21.5892041488447,34.6869958217302,131.9));
#6573=CARTESIAN_POINT('',(21.5892041488447,26.6869958217302,131.9));
#6574=CARTESIAN_POINT('',(21.5892041488447,34.6869958217302,131.9));
#6575=CARTESIAN_POINT('',(21.9,30.8474579690627,131.9));
#6576=CARTESIAN_POINT('Origin',(21.9,26.6869958217302,6.94999999999998));
#6577=CARTESIAN_POINT('',(21.9,36.1676120181735,5.94999999999999));
#6578=CARTESIAN_POINT('',(21.9,33.9974579690627,5.94999999999999));
#6579=CARTESIAN_POINT('',(21.9,36.1676120181735,6.94999999999998));
#6580=CARTESIAN_POINT('',(21.9,36.1676120181735,37.9375));
#6581=CARTESIAN_POINT('',(21.9,30.2676120181735,6.94999999999999));
#6582=CARTESIAN_POINT('',(21.9,28.7676120181735,5.94999999999999));
#6583=CARTESIAN_POINT('',(21.9,30.2974579690627,5.94999999999999));
#6584=CARTESIAN_POINT('',(21.9,28.7676120181735,6.94999999999998));
#6585=CARTESIAN_POINT('',(21.9,28.7676120181735,37.9375));
#6586=CARTESIAN_POINT('',(21.9,25.6282756427166,6.94999999999999));
#6587=CARTESIAN_POINT('',(21.9,28.7676120181735,13.5));
#6588=CARTESIAN_POINT('',(21.9,28.7676120181735,85.));
#6589=CARTESIAN_POINT('',(21.9,28.7676120181735,10.225));
#6590=CARTESIAN_POINT('',(21.9,33.8676120181735,13.5));
#6591=CARTESIAN_POINT('Origin',(21.9,31.3176120181735,13.5));
#6592=CARTESIAN_POINT('',(21.9,33.8676120181735,85.));
#6593=CARTESIAN_POINT('',(21.9,33.8676120181735,45.975));
#6594=CARTESIAN_POINT('Origin',(21.9,31.3176120181735,85.));
#6595=CARTESIAN_POINT('Origin',(23.5,28.7676120181735,13.5));
#6596=CARTESIAN_POINT('',(23.5,28.7676120181735,85.));
#6597=CARTESIAN_POINT('',(23.5,28.7676120181735,85.));
#6598=CARTESIAN_POINT('',(23.5,28.7676120181735,13.5));
#6599=CARTESIAN_POINT('',(23.5,28.7676120181735,6.75));
#6600=CARTESIAN_POINT('',(23.5,28.7676120181735,13.5));
#6601=CARTESIAN_POINT('Origin',(23.5,31.3176120181735,85.));
#6602=CARTESIAN_POINT('',(23.5,33.8676120181735,85.));
#6603=CARTESIAN_POINT('',(23.5,33.8676120181735,85.));
#6604=CARTESIAN_POINT('Origin',(23.5,31.3176120181735,85.));
#6605=CARTESIAN_POINT('Origin',(23.5,33.8676120181735,85.));
#6606=CARTESIAN_POINT('',(23.5,33.8676120181735,13.5));
#6607=CARTESIAN_POINT('',(23.5,33.8676120181735,13.5));
#6608=CARTESIAN_POINT('',(23.5,33.8676120181735,42.5));
#6609=CARTESIAN_POINT('Origin',(9.,14.7179989271303,37.95));
#6610=CARTESIAN_POINT('',(9.,29.4359978542606,0.));
#6611=CARTESIAN_POINT('',(9.,16.6337166541803,0.));
#6612=CARTESIAN_POINT('',(9.,26.1089994635651,0.));
#6613=CARTESIAN_POINT('',(9.,9.19999999999996,28.9));
#6614=CARTESIAN_POINT('',(9.,7.98162848127242,30.6400148559421));
#6615=CARTESIAN_POINT('',(9.,9.19999999999996,75.9));
#6616=CARTESIAN_POINT('',(9.,9.19999999999996,56.925));
#6617=CARTESIAN_POINT('',(9.,0.,75.9));
#6618=CARTESIAN_POINT('',(9.,7.75899946356514,75.9));
#6619=CARTESIAN_POINT('',(9.,3.46944695195361E-17,23.7554092843808));
#6620=CARTESIAN_POINT('',(9.,0.,18.975));
#6621=CARTESIAN_POINT('',(9.,7.40325699560582,13.1824625627067));
#6622=CARTESIAN_POINT('',(9.,5.7,57.));
#6623=CARTESIAN_POINT('Origin',(9.,5.7,54.3));
#6624=CARTESIAN_POINT('Origin',(11.75,37.5,0.));
#6625=CARTESIAN_POINT('',(20.5,29.4359978542606,0.));
#6626=CARTESIAN_POINT('',(10.975,29.4359978542606,0.));
#6627=CARTESIAN_POINT('',(5.875,16.6337166541803,0.));
#6628=CARTESIAN_POINT('',(15.2762465984793,59.5397732197712,0.));
#6629=CARTESIAN_POINT('',(5.875,59.5397732197712,0.));
#6630=CARTESIAN_POINT('',(19.8099819347423,47.8676120181735,0.));
#6631=CARTESIAN_POINT('',(17.6262339829229,53.4896998170402,0.));
#6632=CARTESIAN_POINT('',(14.8681218414703,47.8676120181735,0.));
#6633=CARTESIAN_POINT('',(23.5,36.1676120181735,0.));
#6634=CARTESIAN_POINT('',(23.5,75.,0.));
#6635=CARTESIAN_POINT('',(20.5,36.1676120181735,0.));
#6636=CARTESIAN_POINT('',(17.625,36.1676120181735,0.));
#6637=CARTESIAN_POINT('',(20.5,33.9342918704692,0.));
#6638=CARTESIAN_POINT('Origin',(7.4,11.4715287270209,7.37236839860093));
#6639=CARTESIAN_POINT('',(7.4,11.4715287270209,7.37236839860093));
#6640=CARTESIAN_POINT('',(3.7,11.4715287270209,7.37236839860093));
#6641=CARTESIAN_POINT('',(7.4,13.4247680690393,7.37236839860093));
#6642=CARTESIAN_POINT('',(7.4,11.4715287270209,7.37236839860093));
#6643=CARTESIAN_POINT('',(3.7,13.4247680690393,7.37236839860093));
#6644=CARTESIAN_POINT('Origin',(0.,2.58109396357971,20.0692250850803));
#6645=CARTESIAN_POINT('',(0.,2.58109396357971,20.0692250850803));
#6646=CARTESIAN_POINT('',(7.4,2.58109396357971,20.0692250850803));
#6647=CARTESIAN_POINT('',(0.,2.58109396357971,20.0692250850803));
#6648=CARTESIAN_POINT('',(0.,4.53433330559804,20.0692250850803));
#6649=CARTESIAN_POINT('',(0.,38.7905469817899,20.0692250850803));
#6650=CARTESIAN_POINT('',(7.4,4.53433330559804,20.0692250850803));
#6651=CARTESIAN_POINT('',(0.,4.53433330559804,20.0692250850803));
#6652=CARTESIAN_POINT('',(7.4,2.58109396357971,20.0692250850803));
#6653=CARTESIAN_POINT('Origin',(0.,1.6,24.2598873465871));
#6654=CARTESIAN_POINT('',(7.4,17.4666239350631,1.6));
#6655=CARTESIAN_POINT('',(7.4,17.4666239350631,1.6));
#6656=CARTESIAN_POINT('',(0.,17.4666239350631,1.6));
#6657=CARTESIAN_POINT('Origin',(0.,1.6,24.2598873465871));
#6658=CARTESIAN_POINT('',(0.,1.6,24.2598873465871));
#6659=CARTESIAN_POINT('',(0.,19.3731396501453,-1.12278661831714));
#6660=CARTESIAN_POINT('',(7.4,1.6,24.2598873465871));
#6661=CARTESIAN_POINT('',(0.,1.6,24.2598873465871));
#6662=CARTESIAN_POINT('',(7.4,17.4666239350631,1.6));
#6663=CARTESIAN_POINT('Origin',(0.,75.,0.));
#6664=CARTESIAN_POINT('',(0.,6.93889390390723E-17,23.7554092843808));
#6665=CARTESIAN_POINT('',(0.,26.2346763418043,-13.7115914406916));
#6666=CARTESIAN_POINT('',(0.,2.77555756156289E-16,25.7598873465871));
#6667=CARTESIAN_POINT('',(0.,0.,0.));
#6668=CARTESIAN_POINT('',(0.,1.6,25.7598873465871));
#6669=CARTESIAN_POINT('',(0.,37.5,25.7598873465871));
#6670=CARTESIAN_POINT('',(0.,1.6,37.15));
#6671=CARTESIAN_POINT('Origin',(0.,16.6337166541803,0.));
#6672=CARTESIAN_POINT('',(0.,0.,23.7554092843808));
#6673=CARTESIAN_POINT('',(7.4,9.60740530888003,10.0346125425401));
#6674=CARTESIAN_POINT('Origin',(10.2,5.7,54.3));
#6675=CARTESIAN_POINT('',(7.4,5.7,57.));
#6676=CARTESIAN_POINT('',(10.2,5.7,57.));
#6677=CARTESIAN_POINT('Origin',(7.4,5.7,54.3));
#6678=CARTESIAN_POINT('Origin',(3.8,64.6,41.9445416939515));
#6679=CARTESIAN_POINT('',(3.8,63.8,44.0445416939515));
#6680=CARTESIAN_POINT('',(3.8,65.4,87.7222708469758));
#6681=CARTESIAN_POINT('Origin',(4.60000000000001,65.4,133.5));
#6682=CARTESIAN_POINT('',(13.,65.4,17.0193343607877));
#6683=CARTESIAN_POINT('',(13.,65.4,133.5));
#6684=CARTESIAN_POINT('',(2.29999999999954,65.4,17.0193343607877));
#6685=CARTESIAN_POINT('',(13.,65.4,73.));
#6686=CARTESIAN_POINT('',(2.30000000000001,65.4,73.));
#6687=CARTESIAN_POINT('',(13.,65.4,133.5));
#6688=CARTESIAN_POINT('Origin',(23.5,63.8,46.1445416939515));
#6689=CARTESIAN_POINT('Origin',(23.5000000000003,25.3676120181735,133.5));
#6690=CARTESIAN_POINT('',(17.7,9.19999999999996,28.9));
#6691=CARTESIAN_POINT('',(17.7,9.19999999999997,133.5));
#6692=CARTESIAN_POINT('',(23.2137036681286,24.5695554637031,6.94999999999999));
#6693=CARTESIAN_POINT('',(13.6058267556511,-2.21258699134773,45.1988633634642));
#6694=CARTESIAN_POINT('',(23.5,25.3676120181726,6.94999999999999));
#6695=CARTESIAN_POINT('',(23.3731738247357,25.0140816051687,6.95));
#6696=CARTESIAN_POINT('',(23.5000000000003,25.3676120181735,133.5));
#6697=CARTESIAN_POINT('',(23.5,25.3676120181726,66.75));
#6698=CARTESIAN_POINT('',(17.7,9.19999999999997,133.5));
#6699=CARTESIAN_POINT('',(24.7581870974285,28.8748328522234,133.5));
#6700=CARTESIAN_POINT('',(17.7,9.19999999999997,133.5));
#6701=CARTESIAN_POINT('',(20.4351344994393,16.8242402421472,79.15));
#6702=CARTESIAN_POINT('',(22.7948610180688,23.402023487353,79.15));
#6703=CARTESIAN_POINT('',(20.4351344994393,16.8242402421472,106.325));
#6704=CARTESIAN_POINT('',(19.7091420088474,14.8005221531822,51.55));
#6705=CARTESIAN_POINT('',(22.7948610180688,23.402023487353,51.55));
#6706=CARTESIAN_POINT('',(19.7091420088474,14.8005221531822,92.525));
#6707=CARTESIAN_POINT('',(19.7260255551402,14.8475853645535,113.15));
#6708=CARTESIAN_POINT('',(22.7948610180688,23.402023487353,113.15));
#6709=CARTESIAN_POINT('',(19.7260255551403,14.8475853645535,123.325));
#6710=CARTESIAN_POINT('',(19.7091420088474,14.8005221531822,30.5));
#6711=CARTESIAN_POINT('',(22.7948610180688,23.402023487353,30.5));
#6712=CARTESIAN_POINT('',(19.7091420088474,14.8005221531822,82.));
#6713=CARTESIAN_POINT('Origin',(3.8,9.99999999999996,88.3));
#6714=CARTESIAN_POINT('',(3.8,9.19999999999995,110.9));
#6715=CARTESIAN_POINT('Origin',(17.7,9.19999999999997,133.5));
#6716=CARTESIAN_POINT('',(10.2,9.19999999999996,133.5));
#6717=CARTESIAN_POINT('',(14.725,9.19999999999996,133.5));
#6718=CARTESIAN_POINT('',(10.2,9.19999999999996,111.7));
#6719=CARTESIAN_POINT('',(10.2,9.19999999999996,133.5));
#6720=CARTESIAN_POINT('',(0.,9.19999999999996,111.7));
#6721=CARTESIAN_POINT('',(0.,9.19999999999996,75.9));
#6722=CARTESIAN_POINT('',(13.95,9.19999999999996,28.9));
#6723=CARTESIAN_POINT('Origin',(0.,2.77555756156289E-16,25.7598873465871));
#6724=CARTESIAN_POINT('',(1.8,2.77555756156289E-16,25.7598873465871));
#6725=CARTESIAN_POINT('',(0.,0.,25.7598873465871));
#6726=CARTESIAN_POINT('',(1.8,1.6,25.7598873465871));
#6727=CARTESIAN_POINT('',(1.8,1.6,25.7598873465871));
#6728=CARTESIAN_POINT('',(0.,1.6,25.7598873465871));
#6729=CARTESIAN_POINT('Origin',(0.,5.,74.3));
#6730=CARTESIAN_POINT('',(1.8,5.,74.3));
#6731=CARTESIAN_POINT('',(0.,5.,74.3));
#6732=CARTESIAN_POINT('',(1.8,5.,75.9));
#6733=CARTESIAN_POINT('',(1.8,5.,74.3));
#6734=CARTESIAN_POINT('',(2.55000000000001,5.,75.9));
#6735=CARTESIAN_POINT('Origin',(1.8,2.5,50.8299436732936));
#6736=CARTESIAN_POINT('',(1.8,1.6,74.3));
#6737=CARTESIAN_POINT('',(1.8,1.6,62.5649718366468));
#6738=CARTESIAN_POINT('',(1.8,0.,75.9));
#6739=CARTESIAN_POINT('',(1.8,0.,25.4149718366468));
#6740=CARTESIAN_POINT('',(1.8,1.65,75.9));
#6741=CARTESIAN_POINT('',(1.8,5.84999999999997,74.3));
#6742=CARTESIAN_POINT('Origin',(0.,0.,0.));
#6743=CARTESIAN_POINT('',(2.55000000000001,0.,75.9));
#6744=CARTESIAN_POINT('Origin',(0.,1.6,74.3));
#6745=CARTESIAN_POINT('',(7.4,1.6,74.3));
#6746=CARTESIAN_POINT('',(0.,1.6,74.3));
#6747=CARTESIAN_POINT('',(7.4,1.6,74.3));
#6748=CARTESIAN_POINT('Origin',(0.,17.4666239350631,1.6));
#6749=CARTESIAN_POINT('',(7.4,17.4666239350631,1.6));
#6750=CARTESIAN_POINT('',(8.99312184147029,47.8676120181735,1.6));
#6751=CARTESIAN_POINT('Origin',(0.,9.19999999999996,74.3));
#6752=CARTESIAN_POINT('',(7.4,9.19999999999996,74.3));
#6753=CARTESIAN_POINT('Origin',(7.4,13.4434979108651,37.95));
#6754=CARTESIAN_POINT('Origin',(0.,10.8,131.9));
#6755=CARTESIAN_POINT('',(9.12040073345886E-14,20.1,131.9));
#6756=CARTESIAN_POINT('',(8.4,3.19999999999996,131.9));
#6757=CARTESIAN_POINT('',(8.4,3.19999999999996,131.9));
#6758=CARTESIAN_POINT('',(0.,3.19999999999996,131.9));
#6759=CARTESIAN_POINT('Origin',(0.,3.19999999999996,113.3));
#6760=CARTESIAN_POINT('',(8.4,3.19999999999996,113.3));
#6761=CARTESIAN_POINT('',(0.,3.19999999999996,113.3));
#6762=CARTESIAN_POINT('',(8.4,10.8,113.3));
#6763=CARTESIAN_POINT('Origin',(0.,3.19999999999996,131.9));
#6764=CARTESIAN_POINT('',(8.4,3.19999999999996,113.3));
#6765=CARTESIAN_POINT('Origin',(8.4,6.99999999999996,122.6));
#6766=CARTESIAN_POINT('Origin',(8.,61.6,86.));
#6767=CARTESIAN_POINT('',(8.,60.8,80.));
#6768=CARTESIAN_POINT('',(8.,60.8,89.));
#6769=CARTESIAN_POINT('',(8.,62.4,80.));
#6770=CARTESIAN_POINT('',(8.,62.,80.));
#6771=CARTESIAN_POINT('',(8.,62.4,89.));
#6772=CARTESIAN_POINT('Origin',(0.,62.4,92.));
#6773=CARTESIAN_POINT('',(14.165268862713,62.4,80.));
#6774=CARTESIAN_POINT('',(11.75,62.4,80.));
#6775=CARTESIAN_POINT('',(14.165268862713,62.4,73.));
#6776=CARTESIAN_POINT('',(14.165268862713,62.4,112.75));
#6777=CARTESIAN_POINT('',(0.,62.4,73.));
#6778=CARTESIAN_POINT('Origin',(23.5,60.8,91.9999999999999));
#6779=CARTESIAN_POINT('',(11.75,60.8,80.));
#6780=CARTESIAN_POINT('Origin',(23.5,60.8,80.));
#6781=CARTESIAN_POINT('',(14.4645002018562,61.629624985139,80.));
#6782=CARTESIAN_POINT('Origin',(0.,64.4,131.9));
#6783=CARTESIAN_POINT('',(13.0955012271294,39.5908374899993,131.9));
#6784=CARTESIAN_POINT('',(21.5892041488447,34.6869958217302,131.9));
#6785=CARTESIAN_POINT('',(12.386955623841,42.3625382008932,131.9));
#6786=CARTESIAN_POINT('Origin',(14.0955012271294,41.3228882975681,131.9));
#6787=CARTESIAN_POINT('',(0.,64.4,131.9));
#6788=CARTESIAN_POINT('Origin',(0.,49.9,131.9));
#6789=CARTESIAN_POINT('',(11.564684702436,64.4,131.9));
#6790=CARTESIAN_POINT('',(0.,64.4,131.9));
#6791=CARTESIAN_POINT('',(13.4540894596065,59.5357026237582,131.9));
#6792=CARTESIAN_POINT('Origin',(0.,64.4,93.3));
#6793=CARTESIAN_POINT('',(0.,64.4,121.1));
#6794=CARTESIAN_POINT('',(2.60000000000001,64.4,121.1));
#6795=CARTESIAN_POINT('',(0.,64.4,121.1));
#6796=CARTESIAN_POINT('',(2.60000000000001,64.4,119.1));
#6797=CARTESIAN_POINT('',(2.60000000000001,64.4,119.807179676973));
#6798=CARTESIAN_POINT('',(3.30000000000001,64.4,119.1));
#6799=CARTESIAN_POINT('',(0.,64.4,119.1));
#6800=CARTESIAN_POINT('',(3.30000000000001,64.4,99.6));
#6801=CARTESIAN_POINT('',(3.30000000000001,64.4,113.225));
#6802=CARTESIAN_POINT('',(0.,64.4,99.6));
#6803=CARTESIAN_POINT('',(11.564684702436,64.4,93.3));
#6804=CARTESIAN_POINT('',(0.,64.4,93.3));
#6805=CARTESIAN_POINT('',(11.564684702436,64.4,102.95));
#6806=CARTESIAN_POINT('',(0.,64.4,46.65));
#6807=CARTESIAN_POINT('Origin',(0.,38.3676120181735,93.3));
#6808=CARTESIAN_POINT('',(17.8470947664976,48.2258527321295,93.3));
#6809=CARTESIAN_POINT('Origin',(16.8595542505981,50.7682887677074,112.6));
#6810=CARTESIAN_POINT('',(15.4848824378536,54.307399414354,129.));
#6811=CARTESIAN_POINT('',(13.5297100240605,59.341016486832,129.));
#6812=CARTESIAN_POINT('',(16.2917588568663,52.230085470341,129.));
#6813=CARTESIAN_POINT('',(15.4848824378536,54.307399414354,101.2));
#6814=CARTESIAN_POINT('',(15.4848824378536,54.307399414354,106.9));
#6815=CARTESIAN_POINT('',(13.5297100240605,59.341016486832,101.2));
#6816=CARTESIAN_POINT('',(15.3141726499697,54.74689400658,101.2));
#6817=CARTESIAN_POINT('',(13.5297100240605,59.341016486832,120.8));
#6818=CARTESIAN_POINT('',(20.2641927826813,42.0030021260743,129.));
#6819=CARTESIAN_POINT('',(17.9469514033709,47.9687705082705,129.));
#6820=CARTESIAN_POINT('',(18.6814140292801,46.0778868262012,129.));
#6821=CARTESIAN_POINT('',(20.2641927826813,42.0030021260743,101.2));
#6822=CARTESIAN_POINT('',(20.2641927826813,42.0030021260743,106.9));
#6823=CARTESIAN_POINT('',(17.9469514033709,47.9687705082705,101.2));
#6824=CARTESIAN_POINT('',(17.5227933396249,49.0607710172993,101.2));
#6825=CARTESIAN_POINT('',(17.9469514033709,47.9687705082705,120.8));
#6826=CARTESIAN_POINT('Origin',(0.,75.,0.));
#6827=CARTESIAN_POINT('',(0.,64.4,133.5));
#6828=CARTESIAN_POINT('',(0.,64.4,133.5));
#6829=CARTESIAN_POINT('',(0.,65.4,133.5));
#6830=CARTESIAN_POINT('',(0.,0.,133.5));
#6831=CARTESIAN_POINT('',(0.,65.4,121.1));
#6832=CARTESIAN_POINT('',(0.,65.4,66.75));
#6833=CARTESIAN_POINT('',(0.,70.2,121.1));
#6834=CARTESIAN_POINT('Origin',(15.3534482758622,59.341016486832,101.2));
#6835=CARTESIAN_POINT('',(17.3086206896553,54.307399414354,101.2));
#6836=CARTESIAN_POINT('',(17.3086206896553,54.307399414354,101.2));
#6837=CARTESIAN_POINT('',(15.3534482758622,59.341016486832,101.2));
#6838=CARTESIAN_POINT('',(14.1767241379311,62.370508243416,101.2));
#6839=CARTESIAN_POINT('',(15.3534482758622,59.341016486832,101.2));
#6840=CARTESIAN_POINT('Origin',(17.3086206896553,54.307399414354,101.2));
#6841=CARTESIAN_POINT('',(17.3086206896553,54.307399414354,129.));
#6842=CARTESIAN_POINT('',(17.3086206896553,54.307399414354,129.));
#6843=CARTESIAN_POINT('',(17.3086206896553,54.307399414354,117.35));
#6844=CARTESIAN_POINT('Origin',(19.7706896551726,47.9687705082705,101.2));
#6845=CARTESIAN_POINT('',(22.087931034483,42.0030021260743,101.2));
#6846=CARTESIAN_POINT('',(22.087931034483,42.0030021260743,101.2));
#6847=CARTESIAN_POINT('',(19.7706896551726,47.9687705082705,101.2));
#6848=CARTESIAN_POINT('',(16.3853448275863,56.6843852541352,101.2));
#6849=CARTESIAN_POINT('',(19.7706896551726,47.9687705082705,101.2));
#6850=CARTESIAN_POINT('Origin',(22.087931034483,42.0030021260743,101.2));
#6851=CARTESIAN_POINT('',(22.087931034483,42.0030021260743,129.));
#6852=CARTESIAN_POINT('',(22.087931034483,42.0030021260743,129.));
#6853=CARTESIAN_POINT('',(22.087931034483,42.0030021260743,117.35));
#6854=CARTESIAN_POINT('Origin',(3.30000000000001,68.9,107.35));
#6855=CARTESIAN_POINT('',(3.30000000000001,73.4,103.7));
#6856=CARTESIAN_POINT('',(3.30000000000001,70.2,103.7));
#6857=CARTESIAN_POINT('',(3.30000000000001,71.15,103.7));
#6858=CARTESIAN_POINT('',(3.30000000000001,73.4,95.6));
#6859=CARTESIAN_POINT('',(3.30000000000001,73.4,101.475));
#6860=CARTESIAN_POINT('',(3.30000000000001,65.4,95.6));
#6861=CARTESIAN_POINT('',(3.30000000000001,67.15,95.6));
#6862=CARTESIAN_POINT('',(3.30000000000001,65.4,99.6));
#6863=CARTESIAN_POINT('',(3.30000000000001,65.4,103.475));
#6864=CARTESIAN_POINT('',(3.30000000000001,66.65,99.6));
#6865=CARTESIAN_POINT('',(3.30000000000001,73.4,119.1));
#6866=CARTESIAN_POINT('',(3.30000000000001,71.15,119.1));
#6867=CARTESIAN_POINT('',(3.30000000000001,73.4,115.3));
#6868=CARTESIAN_POINT('',(3.30000000000001,73.4,101.475));
#6869=CARTESIAN_POINT('',(3.30000000000001,70.2,115.3));
#6870=CARTESIAN_POINT('',(3.30000000000001,69.55,115.3));
#6871=CARTESIAN_POINT('',(3.30000000000001,70.2,105.525));
#6872=CARTESIAN_POINT('Origin',(0.,73.4,119.1));
#6873=CARTESIAN_POINT('',(2.60000000000001,73.4,119.1));
#6874=CARTESIAN_POINT('',(2.60000000000001,67.05,119.1));
#6875=CARTESIAN_POINT('',(0.,73.4,119.1));
#6876=CARTESIAN_POINT('Origin',(0.,65.4,95.6));
#6877=CARTESIAN_POINT('',(0.,73.4,95.6));
#6878=CARTESIAN_POINT('',(0.,65.4,95.6));
#6879=CARTESIAN_POINT('Origin',(0.,65.4,99.6));
#6880=CARTESIAN_POINT('',(0.,65.4,99.6));
#6881=CARTESIAN_POINT('Origin',(0.,64.4,99.6));
#6882=CARTESIAN_POINT('Origin',(4.60000000000005,70.2,103.7));
#6883=CARTESIAN_POINT('',(4.60000000000005,70.2,115.3));
#6884=CARTESIAN_POINT('',(4.60000000000005,70.2,115.3));
#6885=CARTESIAN_POINT('',(4.60000000000005,70.2,103.7));
#6886=CARTESIAN_POINT('',(4.60000000000001,70.2,118.6));
#6887=CARTESIAN_POINT('',(4.60000000000005,70.2,103.7));
#6888=CARTESIAN_POINT('Origin',(4.60000000000005,70.2,115.3));
#6889=CARTESIAN_POINT('',(2.20000000000005,73.4,115.3));
#6890=CARTESIAN_POINT('',(2.30000000000002,73.4,115.3));
#6891=CARTESIAN_POINT('',(2.20000000000005,75.,115.3));
#6892=CARTESIAN_POINT('',(2.20000000000005,70.2,115.3));
#6893=CARTESIAN_POINT('',(4.60000000000005,75.,115.3));
#6894=CARTESIAN_POINT('',(14.05,75.,115.3));
#6895=CARTESIAN_POINT('',(4.60000000000001,72.6,115.3));
#6896=CARTESIAN_POINT('Origin',(0.,65.4,121.1));
#6897=CARTESIAN_POINT('',(2.60000000000001,65.4,121.1));
#6898=CARTESIAN_POINT('',(2.60000000000001,67.55,121.1));
#6899=CARTESIAN_POINT('',(2.3,65.4,121.1));
#6900=CARTESIAN_POINT('Origin',(0.,73.4,115.92871870789));
#6901=CARTESIAN_POINT('',(2.60000000000001,75.,118.7));
#6902=CARTESIAN_POINT('',(2.60000000000001,73.4,115.92871870789));
#6903=CARTESIAN_POINT('',(2.60000000000001,73.4973076211352,116.09726045166));
#6904=CARTESIAN_POINT('',(11.75,75.,118.7));
#6905=CARTESIAN_POINT('',(0.,73.4,115.92871870789));
#6906=CARTESIAN_POINT('Origin',(2.60000000000001,69.7,118.514359353945));
#6907=CARTESIAN_POINT('',(2.60000000000001,65.4,120.7));
#6908=CARTESIAN_POINT('',(2.60000000000001,65.4,126.007179676973));
#6909=CARTESIAN_POINT('',(2.60000000000001,75.,120.7));
#6910=CARTESIAN_POINT('',(2.60000000000001,69.95,120.7));
#6911=CARTESIAN_POINT('',(2.60000000000001,75.,59.2571796769725));
#6912=CARTESIAN_POINT('',(2.60000000000001,73.4,118.807179676973));
#6913=CARTESIAN_POINT('Origin',(23.5,75.,0.));
#6914=CARTESIAN_POINT('',(4.60000000000001,75.,120.7));
#6915=CARTESIAN_POINT('',(12.9,75.,120.7));
#6916=CARTESIAN_POINT('',(4.60000000000001,75.,66.75));
#6917=CARTESIAN_POINT('',(2.20000000000005,75.,103.7));
#6918=CARTESIAN_POINT('',(2.20000000000005,75.,54.75));
#6919=CARTESIAN_POINT('',(4.60000000000005,75.,103.7));
#6920=CARTESIAN_POINT('',(14.05,75.,103.7));
#6921=CARTESIAN_POINT('',(4.60000000000001,75.,94.));
#6922=CARTESIAN_POINT('',(4.60000000000001,75.,66.75));
#6923=CARTESIAN_POINT('',(12.9,75.,94.));
#6924=CARTESIAN_POINT('Origin',(2.20000000000005,74.2,109.5));
#6925=CARTESIAN_POINT('',(2.20000000000005,73.4,103.7));
#6926=CARTESIAN_POINT('',(2.20000000000005,73.4,112.4));
#6927=CARTESIAN_POINT('',(2.20000000000005,75.,103.7));
#6928=CARTESIAN_POINT('Origin',(4.60000000000001,75.,133.5));
#6929=CARTESIAN_POINT('',(4.60000000000001,65.4,120.7));
#6930=CARTESIAN_POINT('',(4.60000000000001,72.6,120.7));
#6931=CARTESIAN_POINT('',(4.60000000000001,65.4,94.));
#6932=CARTESIAN_POINT('',(4.60000000000001,65.4,133.5));
#6933=CARTESIAN_POINT('',(4.60000000000001,72.6,94.));
#6934=CARTESIAN_POINT('',(4.60000000000001,74.2,103.7));
#6935=CARTESIAN_POINT('Origin',(4.60000000000005,73.4,103.7));
#6936=CARTESIAN_POINT('',(2.30000000000002,73.4,103.7));
#6937=CARTESIAN_POINT('Origin',(4.60000000000005,73.4,115.3));
#6938=CARTESIAN_POINT('Origin',(20.5,28.7676120181735,5.95000000000002));
#6939=CARTESIAN_POINT('',(20.5,28.7676120181735,5.95000000000002));
#6940=CARTESIAN_POINT('',(20.5,29.5680978795559,5.95000000000002));
#6941=CARTESIAN_POINT('',(11.75,28.7676120181735,5.94999999999999));
#6942=CARTESIAN_POINT('',(20.5,36.1676120181735,5.94999999999999));
#6943=CARTESIAN_POINT('',(20.5,33.2680978795559,5.94999999999999));
#6944=CARTESIAN_POINT('',(11.75,36.1676120181735,5.94999999999999));
#6945=CARTESIAN_POINT('Origin',(20.5,30.3685837409383,3.475));
#6946=CARTESIAN_POINT('',(20.5,24.5695554637031,6.94999999999999));
#6947=CARTESIAN_POINT('',(20.5,24.5695554637031,6.95));
#6948=CARTESIAN_POINT('',(20.5,28.773045571966,0.946793980524135));
#6949=CARTESIAN_POINT('',(20.5,36.1676120181735,6.94999999999998));
#6950=CARTESIAN_POINT('',(20.5,28.7676120181735,1.39294572137615));
#6951=CARTESIAN_POINT('',(20.5,30.2676120181735,1.39294572137615));
#6952=CARTESIAN_POINT('',(20.5,28.7676120181735,1.39294572137615));
#6953=CARTESIAN_POINT('Origin',(23.5,24.5695554637031,6.95));
#6954=CARTESIAN_POINT('',(23.5,28.7676120181735,6.94999999999998));
#6955=CARTESIAN_POINT('',(23.5,28.7676120181735,6.94999999999998));
#6956=CARTESIAN_POINT('',(23.5,12.2847777318515,6.95000000000002));
#6957=CARTESIAN_POINT('',(16.85,24.5695554637031,6.94999999999999));
#6958=CARTESIAN_POINT('Origin',(23.5,28.7676120181735,1.39294572137615));
#6959=CARTESIAN_POINT('',(23.5,28.7676120181735,1.39294572137615));
#6960=CARTESIAN_POINT('',(23.5,14.3838060090868,1.39294572137615));
#6961=CARTESIAN_POINT('',(23.5,28.7676120181735,1.39294572137615));
#6962=CARTESIAN_POINT('Origin',(23.5,28.7676120181735,6.94999999999998));
#6963=CARTESIAN_POINT('',(23.5,28.7676120181735,3.47499999999999));
#6964=CARTESIAN_POINT('Origin',(23.5,36.1676120181735,6.94999999999998));
#6965=CARTESIAN_POINT('',(23.5,36.1676120181735,6.94999999999998));
#6966=CARTESIAN_POINT('',(23.5,36.1676120181735,3.47500000000002));
#6967=CARTESIAN_POINT('',(23.5,36.1676120181735,6.94999999999998));
#6968=CARTESIAN_POINT('Origin',(23.5,30.2676120181735,6.94999999999999));
#6969=CARTESIAN_POINT('',(23.5,15.1338060090868,6.95000000000001));
#6970=CARTESIAN_POINT('Origin',(23.5,0.,0.));
#6971=CARTESIAN_POINT('',(23.5000000000003,38.3676120181735,133.5));
#6972=CARTESIAN_POINT('',(23.5,38.3676120181742,66.75));
#6973=CARTESIAN_POINT('',(23.5,75.,133.5));
#6974=CARTESIAN_POINT('Origin',(23.5,31.3176120181735,13.5));
#6975=CARTESIAN_POINT('Origin',(20.7431218414704,43.1176120181735,3.5));
#6976=CARTESIAN_POINT('',(19.8099819347423,47.8676120181735,3.5));
#6977=CARTESIAN_POINT('',(4.3,47.8676120181735,3.5));
#6978=CARTESIAN_POINT('',(17.2677252273654,54.4126853194316,3.5));
#6979=CARTESIAN_POINT('Origin',(13.,65.4,133.5));
#6980=CARTESIAN_POINT('',(12.654144007983,66.2904107963849,73.));
#6981=CARTESIAN_POINT('',(13.,65.4,133.5));
#6982=CARTESIAN_POINT('',(13.,65.4,133.5));
#6983=CARTESIAN_POINT('',(17.6262339829229,53.4896998170402,133.5));
#6984=CARTESIAN_POINT('',(19.8099819347423,47.8676120181735,66.75));
#6985=CARTESIAN_POINT('',(6.04358812135228,83.3093737966654,69.0319325534258));
#6986=CARTESIAN_POINT('',(21.9316481730581,42.4053544065456,18.9500000000001));
#6987=CARTESIAN_POINT('',(15.75504822446,58.307092141691,18.9500000000001));
#6988=CARTESIAN_POINT('',(21.9316481730581,42.4053544065456,76.2250000000001));
#6989=CARTESIAN_POINT('',(19.7706896551726,47.9687705082705,129.));
#6990=CARTESIAN_POINT('',(17.5439655172415,53.7015010630371,129.));
#6991=CARTESIAN_POINT('',(19.7706896551726,47.9687705082705,131.25));
#6992=CARTESIAN_POINT('',(21.9316481730581,42.4053544065456,74.9));
#6993=CARTESIAN_POINT('',(15.75504822446,58.3070921416911,74.9000000000001));
#6994=CARTESIAN_POINT('',(21.9316481730581,42.4053544065456,104.2));
#6995=CARTESIAN_POINT('',(21.9316481730581,42.4053544065456,36.8500000000001));
#6996=CARTESIAN_POINT('',(15.75504822446,58.307092141691,36.8500000000001));
#6997=CARTESIAN_POINT('',(21.9316481730581,42.4053544065456,85.1750000000001));
#6998=CARTESIAN_POINT('',(15.3534482758622,59.341016486832,129.));
#6999=CARTESIAN_POINT('',(15.1543103448276,59.853699707177,129.));
#7000=CARTESIAN_POINT('',(15.3534482758621,59.341016486832,131.25));
#7001=CARTESIAN_POINT('',(21.9316481730581,42.4053544065456,57.9000000000001));
#7002=CARTESIAN_POINT('',(15.75504822446,58.3070921416911,57.9000000000001));
#7003=CARTESIAN_POINT('',(21.931648173058,42.4053544065457,95.7000000000001));
#7004=CARTESIAN_POINT('Origin',(17.9862436829406,47.8676120181735,0.));
#7005=CARTESIAN_POINT('Origin',(20.4351344994393,16.8242402421472,79.15));
#7006=CARTESIAN_POINT('',(20.4351344994393,16.8242402421472,79.15));
#7007=CARTESIAN_POINT('Origin',(22.0897220361371,21.4364349565325,79.15));
#7008=CARTESIAN_POINT('Origin',(19.7091420088474,14.8005221531822,51.55));
#7009=CARTESIAN_POINT('',(19.7091420088474,14.8005221531822,51.55));
#7010=CARTESIAN_POINT('Origin',(22.0897220361371,21.4364349565325,51.55));
#7011=CARTESIAN_POINT('Origin',(19.7260255551402,14.8475853645535,113.15));
#7012=CARTESIAN_POINT('',(19.7260255551402,14.8475853645535,113.15));
#7013=CARTESIAN_POINT('Origin',(22.0897220361371,21.4364349565325,113.15));
#7014=CARTESIAN_POINT('Origin',(19.7091420088474,14.8005221531822,30.5));
#7015=CARTESIAN_POINT('',(19.7091420088474,14.8005221531822,30.5));
#7016=CARTESIAN_POINT('Origin',(22.0897220361371,21.4364349565325,30.5));
#7017=CARTESIAN_POINT('Origin',(23.5,31.3176120181735,13.5));
#7018=CARTESIAN_POINT('Origin',(21.9316481730581,42.4053544065456,57.9000000000001));
#7019=CARTESIAN_POINT('',(21.9316481730581,42.4053544065456,57.9000000000001));
#7020=CARTESIAN_POINT('Origin',(18.5100964489201,51.2141842833822,57.9000000000001));
#7021=CARTESIAN_POINT('Origin',(17.3086206896553,54.307399414354,129.));
#7022=CARTESIAN_POINT('',(15.3534482758622,59.341016486832,129.));
#7023=CARTESIAN_POINT('Origin',(15.3534482758622,59.341016486832,129.));
#7024=CARTESIAN_POINT('Origin',(21.9316481730581,42.4053544065456,36.8500000000001));
#7025=CARTESIAN_POINT('',(21.9316481730581,42.4053544065456,36.8500000000001));
#7026=CARTESIAN_POINT('Origin',(18.5100964489201,51.2141842833821,36.8500000000001));
#7027=CARTESIAN_POINT('Origin',(21.9316481730581,42.4053544065456,74.9));
#7028=CARTESIAN_POINT('',(21.9316481730581,42.4053544065456,74.9));
#7029=CARTESIAN_POINT('Origin',(18.5100964489201,51.2141842833822,74.9));
#7030=CARTESIAN_POINT('Origin',(22.087931034483,42.0030021260743,129.));
#7031=CARTESIAN_POINT('',(19.7706896551726,47.9687705082705,129.));
#7032=CARTESIAN_POINT('Origin',(19.7706896551726,47.9687705082705,129.));
#7033=CARTESIAN_POINT('Origin',(21.9316481730581,42.4053544065456,18.9500000000001));
#7034=CARTESIAN_POINT('',(21.9316481730581,42.4053544065456,18.9500000000001));
#7035=CARTESIAN_POINT('Origin',(18.5100964489201,51.2141842833821,18.9500000000001));
#7036=CARTESIAN_POINT('Origin',(10.2,29.4359978542606,0.));
#7037=CARTESIAN_POINT('Origin',(0.,62.4,73.));
#7038=CARTESIAN_POINT('Origin',(4.60000000000001,65.4,133.5));
#7039=CARTESIAN_POINT('',(8.175,65.4,133.5));
#7040=CARTESIAN_POINT('',(4.60000000000001,65.4,94.));
#7041=CARTESIAN_POINT('',(4.60000000000001,65.4,120.7));
#7042=CARTESIAN_POINT('Origin',(0.,9.19999999999996,111.7));
#7043=CARTESIAN_POINT('',(10.2,1.59999999999996,111.7));
#7044=CARTESIAN_POINT('',(-1.73578036817016E-14,1.6,111.7));
#7045=CARTESIAN_POINT('',(10.2,9.19999999999996,111.7));
#7046=CARTESIAN_POINT('Origin',(10.2,9.19999999999996,133.5));
#7047=CARTESIAN_POINT('',(10.2,1.59999999999996,133.5));
#7048=CARTESIAN_POINT('',(10.2,23.35,133.5));
#7049=CARTESIAN_POINT('',(10.2,1.59999999999996,133.5));
#7050=CARTESIAN_POINT('Origin',(2.78425836896578E-17,1.6,133.5));
#7051=CARTESIAN_POINT('',(5.87499999999992,1.59999999999998,133.5));
#7052=CARTESIAN_POINT('Origin',(5.10000000000002,0.800000000000002,75.9));
#7053=CARTESIAN_POINT('Origin',(0.,65.4,17.0193343607877));
#7054=CARTESIAN_POINT('Origin',(2.3,70.2,94.));
#7055=CARTESIAN_POINT('Origin',(18.0892041488447,25.2869958217302,133.5));
#7056=CARTESIAN_POINT('',(18.0892041488447,25.2869958217302,133.5));
#7057=CARTESIAN_POINT('',(16.7783921562963,24.9111265312697,133.5));
#7058=CARTESIAN_POINT('',(18.0892041488447,25.2869958217302,133.5));
#7059=CARTESIAN_POINT('Origin',(18.0892041488447,26.6869958217302,133.5));
#7060=CARTESIAN_POINT('',(18.0892041488447,32.0934979108651,133.5));
#7061=CARTESIAN_POINT('Origin',(21.5892041488447,34.6869958217302,133.5));
#7062=CARTESIAN_POINT('',(21.5892041488447,34.6869958217302,133.5));
#7063=CARTESIAN_POINT('',(21.5892041488447,36.0934979108651,133.5));
#7064=CARTESIAN_POINT('',(21.5892041488447,34.6869958217302,133.5));
#7065=CARTESIAN_POINT('Origin',(13.0955012271294,39.5908374899993,133.5));
#7066=CARTESIAN_POINT('',(13.0955012271294,39.5908374899993,133.5));
#7067=CARTESIAN_POINT('',(13.0436178623369,39.6207923646287,133.5));
#7068=CARTESIAN_POINT('',(13.0955012271294,39.5908374899993,133.5));
#7069=CARTESIAN_POINT('Origin',(14.0955012271294,41.3228882975681,133.5));
#7070=CARTESIAN_POINT('',(12.386955623841,42.3625382008932,133.5));
#7071=CARTESIAN_POINT('Origin',(14.0955012271294,41.3228882975681,133.5));
#7072=CARTESIAN_POINT('',(12.386955623841,42.3625382008932,133.5));
#7073=CARTESIAN_POINT('Origin',(0.,49.9,133.5));
#7074=CARTESIAN_POINT('Origin',(0.,49.9,133.5));
#7075=CARTESIAN_POINT('Origin',(2.3,70.2,120.7));
#7076=CARTESIAN_POINT('Origin',(11.75,37.5,133.5));
#7077=CARTESIAN_POINT('',(0.,0.,0.));
#7078=UNCERTAINTY_MEASURE_WITH_UNIT(LENGTH_MEASURE(0.01),#7084,
'DISTANCE_ACCURACY_VALUE',
'Maximum model space distance between geometric entities at asserted c
onnectivities');
#7079=UNCERTAINTY_MEASURE_WITH_UNIT(LENGTH_MEASURE(0.01),#7084,
'DISTANCE_ACCURACY_VALUE',
'Maximum model space distance between geometric entities at asserted c
onnectivities');
#7080=UNCERTAINTY_MEASURE_WITH_UNIT(LENGTH_MEASURE(0.01),#7084,
'DISTANCE_ACCURACY_VALUE',
'Maximum model space distance between geometric entities at asserted c
onnectivities');
#7081=(
GEOMETRIC_REPRESENTATION_CONTEXT(3)
GLOBAL_UNCERTAINTY_ASSIGNED_CONTEXT((#7078))
GLOBAL_UNIT_ASSIGNED_CONTEXT((#7084,#7086,#7087))
REPRESENTATION_CONTEXT('','3D')
);
#7082=(
GEOMETRIC_REPRESENTATION_CONTEXT(3)
GLOBAL_UNCERTAINTY_ASSIGNED_CONTEXT((#7079))
GLOBAL_UNIT_ASSIGNED_CONTEXT((#7084,#7086,#7087))
REPRESENTATION_CONTEXT('','3D')
);
#7083=(
GEOMETRIC_REPRESENTATION_CONTEXT(3)
GLOBAL_UNCERTAINTY_ASSIGNED_CONTEXT((#7080))
GLOBAL_UNIT_ASSIGNED_CONTEXT((#7084,#7086,#7087))
REPRESENTATION_CONTEXT('','3D')
);
#7084=(
LENGTH_UNIT()
NAMED_UNIT(*)
SI_UNIT(.MILLI.,.METRE.)
);
#7085=(
LENGTH_UNIT()
NAMED_UNIT(*)
SI_UNIT($,.METRE.)
);
#7086=(
NAMED_UNIT(*)
PLANE_ANGLE_UNIT()
SI_UNIT($,.RADIAN.)
);
#7087=(
NAMED_UNIT(*)
SI_UNIT($,.STERADIAN.)
SOLID_ANGLE_UNIT()
);
#7088=SHAPE_DEFINITION_REPRESENTATION(#7090,#7093);
#7089=SHAPE_DEFINITION_REPRESENTATION(#7091,#7094);
#7090=PRODUCT_DEFINITION_SHAPE('',$,#7096);
#7091=PRODUCT_DEFINITION_SHAPE('',$,#7097);
#7092=PRODUCT_DEFINITION_SHAPE($,$,#14);
#7093=SHAPE_REPRESENTATION('',(#4512,#4734),#7081);
#7094=SHAPE_REPRESENTATION('',(#4513),#7082);
#7095=PRODUCT_DEFINITION_CONTEXT('part definition',#7103,'design');
#7096=PRODUCT_DEFINITION('Internal Frame','Internal Frame v38',#7098,#7095);
#7097=PRODUCT_DEFINITION('Internal Frame Right','Internal Frame Right',
#7099,#7095);
#7098=PRODUCT_DEFINITION_FORMATION('',$,#7105);
#7099=PRODUCT_DEFINITION_FORMATION('',$,#7106);
#7100=PRODUCT_RELATED_PRODUCT_CATEGORY('Internal Frame v38',
'Internal Frame v38',(#7105));
#7101=PRODUCT_RELATED_PRODUCT_CATEGORY('Internal Frame Right',
'Internal Frame Right',(#7106));
#7102=APPLICATION_PROTOCOL_DEFINITION('international standard',
'automotive_design',2009,#7103);
#7103=APPLICATION_CONTEXT(
'Core Data for Automotive Mechanical Design Process');
#7104=PRODUCT_CONTEXT('part definition',#7103,'mechanical');
#7105=PRODUCT('Internal Frame','Internal Frame v38',$,(#7104));
#7106=PRODUCT('Internal Frame Right','Internal Frame Right',$,(#7104));
#7107=PRESENTATION_STYLE_ASSIGNMENT((#7109));
#7108=PRESENTATION_STYLE_ASSIGNMENT((#7110));
#7109=SURFACE_STYLE_USAGE(.BOTH.,#7111);
#7110=SURFACE_STYLE_USAGE(.BOTH.,#7112);
#7111=SURFACE_SIDE_STYLE('',(#7113));
#7112=SURFACE_SIDE_STYLE('',(#7114));
#7113=SURFACE_STYLE_FILL_AREA(#7115);
#7114=SURFACE_STYLE_FILL_AREA(#7116);
#7115=FILL_AREA_STYLE('Steel - Satin',(#7117));
#7116=FILL_AREA_STYLE('ABS (White)',(#7118));
#7117=FILL_AREA_STYLE_COLOUR('Steel - Satin',#7119);
#7118=FILL_AREA_STYLE_COLOUR('ABS (White)',#7120);
#7119=COLOUR_RGB('Steel - Satin',0.627450980392157,0.627450980392157,0.627450980392157);
#7120=COLOUR_RGB('ABS (White)',1.,0.364705882352941,0.133333333333333);
ENDSEC;
END-ISO-10303-21;
