ISO-10303-21;
HEADER;
/* Generated by software containing ST-Developer
 * from STEP Tools, Inc. (www.steptools.com) 
 */

FILE_DESCRIPTION(
/* description */ (''),
/* implementation_level */ '2;1');

FILE_NAME(
/* name */ 'FiringSubAssy.step',
/* time_stamp */ '2026-08-10T21:04:07+08:00',
/* author */ (''),
/* organization */ (''),
/* preprocessor_version */ 'ST-DEVELOPER v20.1',
/* originating_system */ 'Autodesk Translation Framework v15.8.0.0',
/* authorisation */ '');

FILE_SCHEMA (('AUTOMOTIVE_DESIGN { 1 0 10303 214 3 1 1 }'));
ENDSEC;

DATA;
#10=MECHANICAL_DESIGN_GEOMETRIC_PRESENTATION_REPRESENTATION('',(#99,#100,
#101,#102,#103,#104,#105,#106,#107,#108,#109,#110,#111,#112,#113,#114,#115,
#116,#117,#118,#119,#120,#121,#122),#10041);
#11=CONTEXT_DEPENDENT_OVER_RIDING_STYLED_ITEM('',(#10099),#10068,#122,(#27));
#12=MAPPED_ITEM('',#13,#5504);
#13=REPRESENTATION_MAP(#5504,#10063);
#14=TOROIDAL_SURFACE('',#5393,12.5,2.);
#15=B_SPLINE_SURFACE_WITH_KNOTS('',3,3,((#8183,#8184,#8185,#8186,#8187,
#8188,#8189,#8190,#8191,#8192,#8193,#8194,#8195,#8196,#8197,#8198,#8199,
#8200,#8201,#8202,#8203,#8204,#8205,#8206,#8207,#8208,#8209,#8210,#8211,
#8212,#8213,#8214,#8215,#8216,#8217,#8218,#8219,#8220,#8221,#8222,#8223,
#8224,#8225,#8226,#8227,#8228,#8229,#8230,#8231,#8232,#8233,#8234,#8235,
#8236,#8237,#8238,#8239,#8240,#8241,#8242,#8243,#8244,#8245,#8246,#8247,
#8248,#8249,#8250,#8251,#8252,#8253,#8254,#8255,#8256,#8257,#8258,#8259,
#8260,#8261,#8262,#8263,#8264,#8265,#8266,#8267,#8268,#8269,#8270,#8271,
#8272,#8273,#8274,#8275,#8276,#8277,#8278,#8279,#8280,#8281,#8282,#8283,
#8284,#8285,#8286,#8287,#8288,#8289,#8290,#8291,#8292,#8293,#8294,#8295,
#8296,#8297,#8298,#8299),(#8300,#8301,#8302,#8303,#8304,#8305,#8306,#8307,
#8308,#8309,#8310,#8311,#8312,#8313,#8314,#8315,#8316,#8317,#8318,#8319,
#8320,#8321,#8322,#8323,#8324,#8325,#8326,#8327,#8328,#8329,#8330,#8331,
#8332,#8333,#8334,#8335,#8336,#8337,#8338,#8339,#8340,#8341,#8342,#8343,
#8344,#8345,#8346,#8347,#8348,#8349,#8350,#8351,#8352,#8353,#8354,#8355,
#8356,#8357,#8358,#8359,#8360,#8361,#8362,#8363,#8364,#8365,#8366,#8367,
#8368,#8369,#8370,#8371,#8372,#8373,#8374,#8375,#8376,#8377,#8378,#8379,
#8380,#8381,#8382,#8383,#8384,#8385,#8386,#8387,#8388,#8389,#8390,#8391,
#8392,#8393,#8394,#8395,#8396,#8397,#8398,#8399,#8400,#8401,#8402,#8403,
#8404,#8405,#8406,#8407,#8408,#8409,#8410,#8411,#8412,#8413,#8414,#8415,
#8416),(#8417,#8418,#8419,#8420,#8421,#8422,#8423,#8424,#8425,#8426,#8427,
#8428,#8429,#8430,#8431,#8432,#8433,#8434,#8435,#8436,#8437,#8438,#8439,
#8440,#8441,#8442,#8443,#8444,#8445,#8446,#8447,#8448,#8449,#8450,#8451,
#8452,#8453,#8454,#8455,#8456,#8457,#8458,#8459,#8460,#8461,#8462,#8463,
#8464,#8465,#8466,#8467,#8468,#8469,#8470,#8471,#8472,#8473,#8474,#8475,
#8476,#8477,#8478,#8479,#8480,#8481,#8482,#8483,#8484,#8485,#8486,#8487,
#8488,#8489,#8490,#8491,#8492,#8493,#8494,#8495,#8496,#8497,#8498,#8499,
#8500,#8501,#8502,#8503,#8504,#8505,#8506,#8507,#8508,#8509,#8510,#8511,
#8512,#8513,#8514,#8515,#8516,#8517,#8518,#8519,#8520,#8521,#8522,#8523,
#8524,#8525,#8526,#8527,#8528,#8529,#8530,#8531,#8532,#8533),(#8534,#8535,
#8536,#8537,#8538,#8539,#8540,#8541,#8542,#8543,#8544,#8545,#8546,#8547,
#8548,#8549,#8550,#8551,#8552,#8553,#8554,#8555,#8556,#8557,#8558,#8559,
#8560,#8561,#8562,#8563,#8564,#8565,#8566,#8567,#8568,#8569,#8570,#8571,
#8572,#8573,#8574,#8575,#8576,#8577,#8578,#8579,#8580,#8581,#8582,#8583,
#8584,#8585,#8586,#8587,#8588,#8589,#8590,#8591,#8592,#8593,#8594,#8595,
#8596,#8597,#8598,#8599,#8600,#8601,#8602,#8603,#8604,#8605,#8606,#8607,
#8608,#8609,#8610,#8611,#8612,#8613,#8614,#8615,#8616,#8617,#8618,#8619,
#8620,#8621,#8622,#8623,#8624,#8625,#8626,#8627,#8628,#8629,#8630,#8631,
#8632,#8633,#8634,#8635,#8636,#8637,#8638,#8639,#8640,#8641,#8642,#8643,
#8644,#8645,#8646,#8647,#8648,#8649,#8650),(#8651,#8652,#8653,#8654,#8655,
#8656,#8657,#8658,#8659,#8660,#8661,#8662,#8663,#8664,#8665,#8666,#8667,
#8668,#8669,#8670,#8671,#8672,#8673,#8674,#8675,#8676,#8677,#8678,#8679,
#8680,#8681,#8682,#8683,#8684,#8685,#8686,#8687,#8688,#8689,#8690,#8691,
#8692,#8693,#8694,#8695,#8696,#8697,#8698,#8699,#8700,#8701,#8702,#8703,
#8704,#8705,#8706,#8707,#8708,#8709,#8710,#8711,#8712,#8713,#8714,#8715,
#8716,#8717,#8718,#8719,#8720,#8721,#8722,#8723,#8724,#8725,#8726,#8727,
#8728,#8729,#8730,#8731,#8732,#8733,#8734,#8735,#8736,#8737,#8738,#8739,
#8740,#8741,#8742,#8743,#8744,#8745,#8746,#8747,#8748,#8749,#8750,#8751,
#8752,#8753,#8754,#8755,#8756,#8757,#8758,#8759,#8760,#8761,#8762,#8763,
#8764,#8765,#8766,#8767),(#8768,#8769,#8770,#8771,#8772,#8773,#8774,#8775,
#8776,#8777,#8778,#8779,#8780,#8781,#8782,#8783,#8784,#8785,#8786,#8787,
#8788,#8789,#8790,#8791,#8792,#8793,#8794,#8795,#8796,#8797,#8798,#8799,
#8800,#8801,#8802,#8803,#8804,#8805,#8806,#8807,#8808,#8809,#8810,#8811,
#8812,#8813,#8814,#8815,#8816,#8817,#8818,#8819,#8820,#8821,#8822,#8823,
#8824,#8825,#8826,#8827,#8828,#8829,#8830,#8831,#8832,#8833,#8834,#8835,
#8836,#8837,#8838,#8839,#8840,#8841,#8842,#8843,#8844,#8845,#8846,#8847,
#8848,#8849,#8850,#8851,#8852,#8853,#8854,#8855,#8856,#8857,#8858,#8859,
#8860,#8861,#8862,#8863,#8864,#8865,#8866,#8867,#8868,#8869,#8870,#8871,
#8872,#8873,#8874,#8875,#8876,#8877,#8878,#8879,#8880,#8881,#8882,#8883,
#8884),(#8885,#8886,#8887,#8888,#8889,#8890,#8891,#8892,#8893,#8894,#8895,
#8896,#8897,#8898,#8899,#8900,#8901,#8902,#8903,#8904,#8905,#8906,#8907,
#8908,#8909,#8910,#8911,#8912,#8913,#8914,#8915,#8916,#8917,#8918,#8919,
#8920,#8921,#8922,#8923,#8924,#8925,#8926,#8927,#8928,#8929,#8930,#8931,
#8932,#8933,#8934,#8935,#8936,#8937,#8938,#8939,#8940,#8941,#8942,#8943,
#8944,#8945,#8946,#8947,#8948,#8949,#8950,#8951,#8952,#8953,#8954,#8955,
#8956,#8957,#8958,#8959,#8960,#8961,#8962,#8963,#8964,#8965,#8966,#8967,
#8968,#8969,#8970,#8971,#8972,#8973,#8974,#8975,#8976,#8977,#8978,#8979,
#8980,#8981,#8982,#8983,#8984,#8985,#8986,#8987,#8988,#8989,#8990,#8991,
#8992,#8993,#8994,#8995,#8996,#8997,#8998,#8999,#9000,#9001),(#9002,#9003,
#9004,#9005,#9006,#9007,#9008,#9009,#9010,#9011,#9012,#9013,#9014,#9015,
#9016,#9017,#9018,#9019,#9020,#9021,#9022,#9023,#9024,#9025,#9026,#9027,
#9028,#9029,#9030,#9031,#9032,#9033,#9034,#9035,#9036,#9037,#9038,#9039,
#9040,#9041,#9042,#9043,#9044,#9045,#9046,#9047,#9048,#9049,#9050,#9051,
#9052,#9053,#9054,#9055,#9056,#9057,#9058,#9059,#9060,#9061,#9062,#9063,
#9064,#9065,#9066,#9067,#9068,#9069,#9070,#9071,#9072,#9073,#9074,#9075,
#9076,#9077,#9078,#9079,#9080,#9081,#9082,#9083,#9084,#9085,#9086,#9087,
#9088,#9089,#9090,#9091,#9092,#9093,#9094,#9095,#9096,#9097,#9098,#9099,
#9100,#9101,#9102,#9103,#9104,#9105,#9106,#9107,#9108,#9109,#9110,#9111,
#9112,#9113,#9114,#9115,#9116,#9117,#9118),(#9119,#9120,#9121,#9122,#9123,
#9124,#9125,#9126,#9127,#9128,#9129,#9130,#9131,#9132,#9133,#9134,#9135,
#9136,#9137,#9138,#9139,#9140,#9141,#9142,#9143,#9144,#9145,#9146,#9147,
#9148,#9149,#9150,#9151,#9152,#9153,#9154,#9155,#9156,#9157,#9158,#9159,
#9160,#9161,#9162,#9163,#9164,#9165,#9166,#9167,#9168,#9169,#9170,#9171,
#9172,#9173,#9174,#9175,#9176,#9177,#9178,#9179,#9180,#9181,#9182,#9183,
#9184,#9185,#9186,#9187,#9188,#9189,#9190,#9191,#9192,#9193,#9194,#9195,
#9196,#9197,#9198,#9199,#9200,#9201,#9202,#9203,#9204,#9205,#9206,#9207,
#9208,#9209,#9210,#9211,#9212,#9213,#9214,#9215,#9216,#9217,#9218,#9219,
#9220,#9221,#9222,#9223,#9224,#9225,#9226,#9227,#9228,#9229,#9230,#9231,
#9232,#9233,#9234,#9235),(#9236,#9237,#9238,#9239,#9240,#9241,#9242,#9243,
#9244,#9245,#9246,#9247,#9248,#9249,#9250,#9251,#9252,#9253,#9254,#9255,
#9256,#9257,#9258,#9259,#9260,#9261,#9262,#9263,#9264,#9265,#9266,#9267,
#9268,#9269,#9270,#9271,#9272,#9273,#9274,#9275,#9276,#9277,#9278,#9279,
#9280,#9281,#9282,#9283,#9284,#9285,#9286,#9287,#9288,#9289,#9290,#9291,
#9292,#9293,#9294,#9295,#9296,#9297,#9298,#9299,#9300,#9301,#9302,#9303,
#9304,#9305,#9306,#9307,#9308,#9309,#9310,#9311,#9312,#9313,#9314,#9315,
#9316,#9317,#9318,#9319,#9320,#9321,#9322,#9323,#9324,#9325,#9326,#9327,
#9328,#9329,#9330,#9331,#9332,#9333,#9334,#9335,#9336,#9337,#9338,#9339,
#9340,#9341,#9342,#9343,#9344,#9345,#9346,#9347,#9348,#9349,#9350,#9351,
#9352)),.UNSPECIFIED.,.T.,.F.,.F.,(4,1,1,1,1,1,1,4),(4,1,1,1,1,1,1,1,1,
1,1,1,1,1,1,1,1,1,1,1,1,1,1,1,1,1,1,1,1,1,1,1,1,1,1,1,1,1,1,1,1,1,1,1,1,
1,1,1,1,1,1,1,1,1,1,1,1,1,1,1,1,1,1,1,1,1,1,1,1,1,1,1,1,1,1,1,1,1,1,1,1,
1,1,1,1,1,1,1,1,1,1,1,1,1,1,1,1,1,1,1,1,1,1,1,1,1,1,1,1,1,1,1,1,1,4),(-3.14159265358979,
-2.24399475256414,-1.34639685153848,-0.448798950512828,0.448798950512828,
1.34639685153848,2.24399475256414,3.14159265358979),(0.,0.496040945303652,
0.992081890607303,1.48812283591095,1.98416378121461,2.48020472651826,2.97624567182191,
3.47228661712556,3.96832756242921,4.46436850773286,4.96040945303652,5.45645039834017,
5.95249134364382,6.44853228894747,6.94457323425112,7.44061417955477,7.93665512485842,
8.43269607016208,8.92873701546573,9.42477796076938,9.92081890607303,10.4168598513767,
10.9129007966803,11.408941741984,11.9049826872876,12.4010236325913,12.8970645778949,
13.3931055231986,13.8891464685022,14.3851874138059,14.8812283591095,15.3772693044132,
15.8733102497168,16.3693511950205,16.8653921403242,17.3614330856278,17.8574740309315,
18.3535149762351,18.8495559215388,19.3455968668424,19.8416378121461,20.3376787574497,
20.8337197027534,21.329760648057,21.8258015933607,22.3218425386643,22.817883483968,
23.3139244292716,23.8099653745753,24.3060063198789,24.8020472651826,25.2980882104862,
25.7941291557899,26.2901701010935,26.7862110463972,27.2822519917008,27.7782929370045,
28.2743338823081,28.7703748276118,29.2664157729154,29.7624567182191,30.2584976635227,
30.7545386088264,31.25057955413,31.7466204994337,32.2426614447374,32.738702390041,
33.2347433353447,33.7307842806483,34.226825225952,34.7228661712556,35.2189071165593,
35.7149480618629,36.2109890071666,36.7070299524702,37.2030708977739,37.6991118430775,
38.1951527883812,38.6911937336848,39.1872346789885,39.6832756242921,40.1793165695958,
40.6753575148994,41.1713984602031,41.6674394055067,42.1634803508104,42.659521296114,
43.1555622414177,43.6516031867213,44.147644132025,44.6436850773286,45.1397260226323,
45.6357669679359,46.1318079132396,46.6278488585432,47.1238898038469,47.6199307491505,
48.1159716944542,48.6120126397579,49.1080535850615,49.6040945303652,50.1001354756688,
50.5961764209725,51.0922173662761,51.5882583115798,52.0842992568834,52.5803402021871,
53.0763811474907,53.5724220927944,54.068463038098,54.5645039834017,55.0605449287053,
55.556585874009,56.0526268193126,56.5486677646163),.UNSPECIFIED.);
#16=B_SPLINE_SURFACE_WITH_KNOTS('',3,3,((#9627,#9628,#9629,#9630,#9631,
#9632,#9633,#9634,#9635,#9636,#9637,#9638),(#9639,#9640,#9641,#9642,#9643,
#9644,#9645,#9646,#9647,#9648,#9649,#9650),(#9651,#9652,#9653,#9654,#9655,
#9656,#9657,#9658,#9659,#9660,#9661,#9662),(#9663,#9664,#9665,#9666,#9667,
#9668,#9669,#9670,#9671,#9672,#9673,#9674),(#9675,#9676,#9677,#9678,#9679,
#9680,#9681,#9682,#9683,#9684,#9685,#9686)),.UNSPECIFIED.,.F.,.F.,.F.,(4,
1,4),(4,1,1,1,1,1,1,2,4),(0.,0.571428571428571,1.),(-1.35603664159901,-1.08482931327921,
-0.813621984959407,-0.542414656639604,-0.406810992479703,-0.271207328319802,
-0.135603664159901,0.,0.00266770835506156),.UNSPECIFIED.);
#17=B_SPLINE_SURFACE_WITH_KNOTS('',3,3,((#9701,#9702,#9703,#9704,#9705,
#9706,#9707,#9708),(#9709,#9710,#9711,#9712,#9713,#9714,#9715,#9716),(#9717,
#9718,#9719,#9720,#9721,#9722,#9723,#9724),(#9725,#9726,#9727,#9728,#9729,
#9730,#9731,#9732),(#9733,#9734,#9735,#9736,#9737,#9738,#9739,#9740)),
 .UNSPECIFIED.,.F.,.F.,.F.,(4,1,4),(4,2,1,1,4),(0.,0.571428571428571,1.),
(-4.0595379006141,-4.05687019225904,-3.51445553561943,-3.24324820729963,
-2.70083355066002),.UNSPECIFIED.);
#18=ITEM_DEFINED_TRANSFORMATION($,$,#5086,#5337);
#19=ITEM_DEFINED_TRANSFORMATION($,$,#5223,#5338);
#20=ITEM_DEFINED_TRANSFORMATION($,$,#5085,#5501);
#21=ITEM_DEFINED_TRANSFORMATION($,$,#5339,#5502);
#22=ITEM_DEFINED_TRANSFORMATION($,$,#5344,#5503);
#23=(
REPRESENTATION_RELATIONSHIP($,$,#10065,#10064)
REPRESENTATION_RELATIONSHIP_WITH_TRANSFORMATION(#18)
SHAPE_REPRESENTATION_RELATIONSHIP()
);
#24=(
REPRESENTATION_RELATIONSHIP($,$,#10066,#10064)
REPRESENTATION_RELATIONSHIP_WITH_TRANSFORMATION(#19)
SHAPE_REPRESENTATION_RELATIONSHIP()
);
#25=(
REPRESENTATION_RELATIONSHIP($,$,#10064,#10063)
REPRESENTATION_RELATIONSHIP_WITH_TRANSFORMATION(#20)
SHAPE_REPRESENTATION_RELATIONSHIP()
);
#26=(
REPRESENTATION_RELATIONSHIP($,$,#10067,#10063)
REPRESENTATION_RELATIONSHIP_WITH_TRANSFORMATION(#21)
SHAPE_REPRESENTATION_RELATIONSHIP()
);
#27=(
REPRESENTATION_RELATIONSHIP($,$,#10068,#10063)
REPRESENTATION_RELATIONSHIP_WITH_TRANSFORMATION(#22)
SHAPE_REPRESENTATION_RELATIONSHIP()
);
#28=CONTEXT_DEPENDENT_SHAPE_REPRESENTATION(#23,#10056);
#29=CONTEXT_DEPENDENT_SHAPE_REPRESENTATION(#24,#10057);
#30=CONTEXT_DEPENDENT_SHAPE_REPRESENTATION(#25,#10060);
#31=CONTEXT_DEPENDENT_SHAPE_REPRESENTATION(#26,#10061);
#32=CONTEXT_DEPENDENT_SHAPE_REPRESENTATION(#27,#10062);
#33=NEXT_ASSEMBLY_USAGE_OCCURRENCE('gaskethousing v8:1',
'gaskethousing v8:1','gaskethousing v8:1',#10071,#10072,
'gaskethousing v8:1');
#34=NEXT_ASSEMBLY_USAGE_OCCURRENCE('gasketatachpiece v9:1',
'gasketatachpiece v9:1','gasketatachpiece v9:1',#10071,#10073,
'gasketatachpiece v9:1');
#35=NEXT_ASSEMBLY_USAGE_OCCURRENCE('SubAssemly_1 v2:1',
'SubAssemly_1 v2:1','SubAssemly_1 v2:1',#10070,#10071,
'SubAssemly_1 v2:1');
#36=NEXT_ASSEMBLY_USAGE_OCCURRENCE('PlungerSpring v5:1',
'PlungerSpring v5:1','PlungerSpring v5:1',#10070,#10074,
'PlungerSpring v5:1');
#37=NEXT_ASSEMBLY_USAGE_OCCURRENCE('PlungerSpringHousing v14:1',
'PlungerSpringHousing v14:1','PlungerSpringHousing v14:1',#10070,#10075,
'PlungerSpringHousing v14:1');
#38=SHAPE_REPRESENTATION_RELATIONSHIP('SRR','None',#10065,#42);
#39=SHAPE_REPRESENTATION_RELATIONSHIP('SRR','None',#10066,#43);
#40=SHAPE_REPRESENTATION_RELATIONSHIP('SRR','None',#10067,#44);
#41=SHAPE_REPRESENTATION_RELATIONSHIP('SRR','None',#10068,#45);
#42=ADVANCED_BREP_SHAPE_REPRESENTATION('',(#123,#124,#125,#126,#127,#128,
#129,#130,#131,#132),#10037);
#43=ADVANCED_BREP_SHAPE_REPRESENTATION('',(#133,#134,#135,#136,#137),#10038);
#44=ADVANCED_BREP_SHAPE_REPRESENTATION('',(#138),#10039);
#45=ADVANCED_BREP_SHAPE_REPRESENTATION('',(#139,#140,#141,#142,#143,#144,
#145),#10040);
#46=(
BOUNDED_CURVE()
B_SPLINE_CURVE(5,(#7191,#7192,#7193,#7194,#7195,#7196,#7197,#7198,#7199),
 .UNSPECIFIED.,.F.,.F.)
B_SPLINE_CURVE_WITH_KNOTS((6,1,1,1,6),(-0.692464901381341,-0.6,-0.5,-0.4,
-0.373959182226262),.UNSPECIFIED.)
CURVE()
GEOMETRIC_REPRESENTATION_ITEM()
RATIONAL_B_SPLINE_CURVE((1.,1.,1.,1.,1.,1.,1.,1.,1.))
REPRESENTATION_ITEM('')
);
#47=(
BOUNDED_CURVE()
B_SPLINE_CURVE(5,(#7226,#7227,#7228,#7229,#7230,#7231,#7232,#7233,#7234),
 .UNSPECIFIED.,.F.,.F.)
B_SPLINE_CURVE_WITH_KNOTS((6,1,1,1,6),(0.373959182226262,0.4,0.5,0.6,0.692464901381341),
 .UNSPECIFIED.)
CURVE()
GEOMETRIC_REPRESENTATION_ITEM()
RATIONAL_B_SPLINE_CURVE((1.,1.,1.,1.,1.,1.,1.,1.,1.))
REPRESENTATION_ITEM('')
);
#48=(
BOUNDED_CURVE()
B_SPLINE_CURVE(5,(#7584,#7585,#7586,#7587,#7588,#7589),.UNSPECIFIED.,.F.,
 .F.)
B_SPLINE_CURVE_WITH_KNOTS((6,6),(0.852544618206332,0.877880799926968),
 .UNSPECIFIED.)
CURVE()
GEOMETRIC_REPRESENTATION_ITEM()
RATIONAL_B_SPLINE_CURVE((1.,1.,1.,1.,1.,1.))
REPRESENTATION_ITEM('')
);
#49=(
BOUNDED_CURVE()
B_SPLINE_CURVE(5,(#7592,#7593,#7594,#7595,#7596,#7597,#7598),
 .UNSPECIFIED.,.F.,.F.)
B_SPLINE_CURVE_WITH_KNOTS((6,1,6),(0.852544618205909,0.9,1.),
 .UNSPECIFIED.)
CURVE()
GEOMETRIC_REPRESENTATION_ITEM()
RATIONAL_B_SPLINE_CURVE((1.,1.,1.,1.,1.,1.,1.))
REPRESENTATION_ITEM('')
);
#50=(
BOUNDED_CURVE()
B_SPLINE_CURVE(5,(#7637,#7638,#7639,#7640,#7641,#7642,#7643,#7644),
 .UNSPECIFIED.,.F.,.F.)
B_SPLINE_CURVE_WITH_KNOTS((6,1,1,6),(0.692464901381341,0.7,0.8,0.852544618205909),
 .UNSPECIFIED.)
CURVE()
GEOMETRIC_REPRESENTATION_ITEM()
RATIONAL_B_SPLINE_CURVE((1.,1.,1.,1.,1.,1.,1.,1.))
REPRESENTATION_ITEM('')
);
#51=(
BOUNDED_CURVE()
B_SPLINE_CURVE(5,(#7645,#7646,#7647,#7648,#7649,#7650,#7651,#7652,#7653),
 .UNSPECIFIED.,.F.,.F.)
B_SPLINE_CURVE_WITH_KNOTS((6,1,1,1,6),(-1.,-0.9,-0.8,-0.7,-0.692464901381341),
 .UNSPECIFIED.)
CURVE()
GEOMETRIC_REPRESENTATION_ITEM()
RATIONAL_B_SPLINE_CURVE((1.,1.,1.,1.,1.,1.,1.,1.,1.))
REPRESENTATION_ITEM('')
);
#52=(
BOUNDED_CURVE()
B_SPLINE_CURVE(5,(#7694,#7695,#7696,#7697,#7698,#7699,#7700),
 .UNSPECIFIED.,.F.,.F.)
B_SPLINE_CURVE_WITH_KNOTS((6,1,6),(0.852544618205909,0.9,1.),
 .UNSPECIFIED.)
CURVE()
GEOMETRIC_REPRESENTATION_ITEM()
RATIONAL_B_SPLINE_CURVE((1.,1.,1.,1.,1.,1.,1.))
REPRESENTATION_ITEM('')
);
#53=(
BOUNDED_CURVE()
B_SPLINE_CURVE(5,(#7703,#7704,#7705,#7706,#7707,#7708),.UNSPECIFIED.,.F.,
 .F.)
B_SPLINE_CURVE_WITH_KNOTS((6,6),(0.852544618206332,0.877880799926968),
 .UNSPECIFIED.)
CURVE()
GEOMETRIC_REPRESENTATION_ITEM()
RATIONAL_B_SPLINE_CURVE((1.,1.,1.,1.,1.,1.))
REPRESENTATION_ITEM('')
);
#54=(
BOUNDED_CURVE()
B_SPLINE_CURVE(5,(#7747,#7748,#7749,#7750,#7751,#7752,#7753,#7754),
 .UNSPECIFIED.,.F.,.F.)
B_SPLINE_CURVE_WITH_KNOTS((6,1,1,6),(0.692464901381341,0.7,0.8,0.852544618205909),
 .UNSPECIFIED.)
CURVE()
GEOMETRIC_REPRESENTATION_ITEM()
RATIONAL_B_SPLINE_CURVE((1.,1.,1.,1.,1.,1.,1.,1.))
REPRESENTATION_ITEM('')
);
#55=(
BOUNDED_CURVE()
B_SPLINE_CURVE(5,(#7755,#7756,#7757,#7758,#7759,#7760,#7761,#7762,#7763),
 .UNSPECIFIED.,.F.,.F.)
B_SPLINE_CURVE_WITH_KNOTS((6,1,1,1,6),(-1.,-0.9,-0.8,-0.7,-0.692464901381341),
 .UNSPECIFIED.)
CURVE()
GEOMETRIC_REPRESENTATION_ITEM()
RATIONAL_B_SPLINE_CURVE((1.,1.,1.,1.,1.,1.,1.,1.,1.))
REPRESENTATION_ITEM('')
);
#56=(
BOUNDED_SURFACE()
B_SPLINE_SURFACE(5,1,((#7166,#7167),(#7168,#7169),(#7170,#7171),(#7172,
#7173),(#7174,#7175),(#7176,#7177),(#7178,#7179),(#7180,#7181),(#7182,#7183),
(#7184,#7185),(#7186,#7187),(#7188,#7189)),.UNSPECIFIED.,.F.,.F.,.F.)
B_SPLINE_SURFACE_WITH_KNOTS((6,1,1,1,1,1,1,6),(2,2),(0.,0.1,0.2,0.3,0.4,
0.5,0.6,0.692464901381341),(0.,1.43),.UNSPECIFIED.)
GEOMETRIC_REPRESENTATION_ITEM()
RATIONAL_B_SPLINE_SURFACE(((1.,1.),(1.,1.),(1.,1.),(1.,1.),(1.,1.),(1.,
1.),(1.,1.),(1.,1.),(1.,1.),(1.,1.),(1.,1.),(1.,1.)))
REPRESENTATION_ITEM('')
SURFACE()
);
#57=(
BOUNDED_SURFACE()
B_SPLINE_SURFACE(5,1,((#7286,#7287),(#7288,#7289),(#7290,#7291),(#7292,
#7293),(#7294,#7295),(#7296,#7297),(#7298,#7299),(#7300,#7301),(#7302,#7303),
(#7304,#7305),(#7306,#7307),(#7308,#7309)),.UNSPECIFIED.,.F.,.F.,.F.)
B_SPLINE_SURFACE_WITH_KNOTS((6,1,1,1,1,1,1,6),(2,2),(0.,0.1,0.2,0.3,0.4,
0.5,0.6,0.692464901381341),(0.,1.43),.UNSPECIFIED.)
GEOMETRIC_REPRESENTATION_ITEM()
RATIONAL_B_SPLINE_SURFACE(((1.,1.),(1.,1.),(1.,1.),(1.,1.),(1.,1.),(1.,
1.),(1.,1.),(1.,1.),(1.,1.),(1.,1.),(1.,1.),(1.,1.)))
REPRESENTATION_ITEM('')
SURFACE()
);
#58=(
BOUNDED_SURFACE()
B_SPLINE_SURFACE(5,1,((#7569,#7570),(#7571,#7572),(#7573,#7574),(#7575,
#7576),(#7577,#7578),(#7579,#7580),(#7581,#7582)),.UNSPECIFIED.,.F.,.F.,
 .F.)
B_SPLINE_SURFACE_WITH_KNOTS((6,1,6),(2,2),(0.852544618206332,0.9,1.),(0.,
0.53),.UNSPECIFIED.)
GEOMETRIC_REPRESENTATION_ITEM()
RATIONAL_B_SPLINE_SURFACE(((1.,1.),(1.,1.),(1.,1.),(1.,1.),(1.,1.),(1.,
1.),(1.,1.)))
REPRESENTATION_ITEM('')
SURFACE()
);
#59=(
BOUNDED_SURFACE()
B_SPLINE_SURFACE(5,1,((#7619,#7620),(#7621,#7622),(#7623,#7624),(#7625,
#7626),(#7627,#7628),(#7629,#7630),(#7631,#7632),(#7633,#7634),(#7635,#7636)),
 .UNSPECIFIED.,.F.,.F.,.F.)
B_SPLINE_SURFACE_WITH_KNOTS((6,1,1,1,6),(2,2),(-1.,-0.9,-0.8,-0.7,-0.692464901381341),
(0.,0.14),.UNSPECIFIED.)
GEOMETRIC_REPRESENTATION_ITEM()
RATIONAL_B_SPLINE_SURFACE(((1.,1.),(1.,1.),(1.,1.),(1.,1.),(1.,1.),(1.,
1.),(1.,1.),(1.,1.),(1.,1.)))
REPRESENTATION_ITEM('')
SURFACE()
);
#60=(
BOUNDED_SURFACE()
B_SPLINE_SURFACE(5,1,((#7679,#7680),(#7681,#7682),(#7683,#7684),(#7685,
#7686),(#7687,#7688),(#7689,#7690),(#7691,#7692)),.UNSPECIFIED.,.F.,.F.,
 .F.)
B_SPLINE_SURFACE_WITH_KNOTS((6,1,6),(2,2),(0.852544618206332,0.9,1.),(0.,
0.53),.UNSPECIFIED.)
GEOMETRIC_REPRESENTATION_ITEM()
RATIONAL_B_SPLINE_SURFACE(((1.,1.),(1.,1.),(1.,1.),(1.,1.),(1.,1.),(1.,
1.),(1.,1.)))
REPRESENTATION_ITEM('')
SURFACE()
);
#61=(
BOUNDED_SURFACE()
B_SPLINE_SURFACE(5,1,((#7729,#7730),(#7731,#7732),(#7733,#7734),(#7735,
#7736),(#7737,#7738),(#7739,#7740),(#7741,#7742),(#7743,#7744),(#7745,#7746)),
 .UNSPECIFIED.,.F.,.F.,.F.)
B_SPLINE_SURFACE_WITH_KNOTS((6,1,1,1,6),(2,2),(-1.,-0.9,-0.8,-0.7,-0.692464901381341),
(0.,0.14),.UNSPECIFIED.)
GEOMETRIC_REPRESENTATION_ITEM()
RATIONAL_B_SPLINE_SURFACE(((1.,1.),(1.,1.),(1.,1.),(1.,1.),(1.,1.),(1.,
1.),(1.,1.),(1.,1.),(1.,1.)))
REPRESENTATION_ITEM('')
SURFACE()
);
#62=B_SPLINE_CURVE_WITH_KNOTS('',3,(#7042,#7043,#7044,#7045,#7046,#7047,
#7048,#7049,#7050,#7051,#7052,#7053,#7054,#7055),.UNSPECIFIED.,.F.,.F.,
(4,2,2,2,2,2,4),(-1.06954901441483,-0.971793895492467,-0.862693461554146,
-0.697951070893246,-0.60034137740473,-0.540133045870785,-0.534027501990568),
 .UNSPECIFIED.);
#63=B_SPLINE_CURVE_WITH_KNOTS('',3,(#7059,#7060,#7061,#7062,#7063,#7064,
#7065,#7066,#7067,#7068,#7069,#7070,#7071,#7072,#7073,#7074,#7075,#7076),
 .UNSPECIFIED.,.F.,.F.,(4,2,2,2,2,2,2,2,4),(0.342422285194495,0.427839861357794,
0.513257437521094,0.599051003955042,0.684844570388989,0.770638136822937,
0.856431703256885,0.941849279420184,1.02726685558348),.UNSPECIFIED.);
#64=B_SPLINE_CURVE_WITH_KNOTS('',3,(#7093,#7094,#7095,#7096,#7097,#7098,
#7099,#7100,#7101,#7102,#7103,#7104,#7105,#7106,#7107,#7108,#7109,#7110),
 .UNSPECIFIED.,.F.,.F.,(4,2,2,2,2,2,2,2,4),(0.342422285194495,0.427839861357794,
0.513257437521094,0.599051003955042,0.684844570388989,0.770638136822937,
0.856431703256885,0.941849279420184,1.02726685558348),.UNSPECIFIED.);
#65=B_SPLINE_CURVE_WITH_KNOTS('',3,(#7114,#7115,#7116,#7117,#7118,#7119,
#7120,#7121,#7122,#7123,#7124,#7125),.UNSPECIFIED.,.F.,.F.,(4,2,2,2,2,4),
(-0.535750858964922,-0.508361870370991,-0.439109043174587,-0.314925968513109,
-0.157135284152083,0.),.UNSPECIFIED.);
#66=B_SPLINE_CURVE_WITH_KNOTS('',3,(#7137,#7138,#7139,#7140,#7141,#7142,
#7143,#7144,#7145,#7146,#7147,#7148,#7149,#7150,#7151,#7152,#7153,#7154,
#7155,#7156,#7157,#7158,#7159,#7160,#7161,#7162,#7163,#7164),
 .UNSPECIFIED.,.F.,.F.,(4,3,3,3,3,3,3,3,3,4),(-0.484744714484706,-0.440351849961502,
-0.396961769534969,-0.350096016463524,-0.292683029127525,-0.208610823499595,
-0.146221806595652,-0.0906825142050398,-0.0387524355521233,-0.0130348736801737),
 .UNSPECIFIED.);
#67=B_SPLINE_CURVE_WITH_KNOTS('',3,(#7203,#7204,#7205,#7206),
 .UNSPECIFIED.,.F.,.F.,(4,4),(0.0505347603367821,0.4287187227722),
 .UNSPECIFIED.);
#68=B_SPLINE_CURVE_WITH_KNOTS('',3,(#7207,#7208,#7209,#7210),
 .UNSPECIFIED.,.F.,.F.,(4,4),(0.910000000000001,1.05),.UNSPECIFIED.);
#69=B_SPLINE_CURVE_WITH_KNOTS('',3,(#7247,#7248,#7249,#7250,#7251,#7252,
#7253,#7254,#7255,#7256,#7257,#7258,#7259,#7260,#7261,#7262,#7263,#7264,
#7265,#7266,#7267,#7268,#7269,#7270,#7271,#7272,#7273,#7274),
 .UNSPECIFIED.,.F.,.F.,(4,3,3,3,3,3,3,3,3,4),(-0.528754161503523,-0.476428757446398,
-0.419451174547592,-0.354706202856499,-0.278498611927129,-0.221342918730102,
-0.172054219189829,-0.126701241664572,-0.0820812875479125,-0.0498758391390203),
 .UNSPECIFIED.);
#70=B_SPLINE_CURVE_WITH_KNOTS('',3,(#7282,#7283,#7284,#7285),
 .UNSPECIFIED.,.F.,.F.,(4,4),(0.0500000000000001,0.21),.UNSPECIFIED.);
#71=B_SPLINE_CURVE_WITH_KNOTS('',3,(#7311,#7312,#7313,#7314),
 .UNSPECIFIED.,.F.,.F.,(4,4),(0.,0.372383754753918),.UNSPECIFIED.);
#72=B_SPLINE_CURVE_WITH_KNOTS('',3,(#7553,#7554,#7555,#7556,#7557,#7558,
#7559),.UNSPECIFIED.,.F.,.F.,(4,3,4),(-0.355876132066337,-0.163037237946371,
0.),.UNSPECIFIED.);
#73=B_SPLINE_CURVE_WITH_KNOTS('',3,(#7663,#7664,#7665,#7666,#7667,#7668,
#7669),.UNSPECIFIED.,.F.,.F.,(4,3,4),(-0.355876132066337,-0.163037237946371,
0.),.UNSPECIFIED.);
#74=B_SPLINE_CURVE_WITH_KNOTS('',3,(#9356,#9357,#9358,#9359,#9360,#9361,
#9362,#9363,#9364,#9365,#9366,#9367,#9368,#9369,#9370,#9371,#9372,#9373,
#9374,#9375,#9376,#9377,#9378,#9379,#9380,#9381,#9382,#9383,#9384,#9385,
#9386,#9387,#9388,#9389,#9390,#9391,#9392,#9393,#9394,#9395,#9396,#9397,
#9398,#9399,#9400,#9401,#9402,#9403,#9404,#9405,#9406,#9407,#9408,#9409,
#9410,#9411,#9412,#9413,#9414,#9415,#9416,#9417,#9418,#9419,#9420,#9421,
#9422,#9423,#9424,#9425,#9426,#9427,#9428,#9429,#9430,#9431,#9432,#9433,
#9434,#9435,#9436,#9437,#9438,#9439,#9440,#9441,#9442,#9443,#9444,#9445,
#9446,#9447,#9448,#9449,#9450,#9451,#9452,#9453,#9454,#9455,#9456,#9457,
#9458,#9459,#9460,#9461,#9462,#9463,#9464,#9465,#9466,#9467,#9468,#9469,
#9470,#9471,#9472),.UNSPECIFIED.,.F.,.F.,(4,1,1,1,1,1,1,1,1,1,1,1,1,1,1,
1,1,1,1,1,1,1,1,1,1,1,1,1,1,1,1,1,1,1,1,1,1,1,1,1,1,1,1,1,1,1,1,1,1,1,1,
1,1,1,1,1,1,1,1,1,1,1,1,1,1,1,1,1,1,1,1,1,1,1,1,1,1,1,1,1,1,1,1,1,1,1,1,
1,1,1,1,1,1,1,1,1,1,1,1,1,1,1,1,1,1,1,1,1,1,1,1,1,1,1,4),(0.,0.496040945303652,
0.992081890607303,1.48812283591095,1.98416378121461,2.48020472651826,2.97624567182191,
3.47228661712556,3.96832756242921,4.46436850773286,4.96040945303652,5.45645039834017,
5.95249134364382,6.44853228894747,6.94457323425112,7.44061417955477,7.93665512485842,
8.43269607016208,8.92873701546573,9.42477796076938,9.92081890607303,10.4168598513767,
10.9129007966803,11.408941741984,11.9049826872876,12.4010236325913,12.8970645778949,
13.3931055231986,13.8891464685022,14.3851874138059,14.8812283591095,15.3772693044132,
15.8733102497168,16.3693511950205,16.8653921403242,17.3614330856278,17.8574740309315,
18.3535149762351,18.8495559215388,19.3455968668424,19.8416378121461,20.3376787574497,
20.8337197027534,21.329760648057,21.8258015933607,22.3218425386643,22.817883483968,
23.3139244292716,23.8099653745753,24.3060063198789,24.8020472651826,25.2980882104862,
25.7941291557899,26.2901701010935,26.7862110463972,27.2822519917008,27.7782929370045,
28.2743338823081,28.7703748276118,29.2664157729154,29.7624567182191,30.2584976635227,
30.7545386088264,31.25057955413,31.7466204994337,32.2426614447374,32.738702390041,
33.2347433353447,33.7307842806483,34.226825225952,34.7228661712556,35.2189071165593,
35.7149480618629,36.2109890071666,36.7070299524702,37.2030708977739,37.6991118430775,
38.1951527883812,38.6911937336848,39.1872346789885,39.6832756242921,40.1793165695958,
40.6753575148994,41.1713984602031,41.6674394055067,42.1634803508104,42.659521296114,
43.1555622414177,43.6516031867213,44.147644132025,44.6436850773286,45.1397260226323,
45.6357669679359,46.1318079132396,46.6278488585432,47.1238898038469,47.6199307491505,
48.1159716944542,48.6120126397579,49.1080535850615,49.6040945303652,50.1001354756688,
50.5961764209725,51.0922173662761,51.5882583115798,52.0842992568834,52.5803402021871,
53.0763811474907,53.5724220927944,54.068463038098,54.5645039834017,55.0605449287053,
55.556585874009,56.0526268193126,56.5486677646163),.UNSPECIFIED.);
#75=B_SPLINE_CURVE_WITH_KNOTS('',3,(#9688,#9689,#9690,#9691,#9692,#9693,
#9694,#9695,#9696,#9697,#9698,#9699),.UNSPECIFIED.,.F.,.F.,(4,1,1,1,1,1,
1,2,4),(-1.35603664159901,-1.08482931327921,-0.813621984959407,-0.542414656639604,
-0.406810992479703,-0.271207328319802,-0.135603664159901,0.,0.00266770835506156),
 .UNSPECIFIED.);
#76=B_SPLINE_CURVE_WITH_KNOTS('',3,(#9742,#9743,#9744,#9745,#9746,#9747,
#9748,#9749),.UNSPECIFIED.,.F.,.F.,(4,2,1,1,4),(-4.0595379006141,-4.05687019225904,
-3.51445553561943,-3.24324820729963,-2.70083355066002),.UNSPECIFIED.);
#77=FACE_BOUND('',#636,.T.);
#78=FACE_BOUND('',#638,.T.);
#79=FACE_BOUND('',#673,.T.);
#80=FACE_BOUND('',#689,.T.);
#81=FACE_BOUND('',#750,.T.);
#82=FACE_BOUND('',#756,.T.);
#83=FACE_BOUND('',#781,.T.);
#84=FACE_BOUND('',#782,.T.);
#85=FACE_BOUND('',#783,.T.);
#86=FACE_BOUND('',#806,.T.);
#87=FACE_BOUND('',#817,.T.);
#88=FACE_BOUND('',#835,.T.);
#89=FACE_BOUND('',#863,.T.);
#90=FACE_BOUND('',#864,.T.);
#91=FACE_BOUND('',#865,.T.);
#92=FACE_BOUND('',#866,.T.);
#93=FACE_BOUND('',#872,.T.);
#94=FACE_BOUND('',#889,.T.);
#95=FACE_BOUND('',#902,.T.);
#96=FACE_BOUND('',#904,.T.);
#97=FACE_BOUND('',#927,.T.);
#98=FACE_BOUND('',#929,.T.);
#99=STYLED_ITEM('',(#10100),#123);
#100=STYLED_ITEM('',(#10100),#124);
#101=STYLED_ITEM('',(#10100),#125);
#102=STYLED_ITEM('',(#10101),#126);
#103=STYLED_ITEM('',(#10100),#127);
#104=STYLED_ITEM('',(#10100),#128);
#105=STYLED_ITEM('',(#10100),#129);
#106=STYLED_ITEM('',(#10100),#130);
#107=STYLED_ITEM('',(#10100),#131);
#108=STYLED_ITEM('',(#10100),#132);
#109=STYLED_ITEM('',(#10100),#133);
#110=STYLED_ITEM('',(#10100),#134);
#111=STYLED_ITEM('',(#10100),#135);
#112=STYLED_ITEM('',(#10100),#136);
#113=STYLED_ITEM('',(#10100),#137);
#114=STYLED_ITEM('',(#10098),#138);
#115=STYLED_ITEM('',(#10099),#139);
#116=STYLED_ITEM('',(#10099),#140);
#117=STYLED_ITEM('',(#10099),#141);
#118=STYLED_ITEM('',(#10099),#142);
#119=STYLED_ITEM('',(#10099),#143);
#120=STYLED_ITEM('',(#10099),#144);
#121=STYLED_ITEM('',(#10097),#145);
#122=STYLED_ITEM('',(#10102),#12);
#123=MANIFOLD_SOLID_BREP('Body1',#5016);
#124=MANIFOLD_SOLID_BREP('Body1',#5017);
#125=MANIFOLD_SOLID_BREP('Body1',#5018);
#126=MANIFOLD_SOLID_BREP('Body2',#5019);
#127=MANIFOLD_SOLID_BREP('Body3',#5020);
#128=MANIFOLD_SOLID_BREP('Body7',#5021);
#129=MANIFOLD_SOLID_BREP('Body8',#5022);
#130=MANIFOLD_SOLID_BREP('Body9',#5023);
#131=MANIFOLD_SOLID_BREP('Body10',#5024);
#132=MANIFOLD_SOLID_BREP('Body11',#5025);
#133=MANIFOLD_SOLID_BREP('Body1',#5026);
#134=MANIFOLD_SOLID_BREP('Body2',#5027);
#135=MANIFOLD_SOLID_BREP('Body5',#5028);
#136=MANIFOLD_SOLID_BREP('Body6',#5029);
#137=MANIFOLD_SOLID_BREP('Body7',#5030);
#138=MANIFOLD_SOLID_BREP('Body1',#5031);
#139=MANIFOLD_SOLID_BREP('Body1',#5032);
#140=MANIFOLD_SOLID_BREP('Body2',#5033);
#141=MANIFOLD_SOLID_BREP('Body3',#5034);
#142=MANIFOLD_SOLID_BREP('Body4',#5035);
#143=MANIFOLD_SOLID_BREP('Body5',#5036);
#144=MANIFOLD_SOLID_BREP('Body7',#5037);
#145=MANIFOLD_SOLID_BREP('Body6',#5038);
#146=CIRCLE('',#5090,8.);
#147=CIRCLE('',#5091,8.);
#148=CIRCLE('',#5096,12.);
#149=CIRCLE('',#5097,12.);
#150=CIRCLE('',#5099,8.);
#151=CIRCLE('',#5101,8.);
#152=CIRCLE('',#5106,8.);
#153=CIRCLE('',#5107,12.);
#154=CIRCLE('',#5109,12.);
#155=CIRCLE('',#5111,8.);
#156=CIRCLE('',#5116,8.);
#157=CIRCLE('',#5117,8.);
#158=CIRCLE('',#5119,12.);
#159=CIRCLE('',#5120,12.);
#160=CIRCLE('',#5124,4.);
#161=CIRCLE('',#5125,4.);
#162=CIRCLE('',#5129,4.);
#163=CIRCLE('',#5130,4.);
#164=CIRCLE('',#5137,4.);
#165=CIRCLE('',#5138,4.);
#166=CIRCLE('',#5142,4.);
#167=CIRCLE('',#5143,4.);
#168=CIRCLE('',#5163,12.);
#169=CIRCLE('',#5176,8.);
#170=CIRCLE('',#5178,8.);
#171=CIRCLE('',#5180,12.);
#172=CIRCLE('',#5231,2.5);
#173=CIRCLE('',#5232,2.5);
#174=CIRCLE('',#5236,1.5);
#175=CIRCLE('',#5237,1.5);
#176=CIRCLE('',#5240,2.);
#177=CIRCLE('',#5242,2.);
#178=CIRCLE('',#5245,2.5);
#179=CIRCLE('',#5246,1.5);
#180=CIRCLE('',#5248,2.5);
#181=CIRCLE('',#5251,1.5);
#182=CIRCLE('',#5254,2.5);
#183=CIRCLE('',#5255,1.5);
#184=CIRCLE('',#5256,0.999999999999999);
#185=CIRCLE('',#5257,1.5);
#186=CIRCLE('',#5258,2.5);
#187=CIRCLE('',#5264,1.5);
#188=CIRCLE('',#5269,2.5);
#189=CIRCLE('',#5273,1.);
#190=CIRCLE('',#5275,1.);
#191=CIRCLE('',#5287,2.5);
#192=CIRCLE('',#5288,1.5);
#193=CIRCLE('',#5296,0.999999999999999);
#194=CIRCLE('',#5304,0.500000000000002);
#195=CIRCLE('',#5305,0.500000000000002);
#196=CIRCLE('',#5316,0.500000000000002);
#197=CIRCLE('',#5317,0.500000000000002);
#198=CIRCLE('',#5328,2.1);
#199=CIRCLE('',#5330,2.1);
#200=CIRCLE('',#5333,2.1);
#201=CIRCLE('',#5335,2.1);
#202=CIRCLE('',#5340,0.72);
#203=CIRCLE('',#5341,0.72);
#204=CIRCLE('',#5348,9.5);
#205=CIRCLE('',#5349,9.5);
#206=CIRCLE('',#5351,1.6);
#207=CIRCLE('',#5352,1.6);
#208=CIRCLE('',#5356,10.5);
#209=CIRCLE('',#5359,2.07524098607287);
#210=CIRCLE('',#5360,2.07524098607287);
#211=CIRCLE('',#5363,15.5);
#212=CIRCLE('',#5365,15.5);
#213=CIRCLE('',#5368,2.07524098599537);
#214=CIRCLE('',#5369,2.07524098599537);
#215=CIRCLE('',#5372,15.5);
#216=CIRCLE('',#5374,15.5);
#217=CIRCLE('',#5377,2.07524098583036);
#218=CIRCLE('',#5378,2.07524098583036);
#219=CIRCLE('',#5381,15.5);
#220=CIRCLE('',#5383,15.5);
#221=CIRCLE('',#5386,2.0752409862264);
#222=CIRCLE('',#5387,2.0752409862264);
#223=CIRCLE('',#5390,15.5);
#224=CIRCLE('',#5392,15.5);
#225=CIRCLE('',#5394,2.);
#226=CIRCLE('',#5395,12.5);
#227=CIRCLE('',#5396,2.);
#228=CIRCLE('',#5397,10.5);
#229=CIRCLE('',#5398,10.5);
#230=CIRCLE('',#5399,15.5);
#231=CIRCLE('',#5400,15.5);
#232=CIRCLE('',#5402,15.5);
#233=CIRCLE('',#5403,15.5);
#234=CIRCLE('',#5407,15.5);
#235=CIRCLE('',#5408,15.5);
#236=CIRCLE('',#5409,15.5);
#237=CIRCLE('',#5411,13.75);
#238=CIRCLE('',#5412,13.75);
#239=CIRCLE('',#5414,11.95);
#240=CIRCLE('',#5416,11.95);
#241=CIRCLE('',#5418,13.75);
#242=CIRCLE('',#5419,13.75);
#243=CIRCLE('',#5423,1.7);
#244=CIRCLE('',#5424,1.7);
#245=CIRCLE('',#5426,1.7);
#246=CIRCLE('',#5429,1.7);
#247=CIRCLE('',#5435,2.);
#248=CIRCLE('',#5436,2.);
#249=CIRCLE('',#5438,2.);
#250=CIRCLE('',#5441,2.);
#251=CIRCLE('',#5443,2.025);
#252=CIRCLE('',#5444,2.025);
#253=CIRCLE('',#5452,1.4475);
#254=CIRCLE('',#5453,1.4475);
#255=CIRCLE('',#5456,1.4475);
#256=CIRCLE('',#5457,1.4475);
#257=CIRCLE('',#5460,2.74750000000153);
#258=CIRCLE('',#5461,2.74750000000153);
#259=CIRCLE('',#5464,2.74750000000106);
#260=CIRCLE('',#5465,2.74750000000106);
#261=CIRCLE('',#5469,1.7);
#262=CIRCLE('',#5470,1.7);
#263=CIRCLE('',#5472,1.7);
#264=CIRCLE('',#5475,1.7);
#265=CIRCLE('',#5489,1.6);
#266=CIRCLE('',#5490,1.6);
#267=CIRCLE('',#5494,9.5);
#268=CIRCLE('',#5495,9.5);
#269=CIRCLE('',#5497,10.5);
#270=CIRCLE('',#5498,10.5);
#271=CYLINDRICAL_SURFACE('',#5089,8.);
#272=CYLINDRICAL_SURFACE('',#5095,12.);
#273=CYLINDRICAL_SURFACE('',#5100,8.);
#274=CYLINDRICAL_SURFACE('',#5108,12.);
#275=CYLINDRICAL_SURFACE('',#5110,8.);
#276=CYLINDRICAL_SURFACE('',#5115,8.);
#277=CYLINDRICAL_SURFACE('',#5118,12.);
#278=CYLINDRICAL_SURFACE('',#5136,4.);
#279=CYLINDRICAL_SURFACE('',#5141,4.);
#280=CYLINDRICAL_SURFACE('',#5148,2.21500000000001);
#281=CYLINDRICAL_SURFACE('',#5177,8.);
#282=CYLINDRICAL_SURFACE('',#5179,12.);
#283=CYLINDRICAL_SURFACE('',#5230,2.5);
#284=CYLINDRICAL_SURFACE('',#5235,1.5);
#285=CYLINDRICAL_SURFACE('',#5241,2.);
#286=CYLINDRICAL_SURFACE('',#5247,2.5);
#287=CYLINDRICAL_SURFACE('',#5250,1.5);
#288=CYLINDRICAL_SURFACE('',#5263,1.5);
#289=CYLINDRICAL_SURFACE('',#5268,2.5);
#290=CYLINDRICAL_SURFACE('',#5274,1.);
#291=CYLINDRICAL_SURFACE('',#5292,1.5);
#292=CYLINDRICAL_SURFACE('',#5295,0.999999999999999);
#293=CYLINDRICAL_SURFACE('',#5298,2.5);
#294=CYLINDRICAL_SURFACE('',#5303,0.500000000000002);
#295=CYLINDRICAL_SURFACE('',#5315,0.500000000000002);
#296=CYLINDRICAL_SURFACE('',#5329,2.1);
#297=CYLINDRICAL_SURFACE('',#5334,2.1);
#298=CYLINDRICAL_SURFACE('',#5347,9.5);
#299=CYLINDRICAL_SURFACE('',#5350,1.6);
#300=CYLINDRICAL_SURFACE('',#5358,2.07524098607287);
#301=CYLINDRICAL_SURFACE('',#5367,2.07524098599537);
#302=CYLINDRICAL_SURFACE('',#5376,2.07524098583036);
#303=CYLINDRICAL_SURFACE('',#5385,2.0752409862264);
#304=CYLINDRICAL_SURFACE('',#5405,10.5);
#305=CYLINDRICAL_SURFACE('',#5406,15.5);
#306=CYLINDRICAL_SURFACE('',#5415,11.95);
#307=CYLINDRICAL_SURFACE('',#5417,13.75);
#308=CYLINDRICAL_SURFACE('',#5422,1.7);
#309=CYLINDRICAL_SURFACE('',#5428,1.7);
#310=CYLINDRICAL_SURFACE('',#5434,2.);
#311=CYLINDRICAL_SURFACE('',#5440,2.);
#312=CYLINDRICAL_SURFACE('',#5442,2.025);
#313=CYLINDRICAL_SURFACE('',#5451,1.4475);
#314=CYLINDRICAL_SURFACE('',#5455,1.4475);
#315=CYLINDRICAL_SURFACE('',#5459,2.74750000000153);
#316=CYLINDRICAL_SURFACE('',#5463,2.74750000000106);
#317=CYLINDRICAL_SURFACE('',#5468,1.7);
#318=CYLINDRICAL_SURFACE('',#5474,1.7);
#319=CYLINDRICAL_SURFACE('',#5488,1.6);
#320=CYLINDRICAL_SURFACE('',#5493,9.5);
#321=CYLINDRICAL_SURFACE('',#5496,10.5);
#322=FACE_OUTER_BOUND('',#615,.T.);
#323=FACE_OUTER_BOUND('',#616,.T.);
#324=FACE_OUTER_BOUND('',#617,.T.);
#325=FACE_OUTER_BOUND('',#618,.T.);
#326=FACE_OUTER_BOUND('',#619,.T.);
#327=FACE_OUTER_BOUND('',#620,.T.);
#328=FACE_OUTER_BOUND('',#621,.T.);
#329=FACE_OUTER_BOUND('',#622,.T.);
#330=FACE_OUTER_BOUND('',#623,.T.);
#331=FACE_OUTER_BOUND('',#624,.T.);
#332=FACE_OUTER_BOUND('',#625,.T.);
#333=FACE_OUTER_BOUND('',#626,.T.);
#334=FACE_OUTER_BOUND('',#627,.T.);
#335=FACE_OUTER_BOUND('',#628,.T.);
#336=FACE_OUTER_BOUND('',#629,.T.);
#337=FACE_OUTER_BOUND('',#630,.T.);
#338=FACE_OUTER_BOUND('',#631,.T.);
#339=FACE_OUTER_BOUND('',#632,.T.);
#340=FACE_OUTER_BOUND('',#633,.T.);
#341=FACE_OUTER_BOUND('',#634,.T.);
#342=FACE_OUTER_BOUND('',#635,.T.);
#343=FACE_OUTER_BOUND('',#637,.T.);
#344=FACE_OUTER_BOUND('',#639,.T.);
#345=FACE_OUTER_BOUND('',#640,.T.);
#346=FACE_OUTER_BOUND('',#641,.T.);
#347=FACE_OUTER_BOUND('',#642,.T.);
#348=FACE_OUTER_BOUND('',#643,.T.);
#349=FACE_OUTER_BOUND('',#644,.T.);
#350=FACE_OUTER_BOUND('',#645,.T.);
#351=FACE_OUTER_BOUND('',#646,.T.);
#352=FACE_OUTER_BOUND('',#647,.T.);
#353=FACE_OUTER_BOUND('',#648,.T.);
#354=FACE_OUTER_BOUND('',#649,.T.);
#355=FACE_OUTER_BOUND('',#650,.T.);
#356=FACE_OUTER_BOUND('',#651,.T.);
#357=FACE_OUTER_BOUND('',#652,.T.);
#358=FACE_OUTER_BOUND('',#653,.T.);
#359=FACE_OUTER_BOUND('',#654,.T.);
#360=FACE_OUTER_BOUND('',#655,.T.);
#361=FACE_OUTER_BOUND('',#656,.T.);
#362=FACE_OUTER_BOUND('',#657,.T.);
#363=FACE_OUTER_BOUND('',#658,.T.);
#364=FACE_OUTER_BOUND('',#659,.T.);
#365=FACE_OUTER_BOUND('',#660,.T.);
#366=FACE_OUTER_BOUND('',#661,.T.);
#367=FACE_OUTER_BOUND('',#662,.T.);
#368=FACE_OUTER_BOUND('',#663,.T.);
#369=FACE_OUTER_BOUND('',#664,.T.);
#370=FACE_OUTER_BOUND('',#665,.T.);
#371=FACE_OUTER_BOUND('',#666,.T.);
#372=FACE_OUTER_BOUND('',#667,.T.);
#373=FACE_OUTER_BOUND('',#668,.T.);
#374=FACE_OUTER_BOUND('',#669,.T.);
#375=FACE_OUTER_BOUND('',#670,.T.);
#376=FACE_OUTER_BOUND('',#671,.T.);
#377=FACE_OUTER_BOUND('',#672,.T.);
#378=FACE_OUTER_BOUND('',#674,.T.);
#379=FACE_OUTER_BOUND('',#675,.T.);
#380=FACE_OUTER_BOUND('',#676,.T.);
#381=FACE_OUTER_BOUND('',#677,.T.);
#382=FACE_OUTER_BOUND('',#678,.T.);
#383=FACE_OUTER_BOUND('',#679,.T.);
#384=FACE_OUTER_BOUND('',#680,.T.);
#385=FACE_OUTER_BOUND('',#681,.T.);
#386=FACE_OUTER_BOUND('',#682,.T.);
#387=FACE_OUTER_BOUND('',#683,.T.);
#388=FACE_OUTER_BOUND('',#684,.T.);
#389=FACE_OUTER_BOUND('',#685,.T.);
#390=FACE_OUTER_BOUND('',#686,.T.);
#391=FACE_OUTER_BOUND('',#687,.T.);
#392=FACE_OUTER_BOUND('',#688,.T.);
#393=FACE_OUTER_BOUND('',#690,.T.);
#394=FACE_OUTER_BOUND('',#691,.T.);
#395=FACE_OUTER_BOUND('',#692,.T.);
#396=FACE_OUTER_BOUND('',#693,.T.);
#397=FACE_OUTER_BOUND('',#694,.T.);
#398=FACE_OUTER_BOUND('',#695,.T.);
#399=FACE_OUTER_BOUND('',#696,.T.);
#400=FACE_OUTER_BOUND('',#697,.T.);
#401=FACE_OUTER_BOUND('',#698,.T.);
#402=FACE_OUTER_BOUND('',#699,.T.);
#403=FACE_OUTER_BOUND('',#700,.T.);
#404=FACE_OUTER_BOUND('',#701,.T.);
#405=FACE_OUTER_BOUND('',#702,.T.);
#406=FACE_OUTER_BOUND('',#703,.T.);
#407=FACE_OUTER_BOUND('',#704,.T.);
#408=FACE_OUTER_BOUND('',#705,.T.);
#409=FACE_OUTER_BOUND('',#706,.T.);
#410=FACE_OUTER_BOUND('',#707,.T.);
#411=FACE_OUTER_BOUND('',#708,.T.);
#412=FACE_OUTER_BOUND('',#709,.T.);
#413=FACE_OUTER_BOUND('',#710,.T.);
#414=FACE_OUTER_BOUND('',#711,.T.);
#415=FACE_OUTER_BOUND('',#712,.T.);
#416=FACE_OUTER_BOUND('',#713,.T.);
#417=FACE_OUTER_BOUND('',#714,.T.);
#418=FACE_OUTER_BOUND('',#715,.T.);
#419=FACE_OUTER_BOUND('',#716,.T.);
#420=FACE_OUTER_BOUND('',#717,.T.);
#421=FACE_OUTER_BOUND('',#718,.T.);
#422=FACE_OUTER_BOUND('',#719,.T.);
#423=FACE_OUTER_BOUND('',#720,.T.);
#424=FACE_OUTER_BOUND('',#721,.T.);
#425=FACE_OUTER_BOUND('',#722,.T.);
#426=FACE_OUTER_BOUND('',#723,.T.);
#427=FACE_OUTER_BOUND('',#724,.T.);
#428=FACE_OUTER_BOUND('',#725,.T.);
#429=FACE_OUTER_BOUND('',#726,.T.);
#430=FACE_OUTER_BOUND('',#727,.T.);
#431=FACE_OUTER_BOUND('',#728,.T.);
#432=FACE_OUTER_BOUND('',#729,.T.);
#433=FACE_OUTER_BOUND('',#730,.T.);
#434=FACE_OUTER_BOUND('',#731,.T.);
#435=FACE_OUTER_BOUND('',#732,.T.);
#436=FACE_OUTER_BOUND('',#733,.T.);
#437=FACE_OUTER_BOUND('',#734,.T.);
#438=FACE_OUTER_BOUND('',#735,.T.);
#439=FACE_OUTER_BOUND('',#736,.T.);
#440=FACE_OUTER_BOUND('',#737,.T.);
#441=FACE_OUTER_BOUND('',#738,.T.);
#442=FACE_OUTER_BOUND('',#739,.T.);
#443=FACE_OUTER_BOUND('',#740,.T.);
#444=FACE_OUTER_BOUND('',#741,.T.);
#445=FACE_OUTER_BOUND('',#742,.T.);
#446=FACE_OUTER_BOUND('',#743,.T.);
#447=FACE_OUTER_BOUND('',#744,.T.);
#448=FACE_OUTER_BOUND('',#745,.T.);
#449=FACE_OUTER_BOUND('',#746,.T.);
#450=FACE_OUTER_BOUND('',#747,.T.);
#451=FACE_OUTER_BOUND('',#748,.T.);
#452=FACE_OUTER_BOUND('',#749,.T.);
#453=FACE_OUTER_BOUND('',#751,.T.);
#454=FACE_OUTER_BOUND('',#752,.T.);
#455=FACE_OUTER_BOUND('',#753,.T.);
#456=FACE_OUTER_BOUND('',#754,.T.);
#457=FACE_OUTER_BOUND('',#755,.T.);
#458=FACE_OUTER_BOUND('',#757,.T.);
#459=FACE_OUTER_BOUND('',#758,.T.);
#460=FACE_OUTER_BOUND('',#759,.T.);
#461=FACE_OUTER_BOUND('',#760,.T.);
#462=FACE_OUTER_BOUND('',#761,.T.);
#463=FACE_OUTER_BOUND('',#762,.T.);
#464=FACE_OUTER_BOUND('',#763,.T.);
#465=FACE_OUTER_BOUND('',#764,.T.);
#466=FACE_OUTER_BOUND('',#765,.T.);
#467=FACE_OUTER_BOUND('',#766,.T.);
#468=FACE_OUTER_BOUND('',#767,.T.);
#469=FACE_OUTER_BOUND('',#768,.T.);
#470=FACE_OUTER_BOUND('',#769,.T.);
#471=FACE_OUTER_BOUND('',#770,.T.);
#472=FACE_OUTER_BOUND('',#771,.T.);
#473=FACE_OUTER_BOUND('',#772,.T.);
#474=FACE_OUTER_BOUND('',#773,.T.);
#475=FACE_OUTER_BOUND('',#774,.T.);
#476=FACE_OUTER_BOUND('',#775,.T.);
#477=FACE_OUTER_BOUND('',#776,.T.);
#478=FACE_OUTER_BOUND('',#777,.T.);
#479=FACE_OUTER_BOUND('',#778,.T.);
#480=FACE_OUTER_BOUND('',#779,.T.);
#481=FACE_OUTER_BOUND('',#780,.T.);
#482=FACE_OUTER_BOUND('',#784,.T.);
#483=FACE_OUTER_BOUND('',#785,.T.);
#484=FACE_OUTER_BOUND('',#786,.T.);
#485=FACE_OUTER_BOUND('',#787,.T.);
#486=FACE_OUTER_BOUND('',#788,.T.);
#487=FACE_OUTER_BOUND('',#789,.T.);
#488=FACE_OUTER_BOUND('',#790,.T.);
#489=FACE_OUTER_BOUND('',#791,.T.);
#490=FACE_OUTER_BOUND('',#792,.T.);
#491=FACE_OUTER_BOUND('',#793,.T.);
#492=FACE_OUTER_BOUND('',#794,.T.);
#493=FACE_OUTER_BOUND('',#795,.T.);
#494=FACE_OUTER_BOUND('',#796,.T.);
#495=FACE_OUTER_BOUND('',#797,.T.);
#496=FACE_OUTER_BOUND('',#798,.T.);
#497=FACE_OUTER_BOUND('',#799,.T.);
#498=FACE_OUTER_BOUND('',#800,.T.);
#499=FACE_OUTER_BOUND('',#801,.T.);
#500=FACE_OUTER_BOUND('',#802,.T.);
#501=FACE_OUTER_BOUND('',#803,.T.);
#502=FACE_OUTER_BOUND('',#804,.T.);
#503=FACE_OUTER_BOUND('',#805,.T.);
#504=FACE_OUTER_BOUND('',#807,.T.);
#505=FACE_OUTER_BOUND('',#808,.T.);
#506=FACE_OUTER_BOUND('',#809,.T.);
#507=FACE_OUTER_BOUND('',#810,.T.);
#508=FACE_OUTER_BOUND('',#811,.T.);
#509=FACE_OUTER_BOUND('',#812,.T.);
#510=FACE_OUTER_BOUND('',#813,.T.);
#511=FACE_OUTER_BOUND('',#814,.T.);
#512=FACE_OUTER_BOUND('',#815,.T.);
#513=FACE_OUTER_BOUND('',#816,.T.);
#514=FACE_OUTER_BOUND('',#818,.T.);
#515=FACE_OUTER_BOUND('',#819,.T.);
#516=FACE_OUTER_BOUND('',#820,.T.);
#517=FACE_OUTER_BOUND('',#821,.T.);
#518=FACE_OUTER_BOUND('',#822,.T.);
#519=FACE_OUTER_BOUND('',#823,.T.);
#520=FACE_OUTER_BOUND('',#824,.T.);
#521=FACE_OUTER_BOUND('',#825,.T.);
#522=FACE_OUTER_BOUND('',#826,.T.);
#523=FACE_OUTER_BOUND('',#827,.T.);
#524=FACE_OUTER_BOUND('',#828,.T.);
#525=FACE_OUTER_BOUND('',#829,.T.);
#526=FACE_OUTER_BOUND('',#830,.T.);
#527=FACE_OUTER_BOUND('',#831,.T.);
#528=FACE_OUTER_BOUND('',#832,.T.);
#529=FACE_OUTER_BOUND('',#833,.T.);
#530=FACE_OUTER_BOUND('',#834,.T.);
#531=FACE_OUTER_BOUND('',#836,.T.);
#532=FACE_OUTER_BOUND('',#837,.T.);
#533=FACE_OUTER_BOUND('',#838,.T.);
#534=FACE_OUTER_BOUND('',#839,.T.);
#535=FACE_OUTER_BOUND('',#840,.T.);
#536=FACE_OUTER_BOUND('',#841,.T.);
#537=FACE_OUTER_BOUND('',#842,.T.);
#538=FACE_OUTER_BOUND('',#843,.T.);
#539=FACE_OUTER_BOUND('',#844,.T.);
#540=FACE_OUTER_BOUND('',#845,.T.);
#541=FACE_OUTER_BOUND('',#846,.T.);
#542=FACE_OUTER_BOUND('',#847,.T.);
#543=FACE_OUTER_BOUND('',#848,.T.);
#544=FACE_OUTER_BOUND('',#849,.T.);
#545=FACE_OUTER_BOUND('',#850,.T.);
#546=FACE_OUTER_BOUND('',#851,.T.);
#547=FACE_OUTER_BOUND('',#852,.T.);
#548=FACE_OUTER_BOUND('',#853,.T.);
#549=FACE_OUTER_BOUND('',#854,.T.);
#550=FACE_OUTER_BOUND('',#855,.T.);
#551=FACE_OUTER_BOUND('',#856,.T.);
#552=FACE_OUTER_BOUND('',#857,.T.);
#553=FACE_OUTER_BOUND('',#858,.T.);
#554=FACE_OUTER_BOUND('',#859,.T.);
#555=FACE_OUTER_BOUND('',#860,.T.);
#556=FACE_OUTER_BOUND('',#861,.T.);
#557=FACE_OUTER_BOUND('',#862,.T.);
#558=FACE_OUTER_BOUND('',#867,.T.);
#559=FACE_OUTER_BOUND('',#868,.T.);
#560=FACE_OUTER_BOUND('',#869,.T.);
#561=FACE_OUTER_BOUND('',#870,.T.);
#562=FACE_OUTER_BOUND('',#871,.T.);
#563=FACE_OUTER_BOUND('',#873,.T.);
#564=FACE_OUTER_BOUND('',#874,.T.);
#565=FACE_OUTER_BOUND('',#875,.T.);
#566=FACE_OUTER_BOUND('',#876,.T.);
#567=FACE_OUTER_BOUND('',#877,.T.);
#568=FACE_OUTER_BOUND('',#878,.T.);
#569=FACE_OUTER_BOUND('',#879,.T.);
#570=FACE_OUTER_BOUND('',#880,.T.);
#571=FACE_OUTER_BOUND('',#881,.T.);
#572=FACE_OUTER_BOUND('',#882,.T.);
#573=FACE_OUTER_BOUND('',#883,.T.);
#574=FACE_OUTER_BOUND('',#884,.T.);
#575=FACE_OUTER_BOUND('',#885,.T.);
#576=FACE_OUTER_BOUND('',#886,.T.);
#577=FACE_OUTER_BOUND('',#887,.T.);
#578=FACE_OUTER_BOUND('',#888,.T.);
#579=FACE_OUTER_BOUND('',#890,.T.);
#580=FACE_OUTER_BOUND('',#891,.T.);
#581=FACE_OUTER_BOUND('',#892,.T.);
#582=FACE_OUTER_BOUND('',#893,.T.);
#583=FACE_OUTER_BOUND('',#894,.T.);
#584=FACE_OUTER_BOUND('',#895,.T.);
#585=FACE_OUTER_BOUND('',#896,.T.);
#586=FACE_OUTER_BOUND('',#897,.T.);
#587=FACE_OUTER_BOUND('',#898,.T.);
#588=FACE_OUTER_BOUND('',#899,.T.);
#589=FACE_OUTER_BOUND('',#900,.T.);
#590=FACE_OUTER_BOUND('',#901,.T.);
#591=FACE_OUTER_BOUND('',#903,.T.);
#592=FACE_OUTER_BOUND('',#905,.T.);
#593=FACE_OUTER_BOUND('',#906,.T.);
#594=FACE_OUTER_BOUND('',#907,.T.);
#595=FACE_OUTER_BOUND('',#908,.T.);
#596=FACE_OUTER_BOUND('',#909,.T.);
#597=FACE_OUTER_BOUND('',#910,.T.);
#598=FACE_OUTER_BOUND('',#911,.T.);
#599=FACE_OUTER_BOUND('',#912,.T.);
#600=FACE_OUTER_BOUND('',#913,.T.);
#601=FACE_OUTER_BOUND('',#914,.T.);
#602=FACE_OUTER_BOUND('',#915,.T.);
#603=FACE_OUTER_BOUND('',#916,.T.);
#604=FACE_OUTER_BOUND('',#917,.T.);
#605=FACE_OUTER_BOUND('',#918,.T.);
#606=FACE_OUTER_BOUND('',#919,.T.);
#607=FACE_OUTER_BOUND('',#920,.T.);
#608=FACE_OUTER_BOUND('',#921,.T.);
#609=FACE_OUTER_BOUND('',#922,.T.);
#610=FACE_OUTER_BOUND('',#923,.T.);
#611=FACE_OUTER_BOUND('',#924,.T.);
#612=FACE_OUTER_BOUND('',#925,.T.);
#613=FACE_OUTER_BOUND('',#926,.T.);
#614=FACE_OUTER_BOUND('',#928,.T.);
#615=EDGE_LOOP('',(#3127,#3128,#3129,#3130));
#616=EDGE_LOOP('',(#3131,#3132,#3133,#3134));
#617=EDGE_LOOP('',(#3135,#3136,#3137,#3138));
#618=EDGE_LOOP('',(#3139,#3140,#3141,#3142));
#619=EDGE_LOOP('',(#3143,#3144,#3145,#3146));
#620=EDGE_LOOP('',(#3147,#3148,#3149,#3150));
#621=EDGE_LOOP('',(#3151,#3152,#3153,#3154));
#622=EDGE_LOOP('',(#3155,#3156,#3157,#3158));
#623=EDGE_LOOP('',(#3159,#3160,#3161,#3162,#3163));
#624=EDGE_LOOP('',(#3164,#3165,#3166,#3167));
#625=EDGE_LOOP('',(#3168,#3169,#3170,#3171,#3172));
#626=EDGE_LOOP('',(#3173,#3174,#3175,#3176));
#627=EDGE_LOOP('',(#3177,#3178,#3179,#3180));
#628=EDGE_LOOP('',(#3181,#3182,#3183,#3184));
#629=EDGE_LOOP('',(#3185,#3186,#3187,#3188,#3189));
#630=EDGE_LOOP('',(#3190,#3191,#3192,#3193));
#631=EDGE_LOOP('',(#3194,#3195,#3196,#3197,#3198));
#632=EDGE_LOOP('',(#3199,#3200,#3201,#3202));
#633=EDGE_LOOP('',(#3203,#3204,#3205,#3206));
#634=EDGE_LOOP('',(#3207,#3208,#3209,#3210));
#635=EDGE_LOOP('',(#3211));
#636=EDGE_LOOP('',(#3212));
#637=EDGE_LOOP('',(#3213));
#638=EDGE_LOOP('',(#3214));
#639=EDGE_LOOP('',(#3215,#3216,#3217,#3218,#3219,#3220));
#640=EDGE_LOOP('',(#3221,#3222,#3223,#3224));
#641=EDGE_LOOP('',(#3225,#3226,#3227,#3228));
#642=EDGE_LOOP('',(#3229,#3230,#3231,#3232,#3233,#3234));
#643=EDGE_LOOP('',(#3235,#3236,#3237,#3238));
#644=EDGE_LOOP('',(#3239,#3240,#3241,#3242));
#645=EDGE_LOOP('',(#3243,#3244,#3245,#3246));
#646=EDGE_LOOP('',(#3247,#3248,#3249,#3250));
#647=EDGE_LOOP('',(#3251,#3252,#3253,#3254));
#648=EDGE_LOOP('',(#3255,#3256,#3257,#3258,#3259,#3260,#3261,#3262,#3263,
#3264,#3265,#3266,#3267));
#649=EDGE_LOOP('',(#3268,#3269,#3270,#3271));
#650=EDGE_LOOP('',(#3272,#3273,#3274,#3275));
#651=EDGE_LOOP('',(#3276,#3277,#3278,#3279,#3280,#3281,#3282,#3283,#3284,
#3285,#3286,#3287,#3288));
#652=EDGE_LOOP('',(#3289,#3290,#3291,#3292,#3293,#3294));
#653=EDGE_LOOP('',(#3295,#3296,#3297,#3298));
#654=EDGE_LOOP('',(#3299,#3300,#3301,#3302,#3303,#3304));
#655=EDGE_LOOP('',(#3305,#3306,#3307,#3308));
#656=EDGE_LOOP('',(#3309,#3310,#3311,#3312));
#657=EDGE_LOOP('',(#3313,#3314,#3315,#3316));
#658=EDGE_LOOP('',(#3317,#3318,#3319,#3320));
#659=EDGE_LOOP('',(#3321,#3322,#3323,#3324));
#660=EDGE_LOOP('',(#3325,#3326,#3327,#3328));
#661=EDGE_LOOP('',(#3329,#3330,#3331,#3332,#3333,#3334,#3335,#3336));
#662=EDGE_LOOP('',(#3337,#3338,#3339,#3340,#3341,#3342));
#663=EDGE_LOOP('',(#3343,#3344,#3345,#3346,#3347,#3348,#3349,#3350));
#664=EDGE_LOOP('',(#3351,#3352,#3353,#3354,#3355,#3356,#3357,#3358));
#665=EDGE_LOOP('',(#3359,#3360,#3361,#3362));
#666=EDGE_LOOP('',(#3363,#3364,#3365,#3366));
#667=EDGE_LOOP('',(#3367,#3368,#3369,#3370,#3371,#3372,#3373,#3374,#3375,
#3376,#3377,#3378));
#668=EDGE_LOOP('',(#3379,#3380,#3381,#3382));
#669=EDGE_LOOP('',(#3383,#3384,#3385,#3386));
#670=EDGE_LOOP('',(#3387,#3388,#3389,#3390));
#671=EDGE_LOOP('',(#3391,#3392,#3393,#3394,#3395,#3396,#3397,#3398));
#672=EDGE_LOOP('',(#3399));
#673=EDGE_LOOP('',(#3400,#3401,#3402,#3403,#3404,#3405,#3406,#3407,#3408,
#3409,#3410,#3411,#3412,#3413,#3414,#3415));
#674=EDGE_LOOP('',(#3416,#3417,#3418,#3419,#3420));
#675=EDGE_LOOP('',(#3421,#3422,#3423,#3424));
#676=EDGE_LOOP('',(#3425,#3426,#3427,#3428));
#677=EDGE_LOOP('',(#3429,#3430,#3431,#3432));
#678=EDGE_LOOP('',(#3433,#3434,#3435,#3436));
#679=EDGE_LOOP('',(#3437,#3438,#3439,#3440));
#680=EDGE_LOOP('',(#3441,#3442,#3443,#3444));
#681=EDGE_LOOP('',(#3445,#3446,#3447,#3448,#3449));
#682=EDGE_LOOP('',(#3450,#3451,#3452,#3453));
#683=EDGE_LOOP('',(#3454,#3455,#3456,#3457));
#684=EDGE_LOOP('',(#3458,#3459,#3460,#3461));
#685=EDGE_LOOP('',(#3462));
#686=EDGE_LOOP('',(#3463,#3464,#3465,#3466));
#687=EDGE_LOOP('',(#3467,#3468,#3469,#3470));
#688=EDGE_LOOP('',(#3471));
#689=EDGE_LOOP('',(#3472));
#690=EDGE_LOOP('',(#3473,#3474,#3475,#3476));
#691=EDGE_LOOP('',(#3477,#3478,#3479,#3480));
#692=EDGE_LOOP('',(#3481,#3482,#3483,#3484,#3485,#3486));
#693=EDGE_LOOP('',(#3487,#3488,#3489,#3490,#3491));
#694=EDGE_LOOP('',(#3492,#3493,#3494,#3495,#3496));
#695=EDGE_LOOP('',(#3497,#3498,#3499,#3500));
#696=EDGE_LOOP('',(#3501,#3502,#3503,#3504));
#697=EDGE_LOOP('',(#3505,#3506,#3507,#3508,#3509,#3510));
#698=EDGE_LOOP('',(#3511,#3512,#3513,#3514));
#699=EDGE_LOOP('',(#3515,#3516,#3517,#3518,#3519));
#700=EDGE_LOOP('',(#3520,#3521,#3522,#3523));
#701=EDGE_LOOP('',(#3524,#3525,#3526,#3527));
#702=EDGE_LOOP('',(#3528,#3529,#3530,#3531,#3532));
#703=EDGE_LOOP('',(#3533,#3534,#3535,#3536));
#704=EDGE_LOOP('',(#3537,#3538,#3539,#3540));
#705=EDGE_LOOP('',(#3541,#3542,#3543,#3544));
#706=EDGE_LOOP('',(#3545,#3546,#3547,#3548));
#707=EDGE_LOOP('',(#3549,#3550,#3551,#3552));
#708=EDGE_LOOP('',(#3553,#3554,#3555,#3556));
#709=EDGE_LOOP('',(#3557,#3558,#3559,#3560,#3561,#3562));
#710=EDGE_LOOP('',(#3563,#3564,#3565,#3566,#3567));
#711=EDGE_LOOP('',(#3568,#3569,#3570,#3571));
#712=EDGE_LOOP('',(#3572,#3573,#3574,#3575));
#713=EDGE_LOOP('',(#3576,#3577,#3578,#3579,#3580));
#714=EDGE_LOOP('',(#3581,#3582,#3583,#3584,#3585,#3586));
#715=EDGE_LOOP('',(#3587,#3588,#3589,#3590));
#716=EDGE_LOOP('',(#3591,#3592,#3593,#3594,#3595));
#717=EDGE_LOOP('',(#3596,#3597,#3598,#3599,#3600));
#718=EDGE_LOOP('',(#3601,#3602,#3603,#3604));
#719=EDGE_LOOP('',(#3605,#3606,#3607,#3608));
#720=EDGE_LOOP('',(#3609,#3610,#3611,#3612,#3613,#3614,#3615));
#721=EDGE_LOOP('',(#3616,#3617,#3618,#3619));
#722=EDGE_LOOP('',(#3620,#3621,#3622,#3623,#3624));
#723=EDGE_LOOP('',(#3625,#3626,#3627,#3628));
#724=EDGE_LOOP('',(#3629,#3630,#3631,#3632));
#725=EDGE_LOOP('',(#3633,#3634,#3635,#3636));
#726=EDGE_LOOP('',(#3637,#3638,#3639,#3640,#3641));
#727=EDGE_LOOP('',(#3642,#3643,#3644,#3645,#3646));
#728=EDGE_LOOP('',(#3647,#3648,#3649,#3650));
#729=EDGE_LOOP('',(#3651,#3652,#3653,#3654));
#730=EDGE_LOOP('',(#3655,#3656,#3657,#3658,#3659,#3660,#3661));
#731=EDGE_LOOP('',(#3662,#3663,#3664,#3665));
#732=EDGE_LOOP('',(#3666,#3667,#3668,#3669,#3670));
#733=EDGE_LOOP('',(#3671,#3672,#3673,#3674));
#734=EDGE_LOOP('',(#3675,#3676,#3677,#3678));
#735=EDGE_LOOP('',(#3679,#3680,#3681,#3682));
#736=EDGE_LOOP('',(#3683,#3684,#3685,#3686));
#737=EDGE_LOOP('',(#3687,#3688,#3689,#3690));
#738=EDGE_LOOP('',(#3691,#3692,#3693,#3694));
#739=EDGE_LOOP('',(#3695,#3696,#3697,#3698));
#740=EDGE_LOOP('',(#3699,#3700,#3701,#3702));
#741=EDGE_LOOP('',(#3703,#3704,#3705,#3706));
#742=EDGE_LOOP('',(#3707,#3708,#3709,#3710));
#743=EDGE_LOOP('',(#3711,#3712,#3713,#3714));
#744=EDGE_LOOP('',(#3715,#3716,#3717,#3718));
#745=EDGE_LOOP('',(#3719,#3720,#3721,#3722));
#746=EDGE_LOOP('',(#3723));
#747=EDGE_LOOP('',(#3724,#3725,#3726,#3727));
#748=EDGE_LOOP('',(#3728,#3729,#3730,#3731));
#749=EDGE_LOOP('',(#3732,#3733,#3734,#3735,#3736,#3737,#3738,#3739,#3740,
#3741,#3742,#3743));
#750=EDGE_LOOP('',(#3744));
#751=EDGE_LOOP('',(#3745,#3746,#3747,#3748));
#752=EDGE_LOOP('',(#3749,#3750,#3751,#3752));
#753=EDGE_LOOP('',(#3753,#3754,#3755,#3756));
#754=EDGE_LOOP('',(#3757,#3758,#3759,#3760));
#755=EDGE_LOOP('',(#3761,#3762,#3763,#3764,#3765,#3766,#3767,#3768,#3769,
#3770,#3771,#3772,#3773,#3774,#3775,#3776,#3777,#3778,#3779,#3780,#3781,
#3782,#3783,#3784,#3785,#3786));
#756=EDGE_LOOP('',(#3787,#3788,#3789,#3790));
#757=EDGE_LOOP('',(#3791,#3792,#3793,#3794));
#758=EDGE_LOOP('',(#3795,#3796,#3797,#3798));
#759=EDGE_LOOP('',(#3799,#3800,#3801,#3802));
#760=EDGE_LOOP('',(#3803,#3804,#3805,#3806));
#761=EDGE_LOOP('',(#3807,#3808,#3809,#3810));
#762=EDGE_LOOP('',(#3811,#3812,#3813,#3814));
#763=EDGE_LOOP('',(#3815,#3816,#3817,#3818,#3819,#3820));
#764=EDGE_LOOP('',(#3821,#3822,#3823,#3824,#3825,#3826));
#765=EDGE_LOOP('',(#3827,#3828,#3829,#3830));
#766=EDGE_LOOP('',(#3831,#3832,#3833,#3834));
#767=EDGE_LOOP('',(#3835,#3836,#3837,#3838));
#768=EDGE_LOOP('',(#3839));
#769=EDGE_LOOP('',(#3840,#3841,#3842,#3843));
#770=EDGE_LOOP('',(#3844,#3845,#3846,#3847));
#771=EDGE_LOOP('',(#3848,#3849,#3850,#3851));
#772=EDGE_LOOP('',(#3852,#3853,#3854,#3855));
#773=EDGE_LOOP('',(#3856,#3857,#3858,#3859));
#774=EDGE_LOOP('',(#3860,#3861,#3862,#3863));
#775=EDGE_LOOP('',(#3864,#3865,#3866,#3867,#3868,#3869,#3870,#3871));
#776=EDGE_LOOP('',(#3872,#3873,#3874,#3875));
#777=EDGE_LOOP('',(#3876,#3877,#3878,#3879));
#778=EDGE_LOOP('',(#3880,#3881,#3882,#3883));
#779=EDGE_LOOP('',(#3884,#3885,#3886,#3887));
#780=EDGE_LOOP('',(#3888,#3889,#3890,#3891,#3892,#3893,#3894,#3895,#3896,
#3897,#3898,#3899,#3900,#3901,#3902,#3903));
#781=EDGE_LOOP('',(#3904));
#782=EDGE_LOOP('',(#3905,#3906,#3907,#3908));
#783=EDGE_LOOP('',(#3909,#3910,#3911,#3912,#3913,#3914,#3915,#3916));
#784=EDGE_LOOP('',(#3917,#3918,#3919,#3920));
#785=EDGE_LOOP('',(#3921,#3922,#3923,#3924));
#786=EDGE_LOOP('',(#3925,#3926,#3927,#3928,#3929,#3930,#3931,#3932));
#787=EDGE_LOOP('',(#3933,#3934,#3935,#3936));
#788=EDGE_LOOP('',(#3937,#3938,#3939,#3940));
#789=EDGE_LOOP('',(#3941,#3942,#3943,#3944,#3945,#3946));
#790=EDGE_LOOP('',(#3947,#3948,#3949,#3950));
#791=EDGE_LOOP('',(#3951,#3952,#3953,#3954,#3955,#3956));
#792=EDGE_LOOP('',(#3957,#3958,#3959,#3960));
#793=EDGE_LOOP('',(#3961,#3962,#3963,#3964));
#794=EDGE_LOOP('',(#3965,#3966,#3967,#3968));
#795=EDGE_LOOP('',(#3969,#3970,#3971,#3972));
#796=EDGE_LOOP('',(#3973,#3974,#3975,#3976,#3977,#3978));
#797=EDGE_LOOP('',(#3979,#3980,#3981,#3982));
#798=EDGE_LOOP('',(#3983,#3984));
#799=EDGE_LOOP('',(#3985,#3986));
#800=EDGE_LOOP('',(#3987,#3988,#3989,#3990));
#801=EDGE_LOOP('',(#3991,#3992,#3993,#3994));
#802=EDGE_LOOP('',(#3995,#3996,#3997,#3998));
#803=EDGE_LOOP('',(#3999,#4000,#4001,#4002));
#804=EDGE_LOOP('',(#4003,#4004,#4005,#4006));
#805=EDGE_LOOP('',(#4007,#4008,#4009,#4010,#4011));
#806=EDGE_LOOP('',(#4012,#4013,#4014,#4015));
#807=EDGE_LOOP('',(#4016,#4017,#4018,#4019,#4020));
#808=EDGE_LOOP('',(#4021,#4022,#4023,#4024));
#809=EDGE_LOOP('',(#4025,#4026));
#810=EDGE_LOOP('',(#4027,#4028));
#811=EDGE_LOOP('',(#4029,#4030,#4031,#4032));
#812=EDGE_LOOP('',(#4033,#4034,#4035,#4036));
#813=EDGE_LOOP('',(#4037,#4038,#4039,#4040));
#814=EDGE_LOOP('',(#4041,#4042,#4043,#4044));
#815=EDGE_LOOP('',(#4045,#4046,#4047,#4048));
#816=EDGE_LOOP('',(#4049,#4050,#4051,#4052,#4053));
#817=EDGE_LOOP('',(#4054,#4055,#4056,#4057));
#818=EDGE_LOOP('',(#4058,#4059,#4060,#4061,#4062));
#819=EDGE_LOOP('',(#4063));
#820=EDGE_LOOP('',(#4064,#4065,#4066,#4067));
#821=EDGE_LOOP('',(#4068));
#822=EDGE_LOOP('',(#4069));
#823=EDGE_LOOP('',(#4070,#4071,#4072,#4073));
#824=EDGE_LOOP('',(#4074));
#825=EDGE_LOOP('',(#4075,#4076,#4077,#4078));
#826=EDGE_LOOP('',(#4079));
#827=EDGE_LOOP('',(#4080));
#828=EDGE_LOOP('',(#4081,#4082,#4083,#4084));
#829=EDGE_LOOP('',(#4085,#4086,#4087,#4088));
#830=EDGE_LOOP('',(#4089,#4090,#4091,#4092));
#831=EDGE_LOOP('',(#4093,#4094,#4095,#4096));
#832=EDGE_LOOP('',(#4097,#4098,#4099,#4100));
#833=EDGE_LOOP('',(#4101,#4102,#4103,#4104));
#834=EDGE_LOOP('',(#4105));
#835=EDGE_LOOP('',(#4106,#4107,#4108,#4109,#4110,#4111));
#836=EDGE_LOOP('',(#4112,#4113,#4114,#4115));
#837=EDGE_LOOP('',(#4116,#4117,#4118,#4119));
#838=EDGE_LOOP('',(#4120,#4121,#4122,#4123));
#839=EDGE_LOOP('',(#4124,#4125,#4126,#4127));
#840=EDGE_LOOP('',(#4128,#4129,#4130,#4131));
#841=EDGE_LOOP('',(#4132,#4133,#4134,#4135));
#842=EDGE_LOOP('',(#4136,#4137,#4138,#4139));
#843=EDGE_LOOP('',(#4140,#4141,#4142,#4143));
#844=EDGE_LOOP('',(#4144,#4145,#4146,#4147));
#845=EDGE_LOOP('',(#4148,#4149,#4150,#4151));
#846=EDGE_LOOP('',(#4152,#4153,#4154,#4155));
#847=EDGE_LOOP('',(#4156,#4157,#4158,#4159));
#848=EDGE_LOOP('',(#4160,#4161,#4162,#4163));
#849=EDGE_LOOP('',(#4164,#4165,#4166,#4167));
#850=EDGE_LOOP('',(#4168,#4169,#4170,#4171));
#851=EDGE_LOOP('',(#4172,#4173,#4174,#4175));
#852=EDGE_LOOP('',(#4176,#4177,#4178,#4179));
#853=EDGE_LOOP('',(#4180,#4181,#4182,#4183));
#854=EDGE_LOOP('',(#4184,#4185,#4186,#4187));
#855=EDGE_LOOP('',(#4188,#4189,#4190,#4191));
#856=EDGE_LOOP('',(#4192,#4193,#4194,#4195,#4196));
#857=EDGE_LOOP('',(#4197,#4198,#4199));
#858=EDGE_LOOP('',(#4200,#4201,#4202));
#859=EDGE_LOOP('',(#4203,#4204,#4205));
#860=EDGE_LOOP('',(#4206,#4207,#4208,#4209,#4210,#4211));
#861=EDGE_LOOP('',(#4212,#4213,#4214,#4215,#4216,#4217,#4218));
#862=EDGE_LOOP('',(#4219,#4220,#4221,#4222,#4223,#4224,#4225,#4226,#4227));
#863=EDGE_LOOP('',(#4228,#4229,#4230,#4231));
#864=EDGE_LOOP('',(#4232,#4233,#4234,#4235));
#865=EDGE_LOOP('',(#4236,#4237,#4238,#4239));
#866=EDGE_LOOP('',(#4240,#4241,#4242,#4243));
#867=EDGE_LOOP('',(#4244,#4245,#4246,#4247));
#868=EDGE_LOOP('',(#4248));
#869=EDGE_LOOP('',(#4249,#4250,#4251,#4252));
#870=EDGE_LOOP('',(#4253,#4254,#4255,#4256,#4257,#4258));
#871=EDGE_LOOP('',(#4259));
#872=EDGE_LOOP('',(#4260));
#873=EDGE_LOOP('',(#4261,#4262));
#874=EDGE_LOOP('',(#4263,#4264,#4265,#4266));
#875=EDGE_LOOP('',(#4267,#4268,#4269,#4270,#4271,#4272));
#876=EDGE_LOOP('',(#4273,#4274,#4275,#4276));
#877=EDGE_LOOP('',(#4277,#4278,#4279,#4280));
#878=EDGE_LOOP('',(#4281,#4282,#4283,#4284));
#879=EDGE_LOOP('',(#4285,#4286,#4287,#4288));
#880=EDGE_LOOP('',(#4289,#4290,#4291,#4292,#4293,#4294));
#881=EDGE_LOOP('',(#4295,#4296,#4297,#4298));
#882=EDGE_LOOP('',(#4299,#4300,#4301,#4302));
#883=EDGE_LOOP('',(#4303,#4304,#4305,#4306,#4307,#4308));
#884=EDGE_LOOP('',(#4309,#4310,#4311,#4312));
#885=EDGE_LOOP('',(#4313,#4314,#4315,#4316));
#886=EDGE_LOOP('',(#4317,#4318,#4319,#4320));
#887=EDGE_LOOP('',(#4321));
#888=EDGE_LOOP('',(#4322,#4323,#4324,#4325,#4326,#4327));
#889=EDGE_LOOP('',(#4328));
#890=EDGE_LOOP('',(#4329,#4330,#4331,#4332));
#891=EDGE_LOOP('',(#4333,#4334,#4335,#4336));
#892=EDGE_LOOP('',(#4337,#4338,#4339,#4340));
#893=EDGE_LOOP('',(#4341,#4342,#4343,#4344));
#894=EDGE_LOOP('',(#4345,#4346,#4347,#4348));
#895=EDGE_LOOP('',(#4349,#4350,#4351,#4352));
#896=EDGE_LOOP('',(#4353,#4354,#4355,#4356));
#897=EDGE_LOOP('',(#4357,#4358,#4359,#4360));
#898=EDGE_LOOP('',(#4361,#4362,#4363,#4364));
#899=EDGE_LOOP('',(#4365,#4366,#4367,#4368));
#900=EDGE_LOOP('',(#4369,#4370,#4371,#4372));
#901=EDGE_LOOP('',(#4373,#4374,#4375,#4376));
#902=EDGE_LOOP('',(#4377,#4378,#4379,#4380));
#903=EDGE_LOOP('',(#4381,#4382,#4383,#4384));
#904=EDGE_LOOP('',(#4385,#4386,#4387,#4388));
#905=EDGE_LOOP('',(#4389,#4390,#4391,#4392));
#906=EDGE_LOOP('',(#4393,#4394,#4395,#4396,#4397,#4398));
#907=EDGE_LOOP('',(#4399,#4400,#4401,#4402));
#908=EDGE_LOOP('',(#4403,#4404,#4405,#4406));
#909=EDGE_LOOP('',(#4407,#4408,#4409,#4410));
#910=EDGE_LOOP('',(#4411,#4412,#4413,#4414,#4415,#4416));
#911=EDGE_LOOP('',(#4417,#4418,#4419,#4420));
#912=EDGE_LOOP('',(#4421,#4422,#4423,#4424));
#913=EDGE_LOOP('',(#4425,#4426,#4427,#4428));
#914=EDGE_LOOP('',(#4429,#4430,#4431,#4432));
#915=EDGE_LOOP('',(#4433,#4434,#4435,#4436));
#916=EDGE_LOOP('',(#4437,#4438,#4439,#4440));
#917=EDGE_LOOP('',(#4441,#4442,#4443,#4444));
#918=EDGE_LOOP('',(#4445,#4446,#4447,#4448));
#919=EDGE_LOOP('',(#4449,#4450,#4451,#4452));
#920=EDGE_LOOP('',(#4453,#4454,#4455,#4456));
#921=EDGE_LOOP('',(#4457,#4458,#4459,#4460));
#922=EDGE_LOOP('',(#4461,#4462,#4463,#4464));
#923=EDGE_LOOP('',(#4465,#4466,#4467,#4468));
#924=EDGE_LOOP('',(#4469,#4470,#4471,#4472));
#925=EDGE_LOOP('',(#4473,#4474,#4475,#4476));
#926=EDGE_LOOP('',(#4477));
#927=EDGE_LOOP('',(#4478,#4479,#4480,#4481,#4482,#4483));
#928=EDGE_LOOP('',(#4484));
#929=EDGE_LOOP('',(#4485,#4486,#4487,#4488,#4489,#4490));
#930=LINE('',#6885,#1462);
#931=LINE('',#6887,#1463);
#932=LINE('',#6889,#1464);
#933=LINE('',#6890,#1465);
#934=LINE('',#6893,#1466);
#935=LINE('',#6895,#1467);
#936=LINE('',#6896,#1468);
#937=LINE('',#6902,#1469);
#938=LINE('',#6904,#1470);
#939=LINE('',#6905,#1471);
#940=LINE('',#6911,#1472);
#941=LINE('',#6915,#1473);
#942=LINE('',#6919,#1474);
#943=LINE('',#6921,#1475);
#944=LINE('',#6925,#1476);
#945=LINE('',#6927,#1477);
#946=LINE('',#6929,#1478);
#947=LINE('',#6932,#1479);
#948=LINE('',#6933,#1480);
#949=LINE('',#6939,#1481);
#950=LINE('',#6943,#1482);
#951=LINE('',#6947,#1483);
#952=LINE('',#6949,#1484);
#953=LINE('',#6953,#1485);
#954=LINE('',#6957,#1486);
#955=LINE('',#6958,#1487);
#956=LINE('',#6960,#1488);
#957=LINE('',#6961,#1489);
#958=LINE('',#6968,#1490);
#959=LINE('',#6974,#1491);
#960=LINE('',#6983,#1492);
#961=LINE('',#6985,#1493);
#962=LINE('',#6987,#1494);
#963=LINE('',#6990,#1495);
#964=LINE('',#6993,#1496);
#965=LINE('',#6995,#1497);
#966=LINE('',#6996,#1498);
#967=LINE('',#6999,#1499);
#968=LINE('',#7001,#1500);
#969=LINE('',#7002,#1501);
#970=LINE('',#7007,#1502);
#971=LINE('',#7009,#1503);
#972=LINE('',#7014,#1504);
#973=LINE('',#7016,#1505);
#974=LINE('',#7018,#1506);
#975=LINE('',#7019,#1507);
#976=LINE('',#7022,#1508);
#977=LINE('',#7024,#1509);
#978=LINE('',#7025,#1510);
#979=LINE('',#7028,#1511);
#980=LINE('',#7030,#1512);
#981=LINE('',#7031,#1513);
#982=LINE('',#7033,#1514);
#983=LINE('',#7036,#1515);
#984=LINE('',#7040,#1516);
#985=LINE('',#7057,#1517);
#986=LINE('',#7078,#1518);
#987=LINE('',#7080,#1519);
#988=LINE('',#7083,#1520);
#989=LINE('',#7084,#1521);
#990=LINE('',#7086,#1522);
#991=LINE('',#7091,#1523);
#992=LINE('',#7112,#1524);
#993=LINE('',#7127,#1525);
#994=LINE('',#7131,#1526);
#995=LINE('',#7133,#1527);
#996=LINE('',#7134,#1528);
#997=LINE('',#7165,#1529);
#998=LINE('',#7201,#1530);
#999=LINE('',#7213,#1531);
#1000=LINE('',#7215,#1532);
#1001=LINE('',#7216,#1533);
#1002=LINE('',#7219,#1534);
#1003=LINE('',#7220,#1535);
#1004=LINE('',#7222,#1536);
#1005=LINE('',#7223,#1537);
#1006=LINE('',#7236,#1538);
#1007=LINE('',#7237,#1539);
#1008=LINE('',#7240,#1540);
#1009=LINE('',#7242,#1541);
#1010=LINE('',#7243,#1542);
#1011=LINE('',#7246,#1543);
#1012=LINE('',#7277,#1544);
#1013=LINE('',#7279,#1545);
#1014=LINE('',#7281,#1546);
#1015=LINE('',#7315,#1547);
#1016=LINE('',#7319,#1548);
#1017=LINE('',#7320,#1549);
#1018=LINE('',#7322,#1550);
#1019=LINE('',#7324,#1551);
#1020=LINE('',#7325,#1552);
#1021=LINE('',#7328,#1553);
#1022=LINE('',#7330,#1554);
#1023=LINE('',#7331,#1555);
#1024=LINE('',#7332,#1556);
#1025=LINE('',#7335,#1557);
#1026=LINE('',#7337,#1558);
#1027=LINE('',#7338,#1559);
#1028=LINE('',#7341,#1560);
#1029=LINE('',#7342,#1561);
#1030=LINE('',#7345,#1562);
#1031=LINE('',#7346,#1563);
#1032=LINE('',#7348,#1564);
#1033=LINE('',#7350,#1565);
#1034=LINE('',#7352,#1566);
#1035=LINE('',#7354,#1567);
#1036=LINE('',#7355,#1568);
#1037=LINE('',#7357,#1569);
#1038=LINE('',#7359,#1570);
#1039=LINE('',#7361,#1571);
#1040=LINE('',#7365,#1572);
#1041=LINE('',#7367,#1573);
#1042=LINE('',#7369,#1574);
#1043=LINE('',#7371,#1575);
#1044=LINE('',#7373,#1576);
#1045=LINE('',#7375,#1577);
#1046=LINE('',#7377,#1578);
#1047=LINE('',#7378,#1579);
#1048=LINE('',#7383,#1580);
#1049=LINE('',#7385,#1581);
#1050=LINE('',#7386,#1582);
#1051=LINE('',#7387,#1583);
#1052=LINE('',#7388,#1584);
#1053=LINE('',#7392,#1585);
#1054=LINE('',#7393,#1586);
#1055=LINE('',#7394,#1587);
#1056=LINE('',#7398,#1588);
#1057=LINE('',#7399,#1589);
#1058=LINE('',#7400,#1590);
#1059=LINE('',#7402,#1591);
#1060=LINE('',#7404,#1592);
#1061=LINE('',#7406,#1593);
#1062=LINE('',#7408,#1594);
#1063=LINE('',#7419,#1595);
#1064=LINE('',#7423,#1596);
#1065=LINE('',#7429,#1597);
#1066=LINE('',#7431,#1598);
#1067=LINE('',#7433,#1599);
#1068=LINE('',#7434,#1600);
#1069=LINE('',#7437,#1601);
#1070=LINE('',#7439,#1602);
#1071=LINE('',#7440,#1603);
#1072=LINE('',#7443,#1604);
#1073=LINE('',#7445,#1605);
#1074=LINE('',#7447,#1606);
#1075=LINE('',#7448,#1607);
#1076=LINE('',#7451,#1608);
#1077=LINE('',#7453,#1609);
#1078=LINE('',#7454,#1610);
#1079=LINE('',#7457,#1611);
#1080=LINE('',#7459,#1612);
#1081=LINE('',#7461,#1613);
#1082=LINE('',#7462,#1614);
#1083=LINE('',#7464,#1615);
#1084=LINE('',#7466,#1616);
#1085=LINE('',#7468,#1617);
#1086=LINE('',#7473,#1618);
#1087=LINE('',#7475,#1619);
#1088=LINE('',#7477,#1620);
#1089=LINE('',#7479,#1621);
#1090=LINE('',#7480,#1622);
#1091=LINE('',#7484,#1623);
#1092=LINE('',#7485,#1624);
#1093=LINE('',#7486,#1625);
#1094=LINE('',#7489,#1626);
#1095=LINE('',#7490,#1627);
#1096=LINE('',#7493,#1628);
#1097=LINE('',#7495,#1629);
#1098=LINE('',#7496,#1630);
#1099=LINE('',#7498,#1631);
#1100=LINE('',#7500,#1632);
#1101=LINE('',#7505,#1633);
#1102=LINE('',#7507,#1634);
#1103=LINE('',#7509,#1635);
#1104=LINE('',#7510,#1636);
#1105=LINE('',#7514,#1637);
#1106=LINE('',#7515,#1638);
#1107=LINE('',#7516,#1639);
#1108=LINE('',#7519,#1640);
#1109=LINE('',#7521,#1641);
#1110=LINE('',#7522,#1642);
#1111=LINE('',#7525,#1643);
#1112=LINE('',#7527,#1644);
#1113=LINE('',#7528,#1645);
#1114=LINE('',#7531,#1646);
#1115=LINE('',#7533,#1647);
#1116=LINE('',#7534,#1648);
#1117=LINE('',#7538,#1649);
#1118=LINE('',#7539,#1650);
#1119=LINE('',#7540,#1651);
#1120=LINE('',#7542,#1652);
#1121=LINE('',#7544,#1653);
#1122=LINE('',#7549,#1654);
#1123=LINE('',#7551,#1655);
#1124=LINE('',#7560,#1656);
#1125=LINE('',#7563,#1657);
#1126=LINE('',#7565,#1658);
#1127=LINE('',#7567,#1659);
#1128=LINE('',#7568,#1660);
#1129=LINE('',#7591,#1661);
#1130=LINE('',#7601,#1662);
#1131=LINE('',#7603,#1663);
#1132=LINE('',#7604,#1664);
#1133=LINE('',#7606,#1665);
#1134=LINE('',#7609,#1666);
#1135=LINE('',#7611,#1667);
#1136=LINE('',#7612,#1668);
#1137=LINE('',#7615,#1669);
#1138=LINE('',#7617,#1670);
#1139=LINE('',#7618,#1671);
#1140=LINE('',#7659,#1672);
#1141=LINE('',#7661,#1673);
#1142=LINE('',#7670,#1674);
#1143=LINE('',#7673,#1675);
#1144=LINE('',#7675,#1676);
#1145=LINE('',#7677,#1677);
#1146=LINE('',#7678,#1678);
#1147=LINE('',#7702,#1679);
#1148=LINE('',#7711,#1680);
#1149=LINE('',#7713,#1681);
#1150=LINE('',#7714,#1682);
#1151=LINE('',#7716,#1683);
#1152=LINE('',#7719,#1684);
#1153=LINE('',#7721,#1685);
#1154=LINE('',#7722,#1686);
#1155=LINE('',#7725,#1687);
#1156=LINE('',#7727,#1688);
#1157=LINE('',#7728,#1689);
#1158=LINE('',#7770,#1690);
#1159=LINE('',#7772,#1691);
#1160=LINE('',#7774,#1692);
#1161=LINE('',#7775,#1693);
#1162=LINE('',#7778,#1694);
#1163=LINE('',#7780,#1695);
#1164=LINE('',#7781,#1696);
#1165=LINE('',#7784,#1697);
#1166=LINE('',#7785,#1698);
#1167=LINE('',#7788,#1699);
#1168=LINE('',#7789,#1700);
#1169=LINE('',#7791,#1701);
#1170=LINE('',#7795,#1702);
#1171=LINE('',#7797,#1703);
#1172=LINE('',#7799,#1704);
#1173=LINE('',#7800,#1705);
#1174=LINE('',#7806,#1706);
#1175=LINE('',#7809,#1707);
#1176=LINE('',#7813,#1708);
#1177=LINE('',#7814,#1709);
#1178=LINE('',#7815,#1710);
#1179=LINE('',#7819,#1711);
#1180=LINE('',#7821,#1712);
#1181=LINE('',#7823,#1713);
#1182=LINE('',#7824,#1714);
#1183=LINE('',#7830,#1715);
#1184=LINE('',#7832,#1716);
#1185=LINE('',#7833,#1717);
#1186=LINE('',#7839,#1718);
#1187=LINE('',#7842,#1719);
#1188=LINE('',#7843,#1720);
#1189=LINE('',#7848,#1721);
#1190=LINE('',#7852,#1722);
#1191=LINE('',#7853,#1723);
#1192=LINE('',#7857,#1724);
#1193=LINE('',#7860,#1725);
#1194=LINE('',#7862,#1726);
#1195=LINE('',#7863,#1727);
#1196=LINE('',#7866,#1728);
#1197=LINE('',#7869,#1729);
#1198=LINE('',#7872,#1730);
#1199=LINE('',#7874,#1731);
#1200=LINE('',#7878,#1732);
#1201=LINE('',#7882,#1733);
#1202=LINE('',#7884,#1734);
#1203=LINE('',#7888,#1735);
#1204=LINE('',#7890,#1736);
#1205=LINE('',#7894,#1737);
#1206=LINE('',#7898,#1738);
#1207=LINE('',#7899,#1739);
#1208=LINE('',#7903,#1740);
#1209=LINE('',#7905,#1741);
#1210=LINE('',#7907,#1742);
#1211=LINE('',#7908,#1743);
#1212=LINE('',#7912,#1744);
#1213=LINE('',#7914,#1745);
#1214=LINE('',#7916,#1746);
#1215=LINE('',#7917,#1747);
#1216=LINE('',#7919,#1748);
#1217=LINE('',#7920,#1749);
#1218=LINE('',#7924,#1750);
#1219=LINE('',#7926,#1751);
#1220=LINE('',#7928,#1752);
#1221=LINE('',#7929,#1753);
#1222=LINE('',#7934,#1754);
#1223=LINE('',#7935,#1755);
#1224=LINE('',#7938,#1756);
#1225=LINE('',#7939,#1757);
#1226=LINE('',#7943,#1758);
#1227=LINE('',#7945,#1759);
#1228=LINE('',#7946,#1760);
#1229=LINE('',#7947,#1761);
#1230=LINE('',#7951,#1762);
#1231=LINE('',#7953,#1763);
#1232=LINE('',#7955,#1764);
#1233=LINE('',#7956,#1765);
#1234=LINE('',#7957,#1766);
#1235=LINE('',#7961,#1767);
#1236=LINE('',#7963,#1768);
#1237=LINE('',#7966,#1769);
#1238=LINE('',#7968,#1770);
#1239=LINE('',#7969,#1771);
#1240=LINE('',#7976,#1772);
#1241=LINE('',#7980,#1773);
#1242=LINE('',#7982,#1774);
#1243=LINE('',#7984,#1775);
#1244=LINE('',#7985,#1776);
#1245=LINE('',#7987,#1777);
#1246=LINE('',#7988,#1778);
#1247=LINE('',#7991,#1779);
#1248=LINE('',#7993,#1780);
#1249=LINE('',#7994,#1781);
#1250=LINE('',#7997,#1782);
#1251=LINE('',#7999,#1783);
#1252=LINE('',#8000,#1784);
#1253=LINE('',#8002,#1785);
#1254=LINE('',#8003,#1786);
#1255=LINE('',#8007,#1787);
#1256=LINE('',#8009,#1788);
#1257=LINE('',#8010,#1789);
#1258=LINE('',#8013,#1790);
#1259=LINE('',#8014,#1791);
#1260=LINE('',#8017,#1792);
#1261=LINE('',#8018,#1793);
#1262=LINE('',#8020,#1794);
#1263=LINE('',#8023,#1795);
#1264=LINE('',#8025,#1796);
#1265=LINE('',#8029,#1797);
#1266=LINE('',#8033,#1798);
#1267=LINE('',#8035,#1799);
#1268=LINE('',#8037,#1800);
#1269=LINE('',#8038,#1801);
#1270=LINE('',#8041,#1802);
#1271=LINE('',#8043,#1803);
#1272=LINE('',#8044,#1804);
#1273=LINE('',#8046,#1805);
#1274=LINE('',#8048,#1806);
#1275=LINE('',#8050,#1807);
#1276=LINE('',#8051,#1808);
#1277=LINE('',#8053,#1809);
#1278=LINE('',#8056,#1810);
#1279=LINE('',#8058,#1811);
#1280=LINE('',#8059,#1812);
#1281=LINE('',#8063,#1813);
#1282=LINE('',#8065,#1814);
#1283=LINE('',#8069,#1815);
#1284=LINE('',#8070,#1816);
#1285=LINE('',#8072,#1817);
#1286=LINE('',#8079,#1818);
#1287=LINE('',#8082,#1819);
#1288=LINE('',#8084,#1820);
#1289=LINE('',#8086,#1821);
#1290=LINE('',#8090,#1822);
#1291=LINE('',#8092,#1823);
#1292=LINE('',#8094,#1824);
#1293=LINE('',#8095,#1825);
#1294=LINE('',#8098,#1826);
#1295=LINE('',#8100,#1827);
#1296=LINE('',#8101,#1828);
#1297=LINE('',#8104,#1829);
#1298=LINE('',#8106,#1830);
#1299=LINE('',#8107,#1831);
#1300=LINE('',#8110,#1832);
#1301=LINE('',#8112,#1833);
#1302=LINE('',#8113,#1834);
#1303=LINE('',#8115,#1835);
#1304=LINE('',#8116,#1836);
#1305=LINE('',#8124,#1837);
#1306=LINE('',#8127,#1838);
#1307=LINE('',#8129,#1839);
#1308=LINE('',#8131,#1840);
#1309=LINE('',#8135,#1841);
#1310=LINE('',#8137,#1842);
#1311=LINE('',#8139,#1843);
#1312=LINE('',#8140,#1844);
#1313=LINE('',#8143,#1845);
#1314=LINE('',#8145,#1846);
#1315=LINE('',#8146,#1847);
#1316=LINE('',#8149,#1848);
#1317=LINE('',#8151,#1849);
#1318=LINE('',#8152,#1850);
#1319=LINE('',#8155,#1851);
#1320=LINE('',#8157,#1852);
#1321=LINE('',#8158,#1853);
#1322=LINE('',#8160,#1854);
#1323=LINE('',#8161,#1855);
#1324=LINE('',#8169,#1856);
#1325=LINE('',#8177,#1857);
#1326=LINE('',#9480,#1858);
#1327=LINE('',#9482,#1859);
#1328=LINE('',#9484,#1860);
#1329=LINE('',#9485,#1861);
#1330=LINE('',#9488,#1862);
#1331=LINE('',#9490,#1863);
#1332=LINE('',#9491,#1864);
#1333=LINE('',#9497,#1865);
#1334=LINE('',#9502,#1866);
#1335=LINE('',#9506,#1867);
#1336=LINE('',#9508,#1868);
#1337=LINE('',#9509,#1869);
#1338=LINE('',#9511,#1870);
#1339=LINE('',#9512,#1871);
#1340=LINE('',#9519,#1872);
#1341=LINE('',#9521,#1873);
#1342=LINE('',#9523,#1874);
#1343=LINE('',#9524,#1875);
#1344=LINE('',#9530,#1876);
#1345=LINE('',#9533,#1877);
#1346=LINE('',#9535,#1878);
#1347=LINE('',#9536,#1879);
#1348=LINE('',#9544,#1880);
#1349=LINE('',#9546,#1881);
#1350=LINE('',#9548,#1882);
#1351=LINE('',#9549,#1883);
#1352=LINE('',#9555,#1884);
#1353=LINE('',#9558,#1885);
#1354=LINE('',#9560,#1886);
#1355=LINE('',#9561,#1887);
#1356=LINE('',#9569,#1888);
#1357=LINE('',#9571,#1889);
#1358=LINE('',#9573,#1890);
#1359=LINE('',#9574,#1891);
#1360=LINE('',#9580,#1892);
#1361=LINE('',#9583,#1893);
#1362=LINE('',#9585,#1894);
#1363=LINE('',#9586,#1895);
#1364=LINE('',#9594,#1896);
#1365=LINE('',#9596,#1897);
#1366=LINE('',#9598,#1898);
#1367=LINE('',#9599,#1899);
#1368=LINE('',#9605,#1900);
#1369=LINE('',#9608,#1901);
#1370=LINE('',#9610,#1902);
#1371=LINE('',#9611,#1903);
#1372=LINE('',#9756,#1904);
#1373=LINE('',#9759,#1905);
#1374=LINE('',#9775,#1906);
#1375=LINE('',#9779,#1907);
#1376=LINE('',#9788,#1908);
#1377=LINE('',#9791,#1909);
#1378=LINE('',#9794,#1910);
#1379=LINE('',#9798,#1911);
#1380=LINE('',#9800,#1912);
#1381=LINE('',#9801,#1913);
#1382=LINE('',#9804,#1914);
#1383=LINE('',#9805,#1915);
#1384=LINE('',#9809,#1916);
#1385=LINE('',#9812,#1917);
#1386=LINE('',#9813,#1918);
#1387=LINE('',#9816,#1919);
#1388=LINE('',#9817,#1920);
#1389=LINE('',#9819,#1921);
#1390=LINE('',#9826,#1922);
#1391=LINE('',#9829,#1923);
#1392=LINE('',#9832,#1924);
#1393=LINE('',#9836,#1925);
#1394=LINE('',#9838,#1926);
#1395=LINE('',#9839,#1927);
#1396=LINE('',#9842,#1928);
#1397=LINE('',#9843,#1929);
#1398=LINE('',#9847,#1930);
#1399=LINE('',#9852,#1931);
#1400=LINE('',#9857,#1932);
#1401=LINE('',#9859,#1933);
#1402=LINE('',#9860,#1934);
#1403=LINE('',#9862,#1935);
#1404=LINE('',#9864,#1936);
#1405=LINE('',#9869,#1937);
#1406=LINE('',#9871,#1938);
#1407=LINE('',#9873,#1939);
#1408=LINE('',#9874,#1940);
#1409=LINE('',#9880,#1941);
#1410=LINE('',#9883,#1942);
#1411=LINE('',#9885,#1943);
#1412=LINE('',#9886,#1944);
#1413=LINE('',#9893,#1945);
#1414=LINE('',#9895,#1946);
#1415=LINE('',#9897,#1947);
#1416=LINE('',#9898,#1948);
#1417=LINE('',#9904,#1949);
#1418=LINE('',#9907,#1950);
#1419=LINE('',#9909,#1951);
#1420=LINE('',#9910,#1952);
#1421=LINE('',#9921,#1953);
#1422=LINE('',#9924,#1954);
#1423=LINE('',#9927,#1955);
#1424=LINE('',#9931,#1956);
#1425=LINE('',#9933,#1957);
#1426=LINE('',#9934,#1958);
#1427=LINE('',#9937,#1959);
#1428=LINE('',#9938,#1960);
#1429=LINE('',#9942,#1961);
#1430=LINE('',#9945,#1962);
#1431=LINE('',#9946,#1963);
#1432=LINE('',#9949,#1964);
#1433=LINE('',#9950,#1965);
#1434=LINE('',#9952,#1966);
#1435=LINE('',#9957,#1967);
#1436=LINE('',#9959,#1968);
#1437=LINE('',#9961,#1969);
#1438=LINE('',#9962,#1970);
#1439=LINE('',#9966,#1971);
#1440=LINE('',#9968,#1972);
#1441=LINE('',#9970,#1973);
#1442=LINE('',#9971,#1974);
#1443=LINE('',#9973,#1975);
#1444=LINE('',#9974,#1976);
#1445=LINE('',#9976,#1977);
#1446=LINE('',#9978,#1978);
#1447=LINE('',#9983,#1979);
#1448=LINE('',#9985,#1980);
#1449=LINE('',#9987,#1981);
#1450=LINE('',#9988,#1982);
#1451=LINE('',#9991,#1983);
#1452=LINE('',#9993,#1984);
#1453=LINE('',#9994,#1985);
#1454=LINE('',#10000,#1986);
#1455=LINE('',#10003,#1987);
#1456=LINE('',#10005,#1988);
#1457=LINE('',#10006,#1989);
#1458=LINE('',#10009,#1990);
#1459=LINE('',#10011,#1991);
#1460=LINE('',#10012,#1992);
#1461=LINE('',#10020,#1993);
#1462=VECTOR('',#5513,10.);
#1463=VECTOR('',#5514,10.);
#1464=VECTOR('',#5515,10.);
#1465=VECTOR('',#5516,10.);
#1466=VECTOR('',#5519,10.);
#1467=VECTOR('',#5520,10.);
#1468=VECTOR('',#5521,10.);
#1469=VECTOR('',#5528,10.);
#1470=VECTOR('',#5531,10.);
#1471=VECTOR('',#5532,10.);
#1472=VECTOR('',#5539,10.);
#1473=VECTOR('',#5542,10.);
#1474=VECTOR('',#5547,10.);
#1475=VECTOR('',#5548,10.);
#1476=VECTOR('',#5553,10.);
#1477=VECTOR('',#5554,10.);
#1478=VECTOR('',#5555,10.);
#1479=VECTOR('',#5560,10.);
#1480=VECTOR('',#5561,10.);
#1481=VECTOR('',#5568,10.);
#1482=VECTOR('',#5571,10.);
#1483=VECTOR('',#5576,10.);
#1484=VECTOR('',#5577,10.);
#1485=VECTOR('',#5582,10.);
#1486=VECTOR('',#5585,10.);
#1487=VECTOR('',#5586,10.);
#1488=VECTOR('',#5589,10.);
#1489=VECTOR('',#5590,10.);
#1490=VECTOR('',#5599,8.);
#1491=VECTOR('',#5606,12.);
#1492=VECTOR('',#5617,10.);
#1493=VECTOR('',#5618,10.);
#1494=VECTOR('',#5619,10.);
#1495=VECTOR('',#5622,10.);
#1496=VECTOR('',#5625,10.);
#1497=VECTOR('',#5626,10.);
#1498=VECTOR('',#5627,10.);
#1499=VECTOR('',#5630,10.);
#1500=VECTOR('',#5631,10.);
#1501=VECTOR('',#5632,10.);
#1502=VECTOR('',#5637,10.);
#1503=VECTOR('',#5640,10.);
#1504=VECTOR('',#5645,10.);
#1505=VECTOR('',#5646,10.);
#1506=VECTOR('',#5647,10.);
#1507=VECTOR('',#5648,10.);
#1508=VECTOR('',#5651,10.);
#1509=VECTOR('',#5652,10.);
#1510=VECTOR('',#5653,10.);
#1511=VECTOR('',#5656,10.);
#1512=VECTOR('',#5657,10.);
#1513=VECTOR('',#5658,10.);
#1514=VECTOR('',#5661,10.);
#1515=VECTOR('',#5664,10.);
#1516=VECTOR('',#5667,10.);
#1517=VECTOR('',#5668,10.);
#1518=VECTOR('',#5669,10.);
#1519=VECTOR('',#5672,10.);
#1520=VECTOR('',#5675,10.);
#1521=VECTOR('',#5676,10.);
#1522=VECTOR('',#5679,10.);
#1523=VECTOR('',#5684,10.);
#1524=VECTOR('',#5685,10.);
#1525=VECTOR('',#5686,10.);
#1526=VECTOR('',#5691,10.);
#1527=VECTOR('',#5692,10.);
#1528=VECTOR('',#5693,10.);
#1529=VECTOR('',#5696,10.);
#1530=VECTOR('',#5697,10.);
#1531=VECTOR('',#5700,10.);
#1532=VECTOR('',#5701,10.);
#1533=VECTOR('',#5702,10.);
#1534=VECTOR('',#5705,10.);
#1535=VECTOR('',#5706,10.);
#1536=VECTOR('',#5709,10.);
#1537=VECTOR('',#5710,10.);
#1538=VECTOR('',#5713,10.);
#1539=VECTOR('',#5714,10.);
#1540=VECTOR('',#5717,10.);
#1541=VECTOR('',#5718,10.);
#1542=VECTOR('',#5719,10.);
#1543=VECTOR('',#5722,10.);
#1544=VECTOR('',#5725,10.);
#1545=VECTOR('',#5726,10.);
#1546=VECTOR('',#5727,10.);
#1547=VECTOR('',#5728,10.);
#1548=VECTOR('',#5731,10.);
#1549=VECTOR('',#5732,10.);
#1550=VECTOR('',#5733,10.);
#1551=VECTOR('',#5734,10.);
#1552=VECTOR('',#5735,10.);
#1553=VECTOR('',#5738,10.);
#1554=VECTOR('',#5739,10.);
#1555=VECTOR('',#5740,10.);
#1556=VECTOR('',#5741,10.);
#1557=VECTOR('',#5744,10.);
#1558=VECTOR('',#5745,10.);
#1559=VECTOR('',#5746,10.);
#1560=VECTOR('',#5749,10.);
#1561=VECTOR('',#5750,10.);
#1562=VECTOR('',#5753,10.);
#1563=VECTOR('',#5754,10.);
#1564=VECTOR('',#5755,10.);
#1565=VECTOR('',#5756,10.);
#1566=VECTOR('',#5757,10.);
#1567=VECTOR('',#5758,10.);
#1568=VECTOR('',#5759,10.);
#1569=VECTOR('',#5762,10.);
#1570=VECTOR('',#5765,10.);
#1571=VECTOR('',#5768,10.);
#1572=VECTOR('',#5771,10.);
#1573=VECTOR('',#5772,10.);
#1574=VECTOR('',#5773,10.);
#1575=VECTOR('',#5774,10.);
#1576=VECTOR('',#5775,10.);
#1577=VECTOR('',#5776,10.);
#1578=VECTOR('',#5777,10.);
#1579=VECTOR('',#5778,10.);
#1580=VECTOR('',#5783,10.);
#1581=VECTOR('',#5784,10.);
#1582=VECTOR('',#5785,10.);
#1583=VECTOR('',#5786,10.);
#1584=VECTOR('',#5787,10.);
#1585=VECTOR('',#5790,10.);
#1586=VECTOR('',#5791,10.);
#1587=VECTOR('',#5792,10.);
#1588=VECTOR('',#5795,10.);
#1589=VECTOR('',#5796,10.);
#1590=VECTOR('',#5797,10.);
#1591=VECTOR('',#5800,10.);
#1592=VECTOR('',#5803,10.);
#1593=VECTOR('',#5806,10.);
#1594=VECTOR('',#5809,10.);
#1595=VECTOR('',#5826,8.);
#1596=VECTOR('',#5831,12.);
#1597=VECTOR('',#5838,10.);
#1598=VECTOR('',#5839,10.);
#1599=VECTOR('',#5840,10.);
#1600=VECTOR('',#5841,10.);
#1601=VECTOR('',#5844,10.);
#1602=VECTOR('',#5845,10.);
#1603=VECTOR('',#5846,10.);
#1604=VECTOR('',#5849,10.);
#1605=VECTOR('',#5850,10.);
#1606=VECTOR('',#5851,10.);
#1607=VECTOR('',#5852,10.);
#1608=VECTOR('',#5855,10.);
#1609=VECTOR('',#5856,10.);
#1610=VECTOR('',#5857,10.);
#1611=VECTOR('',#5860,10.);
#1612=VECTOR('',#5861,10.);
#1613=VECTOR('',#5862,10.);
#1614=VECTOR('',#5863,10.);
#1615=VECTOR('',#5866,10.);
#1616=VECTOR('',#5869,10.);
#1617=VECTOR('',#5872,10.);
#1618=VECTOR('',#5877,10.);
#1619=VECTOR('',#5878,10.);
#1620=VECTOR('',#5879,10.);
#1621=VECTOR('',#5880,10.);
#1622=VECTOR('',#5881,10.);
#1623=VECTOR('',#5884,10.);
#1624=VECTOR('',#5885,10.);
#1625=VECTOR('',#5886,10.);
#1626=VECTOR('',#5889,10.);
#1627=VECTOR('',#5890,10.);
#1628=VECTOR('',#5893,10.);
#1629=VECTOR('',#5894,10.);
#1630=VECTOR('',#5895,10.);
#1631=VECTOR('',#5898,10.);
#1632=VECTOR('',#5901,10.);
#1633=VECTOR('',#5906,10.);
#1634=VECTOR('',#5907,10.);
#1635=VECTOR('',#5908,10.);
#1636=VECTOR('',#5909,10.);
#1637=VECTOR('',#5912,10.);
#1638=VECTOR('',#5913,10.);
#1639=VECTOR('',#5914,10.);
#1640=VECTOR('',#5917,10.);
#1641=VECTOR('',#5918,10.);
#1642=VECTOR('',#5919,10.);
#1643=VECTOR('',#5922,10.);
#1644=VECTOR('',#5923,10.);
#1645=VECTOR('',#5924,10.);
#1646=VECTOR('',#5927,10.);
#1647=VECTOR('',#5928,10.);
#1648=VECTOR('',#5929,10.);
#1649=VECTOR('',#5932,10.);
#1650=VECTOR('',#5933,10.);
#1651=VECTOR('',#5934,10.);
#1652=VECTOR('',#5937,10.);
#1653=VECTOR('',#5940,10.);
#1654=VECTOR('',#5945,10.);
#1655=VECTOR('',#5946,10.);
#1656=VECTOR('',#5947,10.);
#1657=VECTOR('',#5950,10.);
#1658=VECTOR('',#5951,10.);
#1659=VECTOR('',#5952,10.);
#1660=VECTOR('',#5953,10.);
#1661=VECTOR('',#5954,10.);
#1662=VECTOR('',#5957,10.);
#1663=VECTOR('',#5958,10.);
#1664=VECTOR('',#5959,10.);
#1665=VECTOR('',#5962,10.);
#1666=VECTOR('',#5965,10.);
#1667=VECTOR('',#5966,10.);
#1668=VECTOR('',#5967,10.);
#1669=VECTOR('',#5970,10.);
#1670=VECTOR('',#5971,10.);
#1671=VECTOR('',#5972,10.);
#1672=VECTOR('',#5979,10.);
#1673=VECTOR('',#5980,10.);
#1674=VECTOR('',#5981,10.);
#1675=VECTOR('',#5984,10.);
#1676=VECTOR('',#5985,10.);
#1677=VECTOR('',#5986,10.);
#1678=VECTOR('',#5987,10.);
#1679=VECTOR('',#5988,10.);
#1680=VECTOR('',#5991,10.);
#1681=VECTOR('',#5992,10.);
#1682=VECTOR('',#5993,10.);
#1683=VECTOR('',#5996,10.);
#1684=VECTOR('',#5999,10.);
#1685=VECTOR('',#6000,10.);
#1686=VECTOR('',#6001,10.);
#1687=VECTOR('',#6004,10.);
#1688=VECTOR('',#6005,10.);
#1689=VECTOR('',#6006,10.);
#1690=VECTOR('',#6015,10.);
#1691=VECTOR('',#6016,10.);
#1692=VECTOR('',#6017,10.);
#1693=VECTOR('',#6018,10.);
#1694=VECTOR('',#6021,10.);
#1695=VECTOR('',#6022,10.);
#1696=VECTOR('',#6023,10.);
#1697=VECTOR('',#6026,10.);
#1698=VECTOR('',#6027,10.);
#1699=VECTOR('',#6030,10.);
#1700=VECTOR('',#6031,10.);
#1701=VECTOR('',#6034,10.);
#1702=VECTOR('',#6037,10.);
#1703=VECTOR('',#6038,10.);
#1704=VECTOR('',#6039,10.);
#1705=VECTOR('',#6040,10.);
#1706=VECTOR('',#6045,10.);
#1707=VECTOR('',#6048,10.);
#1708=VECTOR('',#6051,10.);
#1709=VECTOR('',#6052,10.);
#1710=VECTOR('',#6053,10.);
#1711=VECTOR('',#6056,10.);
#1712=VECTOR('',#6057,10.);
#1713=VECTOR('',#6058,10.);
#1714=VECTOR('',#6059,10.);
#1715=VECTOR('',#6066,10.);
#1716=VECTOR('',#6069,10.);
#1717=VECTOR('',#6070,10.);
#1718=VECTOR('',#6077,1.);
#1719=VECTOR('',#6082,10.);
#1720=VECTOR('',#6083,10.);
#1721=VECTOR('',#6088,10.);
#1722=VECTOR('',#6091,10.);
#1723=VECTOR('',#6092,10.);
#1724=VECTOR('',#6097,10.);
#1725=VECTOR('',#6100,10.);
#1726=VECTOR('',#6101,10.);
#1727=VECTOR('',#6102,10.);
#1728=VECTOR('',#6105,10.);
#1729=VECTOR('',#6110,10.);
#1730=VECTOR('',#6113,10.);
#1731=VECTOR('',#6114,10.);
#1732=VECTOR('',#6117,10.);
#1733=VECTOR('',#6120,10.);
#1734=VECTOR('',#6121,10.);
#1735=VECTOR('',#6124,10.);
#1736=VECTOR('',#6125,10.);
#1737=VECTOR('',#6128,10.);
#1738=VECTOR('',#6131,10.);
#1739=VECTOR('',#6132,10.);
#1740=VECTOR('',#6135,10.);
#1741=VECTOR('',#6136,10.);
#1742=VECTOR('',#6137,10.);
#1743=VECTOR('',#6138,10.);
#1744=VECTOR('',#6141,10.);
#1745=VECTOR('',#6142,10.);
#1746=VECTOR('',#6143,10.);
#1747=VECTOR('',#6144,10.);
#1748=VECTOR('',#6147,10.);
#1749=VECTOR('',#6148,10.);
#1750=VECTOR('',#6151,10.);
#1751=VECTOR('',#6152,10.);
#1752=VECTOR('',#6153,10.);
#1753=VECTOR('',#6154,10.);
#1754=VECTOR('',#6159,10.);
#1755=VECTOR('',#6160,10.);
#1756=VECTOR('',#6163,10.);
#1757=VECTOR('',#6164,10.);
#1758=VECTOR('',#6167,10.);
#1759=VECTOR('',#6168,10.);
#1760=VECTOR('',#6169,10.);
#1761=VECTOR('',#6170,10.);
#1762=VECTOR('',#6173,10.);
#1763=VECTOR('',#6174,10.);
#1764=VECTOR('',#6175,10.);
#1765=VECTOR('',#6176,10.);
#1766=VECTOR('',#6177,10.);
#1767=VECTOR('',#6182,10.);
#1768=VECTOR('',#6185,10.);
#1769=VECTOR('',#6188,10.);
#1770=VECTOR('',#6189,10.);
#1771=VECTOR('',#6190,10.);
#1772=VECTOR('',#6199,1.);
#1773=VECTOR('',#6202,10.);
#1774=VECTOR('',#6203,10.);
#1775=VECTOR('',#6204,10.);
#1776=VECTOR('',#6205,10.);
#1777=VECTOR('',#6208,10.);
#1778=VECTOR('',#6209,10.);
#1779=VECTOR('',#6212,10.);
#1780=VECTOR('',#6213,10.);
#1781=VECTOR('',#6214,10.);
#1782=VECTOR('',#6217,10.);
#1783=VECTOR('',#6218,10.);
#1784=VECTOR('',#6219,10.);
#1785=VECTOR('',#6222,10.);
#1786=VECTOR('',#6223,10.);
#1787=VECTOR('',#6228,10.);
#1788=VECTOR('',#6229,10.);
#1789=VECTOR('',#6230,10.);
#1790=VECTOR('',#6233,10.);
#1791=VECTOR('',#6234,10.);
#1792=VECTOR('',#6237,10.);
#1793=VECTOR('',#6238,10.);
#1794=VECTOR('',#6241,10.);
#1795=VECTOR('',#6244,10.);
#1796=VECTOR('',#6245,10.);
#1797=VECTOR('',#6248,10.);
#1798=VECTOR('',#6251,10.);
#1799=VECTOR('',#6252,10.);
#1800=VECTOR('',#6253,10.);
#1801=VECTOR('',#6254,10.);
#1802=VECTOR('',#6257,10.);
#1803=VECTOR('',#6258,10.);
#1804=VECTOR('',#6259,10.);
#1805=VECTOR('',#6262,10.);
#1806=VECTOR('',#6265,10.);
#1807=VECTOR('',#6268,10.);
#1808=VECTOR('',#6269,10.);
#1809=VECTOR('',#6272,10.);
#1810=VECTOR('',#6275,10.);
#1811=VECTOR('',#6276,10.);
#1812=VECTOR('',#6277,10.);
#1813=VECTOR('',#6284,10.);
#1814=VECTOR('',#6287,10.);
#1815=VECTOR('',#6292,10.);
#1816=VECTOR('',#6293,10.);
#1817=VECTOR('',#6296,10.);
#1818=VECTOR('',#6303,10.);
#1819=VECTOR('',#6306,10.);
#1820=VECTOR('',#6309,10.);
#1821=VECTOR('',#6312,10.);
#1822=VECTOR('',#6315,10.);
#1823=VECTOR('',#6316,10.);
#1824=VECTOR('',#6317,10.);
#1825=VECTOR('',#6318,10.);
#1826=VECTOR('',#6321,10.);
#1827=VECTOR('',#6322,10.);
#1828=VECTOR('',#6323,10.);
#1829=VECTOR('',#6326,10.);
#1830=VECTOR('',#6327,10.);
#1831=VECTOR('',#6328,10.);
#1832=VECTOR('',#6331,10.);
#1833=VECTOR('',#6332,10.);
#1834=VECTOR('',#6333,10.);
#1835=VECTOR('',#6336,10.);
#1836=VECTOR('',#6337,10.);
#1837=VECTOR('',#6346,10.);
#1838=VECTOR('',#6349,10.);
#1839=VECTOR('',#6352,10.);
#1840=VECTOR('',#6355,10.);
#1841=VECTOR('',#6358,10.);
#1842=VECTOR('',#6359,10.);
#1843=VECTOR('',#6360,10.);
#1844=VECTOR('',#6361,10.);
#1845=VECTOR('',#6364,10.);
#1846=VECTOR('',#6365,10.);
#1847=VECTOR('',#6366,10.);
#1848=VECTOR('',#6369,10.);
#1849=VECTOR('',#6370,10.);
#1850=VECTOR('',#6371,10.);
#1851=VECTOR('',#6374,10.);
#1852=VECTOR('',#6375,10.);
#1853=VECTOR('',#6376,10.);
#1854=VECTOR('',#6379,10.);
#1855=VECTOR('',#6380,10.);
#1856=VECTOR('',#6391,2.1);
#1857=VECTOR('',#6402,2.1);
#1858=VECTOR('',#6425,10.);
#1859=VECTOR('',#6426,10.);
#1860=VECTOR('',#6427,10.);
#1861=VECTOR('',#6428,10.);
#1862=VECTOR('',#6431,10.);
#1863=VECTOR('',#6432,10.);
#1864=VECTOR('',#6433,10.);
#1865=VECTOR('',#6440,10.);
#1866=VECTOR('',#6445,10.);
#1867=VECTOR('',#6450,10.);
#1868=VECTOR('',#6451,10.);
#1869=VECTOR('',#6452,10.);
#1870=VECTOR('',#6455,10.);
#1871=VECTOR('',#6456,10.);
#1872=VECTOR('',#6463,10.);
#1873=VECTOR('',#6464,10.);
#1874=VECTOR('',#6465,10.);
#1875=VECTOR('',#6466,10.);
#1876=VECTOR('',#6473,10.);
#1877=VECTOR('',#6476,10.);
#1878=VECTOR('',#6477,10.);
#1879=VECTOR('',#6478,10.);
#1880=VECTOR('',#6489,10.);
#1881=VECTOR('',#6490,10.);
#1882=VECTOR('',#6491,10.);
#1883=VECTOR('',#6492,10.);
#1884=VECTOR('',#6499,10.);
#1885=VECTOR('',#6502,10.);
#1886=VECTOR('',#6503,10.);
#1887=VECTOR('',#6504,10.);
#1888=VECTOR('',#6515,10.);
#1889=VECTOR('',#6516,10.);
#1890=VECTOR('',#6517,10.);
#1891=VECTOR('',#6518,10.);
#1892=VECTOR('',#6525,10.);
#1893=VECTOR('',#6528,10.);
#1894=VECTOR('',#6529,10.);
#1895=VECTOR('',#6530,10.);
#1896=VECTOR('',#6541,10.);
#1897=VECTOR('',#6542,10.);
#1898=VECTOR('',#6543,10.);
#1899=VECTOR('',#6544,10.);
#1900=VECTOR('',#6551,10.);
#1901=VECTOR('',#6554,10.);
#1902=VECTOR('',#6555,10.);
#1903=VECTOR('',#6556,10.);
#1904=VECTOR('',#6591,10.5);
#1905=VECTOR('',#6594,15.5);
#1906=VECTOR('',#6615,11.95);
#1907=VECTOR('',#6620,13.75);
#1908=VECTOR('',#6631,10.);
#1909=VECTOR('',#6634,10.);
#1910=VECTOR('',#6637,10.);
#1911=VECTOR('',#6640,10.);
#1912=VECTOR('',#6641,10.);
#1913=VECTOR('',#6642,10.);
#1914=VECTOR('',#6645,10.);
#1915=VECTOR('',#6646,10.);
#1916=VECTOR('',#6651,10.);
#1917=VECTOR('',#6654,10.);
#1918=VECTOR('',#6655,10.);
#1919=VECTOR('',#6658,10.);
#1920=VECTOR('',#6659,10.);
#1921=VECTOR('',#6662,10.);
#1922=VECTOR('',#6669,10.);
#1923=VECTOR('',#6672,10.);
#1924=VECTOR('',#6675,10.);
#1925=VECTOR('',#6678,10.);
#1926=VECTOR('',#6679,10.);
#1927=VECTOR('',#6680,10.);
#1928=VECTOR('',#6683,10.);
#1929=VECTOR('',#6684,10.);
#1930=VECTOR('',#6689,10.);
#1931=VECTOR('',#6694,2.025);
#1932=VECTOR('',#6701,10.);
#1933=VECTOR('',#6702,10.);
#1934=VECTOR('',#6703,10.);
#1935=VECTOR('',#6706,10.);
#1936=VECTOR('',#6709,10.);
#1937=VECTOR('',#6714,10.);
#1938=VECTOR('',#6715,10.);
#1939=VECTOR('',#6716,10.);
#1940=VECTOR('',#6717,10.);
#1941=VECTOR('',#6724,10.);
#1942=VECTOR('',#6727,10.);
#1943=VECTOR('',#6728,10.);
#1944=VECTOR('',#6729,10.);
#1945=VECTOR('',#6738,10.);
#1946=VECTOR('',#6739,10.);
#1947=VECTOR('',#6740,10.);
#1948=VECTOR('',#6741,10.);
#1949=VECTOR('',#6748,10.);
#1950=VECTOR('',#6751,10.);
#1951=VECTOR('',#6752,10.);
#1952=VECTOR('',#6753,10.);
#1953=VECTOR('',#6768,10.);
#1954=VECTOR('',#6771,10.);
#1955=VECTOR('',#6774,10.);
#1956=VECTOR('',#6777,10.);
#1957=VECTOR('',#6778,10.);
#1958=VECTOR('',#6779,10.);
#1959=VECTOR('',#6782,10.);
#1960=VECTOR('',#6783,10.);
#1961=VECTOR('',#6788,10.);
#1962=VECTOR('',#6791,10.);
#1963=VECTOR('',#6792,10.);
#1964=VECTOR('',#6795,10.);
#1965=VECTOR('',#6796,10.);
#1966=VECTOR('',#6799,10.);
#1967=VECTOR('',#6804,10.);
#1968=VECTOR('',#6805,10.);
#1969=VECTOR('',#6806,10.);
#1970=VECTOR('',#6807,10.);
#1971=VECTOR('',#6810,10.);
#1972=VECTOR('',#6811,10.);
#1973=VECTOR('',#6812,10.);
#1974=VECTOR('',#6813,10.);
#1975=VECTOR('',#6816,10.);
#1976=VECTOR('',#6817,10.);
#1977=VECTOR('',#6820,10.);
#1978=VECTOR('',#6823,10.);
#1979=VECTOR('',#6828,10.);
#1980=VECTOR('',#6829,10.);
#1981=VECTOR('',#6830,10.);
#1982=VECTOR('',#6831,10.);
#1983=VECTOR('',#6834,10.);
#1984=VECTOR('',#6835,10.);
#1985=VECTOR('',#6836,10.);
#1986=VECTOR('',#6843,10.);
#1987=VECTOR('',#6846,10.);
#1988=VECTOR('',#6847,10.);
#1989=VECTOR('',#6848,10.);
#1990=VECTOR('',#6851,10.);
#1991=VECTOR('',#6852,10.);
#1992=VECTOR('',#6853,10.);
#1993=VECTOR('',#6864,10.5);
#1994=VERTEX_POINT('',#6883);
#1995=VERTEX_POINT('',#6884);
#1996=VERTEX_POINT('',#6886);
#1997=VERTEX_POINT('',#6888);
#1998=VERTEX_POINT('',#6892);
#1999=VERTEX_POINT('',#6894);
#2000=VERTEX_POINT('',#6898);
#2001=VERTEX_POINT('',#6900);
#2002=VERTEX_POINT('',#6909);
#2003=VERTEX_POINT('',#6910);
#2004=VERTEX_POINT('',#6912);
#2005=VERTEX_POINT('',#6914);
#2006=VERTEX_POINT('',#6918);
#2007=VERTEX_POINT('',#6920);
#2008=VERTEX_POINT('',#6924);
#2009=VERTEX_POINT('',#6926);
#2010=VERTEX_POINT('',#6928);
#2011=VERTEX_POINT('',#6937);
#2012=VERTEX_POINT('',#6938);
#2013=VERTEX_POINT('',#6940);
#2014=VERTEX_POINT('',#6942);
#2015=VERTEX_POINT('',#6946);
#2016=VERTEX_POINT('',#6948);
#2017=VERTEX_POINT('',#6952);
#2018=VERTEX_POINT('',#6954);
#2019=VERTEX_POINT('',#6956);
#2020=VERTEX_POINT('',#6965);
#2021=VERTEX_POINT('',#6967);
#2022=VERTEX_POINT('',#6971);
#2023=VERTEX_POINT('',#6973);
#2024=VERTEX_POINT('',#6979);
#2025=VERTEX_POINT('',#6980);
#2026=VERTEX_POINT('',#6982);
#2027=VERTEX_POINT('',#6984);
#2028=VERTEX_POINT('',#6986);
#2029=VERTEX_POINT('',#6988);
#2030=VERTEX_POINT('',#6992);
#2031=VERTEX_POINT('',#6994);
#2032=VERTEX_POINT('',#6998);
#2033=VERTEX_POINT('',#7000);
#2034=VERTEX_POINT('',#7004);
#2035=VERTEX_POINT('',#7006);
#2036=VERTEX_POINT('',#7012);
#2037=VERTEX_POINT('',#7013);
#2038=VERTEX_POINT('',#7015);
#2039=VERTEX_POINT('',#7017);
#2040=VERTEX_POINT('',#7021);
#2041=VERTEX_POINT('',#7023);
#2042=VERTEX_POINT('',#7027);
#2043=VERTEX_POINT('',#7029);
#2044=VERTEX_POINT('',#7035);
#2045=VERTEX_POINT('',#7037);
#2046=VERTEX_POINT('',#7039);
#2047=VERTEX_POINT('',#7041);
#2048=VERTEX_POINT('',#7056);
#2049=VERTEX_POINT('',#7058);
#2050=VERTEX_POINT('',#7077);
#2051=VERTEX_POINT('',#7082);
#2052=VERTEX_POINT('',#7088);
#2053=VERTEX_POINT('',#7090);
#2054=VERTEX_POINT('',#7092);
#2055=VERTEX_POINT('',#7111);
#2056=VERTEX_POINT('',#7113);
#2057=VERTEX_POINT('',#7126);
#2058=VERTEX_POINT('',#7130);
#2059=VERTEX_POINT('',#7132);
#2060=VERTEX_POINT('',#7136);
#2061=VERTEX_POINT('',#7190);
#2062=VERTEX_POINT('',#7200);
#2063=VERTEX_POINT('',#7202);
#2064=VERTEX_POINT('',#7212);
#2065=VERTEX_POINT('',#7214);
#2066=VERTEX_POINT('',#7218);
#2067=VERTEX_POINT('',#7225);
#2068=VERTEX_POINT('',#7235);
#2069=VERTEX_POINT('',#7239);
#2070=VERTEX_POINT('',#7241);
#2071=VERTEX_POINT('',#7245);
#2072=VERTEX_POINT('',#7276);
#2073=VERTEX_POINT('',#7278);
#2074=VERTEX_POINT('',#7280);
#2075=VERTEX_POINT('',#7310);
#2076=VERTEX_POINT('',#7317);
#2077=VERTEX_POINT('',#7318);
#2078=VERTEX_POINT('',#7321);
#2079=VERTEX_POINT('',#7323);
#2080=VERTEX_POINT('',#7327);
#2081=VERTEX_POINT('',#7329);
#2082=VERTEX_POINT('',#7334);
#2083=VERTEX_POINT('',#7336);
#2084=VERTEX_POINT('',#7340);
#2085=VERTEX_POINT('',#7344);
#2086=VERTEX_POINT('',#7347);
#2087=VERTEX_POINT('',#7349);
#2088=VERTEX_POINT('',#7351);
#2089=VERTEX_POINT('',#7353);
#2090=VERTEX_POINT('',#7363);
#2091=VERTEX_POINT('',#7364);
#2092=VERTEX_POINT('',#7366);
#2093=VERTEX_POINT('',#7368);
#2094=VERTEX_POINT('',#7370);
#2095=VERTEX_POINT('',#7372);
#2096=VERTEX_POINT('',#7374);
#2097=VERTEX_POINT('',#7376);
#2098=VERTEX_POINT('',#7380);
#2099=VERTEX_POINT('',#7382);
#2100=VERTEX_POINT('',#7384);
#2101=VERTEX_POINT('',#7390);
#2102=VERTEX_POINT('',#7391);
#2103=VERTEX_POINT('',#7396);
#2104=VERTEX_POINT('',#7397);
#2105=VERTEX_POINT('',#7415);
#2106=VERTEX_POINT('',#7418);
#2107=VERTEX_POINT('',#7422);
#2108=VERTEX_POINT('',#7427);
#2109=VERTEX_POINT('',#7428);
#2110=VERTEX_POINT('',#7430);
#2111=VERTEX_POINT('',#7432);
#2112=VERTEX_POINT('',#7436);
#2113=VERTEX_POINT('',#7438);
#2114=VERTEX_POINT('',#7442);
#2115=VERTEX_POINT('',#7444);
#2116=VERTEX_POINT('',#7446);
#2117=VERTEX_POINT('',#7450);
#2118=VERTEX_POINT('',#7452);
#2119=VERTEX_POINT('',#7456);
#2120=VERTEX_POINT('',#7458);
#2121=VERTEX_POINT('',#7460);
#2122=VERTEX_POINT('',#7471);
#2123=VERTEX_POINT('',#7472);
#2124=VERTEX_POINT('',#7474);
#2125=VERTEX_POINT('',#7476);
#2126=VERTEX_POINT('',#7478);
#2127=VERTEX_POINT('',#7482);
#2128=VERTEX_POINT('',#7483);
#2129=VERTEX_POINT('',#7488);
#2130=VERTEX_POINT('',#7492);
#2131=VERTEX_POINT('',#7494);
#2132=VERTEX_POINT('',#7503);
#2133=VERTEX_POINT('',#7504);
#2134=VERTEX_POINT('',#7506);
#2135=VERTEX_POINT('',#7508);
#2136=VERTEX_POINT('',#7512);
#2137=VERTEX_POINT('',#7513);
#2138=VERTEX_POINT('',#7518);
#2139=VERTEX_POINT('',#7520);
#2140=VERTEX_POINT('',#7524);
#2141=VERTEX_POINT('',#7526);
#2142=VERTEX_POINT('',#7530);
#2143=VERTEX_POINT('',#7532);
#2144=VERTEX_POINT('',#7536);
#2145=VERTEX_POINT('',#7537);
#2146=VERTEX_POINT('',#7547);
#2147=VERTEX_POINT('',#7548);
#2148=VERTEX_POINT('',#7550);
#2149=VERTEX_POINT('',#7552);
#2150=VERTEX_POINT('',#7562);
#2151=VERTEX_POINT('',#7564);
#2152=VERTEX_POINT('',#7566);
#2153=VERTEX_POINT('',#7583);
#2154=VERTEX_POINT('',#7590);
#2155=VERTEX_POINT('',#7600);
#2156=VERTEX_POINT('',#7602);
#2157=VERTEX_POINT('',#7608);
#2158=VERTEX_POINT('',#7610);
#2159=VERTEX_POINT('',#7614);
#2160=VERTEX_POINT('',#7616);
#2161=VERTEX_POINT('',#7657);
#2162=VERTEX_POINT('',#7658);
#2163=VERTEX_POINT('',#7660);
#2164=VERTEX_POINT('',#7662);
#2165=VERTEX_POINT('',#7672);
#2166=VERTEX_POINT('',#7674);
#2167=VERTEX_POINT('',#7676);
#2168=VERTEX_POINT('',#7693);
#2169=VERTEX_POINT('',#7701);
#2170=VERTEX_POINT('',#7710);
#2171=VERTEX_POINT('',#7712);
#2172=VERTEX_POINT('',#7718);
#2173=VERTEX_POINT('',#7720);
#2174=VERTEX_POINT('',#7724);
#2175=VERTEX_POINT('',#7726);
#2176=VERTEX_POINT('',#7768);
#2177=VERTEX_POINT('',#7769);
#2178=VERTEX_POINT('',#7771);
#2179=VERTEX_POINT('',#7773);
#2180=VERTEX_POINT('',#7777);
#2181=VERTEX_POINT('',#7779);
#2182=VERTEX_POINT('',#7783);
#2183=VERTEX_POINT('',#7787);
#2184=VERTEX_POINT('',#7793);
#2185=VERTEX_POINT('',#7794);
#2186=VERTEX_POINT('',#7796);
#2187=VERTEX_POINT('',#7798);
#2188=VERTEX_POINT('',#7802);
#2189=VERTEX_POINT('',#7803);
#2190=VERTEX_POINT('',#7805);
#2191=VERTEX_POINT('',#7807);
#2192=VERTEX_POINT('',#7811);
#2193=VERTEX_POINT('',#7812);
#2194=VERTEX_POINT('',#7817);
#2195=VERTEX_POINT('',#7818);
#2196=VERTEX_POINT('',#7820);
#2197=VERTEX_POINT('',#7822);
#2198=VERTEX_POINT('',#7826);
#2199=VERTEX_POINT('',#7828);
#2200=VERTEX_POINT('',#7835);
#2201=VERTEX_POINT('',#7838);
#2202=VERTEX_POINT('',#7845);
#2203=VERTEX_POINT('',#7847);
#2204=VERTEX_POINT('',#7849);
#2205=VERTEX_POINT('',#7851);
#2206=VERTEX_POINT('',#7855);
#2207=VERTEX_POINT('',#7859);
#2208=VERTEX_POINT('',#7861);
#2209=VERTEX_POINT('',#7865);
#2210=VERTEX_POINT('',#7871);
#2211=VERTEX_POINT('',#7873);
#2212=VERTEX_POINT('',#7875);
#2213=VERTEX_POINT('',#7877);
#2214=VERTEX_POINT('',#7879);
#2215=VERTEX_POINT('',#7881);
#2216=VERTEX_POINT('',#7883);
#2217=VERTEX_POINT('',#7885);
#2218=VERTEX_POINT('',#7887);
#2219=VERTEX_POINT('',#7889);
#2220=VERTEX_POINT('',#7891);
#2221=VERTEX_POINT('',#7893);
#2222=VERTEX_POINT('',#7895);
#2223=VERTEX_POINT('',#7897);
#2224=VERTEX_POINT('',#7901);
#2225=VERTEX_POINT('',#7902);
#2226=VERTEX_POINT('',#7904);
#2227=VERTEX_POINT('',#7906);
#2228=VERTEX_POINT('',#7910);
#2229=VERTEX_POINT('',#7911);
#2230=VERTEX_POINT('',#7913);
#2231=VERTEX_POINT('',#7915);
#2232=VERTEX_POINT('',#7922);
#2233=VERTEX_POINT('',#7923);
#2234=VERTEX_POINT('',#7925);
#2235=VERTEX_POINT('',#7927);
#2236=VERTEX_POINT('',#7931);
#2237=VERTEX_POINT('',#7932);
#2238=VERTEX_POINT('',#7937);
#2239=VERTEX_POINT('',#7941);
#2240=VERTEX_POINT('',#7942);
#2241=VERTEX_POINT('',#7944);
#2242=VERTEX_POINT('',#7949);
#2243=VERTEX_POINT('',#7950);
#2244=VERTEX_POINT('',#7952);
#2245=VERTEX_POINT('',#7954);
#2246=VERTEX_POINT('',#7959);
#2247=VERTEX_POINT('',#7965);
#2248=VERTEX_POINT('',#7967);
#2249=VERTEX_POINT('',#7971);
#2250=VERTEX_POINT('',#7974);
#2251=VERTEX_POINT('',#7978);
#2252=VERTEX_POINT('',#7979);
#2253=VERTEX_POINT('',#7981);
#2254=VERTEX_POINT('',#7983);
#2255=VERTEX_POINT('',#7990);
#2256=VERTEX_POINT('',#7992);
#2257=VERTEX_POINT('',#7996);
#2258=VERTEX_POINT('',#7998);
#2259=VERTEX_POINT('',#8006);
#2260=VERTEX_POINT('',#8008);
#2261=VERTEX_POINT('',#8012);
#2262=VERTEX_POINT('',#8016);
#2263=VERTEX_POINT('',#8022);
#2264=VERTEX_POINT('',#8024);
#2265=VERTEX_POINT('',#8026);
#2266=VERTEX_POINT('',#8028);
#2267=VERTEX_POINT('',#8030);
#2268=VERTEX_POINT('',#8032);
#2269=VERTEX_POINT('',#8034);
#2270=VERTEX_POINT('',#8036);
#2271=VERTEX_POINT('',#8040);
#2272=VERTEX_POINT('',#8042);
#2273=VERTEX_POINT('',#8055);
#2274=VERTEX_POINT('',#8057);
#2275=VERTEX_POINT('',#8068);
#2276=VERTEX_POINT('',#8075);
#2277=VERTEX_POINT('',#8076);
#2278=VERTEX_POINT('',#8078);
#2279=VERTEX_POINT('',#8080);
#2280=VERTEX_POINT('',#8088);
#2281=VERTEX_POINT('',#8089);
#2282=VERTEX_POINT('',#8091);
#2283=VERTEX_POINT('',#8093);
#2284=VERTEX_POINT('',#8097);
#2285=VERTEX_POINT('',#8099);
#2286=VERTEX_POINT('',#8103);
#2287=VERTEX_POINT('',#8105);
#2288=VERTEX_POINT('',#8109);
#2289=VERTEX_POINT('',#8111);
#2290=VERTEX_POINT('',#8120);
#2291=VERTEX_POINT('',#8121);
#2292=VERTEX_POINT('',#8123);
#2293=VERTEX_POINT('',#8125);
#2294=VERTEX_POINT('',#8133);
#2295=VERTEX_POINT('',#8134);
#2296=VERTEX_POINT('',#8136);
#2297=VERTEX_POINT('',#8138);
#2298=VERTEX_POINT('',#8142);
#2299=VERTEX_POINT('',#8144);
#2300=VERTEX_POINT('',#8148);
#2301=VERTEX_POINT('',#8150);
#2302=VERTEX_POINT('',#8154);
#2303=VERTEX_POINT('',#8156);
#2304=VERTEX_POINT('',#8165);
#2305=VERTEX_POINT('',#8168);
#2306=VERTEX_POINT('',#8173);
#2307=VERTEX_POINT('',#8176);
#2308=VERTEX_POINT('',#9353);
#2309=VERTEX_POINT('',#9355);
#2310=VERTEX_POINT('',#9478);
#2311=VERTEX_POINT('',#9479);
#2312=VERTEX_POINT('',#9481);
#2313=VERTEX_POINT('',#9483);
#2314=VERTEX_POINT('',#9487);
#2315=VERTEX_POINT('',#9489);
#2316=VERTEX_POINT('',#9493);
#2317=VERTEX_POINT('',#9495);
#2318=VERTEX_POINT('',#9499);
#2319=VERTEX_POINT('',#9501);
#2320=VERTEX_POINT('',#9505);
#2321=VERTEX_POINT('',#9507);
#2322=VERTEX_POINT('',#9514);
#2323=VERTEX_POINT('',#9517);
#2324=VERTEX_POINT('',#9518);
#2325=VERTEX_POINT('',#9520);
#2326=VERTEX_POINT('',#9522);
#2327=VERTEX_POINT('',#9526);
#2328=VERTEX_POINT('',#9528);
#2329=VERTEX_POINT('',#9532);
#2330=VERTEX_POINT('',#9534);
#2331=VERTEX_POINT('',#9542);
#2332=VERTEX_POINT('',#9543);
#2333=VERTEX_POINT('',#9545);
#2334=VERTEX_POINT('',#9547);
#2335=VERTEX_POINT('',#9551);
#2336=VERTEX_POINT('',#9553);
#2337=VERTEX_POINT('',#9557);
#2338=VERTEX_POINT('',#9559);
#2339=VERTEX_POINT('',#9567);
#2340=VERTEX_POINT('',#9568);
#2341=VERTEX_POINT('',#9570);
#2342=VERTEX_POINT('',#9572);
#2343=VERTEX_POINT('',#9576);
#2344=VERTEX_POINT('',#9578);
#2345=VERTEX_POINT('',#9582);
#2346=VERTEX_POINT('',#9584);
#2347=VERTEX_POINT('',#9592);
#2348=VERTEX_POINT('',#9593);
#2349=VERTEX_POINT('',#9595);
#2350=VERTEX_POINT('',#9597);
#2351=VERTEX_POINT('',#9601);
#2352=VERTEX_POINT('',#9603);
#2353=VERTEX_POINT('',#9607);
#2354=VERTEX_POINT('',#9609);
#2355=VERTEX_POINT('',#9617);
#2356=VERTEX_POINT('',#9618);
#2357=VERTEX_POINT('',#9620);
#2358=VERTEX_POINT('',#9622);
#2359=VERTEX_POINT('',#9624);
#2360=VERTEX_POINT('',#9687);
#2361=VERTEX_POINT('',#9751);
#2362=VERTEX_POINT('',#9758);
#2363=VERTEX_POINT('',#9760);
#2364=VERTEX_POINT('',#9762);
#2365=VERTEX_POINT('',#9766);
#2366=VERTEX_POINT('',#9770);
#2367=VERTEX_POINT('',#9773);
#2368=VERTEX_POINT('',#9777);
#2369=VERTEX_POINT('',#9784);
#2370=VERTEX_POINT('',#9785);
#2371=VERTEX_POINT('',#9787);
#2372=VERTEX_POINT('',#9789);
#2373=VERTEX_POINT('',#9793);
#2374=VERTEX_POINT('',#9795);
#2375=VERTEX_POINT('',#9797);
#2376=VERTEX_POINT('',#9799);
#2377=VERTEX_POINT('',#9803);
#2378=VERTEX_POINT('',#9807);
#2379=VERTEX_POINT('',#9811);
#2380=VERTEX_POINT('',#9815);
#2381=VERTEX_POINT('',#9822);
#2382=VERTEX_POINT('',#9823);
#2383=VERTEX_POINT('',#9825);
#2384=VERTEX_POINT('',#9827);
#2385=VERTEX_POINT('',#9831);
#2386=VERTEX_POINT('',#9833);
#2387=VERTEX_POINT('',#9835);
#2388=VERTEX_POINT('',#9837);
#2389=VERTEX_POINT('',#9841);
#2390=VERTEX_POINT('',#9845);
#2391=VERTEX_POINT('',#9849);
#2392=VERTEX_POINT('',#9851);
#2393=VERTEX_POINT('',#9856);
#2394=VERTEX_POINT('',#9858);
#2395=VERTEX_POINT('',#9867);
#2396=VERTEX_POINT('',#9868);
#2397=VERTEX_POINT('',#9870);
#2398=VERTEX_POINT('',#9872);
#2399=VERTEX_POINT('',#9876);
#2400=VERTEX_POINT('',#9878);
#2401=VERTEX_POINT('',#9882);
#2402=VERTEX_POINT('',#9884);
#2403=VERTEX_POINT('',#9891);
#2404=VERTEX_POINT('',#9892);
#2405=VERTEX_POINT('',#9894);
#2406=VERTEX_POINT('',#9896);
#2407=VERTEX_POINT('',#9900);
#2408=VERTEX_POINT('',#9902);
#2409=VERTEX_POINT('',#9906);
#2410=VERTEX_POINT('',#9908);
#2411=VERTEX_POINT('',#9917);
#2412=VERTEX_POINT('',#9918);
#2413=VERTEX_POINT('',#9920);
#2414=VERTEX_POINT('',#9922);
#2415=VERTEX_POINT('',#9926);
#2416=VERTEX_POINT('',#9928);
#2417=VERTEX_POINT('',#9930);
#2418=VERTEX_POINT('',#9932);
#2419=VERTEX_POINT('',#9936);
#2420=VERTEX_POINT('',#9940);
#2421=VERTEX_POINT('',#9944);
#2422=VERTEX_POINT('',#9948);
#2423=VERTEX_POINT('',#9955);
#2424=VERTEX_POINT('',#9956);
#2425=VERTEX_POINT('',#9958);
#2426=VERTEX_POINT('',#9960);
#2427=VERTEX_POINT('',#9964);
#2428=VERTEX_POINT('',#9965);
#2429=VERTEX_POINT('',#9967);
#2430=VERTEX_POINT('',#9969);
#2431=VERTEX_POINT('',#9981);
#2432=VERTEX_POINT('',#9982);
#2433=VERTEX_POINT('',#9984);
#2434=VERTEX_POINT('',#9986);
#2435=VERTEX_POINT('',#9990);
#2436=VERTEX_POINT('',#9992);
#2437=VERTEX_POINT('',#9996);
#2438=VERTEX_POINT('',#9998);
#2439=VERTEX_POINT('',#10002);
#2440=VERTEX_POINT('',#10004);
#2441=VERTEX_POINT('',#10008);
#2442=VERTEX_POINT('',#10010);
#2443=VERTEX_POINT('',#10017);
#2444=VERTEX_POINT('',#10019);
#2445=EDGE_CURVE('',#1994,#1995,#930,.T.);
#2446=EDGE_CURVE('',#1995,#1996,#931,.T.);
#2447=EDGE_CURVE('',#1997,#1996,#932,.T.);
#2448=EDGE_CURVE('',#1994,#1997,#933,.T.);
#2449=EDGE_CURVE('',#1998,#1994,#934,.T.);
#2450=EDGE_CURVE('',#1999,#1997,#935,.T.);
#2451=EDGE_CURVE('',#1998,#1999,#936,.T.);
#2452=EDGE_CURVE('',#2000,#1998,#146,.T.);
#2453=EDGE_CURVE('',#2001,#1999,#147,.T.);
#2454=EDGE_CURVE('',#2001,#2000,#937,.T.);
#2455=EDGE_CURVE('',#1995,#2000,#938,.T.);
#2456=EDGE_CURVE('',#1996,#2001,#939,.T.);
#2457=EDGE_CURVE('',#2002,#2003,#940,.T.);
#2458=EDGE_CURVE('',#2003,#2004,#148,.T.);
#2459=EDGE_CURVE('',#2004,#2005,#941,.T.);
#2460=EDGE_CURVE('',#2002,#2005,#149,.T.);
#2461=EDGE_CURVE('',#2006,#2002,#942,.T.);
#2462=EDGE_CURVE('',#2005,#2007,#943,.T.);
#2463=EDGE_CURVE('',#2007,#2006,#150,.T.);
#2464=EDGE_CURVE('',#2008,#2006,#944,.T.);
#2465=EDGE_CURVE('',#2007,#2009,#945,.T.);
#2466=EDGE_CURVE('',#2009,#2010,#946,.T.);
#2467=EDGE_CURVE('',#2010,#2008,#151,.T.);
#2468=EDGE_CURVE('',#2003,#2008,#947,.T.);
#2469=EDGE_CURVE('',#2010,#2004,#948,.T.);
#2470=EDGE_CURVE('',#2011,#2012,#949,.T.);
#2471=EDGE_CURVE('',#2012,#2013,#152,.T.);
#2472=EDGE_CURVE('',#2013,#2014,#950,.T.);
#2473=EDGE_CURVE('',#2014,#2011,#153,.T.);
#2474=EDGE_CURVE('',#2015,#2011,#951,.T.);
#2475=EDGE_CURVE('',#2014,#2016,#952,.T.);
#2476=EDGE_CURVE('',#2016,#2015,#154,.T.);
#2477=EDGE_CURVE('',#2012,#2017,#953,.T.);
#2478=EDGE_CURVE('',#2017,#2018,#155,.T.);
#2479=EDGE_CURVE('',#2018,#2019,#954,.T.);
#2480=EDGE_CURVE('',#2019,#2013,#955,.T.);
#2481=EDGE_CURVE('',#2017,#2015,#956,.T.);
#2482=EDGE_CURVE('',#2016,#2018,#957,.T.);
#2483=EDGE_CURVE('',#2020,#2020,#156,.T.);
#2484=EDGE_CURVE('',#2020,#2021,#958,.T.);
#2485=EDGE_CURVE('',#2021,#2021,#157,.T.);
#2486=EDGE_CURVE('',#2022,#2022,#158,.T.);
#2487=EDGE_CURVE('',#2022,#2023,#959,.T.);
#2488=EDGE_CURVE('',#2023,#2023,#159,.T.);
#2489=EDGE_CURVE('',#2024,#2025,#160,.T.);
#2490=EDGE_CURVE('',#2024,#2026,#960,.T.);
#2491=EDGE_CURVE('',#2026,#2027,#961,.T.);
#2492=EDGE_CURVE('',#2028,#2027,#962,.T.);
#2493=EDGE_CURVE('',#2029,#2028,#161,.T.);
#2494=EDGE_CURVE('',#2025,#2029,#963,.T.);
#2495=EDGE_CURVE('',#2028,#2030,#964,.T.);
#2496=EDGE_CURVE('',#2027,#2031,#965,.T.);
#2497=EDGE_CURVE('',#2030,#2031,#966,.T.);
#2498=EDGE_CURVE('',#2032,#2024,#967,.T.);
#2499=EDGE_CURVE('',#2032,#2033,#968,.T.);
#2500=EDGE_CURVE('',#2033,#2026,#969,.T.);
#2501=EDGE_CURVE('',#2034,#2032,#162,.T.);
#2502=EDGE_CURVE('',#2035,#2034,#970,.T.);
#2503=EDGE_CURVE('',#2030,#2035,#163,.T.);
#2504=EDGE_CURVE('',#2031,#2033,#971,.T.);
#2505=EDGE_CURVE('',#2036,#2037,#972,.T.);
#2506=EDGE_CURVE('',#2036,#2038,#973,.T.);
#2507=EDGE_CURVE('',#2038,#2039,#974,.T.);
#2508=EDGE_CURVE('',#2037,#2039,#975,.T.);
#2509=EDGE_CURVE('',#2040,#2036,#976,.T.);
#2510=EDGE_CURVE('',#2040,#2041,#977,.T.);
#2511=EDGE_CURVE('',#2041,#2038,#978,.T.);
#2512=EDGE_CURVE('',#2042,#2040,#979,.T.);
#2513=EDGE_CURVE('',#2042,#2043,#980,.T.);
#2514=EDGE_CURVE('',#2043,#2041,#981,.T.);
#2515=EDGE_CURVE('',#2039,#2043,#982,.T.);
#2516=EDGE_CURVE('',#2035,#2044,#983,.T.);
#2517=EDGE_CURVE('',#2044,#2045,#164,.T.);
#2518=EDGE_CURVE('',#2045,#2046,#984,.T.);
#2519=EDGE_CURVE('',#2046,#2047,#62,.T.);
#2520=EDGE_CURVE('',#2047,#2048,#985,.T.);
#2521=EDGE_CURVE('',#2048,#2049,#63,.T.);
#2522=EDGE_CURVE('',#2049,#2050,#986,.T.);
#2523=EDGE_CURVE('',#2050,#2042,#165,.F.);
#2524=EDGE_CURVE('',#2040,#2029,#987,.T.);
#2525=EDGE_CURVE('',#2051,#2034,#988,.T.);
#2526=EDGE_CURVE('',#2051,#2044,#989,.T.);
#2527=EDGE_CURVE('',#2025,#2036,#990,.T.);
#2528=EDGE_CURVE('',#2037,#2052,#166,.F.);
#2529=EDGE_CURVE('',#2052,#2053,#991,.T.);
#2530=EDGE_CURVE('',#2053,#2054,#64,.T.);
#2531=EDGE_CURVE('',#2054,#2055,#992,.T.);
#2532=EDGE_CURVE('',#2055,#2056,#65,.T.);
#2533=EDGE_CURVE('',#2056,#2057,#993,.T.);
#2534=EDGE_CURVE('',#2057,#2051,#167,.T.);
#2535=EDGE_CURVE('',#2057,#2058,#994,.T.);
#2536=EDGE_CURVE('',#2059,#2058,#995,.T.);
#2537=EDGE_CURVE('',#2045,#2059,#996,.T.);
#2538=EDGE_CURVE('',#2060,#2056,#66,.T.);
#2539=EDGE_CURVE('',#2058,#2060,#997,.T.);
#2540=EDGE_CURVE('',#2061,#2055,#46,.T.);
#2541=EDGE_CURVE('',#2062,#2061,#998,.T.);
#2542=EDGE_CURVE('',#2063,#2062,#67,.T.);
#2543=EDGE_CURVE('',#2060,#2063,#68,.T.);
#2544=EDGE_CURVE('',#2064,#2052,#999,.T.);
#2545=EDGE_CURVE('',#2064,#2065,#1000,.T.);
#2546=EDGE_CURVE('',#2065,#2053,#1001,.T.);
#2547=EDGE_CURVE('',#2054,#2066,#1002,.T.);
#2548=EDGE_CURVE('',#2066,#2061,#1003,.T.);
#2549=EDGE_CURVE('',#2049,#2053,#1004,.T.);
#2550=EDGE_CURVE('',#2048,#2054,#1005,.T.);
#2551=EDGE_CURVE('',#2047,#2067,#47,.T.);
#2552=EDGE_CURVE('',#2068,#2067,#1006,.T.);
#2553=EDGE_CURVE('',#2068,#2048,#1007,.T.);
#2554=EDGE_CURVE('',#2049,#2069,#1008,.T.);
#2555=EDGE_CURVE('',#2070,#2069,#1009,.T.);
#2556=EDGE_CURVE('',#2050,#2070,#1010,.T.);
#2557=EDGE_CURVE('',#2071,#2059,#1011,.T.);
#2558=EDGE_CURVE('',#2046,#2071,#69,.T.);
#2559=EDGE_CURVE('',#2072,#2063,#1012,.T.);
#2560=EDGE_CURVE('',#2072,#2073,#1013,.T.);
#2561=EDGE_CURVE('',#2074,#2073,#1014,.T.);
#2562=EDGE_CURVE('',#2074,#2071,#70,.T.);
#2563=EDGE_CURVE('',#2075,#2074,#71,.T.);
#2564=EDGE_CURVE('',#2067,#2075,#1015,.T.);
#2565=EDGE_CURVE('',#2076,#2077,#1016,.T.);
#2566=EDGE_CURVE('',#2069,#2076,#1017,.T.);
#2567=EDGE_CURVE('',#2078,#2065,#1018,.T.);
#2568=EDGE_CURVE('',#2079,#2078,#1019,.T.);
#2569=EDGE_CURVE('',#2077,#2079,#1020,.T.);
#2570=EDGE_CURVE('',#2073,#2080,#1021,.T.);
#2571=EDGE_CURVE('',#2081,#2072,#1022,.T.);
#2572=EDGE_CURVE('',#2066,#2081,#1023,.T.);
#2573=EDGE_CURVE('',#2080,#2068,#1024,.T.);
#2574=EDGE_CURVE('',#2077,#2082,#1025,.T.);
#2575=EDGE_CURVE('',#2083,#2082,#1026,.T.);
#2576=EDGE_CURVE('',#2076,#2083,#1027,.T.);
#2577=EDGE_CURVE('',#2084,#2079,#1028,.T.);
#2578=EDGE_CURVE('',#2082,#2084,#1029,.T.);
#2579=EDGE_CURVE('',#2083,#2085,#1030,.T.);
#2580=EDGE_CURVE('',#2085,#2078,#1031,.T.);
#2581=EDGE_CURVE('',#2086,#2064,#1032,.T.);
#2582=EDGE_CURVE('',#2086,#2087,#1033,.T.);
#2583=EDGE_CURVE('',#2087,#2088,#1034,.T.);
#2584=EDGE_CURVE('',#2088,#2089,#1035,.T.);
#2585=EDGE_CURVE('',#2070,#2089,#1036,.T.);
#2586=EDGE_CURVE('',#2075,#2080,#1037,.T.);
#2587=EDGE_CURVE('',#2081,#2062,#1038,.T.);
#2588=EDGE_CURVE('',#2085,#2084,#1039,.T.);
#2589=EDGE_CURVE('',#2090,#2091,#1040,.T.);
#2590=EDGE_CURVE('',#2090,#2092,#1041,.T.);
#2591=EDGE_CURVE('',#2093,#2092,#1042,.T.);
#2592=EDGE_CURVE('',#2094,#2093,#1043,.T.);
#2593=EDGE_CURVE('',#2095,#2094,#1044,.T.);
#2594=EDGE_CURVE('',#2096,#2095,#1045,.T.);
#2595=EDGE_CURVE('',#2097,#2096,#1046,.T.);
#2596=EDGE_CURVE('',#2091,#2097,#1047,.T.);
#2597=EDGE_CURVE('',#2098,#2098,#168,.T.);
#2598=EDGE_CURVE('',#2092,#2099,#1048,.T.);
#2599=EDGE_CURVE('',#2099,#2100,#1049,.T.);
#2600=EDGE_CURVE('',#2100,#2097,#1050,.T.);
#2601=EDGE_CURVE('',#2096,#2086,#1051,.T.);
#2602=EDGE_CURVE('',#2089,#2093,#1052,.T.);
#2603=EDGE_CURVE('',#2101,#2102,#1053,.T.);
#2604=EDGE_CURVE('',#2102,#2099,#1054,.T.);
#2605=EDGE_CURVE('',#2101,#2090,#1055,.T.);
#2606=EDGE_CURVE('',#2103,#2104,#1056,.T.);
#2607=EDGE_CURVE('',#2104,#2102,#1057,.T.);
#2608=EDGE_CURVE('',#2101,#2103,#1058,.T.);
#2609=EDGE_CURVE('',#2104,#2100,#1059,.T.);
#2610=EDGE_CURVE('',#2091,#2103,#1060,.T.);
#2611=EDGE_CURVE('',#2088,#2094,#1061,.T.);
#2612=EDGE_CURVE('',#2087,#2095,#1062,.T.);
#2613=EDGE_CURVE('',#2105,#2105,#169,.T.);
#2614=EDGE_CURVE('',#2105,#2106,#1063,.T.);
#2615=EDGE_CURVE('',#2106,#2106,#170,.T.);
#2616=EDGE_CURVE('',#2098,#2107,#1064,.T.);
#2617=EDGE_CURVE('',#2107,#2107,#171,.T.);
#2618=EDGE_CURVE('',#2108,#2109,#1065,.T.);
#2619=EDGE_CURVE('',#2108,#2110,#1066,.T.);
#2620=EDGE_CURVE('',#2111,#2110,#1067,.T.);
#2621=EDGE_CURVE('',#2109,#2111,#1068,.T.);
#2622=EDGE_CURVE('',#2112,#2108,#1069,.T.);
#2623=EDGE_CURVE('',#2113,#2112,#1070,.T.);
#2624=EDGE_CURVE('',#2110,#2113,#1071,.T.);
#2625=EDGE_CURVE('',#2109,#2114,#1072,.T.);
#2626=EDGE_CURVE('',#2115,#2114,#1073,.T.);
#2627=EDGE_CURVE('',#2116,#2115,#1074,.T.);
#2628=EDGE_CURVE('',#2112,#2116,#1075,.T.);
#2629=EDGE_CURVE('',#2111,#2117,#1076,.T.);
#2630=EDGE_CURVE('',#2118,#2117,#1077,.T.);
#2631=EDGE_CURVE('',#2114,#2118,#1078,.T.);
#2632=EDGE_CURVE('',#2115,#2119,#1079,.T.);
#2633=EDGE_CURVE('',#2119,#2120,#1080,.T.);
#2634=EDGE_CURVE('',#2121,#2120,#1081,.T.);
#2635=EDGE_CURVE('',#2121,#2116,#1082,.T.);
#2636=EDGE_CURVE('',#2118,#2119,#1083,.T.);
#2637=EDGE_CURVE('',#2117,#2120,#1084,.T.);
#2638=EDGE_CURVE('',#2121,#2113,#1085,.T.);
#2639=EDGE_CURVE('',#2122,#2123,#1086,.T.);
#2640=EDGE_CURVE('',#2123,#2124,#1087,.T.);
#2641=EDGE_CURVE('',#2125,#2124,#1088,.T.);
#2642=EDGE_CURVE('',#2125,#2126,#1089,.T.);
#2643=EDGE_CURVE('',#2126,#2122,#1090,.T.);
#2644=EDGE_CURVE('',#2127,#2128,#1091,.T.);
#2645=EDGE_CURVE('',#2128,#2123,#1092,.T.);
#2646=EDGE_CURVE('',#2122,#2127,#1093,.T.);
#2647=EDGE_CURVE('',#2128,#2129,#1094,.T.);
#2648=EDGE_CURVE('',#2129,#2124,#1095,.T.);
#2649=EDGE_CURVE('',#2130,#2127,#1096,.T.);
#2650=EDGE_CURVE('',#2131,#2130,#1097,.T.);
#2651=EDGE_CURVE('',#2131,#2129,#1098,.T.);
#2652=EDGE_CURVE('',#2125,#2131,#1099,.T.);
#2653=EDGE_CURVE('',#2130,#2126,#1100,.T.);
#2654=EDGE_CURVE('',#2132,#2133,#1101,.T.);
#2655=EDGE_CURVE('',#2134,#2132,#1102,.T.);
#2656=EDGE_CURVE('',#2135,#2134,#1103,.T.);
#2657=EDGE_CURVE('',#2135,#2133,#1104,.T.);
#2658=EDGE_CURVE('',#2136,#2137,#1105,.T.);
#2659=EDGE_CURVE('',#2133,#2136,#1106,.T.);
#2660=EDGE_CURVE('',#2137,#2135,#1107,.T.);
#2661=EDGE_CURVE('',#2137,#2138,#1108,.T.);
#2662=EDGE_CURVE('',#2138,#2139,#1109,.T.);
#2663=EDGE_CURVE('',#2139,#2136,#1110,.T.);
#2664=EDGE_CURVE('',#2134,#2140,#1111,.T.);
#2665=EDGE_CURVE('',#2141,#2140,#1112,.T.);
#2666=EDGE_CURVE('',#2138,#2141,#1113,.T.);
#2667=EDGE_CURVE('',#2132,#2142,#1114,.T.);
#2668=EDGE_CURVE('',#2142,#2143,#1115,.T.);
#2669=EDGE_CURVE('',#2143,#2140,#1116,.T.);
#2670=EDGE_CURVE('',#2144,#2145,#1117,.T.);
#2671=EDGE_CURVE('',#2145,#2143,#1118,.T.);
#2672=EDGE_CURVE('',#2142,#2144,#1119,.T.);
#2673=EDGE_CURVE('',#2145,#2141,#1120,.T.);
#2674=EDGE_CURVE('',#2139,#2144,#1121,.T.);
#2675=EDGE_CURVE('',#2146,#2147,#1122,.T.);
#2676=EDGE_CURVE('',#2147,#2148,#1123,.T.);
#2677=EDGE_CURVE('',#2148,#2149,#72,.T.);
#2678=EDGE_CURVE('',#2149,#2146,#1124,.T.);
#2679=EDGE_CURVE('',#2150,#2149,#1125,.T.);
#2680=EDGE_CURVE('',#2150,#2151,#1126,.T.);
#2681=EDGE_CURVE('',#2152,#2151,#1127,.T.);
#2682=EDGE_CURVE('',#2152,#2146,#1128,.T.);
#2683=EDGE_CURVE('',#2153,#2148,#48,.T.);
#2684=EDGE_CURVE('',#2154,#2153,#1129,.T.);
#2685=EDGE_CURVE('',#2154,#2150,#49,.T.);
#2686=EDGE_CURVE('',#2154,#2155,#1130,.T.);
#2687=EDGE_CURVE('',#2156,#2153,#1131,.T.);
#2688=EDGE_CURVE('',#2155,#2156,#1132,.T.);
#2689=EDGE_CURVE('',#2147,#2156,#1133,.T.);
#2690=EDGE_CURVE('',#2157,#2152,#1134,.T.);
#2691=EDGE_CURVE('',#2158,#2157,#1135,.T.);
#2692=EDGE_CURVE('',#2155,#2158,#1136,.T.);
#2693=EDGE_CURVE('',#2159,#2158,#1137,.T.);
#2694=EDGE_CURVE('',#2160,#2157,#1138,.T.);
#2695=EDGE_CURVE('',#2159,#2160,#1139,.T.);
#2696=EDGE_CURVE('',#2159,#2154,#50,.T.);
#2697=EDGE_CURVE('',#2151,#2160,#51,.T.);
#2698=EDGE_CURVE('',#2161,#2162,#1140,.T.);
#2699=EDGE_CURVE('',#2163,#2161,#1141,.T.);
#2700=EDGE_CURVE('',#2164,#2163,#73,.T.);
#2701=EDGE_CURVE('',#2162,#2164,#1142,.T.);
#2702=EDGE_CURVE('',#2165,#2161,#1143,.T.);
#2703=EDGE_CURVE('',#2165,#2166,#1144,.T.);
#2704=EDGE_CURVE('',#2167,#2166,#1145,.T.);
#2705=EDGE_CURVE('',#2167,#2163,#1146,.T.);
#2706=EDGE_CURVE('',#2168,#2167,#52,.T.);
#2707=EDGE_CURVE('',#2168,#2169,#1147,.T.);
#2708=EDGE_CURVE('',#2169,#2164,#53,.T.);
#2709=EDGE_CURVE('',#2168,#2170,#1148,.T.);
#2710=EDGE_CURVE('',#2170,#2171,#1149,.T.);
#2711=EDGE_CURVE('',#2171,#2169,#1150,.T.);
#2712=EDGE_CURVE('',#2162,#2171,#1151,.T.);
#2713=EDGE_CURVE('',#2170,#2172,#1152,.T.);
#2714=EDGE_CURVE('',#2172,#2173,#1153,.T.);
#2715=EDGE_CURVE('',#2173,#2165,#1154,.T.);
#2716=EDGE_CURVE('',#2174,#2172,#1155,.T.);
#2717=EDGE_CURVE('',#2174,#2175,#1156,.T.);
#2718=EDGE_CURVE('',#2175,#2173,#1157,.T.);
#2719=EDGE_CURVE('',#2174,#2168,#54,.T.);
#2720=EDGE_CURVE('',#2166,#2175,#55,.T.);
#2721=EDGE_CURVE('',#2176,#2177,#1158,.F.);
#2722=EDGE_CURVE('',#2176,#2178,#1159,.T.);
#2723=EDGE_CURVE('',#2179,#2178,#1160,.F.);
#2724=EDGE_CURVE('',#2177,#2179,#1161,.T.);
#2725=EDGE_CURVE('',#2180,#2178,#1162,.T.);
#2726=EDGE_CURVE('',#2176,#2181,#1163,.T.);
#2727=EDGE_CURVE('',#2180,#2181,#1164,.T.);
#2728=EDGE_CURVE('',#2181,#2182,#1165,.T.);
#2729=EDGE_CURVE('',#2177,#2182,#1166,.T.);
#2730=EDGE_CURVE('',#2183,#2179,#1167,.T.);
#2731=EDGE_CURVE('',#2182,#2183,#1168,.T.);
#2732=EDGE_CURVE('',#2183,#2180,#1169,.T.);
#2733=EDGE_CURVE('',#2184,#2185,#1170,.T.);
#2734=EDGE_CURVE('',#2186,#2185,#1171,.T.);
#2735=EDGE_CURVE('',#2187,#2186,#1172,.T.);
#2736=EDGE_CURVE('',#2184,#2187,#1173,.T.);
#2737=EDGE_CURVE('',#2188,#2189,#172,.F.);
#2738=EDGE_CURVE('',#2188,#2190,#1174,.T.);
#2739=EDGE_CURVE('',#2191,#2190,#173,.T.);
#2740=EDGE_CURVE('',#2189,#2191,#1175,.T.);
#2741=EDGE_CURVE('',#2192,#2193,#1176,.T.);
#2742=EDGE_CURVE('',#2192,#2189,#1177,.T.);
#2743=EDGE_CURVE('',#2193,#2191,#1178,.T.);
#2744=EDGE_CURVE('',#2194,#2195,#1179,.T.);
#2745=EDGE_CURVE('',#2196,#2194,#1180,.F.);
#2746=EDGE_CURVE('',#2196,#2197,#1181,.T.);
#2747=EDGE_CURVE('',#2197,#2195,#1182,.F.);
#2748=EDGE_CURVE('',#2198,#2196,#174,.T.);
#2749=EDGE_CURVE('',#2199,#2194,#175,.T.);
#2750=EDGE_CURVE('',#2198,#2199,#1183,.T.);
#2751=EDGE_CURVE('',#2188,#2198,#1184,.T.);
#2752=EDGE_CURVE('',#2190,#2199,#1185,.T.);
#2753=EDGE_CURVE('',#2200,#2200,#176,.T.);
#2754=EDGE_CURVE('',#2200,#2201,#1186,.T.);
#2755=EDGE_CURVE('',#2201,#2201,#177,.F.);
#2756=EDGE_CURVE('',#2185,#2193,#1187,.T.);
#2757=EDGE_CURVE('',#2184,#2192,#1188,.F.);
#2758=EDGE_CURVE('',#2202,#2187,#178,.F.);
#2759=EDGE_CURVE('',#2202,#2203,#1189,.T.);
#2760=EDGE_CURVE('',#2203,#2204,#179,.T.);
#2761=EDGE_CURVE('',#2204,#2205,#1190,.T.);
#2762=EDGE_CURVE('',#2205,#2197,#1191,.T.);
#2763=EDGE_CURVE('',#2206,#2186,#180,.T.);
#2764=EDGE_CURVE('',#2202,#2206,#1192,.T.);
#2765=EDGE_CURVE('',#2205,#2207,#1193,.F.);
#2766=EDGE_CURVE('',#2204,#2208,#1194,.T.);
#2767=EDGE_CURVE('',#2207,#2208,#1195,.T.);
#2768=EDGE_CURVE('',#2203,#2209,#1196,.T.);
#2769=EDGE_CURVE('',#2208,#2209,#181,.T.);
#2770=EDGE_CURVE('',#2209,#2206,#1197,.T.);
#2771=EDGE_CURVE('',#2210,#2195,#1198,.T.);
#2772=EDGE_CURVE('',#2211,#2210,#1199,.T.);
#2773=EDGE_CURVE('',#2212,#2211,#182,.T.);
#2774=EDGE_CURVE('',#2213,#2212,#1200,.T.);
#2775=EDGE_CURVE('',#2214,#2213,#183,.T.);
#2776=EDGE_CURVE('',#2215,#2214,#1201,.T.);
#2777=EDGE_CURVE('',#2216,#2215,#1202,.T.);
#2778=EDGE_CURVE('',#2217,#2216,#184,.T.);
#2779=EDGE_CURVE('',#2217,#2218,#1203,.T.);
#2780=EDGE_CURVE('',#2218,#2219,#1204,.T.);
#2781=EDGE_CURVE('',#2219,#2220,#185,.T.);
#2782=EDGE_CURVE('',#2220,#2221,#1205,.T.);
#2783=EDGE_CURVE('',#2221,#2222,#186,.T.);
#2784=EDGE_CURVE('',#2222,#2223,#1206,.T.);
#2785=EDGE_CURVE('',#2207,#2223,#1207,.T.);
#2786=EDGE_CURVE('',#2224,#2225,#1208,.T.);
#2787=EDGE_CURVE('',#2225,#2226,#1209,.T.);
#2788=EDGE_CURVE('',#2227,#2226,#1210,.T.);
#2789=EDGE_CURVE('',#2224,#2227,#1211,.T.);
#2790=EDGE_CURVE('',#2228,#2229,#1212,.T.);
#2791=EDGE_CURVE('',#2229,#2230,#1213,.T.);
#2792=EDGE_CURVE('',#2231,#2230,#1214,.T.);
#2793=EDGE_CURVE('',#2228,#2231,#1215,.T.);
#2794=EDGE_CURVE('',#2225,#2228,#1216,.T.);
#2795=EDGE_CURVE('',#2226,#2231,#1217,.T.);
#2796=EDGE_CURVE('',#2232,#2233,#1218,.T.);
#2797=EDGE_CURVE('',#2233,#2234,#1219,.T.);
#2798=EDGE_CURVE('',#2235,#2234,#1220,.T.);
#2799=EDGE_CURVE('',#2232,#2235,#1221,.T.);
#2800=EDGE_CURVE('',#2236,#2237,#187,.T.);
#2801=EDGE_CURVE('',#2237,#2214,#1222,.T.);
#2802=EDGE_CURVE('',#2236,#2213,#1223,.T.);
#2803=EDGE_CURVE('',#2238,#2237,#1224,.T.);
#2804=EDGE_CURVE('',#2238,#2215,#1225,.T.);
#2805=EDGE_CURVE('',#2239,#2240,#1226,.T.);
#2806=EDGE_CURVE('',#2240,#2241,#1227,.T.);
#2807=EDGE_CURVE('',#2241,#2216,#1228,.T.);
#2808=EDGE_CURVE('',#2238,#2239,#1229,.T.);
#2809=EDGE_CURVE('',#2242,#2243,#1230,.T.);
#2810=EDGE_CURVE('',#2244,#2243,#1231,.T.);
#2811=EDGE_CURVE('',#2245,#2244,#1232,.T.);
#2812=EDGE_CURVE('',#2245,#2211,#1233,.T.);
#2813=EDGE_CURVE('',#2210,#2242,#1234,.T.);
#2814=EDGE_CURVE('',#2246,#2245,#188,.T.);
#2815=EDGE_CURVE('',#2246,#2212,#1235,.T.);
#2816=EDGE_CURVE('',#2236,#2246,#1236,.T.);
#2817=EDGE_CURVE('',#2247,#2239,#1237,.T.);
#2818=EDGE_CURVE('',#2247,#2248,#1238,.T.);
#2819=EDGE_CURVE('',#2248,#2240,#1239,.T.);
#2820=EDGE_CURVE('',#2249,#2249,#189,.T.);
#2821=EDGE_CURVE('',#2250,#2250,#190,.T.);
#2822=EDGE_CURVE('',#2250,#2249,#1240,.T.);
#2823=EDGE_CURVE('',#2251,#2252,#1241,.T.);
#2824=EDGE_CURVE('',#2251,#2253,#1242,.T.);
#2825=EDGE_CURVE('',#2253,#2254,#1243,.T.);
#2826=EDGE_CURVE('',#2252,#2254,#1244,.T.);
#2827=EDGE_CURVE('',#2227,#2253,#1245,.T.);
#2828=EDGE_CURVE('',#2224,#2251,#1246,.T.);
#2829=EDGE_CURVE('',#2255,#2229,#1247,.T.);
#2830=EDGE_CURVE('',#2255,#2256,#1248,.T.);
#2831=EDGE_CURVE('',#2230,#2256,#1249,.T.);
#2832=EDGE_CURVE('',#2257,#2255,#1250,.T.);
#2833=EDGE_CURVE('',#2257,#2258,#1251,.T.);
#2834=EDGE_CURVE('',#2258,#2256,#1252,.T.);
#2835=EDGE_CURVE('',#2252,#2257,#1253,.T.);
#2836=EDGE_CURVE('',#2254,#2258,#1254,.T.);
#2837=EDGE_CURVE('',#2259,#2233,#1255,.T.);
#2838=EDGE_CURVE('',#2259,#2260,#1256,.T.);
#2839=EDGE_CURVE('',#2234,#2260,#1257,.T.);
#2840=EDGE_CURVE('',#2261,#2260,#1258,.T.);
#2841=EDGE_CURVE('',#2235,#2261,#1259,.T.);
#2842=EDGE_CURVE('',#2262,#2259,#1260,.T.);
#2843=EDGE_CURVE('',#2262,#2261,#1261,.T.);
#2844=EDGE_CURVE('',#2232,#2262,#1262,.T.);
#2845=EDGE_CURVE('',#2263,#2244,#1263,.T.);
#2846=EDGE_CURVE('',#2264,#2263,#1264,.T.);
#2847=EDGE_CURVE('',#2265,#2264,#191,.T.);
#2848=EDGE_CURVE('',#2266,#2265,#1265,.T.);
#2849=EDGE_CURVE('',#2266,#2267,#192,.T.);
#2850=EDGE_CURVE('',#2268,#2267,#1266,.T.);
#2851=EDGE_CURVE('',#2268,#2269,#1267,.T.);
#2852=EDGE_CURVE('',#2270,#2269,#1268,.T.);
#2853=EDGE_CURVE('',#2247,#2270,#1269,.T.);
#2854=EDGE_CURVE('',#2271,#2242,#1270,.T.);
#2855=EDGE_CURVE('',#2271,#2272,#1271,.T.);
#2856=EDGE_CURVE('',#2272,#2243,#1272,.T.);
#2857=EDGE_CURVE('',#2263,#2272,#1273,.T.);
#2858=EDGE_CURVE('',#2223,#2271,#1274,.T.);
#2859=EDGE_CURVE('',#2266,#2220,#1275,.T.);
#2860=EDGE_CURVE('',#2267,#2219,#1276,.T.);
#2861=EDGE_CURVE('',#2268,#2218,#1277,.T.);
#2862=EDGE_CURVE('',#2269,#2273,#1278,.T.);
#2863=EDGE_CURVE('',#2274,#2217,#1279,.T.);
#2864=EDGE_CURVE('',#2273,#2274,#1280,.T.);
#2865=EDGE_CURVE('',#2274,#2241,#193,.T.);
#2866=EDGE_CURVE('',#2264,#2222,#1281,.T.);
#2867=EDGE_CURVE('',#2265,#2221,#1282,.T.);
#2868=EDGE_CURVE('',#2270,#2275,#1283,.T.);
#2869=EDGE_CURVE('',#2275,#2248,#1284,.T.);
#2870=EDGE_CURVE('',#2275,#2273,#1285,.T.);
#2871=EDGE_CURVE('',#2276,#2277,#194,.T.);
#2872=EDGE_CURVE('',#2278,#2277,#1286,.T.);
#2873=EDGE_CURVE('',#2278,#2279,#195,.T.);
#2874=EDGE_CURVE('',#2276,#2279,#1287,.T.);
#2875=EDGE_CURVE('',#2277,#2276,#1288,.T.);
#2876=EDGE_CURVE('',#2279,#2278,#1289,.T.);
#2877=EDGE_CURVE('',#2280,#2281,#1290,.T.);
#2878=EDGE_CURVE('',#2280,#2282,#1291,.T.);
#2879=EDGE_CURVE('',#2283,#2282,#1292,.T.);
#2880=EDGE_CURVE('',#2281,#2283,#1293,.T.);
#2881=EDGE_CURVE('',#2281,#2284,#1294,.T.);
#2882=EDGE_CURVE('',#2285,#2283,#1295,.T.);
#2883=EDGE_CURVE('',#2284,#2285,#1296,.T.);
#2884=EDGE_CURVE('',#2284,#2286,#1297,.T.);
#2885=EDGE_CURVE('',#2287,#2285,#1298,.T.);
#2886=EDGE_CURVE('',#2286,#2287,#1299,.T.);
#2887=EDGE_CURVE('',#2288,#2286,#1300,.T.);
#2888=EDGE_CURVE('',#2289,#2287,#1301,.T.);
#2889=EDGE_CURVE('',#2288,#2289,#1302,.T.);
#2890=EDGE_CURVE('',#2288,#2280,#1303,.T.);
#2891=EDGE_CURVE('',#2282,#2289,#1304,.T.);
#2892=EDGE_CURVE('',#2290,#2291,#196,.T.);
#2893=EDGE_CURVE('',#2290,#2292,#1305,.T.);
#2894=EDGE_CURVE('',#2293,#2292,#197,.T.);
#2895=EDGE_CURVE('',#2293,#2291,#1306,.T.);
#2896=EDGE_CURVE('',#2291,#2290,#1307,.T.);
#2897=EDGE_CURVE('',#2292,#2293,#1308,.T.);
#2898=EDGE_CURVE('',#2294,#2295,#1309,.T.);
#2899=EDGE_CURVE('',#2295,#2296,#1310,.T.);
#2900=EDGE_CURVE('',#2296,#2297,#1311,.T.);
#2901=EDGE_CURVE('',#2294,#2297,#1312,.T.);
#2902=EDGE_CURVE('',#2295,#2298,#1313,.T.);
#2903=EDGE_CURVE('',#2298,#2299,#1314,.T.);
#2904=EDGE_CURVE('',#2299,#2296,#1315,.T.);
#2905=EDGE_CURVE('',#2298,#2300,#1316,.T.);
#2906=EDGE_CURVE('',#2300,#2301,#1317,.T.);
#2907=EDGE_CURVE('',#2301,#2299,#1318,.T.);
#2908=EDGE_CURVE('',#2302,#2300,#1319,.T.);
#2909=EDGE_CURVE('',#2302,#2303,#1320,.T.);
#2910=EDGE_CURVE('',#2303,#2301,#1321,.T.);
#2911=EDGE_CURVE('',#2302,#2294,#1322,.T.);
#2912=EDGE_CURVE('',#2297,#2303,#1323,.T.);
#2913=EDGE_CURVE('',#2304,#2304,#198,.T.);
#2914=EDGE_CURVE('',#2304,#2305,#1324,.T.);
#2915=EDGE_CURVE('',#2305,#2305,#199,.T.);
#2916=EDGE_CURVE('',#2306,#2306,#200,.T.);
#2917=EDGE_CURVE('',#2306,#2307,#1325,.T.);
#2918=EDGE_CURVE('',#2307,#2307,#201,.T.);
#2919=EDGE_CURVE('',#2308,#2308,#202,.T.);
#2920=EDGE_CURVE('',#2308,#2309,#74,.T.);
#2921=EDGE_CURVE('',#2309,#2309,#203,.T.);
#2922=EDGE_CURVE('',#2310,#2311,#1326,.T.);
#2923=EDGE_CURVE('',#2311,#2312,#1327,.T.);
#2924=EDGE_CURVE('',#2312,#2313,#1328,.T.);
#2925=EDGE_CURVE('',#2310,#2313,#1329,.T.);
#2926=EDGE_CURVE('',#2314,#2310,#1330,.T.);
#2927=EDGE_CURVE('',#2313,#2315,#1331,.T.);
#2928=EDGE_CURVE('',#2314,#2315,#1332,.T.);
#2929=EDGE_CURVE('',#2316,#2314,#204,.T.);
#2930=EDGE_CURVE('',#2315,#2317,#205,.T.);
#2931=EDGE_CURVE('',#2316,#2317,#1333,.T.);
#2932=EDGE_CURVE('',#2311,#2318,#206,.T.);
#2933=EDGE_CURVE('',#2318,#2319,#1334,.T.);
#2934=EDGE_CURVE('',#2319,#2312,#207,.T.);
#2935=EDGE_CURVE('',#2318,#2320,#1335,.T.);
#2936=EDGE_CURVE('',#2320,#2321,#1336,.T.);
#2937=EDGE_CURVE('',#2321,#2319,#1337,.T.);
#2938=EDGE_CURVE('',#2320,#2316,#1338,.T.);
#2939=EDGE_CURVE('',#2317,#2321,#1339,.T.);
#2940=EDGE_CURVE('',#2322,#2322,#208,.T.);
#2941=EDGE_CURVE('',#2323,#2324,#1340,.T.);
#2942=EDGE_CURVE('',#2325,#2324,#1341,.T.);
#2943=EDGE_CURVE('',#2326,#2325,#1342,.T.);
#2944=EDGE_CURVE('',#2323,#2326,#1343,.T.);
#2945=EDGE_CURVE('',#2327,#2323,#209,.T.);
#2946=EDGE_CURVE('',#2328,#2326,#210,.T.);
#2947=EDGE_CURVE('',#2327,#2328,#1344,.T.);
#2948=EDGE_CURVE('',#2329,#2327,#1345,.T.);
#2949=EDGE_CURVE('',#2330,#2328,#1346,.T.);
#2950=EDGE_CURVE('',#2329,#2330,#1347,.T.);
#2951=EDGE_CURVE('',#2330,#2325,#211,.T.);
#2952=EDGE_CURVE('',#2324,#2329,#212,.T.);
#2953=EDGE_CURVE('',#2331,#2332,#1348,.T.);
#2954=EDGE_CURVE('',#2333,#2332,#1349,.T.);
#2955=EDGE_CURVE('',#2334,#2333,#1350,.T.);
#2956=EDGE_CURVE('',#2331,#2334,#1351,.T.);
#2957=EDGE_CURVE('',#2335,#2331,#213,.T.);
#2958=EDGE_CURVE('',#2336,#2334,#214,.T.);
#2959=EDGE_CURVE('',#2335,#2336,#1352,.T.);
#2960=EDGE_CURVE('',#2337,#2335,#1353,.T.);
#2961=EDGE_CURVE('',#2338,#2336,#1354,.T.);
#2962=EDGE_CURVE('',#2337,#2338,#1355,.T.);
#2963=EDGE_CURVE('',#2338,#2333,#215,.T.);
#2964=EDGE_CURVE('',#2332,#2337,#216,.T.);
#2965=EDGE_CURVE('',#2339,#2340,#1356,.T.);
#2966=EDGE_CURVE('',#2341,#2339,#1357,.T.);
#2967=EDGE_CURVE('',#2342,#2341,#1358,.T.);
#2968=EDGE_CURVE('',#2340,#2342,#1359,.T.);
#2969=EDGE_CURVE('',#2343,#2340,#217,.T.);
#2970=EDGE_CURVE('',#2344,#2342,#218,.T.);
#2971=EDGE_CURVE('',#2343,#2344,#1360,.T.);
#2972=EDGE_CURVE('',#2343,#2345,#1361,.T.);
#2973=EDGE_CURVE('',#2346,#2344,#1362,.T.);
#2974=EDGE_CURVE('',#2345,#2346,#1363,.T.);
#2975=EDGE_CURVE('',#2346,#2341,#219,.T.);
#2976=EDGE_CURVE('',#2339,#2345,#220,.T.);
#2977=EDGE_CURVE('',#2347,#2348,#1364,.T.);
#2978=EDGE_CURVE('',#2349,#2347,#1365,.T.);
#2979=EDGE_CURVE('',#2350,#2349,#1366,.T.);
#2980=EDGE_CURVE('',#2348,#2350,#1367,.T.);
#2981=EDGE_CURVE('',#2351,#2348,#221,.T.);
#2982=EDGE_CURVE('',#2352,#2350,#222,.T.);
#2983=EDGE_CURVE('',#2351,#2352,#1368,.T.);
#2984=EDGE_CURVE('',#2351,#2353,#1369,.T.);
#2985=EDGE_CURVE('',#2354,#2352,#1370,.T.);
#2986=EDGE_CURVE('',#2353,#2354,#1371,.T.);
#2987=EDGE_CURVE('',#2354,#2349,#223,.T.);
#2988=EDGE_CURVE('',#2347,#2353,#224,.T.);
#2989=EDGE_CURVE('',#2355,#2356,#225,.T.);
#2990=EDGE_CURVE('',#2356,#2357,#226,.T.);
#2991=EDGE_CURVE('',#2357,#2358,#227,.T.);
#2992=EDGE_CURVE('',#2358,#2359,#228,.T.);
#2993=EDGE_CURVE('',#2359,#2355,#229,.T.);
#2994=EDGE_CURVE('',#2355,#2360,#75,.T.);
#2995=EDGE_CURVE('',#2356,#2360,#230,.T.);
#2996=EDGE_CURVE('',#2360,#2357,#231,.T.);
#2997=EDGE_CURVE('',#2360,#2358,#76,.T.);
#2998=EDGE_CURVE('',#2361,#2356,#232,.T.);
#2999=EDGE_CURVE('',#2357,#2361,#233,.T.);
#3000=EDGE_CURVE('',#2322,#2359,#1372,.T.);
#3001=EDGE_CURVE('',#2361,#2362,#1373,.T.);
#3002=EDGE_CURVE('',#2363,#2362,#234,.T.);
#3003=EDGE_CURVE('',#2364,#2363,#235,.T.);
#3004=EDGE_CURVE('',#2362,#2364,#236,.T.);
#3005=EDGE_CURVE('',#2363,#2365,#237,.T.);
#3006=EDGE_CURVE('',#2365,#2364,#238,.T.);
#3007=EDGE_CURVE('',#2366,#2366,#239,.T.);
#3008=EDGE_CURVE('',#2367,#2367,#240,.T.);
#3009=EDGE_CURVE('',#2367,#2366,#1374,.T.);
#3010=EDGE_CURVE('',#2368,#2368,#241,.T.);
#3011=EDGE_CURVE('',#2368,#2365,#1375,.T.);
#3012=EDGE_CURVE('',#2364,#2363,#242,.T.);
#3013=EDGE_CURVE('',#2369,#2370,#243,.T.);
#3014=EDGE_CURVE('',#2370,#2371,#1376,.T.);
#3015=EDGE_CURVE('',#2371,#2372,#244,.T.);
#3016=EDGE_CURVE('',#2372,#2369,#1377,.T.);
#3017=EDGE_CURVE('',#2373,#2371,#1378,.T.);
#3018=EDGE_CURVE('',#2374,#2373,#245,.T.);
#3019=EDGE_CURVE('',#2375,#2374,#1379,.T.);
#3020=EDGE_CURVE('',#2375,#2376,#1380,.T.);
#3021=EDGE_CURVE('',#2376,#2372,#1381,.T.);
#3022=EDGE_CURVE('',#2370,#2377,#1382,.T.);
#3023=EDGE_CURVE('',#2373,#2377,#1383,.T.);
#3024=EDGE_CURVE('',#2377,#2378,#246,.T.);
#3025=EDGE_CURVE('',#2378,#2374,#1384,.T.);
#3026=EDGE_CURVE('',#2376,#2379,#1385,.T.);
#3027=EDGE_CURVE('',#2379,#2369,#1386,.T.);
#3028=EDGE_CURVE('',#2380,#2378,#1387,.T.);
#3029=EDGE_CURVE('',#2380,#2375,#1388,.T.);
#3030=EDGE_CURVE('',#2379,#2380,#1389,.T.);
#3031=EDGE_CURVE('',#2381,#2382,#247,.T.);
#3032=EDGE_CURVE('',#2382,#2383,#1390,.T.);
#3033=EDGE_CURVE('',#2383,#2384,#248,.T.);
#3034=EDGE_CURVE('',#2384,#2381,#1391,.T.);
#3035=EDGE_CURVE('',#2385,#2383,#1392,.T.);
#3036=EDGE_CURVE('',#2386,#2385,#249,.T.);
#3037=EDGE_CURVE('',#2387,#2386,#1393,.T.);
#3038=EDGE_CURVE('',#2387,#2388,#1394,.T.);
#3039=EDGE_CURVE('',#2388,#2384,#1395,.T.);
#3040=EDGE_CURVE('',#2382,#2389,#1396,.T.);
#3041=EDGE_CURVE('',#2385,#2389,#1397,.T.);
#3042=EDGE_CURVE('',#2389,#2390,#250,.T.);
#3043=EDGE_CURVE('',#2390,#2386,#1398,.T.);
#3044=EDGE_CURVE('',#2391,#2391,#251,.T.);
#3045=EDGE_CURVE('',#2391,#2392,#1399,.T.);
#3046=EDGE_CURVE('',#2392,#2392,#252,.T.);
#3047=EDGE_CURVE('',#2393,#2381,#1400,.T.);
#3048=EDGE_CURVE('',#2394,#2393,#1401,.T.);
#3049=EDGE_CURVE('',#2394,#2390,#1402,.T.);
#3050=EDGE_CURVE('',#2393,#2388,#1403,.T.);
#3051=EDGE_CURVE('',#2394,#2387,#1404,.T.);
#3052=EDGE_CURVE('',#2395,#2396,#1405,.T.);
#3053=EDGE_CURVE('',#2396,#2397,#1406,.T.);
#3054=EDGE_CURVE('',#2398,#2397,#1407,.T.);
#3055=EDGE_CURVE('',#2395,#2398,#1408,.T.);
#3056=EDGE_CURVE('',#2399,#2395,#253,.T.);
#3057=EDGE_CURVE('',#2400,#2398,#254,.T.);
#3058=EDGE_CURVE('',#2399,#2400,#1409,.T.);
#3059=EDGE_CURVE('',#2401,#2399,#1410,.T.);
#3060=EDGE_CURVE('',#2402,#2400,#1411,.T.);
#3061=EDGE_CURVE('',#2401,#2402,#1412,.T.);
#3062=EDGE_CURVE('',#2396,#2401,#255,.T.);
#3063=EDGE_CURVE('',#2397,#2402,#256,.T.);
#3064=EDGE_CURVE('',#2403,#2404,#1413,.T.);
#3065=EDGE_CURVE('',#2404,#2405,#1414,.T.);
#3066=EDGE_CURVE('',#2406,#2405,#1415,.T.);
#3067=EDGE_CURVE('',#2403,#2406,#1416,.T.);
#3068=EDGE_CURVE('',#2407,#2403,#257,.T.);
#3069=EDGE_CURVE('',#2408,#2406,#258,.T.);
#3070=EDGE_CURVE('',#2407,#2408,#1417,.T.);
#3071=EDGE_CURVE('',#2409,#2407,#1418,.T.);
#3072=EDGE_CURVE('',#2410,#2408,#1419,.T.);
#3073=EDGE_CURVE('',#2409,#2410,#1420,.T.);
#3074=EDGE_CURVE('',#2404,#2409,#259,.T.);
#3075=EDGE_CURVE('',#2405,#2410,#260,.T.);
#3076=EDGE_CURVE('',#2411,#2412,#261,.T.);
#3077=EDGE_CURVE('',#2412,#2413,#1421,.T.);
#3078=EDGE_CURVE('',#2413,#2414,#262,.T.);
#3079=EDGE_CURVE('',#2414,#2411,#1422,.T.);
#3080=EDGE_CURVE('',#2415,#2413,#1423,.T.);
#3081=EDGE_CURVE('',#2416,#2415,#263,.T.);
#3082=EDGE_CURVE('',#2417,#2416,#1424,.T.);
#3083=EDGE_CURVE('',#2418,#2417,#1425,.T.);
#3084=EDGE_CURVE('',#2418,#2414,#1426,.T.);
#3085=EDGE_CURVE('',#2412,#2419,#1427,.T.);
#3086=EDGE_CURVE('',#2415,#2419,#1428,.T.);
#3087=EDGE_CURVE('',#2419,#2420,#264,.T.);
#3088=EDGE_CURVE('',#2420,#2416,#1429,.T.);
#3089=EDGE_CURVE('',#2421,#2420,#1430,.T.);
#3090=EDGE_CURVE('',#2417,#2421,#1431,.T.);
#3091=EDGE_CURVE('',#2422,#2411,#1432,.T.);
#3092=EDGE_CURVE('',#2421,#2422,#1433,.T.);
#3093=EDGE_CURVE('',#2422,#2418,#1434,.T.);
#3094=EDGE_CURVE('',#2423,#2424,#1435,.T.);
#3095=EDGE_CURVE('',#2425,#2424,#1436,.T.);
#3096=EDGE_CURVE('',#2425,#2426,#1437,.T.);
#3097=EDGE_CURVE('',#2423,#2426,#1438,.T.);
#3098=EDGE_CURVE('',#2427,#2428,#1439,.T.);
#3099=EDGE_CURVE('',#2429,#2428,#1440,.T.);
#3100=EDGE_CURVE('',#2429,#2430,#1441,.T.);
#3101=EDGE_CURVE('',#2427,#2430,#1442,.T.);
#3102=EDGE_CURVE('',#2428,#2423,#1443,.T.);
#3103=EDGE_CURVE('',#2426,#2429,#1444,.T.);
#3104=EDGE_CURVE('',#2430,#2425,#1445,.T.);
#3105=EDGE_CURVE('',#2427,#2424,#1446,.T.);
#3106=EDGE_CURVE('',#2431,#2432,#1447,.T.);
#3107=EDGE_CURVE('',#2431,#2433,#1448,.T.);
#3108=EDGE_CURVE('',#2434,#2433,#1449,.T.);
#3109=EDGE_CURVE('',#2432,#2434,#1450,.T.);
#3110=EDGE_CURVE('',#2432,#2435,#1451,.T.);
#3111=EDGE_CURVE('',#2436,#2434,#1452,.T.);
#3112=EDGE_CURVE('',#2435,#2436,#1453,.T.);
#3113=EDGE_CURVE('',#2435,#2437,#265,.T.);
#3114=EDGE_CURVE('',#2438,#2436,#266,.T.);
#3115=EDGE_CURVE('',#2437,#2438,#1454,.T.);
#3116=EDGE_CURVE('',#2437,#2439,#1455,.T.);
#3117=EDGE_CURVE('',#2440,#2438,#1456,.T.);
#3118=EDGE_CURVE('',#2439,#2440,#1457,.T.);
#3119=EDGE_CURVE('',#2439,#2441,#1458,.T.);
#3120=EDGE_CURVE('',#2442,#2440,#1459,.T.);
#3121=EDGE_CURVE('',#2441,#2442,#1460,.T.);
#3122=EDGE_CURVE('',#2441,#2431,#267,.T.);
#3123=EDGE_CURVE('',#2433,#2442,#268,.T.);
#3124=EDGE_CURVE('',#2443,#2443,#269,.T.);
#3125=EDGE_CURVE('',#2443,#2444,#1461,.T.);
#3126=EDGE_CURVE('',#2444,#2444,#270,.T.);
#3127=ORIENTED_EDGE('',*,*,#2445,.T.);
#3128=ORIENTED_EDGE('',*,*,#2446,.T.);
#3129=ORIENTED_EDGE('',*,*,#2447,.F.);
#3130=ORIENTED_EDGE('',*,*,#2448,.F.);
#3131=ORIENTED_EDGE('',*,*,#2449,.T.);
#3132=ORIENTED_EDGE('',*,*,#2448,.T.);
#3133=ORIENTED_EDGE('',*,*,#2450,.F.);
#3134=ORIENTED_EDGE('',*,*,#2451,.F.);
#3135=ORIENTED_EDGE('',*,*,#2452,.T.);
#3136=ORIENTED_EDGE('',*,*,#2451,.T.);
#3137=ORIENTED_EDGE('',*,*,#2453,.F.);
#3138=ORIENTED_EDGE('',*,*,#2454,.T.);
#3139=ORIENTED_EDGE('',*,*,#2455,.T.);
#3140=ORIENTED_EDGE('',*,*,#2454,.F.);
#3141=ORIENTED_EDGE('',*,*,#2456,.F.);
#3142=ORIENTED_EDGE('',*,*,#2446,.F.);
#3143=ORIENTED_EDGE('',*,*,#2456,.T.);
#3144=ORIENTED_EDGE('',*,*,#2453,.T.);
#3145=ORIENTED_EDGE('',*,*,#2450,.T.);
#3146=ORIENTED_EDGE('',*,*,#2447,.T.);
#3147=ORIENTED_EDGE('',*,*,#2455,.F.);
#3148=ORIENTED_EDGE('',*,*,#2445,.F.);
#3149=ORIENTED_EDGE('',*,*,#2449,.F.);
#3150=ORIENTED_EDGE('',*,*,#2452,.F.);
#3151=ORIENTED_EDGE('',*,*,#2457,.T.);
#3152=ORIENTED_EDGE('',*,*,#2458,.T.);
#3153=ORIENTED_EDGE('',*,*,#2459,.T.);
#3154=ORIENTED_EDGE('',*,*,#2460,.F.);
#3155=ORIENTED_EDGE('',*,*,#2461,.T.);
#3156=ORIENTED_EDGE('',*,*,#2460,.T.);
#3157=ORIENTED_EDGE('',*,*,#2462,.T.);
#3158=ORIENTED_EDGE('',*,*,#2463,.T.);
#3159=ORIENTED_EDGE('',*,*,#2464,.T.);
#3160=ORIENTED_EDGE('',*,*,#2463,.F.);
#3161=ORIENTED_EDGE('',*,*,#2465,.T.);
#3162=ORIENTED_EDGE('',*,*,#2466,.T.);
#3163=ORIENTED_EDGE('',*,*,#2467,.T.);
#3164=ORIENTED_EDGE('',*,*,#2468,.T.);
#3165=ORIENTED_EDGE('',*,*,#2467,.F.);
#3166=ORIENTED_EDGE('',*,*,#2469,.T.);
#3167=ORIENTED_EDGE('',*,*,#2458,.F.);
#3168=ORIENTED_EDGE('',*,*,#2469,.F.);
#3169=ORIENTED_EDGE('',*,*,#2466,.F.);
#3170=ORIENTED_EDGE('',*,*,#2465,.F.);
#3171=ORIENTED_EDGE('',*,*,#2462,.F.);
#3172=ORIENTED_EDGE('',*,*,#2459,.F.);
#3173=ORIENTED_EDGE('',*,*,#2468,.F.);
#3174=ORIENTED_EDGE('',*,*,#2457,.F.);
#3175=ORIENTED_EDGE('',*,*,#2461,.F.);
#3176=ORIENTED_EDGE('',*,*,#2464,.F.);
#3177=ORIENTED_EDGE('',*,*,#2470,.T.);
#3178=ORIENTED_EDGE('',*,*,#2471,.T.);
#3179=ORIENTED_EDGE('',*,*,#2472,.T.);
#3180=ORIENTED_EDGE('',*,*,#2473,.T.);
#3181=ORIENTED_EDGE('',*,*,#2474,.T.);
#3182=ORIENTED_EDGE('',*,*,#2473,.F.);
#3183=ORIENTED_EDGE('',*,*,#2475,.T.);
#3184=ORIENTED_EDGE('',*,*,#2476,.T.);
#3185=ORIENTED_EDGE('',*,*,#2477,.T.);
#3186=ORIENTED_EDGE('',*,*,#2478,.T.);
#3187=ORIENTED_EDGE('',*,*,#2479,.T.);
#3188=ORIENTED_EDGE('',*,*,#2480,.T.);
#3189=ORIENTED_EDGE('',*,*,#2471,.F.);
#3190=ORIENTED_EDGE('',*,*,#2481,.T.);
#3191=ORIENTED_EDGE('',*,*,#2476,.F.);
#3192=ORIENTED_EDGE('',*,*,#2482,.T.);
#3193=ORIENTED_EDGE('',*,*,#2478,.F.);
#3194=ORIENTED_EDGE('',*,*,#2482,.F.);
#3195=ORIENTED_EDGE('',*,*,#2475,.F.);
#3196=ORIENTED_EDGE('',*,*,#2472,.F.);
#3197=ORIENTED_EDGE('',*,*,#2480,.F.);
#3198=ORIENTED_EDGE('',*,*,#2479,.F.);
#3199=ORIENTED_EDGE('',*,*,#2481,.F.);
#3200=ORIENTED_EDGE('',*,*,#2477,.F.);
#3201=ORIENTED_EDGE('',*,*,#2470,.F.);
#3202=ORIENTED_EDGE('',*,*,#2474,.F.);
#3203=ORIENTED_EDGE('',*,*,#2483,.F.);
#3204=ORIENTED_EDGE('',*,*,#2484,.T.);
#3205=ORIENTED_EDGE('',*,*,#2485,.T.);
#3206=ORIENTED_EDGE('',*,*,#2484,.F.);
#3207=ORIENTED_EDGE('',*,*,#2486,.F.);
#3208=ORIENTED_EDGE('',*,*,#2487,.T.);
#3209=ORIENTED_EDGE('',*,*,#2488,.T.);
#3210=ORIENTED_EDGE('',*,*,#2487,.F.);
#3211=ORIENTED_EDGE('',*,*,#2486,.T.);
#3212=ORIENTED_EDGE('',*,*,#2483,.T.);
#3213=ORIENTED_EDGE('',*,*,#2488,.F.);
#3214=ORIENTED_EDGE('',*,*,#2485,.F.);
#3215=ORIENTED_EDGE('',*,*,#2489,.F.);
#3216=ORIENTED_EDGE('',*,*,#2490,.T.);
#3217=ORIENTED_EDGE('',*,*,#2491,.T.);
#3218=ORIENTED_EDGE('',*,*,#2492,.F.);
#3219=ORIENTED_EDGE('',*,*,#2493,.F.);
#3220=ORIENTED_EDGE('',*,*,#2494,.F.);
#3221=ORIENTED_EDGE('',*,*,#2495,.F.);
#3222=ORIENTED_EDGE('',*,*,#2492,.T.);
#3223=ORIENTED_EDGE('',*,*,#2496,.T.);
#3224=ORIENTED_EDGE('',*,*,#2497,.F.);
#3225=ORIENTED_EDGE('',*,*,#2498,.F.);
#3226=ORIENTED_EDGE('',*,*,#2499,.T.);
#3227=ORIENTED_EDGE('',*,*,#2500,.T.);
#3228=ORIENTED_EDGE('',*,*,#2490,.F.);
#3229=ORIENTED_EDGE('',*,*,#2501,.F.);
#3230=ORIENTED_EDGE('',*,*,#2502,.F.);
#3231=ORIENTED_EDGE('',*,*,#2503,.F.);
#3232=ORIENTED_EDGE('',*,*,#2497,.T.);
#3233=ORIENTED_EDGE('',*,*,#2504,.T.);
#3234=ORIENTED_EDGE('',*,*,#2499,.F.);
#3235=ORIENTED_EDGE('',*,*,#2491,.F.);
#3236=ORIENTED_EDGE('',*,*,#2500,.F.);
#3237=ORIENTED_EDGE('',*,*,#2504,.F.);
#3238=ORIENTED_EDGE('',*,*,#2496,.F.);
#3239=ORIENTED_EDGE('',*,*,#2505,.F.);
#3240=ORIENTED_EDGE('',*,*,#2506,.T.);
#3241=ORIENTED_EDGE('',*,*,#2507,.T.);
#3242=ORIENTED_EDGE('',*,*,#2508,.F.);
#3243=ORIENTED_EDGE('',*,*,#2509,.F.);
#3244=ORIENTED_EDGE('',*,*,#2510,.T.);
#3245=ORIENTED_EDGE('',*,*,#2511,.T.);
#3246=ORIENTED_EDGE('',*,*,#2506,.F.);
#3247=ORIENTED_EDGE('',*,*,#2512,.F.);
#3248=ORIENTED_EDGE('',*,*,#2513,.T.);
#3249=ORIENTED_EDGE('',*,*,#2514,.T.);
#3250=ORIENTED_EDGE('',*,*,#2510,.F.);
#3251=ORIENTED_EDGE('',*,*,#2514,.F.);
#3252=ORIENTED_EDGE('',*,*,#2515,.F.);
#3253=ORIENTED_EDGE('',*,*,#2507,.F.);
#3254=ORIENTED_EDGE('',*,*,#2511,.F.);
#3255=ORIENTED_EDGE('',*,*,#2493,.T.);
#3256=ORIENTED_EDGE('',*,*,#2495,.T.);
#3257=ORIENTED_EDGE('',*,*,#2503,.T.);
#3258=ORIENTED_EDGE('',*,*,#2516,.T.);
#3259=ORIENTED_EDGE('',*,*,#2517,.T.);
#3260=ORIENTED_EDGE('',*,*,#2518,.T.);
#3261=ORIENTED_EDGE('',*,*,#2519,.T.);
#3262=ORIENTED_EDGE('',*,*,#2520,.T.);
#3263=ORIENTED_EDGE('',*,*,#2521,.T.);
#3264=ORIENTED_EDGE('',*,*,#2522,.T.);
#3265=ORIENTED_EDGE('',*,*,#2523,.T.);
#3266=ORIENTED_EDGE('',*,*,#2512,.T.);
#3267=ORIENTED_EDGE('',*,*,#2524,.T.);
#3268=ORIENTED_EDGE('',*,*,#2502,.T.);
#3269=ORIENTED_EDGE('',*,*,#2525,.F.);
#3270=ORIENTED_EDGE('',*,*,#2526,.T.);
#3271=ORIENTED_EDGE('',*,*,#2516,.F.);
#3272=ORIENTED_EDGE('',*,*,#2494,.T.);
#3273=ORIENTED_EDGE('',*,*,#2524,.F.);
#3274=ORIENTED_EDGE('',*,*,#2509,.T.);
#3275=ORIENTED_EDGE('',*,*,#2527,.F.);
#3276=ORIENTED_EDGE('',*,*,#2489,.T.);
#3277=ORIENTED_EDGE('',*,*,#2527,.T.);
#3278=ORIENTED_EDGE('',*,*,#2505,.T.);
#3279=ORIENTED_EDGE('',*,*,#2528,.T.);
#3280=ORIENTED_EDGE('',*,*,#2529,.T.);
#3281=ORIENTED_EDGE('',*,*,#2530,.T.);
#3282=ORIENTED_EDGE('',*,*,#2531,.T.);
#3283=ORIENTED_EDGE('',*,*,#2532,.T.);
#3284=ORIENTED_EDGE('',*,*,#2533,.T.);
#3285=ORIENTED_EDGE('',*,*,#2534,.T.);
#3286=ORIENTED_EDGE('',*,*,#2525,.T.);
#3287=ORIENTED_EDGE('',*,*,#2501,.T.);
#3288=ORIENTED_EDGE('',*,*,#2498,.T.);
#3289=ORIENTED_EDGE('',*,*,#2534,.F.);
#3290=ORIENTED_EDGE('',*,*,#2535,.T.);
#3291=ORIENTED_EDGE('',*,*,#2536,.F.);
#3292=ORIENTED_EDGE('',*,*,#2537,.F.);
#3293=ORIENTED_EDGE('',*,*,#2517,.F.);
#3294=ORIENTED_EDGE('',*,*,#2526,.F.);
#3295=ORIENTED_EDGE('',*,*,#2533,.F.);
#3296=ORIENTED_EDGE('',*,*,#2538,.F.);
#3297=ORIENTED_EDGE('',*,*,#2539,.F.);
#3298=ORIENTED_EDGE('',*,*,#2535,.F.);
#3299=ORIENTED_EDGE('',*,*,#2532,.F.);
#3300=ORIENTED_EDGE('',*,*,#2540,.F.);
#3301=ORIENTED_EDGE('',*,*,#2541,.F.);
#3302=ORIENTED_EDGE('',*,*,#2542,.F.);
#3303=ORIENTED_EDGE('',*,*,#2543,.F.);
#3304=ORIENTED_EDGE('',*,*,#2538,.T.);
#3305=ORIENTED_EDGE('',*,*,#2529,.F.);
#3306=ORIENTED_EDGE('',*,*,#2544,.F.);
#3307=ORIENTED_EDGE('',*,*,#2545,.T.);
#3308=ORIENTED_EDGE('',*,*,#2546,.T.);
#3309=ORIENTED_EDGE('',*,*,#2531,.F.);
#3310=ORIENTED_EDGE('',*,*,#2547,.T.);
#3311=ORIENTED_EDGE('',*,*,#2548,.T.);
#3312=ORIENTED_EDGE('',*,*,#2540,.T.);
#3313=ORIENTED_EDGE('',*,*,#2530,.F.);
#3314=ORIENTED_EDGE('',*,*,#2549,.F.);
#3315=ORIENTED_EDGE('',*,*,#2521,.F.);
#3316=ORIENTED_EDGE('',*,*,#2550,.T.);
#3317=ORIENTED_EDGE('',*,*,#2520,.F.);
#3318=ORIENTED_EDGE('',*,*,#2551,.T.);
#3319=ORIENTED_EDGE('',*,*,#2552,.F.);
#3320=ORIENTED_EDGE('',*,*,#2553,.T.);
#3321=ORIENTED_EDGE('',*,*,#2522,.F.);
#3322=ORIENTED_EDGE('',*,*,#2554,.T.);
#3323=ORIENTED_EDGE('',*,*,#2555,.F.);
#3324=ORIENTED_EDGE('',*,*,#2556,.F.);
#3325=ORIENTED_EDGE('',*,*,#2518,.F.);
#3326=ORIENTED_EDGE('',*,*,#2537,.T.);
#3327=ORIENTED_EDGE('',*,*,#2557,.F.);
#3328=ORIENTED_EDGE('',*,*,#2558,.F.);
#3329=ORIENTED_EDGE('',*,*,#2557,.T.);
#3330=ORIENTED_EDGE('',*,*,#2536,.T.);
#3331=ORIENTED_EDGE('',*,*,#2539,.T.);
#3332=ORIENTED_EDGE('',*,*,#2543,.T.);
#3333=ORIENTED_EDGE('',*,*,#2559,.F.);
#3334=ORIENTED_EDGE('',*,*,#2560,.T.);
#3335=ORIENTED_EDGE('',*,*,#2561,.F.);
#3336=ORIENTED_EDGE('',*,*,#2562,.T.);
#3337=ORIENTED_EDGE('',*,*,#2519,.F.);
#3338=ORIENTED_EDGE('',*,*,#2558,.T.);
#3339=ORIENTED_EDGE('',*,*,#2562,.F.);
#3340=ORIENTED_EDGE('',*,*,#2563,.F.);
#3341=ORIENTED_EDGE('',*,*,#2564,.F.);
#3342=ORIENTED_EDGE('',*,*,#2551,.F.);
#3343=ORIENTED_EDGE('',*,*,#2565,.F.);
#3344=ORIENTED_EDGE('',*,*,#2566,.F.);
#3345=ORIENTED_EDGE('',*,*,#2554,.F.);
#3346=ORIENTED_EDGE('',*,*,#2549,.T.);
#3347=ORIENTED_EDGE('',*,*,#2546,.F.);
#3348=ORIENTED_EDGE('',*,*,#2567,.F.);
#3349=ORIENTED_EDGE('',*,*,#2568,.F.);
#3350=ORIENTED_EDGE('',*,*,#2569,.F.);
#3351=ORIENTED_EDGE('',*,*,#2570,.F.);
#3352=ORIENTED_EDGE('',*,*,#2560,.F.);
#3353=ORIENTED_EDGE('',*,*,#2571,.F.);
#3354=ORIENTED_EDGE('',*,*,#2572,.F.);
#3355=ORIENTED_EDGE('',*,*,#2547,.F.);
#3356=ORIENTED_EDGE('',*,*,#2550,.F.);
#3357=ORIENTED_EDGE('',*,*,#2553,.F.);
#3358=ORIENTED_EDGE('',*,*,#2573,.F.);
#3359=ORIENTED_EDGE('',*,*,#2565,.T.);
#3360=ORIENTED_EDGE('',*,*,#2574,.T.);
#3361=ORIENTED_EDGE('',*,*,#2575,.F.);
#3362=ORIENTED_EDGE('',*,*,#2576,.F.);
#3363=ORIENTED_EDGE('',*,*,#2569,.T.);
#3364=ORIENTED_EDGE('',*,*,#2577,.F.);
#3365=ORIENTED_EDGE('',*,*,#2578,.F.);
#3366=ORIENTED_EDGE('',*,*,#2574,.F.);
#3367=ORIENTED_EDGE('',*,*,#2566,.T.);
#3368=ORIENTED_EDGE('',*,*,#2576,.T.);
#3369=ORIENTED_EDGE('',*,*,#2579,.T.);
#3370=ORIENTED_EDGE('',*,*,#2580,.T.);
#3371=ORIENTED_EDGE('',*,*,#2567,.T.);
#3372=ORIENTED_EDGE('',*,*,#2545,.F.);
#3373=ORIENTED_EDGE('',*,*,#2581,.F.);
#3374=ORIENTED_EDGE('',*,*,#2582,.T.);
#3375=ORIENTED_EDGE('',*,*,#2583,.T.);
#3376=ORIENTED_EDGE('',*,*,#2584,.T.);
#3377=ORIENTED_EDGE('',*,*,#2585,.F.);
#3378=ORIENTED_EDGE('',*,*,#2555,.T.);
#3379=ORIENTED_EDGE('',*,*,#2564,.T.);
#3380=ORIENTED_EDGE('',*,*,#2586,.T.);
#3381=ORIENTED_EDGE('',*,*,#2573,.T.);
#3382=ORIENTED_EDGE('',*,*,#2552,.T.);
#3383=ORIENTED_EDGE('',*,*,#2541,.T.);
#3384=ORIENTED_EDGE('',*,*,#2548,.F.);
#3385=ORIENTED_EDGE('',*,*,#2572,.T.);
#3386=ORIENTED_EDGE('',*,*,#2587,.T.);
#3387=ORIENTED_EDGE('',*,*,#2568,.T.);
#3388=ORIENTED_EDGE('',*,*,#2580,.F.);
#3389=ORIENTED_EDGE('',*,*,#2588,.T.);
#3390=ORIENTED_EDGE('',*,*,#2577,.T.);
#3391=ORIENTED_EDGE('',*,*,#2589,.F.);
#3392=ORIENTED_EDGE('',*,*,#2590,.T.);
#3393=ORIENTED_EDGE('',*,*,#2591,.F.);
#3394=ORIENTED_EDGE('',*,*,#2592,.F.);
#3395=ORIENTED_EDGE('',*,*,#2593,.F.);
#3396=ORIENTED_EDGE('',*,*,#2594,.F.);
#3397=ORIENTED_EDGE('',*,*,#2595,.F.);
#3398=ORIENTED_EDGE('',*,*,#2596,.F.);
#3399=ORIENTED_EDGE('',*,*,#2597,.T.);
#3400=ORIENTED_EDGE('',*,*,#2598,.T.);
#3401=ORIENTED_EDGE('',*,*,#2599,.T.);
#3402=ORIENTED_EDGE('',*,*,#2600,.T.);
#3403=ORIENTED_EDGE('',*,*,#2595,.T.);
#3404=ORIENTED_EDGE('',*,*,#2601,.T.);
#3405=ORIENTED_EDGE('',*,*,#2581,.T.);
#3406=ORIENTED_EDGE('',*,*,#2544,.T.);
#3407=ORIENTED_EDGE('',*,*,#2528,.F.);
#3408=ORIENTED_EDGE('',*,*,#2508,.T.);
#3409=ORIENTED_EDGE('',*,*,#2515,.T.);
#3410=ORIENTED_EDGE('',*,*,#2513,.F.);
#3411=ORIENTED_EDGE('',*,*,#2523,.F.);
#3412=ORIENTED_EDGE('',*,*,#2556,.T.);
#3413=ORIENTED_EDGE('',*,*,#2585,.T.);
#3414=ORIENTED_EDGE('',*,*,#2602,.T.);
#3415=ORIENTED_EDGE('',*,*,#2591,.T.);
#3416=ORIENTED_EDGE('',*,*,#2603,.T.);
#3417=ORIENTED_EDGE('',*,*,#2604,.T.);
#3418=ORIENTED_EDGE('',*,*,#2598,.F.);
#3419=ORIENTED_EDGE('',*,*,#2590,.F.);
#3420=ORIENTED_EDGE('',*,*,#2605,.F.);
#3421=ORIENTED_EDGE('',*,*,#2606,.T.);
#3422=ORIENTED_EDGE('',*,*,#2607,.T.);
#3423=ORIENTED_EDGE('',*,*,#2603,.F.);
#3424=ORIENTED_EDGE('',*,*,#2608,.T.);
#3425=ORIENTED_EDGE('',*,*,#2607,.F.);
#3426=ORIENTED_EDGE('',*,*,#2609,.T.);
#3427=ORIENTED_EDGE('',*,*,#2599,.F.);
#3428=ORIENTED_EDGE('',*,*,#2604,.F.);
#3429=ORIENTED_EDGE('',*,*,#2610,.T.);
#3430=ORIENTED_EDGE('',*,*,#2608,.F.);
#3431=ORIENTED_EDGE('',*,*,#2605,.T.);
#3432=ORIENTED_EDGE('',*,*,#2589,.T.);
#3433=ORIENTED_EDGE('',*,*,#2584,.F.);
#3434=ORIENTED_EDGE('',*,*,#2611,.T.);
#3435=ORIENTED_EDGE('',*,*,#2592,.T.);
#3436=ORIENTED_EDGE('',*,*,#2602,.F.);
#3437=ORIENTED_EDGE('',*,*,#2583,.F.);
#3438=ORIENTED_EDGE('',*,*,#2612,.T.);
#3439=ORIENTED_EDGE('',*,*,#2593,.T.);
#3440=ORIENTED_EDGE('',*,*,#2611,.F.);
#3441=ORIENTED_EDGE('',*,*,#2582,.F.);
#3442=ORIENTED_EDGE('',*,*,#2601,.F.);
#3443=ORIENTED_EDGE('',*,*,#2594,.T.);
#3444=ORIENTED_EDGE('',*,*,#2612,.F.);
#3445=ORIENTED_EDGE('',*,*,#2600,.F.);
#3446=ORIENTED_EDGE('',*,*,#2609,.F.);
#3447=ORIENTED_EDGE('',*,*,#2606,.F.);
#3448=ORIENTED_EDGE('',*,*,#2610,.F.);
#3449=ORIENTED_EDGE('',*,*,#2596,.T.);
#3450=ORIENTED_EDGE('',*,*,#2579,.F.);
#3451=ORIENTED_EDGE('',*,*,#2575,.T.);
#3452=ORIENTED_EDGE('',*,*,#2578,.T.);
#3453=ORIENTED_EDGE('',*,*,#2588,.F.);
#3454=ORIENTED_EDGE('',*,*,#2563,.T.);
#3455=ORIENTED_EDGE('',*,*,#2561,.T.);
#3456=ORIENTED_EDGE('',*,*,#2570,.T.);
#3457=ORIENTED_EDGE('',*,*,#2586,.F.);
#3458=ORIENTED_EDGE('',*,*,#2542,.T.);
#3459=ORIENTED_EDGE('',*,*,#2587,.F.);
#3460=ORIENTED_EDGE('',*,*,#2571,.T.);
#3461=ORIENTED_EDGE('',*,*,#2559,.T.);
#3462=ORIENTED_EDGE('',*,*,#2613,.F.);
#3463=ORIENTED_EDGE('',*,*,#2613,.T.);
#3464=ORIENTED_EDGE('',*,*,#2614,.T.);
#3465=ORIENTED_EDGE('',*,*,#2615,.T.);
#3466=ORIENTED_EDGE('',*,*,#2614,.F.);
#3467=ORIENTED_EDGE('',*,*,#2597,.F.);
#3468=ORIENTED_EDGE('',*,*,#2616,.T.);
#3469=ORIENTED_EDGE('',*,*,#2617,.T.);
#3470=ORIENTED_EDGE('',*,*,#2616,.F.);
#3471=ORIENTED_EDGE('',*,*,#2617,.F.);
#3472=ORIENTED_EDGE('',*,*,#2615,.F.);
#3473=ORIENTED_EDGE('',*,*,#2618,.F.);
#3474=ORIENTED_EDGE('',*,*,#2619,.T.);
#3475=ORIENTED_EDGE('',*,*,#2620,.F.);
#3476=ORIENTED_EDGE('',*,*,#2621,.F.);
#3477=ORIENTED_EDGE('',*,*,#2622,.F.);
#3478=ORIENTED_EDGE('',*,*,#2623,.F.);
#3479=ORIENTED_EDGE('',*,*,#2624,.F.);
#3480=ORIENTED_EDGE('',*,*,#2619,.F.);
#3481=ORIENTED_EDGE('',*,*,#2622,.T.);
#3482=ORIENTED_EDGE('',*,*,#2618,.T.);
#3483=ORIENTED_EDGE('',*,*,#2625,.T.);
#3484=ORIENTED_EDGE('',*,*,#2626,.F.);
#3485=ORIENTED_EDGE('',*,*,#2627,.F.);
#3486=ORIENTED_EDGE('',*,*,#2628,.F.);
#3487=ORIENTED_EDGE('',*,*,#2621,.T.);
#3488=ORIENTED_EDGE('',*,*,#2629,.T.);
#3489=ORIENTED_EDGE('',*,*,#2630,.F.);
#3490=ORIENTED_EDGE('',*,*,#2631,.F.);
#3491=ORIENTED_EDGE('',*,*,#2625,.F.);
#3492=ORIENTED_EDGE('',*,*,#2632,.T.);
#3493=ORIENTED_EDGE('',*,*,#2633,.T.);
#3494=ORIENTED_EDGE('',*,*,#2634,.F.);
#3495=ORIENTED_EDGE('',*,*,#2635,.T.);
#3496=ORIENTED_EDGE('',*,*,#2627,.T.);
#3497=ORIENTED_EDGE('',*,*,#2631,.T.);
#3498=ORIENTED_EDGE('',*,*,#2636,.T.);
#3499=ORIENTED_EDGE('',*,*,#2632,.F.);
#3500=ORIENTED_EDGE('',*,*,#2626,.T.);
#3501=ORIENTED_EDGE('',*,*,#2636,.F.);
#3502=ORIENTED_EDGE('',*,*,#2630,.T.);
#3503=ORIENTED_EDGE('',*,*,#2637,.T.);
#3504=ORIENTED_EDGE('',*,*,#2633,.F.);
#3505=ORIENTED_EDGE('',*,*,#2624,.T.);
#3506=ORIENTED_EDGE('',*,*,#2638,.F.);
#3507=ORIENTED_EDGE('',*,*,#2634,.T.);
#3508=ORIENTED_EDGE('',*,*,#2637,.F.);
#3509=ORIENTED_EDGE('',*,*,#2629,.F.);
#3510=ORIENTED_EDGE('',*,*,#2620,.T.);
#3511=ORIENTED_EDGE('',*,*,#2623,.T.);
#3512=ORIENTED_EDGE('',*,*,#2628,.T.);
#3513=ORIENTED_EDGE('',*,*,#2635,.F.);
#3514=ORIENTED_EDGE('',*,*,#2638,.T.);
#3515=ORIENTED_EDGE('',*,*,#2639,.T.);
#3516=ORIENTED_EDGE('',*,*,#2640,.T.);
#3517=ORIENTED_EDGE('',*,*,#2641,.F.);
#3518=ORIENTED_EDGE('',*,*,#2642,.T.);
#3519=ORIENTED_EDGE('',*,*,#2643,.T.);
#3520=ORIENTED_EDGE('',*,*,#2644,.T.);
#3521=ORIENTED_EDGE('',*,*,#2645,.T.);
#3522=ORIENTED_EDGE('',*,*,#2639,.F.);
#3523=ORIENTED_EDGE('',*,*,#2646,.T.);
#3524=ORIENTED_EDGE('',*,*,#2645,.F.);
#3525=ORIENTED_EDGE('',*,*,#2647,.T.);
#3526=ORIENTED_EDGE('',*,*,#2648,.T.);
#3527=ORIENTED_EDGE('',*,*,#2640,.F.);
#3528=ORIENTED_EDGE('',*,*,#2644,.F.);
#3529=ORIENTED_EDGE('',*,*,#2649,.F.);
#3530=ORIENTED_EDGE('',*,*,#2650,.F.);
#3531=ORIENTED_EDGE('',*,*,#2651,.T.);
#3532=ORIENTED_EDGE('',*,*,#2647,.F.);
#3533=ORIENTED_EDGE('',*,*,#2652,.F.);
#3534=ORIENTED_EDGE('',*,*,#2641,.T.);
#3535=ORIENTED_EDGE('',*,*,#2648,.F.);
#3536=ORIENTED_EDGE('',*,*,#2651,.F.);
#3537=ORIENTED_EDGE('',*,*,#2646,.F.);
#3538=ORIENTED_EDGE('',*,*,#2643,.F.);
#3539=ORIENTED_EDGE('',*,*,#2653,.F.);
#3540=ORIENTED_EDGE('',*,*,#2649,.T.);
#3541=ORIENTED_EDGE('',*,*,#2653,.T.);
#3542=ORIENTED_EDGE('',*,*,#2642,.F.);
#3543=ORIENTED_EDGE('',*,*,#2652,.T.);
#3544=ORIENTED_EDGE('',*,*,#2650,.T.);
#3545=ORIENTED_EDGE('',*,*,#2654,.F.);
#3546=ORIENTED_EDGE('',*,*,#2655,.F.);
#3547=ORIENTED_EDGE('',*,*,#2656,.F.);
#3548=ORIENTED_EDGE('',*,*,#2657,.T.);
#3549=ORIENTED_EDGE('',*,*,#2658,.F.);
#3550=ORIENTED_EDGE('',*,*,#2659,.F.);
#3551=ORIENTED_EDGE('',*,*,#2657,.F.);
#3552=ORIENTED_EDGE('',*,*,#2660,.F.);
#3553=ORIENTED_EDGE('',*,*,#2658,.T.);
#3554=ORIENTED_EDGE('',*,*,#2661,.T.);
#3555=ORIENTED_EDGE('',*,*,#2662,.T.);
#3556=ORIENTED_EDGE('',*,*,#2663,.T.);
#3557=ORIENTED_EDGE('',*,*,#2660,.T.);
#3558=ORIENTED_EDGE('',*,*,#2656,.T.);
#3559=ORIENTED_EDGE('',*,*,#2664,.T.);
#3560=ORIENTED_EDGE('',*,*,#2665,.F.);
#3561=ORIENTED_EDGE('',*,*,#2666,.F.);
#3562=ORIENTED_EDGE('',*,*,#2661,.F.);
#3563=ORIENTED_EDGE('',*,*,#2655,.T.);
#3564=ORIENTED_EDGE('',*,*,#2667,.T.);
#3565=ORIENTED_EDGE('',*,*,#2668,.T.);
#3566=ORIENTED_EDGE('',*,*,#2669,.T.);
#3567=ORIENTED_EDGE('',*,*,#2664,.F.);
#3568=ORIENTED_EDGE('',*,*,#2670,.T.);
#3569=ORIENTED_EDGE('',*,*,#2671,.T.);
#3570=ORIENTED_EDGE('',*,*,#2668,.F.);
#3571=ORIENTED_EDGE('',*,*,#2672,.T.);
#3572=ORIENTED_EDGE('',*,*,#2671,.F.);
#3573=ORIENTED_EDGE('',*,*,#2673,.T.);
#3574=ORIENTED_EDGE('',*,*,#2665,.T.);
#3575=ORIENTED_EDGE('',*,*,#2669,.F.);
#3576=ORIENTED_EDGE('',*,*,#2670,.F.);
#3577=ORIENTED_EDGE('',*,*,#2674,.F.);
#3578=ORIENTED_EDGE('',*,*,#2662,.F.);
#3579=ORIENTED_EDGE('',*,*,#2666,.T.);
#3580=ORIENTED_EDGE('',*,*,#2673,.F.);
#3581=ORIENTED_EDGE('',*,*,#2659,.T.);
#3582=ORIENTED_EDGE('',*,*,#2663,.F.);
#3583=ORIENTED_EDGE('',*,*,#2674,.T.);
#3584=ORIENTED_EDGE('',*,*,#2672,.F.);
#3585=ORIENTED_EDGE('',*,*,#2667,.F.);
#3586=ORIENTED_EDGE('',*,*,#2654,.T.);
#3587=ORIENTED_EDGE('',*,*,#2675,.T.);
#3588=ORIENTED_EDGE('',*,*,#2676,.T.);
#3589=ORIENTED_EDGE('',*,*,#2677,.T.);
#3590=ORIENTED_EDGE('',*,*,#2678,.T.);
#3591=ORIENTED_EDGE('',*,*,#2678,.F.);
#3592=ORIENTED_EDGE('',*,*,#2679,.F.);
#3593=ORIENTED_EDGE('',*,*,#2680,.T.);
#3594=ORIENTED_EDGE('',*,*,#2681,.F.);
#3595=ORIENTED_EDGE('',*,*,#2682,.T.);
#3596=ORIENTED_EDGE('',*,*,#2677,.F.);
#3597=ORIENTED_EDGE('',*,*,#2683,.F.);
#3598=ORIENTED_EDGE('',*,*,#2684,.F.);
#3599=ORIENTED_EDGE('',*,*,#2685,.T.);
#3600=ORIENTED_EDGE('',*,*,#2679,.T.);
#3601=ORIENTED_EDGE('',*,*,#2686,.F.);
#3602=ORIENTED_EDGE('',*,*,#2684,.T.);
#3603=ORIENTED_EDGE('',*,*,#2687,.F.);
#3604=ORIENTED_EDGE('',*,*,#2688,.F.);
#3605=ORIENTED_EDGE('',*,*,#2676,.F.);
#3606=ORIENTED_EDGE('',*,*,#2689,.T.);
#3607=ORIENTED_EDGE('',*,*,#2687,.T.);
#3608=ORIENTED_EDGE('',*,*,#2683,.T.);
#3609=ORIENTED_EDGE('',*,*,#2675,.F.);
#3610=ORIENTED_EDGE('',*,*,#2682,.F.);
#3611=ORIENTED_EDGE('',*,*,#2690,.F.);
#3612=ORIENTED_EDGE('',*,*,#2691,.F.);
#3613=ORIENTED_EDGE('',*,*,#2692,.F.);
#3614=ORIENTED_EDGE('',*,*,#2688,.T.);
#3615=ORIENTED_EDGE('',*,*,#2689,.F.);
#3616=ORIENTED_EDGE('',*,*,#2693,.T.);
#3617=ORIENTED_EDGE('',*,*,#2691,.T.);
#3618=ORIENTED_EDGE('',*,*,#2694,.F.);
#3619=ORIENTED_EDGE('',*,*,#2695,.F.);
#3620=ORIENTED_EDGE('',*,*,#2696,.F.);
#3621=ORIENTED_EDGE('',*,*,#2695,.T.);
#3622=ORIENTED_EDGE('',*,*,#2697,.F.);
#3623=ORIENTED_EDGE('',*,*,#2680,.F.);
#3624=ORIENTED_EDGE('',*,*,#2685,.F.);
#3625=ORIENTED_EDGE('',*,*,#2686,.T.);
#3626=ORIENTED_EDGE('',*,*,#2692,.T.);
#3627=ORIENTED_EDGE('',*,*,#2693,.F.);
#3628=ORIENTED_EDGE('',*,*,#2696,.T.);
#3629=ORIENTED_EDGE('',*,*,#2697,.T.);
#3630=ORIENTED_EDGE('',*,*,#2694,.T.);
#3631=ORIENTED_EDGE('',*,*,#2690,.T.);
#3632=ORIENTED_EDGE('',*,*,#2681,.T.);
#3633=ORIENTED_EDGE('',*,*,#2698,.F.);
#3634=ORIENTED_EDGE('',*,*,#2699,.F.);
#3635=ORIENTED_EDGE('',*,*,#2700,.F.);
#3636=ORIENTED_EDGE('',*,*,#2701,.F.);
#3637=ORIENTED_EDGE('',*,*,#2699,.T.);
#3638=ORIENTED_EDGE('',*,*,#2702,.F.);
#3639=ORIENTED_EDGE('',*,*,#2703,.T.);
#3640=ORIENTED_EDGE('',*,*,#2704,.F.);
#3641=ORIENTED_EDGE('',*,*,#2705,.T.);
#3642=ORIENTED_EDGE('',*,*,#2700,.T.);
#3643=ORIENTED_EDGE('',*,*,#2705,.F.);
#3644=ORIENTED_EDGE('',*,*,#2706,.F.);
#3645=ORIENTED_EDGE('',*,*,#2707,.T.);
#3646=ORIENTED_EDGE('',*,*,#2708,.T.);
#3647=ORIENTED_EDGE('',*,*,#2709,.T.);
#3648=ORIENTED_EDGE('',*,*,#2710,.T.);
#3649=ORIENTED_EDGE('',*,*,#2711,.T.);
#3650=ORIENTED_EDGE('',*,*,#2707,.F.);
#3651=ORIENTED_EDGE('',*,*,#2701,.T.);
#3652=ORIENTED_EDGE('',*,*,#2708,.F.);
#3653=ORIENTED_EDGE('',*,*,#2711,.F.);
#3654=ORIENTED_EDGE('',*,*,#2712,.F.);
#3655=ORIENTED_EDGE('',*,*,#2698,.T.);
#3656=ORIENTED_EDGE('',*,*,#2712,.T.);
#3657=ORIENTED_EDGE('',*,*,#2710,.F.);
#3658=ORIENTED_EDGE('',*,*,#2713,.T.);
#3659=ORIENTED_EDGE('',*,*,#2714,.T.);
#3660=ORIENTED_EDGE('',*,*,#2715,.T.);
#3661=ORIENTED_EDGE('',*,*,#2702,.T.);
#3662=ORIENTED_EDGE('',*,*,#2716,.F.);
#3663=ORIENTED_EDGE('',*,*,#2717,.T.);
#3664=ORIENTED_EDGE('',*,*,#2718,.T.);
#3665=ORIENTED_EDGE('',*,*,#2714,.F.);
#3666=ORIENTED_EDGE('',*,*,#2719,.T.);
#3667=ORIENTED_EDGE('',*,*,#2706,.T.);
#3668=ORIENTED_EDGE('',*,*,#2704,.T.);
#3669=ORIENTED_EDGE('',*,*,#2720,.T.);
#3670=ORIENTED_EDGE('',*,*,#2717,.F.);
#3671=ORIENTED_EDGE('',*,*,#2709,.F.);
#3672=ORIENTED_EDGE('',*,*,#2719,.F.);
#3673=ORIENTED_EDGE('',*,*,#2716,.T.);
#3674=ORIENTED_EDGE('',*,*,#2713,.F.);
#3675=ORIENTED_EDGE('',*,*,#2720,.F.);
#3676=ORIENTED_EDGE('',*,*,#2703,.F.);
#3677=ORIENTED_EDGE('',*,*,#2715,.F.);
#3678=ORIENTED_EDGE('',*,*,#2718,.F.);
#3679=ORIENTED_EDGE('',*,*,#2721,.F.);
#3680=ORIENTED_EDGE('',*,*,#2722,.T.);
#3681=ORIENTED_EDGE('',*,*,#2723,.F.);
#3682=ORIENTED_EDGE('',*,*,#2724,.F.);
#3683=ORIENTED_EDGE('',*,*,#2725,.T.);
#3684=ORIENTED_EDGE('',*,*,#2722,.F.);
#3685=ORIENTED_EDGE('',*,*,#2726,.T.);
#3686=ORIENTED_EDGE('',*,*,#2727,.F.);
#3687=ORIENTED_EDGE('',*,*,#2728,.F.);
#3688=ORIENTED_EDGE('',*,*,#2726,.F.);
#3689=ORIENTED_EDGE('',*,*,#2721,.T.);
#3690=ORIENTED_EDGE('',*,*,#2729,.T.);
#3691=ORIENTED_EDGE('',*,*,#2730,.F.);
#3692=ORIENTED_EDGE('',*,*,#2731,.F.);
#3693=ORIENTED_EDGE('',*,*,#2729,.F.);
#3694=ORIENTED_EDGE('',*,*,#2724,.T.);
#3695=ORIENTED_EDGE('',*,*,#2732,.F.);
#3696=ORIENTED_EDGE('',*,*,#2730,.T.);
#3697=ORIENTED_EDGE('',*,*,#2723,.T.);
#3698=ORIENTED_EDGE('',*,*,#2725,.F.);
#3699=ORIENTED_EDGE('',*,*,#2733,.T.);
#3700=ORIENTED_EDGE('',*,*,#2734,.F.);
#3701=ORIENTED_EDGE('',*,*,#2735,.F.);
#3702=ORIENTED_EDGE('',*,*,#2736,.F.);
#3703=ORIENTED_EDGE('',*,*,#2737,.F.);
#3704=ORIENTED_EDGE('',*,*,#2738,.T.);
#3705=ORIENTED_EDGE('',*,*,#2739,.F.);
#3706=ORIENTED_EDGE('',*,*,#2740,.F.);
#3707=ORIENTED_EDGE('',*,*,#2741,.F.);
#3708=ORIENTED_EDGE('',*,*,#2742,.T.);
#3709=ORIENTED_EDGE('',*,*,#2740,.T.);
#3710=ORIENTED_EDGE('',*,*,#2743,.F.);
#3711=ORIENTED_EDGE('',*,*,#2744,.F.);
#3712=ORIENTED_EDGE('',*,*,#2745,.F.);
#3713=ORIENTED_EDGE('',*,*,#2746,.T.);
#3714=ORIENTED_EDGE('',*,*,#2747,.T.);
#3715=ORIENTED_EDGE('',*,*,#2748,.T.);
#3716=ORIENTED_EDGE('',*,*,#2745,.T.);
#3717=ORIENTED_EDGE('',*,*,#2749,.F.);
#3718=ORIENTED_EDGE('',*,*,#2750,.F.);
#3719=ORIENTED_EDGE('',*,*,#2751,.T.);
#3720=ORIENTED_EDGE('',*,*,#2750,.T.);
#3721=ORIENTED_EDGE('',*,*,#2752,.F.);
#3722=ORIENTED_EDGE('',*,*,#2738,.F.);
#3723=ORIENTED_EDGE('',*,*,#2753,.F.);
#3724=ORIENTED_EDGE('',*,*,#2753,.T.);
#3725=ORIENTED_EDGE('',*,*,#2754,.T.);
#3726=ORIENTED_EDGE('',*,*,#2755,.T.);
#3727=ORIENTED_EDGE('',*,*,#2754,.F.);
#3728=ORIENTED_EDGE('',*,*,#2756,.F.);
#3729=ORIENTED_EDGE('',*,*,#2733,.F.);
#3730=ORIENTED_EDGE('',*,*,#2757,.T.);
#3731=ORIENTED_EDGE('',*,*,#2741,.T.);
#3732=ORIENTED_EDGE('',*,*,#2757,.F.);
#3733=ORIENTED_EDGE('',*,*,#2736,.T.);
#3734=ORIENTED_EDGE('',*,*,#2758,.F.);
#3735=ORIENTED_EDGE('',*,*,#2759,.T.);
#3736=ORIENTED_EDGE('',*,*,#2760,.T.);
#3737=ORIENTED_EDGE('',*,*,#2761,.T.);
#3738=ORIENTED_EDGE('',*,*,#2762,.T.);
#3739=ORIENTED_EDGE('',*,*,#2746,.F.);
#3740=ORIENTED_EDGE('',*,*,#2748,.F.);
#3741=ORIENTED_EDGE('',*,*,#2751,.F.);
#3742=ORIENTED_EDGE('',*,*,#2737,.T.);
#3743=ORIENTED_EDGE('',*,*,#2742,.F.);
#3744=ORIENTED_EDGE('',*,*,#2755,.F.);
#3745=ORIENTED_EDGE('',*,*,#2758,.T.);
#3746=ORIENTED_EDGE('',*,*,#2735,.T.);
#3747=ORIENTED_EDGE('',*,*,#2763,.F.);
#3748=ORIENTED_EDGE('',*,*,#2764,.F.);
#3749=ORIENTED_EDGE('',*,*,#2765,.F.);
#3750=ORIENTED_EDGE('',*,*,#2761,.F.);
#3751=ORIENTED_EDGE('',*,*,#2766,.T.);
#3752=ORIENTED_EDGE('',*,*,#2767,.F.);
#3753=ORIENTED_EDGE('',*,*,#2760,.F.);
#3754=ORIENTED_EDGE('',*,*,#2768,.T.);
#3755=ORIENTED_EDGE('',*,*,#2769,.F.);
#3756=ORIENTED_EDGE('',*,*,#2766,.F.);
#3757=ORIENTED_EDGE('',*,*,#2759,.F.);
#3758=ORIENTED_EDGE('',*,*,#2764,.T.);
#3759=ORIENTED_EDGE('',*,*,#2770,.F.);
#3760=ORIENTED_EDGE('',*,*,#2768,.F.);
#3761=ORIENTED_EDGE('',*,*,#2767,.T.);
#3762=ORIENTED_EDGE('',*,*,#2769,.T.);
#3763=ORIENTED_EDGE('',*,*,#2770,.T.);
#3764=ORIENTED_EDGE('',*,*,#2763,.T.);
#3765=ORIENTED_EDGE('',*,*,#2734,.T.);
#3766=ORIENTED_EDGE('',*,*,#2756,.T.);
#3767=ORIENTED_EDGE('',*,*,#2743,.T.);
#3768=ORIENTED_EDGE('',*,*,#2739,.T.);
#3769=ORIENTED_EDGE('',*,*,#2752,.T.);
#3770=ORIENTED_EDGE('',*,*,#2749,.T.);
#3771=ORIENTED_EDGE('',*,*,#2744,.T.);
#3772=ORIENTED_EDGE('',*,*,#2771,.F.);
#3773=ORIENTED_EDGE('',*,*,#2772,.F.);
#3774=ORIENTED_EDGE('',*,*,#2773,.F.);
#3775=ORIENTED_EDGE('',*,*,#2774,.F.);
#3776=ORIENTED_EDGE('',*,*,#2775,.F.);
#3777=ORIENTED_EDGE('',*,*,#2776,.F.);
#3778=ORIENTED_EDGE('',*,*,#2777,.F.);
#3779=ORIENTED_EDGE('',*,*,#2778,.F.);
#3780=ORIENTED_EDGE('',*,*,#2779,.T.);
#3781=ORIENTED_EDGE('',*,*,#2780,.T.);
#3782=ORIENTED_EDGE('',*,*,#2781,.T.);
#3783=ORIENTED_EDGE('',*,*,#2782,.T.);
#3784=ORIENTED_EDGE('',*,*,#2783,.T.);
#3785=ORIENTED_EDGE('',*,*,#2784,.T.);
#3786=ORIENTED_EDGE('',*,*,#2785,.F.);
#3787=ORIENTED_EDGE('',*,*,#2727,.T.);
#3788=ORIENTED_EDGE('',*,*,#2728,.T.);
#3789=ORIENTED_EDGE('',*,*,#2731,.T.);
#3790=ORIENTED_EDGE('',*,*,#2732,.T.);
#3791=ORIENTED_EDGE('',*,*,#2786,.T.);
#3792=ORIENTED_EDGE('',*,*,#2787,.T.);
#3793=ORIENTED_EDGE('',*,*,#2788,.F.);
#3794=ORIENTED_EDGE('',*,*,#2789,.F.);
#3795=ORIENTED_EDGE('',*,*,#2790,.T.);
#3796=ORIENTED_EDGE('',*,*,#2791,.T.);
#3797=ORIENTED_EDGE('',*,*,#2792,.F.);
#3798=ORIENTED_EDGE('',*,*,#2793,.F.);
#3799=ORIENTED_EDGE('',*,*,#2794,.T.);
#3800=ORIENTED_EDGE('',*,*,#2793,.T.);
#3801=ORIENTED_EDGE('',*,*,#2795,.F.);
#3802=ORIENTED_EDGE('',*,*,#2787,.F.);
#3803=ORIENTED_EDGE('',*,*,#2796,.T.);
#3804=ORIENTED_EDGE('',*,*,#2797,.T.);
#3805=ORIENTED_EDGE('',*,*,#2798,.F.);
#3806=ORIENTED_EDGE('',*,*,#2799,.F.);
#3807=ORIENTED_EDGE('',*,*,#2800,.T.);
#3808=ORIENTED_EDGE('',*,*,#2801,.T.);
#3809=ORIENTED_EDGE('',*,*,#2775,.T.);
#3810=ORIENTED_EDGE('',*,*,#2802,.F.);
#3811=ORIENTED_EDGE('',*,*,#2803,.F.);
#3812=ORIENTED_EDGE('',*,*,#2804,.T.);
#3813=ORIENTED_EDGE('',*,*,#2776,.T.);
#3814=ORIENTED_EDGE('',*,*,#2801,.F.);
#3815=ORIENTED_EDGE('',*,*,#2805,.T.);
#3816=ORIENTED_EDGE('',*,*,#2806,.T.);
#3817=ORIENTED_EDGE('',*,*,#2807,.T.);
#3818=ORIENTED_EDGE('',*,*,#2777,.T.);
#3819=ORIENTED_EDGE('',*,*,#2804,.F.);
#3820=ORIENTED_EDGE('',*,*,#2808,.T.);
#3821=ORIENTED_EDGE('',*,*,#2809,.T.);
#3822=ORIENTED_EDGE('',*,*,#2810,.F.);
#3823=ORIENTED_EDGE('',*,*,#2811,.F.);
#3824=ORIENTED_EDGE('',*,*,#2812,.T.);
#3825=ORIENTED_EDGE('',*,*,#2772,.T.);
#3826=ORIENTED_EDGE('',*,*,#2813,.T.);
#3827=ORIENTED_EDGE('',*,*,#2814,.F.);
#3828=ORIENTED_EDGE('',*,*,#2815,.T.);
#3829=ORIENTED_EDGE('',*,*,#2773,.T.);
#3830=ORIENTED_EDGE('',*,*,#2812,.F.);
#3831=ORIENTED_EDGE('',*,*,#2816,.F.);
#3832=ORIENTED_EDGE('',*,*,#2802,.T.);
#3833=ORIENTED_EDGE('',*,*,#2774,.T.);
#3834=ORIENTED_EDGE('',*,*,#2815,.F.);
#3835=ORIENTED_EDGE('',*,*,#2817,.F.);
#3836=ORIENTED_EDGE('',*,*,#2818,.T.);
#3837=ORIENTED_EDGE('',*,*,#2819,.T.);
#3838=ORIENTED_EDGE('',*,*,#2805,.F.);
#3839=ORIENTED_EDGE('',*,*,#2820,.T.);
#3840=ORIENTED_EDGE('',*,*,#2821,.F.);
#3841=ORIENTED_EDGE('',*,*,#2822,.T.);
#3842=ORIENTED_EDGE('',*,*,#2820,.F.);
#3843=ORIENTED_EDGE('',*,*,#2822,.F.);
#3844=ORIENTED_EDGE('',*,*,#2823,.F.);
#3845=ORIENTED_EDGE('',*,*,#2824,.T.);
#3846=ORIENTED_EDGE('',*,*,#2825,.T.);
#3847=ORIENTED_EDGE('',*,*,#2826,.F.);
#3848=ORIENTED_EDGE('',*,*,#2827,.T.);
#3849=ORIENTED_EDGE('',*,*,#2824,.F.);
#3850=ORIENTED_EDGE('',*,*,#2828,.F.);
#3851=ORIENTED_EDGE('',*,*,#2789,.T.);
#3852=ORIENTED_EDGE('',*,*,#2829,.F.);
#3853=ORIENTED_EDGE('',*,*,#2830,.T.);
#3854=ORIENTED_EDGE('',*,*,#2831,.F.);
#3855=ORIENTED_EDGE('',*,*,#2791,.F.);
#3856=ORIENTED_EDGE('',*,*,#2832,.F.);
#3857=ORIENTED_EDGE('',*,*,#2833,.T.);
#3858=ORIENTED_EDGE('',*,*,#2834,.T.);
#3859=ORIENTED_EDGE('',*,*,#2830,.F.);
#3860=ORIENTED_EDGE('',*,*,#2835,.F.);
#3861=ORIENTED_EDGE('',*,*,#2826,.T.);
#3862=ORIENTED_EDGE('',*,*,#2836,.T.);
#3863=ORIENTED_EDGE('',*,*,#2833,.F.);
#3864=ORIENTED_EDGE('',*,*,#2831,.T.);
#3865=ORIENTED_EDGE('',*,*,#2834,.F.);
#3866=ORIENTED_EDGE('',*,*,#2836,.F.);
#3867=ORIENTED_EDGE('',*,*,#2825,.F.);
#3868=ORIENTED_EDGE('',*,*,#2827,.F.);
#3869=ORIENTED_EDGE('',*,*,#2788,.T.);
#3870=ORIENTED_EDGE('',*,*,#2795,.T.);
#3871=ORIENTED_EDGE('',*,*,#2792,.T.);
#3872=ORIENTED_EDGE('',*,*,#2837,.F.);
#3873=ORIENTED_EDGE('',*,*,#2838,.T.);
#3874=ORIENTED_EDGE('',*,*,#2839,.F.);
#3875=ORIENTED_EDGE('',*,*,#2797,.F.);
#3876=ORIENTED_EDGE('',*,*,#2839,.T.);
#3877=ORIENTED_EDGE('',*,*,#2840,.F.);
#3878=ORIENTED_EDGE('',*,*,#2841,.F.);
#3879=ORIENTED_EDGE('',*,*,#2798,.T.);
#3880=ORIENTED_EDGE('',*,*,#2842,.F.);
#3881=ORIENTED_EDGE('',*,*,#2843,.T.);
#3882=ORIENTED_EDGE('',*,*,#2840,.T.);
#3883=ORIENTED_EDGE('',*,*,#2838,.F.);
#3884=ORIENTED_EDGE('',*,*,#2841,.T.);
#3885=ORIENTED_EDGE('',*,*,#2843,.F.);
#3886=ORIENTED_EDGE('',*,*,#2844,.F.);
#3887=ORIENTED_EDGE('',*,*,#2799,.T.);
#3888=ORIENTED_EDGE('',*,*,#2845,.F.);
#3889=ORIENTED_EDGE('',*,*,#2846,.F.);
#3890=ORIENTED_EDGE('',*,*,#2847,.F.);
#3891=ORIENTED_EDGE('',*,*,#2848,.F.);
#3892=ORIENTED_EDGE('',*,*,#2849,.T.);
#3893=ORIENTED_EDGE('',*,*,#2850,.F.);
#3894=ORIENTED_EDGE('',*,*,#2851,.T.);
#3895=ORIENTED_EDGE('',*,*,#2852,.F.);
#3896=ORIENTED_EDGE('',*,*,#2853,.F.);
#3897=ORIENTED_EDGE('',*,*,#2817,.T.);
#3898=ORIENTED_EDGE('',*,*,#2808,.F.);
#3899=ORIENTED_EDGE('',*,*,#2803,.T.);
#3900=ORIENTED_EDGE('',*,*,#2800,.F.);
#3901=ORIENTED_EDGE('',*,*,#2816,.T.);
#3902=ORIENTED_EDGE('',*,*,#2814,.T.);
#3903=ORIENTED_EDGE('',*,*,#2811,.T.);
#3904=ORIENTED_EDGE('',*,*,#2821,.T.);
#3905=ORIENTED_EDGE('',*,*,#2837,.T.);
#3906=ORIENTED_EDGE('',*,*,#2796,.F.);
#3907=ORIENTED_EDGE('',*,*,#2844,.T.);
#3908=ORIENTED_EDGE('',*,*,#2842,.T.);
#3909=ORIENTED_EDGE('',*,*,#2829,.T.);
#3910=ORIENTED_EDGE('',*,*,#2790,.F.);
#3911=ORIENTED_EDGE('',*,*,#2794,.F.);
#3912=ORIENTED_EDGE('',*,*,#2786,.F.);
#3913=ORIENTED_EDGE('',*,*,#2828,.T.);
#3914=ORIENTED_EDGE('',*,*,#2823,.T.);
#3915=ORIENTED_EDGE('',*,*,#2835,.T.);
#3916=ORIENTED_EDGE('',*,*,#2832,.T.);
#3917=ORIENTED_EDGE('',*,*,#2854,.F.);
#3918=ORIENTED_EDGE('',*,*,#2855,.T.);
#3919=ORIENTED_EDGE('',*,*,#2856,.T.);
#3920=ORIENTED_EDGE('',*,*,#2809,.F.);
#3921=ORIENTED_EDGE('',*,*,#2856,.F.);
#3922=ORIENTED_EDGE('',*,*,#2857,.F.);
#3923=ORIENTED_EDGE('',*,*,#2845,.T.);
#3924=ORIENTED_EDGE('',*,*,#2810,.T.);
#3925=ORIENTED_EDGE('',*,*,#2771,.T.);
#3926=ORIENTED_EDGE('',*,*,#2747,.F.);
#3927=ORIENTED_EDGE('',*,*,#2762,.F.);
#3928=ORIENTED_EDGE('',*,*,#2765,.T.);
#3929=ORIENTED_EDGE('',*,*,#2785,.T.);
#3930=ORIENTED_EDGE('',*,*,#2858,.T.);
#3931=ORIENTED_EDGE('',*,*,#2854,.T.);
#3932=ORIENTED_EDGE('',*,*,#2813,.F.);
#3933=ORIENTED_EDGE('',*,*,#2849,.F.);
#3934=ORIENTED_EDGE('',*,*,#2859,.T.);
#3935=ORIENTED_EDGE('',*,*,#2781,.F.);
#3936=ORIENTED_EDGE('',*,*,#2860,.F.);
#3937=ORIENTED_EDGE('',*,*,#2850,.T.);
#3938=ORIENTED_EDGE('',*,*,#2860,.T.);
#3939=ORIENTED_EDGE('',*,*,#2780,.F.);
#3940=ORIENTED_EDGE('',*,*,#2861,.F.);
#3941=ORIENTED_EDGE('',*,*,#2862,.F.);
#3942=ORIENTED_EDGE('',*,*,#2851,.F.);
#3943=ORIENTED_EDGE('',*,*,#2861,.T.);
#3944=ORIENTED_EDGE('',*,*,#2779,.F.);
#3945=ORIENTED_EDGE('',*,*,#2863,.F.);
#3946=ORIENTED_EDGE('',*,*,#2864,.F.);
#3947=ORIENTED_EDGE('',*,*,#2865,.F.);
#3948=ORIENTED_EDGE('',*,*,#2863,.T.);
#3949=ORIENTED_EDGE('',*,*,#2778,.T.);
#3950=ORIENTED_EDGE('',*,*,#2807,.F.);
#3951=ORIENTED_EDGE('',*,*,#2855,.F.);
#3952=ORIENTED_EDGE('',*,*,#2858,.F.);
#3953=ORIENTED_EDGE('',*,*,#2784,.F.);
#3954=ORIENTED_EDGE('',*,*,#2866,.F.);
#3955=ORIENTED_EDGE('',*,*,#2846,.T.);
#3956=ORIENTED_EDGE('',*,*,#2857,.T.);
#3957=ORIENTED_EDGE('',*,*,#2847,.T.);
#3958=ORIENTED_EDGE('',*,*,#2866,.T.);
#3959=ORIENTED_EDGE('',*,*,#2783,.F.);
#3960=ORIENTED_EDGE('',*,*,#2867,.F.);
#3961=ORIENTED_EDGE('',*,*,#2848,.T.);
#3962=ORIENTED_EDGE('',*,*,#2867,.T.);
#3963=ORIENTED_EDGE('',*,*,#2782,.F.);
#3964=ORIENTED_EDGE('',*,*,#2859,.F.);
#3965=ORIENTED_EDGE('',*,*,#2853,.T.);
#3966=ORIENTED_EDGE('',*,*,#2868,.T.);
#3967=ORIENTED_EDGE('',*,*,#2869,.T.);
#3968=ORIENTED_EDGE('',*,*,#2818,.F.);
#3969=ORIENTED_EDGE('',*,*,#2852,.T.);
#3970=ORIENTED_EDGE('',*,*,#2862,.T.);
#3971=ORIENTED_EDGE('',*,*,#2870,.F.);
#3972=ORIENTED_EDGE('',*,*,#2868,.F.);
#3973=ORIENTED_EDGE('',*,*,#2870,.T.);
#3974=ORIENTED_EDGE('',*,*,#2864,.T.);
#3975=ORIENTED_EDGE('',*,*,#2865,.T.);
#3976=ORIENTED_EDGE('',*,*,#2806,.F.);
#3977=ORIENTED_EDGE('',*,*,#2819,.F.);
#3978=ORIENTED_EDGE('',*,*,#2869,.F.);
#3979=ORIENTED_EDGE('',*,*,#2871,.T.);
#3980=ORIENTED_EDGE('',*,*,#2872,.F.);
#3981=ORIENTED_EDGE('',*,*,#2873,.T.);
#3982=ORIENTED_EDGE('',*,*,#2874,.F.);
#3983=ORIENTED_EDGE('',*,*,#2871,.F.);
#3984=ORIENTED_EDGE('',*,*,#2875,.F.);
#3985=ORIENTED_EDGE('',*,*,#2873,.F.);
#3986=ORIENTED_EDGE('',*,*,#2876,.F.);
#3987=ORIENTED_EDGE('',*,*,#2877,.F.);
#3988=ORIENTED_EDGE('',*,*,#2878,.T.);
#3989=ORIENTED_EDGE('',*,*,#2879,.F.);
#3990=ORIENTED_EDGE('',*,*,#2880,.F.);
#3991=ORIENTED_EDGE('',*,*,#2881,.F.);
#3992=ORIENTED_EDGE('',*,*,#2880,.T.);
#3993=ORIENTED_EDGE('',*,*,#2882,.F.);
#3994=ORIENTED_EDGE('',*,*,#2883,.F.);
#3995=ORIENTED_EDGE('',*,*,#2884,.F.);
#3996=ORIENTED_EDGE('',*,*,#2883,.T.);
#3997=ORIENTED_EDGE('',*,*,#2885,.F.);
#3998=ORIENTED_EDGE('',*,*,#2886,.F.);
#3999=ORIENTED_EDGE('',*,*,#2887,.T.);
#4000=ORIENTED_EDGE('',*,*,#2886,.T.);
#4001=ORIENTED_EDGE('',*,*,#2888,.F.);
#4002=ORIENTED_EDGE('',*,*,#2889,.F.);
#4003=ORIENTED_EDGE('',*,*,#2890,.F.);
#4004=ORIENTED_EDGE('',*,*,#2889,.T.);
#4005=ORIENTED_EDGE('',*,*,#2891,.F.);
#4006=ORIENTED_EDGE('',*,*,#2878,.F.);
#4007=ORIENTED_EDGE('',*,*,#2891,.T.);
#4008=ORIENTED_EDGE('',*,*,#2888,.T.);
#4009=ORIENTED_EDGE('',*,*,#2885,.T.);
#4010=ORIENTED_EDGE('',*,*,#2882,.T.);
#4011=ORIENTED_EDGE('',*,*,#2879,.T.);
#4012=ORIENTED_EDGE('',*,*,#2876,.T.);
#4013=ORIENTED_EDGE('',*,*,#2872,.T.);
#4014=ORIENTED_EDGE('',*,*,#2875,.T.);
#4015=ORIENTED_EDGE('',*,*,#2874,.T.);
#4016=ORIENTED_EDGE('',*,*,#2890,.T.);
#4017=ORIENTED_EDGE('',*,*,#2877,.T.);
#4018=ORIENTED_EDGE('',*,*,#2881,.T.);
#4019=ORIENTED_EDGE('',*,*,#2884,.T.);
#4020=ORIENTED_EDGE('',*,*,#2887,.F.);
#4021=ORIENTED_EDGE('',*,*,#2892,.F.);
#4022=ORIENTED_EDGE('',*,*,#2893,.T.);
#4023=ORIENTED_EDGE('',*,*,#2894,.F.);
#4024=ORIENTED_EDGE('',*,*,#2895,.T.);
#4025=ORIENTED_EDGE('',*,*,#2892,.T.);
#4026=ORIENTED_EDGE('',*,*,#2896,.T.);
#4027=ORIENTED_EDGE('',*,*,#2894,.T.);
#4028=ORIENTED_EDGE('',*,*,#2897,.T.);
#4029=ORIENTED_EDGE('',*,*,#2898,.T.);
#4030=ORIENTED_EDGE('',*,*,#2899,.T.);
#4031=ORIENTED_EDGE('',*,*,#2900,.T.);
#4032=ORIENTED_EDGE('',*,*,#2901,.F.);
#4033=ORIENTED_EDGE('',*,*,#2902,.T.);
#4034=ORIENTED_EDGE('',*,*,#2903,.T.);
#4035=ORIENTED_EDGE('',*,*,#2904,.T.);
#4036=ORIENTED_EDGE('',*,*,#2899,.F.);
#4037=ORIENTED_EDGE('',*,*,#2905,.T.);
#4038=ORIENTED_EDGE('',*,*,#2906,.T.);
#4039=ORIENTED_EDGE('',*,*,#2907,.T.);
#4040=ORIENTED_EDGE('',*,*,#2903,.F.);
#4041=ORIENTED_EDGE('',*,*,#2908,.F.);
#4042=ORIENTED_EDGE('',*,*,#2909,.T.);
#4043=ORIENTED_EDGE('',*,*,#2910,.T.);
#4044=ORIENTED_EDGE('',*,*,#2906,.F.);
#4045=ORIENTED_EDGE('',*,*,#2911,.T.);
#4046=ORIENTED_EDGE('',*,*,#2901,.T.);
#4047=ORIENTED_EDGE('',*,*,#2912,.T.);
#4048=ORIENTED_EDGE('',*,*,#2909,.F.);
#4049=ORIENTED_EDGE('',*,*,#2912,.F.);
#4050=ORIENTED_EDGE('',*,*,#2900,.F.);
#4051=ORIENTED_EDGE('',*,*,#2904,.F.);
#4052=ORIENTED_EDGE('',*,*,#2907,.F.);
#4053=ORIENTED_EDGE('',*,*,#2910,.F.);
#4054=ORIENTED_EDGE('',*,*,#2897,.F.);
#4055=ORIENTED_EDGE('',*,*,#2893,.F.);
#4056=ORIENTED_EDGE('',*,*,#2896,.F.);
#4057=ORIENTED_EDGE('',*,*,#2895,.F.);
#4058=ORIENTED_EDGE('',*,*,#2911,.F.);
#4059=ORIENTED_EDGE('',*,*,#2908,.T.);
#4060=ORIENTED_EDGE('',*,*,#2905,.F.);
#4061=ORIENTED_EDGE('',*,*,#2902,.F.);
#4062=ORIENTED_EDGE('',*,*,#2898,.F.);
#4063=ORIENTED_EDGE('',*,*,#2913,.T.);
#4064=ORIENTED_EDGE('',*,*,#2913,.F.);
#4065=ORIENTED_EDGE('',*,*,#2914,.T.);
#4066=ORIENTED_EDGE('',*,*,#2915,.T.);
#4067=ORIENTED_EDGE('',*,*,#2914,.F.);
#4068=ORIENTED_EDGE('',*,*,#2915,.F.);
#4069=ORIENTED_EDGE('',*,*,#2916,.T.);
#4070=ORIENTED_EDGE('',*,*,#2916,.F.);
#4071=ORIENTED_EDGE('',*,*,#2917,.T.);
#4072=ORIENTED_EDGE('',*,*,#2918,.F.);
#4073=ORIENTED_EDGE('',*,*,#2917,.F.);
#4074=ORIENTED_EDGE('',*,*,#2918,.T.);
#4075=ORIENTED_EDGE('',*,*,#2919,.T.);
#4076=ORIENTED_EDGE('',*,*,#2920,.T.);
#4077=ORIENTED_EDGE('',*,*,#2921,.F.);
#4078=ORIENTED_EDGE('',*,*,#2920,.F.);
#4079=ORIENTED_EDGE('',*,*,#2921,.T.);
#4080=ORIENTED_EDGE('',*,*,#2919,.F.);
#4081=ORIENTED_EDGE('',*,*,#2922,.T.);
#4082=ORIENTED_EDGE('',*,*,#2923,.T.);
#4083=ORIENTED_EDGE('',*,*,#2924,.T.);
#4084=ORIENTED_EDGE('',*,*,#2925,.F.);
#4085=ORIENTED_EDGE('',*,*,#2926,.T.);
#4086=ORIENTED_EDGE('',*,*,#2925,.T.);
#4087=ORIENTED_EDGE('',*,*,#2927,.T.);
#4088=ORIENTED_EDGE('',*,*,#2928,.F.);
#4089=ORIENTED_EDGE('',*,*,#2929,.T.);
#4090=ORIENTED_EDGE('',*,*,#2928,.T.);
#4091=ORIENTED_EDGE('',*,*,#2930,.T.);
#4092=ORIENTED_EDGE('',*,*,#2931,.F.);
#4093=ORIENTED_EDGE('',*,*,#2932,.T.);
#4094=ORIENTED_EDGE('',*,*,#2933,.T.);
#4095=ORIENTED_EDGE('',*,*,#2934,.T.);
#4096=ORIENTED_EDGE('',*,*,#2923,.F.);
#4097=ORIENTED_EDGE('',*,*,#2935,.T.);
#4098=ORIENTED_EDGE('',*,*,#2936,.T.);
#4099=ORIENTED_EDGE('',*,*,#2937,.T.);
#4100=ORIENTED_EDGE('',*,*,#2933,.F.);
#4101=ORIENTED_EDGE('',*,*,#2938,.T.);
#4102=ORIENTED_EDGE('',*,*,#2931,.T.);
#4103=ORIENTED_EDGE('',*,*,#2939,.T.);
#4104=ORIENTED_EDGE('',*,*,#2936,.F.);
#4105=ORIENTED_EDGE('',*,*,#2940,.F.);
#4106=ORIENTED_EDGE('',*,*,#2930,.F.);
#4107=ORIENTED_EDGE('',*,*,#2927,.F.);
#4108=ORIENTED_EDGE('',*,*,#2924,.F.);
#4109=ORIENTED_EDGE('',*,*,#2934,.F.);
#4110=ORIENTED_EDGE('',*,*,#2937,.F.);
#4111=ORIENTED_EDGE('',*,*,#2939,.F.);
#4112=ORIENTED_EDGE('',*,*,#2941,.T.);
#4113=ORIENTED_EDGE('',*,*,#2942,.F.);
#4114=ORIENTED_EDGE('',*,*,#2943,.F.);
#4115=ORIENTED_EDGE('',*,*,#2944,.F.);
#4116=ORIENTED_EDGE('',*,*,#2945,.T.);
#4117=ORIENTED_EDGE('',*,*,#2944,.T.);
#4118=ORIENTED_EDGE('',*,*,#2946,.F.);
#4119=ORIENTED_EDGE('',*,*,#2947,.F.);
#4120=ORIENTED_EDGE('',*,*,#2948,.T.);
#4121=ORIENTED_EDGE('',*,*,#2947,.T.);
#4122=ORIENTED_EDGE('',*,*,#2949,.F.);
#4123=ORIENTED_EDGE('',*,*,#2950,.F.);
#4124=ORIENTED_EDGE('',*,*,#2951,.F.);
#4125=ORIENTED_EDGE('',*,*,#2949,.T.);
#4126=ORIENTED_EDGE('',*,*,#2946,.T.);
#4127=ORIENTED_EDGE('',*,*,#2943,.T.);
#4128=ORIENTED_EDGE('',*,*,#2952,.F.);
#4129=ORIENTED_EDGE('',*,*,#2941,.F.);
#4130=ORIENTED_EDGE('',*,*,#2945,.F.);
#4131=ORIENTED_EDGE('',*,*,#2948,.F.);
#4132=ORIENTED_EDGE('',*,*,#2953,.T.);
#4133=ORIENTED_EDGE('',*,*,#2954,.F.);
#4134=ORIENTED_EDGE('',*,*,#2955,.F.);
#4135=ORIENTED_EDGE('',*,*,#2956,.F.);
#4136=ORIENTED_EDGE('',*,*,#2957,.T.);
#4137=ORIENTED_EDGE('',*,*,#2956,.T.);
#4138=ORIENTED_EDGE('',*,*,#2958,.F.);
#4139=ORIENTED_EDGE('',*,*,#2959,.F.);
#4140=ORIENTED_EDGE('',*,*,#2960,.T.);
#4141=ORIENTED_EDGE('',*,*,#2959,.T.);
#4142=ORIENTED_EDGE('',*,*,#2961,.F.);
#4143=ORIENTED_EDGE('',*,*,#2962,.F.);
#4144=ORIENTED_EDGE('',*,*,#2961,.T.);
#4145=ORIENTED_EDGE('',*,*,#2958,.T.);
#4146=ORIENTED_EDGE('',*,*,#2955,.T.);
#4147=ORIENTED_EDGE('',*,*,#2963,.F.);
#4148=ORIENTED_EDGE('',*,*,#2960,.F.);
#4149=ORIENTED_EDGE('',*,*,#2964,.F.);
#4150=ORIENTED_EDGE('',*,*,#2953,.F.);
#4151=ORIENTED_EDGE('',*,*,#2957,.F.);
#4152=ORIENTED_EDGE('',*,*,#2965,.F.);
#4153=ORIENTED_EDGE('',*,*,#2966,.F.);
#4154=ORIENTED_EDGE('',*,*,#2967,.F.);
#4155=ORIENTED_EDGE('',*,*,#2968,.F.);
#4156=ORIENTED_EDGE('',*,*,#2969,.T.);
#4157=ORIENTED_EDGE('',*,*,#2968,.T.);
#4158=ORIENTED_EDGE('',*,*,#2970,.F.);
#4159=ORIENTED_EDGE('',*,*,#2971,.F.);
#4160=ORIENTED_EDGE('',*,*,#2972,.F.);
#4161=ORIENTED_EDGE('',*,*,#2971,.T.);
#4162=ORIENTED_EDGE('',*,*,#2973,.F.);
#4163=ORIENTED_EDGE('',*,*,#2974,.F.);
#4164=ORIENTED_EDGE('',*,*,#2975,.F.);
#4165=ORIENTED_EDGE('',*,*,#2973,.T.);
#4166=ORIENTED_EDGE('',*,*,#2970,.T.);
#4167=ORIENTED_EDGE('',*,*,#2967,.T.);
#4168=ORIENTED_EDGE('',*,*,#2976,.F.);
#4169=ORIENTED_EDGE('',*,*,#2965,.T.);
#4170=ORIENTED_EDGE('',*,*,#2969,.F.);
#4171=ORIENTED_EDGE('',*,*,#2972,.T.);
#4172=ORIENTED_EDGE('',*,*,#2977,.F.);
#4173=ORIENTED_EDGE('',*,*,#2978,.F.);
#4174=ORIENTED_EDGE('',*,*,#2979,.F.);
#4175=ORIENTED_EDGE('',*,*,#2980,.F.);
#4176=ORIENTED_EDGE('',*,*,#2981,.T.);
#4177=ORIENTED_EDGE('',*,*,#2980,.T.);
#4178=ORIENTED_EDGE('',*,*,#2982,.F.);
#4179=ORIENTED_EDGE('',*,*,#2983,.F.);
#4180=ORIENTED_EDGE('',*,*,#2984,.F.);
#4181=ORIENTED_EDGE('',*,*,#2983,.T.);
#4182=ORIENTED_EDGE('',*,*,#2985,.F.);
#4183=ORIENTED_EDGE('',*,*,#2986,.F.);
#4184=ORIENTED_EDGE('',*,*,#2987,.F.);
#4185=ORIENTED_EDGE('',*,*,#2985,.T.);
#4186=ORIENTED_EDGE('',*,*,#2982,.T.);
#4187=ORIENTED_EDGE('',*,*,#2979,.T.);
#4188=ORIENTED_EDGE('',*,*,#2988,.F.);
#4189=ORIENTED_EDGE('',*,*,#2977,.T.);
#4190=ORIENTED_EDGE('',*,*,#2981,.F.);
#4191=ORIENTED_EDGE('',*,*,#2984,.T.);
#4192=ORIENTED_EDGE('',*,*,#2989,.T.);
#4193=ORIENTED_EDGE('',*,*,#2990,.T.);
#4194=ORIENTED_EDGE('',*,*,#2991,.T.);
#4195=ORIENTED_EDGE('',*,*,#2992,.T.);
#4196=ORIENTED_EDGE('',*,*,#2993,.T.);
#4197=ORIENTED_EDGE('',*,*,#2989,.F.);
#4198=ORIENTED_EDGE('',*,*,#2994,.T.);
#4199=ORIENTED_EDGE('',*,*,#2995,.F.);
#4200=ORIENTED_EDGE('',*,*,#2991,.F.);
#4201=ORIENTED_EDGE('',*,*,#2996,.F.);
#4202=ORIENTED_EDGE('',*,*,#2997,.T.);
#4203=ORIENTED_EDGE('',*,*,#2990,.F.);
#4204=ORIENTED_EDGE('',*,*,#2998,.F.);
#4205=ORIENTED_EDGE('',*,*,#2999,.F.);
#4206=ORIENTED_EDGE('',*,*,#2926,.F.);
#4207=ORIENTED_EDGE('',*,*,#2929,.F.);
#4208=ORIENTED_EDGE('',*,*,#2938,.F.);
#4209=ORIENTED_EDGE('',*,*,#2935,.F.);
#4210=ORIENTED_EDGE('',*,*,#2932,.F.);
#4211=ORIENTED_EDGE('',*,*,#2922,.F.);
#4212=ORIENTED_EDGE('',*,*,#2940,.T.);
#4213=ORIENTED_EDGE('',*,*,#3000,.T.);
#4214=ORIENTED_EDGE('',*,*,#2992,.F.);
#4215=ORIENTED_EDGE('',*,*,#2997,.F.);
#4216=ORIENTED_EDGE('',*,*,#2994,.F.);
#4217=ORIENTED_EDGE('',*,*,#2993,.F.);
#4218=ORIENTED_EDGE('',*,*,#3000,.F.);
#4219=ORIENTED_EDGE('',*,*,#2996,.T.);
#4220=ORIENTED_EDGE('',*,*,#2999,.T.);
#4221=ORIENTED_EDGE('',*,*,#3001,.T.);
#4222=ORIENTED_EDGE('',*,*,#3002,.F.);
#4223=ORIENTED_EDGE('',*,*,#3003,.F.);
#4224=ORIENTED_EDGE('',*,*,#3004,.F.);
#4225=ORIENTED_EDGE('',*,*,#3001,.F.);
#4226=ORIENTED_EDGE('',*,*,#2998,.T.);
#4227=ORIENTED_EDGE('',*,*,#2995,.T.);
#4228=ORIENTED_EDGE('',*,*,#2950,.T.);
#4229=ORIENTED_EDGE('',*,*,#2951,.T.);
#4230=ORIENTED_EDGE('',*,*,#2942,.T.);
#4231=ORIENTED_EDGE('',*,*,#2952,.T.);
#4232=ORIENTED_EDGE('',*,*,#2962,.T.);
#4233=ORIENTED_EDGE('',*,*,#2963,.T.);
#4234=ORIENTED_EDGE('',*,*,#2954,.T.);
#4235=ORIENTED_EDGE('',*,*,#2964,.T.);
#4236=ORIENTED_EDGE('',*,*,#2974,.T.);
#4237=ORIENTED_EDGE('',*,*,#2975,.T.);
#4238=ORIENTED_EDGE('',*,*,#2966,.T.);
#4239=ORIENTED_EDGE('',*,*,#2976,.T.);
#4240=ORIENTED_EDGE('',*,*,#2986,.T.);
#4241=ORIENTED_EDGE('',*,*,#2987,.T.);
#4242=ORIENTED_EDGE('',*,*,#2978,.T.);
#4243=ORIENTED_EDGE('',*,*,#2988,.T.);
#4244=ORIENTED_EDGE('',*,*,#3005,.F.);
#4245=ORIENTED_EDGE('',*,*,#3002,.T.);
#4246=ORIENTED_EDGE('',*,*,#3004,.T.);
#4247=ORIENTED_EDGE('',*,*,#3006,.F.);
#4248=ORIENTED_EDGE('',*,*,#3007,.F.);
#4249=ORIENTED_EDGE('',*,*,#3008,.F.);
#4250=ORIENTED_EDGE('',*,*,#3009,.T.);
#4251=ORIENTED_EDGE('',*,*,#3007,.T.);
#4252=ORIENTED_EDGE('',*,*,#3009,.F.);
#4253=ORIENTED_EDGE('',*,*,#3010,.F.);
#4254=ORIENTED_EDGE('',*,*,#3011,.T.);
#4255=ORIENTED_EDGE('',*,*,#3006,.T.);
#4256=ORIENTED_EDGE('',*,*,#3012,.T.);
#4257=ORIENTED_EDGE('',*,*,#3005,.T.);
#4258=ORIENTED_EDGE('',*,*,#3011,.F.);
#4259=ORIENTED_EDGE('',*,*,#3010,.T.);
#4260=ORIENTED_EDGE('',*,*,#3008,.T.);
#4261=ORIENTED_EDGE('',*,*,#3003,.T.);
#4262=ORIENTED_EDGE('',*,*,#3012,.F.);
#4263=ORIENTED_EDGE('',*,*,#3013,.T.);
#4264=ORIENTED_EDGE('',*,*,#3014,.T.);
#4265=ORIENTED_EDGE('',*,*,#3015,.T.);
#4266=ORIENTED_EDGE('',*,*,#3016,.T.);
#4267=ORIENTED_EDGE('',*,*,#3015,.F.);
#4268=ORIENTED_EDGE('',*,*,#3017,.F.);
#4269=ORIENTED_EDGE('',*,*,#3018,.F.);
#4270=ORIENTED_EDGE('',*,*,#3019,.F.);
#4271=ORIENTED_EDGE('',*,*,#3020,.T.);
#4272=ORIENTED_EDGE('',*,*,#3021,.T.);
#4273=ORIENTED_EDGE('',*,*,#3014,.F.);
#4274=ORIENTED_EDGE('',*,*,#3022,.T.);
#4275=ORIENTED_EDGE('',*,*,#3023,.F.);
#4276=ORIENTED_EDGE('',*,*,#3017,.T.);
#4277=ORIENTED_EDGE('',*,*,#3018,.T.);
#4278=ORIENTED_EDGE('',*,*,#3023,.T.);
#4279=ORIENTED_EDGE('',*,*,#3024,.T.);
#4280=ORIENTED_EDGE('',*,*,#3025,.T.);
#4281=ORIENTED_EDGE('',*,*,#3016,.F.);
#4282=ORIENTED_EDGE('',*,*,#3021,.F.);
#4283=ORIENTED_EDGE('',*,*,#3026,.T.);
#4284=ORIENTED_EDGE('',*,*,#3027,.T.);
#4285=ORIENTED_EDGE('',*,*,#3025,.F.);
#4286=ORIENTED_EDGE('',*,*,#3028,.F.);
#4287=ORIENTED_EDGE('',*,*,#3029,.T.);
#4288=ORIENTED_EDGE('',*,*,#3019,.T.);
#4289=ORIENTED_EDGE('',*,*,#3013,.F.);
#4290=ORIENTED_EDGE('',*,*,#3027,.F.);
#4291=ORIENTED_EDGE('',*,*,#3030,.T.);
#4292=ORIENTED_EDGE('',*,*,#3028,.T.);
#4293=ORIENTED_EDGE('',*,*,#3024,.F.);
#4294=ORIENTED_EDGE('',*,*,#3022,.F.);
#4295=ORIENTED_EDGE('',*,*,#3030,.F.);
#4296=ORIENTED_EDGE('',*,*,#3026,.F.);
#4297=ORIENTED_EDGE('',*,*,#3020,.F.);
#4298=ORIENTED_EDGE('',*,*,#3029,.F.);
#4299=ORIENTED_EDGE('',*,*,#3031,.T.);
#4300=ORIENTED_EDGE('',*,*,#3032,.T.);
#4301=ORIENTED_EDGE('',*,*,#3033,.T.);
#4302=ORIENTED_EDGE('',*,*,#3034,.T.);
#4303=ORIENTED_EDGE('',*,*,#3033,.F.);
#4304=ORIENTED_EDGE('',*,*,#3035,.F.);
#4305=ORIENTED_EDGE('',*,*,#3036,.F.);
#4306=ORIENTED_EDGE('',*,*,#3037,.F.);
#4307=ORIENTED_EDGE('',*,*,#3038,.T.);
#4308=ORIENTED_EDGE('',*,*,#3039,.T.);
#4309=ORIENTED_EDGE('',*,*,#3032,.F.);
#4310=ORIENTED_EDGE('',*,*,#3040,.T.);
#4311=ORIENTED_EDGE('',*,*,#3041,.F.);
#4312=ORIENTED_EDGE('',*,*,#3035,.T.);
#4313=ORIENTED_EDGE('',*,*,#3036,.T.);
#4314=ORIENTED_EDGE('',*,*,#3041,.T.);
#4315=ORIENTED_EDGE('',*,*,#3042,.T.);
#4316=ORIENTED_EDGE('',*,*,#3043,.T.);
#4317=ORIENTED_EDGE('',*,*,#3044,.F.);
#4318=ORIENTED_EDGE('',*,*,#3045,.T.);
#4319=ORIENTED_EDGE('',*,*,#3046,.F.);
#4320=ORIENTED_EDGE('',*,*,#3045,.F.);
#4321=ORIENTED_EDGE('',*,*,#3044,.T.);
#4322=ORIENTED_EDGE('',*,*,#3031,.F.);
#4323=ORIENTED_EDGE('',*,*,#3047,.F.);
#4324=ORIENTED_EDGE('',*,*,#3048,.F.);
#4325=ORIENTED_EDGE('',*,*,#3049,.T.);
#4326=ORIENTED_EDGE('',*,*,#3042,.F.);
#4327=ORIENTED_EDGE('',*,*,#3040,.F.);
#4328=ORIENTED_EDGE('',*,*,#3046,.T.);
#4329=ORIENTED_EDGE('',*,*,#3034,.F.);
#4330=ORIENTED_EDGE('',*,*,#3039,.F.);
#4331=ORIENTED_EDGE('',*,*,#3050,.F.);
#4332=ORIENTED_EDGE('',*,*,#3047,.T.);
#4333=ORIENTED_EDGE('',*,*,#3043,.F.);
#4334=ORIENTED_EDGE('',*,*,#3049,.F.);
#4335=ORIENTED_EDGE('',*,*,#3051,.T.);
#4336=ORIENTED_EDGE('',*,*,#3037,.T.);
#4337=ORIENTED_EDGE('',*,*,#3051,.F.);
#4338=ORIENTED_EDGE('',*,*,#3048,.T.);
#4339=ORIENTED_EDGE('',*,*,#3050,.T.);
#4340=ORIENTED_EDGE('',*,*,#3038,.F.);
#4341=ORIENTED_EDGE('',*,*,#3052,.T.);
#4342=ORIENTED_EDGE('',*,*,#3053,.T.);
#4343=ORIENTED_EDGE('',*,*,#3054,.F.);
#4344=ORIENTED_EDGE('',*,*,#3055,.F.);
#4345=ORIENTED_EDGE('',*,*,#3056,.T.);
#4346=ORIENTED_EDGE('',*,*,#3055,.T.);
#4347=ORIENTED_EDGE('',*,*,#3057,.F.);
#4348=ORIENTED_EDGE('',*,*,#3058,.F.);
#4349=ORIENTED_EDGE('',*,*,#3059,.T.);
#4350=ORIENTED_EDGE('',*,*,#3058,.T.);
#4351=ORIENTED_EDGE('',*,*,#3060,.F.);
#4352=ORIENTED_EDGE('',*,*,#3061,.F.);
#4353=ORIENTED_EDGE('',*,*,#3062,.T.);
#4354=ORIENTED_EDGE('',*,*,#3061,.T.);
#4355=ORIENTED_EDGE('',*,*,#3063,.F.);
#4356=ORIENTED_EDGE('',*,*,#3053,.F.);
#4357=ORIENTED_EDGE('',*,*,#3064,.T.);
#4358=ORIENTED_EDGE('',*,*,#3065,.T.);
#4359=ORIENTED_EDGE('',*,*,#3066,.F.);
#4360=ORIENTED_EDGE('',*,*,#3067,.F.);
#4361=ORIENTED_EDGE('',*,*,#3068,.T.);
#4362=ORIENTED_EDGE('',*,*,#3067,.T.);
#4363=ORIENTED_EDGE('',*,*,#3069,.F.);
#4364=ORIENTED_EDGE('',*,*,#3070,.F.);
#4365=ORIENTED_EDGE('',*,*,#3071,.T.);
#4366=ORIENTED_EDGE('',*,*,#3070,.T.);
#4367=ORIENTED_EDGE('',*,*,#3072,.F.);
#4368=ORIENTED_EDGE('',*,*,#3073,.F.);
#4369=ORIENTED_EDGE('',*,*,#3074,.T.);
#4370=ORIENTED_EDGE('',*,*,#3073,.T.);
#4371=ORIENTED_EDGE('',*,*,#3075,.F.);
#4372=ORIENTED_EDGE('',*,*,#3065,.F.);
#4373=ORIENTED_EDGE('',*,*,#3075,.T.);
#4374=ORIENTED_EDGE('',*,*,#3072,.T.);
#4375=ORIENTED_EDGE('',*,*,#3069,.T.);
#4376=ORIENTED_EDGE('',*,*,#3066,.T.);
#4377=ORIENTED_EDGE('',*,*,#3063,.T.);
#4378=ORIENTED_EDGE('',*,*,#3060,.T.);
#4379=ORIENTED_EDGE('',*,*,#3057,.T.);
#4380=ORIENTED_EDGE('',*,*,#3054,.T.);
#4381=ORIENTED_EDGE('',*,*,#3074,.F.);
#4382=ORIENTED_EDGE('',*,*,#3064,.F.);
#4383=ORIENTED_EDGE('',*,*,#3068,.F.);
#4384=ORIENTED_EDGE('',*,*,#3071,.F.);
#4385=ORIENTED_EDGE('',*,*,#3062,.F.);
#4386=ORIENTED_EDGE('',*,*,#3052,.F.);
#4387=ORIENTED_EDGE('',*,*,#3056,.F.);
#4388=ORIENTED_EDGE('',*,*,#3059,.F.);
#4389=ORIENTED_EDGE('',*,*,#3076,.T.);
#4390=ORIENTED_EDGE('',*,*,#3077,.T.);
#4391=ORIENTED_EDGE('',*,*,#3078,.T.);
#4392=ORIENTED_EDGE('',*,*,#3079,.T.);
#4393=ORIENTED_EDGE('',*,*,#3078,.F.);
#4394=ORIENTED_EDGE('',*,*,#3080,.F.);
#4395=ORIENTED_EDGE('',*,*,#3081,.F.);
#4396=ORIENTED_EDGE('',*,*,#3082,.F.);
#4397=ORIENTED_EDGE('',*,*,#3083,.F.);
#4398=ORIENTED_EDGE('',*,*,#3084,.T.);
#4399=ORIENTED_EDGE('',*,*,#3077,.F.);
#4400=ORIENTED_EDGE('',*,*,#3085,.T.);
#4401=ORIENTED_EDGE('',*,*,#3086,.F.);
#4402=ORIENTED_EDGE('',*,*,#3080,.T.);
#4403=ORIENTED_EDGE('',*,*,#3081,.T.);
#4404=ORIENTED_EDGE('',*,*,#3086,.T.);
#4405=ORIENTED_EDGE('',*,*,#3087,.T.);
#4406=ORIENTED_EDGE('',*,*,#3088,.T.);
#4407=ORIENTED_EDGE('',*,*,#3088,.F.);
#4408=ORIENTED_EDGE('',*,*,#3089,.F.);
#4409=ORIENTED_EDGE('',*,*,#3090,.F.);
#4410=ORIENTED_EDGE('',*,*,#3082,.T.);
#4411=ORIENTED_EDGE('',*,*,#3076,.F.);
#4412=ORIENTED_EDGE('',*,*,#3091,.F.);
#4413=ORIENTED_EDGE('',*,*,#3092,.F.);
#4414=ORIENTED_EDGE('',*,*,#3089,.T.);
#4415=ORIENTED_EDGE('',*,*,#3087,.F.);
#4416=ORIENTED_EDGE('',*,*,#3085,.F.);
#4417=ORIENTED_EDGE('',*,*,#3079,.F.);
#4418=ORIENTED_EDGE('',*,*,#3084,.F.);
#4419=ORIENTED_EDGE('',*,*,#3093,.F.);
#4420=ORIENTED_EDGE('',*,*,#3091,.T.);
#4421=ORIENTED_EDGE('',*,*,#3093,.T.);
#4422=ORIENTED_EDGE('',*,*,#3083,.T.);
#4423=ORIENTED_EDGE('',*,*,#3090,.T.);
#4424=ORIENTED_EDGE('',*,*,#3092,.T.);
#4425=ORIENTED_EDGE('',*,*,#3094,.T.);
#4426=ORIENTED_EDGE('',*,*,#3095,.F.);
#4427=ORIENTED_EDGE('',*,*,#3096,.T.);
#4428=ORIENTED_EDGE('',*,*,#3097,.F.);
#4429=ORIENTED_EDGE('',*,*,#3098,.T.);
#4430=ORIENTED_EDGE('',*,*,#3099,.F.);
#4431=ORIENTED_EDGE('',*,*,#3100,.T.);
#4432=ORIENTED_EDGE('',*,*,#3101,.F.);
#4433=ORIENTED_EDGE('',*,*,#3102,.T.);
#4434=ORIENTED_EDGE('',*,*,#3097,.T.);
#4435=ORIENTED_EDGE('',*,*,#3103,.T.);
#4436=ORIENTED_EDGE('',*,*,#3099,.T.);
#4437=ORIENTED_EDGE('',*,*,#3096,.F.);
#4438=ORIENTED_EDGE('',*,*,#3104,.F.);
#4439=ORIENTED_EDGE('',*,*,#3100,.F.);
#4440=ORIENTED_EDGE('',*,*,#3103,.F.);
#4441=ORIENTED_EDGE('',*,*,#3094,.F.);
#4442=ORIENTED_EDGE('',*,*,#3102,.F.);
#4443=ORIENTED_EDGE('',*,*,#3098,.F.);
#4444=ORIENTED_EDGE('',*,*,#3105,.T.);
#4445=ORIENTED_EDGE('',*,*,#3104,.T.);
#4446=ORIENTED_EDGE('',*,*,#3095,.T.);
#4447=ORIENTED_EDGE('',*,*,#3105,.F.);
#4448=ORIENTED_EDGE('',*,*,#3101,.T.);
#4449=ORIENTED_EDGE('',*,*,#3106,.F.);
#4450=ORIENTED_EDGE('',*,*,#3107,.T.);
#4451=ORIENTED_EDGE('',*,*,#3108,.F.);
#4452=ORIENTED_EDGE('',*,*,#3109,.F.);
#4453=ORIENTED_EDGE('',*,*,#3110,.F.);
#4454=ORIENTED_EDGE('',*,*,#3109,.T.);
#4455=ORIENTED_EDGE('',*,*,#3111,.F.);
#4456=ORIENTED_EDGE('',*,*,#3112,.F.);
#4457=ORIENTED_EDGE('',*,*,#3113,.F.);
#4458=ORIENTED_EDGE('',*,*,#3112,.T.);
#4459=ORIENTED_EDGE('',*,*,#3114,.F.);
#4460=ORIENTED_EDGE('',*,*,#3115,.F.);
#4461=ORIENTED_EDGE('',*,*,#3116,.F.);
#4462=ORIENTED_EDGE('',*,*,#3115,.T.);
#4463=ORIENTED_EDGE('',*,*,#3117,.F.);
#4464=ORIENTED_EDGE('',*,*,#3118,.F.);
#4465=ORIENTED_EDGE('',*,*,#3119,.F.);
#4466=ORIENTED_EDGE('',*,*,#3118,.T.);
#4467=ORIENTED_EDGE('',*,*,#3120,.F.);
#4468=ORIENTED_EDGE('',*,*,#3121,.F.);
#4469=ORIENTED_EDGE('',*,*,#3122,.F.);
#4470=ORIENTED_EDGE('',*,*,#3121,.T.);
#4471=ORIENTED_EDGE('',*,*,#3123,.F.);
#4472=ORIENTED_EDGE('',*,*,#3107,.F.);
#4473=ORIENTED_EDGE('',*,*,#3124,.F.);
#4474=ORIENTED_EDGE('',*,*,#3125,.T.);
#4475=ORIENTED_EDGE('',*,*,#3126,.F.);
#4476=ORIENTED_EDGE('',*,*,#3125,.F.);
#4477=ORIENTED_EDGE('',*,*,#3124,.T.);
#4478=ORIENTED_EDGE('',*,*,#3123,.T.);
#4479=ORIENTED_EDGE('',*,*,#3120,.T.);
#4480=ORIENTED_EDGE('',*,*,#3117,.T.);
#4481=ORIENTED_EDGE('',*,*,#3114,.T.);
#4482=ORIENTED_EDGE('',*,*,#3111,.T.);
#4483=ORIENTED_EDGE('',*,*,#3108,.T.);
#4484=ORIENTED_EDGE('',*,*,#3126,.T.);
#4485=ORIENTED_EDGE('',*,*,#3122,.T.);
#4486=ORIENTED_EDGE('',*,*,#3106,.T.);
#4487=ORIENTED_EDGE('',*,*,#3110,.T.);
#4488=ORIENTED_EDGE('',*,*,#3113,.T.);
#4489=ORIENTED_EDGE('',*,*,#3116,.T.);
#4490=ORIENTED_EDGE('',*,*,#3119,.T.);
#4491=PLANE('',#5087);
#4492=PLANE('',#5088);
#4493=PLANE('',#5092);
#4494=PLANE('',#5093);
#4495=PLANE('',#5094);
#4496=PLANE('',#5098);
#4497=PLANE('',#5102);
#4498=PLANE('',#5103);
#4499=PLANE('',#5104);
#4500=PLANE('',#5105);
#4501=PLANE('',#5112);
#4502=PLANE('',#5113);
#4503=PLANE('',#5114);
#4504=PLANE('',#5121);
#4505=PLANE('',#5122);
#4506=PLANE('',#5123);
#4507=PLANE('',#5126);
#4508=PLANE('',#5127);
#4509=PLANE('',#5128);
#4510=PLANE('',#5131);
#4511=PLANE('',#5132);
#4512=PLANE('',#5133);
#4513=PLANE('',#5134);
#4514=PLANE('',#5135);
#4515=PLANE('',#5139);
#4516=PLANE('',#5140);
#4517=PLANE('',#5144);
#4518=PLANE('',#5145);
#4519=PLANE('',#5146);
#4520=PLANE('',#5147);
#4521=PLANE('',#5149);
#4522=PLANE('',#5150);
#4523=PLANE('',#5151);
#4524=PLANE('',#5152);
#4525=PLANE('',#5153);
#4526=PLANE('',#5154);
#4527=PLANE('',#5155);
#4528=PLANE('',#5156);
#4529=PLANE('',#5157);
#4530=PLANE('',#5158);
#4531=PLANE('',#5159);
#4532=PLANE('',#5160);
#4533=PLANE('',#5161);
#4534=PLANE('',#5162);
#4535=PLANE('',#5164);
#4536=PLANE('',#5165);
#4537=PLANE('',#5166);
#4538=PLANE('',#5167);
#4539=PLANE('',#5168);
#4540=PLANE('',#5169);
#4541=PLANE('',#5170);
#4542=PLANE('',#5171);
#4543=PLANE('',#5172);
#4544=PLANE('',#5173);
#4545=PLANE('',#5174);
#4546=PLANE('',#5175);
#4547=PLANE('',#5181);
#4548=PLANE('',#5182);
#4549=PLANE('',#5183);
#4550=PLANE('',#5184);
#4551=PLANE('',#5185);
#4552=PLANE('',#5186);
#4553=PLANE('',#5187);
#4554=PLANE('',#5188);
#4555=PLANE('',#5189);
#4556=PLANE('',#5190);
#4557=PLANE('',#5191);
#4558=PLANE('',#5192);
#4559=PLANE('',#5193);
#4560=PLANE('',#5194);
#4561=PLANE('',#5195);
#4562=PLANE('',#5196);
#4563=PLANE('',#5197);
#4564=PLANE('',#5198);
#4565=PLANE('',#5199);
#4566=PLANE('',#5200);
#4567=PLANE('',#5201);
#4568=PLANE('',#5202);
#4569=PLANE('',#5203);
#4570=PLANE('',#5204);
#4571=PLANE('',#5205);
#4572=PLANE('',#5206);
#4573=PLANE('',#5207);
#4574=PLANE('',#5208);
#4575=PLANE('',#5209);
#4576=PLANE('',#5210);
#4577=PLANE('',#5211);
#4578=PLANE('',#5212);
#4579=PLANE('',#5213);
#4580=PLANE('',#5214);
#4581=PLANE('',#5215);
#4582=PLANE('',#5216);
#4583=PLANE('',#5217);
#4584=PLANE('',#5218);
#4585=PLANE('',#5219);
#4586=PLANE('',#5220);
#4587=PLANE('',#5221);
#4588=PLANE('',#5222);
#4589=PLANE('',#5224);
#4590=PLANE('',#5225);
#4591=PLANE('',#5226);
#4592=PLANE('',#5227);
#4593=PLANE('',#5228);
#4594=PLANE('',#5229);
#4595=PLANE('',#5233);
#4596=PLANE('',#5234);
#4597=PLANE('',#5238);
#4598=PLANE('',#5239);
#4599=PLANE('',#5243);
#4600=PLANE('',#5244);
#4601=PLANE('',#5249);
#4602=PLANE('',#5252);
#4603=PLANE('',#5253);
#4604=PLANE('',#5259);
#4605=PLANE('',#5260);
#4606=PLANE('',#5261);
#4607=PLANE('',#5262);
#4608=PLANE('',#5265);
#4609=PLANE('',#5266);
#4610=PLANE('',#5267);
#4611=PLANE('',#5270);
#4612=PLANE('',#5271);
#4613=PLANE('',#5272);
#4614=PLANE('',#5276);
#4615=PLANE('',#5277);
#4616=PLANE('',#5278);
#4617=PLANE('',#5279);
#4618=PLANE('',#5280);
#4619=PLANE('',#5281);
#4620=PLANE('',#5282);
#4621=PLANE('',#5283);
#4622=PLANE('',#5284);
#4623=PLANE('',#5285);
#4624=PLANE('',#5286);
#4625=PLANE('',#5289);
#4626=PLANE('',#5290);
#4627=PLANE('',#5291);
#4628=PLANE('',#5293);
#4629=PLANE('',#5294);
#4630=PLANE('',#5297);
#4631=PLANE('',#5299);
#4632=PLANE('',#5300);
#4633=PLANE('',#5301);
#4634=PLANE('',#5302);
#4635=PLANE('',#5306);
#4636=PLANE('',#5307);
#4637=PLANE('',#5308);
#4638=PLANE('',#5309);
#4639=PLANE('',#5310);
#4640=PLANE('',#5311);
#4641=PLANE('',#5312);
#4642=PLANE('',#5313);
#4643=PLANE('',#5314);
#4644=PLANE('',#5318);
#4645=PLANE('',#5319);
#4646=PLANE('',#5320);
#4647=PLANE('',#5321);
#4648=PLANE('',#5322);
#4649=PLANE('',#5323);
#4650=PLANE('',#5324);
#4651=PLANE('',#5325);
#4652=PLANE('',#5326);
#4653=PLANE('',#5327);
#4654=PLANE('',#5331);
#4655=PLANE('',#5332);
#4656=PLANE('',#5336);
#4657=PLANE('',#5342);
#4658=PLANE('',#5343);
#4659=PLANE('',#5345);
#4660=PLANE('',#5346);
#4661=PLANE('',#5353);
#4662=PLANE('',#5354);
#4663=PLANE('',#5355);
#4664=PLANE('',#5357);
#4665=PLANE('',#5361);
#4666=PLANE('',#5362);
#4667=PLANE('',#5364);
#4668=PLANE('',#5366);
#4669=PLANE('',#5370);
#4670=PLANE('',#5371);
#4671=PLANE('',#5373);
#4672=PLANE('',#5375);
#4673=PLANE('',#5379);
#4674=PLANE('',#5380);
#4675=PLANE('',#5382);
#4676=PLANE('',#5384);
#4677=PLANE('',#5388);
#4678=PLANE('',#5389);
#4679=PLANE('',#5391);
#4680=PLANE('',#5401);
#4681=PLANE('',#5404);
#4682=PLANE('',#5410);
#4683=PLANE('',#5413);
#4684=PLANE('',#5420);
#4685=PLANE('',#5421);
#4686=PLANE('',#5425);
#4687=PLANE('',#5427);
#4688=PLANE('',#5430);
#4689=PLANE('',#5431);
#4690=PLANE('',#5432);
#4691=PLANE('',#5433);
#4692=PLANE('',#5437);
#4693=PLANE('',#5439);
#4694=PLANE('',#5445);
#4695=PLANE('',#5446);
#4696=PLANE('',#5447);
#4697=PLANE('',#5448);
#4698=PLANE('',#5449);
#4699=PLANE('',#5450);
#4700=PLANE('',#5454);
#4701=PLANE('',#5458);
#4702=PLANE('',#5462);
#4703=PLANE('',#5466);
#4704=PLANE('',#5467);
#4705=PLANE('',#5471);
#4706=PLANE('',#5473);
#4707=PLANE('',#5476);
#4708=PLANE('',#5477);
#4709=PLANE('',#5478);
#4710=PLANE('',#5479);
#4711=PLANE('',#5480);
#4712=PLANE('',#5481);
#4713=PLANE('',#5482);
#4714=PLANE('',#5483);
#4715=PLANE('',#5484);
#4716=PLANE('',#5485);
#4717=PLANE('',#5486);
#4718=PLANE('',#5487);
#4719=PLANE('',#5491);
#4720=PLANE('',#5492);
#4721=PLANE('',#5499);
#4722=PLANE('',#5500);
#4723=ADVANCED_FACE('',(#322),#4491,.T.);
#4724=ADVANCED_FACE('',(#323),#4492,.T.);
#4725=ADVANCED_FACE('',(#324),#271,.T.);
#4726=ADVANCED_FACE('',(#325),#4493,.T.);
#4727=ADVANCED_FACE('',(#326),#4494,.T.);
#4728=ADVANCED_FACE('',(#327),#4495,.F.);
#4729=ADVANCED_FACE('',(#328),#272,.T.);
#4730=ADVANCED_FACE('',(#329),#4496,.T.);
#4731=ADVANCED_FACE('',(#330),#273,.F.);
#4732=ADVANCED_FACE('',(#331),#4497,.F.);
#4733=ADVANCED_FACE('',(#332),#4498,.F.);
#4734=ADVANCED_FACE('',(#333),#4499,.F.);
#4735=ADVANCED_FACE('',(#334),#4500,.T.);
#4736=ADVANCED_FACE('',(#335),#274,.T.);
#4737=ADVANCED_FACE('',(#336),#275,.F.);
#4738=ADVANCED_FACE('',(#337),#4501,.F.);
#4739=ADVANCED_FACE('',(#338),#4502,.F.);
#4740=ADVANCED_FACE('',(#339),#4503,.F.);
#4741=ADVANCED_FACE('',(#340),#276,.F.);
#4742=ADVANCED_FACE('',(#341),#277,.T.);
#4743=ADVANCED_FACE('',(#342,#77),#4504,.T.);
#4744=ADVANCED_FACE('',(#343,#78),#4505,.F.);
#4745=ADVANCED_FACE('',(#344),#4506,.F.);
#4746=ADVANCED_FACE('',(#345),#4507,.F.);
#4747=ADVANCED_FACE('',(#346),#4508,.F.);
#4748=ADVANCED_FACE('',(#347),#4509,.F.);
#4749=ADVANCED_FACE('',(#348),#4510,.F.);
#4750=ADVANCED_FACE('',(#349),#4511,.F.);
#4751=ADVANCED_FACE('',(#350),#4512,.F.);
#4752=ADVANCED_FACE('',(#351),#4513,.F.);
#4753=ADVANCED_FACE('',(#352),#4514,.F.);
#4754=ADVANCED_FACE('',(#353),#278,.T.);
#4755=ADVANCED_FACE('',(#354),#4515,.T.);
#4756=ADVANCED_FACE('',(#355),#4516,.T.);
#4757=ADVANCED_FACE('',(#356),#279,.T.);
#4758=ADVANCED_FACE('',(#357),#4517,.F.);
#4759=ADVANCED_FACE('',(#358),#4518,.F.);
#4760=ADVANCED_FACE('',(#359),#56,.F.);
#4761=ADVANCED_FACE('',(#360),#4519,.T.);
#4762=ADVANCED_FACE('',(#361),#4520,.T.);
#4763=ADVANCED_FACE('',(#362),#280,.F.);
#4764=ADVANCED_FACE('',(#363),#4521,.T.);
#4765=ADVANCED_FACE('',(#364),#4522,.T.);
#4766=ADVANCED_FACE('',(#365),#4523,.F.);
#4767=ADVANCED_FACE('',(#366),#4524,.F.);
#4768=ADVANCED_FACE('',(#367),#57,.F.);
#4769=ADVANCED_FACE('',(#368),#4525,.F.);
#4770=ADVANCED_FACE('',(#369),#4526,.F.);
#4771=ADVANCED_FACE('',(#370),#4527,.F.);
#4772=ADVANCED_FACE('',(#371),#4528,.F.);
#4773=ADVANCED_FACE('',(#372),#4529,.T.);
#4774=ADVANCED_FACE('',(#373),#4530,.T.);
#4775=ADVANCED_FACE('',(#374),#4531,.T.);
#4776=ADVANCED_FACE('',(#375),#4532,.F.);
#4777=ADVANCED_FACE('',(#376),#4533,.F.);
#4778=ADVANCED_FACE('',(#377,#79),#4534,.T.);
#4779=ADVANCED_FACE('',(#378),#4535,.F.);
#4780=ADVANCED_FACE('',(#379),#4536,.T.);
#4781=ADVANCED_FACE('',(#380),#4537,.T.);
#4782=ADVANCED_FACE('',(#381),#4538,.F.);
#4783=ADVANCED_FACE('',(#382),#4539,.F.);
#4784=ADVANCED_FACE('',(#383),#4540,.F.);
#4785=ADVANCED_FACE('',(#384),#4541,.F.);
#4786=ADVANCED_FACE('',(#385),#4542,.F.);
#4787=ADVANCED_FACE('',(#386),#4543,.F.);
#4788=ADVANCED_FACE('',(#387),#4544,.F.);
#4789=ADVANCED_FACE('',(#388),#4545,.F.);
#4790=ADVANCED_FACE('',(#389),#4546,.F.);
#4791=ADVANCED_FACE('',(#390),#281,.F.);
#4792=ADVANCED_FACE('',(#391),#282,.T.);
#4793=ADVANCED_FACE('',(#392,#80),#4547,.F.);
#4794=ADVANCED_FACE('',(#393),#4548,.F.);
#4795=ADVANCED_FACE('',(#394),#4549,.F.);
#4796=ADVANCED_FACE('',(#395),#4550,.T.);
#4797=ADVANCED_FACE('',(#396),#4551,.T.);
#4798=ADVANCED_FACE('',(#397),#4552,.F.);
#4799=ADVANCED_FACE('',(#398),#4553,.T.);
#4800=ADVANCED_FACE('',(#399),#4554,.T.);
#4801=ADVANCED_FACE('',(#400),#4555,.T.);
#4802=ADVANCED_FACE('',(#401),#4556,.F.);
#4803=ADVANCED_FACE('',(#402),#4557,.F.);
#4804=ADVANCED_FACE('',(#403),#4558,.T.);
#4805=ADVANCED_FACE('',(#404),#4559,.T.);
#4806=ADVANCED_FACE('',(#405),#4560,.T.);
#4807=ADVANCED_FACE('',(#406),#4561,.T.);
#4808=ADVANCED_FACE('',(#407),#4562,.T.);
#4809=ADVANCED_FACE('',(#408),#4563,.F.);
#4810=ADVANCED_FACE('',(#409),#4564,.F.);
#4811=ADVANCED_FACE('',(#410),#4565,.F.);
#4812=ADVANCED_FACE('',(#411),#4566,.F.);
#4813=ADVANCED_FACE('',(#412),#4567,.T.);
#4814=ADVANCED_FACE('',(#413),#4568,.F.);
#4815=ADVANCED_FACE('',(#414),#4569,.T.);
#4816=ADVANCED_FACE('',(#415),#4570,.T.);
#4817=ADVANCED_FACE('',(#416),#4571,.T.);
#4818=ADVANCED_FACE('',(#417),#4572,.T.);
#4819=ADVANCED_FACE('',(#418),#4573,.T.);
#4820=ADVANCED_FACE('',(#419),#4574,.T.);
#4821=ADVANCED_FACE('',(#420),#58,.T.);
#4822=ADVANCED_FACE('',(#421),#4575,.T.);
#4823=ADVANCED_FACE('',(#422),#4576,.T.);
#4824=ADVANCED_FACE('',(#423),#4577,.T.);
#4825=ADVANCED_FACE('',(#424),#4578,.T.);
#4826=ADVANCED_FACE('',(#425),#59,.T.);
#4827=ADVANCED_FACE('',(#426),#4579,.T.);
#4828=ADVANCED_FACE('',(#427),#4580,.F.);
#4829=ADVANCED_FACE('',(#428),#4581,.F.);
#4830=ADVANCED_FACE('',(#429),#4582,.F.);
#4831=ADVANCED_FACE('',(#430),#60,.F.);
#4832=ADVANCED_FACE('',(#431),#4583,.F.);
#4833=ADVANCED_FACE('',(#432),#4584,.F.);
#4834=ADVANCED_FACE('',(#433),#4585,.F.);
#4835=ADVANCED_FACE('',(#434),#4586,.F.);
#4836=ADVANCED_FACE('',(#435),#61,.F.);
#4837=ADVANCED_FACE('',(#436),#4587,.F.);
#4838=ADVANCED_FACE('',(#437),#4588,.T.);
#4839=ADVANCED_FACE('',(#438),#4589,.T.);
#4840=ADVANCED_FACE('',(#439),#4590,.F.);
#4841=ADVANCED_FACE('',(#440),#4591,.T.);
#4842=ADVANCED_FACE('',(#441),#4592,.T.);
#4843=ADVANCED_FACE('',(#442),#4593,.T.);
#4844=ADVANCED_FACE('',(#443),#4594,.F.);
#4845=ADVANCED_FACE('',(#444),#283,.T.);
#4846=ADVANCED_FACE('',(#445),#4595,.T.);
#4847=ADVANCED_FACE('',(#446),#4596,.T.);
#4848=ADVANCED_FACE('',(#447),#284,.F.);
#4849=ADVANCED_FACE('',(#448),#4597,.T.);
#4850=ADVANCED_FACE('',(#449),#4598,.F.);
#4851=ADVANCED_FACE('',(#450),#285,.T.);
#4852=ADVANCED_FACE('',(#451),#4599,.T.);
#4853=ADVANCED_FACE('',(#452,#81),#4600,.T.);
#4854=ADVANCED_FACE('',(#453),#286,.T.);
#4855=ADVANCED_FACE('',(#454),#4601,.F.);
#4856=ADVANCED_FACE('',(#455),#287,.F.);
#4857=ADVANCED_FACE('',(#456),#4602,.F.);
#4858=ADVANCED_FACE('',(#457,#82),#4603,.T.);
#4859=ADVANCED_FACE('',(#458),#4604,.T.);
#4860=ADVANCED_FACE('',(#459),#4605,.T.);
#4861=ADVANCED_FACE('',(#460),#4606,.T.);
#4862=ADVANCED_FACE('',(#461),#4607,.T.);
#4863=ADVANCED_FACE('',(#462),#288,.F.);
#4864=ADVANCED_FACE('',(#463),#4608,.F.);
#4865=ADVANCED_FACE('',(#464),#4609,.F.);
#4866=ADVANCED_FACE('',(#465),#4610,.F.);
#4867=ADVANCED_FACE('',(#466),#289,.T.);
#4868=ADVANCED_FACE('',(#467),#4611,.F.);
#4869=ADVANCED_FACE('',(#468),#4612,.F.);
#4870=ADVANCED_FACE('',(#469),#4613,.T.);
#4871=ADVANCED_FACE('',(#470),#290,.F.);
#4872=ADVANCED_FACE('',(#471),#4614,.F.);
#4873=ADVANCED_FACE('',(#472),#4615,.F.);
#4874=ADVANCED_FACE('',(#473),#4616,.F.);
#4875=ADVANCED_FACE('',(#474),#4617,.F.);
#4876=ADVANCED_FACE('',(#475),#4618,.F.);
#4877=ADVANCED_FACE('',(#476),#4619,.F.);
#4878=ADVANCED_FACE('',(#477),#4620,.F.);
#4879=ADVANCED_FACE('',(#478),#4621,.F.);
#4880=ADVANCED_FACE('',(#479),#4622,.F.);
#4881=ADVANCED_FACE('',(#480),#4623,.F.);
#4882=ADVANCED_FACE('',(#481,#83,#84,#85),#4624,.F.);
#4883=ADVANCED_FACE('',(#482),#4625,.T.);
#4884=ADVANCED_FACE('',(#483),#4626,.T.);
#4885=ADVANCED_FACE('',(#484),#4627,.T.);
#4886=ADVANCED_FACE('',(#485),#291,.F.);
#4887=ADVANCED_FACE('',(#486),#4628,.T.);
#4888=ADVANCED_FACE('',(#487),#4629,.T.);
#4889=ADVANCED_FACE('',(#488),#292,.T.);
#4890=ADVANCED_FACE('',(#489),#4630,.T.);
#4891=ADVANCED_FACE('',(#490),#293,.T.);
#4892=ADVANCED_FACE('',(#491),#4631,.T.);
#4893=ADVANCED_FACE('',(#492),#4632,.T.);
#4894=ADVANCED_FACE('',(#493),#4633,.T.);
#4895=ADVANCED_FACE('',(#494),#4634,.T.);
#4896=ADVANCED_FACE('',(#495),#294,.T.);
#4897=ADVANCED_FACE('',(#496),#4635,.T.);
#4898=ADVANCED_FACE('',(#497),#4636,.T.);
#4899=ADVANCED_FACE('',(#498),#4637,.T.);
#4900=ADVANCED_FACE('',(#499),#4638,.T.);
#4901=ADVANCED_FACE('',(#500),#4639,.T.);
#4902=ADVANCED_FACE('',(#501),#4640,.T.);
#4903=ADVANCED_FACE('',(#502),#4641,.T.);
#4904=ADVANCED_FACE('',(#503,#86),#4642,.T.);
#4905=ADVANCED_FACE('',(#504),#4643,.F.);
#4906=ADVANCED_FACE('',(#505),#295,.T.);
#4907=ADVANCED_FACE('',(#506),#4644,.F.);
#4908=ADVANCED_FACE('',(#507),#4645,.F.);
#4909=ADVANCED_FACE('',(#508),#4646,.F.);
#4910=ADVANCED_FACE('',(#509),#4647,.F.);
#4911=ADVANCED_FACE('',(#510),#4648,.F.);
#4912=ADVANCED_FACE('',(#511),#4649,.F.);
#4913=ADVANCED_FACE('',(#512),#4650,.F.);
#4914=ADVANCED_FACE('',(#513,#87),#4651,.F.);
#4915=ADVANCED_FACE('',(#514),#4652,.T.);
#4916=ADVANCED_FACE('',(#515),#4653,.T.);
#4917=ADVANCED_FACE('',(#516),#296,.T.);
#4918=ADVANCED_FACE('',(#517),#4654,.F.);
#4919=ADVANCED_FACE('',(#518),#4655,.F.);
#4920=ADVANCED_FACE('',(#519),#297,.T.);
#4921=ADVANCED_FACE('',(#520),#4656,.T.);
#4922=ADVANCED_FACE('',(#521),#15,.T.);
#4923=ADVANCED_FACE('',(#522),#4657,.T.);
#4924=ADVANCED_FACE('',(#523),#4658,.F.);
#4925=ADVANCED_FACE('',(#524),#4659,.F.);
#4926=ADVANCED_FACE('',(#525),#4660,.F.);
#4927=ADVANCED_FACE('',(#526),#298,.T.);
#4928=ADVANCED_FACE('',(#527),#299,.F.);
#4929=ADVANCED_FACE('',(#528),#4661,.F.);
#4930=ADVANCED_FACE('',(#529),#4662,.F.);
#4931=ADVANCED_FACE('',(#530,#88),#4663,.F.);
#4932=ADVANCED_FACE('',(#531),#4664,.T.);
#4933=ADVANCED_FACE('',(#532),#300,.T.);
#4934=ADVANCED_FACE('',(#533),#4665,.T.);
#4935=ADVANCED_FACE('',(#534),#4666,.T.);
#4936=ADVANCED_FACE('',(#535),#4667,.F.);
#4937=ADVANCED_FACE('',(#536),#4668,.T.);
#4938=ADVANCED_FACE('',(#537),#301,.T.);
#4939=ADVANCED_FACE('',(#538),#4669,.T.);
#4940=ADVANCED_FACE('',(#539),#4670,.T.);
#4941=ADVANCED_FACE('',(#540),#4671,.F.);
#4942=ADVANCED_FACE('',(#541),#4672,.T.);
#4943=ADVANCED_FACE('',(#542),#302,.T.);
#4944=ADVANCED_FACE('',(#543),#4673,.T.);
#4945=ADVANCED_FACE('',(#544),#4674,.T.);
#4946=ADVANCED_FACE('',(#545),#4675,.F.);
#4947=ADVANCED_FACE('',(#546),#4676,.T.);
#4948=ADVANCED_FACE('',(#547),#303,.T.);
#4949=ADVANCED_FACE('',(#548),#4677,.T.);
#4950=ADVANCED_FACE('',(#549),#4678,.T.);
#4951=ADVANCED_FACE('',(#550),#4679,.F.);
#4952=ADVANCED_FACE('',(#551),#14,.F.);
#4953=ADVANCED_FACE('',(#552),#16,.T.);
#4954=ADVANCED_FACE('',(#553),#17,.T.);
#4955=ADVANCED_FACE('',(#554),#4680,.T.);
#4956=ADVANCED_FACE('',(#555),#4681,.T.);
#4957=ADVANCED_FACE('',(#556),#304,.T.);
#4958=ADVANCED_FACE('',(#557,#89,#90,#91,#92),#305,.T.);
#4959=ADVANCED_FACE('',(#558),#4682,.T.);
#4960=ADVANCED_FACE('',(#559),#4683,.T.);
#4961=ADVANCED_FACE('',(#560),#306,.F.);
#4962=ADVANCED_FACE('',(#561),#307,.T.);
#4963=ADVANCED_FACE('',(#562,#93),#4684,.T.);
#4964=ADVANCED_FACE('',(#563),#4685,.F.);
#4965=ADVANCED_FACE('',(#564),#308,.T.);
#4966=ADVANCED_FACE('',(#565),#4686,.T.);
#4967=ADVANCED_FACE('',(#566),#4687,.T.);
#4968=ADVANCED_FACE('',(#567),#309,.T.);
#4969=ADVANCED_FACE('',(#568),#4688,.T.);
#4970=ADVANCED_FACE('',(#569),#4689,.T.);
#4971=ADVANCED_FACE('',(#570),#4690,.T.);
#4972=ADVANCED_FACE('',(#571),#4691,.F.);
#4973=ADVANCED_FACE('',(#572),#310,.T.);
#4974=ADVANCED_FACE('',(#573),#4692,.T.);
#4975=ADVANCED_FACE('',(#574),#4693,.T.);
#4976=ADVANCED_FACE('',(#575),#311,.T.);
#4977=ADVANCED_FACE('',(#576),#312,.T.);
#4978=ADVANCED_FACE('',(#577),#4694,.T.);
#4979=ADVANCED_FACE('',(#578,#94),#4695,.T.);
#4980=ADVANCED_FACE('',(#579),#4696,.T.);
#4981=ADVANCED_FACE('',(#580),#4697,.T.);
#4982=ADVANCED_FACE('',(#581),#4698,.F.);
#4983=ADVANCED_FACE('',(#582),#4699,.T.);
#4984=ADVANCED_FACE('',(#583),#313,.F.);
#4985=ADVANCED_FACE('',(#584),#4700,.T.);
#4986=ADVANCED_FACE('',(#585),#314,.F.);
#4987=ADVANCED_FACE('',(#586),#4701,.T.);
#4988=ADVANCED_FACE('',(#587),#315,.T.);
#4989=ADVANCED_FACE('',(#588),#4702,.T.);
#4990=ADVANCED_FACE('',(#589),#316,.T.);
#4991=ADVANCED_FACE('',(#590,#95),#4703,.T.);
#4992=ADVANCED_FACE('',(#591,#96),#4704,.F.);
#4993=ADVANCED_FACE('',(#592),#317,.T.);
#4994=ADVANCED_FACE('',(#593),#4705,.T.);
#4995=ADVANCED_FACE('',(#594),#4706,.T.);
#4996=ADVANCED_FACE('',(#595),#318,.T.);
#4997=ADVANCED_FACE('',(#596),#4707,.T.);
#4998=ADVANCED_FACE('',(#597),#4708,.T.);
#4999=ADVANCED_FACE('',(#598),#4709,.T.);
#5000=ADVANCED_FACE('',(#599),#4710,.F.);
#5001=ADVANCED_FACE('',(#600),#4711,.T.);
#5002=ADVANCED_FACE('',(#601),#4712,.T.);
#5003=ADVANCED_FACE('',(#602),#4713,.T.);
#5004=ADVANCED_FACE('',(#603),#4714,.F.);
#5005=ADVANCED_FACE('',(#604),#4715,.F.);
#5006=ADVANCED_FACE('',(#605),#4716,.T.);
#5007=ADVANCED_FACE('',(#606),#4717,.T.);
#5008=ADVANCED_FACE('',(#607),#4718,.T.);
#5009=ADVANCED_FACE('',(#608),#319,.T.);
#5010=ADVANCED_FACE('',(#609),#4719,.T.);
#5011=ADVANCED_FACE('',(#610),#4720,.T.);
#5012=ADVANCED_FACE('',(#611),#320,.F.);
#5013=ADVANCED_FACE('',(#612),#321,.T.);
#5014=ADVANCED_FACE('',(#613,#97),#4721,.F.);
#5015=ADVANCED_FACE('',(#614,#98),#4722,.T.);
#5016=CLOSED_SHELL('',(#4723,#4724,#4725,#4726,#4727,#4728));
#5017=CLOSED_SHELL('',(#4729,#4730,#4731,#4732,#4733,#4734));
#5018=CLOSED_SHELL('',(#4735,#4736,#4737,#4738,#4739,#4740));
#5019=CLOSED_SHELL('',(#4741,#4742,#4743,#4744));
#5020=CLOSED_SHELL('',(#4745,#4746,#4747,#4748,#4749,#4750,#4751,#4752,
#4753,#4754,#4755,#4756,#4757,#4758,#4759,#4760,#4761,#4762,#4763,#4764,
#4765,#4766,#4767,#4768,#4769,#4770,#4771,#4772,#4773,#4774,#4775,#4776,
#4777,#4778,#4779,#4780,#4781,#4782,#4783,#4784,#4785,#4786,#4787,#4788,
#4789,#4790,#4791,#4792,#4793));
#5021=CLOSED_SHELL('',(#4794,#4795,#4796,#4797,#4798,#4799,#4800,#4801,
#4802));
#5022=CLOSED_SHELL('',(#4803,#4804,#4805,#4806,#4807,#4808,#4809));
#5023=CLOSED_SHELL('',(#4810,#4811,#4812,#4813,#4814,#4815,#4816,#4817,
#4818));
#5024=CLOSED_SHELL('',(#4819,#4820,#4821,#4822,#4823,#4824,#4825,#4826,
#4827,#4828));
#5025=CLOSED_SHELL('',(#4829,#4830,#4831,#4832,#4833,#4834,#4835,#4836,
#4837,#4838));
#5026=CLOSED_SHELL('',(#4839,#4840,#4841,#4842,#4843,#4844,#4845,#4846,
#4847,#4848,#4849,#4850,#4851,#4852,#4853,#4854,#4855,#4856,#4857,#4858,
#4859,#4860,#4861,#4862,#4863,#4864,#4865,#4866,#4867,#4868,#4869,#4870,
#4871,#4872,#4873,#4874,#4875,#4876,#4877,#4878,#4879,#4880,#4881,#4882,
#4883,#4884,#4885,#4886,#4887,#4888,#4889,#4890,#4891,#4892,#4893,#4894,
#4895));
#5027=CLOSED_SHELL('',(#4896,#4897,#4898,#4899,#4900,#4901,#4902,#4903,
#4904,#4905));
#5028=CLOSED_SHELL('',(#4906,#4907,#4908,#4909,#4910,#4911,#4912,#4913,
#4914,#4915));
#5029=CLOSED_SHELL('',(#4916,#4917,#4918));
#5030=CLOSED_SHELL('',(#4919,#4920,#4921));
#5031=CLOSED_SHELL('',(#4922,#4923,#4924));
#5032=CLOSED_SHELL('',(#4925,#4926,#4927,#4928,#4929,#4930,#4931,#4932,
#4933,#4934,#4935,#4936,#4937,#4938,#4939,#4940,#4941,#4942,#4943,#4944,
#4945,#4946,#4947,#4948,#4949,#4950,#4951,#4952,#4953,#4954,#4955,#4956,
#4957,#4958,#4959,#4960,#4961,#4962,#4963,#4964));
#5033=CLOSED_SHELL('',(#4965,#4966,#4967,#4968,#4969,#4970,#4971,#4972));
#5034=CLOSED_SHELL('',(#4973,#4974,#4975,#4976,#4977,#4978,#4979,#4980,
#4981,#4982));
#5035=CLOSED_SHELL('',(#4983,#4984,#4985,#4986,#4987,#4988,#4989,#4990,
#4991,#4992));
#5036=CLOSED_SHELL('',(#4993,#4994,#4995,#4996,#4997,#4998,#4999,#5000));
#5037=CLOSED_SHELL('',(#5001,#5002,#5003,#5004,#5005,#5006));
#5038=CLOSED_SHELL('',(#5007,#5008,#5009,#5010,#5011,#5012,#5013,#5014,
#5015));
#5039=DERIVED_UNIT_ELEMENT(#5047,1.);
#5040=DERIVED_UNIT_ELEMENT(#10043,-3.);
#5041=DERIVED_UNIT_ELEMENT(#5047,1.);
#5042=DERIVED_UNIT_ELEMENT(#10043,-3.);
#5043=DERIVED_UNIT_ELEMENT(#5047,1.);
#5044=DERIVED_UNIT_ELEMENT(#10043,-3.);
#5045=DERIVED_UNIT_ELEMENT(#5047,1.);
#5046=DERIVED_UNIT_ELEMENT(#10043,-3.);
#5047=(
MASS_UNIT()
NAMED_UNIT(*)
SI_UNIT(.KILO.,.GRAM.)
);
#5048=DERIVED_UNIT((#5039,#5040));
#5049=DERIVED_UNIT((#5041,#5042));
#5050=DERIVED_UNIT((#5043,#5044));
#5051=DERIVED_UNIT((#5045,#5046));
#5052=MEASURE_REPRESENTATION_ITEM('density measure',
POSITIVE_RATIO_MEASURE(930.),#5048);
#5053=MEASURE_REPRESENTATION_ITEM('density measure',
POSITIVE_RATIO_MEASURE(1060.),#5049);
#5054=MEASURE_REPRESENTATION_ITEM('density measure',
POSITIVE_RATIO_MEASURE(7850.),#5050);
#5055=MEASURE_REPRESENTATION_ITEM('density measure',
POSITIVE_RATIO_MEASURE(1060.),#5051);
#5056=PROPERTY_DEFINITION_REPRESENTATION(#5076,#5064);
#5057=PROPERTY_DEFINITION_REPRESENTATION(#5077,#5065);
#5058=PROPERTY_DEFINITION_REPRESENTATION(#5078,#5066);
#5059=PROPERTY_DEFINITION_REPRESENTATION(#5079,#5067);
#5060=PROPERTY_DEFINITION_REPRESENTATION(#5080,#5068);
#5061=PROPERTY_DEFINITION_REPRESENTATION(#5081,#5069);
#5062=PROPERTY_DEFINITION_REPRESENTATION(#5082,#5070);
#5063=PROPERTY_DEFINITION_REPRESENTATION(#5083,#5071);
#5064=REPRESENTATION('material name',(#5072),#10037);
#5065=REPRESENTATION('density',(#5052),#10037);
#5066=REPRESENTATION('material name',(#5073),#10038);
#5067=REPRESENTATION('density',(#5053),#10038);
#5068=REPRESENTATION('material name',(#5074),#10039);
#5069=REPRESENTATION('density',(#5054),#10039);
#5070=REPRESENTATION('material name',(#5075),#10040);
#5071=REPRESENTATION('density',(#5055),#10040);
#5072=DESCRIPTIVE_REPRESENTATION_ITEM('Rubber','Rubber');
#5073=DESCRIPTIVE_REPRESENTATION_ITEM('ABS Plastic','ABS Plastic');
#5074=DESCRIPTIVE_REPRESENTATION_ITEM('Steel','Steel');
#5075=DESCRIPTIVE_REPRESENTATION_ITEM('ABS Plastic','ABS Plastic');
#5076=PROPERTY_DEFINITION('material property','material name',#10072);
#5077=PROPERTY_DEFINITION('material property','density of part',#10072);
#5078=PROPERTY_DEFINITION('material property','material name',#10073);
#5079=PROPERTY_DEFINITION('material property','density of part',#10073);
#5080=PROPERTY_DEFINITION('material property','material name',#10074);
#5081=PROPERTY_DEFINITION('material property','density of part',#10074);
#5082=PROPERTY_DEFINITION('material property','material name',#10075);
#5083=PROPERTY_DEFINITION('material property','density of part',#10075);
#5084=AXIS2_PLACEMENT_3D('',#6879,#5505,#5506);
#5085=AXIS2_PLACEMENT_3D('',#6880,#5507,#5508);
#5086=AXIS2_PLACEMENT_3D('',#6881,#5509,#5510);
#5087=AXIS2_PLACEMENT_3D('',#6882,#5511,#5512);
#5088=AXIS2_PLACEMENT_3D('',#6891,#5517,#5518);
#5089=AXIS2_PLACEMENT_3D('',#6897,#5522,#5523);
#5090=AXIS2_PLACEMENT_3D('',#6899,#5524,#5525);
#5091=AXIS2_PLACEMENT_3D('',#6901,#5526,#5527);
#5092=AXIS2_PLACEMENT_3D('',#6903,#5529,#5530);
#5093=AXIS2_PLACEMENT_3D('',#6906,#5533,#5534);
#5094=AXIS2_PLACEMENT_3D('',#6907,#5535,#5536);
#5095=AXIS2_PLACEMENT_3D('',#6908,#5537,#5538);
#5096=AXIS2_PLACEMENT_3D('',#6913,#5540,#5541);
#5097=AXIS2_PLACEMENT_3D('',#6916,#5543,#5544);
#5098=AXIS2_PLACEMENT_3D('',#6917,#5545,#5546);
#5099=AXIS2_PLACEMENT_3D('',#6922,#5549,#5550);
#5100=AXIS2_PLACEMENT_3D('',#6923,#5551,#5552);
#5101=AXIS2_PLACEMENT_3D('',#6930,#5556,#5557);
#5102=AXIS2_PLACEMENT_3D('',#6931,#5558,#5559);
#5103=AXIS2_PLACEMENT_3D('',#6934,#5562,#5563);
#5104=AXIS2_PLACEMENT_3D('',#6935,#5564,#5565);
#5105=AXIS2_PLACEMENT_3D('',#6936,#5566,#5567);
#5106=AXIS2_PLACEMENT_3D('',#6941,#5569,#5570);
#5107=AXIS2_PLACEMENT_3D('',#6944,#5572,#5573);
#5108=AXIS2_PLACEMENT_3D('',#6945,#5574,#5575);
#5109=AXIS2_PLACEMENT_3D('',#6950,#5578,#5579);
#5110=AXIS2_PLACEMENT_3D('',#6951,#5580,#5581);
#5111=AXIS2_PLACEMENT_3D('',#6955,#5583,#5584);
#5112=AXIS2_PLACEMENT_3D('',#6959,#5587,#5588);
#5113=AXIS2_PLACEMENT_3D('',#6962,#5591,#5592);
#5114=AXIS2_PLACEMENT_3D('',#6963,#5593,#5594);
#5115=AXIS2_PLACEMENT_3D('',#6964,#5595,#5596);
#5116=AXIS2_PLACEMENT_3D('',#6966,#5597,#5598);
#5117=AXIS2_PLACEMENT_3D('',#6969,#5600,#5601);
#5118=AXIS2_PLACEMENT_3D('',#6970,#5602,#5603);
#5119=AXIS2_PLACEMENT_3D('',#6972,#5604,#5605);
#5120=AXIS2_PLACEMENT_3D('',#6975,#5607,#5608);
#5121=AXIS2_PLACEMENT_3D('',#6976,#5609,#5610);
#5122=AXIS2_PLACEMENT_3D('',#6977,#5611,#5612);
#5123=AXIS2_PLACEMENT_3D('',#6978,#5613,#5614);
#5124=AXIS2_PLACEMENT_3D('',#6981,#5615,#5616);
#5125=AXIS2_PLACEMENT_3D('',#6989,#5620,#5621);
#5126=AXIS2_PLACEMENT_3D('',#6991,#5623,#5624);
#5127=AXIS2_PLACEMENT_3D('',#6997,#5628,#5629);
#5128=AXIS2_PLACEMENT_3D('',#7003,#5633,#5634);
#5129=AXIS2_PLACEMENT_3D('',#7005,#5635,#5636);
#5130=AXIS2_PLACEMENT_3D('',#7008,#5638,#5639);
#5131=AXIS2_PLACEMENT_3D('',#7010,#5641,#5642);
#5132=AXIS2_PLACEMENT_3D('',#7011,#5643,#5644);
#5133=AXIS2_PLACEMENT_3D('',#7020,#5649,#5650);
#5134=AXIS2_PLACEMENT_3D('',#7026,#5654,#5655);
#5135=AXIS2_PLACEMENT_3D('',#7032,#5659,#5660);
#5136=AXIS2_PLACEMENT_3D('',#7034,#5662,#5663);
#5137=AXIS2_PLACEMENT_3D('',#7038,#5665,#5666);
#5138=AXIS2_PLACEMENT_3D('',#7079,#5670,#5671);
#5139=AXIS2_PLACEMENT_3D('',#7081,#5673,#5674);
#5140=AXIS2_PLACEMENT_3D('',#7085,#5677,#5678);
#5141=AXIS2_PLACEMENT_3D('',#7087,#5680,#5681);
#5142=AXIS2_PLACEMENT_3D('',#7089,#5682,#5683);
#5143=AXIS2_PLACEMENT_3D('',#7128,#5687,#5688);
#5144=AXIS2_PLACEMENT_3D('',#7129,#5689,#5690);
#5145=AXIS2_PLACEMENT_3D('',#7135,#5694,#5695);
#5146=AXIS2_PLACEMENT_3D('',#7211,#5698,#5699);
#5147=AXIS2_PLACEMENT_3D('',#7217,#5703,#5704);
#5148=AXIS2_PLACEMENT_3D('',#7221,#5707,#5708);
#5149=AXIS2_PLACEMENT_3D('',#7224,#5711,#5712);
#5150=AXIS2_PLACEMENT_3D('',#7238,#5715,#5716);
#5151=AXIS2_PLACEMENT_3D('',#7244,#5720,#5721);
#5152=AXIS2_PLACEMENT_3D('',#7275,#5723,#5724);
#5153=AXIS2_PLACEMENT_3D('',#7316,#5729,#5730);
#5154=AXIS2_PLACEMENT_3D('',#7326,#5736,#5737);
#5155=AXIS2_PLACEMENT_3D('',#7333,#5742,#5743);
#5156=AXIS2_PLACEMENT_3D('',#7339,#5747,#5748);
#5157=AXIS2_PLACEMENT_3D('',#7343,#5751,#5752);
#5158=AXIS2_PLACEMENT_3D('',#7356,#5760,#5761);
#5159=AXIS2_PLACEMENT_3D('',#7358,#5763,#5764);
#5160=AXIS2_PLACEMENT_3D('',#7360,#5766,#5767);
#5161=AXIS2_PLACEMENT_3D('',#7362,#5769,#5770);
#5162=AXIS2_PLACEMENT_3D('',#7379,#5779,#5780);
#5163=AXIS2_PLACEMENT_3D('',#7381,#5781,#5782);
#5164=AXIS2_PLACEMENT_3D('',#7389,#5788,#5789);
#5165=AXIS2_PLACEMENT_3D('',#7395,#5793,#5794);
#5166=AXIS2_PLACEMENT_3D('',#7401,#5798,#5799);
#5167=AXIS2_PLACEMENT_3D('',#7403,#5801,#5802);
#5168=AXIS2_PLACEMENT_3D('',#7405,#5804,#5805);
#5169=AXIS2_PLACEMENT_3D('',#7407,#5807,#5808);
#5170=AXIS2_PLACEMENT_3D('',#7409,#5810,#5811);
#5171=AXIS2_PLACEMENT_3D('',#7410,#5812,#5813);
#5172=AXIS2_PLACEMENT_3D('',#7411,#5814,#5815);
#5173=AXIS2_PLACEMENT_3D('',#7412,#5816,#5817);
#5174=AXIS2_PLACEMENT_3D('',#7413,#5818,#5819);
#5175=AXIS2_PLACEMENT_3D('',#7414,#5820,#5821);
#5176=AXIS2_PLACEMENT_3D('',#7416,#5822,#5823);
#5177=AXIS2_PLACEMENT_3D('',#7417,#5824,#5825);
#5178=AXIS2_PLACEMENT_3D('',#7420,#5827,#5828);
#5179=AXIS2_PLACEMENT_3D('',#7421,#5829,#5830);
#5180=AXIS2_PLACEMENT_3D('',#7424,#5832,#5833);
#5181=AXIS2_PLACEMENT_3D('',#7425,#5834,#5835);
#5182=AXIS2_PLACEMENT_3D('',#7426,#5836,#5837);
#5183=AXIS2_PLACEMENT_3D('',#7435,#5842,#5843);
#5184=AXIS2_PLACEMENT_3D('',#7441,#5847,#5848);
#5185=AXIS2_PLACEMENT_3D('',#7449,#5853,#5854);
#5186=AXIS2_PLACEMENT_3D('',#7455,#5858,#5859);
#5187=AXIS2_PLACEMENT_3D('',#7463,#5864,#5865);
#5188=AXIS2_PLACEMENT_3D('',#7465,#5867,#5868);
#5189=AXIS2_PLACEMENT_3D('',#7467,#5870,#5871);
#5190=AXIS2_PLACEMENT_3D('',#7469,#5873,#5874);
#5191=AXIS2_PLACEMENT_3D('',#7470,#5875,#5876);
#5192=AXIS2_PLACEMENT_3D('',#7481,#5882,#5883);
#5193=AXIS2_PLACEMENT_3D('',#7487,#5887,#5888);
#5194=AXIS2_PLACEMENT_3D('',#7491,#5891,#5892);
#5195=AXIS2_PLACEMENT_3D('',#7497,#5896,#5897);
#5196=AXIS2_PLACEMENT_3D('',#7499,#5899,#5900);
#5197=AXIS2_PLACEMENT_3D('',#7501,#5902,#5903);
#5198=AXIS2_PLACEMENT_3D('',#7502,#5904,#5905);
#5199=AXIS2_PLACEMENT_3D('',#7511,#5910,#5911);
#5200=AXIS2_PLACEMENT_3D('',#7517,#5915,#5916);
#5201=AXIS2_PLACEMENT_3D('',#7523,#5920,#5921);
#5202=AXIS2_PLACEMENT_3D('',#7529,#5925,#5926);
#5203=AXIS2_PLACEMENT_3D('',#7535,#5930,#5931);
#5204=AXIS2_PLACEMENT_3D('',#7541,#5935,#5936);
#5205=AXIS2_PLACEMENT_3D('',#7543,#5938,#5939);
#5206=AXIS2_PLACEMENT_3D('',#7545,#5941,#5942);
#5207=AXIS2_PLACEMENT_3D('',#7546,#5943,#5944);
#5208=AXIS2_PLACEMENT_3D('',#7561,#5948,#5949);
#5209=AXIS2_PLACEMENT_3D('',#7599,#5955,#5956);
#5210=AXIS2_PLACEMENT_3D('',#7605,#5960,#5961);
#5211=AXIS2_PLACEMENT_3D('',#7607,#5963,#5964);
#5212=AXIS2_PLACEMENT_3D('',#7613,#5968,#5969);
#5213=AXIS2_PLACEMENT_3D('',#7654,#5973,#5974);
#5214=AXIS2_PLACEMENT_3D('',#7655,#5975,#5976);
#5215=AXIS2_PLACEMENT_3D('',#7656,#5977,#5978);
#5216=AXIS2_PLACEMENT_3D('',#7671,#5982,#5983);
#5217=AXIS2_PLACEMENT_3D('',#7709,#5989,#5990);
#5218=AXIS2_PLACEMENT_3D('',#7715,#5994,#5995);
#5219=AXIS2_PLACEMENT_3D('',#7717,#5997,#5998);
#5220=AXIS2_PLACEMENT_3D('',#7723,#6002,#6003);
#5221=AXIS2_PLACEMENT_3D('',#7764,#6007,#6008);
#5222=AXIS2_PLACEMENT_3D('',#7765,#6009,#6010);
#5223=AXIS2_PLACEMENT_3D('',#7766,#6011,#6012);
#5224=AXIS2_PLACEMENT_3D('',#7767,#6013,#6014);
#5225=AXIS2_PLACEMENT_3D('',#7776,#6019,#6020);
#5226=AXIS2_PLACEMENT_3D('',#7782,#6024,#6025);
#5227=AXIS2_PLACEMENT_3D('',#7786,#6028,#6029);
#5228=AXIS2_PLACEMENT_3D('',#7790,#6032,#6033);
#5229=AXIS2_PLACEMENT_3D('',#7792,#6035,#6036);
#5230=AXIS2_PLACEMENT_3D('',#7801,#6041,#6042);
#5231=AXIS2_PLACEMENT_3D('',#7804,#6043,#6044);
#5232=AXIS2_PLACEMENT_3D('',#7808,#6046,#6047);
#5233=AXIS2_PLACEMENT_3D('',#7810,#6049,#6050);
#5234=AXIS2_PLACEMENT_3D('',#7816,#6054,#6055);
#5235=AXIS2_PLACEMENT_3D('',#7825,#6060,#6061);
#5236=AXIS2_PLACEMENT_3D('',#7827,#6062,#6063);
#5237=AXIS2_PLACEMENT_3D('',#7829,#6064,#6065);
#5238=AXIS2_PLACEMENT_3D('',#7831,#6067,#6068);
#5239=AXIS2_PLACEMENT_3D('',#7834,#6071,#6072);
#5240=AXIS2_PLACEMENT_3D('',#7836,#6073,#6074);
#5241=AXIS2_PLACEMENT_3D('',#7837,#6075,#6076);
#5242=AXIS2_PLACEMENT_3D('',#7840,#6078,#6079);
#5243=AXIS2_PLACEMENT_3D('',#7841,#6080,#6081);
#5244=AXIS2_PLACEMENT_3D('',#7844,#6084,#6085);
#5245=AXIS2_PLACEMENT_3D('',#7846,#6086,#6087);
#5246=AXIS2_PLACEMENT_3D('',#7850,#6089,#6090);
#5247=AXIS2_PLACEMENT_3D('',#7854,#6093,#6094);
#5248=AXIS2_PLACEMENT_3D('',#7856,#6095,#6096);
#5249=AXIS2_PLACEMENT_3D('',#7858,#6098,#6099);
#5250=AXIS2_PLACEMENT_3D('',#7864,#6103,#6104);
#5251=AXIS2_PLACEMENT_3D('',#7867,#6106,#6107);
#5252=AXIS2_PLACEMENT_3D('',#7868,#6108,#6109);
#5253=AXIS2_PLACEMENT_3D('',#7870,#6111,#6112);
#5254=AXIS2_PLACEMENT_3D('',#7876,#6115,#6116);
#5255=AXIS2_PLACEMENT_3D('',#7880,#6118,#6119);
#5256=AXIS2_PLACEMENT_3D('',#7886,#6122,#6123);
#5257=AXIS2_PLACEMENT_3D('',#7892,#6126,#6127);
#5258=AXIS2_PLACEMENT_3D('',#7896,#6129,#6130);
#5259=AXIS2_PLACEMENT_3D('',#7900,#6133,#6134);
#5260=AXIS2_PLACEMENT_3D('',#7909,#6139,#6140);
#5261=AXIS2_PLACEMENT_3D('',#7918,#6145,#6146);
#5262=AXIS2_PLACEMENT_3D('',#7921,#6149,#6150);
#5263=AXIS2_PLACEMENT_3D('',#7930,#6155,#6156);
#5264=AXIS2_PLACEMENT_3D('',#7933,#6157,#6158);
#5265=AXIS2_PLACEMENT_3D('',#7936,#6161,#6162);
#5266=AXIS2_PLACEMENT_3D('',#7940,#6165,#6166);
#5267=AXIS2_PLACEMENT_3D('',#7948,#6171,#6172);
#5268=AXIS2_PLACEMENT_3D('',#7958,#6178,#6179);
#5269=AXIS2_PLACEMENT_3D('',#7960,#6180,#6181);
#5270=AXIS2_PLACEMENT_3D('',#7962,#6183,#6184);
#5271=AXIS2_PLACEMENT_3D('',#7964,#6186,#6187);
#5272=AXIS2_PLACEMENT_3D('',#7970,#6191,#6192);
#5273=AXIS2_PLACEMENT_3D('',#7972,#6193,#6194);
#5274=AXIS2_PLACEMENT_3D('',#7973,#6195,#6196);
#5275=AXIS2_PLACEMENT_3D('',#7975,#6197,#6198);
#5276=AXIS2_PLACEMENT_3D('',#7977,#6200,#6201);
#5277=AXIS2_PLACEMENT_3D('',#7986,#6206,#6207);
#5278=AXIS2_PLACEMENT_3D('',#7989,#6210,#6211);
#5279=AXIS2_PLACEMENT_3D('',#7995,#6215,#6216);
#5280=AXIS2_PLACEMENT_3D('',#8001,#6220,#6221);
#5281=AXIS2_PLACEMENT_3D('',#8004,#6224,#6225);
#5282=AXIS2_PLACEMENT_3D('',#8005,#6226,#6227);
#5283=AXIS2_PLACEMENT_3D('',#8011,#6231,#6232);
#5284=AXIS2_PLACEMENT_3D('',#8015,#6235,#6236);
#5285=AXIS2_PLACEMENT_3D('',#8019,#6239,#6240);
#5286=AXIS2_PLACEMENT_3D('',#8021,#6242,#6243);
#5287=AXIS2_PLACEMENT_3D('',#8027,#6246,#6247);
#5288=AXIS2_PLACEMENT_3D('',#8031,#6249,#6250);
#5289=AXIS2_PLACEMENT_3D('',#8039,#6255,#6256);
#5290=AXIS2_PLACEMENT_3D('',#8045,#6260,#6261);
#5291=AXIS2_PLACEMENT_3D('',#8047,#6263,#6264);
#5292=AXIS2_PLACEMENT_3D('',#8049,#6266,#6267);
#5293=AXIS2_PLACEMENT_3D('',#8052,#6270,#6271);
#5294=AXIS2_PLACEMENT_3D('',#8054,#6273,#6274);
#5295=AXIS2_PLACEMENT_3D('',#8060,#6278,#6279);
#5296=AXIS2_PLACEMENT_3D('',#8061,#6280,#6281);
#5297=AXIS2_PLACEMENT_3D('',#8062,#6282,#6283);
#5298=AXIS2_PLACEMENT_3D('',#8064,#6285,#6286);
#5299=AXIS2_PLACEMENT_3D('',#8066,#6288,#6289);
#5300=AXIS2_PLACEMENT_3D('',#8067,#6290,#6291);
#5301=AXIS2_PLACEMENT_3D('',#8071,#6294,#6295);
#5302=AXIS2_PLACEMENT_3D('',#8073,#6297,#6298);
#5303=AXIS2_PLACEMENT_3D('',#8074,#6299,#6300);
#5304=AXIS2_PLACEMENT_3D('',#8077,#6301,#6302);
#5305=AXIS2_PLACEMENT_3D('',#8081,#6304,#6305);
#5306=AXIS2_PLACEMENT_3D('',#8083,#6307,#6308);
#5307=AXIS2_PLACEMENT_3D('',#8085,#6310,#6311);
#5308=AXIS2_PLACEMENT_3D('',#8087,#6313,#6314);
#5309=AXIS2_PLACEMENT_3D('',#8096,#6319,#6320);
#5310=AXIS2_PLACEMENT_3D('',#8102,#6324,#6325);
#5311=AXIS2_PLACEMENT_3D('',#8108,#6329,#6330);
#5312=AXIS2_PLACEMENT_3D('',#8114,#6334,#6335);
#5313=AXIS2_PLACEMENT_3D('',#8117,#6338,#6339);
#5314=AXIS2_PLACEMENT_3D('',#8118,#6340,#6341);
#5315=AXIS2_PLACEMENT_3D('',#8119,#6342,#6343);
#5316=AXIS2_PLACEMENT_3D('',#8122,#6344,#6345);
#5317=AXIS2_PLACEMENT_3D('',#8126,#6347,#6348);
#5318=AXIS2_PLACEMENT_3D('',#8128,#6350,#6351);
#5319=AXIS2_PLACEMENT_3D('',#8130,#6353,#6354);
#5320=AXIS2_PLACEMENT_3D('',#8132,#6356,#6357);
#5321=AXIS2_PLACEMENT_3D('',#8141,#6362,#6363);
#5322=AXIS2_PLACEMENT_3D('',#8147,#6367,#6368);
#5323=AXIS2_PLACEMENT_3D('',#8153,#6372,#6373);
#5324=AXIS2_PLACEMENT_3D('',#8159,#6377,#6378);
#5325=AXIS2_PLACEMENT_3D('',#8162,#6381,#6382);
#5326=AXIS2_PLACEMENT_3D('',#8163,#6383,#6384);
#5327=AXIS2_PLACEMENT_3D('',#8164,#6385,#6386);
#5328=AXIS2_PLACEMENT_3D('',#8166,#6387,#6388);
#5329=AXIS2_PLACEMENT_3D('',#8167,#6389,#6390);
#5330=AXIS2_PLACEMENT_3D('',#8170,#6392,#6393);
#5331=AXIS2_PLACEMENT_3D('',#8171,#6394,#6395);
#5332=AXIS2_PLACEMENT_3D('',#8172,#6396,#6397);
#5333=AXIS2_PLACEMENT_3D('',#8174,#6398,#6399);
#5334=AXIS2_PLACEMENT_3D('',#8175,#6400,#6401);
#5335=AXIS2_PLACEMENT_3D('',#8178,#6403,#6404);
#5336=AXIS2_PLACEMENT_3D('',#8179,#6405,#6406);
#5337=AXIS2_PLACEMENT_3D('',#8180,#6407,#6408);
#5338=AXIS2_PLACEMENT_3D('',#8181,#6409,#6410);
#5339=AXIS2_PLACEMENT_3D('',#8182,#6411,#6412);
#5340=AXIS2_PLACEMENT_3D('',#9354,#6413,#6414);
#5341=AXIS2_PLACEMENT_3D('',#9473,#6415,#6416);
#5342=AXIS2_PLACEMENT_3D('',#9474,#6417,#6418);
#5343=AXIS2_PLACEMENT_3D('',#9475,#6419,#6420);
#5344=AXIS2_PLACEMENT_3D('',#9476,#6421,#6422);
#5345=AXIS2_PLACEMENT_3D('',#9477,#6423,#6424);
#5346=AXIS2_PLACEMENT_3D('',#9486,#6429,#6430);
#5347=AXIS2_PLACEMENT_3D('',#9492,#6434,#6435);
#5348=AXIS2_PLACEMENT_3D('',#9494,#6436,#6437);
#5349=AXIS2_PLACEMENT_3D('',#9496,#6438,#6439);
#5350=AXIS2_PLACEMENT_3D('',#9498,#6441,#6442);
#5351=AXIS2_PLACEMENT_3D('',#9500,#6443,#6444);
#5352=AXIS2_PLACEMENT_3D('',#9503,#6446,#6447);
#5353=AXIS2_PLACEMENT_3D('',#9504,#6448,#6449);
#5354=AXIS2_PLACEMENT_3D('',#9510,#6453,#6454);
#5355=AXIS2_PLACEMENT_3D('',#9513,#6457,#6458);
#5356=AXIS2_PLACEMENT_3D('',#9515,#6459,#6460);
#5357=AXIS2_PLACEMENT_3D('',#9516,#6461,#6462);
#5358=AXIS2_PLACEMENT_3D('',#9525,#6467,#6468);
#5359=AXIS2_PLACEMENT_3D('',#9527,#6469,#6470);
#5360=AXIS2_PLACEMENT_3D('',#9529,#6471,#6472);
#5361=AXIS2_PLACEMENT_3D('',#9531,#6474,#6475);
#5362=AXIS2_PLACEMENT_3D('',#9537,#6479,#6480);
#5363=AXIS2_PLACEMENT_3D('',#9538,#6481,#6482);
#5364=AXIS2_PLACEMENT_3D('',#9539,#6483,#6484);
#5365=AXIS2_PLACEMENT_3D('',#9540,#6485,#6486);
#5366=AXIS2_PLACEMENT_3D('',#9541,#6487,#6488);
#5367=AXIS2_PLACEMENT_3D('',#9550,#6493,#6494);
#5368=AXIS2_PLACEMENT_3D('',#9552,#6495,#6496);
#5369=AXIS2_PLACEMENT_3D('',#9554,#6497,#6498);
#5370=AXIS2_PLACEMENT_3D('',#9556,#6500,#6501);
#5371=AXIS2_PLACEMENT_3D('',#9562,#6505,#6506);
#5372=AXIS2_PLACEMENT_3D('',#9563,#6507,#6508);
#5373=AXIS2_PLACEMENT_3D('',#9564,#6509,#6510);
#5374=AXIS2_PLACEMENT_3D('',#9565,#6511,#6512);
#5375=AXIS2_PLACEMENT_3D('',#9566,#6513,#6514);
#5376=AXIS2_PLACEMENT_3D('',#9575,#6519,#6520);
#5377=AXIS2_PLACEMENT_3D('',#9577,#6521,#6522);
#5378=AXIS2_PLACEMENT_3D('',#9579,#6523,#6524);
#5379=AXIS2_PLACEMENT_3D('',#9581,#6526,#6527);
#5380=AXIS2_PLACEMENT_3D('',#9587,#6531,#6532);
#5381=AXIS2_PLACEMENT_3D('',#9588,#6533,#6534);
#5382=AXIS2_PLACEMENT_3D('',#9589,#6535,#6536);
#5383=AXIS2_PLACEMENT_3D('',#9590,#6537,#6538);
#5384=AXIS2_PLACEMENT_3D('',#9591,#6539,#6540);
#5385=AXIS2_PLACEMENT_3D('',#9600,#6545,#6546);
#5386=AXIS2_PLACEMENT_3D('',#9602,#6547,#6548);
#5387=AXIS2_PLACEMENT_3D('',#9604,#6549,#6550);
#5388=AXIS2_PLACEMENT_3D('',#9606,#6552,#6553);
#5389=AXIS2_PLACEMENT_3D('',#9612,#6557,#6558);
#5390=AXIS2_PLACEMENT_3D('',#9613,#6559,#6560);
#5391=AXIS2_PLACEMENT_3D('',#9614,#6561,#6562);
#5392=AXIS2_PLACEMENT_3D('',#9615,#6563,#6564);
#5393=AXIS2_PLACEMENT_3D('',#9616,#6565,#6566);
#5394=AXIS2_PLACEMENT_3D('',#9619,#6567,#6568);
#5395=AXIS2_PLACEMENT_3D('',#9621,#6569,#6570);
#5396=AXIS2_PLACEMENT_3D('',#9623,#6571,#6572);
#5397=AXIS2_PLACEMENT_3D('',#9625,#6573,#6574);
#5398=AXIS2_PLACEMENT_3D('',#9626,#6575,#6576);
#5399=AXIS2_PLACEMENT_3D('',#9700,#6577,#6578);
#5400=AXIS2_PLACEMENT_3D('',#9741,#6579,#6580);
#5401=AXIS2_PLACEMENT_3D('',#9750,#6581,#6582);
#5402=AXIS2_PLACEMENT_3D('',#9752,#6583,#6584);
#5403=AXIS2_PLACEMENT_3D('',#9753,#6585,#6586);
#5404=AXIS2_PLACEMENT_3D('',#9754,#6587,#6588);
#5405=AXIS2_PLACEMENT_3D('',#9755,#6589,#6590);
#5406=AXIS2_PLACEMENT_3D('',#9757,#6592,#6593);
#5407=AXIS2_PLACEMENT_3D('',#9761,#6595,#6596);
#5408=AXIS2_PLACEMENT_3D('',#9763,#6597,#6598);
#5409=AXIS2_PLACEMENT_3D('',#9764,#6599,#6600);
#5410=AXIS2_PLACEMENT_3D('',#9765,#6601,#6602);
#5411=AXIS2_PLACEMENT_3D('',#9767,#6603,#6604);
#5412=AXIS2_PLACEMENT_3D('',#9768,#6605,#6606);
#5413=AXIS2_PLACEMENT_3D('',#9769,#6607,#6608);
#5414=AXIS2_PLACEMENT_3D('',#9771,#6609,#6610);
#5415=AXIS2_PLACEMENT_3D('',#9772,#6611,#6612);
#5416=AXIS2_PLACEMENT_3D('',#9774,#6613,#6614);
#5417=AXIS2_PLACEMENT_3D('',#9776,#6616,#6617);
#5418=AXIS2_PLACEMENT_3D('',#9778,#6618,#6619);
#5419=AXIS2_PLACEMENT_3D('',#9780,#6621,#6622);
#5420=AXIS2_PLACEMENT_3D('',#9781,#6623,#6624);
#5421=AXIS2_PLACEMENT_3D('',#9782,#6625,#6626);
#5422=AXIS2_PLACEMENT_3D('',#9783,#6627,#6628);
#5423=AXIS2_PLACEMENT_3D('',#9786,#6629,#6630);
#5424=AXIS2_PLACEMENT_3D('',#9790,#6632,#6633);
#5425=AXIS2_PLACEMENT_3D('',#9792,#6635,#6636);
#5426=AXIS2_PLACEMENT_3D('',#9796,#6638,#6639);
#5427=AXIS2_PLACEMENT_3D('',#9802,#6643,#6644);
#5428=AXIS2_PLACEMENT_3D('',#9806,#6647,#6648);
#5429=AXIS2_PLACEMENT_3D('',#9808,#6649,#6650);
#5430=AXIS2_PLACEMENT_3D('',#9810,#6652,#6653);
#5431=AXIS2_PLACEMENT_3D('',#9814,#6656,#6657);
#5432=AXIS2_PLACEMENT_3D('',#9818,#6660,#6661);
#5433=AXIS2_PLACEMENT_3D('',#9820,#6663,#6664);
#5434=AXIS2_PLACEMENT_3D('',#9821,#6665,#6666);
#5435=AXIS2_PLACEMENT_3D('',#9824,#6667,#6668);
#5436=AXIS2_PLACEMENT_3D('',#9828,#6670,#6671);
#5437=AXIS2_PLACEMENT_3D('',#9830,#6673,#6674);
#5438=AXIS2_PLACEMENT_3D('',#9834,#6676,#6677);
#5439=AXIS2_PLACEMENT_3D('',#9840,#6681,#6682);
#5440=AXIS2_PLACEMENT_3D('',#9844,#6685,#6686);
#5441=AXIS2_PLACEMENT_3D('',#9846,#6687,#6688);
#5442=AXIS2_PLACEMENT_3D('',#9848,#6690,#6691);
#5443=AXIS2_PLACEMENT_3D('',#9850,#6692,#6693);
#5444=AXIS2_PLACEMENT_3D('',#9853,#6695,#6696);
#5445=AXIS2_PLACEMENT_3D('',#9854,#6697,#6698);
#5446=AXIS2_PLACEMENT_3D('',#9855,#6699,#6700);
#5447=AXIS2_PLACEMENT_3D('',#9861,#6704,#6705);
#5448=AXIS2_PLACEMENT_3D('',#9863,#6707,#6708);
#5449=AXIS2_PLACEMENT_3D('',#9865,#6710,#6711);
#5450=AXIS2_PLACEMENT_3D('',#9866,#6712,#6713);
#5451=AXIS2_PLACEMENT_3D('',#9875,#6718,#6719);
#5452=AXIS2_PLACEMENT_3D('',#9877,#6720,#6721);
#5453=AXIS2_PLACEMENT_3D('',#9879,#6722,#6723);
#5454=AXIS2_PLACEMENT_3D('',#9881,#6725,#6726);
#5455=AXIS2_PLACEMENT_3D('',#9887,#6730,#6731);
#5456=AXIS2_PLACEMENT_3D('',#9888,#6732,#6733);
#5457=AXIS2_PLACEMENT_3D('',#9889,#6734,#6735);
#5458=AXIS2_PLACEMENT_3D('',#9890,#6736,#6737);
#5459=AXIS2_PLACEMENT_3D('',#9899,#6742,#6743);
#5460=AXIS2_PLACEMENT_3D('',#9901,#6744,#6745);
#5461=AXIS2_PLACEMENT_3D('',#9903,#6746,#6747);
#5462=AXIS2_PLACEMENT_3D('',#9905,#6749,#6750);
#5463=AXIS2_PLACEMENT_3D('',#9911,#6754,#6755);
#5464=AXIS2_PLACEMENT_3D('',#9912,#6756,#6757);
#5465=AXIS2_PLACEMENT_3D('',#9913,#6758,#6759);
#5466=AXIS2_PLACEMENT_3D('',#9914,#6760,#6761);
#5467=AXIS2_PLACEMENT_3D('',#9915,#6762,#6763);
#5468=AXIS2_PLACEMENT_3D('',#9916,#6764,#6765);
#5469=AXIS2_PLACEMENT_3D('',#9919,#6766,#6767);
#5470=AXIS2_PLACEMENT_3D('',#9923,#6769,#6770);
#5471=AXIS2_PLACEMENT_3D('',#9925,#6772,#6773);
#5472=AXIS2_PLACEMENT_3D('',#9929,#6775,#6776);
#5473=AXIS2_PLACEMENT_3D('',#9935,#6780,#6781);
#5474=AXIS2_PLACEMENT_3D('',#9939,#6784,#6785);
#5475=AXIS2_PLACEMENT_3D('',#9941,#6786,#6787);
#5476=AXIS2_PLACEMENT_3D('',#9943,#6789,#6790);
#5477=AXIS2_PLACEMENT_3D('',#9947,#6793,#6794);
#5478=AXIS2_PLACEMENT_3D('',#9951,#6797,#6798);
#5479=AXIS2_PLACEMENT_3D('',#9953,#6800,#6801);
#5480=AXIS2_PLACEMENT_3D('',#9954,#6802,#6803);
#5481=AXIS2_PLACEMENT_3D('',#9963,#6808,#6809);
#5482=AXIS2_PLACEMENT_3D('',#9972,#6814,#6815);
#5483=AXIS2_PLACEMENT_3D('',#9975,#6818,#6819);
#5484=AXIS2_PLACEMENT_3D('',#9977,#6821,#6822);
#5485=AXIS2_PLACEMENT_3D('',#9979,#6824,#6825);
#5486=AXIS2_PLACEMENT_3D('',#9980,#6826,#6827);
#5487=AXIS2_PLACEMENT_3D('',#9989,#6832,#6833);
#5488=AXIS2_PLACEMENT_3D('',#9995,#6837,#6838);
#5489=AXIS2_PLACEMENT_3D('',#9997,#6839,#6840);
#5490=AXIS2_PLACEMENT_3D('',#9999,#6841,#6842);
#5491=AXIS2_PLACEMENT_3D('',#10001,#6844,#6845);
#5492=AXIS2_PLACEMENT_3D('',#10007,#6849,#6850);
#5493=AXIS2_PLACEMENT_3D('',#10013,#6854,#6855);
#5494=AXIS2_PLACEMENT_3D('',#10014,#6856,#6857);
#5495=AXIS2_PLACEMENT_3D('',#10015,#6858,#6859);
#5496=AXIS2_PLACEMENT_3D('',#10016,#6860,#6861);
#5497=AXIS2_PLACEMENT_3D('',#10018,#6862,#6863);
#5498=AXIS2_PLACEMENT_3D('',#10021,#6865,#6866);
#5499=AXIS2_PLACEMENT_3D('',#10022,#6867,#6868);
#5500=AXIS2_PLACEMENT_3D('',#10023,#6869,#6870);
#5501=AXIS2_PLACEMENT_3D('',#10024,#6871,#6872);
#5502=AXIS2_PLACEMENT_3D('',#10025,#6873,#6874);
#5503=AXIS2_PLACEMENT_3D('',#10026,#6875,#6876);
#5504=AXIS2_PLACEMENT_3D('',#10027,#6877,#6878);
#5505=DIRECTION('axis',(0.,0.,1.));
#5506=DIRECTION('refdir',(1.,0.,0.));
#5507=DIRECTION('axis',(0.,0.,1.));
#5508=DIRECTION('refdir',(1.,0.,0.));
#5509=DIRECTION('axis',(0.,0.,1.));
#5510=DIRECTION('refdir',(1.,0.,0.));
#5511=DIRECTION('center_axis',(0.,-1.,0.));
#5512=DIRECTION('ref_axis',(1.,0.,0.));
#5513=DIRECTION('',(1.,0.,0.));
#5514=DIRECTION('',(0.,0.,1.));
#5515=DIRECTION('',(1.,0.,0.));
#5516=DIRECTION('',(0.,0.,1.));
#5517=DIRECTION('center_axis',(-1.,0.,0.));
#5518=DIRECTION('ref_axis',(0.,-1.,0.));
#5519=DIRECTION('',(0.,-1.,0.));
#5520=DIRECTION('',(0.,-1.,0.));
#5521=DIRECTION('',(0.,0.,1.));
#5522=DIRECTION('center_axis',(0.,0.,1.));
#5523=DIRECTION('ref_axis',(1.,0.,0.));
#5524=DIRECTION('center_axis',(0.,0.,1.));
#5525=DIRECTION('ref_axis',(1.,0.,0.));
#5526=DIRECTION('center_axis',(0.,0.,1.));
#5527=DIRECTION('ref_axis',(1.,0.,0.));
#5528=DIRECTION('',(0.,0.,-1.));
#5529=DIRECTION('center_axis',(1.,0.,0.));
#5530=DIRECTION('ref_axis',(0.,1.,0.));
#5531=DIRECTION('',(0.,1.,0.));
#5532=DIRECTION('',(0.,1.,0.));
#5533=DIRECTION('center_axis',(0.,0.,1.));
#5534=DIRECTION('ref_axis',(1.,0.,0.));
#5535=DIRECTION('center_axis',(0.,0.,1.));
#5536=DIRECTION('ref_axis',(1.,0.,0.));
#5537=DIRECTION('center_axis',(0.,0.,1.));
#5538=DIRECTION('ref_axis',(1.,0.,0.));
#5539=DIRECTION('',(0.,0.,-1.));
#5540=DIRECTION('center_axis',(0.,0.,1.));
#5541=DIRECTION('ref_axis',(1.,0.,0.));
#5542=DIRECTION('',(0.,0.,1.));
#5543=DIRECTION('center_axis',(0.,0.,1.));
#5544=DIRECTION('ref_axis',(1.,0.,0.));
#5545=DIRECTION('center_axis',(0.,0.,1.));
#5546=DIRECTION('ref_axis',(1.,0.,0.));
#5547=DIRECTION('',(0.258819045102522,-0.965925826289068,0.));
#5548=DIRECTION('',(-0.17364817766693,-0.984807753012208,0.));
#5549=DIRECTION('center_axis',(0.,0.,-1.));
#5550=DIRECTION('ref_axis',(1.,0.,0.));
#5551=DIRECTION('center_axis',(0.,0.,1.));
#5552=DIRECTION('ref_axis',(1.,0.,0.));
#5553=DIRECTION('',(0.,0.,1.));
#5554=DIRECTION('',(0.,0.,-1.));
#5555=DIRECTION('',(0.,0.,-1.));
#5556=DIRECTION('center_axis',(0.,0.,-1.));
#5557=DIRECTION('ref_axis',(1.,0.,0.));
#5558=DIRECTION('center_axis',(0.,0.,1.));
#5559=DIRECTION('ref_axis',(1.,0.,0.));
#5560=DIRECTION('',(-0.258819045102522,0.965925826289068,0.));
#5561=DIRECTION('',(0.17364817766693,0.984807753012208,0.));
#5562=DIRECTION('center_axis',(0.984807753012208,-0.17364817766693,0.));
#5563=DIRECTION('ref_axis',(0.17364817766693,0.984807753012208,0.));
#5564=DIRECTION('center_axis',(0.965925826289068,0.258819045102522,0.));
#5565=DIRECTION('ref_axis',(-0.258819045102522,0.965925826289068,0.));
#5566=DIRECTION('center_axis',(0.,0.,1.));
#5567=DIRECTION('ref_axis',(1.,0.,0.));
#5568=DIRECTION('',(0.258819045102521,0.965925826289068,0.));
#5569=DIRECTION('center_axis',(0.,0.,-1.));
#5570=DIRECTION('ref_axis',(1.,0.,0.));
#5571=DIRECTION('',(-0.17364817766693,0.984807753012208,0.));
#5572=DIRECTION('center_axis',(0.,0.,1.));
#5573=DIRECTION('ref_axis',(1.,0.,0.));
#5574=DIRECTION('center_axis',(0.,0.,1.));
#5575=DIRECTION('ref_axis',(-0.999894054516705,0.0145560895210176,0.));
#5576=DIRECTION('',(0.,0.,1.));
#5577=DIRECTION('',(0.,0.,-1.));
#5578=DIRECTION('center_axis',(0.,0.,1.));
#5579=DIRECTION('ref_axis',(1.,0.,0.));
#5580=DIRECTION('center_axis',(0.,0.,1.));
#5581=DIRECTION('ref_axis',(-1.,-1.22464679914735E-16,0.));
#5582=DIRECTION('',(0.,0.,-1.));
#5583=DIRECTION('center_axis',(0.,0.,-1.));
#5584=DIRECTION('ref_axis',(1.,0.,0.));
#5585=DIRECTION('',(0.,0.,1.));
#5586=DIRECTION('',(0.,0.,1.));
#5587=DIRECTION('center_axis',(0.,0.,1.));
#5588=DIRECTION('ref_axis',(1.,0.,0.));
#5589=DIRECTION('',(-0.258819045102521,-0.965925826289068,0.));
#5590=DIRECTION('',(0.17364817766693,-0.984807753012208,0.));
#5591=DIRECTION('center_axis',(-0.984807753012208,-0.17364817766693,0.));
#5592=DIRECTION('ref_axis',(0.17364817766693,-0.984807753012208,0.));
#5593=DIRECTION('center_axis',(-0.965925826289068,0.258819045102521,0.));
#5594=DIRECTION('ref_axis',(-0.258819045102521,-0.965925826289068,0.));
#5595=DIRECTION('center_axis',(0.,0.,1.));
#5596=DIRECTION('ref_axis',(1.,0.,0.));
#5597=DIRECTION('center_axis',(0.,0.,-1.));
#5598=DIRECTION('ref_axis',(1.,0.,0.));
#5599=DIRECTION('',(0.,0.,-1.));
#5600=DIRECTION('center_axis',(0.,0.,-1.));
#5601=DIRECTION('ref_axis',(1.,0.,0.));
#5602=DIRECTION('center_axis',(0.,0.,1.));
#5603=DIRECTION('ref_axis',(1.,0.,0.));
#5604=DIRECTION('center_axis',(0.,0.,1.));
#5605=DIRECTION('ref_axis',(1.,0.,0.));
#5606=DIRECTION('',(0.,0.,-1.));
#5607=DIRECTION('center_axis',(0.,0.,1.));
#5608=DIRECTION('ref_axis',(1.,0.,0.));
#5609=DIRECTION('center_axis',(0.,0.,1.));
#5610=DIRECTION('ref_axis',(1.,0.,0.));
#5611=DIRECTION('center_axis',(0.,0.,1.));
#5612=DIRECTION('ref_axis',(1.,0.,0.));
#5613=DIRECTION('center_axis',(0.,0.,-1.));
#5614=DIRECTION('ref_axis',(1.,0.,0.));
#5615=DIRECTION('center_axis',(0.,0.,-1.));
#5616=DIRECTION('ref_axis',(-0.707106781186548,0.707106781186548,0.));
#5617=DIRECTION('',(0.,-1.,0.));
#5618=DIRECTION('',(1.,0.,0.));
#5619=DIRECTION('',(0.,-1.,0.));
#5620=DIRECTION('center_axis',(0.,0.,-1.));
#5621=DIRECTION('ref_axis',(0.707106781186548,0.707106781186548,0.));
#5622=DIRECTION('',(1.,0.,0.));
#5623=DIRECTION('center_axis',(1.,0.,0.));
#5624=DIRECTION('ref_axis',(0.,0.,1.));
#5625=DIRECTION('',(0.,0.,1.));
#5626=DIRECTION('',(0.,0.,1.));
#5627=DIRECTION('',(0.,-1.,0.));
#5628=DIRECTION('center_axis',(-1.,0.,0.));
#5629=DIRECTION('ref_axis',(0.,0.,-1.));
#5630=DIRECTION('',(0.,0.,-1.));
#5631=DIRECTION('',(0.,-1.,0.));
#5632=DIRECTION('',(0.,0.,-1.));
#5633=DIRECTION('center_axis',(0.,0.,1.));
#5634=DIRECTION('ref_axis',(-1.,0.,0.));
#5635=DIRECTION('center_axis',(0.,0.,1.));
#5636=DIRECTION('ref_axis',(-0.707106781186548,0.707106781186548,0.));
#5637=DIRECTION('',(-1.,0.,0.));
#5638=DIRECTION('center_axis',(0.,0.,1.));
#5639=DIRECTION('ref_axis',(0.707106781186548,0.707106781186548,0.));
#5640=DIRECTION('',(-1.,0.,0.));
#5641=DIRECTION('center_axis',(0.,-1.,0.));
#5642=DIRECTION('ref_axis',(0.,0.,-1.));
#5643=DIRECTION('center_axis',(-1.,0.,0.));
#5644=DIRECTION('ref_axis',(0.,0.,-1.));
#5645=DIRECTION('',(0.,0.,-1.));
#5646=DIRECTION('',(0.,-1.,0.));
#5647=DIRECTION('',(0.,0.,-1.));
#5648=DIRECTION('',(0.,-1.,0.));
#5649=DIRECTION('center_axis',(0.,0.,1.));
#5650=DIRECTION('ref_axis',(-1.,0.,0.));
#5651=DIRECTION('',(-1.,0.,0.));
#5652=DIRECTION('',(0.,-1.,0.));
#5653=DIRECTION('',(-1.,0.,0.));
#5654=DIRECTION('center_axis',(1.,0.,0.));
#5655=DIRECTION('ref_axis',(0.,0.,1.));
#5656=DIRECTION('',(0.,0.,1.));
#5657=DIRECTION('',(0.,-1.,0.));
#5658=DIRECTION('',(0.,0.,1.));
#5659=DIRECTION('center_axis',(0.,-1.,0.));
#5660=DIRECTION('ref_axis',(0.,0.,-1.));
#5661=DIRECTION('',(1.,0.,8.88178419700126E-16));
#5662=DIRECTION('center_axis',(0.,0.,1.));
#5663=DIRECTION('ref_axis',(0.707106781186548,0.707106781186548,0.));
#5664=DIRECTION('',(0.,0.,1.));
#5665=DIRECTION('center_axis',(0.,0.,-1.));
#5666=DIRECTION('ref_axis',(0.707106781186548,0.707106781186548,0.));
#5667=DIRECTION('',(0.,0.,1.));
#5668=DIRECTION('',(0.,0.,-1.));
#5669=DIRECTION('',(0.,0.,-1.));
#5670=DIRECTION('center_axis',(0.,0.,-1.));
#5671=DIRECTION('ref_axis',(0.707106781186548,0.707106781186548,0.));
#5672=DIRECTION('',(0.,0.,1.));
#5673=DIRECTION('center_axis',(0.,1.,0.));
#5674=DIRECTION('ref_axis',(-1.,0.,0.));
#5675=DIRECTION('',(0.,0.,-1.));
#5676=DIRECTION('',(1.,0.,0.));
#5677=DIRECTION('center_axis',(0.,1.,0.));
#5678=DIRECTION('ref_axis',(-1.,0.,0.));
#5679=DIRECTION('',(0.,0.,-1.));
#5680=DIRECTION('center_axis',(0.,0.,1.));
#5681=DIRECTION('ref_axis',(-0.707106781186548,0.707106781186548,0.));
#5682=DIRECTION('center_axis',(0.,0.,-1.));
#5683=DIRECTION('ref_axis',(-0.707106781186548,0.707106781186548,0.));
#5684=DIRECTION('',(0.,0.,1.));
#5685=DIRECTION('',(0.,0.,1.));
#5686=DIRECTION('',(0.,0.,-1.));
#5687=DIRECTION('center_axis',(0.,0.,-1.));
#5688=DIRECTION('ref_axis',(-0.707106781186548,0.707106781186548,0.));
#5689=DIRECTION('center_axis',(0.,0.,-1.));
#5690=DIRECTION('ref_axis',(1.,0.,0.));
#5691=DIRECTION('',(0.,-1.,0.));
#5692=DIRECTION('',(-1.,0.,0.));
#5693=DIRECTION('',(0.,-1.,0.));
#5694=DIRECTION('center_axis',(-1.,0.,0.));
#5695=DIRECTION('ref_axis',(0.,0.,-1.));
#5696=DIRECTION('',(0.,0.,1.));
#5697=DIRECTION('',(-1.,0.,0.));
#5698=DIRECTION('center_axis',(-1.,0.,0.));
#5699=DIRECTION('ref_axis',(0.,-1.,0.));
#5700=DIRECTION('',(0.,1.,0.));
#5701=DIRECTION('',(0.,0.,1.));
#5702=DIRECTION('',(0.,1.,0.));
#5703=DIRECTION('center_axis',(-1.,0.,0.));
#5704=DIRECTION('ref_axis',(0.,-1.,0.));
#5705=DIRECTION('',(0.,-1.,0.));
#5706=DIRECTION('',(0.,0.,1.));
#5707=DIRECTION('center_axis',(-1.,0.,0.));
#5708=DIRECTION('ref_axis',(0.,6.26536695612389E-17,-1.));
#5709=DIRECTION('',(-1.,0.,0.));
#5710=DIRECTION('',(-1.,0.,0.));
#5711=DIRECTION('center_axis',(1.,0.,0.));
#5712=DIRECTION('ref_axis',(0.,1.,0.));
#5713=DIRECTION('',(0.,0.,1.));
#5714=DIRECTION('',(0.,1.,0.));
#5715=DIRECTION('center_axis',(1.,0.,0.));
#5716=DIRECTION('ref_axis',(0.,1.,0.));
#5717=DIRECTION('',(0.,-1.,0.));
#5718=DIRECTION('',(0.,0.,1.));
#5719=DIRECTION('',(0.,-1.,0.));
#5720=DIRECTION('center_axis',(1.,0.,0.));
#5721=DIRECTION('ref_axis',(0.,0.,1.));
#5722=DIRECTION('',(0.,0.,-1.));
#5723=DIRECTION('center_axis',(0.,1.,0.));
#5724=DIRECTION('ref_axis',(0.,0.,1.));
#5725=DIRECTION('',(0.,0.,1.));
#5726=DIRECTION('',(1.,0.,0.));
#5727=DIRECTION('',(0.,0.,-1.));
#5728=DIRECTION('',(-1.,0.,0.));
#5729=DIRECTION('center_axis',(0.,0.,-1.));
#5730=DIRECTION('ref_axis',(0.,-1.,0.));
#5731=DIRECTION('',(0.,1.,0.));
#5732=DIRECTION('',(-1.,0.,0.));
#5733=DIRECTION('',(-1.,0.,0.));
#5734=DIRECTION('',(0.,-1.,0.));
#5735=DIRECTION('',(-1.,0.,0.));
#5736=DIRECTION('center_axis',(0.,0.,1.));
#5737=DIRECTION('ref_axis',(0.,1.,0.));
#5738=DIRECTION('',(0.,-1.,0.));
#5739=DIRECTION('',(0.,1.,0.));
#5740=DIRECTION('',(1.,0.,0.));
#5741=DIRECTION('',(1.,0.,0.));
#5742=DIRECTION('center_axis',(1.,0.,0.));
#5743=DIRECTION('ref_axis',(0.,0.,-1.));
#5744=DIRECTION('',(0.,0.,-1.));
#5745=DIRECTION('',(0.,1.,0.));
#5746=DIRECTION('',(0.,0.,-1.));
#5747=DIRECTION('center_axis',(0.,1.,0.));
#5748=DIRECTION('ref_axis',(0.,0.,1.));
#5749=DIRECTION('',(0.,0.,1.));
#5750=DIRECTION('',(-1.,0.,0.));
#5751=DIRECTION('center_axis',(0.,-1.,0.));
#5752=DIRECTION('ref_axis',(1.,0.,0.));
#5753=DIRECTION('',(-1.,0.,0.));
#5754=DIRECTION('',(0.,0.,1.));
#5755=DIRECTION('',(-1.,0.,0.));
#5756=DIRECTION('',(0.,0.,1.));
#5757=DIRECTION('',(1.,0.,0.));
#5758=DIRECTION('',(0.,0.,-1.));
#5759=DIRECTION('',(-1.,0.,0.));
#5760=DIRECTION('center_axis',(0.,-1.,0.));
#5761=DIRECTION('ref_axis',(1.,0.,0.));
#5762=DIRECTION('',(0.,0.,-1.));
#5763=DIRECTION('center_axis',(0.,-1.,0.));
#5764=DIRECTION('ref_axis',(1.,0.,0.));
#5765=DIRECTION('',(0.,0.,1.));
#5766=DIRECTION('center_axis',(-1.,0.,0.));
#5767=DIRECTION('ref_axis',(0.,0.,1.));
#5768=DIRECTION('',(0.,1.,0.));
#5769=DIRECTION('center_axis',(0.,1.,0.));
#5770=DIRECTION('ref_axis',(0.,0.,1.));
#5771=DIRECTION('',(-1.,0.,0.));
#5772=DIRECTION('',(0.,0.,-1.));
#5773=DIRECTION('',(-1.,0.,0.));
#5774=DIRECTION('',(0.,0.,-1.));
#5775=DIRECTION('',(1.,0.,0.));
#5776=DIRECTION('',(0.,0.,1.));
#5777=DIRECTION('',(-1.,0.,0.));
#5778=DIRECTION('',(0.,0.,-1.));
#5779=DIRECTION('center_axis',(0.,0.,1.));
#5780=DIRECTION('ref_axis',(1.,0.,0.));
#5781=DIRECTION('center_axis',(0.,0.,1.));
#5782=DIRECTION('ref_axis',(1.,0.,0.));
#5783=DIRECTION('',(0.,-1.,0.));
#5784=DIRECTION('',(-1.,0.,0.));
#5785=DIRECTION('',(0.,1.,0.));
#5786=DIRECTION('',(0.,-1.,0.));
#5787=DIRECTION('',(0.,1.,0.));
#5788=DIRECTION('center_axis',(-1.,0.,0.));
#5789=DIRECTION('ref_axis',(0.,0.,-1.));
#5790=DIRECTION('',(0.,-0.707106781186548,-0.707106781186547));
#5791=DIRECTION('',(0.,0.,-1.));
#5792=DIRECTION('',(0.,1.,0.));
#5793=DIRECTION('center_axis',(0.,-0.707106781186547,0.707106781186548));
#5794=DIRECTION('ref_axis',(1.,0.,0.));
#5795=DIRECTION('',(0.,-0.707106781186548,-0.707106781186547));
#5796=DIRECTION('',(1.,0.,0.));
#5797=DIRECTION('',(-1.,0.,0.));
#5798=DIRECTION('center_axis',(0.,-1.,0.));
#5799=DIRECTION('ref_axis',(0.,0.,-1.));
#5800=DIRECTION('',(0.,0.,-1.));
#5801=DIRECTION('center_axis',(0.,0.,-1.));
#5802=DIRECTION('ref_axis',(-1.,0.,0.));
#5803=DIRECTION('',(0.,-1.,0.));
#5804=DIRECTION('center_axis',(1.,0.,0.));
#5805=DIRECTION('ref_axis',(0.,0.,-1.));
#5806=DIRECTION('',(0.,1.,0.));
#5807=DIRECTION('center_axis',(0.,0.,1.));
#5808=DIRECTION('ref_axis',(1.,0.,0.));
#5809=DIRECTION('',(0.,1.,0.));
#5810=DIRECTION('center_axis',(-1.,0.,0.));
#5811=DIRECTION('ref_axis',(0.,0.,1.));
#5812=DIRECTION('center_axis',(1.,0.,0.));
#5813=DIRECTION('ref_axis',(0.,0.,-1.));
#5814=DIRECTION('center_axis',(0.,0.,-1.));
#5815=DIRECTION('ref_axis',(-1.,0.,0.));
#5816=DIRECTION('center_axis',(1.,0.,0.));
#5817=DIRECTION('ref_axis',(0.,0.,-1.));
#5818=DIRECTION('center_axis',(-1.,0.,0.));
#5819=DIRECTION('ref_axis',(0.,0.,1.));
#5820=DIRECTION('center_axis',(0.,0.,1.));
#5821=DIRECTION('ref_axis',(1.,0.,0.));
#5822=DIRECTION('center_axis',(0.,0.,1.));
#5823=DIRECTION('ref_axis',(1.,0.,0.));
#5824=DIRECTION('center_axis',(0.,0.,1.));
#5825=DIRECTION('ref_axis',(1.,0.,0.));
#5826=DIRECTION('',(0.,0.,-1.));
#5827=DIRECTION('center_axis',(0.,0.,-1.));
#5828=DIRECTION('ref_axis',(1.,0.,0.));
#5829=DIRECTION('center_axis',(0.,0.,1.));
#5830=DIRECTION('ref_axis',(1.,0.,0.));
#5831=DIRECTION('',(0.,0.,-1.));
#5832=DIRECTION('center_axis',(0.,0.,1.));
#5833=DIRECTION('ref_axis',(1.,0.,0.));
#5834=DIRECTION('center_axis',(0.,0.,1.));
#5835=DIRECTION('ref_axis',(1.,0.,0.));
#5836=DIRECTION('center_axis',(1.,0.,0.));
#5837=DIRECTION('ref_axis',(0.,0.,-1.));
#5838=DIRECTION('',(0.,-1.,0.));
#5839=DIRECTION('',(0.,0.,-1.));
#5840=DIRECTION('',(0.,1.,0.));
#5841=DIRECTION('',(0.,0.,-1.));
#5842=DIRECTION('center_axis',(0.,1.,0.));
#5843=DIRECTION('ref_axis',(0.,0.,1.));
#5844=DIRECTION('',(1.,0.,0.));
#5845=DIRECTION('',(0.,0.,1.));
#5846=DIRECTION('',(-1.,0.,0.));
#5847=DIRECTION('center_axis',(0.,0.,1.));
#5848=DIRECTION('ref_axis',(-6.12323399573677E-17,-1.,0.));
#5849=DIRECTION('',(1.,-6.12323399573677E-17,0.));
#5850=DIRECTION('',(-6.12323399573677E-17,-1.,0.));
#5851=DIRECTION('',(1.,-6.12323399573677E-17,0.));
#5852=DIRECTION('',(6.12323399573677E-17,1.,0.));
#5853=DIRECTION('center_axis',(-6.12323399573677E-17,-1.,0.));
#5854=DIRECTION('ref_axis',(0.,0.,-1.));
#5855=DIRECTION('',(1.,-6.12323399573677E-17,0.));
#5856=DIRECTION('',(0.,0.,-1.));
#5857=DIRECTION('',(0.707106781186548,-4.32978028117747E-17,-0.707106781186547));
#5858=DIRECTION('center_axis',(-6.12323399573677E-17,-1.,0.));
#5859=DIRECTION('ref_axis',(0.,0.,-1.));
#5860=DIRECTION('',(0.707106781186548,-4.32978028117747E-17,-0.707106781186547));
#5861=DIRECTION('',(0.,0.,-1.));
#5862=DIRECTION('',(1.,-6.12323399573677E-17,0.));
#5863=DIRECTION('',(0.,0.,1.));
#5864=DIRECTION('center_axis',(0.707106781186547,-4.32978028117747E-17,
0.707106781186548));
#5865=DIRECTION('ref_axis',(6.12323399573677E-17,1.,0.));
#5866=DIRECTION('',(6.12323399573677E-17,1.,0.));
#5867=DIRECTION('center_axis',(1.,-6.12323399573677E-17,0.));
#5868=DIRECTION('ref_axis',(0.,0.,-1.));
#5869=DIRECTION('',(6.12323399573677E-17,1.,0.));
#5870=DIRECTION('center_axis',(0.,0.,-1.));
#5871=DIRECTION('ref_axis',(6.12323399573677E-17,1.,0.));
#5872=DIRECTION('',(-6.12323399573677E-17,-1.,0.));
#5873=DIRECTION('center_axis',(1.,-6.12323399573677E-17,0.));
#5874=DIRECTION('ref_axis',(6.12323399573677E-17,1.,0.));
#5875=DIRECTION('center_axis',(1.,-1.22464679914735E-16,0.));
#5876=DIRECTION('ref_axis',(0.,0.,-1.));
#5877=DIRECTION('',(8.65956056235493E-17,0.707106781186548,-0.707106781186547));
#5878=DIRECTION('',(0.,0.,-1.));
#5879=DIRECTION('',(1.22464679914735E-16,1.,0.));
#5880=DIRECTION('',(0.,0.,1.));
#5881=DIRECTION('',(1.22464679914735E-16,1.,0.));
#5882=DIRECTION('center_axis',(8.65956056235493E-17,0.707106781186547,0.707106781186548));
#5883=DIRECTION('ref_axis',(-1.,1.22464679914735E-16,0.));
#5884=DIRECTION('',(8.65956056235493E-17,0.707106781186548,-0.707106781186547));
#5885=DIRECTION('',(-1.,1.22464679914735E-16,0.));
#5886=DIRECTION('',(1.,-1.22464679914735E-16,0.));
#5887=DIRECTION('center_axis',(1.22464679914735E-16,1.,0.));
#5888=DIRECTION('ref_axis',(0.,0.,-1.));
#5889=DIRECTION('',(0.,0.,-1.));
#5890=DIRECTION('',(-1.,1.22464679914735E-16,0.));
#5891=DIRECTION('center_axis',(1.,-1.22464679914735E-16,0.));
#5892=DIRECTION('ref_axis',(0.,0.,-1.));
#5893=DIRECTION('',(1.22464679914735E-16,1.,0.));
#5894=DIRECTION('',(0.,0.,1.));
#5895=DIRECTION('',(1.22464679914735E-16,1.,0.));
#5896=DIRECTION('center_axis',(0.,0.,-1.));
#5897=DIRECTION('ref_axis',(-1.,1.22464679914735E-16,0.));
#5898=DIRECTION('',(1.,-1.22464679914735E-16,0.));
#5899=DIRECTION('center_axis',(0.,0.,1.));
#5900=DIRECTION('ref_axis',(1.,-1.22464679914735E-16,0.));
#5901=DIRECTION('',(-1.,1.22464679914735E-16,0.));
#5902=DIRECTION('center_axis',(1.22464679914735E-16,1.,0.));
#5903=DIRECTION('ref_axis',(-1.,1.22464679914735E-16,0.));
#5904=DIRECTION('center_axis',(-1.,0.,0.));
#5905=DIRECTION('ref_axis',(0.,0.,1.));
#5906=DIRECTION('',(0.,1.,0.));
#5907=DIRECTION('',(0.,0.,1.));
#5908=DIRECTION('',(0.,-1.,0.));
#5909=DIRECTION('',(0.,0.,1.));
#5910=DIRECTION('center_axis',(0.,1.,0.));
#5911=DIRECTION('ref_axis',(0.,0.,1.));
#5912=DIRECTION('',(0.,0.,-1.));
#5913=DIRECTION('',(1.,0.,0.));
#5914=DIRECTION('',(-1.,0.,0.));
#5915=DIRECTION('center_axis',(-1.,1.83697019872103E-16,0.));
#5916=DIRECTION('ref_axis',(-1.83697019872103E-16,-1.,0.));
#5917=DIRECTION('',(1.83697019872103E-16,1.,0.));
#5918=DIRECTION('',(0.,0.,1.));
#5919=DIRECTION('',(-1.83697019872103E-16,-1.,0.));
#5920=DIRECTION('center_axis',(0.,0.,-1.));
#5921=DIRECTION('ref_axis',(-1.83697019872103E-16,-1.,0.));
#5922=DIRECTION('',(-1.,1.83697019872103E-16,0.));
#5923=DIRECTION('',(-1.83697019872103E-16,-1.,0.));
#5924=DIRECTION('',(-1.,1.83697019872103E-16,0.));
#5925=DIRECTION('center_axis',(1.83697019872103E-16,1.,0.));
#5926=DIRECTION('ref_axis',(0.,0.,-1.));
#5927=DIRECTION('',(-1.,1.83697019872103E-16,0.));
#5928=DIRECTION('',(-0.707106781186548,1.29893408435324E-16,-0.707106781186547));
#5929=DIRECTION('',(0.,0.,-1.));
#5930=DIRECTION('center_axis',(-0.707106781186547,1.29893408435324E-16,
0.707106781186548));
#5931=DIRECTION('ref_axis',(-1.83697019872103E-16,-1.,0.));
#5932=DIRECTION('',(-0.707106781186548,1.29893408435324E-16,-0.707106781186547));
#5933=DIRECTION('',(-1.83697019872103E-16,-1.,0.));
#5934=DIRECTION('',(1.83697019872103E-16,1.,0.));
#5935=DIRECTION('center_axis',(-1.,1.83697019872103E-16,0.));
#5936=DIRECTION('ref_axis',(0.,0.,-1.));
#5937=DIRECTION('',(0.,0.,-1.));
#5938=DIRECTION('center_axis',(1.83697019872103E-16,1.,0.));
#5939=DIRECTION('ref_axis',(0.,0.,-1.));
#5940=DIRECTION('',(-1.,1.83697019872103E-16,0.));
#5941=DIRECTION('center_axis',(0.,0.,1.));
#5942=DIRECTION('ref_axis',(1.83697019872103E-16,1.,0.));
#5943=DIRECTION('center_axis',(0.707106781186547,-0.707106781186548,0.));
#5944=DIRECTION('ref_axis',(0.,0.,-1.));
#5945=DIRECTION('',(0.707106781186548,0.707106781186547,0.));
#5946=DIRECTION('',(0.,0.,1.));
#5947=DIRECTION('',(0.,0.,-1.));
#5948=DIRECTION('center_axis',(0.,-1.,0.));
#5949=DIRECTION('ref_axis',(0.,0.,1.));
#5950=DIRECTION('',(1.,0.,0.));
#5951=DIRECTION('',(-1.,0.,0.));
#5952=DIRECTION('',(0.,0.,1.));
#5953=DIRECTION('',(1.,0.,0.));
#5954=DIRECTION('',(1.,0.,0.));
#5955=DIRECTION('center_axis',(0.,1.,3.16477492081574E-16));
#5956=DIRECTION('ref_axis',(0.,-3.16477492081574E-16,1.));
#5957=DIRECTION('',(0.,3.16477492081574E-16,-1.));
#5958=DIRECTION('',(0.,-3.16477492081574E-16,1.));
#5959=DIRECTION('',(1.,0.,0.));
#5960=DIRECTION('center_axis',(1.,0.,0.));
#5961=DIRECTION('ref_axis',(0.,0.,-1.));
#5962=DIRECTION('',(0.,1.,0.));
#5963=DIRECTION('center_axis',(0.,0.,-1.));
#5964=DIRECTION('ref_axis',(0.,-1.,0.));
#5965=DIRECTION('',(0.,-1.,0.));
#5966=DIRECTION('',(-1.,0.,0.));
#5967=DIRECTION('',(0.,1.,0.));
#5968=DIRECTION('center_axis',(0.,1.,0.));
#5969=DIRECTION('ref_axis',(0.,0.,-1.));
#5970=DIRECTION('',(0.,0.,-1.));
#5971=DIRECTION('',(0.,0.,-1.));
#5972=DIRECTION('',(-1.,0.,0.));
#5973=DIRECTION('center_axis',(1.,0.,0.));
#5974=DIRECTION('ref_axis',(0.,0.,-1.));
#5975=DIRECTION('center_axis',(1.,0.,0.));
#5976=DIRECTION('ref_axis',(0.,0.,-1.));
#5977=DIRECTION('center_axis',(0.707106781186547,0.707106781186548,0.));
#5978=DIRECTION('ref_axis',(0.,0.,-1.));
#5979=DIRECTION('',(-0.707106781186548,0.707106781186547,0.));
#5980=DIRECTION('',(0.,0.,-1.));
#5981=DIRECTION('',(0.,0.,1.));
#5982=DIRECTION('center_axis',(0.,1.,0.));
#5983=DIRECTION('ref_axis',(0.,0.,1.));
#5984=DIRECTION('',(-1.,0.,0.));
#5985=DIRECTION('',(0.,0.,1.));
#5986=DIRECTION('',(1.,0.,0.));
#5987=DIRECTION('',(-1.,0.,0.));
#5988=DIRECTION('',(-1.,0.,0.));
#5989=DIRECTION('center_axis',(0.,-1.,-3.16477492081574E-16));
#5990=DIRECTION('ref_axis',(0.,-3.16477492081574E-16,1.));
#5991=DIRECTION('',(0.,3.16477492081574E-16,-1.));
#5992=DIRECTION('',(-1.,0.,0.));
#5993=DIRECTION('',(0.,-3.16477492081574E-16,1.));
#5994=DIRECTION('center_axis',(1.,0.,0.));
#5995=DIRECTION('ref_axis',(0.,0.,-1.));
#5996=DIRECTION('',(0.,1.,0.));
#5997=DIRECTION('center_axis',(0.,0.,1.));
#5998=DIRECTION('ref_axis',(0.,-1.,0.));
#5999=DIRECTION('',(0.,1.,0.));
#6000=DIRECTION('',(1.,0.,0.));
#6001=DIRECTION('',(0.,-1.,0.));
#6002=DIRECTION('center_axis',(0.,-1.,0.));
#6003=DIRECTION('ref_axis',(0.,0.,-1.));
#6004=DIRECTION('',(0.,0.,-1.));
#6005=DIRECTION('',(1.,0.,0.));
#6006=DIRECTION('',(0.,0.,-1.));
#6007=DIRECTION('center_axis',(1.,0.,0.));
#6008=DIRECTION('ref_axis',(0.,0.,-1.));
#6009=DIRECTION('center_axis',(1.,0.,0.));
#6010=DIRECTION('ref_axis',(0.,0.,-1.));
#6011=DIRECTION('axis',(0.,0.,1.));
#6012=DIRECTION('refdir',(1.,0.,0.));
#6013=DIRECTION('center_axis',(0.,0.,1.));
#6014=DIRECTION('ref_axis',(1.,0.,0.));
#6015=DIRECTION('',(-1.,0.,0.));
#6016=DIRECTION('',(5.25105484620006E-17,-1.,0.));
#6017=DIRECTION('',(1.,0.,0.));
#6018=DIRECTION('',(-5.25105484620006E-17,-1.,0.));
#6019=DIRECTION('center_axis',(-1.,-5.25105484620006E-17,0.));
#6020=DIRECTION('ref_axis',(5.25105484620006E-17,-1.,0.));
#6021=DIRECTION('',(0.,0.,-1.));
#6022=DIRECTION('',(0.,0.,1.));
#6023=DIRECTION('',(-5.25105484620006E-17,1.,0.));
#6024=DIRECTION('center_axis',(0.,-1.,0.));
#6025=DIRECTION('ref_axis',(1.,0.,0.));
#6026=DIRECTION('',(1.,0.,0.));
#6027=DIRECTION('',(0.,0.,1.));
#6028=DIRECTION('center_axis',(-1.,5.25105484620006E-17,0.));
#6029=DIRECTION('ref_axis',(-5.25105484620006E-17,-1.,0.));
#6030=DIRECTION('',(0.,0.,-1.));
#6031=DIRECTION('',(-5.25105484620006E-17,-1.,0.));
#6032=DIRECTION('center_axis',(0.,1.,0.));
#6033=DIRECTION('ref_axis',(-1.,0.,0.));
#6034=DIRECTION('',(-1.,0.,0.));
#6035=DIRECTION('center_axis',(-1.,-5.25105484620006E-17,0.));
#6036=DIRECTION('ref_axis',(5.25105484620006E-17,-1.,0.));
#6037=DIRECTION('',(0.,0.,1.));
#6038=DIRECTION('',(-5.25105484620006E-17,1.,0.));
#6039=DIRECTION('',(0.,0.,1.));
#6040=DIRECTION('',(5.25105484620006E-17,-1.,0.));
#6041=DIRECTION('center_axis',(0.,0.,-1.));
#6042=DIRECTION('ref_axis',(0.,-1.,0.));
#6043=DIRECTION('center_axis',(0.,0.,1.));
#6044=DIRECTION('ref_axis',(0.,-1.,0.));
#6045=DIRECTION('',(0.,0.,1.));
#6046=DIRECTION('center_axis',(0.,0.,1.));
#6047=DIRECTION('ref_axis',(0.,-1.,0.));
#6048=DIRECTION('',(0.,0.,1.));
#6049=DIRECTION('center_axis',(-1.,5.25105484620006E-17,0.));
#6050=DIRECTION('ref_axis',(-5.25105484620006E-17,-1.,0.));
#6051=DIRECTION('',(0.,0.,1.));
#6052=DIRECTION('',(-5.25105484620006E-17,-1.,0.));
#6053=DIRECTION('',(-5.25105484620006E-17,-1.,0.));
#6054=DIRECTION('center_axis',(-0.707106781186549,0.707106781186546,0.));
#6055=DIRECTION('ref_axis',(-0.707106781186546,-0.707106781186549,0.));
#6056=DIRECTION('',(-0.707106781186546,-0.707106781186549,0.));
#6057=DIRECTION('',(0.,0.,-1.));
#6058=DIRECTION('',(-0.707106781186546,-0.707106781186549,0.));
#6059=DIRECTION('',(0.,0.,-1.));
#6060=DIRECTION('center_axis',(0.,0.,-1.));
#6061=DIRECTION('ref_axis',(0.992317669973237,-0.123715972529365,0.));
#6062=DIRECTION('center_axis',(0.,0.,-1.));
#6063=DIRECTION('ref_axis',(-4.44089209850063E-16,1.,0.));
#6064=DIRECTION('center_axis',(0.,0.,-1.));
#6065=DIRECTION('ref_axis',(-4.44089209850063E-16,1.,0.));
#6066=DIRECTION('',(0.,0.,1.));
#6067=DIRECTION('center_axis',(0.,-1.,0.));
#6068=DIRECTION('ref_axis',(1.,0.,0.));
#6069=DIRECTION('',(1.,0.,0.));
#6070=DIRECTION('',(1.,0.,0.));
#6071=DIRECTION('center_axis',(0.,0.,-1.));
#6072=DIRECTION('ref_axis',(-1.,0.,0.));
#6073=DIRECTION('center_axis',(0.,0.,-1.));
#6074=DIRECTION('ref_axis',(-1.,0.,0.));
#6075=DIRECTION('center_axis',(0.,0.,1.));
#6076=DIRECTION('ref_axis',(-1.,0.,0.));
#6077=DIRECTION('',(0.,0.,-1.));
#6078=DIRECTION('center_axis',(0.,0.,-1.));
#6079=DIRECTION('ref_axis',(-1.,0.,0.));
#6080=DIRECTION('center_axis',(0.,-1.,0.));
#6081=DIRECTION('ref_axis',(1.,0.,0.));
#6082=DIRECTION('',(1.,0.,0.));
#6083=DIRECTION('',(-1.,0.,0.));
#6084=DIRECTION('center_axis',(0.,0.,1.));
#6085=DIRECTION('ref_axis',(1.,0.,0.));
#6086=DIRECTION('center_axis',(0.,0.,-1.));
#6087=DIRECTION('ref_axis',(0.,-1.,0.));
#6088=DIRECTION('',(-1.,0.,0.));
#6089=DIRECTION('center_axis',(0.,0.,1.));
#6090=DIRECTION('ref_axis',(4.44089209850063E-16,1.,0.));
#6091=DIRECTION('',(0.707106781186546,-0.707106781186549,0.));
#6092=DIRECTION('',(1.,0.,0.));
#6093=DIRECTION('center_axis',(0.,0.,1.));
#6094=DIRECTION('ref_axis',(0.,-1.,0.));
#6095=DIRECTION('center_axis',(0.,0.,1.));
#6096=DIRECTION('ref_axis',(0.,-1.,0.));
#6097=DIRECTION('',(0.,0.,1.));
#6098=DIRECTION('center_axis',(-0.707106781186549,-0.707106781186546,0.));
#6099=DIRECTION('ref_axis',(0.707106781186546,-0.707106781186549,0.));
#6100=DIRECTION('',(0.,0.,-1.));
#6101=DIRECTION('',(0.,0.,1.));
#6102=DIRECTION('',(-0.707106781186546,0.707106781186549,0.));
#6103=DIRECTION('center_axis',(0.,0.,1.));
#6104=DIRECTION('ref_axis',(-0.992317669973237,-0.123715972529364,0.));
#6105=DIRECTION('',(0.,0.,1.));
#6106=DIRECTION('center_axis',(0.,0.,-1.));
#6107=DIRECTION('ref_axis',(4.44089209850063E-16,1.,0.));
#6108=DIRECTION('center_axis',(0.,1.,0.));
#6109=DIRECTION('ref_axis',(-1.,0.,0.));
#6110=DIRECTION('',(1.,0.,0.));
#6111=DIRECTION('center_axis',(0.,0.,1.));
#6112=DIRECTION('ref_axis',(1.,0.,0.));
#6113=DIRECTION('',(-1.,0.,0.));
#6114=DIRECTION('',(-0.707106781186546,-0.707106781186549,0.));
#6115=DIRECTION('center_axis',(0.,0.,-1.));
#6116=DIRECTION('ref_axis',(-4.44089209850063E-16,1.,0.));
#6117=DIRECTION('',(1.,0.,0.));
#6118=DIRECTION('center_axis',(0.,0.,1.));
#6119=DIRECTION('ref_axis',(0.,-1.,0.));
#6120=DIRECTION('',(-5.25105484620006E-17,-1.,0.));
#6121=DIRECTION('',(1.,0.,0.));
#6122=DIRECTION('center_axis',(0.,0.,-1.));
#6123=DIRECTION('ref_axis',(0.,1.,0.));
#6124=DIRECTION('',(-1.,0.,0.));
#6125=DIRECTION('',(5.25105484620006E-17,-1.,0.));
#6126=DIRECTION('center_axis',(0.,0.,-1.));
#6127=DIRECTION('ref_axis',(0.,-1.,0.));
#6128=DIRECTION('',(-1.,0.,0.));
#6129=DIRECTION('center_axis',(0.,0.,1.));
#6130=DIRECTION('ref_axis',(4.44089209850063E-16,1.,0.));
#6131=DIRECTION('',(0.707106781186546,-0.707106781186549,0.));
#6132=DIRECTION('',(-1.,0.,0.));
#6133=DIRECTION('center_axis',(-1.,-1.38777878078145E-15,0.));
#6134=DIRECTION('ref_axis',(1.38777878078145E-15,-1.,0.));
#6135=DIRECTION('',(1.38777878078145E-15,-1.,0.));
#6136=DIRECTION('',(0.,0.,1.));
#6137=DIRECTION('',(1.38777878078145E-15,-1.,0.));
#6138=DIRECTION('',(0.,0.,1.));
#6139=DIRECTION('center_axis',(-1.,-3.88578058618805E-16,0.));
#6140=DIRECTION('ref_axis',(3.88578058618805E-16,-1.,0.));
#6141=DIRECTION('',(3.88578058618805E-16,-1.,0.));
#6142=DIRECTION('',(0.,0.,1.));
#6143=DIRECTION('',(3.88578058618805E-16,-1.,0.));
#6144=DIRECTION('',(0.,0.,1.));
#6145=DIRECTION('center_axis',(0.,-1.,0.));
#6146=DIRECTION('ref_axis',(1.,0.,0.));
#6147=DIRECTION('',(1.,0.,0.));
#6148=DIRECTION('',(1.,0.,0.));
#6149=DIRECTION('center_axis',(-1.,2.77555756156289E-16,0.));
#6150=DIRECTION('ref_axis',(-2.77555756156289E-16,-1.,0.));
#6151=DIRECTION('',(-2.77555756156289E-16,-1.,0.));
#6152=DIRECTION('',(0.,0.,1.));
#6153=DIRECTION('',(-2.77555756156289E-16,-1.,0.));
#6154=DIRECTION('',(0.,0.,1.));
#6155=DIRECTION('center_axis',(0.,0.,-1.));
#6156=DIRECTION('ref_axis',(0.,-1.,0.));
#6157=DIRECTION('center_axis',(0.,0.,-1.));
#6158=DIRECTION('ref_axis',(0.,-1.,0.));
#6159=DIRECTION('',(0.,0.,1.));
#6160=DIRECTION('',(0.,0.,1.));
#6161=DIRECTION('center_axis',(-1.,5.25105484620006E-17,0.));
#6162=DIRECTION('ref_axis',(-5.25105484620006E-17,-1.,0.));
#6163=DIRECTION('',(-5.25105484620006E-17,-1.,0.));
#6164=DIRECTION('',(0.,0.,1.));
#6165=DIRECTION('center_axis',(0.,-1.,0.));
#6166=DIRECTION('ref_axis',(1.,0.,0.));
#6167=DIRECTION('',(0.,0.,1.));
#6168=DIRECTION('',(-1.,0.,0.));
#6169=DIRECTION('',(0.,0.,1.));
#6170=DIRECTION('',(-1.,0.,0.));
#6171=DIRECTION('center_axis',(-0.707106781186549,0.707106781186546,0.));
#6172=DIRECTION('ref_axis',(-0.707106781186546,-0.707106781186549,0.));
#6173=DIRECTION('',(-0.577350269189623,-0.577350269189626,-0.577350269189628));
#6174=DIRECTION('',(0.,0.,1.));
#6175=DIRECTION('',(-0.707106781186546,-0.707106781186549,0.));
#6176=DIRECTION('',(0.,0.,1.));
#6177=DIRECTION('',(0.,0.,1.));
#6178=DIRECTION('center_axis',(0.,0.,-1.));
#6179=DIRECTION('ref_axis',(-4.44089209850063E-16,1.,0.));
#6180=DIRECTION('center_axis',(0.,0.,-1.));
#6181=DIRECTION('ref_axis',(-4.44089209850063E-16,1.,0.));
#6182=DIRECTION('',(0.,0.,1.));
#6183=DIRECTION('center_axis',(0.,-1.,0.));
#6184=DIRECTION('ref_axis',(1.,0.,0.));
#6185=DIRECTION('',(1.,0.,0.));
#6186=DIRECTION('center_axis',(-1.,0.,0.));
#6187=DIRECTION('ref_axis',(0.,-1.,0.));
#6188=DIRECTION('',(0.,-1.,0.));
#6189=DIRECTION('',(0.,0.,1.));
#6190=DIRECTION('',(0.,-1.,0.));
#6191=DIRECTION('center_axis',(0.,0.,-1.));
#6192=DIRECTION('ref_axis',(-1.,0.,0.));
#6193=DIRECTION('center_axis',(0.,0.,-1.));
#6194=DIRECTION('ref_axis',(1.,0.,0.));
#6195=DIRECTION('center_axis',(0.,0.,1.));
#6196=DIRECTION('ref_axis',(-1.,0.,0.));
#6197=DIRECTION('center_axis',(0.,0.,1.));
#6198=DIRECTION('ref_axis',(-1.,0.,0.));
#6199=DIRECTION('',(0.,0.,1.));
#6200=DIRECTION('center_axis',(-1.,1.38777878078145E-15,0.));
#6201=DIRECTION('ref_axis',(-1.38777878078145E-15,-1.,0.));
#6202=DIRECTION('',(-1.38777878078145E-15,-1.,0.));
#6203=DIRECTION('',(0.,0.,1.));
#6204=DIRECTION('',(-1.38777878078145E-15,-1.,0.));
#6205=DIRECTION('',(0.,0.,1.));
#6206=DIRECTION('center_axis',(0.,1.,0.));
#6207=DIRECTION('ref_axis',(-1.,0.,0.));
#6208=DIRECTION('',(-1.,0.,0.));
#6209=DIRECTION('',(-1.,0.,0.));
#6210=DIRECTION('center_axis',(0.,-1.,0.));
#6211=DIRECTION('ref_axis',(1.,0.,0.));
#6212=DIRECTION('',(1.,0.,0.));
#6213=DIRECTION('',(0.,0.,1.));
#6214=DIRECTION('',(-1.,0.,0.));
#6215=DIRECTION('center_axis',(-1.,3.88578058618805E-16,0.));
#6216=DIRECTION('ref_axis',(-3.88578058618805E-16,-1.,0.));
#6217=DIRECTION('',(-3.88578058618805E-16,-1.,0.));
#6218=DIRECTION('',(0.,0.,1.));
#6219=DIRECTION('',(-3.88578058618805E-16,-1.,0.));
#6220=DIRECTION('center_axis',(0.,1.,0.));
#6221=DIRECTION('ref_axis',(-1.,0.,0.));
#6222=DIRECTION('',(-1.,0.,0.));
#6223=DIRECTION('',(-1.,0.,0.));
#6224=DIRECTION('center_axis',(0.,0.,1.));
#6225=DIRECTION('ref_axis',(1.,0.,0.));
#6226=DIRECTION('center_axis',(0.,-1.,0.));
#6227=DIRECTION('ref_axis',(1.,0.,0.));
#6228=DIRECTION('',(1.,0.,0.));
#6229=DIRECTION('',(0.,0.,1.));
#6230=DIRECTION('',(-1.,0.,0.));
#6231=DIRECTION('center_axis',(0.,0.,1.));
#6232=DIRECTION('ref_axis',(1.,0.,0.));
#6233=DIRECTION('',(2.77555756156289E-16,-1.,0.));
#6234=DIRECTION('',(-1.,0.,0.));
#6235=DIRECTION('center_axis',(-1.,-2.77555756156289E-16,0.));
#6236=DIRECTION('ref_axis',(2.77555756156289E-16,-1.,0.));
#6237=DIRECTION('',(2.77555756156289E-16,-1.,0.));
#6238=DIRECTION('',(0.,0.,1.));
#6239=DIRECTION('center_axis',(0.,1.,0.));
#6240=DIRECTION('ref_axis',(-1.,0.,0.));
#6241=DIRECTION('',(-1.,0.,0.));
#6242=DIRECTION('center_axis',(0.,0.,1.));
#6243=DIRECTION('ref_axis',(1.,0.,0.));
#6244=DIRECTION('',(1.,0.,0.));
#6245=DIRECTION('',(0.707106781186546,-0.707106781186549,0.));
#6246=DIRECTION('center_axis',(0.,0.,1.));
#6247=DIRECTION('ref_axis',(4.44089209850063E-16,1.,0.));
#6248=DIRECTION('',(-1.,0.,0.));
#6249=DIRECTION('center_axis',(0.,0.,1.));
#6250=DIRECTION('ref_axis',(0.,-1.,0.));
#6251=DIRECTION('',(5.25105484620006E-17,-1.,0.));
#6252=DIRECTION('',(1.,0.,0.));
#6253=DIRECTION('',(0.,-1.,0.));
#6254=DIRECTION('',(-1.,0.,0.));
#6255=DIRECTION('center_axis',(0.,-0.707106781186549,0.707106781186546));
#6256=DIRECTION('ref_axis',(1.,0.,0.));
#6257=DIRECTION('',(1.,0.,0.));
#6258=DIRECTION('',(0.577350269189623,-0.577350269189626,-0.577350269189628));
#6259=DIRECTION('',(1.,0.,0.));
#6260=DIRECTION('center_axis',(0.,-1.,0.));
#6261=DIRECTION('ref_axis',(1.,0.,0.));
#6262=DIRECTION('',(0.,0.,1.));
#6263=DIRECTION('center_axis',(0.,1.,0.));
#6264=DIRECTION('ref_axis',(-1.,0.,0.));
#6265=DIRECTION('',(0.,0.,1.));
#6266=DIRECTION('center_axis',(0.,0.,1.));
#6267=DIRECTION('ref_axis',(0.,-1.,0.));
#6268=DIRECTION('',(0.,0.,1.));
#6269=DIRECTION('',(0.,0.,1.));
#6270=DIRECTION('center_axis',(-1.,-5.25105484620006E-17,0.));
#6271=DIRECTION('ref_axis',(5.25105484620006E-17,-1.,0.));
#6272=DIRECTION('',(0.,0.,1.));
#6273=DIRECTION('center_axis',(0.,1.,0.));
#6274=DIRECTION('ref_axis',(-1.,0.,0.));
#6275=DIRECTION('',(0.,0.,1.));
#6276=DIRECTION('',(0.,0.,1.));
#6277=DIRECTION('',(1.,0.,0.));
#6278=DIRECTION('center_axis',(0.,0.,1.));
#6279=DIRECTION('ref_axis',(0.,1.,0.));
#6280=DIRECTION('center_axis',(0.,0.,-1.));
#6281=DIRECTION('ref_axis',(0.,1.,0.));
#6282=DIRECTION('center_axis',(-0.707106781186549,-0.707106781186546,0.));
#6283=DIRECTION('ref_axis',(0.707106781186546,-0.707106781186549,0.));
#6284=DIRECTION('',(0.,0.,1.));
#6285=DIRECTION('center_axis',(0.,0.,1.));
#6286=DIRECTION('ref_axis',(4.44089209850063E-16,1.,0.));
#6287=DIRECTION('',(0.,0.,1.));
#6288=DIRECTION('center_axis',(0.,1.,0.));
#6289=DIRECTION('ref_axis',(-1.,0.,0.));
#6290=DIRECTION('center_axis',(0.,1.,0.));
#6291=DIRECTION('ref_axis',(-1.,0.,0.));
#6292=DIRECTION('',(0.,0.,1.));
#6293=DIRECTION('',(1.,0.,0.));
#6294=DIRECTION('center_axis',(-1.,0.,0.));
#6295=DIRECTION('ref_axis',(0.,-1.,0.));
#6296=DIRECTION('',(0.,-1.,0.));
#6297=DIRECTION('center_axis',(0.,0.,1.));
#6298=DIRECTION('ref_axis',(1.,0.,0.));
#6299=DIRECTION('center_axis',(1.,0.,0.));
#6300=DIRECTION('ref_axis',(0.,0.500000000000005,0.866025403784436));
#6301=DIRECTION('center_axis',(1.,0.,0.));
#6302=DIRECTION('ref_axis',(0.,0.500000000000005,0.866025403784436));
#6303=DIRECTION('',(-1.,0.,0.));
#6304=DIRECTION('center_axis',(-1.,2.22044604925032E-15,0.));
#6305=DIRECTION('ref_axis',(0.,0.500000000000005,0.866025403784436));
#6306=DIRECTION('',(1.,0.,0.));
#6307=DIRECTION('center_axis',(-1.,0.,0.));
#6308=DIRECTION('ref_axis',(0.,-1.,0.));
#6309=DIRECTION('',(0.,1.,0.));
#6310=DIRECTION('center_axis',(1.,-2.22044604925032E-15,0.));
#6311=DIRECTION('ref_axis',(2.22044604925032E-15,1.,0.));
#6312=DIRECTION('',(-2.22044604925032E-15,-1.,0.));
#6313=DIRECTION('center_axis',(-1.,0.,0.));
#6314=DIRECTION('ref_axis',(0.,-1.,0.));
#6315=DIRECTION('',(0.,1.,0.));
#6316=DIRECTION('',(0.,0.,1.));
#6317=DIRECTION('',(0.,-1.,0.));
#6318=DIRECTION('',(0.,0.,1.));
#6319=DIRECTION('center_axis',(0.,1.,0.));
#6320=DIRECTION('ref_axis',(-1.,0.,0.));
#6321=DIRECTION('',(1.,0.,0.));
#6322=DIRECTION('',(-1.,0.,0.));
#6323=DIRECTION('',(0.,0.,1.));
#6324=DIRECTION('center_axis',(0.707106781186552,0.707106781186543,0.));
#6325=DIRECTION('ref_axis',(-0.707106781186543,0.707106781186552,0.));
#6326=DIRECTION('',(0.707106781186543,-0.707106781186552,0.));
#6327=DIRECTION('',(-0.707106781186543,0.707106781186552,0.));
#6328=DIRECTION('',(0.,0.,1.));
#6329=DIRECTION('center_axis',(0.707106781186545,-0.70710678118655,0.));
#6330=DIRECTION('ref_axis',(0.70710678118655,0.707106781186545,0.));
#6331=DIRECTION('',(0.70710678118655,0.707106781186545,0.));
#6332=DIRECTION('',(0.70710678118655,0.707106781186545,0.));
#6333=DIRECTION('',(0.,0.,1.));
#6334=DIRECTION('center_axis',(0.,-1.,0.));
#6335=DIRECTION('ref_axis',(1.,0.,0.));
#6336=DIRECTION('',(-1.,0.,0.));
#6337=DIRECTION('',(1.,0.,0.));
#6338=DIRECTION('center_axis',(0.,0.,1.));
#6339=DIRECTION('ref_axis',(1.,0.,0.));
#6340=DIRECTION('center_axis',(0.,0.,1.));
#6341=DIRECTION('ref_axis',(1.,0.,0.));
#6342=DIRECTION('center_axis',(1.,0.,0.));
#6343=DIRECTION('ref_axis',(0.,0.500000000000005,0.866025403784436));
#6344=DIRECTION('center_axis',(1.,0.,0.));
#6345=DIRECTION('ref_axis',(0.,0.500000000000005,0.866025403784436));
#6346=DIRECTION('',(-1.,0.,0.));
#6347=DIRECTION('center_axis',(-1.,-2.22044604925032E-15,0.));
#6348=DIRECTION('ref_axis',(0.,0.500000000000005,0.866025403784436));
#6349=DIRECTION('',(1.,0.,0.));
#6350=DIRECTION('center_axis',(-1.,0.,0.));
#6351=DIRECTION('ref_axis',(0.,-1.,0.));
#6352=DIRECTION('',(0.,1.,0.));
#6353=DIRECTION('center_axis',(1.,2.22044604925032E-15,0.));
#6354=DIRECTION('ref_axis',(-2.22044604925032E-15,1.,0.));
#6355=DIRECTION('',(2.22044604925032E-15,-1.,0.));
#6356=DIRECTION('center_axis',(-1.,0.,0.));
#6357=DIRECTION('ref_axis',(0.,-1.,0.));
#6358=DIRECTION('',(0.,1.,0.));
#6359=DIRECTION('',(0.,0.,1.));
#6360=DIRECTION('',(0.,-1.,0.));
#6361=DIRECTION('',(0.,0.,1.));
#6362=DIRECTION('center_axis',(0.,-1.,0.));
#6363=DIRECTION('ref_axis',(1.,0.,0.));
#6364=DIRECTION('',(-1.,0.,0.));
#6365=DIRECTION('',(0.,0.,1.));
#6366=DIRECTION('',(1.,0.,0.));
#6367=DIRECTION('center_axis',(0.707106781186552,-0.707106781186543,0.));
#6368=DIRECTION('ref_axis',(0.707106781186543,0.707106781186552,0.));
#6369=DIRECTION('',(-0.707106781186543,-0.707106781186552,0.));
#6370=DIRECTION('',(0.,0.,1.));
#6371=DIRECTION('',(0.707106781186543,0.707106781186552,0.));
#6372=DIRECTION('center_axis',(0.707106781186545,0.70710678118655,0.));
#6373=DIRECTION('ref_axis',(-0.70710678118655,0.707106781186545,0.));
#6374=DIRECTION('',(-0.70710678118655,0.707106781186545,0.));
#6375=DIRECTION('',(0.,0.,1.));
#6376=DIRECTION('',(-0.70710678118655,0.707106781186545,0.));
#6377=DIRECTION('center_axis',(0.,1.,0.));
#6378=DIRECTION('ref_axis',(-1.,0.,0.));
#6379=DIRECTION('',(1.,0.,0.));
#6380=DIRECTION('',(-1.,0.,0.));
#6381=DIRECTION('center_axis',(0.,0.,-1.));
#6382=DIRECTION('ref_axis',(-1.,0.,0.));
#6383=DIRECTION('center_axis',(0.,0.,-1.));
#6384=DIRECTION('ref_axis',(-1.,0.,0.));
#6385=DIRECTION('center_axis',(1.,0.,0.));
#6386=DIRECTION('ref_axis',(0.,0.,-1.));
#6387=DIRECTION('center_axis',(1.,0.,0.));
#6388=DIRECTION('ref_axis',(0.,0.,-1.));
#6389=DIRECTION('center_axis',(1.,0.,0.));
#6390=DIRECTION('ref_axis',(0.,0.,-1.));
#6391=DIRECTION('',(-1.,0.,0.));
#6392=DIRECTION('center_axis',(1.,0.,0.));
#6393=DIRECTION('ref_axis',(0.,0.,-1.));
#6394=DIRECTION('center_axis',(1.,0.,0.));
#6395=DIRECTION('ref_axis',(0.,0.,-1.));
#6396=DIRECTION('center_axis',(1.,0.,0.));
#6397=DIRECTION('ref_axis',(0.,0.,-1.));
#6398=DIRECTION('center_axis',(-1.,0.,0.));
#6399=DIRECTION('ref_axis',(0.,0.,-1.));
#6400=DIRECTION('center_axis',(1.,0.,0.));
#6401=DIRECTION('ref_axis',(0.,0.,-1.));
#6402=DIRECTION('',(1.,0.,0.));
#6403=DIRECTION('center_axis',(1.,0.,0.));
#6404=DIRECTION('ref_axis',(0.,0.,-1.));
#6405=DIRECTION('center_axis',(1.,0.,0.));
#6406=DIRECTION('ref_axis',(0.,0.,-1.));
#6407=DIRECTION('',(0.,1.,-3.05311331771918E-16));
#6408=DIRECTION('',(1.,0.,0.));
#6409=DIRECTION('',(1.01080862513651E-16,-3.88578058618805E-16,-1.00000000000001));
#6410=DIRECTION('',(1.,-7.68424669437217E-17,1.09742415998824E-16));
#6411=DIRECTION('axis',(0.,0.,1.));
#6412=DIRECTION('refdir',(1.,0.,0.));
#6413=DIRECTION('center_axis',(0.,1.,0.));
#6414=DIRECTION('ref_axis',(-1.,0.,0.));
#6415=DIRECTION('center_axis',(2.20436423846524E-15,1.,0.));
#6416=DIRECTION('ref_axis',(-1.,2.20436423846524E-15,0.));
#6417=DIRECTION('center_axis',(2.20436423846524E-15,1.,0.));
#6418=DIRECTION('ref_axis',(0.,0.,1.));
#6419=DIRECTION('center_axis',(0.,1.,0.));
#6420=DIRECTION('ref_axis',(0.,0.,1.));
#6421=DIRECTION('axis',(0.,0.,1.));
#6422=DIRECTION('refdir',(1.,0.,0.));
#6423=DIRECTION('center_axis',(0.,-1.,0.));
#6424=DIRECTION('ref_axis',(1.,0.,0.));
#6425=DIRECTION('',(-1.,0.,0.));
#6426=DIRECTION('',(0.,0.,1.));
#6427=DIRECTION('',(1.,0.,0.));
#6428=DIRECTION('',(0.,0.,1.));
#6429=DIRECTION('center_axis',(-1.,8.88178419700124E-15,0.));
#6430=DIRECTION('ref_axis',(-8.88178419700124E-15,-1.,0.));
#6431=DIRECTION('',(8.88178419700124E-15,1.,0.));
#6432=DIRECTION('',(-8.88178419700124E-15,-1.,0.));
#6433=DIRECTION('',(0.,0.,1.));
#6434=DIRECTION('center_axis',(0.,0.,1.));
#6435=DIRECTION('ref_axis',(-1.,0.,0.));
#6436=DIRECTION('center_axis',(0.,0.,1.));
#6437=DIRECTION('ref_axis',(-1.,0.,0.));
#6438=DIRECTION('center_axis',(0.,0.,-1.));
#6439=DIRECTION('ref_axis',(-1.,0.,0.));
#6440=DIRECTION('',(0.,0.,1.));
#6441=DIRECTION('center_axis',(0.,0.,1.));
#6442=DIRECTION('ref_axis',(1.,-2.77555756156289E-15,0.));
#6443=DIRECTION('center_axis',(0.,0.,-1.));
#6444=DIRECTION('ref_axis',(1.,-2.77555756156289E-15,0.));
#6445=DIRECTION('',(0.,0.,1.));
#6446=DIRECTION('center_axis',(0.,0.,1.));
#6447=DIRECTION('ref_axis',(1.,-2.77555756156289E-15,0.));
#6448=DIRECTION('center_axis',(0.,-1.,0.));
#6449=DIRECTION('ref_axis',(1.,0.,0.));
#6450=DIRECTION('',(-1.,0.,0.));
#6451=DIRECTION('',(0.,0.,1.));
#6452=DIRECTION('',(1.,0.,0.));
#6453=DIRECTION('center_axis',(1.,-7.40148683083436E-16,0.));
#6454=DIRECTION('ref_axis',(7.40148683083436E-16,1.,0.));
#6455=DIRECTION('',(-7.40148683083436E-16,-1.,0.));
#6456=DIRECTION('',(7.40148683083436E-16,1.,0.));
#6457=DIRECTION('center_axis',(0.,0.,1.));
#6458=DIRECTION('ref_axis',(1.,0.,0.));
#6459=DIRECTION('center_axis',(0.,0.,1.));
#6460=DIRECTION('ref_axis',(-1.,0.,0.));
#6461=DIRECTION('center_axis',(-0.779924225138633,0.625873951400681,0.));
#6462=DIRECTION('ref_axis',(0.625873951400681,0.779924225138633,0.));
#6463=DIRECTION('',(0.625873951400681,0.779924225138633,0.));
#6464=DIRECTION('',(0.,0.,1.));
#6465=DIRECTION('',(0.625873951400681,0.779924225138633,0.));
#6466=DIRECTION('',(0.,0.,-1.));
#6467=DIRECTION('center_axis',(0.,0.,-1.));
#6468=DIRECTION('ref_axis',(-0.581116659136001,-0.8138202679183,0.));
#6469=DIRECTION('center_axis',(0.,0.,-1.));
#6470=DIRECTION('ref_axis',(0.845151021501608,-0.534527595971235,0.));
#6471=DIRECTION('center_axis',(0.,0.,-1.));
#6472=DIRECTION('ref_axis',(0.845151021501608,-0.534527595971235,0.));
#6473=DIRECTION('',(0.,0.,-1.));
#6474=DIRECTION('center_axis',(0.845151021628216,-0.534527595771054,0.));
#6475=DIRECTION('ref_axis',(-0.534527595771054,-0.845151021628216,0.));
#6476=DIRECTION('',(-0.534527595771054,-0.845151021628216,0.));
#6477=DIRECTION('',(-0.534527595771054,-0.845151021628216,0.));
#6478=DIRECTION('',(0.,0.,-1.));
#6479=DIRECTION('center_axis',(0.,0.,-1.));
#6480=DIRECTION('ref_axis',(-1.,0.,0.));
#6481=DIRECTION('center_axis',(0.,0.,-1.));
#6482=DIRECTION('ref_axis',(1.,0.,0.));
#6483=DIRECTION('center_axis',(0.,0.,-1.));
#6484=DIRECTION('ref_axis',(-1.,0.,0.));
#6485=DIRECTION('center_axis',(0.,0.,1.));
#6486=DIRECTION('ref_axis',(1.,0.,0.));
#6487=DIRECTION('center_axis',(0.779924226163181,-0.625873950123955,0.));
#6488=DIRECTION('ref_axis',(-0.625873950123955,-0.779924226163181,0.));
#6489=DIRECTION('',(-0.625873950123955,-0.779924226163181,0.));
#6490=DIRECTION('',(0.,0.,1.));
#6491=DIRECTION('',(-0.625873950123955,-0.779924226163181,0.));
#6492=DIRECTION('',(0.,0.,-1.));
#6493=DIRECTION('center_axis',(0.,0.,-1.));
#6494=DIRECTION('ref_axis',(0.581116659077645,0.81382026795997,0.));
#6495=DIRECTION('center_axis',(0.,0.,-1.));
#6496=DIRECTION('ref_axis',(-0.845151021496196,0.534527595979792,0.));
#6497=DIRECTION('center_axis',(0.,0.,-1.));
#6498=DIRECTION('ref_axis',(-0.845151021496196,0.534527595979792,0.));
#6499=DIRECTION('',(0.,0.,-1.));
#6500=DIRECTION('center_axis',(-0.845151021932963,0.534527595289213,0.));
#6501=DIRECTION('ref_axis',(0.534527595289213,0.845151021932963,0.));
#6502=DIRECTION('',(0.534527595289213,0.845151021932963,0.));
#6503=DIRECTION('',(0.534527595289213,0.845151021932963,0.));
#6504=DIRECTION('',(0.,0.,-1.));
#6505=DIRECTION('center_axis',(0.,0.,-1.));
#6506=DIRECTION('ref_axis',(-1.,0.,0.));
#6507=DIRECTION('center_axis',(0.,0.,-1.));
#6508=DIRECTION('ref_axis',(1.,0.,0.));
#6509=DIRECTION('center_axis',(0.,0.,-1.));
#6510=DIRECTION('ref_axis',(-1.,0.,0.));
#6511=DIRECTION('center_axis',(0.,0.,1.));
#6512=DIRECTION('ref_axis',(1.,0.,0.));
#6513=DIRECTION('center_axis',(-0.845151022689685,-0.534527594092746,0.));
#6514=DIRECTION('ref_axis',(-0.534527594092746,0.845151022689685,0.));
#6515=DIRECTION('',(0.534527594092746,-0.845151022689685,0.));
#6516=DIRECTION('',(0.,0.,1.));
#6517=DIRECTION('',(-0.534527594092746,0.845151022689685,0.));
#6518=DIRECTION('',(0.,0.,-1.));
#6519=DIRECTION('center_axis',(0.,0.,-1.));
#6520=DIRECTION('ref_axis',(0.581116659084144,-0.813820267955329,0.));
#6521=DIRECTION('center_axis',(0.,0.,-1.));
#6522=DIRECTION('ref_axis',(0.779924225122106,0.625873951421277,0.));
#6523=DIRECTION('center_axis',(0.,0.,-1.));
#6524=DIRECTION('ref_axis',(0.779924225122106,0.625873951421277,0.));
#6525=DIRECTION('',(0.,0.,-1.));
#6526=DIRECTION('center_axis',(0.779924227256253,0.625873948761838,0.));
#6527=DIRECTION('ref_axis',(0.625873948761838,-0.779924227256253,0.));
#6528=DIRECTION('',(-0.625873948761838,0.779924227256253,0.));
#6529=DIRECTION('',(0.625873948761838,-0.779924227256253,0.));
#6530=DIRECTION('',(0.,0.,-1.));
#6531=DIRECTION('center_axis',(0.,0.,-1.));
#6532=DIRECTION('ref_axis',(-1.,0.,0.));
#6533=DIRECTION('center_axis',(0.,0.,-1.));
#6534=DIRECTION('ref_axis',(1.,0.,0.));
#6535=DIRECTION('center_axis',(0.,0.,-1.));
#6536=DIRECTION('ref_axis',(-1.,0.,0.));
#6537=DIRECTION('center_axis',(0.,0.,1.));
#6538=DIRECTION('ref_axis',(1.,0.,0.));
#6539=DIRECTION('center_axis',(0.845151021708266,0.534527595644486,0.));
#6540=DIRECTION('ref_axis',(0.534527595644486,-0.845151021708265,0.));
#6541=DIRECTION('',(-0.534527595644486,0.845151021708265,0.));
#6542=DIRECTION('',(0.,0.,1.));
#6543=DIRECTION('',(0.534527595644486,-0.845151021708265,0.));
#6544=DIRECTION('',(0.,0.,-1.));
#6545=DIRECTION('center_axis',(0.,0.,-1.));
#6546=DIRECTION('ref_axis',(-0.581116659040862,0.813820267986235,0.));
#6547=DIRECTION('center_axis',(0.,0.,-1.));
#6548=DIRECTION('ref_axis',(-0.779924225206325,-0.625873951316328,0.));
#6549=DIRECTION('center_axis',(0.,0.,-1.));
#6550=DIRECTION('ref_axis',(-0.779924225206325,-0.625873951316328,0.));
#6551=DIRECTION('',(0.,0.,-1.));
#6552=DIRECTION('center_axis',(-0.779924225500146,-0.625873950950187,0.));
#6553=DIRECTION('ref_axis',(-0.625873950950187,0.779924225500146,0.));
#6554=DIRECTION('',(0.625873950950187,-0.779924225500146,0.));
#6555=DIRECTION('',(-0.625873950950187,0.779924225500146,0.));
#6556=DIRECTION('',(0.,0.,-1.));
#6557=DIRECTION('center_axis',(0.,0.,-1.));
#6558=DIRECTION('ref_axis',(-1.,0.,0.));
#6559=DIRECTION('center_axis',(0.,0.,-1.));
#6560=DIRECTION('ref_axis',(1.,0.,0.));
#6561=DIRECTION('center_axis',(0.,0.,-1.));
#6562=DIRECTION('ref_axis',(-1.,0.,0.));
#6563=DIRECTION('center_axis',(0.,0.,1.));
#6564=DIRECTION('ref_axis',(1.,0.,0.));
#6565=DIRECTION('center_axis',(0.,0.,-1.));
#6566=DIRECTION('ref_axis',(-6.12323399573677E-17,1.,0.));
#6567=DIRECTION('center_axis',(0.472000000000001,-0.881598548093178,0.));
#6568=DIRECTION('ref_axis',(0.881598548093178,0.472,0.));
#6569=DIRECTION('center_axis',(0.,0.,-1.));
#6570=DIRECTION('ref_axis',(-6.12323399573677E-17,1.,0.));
#6571=DIRECTION('center_axis',(-0.472000000000001,-0.881598548093178,0.));
#6572=DIRECTION('ref_axis',(0.,0.,1.));
#6573=DIRECTION('center_axis',(0.,0.,1.));
#6574=DIRECTION('ref_axis',(-6.12323399573677E-17,1.,0.));
#6575=DIRECTION('center_axis',(0.,0.,1.));
#6576=DIRECTION('ref_axis',(-6.12323399573677E-17,1.,0.));
#6577=DIRECTION('center_axis',(0.,0.,1.));
#6578=DIRECTION('ref_axis',(1.,0.,0.));
#6579=DIRECTION('center_axis',(0.,0.,1.));
#6580=DIRECTION('ref_axis',(1.,0.,0.));
#6581=DIRECTION('center_axis',(0.,0.,-1.));
#6582=DIRECTION('ref_axis',(-1.,0.,0.));
#6583=DIRECTION('center_axis',(0.,0.,1.));
#6584=DIRECTION('ref_axis',(1.,0.,0.));
#6585=DIRECTION('center_axis',(0.,0.,1.));
#6586=DIRECTION('ref_axis',(1.,0.,0.));
#6587=DIRECTION('center_axis',(0.,0.,-1.));
#6588=DIRECTION('ref_axis',(-1.,0.,0.));
#6589=DIRECTION('center_axis',(0.,0.,1.));
#6590=DIRECTION('ref_axis',(-1.,0.,0.));
#6591=DIRECTION('',(0.,0.,1.));
#6592=DIRECTION('center_axis',(0.,0.,-1.));
#6593=DIRECTION('ref_axis',(1.,0.,0.));
#6594=DIRECTION('',(0.,0.,1.));
#6595=DIRECTION('center_axis',(0.,0.,1.));
#6596=DIRECTION('ref_axis',(1.,0.,0.));
#6597=DIRECTION('center_axis',(0.,0.,1.));
#6598=DIRECTION('ref_axis',(1.,0.,0.));
#6599=DIRECTION('center_axis',(0.,0.,1.));
#6600=DIRECTION('ref_axis',(1.,0.,0.));
#6601=DIRECTION('center_axis',(0.,0.,1.));
#6602=DIRECTION('ref_axis',(1.,0.,0.));
#6603=DIRECTION('center_axis',(0.,0.,1.));
#6604=DIRECTION('ref_axis',(1.,0.,0.));
#6605=DIRECTION('center_axis',(0.,0.,1.));
#6606=DIRECTION('ref_axis',(1.,0.,0.));
#6607=DIRECTION('center_axis',(0.,0.,1.));
#6608=DIRECTION('ref_axis',(1.,0.,0.));
#6609=DIRECTION('center_axis',(0.,0.,-1.));
#6610=DIRECTION('ref_axis',(1.,0.,0.));
#6611=DIRECTION('center_axis',(0.,0.,1.));
#6612=DIRECTION('ref_axis',(1.,0.,0.));
#6613=DIRECTION('center_axis',(0.,0.,-1.));
#6614=DIRECTION('ref_axis',(1.,0.,0.));
#6615=DIRECTION('',(0.,0.,-1.));
#6616=DIRECTION('center_axis',(0.,0.,1.));
#6617=DIRECTION('ref_axis',(1.,0.,0.));
#6618=DIRECTION('center_axis',(0.,0.,1.));
#6619=DIRECTION('ref_axis',(1.,0.,0.));
#6620=DIRECTION('',(0.,0.,-1.));
#6621=DIRECTION('center_axis',(0.,0.,1.));
#6622=DIRECTION('ref_axis',(1.,0.,0.));
#6623=DIRECTION('center_axis',(0.,0.,1.));
#6624=DIRECTION('ref_axis',(1.,0.,0.));
#6625=DIRECTION('center_axis',(0.,0.,1.));
#6626=DIRECTION('ref_axis',(1.,0.,0.));
#6627=DIRECTION('center_axis',(1.,0.,0.));
#6628=DIRECTION('ref_axis',(0.,0.707106781186547,0.707106781186548));
#6629=DIRECTION('center_axis',(-1.,0.,0.));
#6630=DIRECTION('ref_axis',(0.,0.707106781186547,0.707106781186548));
#6631=DIRECTION('',(-1.,0.,0.));
#6632=DIRECTION('center_axis',(1.,0.,0.));
#6633=DIRECTION('ref_axis',(0.,0.707106781186547,0.707106781186548));
#6634=DIRECTION('',(1.,0.,0.));
#6635=DIRECTION('center_axis',(-1.,0.,0.));
#6636=DIRECTION('ref_axis',(0.,0.,1.));
#6637=DIRECTION('',(0.,0.,1.));
#6638=DIRECTION('center_axis',(1.,0.,0.));
#6639=DIRECTION('ref_axis',(0.,0.707106781186548,-0.707106781186548));
#6640=DIRECTION('',(0.,1.,0.));
#6641=DIRECTION('',(0.,0.,1.));
#6642=DIRECTION('',(0.,1.,0.));
#6643=DIRECTION('center_axis',(0.,1.,0.));
#6644=DIRECTION('ref_axis',(0.,0.,1.));
#6645=DIRECTION('',(0.,0.,-1.));
#6646=DIRECTION('',(1.,0.,0.));
#6647=DIRECTION('center_axis',(-1.,0.,0.));
#6648=DIRECTION('ref_axis',(0.,0.707106781186548,-0.707106781186548));
#6649=DIRECTION('center_axis',(-1.,0.,0.));
#6650=DIRECTION('ref_axis',(0.,0.707106781186548,-0.707106781186548));
#6651=DIRECTION('',(-1.,0.,0.));
#6652=DIRECTION('center_axis',(0.,0.,1.));
#6653=DIRECTION('ref_axis',(1.,0.,0.));
#6654=DIRECTION('',(1.,0.,0.));
#6655=DIRECTION('',(0.,1.,0.));
#6656=DIRECTION('center_axis',(0.,0.,-1.));
#6657=DIRECTION('ref_axis',(-1.,0.,0.));
#6658=DIRECTION('',(0.,1.,0.));
#6659=DIRECTION('',(-1.,0.,0.));
#6660=DIRECTION('center_axis',(1.,0.,0.));
#6661=DIRECTION('ref_axis',(0.,0.,-1.));
#6662=DIRECTION('',(0.,0.,-1.));
#6663=DIRECTION('center_axis',(0.,1.,0.));
#6664=DIRECTION('ref_axis',(1.,0.,0.));
#6665=DIRECTION('center_axis',(7.24058494320757E-16,0.,-1.));
#6666=DIRECTION('ref_axis',(0.707106781186547,0.707106781186548,0.));
#6667=DIRECTION('center_axis',(0.,0.,1.));
#6668=DIRECTION('ref_axis',(0.707106781186547,0.707106781186548,0.));
#6669=DIRECTION('',(-7.24058494320757E-16,0.,1.));
#6670=DIRECTION('center_axis',(0.,0.,-1.));
#6671=DIRECTION('ref_axis',(0.707106781186547,0.707106781186548,0.));
#6672=DIRECTION('',(7.24058494320757E-16,0.,-1.));
#6673=DIRECTION('center_axis',(0.,0.,1.));
#6674=DIRECTION('ref_axis',(1.,0.,0.));
#6675=DIRECTION('',(1.,0.,0.));
#6676=DIRECTION('center_axis',(0.,0.,-1.));
#6677=DIRECTION('ref_axis',(-0.707106781186547,0.707106781186548,0.));
#6678=DIRECTION('',(0.,1.,0.));
#6679=DIRECTION('',(1.,0.,0.));
#6680=DIRECTION('',(0.,1.,0.));
#6681=DIRECTION('center_axis',(0.,1.,0.));
#6682=DIRECTION('ref_axis',(0.,0.,1.));
#6683=DIRECTION('',(-1.,0.,0.));
#6684=DIRECTION('',(-7.24058494320757E-16,0.,-1.));
#6685=DIRECTION('center_axis',(7.24058494320757E-16,0.,1.));
#6686=DIRECTION('ref_axis',(-0.707106781186547,0.707106781186548,0.));
#6687=DIRECTION('center_axis',(0.,0.,1.));
#6688=DIRECTION('ref_axis',(-0.707106781186547,0.707106781186548,0.));
#6689=DIRECTION('',(7.24058494320757E-16,0.,1.));
#6690=DIRECTION('center_axis',(0.,0.,-1.));
#6691=DIRECTION('ref_axis',(-1.,0.,0.));
#6692=DIRECTION('center_axis',(0.,0.,-1.));
#6693=DIRECTION('ref_axis',(-1.,0.,0.));
#6694=DIRECTION('',(0.,0.,1.));
#6695=DIRECTION('center_axis',(0.,0.,1.));
#6696=DIRECTION('ref_axis',(-1.,0.,0.));
#6697=DIRECTION('center_axis',(0.,0.,-1.));
#6698=DIRECTION('ref_axis',(-1.,0.,0.));
#6699=DIRECTION('center_axis',(0.,0.,-1.));
#6700=DIRECTION('ref_axis',(-1.,0.,0.));
#6701=DIRECTION('',(0.,1.,0.));
#6702=DIRECTION('',(1.,0.,0.));
#6703=DIRECTION('',(0.,1.,0.));
#6704=DIRECTION('center_axis',(1.,0.,7.24058494320757E-16));
#6705=DIRECTION('ref_axis',(7.24058494320757E-16,0.,-1.));
#6706=DIRECTION('',(-7.24058494320757E-16,0.,1.));
#6707=DIRECTION('center_axis',(-1.,0.,7.24058494320757E-16));
#6708=DIRECTION('ref_axis',(7.24058494320757E-16,0.,1.));
#6709=DIRECTION('',(7.24058494320757E-16,0.,1.));
#6710=DIRECTION('center_axis',(0.,1.,0.));
#6711=DIRECTION('ref_axis',(1.,0.,0.));
#6712=DIRECTION('center_axis',(0.,-1.,5.514352771317E-17));
#6713=DIRECTION('ref_axis',(0.,-5.514352771317E-17,-1.));
#6714=DIRECTION('',(0.,-5.514352771317E-17,-1.));
#6715=DIRECTION('',(1.,0.,0.));
#6716=DIRECTION('',(0.,-5.514352771317E-17,-1.));
#6717=DIRECTION('',(1.,0.,0.));
#6718=DIRECTION('center_axis',(1.,0.,0.));
#6719=DIRECTION('ref_axis',(0.,1.,0.));
#6720=DIRECTION('center_axis',(-1.,0.,0.));
#6721=DIRECTION('ref_axis',(0.,1.,0.));
#6722=DIRECTION('center_axis',(-1.,0.,0.));
#6723=DIRECTION('ref_axis',(0.,1.,0.));
#6724=DIRECTION('',(1.,0.,0.));
#6725=DIRECTION('center_axis',(0.,1.,-1.838117590439E-17));
#6726=DIRECTION('ref_axis',(0.,1.838117590439E-17,1.));
#6727=DIRECTION('',(0.,1.838117590439E-17,1.));
#6728=DIRECTION('',(0.,1.838117590439E-17,1.));
#6729=DIRECTION('',(1.,0.,0.));
#6730=DIRECTION('center_axis',(1.,0.,0.));
#6731=DIRECTION('ref_axis',(0.,-1.,0.));
#6732=DIRECTION('center_axis',(-1.,0.,0.));
#6733=DIRECTION('ref_axis',(0.,-1.,0.));
#6734=DIRECTION('center_axis',(-1.,0.,0.));
#6735=DIRECTION('ref_axis',(0.,-1.,0.));
#6736=DIRECTION('center_axis',(0.,1.,-7.35247251862083E-17));
#6737=DIRECTION('ref_axis',(0.,7.35247251862083E-17,1.));
#6738=DIRECTION('',(0.,7.35247251862083E-17,1.));
#6739=DIRECTION('',(1.,0.,0.));
#6740=DIRECTION('',(0.,7.35247251862083E-17,1.));
#6741=DIRECTION('',(1.,0.,0.));
#6742=DIRECTION('center_axis',(1.,0.,0.));
#6743=DIRECTION('ref_axis',(0.,7.18035688483773E-7,-0.999999999999742));
#6744=DIRECTION('center_axis',(1.,0.,0.));
#6745=DIRECTION('ref_axis',(0.,-0.999999999999442,1.05640476247367E-6));
#6746=DIRECTION('center_axis',(1.,0.,0.));
#6747=DIRECTION('ref_axis',(0.,-0.999999999999442,1.05640476247367E-6));
#6748=DIRECTION('',(1.,0.,0.));
#6749=DIRECTION('center_axis',(0.,-1.,-7.35247170193514E-17));
#6750=DIRECTION('ref_axis',(0.,7.35247170193514E-17,-1.));
#6751=DIRECTION('',(0.,7.35247170193514E-17,-1.));
#6752=DIRECTION('',(0.,7.35247170193514E-17,-1.));
#6753=DIRECTION('',(1.,0.,0.));
#6754=DIRECTION('center_axis',(1.,0.,0.));
#6755=DIRECTION('ref_axis',(0.,0.999999999999613,8.80239581961742E-7));
#6756=DIRECTION('center_axis',(1.,0.,0.));
#6757=DIRECTION('ref_axis',(0.,0.999999999999613,8.80239581961742E-7));
#6758=DIRECTION('center_axis',(1.,0.,0.));
#6759=DIRECTION('ref_axis',(0.,0.999999999999613,8.80239581961742E-7));
#6760=DIRECTION('center_axis',(1.,0.,0.));
#6761=DIRECTION('ref_axis',(0.,0.,-1.));
#6762=DIRECTION('center_axis',(1.,0.,0.));
#6763=DIRECTION('ref_axis',(0.,0.,-1.));
#6764=DIRECTION('center_axis',(-1.,3.81639164714898E-16,0.));
#6765=DIRECTION('ref_axis',(-2.88619937258047E-16,-0.707106781186548,0.707106781186548));
#6766=DIRECTION('center_axis',(1.,-3.81639164714898E-16,2.3996174883829E-16));
#6767=DIRECTION('ref_axis',(-2.88619937258047E-16,-0.707106781186548,0.707106781186548));
#6768=DIRECTION('',(1.,-3.81639164714898E-16,0.));
#6769=DIRECTION('center_axis',(-1.,3.81639164714898E-16,0.));
#6770=DIRECTION('ref_axis',(-2.88619937258047E-16,-0.707106781186548,0.707106781186548));
#6771=DIRECTION('',(-1.,3.81639164714898E-16,0.));
#6772=DIRECTION('center_axis',(1.,-3.81639164714898E-16,0.));
#6773=DIRECTION('ref_axis',(0.,0.,1.));
#6774=DIRECTION('',(0.,0.,1.));
#6775=DIRECTION('center_axis',(-1.,3.81639164714898E-16,0.));
#6776=DIRECTION('ref_axis',(-2.30895949806438E-16,-0.707106781186548,-0.707106781186548));
#6777=DIRECTION('',(-3.81639164714898E-16,-1.,0.));
#6778=DIRECTION('',(0.,0.,-1.));
#6779=DIRECTION('',(-3.81639164714898E-16,-1.,0.));
#6780=DIRECTION('center_axis',(-3.81639164714898E-16,-1.,0.));
#6781=DIRECTION('ref_axis',(0.,0.,-1.));
#6782=DIRECTION('',(2.3996174883829E-16,-8.8160516289784E-32,-1.));
#6783=DIRECTION('',(-1.,3.81639164714898E-16,0.));
#6784=DIRECTION('center_axis',(1.,-3.81639164714898E-16,0.));
#6785=DIRECTION('ref_axis',(-2.30895949806438E-16,-0.707106781186548,-0.707106781186548));
#6786=DIRECTION('center_axis',(1.,-3.81639164714898E-16,2.3996174883829E-16));
#6787=DIRECTION('ref_axis',(-2.30895949806438E-16,-0.707106781186548,-0.707106781186548));
#6788=DIRECTION('',(1.,-3.81639164714898E-16,0.));
#6789=DIRECTION('center_axis',(0.,0.,-1.));
#6790=DIRECTION('ref_axis',(1.,-3.67394039744206E-16,0.));
#6791=DIRECTION('',(-3.81639164714898E-16,-1.,0.));
#6792=DIRECTION('',(-1.,3.67394039744206E-16,0.));
#6793=DIRECTION('center_axis',(-1.,3.81639164714898E-16,-2.3996174883829E-16));
#6794=DIRECTION('ref_axis',(2.3996174883829E-16,-8.8160516289784E-32,-1.));
#6795=DIRECTION('',(-3.81639164714898E-16,-1.,0.));
#6796=DIRECTION('',(-2.3996174883829E-16,8.8160516289784E-32,1.));
#6797=DIRECTION('center_axis',(0.,0.,1.));
#6798=DIRECTION('ref_axis',(-1.,3.67394039744206E-16,0.));
#6799=DIRECTION('',(1.,-3.67394039744206E-16,0.));
#6800=DIRECTION('center_axis',(-3.67394039744206E-16,-1.,0.));
#6801=DIRECTION('ref_axis',(-1.,3.67394039744206E-16,0.));
#6802=DIRECTION('center_axis',(-8.54017711250121E-17,1.,0.));
#6803=DIRECTION('ref_axis',(1.,8.54017711250121E-17,0.));
#6804=DIRECTION('',(-0.371390676354104,-3.17174215399566E-17,0.928476690885259));
#6805=DIRECTION('',(-1.,-8.54017711250121E-17,0.));
#6806=DIRECTION('',(-0.371390676354104,-3.17174215399566E-17,-0.928476690885259));
#6807=DIRECTION('',(1.,8.54017711250121E-17,0.));
#6808=DIRECTION('center_axis',(0.,-1.,0.));
#6809=DIRECTION('ref_axis',(-1.,0.,0.));
#6810=DIRECTION('',(0.371390676354104,0.,-0.928476690885259));
#6811=DIRECTION('',(-1.,0.,0.));
#6812=DIRECTION('',(0.371390676354104,0.,0.928476690885259));
#6813=DIRECTION('',(1.,0.,0.));
#6814=DIRECTION('center_axis',(0.,0.,-1.));
#6815=DIRECTION('ref_axis',(-1.,0.,0.));
#6816=DIRECTION('',(0.,1.,0.));
#6817=DIRECTION('',(0.,-1.,0.));
#6818=DIRECTION('center_axis',(-0.928476690885259,0.,0.371390676354104));
#6819=DIRECTION('ref_axis',(0.371390676354104,0.,0.928476690885259));
#6820=DIRECTION('',(0.,1.,0.));
#6821=DIRECTION('center_axis',(0.928476690885259,0.,0.371390676354104));
#6822=DIRECTION('ref_axis',(0.371390676354104,0.,-0.928476690885259));
#6823=DIRECTION('',(0.,1.,0.));
#6824=DIRECTION('center_axis',(0.,0.,1.));
#6825=DIRECTION('ref_axis',(1.,0.,0.));
#6826=DIRECTION('center_axis',(1.,-7.40148683083436E-16,0.));
#6827=DIRECTION('ref_axis',(-7.40148683083436E-16,-1.,0.));
#6828=DIRECTION('',(7.40148683083436E-16,1.,0.));
#6829=DIRECTION('',(0.,0.,-1.));
#6830=DIRECTION('',(-7.40148683083436E-16,-1.,0.));
#6831=DIRECTION('',(0.,0.,-1.));
#6832=DIRECTION('center_axis',(0.,-1.,0.));
#6833=DIRECTION('ref_axis',(-1.,0.,0.));
#6834=DIRECTION('',(1.,0.,0.));
#6835=DIRECTION('',(-1.,0.,0.));
#6836=DIRECTION('',(0.,0.,-1.));
#6837=DIRECTION('center_axis',(0.,0.,-1.));
#6838=DIRECTION('ref_axis',(1.,-2.77555756156289E-15,0.));
#6839=DIRECTION('center_axis',(0.,0.,1.));
#6840=DIRECTION('ref_axis',(1.,-2.77555756156289E-15,0.));
#6841=DIRECTION('center_axis',(0.,0.,-1.));
#6842=DIRECTION('ref_axis',(1.,-2.77555756156289E-15,0.));
#6843=DIRECTION('',(0.,0.,-1.));
#6844=DIRECTION('center_axis',(0.,-1.,0.));
#6845=DIRECTION('ref_axis',(-1.,0.,0.));
#6846=DIRECTION('',(1.,0.,0.));
#6847=DIRECTION('',(-1.,0.,0.));
#6848=DIRECTION('',(0.,0.,-1.));
#6849=DIRECTION('center_axis',(-1.,8.88178419700124E-15,0.));
#6850=DIRECTION('ref_axis',(8.88178419700124E-15,1.,0.));
#6851=DIRECTION('',(-8.88178419700124E-15,-1.,0.));
#6852=DIRECTION('',(8.88178419700124E-15,1.,0.));
#6853=DIRECTION('',(0.,0.,-1.));
#6854=DIRECTION('center_axis',(0.,0.,-1.));
#6855=DIRECTION('ref_axis',(-1.,0.,0.));
#6856=DIRECTION('center_axis',(0.,0.,-1.));
#6857=DIRECTION('ref_axis',(-1.,0.,0.));
#6858=DIRECTION('center_axis',(0.,0.,1.));
#6859=DIRECTION('ref_axis',(-1.,0.,0.));
#6860=DIRECTION('center_axis',(0.,0.,-1.));
#6861=DIRECTION('ref_axis',(-1.,0.,0.));
#6862=DIRECTION('center_axis',(0.,0.,-1.));
#6863=DIRECTION('ref_axis',(-1.,0.,0.));
#6864=DIRECTION('',(0.,0.,1.));
#6865=DIRECTION('center_axis',(0.,0.,1.));
#6866=DIRECTION('ref_axis',(-1.,0.,0.));
#6867=DIRECTION('center_axis',(0.,0.,1.));
#6868=DIRECTION('ref_axis',(1.,0.,0.));
#6869=DIRECTION('center_axis',(0.,0.,1.));
#6870=DIRECTION('ref_axis',(1.,0.,0.));
#6871=DIRECTION('',(0.,0.,1.));
#6872=DIRECTION('',(1.,0.,0.));
#6873=DIRECTION('',(5.47382212626882E-48,-1.,3.05311331771918E-16));
#6874=DIRECTION('',(-1.,3.73898545197895E-32,1.22464679914735E-16));
#6875=DIRECTION('',(-5.47382212626882E-48,1.,-3.05311331771918E-16));
#6876=DIRECTION('',(-1.,3.73898545197895E-32,1.22464679914735E-16));
#6877=DIRECTION('center_axis',(0.,0.,1.));
#6878=DIRECTION('ref_axis',(1.,0.,0.));
#6879=CARTESIAN_POINT('',(0.,0.,0.));
#6880=CARTESIAN_POINT('',(0.,0.,0.));
#6881=CARTESIAN_POINT('',(0.,0.,0.));
#6882=CARTESIAN_POINT('Origin',(-1.5,2.85811682275086,0.));
#6883=CARTESIAN_POINT('',(-1.5,2.85811682275086,0.));
#6884=CARTESIAN_POINT('',(1.5,2.85811682275086,0.));
#6885=CARTESIAN_POINT('',(-1.5,2.85811682275086,0.));
#6886=CARTESIAN_POINT('',(1.5,2.85811682275086,1.));
#6887=CARTESIAN_POINT('',(1.5,2.85811682275086,0.));
#6888=CARTESIAN_POINT('',(-1.5,2.85811682275086,1.));
#6889=CARTESIAN_POINT('',(-1.5,2.85811682275086,1.));
#6890=CARTESIAN_POINT('',(-1.5,2.85811682275086,0.));
#6891=CARTESIAN_POINT('Origin',(-1.5,7.85811682275086,0.));
#6892=CARTESIAN_POINT('',(-1.5,7.85811682275086,0.));
#6893=CARTESIAN_POINT('',(-1.5,7.85811682275086,0.));
#6894=CARTESIAN_POINT('',(-1.5,7.85811682275086,1.));
#6895=CARTESIAN_POINT('',(-1.5,7.85811682275086,1.));
#6896=CARTESIAN_POINT('',(-1.5,7.85811682275086,0.));
#6897=CARTESIAN_POINT('Origin',(0.,0.,0.));
#6898=CARTESIAN_POINT('',(1.5,7.85811682275086,0.));
#6899=CARTESIAN_POINT('Origin',(0.,0.,0.));
#6900=CARTESIAN_POINT('',(1.5,7.85811682275086,1.));
#6901=CARTESIAN_POINT('Origin',(0.,0.,1.));
#6902=CARTESIAN_POINT('',(1.5,7.85811682275086,0.));
#6903=CARTESIAN_POINT('Origin',(1.5,2.85811682275086,0.));
#6904=CARTESIAN_POINT('',(1.5,2.85811682275086,0.));
#6905=CARTESIAN_POINT('',(1.5,2.85811682275086,1.));
#6906=CARTESIAN_POINT('Origin',(-2.77555756156289E-16,5.42905841137543,
1.));
#6907=CARTESIAN_POINT('Origin',(-2.77555756156289E-16,5.42905841137543,
0.));
#6908=CARTESIAN_POINT('Origin',(0.,0.,0.));
#6909=CARTESIAN_POINT('',(2.53712633350861,-11.7287249932726,2.));
#6910=CARTESIAN_POINT('',(2.53712633350861,-11.7287249932726,0.));
#6911=CARTESIAN_POINT('',(2.53712633350861,-11.7287249932726,0.));
#6912=CARTESIAN_POINT('',(2.194638635175,11.7976082856229,0.));
#6913=CARTESIAN_POINT('Origin',(0.,0.,0.));
#6914=CARTESIAN_POINT('',(2.194638635175,11.7976082856229,2.));
#6915=CARTESIAN_POINT('',(2.194638635175,11.7976082856229,0.));
#6916=CARTESIAN_POINT('Origin',(0.,0.,2.));
#6917=CARTESIAN_POINT('Origin',(0.,0.,2.));
#6918=CARTESIAN_POINT('',(1.5,-7.85811682275086,2.));
#6919=CARTESIAN_POINT('',(0.986058090329608,-5.94005950372199,2.));
#6920=CARTESIAN_POINT('',(1.5,7.85811682275086,2.));
#6921=CARTESIAN_POINT('',(0.805476172297942,3.91927646541287,2.));
#6922=CARTESIAN_POINT('Origin',(0.,0.,2.));
#6923=CARTESIAN_POINT('Origin',(0.,0.,0.));
#6924=CARTESIAN_POINT('',(1.5,-7.85811682275086,0.));
#6925=CARTESIAN_POINT('',(1.5,-7.85811682275086,0.));
#6926=CARTESIAN_POINT('',(1.5,7.85811682275086,1.));
#6927=CARTESIAN_POINT('',(1.5,7.85811682275086,0.));
#6928=CARTESIAN_POINT('',(1.5,7.85811682275086,0.));
#6929=CARTESIAN_POINT('',(1.5,7.85811682275086,0.));
#6930=CARTESIAN_POINT('Origin',(0.,0.,0.));
#6931=CARTESIAN_POINT('Origin',(0.,0.,0.));
#6932=CARTESIAN_POINT('',(0.986058090329608,-5.94005950372199,0.));
#6933=CARTESIAN_POINT('',(0.805476172297942,3.91927646541287,0.));
#6934=CARTESIAN_POINT('Origin',(1.5,7.85811682275086,0.));
#6935=CARTESIAN_POINT('Origin',(2.53712633350861,-11.7287249932726,0.));
#6936=CARTESIAN_POINT('Origin',(0.,0.,2.));
#6937=CARTESIAN_POINT('',(-2.53712633350861,-11.7287249932726,2.));
#6938=CARTESIAN_POINT('',(-1.5,-7.85811682275086,2.));
#6939=CARTESIAN_POINT('',(-0.467494923575308,-4.00475541846112,2.));
#6940=CARTESIAN_POINT('',(-1.5,7.85811682275086,2.));
#6941=CARTESIAN_POINT('Origin',(0.,0.,2.));
#6942=CARTESIAN_POINT('',(-2.19463863517499,11.7976082856229,2.));
#6943=CARTESIAN_POINT('',(-1.15279548988544,5.88902219684887,2.));
#6944=CARTESIAN_POINT('Origin',(0.,0.,2.));
#6945=CARTESIAN_POINT('Origin',(0.,0.,0.));
#6946=CARTESIAN_POINT('',(-2.53712633350861,-11.7287249932726,0.));
#6947=CARTESIAN_POINT('',(-2.5371263335086,-11.7287249932726,0.));
#6948=CARTESIAN_POINT('',(-2.19463863517499,11.7976082856229,0.));
#6949=CARTESIAN_POINT('',(-2.19463863517499,11.7976082856229,0.));
#6950=CARTESIAN_POINT('Origin',(0.,0.,0.));
#6951=CARTESIAN_POINT('Origin',(0.,0.,0.));
#6952=CARTESIAN_POINT('',(-1.5,-7.85811682275086,0.));
#6953=CARTESIAN_POINT('',(-1.5,-7.85811682275086,0.));
#6954=CARTESIAN_POINT('',(-1.5,7.85811682275086,0.));
#6955=CARTESIAN_POINT('Origin',(0.,0.,0.));
#6956=CARTESIAN_POINT('',(-1.5,7.85811682275086,1.));
#6957=CARTESIAN_POINT('',(-1.5,7.85811682275086,0.));
#6958=CARTESIAN_POINT('',(-1.5,7.85811682275086,0.));
#6959=CARTESIAN_POINT('Origin',(0.,0.,0.));
#6960=CARTESIAN_POINT('',(-0.467494923575308,-4.00475541846112,0.));
#6961=CARTESIAN_POINT('',(-1.15279548988544,5.88902219684887,0.));
#6962=CARTESIAN_POINT('Origin',(-2.19463863517499,11.7976082856229,0.));
#6963=CARTESIAN_POINT('Origin',(-1.5,-7.85811682275086,0.));
#6964=CARTESIAN_POINT('Origin',(0.,0.,2.));
#6965=CARTESIAN_POINT('',(-8.,-9.79717439317883E-16,7.));
#6966=CARTESIAN_POINT('Origin',(0.,0.,7.));
#6967=CARTESIAN_POINT('',(-8.,-9.79717439317883E-16,2.));
#6968=CARTESIAN_POINT('',(-8.,-9.79717439317883E-16,2.));
#6969=CARTESIAN_POINT('Origin',(0.,0.,2.));
#6970=CARTESIAN_POINT('Origin',(0.,0.,2.));
#6971=CARTESIAN_POINT('',(-12.,-1.46957615897682E-15,7.));
#6972=CARTESIAN_POINT('Origin',(0.,0.,7.));
#6973=CARTESIAN_POINT('',(-12.,-1.46957615897682E-15,2.));
#6974=CARTESIAN_POINT('',(-12.,-1.46957615897682E-15,2.));
#6975=CARTESIAN_POINT('Origin',(0.,0.,2.));
#6976=CARTESIAN_POINT('Origin',(0.,0.,7.));
#6977=CARTESIAN_POINT('Origin',(0.,0.,2.));
#6978=CARTESIAN_POINT('Origin',(-4.9,4.5,45.4));
#6979=CARTESIAN_POINT('',(-4.9,3.7,45.4));
#6980=CARTESIAN_POINT('',(-2.5,4.5,45.4));
#6981=CARTESIAN_POINT('Origin',(-2.5,0.5,45.4));
#6982=CARTESIAN_POINT('',(-4.9,0.7,45.4));
#6983=CARTESIAN_POINT('',(-4.9,4.5,45.4));
#6984=CARTESIAN_POINT('',(5.1,0.7,45.4));
#6985=CARTESIAN_POINT('',(-4.9,0.7,45.4));
#6986=CARTESIAN_POINT('',(5.1,3.53973683071413,45.4));
#6987=CARTESIAN_POINT('',(5.1,4.5,45.4));
#6988=CARTESIAN_POINT('',(2.5,4.5,45.4));
#6989=CARTESIAN_POINT('Origin',(2.5,0.5,45.4));
#6990=CARTESIAN_POINT('',(0.8,4.5,45.4));
#6991=CARTESIAN_POINT('Origin',(5.1,4.5,45.4));
#6992=CARTESIAN_POINT('',(5.1,3.53973683071413,68.176097777732));
#6993=CARTESIAN_POINT('',(5.1,3.53973683071413,9.));
#6994=CARTESIAN_POINT('',(5.1,0.7,68.176097777732));
#6995=CARTESIAN_POINT('',(5.1,0.7,45.4));
#6996=CARTESIAN_POINT('',(5.1,4.5,68.176097777732));
#6997=CARTESIAN_POINT('Origin',(-4.9,4.5,68.176097777732));
#6998=CARTESIAN_POINT('',(-4.9,3.7,68.176097777732));
#6999=CARTESIAN_POINT('',(-4.9,3.7,9.));
#7000=CARTESIAN_POINT('',(-4.9,0.7,68.176097777732));
#7001=CARTESIAN_POINT('',(-4.9,4.5,68.176097777732));
#7002=CARTESIAN_POINT('',(-4.9,0.7,68.176097777732));
#7003=CARTESIAN_POINT('Origin',(5.1,4.5,68.176097777732));
#7004=CARTESIAN_POINT('',(-2.5,4.5,68.176097777732));
#7005=CARTESIAN_POINT('Origin',(-2.5,0.5,68.176097777732));
#7006=CARTESIAN_POINT('',(2.5,4.5,68.176097777732));
#7007=CARTESIAN_POINT('',(5.8,4.5,68.176097777732));
#7008=CARTESIAN_POINT('Origin',(2.5,0.5,68.176097777732));
#7009=CARTESIAN_POINT('',(5.1,0.7,68.176097777732));
#7010=CARTESIAN_POINT('Origin',(0.100000000000001,0.7,56.788048888866));
#7011=CARTESIAN_POINT('Origin',(-2.5,4.5,44.));
#7012=CARTESIAN_POINT('',(-2.5,4.5,44.));
#7013=CARTESIAN_POINT('',(-2.5,4.5,9.));
#7014=CARTESIAN_POINT('',(-2.5,4.5,9.));
#7015=CARTESIAN_POINT('',(-2.5,0.7,44.));
#7016=CARTESIAN_POINT('',(-2.5,4.5,44.));
#7017=CARTESIAN_POINT('',(-2.5,0.7,9.));
#7018=CARTESIAN_POINT('',(-2.5,0.7,9.));
#7019=CARTESIAN_POINT('',(-2.5,4.5,9.));
#7020=CARTESIAN_POINT('Origin',(2.5,4.5,44.));
#7021=CARTESIAN_POINT('',(2.5,4.5,44.));
#7022=CARTESIAN_POINT('',(4.5,4.5,44.));
#7023=CARTESIAN_POINT('',(2.5,0.7,44.));
#7024=CARTESIAN_POINT('',(2.5,4.5,44.));
#7025=CARTESIAN_POINT('',(-4.9,0.7,44.));
#7026=CARTESIAN_POINT('Origin',(2.5,4.5,9.));
#7027=CARTESIAN_POINT('',(2.5,4.5,9.));
#7028=CARTESIAN_POINT('',(2.5,4.5,9.));
#7029=CARTESIAN_POINT('',(2.5,0.7,9.));
#7030=CARTESIAN_POINT('',(2.5,4.5,9.));
#7031=CARTESIAN_POINT('',(2.5,0.7,87.));
#7032=CARTESIAN_POINT('Origin',(0.,0.7,26.5));
#7033=CARTESIAN_POINT('',(2.5,0.7,9.));
#7034=CARTESIAN_POINT('Origin',(2.5,0.5,9.));
#7035=CARTESIAN_POINT('',(2.5,4.5,87.));
#7036=CARTESIAN_POINT('',(2.5,4.5,9.));
#7037=CARTESIAN_POINT('',(3.5,4.37298334620742,87.));
#7038=CARTESIAN_POINT('Origin',(2.5,0.5,87.));
#7039=CARTESIAN_POINT('',(3.5,4.37298334620741,88.9672624180677));
#7040=CARTESIAN_POINT('',(3.5,4.37298334620742,9.));
#7041=CARTESIAN_POINT('',(6.5,0.5,88.100357223384));
#7042=CARTESIAN_POINT('Ctrl Pts',(3.49999999999999,4.37298334620742,88.9672624180676));
#7043=CARTESIAN_POINT('Ctrl Pts',(3.81484877422771,4.29168974226357,88.9464498081915));
#7044=CARTESIAN_POINT('Ctrl Pts',(4.11782583073749,4.17251534838977,88.9161842389062));
#7045=CARTESIAN_POINT('Ctrl Pts',(4.72020671184808,3.84680918202459,88.835593004931));
#7046=CARTESIAN_POINT('Ctrl Pts',(5.01221268852446,3.63331474816819,88.7837769848782));
#7047=CARTESIAN_POINT('Ctrl Pts',(5.66202106308491,3.0090776806222,88.6369914128136));
#7048=CARTESIAN_POINT('Ctrl Pts',(5.97131938884377,2.55919169743367,88.535038066793));
#7049=CARTESIAN_POINT('Ctrl Pts',(6.30665871194346,1.76935842473066,88.3637045800371));
#7050=CARTESIAN_POINT('Ctrl Pts',(6.39573088943825,1.46176720383776,88.2984562924058));
#7051=CARTESIAN_POINT('Ctrl Pts',(6.47914265880999,0.952906104687038,88.1927165456221));
#7052=CARTESIAN_POINT('Ctrl Pts',(6.49660646089766,0.756649666801656,88.1524363932263));
#7053=CARTESIAN_POINT('Ctrl Pts',(6.49985066932218,0.539911418049525,88.1084445208709));
#7054=CARTESIAN_POINT('Ctrl Pts',(6.5,0.519955329216609,88.104398547784));
#7055=CARTESIAN_POINT('Ctrl Pts',(6.5,0.499999999999999,88.100357223384));
#7056=CARTESIAN_POINT('',(6.5,0.5,72.606097777732));
#7057=CARTESIAN_POINT('',(6.5,0.5,9.));
#7058=CARTESIAN_POINT('',(6.5,0.5,68.176097777732));
#7059=CARTESIAN_POINT('Ctrl Pts',(6.5,0.499999999999999,72.606097777732));
#7060=CARTESIAN_POINT('Ctrl Pts',(6.5,0.784725253877665,72.606097777732));
#7061=CARTESIAN_POINT('Ctrl Pts',(6.46688235464931,1.08432029855858,72.5479092977624));
#7062=CARTESIAN_POINT('Ctrl Pts',(6.34761004922804,1.62848689133268,72.3197717282739));
#7063=CARTESIAN_POINT('Ctrl Pts',(6.26265026878118,1.87344913278251,72.1501316856059));
#7064=CARTESIAN_POINT('Ctrl Pts',(6.09820793401429,2.2598825395634,71.763698278825));
#7065=CARTESIAN_POINT('Ctrl Pts',(6.00668046321974,2.42891534639433,71.518996613356));
#7066=CARTESIAN_POINT('Ctrl Pts',(5.87147693275014,2.65654066687102,70.9760763935602));
#7067=CARTESIAN_POINT('Ctrl Pts',(5.83073190154956,2.71500000000001,70.6770763325118));
#7068=CARTESIAN_POINT('Ctrl Pts',(5.83073190154956,2.71500000000001,70.1051192229522));
#7069=CARTESIAN_POINT('Ctrl Pts',(5.87147693275014,2.65654066687102,69.8061191619038));
#7070=CARTESIAN_POINT('Ctrl Pts',(6.00668046321974,2.42891534639433,69.263198942108));
#7071=CARTESIAN_POINT('Ctrl Pts',(6.09820793401429,2.2598825395634,69.018497276639));
#7072=CARTESIAN_POINT('Ctrl Pts',(6.26265026878118,1.87344913278251,68.6320638698581));
#7073=CARTESIAN_POINT('Ctrl Pts',(6.34761004922804,1.62848689133268,68.4624238271901));
#7074=CARTESIAN_POINT('Ctrl Pts',(6.46688235464931,1.08432029855858,68.2342862577016));
#7075=CARTESIAN_POINT('Ctrl Pts',(6.5,0.784725253877666,68.176097777732));
#7076=CARTESIAN_POINT('Ctrl Pts',(6.5,0.500000000000001,68.176097777732));
#7077=CARTESIAN_POINT('',(6.5,0.5,9.));
#7078=CARTESIAN_POINT('',(6.5,0.5,9.));
#7079=CARTESIAN_POINT('Origin',(2.5,0.5,9.));
#7080=CARTESIAN_POINT('',(2.5,4.5,9.));
#7081=CARTESIAN_POINT('Origin',(6.5,4.5,9.));
#7082=CARTESIAN_POINT('',(-2.5,4.5,87.));
#7083=CARTESIAN_POINT('',(-2.5,4.5,9.));
#7084=CARTESIAN_POINT('',(1.5,4.5,87.));
#7085=CARTESIAN_POINT('Origin',(6.5,4.5,9.));
#7086=CARTESIAN_POINT('',(-2.5,4.5,9.));
#7087=CARTESIAN_POINT('Origin',(-2.5,0.5,9.));
#7088=CARTESIAN_POINT('',(-6.5,0.5,9.));
#7089=CARTESIAN_POINT('Origin',(-2.5,0.5,9.));
#7090=CARTESIAN_POINT('',(-6.5,0.5,68.176097777732));
#7091=CARTESIAN_POINT('',(-6.5,0.5,9.));
#7092=CARTESIAN_POINT('',(-6.5,0.5,72.606097777732));
#7093=CARTESIAN_POINT('Ctrl Pts',(-6.5,0.5,68.176097777732));
#7094=CARTESIAN_POINT('Ctrl Pts',(-6.5,0.784725253877666,68.176097777732));
#7095=CARTESIAN_POINT('Ctrl Pts',(-6.46688235464931,1.08432029855858,68.2342862577016));
#7096=CARTESIAN_POINT('Ctrl Pts',(-6.34761004922804,1.62848689133268,68.4624238271901));
#7097=CARTESIAN_POINT('Ctrl Pts',(-6.26265026878118,1.87344913278251,68.6320638698581));
#7098=CARTESIAN_POINT('Ctrl Pts',(-6.09820793401429,2.2598825395634,69.018497276639));
#7099=CARTESIAN_POINT('Ctrl Pts',(-6.00668046321974,2.42891534639433,69.263198942108));
#7100=CARTESIAN_POINT('Ctrl Pts',(-5.87147693275014,2.65654066687102,69.8061191619038));
#7101=CARTESIAN_POINT('Ctrl Pts',(-5.83073190154956,2.71500000000001,70.1051192229522));
#7102=CARTESIAN_POINT('Ctrl Pts',(-5.83073190154956,2.71500000000001,70.6770763325118));
#7103=CARTESIAN_POINT('Ctrl Pts',(-5.87147693275014,2.65654066687102,70.9760763935602));
#7104=CARTESIAN_POINT('Ctrl Pts',(-6.00668046321974,2.42891534639433,71.518996613356));
#7105=CARTESIAN_POINT('Ctrl Pts',(-6.09820793401429,2.2598825395634,71.763698278825));
#7106=CARTESIAN_POINT('Ctrl Pts',(-6.26265026878118,1.87344913278251,72.1501316856059));
#7107=CARTESIAN_POINT('Ctrl Pts',(-6.34761004922804,1.62848689133268,72.3197717282739));
#7108=CARTESIAN_POINT('Ctrl Pts',(-6.46688235464931,1.08432029855858,72.5479092977624));
#7109=CARTESIAN_POINT('Ctrl Pts',(-6.5,0.784725253877663,72.606097777732));
#7110=CARTESIAN_POINT('Ctrl Pts',(-6.5,0.499999999999998,72.606097777732));
#7111=CARTESIAN_POINT('',(-6.50000000000007,0.5,88.100357223384));
#7112=CARTESIAN_POINT('',(-6.5,0.5,9.));
#7113=CARTESIAN_POINT('',(-3.5,4.37298334620741,88.9672624180677));
#7114=CARTESIAN_POINT('Ctrl Pts',(-6.5,0.499999999999996,88.100357223384));
#7115=CARTESIAN_POINT('Ctrl Pts',(-6.5,0.589509164669571,88.1184844899039));
#7116=CARTESIAN_POINT('Ctrl Pts',(-6.49699554213381,0.678999872441694,88.1366985227142));
#7117=CARTESIAN_POINT('Ctrl Pts',(-6.4758062244071,0.994168557512978,88.2011837851187));
#7118=CARTESIAN_POINT('Ctrl Pts',(-6.44147926186982,1.21831015475491,88.2476633511555));
#7119=CARTESIAN_POINT('Ctrl Pts',(-6.29317608812619,1.83286912002059,88.3770072962596));
#7120=CARTESIAN_POINT('Ctrl Pts',(-6.13835231921405,2.21111929054983,88.4588960358406));
#7121=CARTESIAN_POINT('Ctrl Pts',(-5.66260484035473,3.00303610399144,88.6354240922848));
#7122=CARTESIAN_POINT('Ctrl Pts',(-5.31196768040109,3.39205347843672,88.7261463759535));
#7123=CARTESIAN_POINT('Ctrl Pts',(-4.47957604247314,4.01428037405126,88.8760589441152));
#7124=CARTESIAN_POINT('Ctrl Pts',(-4.00611633795021,4.24230466966577,88.9338063504063));
#7125=CARTESIAN_POINT('Ctrl Pts',(-3.5,4.37298334620742,88.9672624180677));
#7126=CARTESIAN_POINT('',(-3.5,4.37298334620742,87.));
#7127=CARTESIAN_POINT('',(-3.5,4.37298334620742,9.));
#7128=CARTESIAN_POINT('Origin',(-2.5,0.5,87.));
#7129=CARTESIAN_POINT('Origin',(-3.5,4.5,87.));
#7130=CARTESIAN_POINT('',(-3.5,-0.7,87.));
#7131=CARTESIAN_POINT('',(-3.5,4.5,87.));
#7132=CARTESIAN_POINT('',(3.5,-0.7,87.));
#7133=CARTESIAN_POINT('',(-1.7,-0.7,87.));
#7134=CARTESIAN_POINT('',(3.5,4.5,87.));
#7135=CARTESIAN_POINT('Origin',(-3.5,4.5,89.));
#7136=CARTESIAN_POINT('',(-3.5,-0.7,87.8622592796767));
#7137=CARTESIAN_POINT('Ctrl Pts',(-3.5,-0.700000000058721,87.8622592796653));
#7138=CARTESIAN_POINT('Ctrl Pts',(-3.5,-0.495564805366843,87.9020613741467));
#7139=CARTESIAN_POINT('Ctrl Pts',(-3.5,-0.295465964065322,87.9413715807551));
#7140=CARTESIAN_POINT('Ctrl Pts',(-3.5,-0.099768377746991,87.980182537474));
#7141=CARTESIAN_POINT('Ctrl Pts',(-3.5,0.0915086236547211,88.0181167990169));
#7142=CARTESIAN_POINT('Ctrl Pts',(-3.5,0.278580554036757,88.0555740645098));
#7143=CARTESIAN_POINT('Ctrl Pts',(-3.5,0.461437843046603,88.0925532483539));
#7144=CARTESIAN_POINT('Ctrl Pts',(-3.5,0.658942536972194,88.1324945732324));
#7145=CARTESIAN_POINT('Ctrl Pts',(-3.5,0.851530875113792,88.1718782185194));
#7146=CARTESIAN_POINT('Ctrl Pts',(-3.5,1.03925164306694,88.2107097181374));
#7147=CARTESIAN_POINT('Ctrl Pts',(-3.5,1.26921935652217,88.258280326731));
#7148=CARTESIAN_POINT('Ctrl Pts',(-3.5,1.49188268527232,88.305022373183));
#7149=CARTESIAN_POINT('Ctrl Pts',(-3.5,1.70741232371468,88.3509552199619));
#7150=CARTESIAN_POINT('Ctrl Pts',(-3.5,2.02302126383124,88.4182165822191));
#7151=CARTESIAN_POINT('Ctrl Pts',(-3.5,2.3233365374514,88.4837431299001));
#7152=CARTESIAN_POINT('Ctrl Pts',(-3.5,2.60903087329896,88.5476111729999));
#7153=CARTESIAN_POINT('Ctrl Pts',(-3.5,2.82104135423526,88.5950069132546));
#7154=CARTESIAN_POINT('Ctrl Pts',(-3.5,3.02500476535433,88.641489845975));
#7155=CARTESIAN_POINT('Ctrl Pts',(-3.5,3.22118251790807,88.6870896239628));
#7156=CARTESIAN_POINT('Ctrl Pts',(-3.5,3.39582180700587,88.7276829772209));
#7157=CARTESIAN_POINT('Ctrl Pts',(-3.5,3.5642922250615,88.767576573662));
#7158=CARTESIAN_POINT('Ctrl Pts',(-3.5,3.72673853654015,88.8067868344306));
#7159=CARTESIAN_POINT('Ctrl Pts',(-3.5,3.87862829546313,88.8434490214709));
#7160=CARTESIAN_POINT('Ctrl Pts',(-3.5,4.0252517267488,88.8795138303785));
#7161=CARTESIAN_POINT('Ctrl Pts',(-3.5,4.16668112175168,88.9149894614171));
#7162=CARTESIAN_POINT('Ctrl Pts',(-3.5,4.23672182476715,88.93255821463));
#7163=CARTESIAN_POINT('Ctrl Pts',(-3.5,4.30548790066115,88.9499823823894));
#7164=CARTESIAN_POINT('Ctrl Pts',(-3.5,4.37298334617849,88.9672624180602));
#7165=CARTESIAN_POINT('',(-3.5,-0.7,77.95));
#7166=CARTESIAN_POINT('Ctrl Pts',(6.5,4.5,89.));
#7167=CARTESIAN_POINT('Ctrl Pts',(-7.8,4.5,89.));
#7168=CARTESIAN_POINT('Ctrl Pts',(6.5,4.33674198066056,88.9576330811164));
#7169=CARTESIAN_POINT('Ctrl Pts',(-7.8,4.33674198066056,88.9576330811164));
#7170=CARTESIAN_POINT('Ctrl Pts',(6.5,3.99722643840418,88.8714246637737));
#7171=CARTESIAN_POINT('Ctrl Pts',(-7.8,3.99722643840418,88.8714246637737));
#7172=CARTESIAN_POINT('Ctrl Pts',(6.5,3.44895461203971,88.7376882987783));
#7173=CARTESIAN_POINT('Ctrl Pts',(-7.8,3.44895461203971,88.7376882987783));
#7174=CARTESIAN_POINT('Ctrl Pts',(6.5,2.63864515988163,88.5503800954737));
#7175=CARTESIAN_POINT('Ctrl Pts',(-7.8,2.63864515988163,88.5503800954737));
#7176=CARTESIAN_POINT('Ctrl Pts',(6.5,1.48588245246971,88.300378225151));
#7177=CARTESIAN_POINT('Ctrl Pts',(-7.8,1.48588245246971,88.300378225151));
#7178=CARTESIAN_POINT('Ctrl Pts',(6.5,0.184564480886164,88.0335252068188));
#7179=CARTESIAN_POINT('Ctrl Pts',(-7.8,0.184564480886164,88.0335252068188));
#7180=CARTESIAN_POINT('Ctrl Pts',(6.5,-1.24824602015052,87.7535534959114));
#7181=CARTESIAN_POINT('Ctrl Pts',(-7.8,-1.24824602015052,87.7535534959114));
#7182=CARTESIAN_POINT('Ctrl Pts',(6.5,-2.50274541588005,87.5176562285338));
#7183=CARTESIAN_POINT('Ctrl Pts',(-7.8,-2.50274541588005,87.5176562285338));
#7184=CARTESIAN_POINT('Ctrl Pts',(6.5,-3.49456503321749,87.3354036411056));
#7185=CARTESIAN_POINT('Ctrl Pts',(-7.8,-3.49456503321749,87.3354036411056));
#7186=CARTESIAN_POINT('Ctrl Pts',(6.5,-4.17025088459765,87.2128592081402));
#7187=CARTESIAN_POINT('Ctrl Pts',(-7.8,-4.17025088459765,87.2128592081402));
#7188=CARTESIAN_POINT('Ctrl Pts',(6.5,-4.49999999999999,87.1534035857392));
#7189=CARTESIAN_POINT('Ctrl Pts',(-7.8,-4.49999999999999,87.1534035857392));
#7190=CARTESIAN_POINT('',(-6.5,-4.5,87.1534035857392));
#7191=CARTESIAN_POINT('Ctrl Pts',(-6.50000000000007,-4.49999999999999,87.1534035857392));
#7192=CARTESIAN_POINT('Ctrl Pts',(-6.50000000000007,-4.17025088459765,87.2128592081402));
#7193=CARTESIAN_POINT('Ctrl Pts',(-6.50000000000007,-3.49456503321749,87.3354036411056));
#7194=CARTESIAN_POINT('Ctrl Pts',(-6.50000000000007,-2.50274541588005,87.5176562285338));
#7195=CARTESIAN_POINT('Ctrl Pts',(-6.50000000000007,-1.48465378320127,87.7090991538206));
#7196=CARTESIAN_POINT('Ctrl Pts',(-6.50000000000007,-0.540745864982144,
87.8921271584956));
#7197=CARTESIAN_POINT('Ctrl Pts',(-6.50000000000007,0.090395297213016,88.0176259097496));
#7198=CARTESIAN_POINT('Ctrl Pts',(-6.50000000000007,0.430288950803301,88.0862394425641));
#7199=CARTESIAN_POINT('Ctrl Pts',(-6.50000000000007,0.5,88.100357223384));
#7200=CARTESIAN_POINT('',(-4.9,-4.5,87.1534035857392));
#7201=CARTESIAN_POINT('',(6.5,-4.49999999999999,87.1534035857392));
#7202=CARTESIAN_POINT('',(-4.9,-0.7,87.8622592796767));
#7203=CARTESIAN_POINT('Ctrl Pts',(-4.9,-0.700000000000005,87.8622592796767));
#7204=CARTESIAN_POINT('Ctrl Pts',(-4.9,-1.95688702957965,87.6175522155178));
#7205=CARTESIAN_POINT('Ctrl Pts',(-4.9,-3.27841887621045,87.373661541366));
#7206=CARTESIAN_POINT('Ctrl Pts',(-4.9,-4.49999999999999,87.1534035857392));
#7207=CARTESIAN_POINT('Ctrl Pts',(-3.5,-0.7,87.8622592796767));
#7208=CARTESIAN_POINT('Ctrl Pts',(-3.96666666666667,-0.7,87.8622592796767));
#7209=CARTESIAN_POINT('Ctrl Pts',(-4.43333333333333,-0.7,87.8622592796767));
#7210=CARTESIAN_POINT('Ctrl Pts',(-4.9,-0.7,87.8622592796767));
#7211=CARTESIAN_POINT('Origin',(-6.5,4.5,9.));
#7212=CARTESIAN_POINT('',(-6.5,-4.5,9.));
#7213=CARTESIAN_POINT('',(-6.5,2.25,9.));
#7214=CARTESIAN_POINT('',(-6.5,-4.50000006705523,68.176097777732));
#7215=CARTESIAN_POINT('',(-6.5,-4.5,9.));
#7216=CARTESIAN_POINT('',(-6.5,2.5,68.176097777732));
#7217=CARTESIAN_POINT('Origin',(-6.5,4.5,9.));
#7218=CARTESIAN_POINT('',(-6.5,-4.5,72.606097777732));
#7219=CARTESIAN_POINT('',(-6.5,0.,72.606097777732));
#7220=CARTESIAN_POINT('',(-6.5,-4.5,9.));
#7221=CARTESIAN_POINT('Origin',(6.5,0.5,70.391097777732));
#7222=CARTESIAN_POINT('',(6.5,0.5,68.176097777732));
#7223=CARTESIAN_POINT('',(6.5,0.5,72.606097777732));
#7224=CARTESIAN_POINT('Origin',(6.5,-4.5,9.));
#7225=CARTESIAN_POINT('',(6.5,-4.5,87.1534035857392));
#7226=CARTESIAN_POINT('Ctrl Pts',(6.5,0.5,88.100357223384));
#7227=CARTESIAN_POINT('Ctrl Pts',(6.5,0.430288950803301,88.0862394425641));
#7228=CARTESIAN_POINT('Ctrl Pts',(6.5,0.090395297213016,88.0176259097496));
#7229=CARTESIAN_POINT('Ctrl Pts',(6.5,-0.540745864982144,87.8921271584956));
#7230=CARTESIAN_POINT('Ctrl Pts',(6.5,-1.48465378320127,87.7090991538206));
#7231=CARTESIAN_POINT('Ctrl Pts',(6.5,-2.50274541588005,87.5176562285338));
#7232=CARTESIAN_POINT('Ctrl Pts',(6.5,-3.49456503321749,87.3354036411056));
#7233=CARTESIAN_POINT('Ctrl Pts',(6.5,-4.17025088459765,87.2128592081402));
#7234=CARTESIAN_POINT('Ctrl Pts',(6.5,-4.49999999999999,87.1534035857392));
#7235=CARTESIAN_POINT('',(6.5,-4.5,72.606097777732));
#7236=CARTESIAN_POINT('',(6.5,-4.5,9.));
#7237=CARTESIAN_POINT('',(6.5,-4.5,72.606097777732));
#7238=CARTESIAN_POINT('Origin',(6.5,-4.5,9.));
#7239=CARTESIAN_POINT('',(6.5,-4.50000006705523,68.176097777732));
#7240=CARTESIAN_POINT('',(6.5,-2.,68.176097777732));
#7241=CARTESIAN_POINT('',(6.5,-4.5,9.));
#7242=CARTESIAN_POINT('',(6.5,-4.5,9.));
#7243=CARTESIAN_POINT('',(6.5,-2.25,9.));
#7244=CARTESIAN_POINT('Origin',(3.5,4.5,87.));
#7245=CARTESIAN_POINT('',(3.5,-0.7,87.8622592796767));
#7246=CARTESIAN_POINT('',(3.5,-0.7,76.95));
#7247=CARTESIAN_POINT('Ctrl Pts',(3.5,4.37298334617848,88.9672624180602));
#7248=CARTESIAN_POINT('Ctrl Pts',(3.5,4.23771162244268,88.9326304485474));
#7249=CARTESIAN_POINT('Ctrl Pts',(3.5,4.09733950555348,88.8974199234362));
#7250=CARTESIAN_POINT('Ctrl Pts',(3.5,3.95182158690343,88.861625691868));
#7251=CARTESIAN_POINT('Ctrl Pts',(3.5,3.79336587265625,88.8226490449939));
#7252=CARTESIAN_POINT('Ctrl Pts',(3.5,3.6288087797909,88.782980297207));
#7253=CARTESIAN_POINT('Ctrl Pts',(3.5,3.45802703360053,88.7426054650219));
#7254=CARTESIAN_POINT('Ctrl Pts',(3.5,3.26396370623739,88.696726590667));
#7255=CARTESIAN_POINT('Ctrl Pts',(3.5,3.06186205319232,88.6499359006567));
#7256=CARTESIAN_POINT('Ctrl Pts',(3.5,2.85146339877924,88.6022040524943));
#7257=CARTESIAN_POINT('Ctrl Pts',(3.5,2.60381521593498,88.5460216330099));
#7258=CARTESIAN_POINT('Ctrl Pts',(3.5,2.34466780449533,88.4885348154357));
#7259=CARTESIAN_POINT('Ctrl Pts',(3.5,2.07353686346229,88.4296886637993));
#7260=CARTESIAN_POINT('Ctrl Pts',(3.5,1.87018865768752,88.3855540500719));
#7261=CARTESIAN_POINT('Ctrl Pts',(3.5,1.66009713045348,88.3406545175882));
#7262=CARTESIAN_POINT('Ctrl Pts',(3.5,1.44307439363532,88.2949687535345));
#7263=CARTESIAN_POINT('Ctrl Pts',(3.5,1.25592298543589,88.2555712452242));
#7264=CARTESIAN_POINT('Ctrl Pts',(3.5,1.06361615971702,88.2155889397062));
#7265=CARTESIAN_POINT('Ctrl Pts',(3.5,0.866064562711491,88.175011701267));
#7266=CARTESIAN_POINT('Ctrl Pts',(3.5,0.684287538309591,88.1376745712528));
#7267=CARTESIAN_POINT('Ctrl Pts',(3.5,0.498069124330565,88.0998336387407));
#7268=CARTESIAN_POINT('Ctrl Pts',(3.5,0.307380620105551,88.0614856481122));
#7269=CARTESIAN_POINT('Ctrl Pts',(3.5,0.119774143676166,88.0237574618789));
#7270=CARTESIAN_POINT('Ctrl Pts',(3.5,-0.0721597252920241,87.985538404234));
#7271=CARTESIAN_POINT('Ctrl Pts',(3.5,-0.268395243407411,87.9468313953411));
#7272=CARTESIAN_POINT('Ctrl Pts',(3.5,-0.410032611257095,87.9188937472049));
#7273=CARTESIAN_POINT('Ctrl Pts',(3.5,-0.553909625149771,87.8907020481119));
#7274=CARTESIAN_POINT('Ctrl Pts',(3.5,-0.700000000058717,87.8622592796653));
#7275=CARTESIAN_POINT('Origin',(0.100000000000001,-0.7,66.9));
#7276=CARTESIAN_POINT('',(-4.9,-0.7,72.606097777732));
#7277=CARTESIAN_POINT('',(-4.9,-0.7,88.4));
#7278=CARTESIAN_POINT('',(5.1,-0.7,72.606097777732));
#7279=CARTESIAN_POINT('',(3.3,-0.7,72.606097777732));
#7280=CARTESIAN_POINT('',(5.1,-0.7,87.8622592796767));
#7281=CARTESIAN_POINT('',(5.1,-0.7,45.4));
#7282=CARTESIAN_POINT('Ctrl Pts',(5.1,-0.7,87.8622592796767));
#7283=CARTESIAN_POINT('Ctrl Pts',(4.56666666666667,-0.7,87.8622592796767));
#7284=CARTESIAN_POINT('Ctrl Pts',(4.03333333333333,-0.7,87.8622592796767));
#7285=CARTESIAN_POINT('Ctrl Pts',(3.5,-0.7,87.8622592796767));
#7286=CARTESIAN_POINT('Ctrl Pts',(6.5,4.5,89.));
#7287=CARTESIAN_POINT('Ctrl Pts',(-7.8,4.5,89.));
#7288=CARTESIAN_POINT('Ctrl Pts',(6.5,4.33674198066056,88.9576330811164));
#7289=CARTESIAN_POINT('Ctrl Pts',(-7.8,4.33674198066056,88.9576330811164));
#7290=CARTESIAN_POINT('Ctrl Pts',(6.5,3.99722643840418,88.8714246637737));
#7291=CARTESIAN_POINT('Ctrl Pts',(-7.8,3.99722643840418,88.8714246637737));
#7292=CARTESIAN_POINT('Ctrl Pts',(6.5,3.44895461203971,88.7376882987783));
#7293=CARTESIAN_POINT('Ctrl Pts',(-7.8,3.44895461203971,88.7376882987783));
#7294=CARTESIAN_POINT('Ctrl Pts',(6.5,2.63864515988163,88.5503800954737));
#7295=CARTESIAN_POINT('Ctrl Pts',(-7.8,2.63864515988163,88.5503800954737));
#7296=CARTESIAN_POINT('Ctrl Pts',(6.5,1.48588245246971,88.300378225151));
#7297=CARTESIAN_POINT('Ctrl Pts',(-7.8,1.48588245246971,88.300378225151));
#7298=CARTESIAN_POINT('Ctrl Pts',(6.5,0.184564480886164,88.0335252068188));
#7299=CARTESIAN_POINT('Ctrl Pts',(-7.8,0.184564480886164,88.0335252068188));
#7300=CARTESIAN_POINT('Ctrl Pts',(6.5,-1.24824602015052,87.7535534959114));
#7301=CARTESIAN_POINT('Ctrl Pts',(-7.8,-1.24824602015052,87.7535534959114));
#7302=CARTESIAN_POINT('Ctrl Pts',(6.5,-2.50274541588005,87.5176562285338));
#7303=CARTESIAN_POINT('Ctrl Pts',(-7.8,-2.50274541588005,87.5176562285338));
#7304=CARTESIAN_POINT('Ctrl Pts',(6.5,-3.49456503321749,87.3354036411056));
#7305=CARTESIAN_POINT('Ctrl Pts',(-7.8,-3.49456503321749,87.3354036411056));
#7306=CARTESIAN_POINT('Ctrl Pts',(6.5,-4.17025088459765,87.2128592081402));
#7307=CARTESIAN_POINT('Ctrl Pts',(-7.8,-4.17025088459765,87.2128592081402));
#7308=CARTESIAN_POINT('Ctrl Pts',(6.5,-4.49999999999999,87.1534035857392));
#7309=CARTESIAN_POINT('Ctrl Pts',(-7.8,-4.49999999999999,87.1534035857392));
#7310=CARTESIAN_POINT('',(5.1,-4.5,87.1534035857392));
#7311=CARTESIAN_POINT('Ctrl Pts',(5.1,-4.49999999999999,87.1534035857392));
#7312=CARTESIAN_POINT('Ctrl Pts',(5.1,-3.27841887624039,87.3736615413606));
#7313=CARTESIAN_POINT('Ctrl Pts',(5.1,-1.95688702958663,87.6175522155163));
#7314=CARTESIAN_POINT('Ctrl Pts',(5.1,-0.699999999999999,87.8622592796767));
#7315=CARTESIAN_POINT('',(6.5,-4.49999999999999,87.1534035857392));
#7316=CARTESIAN_POINT('Origin',(6.5,0.5,68.176097777732));
#7317=CARTESIAN_POINT('',(5.1,-4.50000006705523,68.176097777732));
#7318=CARTESIAN_POINT('',(5.1,-0.7,68.176097777732));
#7319=CARTESIAN_POINT('',(5.1,-2.,68.176097777732));
#7320=CARTESIAN_POINT('',(0.,-4.5,68.176097777732));
#7321=CARTESIAN_POINT('',(-4.9,-4.50000006705523,68.176097777732));
#7322=CARTESIAN_POINT('',(0.,-4.5,68.176097777732));
#7323=CARTESIAN_POINT('',(-4.9,-0.7,68.176097777732));
#7324=CARTESIAN_POINT('',(-4.9,-2.,68.176097777732));
#7325=CARTESIAN_POINT('',(3.3,-0.7,68.176097777732));
#7326=CARTESIAN_POINT('Origin',(6.5,-4.5,72.606097777732));
#7327=CARTESIAN_POINT('',(5.1,-4.5,72.606097777732));
#7328=CARTESIAN_POINT('',(5.1,-4.5,72.606097777732));
#7329=CARTESIAN_POINT('',(-4.9,-4.5,72.606097777732));
#7330=CARTESIAN_POINT('',(-4.9,-4.5,72.606097777732));
#7331=CARTESIAN_POINT('',(0.,-4.5,72.606097777732));
#7332=CARTESIAN_POINT('',(0.,-4.5,72.606097777732));
#7333=CARTESIAN_POINT('Origin',(5.1,-4.5,88.4));
#7334=CARTESIAN_POINT('',(5.1,-0.7,45.4));
#7335=CARTESIAN_POINT('',(5.1,-0.7,45.4));
#7336=CARTESIAN_POINT('',(5.1,-4.5,45.4));
#7337=CARTESIAN_POINT('',(5.1,-4.5,45.4));
#7338=CARTESIAN_POINT('',(5.1,-4.5,48.7));
#7339=CARTESIAN_POINT('Origin',(0.100000000000001,-0.7,66.9));
#7340=CARTESIAN_POINT('',(-4.9,-0.7,45.4));
#7341=CARTESIAN_POINT('',(-4.9,-0.7,88.4));
#7342=CARTESIAN_POINT('',(-4.9,-0.7,45.4));
#7343=CARTESIAN_POINT('Origin',(-6.5,-4.5,9.));
#7344=CARTESIAN_POINT('',(-4.9,-4.5,45.4));
#7345=CARTESIAN_POINT('',(-0.699999999999999,-4.5,45.4));
#7346=CARTESIAN_POINT('',(-4.9,-4.5,27.2));
#7347=CARTESIAN_POINT('',(-4.9,-4.5,9.));
#7348=CARTESIAN_POINT('',(-3.25,-4.5,9.));
#7349=CARTESIAN_POINT('',(-4.9,-4.5,44.));
#7350=CARTESIAN_POINT('',(-4.9,-4.5,9.));
#7351=CARTESIAN_POINT('',(4.9,-4.5,44.));
#7352=CARTESIAN_POINT('',(-5.7,-4.5,44.));
#7353=CARTESIAN_POINT('',(4.9,-4.5,9.));
#7354=CARTESIAN_POINT('',(4.9,-4.5,26.5));
#7355=CARTESIAN_POINT('',(-3.25,-4.5,9.));
#7356=CARTESIAN_POINT('Origin',(-6.5,-4.5,9.));
#7357=CARTESIAN_POINT('',(5.1,-4.5,48.7));
#7358=CARTESIAN_POINT('Origin',(-6.5,-4.5,9.));
#7359=CARTESIAN_POINT('',(-4.9,-4.5,27.2));
#7360=CARTESIAN_POINT('Origin',(-4.9,-4.5,45.4));
#7361=CARTESIAN_POINT('',(-4.9,-4.5,45.4));
#7362=CARTESIAN_POINT('Origin',(0.,-0.7,26.5));
#7363=CARTESIAN_POINT('',(0.75,-0.7,23.));
#7364=CARTESIAN_POINT('',(-0.75,-0.7,23.));
#7365=CARTESIAN_POINT('',(-0.75,-0.7,23.));
#7366=CARTESIAN_POINT('',(0.75,-0.7,9.));
#7367=CARTESIAN_POINT('',(0.75,-0.7,24.75));
#7368=CARTESIAN_POINT('',(4.9,-0.7,9.));
#7369=CARTESIAN_POINT('',(0.,-0.7,9.));
#7370=CARTESIAN_POINT('',(4.9,-0.7,44.));
#7371=CARTESIAN_POINT('',(4.9,-0.7,9.));
#7372=CARTESIAN_POINT('',(-4.9,-0.7,44.));
#7373=CARTESIAN_POINT('',(-6.5,-0.7,44.));
#7374=CARTESIAN_POINT('',(-4.9,-0.7,9.));
#7375=CARTESIAN_POINT('',(-4.9,-0.7,9.));
#7376=CARTESIAN_POINT('',(-0.75,-0.7,9.));
#7377=CARTESIAN_POINT('',(0.,-0.7,9.));
#7378=CARTESIAN_POINT('',(-0.75,-0.7,9.));
#7379=CARTESIAN_POINT('Origin',(0.,0.,9.));
#7380=CARTESIAN_POINT('',(-12.,-1.46957615897682E-15,9.));
#7381=CARTESIAN_POINT('Origin',(0.,0.,9.));
#7382=CARTESIAN_POINT('',(0.75,-9.5,9.));
#7383=CARTESIAN_POINT('',(0.75,-2.25,9.));
#7384=CARTESIAN_POINT('',(-0.75,-9.5,9.));
#7385=CARTESIAN_POINT('',(-0.1875,-9.5,9.));
#7386=CARTESIAN_POINT('',(-0.75,-2.25,9.));
#7387=CARTESIAN_POINT('',(-4.9,-2.25,9.));
#7388=CARTESIAN_POINT('',(4.9,-2.25,9.));
#7389=CARTESIAN_POINT('Origin',(0.75,-4.5,23.));
#7390=CARTESIAN_POINT('',(0.75,-5.5,23.));
#7391=CARTESIAN_POINT('',(0.75,-9.5,19.));
#7392=CARTESIAN_POINT('',(0.75,-6.25,22.25));
#7393=CARTESIAN_POINT('',(0.75,-9.5,9.));
#7394=CARTESIAN_POINT('',(0.75,-4.5,23.));
#7395=CARTESIAN_POINT('Origin',(-0.1875,-7.5,21.));
#7396=CARTESIAN_POINT('',(-0.75,-5.5,23.));
#7397=CARTESIAN_POINT('',(-0.75,-9.5,19.));
#7398=CARTESIAN_POINT('',(-0.75,-6.25,22.25));
#7399=CARTESIAN_POINT('',(-0.1875,-9.5,19.));
#7400=CARTESIAN_POINT('',(-0.1875,-5.5,23.));
#7401=CARTESIAN_POINT('Origin',(-0.375,-9.5,16.));
#7402=CARTESIAN_POINT('',(-0.75,-9.5,9.));
#7403=CARTESIAN_POINT('Origin',(0.,-4.5,23.));
#7404=CARTESIAN_POINT('',(-0.75,-4.5,23.));
#7405=CARTESIAN_POINT('Origin',(4.9,-4.5,44.));
#7406=CARTESIAN_POINT('',(4.9,-4.5,44.));
#7407=CARTESIAN_POINT('Origin',(-4.9,-4.5,44.));
#7408=CARTESIAN_POINT('',(-4.9,-4.5,44.));
#7409=CARTESIAN_POINT('Origin',(-4.9,-4.5,9.));
#7410=CARTESIAN_POINT('Origin',(-0.75,-4.5,23.));
#7411=CARTESIAN_POINT('Origin',(5.1,-4.5,45.4));
#7412=CARTESIAN_POINT('Origin',(5.1,-4.5,88.4));
#7413=CARTESIAN_POINT('Origin',(-4.9,-4.5,45.4));
#7414=CARTESIAN_POINT('Origin',(0.,0.,7.5));
#7415=CARTESIAN_POINT('',(-8.,-9.79717439317883E-16,7.5));
#7416=CARTESIAN_POINT('Origin',(0.,0.,7.5));
#7417=CARTESIAN_POINT('Origin',(0.,0.,7.));
#7418=CARTESIAN_POINT('',(-8.,-9.79717439317883E-16,7.));
#7419=CARTESIAN_POINT('',(-8.,-9.79717439317883E-16,7.));
#7420=CARTESIAN_POINT('Origin',(0.,0.,7.));
#7421=CARTESIAN_POINT('Origin',(0.,0.,7.));
#7422=CARTESIAN_POINT('',(-12.,-1.46957615897682E-15,7.));
#7423=CARTESIAN_POINT('',(-12.,-1.46957615897682E-15,7.));
#7424=CARTESIAN_POINT('Origin',(0.,0.,7.));
#7425=CARTESIAN_POINT('Origin',(0.,0.,7.));
#7426=CARTESIAN_POINT('Origin',(4.9,-4.5,44.));
#7427=CARTESIAN_POINT('',(4.9,-0.7,23.));
#7428=CARTESIAN_POINT('',(4.9,-0.75,23.));
#7429=CARTESIAN_POINT('',(4.9,-2.25,23.));
#7430=CARTESIAN_POINT('',(4.9,-0.7,9.));
#7431=CARTESIAN_POINT('',(4.9,-0.7,9.));
#7432=CARTESIAN_POINT('',(4.9,-0.75,9.));
#7433=CARTESIAN_POINT('',(4.9,-2.625,9.));
#7434=CARTESIAN_POINT('',(4.9,-0.75,33.5));
#7435=CARTESIAN_POINT('Origin',(0.,-0.7,26.5));
#7436=CARTESIAN_POINT('',(4.5,-0.7,23.));
#7437=CARTESIAN_POINT('',(2.25,-0.7,23.));
#7438=CARTESIAN_POINT('',(4.5,-0.7,9.));
#7439=CARTESIAN_POINT('',(4.5,-0.7,21.25));
#7440=CARTESIAN_POINT('',(2.25,-0.7,9.));
#7441=CARTESIAN_POINT('Origin',(4.5,-2.75545529808154E-16,23.));
#7442=CARTESIAN_POINT('',(5.5,-0.75,23.));
#7443=CARTESIAN_POINT('',(4.5,-0.75,23.));
#7444=CARTESIAN_POINT('',(5.5,0.75,23.));
#7445=CARTESIAN_POINT('',(5.5,-0.1875,23.));
#7446=CARTESIAN_POINT('',(4.5,0.75,23.));
#7447=CARTESIAN_POINT('',(4.5,0.75,23.));
#7448=CARTESIAN_POINT('',(4.5,-0.75,23.));
#7449=CARTESIAN_POINT('Origin',(4.5,-0.75,23.));
#7450=CARTESIAN_POINT('',(9.5,-0.750000000000001,9.));
#7451=CARTESIAN_POINT('',(4.5,-0.75,9.));
#7452=CARTESIAN_POINT('',(9.5,-0.750000000000001,19.));
#7453=CARTESIAN_POINT('',(9.5,-0.750000000000001,9.));
#7454=CARTESIAN_POINT('',(6.25,-0.750000000000001,22.25));
#7455=CARTESIAN_POINT('Origin',(4.5,0.75,23.));
#7456=CARTESIAN_POINT('',(9.5,0.75,19.));
#7457=CARTESIAN_POINT('',(6.25,0.75,22.25));
#7458=CARTESIAN_POINT('',(9.5,0.75,9.));
#7459=CARTESIAN_POINT('',(9.5,0.75,9.));
#7460=CARTESIAN_POINT('',(4.5,0.75,9.));
#7461=CARTESIAN_POINT('',(4.5,0.75,9.));
#7462=CARTESIAN_POINT('',(4.5,0.75,9.));
#7463=CARTESIAN_POINT('Origin',(7.5,-0.1875,21.));
#7464=CARTESIAN_POINT('',(9.5,-0.187500000000001,19.));
#7465=CARTESIAN_POINT('Origin',(9.5,-0.375000000000001,16.));
#7466=CARTESIAN_POINT('',(9.5,-5.81707229594993E-16,9.));
#7467=CARTESIAN_POINT('Origin',(4.5,-0.75,9.));
#7468=CARTESIAN_POINT('',(4.5,-2.75545529808154E-16,9.));
#7469=CARTESIAN_POINT('Origin',(4.5,-0.375,16.));
#7470=CARTESIAN_POINT('Origin',(-0.75,4.5,23.));
#7471=CARTESIAN_POINT('',(-0.749999999999999,5.5,23.));
#7472=CARTESIAN_POINT('',(-0.749999999999999,9.5,19.));
#7473=CARTESIAN_POINT('',(-0.749999999999999,6.25,22.25));
#7474=CARTESIAN_POINT('',(-0.749999999999999,9.5,9.));
#7475=CARTESIAN_POINT('',(-0.749999999999999,9.5,9.));
#7476=CARTESIAN_POINT('',(-0.75,4.5,9.));
#7477=CARTESIAN_POINT('',(-0.75,4.5,9.));
#7478=CARTESIAN_POINT('',(-0.75,4.5,23.));
#7479=CARTESIAN_POINT('',(-0.75,4.5,9.));
#7480=CARTESIAN_POINT('',(-0.75,4.5,23.));
#7481=CARTESIAN_POINT('Origin',(0.187500000000001,7.5,21.));
#7482=CARTESIAN_POINT('',(0.750000000000001,5.5,23.));
#7483=CARTESIAN_POINT('',(0.750000000000001,9.5,19.));
#7484=CARTESIAN_POINT('',(0.750000000000001,6.25,22.25));
#7485=CARTESIAN_POINT('',(0.187500000000001,9.5,19.));
#7486=CARTESIAN_POINT('',(0.187500000000001,5.5,23.));
#7487=CARTESIAN_POINT('Origin',(0.375000000000001,9.5,16.));
#7488=CARTESIAN_POINT('',(0.750000000000001,9.5,9.));
#7489=CARTESIAN_POINT('',(0.750000000000001,9.5,9.));
#7490=CARTESIAN_POINT('',(1.16341445918999E-15,9.5,9.));
#7491=CARTESIAN_POINT('Origin',(0.750000000000001,4.5,23.));
#7492=CARTESIAN_POINT('',(0.750000000000001,4.5,23.));
#7493=CARTESIAN_POINT('',(0.750000000000001,4.5,23.));
#7494=CARTESIAN_POINT('',(0.750000000000001,4.5,9.));
#7495=CARTESIAN_POINT('',(0.750000000000001,4.5,9.));
#7496=CARTESIAN_POINT('',(0.750000000000001,4.5,9.));
#7497=CARTESIAN_POINT('Origin',(0.750000000000001,4.5,9.));
#7498=CARTESIAN_POINT('',(5.51091059616309E-16,4.5,9.));
#7499=CARTESIAN_POINT('Origin',(5.51091059616309E-16,4.5,23.));
#7500=CARTESIAN_POINT('',(0.750000000000001,4.5,23.));
#7501=CARTESIAN_POINT('Origin',(0.375000000000001,4.5,16.));
#7502=CARTESIAN_POINT('Origin',(-4.9,-4.5,9.));
#7503=CARTESIAN_POINT('',(-4.9,-0.749999999999999,23.));
#7504=CARTESIAN_POINT('',(-4.9,-0.7,23.));
#7505=CARTESIAN_POINT('',(-4.9,-2.25,23.));
#7506=CARTESIAN_POINT('',(-4.9,-0.749999999999999,9.));
#7507=CARTESIAN_POINT('',(-4.9,-0.749999999999999,16.));
#7508=CARTESIAN_POINT('',(-4.9,-0.7,9.));
#7509=CARTESIAN_POINT('',(-4.9,-1.875,9.));
#7510=CARTESIAN_POINT('',(-4.9,-0.7,9.));
#7511=CARTESIAN_POINT('Origin',(0.,-0.7,26.5));
#7512=CARTESIAN_POINT('',(-4.5,-0.7,23.));
#7513=CARTESIAN_POINT('',(-4.5,-0.7,9.));
#7514=CARTESIAN_POINT('',(-4.5,-0.7,21.25));
#7515=CARTESIAN_POINT('',(-2.25,-0.7,23.));
#7516=CARTESIAN_POINT('',(-2.25,-0.7,9.));
#7517=CARTESIAN_POINT('Origin',(-4.5,0.375000000000001,16.));
#7518=CARTESIAN_POINT('',(-4.5,0.750000000000001,9.));
#7519=CARTESIAN_POINT('',(-4.5,8.26636589424463E-16,9.));
#7520=CARTESIAN_POINT('',(-4.5,0.750000000000001,23.));
#7521=CARTESIAN_POINT('',(-4.5,0.750000000000001,9.));
#7522=CARTESIAN_POINT('',(-4.5,0.750000000000001,23.));
#7523=CARTESIAN_POINT('Origin',(-4.5,0.750000000000001,9.));
#7524=CARTESIAN_POINT('',(-9.5,-0.749999999999998,9.));
#7525=CARTESIAN_POINT('',(-4.5,-0.749999999999999,9.));
#7526=CARTESIAN_POINT('',(-9.5,0.750000000000002,9.));
#7527=CARTESIAN_POINT('',(-9.5,1.74512168878498E-15,9.));
#7528=CARTESIAN_POINT('',(-4.5,0.750000000000001,9.));
#7529=CARTESIAN_POINT('Origin',(-4.5,-0.749999999999999,23.));
#7530=CARTESIAN_POINT('',(-5.5,-0.749999999999999,23.));
#7531=CARTESIAN_POINT('',(-4.5,-0.749999999999999,23.));
#7532=CARTESIAN_POINT('',(-9.5,-0.749999999999998,19.));
#7533=CARTESIAN_POINT('',(-6.25,-0.749999999999999,22.25));
#7534=CARTESIAN_POINT('',(-9.5,-0.749999999999998,9.));
#7535=CARTESIAN_POINT('Origin',(-7.5,0.187500000000001,21.));
#7536=CARTESIAN_POINT('',(-5.5,0.750000000000001,23.));
#7537=CARTESIAN_POINT('',(-9.5,0.750000000000002,19.));
#7538=CARTESIAN_POINT('',(-6.25,0.750000000000001,22.25));
#7539=CARTESIAN_POINT('',(-9.5,0.187500000000002,19.));
#7540=CARTESIAN_POINT('',(-5.5,0.187500000000001,23.));
#7541=CARTESIAN_POINT('Origin',(-9.5,0.375000000000002,16.));
#7542=CARTESIAN_POINT('',(-9.5,0.750000000000002,9.));
#7543=CARTESIAN_POINT('Origin',(-4.5,0.750000000000001,23.));
#7544=CARTESIAN_POINT('',(-4.5,0.750000000000001,23.));
#7545=CARTESIAN_POINT('Origin',(-4.5,8.26636589424463E-16,23.));
#7546=CARTESIAN_POINT('Origin',(10.55,-9.25,81.3601293477544));
#7547=CARTESIAN_POINT('',(9.3,-10.5,79.606097777732));
#7548=CARTESIAN_POINT('',(11.8,-8.,79.606097777732));
#7549=CARTESIAN_POINT('',(10.725,-9.075,79.606097777732));
#7550=CARTESIAN_POINT('',(11.8,-8.,86.5352964481561));
#7551=CARTESIAN_POINT('',(11.8,-8.,81.3601293477544));
#7552=CARTESIAN_POINT('',(9.3,-10.5,86.106097777732));
#7553=CARTESIAN_POINT('Ctrl Pts',(11.8,-8.,86.5352964481561));
#7554=CARTESIAN_POINT('Ctrl Pts',(11.3488869642136,-8.45111303578638,86.457045339098));
#7555=CARTESIAN_POINT('Ctrl Pts',(10.8963616357688,-8.90363836423118,86.3790202566658));
#7556=CARTESIAN_POINT('Ctrl Pts',(10.4451573560729,-9.35484264392706,86.3016359843135));
#7557=CARTESIAN_POINT('Ctrl Pts',(10.0636829660288,-9.73631703397119,86.2362108112311));
#7558=CARTESIAN_POINT('Ctrl Pts',(9.68153511988988,-10.1184648801101,86.1709662231934));
#7559=CARTESIAN_POINT('Ctrl Pts',(9.3,-10.5,86.106097777732));
#7560=CARTESIAN_POINT('',(9.3,-10.5,81.3601293477544));
#7561=CARTESIAN_POINT('Origin',(6.5,-10.5,79.606097777732));
#7562=CARTESIAN_POINT('',(6.5,-10.5,86.106097777732));
#7563=CARTESIAN_POINT('',(6.5,-10.5,86.106097777732));
#7564=CARTESIAN_POINT('',(5.1,-10.5,86.106097777732));
#7565=CARTESIAN_POINT('',(6.5,-10.5,86.106097777732));
#7566=CARTESIAN_POINT('',(5.1,-10.5,79.606097777732));
#7567=CARTESIAN_POINT('',(5.1,-10.5,86.106097777732));
#7568=CARTESIAN_POINT('',(6.5,-10.5,79.606097777732));
#7569=CARTESIAN_POINT('Ctrl Pts',(6.5,-7.5,86.6222240578214));
#7570=CARTESIAN_POINT('Ctrl Pts',(11.8,-7.5,86.6222240578214));
#7571=CARTESIAN_POINT('Ctrl Pts',(6.5,-7.68607006333443,86.5898003211599));
#7572=CARTESIAN_POINT('Ctrl Pts',(11.8,-7.68607006333443,86.5898003211599));
#7573=CARTESIAN_POINT('Ctrl Pts',(6.5,-8.26784281521901,86.4886426462446));
#7574=CARTESIAN_POINT('Ctrl Pts',(11.8,-8.26784281521901,86.4886426462446));
#7575=CARTESIAN_POINT('Ctrl Pts',(6.5,-8.86070091608776,86.3862275210589));
#7576=CARTESIAN_POINT('Ctrl Pts',(11.8,-8.86070091608776,86.3862275210589));
#7577=CARTESIAN_POINT('Ctrl Pts',(6.5,-9.46431461839154,86.282592350031));
#7578=CARTESIAN_POINT('Ctrl Pts',(11.8,-9.46431461839154,86.282592350031));
#7579=CARTESIAN_POINT('Ctrl Pts',(6.5,-10.0785537183703,86.1777519026333));
#7580=CARTESIAN_POINT('Ctrl Pts',(11.8,-10.0785537183703,86.1777519026333));
#7581=CARTESIAN_POINT('Ctrl Pts',(6.5,-10.5,86.106097777732));
#7582=CARTESIAN_POINT('Ctrl Pts',(11.8,-10.5,86.106097777732));
#7583=CARTESIAN_POINT('',(11.8,-7.5,86.6222240578214));
#7584=CARTESIAN_POINT('Ctrl Pts',(11.8,-7.5,86.6222240578214));
#7585=CARTESIAN_POINT('Ctrl Pts',(11.8,-7.59934183983408,86.6049131933195));
#7586=CARTESIAN_POINT('Ctrl Pts',(11.8,-7.69901465427178,86.5875647851998));
#7587=CARTESIAN_POINT('Ctrl Pts',(11.8,-7.79901646715362,86.5701790576252));
#7588=CARTESIAN_POINT('Ctrl Pts',(11.8,-7.89934546432502,86.5527562163815));
#7589=CARTESIAN_POINT('Ctrl Pts',(11.8,-8.00000000000001,86.5352964481561));
#7590=CARTESIAN_POINT('',(6.5,-7.5,86.6222240578214));
#7591=CARTESIAN_POINT('',(6.5,-7.5,86.6222240578214));
#7592=CARTESIAN_POINT('Ctrl Pts',(6.5,-7.49999999999172,86.6222240578228));
#7593=CARTESIAN_POINT('Ctrl Pts',(6.5,-7.68607006332777,86.5898003211611));
#7594=CARTESIAN_POINT('Ctrl Pts',(6.5,-8.26784281521392,86.4886426462455));
#7595=CARTESIAN_POINT('Ctrl Pts',(6.5,-8.8607009160843,86.3862275210595));
#7596=CARTESIAN_POINT('Ctrl Pts',(6.5,-9.46431461838977,86.2825923500313));
#7597=CARTESIAN_POINT('Ctrl Pts',(6.5,-10.0785537183703,86.1777519026333));
#7598=CARTESIAN_POINT('Ctrl Pts',(6.5,-10.5,86.106097777732));
#7599=CARTESIAN_POINT('Origin',(6.5,-7.5,79.606097777732));
#7600=CARTESIAN_POINT('',(6.5,-7.5,79.606097777732));
#7601=CARTESIAN_POINT('',(6.5,-7.5,81.4929242297338));
#7602=CARTESIAN_POINT('',(11.8,-7.5,79.606097777732));
#7603=CARTESIAN_POINT('',(11.8,-7.5,86.6222240578214));
#7604=CARTESIAN_POINT('',(6.5,-7.5,79.606097777732));
#7605=CARTESIAN_POINT('Origin',(11.8,-9.,83.1141609177767));
#7606=CARTESIAN_POINT('',(11.8,-7.5,79.606097777732));
#7607=CARTESIAN_POINT('Origin',(6.5,-4.5,79.606097777732));
#7608=CARTESIAN_POINT('',(5.1,-4.5,79.606097777732));
#7609=CARTESIAN_POINT('',(5.1,-10.5,79.606097777732));
#7610=CARTESIAN_POINT('',(6.5,-4.5,79.606097777732));
#7611=CARTESIAN_POINT('',(6.5,-4.5,79.606097777732));
#7612=CARTESIAN_POINT('',(6.5,-10.5,79.606097777732));
#7613=CARTESIAN_POINT('Origin',(6.5,-4.5,87.1534035857392));
#7614=CARTESIAN_POINT('',(6.5,-4.5,87.1534035857392));
#7615=CARTESIAN_POINT('',(6.5,-4.5,86.));
#7616=CARTESIAN_POINT('',(5.1,-4.5,87.1534035857392));
#7617=CARTESIAN_POINT('',(5.1,-4.5,86.));
#7618=CARTESIAN_POINT('',(6.5,-4.5,87.1534035857392));
#7619=CARTESIAN_POINT('Ctrl Pts',(6.5,-10.5,86.106097777732));
#7620=CARTESIAN_POINT('Ctrl Pts',(5.1,-10.5,86.106097777732));
#7621=CARTESIAN_POINT('Ctrl Pts',(6.5,-10.0785537183703,86.1777519026333));
#7622=CARTESIAN_POINT('Ctrl Pts',(5.1,-10.0785537183703,86.1777519026333));
#7623=CARTESIAN_POINT('Ctrl Pts',(6.5,-9.24543512682475,86.3199514563185));
#7624=CARTESIAN_POINT('Ctrl Pts',(5.1,-9.24543512682475,86.3199514563185));
#7625=CARTESIAN_POINT('Ctrl Pts',(6.5,-8.02507799711923,86.5299248297971));
#7626=CARTESIAN_POINT('Ctrl Pts',(5.1,-8.02507799711923,86.5299248297971));
#7627=CARTESIAN_POINT('Ctrl Pts',(6.5,-6.81990432837703,86.7399728589075));
#7628=CARTESIAN_POINT('Ctrl Pts',(5.1,-6.81990432837703,86.7399728589075));
#7629=CARTESIAN_POINT('Ctrl Pts',(6.5,-5.6652645013141,86.9442886559549));
#7630=CARTESIAN_POINT('Ctrl Pts',(5.1,-5.6652645013141,86.9442886559549));
#7631=CARTESIAN_POINT('Ctrl Pts',(6.5,-4.91085077544165,87.0793574080845));
#7632=CARTESIAN_POINT('Ctrl Pts',(5.1,-4.91085077544165,87.0793574080845));
#7633=CARTESIAN_POINT('Ctrl Pts',(6.5,-4.526871732591,87.1485584610321));
#7634=CARTESIAN_POINT('Ctrl Pts',(5.1,-4.526871732591,87.1485584610321));
#7635=CARTESIAN_POINT('Ctrl Pts',(6.5,-4.5,87.1534035857392));
#7636=CARTESIAN_POINT('Ctrl Pts',(5.1,-4.5,87.1534035857392));
#7637=CARTESIAN_POINT('Ctrl Pts',(6.5,-4.5,87.1534035857392));
#7638=CARTESIAN_POINT('Ctrl Pts',(6.5,-4.52687173259099,87.1485584610321));
#7639=CARTESIAN_POINT('Ctrl Pts',(6.5,-4.91085077544165,87.0793574080845));
#7640=CARTESIAN_POINT('Ctrl Pts',(6.5,-5.49275878237659,86.9751737411449));
#7641=CARTESIAN_POINT('Ctrl Pts',(6.5,-6.0894077729173,86.8693179523949));
#7642=CARTESIAN_POINT('Ctrl Pts',(6.5,-6.69998859358332,86.7618818269698));
#7643=CARTESIAN_POINT('Ctrl Pts',(6.5,-7.29397530757718,86.6581249988603));
#7644=CARTESIAN_POINT('Ctrl Pts',(6.5,-7.49999999999172,86.6222240578228));
#7645=CARTESIAN_POINT('Ctrl Pts',(5.1,-10.5,86.106097777732));
#7646=CARTESIAN_POINT('Ctrl Pts',(5.1,-10.0785537183703,86.1777519026333));
#7647=CARTESIAN_POINT('Ctrl Pts',(5.1,-9.24543512682475,86.3199514563185));
#7648=CARTESIAN_POINT('Ctrl Pts',(5.1,-8.02507799711923,86.5299248297971));
#7649=CARTESIAN_POINT('Ctrl Pts',(5.1,-6.81990432837703,86.7399728589075));
#7650=CARTESIAN_POINT('Ctrl Pts',(5.1,-5.6652645013141,86.9442886559549));
#7651=CARTESIAN_POINT('Ctrl Pts',(5.1,-4.91085077544165,87.0793574080845));
#7652=CARTESIAN_POINT('Ctrl Pts',(5.1,-4.52687173259099,87.1485584610321));
#7653=CARTESIAN_POINT('Ctrl Pts',(5.1,-4.5,87.1534035857392));
#7654=CARTESIAN_POINT('Origin',(6.5,-7.5,83.3797506817356));
#7655=CARTESIAN_POINT('Origin',(5.1,-7.5,83.3797506817356));
#7656=CARTESIAN_POINT('Origin',(-10.55,-9.25,81.3601293477544));
#7657=CARTESIAN_POINT('',(-9.3,-10.5,79.606097777732));
#7658=CARTESIAN_POINT('',(-11.8,-8.,79.606097777732));
#7659=CARTESIAN_POINT('',(-10.725,-9.075,79.606097777732));
#7660=CARTESIAN_POINT('',(-9.3,-10.5,86.106097777732));
#7661=CARTESIAN_POINT('',(-9.3,-10.5,81.3601293477544));
#7662=CARTESIAN_POINT('',(-11.8,-8.,86.5352964481561));
#7663=CARTESIAN_POINT('Ctrl Pts',(-11.8,-8.,86.5352964481561));
#7664=CARTESIAN_POINT('Ctrl Pts',(-11.3488869642136,-8.45111303578638,86.457045339098));
#7665=CARTESIAN_POINT('Ctrl Pts',(-10.8963616357688,-8.90363836423118,86.3790202566658));
#7666=CARTESIAN_POINT('Ctrl Pts',(-10.4451573560729,-9.35484264392706,86.3016359843135));
#7667=CARTESIAN_POINT('Ctrl Pts',(-10.0636829660288,-9.73631703397119,86.2362108112311));
#7668=CARTESIAN_POINT('Ctrl Pts',(-9.68153511988988,-10.1184648801101,86.1709662231934));
#7669=CARTESIAN_POINT('Ctrl Pts',(-9.3,-10.5,86.106097777732));
#7670=CARTESIAN_POINT('',(-11.8,-8.,81.3601293477544));
#7671=CARTESIAN_POINT('Origin',(-6.5,-10.5,79.606097777732));
#7672=CARTESIAN_POINT('',(-5.1,-10.5,79.606097777732));
#7673=CARTESIAN_POINT('',(-6.5,-10.5,79.606097777732));
#7674=CARTESIAN_POINT('',(-5.1,-10.5,86.106097777732));
#7675=CARTESIAN_POINT('',(-5.1,-10.5,86.106097777732));
#7676=CARTESIAN_POINT('',(-6.5,-10.5,86.106097777732));
#7677=CARTESIAN_POINT('',(-6.5,-10.5,86.106097777732));
#7678=CARTESIAN_POINT('',(-6.5,-10.5,86.106097777732));
#7679=CARTESIAN_POINT('Ctrl Pts',(-6.5,-7.5,86.6222240578214));
#7680=CARTESIAN_POINT('Ctrl Pts',(-11.8,-7.5,86.6222240578214));
#7681=CARTESIAN_POINT('Ctrl Pts',(-6.5,-7.68607006333443,86.5898003211599));
#7682=CARTESIAN_POINT('Ctrl Pts',(-11.8,-7.68607006333443,86.5898003211599));
#7683=CARTESIAN_POINT('Ctrl Pts',(-6.5,-8.26784281521901,86.4886426462446));
#7684=CARTESIAN_POINT('Ctrl Pts',(-11.8,-8.26784281521901,86.4886426462446));
#7685=CARTESIAN_POINT('Ctrl Pts',(-6.5,-8.86070091608776,86.3862275210589));
#7686=CARTESIAN_POINT('Ctrl Pts',(-11.8,-8.86070091608776,86.3862275210589));
#7687=CARTESIAN_POINT('Ctrl Pts',(-6.5,-9.46431461839154,86.282592350031));
#7688=CARTESIAN_POINT('Ctrl Pts',(-11.8,-9.46431461839154,86.282592350031));
#7689=CARTESIAN_POINT('Ctrl Pts',(-6.5,-10.0785537183703,86.1777519026333));
#7690=CARTESIAN_POINT('Ctrl Pts',(-11.8,-10.0785537183703,86.1777519026333));
#7691=CARTESIAN_POINT('Ctrl Pts',(-6.5,-10.5,86.106097777732));
#7692=CARTESIAN_POINT('Ctrl Pts',(-11.8,-10.5,86.106097777732));
#7693=CARTESIAN_POINT('',(-6.5,-7.5,86.6222240578214));
#7694=CARTESIAN_POINT('Ctrl Pts',(-6.5,-7.49999999999172,86.6222240578228));
#7695=CARTESIAN_POINT('Ctrl Pts',(-6.5,-7.68607006332777,86.5898003211611));
#7696=CARTESIAN_POINT('Ctrl Pts',(-6.5,-8.26784281521392,86.4886426462455));
#7697=CARTESIAN_POINT('Ctrl Pts',(-6.5,-8.8607009160843,86.3862275210595));
#7698=CARTESIAN_POINT('Ctrl Pts',(-6.5,-9.46431461838977,86.2825923500313));
#7699=CARTESIAN_POINT('Ctrl Pts',(-6.5,-10.0785537183703,86.1777519026333));
#7700=CARTESIAN_POINT('Ctrl Pts',(-6.5,-10.5,86.106097777732));
#7701=CARTESIAN_POINT('',(-11.8,-7.5,86.6222240578214));
#7702=CARTESIAN_POINT('',(-6.5,-7.5,86.6222240578214));
#7703=CARTESIAN_POINT('Ctrl Pts',(-11.8,-7.5,86.6222240578214));
#7704=CARTESIAN_POINT('Ctrl Pts',(-11.8,-7.59934183983408,86.6049131933195));
#7705=CARTESIAN_POINT('Ctrl Pts',(-11.8,-7.69901465427178,86.5875647851998));
#7706=CARTESIAN_POINT('Ctrl Pts',(-11.8,-7.79901646715362,86.5701790576252));
#7707=CARTESIAN_POINT('Ctrl Pts',(-11.8,-7.89934546432502,86.5527562163815));
#7708=CARTESIAN_POINT('Ctrl Pts',(-11.8,-8.00000000000001,86.5352964481561));
#7709=CARTESIAN_POINT('Origin',(-6.5,-7.5,79.606097777732));
#7710=CARTESIAN_POINT('',(-6.5,-7.5,79.606097777732));
#7711=CARTESIAN_POINT('',(-6.5,-7.5,81.4929242297338));
#7712=CARTESIAN_POINT('',(-11.8,-7.5,79.606097777732));
#7713=CARTESIAN_POINT('',(-6.5,-7.5,79.606097777732));
#7714=CARTESIAN_POINT('',(-11.8,-7.5,86.6222240578214));
#7715=CARTESIAN_POINT('Origin',(-11.8,-9.,83.1141609177767));
#7716=CARTESIAN_POINT('',(-11.8,-7.5,79.606097777732));
#7717=CARTESIAN_POINT('Origin',(-6.5,-4.5,79.606097777732));
#7718=CARTESIAN_POINT('',(-6.5,-4.5,79.606097777732));
#7719=CARTESIAN_POINT('',(-6.5,-10.5,79.606097777732));
#7720=CARTESIAN_POINT('',(-5.1,-4.5,79.606097777732));
#7721=CARTESIAN_POINT('',(-6.5,-4.5,79.606097777732));
#7722=CARTESIAN_POINT('',(-5.1,-10.5,79.606097777732));
#7723=CARTESIAN_POINT('Origin',(-6.5,-4.5,87.1534035857392));
#7724=CARTESIAN_POINT('',(-6.5,-4.5,87.1534035857392));
#7725=CARTESIAN_POINT('',(-6.5,-4.5,86.));
#7726=CARTESIAN_POINT('',(-5.1,-4.5,87.1534035857392));
#7727=CARTESIAN_POINT('',(-6.5,-4.5,87.1534035857392));
#7728=CARTESIAN_POINT('',(-5.1,-4.5,86.));
#7729=CARTESIAN_POINT('Ctrl Pts',(-6.5,-10.5,86.106097777732));
#7730=CARTESIAN_POINT('Ctrl Pts',(-5.1,-10.5,86.106097777732));
#7731=CARTESIAN_POINT('Ctrl Pts',(-6.5,-10.0785537183703,86.1777519026333));
#7732=CARTESIAN_POINT('Ctrl Pts',(-5.1,-10.0785537183703,86.1777519026333));
#7733=CARTESIAN_POINT('Ctrl Pts',(-6.5,-9.24543512682475,86.3199514563185));
#7734=CARTESIAN_POINT('Ctrl Pts',(-5.1,-9.24543512682475,86.3199514563185));
#7735=CARTESIAN_POINT('Ctrl Pts',(-6.5,-8.02507799711923,86.5299248297971));
#7736=CARTESIAN_POINT('Ctrl Pts',(-5.1,-8.02507799711923,86.5299248297971));
#7737=CARTESIAN_POINT('Ctrl Pts',(-6.5,-6.81990432837703,86.7399728589075));
#7738=CARTESIAN_POINT('Ctrl Pts',(-5.1,-6.81990432837703,86.7399728589075));
#7739=CARTESIAN_POINT('Ctrl Pts',(-6.5,-5.6652645013141,86.9442886559549));
#7740=CARTESIAN_POINT('Ctrl Pts',(-5.1,-5.6652645013141,86.9442886559549));
#7741=CARTESIAN_POINT('Ctrl Pts',(-6.5,-4.91085077544165,87.0793574080845));
#7742=CARTESIAN_POINT('Ctrl Pts',(-5.1,-4.91085077544165,87.0793574080845));
#7743=CARTESIAN_POINT('Ctrl Pts',(-6.5,-4.526871732591,87.1485584610321));
#7744=CARTESIAN_POINT('Ctrl Pts',(-5.1,-4.526871732591,87.1485584610321));
#7745=CARTESIAN_POINT('Ctrl Pts',(-6.5,-4.5,87.1534035857392));
#7746=CARTESIAN_POINT('Ctrl Pts',(-5.1,-4.5,87.1534035857392));
#7747=CARTESIAN_POINT('Ctrl Pts',(-6.5,-4.5,87.1534035857392));
#7748=CARTESIAN_POINT('Ctrl Pts',(-6.5,-4.52687173259099,87.1485584610321));
#7749=CARTESIAN_POINT('Ctrl Pts',(-6.5,-4.91085077544165,87.0793574080845));
#7750=CARTESIAN_POINT('Ctrl Pts',(-6.5,-5.49275878237659,86.9751737411449));
#7751=CARTESIAN_POINT('Ctrl Pts',(-6.5,-6.0894077729173,86.8693179523949));
#7752=CARTESIAN_POINT('Ctrl Pts',(-6.5,-6.69998859358332,86.7618818269698));
#7753=CARTESIAN_POINT('Ctrl Pts',(-6.5,-7.29397530757718,86.6581249988603));
#7754=CARTESIAN_POINT('Ctrl Pts',(-6.5,-7.49999999999172,86.6222240578228));
#7755=CARTESIAN_POINT('Ctrl Pts',(-5.1,-10.5,86.106097777732));
#7756=CARTESIAN_POINT('Ctrl Pts',(-5.1,-10.0785537183703,86.1777519026333));
#7757=CARTESIAN_POINT('Ctrl Pts',(-5.1,-9.24543512682475,86.3199514563185));
#7758=CARTESIAN_POINT('Ctrl Pts',(-5.1,-8.02507799711923,86.5299248297971));
#7759=CARTESIAN_POINT('Ctrl Pts',(-5.1,-6.81990432837703,86.7399728589075));
#7760=CARTESIAN_POINT('Ctrl Pts',(-5.1,-5.6652645013141,86.9442886559549));
#7761=CARTESIAN_POINT('Ctrl Pts',(-5.1,-4.91085077544165,87.0793574080845));
#7762=CARTESIAN_POINT('Ctrl Pts',(-5.1,-4.52687173259099,87.1485584610321));
#7763=CARTESIAN_POINT('Ctrl Pts',(-5.1,-4.5,87.1534035857392));
#7764=CARTESIAN_POINT('Origin',(-6.5,-7.5,83.3797506817356));
#7765=CARTESIAN_POINT('Origin',(-5.1,-7.5,83.3797506817356));
#7766=CARTESIAN_POINT('',(0.,0.,0.));
#7767=CARTESIAN_POINT('Origin',(1.,-10.,1.));
#7768=CARTESIAN_POINT('',(3.45640391266139E-16,-26.8431793555392,1.));
#7769=CARTESIAN_POINT('',(4.,-26.8431793555392,1.));
#7770=CARTESIAN_POINT('',(0.749999999999998,-26.8431793555392,1.));
#7771=CARTESIAN_POINT('',(5.59795218218913E-16,-31.0355339059327,1.));
#7772=CARTESIAN_POINT('',(-2.77555756156289E-16,-15.,1.));
#7773=CARTESIAN_POINT('',(4.,-31.0355339059327,1.));
#7774=CARTESIAN_POINT('',(2.25,-31.0355339059327,1.));
#7775=CARTESIAN_POINT('',(4.,-15.,1.));
#7776=CARTESIAN_POINT('Origin',(0.,-20.,0.));
#7777=CARTESIAN_POINT('',(4.95561197229186E-16,-31.0355339059327,2.8));
#7778=CARTESIAN_POINT('',(5.55111512312578E-16,-31.0355339059327,0.));
#7779=CARTESIAN_POINT('',(2.75418360440856E-16,-26.8431793555392,2.8));
#7780=CARTESIAN_POINT('',(3.46944695195361E-16,-26.8431793555392,0.));
#7781=CARTESIAN_POINT('',(2.77555756156289E-16,-26.8838834764832,2.8));
#7782=CARTESIAN_POINT('Origin',(0.499999999999995,-26.8431793555392,0.));
#7783=CARTESIAN_POINT('',(4.,-26.8431793555392,2.8));
#7784=CARTESIAN_POINT('',(-1.375,-26.8431793555392,2.8));
#7785=CARTESIAN_POINT('',(4.,-26.8431793555392,0.));
#7786=CARTESIAN_POINT('Origin',(4.,-20.,0.));
#7787=CARTESIAN_POINT('',(4.,-31.0355339059327,2.8));
#7788=CARTESIAN_POINT('',(4.,-31.0355339059327,0.));
#7789=CARTESIAN_POINT('',(4.,-26.8838834764832,2.8));
#7790=CARTESIAN_POINT('Origin',(3.5,-31.0355339059327,0.));
#7791=CARTESIAN_POINT('',(0.125,-31.0355339059327,2.8));
#7792=CARTESIAN_POINT('Origin',(0.,-20.,0.));
#7793=CARTESIAN_POINT('',(9.51748954953132E-16,-38.0355339059327,1.));
#7794=CARTESIAN_POINT('',(8.63135036463191E-16,-38.0355339059327,2.8));
#7795=CARTESIAN_POINT('',(9.36750677027476E-16,-38.0355339059327,0.));
#7796=CARTESIAN_POINT('',(9.71445146547012E-16,-38.5,2.8));
#7797=CARTESIAN_POINT('',(2.77555756156289E-16,-26.8838834764832,2.8));
#7798=CARTESIAN_POINT('',(8.32667268468867E-16,-38.5,1.));
#7799=CARTESIAN_POINT('',(8.32667268468867E-16,-38.5,0.));
#7800=CARTESIAN_POINT('',(-2.77555756156289E-16,-15.,1.));
#7801=CARTESIAN_POINT('Origin',(6.5,-38.5,0.));
#7802=CARTESIAN_POINT('',(6.5,-41.,1.));
#7803=CARTESIAN_POINT('',(4.,-38.5,1.));
#7804=CARTESIAN_POINT('Origin',(6.5,-38.5,1.));
#7805=CARTESIAN_POINT('',(6.5,-41.,2.8));
#7806=CARTESIAN_POINT('',(6.5,-41.,0.));
#7807=CARTESIAN_POINT('',(4.,-38.5,2.8));
#7808=CARTESIAN_POINT('Origin',(6.5,-38.5,2.8));
#7809=CARTESIAN_POINT('',(4.,-38.5,0.));
#7810=CARTESIAN_POINT('Origin',(4.,-20.,0.));
#7811=CARTESIAN_POINT('',(4.,-38.0355339059327,1.));
#7812=CARTESIAN_POINT('',(4.,-38.0355339059327,2.8));
#7813=CARTESIAN_POINT('',(4.,-38.0355339059327,0.));
#7814=CARTESIAN_POINT('',(4.,-15.,1.));
#7815=CARTESIAN_POINT('',(4.,-26.8838834764832,2.8));
#7816=CARTESIAN_POINT('Origin',(9.29289321881345,-44.2928932188135,0.));
#7817=CARTESIAN_POINT('',(9.63170336320356,-43.9540830744233,2.8));
#7818=CARTESIAN_POINT('',(6.05025253169417,-47.5355339059328,2.8));
#7819=CARTESIAN_POINT('',(8.78845148057187,-44.797334957055,2.8));
#7820=CARTESIAN_POINT('',(9.63170336320356,-43.9540830744233,1.));
#7821=CARTESIAN_POINT('',(9.63170336320356,-43.9540830744233,0.));
#7822=CARTESIAN_POINT('',(6.05025253169417,-47.5355339059328,1.));
#7823=CARTESIAN_POINT('',(15.7928932188135,-37.7928932188134,1.));
#7824=CARTESIAN_POINT('',(6.05025253169417,-47.5355339059328,0.));
#7825=CARTESIAN_POINT('Origin',(10.,-42.5,0.));
#7826=CARTESIAN_POINT('',(10.,-41.,1.));
#7827=CARTESIAN_POINT('Origin',(10.,-42.5,1.));
#7828=CARTESIAN_POINT('',(10.,-41.,2.8));
#7829=CARTESIAN_POINT('Origin',(10.,-42.5,2.8));
#7830=CARTESIAN_POINT('',(10.,-41.,0.));
#7831=CARTESIAN_POINT('Origin',(6.5,-41.,0.));
#7832=CARTESIAN_POINT('',(3.75,-41.,1.));
#7833=CARTESIAN_POINT('',(1.625,-41.,2.8));
#7834=CARTESIAN_POINT('Origin',(2.,-43.5355339059328,2.));
#7835=CARTESIAN_POINT('',(4.,-43.5355339059328,2.));
#7836=CARTESIAN_POINT('Origin',(2.,-43.5355339059328,2.));
#7837=CARTESIAN_POINT('Origin',(2.,-43.5355339059328,0.));
#7838=CARTESIAN_POINT('',(4.,-43.5355339059328,1.));
#7839=CARTESIAN_POINT('',(4.,-43.5355339059328,0.));
#7840=CARTESIAN_POINT('Origin',(2.,-43.5355339059328,1.));
#7841=CARTESIAN_POINT('Origin',(0.499999999999999,-38.0355339059327,0.));
#7842=CARTESIAN_POINT('',(-1.375,-38.0355339059327,2.8));
#7843=CARTESIAN_POINT('',(0.749999999999999,-38.0355339059327,1.));
#7844=CARTESIAN_POINT('Origin',(1.,-10.,1.));
#7845=CARTESIAN_POINT('',(-2.5,-41.,1.));
#7846=CARTESIAN_POINT('Origin',(-2.5,-38.5,1.));
#7847=CARTESIAN_POINT('',(-6.,-41.,1.));
#7848=CARTESIAN_POINT('',(-0.749999999999999,-41.,1.));
#7849=CARTESIAN_POINT('',(-5.63170336320356,-43.9540830744233,1.));
#7850=CARTESIAN_POINT('Origin',(-6.,-42.5,1.));
#7851=CARTESIAN_POINT('',(-2.05025253169417,-47.5355339059328,1.));
#7852=CARTESIAN_POINT('',(-12.2928932188135,-37.2928932188134,1.));
#7853=CARTESIAN_POINT('',(-0.732233047033634,-47.5355339059328,1.));
#7854=CARTESIAN_POINT('Origin',(-2.5,-38.5,0.));
#7855=CARTESIAN_POINT('',(-2.5,-41.,2.8));
#7856=CARTESIAN_POINT('Origin',(-2.5,-38.5,2.8));
#7857=CARTESIAN_POINT('',(-2.5,-41.,0.));
#7858=CARTESIAN_POINT('Origin',(-5.29289321881345,-44.2928932188135,0.));
#7859=CARTESIAN_POINT('',(-2.05025253169417,-47.5355339059328,2.8));
#7860=CARTESIAN_POINT('',(-2.05025253169417,-47.5355339059328,0.));
#7861=CARTESIAN_POINT('',(-5.63170336320356,-43.9540830744233,2.8));
#7862=CARTESIAN_POINT('',(-5.63170336320356,-43.9540830744233,0.));
#7863=CARTESIAN_POINT('',(-7.41345148057186,-42.172334957055,2.8));
#7864=CARTESIAN_POINT('Origin',(-6.,-42.5,0.));
#7865=CARTESIAN_POINT('',(-6.,-41.,2.8));
#7866=CARTESIAN_POINT('',(-6.,-41.,0.));
#7867=CARTESIAN_POINT('Origin',(-6.,-42.5,2.8));
#7868=CARTESIAN_POINT('Origin',(-2.5,-41.,0.));
#7869=CARTESIAN_POINT('',(-2.875,-41.,2.8));
#7870=CARTESIAN_POINT('Origin',(-3.25,-33.7677669529664,2.8));
#7871=CARTESIAN_POINT('',(7.46446609406726,-47.5355339059328,2.8));
#7872=CARTESIAN_POINT('',(4.625,-47.5355339059328,2.8));
#7873=CARTESIAN_POINT('',(10.,-45.,2.8));
#7874=CARTESIAN_POINT('',(10.,-45.,2.8));
#7875=CARTESIAN_POINT('',(10.,-40.,2.8));
#7876=CARTESIAN_POINT('Origin',(10.,-42.5,2.8));
#7877=CARTESIAN_POINT('',(6.5,-40.,2.8));
#7878=CARTESIAN_POINT('',(6.5,-40.,2.8));
#7879=CARTESIAN_POINT('',(5.,-38.5,2.8));
#7880=CARTESIAN_POINT('Origin',(6.5,-38.5,2.8));
#7881=CARTESIAN_POINT('',(5.,-20.,2.8));
#7882=CARTESIAN_POINT('',(5.,-20.,2.8));
#7883=CARTESIAN_POINT('',(3.,-20.,2.8));
#7884=CARTESIAN_POINT('',(4.,-20.,2.8));
#7885=CARTESIAN_POINT('',(1.,-20.,2.8));
#7886=CARTESIAN_POINT('Origin',(2.,-20.,2.8));
#7887=CARTESIAN_POINT('',(-1.,-20.,2.8));
#7888=CARTESIAN_POINT('',(0.,-20.,2.8));
#7889=CARTESIAN_POINT('',(-0.999999999999999,-38.5,2.8));
#7890=CARTESIAN_POINT('',(-1.,-20.,2.8));
#7891=CARTESIAN_POINT('',(-2.5,-40.,2.8));
#7892=CARTESIAN_POINT('Origin',(-2.5,-38.5,2.8));
#7893=CARTESIAN_POINT('',(-6.,-40.,2.8));
#7894=CARTESIAN_POINT('',(-2.5,-40.,2.8));
#7895=CARTESIAN_POINT('',(-6.,-45.,2.8));
#7896=CARTESIAN_POINT('Origin',(-6.,-42.5,2.8));
#7897=CARTESIAN_POINT('',(-3.46446609406726,-47.5355339059328,2.8));
#7898=CARTESIAN_POINT('',(-6.,-45.,2.8));
#7899=CARTESIAN_POINT('',(4.625,-47.5355339059328,2.8));
#7900=CARTESIAN_POINT('Origin',(2.5,-19.8431793555392,0.));
#7901=CARTESIAN_POINT('',(2.5,-19.8431793555392,0.));
#7902=CARTESIAN_POINT('',(2.5,-20.8431793555392,0.));
#7903=CARTESIAN_POINT('',(2.5,-14.9215896777696,0.));
#7904=CARTESIAN_POINT('',(2.5,-20.8431793555392,2.));
#7905=CARTESIAN_POINT('',(2.5,-20.8431793555392,0.));
#7906=CARTESIAN_POINT('',(2.5,-19.8431793555392,2.));
#7907=CARTESIAN_POINT('',(2.5,-21.8431793555392,2.));
#7908=CARTESIAN_POINT('',(2.5,-19.8431793555392,0.));
#7909=CARTESIAN_POINT('Origin',(3.5,-20.8431793555392,0.));
#7910=CARTESIAN_POINT('',(3.5,-20.8431793555392,0.));
#7911=CARTESIAN_POINT('',(3.5,-25.8431793555392,0.));
#7912=CARTESIAN_POINT('',(3.5,-15.4215896777696,0.));
#7913=CARTESIAN_POINT('',(3.5,-25.8431793555392,2.));
#7914=CARTESIAN_POINT('',(3.5,-25.8431793555392,0.));
#7915=CARTESIAN_POINT('',(3.5,-20.8431793555392,2.));
#7916=CARTESIAN_POINT('',(3.5,-25.8431793555392,2.));
#7917=CARTESIAN_POINT('',(3.5,-20.8431793555392,0.));
#7918=CARTESIAN_POINT('Origin',(2.5,-20.8431793555392,0.));
#7919=CARTESIAN_POINT('',(2.75,-20.8431793555392,0.));
#7920=CARTESIAN_POINT('',(3.5,-20.8431793555392,2.));
#7921=CARTESIAN_POINT('Origin',(3.5,-32.0355339059327,0.));
#7922=CARTESIAN_POINT('',(3.5,-32.0355339059327,0.));
#7923=CARTESIAN_POINT('',(3.5,-37.0355339059327,0.));
#7924=CARTESIAN_POINT('',(3.50000000000001,-21.0177669529664,0.));
#7925=CARTESIAN_POINT('',(3.5,-37.0355339059327,2.));
#7926=CARTESIAN_POINT('',(3.5,-37.0355339059327,0.));
#7927=CARTESIAN_POINT('',(3.5,-32.0355339059327,2.));
#7928=CARTESIAN_POINT('',(3.5,-37.0355339059327,2.));
#7929=CARTESIAN_POINT('',(3.5,-32.0355339059327,0.));
#7930=CARTESIAN_POINT('Origin',(6.5,-38.5,0.));
#7931=CARTESIAN_POINT('',(6.5,-40.,0.));
#7932=CARTESIAN_POINT('',(5.,-38.5,0.));
#7933=CARTESIAN_POINT('Origin',(6.5,-38.5,0.));
#7934=CARTESIAN_POINT('',(5.,-38.5,0.));
#7935=CARTESIAN_POINT('',(6.5,-40.,0.));
#7936=CARTESIAN_POINT('Origin',(5.,-20.,0.));
#7937=CARTESIAN_POINT('',(5.,-20.,0.));
#7938=CARTESIAN_POINT('',(5.,-20.,0.));
#7939=CARTESIAN_POINT('',(5.,-20.,0.));
#7940=CARTESIAN_POINT('Origin',(3.,-20.,0.));
#7941=CARTESIAN_POINT('',(4.,-20.,0.));
#7942=CARTESIAN_POINT('',(4.,-20.,1.3));
#7943=CARTESIAN_POINT('',(4.,-20.,0.));
#7944=CARTESIAN_POINT('',(3.,-20.,1.3));
#7945=CARTESIAN_POINT('',(4.,-20.,1.3));
#7946=CARTESIAN_POINT('',(3.,-20.,0.));
#7947=CARTESIAN_POINT('',(4.,-20.,0.));
#7948=CARTESIAN_POINT('Origin',(10.,-45.,0.));
#7949=CARTESIAN_POINT('',(7.46446609406726,-47.5355339059328,5.8));
#7950=CARTESIAN_POINT('',(6.46446609406727,-48.5355339059328,4.8));
#7951=CARTESIAN_POINT('',(6.86529130879203,-48.134708691208,5.20082521472478));
#7952=CARTESIAN_POINT('',(6.46446609406727,-48.5355339059328,0.));
#7953=CARTESIAN_POINT('',(6.46446609406727,-48.5355339059328,0.));
#7954=CARTESIAN_POINT('',(10.,-45.,0.));
#7955=CARTESIAN_POINT('',(10.,-45.,0.));
#7956=CARTESIAN_POINT('',(10.,-45.,0.));
#7957=CARTESIAN_POINT('',(7.46446609406726,-47.5355339059328,2.8));
#7958=CARTESIAN_POINT('Origin',(10.,-42.5,0.));
#7959=CARTESIAN_POINT('',(10.,-40.,0.));
#7960=CARTESIAN_POINT('Origin',(10.,-42.5,0.));
#7961=CARTESIAN_POINT('',(10.,-40.,0.));
#7962=CARTESIAN_POINT('Origin',(6.5,-40.,0.));
#7963=CARTESIAN_POINT('',(6.5,-40.,0.));
#7964=CARTESIAN_POINT('Origin',(4.,0.,0.));
#7965=CARTESIAN_POINT('',(4.,0.,0.));
#7966=CARTESIAN_POINT('',(4.,0.,0.));
#7967=CARTESIAN_POINT('',(4.,0.,1.3));
#7968=CARTESIAN_POINT('',(4.,0.,0.));
#7969=CARTESIAN_POINT('',(4.,0.,1.3));
#7970=CARTESIAN_POINT('Origin',(2.,-43.5355339059328,1.));
#7971=CARTESIAN_POINT('',(3.,-43.5355339059328,1.));
#7972=CARTESIAN_POINT('Origin',(2.,-43.5355339059328,1.));
#7973=CARTESIAN_POINT('Origin',(2.,-43.5355339059328,0.));
#7974=CARTESIAN_POINT('',(3.,-43.5355339059328,0.));
#7975=CARTESIAN_POINT('Origin',(2.,-43.5355339059328,0.));
#7976=CARTESIAN_POINT('',(3.,-43.5355339059328,0.));
#7977=CARTESIAN_POINT('Origin',(1.5,-19.8431793555392,0.));
#7978=CARTESIAN_POINT('',(1.5,-19.8431793555392,0.));
#7979=CARTESIAN_POINT('',(1.5,-20.8431793555392,0.));
#7980=CARTESIAN_POINT('',(1.5,-14.9215896777696,0.));
#7981=CARTESIAN_POINT('',(1.5,-19.8431793555392,2.));
#7982=CARTESIAN_POINT('',(1.5,-19.8431793555392,0.));
#7983=CARTESIAN_POINT('',(1.5,-20.8431793555392,2.));
#7984=CARTESIAN_POINT('',(1.5,-21.8431793555392,2.));
#7985=CARTESIAN_POINT('',(1.5,-20.8431793555392,0.));
#7986=CARTESIAN_POINT('Origin',(2.5,-19.8431793555392,0.));
#7987=CARTESIAN_POINT('',(1.5,-19.8431793555392,2.));
#7988=CARTESIAN_POINT('',(1.75,-19.8431793555392,0.));
#7989=CARTESIAN_POINT('Origin',(0.499999999999995,-25.8431793555392,0.));
#7990=CARTESIAN_POINT('',(0.499999999999995,-25.8431793555392,0.));
#7991=CARTESIAN_POINT('',(0.749999999999998,-25.8431793555392,0.));
#7992=CARTESIAN_POINT('',(0.499999999999995,-25.8431793555392,2.));
#7993=CARTESIAN_POINT('',(0.499999999999995,-25.8431793555392,0.));
#7994=CARTESIAN_POINT('',(0.499999999999995,-25.8431793555392,2.));
#7995=CARTESIAN_POINT('Origin',(0.499999999999997,-20.8431793555392,0.));
#7996=CARTESIAN_POINT('',(0.499999999999997,-20.8431793555392,0.));
#7997=CARTESIAN_POINT('',(0.499999999999999,-15.4215896777696,0.));
#7998=CARTESIAN_POINT('',(0.499999999999997,-20.8431793555392,2.));
#7999=CARTESIAN_POINT('',(0.499999999999997,-20.8431793555392,0.));
#8000=CARTESIAN_POINT('',(0.499999999999995,-25.8431793555392,2.));
#8001=CARTESIAN_POINT('Origin',(1.5,-20.8431793555392,0.));
#8002=CARTESIAN_POINT('',(1.25,-20.8431793555392,0.));
#8003=CARTESIAN_POINT('',(0.499999999999997,-20.8431793555392,2.));
#8004=CARTESIAN_POINT('Origin',(2.,-22.8431793555392,2.));
#8005=CARTESIAN_POINT('Origin',(0.499999999999999,-37.0355339059327,0.));
#8006=CARTESIAN_POINT('',(0.499999999999999,-37.0355339059327,0.));
#8007=CARTESIAN_POINT('',(0.749999999999999,-37.0355339059327,0.));
#8008=CARTESIAN_POINT('',(0.499999999999999,-37.0355339059327,2.));
#8009=CARTESIAN_POINT('',(0.499999999999999,-37.0355339059327,0.));
#8010=CARTESIAN_POINT('',(0.5,-37.0355339059327,2.));
#8011=CARTESIAN_POINT('Origin',(2.,-34.5355339059327,2.));
#8012=CARTESIAN_POINT('',(0.499999999999998,-32.0355339059327,2.));
#8013=CARTESIAN_POINT('',(0.499999999999999,-37.0355339059327,2.));
#8014=CARTESIAN_POINT('',(0.499999999999998,-32.0355339059327,2.));
#8015=CARTESIAN_POINT('Origin',(0.499999999999998,-32.0355339059327,0.));
#8016=CARTESIAN_POINT('',(0.499999999999998,-32.0355339059327,0.));
#8017=CARTESIAN_POINT('',(0.499999999999994,-21.0177669529664,0.));
#8018=CARTESIAN_POINT('',(0.499999999999998,-32.0355339059327,0.));
#8019=CARTESIAN_POINT('Origin',(3.5,-32.0355339059327,0.));
#8020=CARTESIAN_POINT('',(2.25,-32.0355339059327,0.));
#8021=CARTESIAN_POINT('Origin',(1.,-10.,0.));
#8022=CARTESIAN_POINT('',(-2.46446609406727,-48.5355339059328,0.));
#8023=CARTESIAN_POINT('',(-2.46446609406727,-48.5355339059328,0.));
#8024=CARTESIAN_POINT('',(-6.,-45.,0.));
#8025=CARTESIAN_POINT('',(-6.,-45.,0.));
#8026=CARTESIAN_POINT('',(-6.,-40.,0.));
#8027=CARTESIAN_POINT('Origin',(-6.,-42.5,0.));
#8028=CARTESIAN_POINT('',(-2.5,-40.,0.));
#8029=CARTESIAN_POINT('',(-2.5,-40.,0.));
#8030=CARTESIAN_POINT('',(-0.999999999999999,-38.5,0.));
#8031=CARTESIAN_POINT('Origin',(-2.5,-38.5,0.));
#8032=CARTESIAN_POINT('',(-1.,-20.,0.));
#8033=CARTESIAN_POINT('',(-1.,-20.,0.));
#8034=CARTESIAN_POINT('',(0.,-20.,0.));
#8035=CARTESIAN_POINT('',(0.,-20.,0.));
#8036=CARTESIAN_POINT('',(0.,0.,0.));
#8037=CARTESIAN_POINT('',(0.,0.,0.));
#8038=CARTESIAN_POINT('',(4.,0.,0.));
#8039=CARTESIAN_POINT('Origin',(-1.59834957055045,-48.0355339059328,5.3));
#8040=CARTESIAN_POINT('',(-3.46446609406726,-47.5355339059328,5.8));
#8041=CARTESIAN_POINT('',(7.46446609406726,-47.5355339059328,5.8));
#8042=CARTESIAN_POINT('',(-2.46446609406727,-48.5355339059328,4.8));
#8043=CARTESIAN_POINT('',(-2.86529130879203,-48.134708691208,5.20082521472478));
#8044=CARTESIAN_POINT('',(-1.59834957055045,-48.5355339059328,4.8));
#8045=CARTESIAN_POINT('Origin',(-2.46446609406727,-48.5355339059328,0.));
#8046=CARTESIAN_POINT('',(-2.46446609406727,-48.5355339059328,0.));
#8047=CARTESIAN_POINT('Origin',(2.,-47.5355339059328,2.8));
#8048=CARTESIAN_POINT('',(-3.46446609406726,-47.5355339059328,2.8));
#8049=CARTESIAN_POINT('Origin',(-2.5,-38.5,0.));
#8050=CARTESIAN_POINT('',(-2.5,-40.,0.));
#8051=CARTESIAN_POINT('',(-0.999999999999999,-38.5,0.));
#8052=CARTESIAN_POINT('Origin',(-1.,-20.,0.));
#8053=CARTESIAN_POINT('',(-1.,-20.,0.));
#8054=CARTESIAN_POINT('Origin',(1.,-20.,0.));
#8055=CARTESIAN_POINT('',(0.,-20.,1.3));
#8056=CARTESIAN_POINT('',(0.,-20.,0.));
#8057=CARTESIAN_POINT('',(1.,-20.,1.3));
#8058=CARTESIAN_POINT('',(1.,-20.,0.));
#8059=CARTESIAN_POINT('',(0.,-20.,1.3));
#8060=CARTESIAN_POINT('Origin',(2.,-20.,0.));
#8061=CARTESIAN_POINT('Origin',(2.,-20.,1.3));
#8062=CARTESIAN_POINT('Origin',(-6.,-45.,0.));
#8063=CARTESIAN_POINT('',(-6.,-45.,0.));
#8064=CARTESIAN_POINT('Origin',(-6.,-42.5,0.));
#8065=CARTESIAN_POINT('',(-6.,-40.,0.));
#8066=CARTESIAN_POINT('Origin',(-2.5,-40.,0.));
#8067=CARTESIAN_POINT('Origin',(2.,0.,0.));
#8068=CARTESIAN_POINT('',(0.,0.,1.3));
#8069=CARTESIAN_POINT('',(0.,0.,0.));
#8070=CARTESIAN_POINT('',(4.,0.,1.3));
#8071=CARTESIAN_POINT('Origin',(0.,0.,0.));
#8072=CARTESIAN_POINT('',(0.,0.,1.3));
#8073=CARTESIAN_POINT('Origin',(1.,-10.,1.3));
#8074=CARTESIAN_POINT('Origin',(-8.175,-42.,4.36698729810778));
#8075=CARTESIAN_POINT('',(-9.4,-41.75,4.8));
#8076=CARTESIAN_POINT('',(-9.4,-42.25,4.8));
#8077=CARTESIAN_POINT('Origin',(-9.4,-42.,4.36698729810778));
#8078=CARTESIAN_POINT('',(-8.6,-42.25,4.8));
#8079=CARTESIAN_POINT('',(-8.575,-42.25,4.8));
#8080=CARTESIAN_POINT('',(-8.6,-41.75,4.8));
#8081=CARTESIAN_POINT('Origin',(-8.6,-42.,4.36698729810778));
#8082=CARTESIAN_POINT('',(-8.175,-41.75,4.8));
#8083=CARTESIAN_POINT('Origin',(-9.4,-41.75,4.8));
#8084=CARTESIAN_POINT('',(-9.4,-41.125,4.8));
#8085=CARTESIAN_POINT('Origin',(-8.6,-42.25,4.8));
#8086=CARTESIAN_POINT('',(-8.59999999999999,-41.375,4.8));
#8087=CARTESIAN_POINT('Origin',(-9.5,-38.5,0.));
#8088=CARTESIAN_POINT('',(-9.5,-42.5,0.));
#8089=CARTESIAN_POINT('',(-9.5,-38.5,0.));
#8090=CARTESIAN_POINT('',(-9.5,-42.5,0.));
#8091=CARTESIAN_POINT('',(-9.5,-42.5,4.8));
#8092=CARTESIAN_POINT('',(-9.5,-42.5,0.));
#8093=CARTESIAN_POINT('',(-9.5,-38.5,4.8));
#8094=CARTESIAN_POINT('',(-9.5,-42.5,4.8));
#8095=CARTESIAN_POINT('',(-9.5,-38.5,0.));
#8096=CARTESIAN_POINT('Origin',(-7.5,-38.5,0.));
#8097=CARTESIAN_POINT('',(-7.5,-38.5,0.));
#8098=CARTESIAN_POINT('',(-9.5,-38.5,0.));
#8099=CARTESIAN_POINT('',(-7.5,-38.5,4.8));
#8100=CARTESIAN_POINT('',(-9.5,-38.5,4.8));
#8101=CARTESIAN_POINT('',(-7.5,-38.5,0.));
#8102=CARTESIAN_POINT('Origin',(-6.,-40.,0.));
#8103=CARTESIAN_POINT('',(-6.,-40.,0.));
#8104=CARTESIAN_POINT('',(-7.5,-38.5,0.));
#8105=CARTESIAN_POINT('',(-6.,-40.,4.8));
#8106=CARTESIAN_POINT('',(-7.5,-38.5,4.8));
#8107=CARTESIAN_POINT('',(-6.,-40.,0.));
#8108=CARTESIAN_POINT('Origin',(-8.5,-42.5,0.));
#8109=CARTESIAN_POINT('',(-8.5,-42.5,0.));
#8110=CARTESIAN_POINT('',(-8.5,-42.5,0.));
#8111=CARTESIAN_POINT('',(-8.5,-42.5,4.8));
#8112=CARTESIAN_POINT('',(-8.5,-42.5,4.8));
#8113=CARTESIAN_POINT('',(-8.5,-42.5,0.));
#8114=CARTESIAN_POINT('Origin',(-9.5,-42.5,0.));
#8115=CARTESIAN_POINT('',(-8.5,-42.5,0.));
#8116=CARTESIAN_POINT('',(-8.5,-42.5,4.8));
#8117=CARTESIAN_POINT('Origin',(-7.75,-40.5,4.8));
#8118=CARTESIAN_POINT('Origin',(-7.75,-40.5,0.));
#8119=CARTESIAN_POINT('Origin',(12.175,-42.,4.36698729810778));
#8120=CARTESIAN_POINT('',(13.4,-41.75,4.8));
#8121=CARTESIAN_POINT('',(13.4,-42.25,4.8));
#8122=CARTESIAN_POINT('Origin',(13.4,-42.,4.36698729810778));
#8123=CARTESIAN_POINT('',(12.6,-41.75,4.8));
#8124=CARTESIAN_POINT('',(12.175,-41.75,4.8));
#8125=CARTESIAN_POINT('',(12.6,-42.25,4.8));
#8126=CARTESIAN_POINT('Origin',(12.6,-42.,4.36698729810778));
#8127=CARTESIAN_POINT('',(12.575,-42.25,4.8));
#8128=CARTESIAN_POINT('Origin',(13.4,-41.75,4.8));
#8129=CARTESIAN_POINT('',(13.4,-41.125,4.8));
#8130=CARTESIAN_POINT('Origin',(12.6,-42.25,4.8));
#8131=CARTESIAN_POINT('',(12.6,-41.375,4.8));
#8132=CARTESIAN_POINT('Origin',(13.5,-38.5,0.));
#8133=CARTESIAN_POINT('',(13.5,-42.5,0.));
#8134=CARTESIAN_POINT('',(13.5,-38.5,0.));
#8135=CARTESIAN_POINT('',(13.5,-42.5,0.));
#8136=CARTESIAN_POINT('',(13.5,-38.5,4.8));
#8137=CARTESIAN_POINT('',(13.5,-38.5,0.));
#8138=CARTESIAN_POINT('',(13.5,-42.5,4.8));
#8139=CARTESIAN_POINT('',(13.5,-42.5,4.8));
#8140=CARTESIAN_POINT('',(13.5,-42.5,0.));
#8141=CARTESIAN_POINT('Origin',(11.5,-38.5,0.));
#8142=CARTESIAN_POINT('',(11.5,-38.5,0.));
#8143=CARTESIAN_POINT('',(13.5,-38.5,0.));
#8144=CARTESIAN_POINT('',(11.5,-38.5,4.8));
#8145=CARTESIAN_POINT('',(11.5,-38.5,0.));
#8146=CARTESIAN_POINT('',(13.5,-38.5,4.8));
#8147=CARTESIAN_POINT('Origin',(10.,-40.,0.));
#8148=CARTESIAN_POINT('',(10.,-40.,0.));
#8149=CARTESIAN_POINT('',(11.5,-38.5,0.));
#8150=CARTESIAN_POINT('',(10.,-40.,4.8));
#8151=CARTESIAN_POINT('',(10.,-40.,0.));
#8152=CARTESIAN_POINT('',(11.5,-38.5,4.8));
#8153=CARTESIAN_POINT('Origin',(12.5,-42.5,0.));
#8154=CARTESIAN_POINT('',(12.5,-42.5,0.));
#8155=CARTESIAN_POINT('',(12.5,-42.5,0.));
#8156=CARTESIAN_POINT('',(12.5,-42.5,4.8));
#8157=CARTESIAN_POINT('',(12.5,-42.5,0.));
#8158=CARTESIAN_POINT('',(12.5,-42.5,4.8));
#8159=CARTESIAN_POINT('Origin',(13.5,-42.5,0.));
#8160=CARTESIAN_POINT('',(12.5,-42.5,0.));
#8161=CARTESIAN_POINT('',(12.5,-42.5,4.8));
#8162=CARTESIAN_POINT('Origin',(11.75,-40.5,4.8));
#8163=CARTESIAN_POINT('Origin',(11.75,-40.5,0.));
#8164=CARTESIAN_POINT('Origin',(8.5,-22.,2.8));
#8165=CARTESIAN_POINT('',(8.5,-22.,4.9));
#8166=CARTESIAN_POINT('Origin',(8.5,-22.,2.8));
#8167=CARTESIAN_POINT('Origin',(5.,-22.,2.8));
#8168=CARTESIAN_POINT('',(5.,-22.,4.9));
#8169=CARTESIAN_POINT('',(5.,-22.,4.9));
#8170=CARTESIAN_POINT('Origin',(5.,-22.,2.8));
#8171=CARTESIAN_POINT('Origin',(5.,-22.,2.8));
#8172=CARTESIAN_POINT('Origin',(-4.5,-22.,2.8));
#8173=CARTESIAN_POINT('',(-4.5,-22.,4.9));
#8174=CARTESIAN_POINT('Origin',(-4.5,-22.,2.8));
#8175=CARTESIAN_POINT('Origin',(-0.999999999999999,-22.,2.8));
#8176=CARTESIAN_POINT('',(-0.999999999999999,-22.,4.9));
#8177=CARTESIAN_POINT('',(-0.999999999999999,-22.,4.9));
#8178=CARTESIAN_POINT('Origin',(-0.999999999999999,-22.,2.8));
#8179=CARTESIAN_POINT('Origin',(-0.999999999999999,-22.,2.8));
#8180=CARTESIAN_POINT('',(0.,-0.554645965724663,1.38543929087353));
#8181=CARTESIAN_POINT('',(-2.00000000000006,47.8364518120072,3.68543929087354));
#8182=CARTESIAN_POINT('',(0.,0.,0.));
#8183=CARTESIAN_POINT('Ctrl Pts',(11.22,0.,-8.81745695386094E-17));
#8184=CARTESIAN_POINT('Ctrl Pts',(11.22,1.85519313543566,0.207602339181286));
#8185=CARTESIAN_POINT('Ctrl Pts',(10.2820499796524,5.56375386372382,0.62280701754386));
#8186=CARTESIAN_POINT('Ctrl Pts',(6.39394677037982,9.78717245108313,1.24561403508772));
#8187=CARTESIAN_POINT('Ctrl Pts',(0.965509775718914,11.6506043101575,1.86842105263158));
#8188=CARTESIAN_POINT('Ctrl Pts',(-4.69612115609087,10.706001563603,2.49122807017544));
#8189=CARTESIAN_POINT('Ctrl Pts',(-9.22551651606578,7.18050661431949,3.1140350877193));
#8190=CARTESIAN_POINT('Ctrl Pts',(-11.5311886345914,1.92422341514447,3.73684210526316));
#8191=CARTESIAN_POINT('Ctrl Pts',(-11.0571843002973,-3.79594351783369,4.35964912280702));
#8192=CARTESIAN_POINT('Ctrl Pts',(-7.91784507329593,-8.60106660852828,4.98245614035088));
#8193=CARTESIAN_POINT('Ctrl Pts',(-2.86987617281203,-11.332892071076,5.60526315789473));
#8194=CARTESIAN_POINT('Ctrl Pts',(2.86987695270921,-11.3328901786596,6.2280701754386));
#8195=CARTESIAN_POINT('Ctrl Pts',(7.91784232988154,-8.60106948057566,6.85087719298245));
#8196=CARTESIAN_POINT('Ctrl Pts',(11.0571904273911,-3.79593817940643,7.47368421052632));
#8197=CARTESIAN_POINT('Ctrl Pts',(11.5311759520196,1.92421284682616,8.09649122807017));
#8198=CARTESIAN_POINT('Ctrl Pts',(9.22554231994351,7.18052788353697,8.71929824561404));
#8199=CARTESIAN_POINT('Ctrl Pts',(4.69606886444762,10.7059585802534,9.34210526315789));
#8200=CARTESIAN_POINT('Ctrl Pts',(-0.965403815735861,11.6506913010483,9.96491228070176));
#8201=CARTESIAN_POINT('Ctrl Pts',(-6.39416344747714,9.78699574611159,10.5877192982456));
#8202=CARTESIAN_POINT('Ctrl Pts',(-10.2815940336887,5.56412044197435,11.2105263157895));
#8203=CARTESIAN_POINT('Ctrl Pts',(-11.6906206873077,-1.10068721786279E-9,
11.8333333333333));
#8204=CARTESIAN_POINT('Ctrl Pts',(-10.2815940316394,-5.56412043920317,12.4561403508772));
#8205=CARTESIAN_POINT('Ctrl Pts',(-6.39416345263651,-9.78699575088706,13.0789473684211));
#8206=CARTESIAN_POINT('Ctrl Pts',(-0.965403804795581,-11.6506912917964,
13.7017543859649));
#8207=CARTESIAN_POINT('Ctrl Pts',(4.69606884206305,-10.705958598771,14.3245614035088));
#8208=CARTESIAN_POINT('Ctrl Pts',(9.22554236535995,-7.1805278461678,14.9473684210526));
#8209=CARTESIAN_POINT('Ctrl Pts',(11.5311758600609,-1.92421292239147,15.5701754385965));
#8210=CARTESIAN_POINT('Ctrl Pts',(11.0571906134955,3.79593833228513,16.1929824561403));
#8211=CARTESIAN_POINT('Ctrl Pts',(7.91784195329248,8.60106917124417,16.8157894736842));
#8212=CARTESIAN_POINT('Ctrl Pts',(2.86987771472863,11.3328908045728,17.4385964912281));
#8213=CARTESIAN_POINT('Ctrl Pts',(-2.86987771472982,11.3328908045699,18.0614035087719));
#8214=CARTESIAN_POINT('Ctrl Pts',(-7.91784195328828,8.60106917124858,18.6842105263158));
#8215=CARTESIAN_POINT('Ctrl Pts',(-11.0571906135049,3.79593833227695,19.3070175438596));
#8216=CARTESIAN_POINT('Ctrl Pts',(-11.5311758600415,-1.92421292237532,19.9298245614035));
#8217=CARTESIAN_POINT('Ctrl Pts',(-9.22554236539938,-7.18052784620032,20.5526315789474));
#8218=CARTESIAN_POINT('Ctrl Pts',(-4.69606884198315,-10.7059585987053,21.1754385964912));
#8219=CARTESIAN_POINT('Ctrl Pts',(0.965403804633852,-11.6506912919293,21.7982456140351));
#8220=CARTESIAN_POINT('Ctrl Pts',(6.39416345296379,-9.78699575061824,22.421052631579));
#8221=CARTESIAN_POINT('Ctrl Pts',(10.2815940309772,-5.56412043974714,23.0438596491228));
#8222=CARTESIAN_POINT('Ctrl Pts',(11.6906206886477,-1.14899584089049E-14,
23.6666666666666));
#8223=CARTESIAN_POINT('Ctrl Pts',(10.2815940309772,5.56412043974714,24.2894736842106));
#8224=CARTESIAN_POINT('Ctrl Pts',(6.3941634529638,9.78699575061824,24.9122807017544));
#8225=CARTESIAN_POINT('Ctrl Pts',(0.965403804633826,11.6506912919292,25.5350877192983));
#8226=CARTESIAN_POINT('Ctrl Pts',(-4.69606884198313,10.7059585987053,26.1578947368421));
#8227=CARTESIAN_POINT('Ctrl Pts',(-9.22554236539947,7.18052784620024,26.780701754386));
#8228=CARTESIAN_POINT('Ctrl Pts',(-11.5311758600414,1.92421292237543,27.4035087719298));
#8229=CARTESIAN_POINT('Ctrl Pts',(-11.0571906135051,-3.7959383322772,28.0263157894737));
#8230=CARTESIAN_POINT('Ctrl Pts',(-7.91784195328771,-8.60106917124809,28.6491228070175));
#8231=CARTESIAN_POINT('Ctrl Pts',(-2.86987771473099,-11.3328908045709,29.2719298245614));
#8232=CARTESIAN_POINT('Ctrl Pts',(2.86987771473097,-11.3328908045709,29.8947368421053));
#8233=CARTESIAN_POINT('Ctrl Pts',(7.9178419532877,-8.60106917124811,30.5175438596491));
#8234=CARTESIAN_POINT('Ctrl Pts',(11.0571906135051,-3.79593833227722,31.140350877193));
#8235=CARTESIAN_POINT('Ctrl Pts',(11.5311758600414,1.92421292237543,31.7631578947368));
#8236=CARTESIAN_POINT('Ctrl Pts',(9.22554236539946,7.18052784620024,32.3859649122807));
#8237=CARTESIAN_POINT('Ctrl Pts',(4.69606884198312,10.7059585987053,33.0087719298246));
#8238=CARTESIAN_POINT('Ctrl Pts',(-0.965403804633836,11.6506912919292,33.6315789473684));
#8239=CARTESIAN_POINT('Ctrl Pts',(-6.39416345296379,9.78699575061824,34.2543859649123));
#8240=CARTESIAN_POINT('Ctrl Pts',(-10.2815940309772,5.56412043974715,34.8771929824561));
#8241=CARTESIAN_POINT('Ctrl Pts',(-11.6906206886477,1.33041623682057E-14,
35.5));
#8242=CARTESIAN_POINT('Ctrl Pts',(-10.2815940309772,-5.56412043974715,36.1228070175438));
#8243=CARTESIAN_POINT('Ctrl Pts',(-6.3941634529638,-9.78699575061824,36.7456140350877));
#8244=CARTESIAN_POINT('Ctrl Pts',(-0.965403804633814,-11.6506912919292,
37.3684210526316));
#8245=CARTESIAN_POINT('Ctrl Pts',(4.69606884198313,-10.7059585987053,37.9912280701754));
#8246=CARTESIAN_POINT('Ctrl Pts',(9.22554236539946,-7.18052784620025,38.6140350877193));
#8247=CARTESIAN_POINT('Ctrl Pts',(11.5311758600414,-1.92421292237543,39.2368421052631));
#8248=CARTESIAN_POINT('Ctrl Pts',(11.0571906135051,3.79593833227719,39.859649122807));
#8249=CARTESIAN_POINT('Ctrl Pts',(7.91784195328771,8.60106917124811,40.4824561403509));
#8250=CARTESIAN_POINT('Ctrl Pts',(2.86987771473096,11.3328908045709,41.1052631578947));
#8251=CARTESIAN_POINT('Ctrl Pts',(-2.86987771473103,11.3328908045709,41.7280701754386));
#8252=CARTESIAN_POINT('Ctrl Pts',(-7.91784195328771,8.60106917124807,42.3508771929825));
#8253=CARTESIAN_POINT('Ctrl Pts',(-11.0571906135052,3.7959383322772,42.9736842105263));
#8254=CARTESIAN_POINT('Ctrl Pts',(-11.5311758600414,-1.92421292237545,43.5964912280702));
#8255=CARTESIAN_POINT('Ctrl Pts',(-9.22554236539944,-7.18052784620026,44.2192982456141));
#8256=CARTESIAN_POINT('Ctrl Pts',(-4.69606884198312,-10.7059585987053,44.8421052631579));
#8257=CARTESIAN_POINT('Ctrl Pts',(0.965403804633813,-11.6506912919292,45.4649122807018));
#8258=CARTESIAN_POINT('Ctrl Pts',(6.39416345296379,-9.78699575061826,46.0877192982456));
#8259=CARTESIAN_POINT('Ctrl Pts',(10.2815940309772,-5.56412043974713,46.7105263157895));
#8260=CARTESIAN_POINT('Ctrl Pts',(11.6906206886477,-2.53988554302108E-14,
47.3333333333333));
#8261=CARTESIAN_POINT('Ctrl Pts',(10.2815940309772,5.56412043974712,47.9561403508772));
#8262=CARTESIAN_POINT('Ctrl Pts',(6.39416345296381,9.78699575061822,48.578947368421));
#8263=CARTESIAN_POINT('Ctrl Pts',(0.965403804633865,11.6506912919293,49.2017543859649));
#8264=CARTESIAN_POINT('Ctrl Pts',(-4.69606884198312,10.7059585987053,49.8245614035088));
#8265=CARTESIAN_POINT('Ctrl Pts',(-9.22554236539936,7.18052784620036,50.4473684210527));
#8266=CARTESIAN_POINT('Ctrl Pts',(-11.5311758600415,1.92421292237536,51.0701754385964));
#8267=CARTESIAN_POINT('Ctrl Pts',(-11.0571906135049,-3.79593833227695,51.6929824561404));
#8268=CARTESIAN_POINT('Ctrl Pts',(-7.91784195328827,-8.6010691712486,52.3157894736842));
#8269=CARTESIAN_POINT('Ctrl Pts',(-2.86987771472978,-11.33289080457,52.9385964912281));
#8270=CARTESIAN_POINT('Ctrl Pts',(2.86987771472864,-11.3328908045728,53.561403508772));
#8271=CARTESIAN_POINT('Ctrl Pts',(7.91784195329248,-8.60106917124418,54.1842105263158));
#8272=CARTESIAN_POINT('Ctrl Pts',(11.0571906134955,-3.79593833228512,54.8070175438596));
#8273=CARTESIAN_POINT('Ctrl Pts',(11.5311758600609,1.9242129223915,55.4298245614035));
#8274=CARTESIAN_POINT('Ctrl Pts',(9.22554236535994,7.18052784616778,56.0526315789474));
#8275=CARTESIAN_POINT('Ctrl Pts',(4.69606884206308,10.705958598771,56.6754385964912));
#8276=CARTESIAN_POINT('Ctrl Pts',(-0.965403804795574,11.6506912917964,57.2982456140351));
#8277=CARTESIAN_POINT('Ctrl Pts',(-6.3941634526365,9.78699575088708,57.921052631579));
#8278=CARTESIAN_POINT('Ctrl Pts',(-10.2815940316394,5.56412043920319,58.5438596491228));
#8279=CARTESIAN_POINT('Ctrl Pts',(-11.6906206873077,1.10072833981864E-9,
59.1666666666667));
#8280=CARTESIAN_POINT('Ctrl Pts',(-10.2815940336887,-5.56412044197433,59.7894736842105));
#8281=CARTESIAN_POINT('Ctrl Pts',(-6.39416344747714,-9.78699574611159,60.4122807017544));
#8282=CARTESIAN_POINT('Ctrl Pts',(-0.965403815735899,-11.6506913010483,
61.0350877192982));
#8283=CARTESIAN_POINT('Ctrl Pts',(4.69606886444757,-10.7059585802534,61.6578947368422));
#8284=CARTESIAN_POINT('Ctrl Pts',(9.22554231994348,-7.18052788353701,62.2807017543859));
#8285=CARTESIAN_POINT('Ctrl Pts',(11.5311759520196,-1.92421284682617,62.9035087719299));
#8286=CARTESIAN_POINT('Ctrl Pts',(11.0571904273911,3.79593817940645,63.5263157894736));
#8287=CARTESIAN_POINT('Ctrl Pts',(7.91784232988153,8.60106948057569,64.1491228070176));
#8288=CARTESIAN_POINT('Ctrl Pts',(2.86987695270919,11.3328901786596,64.7719298245614));
#8289=CARTESIAN_POINT('Ctrl Pts',(-2.86987617281203,11.332892071076,65.3947368421053));
#8290=CARTESIAN_POINT('Ctrl Pts',(-7.91784507329594,8.60106660852827,66.0175438596492));
#8291=CARTESIAN_POINT('Ctrl Pts',(-11.0571843002973,3.79594351783368,66.640350877193));
#8292=CARTESIAN_POINT('Ctrl Pts',(-11.5311886345913,-1.92422341514447,67.2631578947368));
#8293=CARTESIAN_POINT('Ctrl Pts',(-9.2255165160658,-7.18050661431947,67.8859649122807));
#8294=CARTESIAN_POINT('Ctrl Pts',(-4.69612115609087,-10.706001563603,68.5087719298245));
#8295=CARTESIAN_POINT('Ctrl Pts',(0.96550977571891,-11.6506043101575,69.1315789473685));
#8296=CARTESIAN_POINT('Ctrl Pts',(6.39394677037981,-9.78717245108314,69.7543859649122));
#8297=CARTESIAN_POINT('Ctrl Pts',(10.2820499796524,-5.56375386372384,70.3771929824562));
#8298=CARTESIAN_POINT('Ctrl Pts',(11.22,-1.85519313543569,70.7923976608187));
#8299=CARTESIAN_POINT('Ctrl Pts',(11.22,-2.47329667555799E-14,71.));
#8300=CARTESIAN_POINT('Ctrl Pts',(11.22,0.,-0.215423496246157));
#8301=CARTESIAN_POINT('Ctrl Pts',(11.22,1.85551710079062,-0.0078211570648707));
#8302=CARTESIAN_POINT('Ctrl Pts',(10.2821089319001,5.56359116861312,0.407383521297703));
#8303=CARTESIAN_POINT('Ctrl Pts',(6.39396112513302,9.78729564514338,1.03019053884156));
#8304=CARTESIAN_POINT('Ctrl Pts',(0.965518127667334,11.6506057241018,1.65299755638542));
#8305=CARTESIAN_POINT('Ctrl Pts',(-4.69614112826537,10.7060626834384,2.27580457392928));
#8306=CARTESIAN_POINT('Ctrl Pts',(-9.2255500160782,7.18052325521724,2.89861159147314));
#8307=CARTESIAN_POINT('Ctrl Pts',(-11.5312325173772,1.92423574804999,3.521418609017));
#8308=CARTESIAN_POINT('Ctrl Pts',(-11.0572255515036,-3.79596029905473,4.14422562656086));
#8309=CARTESIAN_POINT('Ctrl Pts',(-7.91787495322914,-8.60109766876569,4.76703264410472));
#8310=CARTESIAN_POINT('Ctrl Pts',(-2.86988688381323,-11.3329352556077,5.38983966164858));
#8311=CARTESIAN_POINT('Ctrl Pts',(2.86988769848951,-11.3329324424433,6.01264667919244));
#8312=CARTESIAN_POINT('Ctrl Pts',(7.91787208747368,-8.60110193819677,6.6354536967363));
#8313=CARTESIAN_POINT('Ctrl Pts',(11.0572319518318,-3.79595236323551,7.25826071428016));
#8314=CARTESIAN_POINT('Ctrl Pts',(11.5312192692331,1.92422003774797,7.88106773182402));
#8315=CARTESIAN_POINT('Ctrl Pts',(9.22557697066584,7.18055487302049,8.50387474936788));
#8316=CARTESIAN_POINT('Ctrl Pts',(4.69608650470469,10.7059987847272,9.12668176691174));
#8317=CARTESIAN_POINT('Ctrl Pts',(-0.965407442456362,11.6507350675177,9.7494887844556));
#8318=CARTESIAN_POINT('Ctrl Pts',(-6.39418746482785,9.78703250558535,10.3722958019995));
#8319=CARTESIAN_POINT('Ctrl Pts',(-10.2816326532737,5.56414134286677,10.9951028195433));
#8320=CARTESIAN_POINT('Ctrl Pts',(-11.6906645992623,-1.63622510828233E-9,
11.6179098370872));
#8321=CARTESIAN_POINT('Ctrl Pts',(-10.281632651133,-5.56414133874729,12.240716854631));
#8322=CARTESIAN_POINT('Ctrl Pts',(-6.39418747021731,-9.78703251268432,12.8635238721749));
#8323=CARTESIAN_POINT('Ctrl Pts',(-0.965407431028207,-11.6507350537644,
13.4863308897188));
#8324=CARTESIAN_POINT('Ctrl Pts',(4.6960864813219,-10.7059988122544,14.1091379072626));
#8325=CARTESIAN_POINT('Ctrl Pts',(9.2255770181076,-7.18055481746951,14.7319449248065));
#8326=CARTESIAN_POINT('Ctrl Pts',(11.5312191731735,-1.92422015007929,15.3547519423503));
#8327=CARTESIAN_POINT('Ctrl Pts',(11.0572321462354,3.79595259049675,15.9775589598942));
#8328=CARTESIAN_POINT('Ctrl Pts',(7.91787169409083,8.60110147836123,16.600365977438));
#8329=CARTESIAN_POINT('Ctrl Pts',(2.86988849449077,11.3329333728922,17.2231729949819));
#8330=CARTESIAN_POINT('Ctrl Pts',(-2.86988849449201,11.3329333728879,17.8459800125258));
#8331=CARTESIAN_POINT('Ctrl Pts',(-7.91787169408645,8.60110147836777,18.4687870300696));
#8332=CARTESIAN_POINT('Ctrl Pts',(-11.0572321462452,3.79595259048461,19.0915940476135));
#8333=CARTESIAN_POINT('Ctrl Pts',(-11.5312191731533,-1.92422015005529,19.7144010651574));
#8334=CARTESIAN_POINT('Ctrl Pts',(-9.2255770181488,-7.18055481751783,20.3372080827012));
#8335=CARTESIAN_POINT('Ctrl Pts',(-4.69608648123842,-10.7059988121568,20.9600151002451));
#8336=CARTESIAN_POINT('Ctrl Pts',(0.965407430859259,-11.6507350539619,21.5828221177889));
#8337=CARTESIAN_POINT('Ctrl Pts',(6.39418747055919,-9.7870325122847,22.2056291353328));
#8338=CARTESIAN_POINT('Ctrl Pts',(10.2816326504412,-5.56414133955593,22.8284361528767));
#8339=CARTESIAN_POINT('Ctrl Pts',(11.6906646006621,-9.67575444960413E-15,
23.4512431704205));
#8340=CARTESIAN_POINT('Ctrl Pts',(10.2816326504412,5.56414133955591,24.0740501879644));
#8341=CARTESIAN_POINT('Ctrl Pts',(6.3941874705592,9.78703251228471,24.6968572055082));
#8342=CARTESIAN_POINT('Ctrl Pts',(0.96540743085924,11.6507350539619,25.3196642230521));
#8343=CARTESIAN_POINT('Ctrl Pts',(-4.69608648123842,10.7059988121569,25.942471240596));
#8344=CARTESIAN_POINT('Ctrl Pts',(-9.22557701814887,7.18055481751772,26.5652782581398));
#8345=CARTESIAN_POINT('Ctrl Pts',(-11.5312191731531,1.92422015005546,27.1880852756837));
#8346=CARTESIAN_POINT('Ctrl Pts',(-11.0572321462455,-3.79595259048497,27.8108922932275));
#8347=CARTESIAN_POINT('Ctrl Pts',(-7.91787169408585,-8.60110147836705,28.4336993107714));
#8348=CARTESIAN_POINT('Ctrl Pts',(-2.86988849449323,-11.3329333728894,29.0565063283152));
#8349=CARTESIAN_POINT('Ctrl Pts',(2.86988849449321,-11.3329333728894,29.6793133458591));
#8350=CARTESIAN_POINT('Ctrl Pts',(7.91787169408583,-8.60110147836707,30.302120363403));
#8351=CARTESIAN_POINT('Ctrl Pts',(11.0572321462455,-3.79595259048499,30.9249273809468));
#8352=CARTESIAN_POINT('Ctrl Pts',(11.5312191731532,1.92422015005544,31.5477343984907));
#8353=CARTESIAN_POINT('Ctrl Pts',(9.22557701814887,7.18055481751774,32.1705414160345));
#8354=CARTESIAN_POINT('Ctrl Pts',(4.6960864812384,10.7059988121569,32.7933484335784));
#8355=CARTESIAN_POINT('Ctrl Pts',(-0.965407430859243,11.6507350539619,33.4161554511223));
#8356=CARTESIAN_POINT('Ctrl Pts',(-6.39418747055919,9.7870325122847,34.0389624686661));
#8357=CARTESIAN_POINT('Ctrl Pts',(-10.2816326504412,5.56414133955593,34.6617694862099));
#8358=CARTESIAN_POINT('Ctrl Pts',(-11.6906646006621,1.20946930620052E-14,
35.2845765037539));
#8359=CARTESIAN_POINT('Ctrl Pts',(-10.2816326504412,-5.56414133955592,35.9073835212977));
#8360=CARTESIAN_POINT('Ctrl Pts',(-6.39418747055919,-9.78703251228471,36.5301905388416));
#8361=CARTESIAN_POINT('Ctrl Pts',(-0.965407430859229,-11.6507350539619,
37.1529975563854));
#8362=CARTESIAN_POINT('Ctrl Pts',(4.69608648123841,-10.7059988121568,37.7758045739293));
#8363=CARTESIAN_POINT('Ctrl Pts',(9.22557701814887,-7.18055481751774,38.3986115914731));
#8364=CARTESIAN_POINT('Ctrl Pts',(11.5312191731531,-1.92422015005545,39.021418609017));
#8365=CARTESIAN_POINT('Ctrl Pts',(11.0572321462455,3.79595259048496,39.6442256265609));
#8366=CARTESIAN_POINT('Ctrl Pts',(7.91787169408584,8.60110147836707,40.2670326441047));
#8367=CARTESIAN_POINT('Ctrl Pts',(2.8698884944932,11.3329333728894,40.8898396616486));
#8368=CARTESIAN_POINT('Ctrl Pts',(-2.86988849449327,11.3329333728893,41.5126466791925));
#8369=CARTESIAN_POINT('Ctrl Pts',(-7.91787169408585,8.60110147836705,42.1354536967363));
#8370=CARTESIAN_POINT('Ctrl Pts',(-11.0572321462455,3.79595259048496,42.7582607142802));
#8371=CARTESIAN_POINT('Ctrl Pts',(-11.5312191731531,-1.92422015005547,43.381067731824));
#8372=CARTESIAN_POINT('Ctrl Pts',(-9.22557701814885,-7.18055481751776,44.0038747493679));
#8373=CARTESIAN_POINT('Ctrl Pts',(-4.6960864812384,-10.7059988121568,44.6266817669117));
#8374=CARTESIAN_POINT('Ctrl Pts',(0.96540743085923,-11.6507350539619,45.2494887844556));
#8375=CARTESIAN_POINT('Ctrl Pts',(6.39418747055918,-9.78703251228471,45.8722958019994));
#8376=CARTESIAN_POINT('Ctrl Pts',(10.2816326504412,-5.56414133955592,46.4951028195433));
#8377=CARTESIAN_POINT('Ctrl Pts',(11.6906646006621,-2.41893861240103E-14,
47.1179098370872));
#8378=CARTESIAN_POINT('Ctrl Pts',(10.2816326504412,5.56414133955591,47.7407168546311));
#8379=CARTESIAN_POINT('Ctrl Pts',(6.3941874705592,9.78703251228468,48.3635238721749));
#8380=CARTESIAN_POINT('Ctrl Pts',(0.965407430859278,11.6507350539619,48.9863308897188));
#8381=CARTESIAN_POINT('Ctrl Pts',(-4.6960864812384,10.7059988121568,49.6091379072626));
#8382=CARTESIAN_POINT('Ctrl Pts',(-9.22557701814877,7.18055481751787,50.2319449248065));
#8383=CARTESIAN_POINT('Ctrl Pts',(-11.5312191731533,1.92422015005533,50.8547519423503));
#8384=CARTESIAN_POINT('Ctrl Pts',(-11.0572321462452,-3.79595259048461,51.4775589598942));
#8385=CARTESIAN_POINT('Ctrl Pts',(-7.91787169408643,-8.60110147836779,52.100365977438));
#8386=CARTESIAN_POINT('Ctrl Pts',(-2.86988849449198,-11.3329333728879,52.723172994982));
#8387=CARTESIAN_POINT('Ctrl Pts',(2.86988849449078,-11.3329333728922,53.3459800125258));
#8388=CARTESIAN_POINT('Ctrl Pts',(7.91787169409083,-8.60110147836124,53.9687870300696));
#8389=CARTESIAN_POINT('Ctrl Pts',(11.0572321462354,-3.79595259049674,54.5915940476135));
#8390=CARTESIAN_POINT('Ctrl Pts',(11.5312191731735,1.92422015007932,55.2144010651574));
#8391=CARTESIAN_POINT('Ctrl Pts',(9.22557701810759,7.1805548174695,55.8372080827012));
#8392=CARTESIAN_POINT('Ctrl Pts',(4.69608648132192,10.7059988122544,56.4600151002451));
#8393=CARTESIAN_POINT('Ctrl Pts',(-0.965407431028199,11.6507350537644,57.0828221177889));
#8394=CARTESIAN_POINT('Ctrl Pts',(-6.39418747021731,9.78703251268432,57.7056291353328));
#8395=CARTESIAN_POINT('Ctrl Pts',(-10.281632651133,5.56414133874731,58.3284361528767));
#8396=CARTESIAN_POINT('Ctrl Pts',(-11.6906645992623,1.63625836868742E-9,
58.9512431704205));
#8397=CARTESIAN_POINT('Ctrl Pts',(-10.2816326532737,-5.56414134286674,59.5740501879644));
#8398=CARTESIAN_POINT('Ctrl Pts',(-6.39418746482786,-9.78703250558535,60.1968572055082));
#8399=CARTESIAN_POINT('Ctrl Pts',(-0.9654074424564,-11.6507350675177,60.8196642230521));
#8400=CARTESIAN_POINT('Ctrl Pts',(4.69608650470464,-10.7059987847272,61.4424712405959));
#8401=CARTESIAN_POINT('Ctrl Pts',(9.22557697066582,-7.18055487302054,62.0652782581398));
#8402=CARTESIAN_POINT('Ctrl Pts',(11.5312192692331,-1.92422003774798,62.6880852756837));
#8403=CARTESIAN_POINT('Ctrl Pts',(11.0572319518318,3.79595236323553,63.3108922932275));
#8404=CARTESIAN_POINT('Ctrl Pts',(7.91787208747366,8.60110193819681,63.9336993107714));
#8405=CARTESIAN_POINT('Ctrl Pts',(2.86988769848949,11.3329324424433,64.5565063283152));
#8406=CARTESIAN_POINT('Ctrl Pts',(-2.86988688381324,11.3329352556077,65.1793133458591));
#8407=CARTESIAN_POINT('Ctrl Pts',(-7.91787495322914,8.60109766876568,65.802120363403));
#8408=CARTESIAN_POINT('Ctrl Pts',(-11.0572255515036,3.79596029905472,66.4249273809469));
#8409=CARTESIAN_POINT('Ctrl Pts',(-11.5312325173772,-1.92423574804999,67.0477343984907));
#8410=CARTESIAN_POINT('Ctrl Pts',(-9.22555001607822,-7.18052325521722,67.6705414160346));
#8411=CARTESIAN_POINT('Ctrl Pts',(-4.69614112826538,-10.7060626834384,68.2933484335784));
#8412=CARTESIAN_POINT('Ctrl Pts',(0.965518127667336,-11.6506057241018,68.9161554511222));
#8413=CARTESIAN_POINT('Ctrl Pts',(6.393961125133,-9.78729564514339,69.5389624686662));
#8414=CARTESIAN_POINT('Ctrl Pts',(10.2821089319001,-5.56359116861315,70.1617694862099));
#8415=CARTESIAN_POINT('Ctrl Pts',(11.22,-1.85551710079066,70.5769741645726));
#8416=CARTESIAN_POINT('Ctrl Pts',(11.22,-2.47329667555799E-14,70.7845765037539));
#8417=CARTESIAN_POINT('Ctrl Pts',(11.0137452462434,0.,-0.644903656650399));
#8418=CARTESIAN_POINT('Ctrl Pts',(11.0137452462434,1.82101256397751,-0.437301317469112));
#8419=CARTESIAN_POINT('Ctrl Pts',(10.09302334523,5.4615152737291,-0.0220966391065398));
#8420=CARTESIAN_POINT('Ctrl Pts',(6.27640486460949,9.60722777660903,0.600710378437321));
#8421=CARTESIAN_POINT('Ctrl Pts',(0.947759040853474,11.4364335176156,1.22351739598118));
#8422=CARTESIAN_POINT('Ctrl Pts',(-4.60978866470503,10.5091810069181,1.84632441352504));
#8423=CARTESIAN_POINT('Ctrl Pts',(-9.0559179474625,7.04850501147242,2.4691314310689));
#8424=CARTESIAN_POINT('Ctrl Pts',(-11.31920294363,1.88884791576636,3.09193844861276));
#8425=CARTESIAN_POINT('Ctrl Pts',(-10.8539127503667,-3.72615954903061,3.71474546615661));
#8426=CARTESIAN_POINT('Ctrl Pts',(-7.77228599681605,-8.44294774275264,4.33755248370048));
#8427=CARTESIAN_POINT('Ctrl Pts',(-2.81711733536872,-11.1245517874449,4.96035950124433));
#8428=CARTESIAN_POINT('Ctrl Pts',(2.81711809266612,-11.1245501485755,5.58316651878821));
#8429=CARTESIAN_POINT('Ctrl Pts',(7.77228333290007,-8.44295023000147,6.20597353633205));
#8430=CARTESIAN_POINT('Ctrl Pts',(10.8539186999101,-3.72615492584898,6.82878055387592));
#8431=CARTESIAN_POINT('Ctrl Pts',(11.3191906285726,1.8888387633994,7.45158757141977));
#8432=CARTESIAN_POINT('Ctrl Pts',(9.05594300359783,7.04852343099744,8.07439458896364));
#8433=CARTESIAN_POINT('Ctrl Pts',(4.6097378883642,10.5091437829717,8.69720160650749));
#8434=CARTESIAN_POINT('Ctrl Pts',(-0.947656151369042,11.4365088468985,9.32000862405136));
#8435=CARTESIAN_POINT('Ctrl Pts',(-6.27661526285786,9.607074855831,9.94281564159522));
#8436=CARTESIAN_POINT('Ctrl Pts',(-10.0925806116263,5.46183149295088,10.5656226591391));
#8437=CARTESIAN_POINT('Ctrl Pts',(-11.4757041856038,-9.53213601684422E-10,
11.1884296766829));
#8438=CARTESIAN_POINT('Ctrl Pts',(-10.0925806096364,-5.46183149055099,11.8112366942268));
#8439=CARTESIAN_POINT('Ctrl Pts',(-6.27661526786774,-9.60707485996665,12.4340437117707));
#8440=CARTESIAN_POINT('Ctrl Pts',(-0.947656140745779,-11.4365088388862,
13.0568507293145));
#8441=CARTESIAN_POINT('Ctrl Pts',(4.60973786662829,-10.5091437990083,13.6796577468584));
#8442=CARTESIAN_POINT('Ctrl Pts',(9.05594304769821,-7.04852339863502,14.3024647644022));
#8443=CARTESIAN_POINT('Ctrl Pts',(11.3191905392787,-1.88883882884042,14.9252717819461));
#8444=CARTESIAN_POINT('Ctrl Pts',(10.8539188806216,3.72615505824489,15.5480787994899));
#8445=CARTESIAN_POINT('Ctrl Pts',(7.77228296722376,8.44294996211442,16.1708858170338));
#8446=CARTESIAN_POINT('Ctrl Pts',(2.81711883260381,11.1245506906285,16.7936928345777));
#8447=CARTESIAN_POINT('Ctrl Pts',(-2.81711883260496,11.124550690626,17.4164998521215));
#8448=CARTESIAN_POINT('Ctrl Pts',(-7.77228296721971,8.44294996211821,18.0393068696654));
#8449=CARTESIAN_POINT('Ctrl Pts',(-10.8539188806307,3.72615505823782,18.6621138872093));
#8450=CARTESIAN_POINT('Ctrl Pts',(-11.3191905392599,-1.88883882882644,19.2849209047531));
#8451=CARTESIAN_POINT('Ctrl Pts',(-9.05594304773648,-7.04852339866318,19.9077279222969));
#8452=CARTESIAN_POINT('Ctrl Pts',(-4.60973786655071,-10.5091437989514,20.5305349398409));
#8453=CARTESIAN_POINT('Ctrl Pts',(0.947656140588745,-11.4365088390013,21.1533419573847));
#8454=CARTESIAN_POINT('Ctrl Pts',(6.27661526818552,-9.60707485973383,21.7761489749286));
#8455=CARTESIAN_POINT('Ctrl Pts',(10.0925806089934,-5.46183149102208,22.3989559924724));
#8456=CARTESIAN_POINT('Ctrl Pts',(11.475704186905,-9.67575444960413E-15,
23.0217630100163));
#8457=CARTESIAN_POINT('Ctrl Pts',(10.0925806089934,5.46183149102207,23.6445700275602));
#8458=CARTESIAN_POINT('Ctrl Pts',(6.27661526818553,9.60707485973384,24.2673770451039));
#8459=CARTESIAN_POINT('Ctrl Pts',(0.94765614058872,11.4365088390013,24.8901840626479));
#8460=CARTESIAN_POINT('Ctrl Pts',(-4.6097378665507,10.5091437989514,25.5129910801917));
#8461=CARTESIAN_POINT('Ctrl Pts',(-9.05594304773656,7.0485233986631,26.1357980977356));
#8462=CARTESIAN_POINT('Ctrl Pts',(-11.3191905392597,1.88883882882654,26.7586051152794));
#8463=CARTESIAN_POINT('Ctrl Pts',(-10.8539188806309,-3.72615505823803,27.3814121328233));
#8464=CARTESIAN_POINT('Ctrl Pts',(-7.77228296721913,-8.4429499621178,28.0042191503671));
#8465=CARTESIAN_POINT('Ctrl Pts',(-2.81711883260611,-11.1245506906268,28.627026167911));
#8466=CARTESIAN_POINT('Ctrl Pts',(2.81711883260608,-11.1245506906268,29.2498331854549));
#8467=CARTESIAN_POINT('Ctrl Pts',(7.77228296721912,-8.44294996211782,29.8726402029987));
#8468=CARTESIAN_POINT('Ctrl Pts',(10.8539188806309,-3.72615505823805,30.4954472205426));
#8469=CARTESIAN_POINT('Ctrl Pts',(11.3191905392597,1.88883882882652,31.1182542380864));
#8470=CARTESIAN_POINT('Ctrl Pts',(9.05594304773656,7.04852339866312,31.7410612556303));
#8471=CARTESIAN_POINT('Ctrl Pts',(4.60973786655068,10.5091437989514,32.3638682731742));
#8472=CARTESIAN_POINT('Ctrl Pts',(-0.947656140588729,11.4365088390013,32.986675290718));
#8473=CARTESIAN_POINT('Ctrl Pts',(-6.27661526818552,9.60707485973384,33.6094823082619));
#8474=CARTESIAN_POINT('Ctrl Pts',(-10.0925806089934,5.46183149102209,34.2322893258057));
#8475=CARTESIAN_POINT('Ctrl Pts',(-11.475704186905,1.3908897021306E-14,
34.8550963433496));
#8476=CARTESIAN_POINT('Ctrl Pts',(-10.0925806089934,-5.46183149102208,35.4779033608935));
#8477=CARTESIAN_POINT('Ctrl Pts',(-6.27661526818553,-9.60707485973384,36.1007103784373));
#8478=CARTESIAN_POINT('Ctrl Pts',(-0.947656140588704,-11.4365088390013,
36.7235173959812));
#8479=CARTESIAN_POINT('Ctrl Pts',(4.60973786655068,-10.5091437989514,37.346324413525));
#8480=CARTESIAN_POINT('Ctrl Pts',(9.05594304773657,-7.04852339866311,37.9691314310689));
#8481=CARTESIAN_POINT('Ctrl Pts',(11.3191905392597,-1.88883882882654,38.5919384486127));
#8482=CARTESIAN_POINT('Ctrl Pts',(10.8539188806309,3.72615505823803,39.2147454661566));
#8483=CARTESIAN_POINT('Ctrl Pts',(7.77228296721914,8.4429499621178,39.8375524837004));
#8484=CARTESIAN_POINT('Ctrl Pts',(2.81711883260606,11.1245506906268,40.4603595012443));
#8485=CARTESIAN_POINT('Ctrl Pts',(-2.81711883260613,11.1245506906268,41.0831665187882));
#8486=CARTESIAN_POINT('Ctrl Pts',(-7.77228296721915,8.44294996211779,41.705973536332));
#8487=CARTESIAN_POINT('Ctrl Pts',(-10.8539188806309,3.72615505823803,42.3287805538759));
#8488=CARTESIAN_POINT('Ctrl Pts',(-11.3191905392597,-1.88883882882655,42.9515875714198));
#8489=CARTESIAN_POINT('Ctrl Pts',(-9.05594304773656,-7.04852339866313,43.5743945889636));
#8490=CARTESIAN_POINT('Ctrl Pts',(-4.60973786655067,-10.5091437989514,44.1972016065075));
#8491=CARTESIAN_POINT('Ctrl Pts',(0.947656140588703,-11.4365088390013,44.8200086240514));
#8492=CARTESIAN_POINT('Ctrl Pts',(6.27661526818553,-9.60707485973385,45.4428156415952));
#8493=CARTESIAN_POINT('Ctrl Pts',(10.0925806089934,-5.46183149102207,46.0656226591391));
#8494=CARTESIAN_POINT('Ctrl Pts',(11.475704186905,-2.23751821647095E-14,
46.6884296766829));
#8495=CARTESIAN_POINT('Ctrl Pts',(10.0925806089934,5.46183149102206,47.3112366942268));
#8496=CARTESIAN_POINT('Ctrl Pts',(6.27661526818555,9.60707485973382,47.9340437117706));
#8497=CARTESIAN_POINT('Ctrl Pts',(0.947656140588748,11.4365088390013,48.5568507293146));
#8498=CARTESIAN_POINT('Ctrl Pts',(-4.60973786655067,10.5091437989514,49.1796577468583));
#8499=CARTESIAN_POINT('Ctrl Pts',(-9.05594304773647,7.04852339866322,49.8024647644022));
#8500=CARTESIAN_POINT('Ctrl Pts',(-11.3191905392599,1.88883882882648,50.4252717819461));
#8501=CARTESIAN_POINT('Ctrl Pts',(-10.8539188806307,-3.72615505823782,51.04807879949));
#8502=CARTESIAN_POINT('Ctrl Pts',(-7.77228296721968,-8.44294996211823,51.6708858170338));
#8503=CARTESIAN_POINT('Ctrl Pts',(-2.81711883260492,-11.124550690626,52.2936928345777));
#8504=CARTESIAN_POINT('Ctrl Pts',(2.81711883260382,-11.1245506906285,52.9164998521215));
#8505=CARTESIAN_POINT('Ctrl Pts',(7.77228296722377,-8.44294996211442,53.5393068696654));
#8506=CARTESIAN_POINT('Ctrl Pts',(10.8539188806216,-3.72615505824488,54.1621138872092));
#8507=CARTESIAN_POINT('Ctrl Pts',(11.3191905392787,1.88883882884044,54.7849209047532));
#8508=CARTESIAN_POINT('Ctrl Pts',(9.0559430476982,7.04852339863501,55.4077279222969));
#8509=CARTESIAN_POINT('Ctrl Pts',(4.60973786662831,10.5091437990083,56.0305349398408));
#8510=CARTESIAN_POINT('Ctrl Pts',(-0.94765614074577,11.4365088388862,56.6533419573847));
#8511=CARTESIAN_POINT('Ctrl Pts',(-6.27661526786774,9.60707485996666,57.2761489749286));
#8512=CARTESIAN_POINT('Ctrl Pts',(-10.0925806096364,5.461831490551,57.8989559924723));
#8513=CARTESIAN_POINT('Ctrl Pts',(-11.4757041856038,9.53258352048268E-10,
58.5217630100163));
#8514=CARTESIAN_POINT('Ctrl Pts',(-10.0925806116263,-5.46183149295086,59.1445700275601));
#8515=CARTESIAN_POINT('Ctrl Pts',(-6.27661526285788,-9.60707485583099,59.767377045104));
#8516=CARTESIAN_POINT('Ctrl Pts',(-0.947656151369072,-11.4365088468985,
60.3901840626478));
#8517=CARTESIAN_POINT('Ctrl Pts',(4.60973788836415,-10.5091437829717,61.0129910801917));
#8518=CARTESIAN_POINT('Ctrl Pts',(9.05594300359781,-7.04852343099747,61.6357980977356));
#8519=CARTESIAN_POINT('Ctrl Pts',(11.3191906285726,-1.88883876339941,62.2586051152794));
#8520=CARTESIAN_POINT('Ctrl Pts',(10.8539186999101,3.726154925849,62.8814121328233));
#8521=CARTESIAN_POINT('Ctrl Pts',(7.77228333290005,8.4429502300015,63.5042191503671));
#8522=CARTESIAN_POINT('Ctrl Pts',(2.8171180926661,11.1245501485755,64.127026167911));
#8523=CARTESIAN_POINT('Ctrl Pts',(-2.81711733536872,11.1245517874449,64.7498331854549));
#8524=CARTESIAN_POINT('Ctrl Pts',(-7.77228599681606,8.44294774275263,65.3726402029987));
#8525=CARTESIAN_POINT('Ctrl Pts',(-10.8539127503667,3.72615954903059,65.9954472205426));
#8526=CARTESIAN_POINT('Ctrl Pts',(-11.31920294363,-1.88884791576636,66.6182542380864));
#8527=CARTESIAN_POINT('Ctrl Pts',(-9.05591794746251,-7.0485050114724,67.2410612556304));
#8528=CARTESIAN_POINT('Ctrl Pts',(-4.60978866470504,-10.5091810069181,67.8638682731741));
#8529=CARTESIAN_POINT('Ctrl Pts',(0.947759040853477,-11.4364335176156,68.4866752907181));
#8530=CARTESIAN_POINT('Ctrl Pts',(6.27640486460947,-9.60722777660904,69.1094823082618));
#8531=CARTESIAN_POINT('Ctrl Pts',(10.0930233452299,-5.46151527372912,69.7322893258058));
#8532=CARTESIAN_POINT('Ctrl Pts',(11.0137452462434,-1.82101256397755,70.1474940041683));
#8533=CARTESIAN_POINT('Ctrl Pts',(11.0137452462434,-2.42783061523854E-14,
70.3550963433496));
#8534=CARTESIAN_POINT('Ctrl Pts',(10.3169415296799,0.,-0.802789122395594));
#8535=CARTESIAN_POINT('Ctrl Pts',(10.3169415296799,1.70586731838024,-0.595186783214307));
#8536=CARTESIAN_POINT('Ctrl Pts',(9.45448239480181,5.11595074748635,-0.179982104851735));
#8537=CARTESIAN_POINT('Ctrl Pts',(5.87932006094985,8.99943427219222,0.442824912692125));
#8538=CARTESIAN_POINT('Ctrl Pts',(0.887799076569267,10.7128879741677,1.06563193023598));
#8539=CARTESIAN_POINT('Ctrl Pts',(-4.31814634325879,9.84431154949276,1.68843894777984));
#8540=CARTESIAN_POINT('Ctrl Pts',(-8.48298622095183,6.60257240497752,2.3112459653237));
#8541=CARTESIAN_POINT('Ctrl Pts',(-10.603082622002,1.76934911960392,2.93405298286757));
#8542=CARTESIAN_POINT('Ctrl Pts',(-10.1672292985985,-3.49042092476515,3.55686000041142));
#8543=CARTESIAN_POINT('Ctrl Pts',(-7.28056475623947,-7.90879615650294,4.17966701795528));
#8544=CARTESIAN_POINT('Ctrl Pts',(-2.63888964079477,-10.420746270656,4.80247403549914));
#8545=CARTESIAN_POINT('Ctrl Pts',(2.63889035708076,-10.4207445527921,5.425281053043));
#8546=CARTESIAN_POINT('Ctrl Pts',(7.28056223658775,-7.90879876363875,6.04808807058686));
#8547=CARTESIAN_POINT('Ctrl Pts',(10.1672349259447,-3.49041607874314,6.67089508813072));
#8548=CARTESIAN_POINT('Ctrl Pts',(10.6030709738661,1.76933952608515,7.29370210567458));
#8549=CARTESIAN_POINT('Ctrl Pts',(8.48300992017317,6.60259171236427,7.91650912321844));
#8550=CARTESIAN_POINT('Ctrl Pts',(4.31809831670865,9.84427253088415,8.5393161407623));
#8551=CARTESIAN_POINT('Ctrl Pts',(-0.887701759060702,10.7129669405401,9.16212315830616));
#8552=CARTESIAN_POINT('Ctrl Pts',(-5.87951906508959,8.99927387721043,9.78493017585002));
#8553=CARTESIAN_POINT('Ctrl Pts',(-9.4540636374186,5.11628338680493,10.4077371933939));
#8554=CARTESIAN_POINT('Ctrl Pts',(-10.7496825469509,-9.99158619321064E-10,
11.0305442109377));
#8555=CARTESIAN_POINT('Ctrl Pts',(-9.45406363553646,-5.11628338428937,11.6533512284816));
#8556=CARTESIAN_POINT('Ctrl Pts',(-5.87951906982815,-8.9992738815454,12.2761582460254));
#8557=CARTESIAN_POINT('Ctrl Pts',(-0.887701749012749,-10.7129669321416,
12.8989652635693));
#8558=CARTESIAN_POINT('Ctrl Pts',(4.31809829614985,-9.8442725476937,13.5217722811132));
#8559=CARTESIAN_POINT('Ctrl Pts',(8.48300996188529,-6.60259167844196,14.144579298657));
#8560=CARTESIAN_POINT('Ctrl Pts',(10.6030708894079,-1.76933959468046,14.7673863162009));
#8561=CARTESIAN_POINT('Ctrl Pts',(10.1672350968697,3.49041621752062,15.3901933337447));
#8562=CARTESIAN_POINT('Ctrl Pts',(7.28056189071463,7.90879848283934,16.0130003512886));
#8563=CARTESIAN_POINT('Ctrl Pts',(2.63889105694715,10.4207451209724,16.6358073688325));
#8564=CARTESIAN_POINT('Ctrl Pts',(-2.63889105694824,10.4207451209698,17.2586143863763));
#8565=CARTESIAN_POINT('Ctrl Pts',(-7.28056189071079,7.90879848284334,17.8814214039202));
#8566=CARTESIAN_POINT('Ctrl Pts',(-10.1672350968783,3.49041621751321,18.504228421464));
#8567=CARTESIAN_POINT('Ctrl Pts',(-10.6030708893901,-1.76933959466581,19.1270354390079));
#8568=CARTESIAN_POINT('Ctrl Pts',(-8.48300996192151,-6.60259167847147,19.7498424565518));
#8569=CARTESIAN_POINT('Ctrl Pts',(-4.31809829607645,-9.84427254763409,20.3726494740956));
#8570=CARTESIAN_POINT('Ctrl Pts',(0.88770174886421,-10.7129669322622,20.9954564916395));
#8571=CARTESIAN_POINT('Ctrl Pts',(5.87951907012873,-8.99927388130138,21.6182635091834));
#8572=CARTESIAN_POINT('Ctrl Pts',(9.45406363492823,-5.11628338478317,22.2410705267272));
#8573=CARTESIAN_POINT('Ctrl Pts',(10.7496825481816,-1.11875910823548E-14,
22.8638775442711));
#8574=CARTESIAN_POINT('Ctrl Pts',(9.45406363492823,5.11628338478316,23.4866845618149));
#8575=CARTESIAN_POINT('Ctrl Pts',(5.87951907012874,8.99927388130138,24.1094915793588));
#8576=CARTESIAN_POINT('Ctrl Pts',(0.887701748864191,10.7129669322622,24.7322985969027));
#8577=CARTESIAN_POINT('Ctrl Pts',(-4.31809829607645,9.8442725476341,25.3551056144465));
#8578=CARTESIAN_POINT('Ctrl Pts',(-8.48300996192158,6.60259167847141,25.9779126319904));
#8579=CARTESIAN_POINT('Ctrl Pts',(-10.6030708893899,1.76933959466591,26.6007196495342));
#8580=CARTESIAN_POINT('Ctrl Pts',(-10.1672350968786,-3.49041621751343,27.2235266670781));
#8581=CARTESIAN_POINT('Ctrl Pts',(-7.28056189071026,-7.90879848284289,27.8463336846219));
#8582=CARTESIAN_POINT('Ctrl Pts',(-2.63889105694932,-10.4207451209706,28.4691407021658));
#8583=CARTESIAN_POINT('Ctrl Pts',(2.6388910569493,-10.4207451209706,29.0919477197096));
#8584=CARTESIAN_POINT('Ctrl Pts',(7.28056189071024,-7.90879848284292,29.7147547372535));
#8585=CARTESIAN_POINT('Ctrl Pts',(10.1672350968786,-3.49041621751344,30.3375617547974));
#8586=CARTESIAN_POINT('Ctrl Pts',(10.6030708893899,1.76933959466589,30.9603687723413));
#8587=CARTESIAN_POINT('Ctrl Pts',(8.48300996192158,6.60259167847142,31.5831757898851));
#8588=CARTESIAN_POINT('Ctrl Pts',(4.31809829607643,9.84427254763411,32.205982807429));
#8589=CARTESIAN_POINT('Ctrl Pts',(-0.887701748864193,10.7129669322622,32.8287898249728));
#8590=CARTESIAN_POINT('Ctrl Pts',(-5.87951907012873,8.99927388130138,33.4515968425167));
#8591=CARTESIAN_POINT('Ctrl Pts',(-9.45406363492821,5.11628338478317,34.0744038600605));
#8592=CARTESIAN_POINT('Ctrl Pts',(-10.7496825481816,1.57231009806067E-14,
34.6972108776044));
#8593=CARTESIAN_POINT('Ctrl Pts',(-9.45406363492822,-5.11628338478317,35.3200178951483));
#8594=CARTESIAN_POINT('Ctrl Pts',(-5.87951907012874,-8.99927388130138,35.9428249126921));
#8595=CARTESIAN_POINT('Ctrl Pts',(-0.887701748864176,-10.7129669322622,
36.565631930236));
#8596=CARTESIAN_POINT('Ctrl Pts',(4.31809829607644,-9.8442725476341,37.1884389477798));
#8597=CARTESIAN_POINT('Ctrl Pts',(8.48300996192158,-6.60259167847141,37.8112459653237));
#8598=CARTESIAN_POINT('Ctrl Pts',(10.6030708893899,-1.76933959466591,38.4340529828676));
#8599=CARTESIAN_POINT('Ctrl Pts',(10.1672350968786,3.49041621751342,39.0568600004114));
#8600=CARTESIAN_POINT('Ctrl Pts',(7.28056189071025,7.90879848284291,39.6796670179553));
#8601=CARTESIAN_POINT('Ctrl Pts',(2.63889105694929,10.4207451209707,40.3024740354991));
#8602=CARTESIAN_POINT('Ctrl Pts',(-2.63889105694935,10.4207451209706,40.925281053043));
#8603=CARTESIAN_POINT('Ctrl Pts',(-7.28056189071026,7.90879848284289,41.5480880705869));
#8604=CARTESIAN_POINT('Ctrl Pts',(-10.1672350968786,3.49041621751342,42.1708950881307));
#8605=CARTESIAN_POINT('Ctrl Pts',(-10.6030708893899,-1.76933959466592,42.7937021056746));
#8606=CARTESIAN_POINT('Ctrl Pts',(-8.48300996192155,-6.60259167847144,43.4165091232184));
#8607=CARTESIAN_POINT('Ctrl Pts',(-4.31809829607643,-9.84427254763409,44.0393161407623));
#8608=CARTESIAN_POINT('Ctrl Pts',(0.88770174886418,-10.7129669322622,44.6621231583062));
#8609=CARTESIAN_POINT('Ctrl Pts',(5.87951907012873,-8.99927388130138,45.28493017585));
#8610=CARTESIAN_POINT('Ctrl Pts',(9.45406363492824,-5.11628338478317,45.9077371933939));
#8611=CARTESIAN_POINT('Ctrl Pts',(10.7496825481816,-1.96538762257583E-14,
46.5305442109377));
#8612=CARTESIAN_POINT('Ctrl Pts',(9.45406363492825,5.11628338478315,47.1533512284816));
#8613=CARTESIAN_POINT('Ctrl Pts',(5.87951907012875,8.99927388130136,47.7761582460254));
#8614=CARTESIAN_POINT('Ctrl Pts',(0.887701748864221,10.7129669322622,48.3989652635693));
#8615=CARTESIAN_POINT('Ctrl Pts',(-4.31809829607643,9.84427254763409,49.0217722811131));
#8616=CARTESIAN_POINT('Ctrl Pts',(-8.48300996192148,6.60259167847151,49.6445792986571));
#8617=CARTESIAN_POINT('Ctrl Pts',(-10.6030708893901,1.76933959466585,50.2673863162008));
#8618=CARTESIAN_POINT('Ctrl Pts',(-10.1672350968783,-3.49041621751321,50.8901933337448));
#8619=CARTESIAN_POINT('Ctrl Pts',(-7.28056189071077,-7.90879848284335,51.5130003512886));
#8620=CARTESIAN_POINT('Ctrl Pts',(-2.63889105694821,-10.4207451209698,52.1358073688325));
#8621=CARTESIAN_POINT('Ctrl Pts',(2.63889105694716,-10.4207451209724,52.7586143863763));
#8622=CARTESIAN_POINT('Ctrl Pts',(7.28056189071464,-7.90879848283935,53.3814214039202));
#8623=CARTESIAN_POINT('Ctrl Pts',(10.1672350968697,-3.49041621752061,54.004228421464));
#8624=CARTESIAN_POINT('Ctrl Pts',(10.6030708894078,1.76933959468049,54.6270354390079));
#8625=CARTESIAN_POINT('Ctrl Pts',(8.48300996188529,6.60259167844195,55.2498424565517));
#8626=CARTESIAN_POINT('Ctrl Pts',(4.31809829614986,9.84427254769372,55.8726494740957));
#8627=CARTESIAN_POINT('Ctrl Pts',(-0.887701749012738,10.7129669321416,56.4954564916395));
#8628=CARTESIAN_POINT('Ctrl Pts',(-5.87951906982815,8.99927388154542,57.1182635091833));
#8629=CARTESIAN_POINT('Ctrl Pts',(-9.45406363553645,5.11628338428939,57.7410705267271));
#8630=CARTESIAN_POINT('Ctrl Pts',(-10.7496825469509,9.99201253113601E-10,
58.3638775442711));
#8631=CARTESIAN_POINT('Ctrl Pts',(-9.45406363741861,-5.11628338680493,58.9866845618149));
#8632=CARTESIAN_POINT('Ctrl Pts',(-5.8795190650896,-8.9992738772104,59.6094915793588));
#8633=CARTESIAN_POINT('Ctrl Pts',(-0.887701759060734,-10.7129669405401,
60.2322985969026));
#8634=CARTESIAN_POINT('Ctrl Pts',(4.3180983167086,-9.84427253088416,60.8551056144465));
#8635=CARTESIAN_POINT('Ctrl Pts',(8.48300992017315,-6.60259171236431,61.4779126319903));
#8636=CARTESIAN_POINT('Ctrl Pts',(10.6030709738661,-1.76933952608515,62.1007196495342));
#8637=CARTESIAN_POINT('Ctrl Pts',(10.1672349259447,3.49041607874316,62.7235266670781));
#8638=CARTESIAN_POINT('Ctrl Pts',(7.28056223658774,7.90879876363877,63.3463336846219));
#8639=CARTESIAN_POINT('Ctrl Pts',(2.63889035708074,10.4207445527921,63.9691407021658));
#8640=CARTESIAN_POINT('Ctrl Pts',(-2.63888964079477,10.420746270656,64.5919477197097));
#8641=CARTESIAN_POINT('Ctrl Pts',(-7.28056475623947,7.90879615650293,65.2147547372534));
#8642=CARTESIAN_POINT('Ctrl Pts',(-10.1672292985985,3.49042092476514,65.8375617547975));
#8643=CARTESIAN_POINT('Ctrl Pts',(-10.603082622002,-1.76934911960392,66.4603687723412));
#8644=CARTESIAN_POINT('Ctrl Pts',(-8.48298622095185,-6.60257240497751,67.0831757898851));
#8645=CARTESIAN_POINT('Ctrl Pts',(-4.31814634325879,-9.84431154949277,67.705982807429));
#8646=CARTESIAN_POINT('Ctrl Pts',(0.887799076569271,-10.7128879741677,68.3287898249728));
#8647=CARTESIAN_POINT('Ctrl Pts',(5.87932006094983,-8.99943427219224,68.9515968425167));
#8648=CARTESIAN_POINT('Ctrl Pts',(9.4544823948018,-5.11595074748637,69.5744038600606));
#8649=CARTESIAN_POINT('Ctrl Pts',(10.3169415296799,-1.70586731838028,69.9896085384231));
#8650=CARTESIAN_POINT('Ctrl Pts',(10.3169415296799,-2.27422969583631E-14,
70.1972108776044));
#8651=CARTESIAN_POINT('Ctrl Pts',(9.7563750960597,0.,-0.35789596461599));
#8652=CARTESIAN_POINT('Ctrl Pts',(9.7563750960597,1.61332190075693,-0.150293625434704));
#8653=CARTESIAN_POINT('Ctrl Pts',(8.94080315766168,4.83790646182315,0.26491105292787));
#8654=CARTESIAN_POINT('Ctrl Pts',(5.55987611544635,8.51050805577275,0.88771807047173));
#8655=CARTESIAN_POINT('Ctrl Pts',(0.839564572281368,10.1308085867314,1.51052508801559));
#8656=CARTESIAN_POINT('Ctrl Pts',(-4.08353054237799,9.30945206938625,2.13333210555945));
#8657=CARTESIAN_POINT('Ctrl Pts',(-8.02208163071363,6.24383186768507,2.75613912310331));
#8658=CARTESIAN_POINT('Ctrl Pts',(-10.0269880908614,1.67321773191419,3.37894614064717));
#8659=CARTESIAN_POINT('Ctrl Pts',(-9.61481550962475,-3.3007778168073,4.00175315819103));
#8660=CARTESIAN_POINT('Ctrl Pts',(-6.88499161383762,-7.47908885793111,4.62456017573489));
#8661=CARTESIAN_POINT('Ctrl Pts',(-2.49551144373472,-9.85455859781611,5.24736719327875));
#8662=CARTESIAN_POINT('Ctrl Pts',(2.49551213635938,-9.85455656935515,5.87017421082261));
#8663=CARTESIAN_POINT('Ctrl Pts',(6.88498917741846,-7.47909193644808,6.49298122836646));
#8664=CARTESIAN_POINT('Ctrl Pts',(9.61482095108078,-3.3007720946038,7.11578824591033));
#8665=CARTESIAN_POINT('Ctrl Pts',(10.0269768275024,1.67320640384281,7.73859526345419));
#8666=CARTESIAN_POINT('Ctrl Pts',(8.02210454707011,6.24385466598627,8.36140228099805));
#8667=CARTESIAN_POINT('Ctrl Pts',(4.08348410230607,9.30940599516991,8.9842092985419));
#8668=CARTESIAN_POINT('Ctrl Pts',(-0.839470469496905,10.1309018427509,9.60701631608577));
#8669=CARTESIAN_POINT('Ctrl Pts',(-5.56006854581109,8.51031845652578,10.2298233336296));
#8670=CARTESIAN_POINT('Ctrl Pts',(-8.94039823324105,4.83830157175292,10.8526303511735));
#8671=CARTESIAN_POINT('Ctrl Pts',(-10.1656225868272,-1.17981946852694E-9,
11.4754373687174));
#8672=CARTESIAN_POINT('Ctrl Pts',(-8.9403982314211,-4.83830156878252,12.0982443862612));
#8673=CARTESIAN_POINT('Ctrl Pts',(-5.56006855039312,-8.51031846164457,12.7210514038051));
#8674=CARTESIAN_POINT('Ctrl Pts',(-0.839470459780869,-10.1309018328339,
13.3438584213489));
#8675=CARTESIAN_POINT('Ctrl Pts',(4.08348408242639,-9.30940601501873,13.9666654388928));
#8676=CARTESIAN_POINT('Ctrl Pts',(8.02210458740433,-6.24385462593066,14.5894724564366));
#8677=CARTESIAN_POINT('Ctrl Pts',(10.0269767458342,-1.67320648484046,15.2122794739805));
#8678=CARTESIAN_POINT('Ctrl Pts',(9.61482111635957,3.30077225847284,15.8350864915244));
#8679=CARTESIAN_POINT('Ctrl Pts',(6.88498884297069,7.47909160487897,16.4578935090682));
#8680=CARTESIAN_POINT('Ctrl Pts',(2.49551281310684,9.85455724026486,17.0807005266121));
#8681=CARTESIAN_POINT('Ctrl Pts',(-2.49551281310789,9.85455724026176,17.7035075441559));
#8682=CARTESIAN_POINT('Ctrl Pts',(-6.88498884296697,7.47909160488368,18.3263145616998));
#8683=CARTESIAN_POINT('Ctrl Pts',(-9.61482111636788,3.30077225846409,18.9491215792436));
#8684=CARTESIAN_POINT('Ctrl Pts',(-10.026976745817,-1.67320648482316,19.5719285967875));
#8685=CARTESIAN_POINT('Ctrl Pts',(-8.02210458743934,-6.2438546259655,20.1947356143314));
#8686=CARTESIAN_POINT('Ctrl Pts',(-4.08348408235544,-9.30940601494832,20.8175426318752));
#8687=CARTESIAN_POINT('Ctrl Pts',(0.839470459637244,-10.1309018329763,21.4403496494191));
#8688=CARTESIAN_POINT('Ctrl Pts',(5.56006855068376,-8.5103184613564,22.063156666963));
#8689=CARTESIAN_POINT('Ctrl Pts',(8.94039823083295,-4.8383015693656,22.6859636845068));
#8690=CARTESIAN_POINT('Ctrl Pts',(10.1656225880172,-5.14024455135219E-15,
23.3087707020507));
#8691=CARTESIAN_POINT('Ctrl Pts',(8.94039823083296,4.83830156936559,23.9315777195945));
#8692=CARTESIAN_POINT('Ctrl Pts',(5.56006855068377,8.51031846135642,24.5543847371384));
#8693=CARTESIAN_POINT('Ctrl Pts',(0.839470459637217,10.1309018329763,25.1771917546823));
#8694=CARTESIAN_POINT('Ctrl Pts',(-4.08348408235542,9.30940601494836,25.7999987722261));
#8695=CARTESIAN_POINT('Ctrl Pts',(-8.02210458743942,6.24385462596543,26.42280578977));
#8696=CARTESIAN_POINT('Ctrl Pts',(-10.0269767458168,1.67320648482327,27.0456128073138));
#8697=CARTESIAN_POINT('Ctrl Pts',(-9.61482111636814,-3.30077225846434,27.6684198248577));
#8698=CARTESIAN_POINT('Ctrl Pts',(-6.88498884296646,-7.47909160488317,28.2912268424015));
#8699=CARTESIAN_POINT('Ctrl Pts',(-2.49551281310893,-9.85455724026279,28.9140338599454));
#8700=CARTESIAN_POINT('Ctrl Pts',(2.49551281310892,-9.85455724026278,29.5368408774893));
#8701=CARTESIAN_POINT('Ctrl Pts',(6.88498884296644,-7.47909160488318,30.1596478950331));
#8702=CARTESIAN_POINT('Ctrl Pts',(9.61482111636814,-3.30077225846436,30.782454912577));
#8703=CARTESIAN_POINT('Ctrl Pts',(10.0269767458169,1.67320648482326,31.4052619301209));
#8704=CARTESIAN_POINT('Ctrl Pts',(8.02210458743942,6.24385462596544,32.0280689476647));
#8705=CARTESIAN_POINT('Ctrl Pts',(4.08348408235541,9.30940601494834,32.6508759652086));
#8706=CARTESIAN_POINT('Ctrl Pts',(-0.839470459637226,10.1309018329763,33.2736829827525));
#8707=CARTESIAN_POINT('Ctrl Pts',(-5.56006855068377,8.51031846135641,33.8964900002963));
#8708=CARTESIAN_POINT('Ctrl Pts',(-8.94039823083294,4.83830156936561,34.5192970178401));
#8709=CARTESIAN_POINT('Ctrl Pts',(-10.1656225880173,8.16391781685351E-15,
35.1421040353841));
#8710=CARTESIAN_POINT('Ctrl Pts',(-8.94039823083295,-4.8383015693656,35.7649110529278));
#8711=CARTESIAN_POINT('Ctrl Pts',(-5.56006855068377,-8.51031846135642,36.3877180704718));
#8712=CARTESIAN_POINT('Ctrl Pts',(-0.839470459637208,-10.1309018329763,
37.0105250880156));
#8713=CARTESIAN_POINT('Ctrl Pts',(4.08348408235541,-9.30940601494834,37.6333321055595));
#8714=CARTESIAN_POINT('Ctrl Pts',(8.02210458743942,-6.24385462596544,38.2561391231033));
#8715=CARTESIAN_POINT('Ctrl Pts',(10.0269767458168,-1.67320648482327,38.8789461406471));
#8716=CARTESIAN_POINT('Ctrl Pts',(9.61482111636815,3.30077225846433,39.501753158191));
#8717=CARTESIAN_POINT('Ctrl Pts',(6.88498884296645,7.47909160488318,40.1245601757349));
#8718=CARTESIAN_POINT('Ctrl Pts',(2.4955128131089,9.85455724026279,40.7473671932787));
#8719=CARTESIAN_POINT('Ctrl Pts',(-2.49551281310896,9.85455724026279,41.3701742108227));
#8720=CARTESIAN_POINT('Ctrl Pts',(-6.88498884296646,7.47909160488315,41.9929812283664));
#8721=CARTESIAN_POINT('Ctrl Pts',(-9.61482111636815,3.30077225846435,42.6157882459104));
#8722=CARTESIAN_POINT('Ctrl Pts',(-10.0269767458168,-1.67320648482329,43.2385952634542));
#8723=CARTESIAN_POINT('Ctrl Pts',(-8.02210458743941,-6.24385462596545,43.861402280998));
#8724=CARTESIAN_POINT('Ctrl Pts',(-4.0834840823554,-9.30940601494835,44.4842092985419));
#8725=CARTESIAN_POINT('Ctrl Pts',(0.839470459637207,-10.1309018329763,45.1070163160858));
#8726=CARTESIAN_POINT('Ctrl Pts',(5.56006855068377,-8.51031846135642,45.7298233336296));
#8727=CARTESIAN_POINT('Ctrl Pts',(8.94039823083295,-4.83830156936559,46.3526303511735));
#8728=CARTESIAN_POINT('Ctrl Pts',(10.1656225880172,-2.02586108788586E-14,
46.9754373687173));
#8729=CARTESIAN_POINT('Ctrl Pts',(8.94039823083297,4.83830156936558,47.5982443862612));
#8730=CARTESIAN_POINT('Ctrl Pts',(5.56006855068379,8.51031846135639,48.221051403805));
#8731=CARTESIAN_POINT('Ctrl Pts',(0.839470459637249,10.1309018329763,48.8438584213489));
#8732=CARTESIAN_POINT('Ctrl Pts',(-4.0834840823554,9.30940601494833,49.4666654388928));
#8733=CARTESIAN_POINT('Ctrl Pts',(-8.02210458743933,6.24385462596554,50.0894724564367));
#8734=CARTESIAN_POINT('Ctrl Pts',(-10.026976745817,1.67320648482319,50.7122794739804));
#8735=CARTESIAN_POINT('Ctrl Pts',(-9.6148211163679,-3.30077225846408,51.3350864915244));
#8736=CARTESIAN_POINT('Ctrl Pts',(-6.88498884296695,-7.47909160488371,51.9578935090682));
#8737=CARTESIAN_POINT('Ctrl Pts',(-2.49551281310786,-9.85455724026176,52.580700526612));
#8738=CARTESIAN_POINT('Ctrl Pts',(2.49551281310684,-9.85455724026485,53.203507544156));
#8739=CARTESIAN_POINT('Ctrl Pts',(6.8849888429707,-7.47909160487897,53.8263145616998));
#8740=CARTESIAN_POINT('Ctrl Pts',(9.61482111635957,-3.30077225847283,54.4491215792436));
#8741=CARTESIAN_POINT('Ctrl Pts',(10.0269767458342,1.67320648484048,55.0719285967875));
#8742=CARTESIAN_POINT('Ctrl Pts',(8.02210458740432,6.24385462593065,55.6947356143313));
#8743=CARTESIAN_POINT('Ctrl Pts',(4.08348408242642,9.30940601501873,56.3175426318752));
#8744=CARTESIAN_POINT('Ctrl Pts',(-0.839470459780864,10.1309018328339,56.9403496494191));
#8745=CARTESIAN_POINT('Ctrl Pts',(-5.56006855039311,8.51031846164457,57.5631566669629));
#8746=CARTESIAN_POINT('Ctrl Pts',(-8.94039823142108,4.83830156878254,58.1859636845069));
#8747=CARTESIAN_POINT('Ctrl Pts',(-10.1656225868272,1.17985242656494E-9,
58.8087707020507));
#8748=CARTESIAN_POINT('Ctrl Pts',(-8.94039823324106,-4.8383015717529,59.4315777195945));
#8749=CARTESIAN_POINT('Ctrl Pts',(-5.5600685458111,-8.51031845652577,60.0543847371384));
#8750=CARTESIAN_POINT('Ctrl Pts',(-0.839470469496937,-10.1309018427509,
60.6771917546823));
#8751=CARTESIAN_POINT('Ctrl Pts',(4.08348410230602,-9.30940599516993,61.2999987722261));
#8752=CARTESIAN_POINT('Ctrl Pts',(8.02210454707009,-6.2438546659863,61.9228057897701));
#8753=CARTESIAN_POINT('Ctrl Pts',(10.0269768275024,-1.67320640384282,62.5456128073137));
#8754=CARTESIAN_POINT('Ctrl Pts',(9.61482095108078,3.30077209460381,63.1684198248578));
#8755=CARTESIAN_POINT('Ctrl Pts',(6.88498917741844,7.47909193644812,63.7912268424015));
#8756=CARTESIAN_POINT('Ctrl Pts',(2.49551213635936,9.85455656935514,64.4140338599454));
#8757=CARTESIAN_POINT('Ctrl Pts',(-2.49551144373472,9.85455859781613,65.0368408774893));
#8758=CARTESIAN_POINT('Ctrl Pts',(-6.88499161383763,7.4790888579311,65.6596478950331));
#8759=CARTESIAN_POINT('Ctrl Pts',(-9.61481550962476,3.30077781680729,66.282454912577));
#8760=CARTESIAN_POINT('Ctrl Pts',(-10.0269880908614,-1.67321773191419,66.9052619301208));
#8761=CARTESIAN_POINT('Ctrl Pts',(-8.02208163071365,-6.24383186768505,67.5280689476647));
#8762=CARTESIAN_POINT('Ctrl Pts',(-4.08353054237799,-9.30945206938626,68.1508759652085));
#8763=CARTESIAN_POINT('Ctrl Pts',(0.839564572281366,-10.1308085867314,68.7736829827524));
#8764=CARTESIAN_POINT('Ctrl Pts',(5.55987611544634,-8.51050805577276,69.3964900002963));
#8765=CARTESIAN_POINT('Ctrl Pts',(8.94080315766166,-4.83790646182316,70.0192970178402));
#8766=CARTESIAN_POINT('Ctrl Pts',(9.75637509605969,-1.61332190075696,70.4345016962027));
#8767=CARTESIAN_POINT('Ctrl Pts',(9.7563750960597,-2.15066043588068E-14,
70.642104035384));
#8768=CARTESIAN_POINT('Ctrl Pts',(9.75832586439361,0.,0.357100305410956));
#8769=CARTESIAN_POINT('Ctrl Pts',(9.75832586439361,1.61335808096074,0.564702644592243));
#8770=CARTESIAN_POINT('Ctrl Pts',(8.94253873744404,4.83901762188401,0.979907322954815));
#8771=CARTESIAN_POINT('Ctrl Pts',(5.56097511165694,8.51210080614154,1.60271434049868));
#8772=CARTESIAN_POINT('Ctrl Pts',(0.839725058084523,10.1328329723254,2.22552135804254));
#8773=CARTESIAN_POINT('Ctrl Pts',(-4.0843293800853,9.31125944355759,2.84832837558639));
#8774=CARTESIAN_POINT('Ctrl Pts',(-8.02365601485907,6.24506559846794,3.47113539313025));
#8775=CARTESIAN_POINT('Ctrl Pts',(-10.0289541733235,1.67354138570392,4.09394241067411));
#8776=CARTESIAN_POINT('Ctrl Pts',(-9.61670150541465,-3.30142296557158,4.71674942821797));
#8777=CARTESIAN_POINT('Ctrl Pts',(-6.88634183935087,-7.48055682859586,5.33955644576184));
#8778=CARTESIAN_POINT('Ctrl Pts',(-2.49600094740061,-9.85649082062362,5.96236346330569));
#8779=CARTESIAN_POINT('Ctrl Pts',(2.49600160941742,-9.85648960574095,6.58517048084956));
#8780=CARTESIAN_POINT('Ctrl Pts',(6.88633951059973,-7.4805586723764,7.2079774983934));
#8781=CARTESIAN_POINT('Ctrl Pts',(9.61670670640679,-3.30141953843883,7.83078451593727));
#8782=CARTESIAN_POINT('Ctrl Pts',(10.0289434077047,1.67353460111947,8.45359153348113));
#8783=CARTESIAN_POINT('Ctrl Pts',(8.02367791851672,6.2450792526981,9.07639855102498));
#8784=CARTESIAN_POINT('Ctrl Pts',(4.0842849922509,9.31123185027801,9.69920556856886));
#8785=CARTESIAN_POINT('Ctrl Pts',(-0.839635113804918,10.1328888053959,10.3220125861127));
#8786=CARTESIAN_POINT('Ctrl Pts',(-5.56115903831363,8.5119875811655,10.9448196036566));
#8787=CARTESIAN_POINT('Ctrl Pts',(-8.94215170707592,4.83925050343833,11.5676266212004));
#8788=CARTESIAN_POINT('Ctrl Pts',(-10.1676163632021,-7.06610369333174E-10,
12.1904336387443));
#8789=CARTESIAN_POINT('Ctrl Pts',(-8.9421517053364,-4.83925050165931,12.8132406562881));
#8790=CARTESIAN_POINT('Ctrl Pts',(-5.56115904269318,-8.51198758423122,13.436047673832));
#8791=CARTESIAN_POINT('Ctrl Pts',(-0.839635104518246,-10.1328887994564,
14.0588546913759));
#8792=CARTESIAN_POINT('Ctrl Pts',(4.08428497324973,-9.31123186216583,14.6816617089197));
#8793=CARTESIAN_POINT('Ctrl Pts',(8.02367795706853,-6.24507922870806,15.3044687264636));
#8794=CARTESIAN_POINT('Ctrl Pts',(10.0289433296454,-1.67353464963045,15.9272757440074));
#8795=CARTESIAN_POINT('Ctrl Pts',(9.61670686438173,3.30141963658302,16.5500827615513));
#8796=CARTESIAN_POINT('Ctrl Pts',(6.88633919093158,7.48055847379355,17.1728897790952));
#8797=CARTESIAN_POINT('Ctrl Pts',(2.49600225625867,9.85649000756114,17.795696796639));
#8798=CARTESIAN_POINT('Ctrl Pts',(-2.49600225625968,9.85649000755929,18.4185038141829));
#8799=CARTESIAN_POINT('Ctrl Pts',(-6.88633919092803,7.48055847379637,19.0413108317267));
#8800=CARTESIAN_POINT('Ctrl Pts',(-9.61670686438967,3.30141963657777,19.6641178492706));
#8801=CARTESIAN_POINT('Ctrl Pts',(-10.028943329629,-1.67353464962009,20.2869248668145));
#8802=CARTESIAN_POINT('Ctrl Pts',(-8.02367795710199,-6.24507922872893,20.9097318843583));
#8803=CARTESIAN_POINT('Ctrl Pts',(-4.0842849731819,-9.31123186212367,21.5325389019022));
#8804=CARTESIAN_POINT('Ctrl Pts',(0.839635104380958,-10.1328887995417,22.1553459194461));
#8805=CARTESIAN_POINT('Ctrl Pts',(5.56115904297099,-8.51198758405864,22.7781529369899));
#8806=CARTESIAN_POINT('Ctrl Pts',(8.94215170477424,-4.83925050200853,23.4009599545338));
#8807=CARTESIAN_POINT('Ctrl Pts',(10.1676163643396,-6.04734653100258E-15,
24.0237669720776));
#8808=CARTESIAN_POINT('Ctrl Pts',(8.94215170477424,4.83925050200851,24.6465739896215));
#8809=CARTESIAN_POINT('Ctrl Pts',(5.561159042971,8.51198758405865,25.2693810071653));
#8810=CARTESIAN_POINT('Ctrl Pts',(0.839635104380934,10.1328887995417,25.8921880247092));
#8811=CARTESIAN_POINT('Ctrl Pts',(-4.08428497318189,9.31123186212368,26.514995042253));
#8812=CARTESIAN_POINT('Ctrl Pts',(-8.02367795710208,6.24507922872888,27.1378020597969));
#8813=CARTESIAN_POINT('Ctrl Pts',(-10.0289433296289,1.67353464962016,27.7606090773408));
#8814=CARTESIAN_POINT('Ctrl Pts',(-9.61670686438992,-3.30141963657793,28.3834160948846));
#8815=CARTESIAN_POINT('Ctrl Pts',(-6.88633919092753,-7.48055847379605,29.0062231124285));
#8816=CARTESIAN_POINT('Ctrl Pts',(-2.49600225626068,-9.8564900075599,29.6290301299723));
#8817=CARTESIAN_POINT('Ctrl Pts',(2.49600225626066,-9.85649000755991,30.2518371475162));
#8818=CARTESIAN_POINT('Ctrl Pts',(6.88633919092752,-7.48055847379607,30.8746441650601));
#8819=CARTESIAN_POINT('Ctrl Pts',(9.61670686438992,-3.30141963657795,31.4974511826039));
#8820=CARTESIAN_POINT('Ctrl Pts',(10.0289433296289,1.67353464962015,32.1202582001478));
#8821=CARTESIAN_POINT('Ctrl Pts',(8.02367795710207,6.24507922872888,32.7430652176917));
#8822=CARTESIAN_POINT('Ctrl Pts',(4.08428497318187,9.31123186212369,33.3658722352355));
#8823=CARTESIAN_POINT('Ctrl Pts',(-0.83963510438094,10.1328887995417,33.9886792527794));
#8824=CARTESIAN_POINT('Ctrl Pts',(-5.56115904297099,8.51198758405865,34.6114862703232));
#8825=CARTESIAN_POINT('Ctrl Pts',(-8.94215170477423,4.83925050200853,35.2342932878671));
#8826=CARTESIAN_POINT('Ctrl Pts',(-10.1676163643396,1.36065296947558E-14,
35.857100305411));
#8827=CARTESIAN_POINT('Ctrl Pts',(-8.94215170477424,-4.83925050200852,36.4799073229548));
#8828=CARTESIAN_POINT('Ctrl Pts',(-5.56115904297099,-8.51198758405864,37.1027143404987));
#8829=CARTESIAN_POINT('Ctrl Pts',(-0.839635104380925,-10.1328887995417,
37.7255213580425));
#8830=CARTESIAN_POINT('Ctrl Pts',(4.08428497318189,-9.31123186212367,38.3483283755864));
#8831=CARTESIAN_POINT('Ctrl Pts',(8.02367795710207,-6.24507922872889,38.9711353931302));
#8832=CARTESIAN_POINT('Ctrl Pts',(10.0289433296289,-1.67353464962016,39.5939424106741));
#8833=CARTESIAN_POINT('Ctrl Pts',(9.61670686438993,3.30141963657792,40.216749428218));
#8834=CARTESIAN_POINT('Ctrl Pts',(6.88633919092753,7.48055847379607,40.8395564457619));
#8835=CARTESIAN_POINT('Ctrl Pts',(2.49600225626065,9.85649000755991,41.4623634633057));
#8836=CARTESIAN_POINT('Ctrl Pts',(-2.49600225626071,9.85649000755989,42.0851704808495));
#8837=CARTESIAN_POINT('Ctrl Pts',(-6.88633919092753,7.48055847379604,42.7079774983934));
#8838=CARTESIAN_POINT('Ctrl Pts',(-9.61670686438993,3.30141963657793,43.3307845159373));
#8839=CARTESIAN_POINT('Ctrl Pts',(-10.0289433296289,-1.67353464962018,43.9535915334811));
#8840=CARTESIAN_POINT('Ctrl Pts',(-8.02367795710205,-6.2450792287289,44.576398551025));
#8841=CARTESIAN_POINT('Ctrl Pts',(-4.08428497318188,-9.31123186212368,45.1992055685689));
#8842=CARTESIAN_POINT('Ctrl Pts',(0.839635104380927,-10.1328887995417,45.8220125861127));
#8843=CARTESIAN_POINT('Ctrl Pts',(5.56115904297099,-8.51198758405865,46.4448196036566));
#8844=CARTESIAN_POINT('Ctrl Pts',(8.94215170477424,-4.83925050200852,47.0676266212004));
#8845=CARTESIAN_POINT('Ctrl Pts',(10.1676163643396,-1.81420395930077E-14,
47.6904336387443));
#8846=CARTESIAN_POINT('Ctrl Pts',(8.94215170477425,4.8392505020085,48.3132406562881));
#8847=CARTESIAN_POINT('Ctrl Pts',(5.56115904297101,8.51198758405863,48.936047673832));
#8848=CARTESIAN_POINT('Ctrl Pts',(0.839635104380965,10.1328887995417,49.5588546913759));
#8849=CARTESIAN_POINT('Ctrl Pts',(-4.08428497318187,9.31123186212367,50.1816617089197));
#8850=CARTESIAN_POINT('Ctrl Pts',(-8.02367795710199,6.24507922872896,50.8044687264637));
#8851=CARTESIAN_POINT('Ctrl Pts',(-10.028943329629,1.67353464962013,51.4272757440074));
#8852=CARTESIAN_POINT('Ctrl Pts',(-9.61670686438969,-3.30141963657777,52.0500827615513));
#8853=CARTESIAN_POINT('Ctrl Pts',(-6.88633919092801,-7.48055847379639,52.6728897790951));
#8854=CARTESIAN_POINT('Ctrl Pts',(-2.49600225625964,-9.85649000755929,53.295696796639));
#8855=CARTESIAN_POINT('Ctrl Pts',(2.49600225625868,-9.85649000756114,53.9185038141828));
#8856=CARTESIAN_POINT('Ctrl Pts',(6.88633919093159,-7.48055847379355,54.5413108317268));
#8857=CARTESIAN_POINT('Ctrl Pts',(9.61670686438173,-3.30141963658301,55.1641178492706));
#8858=CARTESIAN_POINT('Ctrl Pts',(10.0289433296454,1.67353464963048,55.7869248668145));
#8859=CARTESIAN_POINT('Ctrl Pts',(8.02367795706852,6.24507922870805,56.4097318843583));
#8860=CARTESIAN_POINT('Ctrl Pts',(4.08428497324975,9.31123186216584,57.0325389019022));
#8861=CARTESIAN_POINT('Ctrl Pts',(-0.839635104518234,10.1328887994564,57.655345919446));
#8862=CARTESIAN_POINT('Ctrl Pts',(-5.56115904269317,8.51198758423122,58.2781529369899));
#8863=CARTESIAN_POINT('Ctrl Pts',(-8.94215170533638,4.83925050165932,58.9009599545337));
#8864=CARTESIAN_POINT('Ctrl Pts',(-10.1676163632021,7.0664423447339E-10,
59.5237669720777));
#8865=CARTESIAN_POINT('Ctrl Pts',(-8.94215170707593,-4.83925050343831,60.1465739896214));
#8866=CARTESIAN_POINT('Ctrl Pts',(-5.56115903831365,-8.51198758116549,60.7693810071653));
#8867=CARTESIAN_POINT('Ctrl Pts',(-0.839635113804941,-10.1328888053959,
61.3921880247092));
#8868=CARTESIAN_POINT('Ctrl Pts',(4.08428499225085,-9.31123185027804,62.0149950422531));
#8869=CARTESIAN_POINT('Ctrl Pts',(8.0236779185167,-6.24507925269813,62.6378020597969));
#8870=CARTESIAN_POINT('Ctrl Pts',(10.0289434077047,-1.67353460111948,63.2606090773408));
#8871=CARTESIAN_POINT('Ctrl Pts',(9.61670670640678,3.30141953843885,63.8834160948846));
#8872=CARTESIAN_POINT('Ctrl Pts',(6.88633951059972,7.48055867237642,64.5062231124286));
#8873=CARTESIAN_POINT('Ctrl Pts',(2.4960016094174,9.85648960574095,65.1290301299722));
#8874=CARTESIAN_POINT('Ctrl Pts',(-2.49600094740061,9.85649082062362,65.7518371475163));
#8875=CARTESIAN_POINT('Ctrl Pts',(-6.88634183935088,7.48055682859585,66.37464416506));
#8876=CARTESIAN_POINT('Ctrl Pts',(-9.61670150541465,3.30142296557157,66.997451182604));
#8877=CARTESIAN_POINT('Ctrl Pts',(-10.0289541733235,-1.67354138570392,67.6202582001478));
#8878=CARTESIAN_POINT('Ctrl Pts',(-8.02365601485909,-6.24506559846794,68.2430652176917));
#8879=CARTESIAN_POINT('Ctrl Pts',(-4.08432938008531,-9.31125944355759,68.8658722352355));
#8880=CARTESIAN_POINT('Ctrl Pts',(0.839725058084529,-10.1328329723254,69.4886792527795));
#8881=CARTESIAN_POINT('Ctrl Pts',(5.56097511165692,-8.51210080614154,70.1114862703232));
#8882=CARTESIAN_POINT('Ctrl Pts',(8.94253873744403,-4.83901762188403,70.7342932878672));
#8883=CARTESIAN_POINT('Ctrl Pts',(9.7583258643936,-1.61335808096077,71.1494979662297));
#8884=CARTESIAN_POINT('Ctrl Pts',(9.75832586439361,-2.15109045627596E-14,
71.357100305411));
#8885=CARTESIAN_POINT('Ctrl Pts',(10.3161726962985,0.,0.804863069235027));
#8886=CARTESIAN_POINT('Ctrl Pts',(10.3161726962985,1.70588323496089,1.01246540841631));
#8887=CARTESIAN_POINT('Ctrl Pts',(9.45380386227988,5.11549766475011,1.42767008677889));
#8888=CARTESIAN_POINT('Ctrl Pts',(5.8788882635763,8.99881801517194,2.05047710432274));
#8889=CARTESIAN_POINT('Ctrl Pts',(0.887736604132032,10.7120902585837,2.67328412186661));
#8890=CARTESIAN_POINT('Ctrl Pts',(-4.31783336706267,9.8436049233933,3.29609113941047));
#8891=CARTESIAN_POINT('Ctrl Pts',(-8.48236884781376,6.60208771919524,3.91889815695432));
#8892=CARTESIAN_POINT('Ctrl Pts',(-10.6023118405198,1.76922271049462,4.54170517449818));
#8893=CARTESIAN_POINT('Ctrl Pts',(-10.1664898356152,-3.49016822296228,5.16451219204205));
#8894=CARTESIAN_POINT('Ctrl Pts',(-7.28003539091342,-7.9082204956049,5.7873192095859));
#8895=CARTESIAN_POINT('Ctrl Pts',(-2.63869771615146,-10.4199887688421,6.41012622712976));
#8896=CARTESIAN_POINT('Ctrl Pts',(2.63869844774006,-10.4199866445688,7.03293324467363));
#8897=CARTESIAN_POINT('Ctrl Pts',(7.28003281743226,-7.90822371953261,7.65574026221748));
#8898=CARTESIAN_POINT('Ctrl Pts',(10.1664955831831,-3.49016223047611,8.27854727976135));
#8899=CARTESIAN_POINT('Ctrl Pts',(10.6022999435349,1.76921084735303,8.90135429730519));
#8900=CARTESIAN_POINT('Ctrl Pts',(8.48239305334143,6.60211159434957,9.52416131484906));
#8901=CARTESIAN_POINT('Ctrl Pts',(4.31778431448108,9.84355667294223,10.1469683323929));
#8902=CARTESIAN_POINT('Ctrl Pts',(-0.887637207547959,10.7121879189627,10.7697753499368));
#8903=CARTESIAN_POINT('Ctrl Pts',(-5.87909151920829,8.99861946871913,11.3925823674806));
#8904=CARTESIAN_POINT('Ctrl Pts',(-9.45337615863168,5.11591134234014,12.0153893850245));
#8905=CARTESIAN_POINT('Ctrl Pts',(-10.7489008535094,-1.23554244076956E-9,
12.6381964025684));
#8906=CARTESIAN_POINT('Ctrl Pts',(-9.45337615670934,-5.11591133922945,13.2610034201122));
#8907=CARTESIAN_POINT('Ctrl Pts',(-5.87909152404809,-8.99861947407969,13.8838104376561));
#8908=CARTESIAN_POINT('Ctrl Pts',(-0.887637197285336,-10.7121879085773,
14.5066174551999));
#8909=CARTESIAN_POINT('Ctrl Pts',(4.31778429348306,-9.84355669372857,15.1294244727438));
#8910=CARTESIAN_POINT('Ctrl Pts',(8.48239309594469,-6.60211155240198,15.7522314902876));
#8911=CARTESIAN_POINT('Ctrl Pts',(10.6022998572724,-1.76921093217651,16.3750385078315));
#8912=CARTESIAN_POINT('Ctrl Pts',(10.1664957577598,3.49016240208534,16.9978455253754));
#8913=CARTESIAN_POINT('Ctrl Pts',(7.28003246416998,7.90822337230215,17.6206525429192));
#8914=CARTESIAN_POINT('Ctrl Pts',(2.63869916255829,10.4199873471683,18.2434595604631));
#8915=CARTESIAN_POINT('Ctrl Pts',(-2.6386991625594,10.419987347165,18.866266578007));
#8916=CARTESIAN_POINT('Ctrl Pts',(-7.28003246416605,7.90822337230708,19.4890735955508));
#8917=CARTESIAN_POINT('Ctrl Pts',(-10.1664957577685,3.49016240207617,20.1118806130947));
#8918=CARTESIAN_POINT('Ctrl Pts',(-10.6022998572542,-1.76921093215839,20.7346876306385));
#8919=CARTESIAN_POINT('Ctrl Pts',(-8.48239309598167,-6.60211155243847,21.3574946481824));
#8920=CARTESIAN_POINT('Ctrl Pts',(-4.31778429340811,-9.84355669365484,21.9803016657262));
#8921=CARTESIAN_POINT('Ctrl Pts',(0.88763719713363,-10.7121879087264,22.6031086832701));
#8922=CARTESIAN_POINT('Ctrl Pts',(5.87909152435508,-8.99861947377791,23.225915700814));
#8923=CARTESIAN_POINT('Ctrl Pts',(9.4533761560881,-5.11591133984008,23.8487227183578));
#8924=CARTESIAN_POINT('Ctrl Pts',(10.7489008547665,-4.83787722480207E-15,
24.4715297359017));
#8925=CARTESIAN_POINT('Ctrl Pts',(9.45337615608811,5.11591133984006,25.0943367534455));
#8926=CARTESIAN_POINT('Ctrl Pts',(5.87909152435509,8.99861947377793,25.7171437709894));
#8927=CARTESIAN_POINT('Ctrl Pts',(0.887637197133607,10.7121879087264,26.3399507885333));
#8928=CARTESIAN_POINT('Ctrl Pts',(-4.3177842934081,9.84355669365488,26.9627578060771));
#8929=CARTESIAN_POINT('Ctrl Pts',(-8.48239309598174,6.60211155243838,27.585564823621));
#8930=CARTESIAN_POINT('Ctrl Pts',(-10.6022998572541,1.76921093215852,28.2083718411648));
#8931=CARTESIAN_POINT('Ctrl Pts',(-10.1664957577688,-3.49016240207644,28.8311788587087));
#8932=CARTESIAN_POINT('Ctrl Pts',(-7.28003246416551,-7.90822337230654,29.4539858762526));
#8933=CARTESIAN_POINT('Ctrl Pts',(-2.6386991625605,-10.4199873471661,30.0767928937964));
#8934=CARTESIAN_POINT('Ctrl Pts',(2.63869916256049,-10.4199873471661,30.6995999113403));
#8935=CARTESIAN_POINT('Ctrl Pts',(7.28003246416549,-7.90822337230656,31.3224069288841));
#8936=CARTESIAN_POINT('Ctrl Pts',(10.1664957577688,-3.49016240207646,31.945213946428));
#8937=CARTESIAN_POINT('Ctrl Pts',(10.6022998572541,1.76921093215851,32.5680209639719));
#8938=CARTESIAN_POINT('Ctrl Pts',(8.48239309598174,6.6021115524384,33.1908279815157));
#8939=CARTESIAN_POINT('Ctrl Pts',(4.31778429340808,9.84355669365488,33.8136349990596));
#8940=CARTESIAN_POINT('Ctrl Pts',(-0.887637197133612,10.7121879087264,34.4364420166034));
#8941=CARTESIAN_POINT('Ctrl Pts',(-5.87909152435509,8.99861947377793,35.0592490341473));
#8942=CARTESIAN_POINT('Ctrl Pts',(-9.45337615608809,5.11591133984007,35.6820560516911));
#8943=CARTESIAN_POINT('Ctrl Pts',(-10.7489008547665,1.45136316744062E-14,
36.304863069235));
#8944=CARTESIAN_POINT('Ctrl Pts',(-9.4533761560881,-5.11591133984007,36.9276700867789));
#8945=CARTESIAN_POINT('Ctrl Pts',(-5.87909152435509,-8.99861947377792,37.5504771043228));
#8946=CARTESIAN_POINT('Ctrl Pts',(-0.887637197133596,-10.7121879087264,
38.1732841218666));
#8947=CARTESIAN_POINT('Ctrl Pts',(4.31778429340809,-9.84355669365486,38.7960911394104));
#8948=CARTESIAN_POINT('Ctrl Pts',(8.48239309598174,-6.6021115524384,39.4188981569543));
#8949=CARTESIAN_POINT('Ctrl Pts',(10.6022998572541,-1.76921093215852,40.0417051744982));
#8950=CARTESIAN_POINT('Ctrl Pts',(10.1664957577688,3.49016240207644,40.664512192042));
#8951=CARTESIAN_POINT('Ctrl Pts',(7.2800324641655,7.90822337230655,41.2873192095859));
#8952=CARTESIAN_POINT('Ctrl Pts',(2.63869916256048,10.4199873471661,41.9101262271297));
#8953=CARTESIAN_POINT('Ctrl Pts',(-2.63869916256054,10.4199873471661,42.5329332446737));
#8954=CARTESIAN_POINT('Ctrl Pts',(-7.2800324641655,7.90822337230654,43.1557402622175));
#8955=CARTESIAN_POINT('Ctrl Pts',(-10.1664957577688,3.49016240207644,43.7785472797613));
#8956=CARTESIAN_POINT('Ctrl Pts',(-10.6022998572541,-1.76921093215852,44.4013542973052));
#8957=CARTESIAN_POINT('Ctrl Pts',(-8.48239309598173,-6.60211155243841,45.0241613148491));
#8958=CARTESIAN_POINT('Ctrl Pts',(-4.31778429340808,-9.84355669365486,45.6469683323929));
#8959=CARTESIAN_POINT('Ctrl Pts',(0.887637197133596,-10.7121879087264,46.2697753499368));
#8960=CARTESIAN_POINT('Ctrl Pts',(5.87909152435508,-8.99861947377792,46.8925823674806));
#8961=CARTESIAN_POINT('Ctrl Pts',(9.4533761560881,-5.11591133984007,47.5153893850245));
#8962=CARTESIAN_POINT('Ctrl Pts',(10.7489008547665,-1.63278356337069E-14,
48.1381964025683));
#8963=CARTESIAN_POINT('Ctrl Pts',(9.45337615608812,5.11591133984005,48.7610034201122));
#8964=CARTESIAN_POINT('Ctrl Pts',(5.87909152435511,8.9986194737779,49.3838104376561));
#8965=CARTESIAN_POINT('Ctrl Pts',(0.887637197133637,10.7121879087264,50.0066174551999));
#8966=CARTESIAN_POINT('Ctrl Pts',(-4.31778429340808,9.84355669365485,50.6294244727438));
#8967=CARTESIAN_POINT('Ctrl Pts',(-8.48239309598164,6.60211155243851,51.2522314902876));
#8968=CARTESIAN_POINT('Ctrl Pts',(-10.6022998572542,1.76921093215843,51.8750385078315));
#8969=CARTESIAN_POINT('Ctrl Pts',(-10.1664957577685,-3.49016240207617,52.4978455253753));
#8970=CARTESIAN_POINT('Ctrl Pts',(-7.28003246416603,-7.9082233723071,53.1206525429192));
#8971=CARTESIAN_POINT('Ctrl Pts',(-2.63869916255937,-10.419987347165,53.7434595604631));
#8972=CARTESIAN_POINT('Ctrl Pts',(2.6386991625583,-10.4199873471683,54.366266578007));
#8973=CARTESIAN_POINT('Ctrl Pts',(7.28003246416998,-7.90822337230215,54.9890735955508));
#8974=CARTESIAN_POINT('Ctrl Pts',(10.1664957577598,-3.49016240208533,55.6118806130946));
#8975=CARTESIAN_POINT('Ctrl Pts',(10.6022998572724,1.76921093217654,56.2346876306386));
#8976=CARTESIAN_POINT('Ctrl Pts',(8.48239309594467,6.60211155240197,56.8574946481823));
#8977=CARTESIAN_POINT('Ctrl Pts',(4.31778429348308,9.84355669372857,57.4803016657263));
#8978=CARTESIAN_POINT('Ctrl Pts',(-0.887637197285333,10.7121879085773,58.1031086832701));
#8979=CARTESIAN_POINT('Ctrl Pts',(-5.87909152404808,8.99861947407969,58.725915700814));
#8980=CARTESIAN_POINT('Ctrl Pts',(-9.45337615670932,5.11591133922947,59.3487227183578));
#8981=CARTESIAN_POINT('Ctrl Pts',(-10.7489008535094,1.23558084141941E-9,
59.9715297359018));
#8982=CARTESIAN_POINT('Ctrl Pts',(-9.45337615863169,-5.11591134234013,60.5943367534455));
#8983=CARTESIAN_POINT('Ctrl Pts',(-5.8790915192083,-8.99861946871912,61.2171437709894));
#8984=CARTESIAN_POINT('Ctrl Pts',(-0.887637207547987,-10.7121879189626,
61.8399507885333));
#8985=CARTESIAN_POINT('Ctrl Pts',(4.31778431448102,-9.84355667294225,62.4627578060771));
#8986=CARTESIAN_POINT('Ctrl Pts',(8.48239305334141,-6.6021115943496,63.085564823621));
#8987=CARTESIAN_POINT('Ctrl Pts',(10.6022999435349,-1.76921084735304,63.7083718411649));
#8988=CARTESIAN_POINT('Ctrl Pts',(10.1664955831831,3.49016223047613,64.3311788587086));
#8989=CARTESIAN_POINT('Ctrl Pts',(7.28003281743225,7.90822371953263,64.9539858762526));
#8990=CARTESIAN_POINT('Ctrl Pts',(2.63869844774004,10.4199866445688,65.5767928937964));
#8991=CARTESIAN_POINT('Ctrl Pts',(-2.63869771615146,10.4199887688422,66.1995999113404));
#8992=CARTESIAN_POINT('Ctrl Pts',(-7.28003539091342,7.90822049560489,66.822406928884));
#8993=CARTESIAN_POINT('Ctrl Pts',(-10.1664898356153,3.49016822296227,67.4452139464281));
#8994=CARTESIAN_POINT('Ctrl Pts',(-10.6023118405198,-1.76922271049462,68.0680209639718));
#8995=CARTESIAN_POINT('Ctrl Pts',(-8.48236884781379,-6.60208771919522,68.6908279815158));
#8996=CARTESIAN_POINT('Ctrl Pts',(-4.31783336706267,-9.84360492339331,69.3136349990595));
#8997=CARTESIAN_POINT('Ctrl Pts',(0.887736604132031,-10.7120902585837,69.9364420166034));
#8998=CARTESIAN_POINT('Ctrl Pts',(5.87888826357629,-8.99881801517195,70.5592490341473));
#8999=CARTESIAN_POINT('Ctrl Pts',(9.45380386227986,-5.11549766475014,71.1820560516911));
#9000=CARTESIAN_POINT('Ctrl Pts',(10.3161726962985,-1.70588323496092,71.5972607300537));
#9001=CARTESIAN_POINT('Ctrl Pts',(10.3161726962985,-2.27406021695518E-14,
71.804863069235));
#9002=CARTESIAN_POINT('Ctrl Pts',(11.0138256369788,0.,0.643394113041798));
#9003=CARTESIAN_POINT('Ctrl Pts',(11.0138256369788,1.82095076716546,0.850996452223085));
#9004=CARTESIAN_POINT('Ctrl Pts',(10.0930833515599,5.46159284746314,1.26620113058566));
#9005=CARTESIAN_POINT('Ctrl Pts',(6.27644734975006,9.60726934710245,1.88900814812952));
#9006=CARTESIAN_POINT('Ctrl Pts',(0.94776402285525,11.4365166658831,2.51181516567337));
#9007=CARTESIAN_POINT('Ctrl Pts',(-4.60981768299612,10.5092435484331,3.13462218321724));
#9008=CARTESIAN_POINT('Ctrl Pts',(-9.0559762831408,7.04855260238865,3.75742920076109));
#9009=CARTESIAN_POINT('Ctrl Pts',(-11.3192753927981,1.88885884419089,4.38023621830497));
#9010=CARTESIAN_POINT('Ctrl Pts',(-10.8539824132691,-3.72618285719823,5.00304323584881));
#9011=CARTESIAN_POINT('Ctrl Pts',(-7.77233580216167,-8.44300216977349,5.62585025339268));
#9012=CARTESIAN_POINT('Ctrl Pts',(-2.8171354152751,-11.1246229776705,6.24865727093653));
#9013=CARTESIAN_POINT('Ctrl Pts',(2.81713616451693,-11.1246215521999,6.8714642884804));
#9014=CARTESIAN_POINT('Ctrl Pts',(7.77233316658243,-8.44300433315522,7.49427130602425));
#9015=CARTESIAN_POINT('Ctrl Pts',(10.8539882995258,-3.72617883600576,8.11707832356812));
#9016=CARTESIAN_POINT('Ctrl Pts',(11.3192632087391,1.88885088356494,8.73988534111198));
#9017=CARTESIAN_POINT('Ctrl Pts',(9.05600107274774,7.04856862345527,9.36269235865583));
#9018=CARTESIAN_POINT('Ctrl Pts',(4.60976744677597,10.5092111719727,9.9854993761997));
#9019=CARTESIAN_POINT('Ctrl Pts',(-0.947662227832064,11.4365821792572,10.6083063937436));
#9020=CARTESIAN_POINT('Ctrl Pts',(-6.2766555099395,9.60713645899687,11.2311134112874));
#9021=CARTESIAN_POINT('Ctrl Pts',(-10.0926453274247,5.46186651515355,11.8539204288313));
#9022=CARTESIAN_POINT('Ctrl Pts',(-11.4757777703338,-8.29097256747408E-10,
12.4767274463751));
#9023=CARTESIAN_POINT('Ctrl Pts',(-10.092645325456,-5.46186651306615,13.099534463919));
#9024=CARTESIAN_POINT('Ctrl Pts',(-6.27665551489607,-9.60713646259401,13.7223414814629));
#9025=CARTESIAN_POINT('Ctrl Pts',(-0.947662217321815,-11.4365821722882,
14.3451484990067));
#9026=CARTESIAN_POINT('Ctrl Pts',(4.60976742527127,-10.5092111859212,14.9679555165506));
#9027=CARTESIAN_POINT('Ctrl Pts',(9.056001116379,-7.0485685953068,15.5907625340944));
#9028=CARTESIAN_POINT('Ctrl Pts',(11.319263120395,-1.88885094048482,16.2135695516383));
#9029=CARTESIAN_POINT('Ctrl Pts',(10.8539884783149,3.72617895116228,16.8363765691821));
#9030=CARTESIAN_POINT('Ctrl Pts',(7.77233280479592,8.44300410014998,17.459183586726));
#9031=CARTESIAN_POINT('Ctrl Pts',(2.81713689658372,11.1246220236717,18.0819906042699));
#9032=CARTESIAN_POINT('Ctrl Pts',(-2.81713689658486,11.1246220236695,18.7047976218137));
#9033=CARTESIAN_POINT('Ctrl Pts',(-7.7723328047919,8.44300410015329,19.3276046393576));
#9034=CARTESIAN_POINT('Ctrl Pts',(-10.8539884783239,3.72617895115613,19.9504116569015));
#9035=CARTESIAN_POINT('Ctrl Pts',(-11.3192631203764,-1.88885094047266,20.5732186744453));
#9036=CARTESIAN_POINT('Ctrl Pts',(-9.05600111641688,-7.04856859533129,21.1960256919892));
#9037=CARTESIAN_POINT('Ctrl Pts',(-4.60976742519451,-10.5092111858717,21.8188327095331));
#9038=CARTESIAN_POINT('Ctrl Pts',(0.947662217166439,-11.4365821723883,22.4416397270769));
#9039=CARTESIAN_POINT('Ctrl Pts',(6.27665551521049,-9.60713646239151,23.0644467446208));
#9040=CARTESIAN_POINT('Ctrl Pts',(10.0926453248197,-5.4618665134759,23.6872537621646));
#9041=CARTESIAN_POINT('Ctrl Pts',(11.4757777716212,-1.45136316744062E-14,
24.3100607797085));
#9042=CARTESIAN_POINT('Ctrl Pts',(10.0926453248197,5.4618665134759,24.9328677972523));
#9043=CARTESIAN_POINT('Ctrl Pts',(6.2766555152105,9.6071364623915,25.5556748147962));
#9044=CARTESIAN_POINT('Ctrl Pts',(0.947662217166416,11.4365821723883,26.17848183234));
#9045=CARTESIAN_POINT('Ctrl Pts',(-4.6097674251945,10.5092111858717,26.8012888498839));
#9046=CARTESIAN_POINT('Ctrl Pts',(-9.05600111641695,7.04856859533123,27.4240958674278));
#9047=CARTESIAN_POINT('Ctrl Pts',(-11.3192631203763,1.88885094047274,28.0469028849716));
#9048=CARTESIAN_POINT('Ctrl Pts',(-10.8539884783242,-3.72617895115631,28.6697099025155));
#9049=CARTESIAN_POINT('Ctrl Pts',(-7.77233280479135,-8.44300410015292,29.2925169200593));
#9050=CARTESIAN_POINT('Ctrl Pts',(-2.81713689658599,-11.1246220236702,29.9153239376032));
#9051=CARTESIAN_POINT('Ctrl Pts',(2.81713689658597,-11.1246220236702,30.5381309551471));
#9052=CARTESIAN_POINT('Ctrl Pts',(7.77233280479133,-8.44300410015295,31.1609379726909));
#9053=CARTESIAN_POINT('Ctrl Pts',(10.8539884783242,-3.72617895115632,31.7837449902348));
#9054=CARTESIAN_POINT('Ctrl Pts',(11.3192631203763,1.88885094047273,32.4065520077786));
#9055=CARTESIAN_POINT('Ctrl Pts',(9.05600111641695,7.04856859533124,33.0293590253225));
#9056=CARTESIAN_POINT('Ctrl Pts',(4.60976742519448,10.5092111858717,33.6521660428664));
#9057=CARTESIAN_POINT('Ctrl Pts',(-0.947662217166423,11.4365821723883,34.2749730604102));
#9058=CARTESIAN_POINT('Ctrl Pts',(-6.27665551521049,9.60713646239152,34.8977800779541));
#9059=CARTESIAN_POINT('Ctrl Pts',(-10.0926453248197,5.4618665134759,35.5205870954979));
#9060=CARTESIAN_POINT('Ctrl Pts',(-11.4757777716212,1.26994277151055E-14,
36.1433941130418));
#9061=CARTESIAN_POINT('Ctrl Pts',(-10.0926453248197,-5.4618665134759,36.7662011305856));
#9062=CARTESIAN_POINT('Ctrl Pts',(-6.27665551521049,-9.60713646239152,37.3890081481295));
#9063=CARTESIAN_POINT('Ctrl Pts',(-0.947662217166405,-11.4365821723883,
38.0118151656734));
#9064=CARTESIAN_POINT('Ctrl Pts',(4.60976742519449,-10.5092111858717,38.6346221832173));
#9065=CARTESIAN_POINT('Ctrl Pts',(9.05600111641695,-7.04856859533124,39.2574292007611));
#9066=CARTESIAN_POINT('Ctrl Pts',(11.3192631203763,-1.88885094047274,39.880236218305));
#9067=CARTESIAN_POINT('Ctrl Pts',(10.8539884783242,3.7261789511563,40.5030432358488));
#9068=CARTESIAN_POINT('Ctrl Pts',(7.77233280479134,8.44300410015294,41.1258502533928));
#9069=CARTESIAN_POINT('Ctrl Pts',(2.81713689658595,11.1246220236702,41.7486572709365));
#9070=CARTESIAN_POINT('Ctrl Pts',(-2.81713689658602,11.1246220236702,42.3714642884805));
#9071=CARTESIAN_POINT('Ctrl Pts',(-7.77233280479135,8.44300410015292,42.9942713060242));
#9072=CARTESIAN_POINT('Ctrl Pts',(-10.8539884783242,3.72617895115631,43.6170783235682));
#9073=CARTESIAN_POINT('Ctrl Pts',(-11.3192631203763,-1.88885094047275,44.239885341112));
#9074=CARTESIAN_POINT('Ctrl Pts',(-9.05600111641694,-7.04856859533126,44.8626923586558));
#9075=CARTESIAN_POINT('Ctrl Pts',(-4.60976742519448,-10.5092111858717,45.4854993761997));
#9076=CARTESIAN_POINT('Ctrl Pts',(0.947662217166401,-11.4365821723883,46.1083063937436));
#9077=CARTESIAN_POINT('Ctrl Pts',(6.27665551521049,-9.60713646239152,46.7311134112874));
#9078=CARTESIAN_POINT('Ctrl Pts',(10.0926453248197,-5.4618665134759,47.3539204288313));
#9079=CARTESIAN_POINT('Ctrl Pts',(11.4757777716212,-1.87467742461079E-14,
47.9767274463751));
#9080=CARTESIAN_POINT('Ctrl Pts',(10.0926453248198,5.46186651347587,48.5995344639191));
#9081=CARTESIAN_POINT('Ctrl Pts',(6.27665551521051,9.60713646239151,49.2223414814628));
#9082=CARTESIAN_POINT('Ctrl Pts',(0.947662217166447,11.4365821723883,49.8451484990068));
#9083=CARTESIAN_POINT('Ctrl Pts',(-4.60976742519447,10.5092111858717,50.4679555165506));
#9084=CARTESIAN_POINT('Ctrl Pts',(-9.05600111641686,7.04856859533132,51.0907625340944));
#9085=CARTESIAN_POINT('Ctrl Pts',(-11.3192631203764,1.8888509404727,51.7135695516384));
#9086=CARTESIAN_POINT('Ctrl Pts',(-10.8539884783239,-3.72617895115613,52.3363765691821));
#9087=CARTESIAN_POINT('Ctrl Pts',(-7.77233280479188,-8.44300410015331,52.9591835867261));
#9088=CARTESIAN_POINT('Ctrl Pts',(-2.81713689658482,-11.1246220236695,53.5819906042699));
#9089=CARTESIAN_POINT('Ctrl Pts',(2.81713689658373,-11.1246220236717,54.2047976218137));
#9090=CARTESIAN_POINT('Ctrl Pts',(7.77233280479594,-8.44300410014999,54.8276046393577));
#9091=CARTESIAN_POINT('Ctrl Pts',(10.8539884783149,-3.72617895116227,55.4504116569015));
#9092=CARTESIAN_POINT('Ctrl Pts',(11.319263120395,1.88885094048485,56.0732186744453));
#9093=CARTESIAN_POINT('Ctrl Pts',(9.05600111637899,7.04856859530679,56.6960256919892));
#9094=CARTESIAN_POINT('Ctrl Pts',(4.6097674252713,10.5092111859212,57.318832709533));
#9095=CARTESIAN_POINT('Ctrl Pts',(-0.947662217321805,11.4365821722882,57.9416397270769));
#9096=CARTESIAN_POINT('Ctrl Pts',(-6.27665551489607,9.60713646259402,58.5644467446208));
#9097=CARTESIAN_POINT('Ctrl Pts',(-10.0926453254559,5.46186651306617,59.1872537621646));
#9098=CARTESIAN_POINT('Ctrl Pts',(-11.4757777703338,8.29132936091521E-10,
59.8100607797085));
#9099=CARTESIAN_POINT('Ctrl Pts',(-10.0926453274247,-5.46186651515352,60.4328677972524));
#9100=CARTESIAN_POINT('Ctrl Pts',(-6.27665550993951,-9.60713645899686,61.0556748147962));
#9101=CARTESIAN_POINT('Ctrl Pts',(-0.947662227832098,-11.4365821792572,
61.6784818323401));
#9102=CARTESIAN_POINT('Ctrl Pts',(4.60976744677592,-10.5092111719727,62.3012888498839));
#9103=CARTESIAN_POINT('Ctrl Pts',(9.05600107274772,-7.04856862345532,62.9240958674278));
#9104=CARTESIAN_POINT('Ctrl Pts',(11.3192632087391,-1.88885088356495,63.5469028849716));
#9105=CARTESIAN_POINT('Ctrl Pts',(10.8539882995258,3.72617883600578,64.1697099025156));
#9106=CARTESIAN_POINT('Ctrl Pts',(7.77233316658241,8.44300433315525,64.7925169200594));
#9107=CARTESIAN_POINT('Ctrl Pts',(2.81713616451692,11.1246215521999,65.4153239376032));
#9108=CARTESIAN_POINT('Ctrl Pts',(-2.81713541527511,11.1246229776705,66.0381309551472));
#9109=CARTESIAN_POINT('Ctrl Pts',(-7.77233580216168,8.44300216977348,66.6609379726909));
#9110=CARTESIAN_POINT('Ctrl Pts',(-10.8539824132691,3.72618285719821,67.2837449902349));
#9111=CARTESIAN_POINT('Ctrl Pts',(-11.3192753927981,-1.8888588441909,67.9065520077786));
#9112=CARTESIAN_POINT('Ctrl Pts',(-9.05597628314082,-7.04855260238864,68.5293590253226));
#9113=CARTESIAN_POINT('Ctrl Pts',(-4.60981768299613,-10.5092435484331,69.1521660428664));
#9114=CARTESIAN_POINT('Ctrl Pts',(0.947764022855248,-11.4365166658831,69.7749730604103));
#9115=CARTESIAN_POINT('Ctrl Pts',(6.27644734975004,-9.60726934710246,70.3977800779541));
#9116=CARTESIAN_POINT('Ctrl Pts',(10.0930833515599,-5.46159284746317,71.020587095498));
#9117=CARTESIAN_POINT('Ctrl Pts',(11.0138256369788,-1.82095076716549,71.4357917738605));
#9118=CARTESIAN_POINT('Ctrl Pts',(11.0138256369788,-2.42784833628476E-14,
71.6433941130418));
#9119=CARTESIAN_POINT('Ctrl Pts',(11.22,0.,0.215423496246157));
#9120=CARTESIAN_POINT('Ctrl Pts',(11.22,1.85555934328207,0.423025835427444));
#9121=CARTESIAN_POINT('Ctrl Pts',(10.2821166188017,5.56356995447181,0.838230513790018));
#9122=CARTESIAN_POINT('Ctrl Pts',(6.39396299687803,9.78731170866362,1.46103753133388));
#9123=CARTESIAN_POINT('Ctrl Pts',(0.965519216694618,11.6506059084688,2.08384454887774));
#9124=CARTESIAN_POINT('Ctrl Pts',(-4.69614373247721,10.7060706529762,2.70665156642159));
#9125=CARTESIAN_POINT('Ctrl Pts',(-9.2255543842119,7.18052542505721,3.32945858396545));
#9126=CARTESIAN_POINT('Ctrl Pts',(-11.5312382393416,1.92423735616225,3.95226560150932));
#9127=CARTESIAN_POINT('Ctrl Pts',(-11.057230930331,-3.79596248719175,4.57507261905317));
#9128=CARTESIAN_POINT('Ctrl Pts',(-7.91787884933347,-8.60110171877225,5.19787963659704));
#9129=CARTESIAN_POINT('Ctrl Pts',(-2.86988828044213,-11.3329408865253,5.82068665414089));
#9130=CARTESIAN_POINT('Ctrl Pts',(2.86988909965332,-11.3329379533027,6.44349367168476));
#9131=CARTESIAN_POINT('Ctrl Pts',(7.91787596762571,-8.60110617041099,7.0663006892286));
#9132=CARTESIAN_POINT('Ctrl Pts',(11.0572373662868,-3.7959542126934,7.68910770677248));
#9133=CARTESIAN_POINT('Ctrl Pts',(11.5312249174513,1.92422097538668,8.31191472431633));
#9134=CARTESIAN_POINT('Ctrl Pts',(9.22558148884292,7.1805583922333,8.93472174186019));
#9135=CARTESIAN_POINT('Ctrl Pts',(4.69608880485314,10.7060040270691,9.55752875940405));
#9136=CARTESIAN_POINT('Ctrl Pts',(-0.965407915351712,11.6507407743153,10.1803357769479));
#9137=CARTESIAN_POINT('Ctrl Pts',(-6.39419059649831,9.78703729872677,10.8031427944918));
#9138=CARTESIAN_POINT('Ctrl Pts',(-10.2816376889587,5.56414406817598,11.4259498120356));
#9139=CARTESIAN_POINT('Ctrl Pts',(-11.69067032503,-1.70605260920654E-9,
12.0487568295795));
#9140=CARTESIAN_POINT('Ctrl Pts',(-10.2816376868061,-5.5641440638807,12.6715638471233));
#9141=CARTESIAN_POINT('Ctrl Pts',(-6.39419060191778,-9.7870373061287,13.2943708646672));
#9142=CARTESIAN_POINT('Ctrl Pts',(-0.965407903859937,-11.650740759975,13.9171778822111));
#9143=CARTESIAN_POINT('Ctrl Pts',(4.69608878134018,-10.7060040557711,14.5399848997549));
#9144=CARTESIAN_POINT('Ctrl Pts',(9.22558153654878,-7.18055833431155,15.1627919172988));
#9145=CARTESIAN_POINT('Ctrl Pts',(11.531224820857,-1.92422109251198,15.7855989348426));
#9146=CARTESIAN_POINT('Ctrl Pts',(11.0572375617725,3.79595444965352,16.4084059523865));
#9147=CARTESIAN_POINT('Ctrl Pts',(7.91787557205308,8.60110569095093,17.0312129699304));
#9148=CARTESIAN_POINT('Ctrl Pts',(2.86988990008555,11.3329389234607,17.6540199874742));
#9149=CARTESIAN_POINT('Ctrl Pts',(-2.8698899000868,11.3329389234562,18.2768270050181));
#9150=CARTESIAN_POINT('Ctrl Pts',(-7.91787557204868,8.60110569095775,18.899634022562));
#9151=CARTESIAN_POINT('Ctrl Pts',(-11.0572375617824,3.79595444964086,19.5224410401058));
#9152=CARTESIAN_POINT('Ctrl Pts',(-11.5312248208367,-1.92422109248695,20.1452480576497));
#9153=CARTESIAN_POINT('Ctrl Pts',(-9.22558153659019,-7.18055833436194,20.7680550751935));
#9154=CARTESIAN_POINT('Ctrl Pts',(-4.69608878125625,-10.7060040556693,21.3908620927374));
#9155=CARTESIAN_POINT('Ctrl Pts',(0.965407903690054,-11.650740760181,22.0136691102812));
#9156=CARTESIAN_POINT('Ctrl Pts',(6.39419060226155,-9.78703730571201,22.6364761278251));
#9157=CARTESIAN_POINT('Ctrl Pts',(10.2816376861105,-5.56414406472385,23.259283145369));
#9158=CARTESIAN_POINT('Ctrl Pts',(11.6906703264376,-1.39088970213059E-14,
23.8820901629128));
#9159=CARTESIAN_POINT('Ctrl Pts',(10.2816376861105,5.56414406472385,24.5048971804567));
#9160=CARTESIAN_POINT('Ctrl Pts',(6.39419060226157,9.787037305712,25.1277041980005));
#9161=CARTESIAN_POINT('Ctrl Pts',(0.965407903690027,11.650740760181,25.7505112155444));
#9162=CARTESIAN_POINT('Ctrl Pts',(-4.69608878125624,10.7060040556693,26.3733182330883));
#9163=CARTESIAN_POINT('Ctrl Pts',(-9.22558153659028,7.18055833436184,26.9961252506321));
#9164=CARTESIAN_POINT('Ctrl Pts',(-11.5312248208365,1.92422109248713,27.618932268176));
#9165=CARTESIAN_POINT('Ctrl Pts',(-11.0572375617827,-3.79595444964123,28.2417392857198));
#9166=CARTESIAN_POINT('Ctrl Pts',(-7.91787557204808,-8.601105690957,28.8645463032637));
#9167=CARTESIAN_POINT('Ctrl Pts',(-2.86988990008803,-11.3329389234576,29.4873533208076));
#9168=CARTESIAN_POINT('Ctrl Pts',(2.86988990008801,-11.3329389234576,30.1101603383514));
#9169=CARTESIAN_POINT('Ctrl Pts',(7.91787557204806,-8.60110569095702,30.7329673558953));
#9170=CARTESIAN_POINT('Ctrl Pts',(11.0572375617827,-3.79595444964126,31.3557743734391));
#9171=CARTESIAN_POINT('Ctrl Pts',(11.5312248208365,1.92422109248712,31.978581390983));
#9172=CARTESIAN_POINT('Ctrl Pts',(9.22558153659028,7.18055833436185,32.6013884085268));
#9173=CARTESIAN_POINT('Ctrl Pts',(4.69608878125621,10.7060040556693,33.2241954260708));
#9174=CARTESIAN_POINT('Ctrl Pts',(-0.965407903690036,11.6507407601809,33.8470024436146));
#9175=CARTESIAN_POINT('Ctrl Pts',(-6.39419060226155,9.787037305712,34.4698094611584));
#9176=CARTESIAN_POINT('Ctrl Pts',(-10.2816376861105,5.56414406472386,35.0926164787023));
#9177=CARTESIAN_POINT('Ctrl Pts',(-11.6906703264376,1.02804891027044E-14,
35.7154234962462));
#9178=CARTESIAN_POINT('Ctrl Pts',(-10.2816376861105,-5.56414406472384,36.33823051379));
#9179=CARTESIAN_POINT('Ctrl Pts',(-6.39419060226155,-9.78703730571202,36.9610375313339));
#9180=CARTESIAN_POINT('Ctrl Pts',(-0.965407903690023,-11.6507407601809,
37.5838445488778));
#9181=CARTESIAN_POINT('Ctrl Pts',(4.69608878125623,-10.7060040556693,38.2066515664216));
#9182=CARTESIAN_POINT('Ctrl Pts',(9.22558153659028,-7.18055833436184,38.8294585839655));
#9183=CARTESIAN_POINT('Ctrl Pts',(11.5312248208365,-1.92422109248713,39.4522656015093));
#9184=CARTESIAN_POINT('Ctrl Pts',(11.0572375617827,3.79595444964123,40.0750726190532));
#9185=CARTESIAN_POINT('Ctrl Pts',(7.91787557204807,8.60110569095702,40.6978796365971));
#9186=CARTESIAN_POINT('Ctrl Pts',(2.86988990008799,11.3329389234577,41.3206866541409));
#9187=CARTESIAN_POINT('Ctrl Pts',(-2.86988990008806,11.3329389234576,41.9434936716848));
#9188=CARTESIAN_POINT('Ctrl Pts',(-7.91787557204809,8.60110569095698,42.5663006892286));
#9189=CARTESIAN_POINT('Ctrl Pts',(-11.0572375617827,3.79595444964124,43.1891077067725));
#9190=CARTESIAN_POINT('Ctrl Pts',(-11.5312248208365,-1.92422109248714,43.8119147243163));
#9191=CARTESIAN_POINT('Ctrl Pts',(-9.22558153659026,-7.18055833436186,44.4347217418602));
#9192=CARTESIAN_POINT('Ctrl Pts',(-4.69608878125621,-10.7060040556693,45.0575287594041));
#9193=CARTESIAN_POINT('Ctrl Pts',(0.965407903690017,-11.6507407601809,45.6803357769479));
#9194=CARTESIAN_POINT('Ctrl Pts',(6.39419060226155,-9.78703730571203,46.3031427944918));
#9195=CARTESIAN_POINT('Ctrl Pts',(10.2816376861105,-5.56414406472384,46.9259498120357));
#9196=CARTESIAN_POINT('Ctrl Pts',(11.6906703264376,-2.1165712858509E-14,
47.5487568295795));
#9197=CARTESIAN_POINT('Ctrl Pts',(10.2816376861105,5.56414406472382,48.1715638471234));
#9198=CARTESIAN_POINT('Ctrl Pts',(6.39419060226158,9.78703730571199,48.7943708646672));
#9199=CARTESIAN_POINT('Ctrl Pts',(0.965407903690066,11.650740760181,49.4171778822111));
#9200=CARTESIAN_POINT('Ctrl Pts',(-4.69608878125622,10.7060040556693,50.0399848997549));
#9201=CARTESIAN_POINT('Ctrl Pts',(-9.22558153659017,7.18055833436197,50.6627919172989));
#9202=CARTESIAN_POINT('Ctrl Pts',(-11.5312248208367,1.924221092487,51.2855989348426));
#9203=CARTESIAN_POINT('Ctrl Pts',(-11.0572375617824,-3.79595444964087,51.9084059523865));
#9204=CARTESIAN_POINT('Ctrl Pts',(-7.91787557204866,-8.60110569095777,52.5312129699304));
#9205=CARTESIAN_POINT('Ctrl Pts',(-2.86988990008676,-11.3329389234562,53.1540199874743));
#9206=CARTESIAN_POINT('Ctrl Pts',(2.86988990008556,-11.3329389234606,53.776827005018));
#9207=CARTESIAN_POINT('Ctrl Pts',(7.9178755720531,-8.60110569095093,54.399634022562));
#9208=CARTESIAN_POINT('Ctrl Pts',(11.0572375617725,-3.79595444965351,55.0224410401058));
#9209=CARTESIAN_POINT('Ctrl Pts',(11.531224820857,1.92422109251201,55.6452480576497));
#9210=CARTESIAN_POINT('Ctrl Pts',(9.22558153654877,7.18055833431154,56.2680550751935));
#9211=CARTESIAN_POINT('Ctrl Pts',(4.6960887813402,10.7060040557711,56.8908620927374));
#9212=CARTESIAN_POINT('Ctrl Pts',(-0.965407903859929,11.650740759975,57.5136691102812));
#9213=CARTESIAN_POINT('Ctrl Pts',(-6.39419060191777,9.78703730612869,58.1364761278251));
#9214=CARTESIAN_POINT('Ctrl Pts',(-10.2816376868061,5.56414406388073,58.7592831453689));
#9215=CARTESIAN_POINT('Ctrl Pts',(-11.69067032503,1.70608828855021E-9,59.3820901629129));
#9216=CARTESIAN_POINT('Ctrl Pts',(-10.2816376889587,-5.56414406817596,60.0048971804566));
#9217=CARTESIAN_POINT('Ctrl Pts',(-6.39419059649833,-9.78703729872676,60.6277041980006));
#9218=CARTESIAN_POINT('Ctrl Pts',(-0.96540791535175,-11.6507407743153,61.2505112155443));
#9219=CARTESIAN_POINT('Ctrl Pts',(4.69608880485309,-10.7060040270691,61.8733182330884));
#9220=CARTESIAN_POINT('Ctrl Pts',(9.22558148884289,-7.18055839223334,62.496125250632));
#9221=CARTESIAN_POINT('Ctrl Pts',(11.5312249174513,-1.92422097538668,63.1189322681761));
#9222=CARTESIAN_POINT('Ctrl Pts',(11.0572373662868,3.79595421269342,63.7417392857198));
#9223=CARTESIAN_POINT('Ctrl Pts',(7.91787596762569,8.60110617041102,64.3645463032637));
#9224=CARTESIAN_POINT('Ctrl Pts',(2.8698890996533,11.3329379533027,64.9873533208075));
#9225=CARTESIAN_POINT('Ctrl Pts',(-2.86988828044213,11.3329408865253,65.6101603383515));
#9226=CARTESIAN_POINT('Ctrl Pts',(-7.91787884933348,8.60110171877224,66.2329673558952));
#9227=CARTESIAN_POINT('Ctrl Pts',(-11.057230930331,3.79596248719174,66.8557743734392));
#9228=CARTESIAN_POINT('Ctrl Pts',(-11.5312382393416,-1.92423735616224,67.478581390983));
#9229=CARTESIAN_POINT('Ctrl Pts',(-9.22555438421193,-7.18052542505721,68.1013884085269));
#9230=CARTESIAN_POINT('Ctrl Pts',(-4.69614373247722,-10.7060706529762,68.7241954260707));
#9231=CARTESIAN_POINT('Ctrl Pts',(0.965519216694619,-11.6506059084688,69.3470024436145));
#9232=CARTESIAN_POINT('Ctrl Pts',(6.39396299687801,-9.78731170866362,69.9698094611585));
#9233=CARTESIAN_POINT('Ctrl Pts',(10.2821166188017,-5.56356995447183,70.5926164787023));
#9234=CARTESIAN_POINT('Ctrl Pts',(11.22,-1.8555593432821,71.0078211570649));
#9235=CARTESIAN_POINT('Ctrl Pts',(11.22,-2.47329667555799E-14,71.2154234962462));
#9236=CARTESIAN_POINT('Ctrl Pts',(11.22,0.,8.81745695386094E-17));
#9237=CARTESIAN_POINT('Ctrl Pts',(11.22,1.85519313543566,0.207602339181287));
#9238=CARTESIAN_POINT('Ctrl Pts',(10.2820499796524,5.56375386372382,0.622807017543859));
#9239=CARTESIAN_POINT('Ctrl Pts',(6.39394677037982,9.78717245108313,1.24561403508772));
#9240=CARTESIAN_POINT('Ctrl Pts',(0.965509775718914,11.6506043101575,1.86842105263158));
#9241=CARTESIAN_POINT('Ctrl Pts',(-4.69612115609087,10.706001563603,2.49122807017544));
#9242=CARTESIAN_POINT('Ctrl Pts',(-9.22551651606578,7.18050661431949,3.1140350877193));
#9243=CARTESIAN_POINT('Ctrl Pts',(-11.5311886345914,1.92422341514447,3.73684210526316));
#9244=CARTESIAN_POINT('Ctrl Pts',(-11.0571843002973,-3.79594351783369,4.35964912280702));
#9245=CARTESIAN_POINT('Ctrl Pts',(-7.91784507329593,-8.60106660852828,4.98245614035088));
#9246=CARTESIAN_POINT('Ctrl Pts',(-2.86987617281203,-11.332892071076,5.60526315789473));
#9247=CARTESIAN_POINT('Ctrl Pts',(2.86987695270921,-11.3328901786596,6.2280701754386));
#9248=CARTESIAN_POINT('Ctrl Pts',(7.91784232988154,-8.60106948057566,6.85087719298245));
#9249=CARTESIAN_POINT('Ctrl Pts',(11.0571904273911,-3.79593817940643,7.47368421052632));
#9250=CARTESIAN_POINT('Ctrl Pts',(11.5311759520196,1.92421284682616,8.09649122807017));
#9251=CARTESIAN_POINT('Ctrl Pts',(9.22554231994351,7.18052788353697,8.71929824561404));
#9252=CARTESIAN_POINT('Ctrl Pts',(4.69606886444762,10.7059585802534,9.34210526315789));
#9253=CARTESIAN_POINT('Ctrl Pts',(-0.965403815735861,11.6506913010483,9.96491228070176));
#9254=CARTESIAN_POINT('Ctrl Pts',(-6.39416344747714,9.78699574611159,10.5877192982456));
#9255=CARTESIAN_POINT('Ctrl Pts',(-10.2815940336887,5.56412044197435,11.2105263157895));
#9256=CARTESIAN_POINT('Ctrl Pts',(-11.6906206873077,-1.10068721786279E-9,
11.8333333333333));
#9257=CARTESIAN_POINT('Ctrl Pts',(-10.2815940316394,-5.56412043920317,12.4561403508772));
#9258=CARTESIAN_POINT('Ctrl Pts',(-6.39416345263651,-9.78699575088706,13.0789473684211));
#9259=CARTESIAN_POINT('Ctrl Pts',(-0.965403804795581,-11.6506912917964,
13.7017543859649));
#9260=CARTESIAN_POINT('Ctrl Pts',(4.69606884206305,-10.705958598771,14.3245614035088));
#9261=CARTESIAN_POINT('Ctrl Pts',(9.22554236535995,-7.1805278461678,14.9473684210526));
#9262=CARTESIAN_POINT('Ctrl Pts',(11.5311758600609,-1.92421292239147,15.5701754385965));
#9263=CARTESIAN_POINT('Ctrl Pts',(11.0571906134955,3.79593833228513,16.1929824561403));
#9264=CARTESIAN_POINT('Ctrl Pts',(7.91784195329248,8.60106917124417,16.8157894736842));
#9265=CARTESIAN_POINT('Ctrl Pts',(2.86987771472863,11.3328908045728,17.4385964912281));
#9266=CARTESIAN_POINT('Ctrl Pts',(-2.86987771472982,11.3328908045699,18.0614035087719));
#9267=CARTESIAN_POINT('Ctrl Pts',(-7.91784195328828,8.60106917124858,18.6842105263158));
#9268=CARTESIAN_POINT('Ctrl Pts',(-11.0571906135049,3.79593833227695,19.3070175438596));
#9269=CARTESIAN_POINT('Ctrl Pts',(-11.5311758600415,-1.92421292237532,19.9298245614035));
#9270=CARTESIAN_POINT('Ctrl Pts',(-9.22554236539938,-7.18052784620032,20.5526315789474));
#9271=CARTESIAN_POINT('Ctrl Pts',(-4.69606884198315,-10.7059585987053,21.1754385964912));
#9272=CARTESIAN_POINT('Ctrl Pts',(0.965403804633852,-11.6506912919293,21.7982456140351));
#9273=CARTESIAN_POINT('Ctrl Pts',(6.39416345296379,-9.78699575061824,22.421052631579));
#9274=CARTESIAN_POINT('Ctrl Pts',(10.2815940309772,-5.56412043974714,23.0438596491228));
#9275=CARTESIAN_POINT('Ctrl Pts',(11.6906206886477,-1.14899584089049E-14,
23.6666666666666));
#9276=CARTESIAN_POINT('Ctrl Pts',(10.2815940309772,5.56412043974714,24.2894736842106));
#9277=CARTESIAN_POINT('Ctrl Pts',(6.3941634529638,9.78699575061824,24.9122807017544));
#9278=CARTESIAN_POINT('Ctrl Pts',(0.965403804633826,11.6506912919292,25.5350877192983));
#9279=CARTESIAN_POINT('Ctrl Pts',(-4.69606884198313,10.7059585987053,26.1578947368421));
#9280=CARTESIAN_POINT('Ctrl Pts',(-9.22554236539947,7.18052784620024,26.780701754386));
#9281=CARTESIAN_POINT('Ctrl Pts',(-11.5311758600414,1.92421292237543,27.4035087719298));
#9282=CARTESIAN_POINT('Ctrl Pts',(-11.0571906135051,-3.7959383322772,28.0263157894737));
#9283=CARTESIAN_POINT('Ctrl Pts',(-7.91784195328771,-8.60106917124809,28.6491228070175));
#9284=CARTESIAN_POINT('Ctrl Pts',(-2.86987771473099,-11.3328908045709,29.2719298245614));
#9285=CARTESIAN_POINT('Ctrl Pts',(2.86987771473097,-11.3328908045709,29.8947368421053));
#9286=CARTESIAN_POINT('Ctrl Pts',(7.9178419532877,-8.60106917124811,30.5175438596491));
#9287=CARTESIAN_POINT('Ctrl Pts',(11.0571906135051,-3.79593833227722,31.140350877193));
#9288=CARTESIAN_POINT('Ctrl Pts',(11.5311758600414,1.92421292237543,31.7631578947368));
#9289=CARTESIAN_POINT('Ctrl Pts',(9.22554236539946,7.18052784620024,32.3859649122807));
#9290=CARTESIAN_POINT('Ctrl Pts',(4.69606884198312,10.7059585987053,33.0087719298246));
#9291=CARTESIAN_POINT('Ctrl Pts',(-0.965403804633836,11.6506912919292,33.6315789473684));
#9292=CARTESIAN_POINT('Ctrl Pts',(-6.39416345296379,9.78699575061824,34.2543859649123));
#9293=CARTESIAN_POINT('Ctrl Pts',(-10.2815940309772,5.56412043974715,34.8771929824561));
#9294=CARTESIAN_POINT('Ctrl Pts',(-11.6906206886477,1.33041623682057E-14,
35.5));
#9295=CARTESIAN_POINT('Ctrl Pts',(-10.2815940309772,-5.56412043974715,36.1228070175438));
#9296=CARTESIAN_POINT('Ctrl Pts',(-6.3941634529638,-9.78699575061824,36.7456140350877));
#9297=CARTESIAN_POINT('Ctrl Pts',(-0.965403804633814,-11.6506912919292,
37.3684210526316));
#9298=CARTESIAN_POINT('Ctrl Pts',(4.69606884198313,-10.7059585987053,37.9912280701754));
#9299=CARTESIAN_POINT('Ctrl Pts',(9.22554236539946,-7.18052784620025,38.6140350877193));
#9300=CARTESIAN_POINT('Ctrl Pts',(11.5311758600414,-1.92421292237543,39.2368421052631));
#9301=CARTESIAN_POINT('Ctrl Pts',(11.0571906135051,3.79593833227719,39.859649122807));
#9302=CARTESIAN_POINT('Ctrl Pts',(7.91784195328771,8.60106917124811,40.4824561403509));
#9303=CARTESIAN_POINT('Ctrl Pts',(2.86987771473096,11.3328908045709,41.1052631578947));
#9304=CARTESIAN_POINT('Ctrl Pts',(-2.86987771473103,11.3328908045709,41.7280701754386));
#9305=CARTESIAN_POINT('Ctrl Pts',(-7.91784195328771,8.60106917124807,42.3508771929825));
#9306=CARTESIAN_POINT('Ctrl Pts',(-11.0571906135052,3.7959383322772,42.9736842105263));
#9307=CARTESIAN_POINT('Ctrl Pts',(-11.5311758600414,-1.92421292237545,43.5964912280702));
#9308=CARTESIAN_POINT('Ctrl Pts',(-9.22554236539944,-7.18052784620026,44.2192982456141));
#9309=CARTESIAN_POINT('Ctrl Pts',(-4.69606884198312,-10.7059585987053,44.8421052631579));
#9310=CARTESIAN_POINT('Ctrl Pts',(0.965403804633813,-11.6506912919292,45.4649122807018));
#9311=CARTESIAN_POINT('Ctrl Pts',(6.39416345296379,-9.78699575061826,46.0877192982456));
#9312=CARTESIAN_POINT('Ctrl Pts',(10.2815940309772,-5.56412043974713,46.7105263157895));
#9313=CARTESIAN_POINT('Ctrl Pts',(11.6906206886477,-2.53988554302108E-14,
47.3333333333333));
#9314=CARTESIAN_POINT('Ctrl Pts',(10.2815940309772,5.56412043974712,47.9561403508772));
#9315=CARTESIAN_POINT('Ctrl Pts',(6.39416345296381,9.78699575061822,48.578947368421));
#9316=CARTESIAN_POINT('Ctrl Pts',(0.965403804633865,11.6506912919293,49.2017543859649));
#9317=CARTESIAN_POINT('Ctrl Pts',(-4.69606884198312,10.7059585987053,49.8245614035088));
#9318=CARTESIAN_POINT('Ctrl Pts',(-9.22554236539936,7.18052784620036,50.4473684210527));
#9319=CARTESIAN_POINT('Ctrl Pts',(-11.5311758600415,1.92421292237536,51.0701754385964));
#9320=CARTESIAN_POINT('Ctrl Pts',(-11.0571906135049,-3.79593833227695,51.6929824561404));
#9321=CARTESIAN_POINT('Ctrl Pts',(-7.91784195328827,-8.6010691712486,52.3157894736842));
#9322=CARTESIAN_POINT('Ctrl Pts',(-2.86987771472978,-11.33289080457,52.9385964912281));
#9323=CARTESIAN_POINT('Ctrl Pts',(2.86987771472864,-11.3328908045728,53.561403508772));
#9324=CARTESIAN_POINT('Ctrl Pts',(7.91784195329248,-8.60106917124418,54.1842105263158));
#9325=CARTESIAN_POINT('Ctrl Pts',(11.0571906134955,-3.79593833228512,54.8070175438596));
#9326=CARTESIAN_POINT('Ctrl Pts',(11.5311758600609,1.9242129223915,55.4298245614035));
#9327=CARTESIAN_POINT('Ctrl Pts',(9.22554236535994,7.18052784616778,56.0526315789474));
#9328=CARTESIAN_POINT('Ctrl Pts',(4.69606884206308,10.705958598771,56.6754385964912));
#9329=CARTESIAN_POINT('Ctrl Pts',(-0.965403804795574,11.6506912917964,57.2982456140351));
#9330=CARTESIAN_POINT('Ctrl Pts',(-6.3941634526365,9.78699575088708,57.921052631579));
#9331=CARTESIAN_POINT('Ctrl Pts',(-10.2815940316394,5.56412043920319,58.5438596491228));
#9332=CARTESIAN_POINT('Ctrl Pts',(-11.6906206873077,1.10072833981864E-9,
59.1666666666667));
#9333=CARTESIAN_POINT('Ctrl Pts',(-10.2815940336887,-5.56412044197433,59.7894736842105));
#9334=CARTESIAN_POINT('Ctrl Pts',(-6.39416344747714,-9.78699574611159,60.4122807017544));
#9335=CARTESIAN_POINT('Ctrl Pts',(-0.965403815735899,-11.6506913010483,
61.0350877192982));
#9336=CARTESIAN_POINT('Ctrl Pts',(4.69606886444757,-10.7059585802534,61.6578947368422));
#9337=CARTESIAN_POINT('Ctrl Pts',(9.22554231994348,-7.18052788353701,62.2807017543859));
#9338=CARTESIAN_POINT('Ctrl Pts',(11.5311759520196,-1.92421284682617,62.9035087719299));
#9339=CARTESIAN_POINT('Ctrl Pts',(11.0571904273911,3.79593817940645,63.5263157894736));
#9340=CARTESIAN_POINT('Ctrl Pts',(7.91784232988153,8.60106948057569,64.1491228070176));
#9341=CARTESIAN_POINT('Ctrl Pts',(2.86987695270919,11.3328901786596,64.7719298245614));
#9342=CARTESIAN_POINT('Ctrl Pts',(-2.86987617281203,11.332892071076,65.3947368421053));
#9343=CARTESIAN_POINT('Ctrl Pts',(-7.91784507329594,8.60106660852827,66.0175438596492));
#9344=CARTESIAN_POINT('Ctrl Pts',(-11.0571843002973,3.79594351783368,66.640350877193));
#9345=CARTESIAN_POINT('Ctrl Pts',(-11.5311886345913,-1.92422341514447,67.2631578947368));
#9346=CARTESIAN_POINT('Ctrl Pts',(-9.2255165160658,-7.18050661431947,67.8859649122807));
#9347=CARTESIAN_POINT('Ctrl Pts',(-4.69612115609087,-10.706001563603,68.5087719298245));
#9348=CARTESIAN_POINT('Ctrl Pts',(0.96550977571891,-11.6506043101575,69.1315789473685));
#9349=CARTESIAN_POINT('Ctrl Pts',(6.39394677037981,-9.78717245108314,69.7543859649122));
#9350=CARTESIAN_POINT('Ctrl Pts',(10.2820499796524,-5.56375386372384,70.3771929824562));
#9351=CARTESIAN_POINT('Ctrl Pts',(11.22,-1.85519313543569,70.7923976608187));
#9352=CARTESIAN_POINT('Ctrl Pts',(11.22,-2.47329667555799E-14,71.));
#9353=CARTESIAN_POINT('',(11.22,0.,-8.81745695386094E-17));
#9354=CARTESIAN_POINT('Origin',(10.5,0.,0.));
#9355=CARTESIAN_POINT('',(11.22,-2.47329667555799E-14,71.));
#9356=CARTESIAN_POINT('Ctrl Pts',(11.22,0.,8.81745695386094E-17));
#9357=CARTESIAN_POINT('Ctrl Pts',(11.22,1.85519313543566,0.207602339181287));
#9358=CARTESIAN_POINT('Ctrl Pts',(10.2820499796524,5.56375386372382,0.622807017543859));
#9359=CARTESIAN_POINT('Ctrl Pts',(6.39394677037982,9.78717245108313,1.24561403508772));
#9360=CARTESIAN_POINT('Ctrl Pts',(0.965509775718914,11.6506043101575,1.86842105263158));
#9361=CARTESIAN_POINT('Ctrl Pts',(-4.69612115609087,10.706001563603,2.49122807017544));
#9362=CARTESIAN_POINT('Ctrl Pts',(-9.22551651606578,7.18050661431949,3.1140350877193));
#9363=CARTESIAN_POINT('Ctrl Pts',(-11.5311886345914,1.92422341514447,3.73684210526316));
#9364=CARTESIAN_POINT('Ctrl Pts',(-11.0571843002973,-3.79594351783369,4.35964912280702));
#9365=CARTESIAN_POINT('Ctrl Pts',(-7.91784507329593,-8.60106660852828,4.98245614035088));
#9366=CARTESIAN_POINT('Ctrl Pts',(-2.86987617281203,-11.332892071076,5.60526315789473));
#9367=CARTESIAN_POINT('Ctrl Pts',(2.86987695270921,-11.3328901786596,6.2280701754386));
#9368=CARTESIAN_POINT('Ctrl Pts',(7.91784232988154,-8.60106948057566,6.85087719298245));
#9369=CARTESIAN_POINT('Ctrl Pts',(11.0571904273911,-3.79593817940643,7.47368421052632));
#9370=CARTESIAN_POINT('Ctrl Pts',(11.5311759520196,1.92421284682616,8.09649122807017));
#9371=CARTESIAN_POINT('Ctrl Pts',(9.22554231994351,7.18052788353697,8.71929824561404));
#9372=CARTESIAN_POINT('Ctrl Pts',(4.69606886444762,10.7059585802534,9.34210526315789));
#9373=CARTESIAN_POINT('Ctrl Pts',(-0.965403815735861,11.6506913010483,9.96491228070176));
#9374=CARTESIAN_POINT('Ctrl Pts',(-6.39416344747714,9.78699574611159,10.5877192982456));
#9375=CARTESIAN_POINT('Ctrl Pts',(-10.2815940336887,5.56412044197435,11.2105263157895));
#9376=CARTESIAN_POINT('Ctrl Pts',(-11.6906206873077,-1.10068721786279E-9,
11.8333333333333));
#9377=CARTESIAN_POINT('Ctrl Pts',(-10.2815940316394,-5.56412043920317,12.4561403508772));
#9378=CARTESIAN_POINT('Ctrl Pts',(-6.39416345263651,-9.78699575088706,13.0789473684211));
#9379=CARTESIAN_POINT('Ctrl Pts',(-0.965403804795581,-11.6506912917964,
13.7017543859649));
#9380=CARTESIAN_POINT('Ctrl Pts',(4.69606884206305,-10.705958598771,14.3245614035088));
#9381=CARTESIAN_POINT('Ctrl Pts',(9.22554236535995,-7.1805278461678,14.9473684210526));
#9382=CARTESIAN_POINT('Ctrl Pts',(11.5311758600609,-1.92421292239147,15.5701754385965));
#9383=CARTESIAN_POINT('Ctrl Pts',(11.0571906134955,3.79593833228513,16.1929824561403));
#9384=CARTESIAN_POINT('Ctrl Pts',(7.91784195329248,8.60106917124417,16.8157894736842));
#9385=CARTESIAN_POINT('Ctrl Pts',(2.86987771472863,11.3328908045728,17.4385964912281));
#9386=CARTESIAN_POINT('Ctrl Pts',(-2.86987771472982,11.3328908045699,18.0614035087719));
#9387=CARTESIAN_POINT('Ctrl Pts',(-7.91784195328828,8.60106917124858,18.6842105263158));
#9388=CARTESIAN_POINT('Ctrl Pts',(-11.0571906135049,3.79593833227695,19.3070175438596));
#9389=CARTESIAN_POINT('Ctrl Pts',(-11.5311758600415,-1.92421292237532,19.9298245614035));
#9390=CARTESIAN_POINT('Ctrl Pts',(-9.22554236539938,-7.18052784620032,20.5526315789474));
#9391=CARTESIAN_POINT('Ctrl Pts',(-4.69606884198315,-10.7059585987053,21.1754385964912));
#9392=CARTESIAN_POINT('Ctrl Pts',(0.965403804633852,-11.6506912919293,21.7982456140351));
#9393=CARTESIAN_POINT('Ctrl Pts',(6.39416345296379,-9.78699575061824,22.421052631579));
#9394=CARTESIAN_POINT('Ctrl Pts',(10.2815940309772,-5.56412043974714,23.0438596491228));
#9395=CARTESIAN_POINT('Ctrl Pts',(11.6906206886477,-1.14899584089049E-14,
23.6666666666666));
#9396=CARTESIAN_POINT('Ctrl Pts',(10.2815940309772,5.56412043974714,24.2894736842106));
#9397=CARTESIAN_POINT('Ctrl Pts',(6.3941634529638,9.78699575061824,24.9122807017544));
#9398=CARTESIAN_POINT('Ctrl Pts',(0.965403804633826,11.6506912919292,25.5350877192983));
#9399=CARTESIAN_POINT('Ctrl Pts',(-4.69606884198313,10.7059585987053,26.1578947368421));
#9400=CARTESIAN_POINT('Ctrl Pts',(-9.22554236539947,7.18052784620024,26.780701754386));
#9401=CARTESIAN_POINT('Ctrl Pts',(-11.5311758600414,1.92421292237543,27.4035087719298));
#9402=CARTESIAN_POINT('Ctrl Pts',(-11.0571906135051,-3.7959383322772,28.0263157894737));
#9403=CARTESIAN_POINT('Ctrl Pts',(-7.91784195328771,-8.60106917124809,28.6491228070175));
#9404=CARTESIAN_POINT('Ctrl Pts',(-2.86987771473099,-11.3328908045709,29.2719298245614));
#9405=CARTESIAN_POINT('Ctrl Pts',(2.86987771473097,-11.3328908045709,29.8947368421053));
#9406=CARTESIAN_POINT('Ctrl Pts',(7.9178419532877,-8.60106917124811,30.5175438596491));
#9407=CARTESIAN_POINT('Ctrl Pts',(11.0571906135051,-3.79593833227722,31.140350877193));
#9408=CARTESIAN_POINT('Ctrl Pts',(11.5311758600414,1.92421292237543,31.7631578947368));
#9409=CARTESIAN_POINT('Ctrl Pts',(9.22554236539946,7.18052784620024,32.3859649122807));
#9410=CARTESIAN_POINT('Ctrl Pts',(4.69606884198312,10.7059585987053,33.0087719298246));
#9411=CARTESIAN_POINT('Ctrl Pts',(-0.965403804633836,11.6506912919292,33.6315789473684));
#9412=CARTESIAN_POINT('Ctrl Pts',(-6.39416345296379,9.78699575061824,34.2543859649123));
#9413=CARTESIAN_POINT('Ctrl Pts',(-10.2815940309772,5.56412043974715,34.8771929824561));
#9414=CARTESIAN_POINT('Ctrl Pts',(-11.6906206886477,1.33041623682057E-14,
35.5));
#9415=CARTESIAN_POINT('Ctrl Pts',(-10.2815940309772,-5.56412043974715,36.1228070175438));
#9416=CARTESIAN_POINT('Ctrl Pts',(-6.3941634529638,-9.78699575061824,36.7456140350877));
#9417=CARTESIAN_POINT('Ctrl Pts',(-0.965403804633814,-11.6506912919292,
37.3684210526316));
#9418=CARTESIAN_POINT('Ctrl Pts',(4.69606884198313,-10.7059585987053,37.9912280701754));
#9419=CARTESIAN_POINT('Ctrl Pts',(9.22554236539946,-7.18052784620025,38.6140350877193));
#9420=CARTESIAN_POINT('Ctrl Pts',(11.5311758600414,-1.92421292237543,39.2368421052631));
#9421=CARTESIAN_POINT('Ctrl Pts',(11.0571906135051,3.79593833227719,39.859649122807));
#9422=CARTESIAN_POINT('Ctrl Pts',(7.91784195328771,8.60106917124811,40.4824561403509));
#9423=CARTESIAN_POINT('Ctrl Pts',(2.86987771473096,11.3328908045709,41.1052631578947));
#9424=CARTESIAN_POINT('Ctrl Pts',(-2.86987771473103,11.3328908045709,41.7280701754386));
#9425=CARTESIAN_POINT('Ctrl Pts',(-7.91784195328771,8.60106917124807,42.3508771929825));
#9426=CARTESIAN_POINT('Ctrl Pts',(-11.0571906135052,3.7959383322772,42.9736842105263));
#9427=CARTESIAN_POINT('Ctrl Pts',(-11.5311758600414,-1.92421292237545,43.5964912280702));
#9428=CARTESIAN_POINT('Ctrl Pts',(-9.22554236539944,-7.18052784620026,44.2192982456141));
#9429=CARTESIAN_POINT('Ctrl Pts',(-4.69606884198312,-10.7059585987053,44.8421052631579));
#9430=CARTESIAN_POINT('Ctrl Pts',(0.965403804633813,-11.6506912919292,45.4649122807018));
#9431=CARTESIAN_POINT('Ctrl Pts',(6.39416345296379,-9.78699575061826,46.0877192982456));
#9432=CARTESIAN_POINT('Ctrl Pts',(10.2815940309772,-5.56412043974713,46.7105263157895));
#9433=CARTESIAN_POINT('Ctrl Pts',(11.6906206886477,-2.53988554302108E-14,
47.3333333333333));
#9434=CARTESIAN_POINT('Ctrl Pts',(10.2815940309772,5.56412043974712,47.9561403508772));
#9435=CARTESIAN_POINT('Ctrl Pts',(6.39416345296381,9.78699575061822,48.578947368421));
#9436=CARTESIAN_POINT('Ctrl Pts',(0.965403804633865,11.6506912919293,49.2017543859649));
#9437=CARTESIAN_POINT('Ctrl Pts',(-4.69606884198312,10.7059585987053,49.8245614035088));
#9438=CARTESIAN_POINT('Ctrl Pts',(-9.22554236539936,7.18052784620036,50.4473684210527));
#9439=CARTESIAN_POINT('Ctrl Pts',(-11.5311758600415,1.92421292237536,51.0701754385964));
#9440=CARTESIAN_POINT('Ctrl Pts',(-11.0571906135049,-3.79593833227695,51.6929824561404));
#9441=CARTESIAN_POINT('Ctrl Pts',(-7.91784195328827,-8.6010691712486,52.3157894736842));
#9442=CARTESIAN_POINT('Ctrl Pts',(-2.86987771472978,-11.33289080457,52.9385964912281));
#9443=CARTESIAN_POINT('Ctrl Pts',(2.86987771472864,-11.3328908045728,53.561403508772));
#9444=CARTESIAN_POINT('Ctrl Pts',(7.91784195329248,-8.60106917124418,54.1842105263158));
#9445=CARTESIAN_POINT('Ctrl Pts',(11.0571906134955,-3.79593833228512,54.8070175438596));
#9446=CARTESIAN_POINT('Ctrl Pts',(11.5311758600609,1.9242129223915,55.4298245614035));
#9447=CARTESIAN_POINT('Ctrl Pts',(9.22554236535994,7.18052784616778,56.0526315789474));
#9448=CARTESIAN_POINT('Ctrl Pts',(4.69606884206308,10.705958598771,56.6754385964912));
#9449=CARTESIAN_POINT('Ctrl Pts',(-0.965403804795574,11.6506912917964,57.2982456140351));
#9450=CARTESIAN_POINT('Ctrl Pts',(-6.3941634526365,9.78699575088708,57.921052631579));
#9451=CARTESIAN_POINT('Ctrl Pts',(-10.2815940316394,5.56412043920319,58.5438596491228));
#9452=CARTESIAN_POINT('Ctrl Pts',(-11.6906206873077,1.10072833981864E-9,
59.1666666666667));
#9453=CARTESIAN_POINT('Ctrl Pts',(-10.2815940336887,-5.56412044197433,59.7894736842105));
#9454=CARTESIAN_POINT('Ctrl Pts',(-6.39416344747714,-9.78699574611159,60.4122807017544));
#9455=CARTESIAN_POINT('Ctrl Pts',(-0.965403815735899,-11.6506913010483,
61.0350877192982));
#9456=CARTESIAN_POINT('Ctrl Pts',(4.69606886444757,-10.7059585802534,61.6578947368422));
#9457=CARTESIAN_POINT('Ctrl Pts',(9.22554231994348,-7.18052788353701,62.2807017543859));
#9458=CARTESIAN_POINT('Ctrl Pts',(11.5311759520196,-1.92421284682617,62.9035087719299));
#9459=CARTESIAN_POINT('Ctrl Pts',(11.0571904273911,3.79593817940645,63.5263157894736));
#9460=CARTESIAN_POINT('Ctrl Pts',(7.91784232988153,8.60106948057569,64.1491228070176));
#9461=CARTESIAN_POINT('Ctrl Pts',(2.86987695270919,11.3328901786596,64.7719298245614));
#9462=CARTESIAN_POINT('Ctrl Pts',(-2.86987617281203,11.332892071076,65.3947368421053));
#9463=CARTESIAN_POINT('Ctrl Pts',(-7.91784507329594,8.60106660852827,66.0175438596492));
#9464=CARTESIAN_POINT('Ctrl Pts',(-11.0571843002973,3.79594351783368,66.640350877193));
#9465=CARTESIAN_POINT('Ctrl Pts',(-11.5311886345913,-1.92422341514447,67.2631578947368));
#9466=CARTESIAN_POINT('Ctrl Pts',(-9.2255165160658,-7.18050661431947,67.8859649122807));
#9467=CARTESIAN_POINT('Ctrl Pts',(-4.69612115609087,-10.706001563603,68.5087719298245));
#9468=CARTESIAN_POINT('Ctrl Pts',(0.96550977571891,-11.6506043101575,69.1315789473685));
#9469=CARTESIAN_POINT('Ctrl Pts',(6.39394677037981,-9.78717245108314,69.7543859649122));
#9470=CARTESIAN_POINT('Ctrl Pts',(10.2820499796524,-5.56375386372384,70.3771929824562));
#9471=CARTESIAN_POINT('Ctrl Pts',(11.22,-1.85519313543569,70.7923976608187));
#9472=CARTESIAN_POINT('Ctrl Pts',(11.22,-2.47329667555799E-14,71.));
#9473=CARTESIAN_POINT('Origin',(10.5,-2.3145824503885E-14,71.));
#9474=CARTESIAN_POINT('Origin',(10.5,-2.3145824503885E-14,71.));
#9475=CARTESIAN_POINT('Origin',(10.5,0.,0.));
#9476=CARTESIAN_POINT('',(0.,0.,0.));
#9477=CARTESIAN_POINT('Origin',(1.6,-11.32,-18.3));
#9478=CARTESIAN_POINT('',(9.07180246698528,-11.32,-17.3));
#9479=CARTESIAN_POINT('',(1.6,-11.32,-17.3));
#9480=CARTESIAN_POINT('',(10.4166981332858,-11.32,-17.3));
#9481=CARTESIAN_POINT('',(1.6,-11.32,-16.3));
#9482=CARTESIAN_POINT('',(1.6,-11.32,-18.3));
#9483=CARTESIAN_POINT('',(9.07180246698528,-11.32,-16.3));
#9484=CARTESIAN_POINT('',(4.53590123349264,-11.32,-16.3));
#9485=CARTESIAN_POINT('',(9.07180246698528,-11.32,-18.3));
#9486=CARTESIAN_POINT('Origin',(9.07180246698528,-11.32,-18.3));
#9487=CARTESIAN_POINT('',(9.07180246698527,-12.82,-17.3));
#9488=CARTESIAN_POINT('',(9.07180246698528,-11.32,-17.3));
#9489=CARTESIAN_POINT('',(9.07180246698527,-12.82,-16.3));
#9490=CARTESIAN_POINT('',(9.0718024669853,-8.91000000000004,-16.3));
#9491=CARTESIAN_POINT('',(9.07180246698527,-12.82,-18.3));
#9492=CARTESIAN_POINT('Origin',(0.,-10.,-18.3));
#9493=CARTESIAN_POINT('',(-9.07180246698527,-12.82,-17.3));
#9494=CARTESIAN_POINT('Origin',(0.,-10.,-17.3));
#9495=CARTESIAN_POINT('',(-9.07180246698527,-12.82,-16.3));
#9496=CARTESIAN_POINT('Origin',(0.,-10.,-16.3));
#9497=CARTESIAN_POINT('',(-9.07180246698527,-12.82,-18.3));
#9498=CARTESIAN_POINT('Origin',(0.,-11.32,-18.3));
#9499=CARTESIAN_POINT('',(-1.6,-11.32,-17.3));
#9500=CARTESIAN_POINT('Origin',(0.,-11.32,-17.3));
#9501=CARTESIAN_POINT('',(-1.6,-11.32,-16.3));
#9502=CARTESIAN_POINT('',(-1.6,-11.32,-18.3));
#9503=CARTESIAN_POINT('Origin',(0.,-11.32,-16.3));
#9504=CARTESIAN_POINT('Origin',(-9.07180246698527,-11.32,-18.3));
#9505=CARTESIAN_POINT('',(-9.07180246698527,-11.32,-17.3));
#9506=CARTESIAN_POINT('',(0.,-11.32,-17.3));
#9507=CARTESIAN_POINT('',(-9.07180246698527,-11.32,-16.3));
#9508=CARTESIAN_POINT('',(-9.07180246698527,-11.32,-18.3));
#9509=CARTESIAN_POINT('',(-0.8,-11.32,-16.3));
#9510=CARTESIAN_POINT('Origin',(-9.07180246698527,-12.82,-18.3));
#9511=CARTESIAN_POINT('',(-9.07180246698527,-11.32,-17.3));
#9512=CARTESIAN_POINT('',(-9.07180246698527,-8.16,-16.3));
#9513=CARTESIAN_POINT('Origin',(0.,-5.,-16.3));
#9514=CARTESIAN_POINT('',(10.5,-10.,-16.3));
#9515=CARTESIAN_POINT('Origin',(0.,-10.,-16.3));
#9516=CARTESIAN_POINT('Origin',(-10.8258348544007,-18.4062816193254,-2.1));
#9517=CARTESIAN_POINT('',(-10.8258348543047,-18.4062816194025,-2.1));
#9518=CARTESIAN_POINT('',(-9.74208316620912,-17.0557793436453,-2.1));
#9519=CARTESIAN_POINT('',(-10.8258348544007,-18.4062816193254,-2.1));
#9520=CARTESIAN_POINT('',(-9.74208316620912,-17.0557793436453,-3.75));
#9521=CARTESIAN_POINT('',(-9.74208316620912,-17.0557793436453,0.));
#9522=CARTESIAN_POINT('',(-10.8258348543047,-18.4062816194025,-3.75));
#9523=CARTESIAN_POINT('',(-10.8258348544007,-18.4062816193254,-3.75));
#9524=CARTESIAN_POINT('',(-10.8258348543047,-18.4062816194025,-2.1));
#9525=CARTESIAN_POINT('Origin',(-9.20730413626216,-19.70512089546,-2.1));
#9526=CARTESIAN_POINT('',(-7.45341209702067,-20.8143944708065,-2.1));
#9527=CARTESIAN_POINT('Origin',(-9.20730413626216,-19.70512089546,-2.1));
#9528=CARTESIAN_POINT('',(-7.45341209702067,-20.8143944708065,-3.75));
#9529=CARTESIAN_POINT('Origin',(-9.20730413626216,-19.70512089546,-3.75));
#9530=CARTESIAN_POINT('',(-7.45341209702067,-20.8143944708065,-2.1));
#9531=CARTESIAN_POINT('Origin',(-6.38435690550453,-19.1240924275911,-2.1));
#9532=CARTESIAN_POINT('',(-6.38435690550453,-19.1240924275911,-2.1));
#9533=CARTESIAN_POINT('',(-6.38435690541226,-19.1240924274452,-2.1));
#9534=CARTESIAN_POINT('',(-6.38435690550453,-19.1240924275911,-3.75));
#9535=CARTESIAN_POINT('',(-6.38435690541226,-19.1240924274452,-3.75));
#9536=CARTESIAN_POINT('',(-6.38435690550453,-19.1240924275911,0.));
#9537=CARTESIAN_POINT('Origin',(2.22044604925031E-15,-5.64018094076643,
-3.75));
#9538=CARTESIAN_POINT('Origin',(2.23692204069019E-28,-5.,-3.75));
#9539=CARTESIAN_POINT('Origin',(2.22044604925031E-15,-5.64018094076643,
-2.1));
#9540=CARTESIAN_POINT('Origin',(2.23692204069019E-28,-5.,-2.1));
#9541=CARTESIAN_POINT('Origin',(10.8258348540802,8.40628162007564,-2.1));
#9542=CARTESIAN_POINT('',(10.8258348540118,8.40628162013052,-2.1));
#9543=CARTESIAN_POINT('',(9.74208316785421,7.05577934231593,-2.1));
#9544=CARTESIAN_POINT('',(10.8258348540802,8.40628162007564,-2.1));
#9545=CARTESIAN_POINT('',(9.74208316785421,7.05577934231593,-3.75));
#9546=CARTESIAN_POINT('',(9.74208316785421,7.05577934231594,0.));
#9547=CARTESIAN_POINT('',(10.8258348540118,8.40628162013052,-3.75));
#9548=CARTESIAN_POINT('',(10.8258348540802,8.40628162007564,-3.75));
#9549=CARTESIAN_POINT('',(10.8258348540118,8.40628162013052,-2.1));
#9550=CARTESIAN_POINT('Origin',(9.20730413583035,9.70512089589099,-2.1));
#9551=CARTESIAN_POINT('',(7.45341209666559,10.8143944712138,-2.1));
#9552=CARTESIAN_POINT('Origin',(9.20730413583035,9.70512089589099,-2.1));
#9553=CARTESIAN_POINT('',(7.45341209666559,10.8143944712138,-3.75));
#9554=CARTESIAN_POINT('Origin',(9.20730413583035,9.70512089589099,-3.75));
#9555=CARTESIAN_POINT('',(7.45341209666559,10.8143944712138,-2.1));
#9556=CARTESIAN_POINT('Origin',(6.38435690607725,9.12409242733223,-2.1));
#9557=CARTESIAN_POINT('',(6.38435690607725,9.12409242733223,-2.1));
#9558=CARTESIAN_POINT('',(6.38435690581612,9.12409242691935,-2.1));
#9559=CARTESIAN_POINT('',(6.38435690607725,9.12409242733223,-3.75));
#9560=CARTESIAN_POINT('',(6.38435690581612,9.12409242691935,-3.75));
#9561=CARTESIAN_POINT('',(6.38435690607726,9.12409242733223,0.));
#9562=CARTESIAN_POINT('Origin',(8.83345101382092,9.41807061169494,-3.75));
#9563=CARTESIAN_POINT('Origin',(2.23692204069019E-28,-5.,-3.75));
#9564=CARTESIAN_POINT('Origin',(8.83345101382092,9.41807061169494,-2.1));
#9565=CARTESIAN_POINT('Origin',(2.23692204069019E-28,-5.,-2.1));
#9566=CARTESIAN_POINT('Origin',(7.45341209566649,-20.8143944712661,-2.1));
#9567=CARTESIAN_POINT('',(6.38435690791902,-19.1240924264997,-2.1));
#9568=CARTESIAN_POINT('',(7.45341209599308,-20.8143944710596,-2.1));
#9569=CARTESIAN_POINT('',(6.3843569080451,-19.1240924267787,-2.1));
#9570=CARTESIAN_POINT('',(6.38435690791902,-19.1240924264997,-3.75));
#9571=CARTESIAN_POINT('',(6.38435690787987,-19.1240924265174,0.));
#9572=CARTESIAN_POINT('',(7.45341209599308,-20.8143944710596,-3.75));
#9573=CARTESIAN_POINT('',(6.3843569080451,-19.1240924267787,-3.75));
#9574=CARTESIAN_POINT('',(7.45341209599308,-20.8143944710596,-2.1));
#9575=CARTESIAN_POINT('Origin',(9.20730413520342,-19.7051208961175,-2.1));
#9576=CARTESIAN_POINT('',(10.8258348530188,-18.4062816201645,-2.1));
#9577=CARTESIAN_POINT('Origin',(9.20730413520342,-19.7051208961175,-2.1));
#9578=CARTESIAN_POINT('',(10.8258348530188,-18.4062816201645,-3.75));
#9579=CARTESIAN_POINT('Origin',(9.20730413520342,-19.7051208961175,-3.75));
#9580=CARTESIAN_POINT('',(10.8258348530188,-18.4062816201645,-2.1));
#9581=CARTESIAN_POINT('Origin',(9.74208316973839,-17.0557793412435,-2.1));
#9582=CARTESIAN_POINT('',(9.74208316951834,-17.0557793409712,-2.1));
#9583=CARTESIAN_POINT('',(10.8258348530188,-18.4062816201645,-2.1));
#9584=CARTESIAN_POINT('',(9.74208316951834,-17.0557793409712,-3.75));
#9585=CARTESIAN_POINT('',(10.8258348530188,-18.4062816201645,-3.75));
#9586=CARTESIAN_POINT('',(9.74208316951927,-17.0557793409704,0.));
#9587=CARTESIAN_POINT('Origin',(2.22044604925031E-15,-5.64018094097394,
-3.75));
#9588=CARTESIAN_POINT('Origin',(2.23692204069019E-28,-5.,-3.75));
#9589=CARTESIAN_POINT('Origin',(2.22044604925031E-15,-5.64018094097394,
-2.1));
#9590=CARTESIAN_POINT('Origin',(2.23692204069019E-28,-5.,-2.1));
#9591=CARTESIAN_POINT('Origin',(-7.45341209673493,10.8143944706319,-2.1));
#9592=CARTESIAN_POINT('',(-6.38435690564378,9.12409242752816,-2.1));
#9593=CARTESIAN_POINT('',(-7.45341209655835,10.8143944707436,-2.1));
#9594=CARTESIAN_POINT('',(-6.38435690563856,9.12409242751992,-2.1));
#9595=CARTESIAN_POINT('',(-6.38435690564378,9.12409242752816,-3.75));
#9596=CARTESIAN_POINT('',(-6.38435690564378,9.12409242752817,0.));
#9597=CARTESIAN_POINT('',(-7.45341209655835,10.8143944707436,-3.75));
#9598=CARTESIAN_POINT('',(-6.38435690563856,9.12409242751992,-3.75));
#9599=CARTESIAN_POINT('',(-7.45341209655835,10.8143944707436,-2.1));
#9600=CARTESIAN_POINT('Origin',(-9.20730413607213,9.70512089554039,-2.1));
#9601=CARTESIAN_POINT('',(-10.8258348543712,8.40628161955728,-2.1));
#9602=CARTESIAN_POINT('Origin',(-9.20730413607213,9.70512089554039,-2.1));
#9603=CARTESIAN_POINT('',(-10.8258348543712,8.40628161955728,-3.75));
#9604=CARTESIAN_POINT('Origin',(-9.20730413607213,9.70512089554039,-3.75));
#9605=CARTESIAN_POINT('',(-10.8258348543712,8.40628161955728,-2.1));
#9606=CARTESIAN_POINT('Origin',(-9.74208316685625,7.05577934312236,-2.1));
#9607=CARTESIAN_POINT('',(-9.74208316685625,7.05577934312236,-2.1));
#9608=CARTESIAN_POINT('',(-10.8258348543712,8.40628161955728,-2.1));
#9609=CARTESIAN_POINT('',(-9.74208316685625,7.05577934312236,-3.75));
#9610=CARTESIAN_POINT('',(-10.8258348543712,8.40628161955728,-3.75));
#9611=CARTESIAN_POINT('',(-9.74208316685626,7.05577934312237,0.));
#9612=CARTESIAN_POINT('Origin',(2.22044604925031E-15,-4.35981905911661,
-3.75));
#9613=CARTESIAN_POINT('Origin',(2.23692204069019E-28,-5.,-3.75));
#9614=CARTESIAN_POINT('Origin',(2.22044604925031E-15,-4.35981905911661,
-2.1));
#9615=CARTESIAN_POINT('Origin',(2.23692204069019E-28,-5.,-2.1));
#9616=CARTESIAN_POINT('Origin',(0.,-10.,-13.3));
#9617=CARTESIAN_POINT('',(-9.25678475497837,-14.956,-13.3));
#9618=CARTESIAN_POINT('',(-11.0199818511647,-15.9,-11.3));
#9619=CARTESIAN_POINT('Origin',(-11.0199818511647,-15.9,-13.3));
#9620=CARTESIAN_POINT('',(11.0199818511647,-15.9,-11.3));
#9621=CARTESIAN_POINT('Origin',(0.,-10.,-11.3));
#9622=CARTESIAN_POINT('',(9.25678475497837,-14.956,-13.3));
#9623=CARTESIAN_POINT('Origin',(11.0199818511647,-15.9,-13.3));
#9624=CARTESIAN_POINT('',(10.5,-10.,-13.3));
#9625=CARTESIAN_POINT('Origin',(0.,-10.,-13.3));
#9626=CARTESIAN_POINT('Origin',(0.,-10.,-13.3));
#9627=CARTESIAN_POINT('Ctrl Pts',(-11.0199818511647,-15.9,-11.3));
#9628=CARTESIAN_POINT('Ctrl Pts',(-10.4104981772518,-16.5161925711102,-11.3));
#9629=CARTESIAN_POINT('Ctrl Pts',(-9.09200840775912,-17.6378283751627,-11.3));
#9630=CARTESIAN_POINT('Ctrl Pts',(-6.9644316831148,-18.9193764633446,-11.3));
#9631=CARTESIAN_POINT('Ctrl Pts',(-5.08093834555475,-19.6818915999259,-11.3));
#9632=CARTESIAN_POINT('Ctrl Pts',(-3.54914957060466,-20.1037481203485,-11.3));
#9633=CARTESIAN_POINT('Ctrl Pts',(-2.38144647841654,-20.3314317973713,-11.3));
#9634=CARTESIAN_POINT('Ctrl Pts',(-1.20099056145405,-20.4685429905081,-11.3));
#9635=CARTESIAN_POINT('Ctrl Pts',(-0.414617892070105,-20.4994009139328,
-11.3));
#9636=CARTESIAN_POINT('Ctrl Pts',(-0.0154039182010584,-20.499994237612,
-11.3));
#9637=CARTESIAN_POINT('Ctrl Pts',(-0.00770200826932301,-20.5,-11.3));
#9638=CARTESIAN_POINT('Ctrl Pts',(9.49101269339423E-16,-20.5,-11.3));
#9639=CARTESIAN_POINT('Ctrl Pts',(-10.4924345136209,-15.6175558604773,-11.3));
#9640=CARTESIAN_POINT('Ctrl Pts',(-9.94518602854994,-16.2174901422077,-11.3760393298019));
#9641=CARTESIAN_POINT('Ctrl Pts',(-8.75935815566979,-17.3530441816193,-11.4790073859983));
#9642=CARTESIAN_POINT('Ctrl Pts',(-6.7888496259483,-18.7221579796485,-11.525186952494));
#9643=CARTESIAN_POINT('Ctrl Pts',(-4.98963667701304,-19.5693920542528,-11.4984203599271));
#9644=CARTESIAN_POINT('Ctrl Pts',(-3.50000384454326,-20.0462650757083,-11.451474913526));
#9645=CARTESIAN_POINT('Ctrl Pts',(-2.35447296107179,-20.3062156343796,-11.4067106666397));
#9646=CARTESIAN_POINT('Ctrl Pts',(-1.18921045463137,-20.4637680566433,-11.3553291186142));
#9647=CARTESIAN_POINT('Ctrl Pts',(-0.410548233692869,-20.4993151407699,
-11.3190786870649));
#9648=CARTESIAN_POINT('Ctrl Pts',(-0.0152523973989923,-20.4999932901856,
-11.300708095602));
#9649=CARTESIAN_POINT('Ctrl Pts',(-0.00762628960106665,-20.5,-11.3003541416426));
#9650=CARTESIAN_POINT('Ctrl Pts',(9.5525835507021E-16,-20.5,-11.3));
#9651=CARTESIAN_POINT('Ctrl Pts',(-9.57877740932324,-15.1283919954037,-11.8016824289832));
#9652=CARTESIAN_POINT('Ctrl Pts',(-9.18074143369194,-15.744684323596,-11.9189765883204));
#9653=CARTESIAN_POINT('Ctrl Pts',(-8.24958088967155,-16.9553048792534,-12.0485973645271));
#9654=CARTESIAN_POINT('Ctrl Pts',(-6.52564588749883,-18.4722952347922,-12.0244668420529));
#9655=CARTESIAN_POINT('Ctrl Pts',(-4.84829401175918,-19.4326120907501,-11.8846939208024));
#9656=CARTESIAN_POINT('Ctrl Pts',(-3.42060276461863,-19.9778888205961,-11.7293962539384));
#9657=CARTESIAN_POINT('Ctrl Pts',(-2.30878693978568,-20.2765393329139,-11.5962166305574));
#9658=CARTESIAN_POINT('Ctrl Pts',(-1.16844627957556,-20.4581208514352,-11.4517958540664));
#9659=CARTESIAN_POINT('Ctrl Pts',(-0.403406716493139,-20.4992016460316,
-11.352422491602));
#9660=CARTESIAN_POINT('Ctrl Pts',(-0.0149874842537553,-20.4999923676368,
-11.3019478173838));
#9661=CARTESIAN_POINT('Ctrl Pts',(-0.00749378193161806,-20.5,-11.3009738895171));
#9662=CARTESIAN_POINT('Ctrl Pts',(9.66033255099087E-16,-20.5,-11.3));
#9663=CARTESIAN_POINT('Ctrl Pts',(-9.25678475497837,-14.956,-12.8512010494872));
#9664=CARTESIAN_POINT('Ctrl Pts',(-8.90668472087268,-15.611237419894,-12.8860355563429));
#9665=CARTESIAN_POINT('Ctrl Pts',(-8.0451847481555,-16.8747868182892,-12.8555481137464));
#9666=CARTESIAN_POINT('Ctrl Pts',(-6.38963744292578,-18.4352631369227,-12.6145157090571));
#9667=CARTESIAN_POINT('Ctrl Pts',(-4.75531065593318,-19.4151558191798,-12.3045402613029));
#9668=CARTESIAN_POINT('Ctrl Pts',(-3.3578230965019,-19.9699399711327,-12.018696773619));
#9669=CARTESIAN_POINT('Ctrl Pts',(-2.2674548639149,-20.2733036228418,-11.788796857712));
#9670=CARTESIAN_POINT('Ctrl Pts',(-1.14783217407886,-20.4575559248109,-11.5484592436917));
#9671=CARTESIAN_POINT('Ctrl Pts',(-0.396279045931531,-20.4991941635763,
-11.3857871982476));
#9672=CARTESIAN_POINT('Ctrl Pts',(-0.0147224006983756,-20.4999922053309,
-11.3031872787736));
#9673=CARTESIAN_POINT('Ctrl Pts',(-0.00736127426216942,-20.5,-11.3015936373916));
#9674=CARTESIAN_POINT('Ctrl Pts',(9.76808155127964E-16,-20.5,-11.3));
#9675=CARTESIAN_POINT('Ctrl Pts',(-9.25678475497837,-14.956,-13.3));
#9676=CARTESIAN_POINT('Ctrl Pts',(-8.89835714987092,-15.6254687632611,-13.3));
#9677=CARTESIAN_POINT('Ctrl Pts',(-8.02286233664956,-16.9016358972986,-13.2012572558886));
#9678=CARTESIAN_POINT('Ctrl Pts',(-6.35756852388852,-18.458823790139,-12.8674637003128));
#9679=CARTESIAN_POINT('Ctrl Pts',(-4.72522711814952,-19.4295128349369,-12.4845406715953));
#9680=CARTESIAN_POINT('Ctrl Pts',(-3.33416869139109,-19.977515203357,-12.1427241542227));
#9681=CARTESIAN_POINT('Ctrl Pts',(-2.25050457486668,-20.2766773065942,-11.8713588524949));
#9682=CARTESIAN_POINT('Ctrl Pts',(-1.1389568097834,-20.4581973257589,-11.5898996814501));
#9683=CARTESIAN_POINT('Ctrl Pts',(-0.393219101878514,-20.4992048448293,
-11.4000878722393));
#9684=CARTESIAN_POINT('Ctrl Pts',(-0.0146088598356388,-20.499992345523,
-11.3037184574942));
#9685=CARTESIAN_POINT('Ctrl Pts',(-0.00730448526097717,-20.5,-11.3018592436236));
#9686=CARTESIAN_POINT('Ctrl Pts',(9.81425969426054E-16,-20.5,-11.3));
#9687=CARTESIAN_POINT('',(1.68852878216047E-15,-20.5,-11.3));
#9688=CARTESIAN_POINT('Ctrl Pts',(-9.25678475497837,-14.956,-13.3));
#9689=CARTESIAN_POINT('Ctrl Pts',(-8.89835714987092,-15.6254687632611,-13.3));
#9690=CARTESIAN_POINT('Ctrl Pts',(-8.02286233664956,-16.9016358972986,-13.2012572558886));
#9691=CARTESIAN_POINT('Ctrl Pts',(-6.35756852388852,-18.458823790139,-12.8674637003128));
#9692=CARTESIAN_POINT('Ctrl Pts',(-4.72522711814952,-19.4295128349369,-12.4845406715953));
#9693=CARTESIAN_POINT('Ctrl Pts',(-3.33416869139109,-19.977515203357,-12.1427241542227));
#9694=CARTESIAN_POINT('Ctrl Pts',(-2.25050457486668,-20.2766773065942,-11.8713588524949));
#9695=CARTESIAN_POINT('Ctrl Pts',(-1.1389568097834,-20.4581973257589,-11.5898996814501));
#9696=CARTESIAN_POINT('Ctrl Pts',(-0.393219101878514,-20.4992048448293,
-11.4000878722393));
#9697=CARTESIAN_POINT('Ctrl Pts',(-0.0146088598356388,-20.499992345523,
-11.3037184574942));
#9698=CARTESIAN_POINT('Ctrl Pts',(-0.00730448526097717,-20.5,-11.3018592436236));
#9699=CARTESIAN_POINT('Ctrl Pts',(9.81425969426054E-16,-20.5,-11.3));
#9700=CARTESIAN_POINT('Origin',(2.23692204069019E-28,-5.,-11.3));
#9701=CARTESIAN_POINT('Ctrl Pts',(9.49101269339423E-16,-20.5,-11.3));
#9702=CARTESIAN_POINT('Ctrl Pts',(0.00770200826931725,-20.5,-11.3));
#9703=CARTESIAN_POINT('Ctrl Pts',(0.015393112879946,-20.4999940043242,-11.3));
#9704=CARTESIAN_POINT('Ctrl Pts',(1.59232118636425,-20.4977174308281,-11.3));
#9705=CARTESIAN_POINT('Ctrl Pts',(3.96531412514411,-20.1318455010243,-11.3));
#9706=CARTESIAN_POINT('Ctrl Pts',(7.70485814536647,-18.6216304957205,-11.3));
#9707=CARTESIAN_POINT('Ctrl Pts',(9.80101450333886,-17.1323851422205,-11.3));
#9708=CARTESIAN_POINT('Ctrl Pts',(11.0199818511647,-15.9,-11.3));
#9709=CARTESIAN_POINT('Ctrl Pts',(9.49101269339423E-16,-20.5,-11.3));
#9710=CARTESIAN_POINT('Ctrl Pts',(0.00768740263303319,-20.5000618493086,
-11.3003738809402));
#9711=CARTESIAN_POINT('Ctrl Pts',(0.0151839301353681,-20.4999338248949,
-11.3006895545064));
#9712=CARTESIAN_POINT('Ctrl Pts',(1.57776440029951,-20.4990149481763,-11.37346401596));
#9713=CARTESIAN_POINT('Ctrl Pts',(3.92321038756733,-20.069849895572,-11.4818767879508));
#9714=CARTESIAN_POINT('Ctrl Pts',(7.49707782133177,-18.3910426832718,-11.5346419358925));
#9715=CARTESIAN_POINT('Ctrl Pts',(9.40233900800791,-16.8198291281678,-11.4483486647383));
#9716=CARTESIAN_POINT('Ctrl Pts',(10.4924345136209,-15.6175558604773,-11.3));
#9717=CARTESIAN_POINT('Ctrl Pts',(9.49101269339423E-16,-20.5,-11.3));
#9718=CARTESIAN_POINT('Ctrl Pts',(0.00752419106885039,-20.5000467432038,
-11.3009565857923));
#9719=CARTESIAN_POINT('Ctrl Pts',(0.0149467295571287,-20.4999446307987,
-11.3019631983616));
#9720=CARTESIAN_POINT('Ctrl Pts',(1.5502279566291,-20.498843134145,-11.5008775729258));
#9721=CARTESIAN_POINT('Ctrl Pts',(3.85260232422001,-19.9996958698641,-11.802804318956));
#9722=CARTESIAN_POINT('Ctrl Pts',(7.18841305842279,-18.0980045079405,-12.0789518749635));
#9723=CARTESIAN_POINT('Ctrl Pts',(8.78603096848094,-16.3639752944072,-12.038056937231));
#9724=CARTESIAN_POINT('Ctrl Pts',(9.57912256657992,-15.1285767895206,-11.8022822382267));
#9725=CARTESIAN_POINT('Ctrl Pts',(9.49101269339423E-16,-20.5,-11.3));
#9726=CARTESIAN_POINT('Ctrl Pts',(0.00737301024580538,-20.5000208807914,
-11.3015818626535));
#9727=CARTESIAN_POINT('Ctrl Pts',(0.0146996374038771,-20.4999690913581,
-11.3031967539205));
#9728=CARTESIAN_POINT('Ctrl Pts',(1.52249615510574,-20.4982410181753,-11.6290480431014));
#9729=CARTESIAN_POINT('Ctrl Pts',(3.78521121714358,-19.9941744247963,-12.1221148726318));
#9730=CARTESIAN_POINT('Ctrl Pts',(7.03429569365342,-18.0521969624799,-12.7353195387934));
#9731=CARTESIAN_POINT('Ctrl Pts',(8.55608264405736,-16.2672640985023,-12.9221663279468));
#9732=CARTESIAN_POINT('Ctrl Pts',(9.25678475497837,-14.956,-12.8512010494872));
#9733=CARTESIAN_POINT('Ctrl Pts',(9.49101269339423E-16,-20.5,-11.3));
#9734=CARTESIAN_POINT('Ctrl Pts',(0.00730448526097025,-20.5,-11.3018592436236));
#9735=CARTESIAN_POINT('Ctrl Pts',(0.0145971747819187,-20.4999890704446,
-11.3037167368936));
#9736=CARTESIAN_POINT('Ctrl Pts',(1.51055697074658,-20.4978380392152,-11.6841243099872));
#9737=CARTESIAN_POINT('Ctrl Pts',(3.75647991298955,-20.0032063218404,-12.2586905565034));
#9738=CARTESIAN_POINT('Ctrl Pts',(7.00154194855284,-18.0792126866596,-13.0167938670112));
#9739=CARTESIAN_POINT('Ctrl Pts',(8.5399295447635,-16.2949375265222,-13.3));
#9740=CARTESIAN_POINT('Ctrl Pts',(9.25678475497837,-14.956,-13.3));
#9741=CARTESIAN_POINT('Origin',(2.23692204069019E-28,-5.,-11.3));
#9742=CARTESIAN_POINT('Ctrl Pts',(9.49101269339423E-16,-20.5,-11.3));
#9743=CARTESIAN_POINT('Ctrl Pts',(0.00730448526097025,-20.5,-11.3018592436236));
#9744=CARTESIAN_POINT('Ctrl Pts',(0.0145971747819187,-20.4999890704446,
-11.3037167368936));
#9745=CARTESIAN_POINT('Ctrl Pts',(1.51055697074658,-20.4978380392152,-11.6841243099872));
#9746=CARTESIAN_POINT('Ctrl Pts',(3.75647991298955,-20.0032063218404,-12.2586905565034));
#9747=CARTESIAN_POINT('Ctrl Pts',(7.00154194855284,-18.0792126866596,-13.0167938670112));
#9748=CARTESIAN_POINT('Ctrl Pts',(8.5399295447635,-16.2949375265222,-13.3));
#9749=CARTESIAN_POINT('Ctrl Pts',(9.25678475497837,-14.956,-13.3));
#9750=CARTESIAN_POINT('Origin',(0.,-5.,-11.3));
#9751=CARTESIAN_POINT('',(-15.5,-5.,-11.3));
#9752=CARTESIAN_POINT('Origin',(2.23692204069019E-28,-5.,-11.3));
#9753=CARTESIAN_POINT('Origin',(2.23692204069019E-28,-5.,-11.3));
#9754=CARTESIAN_POINT('Origin',(5.55111512312578E-15,-15.41,-17.3));
#9755=CARTESIAN_POINT('Origin',(0.,-10.,-18.3));
#9756=CARTESIAN_POINT('',(10.5,-10.,-18.3));
#9757=CARTESIAN_POINT('Origin',(2.23692204069019E-28,-5.,0.));
#9758=CARTESIAN_POINT('',(-15.5,-5.,0.));
#9759=CARTESIAN_POINT('',(-15.5,-5.,0.));
#9760=CARTESIAN_POINT('',(-13.4983202079925,2.61875000000001,0.));
#9761=CARTESIAN_POINT('Origin',(2.23692204069019E-28,-5.,0.));
#9762=CARTESIAN_POINT('',(13.4983202079925,2.61875000000001,0.));
#9763=CARTESIAN_POINT('Origin',(2.23692204069019E-28,-5.,0.));
#9764=CARTESIAN_POINT('Origin',(2.23692204069019E-28,-5.,0.));
#9765=CARTESIAN_POINT('Origin',(0.,-5.,0.));
#9766=CARTESIAN_POINT('',(-13.75,-1.68388934882761E-15,0.));
#9767=CARTESIAN_POINT('Origin',(0.,0.,0.));
#9768=CARTESIAN_POINT('Origin',(0.,0.,0.));
#9769=CARTESIAN_POINT('Origin',(0.,0.,2.));
#9770=CARTESIAN_POINT('',(-11.95,-1.46345292498109E-15,2.));
#9771=CARTESIAN_POINT('Origin',(0.,0.,2.));
#9772=CARTESIAN_POINT('Origin',(0.,0.,0.));
#9773=CARTESIAN_POINT('',(-11.95,-1.46345292498109E-15,78.));
#9774=CARTESIAN_POINT('Origin',(0.,0.,78.));
#9775=CARTESIAN_POINT('',(-11.95,-1.46345292498109E-15,0.));
#9776=CARTESIAN_POINT('Origin',(0.,0.,0.));
#9777=CARTESIAN_POINT('',(-13.75,-1.68388934882761E-15,78.));
#9778=CARTESIAN_POINT('Origin',(0.,0.,78.));
#9779=CARTESIAN_POINT('',(-13.75,-1.68388934882761E-15,0.));
#9780=CARTESIAN_POINT('Origin',(0.,0.,0.));
#9781=CARTESIAN_POINT('Origin',(0.,0.,78.));
#9782=CARTESIAN_POINT('Origin',(0.,0.,0.));
#9783=CARTESIAN_POINT('Origin',(-1.04,16.05,5.17));
#9784=CARTESIAN_POINT('',(8.41944674413805E-16,16.05,6.87));
#9785=CARTESIAN_POINT('',(8.41944674413805E-16,17.75,5.17));
#9786=CARTESIAN_POINT('Origin',(8.32667268468867E-16,16.05,5.17));
#9787=CARTESIAN_POINT('',(-2.08,17.75,5.17));
#9788=CARTESIAN_POINT('',(-1.04,17.75,5.17));
#9789=CARTESIAN_POINT('',(-2.08,16.05,6.87));
#9790=CARTESIAN_POINT('Origin',(-2.08,16.05,5.17));
#9791=CARTESIAN_POINT('',(-1.04,16.05,6.87));
#9792=CARTESIAN_POINT('Origin',(-2.08,13.75,3.4));
#9793=CARTESIAN_POINT('',(-2.08,17.75,5.1));
#9794=CARTESIAN_POINT('',(-2.08,17.75,3.4));
#9795=CARTESIAN_POINT('',(-2.08,16.05,3.4));
#9796=CARTESIAN_POINT('Origin',(-2.08,16.05,5.1));
#9797=CARTESIAN_POINT('',(-2.08,13.75,3.4));
#9798=CARTESIAN_POINT('',(-2.08,13.75,3.4));
#9799=CARTESIAN_POINT('',(-2.08,13.75,6.87));
#9800=CARTESIAN_POINT('',(-2.08,13.75,3.4));
#9801=CARTESIAN_POINT('',(-2.08,13.75,6.87));
#9802=CARTESIAN_POINT('Origin',(8.41944674413805E-16,17.75,36.0625));
#9803=CARTESIAN_POINT('',(8.41944674413805E-16,17.75,5.1));
#9804=CARTESIAN_POINT('',(8.41944674413805E-16,17.75,6.87));
#9805=CARTESIAN_POINT('',(8.41944674413805E-16,17.75,5.1));
#9806=CARTESIAN_POINT('Origin',(8.41944674413805E-16,16.05,5.1));
#9807=CARTESIAN_POINT('',(8.41944674413805E-16,16.05,3.4));
#9808=CARTESIAN_POINT('Origin',(8.41944674413805E-16,16.05,5.1));
#9809=CARTESIAN_POINT('',(8.41944674413805E-16,16.05,3.4));
#9810=CARTESIAN_POINT('Origin',(-2.08,13.75,6.87));
#9811=CARTESIAN_POINT('',(8.41944674413805E-16,13.75,6.87));
#9812=CARTESIAN_POINT('',(-2.08,13.75,6.87));
#9813=CARTESIAN_POINT('',(8.41944674413805E-16,13.75,6.87));
#9814=CARTESIAN_POINT('Origin',(8.41944674413805E-16,13.75,3.4));
#9815=CARTESIAN_POINT('',(8.41944674413805E-16,13.75,3.4));
#9816=CARTESIAN_POINT('',(8.41944674413805E-16,13.75,3.4));
#9817=CARTESIAN_POINT('',(8.41944674413805E-16,13.75,3.4));
#9818=CARTESIAN_POINT('Origin',(8.41944674413805E-16,13.75,6.87));
#9819=CARTESIAN_POINT('',(8.41944674413805E-16,13.75,6.87));
#9820=CARTESIAN_POINT('Origin',(8.41944674413805E-16,13.75,36.0625));
#9821=CARTESIAN_POINT('Origin',(0.350000000000001,18.75,67.8625));
#9822=CARTESIAN_POINT('',(2.35,18.75,65.275));
#9823=CARTESIAN_POINT('',(0.350000000000003,20.75,65.275));
#9824=CARTESIAN_POINT('Origin',(0.350000000000003,18.75,65.275));
#9825=CARTESIAN_POINT('',(0.350000000000001,20.75,68.725));
#9826=CARTESIAN_POINT('',(0.350000000000001,20.75,67.8625));
#9827=CARTESIAN_POINT('',(2.35,18.75,68.725));
#9828=CARTESIAN_POINT('Origin',(0.350000000000001,18.75,68.725));
#9829=CARTESIAN_POINT('',(2.35,18.75,67.8625));
#9830=CARTESIAN_POINT('Origin',(-2.35,13.75,68.725));
#9831=CARTESIAN_POINT('',(-0.349999999999999,20.75,68.725));
#9832=CARTESIAN_POINT('',(-2.35,20.75,68.725));
#9833=CARTESIAN_POINT('',(-2.35,18.75,68.725));
#9834=CARTESIAN_POINT('Origin',(-0.349999999999999,18.75,68.725));
#9835=CARTESIAN_POINT('',(-2.35,13.75,68.725));
#9836=CARTESIAN_POINT('',(-2.35,13.75,68.725));
#9837=CARTESIAN_POINT('',(2.35,13.75,68.725));
#9838=CARTESIAN_POINT('',(-2.35,13.75,68.725));
#9839=CARTESIAN_POINT('',(2.35,13.75,68.725));
#9840=CARTESIAN_POINT('Origin',(8.32667268468867E-16,20.75,67.));
#9841=CARTESIAN_POINT('',(-0.350000000000002,20.75,65.275));
#9842=CARTESIAN_POINT('',(8.41944674413805E-16,20.75,65.275));
#9843=CARTESIAN_POINT('',(-0.350000000000001,20.75,66.1375));
#9844=CARTESIAN_POINT('Origin',(-0.350000000000001,18.75,66.1375));
#9845=CARTESIAN_POINT('',(-2.35,18.75,65.275));
#9846=CARTESIAN_POINT('Origin',(-0.350000000000002,18.75,65.275));
#9847=CARTESIAN_POINT('',(-2.35,18.75,66.1375));
#9848=CARTESIAN_POINT('Origin',(8.32667268468867E-16,17.25,65.275));
#9849=CARTESIAN_POINT('',(2.025,17.25,61.825));
#9850=CARTESIAN_POINT('Origin',(8.32667268468867E-16,17.25,61.825));
#9851=CARTESIAN_POINT('',(2.025,17.25,65.275));
#9852=CARTESIAN_POINT('',(2.025,17.25,65.275));
#9853=CARTESIAN_POINT('Origin',(8.32667268468867E-16,17.25,65.275));
#9854=CARTESIAN_POINT('Origin',(8.32667268468867E-16,17.25,61.825));
#9855=CARTESIAN_POINT('Origin',(2.35,13.75,65.275));
#9856=CARTESIAN_POINT('',(2.35,13.75,65.275));
#9857=CARTESIAN_POINT('',(2.35,13.75,65.275));
#9858=CARTESIAN_POINT('',(-2.35,13.75,65.275));
#9859=CARTESIAN_POINT('',(8.41944674413805E-16,13.75,65.275));
#9860=CARTESIAN_POINT('',(-2.35,13.75,65.275));
#9861=CARTESIAN_POINT('Origin',(2.35,13.75,68.725));
#9862=CARTESIAN_POINT('',(2.35,13.75,65.275));
#9863=CARTESIAN_POINT('Origin',(-2.35,13.75,65.275));
#9864=CARTESIAN_POINT('',(-2.35,13.75,65.275));
#9865=CARTESIAN_POINT('Origin',(8.41944674413805E-16,13.75,67.));
#9866=CARTESIAN_POINT('Origin',(13.75,1.4475,49.5500000000011));
#9867=CARTESIAN_POINT('',(13.75,1.4475,49.5500000000011));
#9868=CARTESIAN_POINT('',(13.75,1.4475,34.4500000000011));
#9869=CARTESIAN_POINT('',(13.75,1.4475,34.4500000000011));
#9870=CARTESIAN_POINT('',(16.75,1.4475,34.4500000000011));
#9871=CARTESIAN_POINT('',(13.75,1.4475,34.4500000000011));
#9872=CARTESIAN_POINT('',(16.75,1.4475,49.5500000000011));
#9873=CARTESIAN_POINT('',(16.75,1.4475,34.4500000000011));
#9874=CARTESIAN_POINT('',(13.75,1.4475,49.5500000000011));
#9875=CARTESIAN_POINT('Origin',(13.75,-2.52583402324142E-15,49.5500000000011));
#9876=CARTESIAN_POINT('',(13.75,-1.4475,49.5500000000011));
#9877=CARTESIAN_POINT('Origin',(13.75,-2.52583402324142E-15,49.5500000000011));
#9878=CARTESIAN_POINT('',(16.75,-1.4475,49.5500000000011));
#9879=CARTESIAN_POINT('Origin',(16.75,-2.52583402324142E-15,49.5500000000011));
#9880=CARTESIAN_POINT('',(13.75,-1.4475,49.5500000000011));
#9881=CARTESIAN_POINT('Origin',(13.75,-1.4475,34.4500000000011));
#9882=CARTESIAN_POINT('',(13.75,-1.4475,34.4500000000011));
#9883=CARTESIAN_POINT('',(13.75,-1.4475,49.5500000000011));
#9884=CARTESIAN_POINT('',(16.75,-1.4475,34.4500000000011));
#9885=CARTESIAN_POINT('',(16.75,-1.4475,49.5500000000011));
#9886=CARTESIAN_POINT('',(13.75,-1.4475,34.4500000000011));
#9887=CARTESIAN_POINT('Origin',(13.75,-2.52583402324142E-15,34.4500000000011));
#9888=CARTESIAN_POINT('Origin',(13.75,-2.52583402324142E-15,34.4500000000011));
#9889=CARTESIAN_POINT('Origin',(16.75,-2.52583402324142E-15,34.4500000000011));
#9890=CARTESIAN_POINT('Origin',(13.75,2.7475,34.4500068480793));
#9891=CARTESIAN_POINT('',(13.75,2.7475,34.4500068480793));
#9892=CARTESIAN_POINT('',(13.75,2.7475,49.5500024184593));
#9893=CARTESIAN_POINT('',(13.75,2.7475,34.4500068480793));
#9894=CARTESIAN_POINT('',(16.75,2.7475,49.5500024184593));
#9895=CARTESIAN_POINT('',(13.75,2.7475,49.5500024184593));
#9896=CARTESIAN_POINT('',(16.75,2.7475,34.4500068480793));
#9897=CARTESIAN_POINT('',(16.75,2.7475,34.4500068480793));
#9898=CARTESIAN_POINT('',(13.75,2.7475,34.4500068480793));
#9899=CARTESIAN_POINT('Origin',(13.75,-2.52583402324142E-15,34.4500000000011));
#9900=CARTESIAN_POINT('',(13.75,-2.7475,34.4500029024732));
#9901=CARTESIAN_POINT('Origin',(13.75,-2.52583402324142E-15,34.4500000000011));
#9902=CARTESIAN_POINT('',(16.75,-2.7475,34.4500029024732));
#9903=CARTESIAN_POINT('Origin',(16.75,-2.52583402324142E-15,34.4500000000011));
#9904=CARTESIAN_POINT('',(13.75,-2.7475,34.4500029024732));
#9905=CARTESIAN_POINT('Origin',(13.75,-2.7475,49.5500001494244));
#9906=CARTESIAN_POINT('',(13.75,-2.74750000000106,49.5500001494244));
#9907=CARTESIAN_POINT('',(13.75,-2.7475,49.5500001501056));
#9908=CARTESIAN_POINT('',(16.75,-2.74750000000106,49.5500001494244));
#9909=CARTESIAN_POINT('',(16.75,-2.7475,49.5500001501056));
#9910=CARTESIAN_POINT('',(13.75,-2.74750000000106,49.5500001494244));
#9911=CARTESIAN_POINT('Origin',(13.75,-2.52583402324142E-15,49.5500000000011));
#9912=CARTESIAN_POINT('Origin',(13.75,-2.52583402324142E-15,49.5500000000011));
#9913=CARTESIAN_POINT('Origin',(16.75,-2.52583402324142E-15,49.5500000000011));
#9914=CARTESIAN_POINT('Origin',(16.75,-2.52583402324142E-15,42.0000000000008));
#9915=CARTESIAN_POINT('Origin',(13.75,-2.52583402324142E-15,42.0000000000008));
#9916=CARTESIAN_POINT('Origin',(0.539999999999996,-16.05,39.77));
#9917=CARTESIAN_POINT('',(-1.08000000000003,-16.05,41.47));
#9918=CARTESIAN_POINT('',(-1.08000000000003,-17.75,39.77));
#9919=CARTESIAN_POINT('Origin',(-1.08000000000003,-16.05,39.77));
#9920=CARTESIAN_POINT('',(1.08,-17.75,39.77));
#9921=CARTESIAN_POINT('',(0.539999999999996,-17.75,39.77));
#9922=CARTESIAN_POINT('',(1.08,-16.05,41.47));
#9923=CARTESIAN_POINT('Origin',(1.08,-16.05,39.77));
#9924=CARTESIAN_POINT('',(0.539999999999996,-16.05,41.47));
#9925=CARTESIAN_POINT('Origin',(1.08000000000001,-13.75,38.));
#9926=CARTESIAN_POINT('',(1.08,-17.75,39.7));
#9927=CARTESIAN_POINT('',(1.08,-17.75,41.47));
#9928=CARTESIAN_POINT('',(1.08,-16.05,38.));
#9929=CARTESIAN_POINT('Origin',(1.08,-16.05,39.7));
#9930=CARTESIAN_POINT('',(1.08000000000001,-13.75,38.));
#9931=CARTESIAN_POINT('',(1.08000000000001,-13.75,38.));
#9932=CARTESIAN_POINT('',(1.08000000000001,-13.75,41.47));
#9933=CARTESIAN_POINT('',(1.08000000000001,-13.75,41.47));
#9934=CARTESIAN_POINT('',(1.08000000000001,-13.75,41.47));
#9935=CARTESIAN_POINT('Origin',(-1.23512311489549E-14,-17.75,39.735));
#9936=CARTESIAN_POINT('',(-1.08000000000003,-17.75,39.7));
#9937=CARTESIAN_POINT('',(-1.08000000000003,-17.75,38.));
#9938=CARTESIAN_POINT('',(-0.54000000000002,-17.75,39.7));
#9939=CARTESIAN_POINT('Origin',(-0.54000000000002,-16.05,39.7));
#9940=CARTESIAN_POINT('',(-1.08000000000003,-16.05,38.));
#9941=CARTESIAN_POINT('Origin',(-1.08000000000003,-16.05,39.7));
#9942=CARTESIAN_POINT('',(-0.54000000000002,-16.05,38.));
#9943=CARTESIAN_POINT('Origin',(-1.08000000000003,-13.75,38.));
#9944=CARTESIAN_POINT('',(-1.08000000000003,-13.75,38.));
#9945=CARTESIAN_POINT('',(-1.08000000000003,-13.75,38.));
#9946=CARTESIAN_POINT('',(1.08000000000001,-13.75,38.));
#9947=CARTESIAN_POINT('Origin',(-1.08000000000003,-13.75,41.47));
#9948=CARTESIAN_POINT('',(-1.08000000000003,-13.75,41.47));
#9949=CARTESIAN_POINT('',(-1.08000000000003,-13.75,41.47));
#9950=CARTESIAN_POINT('',(-1.08000000000003,-13.75,38.));
#9951=CARTESIAN_POINT('Origin',(1.08000000000001,-13.75,41.47));
#9952=CARTESIAN_POINT('',(-1.08000000000003,-13.75,41.47));
#9953=CARTESIAN_POINT('Origin',(-1.08803389257649E-14,-13.75,39.735));
#9954=CARTESIAN_POINT('Origin',(-6.5,-5.61,-17.3));
#9955=CARTESIAN_POINT('',(-0.500000000000004,-5.61,-22.3));
#9956=CARTESIAN_POINT('',(-2.1,-5.61,-18.3));
#9957=CARTESIAN_POINT('',(-2.57586206896552,-5.61,-17.1103448275862));
#9958=CARTESIAN_POINT('',(2.1,-5.61,-18.3));
#9959=CARTESIAN_POINT('',(-3.25,-5.61,-18.3));
#9960=CARTESIAN_POINT('',(0.499999999999996,-5.61,-22.3));
#9961=CARTESIAN_POINT('',(0.879310344827582,-5.61,-21.351724137931));
#9962=CARTESIAN_POINT('',(6.49999999999999,-5.61,-22.3));
#9963=CARTESIAN_POINT('Origin',(6.49999999999999,-7.31,-17.3));
#9964=CARTESIAN_POINT('',(-2.1,-7.31,-18.3));
#9965=CARTESIAN_POINT('',(-0.500000000000004,-7.31,-22.3));
#9966=CARTESIAN_POINT('',(-1.67931034482759,-7.31,-19.351724137931));
#9967=CARTESIAN_POINT('',(0.499999999999996,-7.31,-22.3));
#9968=CARTESIAN_POINT('',(-6.5,-7.31,-22.3));
#9969=CARTESIAN_POINT('',(2.1,-7.31,-18.3));
#9970=CARTESIAN_POINT('',(1.77586206896551,-7.31,-19.1103448275862));
#9971=CARTESIAN_POINT('',(3.25,-7.31,-18.3));
#9972=CARTESIAN_POINT('Origin',(-4.44089209850063E-15,-6.46,-22.3));
#9973=CARTESIAN_POINT('',(-0.500000000000006,-6.885,-22.3));
#9974=CARTESIAN_POINT('',(0.499999999999997,-6.885,-22.3));
#9975=CARTESIAN_POINT('Origin',(0.499999999999996,-7.31,-22.3));
#9976=CARTESIAN_POINT('',(2.1,-7.31,-18.3));
#9977=CARTESIAN_POINT('Origin',(-2.1,-7.31,-18.3));
#9978=CARTESIAN_POINT('',(-2.1,-7.31,-18.3));
#9979=CARTESIAN_POINT('Origin',(0.,-5.,-18.3));
#9980=CARTESIAN_POINT('Origin',(-9.07180246698527,-11.32,-16.3));
#9981=CARTESIAN_POINT('',(-9.07180246698527,-12.82,-16.3));
#9982=CARTESIAN_POINT('',(-9.07180246698527,-11.32,-16.3));
#9983=CARTESIAN_POINT('',(-9.07180246698527,-8.16,-16.3));
#9984=CARTESIAN_POINT('',(-9.07180246698527,-12.82,-18.3));
#9985=CARTESIAN_POINT('',(-9.07180246698527,-12.82,-16.3));
#9986=CARTESIAN_POINT('',(-9.07180246698527,-11.32,-18.3));
#9987=CARTESIAN_POINT('',(-9.07180246698527,-8.16,-18.3));
#9988=CARTESIAN_POINT('',(-9.07180246698527,-11.32,-16.3));
#9989=CARTESIAN_POINT('Origin',(-1.6,-11.32,-16.3));
#9990=CARTESIAN_POINT('',(-1.6,-11.32,-16.3));
#9991=CARTESIAN_POINT('',(-0.8,-11.32,-16.3));
#9992=CARTESIAN_POINT('',(-1.6,-11.32,-18.3));
#9993=CARTESIAN_POINT('',(-0.8,-11.32,-18.3));
#9994=CARTESIAN_POINT('',(-1.6,-11.32,-16.3));
#9995=CARTESIAN_POINT('Origin',(0.,-11.32,-16.3));
#9996=CARTESIAN_POINT('',(1.6,-11.32,-16.3));
#9997=CARTESIAN_POINT('Origin',(0.,-11.32,-16.3));
#9998=CARTESIAN_POINT('',(1.6,-11.32,-18.3));
#9999=CARTESIAN_POINT('Origin',(0.,-11.32,-18.3));
#10000=CARTESIAN_POINT('',(1.6,-11.32,-16.3));
#10001=CARTESIAN_POINT('Origin',(9.07180246698528,-11.32,-16.3));
#10002=CARTESIAN_POINT('',(9.07180246698528,-11.32,-16.3));
#10003=CARTESIAN_POINT('',(4.53590123349264,-11.32,-16.3));
#10004=CARTESIAN_POINT('',(9.07180246698528,-11.32,-18.3));
#10005=CARTESIAN_POINT('',(4.53590123349264,-11.32,-18.3));
#10006=CARTESIAN_POINT('',(9.07180246698528,-11.32,-16.3));
#10007=CARTESIAN_POINT('Origin',(9.07180246698527,-12.82,-16.3));
#10008=CARTESIAN_POINT('',(9.07180246698527,-12.82,-16.3));
#10009=CARTESIAN_POINT('',(9.0718024669853,-8.91000000000004,-16.3));
#10010=CARTESIAN_POINT('',(9.07180246698527,-12.82,-18.3));
#10011=CARTESIAN_POINT('',(9.0718024669853,-8.91000000000004,-18.3));
#10012=CARTESIAN_POINT('',(9.07180246698527,-12.82,-16.3));
#10013=CARTESIAN_POINT('Origin',(0.,-10.,-16.3));
#10014=CARTESIAN_POINT('Origin',(0.,-10.,-16.3));
#10015=CARTESIAN_POINT('Origin',(0.,-10.,-18.3));
#10016=CARTESIAN_POINT('Origin',(0.,-10.,-16.3));
#10017=CARTESIAN_POINT('',(10.5,-10.,-18.3));
#10018=CARTESIAN_POINT('Origin',(0.,-10.,-18.3));
#10019=CARTESIAN_POINT('',(10.5,-10.,-16.3));
#10020=CARTESIAN_POINT('',(10.5,-10.,-16.3));
#10021=CARTESIAN_POINT('Origin',(0.,-10.,-16.3));
#10022=CARTESIAN_POINT('Origin',(0.,-5.,-18.3));
#10023=CARTESIAN_POINT('Origin',(0.,-5.,-16.3));
#10024=CARTESIAN_POINT('',(0.,0.,0.));
#10025=CARTESIAN_POINT('',(0.219999999999998,80.4453540342754,1.38543929087348));
#10026=CARTESIAN_POINT('',(0.,-2.55464596572466,1.38543929087353));
#10027=CARTESIAN_POINT('Origin',(0.,0.,0.));
#10028=UNCERTAINTY_MEASURE_WITH_UNIT(LENGTH_MEASURE(0.01),#10042,
'DISTANCE_ACCURACY_VALUE',
'Maximum model space distance between geometric entities at asserted c
onnectivities');
#10029=UNCERTAINTY_MEASURE_WITH_UNIT(LENGTH_MEASURE(0.01),#10042,
'DISTANCE_ACCURACY_VALUE',
'Maximum model space distance between geometric entities at asserted c
onnectivities');
#10030=UNCERTAINTY_MEASURE_WITH_UNIT(LENGTH_MEASURE(0.01),#10042,
'DISTANCE_ACCURACY_VALUE',
'Maximum model space distance between geometric entities at asserted c
onnectivities');
#10031=UNCERTAINTY_MEASURE_WITH_UNIT(LENGTH_MEASURE(0.01),#10042,
'DISTANCE_ACCURACY_VALUE',
'Maximum model space distance between geometric entities at asserted c
onnectivities');
#10032=UNCERTAINTY_MEASURE_WITH_UNIT(LENGTH_MEASURE(0.01),#10042,
'DISTANCE_ACCURACY_VALUE',
'Maximum model space distance between geometric entities at asserted c
onnectivities');
#10033=UNCERTAINTY_MEASURE_WITH_UNIT(LENGTH_MEASURE(0.01),#10042,
'DISTANCE_ACCURACY_VALUE',
'Maximum model space distance between geometric entities at asserted c
onnectivities');
#10034=UNCERTAINTY_MEASURE_WITH_UNIT(LENGTH_MEASURE(0.01),#10042,
'DISTANCE_ACCURACY_VALUE',
'Maximum model space distance between geometric entities at asserted c
onnectivities');
#10035=(
GEOMETRIC_REPRESENTATION_CONTEXT(3)
GLOBAL_UNCERTAINTY_ASSIGNED_CONTEXT((#10028))
GLOBAL_UNIT_ASSIGNED_CONTEXT((#10042,#10044,#10045))
REPRESENTATION_CONTEXT('','3D')
);
#10036=(
GEOMETRIC_REPRESENTATION_CONTEXT(3)
GLOBAL_UNCERTAINTY_ASSIGNED_CONTEXT((#10029))
GLOBAL_UNIT_ASSIGNED_CONTEXT((#10042,#10044,#10045))
REPRESENTATION_CONTEXT('','3D')
);
#10037=(
GEOMETRIC_REPRESENTATION_CONTEXT(3)
GLOBAL_UNCERTAINTY_ASSIGNED_CONTEXT((#10030))
GLOBAL_UNIT_ASSIGNED_CONTEXT((#10042,#10044,#10045))
REPRESENTATION_CONTEXT('','3D')
);
#10038=(
GEOMETRIC_REPRESENTATION_CONTEXT(3)
GLOBAL_UNCERTAINTY_ASSIGNED_CONTEXT((#10031))
GLOBAL_UNIT_ASSIGNED_CONTEXT((#10042,#10044,#10045))
REPRESENTATION_CONTEXT('','3D')
);
#10039=(
GEOMETRIC_REPRESENTATION_CONTEXT(3)
GLOBAL_UNCERTAINTY_ASSIGNED_CONTEXT((#10032))
GLOBAL_UNIT_ASSIGNED_CONTEXT((#10042,#10044,#10045))
REPRESENTATION_CONTEXT('','3D')
);
#10040=(
GEOMETRIC_REPRESENTATION_CONTEXT(3)
GLOBAL_UNCERTAINTY_ASSIGNED_CONTEXT((#10033))
GLOBAL_UNIT_ASSIGNED_CONTEXT((#10042,#10044,#10045))
REPRESENTATION_CONTEXT('','3D')
);
#10041=(
GEOMETRIC_REPRESENTATION_CONTEXT(3)
GLOBAL_UNCERTAINTY_ASSIGNED_CONTEXT((#10034))
GLOBAL_UNIT_ASSIGNED_CONTEXT((#10042,#10044,#10045))
REPRESENTATION_CONTEXT('','3D')
);
#10042=(
LENGTH_UNIT()
NAMED_UNIT(*)
SI_UNIT(.MILLI.,.METRE.)
);
#10043=(
LENGTH_UNIT()
NAMED_UNIT(*)
SI_UNIT($,.METRE.)
);
#10044=(
NAMED_UNIT(*)
PLANE_ANGLE_UNIT()
SI_UNIT($,.RADIAN.)
);
#10045=(
NAMED_UNIT(*)
SI_UNIT($,.STERADIAN.)
SOLID_ANGLE_UNIT()
);
#10046=SHAPE_DEFINITION_REPRESENTATION(#10052,#10063);
#10047=SHAPE_DEFINITION_REPRESENTATION(#10053,#10064);
#10048=SHAPE_DEFINITION_REPRESENTATION(#10054,#10065);
#10049=SHAPE_DEFINITION_REPRESENTATION(#10055,#10066);
#10050=SHAPE_DEFINITION_REPRESENTATION(#10058,#10067);
#10051=SHAPE_DEFINITION_REPRESENTATION(#10059,#10068);
#10052=PRODUCT_DEFINITION_SHAPE('',$,#10070);
#10053=PRODUCT_DEFINITION_SHAPE('',$,#10071);
#10054=PRODUCT_DEFINITION_SHAPE('',$,#10072);
#10055=PRODUCT_DEFINITION_SHAPE('',$,#10073);
#10056=PRODUCT_DEFINITION_SHAPE($,$,#33);
#10057=PRODUCT_DEFINITION_SHAPE($,$,#34);
#10058=PRODUCT_DEFINITION_SHAPE('',$,#10074);
#10059=PRODUCT_DEFINITION_SHAPE('',$,#10075);
#10060=PRODUCT_DEFINITION_SHAPE($,$,#35);
#10061=PRODUCT_DEFINITION_SHAPE($,$,#36);
#10062=PRODUCT_DEFINITION_SHAPE($,$,#37);
#10063=SHAPE_REPRESENTATION('',(#5084,#5501,#5502,#5503),#10035);
#10064=SHAPE_REPRESENTATION('',(#5085,#5337,#5338),#10036);
#10065=SHAPE_REPRESENTATION('',(#5086),#10037);
#10066=SHAPE_REPRESENTATION('',(#5223),#10038);
#10067=SHAPE_REPRESENTATION('',(#5339),#10039);
#10068=SHAPE_REPRESENTATION('',(#5344),#10040);
#10069=PRODUCT_DEFINITION_CONTEXT('part definition',#10089,'design');
#10070=PRODUCT_DEFINITION('plunger_gasket_subassy',
'plunger_gasket_subassy v16',#10076,#10069);
#10071=PRODUCT_DEFINITION('SubAssemly_1','SubAssemly_1 v2',#10077,#10069);
#10072=PRODUCT_DEFINITION('gaskethousing','gaskethousing v8',#10078,#10069);
#10073=PRODUCT_DEFINITION('gasketatachpiece','gasketatachpiece v9',#10079,
#10069);
#10074=PRODUCT_DEFINITION('PlungerSpring','PlungerSpring v5',#10080,#10069);
#10075=PRODUCT_DEFINITION('PlungerSpringHousing',
'PlungerSpringHousing v14',#10081,#10069);
#10076=PRODUCT_DEFINITION_FORMATION('',$,#10091);
#10077=PRODUCT_DEFINITION_FORMATION('',$,#10092);
#10078=PRODUCT_DEFINITION_FORMATION('',$,#10093);
#10079=PRODUCT_DEFINITION_FORMATION('',$,#10094);
#10080=PRODUCT_DEFINITION_FORMATION('',$,#10095);
#10081=PRODUCT_DEFINITION_FORMATION('',$,#10096);
#10082=PRODUCT_RELATED_PRODUCT_CATEGORY('plunger_gasket_subassy v16',
'plunger_gasket_subassy v16',(#10091));
#10083=PRODUCT_RELATED_PRODUCT_CATEGORY('SubAssemly_1 v2',
'SubAssemly_1 v2',(#10092));
#10084=PRODUCT_RELATED_PRODUCT_CATEGORY('gaskethousing v8',
'gaskethousing v8',(#10093));
#10085=PRODUCT_RELATED_PRODUCT_CATEGORY('gasketatachpiece v9',
'gasketatachpiece v9',(#10094));
#10086=PRODUCT_RELATED_PRODUCT_CATEGORY('PlungerSpring v5',
'PlungerSpring v5',(#10095));
#10087=PRODUCT_RELATED_PRODUCT_CATEGORY('PlungerSpringHousing v14',
'PlungerSpringHousing v14',(#10096));
#10088=APPLICATION_PROTOCOL_DEFINITION('international standard',
'automotive_design',2009,#10089);
#10089=APPLICATION_CONTEXT(
'Core Data for Automotive Mechanical Design Process');
#10090=PRODUCT_CONTEXT('part definition',#10089,'mechanical');
#10091=PRODUCT('plunger_gasket_subassy','plunger_gasket_subassy v16',$,
(#10090));
#10092=PRODUCT('SubAssemly_1','SubAssemly_1 v2',$,(#10090));
#10093=PRODUCT('gaskethousing','gaskethousing v8',$,(#10090));
#10094=PRODUCT('gasketatachpiece','gasketatachpiece v9',$,(#10090));
#10095=PRODUCT('PlungerSpring','PlungerSpring v5',$,(#10090));
#10096=PRODUCT('PlungerSpringHousing','PlungerSpringHousing v14',$,(#10090));
#10097=PRESENTATION_STYLE_ASSIGNMENT((#10103));
#10098=PRESENTATION_STYLE_ASSIGNMENT((#10104));
#10099=PRESENTATION_STYLE_ASSIGNMENT((#10105));
#10100=PRESENTATION_STYLE_ASSIGNMENT((#10106));
#10101=PRESENTATION_STYLE_ASSIGNMENT((#10107));
#10102=PRESENTATION_STYLE_ASSIGNMENT((NULL_STYLE(.NULL.)));
#10103=SURFACE_STYLE_USAGE(.BOTH.,#10108);
#10104=SURFACE_STYLE_USAGE(.BOTH.,#10109);
#10105=SURFACE_STYLE_USAGE(.BOTH.,#10110);
#10106=SURFACE_STYLE_USAGE(.BOTH.,#10111);
#10107=SURFACE_STYLE_USAGE(.BOTH.,#10112);
#10108=SURFACE_SIDE_STYLE('',(#10113));
#10109=SURFACE_SIDE_STYLE('',(#10114));
#10110=SURFACE_SIDE_STYLE('',(#10115));
#10111=SURFACE_SIDE_STYLE('',(#10116));
#10112=SURFACE_SIDE_STYLE('',(#10117));
#10113=SURFACE_STYLE_FILL_AREA(#10118);
#10114=SURFACE_STYLE_FILL_AREA(#10119);
#10115=SURFACE_STYLE_FILL_AREA(#10120);
#10116=SURFACE_STYLE_FILL_AREA(#10121);
#10117=SURFACE_STYLE_FILL_AREA(#10122);
#10118=FILL_AREA_STYLE('Plastic - Glossy (Grey)',(#10123));
#10119=FILL_AREA_STYLE('Steel - Satin',(#10124));
#10120=FILL_AREA_STYLE('ABS (White)',(#10125));
#10121=FILL_AREA_STYLE('ABS (White)',(#10126));
#10122=FILL_AREA_STYLE('ABS (White)',(#10127));
#10123=FILL_AREA_STYLE_COLOUR('Plastic - Glossy (Grey)',#10128);
#10124=FILL_AREA_STYLE_COLOUR('Steel - Satin',#10129);
#10125=FILL_AREA_STYLE_COLOUR('ABS (White)',#10130);
#10126=FILL_AREA_STYLE_COLOUR('ABS (White)',#10131);
#10127=FILL_AREA_STYLE_COLOUR('ABS (White)',#10132);
#10128=COLOUR_RGB('Plastic - Glossy (Grey)',0.109803921568627,0.101960784313725,
0.101960784313725);
#10129=COLOUR_RGB('Steel - Satin',0.627450980392157,0.627450980392157,0.627450980392157);
#10130=COLOUR_RGB('ABS (White)',0.894117647058824,0.443137254901961,0.152941176470588);
#10131=COLOUR_RGB('ABS (White)',0.964705882352941,0.964705882352941,0.952941176470588);
#10132=COLOUR_RGB('ABS (White)',0.,0.,0.);
ENDSEC;
END-ISO-10303-21;
