ISO-10303-21;
HEADER;
/* Generated by software containing ST-Developer
 * from STEP Tools, Inc. (www.steptools.com) 
 */

FILE_DESCRIPTION(
/* description */ (''),
/* implementation_level */ '2;1');

FILE_NAME(
/* name */ 'PistonHousing.step',
/* time_stamp */ '2026-08-10T21:09:14+08:00',
/* author */ (''),
/* organization */ (''),
/* preprocessor_version */ 'ST-DEVELOPER v20.1',
/* originating_system */ 'Autodesk Translation Framework v15.8.0.0',
/* authorisation */ '');

FILE_SCHEMA (('AUTOMOTIVE_DESIGN { 1 0 10303 214 3 1 1 }'));
ENDSEC;

DATA;
#10=MECHANICAL_DESIGN_GEOMETRIC_PRESENTATION_REPRESENTATION('',(#334,#335,
#336,#337,#338,#339,#340,#341,#342),#4064);
#11=CONTEXT_DEPENDENT_OVER_RIDING_STYLED_ITEM('',(#4098),#4079,#342,(#17));
#12=MAPPED_ITEM('',#13,#1742);
#13=REPRESENTATION_MAP(#1742,#4077);
#14=ITEM_DEFINED_TRANSFORMATION($,$,#1578,#1740);
#15=ITEM_DEFINED_TRANSFORMATION($,$,#1583,#1741);
#16=(
REPRESENTATION_RELATIONSHIP($,$,#4078,#4077)
REPRESENTATION_RELATIONSHIP_WITH_TRANSFORMATION(#14)
SHAPE_REPRESENTATION_RELATIONSHIP()
);
#17=(
REPRESENTATION_RELATIONSHIP($,$,#4079,#4077)
REPRESENTATION_RELATIONSHIP_WITH_TRANSFORMATION(#15)
SHAPE_REPRESENTATION_RELATIONSHIP()
);
#18=CONTEXT_DEPENDENT_SHAPE_REPRESENTATION(#16,#4075);
#19=CONTEXT_DEPENDENT_SHAPE_REPRESENTATION(#17,#4076);
#20=NEXT_ASSEMBLY_USAGE_OCCURRENCE('PlungerSpring v5:1',
'PlungerSpring v5:1','PlungerSpring v5:1',#4081,#4082,
'PlungerSpring v5:1');
#21=NEXT_ASSEMBLY_USAGE_OCCURRENCE('PlungerSpringHousing v14:1',
'PlungerSpringHousing v14:1','PlungerSpringHousing v14:1',#4081,#4083,
'PlungerSpringHousing v14:1');
#22=TOROIDAL_SURFACE('',#1632,12.5,2.);
#23=FACE_BOUND('',#521,.T.);
#24=FACE_BOUND('',#549,.T.);
#25=FACE_BOUND('',#550,.T.);
#26=FACE_BOUND('',#551,.T.);
#27=FACE_BOUND('',#552,.T.);
#28=FACE_BOUND('',#558,.T.);
#29=FACE_BOUND('',#575,.T.);
#30=FACE_BOUND('',#588,.T.);
#31=FACE_BOUND('',#590,.T.);
#32=FACE_BOUND('',#613,.T.);
#33=FACE_BOUND('',#615,.T.);
#34=CYLINDRICAL_SURFACE('',#1586,9.5);
#35=CYLINDRICAL_SURFACE('',#1589,1.6);
#36=CYLINDRICAL_SURFACE('',#1597,2.07524098607287);
#37=CYLINDRICAL_SURFACE('',#1606,2.07524098599537);
#38=CYLINDRICAL_SURFACE('',#1615,2.07524098583036);
#39=CYLINDRICAL_SURFACE('',#1624,2.0752409862264);
#40=CYLINDRICAL_SURFACE('',#1644,10.5);
#41=CYLINDRICAL_SURFACE('',#1645,15.5);
#42=CYLINDRICAL_SURFACE('',#1654,11.95);
#43=CYLINDRICAL_SURFACE('',#1656,13.75);
#44=CYLINDRICAL_SURFACE('',#1661,1.7);
#45=CYLINDRICAL_SURFACE('',#1667,1.7);
#46=CYLINDRICAL_SURFACE('',#1673,2.);
#47=CYLINDRICAL_SURFACE('',#1679,2.);
#48=CYLINDRICAL_SURFACE('',#1681,2.025);
#49=CYLINDRICAL_SURFACE('',#1690,1.4475);
#50=CYLINDRICAL_SURFACE('',#1694,1.4475);
#51=CYLINDRICAL_SURFACE('',#1698,2.74750000000153);
#52=CYLINDRICAL_SURFACE('',#1702,2.74750000000106);
#53=CYLINDRICAL_SURFACE('',#1707,1.7);
#54=CYLINDRICAL_SURFACE('',#1713,1.7);
#55=CYLINDRICAL_SURFACE('',#1727,1.6);
#56=CYLINDRICAL_SURFACE('',#1732,9.5);
#57=CYLINDRICAL_SURFACE('',#1735,10.5);
#58=LINE('',#3510,#194);
#59=LINE('',#3512,#195);
#60=LINE('',#3514,#196);
#61=LINE('',#3515,#197);
#62=LINE('',#3518,#198);
#63=LINE('',#3520,#199);
#64=LINE('',#3521,#200);
#65=LINE('',#3527,#201);
#66=LINE('',#3532,#202);
#67=LINE('',#3536,#203);
#68=LINE('',#3538,#204);
#69=LINE('',#3539,#205);
#70=LINE('',#3541,#206);
#71=LINE('',#3542,#207);
#72=LINE('',#3549,#208);
#73=LINE('',#3551,#209);
#74=LINE('',#3553,#210);
#75=LINE('',#3554,#211);
#76=LINE('',#3560,#212);
#77=LINE('',#3563,#213);
#78=LINE('',#3565,#214);
#79=LINE('',#3566,#215);
#80=LINE('',#3574,#216);
#81=LINE('',#3576,#217);
#82=LINE('',#3578,#218);
#83=LINE('',#3579,#219);
#84=LINE('',#3585,#220);
#85=LINE('',#3588,#221);
#86=LINE('',#3590,#222);
#87=LINE('',#3591,#223);
#88=LINE('',#3599,#224);
#89=LINE('',#3601,#225);
#90=LINE('',#3603,#226);
#91=LINE('',#3604,#227);
#92=LINE('',#3610,#228);
#93=LINE('',#3613,#229);
#94=LINE('',#3615,#230);
#95=LINE('',#3616,#231);
#96=LINE('',#3624,#232);
#97=LINE('',#3626,#233);
#98=LINE('',#3628,#234);
#99=LINE('',#3629,#235);
#100=LINE('',#3635,#236);
#101=LINE('',#3638,#237);
#102=LINE('',#3640,#238);
#103=LINE('',#3641,#239);
#104=LINE('',#3786,#240);
#105=LINE('',#3789,#241);
#106=LINE('',#3805,#242);
#107=LINE('',#3809,#243);
#108=LINE('',#3818,#244);
#109=LINE('',#3821,#245);
#110=LINE('',#3824,#246);
#111=LINE('',#3828,#247);
#112=LINE('',#3830,#248);
#113=LINE('',#3831,#249);
#114=LINE('',#3834,#250);
#115=LINE('',#3835,#251);
#116=LINE('',#3839,#252);
#117=LINE('',#3842,#253);
#118=LINE('',#3843,#254);
#119=LINE('',#3846,#255);
#120=LINE('',#3847,#256);
#121=LINE('',#3849,#257);
#122=LINE('',#3856,#258);
#123=LINE('',#3859,#259);
#124=LINE('',#3862,#260);
#125=LINE('',#3866,#261);
#126=LINE('',#3868,#262);
#127=LINE('',#3869,#263);
#128=LINE('',#3872,#264);
#129=LINE('',#3873,#265);
#130=LINE('',#3877,#266);
#131=LINE('',#3882,#267);
#132=LINE('',#3887,#268);
#133=LINE('',#3889,#269);
#134=LINE('',#3890,#270);
#135=LINE('',#3892,#271);
#136=LINE('',#3894,#272);
#137=LINE('',#3899,#273);
#138=LINE('',#3901,#274);
#139=LINE('',#3903,#275);
#140=LINE('',#3904,#276);
#141=LINE('',#3910,#277);
#142=LINE('',#3913,#278);
#143=LINE('',#3915,#279);
#144=LINE('',#3916,#280);
#145=LINE('',#3923,#281);
#146=LINE('',#3925,#282);
#147=LINE('',#3927,#283);
#148=LINE('',#3928,#284);
#149=LINE('',#3934,#285);
#150=LINE('',#3937,#286);
#151=LINE('',#3939,#287);
#152=LINE('',#3940,#288);
#153=LINE('',#3951,#289);
#154=LINE('',#3954,#290);
#155=LINE('',#3957,#291);
#156=LINE('',#3961,#292);
#157=LINE('',#3963,#293);
#158=LINE('',#3964,#294);
#159=LINE('',#3967,#295);
#160=LINE('',#3968,#296);
#161=LINE('',#3972,#297);
#162=LINE('',#3975,#298);
#163=LINE('',#3976,#299);
#164=LINE('',#3979,#300);
#165=LINE('',#3980,#301);
#166=LINE('',#3982,#302);
#167=LINE('',#3987,#303);
#168=LINE('',#3989,#304);
#169=LINE('',#3991,#305);
#170=LINE('',#3992,#306);
#171=LINE('',#3996,#307);
#172=LINE('',#3998,#308);
#173=LINE('',#4000,#309);
#174=LINE('',#4001,#310);
#175=LINE('',#4003,#311);
#176=LINE('',#4004,#312);
#177=LINE('',#4006,#313);
#178=LINE('',#4008,#314);
#179=LINE('',#4013,#315);
#180=LINE('',#4015,#316);
#181=LINE('',#4017,#317);
#182=LINE('',#4018,#318);
#183=LINE('',#4021,#319);
#184=LINE('',#4023,#320);
#185=LINE('',#4024,#321);
#186=LINE('',#4030,#322);
#187=LINE('',#4033,#323);
#188=LINE('',#4035,#324);
#189=LINE('',#4036,#325);
#190=LINE('',#4039,#326);
#191=LINE('',#4041,#327);
#192=LINE('',#4042,#328);
#193=LINE('',#4050,#329);
#194=VECTOR('',#1759,10.);
#195=VECTOR('',#1760,10.);
#196=VECTOR('',#1761,10.);
#197=VECTOR('',#1762,10.);
#198=VECTOR('',#1765,10.);
#199=VECTOR('',#1766,10.);
#200=VECTOR('',#1767,10.);
#201=VECTOR('',#1774,10.);
#202=VECTOR('',#1779,10.);
#203=VECTOR('',#1784,10.);
#204=VECTOR('',#1785,10.);
#205=VECTOR('',#1786,10.);
#206=VECTOR('',#1789,10.);
#207=VECTOR('',#1790,10.);
#208=VECTOR('',#1797,10.);
#209=VECTOR('',#1798,10.);
#210=VECTOR('',#1799,10.);
#211=VECTOR('',#1800,10.);
#212=VECTOR('',#1807,10.);
#213=VECTOR('',#1810,10.);
#214=VECTOR('',#1811,10.);
#215=VECTOR('',#1812,10.);
#216=VECTOR('',#1823,10.);
#217=VECTOR('',#1824,10.);
#218=VECTOR('',#1825,10.);
#219=VECTOR('',#1826,10.);
#220=VECTOR('',#1833,10.);
#221=VECTOR('',#1836,10.);
#222=VECTOR('',#1837,10.);
#223=VECTOR('',#1838,10.);
#224=VECTOR('',#1849,10.);
#225=VECTOR('',#1850,10.);
#226=VECTOR('',#1851,10.);
#227=VECTOR('',#1852,10.);
#228=VECTOR('',#1859,10.);
#229=VECTOR('',#1862,10.);
#230=VECTOR('',#1863,10.);
#231=VECTOR('',#1864,10.);
#232=VECTOR('',#1875,10.);
#233=VECTOR('',#1876,10.);
#234=VECTOR('',#1877,10.);
#235=VECTOR('',#1878,10.);
#236=VECTOR('',#1885,10.);
#237=VECTOR('',#1888,10.);
#238=VECTOR('',#1889,10.);
#239=VECTOR('',#1890,10.);
#240=VECTOR('',#1925,10.5);
#241=VECTOR('',#1928,15.5);
#242=VECTOR('',#1949,11.95);
#243=VECTOR('',#1954,13.75);
#244=VECTOR('',#1965,10.);
#245=VECTOR('',#1968,10.);
#246=VECTOR('',#1971,10.);
#247=VECTOR('',#1974,10.);
#248=VECTOR('',#1975,10.);
#249=VECTOR('',#1976,10.);
#250=VECTOR('',#1979,10.);
#251=VECTOR('',#1980,10.);
#252=VECTOR('',#1985,10.);
#253=VECTOR('',#1988,10.);
#254=VECTOR('',#1989,10.);
#255=VECTOR('',#1992,10.);
#256=VECTOR('',#1993,10.);
#257=VECTOR('',#1996,10.);
#258=VECTOR('',#2003,10.);
#259=VECTOR('',#2006,10.);
#260=VECTOR('',#2009,10.);
#261=VECTOR('',#2012,10.);
#262=VECTOR('',#2013,10.);
#263=VECTOR('',#2014,10.);
#264=VECTOR('',#2017,10.);
#265=VECTOR('',#2018,10.);
#266=VECTOR('',#2023,10.);
#267=VECTOR('',#2028,2.025);
#268=VECTOR('',#2035,10.);
#269=VECTOR('',#2036,10.);
#270=VECTOR('',#2037,10.);
#271=VECTOR('',#2040,10.);
#272=VECTOR('',#2043,10.);
#273=VECTOR('',#2048,10.);
#274=VECTOR('',#2049,10.);
#275=VECTOR('',#2050,10.);
#276=VECTOR('',#2051,10.);
#277=VECTOR('',#2058,10.);
#278=VECTOR('',#2061,10.);
#279=VECTOR('',#2062,10.);
#280=VECTOR('',#2063,10.);
#281=VECTOR('',#2072,10.);
#282=VECTOR('',#2073,10.);
#283=VECTOR('',#2074,10.);
#284=VECTOR('',#2075,10.);
#285=VECTOR('',#2082,10.);
#286=VECTOR('',#2085,10.);
#287=VECTOR('',#2086,10.);
#288=VECTOR('',#2087,10.);
#289=VECTOR('',#2102,10.);
#290=VECTOR('',#2105,10.);
#291=VECTOR('',#2108,10.);
#292=VECTOR('',#2111,10.);
#293=VECTOR('',#2112,10.);
#294=VECTOR('',#2113,10.);
#295=VECTOR('',#2116,10.);
#296=VECTOR('',#2117,10.);
#297=VECTOR('',#2122,10.);
#298=VECTOR('',#2125,10.);
#299=VECTOR('',#2126,10.);
#300=VECTOR('',#2129,10.);
#301=VECTOR('',#2130,10.);
#302=VECTOR('',#2133,10.);
#303=VECTOR('',#2138,10.);
#304=VECTOR('',#2139,10.);
#305=VECTOR('',#2140,10.);
#306=VECTOR('',#2141,10.);
#307=VECTOR('',#2144,10.);
#308=VECTOR('',#2145,10.);
#309=VECTOR('',#2146,10.);
#310=VECTOR('',#2147,10.);
#311=VECTOR('',#2150,10.);
#312=VECTOR('',#2151,10.);
#313=VECTOR('',#2154,10.);
#314=VECTOR('',#2157,10.);
#315=VECTOR('',#2162,10.);
#316=VECTOR('',#2163,10.);
#317=VECTOR('',#2164,10.);
#318=VECTOR('',#2165,10.);
#319=VECTOR('',#2168,10.);
#320=VECTOR('',#2169,10.);
#321=VECTOR('',#2170,10.);
#322=VECTOR('',#2177,10.);
#323=VECTOR('',#2180,10.);
#324=VECTOR('',#2181,10.);
#325=VECTOR('',#2182,10.);
#326=VECTOR('',#2185,10.);
#327=VECTOR('',#2186,10.);
#328=VECTOR('',#2187,10.);
#329=VECTOR('',#2198,10.5);
#330=SHAPE_REPRESENTATION_RELATIONSHIP('SRR','None',#4078,#332);
#331=SHAPE_REPRESENTATION_RELATIONSHIP('SRR','None',#4079,#333);
#332=ADVANCED_BREP_SHAPE_REPRESENTATION('',(#343),#4062);
#333=ADVANCED_BREP_SHAPE_REPRESENTATION('',(#344,#345,#346,#347,#348,#349,
#350),#4063);
#334=STYLED_ITEM('',(#4097),#343);
#335=STYLED_ITEM('',(#4098),#344);
#336=STYLED_ITEM('',(#4098),#345);
#337=STYLED_ITEM('',(#4098),#346);
#338=STYLED_ITEM('',(#4098),#347);
#339=STYLED_ITEM('',(#4098),#348);
#340=STYLED_ITEM('',(#4098),#349);
#341=STYLED_ITEM('',(#4096),#350);
#342=STYLED_ITEM('',(#4099),#12);
#343=MANIFOLD_SOLID_BREP('Body1',#1546);
#344=MANIFOLD_SOLID_BREP('Body1',#1547);
#345=MANIFOLD_SOLID_BREP('Body2',#1548);
#346=MANIFOLD_SOLID_BREP('Body3',#1549);
#347=MANIFOLD_SOLID_BREP('Body4',#1550);
#348=MANIFOLD_SOLID_BREP('Body5',#1551);
#349=MANIFOLD_SOLID_BREP('Body7',#1552);
#350=MANIFOLD_SOLID_BREP('Body6',#1553);
#351=PLANE('',#1581);
#352=PLANE('',#1582);
#353=PLANE('',#1584);
#354=PLANE('',#1585);
#355=PLANE('',#1592);
#356=PLANE('',#1593);
#357=PLANE('',#1594);
#358=PLANE('',#1596);
#359=PLANE('',#1600);
#360=PLANE('',#1601);
#361=PLANE('',#1603);
#362=PLANE('',#1605);
#363=PLANE('',#1609);
#364=PLANE('',#1610);
#365=PLANE('',#1612);
#366=PLANE('',#1614);
#367=PLANE('',#1618);
#368=PLANE('',#1619);
#369=PLANE('',#1621);
#370=PLANE('',#1623);
#371=PLANE('',#1627);
#372=PLANE('',#1628);
#373=PLANE('',#1630);
#374=PLANE('',#1640);
#375=PLANE('',#1643);
#376=PLANE('',#1649);
#377=PLANE('',#1652);
#378=PLANE('',#1659);
#379=PLANE('',#1660);
#380=PLANE('',#1664);
#381=PLANE('',#1666);
#382=PLANE('',#1669);
#383=PLANE('',#1670);
#384=PLANE('',#1671);
#385=PLANE('',#1672);
#386=PLANE('',#1676);
#387=PLANE('',#1678);
#388=PLANE('',#1684);
#389=PLANE('',#1685);
#390=PLANE('',#1686);
#391=PLANE('',#1687);
#392=PLANE('',#1688);
#393=PLANE('',#1689);
#394=PLANE('',#1693);
#395=PLANE('',#1697);
#396=PLANE('',#1701);
#397=PLANE('',#1705);
#398=PLANE('',#1706);
#399=PLANE('',#1710);
#400=PLANE('',#1712);
#401=PLANE('',#1715);
#402=PLANE('',#1716);
#403=PLANE('',#1717);
#404=PLANE('',#1718);
#405=PLANE('',#1719);
#406=PLANE('',#1720);
#407=PLANE('',#1721);
#408=PLANE('',#1722);
#409=PLANE('',#1723);
#410=PLANE('',#1724);
#411=PLANE('',#1725);
#412=PLANE('',#1726);
#413=PLANE('',#1730);
#414=PLANE('',#1731);
#415=PLANE('',#1738);
#416=PLANE('',#1739);
#417=FACE_OUTER_BOUND('',#511,.T.);
#418=FACE_OUTER_BOUND('',#512,.T.);
#419=FACE_OUTER_BOUND('',#513,.T.);
#420=FACE_OUTER_BOUND('',#514,.T.);
#421=FACE_OUTER_BOUND('',#515,.T.);
#422=FACE_OUTER_BOUND('',#516,.T.);
#423=FACE_OUTER_BOUND('',#517,.T.);
#424=FACE_OUTER_BOUND('',#518,.T.);
#425=FACE_OUTER_BOUND('',#519,.T.);
#426=FACE_OUTER_BOUND('',#520,.T.);
#427=FACE_OUTER_BOUND('',#522,.T.);
#428=FACE_OUTER_BOUND('',#523,.T.);
#429=FACE_OUTER_BOUND('',#524,.T.);
#430=FACE_OUTER_BOUND('',#525,.T.);
#431=FACE_OUTER_BOUND('',#526,.T.);
#432=FACE_OUTER_BOUND('',#527,.T.);
#433=FACE_OUTER_BOUND('',#528,.T.);
#434=FACE_OUTER_BOUND('',#529,.T.);
#435=FACE_OUTER_BOUND('',#530,.T.);
#436=FACE_OUTER_BOUND('',#531,.T.);
#437=FACE_OUTER_BOUND('',#532,.T.);
#438=FACE_OUTER_BOUND('',#533,.T.);
#439=FACE_OUTER_BOUND('',#534,.T.);
#440=FACE_OUTER_BOUND('',#535,.T.);
#441=FACE_OUTER_BOUND('',#536,.T.);
#442=FACE_OUTER_BOUND('',#537,.T.);
#443=FACE_OUTER_BOUND('',#538,.T.);
#444=FACE_OUTER_BOUND('',#539,.T.);
#445=FACE_OUTER_BOUND('',#540,.T.);
#446=FACE_OUTER_BOUND('',#541,.T.);
#447=FACE_OUTER_BOUND('',#542,.T.);
#448=FACE_OUTER_BOUND('',#543,.T.);
#449=FACE_OUTER_BOUND('',#544,.T.);
#450=FACE_OUTER_BOUND('',#545,.T.);
#451=FACE_OUTER_BOUND('',#546,.T.);
#452=FACE_OUTER_BOUND('',#547,.T.);
#453=FACE_OUTER_BOUND('',#548,.T.);
#454=FACE_OUTER_BOUND('',#553,.T.);
#455=FACE_OUTER_BOUND('',#554,.T.);
#456=FACE_OUTER_BOUND('',#555,.T.);
#457=FACE_OUTER_BOUND('',#556,.T.);
#458=FACE_OUTER_BOUND('',#557,.T.);
#459=FACE_OUTER_BOUND('',#559,.T.);
#460=FACE_OUTER_BOUND('',#560,.T.);
#461=FACE_OUTER_BOUND('',#561,.T.);
#462=FACE_OUTER_BOUND('',#562,.T.);
#463=FACE_OUTER_BOUND('',#563,.T.);
#464=FACE_OUTER_BOUND('',#564,.T.);
#465=FACE_OUTER_BOUND('',#565,.T.);
#466=FACE_OUTER_BOUND('',#566,.T.);
#467=FACE_OUTER_BOUND('',#567,.T.);
#468=FACE_OUTER_BOUND('',#568,.T.);
#469=FACE_OUTER_BOUND('',#569,.T.);
#470=FACE_OUTER_BOUND('',#570,.T.);
#471=FACE_OUTER_BOUND('',#571,.T.);
#472=FACE_OUTER_BOUND('',#572,.T.);
#473=FACE_OUTER_BOUND('',#573,.T.);
#474=FACE_OUTER_BOUND('',#574,.T.);
#475=FACE_OUTER_BOUND('',#576,.T.);
#476=FACE_OUTER_BOUND('',#577,.T.);
#477=FACE_OUTER_BOUND('',#578,.T.);
#478=FACE_OUTER_BOUND('',#579,.T.);
#479=FACE_OUTER_BOUND('',#580,.T.);
#480=FACE_OUTER_BOUND('',#581,.T.);
#481=FACE_OUTER_BOUND('',#582,.T.);
#482=FACE_OUTER_BOUND('',#583,.T.);
#483=FACE_OUTER_BOUND('',#584,.T.);
#484=FACE_OUTER_BOUND('',#585,.T.);
#485=FACE_OUTER_BOUND('',#586,.T.);
#486=FACE_OUTER_BOUND('',#587,.T.);
#487=FACE_OUTER_BOUND('',#589,.T.);
#488=FACE_OUTER_BOUND('',#591,.T.);
#489=FACE_OUTER_BOUND('',#592,.T.);
#490=FACE_OUTER_BOUND('',#593,.T.);
#491=FACE_OUTER_BOUND('',#594,.T.);
#492=FACE_OUTER_BOUND('',#595,.T.);
#493=FACE_OUTER_BOUND('',#596,.T.);
#494=FACE_OUTER_BOUND('',#597,.T.);
#495=FACE_OUTER_BOUND('',#598,.T.);
#496=FACE_OUTER_BOUND('',#599,.T.);
#497=FACE_OUTER_BOUND('',#600,.T.);
#498=FACE_OUTER_BOUND('',#601,.T.);
#499=FACE_OUTER_BOUND('',#602,.T.);
#500=FACE_OUTER_BOUND('',#603,.T.);
#501=FACE_OUTER_BOUND('',#604,.T.);
#502=FACE_OUTER_BOUND('',#605,.T.);
#503=FACE_OUTER_BOUND('',#606,.T.);
#504=FACE_OUTER_BOUND('',#607,.T.);
#505=FACE_OUTER_BOUND('',#608,.T.);
#506=FACE_OUTER_BOUND('',#609,.T.);
#507=FACE_OUTER_BOUND('',#610,.T.);
#508=FACE_OUTER_BOUND('',#611,.T.);
#509=FACE_OUTER_BOUND('',#612,.T.);
#510=FACE_OUTER_BOUND('',#614,.T.);
#511=EDGE_LOOP('',(#1033,#1034,#1035,#1036));
#512=EDGE_LOOP('',(#1037));
#513=EDGE_LOOP('',(#1038));
#514=EDGE_LOOP('',(#1039,#1040,#1041,#1042));
#515=EDGE_LOOP('',(#1043,#1044,#1045,#1046));
#516=EDGE_LOOP('',(#1047,#1048,#1049,#1050));
#517=EDGE_LOOP('',(#1051,#1052,#1053,#1054));
#518=EDGE_LOOP('',(#1055,#1056,#1057,#1058));
#519=EDGE_LOOP('',(#1059,#1060,#1061,#1062));
#520=EDGE_LOOP('',(#1063));
#521=EDGE_LOOP('',(#1064,#1065,#1066,#1067,#1068,#1069));
#522=EDGE_LOOP('',(#1070,#1071,#1072,#1073));
#523=EDGE_LOOP('',(#1074,#1075,#1076,#1077));
#524=EDGE_LOOP('',(#1078,#1079,#1080,#1081));
#525=EDGE_LOOP('',(#1082,#1083,#1084,#1085));
#526=EDGE_LOOP('',(#1086,#1087,#1088,#1089));
#527=EDGE_LOOP('',(#1090,#1091,#1092,#1093));
#528=EDGE_LOOP('',(#1094,#1095,#1096,#1097));
#529=EDGE_LOOP('',(#1098,#1099,#1100,#1101));
#530=EDGE_LOOP('',(#1102,#1103,#1104,#1105));
#531=EDGE_LOOP('',(#1106,#1107,#1108,#1109));
#532=EDGE_LOOP('',(#1110,#1111,#1112,#1113));
#533=EDGE_LOOP('',(#1114,#1115,#1116,#1117));
#534=EDGE_LOOP('',(#1118,#1119,#1120,#1121));
#535=EDGE_LOOP('',(#1122,#1123,#1124,#1125));
#536=EDGE_LOOP('',(#1126,#1127,#1128,#1129));
#537=EDGE_LOOP('',(#1130,#1131,#1132,#1133));
#538=EDGE_LOOP('',(#1134,#1135,#1136,#1137));
#539=EDGE_LOOP('',(#1138,#1139,#1140,#1141));
#540=EDGE_LOOP('',(#1142,#1143,#1144,#1145));
#541=EDGE_LOOP('',(#1146,#1147,#1148,#1149));
#542=EDGE_LOOP('',(#1150,#1151,#1152,#1153,#1154));
#543=EDGE_LOOP('',(#1155,#1156,#1157));
#544=EDGE_LOOP('',(#1158,#1159,#1160));
#545=EDGE_LOOP('',(#1161,#1162,#1163));
#546=EDGE_LOOP('',(#1164,#1165,#1166,#1167,#1168,#1169));
#547=EDGE_LOOP('',(#1170,#1171,#1172,#1173,#1174,#1175,#1176));
#548=EDGE_LOOP('',(#1177,#1178,#1179,#1180,#1181,#1182,#1183,#1184,#1185));
#549=EDGE_LOOP('',(#1186,#1187,#1188,#1189));
#550=EDGE_LOOP('',(#1190,#1191,#1192,#1193));
#551=EDGE_LOOP('',(#1194,#1195,#1196,#1197));
#552=EDGE_LOOP('',(#1198,#1199,#1200,#1201));
#553=EDGE_LOOP('',(#1202,#1203,#1204,#1205));
#554=EDGE_LOOP('',(#1206));
#555=EDGE_LOOP('',(#1207,#1208,#1209,#1210));
#556=EDGE_LOOP('',(#1211,#1212,#1213,#1214,#1215,#1216));
#557=EDGE_LOOP('',(#1217));
#558=EDGE_LOOP('',(#1218));
#559=EDGE_LOOP('',(#1219,#1220));
#560=EDGE_LOOP('',(#1221,#1222,#1223,#1224));
#561=EDGE_LOOP('',(#1225,#1226,#1227,#1228,#1229,#1230));
#562=EDGE_LOOP('',(#1231,#1232,#1233,#1234));
#563=EDGE_LOOP('',(#1235,#1236,#1237,#1238));
#564=EDGE_LOOP('',(#1239,#1240,#1241,#1242));
#565=EDGE_LOOP('',(#1243,#1244,#1245,#1246));
#566=EDGE_LOOP('',(#1247,#1248,#1249,#1250,#1251,#1252));
#567=EDGE_LOOP('',(#1253,#1254,#1255,#1256));
#568=EDGE_LOOP('',(#1257,#1258,#1259,#1260));
#569=EDGE_LOOP('',(#1261,#1262,#1263,#1264,#1265,#1266));
#570=EDGE_LOOP('',(#1267,#1268,#1269,#1270));
#571=EDGE_LOOP('',(#1271,#1272,#1273,#1274));
#572=EDGE_LOOP('',(#1275,#1276,#1277,#1278));
#573=EDGE_LOOP('',(#1279));
#574=EDGE_LOOP('',(#1280,#1281,#1282,#1283,#1284,#1285));
#575=EDGE_LOOP('',(#1286));
#576=EDGE_LOOP('',(#1287,#1288,#1289,#1290));
#577=EDGE_LOOP('',(#1291,#1292,#1293,#1294));
#578=EDGE_LOOP('',(#1295,#1296,#1297,#1298));
#579=EDGE_LOOP('',(#1299,#1300,#1301,#1302));
#580=EDGE_LOOP('',(#1303,#1304,#1305,#1306));
#581=EDGE_LOOP('',(#1307,#1308,#1309,#1310));
#582=EDGE_LOOP('',(#1311,#1312,#1313,#1314));
#583=EDGE_LOOP('',(#1315,#1316,#1317,#1318));
#584=EDGE_LOOP('',(#1319,#1320,#1321,#1322));
#585=EDGE_LOOP('',(#1323,#1324,#1325,#1326));
#586=EDGE_LOOP('',(#1327,#1328,#1329,#1330));
#587=EDGE_LOOP('',(#1331,#1332,#1333,#1334));
#588=EDGE_LOOP('',(#1335,#1336,#1337,#1338));
#589=EDGE_LOOP('',(#1339,#1340,#1341,#1342));
#590=EDGE_LOOP('',(#1343,#1344,#1345,#1346));
#591=EDGE_LOOP('',(#1347,#1348,#1349,#1350));
#592=EDGE_LOOP('',(#1351,#1352,#1353,#1354,#1355,#1356));
#593=EDGE_LOOP('',(#1357,#1358,#1359,#1360));
#594=EDGE_LOOP('',(#1361,#1362,#1363,#1364));
#595=EDGE_LOOP('',(#1365,#1366,#1367,#1368));
#596=EDGE_LOOP('',(#1369,#1370,#1371,#1372,#1373,#1374));
#597=EDGE_LOOP('',(#1375,#1376,#1377,#1378));
#598=EDGE_LOOP('',(#1379,#1380,#1381,#1382));
#599=EDGE_LOOP('',(#1383,#1384,#1385,#1386));
#600=EDGE_LOOP('',(#1387,#1388,#1389,#1390));
#601=EDGE_LOOP('',(#1391,#1392,#1393,#1394));
#602=EDGE_LOOP('',(#1395,#1396,#1397,#1398));
#603=EDGE_LOOP('',(#1399,#1400,#1401,#1402));
#604=EDGE_LOOP('',(#1403,#1404,#1405,#1406));
#605=EDGE_LOOP('',(#1407,#1408,#1409,#1410));
#606=EDGE_LOOP('',(#1411,#1412,#1413,#1414));
#607=EDGE_LOOP('',(#1415,#1416,#1417,#1418));
#608=EDGE_LOOP('',(#1419,#1420,#1421,#1422));
#609=EDGE_LOOP('',(#1423,#1424,#1425,#1426));
#610=EDGE_LOOP('',(#1427,#1428,#1429,#1430));
#611=EDGE_LOOP('',(#1431,#1432,#1433,#1434));
#612=EDGE_LOOP('',(#1435));
#613=EDGE_LOOP('',(#1436,#1437,#1438,#1439,#1440,#1441));
#614=EDGE_LOOP('',(#1442));
#615=EDGE_LOOP('',(#1443,#1444,#1445,#1446,#1447,#1448));
#616=B_SPLINE_CURVE_WITH_KNOTS('',3,(#3386,#3387,#3388,#3389,#3390,#3391,
#3392,#3393,#3394,#3395,#3396,#3397,#3398,#3399,#3400,#3401,#3402,#3403,
#3404,#3405,#3406,#3407,#3408,#3409,#3410,#3411,#3412,#3413,#3414,#3415,
#3416,#3417,#3418,#3419,#3420,#3421,#3422,#3423,#3424,#3425,#3426,#3427,
#3428,#3429,#3430,#3431,#3432,#3433,#3434,#3435,#3436,#3437,#3438,#3439,
#3440,#3441,#3442,#3443,#3444,#3445,#3446,#3447,#3448,#3449,#3450,#3451,
#3452,#3453,#3454,#3455,#3456,#3457,#3458,#3459,#3460,#3461,#3462,#3463,
#3464,#3465,#3466,#3467,#3468,#3469,#3470,#3471,#3472,#3473,#3474,#3475,
#3476,#3477,#3478,#3479,#3480,#3481,#3482,#3483,#3484,#3485,#3486,#3487,
#3488,#3489,#3490,#3491,#3492,#3493,#3494,#3495,#3496,#3497,#3498,#3499,
#3500,#3501,#3502),.UNSPECIFIED.,.F.,.F.,(4,1,1,1,1,1,1,1,1,1,1,1,1,1,1,
1,1,1,1,1,1,1,1,1,1,1,1,1,1,1,1,1,1,1,1,1,1,1,1,1,1,1,1,1,1,1,1,1,1,1,1,
1,1,1,1,1,1,1,1,1,1,1,1,1,1,1,1,1,1,1,1,1,1,1,1,1,1,1,1,1,1,1,1,1,1,1,1,
1,1,1,1,1,1,1,1,1,1,1,1,1,1,1,1,1,1,1,1,1,1,1,1,1,1,1,4),(0.,0.496040945303652,
0.992081890607303,1.48812283591095,1.98416378121461,2.48020472651826,2.97624567182191,
3.47228661712556,3.96832756242921,4.46436850773286,4.96040945303652,5.45645039834017,
5.95249134364382,6.44853228894747,6.94457323425112,7.44061417955477,7.93665512485842,
8.43269607016208,8.92873701546573,9.42477796076938,9.92081890607303,10.4168598513767,
10.9129007966803,11.408941741984,11.9049826872876,12.4010236325913,12.8970645778949,
13.3931055231986,13.8891464685022,14.3851874138059,14.8812283591095,15.3772693044132,
15.8733102497168,16.3693511950205,16.8653921403242,17.3614330856278,17.8574740309315,
18.3535149762351,18.8495559215388,19.3455968668424,19.8416378121461,20.3376787574497,
20.8337197027534,21.329760648057,21.8258015933607,22.3218425386643,22.817883483968,
23.3139244292716,23.8099653745753,24.3060063198789,24.8020472651826,25.2980882104862,
25.7941291557899,26.2901701010935,26.7862110463972,27.2822519917008,27.7782929370045,
28.2743338823081,28.7703748276118,29.2664157729154,29.7624567182191,30.2584976635227,
30.7545386088264,31.25057955413,31.7466204994337,32.2426614447374,32.738702390041,
33.2347433353447,33.7307842806483,34.226825225952,34.7228661712556,35.2189071165593,
35.7149480618629,36.2109890071666,36.7070299524702,37.2030708977739,37.6991118430775,
38.1951527883812,38.6911937336848,39.1872346789885,39.6832756242921,40.1793165695958,
40.6753575148994,41.1713984602031,41.6674394055067,42.1634803508104,42.659521296114,
43.1555622414177,43.6516031867213,44.147644132025,44.6436850773286,45.1397260226323,
45.6357669679359,46.1318079132396,46.6278488585432,47.1238898038469,47.6199307491505,
48.1159716944542,48.6120126397579,49.1080535850615,49.6040945303652,50.1001354756688,
50.5961764209725,51.0922173662761,51.5882583115798,52.0842992568834,52.5803402021871,
53.0763811474907,53.5724220927944,54.068463038098,54.5645039834017,55.0605449287053,
55.556585874009,56.0526268193126,56.5486677646163),.UNSPECIFIED.);
#617=B_SPLINE_CURVE_WITH_KNOTS('',3,(#3718,#3719,#3720,#3721,#3722,#3723,
#3724,#3725,#3726,#3727,#3728,#3729),.UNSPECIFIED.,.F.,.F.,(4,1,1,1,1,1,
1,2,4),(-1.35603664159901,-1.08482931327921,-0.813621984959407,-0.542414656639604,
-0.406810992479703,-0.271207328319802,-0.135603664159901,0.,0.00266770835506156),
 .UNSPECIFIED.);
#618=B_SPLINE_CURVE_WITH_KNOTS('',3,(#3772,#3773,#3774,#3775,#3776,#3777,
#3778,#3779),.UNSPECIFIED.,.F.,.F.,(4,2,1,1,4),(-4.0595379006141,-4.05687019225904,
-3.51445553561943,-3.24324820729963,-2.70083355066002),.UNSPECIFIED.);
#619=CIRCLE('',#1579,0.72);
#620=CIRCLE('',#1580,0.72);
#621=CIRCLE('',#1587,9.5);
#622=CIRCLE('',#1588,9.5);
#623=CIRCLE('',#1590,1.6);
#624=CIRCLE('',#1591,1.6);
#625=CIRCLE('',#1595,10.5);
#626=CIRCLE('',#1598,2.07524098607287);
#627=CIRCLE('',#1599,2.07524098607287);
#628=CIRCLE('',#1602,15.5);
#629=CIRCLE('',#1604,15.5);
#630=CIRCLE('',#1607,2.07524098599537);
#631=CIRCLE('',#1608,2.07524098599537);
#632=CIRCLE('',#1611,15.5);
#633=CIRCLE('',#1613,15.5);
#634=CIRCLE('',#1616,2.07524098583036);
#635=CIRCLE('',#1617,2.07524098583036);
#636=CIRCLE('',#1620,15.5);
#637=CIRCLE('',#1622,15.5);
#638=CIRCLE('',#1625,2.0752409862264);
#639=CIRCLE('',#1626,2.0752409862264);
#640=CIRCLE('',#1629,15.5);
#641=CIRCLE('',#1631,15.5);
#642=CIRCLE('',#1633,2.);
#643=CIRCLE('',#1634,12.5);
#644=CIRCLE('',#1635,2.);
#645=CIRCLE('',#1636,10.5);
#646=CIRCLE('',#1637,10.5);
#647=CIRCLE('',#1638,15.5);
#648=CIRCLE('',#1639,15.5);
#649=CIRCLE('',#1641,15.5);
#650=CIRCLE('',#1642,15.5);
#651=CIRCLE('',#1646,15.5);
#652=CIRCLE('',#1647,15.5);
#653=CIRCLE('',#1648,15.5);
#654=CIRCLE('',#1650,13.75);
#655=CIRCLE('',#1651,13.75);
#656=CIRCLE('',#1653,11.95);
#657=CIRCLE('',#1655,11.95);
#658=CIRCLE('',#1657,13.75);
#659=CIRCLE('',#1658,13.75);
#660=CIRCLE('',#1662,1.7);
#661=CIRCLE('',#1663,1.7);
#662=CIRCLE('',#1665,1.7);
#663=CIRCLE('',#1668,1.7);
#664=CIRCLE('',#1674,2.);
#665=CIRCLE('',#1675,2.);
#666=CIRCLE('',#1677,2.);
#667=CIRCLE('',#1680,2.);
#668=CIRCLE('',#1682,2.025);
#669=CIRCLE('',#1683,2.025);
#670=CIRCLE('',#1691,1.4475);
#671=CIRCLE('',#1692,1.4475);
#672=CIRCLE('',#1695,1.4475);
#673=CIRCLE('',#1696,1.4475);
#674=CIRCLE('',#1699,2.74750000000153);
#675=CIRCLE('',#1700,2.74750000000153);
#676=CIRCLE('',#1703,2.74750000000106);
#677=CIRCLE('',#1704,2.74750000000106);
#678=CIRCLE('',#1708,1.7);
#679=CIRCLE('',#1709,1.7);
#680=CIRCLE('',#1711,1.7);
#681=CIRCLE('',#1714,1.7);
#682=CIRCLE('',#1728,1.6);
#683=CIRCLE('',#1729,1.6);
#684=CIRCLE('',#1733,9.5);
#685=CIRCLE('',#1734,9.5);
#686=CIRCLE('',#1736,10.5);
#687=CIRCLE('',#1737,10.5);
#688=VERTEX_POINT('',#3383);
#689=VERTEX_POINT('',#3385);
#690=VERTEX_POINT('',#3508);
#691=VERTEX_POINT('',#3509);
#692=VERTEX_POINT('',#3511);
#693=VERTEX_POINT('',#3513);
#694=VERTEX_POINT('',#3517);
#695=VERTEX_POINT('',#3519);
#696=VERTEX_POINT('',#3523);
#697=VERTEX_POINT('',#3525);
#698=VERTEX_POINT('',#3529);
#699=VERTEX_POINT('',#3531);
#700=VERTEX_POINT('',#3535);
#701=VERTEX_POINT('',#3537);
#702=VERTEX_POINT('',#3544);
#703=VERTEX_POINT('',#3547);
#704=VERTEX_POINT('',#3548);
#705=VERTEX_POINT('',#3550);
#706=VERTEX_POINT('',#3552);
#707=VERTEX_POINT('',#3556);
#708=VERTEX_POINT('',#3558);
#709=VERTEX_POINT('',#3562);
#710=VERTEX_POINT('',#3564);
#711=VERTEX_POINT('',#3572);
#712=VERTEX_POINT('',#3573);
#713=VERTEX_POINT('',#3575);
#714=VERTEX_POINT('',#3577);
#715=VERTEX_POINT('',#3581);
#716=VERTEX_POINT('',#3583);
#717=VERTEX_POINT('',#3587);
#718=VERTEX_POINT('',#3589);
#719=VERTEX_POINT('',#3597);
#720=VERTEX_POINT('',#3598);
#721=VERTEX_POINT('',#3600);
#722=VERTEX_POINT('',#3602);
#723=VERTEX_POINT('',#3606);
#724=VERTEX_POINT('',#3608);
#725=VERTEX_POINT('',#3612);
#726=VERTEX_POINT('',#3614);
#727=VERTEX_POINT('',#3622);
#728=VERTEX_POINT('',#3623);
#729=VERTEX_POINT('',#3625);
#730=VERTEX_POINT('',#3627);
#731=VERTEX_POINT('',#3631);
#732=VERTEX_POINT('',#3633);
#733=VERTEX_POINT('',#3637);
#734=VERTEX_POINT('',#3639);
#735=VERTEX_POINT('',#3647);
#736=VERTEX_POINT('',#3648);
#737=VERTEX_POINT('',#3650);
#738=VERTEX_POINT('',#3652);
#739=VERTEX_POINT('',#3654);
#740=VERTEX_POINT('',#3717);
#741=VERTEX_POINT('',#3781);
#742=VERTEX_POINT('',#3788);
#743=VERTEX_POINT('',#3790);
#744=VERTEX_POINT('',#3792);
#745=VERTEX_POINT('',#3796);
#746=VERTEX_POINT('',#3800);
#747=VERTEX_POINT('',#3803);
#748=VERTEX_POINT('',#3807);
#749=VERTEX_POINT('',#3814);
#750=VERTEX_POINT('',#3815);
#751=VERTEX_POINT('',#3817);
#752=VERTEX_POINT('',#3819);
#753=VERTEX_POINT('',#3823);
#754=VERTEX_POINT('',#3825);
#755=VERTEX_POINT('',#3827);
#756=VERTEX_POINT('',#3829);
#757=VERTEX_POINT('',#3833);
#758=VERTEX_POINT('',#3837);
#759=VERTEX_POINT('',#3841);
#760=VERTEX_POINT('',#3845);
#761=VERTEX_POINT('',#3852);
#762=VERTEX_POINT('',#3853);
#763=VERTEX_POINT('',#3855);
#764=VERTEX_POINT('',#3857);
#765=VERTEX_POINT('',#3861);
#766=VERTEX_POINT('',#3863);
#767=VERTEX_POINT('',#3865);
#768=VERTEX_POINT('',#3867);
#769=VERTEX_POINT('',#3871);
#770=VERTEX_POINT('',#3875);
#771=VERTEX_POINT('',#3879);
#772=VERTEX_POINT('',#3881);
#773=VERTEX_POINT('',#3886);
#774=VERTEX_POINT('',#3888);
#775=VERTEX_POINT('',#3897);
#776=VERTEX_POINT('',#3898);
#777=VERTEX_POINT('',#3900);
#778=VERTEX_POINT('',#3902);
#779=VERTEX_POINT('',#3906);
#780=VERTEX_POINT('',#3908);
#781=VERTEX_POINT('',#3912);
#782=VERTEX_POINT('',#3914);
#783=VERTEX_POINT('',#3921);
#784=VERTEX_POINT('',#3922);
#785=VERTEX_POINT('',#3924);
#786=VERTEX_POINT('',#3926);
#787=VERTEX_POINT('',#3930);
#788=VERTEX_POINT('',#3932);
#789=VERTEX_POINT('',#3936);
#790=VERTEX_POINT('',#3938);
#791=VERTEX_POINT('',#3947);
#792=VERTEX_POINT('',#3948);
#793=VERTEX_POINT('',#3950);
#794=VERTEX_POINT('',#3952);
#795=VERTEX_POINT('',#3956);
#796=VERTEX_POINT('',#3958);
#797=VERTEX_POINT('',#3960);
#798=VERTEX_POINT('',#3962);
#799=VERTEX_POINT('',#3966);
#800=VERTEX_POINT('',#3970);
#801=VERTEX_POINT('',#3974);
#802=VERTEX_POINT('',#3978);
#803=VERTEX_POINT('',#3985);
#804=VERTEX_POINT('',#3986);
#805=VERTEX_POINT('',#3988);
#806=VERTEX_POINT('',#3990);
#807=VERTEX_POINT('',#3994);
#808=VERTEX_POINT('',#3995);
#809=VERTEX_POINT('',#3997);
#810=VERTEX_POINT('',#3999);
#811=VERTEX_POINT('',#4011);
#812=VERTEX_POINT('',#4012);
#813=VERTEX_POINT('',#4014);
#814=VERTEX_POINT('',#4016);
#815=VERTEX_POINT('',#4020);
#816=VERTEX_POINT('',#4022);
#817=VERTEX_POINT('',#4026);
#818=VERTEX_POINT('',#4028);
#819=VERTEX_POINT('',#4032);
#820=VERTEX_POINT('',#4034);
#821=VERTEX_POINT('',#4038);
#822=VERTEX_POINT('',#4040);
#823=VERTEX_POINT('',#4047);
#824=VERTEX_POINT('',#4049);
#825=EDGE_CURVE('',#688,#688,#619,.T.);
#826=EDGE_CURVE('',#688,#689,#616,.T.);
#827=EDGE_CURVE('',#689,#689,#620,.T.);
#828=EDGE_CURVE('',#690,#691,#58,.T.);
#829=EDGE_CURVE('',#691,#692,#59,.T.);
#830=EDGE_CURVE('',#692,#693,#60,.T.);
#831=EDGE_CURVE('',#690,#693,#61,.T.);
#832=EDGE_CURVE('',#694,#690,#62,.T.);
#833=EDGE_CURVE('',#693,#695,#63,.T.);
#834=EDGE_CURVE('',#694,#695,#64,.T.);
#835=EDGE_CURVE('',#696,#694,#621,.T.);
#836=EDGE_CURVE('',#695,#697,#622,.T.);
#837=EDGE_CURVE('',#696,#697,#65,.T.);
#838=EDGE_CURVE('',#691,#698,#623,.T.);
#839=EDGE_CURVE('',#698,#699,#66,.T.);
#840=EDGE_CURVE('',#699,#692,#624,.T.);
#841=EDGE_CURVE('',#698,#700,#67,.T.);
#842=EDGE_CURVE('',#700,#701,#68,.T.);
#843=EDGE_CURVE('',#701,#699,#69,.T.);
#844=EDGE_CURVE('',#700,#696,#70,.T.);
#845=EDGE_CURVE('',#697,#701,#71,.T.);
#846=EDGE_CURVE('',#702,#702,#625,.T.);
#847=EDGE_CURVE('',#703,#704,#72,.T.);
#848=EDGE_CURVE('',#705,#704,#73,.T.);
#849=EDGE_CURVE('',#706,#705,#74,.T.);
#850=EDGE_CURVE('',#703,#706,#75,.T.);
#851=EDGE_CURVE('',#707,#703,#626,.T.);
#852=EDGE_CURVE('',#708,#706,#627,.T.);
#853=EDGE_CURVE('',#707,#708,#76,.T.);
#854=EDGE_CURVE('',#709,#707,#77,.T.);
#855=EDGE_CURVE('',#710,#708,#78,.T.);
#856=EDGE_CURVE('',#709,#710,#79,.T.);
#857=EDGE_CURVE('',#710,#705,#628,.T.);
#858=EDGE_CURVE('',#704,#709,#629,.T.);
#859=EDGE_CURVE('',#711,#712,#80,.T.);
#860=EDGE_CURVE('',#713,#712,#81,.T.);
#861=EDGE_CURVE('',#714,#713,#82,.T.);
#862=EDGE_CURVE('',#711,#714,#83,.T.);
#863=EDGE_CURVE('',#715,#711,#630,.T.);
#864=EDGE_CURVE('',#716,#714,#631,.T.);
#865=EDGE_CURVE('',#715,#716,#84,.T.);
#866=EDGE_CURVE('',#717,#715,#85,.T.);
#867=EDGE_CURVE('',#718,#716,#86,.T.);
#868=EDGE_CURVE('',#717,#718,#87,.T.);
#869=EDGE_CURVE('',#718,#713,#632,.T.);
#870=EDGE_CURVE('',#712,#717,#633,.T.);
#871=EDGE_CURVE('',#719,#720,#88,.T.);
#872=EDGE_CURVE('',#721,#719,#89,.T.);
#873=EDGE_CURVE('',#722,#721,#90,.T.);
#874=EDGE_CURVE('',#720,#722,#91,.T.);
#875=EDGE_CURVE('',#723,#720,#634,.T.);
#876=EDGE_CURVE('',#724,#722,#635,.T.);
#877=EDGE_CURVE('',#723,#724,#92,.T.);
#878=EDGE_CURVE('',#723,#725,#93,.T.);
#879=EDGE_CURVE('',#726,#724,#94,.T.);
#880=EDGE_CURVE('',#725,#726,#95,.T.);
#881=EDGE_CURVE('',#726,#721,#636,.T.);
#882=EDGE_CURVE('',#719,#725,#637,.T.);
#883=EDGE_CURVE('',#727,#728,#96,.T.);
#884=EDGE_CURVE('',#729,#727,#97,.T.);
#885=EDGE_CURVE('',#730,#729,#98,.T.);
#886=EDGE_CURVE('',#728,#730,#99,.T.);
#887=EDGE_CURVE('',#731,#728,#638,.T.);
#888=EDGE_CURVE('',#732,#730,#639,.T.);
#889=EDGE_CURVE('',#731,#732,#100,.T.);
#890=EDGE_CURVE('',#731,#733,#101,.T.);
#891=EDGE_CURVE('',#734,#732,#102,.T.);
#892=EDGE_CURVE('',#733,#734,#103,.T.);
#893=EDGE_CURVE('',#734,#729,#640,.T.);
#894=EDGE_CURVE('',#727,#733,#641,.T.);
#895=EDGE_CURVE('',#735,#736,#642,.T.);
#896=EDGE_CURVE('',#736,#737,#643,.T.);
#897=EDGE_CURVE('',#737,#738,#644,.T.);
#898=EDGE_CURVE('',#738,#739,#645,.T.);
#899=EDGE_CURVE('',#739,#735,#646,.T.);
#900=EDGE_CURVE('',#735,#740,#617,.T.);
#901=EDGE_CURVE('',#736,#740,#647,.T.);
#902=EDGE_CURVE('',#740,#737,#648,.T.);
#903=EDGE_CURVE('',#740,#738,#618,.T.);
#904=EDGE_CURVE('',#741,#736,#649,.T.);
#905=EDGE_CURVE('',#737,#741,#650,.T.);
#906=EDGE_CURVE('',#702,#739,#104,.T.);
#907=EDGE_CURVE('',#741,#742,#105,.T.);
#908=EDGE_CURVE('',#743,#742,#651,.T.);
#909=EDGE_CURVE('',#744,#743,#652,.T.);
#910=EDGE_CURVE('',#742,#744,#653,.T.);
#911=EDGE_CURVE('',#743,#745,#654,.T.);
#912=EDGE_CURVE('',#745,#744,#655,.T.);
#913=EDGE_CURVE('',#746,#746,#656,.T.);
#914=EDGE_CURVE('',#747,#747,#657,.T.);
#915=EDGE_CURVE('',#747,#746,#106,.T.);
#916=EDGE_CURVE('',#748,#748,#658,.T.);
#917=EDGE_CURVE('',#748,#745,#107,.T.);
#918=EDGE_CURVE('',#744,#743,#659,.T.);
#919=EDGE_CURVE('',#749,#750,#660,.T.);
#920=EDGE_CURVE('',#750,#751,#108,.T.);
#921=EDGE_CURVE('',#751,#752,#661,.T.);
#922=EDGE_CURVE('',#752,#749,#109,.T.);
#923=EDGE_CURVE('',#753,#751,#110,.T.);
#924=EDGE_CURVE('',#754,#753,#662,.T.);
#925=EDGE_CURVE('',#755,#754,#111,.T.);
#926=EDGE_CURVE('',#755,#756,#112,.T.);
#927=EDGE_CURVE('',#756,#752,#113,.T.);
#928=EDGE_CURVE('',#750,#757,#114,.T.);
#929=EDGE_CURVE('',#753,#757,#115,.T.);
#930=EDGE_CURVE('',#757,#758,#663,.T.);
#931=EDGE_CURVE('',#758,#754,#116,.T.);
#932=EDGE_CURVE('',#756,#759,#117,.T.);
#933=EDGE_CURVE('',#759,#749,#118,.T.);
#934=EDGE_CURVE('',#760,#758,#119,.T.);
#935=EDGE_CURVE('',#760,#755,#120,.T.);
#936=EDGE_CURVE('',#759,#760,#121,.T.);
#937=EDGE_CURVE('',#761,#762,#664,.T.);
#938=EDGE_CURVE('',#762,#763,#122,.T.);
#939=EDGE_CURVE('',#763,#764,#665,.T.);
#940=EDGE_CURVE('',#764,#761,#123,.T.);
#941=EDGE_CURVE('',#765,#763,#124,.T.);
#942=EDGE_CURVE('',#766,#765,#666,.T.);
#943=EDGE_CURVE('',#767,#766,#125,.T.);
#944=EDGE_CURVE('',#767,#768,#126,.T.);
#945=EDGE_CURVE('',#768,#764,#127,.T.);
#946=EDGE_CURVE('',#762,#769,#128,.T.);
#947=EDGE_CURVE('',#765,#769,#129,.T.);
#948=EDGE_CURVE('',#769,#770,#667,.T.);
#949=EDGE_CURVE('',#770,#766,#130,.T.);
#950=EDGE_CURVE('',#771,#771,#668,.T.);
#951=EDGE_CURVE('',#771,#772,#131,.T.);
#952=EDGE_CURVE('',#772,#772,#669,.T.);
#953=EDGE_CURVE('',#773,#761,#132,.T.);
#954=EDGE_CURVE('',#774,#773,#133,.T.);
#955=EDGE_CURVE('',#774,#770,#134,.T.);
#956=EDGE_CURVE('',#773,#768,#135,.T.);
#957=EDGE_CURVE('',#774,#767,#136,.T.);
#958=EDGE_CURVE('',#775,#776,#137,.T.);
#959=EDGE_CURVE('',#776,#777,#138,.T.);
#960=EDGE_CURVE('',#778,#777,#139,.T.);
#961=EDGE_CURVE('',#775,#778,#140,.T.);
#962=EDGE_CURVE('',#779,#775,#670,.T.);
#963=EDGE_CURVE('',#780,#778,#671,.T.);
#964=EDGE_CURVE('',#779,#780,#141,.T.);
#965=EDGE_CURVE('',#781,#779,#142,.T.);
#966=EDGE_CURVE('',#782,#780,#143,.T.);
#967=EDGE_CURVE('',#781,#782,#144,.T.);
#968=EDGE_CURVE('',#776,#781,#672,.T.);
#969=EDGE_CURVE('',#777,#782,#673,.T.);
#970=EDGE_CURVE('',#783,#784,#145,.T.);
#971=EDGE_CURVE('',#784,#785,#146,.T.);
#972=EDGE_CURVE('',#786,#785,#147,.T.);
#973=EDGE_CURVE('',#783,#786,#148,.T.);
#974=EDGE_CURVE('',#787,#783,#674,.T.);
#975=EDGE_CURVE('',#788,#786,#675,.T.);
#976=EDGE_CURVE('',#787,#788,#149,.T.);
#977=EDGE_CURVE('',#789,#787,#150,.T.);
#978=EDGE_CURVE('',#790,#788,#151,.T.);
#979=EDGE_CURVE('',#789,#790,#152,.T.);
#980=EDGE_CURVE('',#784,#789,#676,.T.);
#981=EDGE_CURVE('',#785,#790,#677,.T.);
#982=EDGE_CURVE('',#791,#792,#678,.T.);
#983=EDGE_CURVE('',#792,#793,#153,.T.);
#984=EDGE_CURVE('',#793,#794,#679,.T.);
#985=EDGE_CURVE('',#794,#791,#154,.T.);
#986=EDGE_CURVE('',#795,#793,#155,.T.);
#987=EDGE_CURVE('',#796,#795,#680,.T.);
#988=EDGE_CURVE('',#797,#796,#156,.T.);
#989=EDGE_CURVE('',#798,#797,#157,.T.);
#990=EDGE_CURVE('',#798,#794,#158,.T.);
#991=EDGE_CURVE('',#792,#799,#159,.T.);
#992=EDGE_CURVE('',#795,#799,#160,.T.);
#993=EDGE_CURVE('',#799,#800,#681,.T.);
#994=EDGE_CURVE('',#800,#796,#161,.T.);
#995=EDGE_CURVE('',#801,#800,#162,.T.);
#996=EDGE_CURVE('',#797,#801,#163,.T.);
#997=EDGE_CURVE('',#802,#791,#164,.T.);
#998=EDGE_CURVE('',#801,#802,#165,.T.);
#999=EDGE_CURVE('',#802,#798,#166,.T.);
#1000=EDGE_CURVE('',#803,#804,#167,.T.);
#1001=EDGE_CURVE('',#805,#804,#168,.T.);
#1002=EDGE_CURVE('',#805,#806,#169,.T.);
#1003=EDGE_CURVE('',#803,#806,#170,.T.);
#1004=EDGE_CURVE('',#807,#808,#171,.T.);
#1005=EDGE_CURVE('',#809,#808,#172,.T.);
#1006=EDGE_CURVE('',#809,#810,#173,.T.);
#1007=EDGE_CURVE('',#807,#810,#174,.T.);
#1008=EDGE_CURVE('',#808,#803,#175,.T.);
#1009=EDGE_CURVE('',#806,#809,#176,.T.);
#1010=EDGE_CURVE('',#810,#805,#177,.T.);
#1011=EDGE_CURVE('',#807,#804,#178,.T.);
#1012=EDGE_CURVE('',#811,#812,#179,.T.);
#1013=EDGE_CURVE('',#811,#813,#180,.T.);
#1014=EDGE_CURVE('',#814,#813,#181,.T.);
#1015=EDGE_CURVE('',#812,#814,#182,.T.);
#1016=EDGE_CURVE('',#812,#815,#183,.T.);
#1017=EDGE_CURVE('',#816,#814,#184,.T.);
#1018=EDGE_CURVE('',#815,#816,#185,.T.);
#1019=EDGE_CURVE('',#815,#817,#682,.T.);
#1020=EDGE_CURVE('',#818,#816,#683,.T.);
#1021=EDGE_CURVE('',#817,#818,#186,.T.);
#1022=EDGE_CURVE('',#817,#819,#187,.T.);
#1023=EDGE_CURVE('',#820,#818,#188,.T.);
#1024=EDGE_CURVE('',#819,#820,#189,.T.);
#1025=EDGE_CURVE('',#819,#821,#190,.T.);
#1026=EDGE_CURVE('',#822,#820,#191,.T.);
#1027=EDGE_CURVE('',#821,#822,#192,.T.);
#1028=EDGE_CURVE('',#821,#811,#684,.T.);
#1029=EDGE_CURVE('',#813,#822,#685,.T.);
#1030=EDGE_CURVE('',#823,#823,#686,.T.);
#1031=EDGE_CURVE('',#823,#824,#193,.T.);
#1032=EDGE_CURVE('',#824,#824,#687,.T.);
#1033=ORIENTED_EDGE('',*,*,#825,.T.);
#1034=ORIENTED_EDGE('',*,*,#826,.T.);
#1035=ORIENTED_EDGE('',*,*,#827,.F.);
#1036=ORIENTED_EDGE('',*,*,#826,.F.);
#1037=ORIENTED_EDGE('',*,*,#827,.T.);
#1038=ORIENTED_EDGE('',*,*,#825,.F.);
#1039=ORIENTED_EDGE('',*,*,#828,.T.);
#1040=ORIENTED_EDGE('',*,*,#829,.T.);
#1041=ORIENTED_EDGE('',*,*,#830,.T.);
#1042=ORIENTED_EDGE('',*,*,#831,.F.);
#1043=ORIENTED_EDGE('',*,*,#832,.T.);
#1044=ORIENTED_EDGE('',*,*,#831,.T.);
#1045=ORIENTED_EDGE('',*,*,#833,.T.);
#1046=ORIENTED_EDGE('',*,*,#834,.F.);
#1047=ORIENTED_EDGE('',*,*,#835,.T.);
#1048=ORIENTED_EDGE('',*,*,#834,.T.);
#1049=ORIENTED_EDGE('',*,*,#836,.T.);
#1050=ORIENTED_EDGE('',*,*,#837,.F.);
#1051=ORIENTED_EDGE('',*,*,#838,.T.);
#1052=ORIENTED_EDGE('',*,*,#839,.T.);
#1053=ORIENTED_EDGE('',*,*,#840,.T.);
#1054=ORIENTED_EDGE('',*,*,#829,.F.);
#1055=ORIENTED_EDGE('',*,*,#841,.T.);
#1056=ORIENTED_EDGE('',*,*,#842,.T.);
#1057=ORIENTED_EDGE('',*,*,#843,.T.);
#1058=ORIENTED_EDGE('',*,*,#839,.F.);
#1059=ORIENTED_EDGE('',*,*,#844,.T.);
#1060=ORIENTED_EDGE('',*,*,#837,.T.);
#1061=ORIENTED_EDGE('',*,*,#845,.T.);
#1062=ORIENTED_EDGE('',*,*,#842,.F.);
#1063=ORIENTED_EDGE('',*,*,#846,.F.);
#1064=ORIENTED_EDGE('',*,*,#836,.F.);
#1065=ORIENTED_EDGE('',*,*,#833,.F.);
#1066=ORIENTED_EDGE('',*,*,#830,.F.);
#1067=ORIENTED_EDGE('',*,*,#840,.F.);
#1068=ORIENTED_EDGE('',*,*,#843,.F.);
#1069=ORIENTED_EDGE('',*,*,#845,.F.);
#1070=ORIENTED_EDGE('',*,*,#847,.T.);
#1071=ORIENTED_EDGE('',*,*,#848,.F.);
#1072=ORIENTED_EDGE('',*,*,#849,.F.);
#1073=ORIENTED_EDGE('',*,*,#850,.F.);
#1074=ORIENTED_EDGE('',*,*,#851,.T.);
#1075=ORIENTED_EDGE('',*,*,#850,.T.);
#1076=ORIENTED_EDGE('',*,*,#852,.F.);
#1077=ORIENTED_EDGE('',*,*,#853,.F.);
#1078=ORIENTED_EDGE('',*,*,#854,.T.);
#1079=ORIENTED_EDGE('',*,*,#853,.T.);
#1080=ORIENTED_EDGE('',*,*,#855,.F.);
#1081=ORIENTED_EDGE('',*,*,#856,.F.);
#1082=ORIENTED_EDGE('',*,*,#857,.F.);
#1083=ORIENTED_EDGE('',*,*,#855,.T.);
#1084=ORIENTED_EDGE('',*,*,#852,.T.);
#1085=ORIENTED_EDGE('',*,*,#849,.T.);
#1086=ORIENTED_EDGE('',*,*,#858,.F.);
#1087=ORIENTED_EDGE('',*,*,#847,.F.);
#1088=ORIENTED_EDGE('',*,*,#851,.F.);
#1089=ORIENTED_EDGE('',*,*,#854,.F.);
#1090=ORIENTED_EDGE('',*,*,#859,.T.);
#1091=ORIENTED_EDGE('',*,*,#860,.F.);
#1092=ORIENTED_EDGE('',*,*,#861,.F.);
#1093=ORIENTED_EDGE('',*,*,#862,.F.);
#1094=ORIENTED_EDGE('',*,*,#863,.T.);
#1095=ORIENTED_EDGE('',*,*,#862,.T.);
#1096=ORIENTED_EDGE('',*,*,#864,.F.);
#1097=ORIENTED_EDGE('',*,*,#865,.F.);
#1098=ORIENTED_EDGE('',*,*,#866,.T.);
#1099=ORIENTED_EDGE('',*,*,#865,.T.);
#1100=ORIENTED_EDGE('',*,*,#867,.F.);
#1101=ORIENTED_EDGE('',*,*,#868,.F.);
#1102=ORIENTED_EDGE('',*,*,#867,.T.);
#1103=ORIENTED_EDGE('',*,*,#864,.T.);
#1104=ORIENTED_EDGE('',*,*,#861,.T.);
#1105=ORIENTED_EDGE('',*,*,#869,.F.);
#1106=ORIENTED_EDGE('',*,*,#866,.F.);
#1107=ORIENTED_EDGE('',*,*,#870,.F.);
#1108=ORIENTED_EDGE('',*,*,#859,.F.);
#1109=ORIENTED_EDGE('',*,*,#863,.F.);
#1110=ORIENTED_EDGE('',*,*,#871,.F.);
#1111=ORIENTED_EDGE('',*,*,#872,.F.);
#1112=ORIENTED_EDGE('',*,*,#873,.F.);
#1113=ORIENTED_EDGE('',*,*,#874,.F.);
#1114=ORIENTED_EDGE('',*,*,#875,.T.);
#1115=ORIENTED_EDGE('',*,*,#874,.T.);
#1116=ORIENTED_EDGE('',*,*,#876,.F.);
#1117=ORIENTED_EDGE('',*,*,#877,.F.);
#1118=ORIENTED_EDGE('',*,*,#878,.F.);
#1119=ORIENTED_EDGE('',*,*,#877,.T.);
#1120=ORIENTED_EDGE('',*,*,#879,.F.);
#1121=ORIENTED_EDGE('',*,*,#880,.F.);
#1122=ORIENTED_EDGE('',*,*,#881,.F.);
#1123=ORIENTED_EDGE('',*,*,#879,.T.);
#1124=ORIENTED_EDGE('',*,*,#876,.T.);
#1125=ORIENTED_EDGE('',*,*,#873,.T.);
#1126=ORIENTED_EDGE('',*,*,#882,.F.);
#1127=ORIENTED_EDGE('',*,*,#871,.T.);
#1128=ORIENTED_EDGE('',*,*,#875,.F.);
#1129=ORIENTED_EDGE('',*,*,#878,.T.);
#1130=ORIENTED_EDGE('',*,*,#883,.F.);
#1131=ORIENTED_EDGE('',*,*,#884,.F.);
#1132=ORIENTED_EDGE('',*,*,#885,.F.);
#1133=ORIENTED_EDGE('',*,*,#886,.F.);
#1134=ORIENTED_EDGE('',*,*,#887,.T.);
#1135=ORIENTED_EDGE('',*,*,#886,.T.);
#1136=ORIENTED_EDGE('',*,*,#888,.F.);
#1137=ORIENTED_EDGE('',*,*,#889,.F.);
#1138=ORIENTED_EDGE('',*,*,#890,.F.);
#1139=ORIENTED_EDGE('',*,*,#889,.T.);
#1140=ORIENTED_EDGE('',*,*,#891,.F.);
#1141=ORIENTED_EDGE('',*,*,#892,.F.);
#1142=ORIENTED_EDGE('',*,*,#893,.F.);
#1143=ORIENTED_EDGE('',*,*,#891,.T.);
#1144=ORIENTED_EDGE('',*,*,#888,.T.);
#1145=ORIENTED_EDGE('',*,*,#885,.T.);
#1146=ORIENTED_EDGE('',*,*,#894,.F.);
#1147=ORIENTED_EDGE('',*,*,#883,.T.);
#1148=ORIENTED_EDGE('',*,*,#887,.F.);
#1149=ORIENTED_EDGE('',*,*,#890,.T.);
#1150=ORIENTED_EDGE('',*,*,#895,.T.);
#1151=ORIENTED_EDGE('',*,*,#896,.T.);
#1152=ORIENTED_EDGE('',*,*,#897,.T.);
#1153=ORIENTED_EDGE('',*,*,#898,.T.);
#1154=ORIENTED_EDGE('',*,*,#899,.T.);
#1155=ORIENTED_EDGE('',*,*,#895,.F.);
#1156=ORIENTED_EDGE('',*,*,#900,.T.);
#1157=ORIENTED_EDGE('',*,*,#901,.F.);
#1158=ORIENTED_EDGE('',*,*,#897,.F.);
#1159=ORIENTED_EDGE('',*,*,#902,.F.);
#1160=ORIENTED_EDGE('',*,*,#903,.T.);
#1161=ORIENTED_EDGE('',*,*,#896,.F.);
#1162=ORIENTED_EDGE('',*,*,#904,.F.);
#1163=ORIENTED_EDGE('',*,*,#905,.F.);
#1164=ORIENTED_EDGE('',*,*,#832,.F.);
#1165=ORIENTED_EDGE('',*,*,#835,.F.);
#1166=ORIENTED_EDGE('',*,*,#844,.F.);
#1167=ORIENTED_EDGE('',*,*,#841,.F.);
#1168=ORIENTED_EDGE('',*,*,#838,.F.);
#1169=ORIENTED_EDGE('',*,*,#828,.F.);
#1170=ORIENTED_EDGE('',*,*,#846,.T.);
#1171=ORIENTED_EDGE('',*,*,#906,.T.);
#1172=ORIENTED_EDGE('',*,*,#898,.F.);
#1173=ORIENTED_EDGE('',*,*,#903,.F.);
#1174=ORIENTED_EDGE('',*,*,#900,.F.);
#1175=ORIENTED_EDGE('',*,*,#899,.F.);
#1176=ORIENTED_EDGE('',*,*,#906,.F.);
#1177=ORIENTED_EDGE('',*,*,#902,.T.);
#1178=ORIENTED_EDGE('',*,*,#905,.T.);
#1179=ORIENTED_EDGE('',*,*,#907,.T.);
#1180=ORIENTED_EDGE('',*,*,#908,.F.);
#1181=ORIENTED_EDGE('',*,*,#909,.F.);
#1182=ORIENTED_EDGE('',*,*,#910,.F.);
#1183=ORIENTED_EDGE('',*,*,#907,.F.);
#1184=ORIENTED_EDGE('',*,*,#904,.T.);
#1185=ORIENTED_EDGE('',*,*,#901,.T.);
#1186=ORIENTED_EDGE('',*,*,#856,.T.);
#1187=ORIENTED_EDGE('',*,*,#857,.T.);
#1188=ORIENTED_EDGE('',*,*,#848,.T.);
#1189=ORIENTED_EDGE('',*,*,#858,.T.);
#1190=ORIENTED_EDGE('',*,*,#868,.T.);
#1191=ORIENTED_EDGE('',*,*,#869,.T.);
#1192=ORIENTED_EDGE('',*,*,#860,.T.);
#1193=ORIENTED_EDGE('',*,*,#870,.T.);
#1194=ORIENTED_EDGE('',*,*,#880,.T.);
#1195=ORIENTED_EDGE('',*,*,#881,.T.);
#1196=ORIENTED_EDGE('',*,*,#872,.T.);
#1197=ORIENTED_EDGE('',*,*,#882,.T.);
#1198=ORIENTED_EDGE('',*,*,#892,.T.);
#1199=ORIENTED_EDGE('',*,*,#893,.T.);
#1200=ORIENTED_EDGE('',*,*,#884,.T.);
#1201=ORIENTED_EDGE('',*,*,#894,.T.);
#1202=ORIENTED_EDGE('',*,*,#911,.F.);
#1203=ORIENTED_EDGE('',*,*,#908,.T.);
#1204=ORIENTED_EDGE('',*,*,#910,.T.);
#1205=ORIENTED_EDGE('',*,*,#912,.F.);
#1206=ORIENTED_EDGE('',*,*,#913,.F.);
#1207=ORIENTED_EDGE('',*,*,#914,.F.);
#1208=ORIENTED_EDGE('',*,*,#915,.T.);
#1209=ORIENTED_EDGE('',*,*,#913,.T.);
#1210=ORIENTED_EDGE('',*,*,#915,.F.);
#1211=ORIENTED_EDGE('',*,*,#916,.F.);
#1212=ORIENTED_EDGE('',*,*,#917,.T.);
#1213=ORIENTED_EDGE('',*,*,#912,.T.);
#1214=ORIENTED_EDGE('',*,*,#918,.T.);
#1215=ORIENTED_EDGE('',*,*,#911,.T.);
#1216=ORIENTED_EDGE('',*,*,#917,.F.);
#1217=ORIENTED_EDGE('',*,*,#916,.T.);
#1218=ORIENTED_EDGE('',*,*,#914,.T.);
#1219=ORIENTED_EDGE('',*,*,#909,.T.);
#1220=ORIENTED_EDGE('',*,*,#918,.F.);
#1221=ORIENTED_EDGE('',*,*,#919,.T.);
#1222=ORIENTED_EDGE('',*,*,#920,.T.);
#1223=ORIENTED_EDGE('',*,*,#921,.T.);
#1224=ORIENTED_EDGE('',*,*,#922,.T.);
#1225=ORIENTED_EDGE('',*,*,#921,.F.);
#1226=ORIENTED_EDGE('',*,*,#923,.F.);
#1227=ORIENTED_EDGE('',*,*,#924,.F.);
#1228=ORIENTED_EDGE('',*,*,#925,.F.);
#1229=ORIENTED_EDGE('',*,*,#926,.T.);
#1230=ORIENTED_EDGE('',*,*,#927,.T.);
#1231=ORIENTED_EDGE('',*,*,#920,.F.);
#1232=ORIENTED_EDGE('',*,*,#928,.T.);
#1233=ORIENTED_EDGE('',*,*,#929,.F.);
#1234=ORIENTED_EDGE('',*,*,#923,.T.);
#1235=ORIENTED_EDGE('',*,*,#924,.T.);
#1236=ORIENTED_EDGE('',*,*,#929,.T.);
#1237=ORIENTED_EDGE('',*,*,#930,.T.);
#1238=ORIENTED_EDGE('',*,*,#931,.T.);
#1239=ORIENTED_EDGE('',*,*,#922,.F.);
#1240=ORIENTED_EDGE('',*,*,#927,.F.);
#1241=ORIENTED_EDGE('',*,*,#932,.T.);
#1242=ORIENTED_EDGE('',*,*,#933,.T.);
#1243=ORIENTED_EDGE('',*,*,#931,.F.);
#1244=ORIENTED_EDGE('',*,*,#934,.F.);
#1245=ORIENTED_EDGE('',*,*,#935,.T.);
#1246=ORIENTED_EDGE('',*,*,#925,.T.);
#1247=ORIENTED_EDGE('',*,*,#919,.F.);
#1248=ORIENTED_EDGE('',*,*,#933,.F.);
#1249=ORIENTED_EDGE('',*,*,#936,.T.);
#1250=ORIENTED_EDGE('',*,*,#934,.T.);
#1251=ORIENTED_EDGE('',*,*,#930,.F.);
#1252=ORIENTED_EDGE('',*,*,#928,.F.);
#1253=ORIENTED_EDGE('',*,*,#936,.F.);
#1254=ORIENTED_EDGE('',*,*,#932,.F.);
#1255=ORIENTED_EDGE('',*,*,#926,.F.);
#1256=ORIENTED_EDGE('',*,*,#935,.F.);
#1257=ORIENTED_EDGE('',*,*,#937,.T.);
#1258=ORIENTED_EDGE('',*,*,#938,.T.);
#1259=ORIENTED_EDGE('',*,*,#939,.T.);
#1260=ORIENTED_EDGE('',*,*,#940,.T.);
#1261=ORIENTED_EDGE('',*,*,#939,.F.);
#1262=ORIENTED_EDGE('',*,*,#941,.F.);
#1263=ORIENTED_EDGE('',*,*,#942,.F.);
#1264=ORIENTED_EDGE('',*,*,#943,.F.);
#1265=ORIENTED_EDGE('',*,*,#944,.T.);
#1266=ORIENTED_EDGE('',*,*,#945,.T.);
#1267=ORIENTED_EDGE('',*,*,#938,.F.);
#1268=ORIENTED_EDGE('',*,*,#946,.T.);
#1269=ORIENTED_EDGE('',*,*,#947,.F.);
#1270=ORIENTED_EDGE('',*,*,#941,.T.);
#1271=ORIENTED_EDGE('',*,*,#942,.T.);
#1272=ORIENTED_EDGE('',*,*,#947,.T.);
#1273=ORIENTED_EDGE('',*,*,#948,.T.);
#1274=ORIENTED_EDGE('',*,*,#949,.T.);
#1275=ORIENTED_EDGE('',*,*,#950,.F.);
#1276=ORIENTED_EDGE('',*,*,#951,.T.);
#1277=ORIENTED_EDGE('',*,*,#952,.F.);
#1278=ORIENTED_EDGE('',*,*,#951,.F.);
#1279=ORIENTED_EDGE('',*,*,#950,.T.);
#1280=ORIENTED_EDGE('',*,*,#937,.F.);
#1281=ORIENTED_EDGE('',*,*,#953,.F.);
#1282=ORIENTED_EDGE('',*,*,#954,.F.);
#1283=ORIENTED_EDGE('',*,*,#955,.T.);
#1284=ORIENTED_EDGE('',*,*,#948,.F.);
#1285=ORIENTED_EDGE('',*,*,#946,.F.);
#1286=ORIENTED_EDGE('',*,*,#952,.T.);
#1287=ORIENTED_EDGE('',*,*,#940,.F.);
#1288=ORIENTED_EDGE('',*,*,#945,.F.);
#1289=ORIENTED_EDGE('',*,*,#956,.F.);
#1290=ORIENTED_EDGE('',*,*,#953,.T.);
#1291=ORIENTED_EDGE('',*,*,#949,.F.);
#1292=ORIENTED_EDGE('',*,*,#955,.F.);
#1293=ORIENTED_EDGE('',*,*,#957,.T.);
#1294=ORIENTED_EDGE('',*,*,#943,.T.);
#1295=ORIENTED_EDGE('',*,*,#957,.F.);
#1296=ORIENTED_EDGE('',*,*,#954,.T.);
#1297=ORIENTED_EDGE('',*,*,#956,.T.);
#1298=ORIENTED_EDGE('',*,*,#944,.F.);
#1299=ORIENTED_EDGE('',*,*,#958,.T.);
#1300=ORIENTED_EDGE('',*,*,#959,.T.);
#1301=ORIENTED_EDGE('',*,*,#960,.F.);
#1302=ORIENTED_EDGE('',*,*,#961,.F.);
#1303=ORIENTED_EDGE('',*,*,#962,.T.);
#1304=ORIENTED_EDGE('',*,*,#961,.T.);
#1305=ORIENTED_EDGE('',*,*,#963,.F.);
#1306=ORIENTED_EDGE('',*,*,#964,.F.);
#1307=ORIENTED_EDGE('',*,*,#965,.T.);
#1308=ORIENTED_EDGE('',*,*,#964,.T.);
#1309=ORIENTED_EDGE('',*,*,#966,.F.);
#1310=ORIENTED_EDGE('',*,*,#967,.F.);
#1311=ORIENTED_EDGE('',*,*,#968,.T.);
#1312=ORIENTED_EDGE('',*,*,#967,.T.);
#1313=ORIENTED_EDGE('',*,*,#969,.F.);
#1314=ORIENTED_EDGE('',*,*,#959,.F.);
#1315=ORIENTED_EDGE('',*,*,#970,.T.);
#1316=ORIENTED_EDGE('',*,*,#971,.T.);
#1317=ORIENTED_EDGE('',*,*,#972,.F.);
#1318=ORIENTED_EDGE('',*,*,#973,.F.);
#1319=ORIENTED_EDGE('',*,*,#974,.T.);
#1320=ORIENTED_EDGE('',*,*,#973,.T.);
#1321=ORIENTED_EDGE('',*,*,#975,.F.);
#1322=ORIENTED_EDGE('',*,*,#976,.F.);
#1323=ORIENTED_EDGE('',*,*,#977,.T.);
#1324=ORIENTED_EDGE('',*,*,#976,.T.);
#1325=ORIENTED_EDGE('',*,*,#978,.F.);
#1326=ORIENTED_EDGE('',*,*,#979,.F.);
#1327=ORIENTED_EDGE('',*,*,#980,.T.);
#1328=ORIENTED_EDGE('',*,*,#979,.T.);
#1329=ORIENTED_EDGE('',*,*,#981,.F.);
#1330=ORIENTED_EDGE('',*,*,#971,.F.);
#1331=ORIENTED_EDGE('',*,*,#981,.T.);
#1332=ORIENTED_EDGE('',*,*,#978,.T.);
#1333=ORIENTED_EDGE('',*,*,#975,.T.);
#1334=ORIENTED_EDGE('',*,*,#972,.T.);
#1335=ORIENTED_EDGE('',*,*,#969,.T.);
#1336=ORIENTED_EDGE('',*,*,#966,.T.);
#1337=ORIENTED_EDGE('',*,*,#963,.T.);
#1338=ORIENTED_EDGE('',*,*,#960,.T.);
#1339=ORIENTED_EDGE('',*,*,#980,.F.);
#1340=ORIENTED_EDGE('',*,*,#970,.F.);
#1341=ORIENTED_EDGE('',*,*,#974,.F.);
#1342=ORIENTED_EDGE('',*,*,#977,.F.);
#1343=ORIENTED_EDGE('',*,*,#968,.F.);
#1344=ORIENTED_EDGE('',*,*,#958,.F.);
#1345=ORIENTED_EDGE('',*,*,#962,.F.);
#1346=ORIENTED_EDGE('',*,*,#965,.F.);
#1347=ORIENTED_EDGE('',*,*,#982,.T.);
#1348=ORIENTED_EDGE('',*,*,#983,.T.);
#1349=ORIENTED_EDGE('',*,*,#984,.T.);
#1350=ORIENTED_EDGE('',*,*,#985,.T.);
#1351=ORIENTED_EDGE('',*,*,#984,.F.);
#1352=ORIENTED_EDGE('',*,*,#986,.F.);
#1353=ORIENTED_EDGE('',*,*,#987,.F.);
#1354=ORIENTED_EDGE('',*,*,#988,.F.);
#1355=ORIENTED_EDGE('',*,*,#989,.F.);
#1356=ORIENTED_EDGE('',*,*,#990,.T.);
#1357=ORIENTED_EDGE('',*,*,#983,.F.);
#1358=ORIENTED_EDGE('',*,*,#991,.T.);
#1359=ORIENTED_EDGE('',*,*,#992,.F.);
#1360=ORIENTED_EDGE('',*,*,#986,.T.);
#1361=ORIENTED_EDGE('',*,*,#987,.T.);
#1362=ORIENTED_EDGE('',*,*,#992,.T.);
#1363=ORIENTED_EDGE('',*,*,#993,.T.);
#1364=ORIENTED_EDGE('',*,*,#994,.T.);
#1365=ORIENTED_EDGE('',*,*,#994,.F.);
#1366=ORIENTED_EDGE('',*,*,#995,.F.);
#1367=ORIENTED_EDGE('',*,*,#996,.F.);
#1368=ORIENTED_EDGE('',*,*,#988,.T.);
#1369=ORIENTED_EDGE('',*,*,#982,.F.);
#1370=ORIENTED_EDGE('',*,*,#997,.F.);
#1371=ORIENTED_EDGE('',*,*,#998,.F.);
#1372=ORIENTED_EDGE('',*,*,#995,.T.);
#1373=ORIENTED_EDGE('',*,*,#993,.F.);
#1374=ORIENTED_EDGE('',*,*,#991,.F.);
#1375=ORIENTED_EDGE('',*,*,#985,.F.);
#1376=ORIENTED_EDGE('',*,*,#990,.F.);
#1377=ORIENTED_EDGE('',*,*,#999,.F.);
#1378=ORIENTED_EDGE('',*,*,#997,.T.);
#1379=ORIENTED_EDGE('',*,*,#999,.T.);
#1380=ORIENTED_EDGE('',*,*,#989,.T.);
#1381=ORIENTED_EDGE('',*,*,#996,.T.);
#1382=ORIENTED_EDGE('',*,*,#998,.T.);
#1383=ORIENTED_EDGE('',*,*,#1000,.T.);
#1384=ORIENTED_EDGE('',*,*,#1001,.F.);
#1385=ORIENTED_EDGE('',*,*,#1002,.T.);
#1386=ORIENTED_EDGE('',*,*,#1003,.F.);
#1387=ORIENTED_EDGE('',*,*,#1004,.T.);
#1388=ORIENTED_EDGE('',*,*,#1005,.F.);
#1389=ORIENTED_EDGE('',*,*,#1006,.T.);
#1390=ORIENTED_EDGE('',*,*,#1007,.F.);
#1391=ORIENTED_EDGE('',*,*,#1008,.T.);
#1392=ORIENTED_EDGE('',*,*,#1003,.T.);
#1393=ORIENTED_EDGE('',*,*,#1009,.T.);
#1394=ORIENTED_EDGE('',*,*,#1005,.T.);
#1395=ORIENTED_EDGE('',*,*,#1002,.F.);
#1396=ORIENTED_EDGE('',*,*,#1010,.F.);
#1397=ORIENTED_EDGE('',*,*,#1006,.F.);
#1398=ORIENTED_EDGE('',*,*,#1009,.F.);
#1399=ORIENTED_EDGE('',*,*,#1000,.F.);
#1400=ORIENTED_EDGE('',*,*,#1008,.F.);
#1401=ORIENTED_EDGE('',*,*,#1004,.F.);
#1402=ORIENTED_EDGE('',*,*,#1011,.T.);
#1403=ORIENTED_EDGE('',*,*,#1010,.T.);
#1404=ORIENTED_EDGE('',*,*,#1001,.T.);
#1405=ORIENTED_EDGE('',*,*,#1011,.F.);
#1406=ORIENTED_EDGE('',*,*,#1007,.T.);
#1407=ORIENTED_EDGE('',*,*,#1012,.F.);
#1408=ORIENTED_EDGE('',*,*,#1013,.T.);
#1409=ORIENTED_EDGE('',*,*,#1014,.F.);
#1410=ORIENTED_EDGE('',*,*,#1015,.F.);
#1411=ORIENTED_EDGE('',*,*,#1016,.F.);
#1412=ORIENTED_EDGE('',*,*,#1015,.T.);
#1413=ORIENTED_EDGE('',*,*,#1017,.F.);
#1414=ORIENTED_EDGE('',*,*,#1018,.F.);
#1415=ORIENTED_EDGE('',*,*,#1019,.F.);
#1416=ORIENTED_EDGE('',*,*,#1018,.T.);
#1417=ORIENTED_EDGE('',*,*,#1020,.F.);
#1418=ORIENTED_EDGE('',*,*,#1021,.F.);
#1419=ORIENTED_EDGE('',*,*,#1022,.F.);
#1420=ORIENTED_EDGE('',*,*,#1021,.T.);
#1421=ORIENTED_EDGE('',*,*,#1023,.F.);
#1422=ORIENTED_EDGE('',*,*,#1024,.F.);
#1423=ORIENTED_EDGE('',*,*,#1025,.F.);
#1424=ORIENTED_EDGE('',*,*,#1024,.T.);
#1425=ORIENTED_EDGE('',*,*,#1026,.F.);
#1426=ORIENTED_EDGE('',*,*,#1027,.F.);
#1427=ORIENTED_EDGE('',*,*,#1028,.F.);
#1428=ORIENTED_EDGE('',*,*,#1027,.T.);
#1429=ORIENTED_EDGE('',*,*,#1029,.F.);
#1430=ORIENTED_EDGE('',*,*,#1013,.F.);
#1431=ORIENTED_EDGE('',*,*,#1030,.F.);
#1432=ORIENTED_EDGE('',*,*,#1031,.T.);
#1433=ORIENTED_EDGE('',*,*,#1032,.F.);
#1434=ORIENTED_EDGE('',*,*,#1031,.F.);
#1435=ORIENTED_EDGE('',*,*,#1030,.T.);
#1436=ORIENTED_EDGE('',*,*,#1029,.T.);
#1437=ORIENTED_EDGE('',*,*,#1026,.T.);
#1438=ORIENTED_EDGE('',*,*,#1023,.T.);
#1439=ORIENTED_EDGE('',*,*,#1020,.T.);
#1440=ORIENTED_EDGE('',*,*,#1017,.T.);
#1441=ORIENTED_EDGE('',*,*,#1014,.T.);
#1442=ORIENTED_EDGE('',*,*,#1032,.T.);
#1443=ORIENTED_EDGE('',*,*,#1028,.T.);
#1444=ORIENTED_EDGE('',*,*,#1012,.T.);
#1445=ORIENTED_EDGE('',*,*,#1016,.T.);
#1446=ORIENTED_EDGE('',*,*,#1019,.T.);
#1447=ORIENTED_EDGE('',*,*,#1022,.T.);
#1448=ORIENTED_EDGE('',*,*,#1025,.T.);
#1449=B_SPLINE_SURFACE_WITH_KNOTS('',3,3,((#2213,#2214,#2215,#2216,#2217,
#2218,#2219,#2220,#2221,#2222,#2223,#2224,#2225,#2226,#2227,#2228,#2229,
#2230,#2231,#2232,#2233,#2234,#2235,#2236,#2237,#2238,#2239,#2240,#2241,
#2242,#2243,#2244,#2245,#2246,#2247,#2248,#2249,#2250,#2251,#2252,#2253,
#2254,#2255,#2256,#2257,#2258,#2259,#2260,#2261,#2262,#2263,#2264,#2265,
#2266,#2267,#2268,#2269,#2270,#2271,#2272,#2273,#2274,#2275,#2276,#2277,
#2278,#2279,#2280,#2281,#2282,#2283,#2284,#2285,#2286,#2287,#2288,#2289,
#2290,#2291,#2292,#2293,#2294,#2295,#2296,#2297,#2298,#2299,#2300,#2301,
#2302,#2303,#2304,#2305,#2306,#2307,#2308,#2309,#2310,#2311,#2312,#2313,
#2314,#2315,#2316,#2317,#2318,#2319,#2320,#2321,#2322,#2323,#2324,#2325,
#2326,#2327,#2328,#2329),(#2330,#2331,#2332,#2333,#2334,#2335,#2336,#2337,
#2338,#2339,#2340,#2341,#2342,#2343,#2344,#2345,#2346,#2347,#2348,#2349,
#2350,#2351,#2352,#2353,#2354,#2355,#2356,#2357,#2358,#2359,#2360,#2361,
#2362,#2363,#2364,#2365,#2366,#2367,#2368,#2369,#2370,#2371,#2372,#2373,
#2374,#2375,#2376,#2377,#2378,#2379,#2380,#2381,#2382,#2383,#2384,#2385,
#2386,#2387,#2388,#2389,#2390,#2391,#2392,#2393,#2394,#2395,#2396,#2397,
#2398,#2399,#2400,#2401,#2402,#2403,#2404,#2405,#2406,#2407,#2408,#2409,
#2410,#2411,#2412,#2413,#2414,#2415,#2416,#2417,#2418,#2419,#2420,#2421,
#2422,#2423,#2424,#2425,#2426,#2427,#2428,#2429,#2430,#2431,#2432,#2433,
#2434,#2435,#2436,#2437,#2438,#2439,#2440,#2441,#2442,#2443,#2444,#2445,
#2446),(#2447,#2448,#2449,#2450,#2451,#2452,#2453,#2454,#2455,#2456,#2457,
#2458,#2459,#2460,#2461,#2462,#2463,#2464,#2465,#2466,#2467,#2468,#2469,
#2470,#2471,#2472,#2473,#2474,#2475,#2476,#2477,#2478,#2479,#2480,#2481,
#2482,#2483,#2484,#2485,#2486,#2487,#2488,#2489,#2490,#2491,#2492,#2493,
#2494,#2495,#2496,#2497,#2498,#2499,#2500,#2501,#2502,#2503,#2504,#2505,
#2506,#2507,#2508,#2509,#2510,#2511,#2512,#2513,#2514,#2515,#2516,#2517,
#2518,#2519,#2520,#2521,#2522,#2523,#2524,#2525,#2526,#2527,#2528,#2529,
#2530,#2531,#2532,#2533,#2534,#2535,#2536,#2537,#2538,#2539,#2540,#2541,
#2542,#2543,#2544,#2545,#2546,#2547,#2548,#2549,#2550,#2551,#2552,#2553,
#2554,#2555,#2556,#2557,#2558,#2559,#2560,#2561,#2562,#2563),(#2564,#2565,
#2566,#2567,#2568,#2569,#2570,#2571,#2572,#2573,#2574,#2575,#2576,#2577,
#2578,#2579,#2580,#2581,#2582,#2583,#2584,#2585,#2586,#2587,#2588,#2589,
#2590,#2591,#2592,#2593,#2594,#2595,#2596,#2597,#2598,#2599,#2600,#2601,
#2602,#2603,#2604,#2605,#2606,#2607,#2608,#2609,#2610,#2611,#2612,#2613,
#2614,#2615,#2616,#2617,#2618,#2619,#2620,#2621,#2622,#2623,#2624,#2625,
#2626,#2627,#2628,#2629,#2630,#2631,#2632,#2633,#2634,#2635,#2636,#2637,
#2638,#2639,#2640,#2641,#2642,#2643,#2644,#2645,#2646,#2647,#2648,#2649,
#2650,#2651,#2652,#2653,#2654,#2655,#2656,#2657,#2658,#2659,#2660,#2661,
#2662,#2663,#2664,#2665,#2666,#2667,#2668,#2669,#2670,#2671,#2672,#2673,
#2674,#2675,#2676,#2677,#2678,#2679,#2680),(#2681,#2682,#2683,#2684,#2685,
#2686,#2687,#2688,#2689,#2690,#2691,#2692,#2693,#2694,#2695,#2696,#2697,
#2698,#2699,#2700,#2701,#2702,#2703,#2704,#2705,#2706,#2707,#2708,#2709,
#2710,#2711,#2712,#2713,#2714,#2715,#2716,#2717,#2718,#2719,#2720,#2721,
#2722,#2723,#2724,#2725,#2726,#2727,#2728,#2729,#2730,#2731,#2732,#2733,
#2734,#2735,#2736,#2737,#2738,#2739,#2740,#2741,#2742,#2743,#2744,#2745,
#2746,#2747,#2748,#2749,#2750,#2751,#2752,#2753,#2754,#2755,#2756,#2757,
#2758,#2759,#2760,#2761,#2762,#2763,#2764,#2765,#2766,#2767,#2768,#2769,
#2770,#2771,#2772,#2773,#2774,#2775,#2776,#2777,#2778,#2779,#2780,#2781,
#2782,#2783,#2784,#2785,#2786,#2787,#2788,#2789,#2790,#2791,#2792,#2793,
#2794,#2795,#2796,#2797),(#2798,#2799,#2800,#2801,#2802,#2803,#2804,#2805,
#2806,#2807,#2808,#2809,#2810,#2811,#2812,#2813,#2814,#2815,#2816,#2817,
#2818,#2819,#2820,#2821,#2822,#2823,#2824,#2825,#2826,#2827,#2828,#2829,
#2830,#2831,#2832,#2833,#2834,#2835,#2836,#2837,#2838,#2839,#2840,#2841,
#2842,#2843,#2844,#2845,#2846,#2847,#2848,#2849,#2850,#2851,#2852,#2853,
#2854,#2855,#2856,#2857,#2858,#2859,#2860,#2861,#2862,#2863,#2864,#2865,
#2866,#2867,#2868,#2869,#2870,#2871,#2872,#2873,#2874,#2875,#2876,#2877,
#2878,#2879,#2880,#2881,#2882,#2883,#2884,#2885,#2886,#2887,#2888,#2889,
#2890,#2891,#2892,#2893,#2894,#2895,#2896,#2897,#2898,#2899,#2900,#2901,
#2902,#2903,#2904,#2905,#2906,#2907,#2908,#2909,#2910,#2911,#2912,#2913,
#2914),(#2915,#2916,#2917,#2918,#2919,#2920,#2921,#2922,#2923,#2924,#2925,
#2926,#2927,#2928,#2929,#2930,#2931,#2932,#2933,#2934,#2935,#2936,#2937,
#2938,#2939,#2940,#2941,#2942,#2943,#2944,#2945,#2946,#2947,#2948,#2949,
#2950,#2951,#2952,#2953,#2954,#2955,#2956,#2957,#2958,#2959,#2960,#2961,
#2962,#2963,#2964,#2965,#2966,#2967,#2968,#2969,#2970,#2971,#2972,#2973,
#2974,#2975,#2976,#2977,#2978,#2979,#2980,#2981,#2982,#2983,#2984,#2985,
#2986,#2987,#2988,#2989,#2990,#2991,#2992,#2993,#2994,#2995,#2996,#2997,
#2998,#2999,#3000,#3001,#3002,#3003,#3004,#3005,#3006,#3007,#3008,#3009,
#3010,#3011,#3012,#3013,#3014,#3015,#3016,#3017,#3018,#3019,#3020,#3021,
#3022,#3023,#3024,#3025,#3026,#3027,#3028,#3029,#3030,#3031),(#3032,#3033,
#3034,#3035,#3036,#3037,#3038,#3039,#3040,#3041,#3042,#3043,#3044,#3045,
#3046,#3047,#3048,#3049,#3050,#3051,#3052,#3053,#3054,#3055,#3056,#3057,
#3058,#3059,#3060,#3061,#3062,#3063,#3064,#3065,#3066,#3067,#3068,#3069,
#3070,#3071,#3072,#3073,#3074,#3075,#3076,#3077,#3078,#3079,#3080,#3081,
#3082,#3083,#3084,#3085,#3086,#3087,#3088,#3089,#3090,#3091,#3092,#3093,
#3094,#3095,#3096,#3097,#3098,#3099,#3100,#3101,#3102,#3103,#3104,#3105,
#3106,#3107,#3108,#3109,#3110,#3111,#3112,#3113,#3114,#3115,#3116,#3117,
#3118,#3119,#3120,#3121,#3122,#3123,#3124,#3125,#3126,#3127,#3128,#3129,
#3130,#3131,#3132,#3133,#3134,#3135,#3136,#3137,#3138,#3139,#3140,#3141,
#3142,#3143,#3144,#3145,#3146,#3147,#3148),(#3149,#3150,#3151,#3152,#3153,
#3154,#3155,#3156,#3157,#3158,#3159,#3160,#3161,#3162,#3163,#3164,#3165,
#3166,#3167,#3168,#3169,#3170,#3171,#3172,#3173,#3174,#3175,#3176,#3177,
#3178,#3179,#3180,#3181,#3182,#3183,#3184,#3185,#3186,#3187,#3188,#3189,
#3190,#3191,#3192,#3193,#3194,#3195,#3196,#3197,#3198,#3199,#3200,#3201,
#3202,#3203,#3204,#3205,#3206,#3207,#3208,#3209,#3210,#3211,#3212,#3213,
#3214,#3215,#3216,#3217,#3218,#3219,#3220,#3221,#3222,#3223,#3224,#3225,
#3226,#3227,#3228,#3229,#3230,#3231,#3232,#3233,#3234,#3235,#3236,#3237,
#3238,#3239,#3240,#3241,#3242,#3243,#3244,#3245,#3246,#3247,#3248,#3249,
#3250,#3251,#3252,#3253,#3254,#3255,#3256,#3257,#3258,#3259,#3260,#3261,
#3262,#3263,#3264,#3265),(#3266,#3267,#3268,#3269,#3270,#3271,#3272,#3273,
#3274,#3275,#3276,#3277,#3278,#3279,#3280,#3281,#3282,#3283,#3284,#3285,
#3286,#3287,#3288,#3289,#3290,#3291,#3292,#3293,#3294,#3295,#3296,#3297,
#3298,#3299,#3300,#3301,#3302,#3303,#3304,#3305,#3306,#3307,#3308,#3309,
#3310,#3311,#3312,#3313,#3314,#3315,#3316,#3317,#3318,#3319,#3320,#3321,
#3322,#3323,#3324,#3325,#3326,#3327,#3328,#3329,#3330,#3331,#3332,#3333,
#3334,#3335,#3336,#3337,#3338,#3339,#3340,#3341,#3342,#3343,#3344,#3345,
#3346,#3347,#3348,#3349,#3350,#3351,#3352,#3353,#3354,#3355,#3356,#3357,
#3358,#3359,#3360,#3361,#3362,#3363,#3364,#3365,#3366,#3367,#3368,#3369,
#3370,#3371,#3372,#3373,#3374,#3375,#3376,#3377,#3378,#3379,#3380,#3381,
#3382)),.UNSPECIFIED.,.T.,.F.,.F.,(4,1,1,1,1,1,1,4),(4,1,1,1,1,1,1,1,1,
1,1,1,1,1,1,1,1,1,1,1,1,1,1,1,1,1,1,1,1,1,1,1,1,1,1,1,1,1,1,1,1,1,1,1,1,
1,1,1,1,1,1,1,1,1,1,1,1,1,1,1,1,1,1,1,1,1,1,1,1,1,1,1,1,1,1,1,1,1,1,1,1,
1,1,1,1,1,1,1,1,1,1,1,1,1,1,1,1,1,1,1,1,1,1,1,1,1,1,1,1,1,1,1,1,1,4),(-3.14159265358979,
-2.24399475256414,-1.34639685153848,-0.448798950512828,0.448798950512828,
1.34639685153848,2.24399475256414,3.14159265358979),(0.,0.496040945303652,
0.992081890607303,1.48812283591095,1.98416378121461,2.48020472651826,2.97624567182191,
3.47228661712556,3.96832756242921,4.46436850773286,4.96040945303652,5.45645039834017,
5.95249134364382,6.44853228894747,6.94457323425112,7.44061417955477,7.93665512485842,
8.43269607016208,8.92873701546573,9.42477796076938,9.92081890607303,10.4168598513767,
10.9129007966803,11.408941741984,11.9049826872876,12.4010236325913,12.8970645778949,
13.3931055231986,13.8891464685022,14.3851874138059,14.8812283591095,15.3772693044132,
15.8733102497168,16.3693511950205,16.8653921403242,17.3614330856278,17.8574740309315,
18.3535149762351,18.8495559215388,19.3455968668424,19.8416378121461,20.3376787574497,
20.8337197027534,21.329760648057,21.8258015933607,22.3218425386643,22.817883483968,
23.3139244292716,23.8099653745753,24.3060063198789,24.8020472651826,25.2980882104862,
25.7941291557899,26.2901701010935,26.7862110463972,27.2822519917008,27.7782929370045,
28.2743338823081,28.7703748276118,29.2664157729154,29.7624567182191,30.2584976635227,
30.7545386088264,31.25057955413,31.7466204994337,32.2426614447374,32.738702390041,
33.2347433353447,33.7307842806483,34.226825225952,34.7228661712556,35.2189071165593,
35.7149480618629,36.2109890071666,36.7070299524702,37.2030708977739,37.6991118430775,
38.1951527883812,38.6911937336848,39.1872346789885,39.6832756242921,40.1793165695958,
40.6753575148994,41.1713984602031,41.6674394055067,42.1634803508104,42.659521296114,
43.1555622414177,43.6516031867213,44.147644132025,44.6436850773286,45.1397260226323,
45.6357669679359,46.1318079132396,46.6278488585432,47.1238898038469,47.6199307491505,
48.1159716944542,48.6120126397579,49.1080535850615,49.6040945303652,50.1001354756688,
50.5961764209725,51.0922173662761,51.5882583115798,52.0842992568834,52.5803402021871,
53.0763811474907,53.5724220927944,54.068463038098,54.5645039834017,55.0605449287053,
55.556585874009,56.0526268193126,56.5486677646163),.UNSPECIFIED.);
#1450=B_SPLINE_SURFACE_WITH_KNOTS('',3,3,((#3657,#3658,#3659,#3660,#3661,
#3662,#3663,#3664,#3665,#3666,#3667,#3668),(#3669,#3670,#3671,#3672,#3673,
#3674,#3675,#3676,#3677,#3678,#3679,#3680),(#3681,#3682,#3683,#3684,#3685,
#3686,#3687,#3688,#3689,#3690,#3691,#3692),(#3693,#3694,#3695,#3696,#3697,
#3698,#3699,#3700,#3701,#3702,#3703,#3704),(#3705,#3706,#3707,#3708,#3709,
#3710,#3711,#3712,#3713,#3714,#3715,#3716)),.UNSPECIFIED.,.F.,.F.,.F.,(4,
1,4),(4,1,1,1,1,1,1,2,4),(0.,0.571428571428571,1.),(-1.35603664159901,-1.08482931327921,
-0.813621984959407,-0.542414656639604,-0.406810992479703,-0.271207328319802,
-0.135603664159901,0.,0.00266770835506156),.UNSPECIFIED.);
#1451=B_SPLINE_SURFACE_WITH_KNOTS('',3,3,((#3731,#3732,#3733,#3734,#3735,
#3736,#3737,#3738),(#3739,#3740,#3741,#3742,#3743,#3744,#3745,#3746),(#3747,
#3748,#3749,#3750,#3751,#3752,#3753,#3754),(#3755,#3756,#3757,#3758,#3759,
#3760,#3761,#3762),(#3763,#3764,#3765,#3766,#3767,#3768,#3769,#3770)),
 .UNSPECIFIED.,.F.,.F.,.F.,(4,1,4),(4,2,1,1,4),(0.,0.571428571428571,1.),
(-4.0595379006141,-4.05687019225904,-3.51445553561943,-3.24324820729963,
-2.70083355066002),.UNSPECIFIED.);
#1452=ADVANCED_FACE('',(#417),#1449,.T.);
#1453=ADVANCED_FACE('',(#418),#351,.T.);
#1454=ADVANCED_FACE('',(#419),#352,.F.);
#1455=ADVANCED_FACE('',(#420),#353,.F.);
#1456=ADVANCED_FACE('',(#421),#354,.F.);
#1457=ADVANCED_FACE('',(#422),#34,.T.);
#1458=ADVANCED_FACE('',(#423),#35,.F.);
#1459=ADVANCED_FACE('',(#424),#355,.F.);
#1460=ADVANCED_FACE('',(#425),#356,.F.);
#1461=ADVANCED_FACE('',(#426,#23),#357,.F.);
#1462=ADVANCED_FACE('',(#427),#358,.T.);
#1463=ADVANCED_FACE('',(#428),#36,.T.);
#1464=ADVANCED_FACE('',(#429),#359,.T.);
#1465=ADVANCED_FACE('',(#430),#360,.T.);
#1466=ADVANCED_FACE('',(#431),#361,.F.);
#1467=ADVANCED_FACE('',(#432),#362,.T.);
#1468=ADVANCED_FACE('',(#433),#37,.T.);
#1469=ADVANCED_FACE('',(#434),#363,.T.);
#1470=ADVANCED_FACE('',(#435),#364,.T.);
#1471=ADVANCED_FACE('',(#436),#365,.F.);
#1472=ADVANCED_FACE('',(#437),#366,.T.);
#1473=ADVANCED_FACE('',(#438),#38,.T.);
#1474=ADVANCED_FACE('',(#439),#367,.T.);
#1475=ADVANCED_FACE('',(#440),#368,.T.);
#1476=ADVANCED_FACE('',(#441),#369,.F.);
#1477=ADVANCED_FACE('',(#442),#370,.T.);
#1478=ADVANCED_FACE('',(#443),#39,.T.);
#1479=ADVANCED_FACE('',(#444),#371,.T.);
#1480=ADVANCED_FACE('',(#445),#372,.T.);
#1481=ADVANCED_FACE('',(#446),#373,.F.);
#1482=ADVANCED_FACE('',(#447),#22,.F.);
#1483=ADVANCED_FACE('',(#448),#1450,.T.);
#1484=ADVANCED_FACE('',(#449),#1451,.T.);
#1485=ADVANCED_FACE('',(#450),#374,.T.);
#1486=ADVANCED_FACE('',(#451),#375,.T.);
#1487=ADVANCED_FACE('',(#452),#40,.T.);
#1488=ADVANCED_FACE('',(#453,#24,#25,#26,#27),#41,.T.);
#1489=ADVANCED_FACE('',(#454),#376,.T.);
#1490=ADVANCED_FACE('',(#455),#377,.T.);
#1491=ADVANCED_FACE('',(#456),#42,.F.);
#1492=ADVANCED_FACE('',(#457),#43,.T.);
#1493=ADVANCED_FACE('',(#458,#28),#378,.T.);
#1494=ADVANCED_FACE('',(#459),#379,.F.);
#1495=ADVANCED_FACE('',(#460),#44,.T.);
#1496=ADVANCED_FACE('',(#461),#380,.T.);
#1497=ADVANCED_FACE('',(#462),#381,.T.);
#1498=ADVANCED_FACE('',(#463),#45,.T.);
#1499=ADVANCED_FACE('',(#464),#382,.T.);
#1500=ADVANCED_FACE('',(#465),#383,.T.);
#1501=ADVANCED_FACE('',(#466),#384,.T.);
#1502=ADVANCED_FACE('',(#467),#385,.F.);
#1503=ADVANCED_FACE('',(#468),#46,.T.);
#1504=ADVANCED_FACE('',(#469),#386,.T.);
#1505=ADVANCED_FACE('',(#470),#387,.T.);
#1506=ADVANCED_FACE('',(#471),#47,.T.);
#1507=ADVANCED_FACE('',(#472),#48,.T.);
#1508=ADVANCED_FACE('',(#473),#388,.T.);
#1509=ADVANCED_FACE('',(#474,#29),#389,.T.);
#1510=ADVANCED_FACE('',(#475),#390,.T.);
#1511=ADVANCED_FACE('',(#476),#391,.T.);
#1512=ADVANCED_FACE('',(#477),#392,.F.);
#1513=ADVANCED_FACE('',(#478),#393,.T.);
#1514=ADVANCED_FACE('',(#479),#49,.F.);
#1515=ADVANCED_FACE('',(#480),#394,.T.);
#1516=ADVANCED_FACE('',(#481),#50,.F.);
#1517=ADVANCED_FACE('',(#482),#395,.T.);
#1518=ADVANCED_FACE('',(#483),#51,.T.);
#1519=ADVANCED_FACE('',(#484),#396,.T.);
#1520=ADVANCED_FACE('',(#485),#52,.T.);
#1521=ADVANCED_FACE('',(#486,#30),#397,.T.);
#1522=ADVANCED_FACE('',(#487,#31),#398,.F.);
#1523=ADVANCED_FACE('',(#488),#53,.T.);
#1524=ADVANCED_FACE('',(#489),#399,.T.);
#1525=ADVANCED_FACE('',(#490),#400,.T.);
#1526=ADVANCED_FACE('',(#491),#54,.T.);
#1527=ADVANCED_FACE('',(#492),#401,.T.);
#1528=ADVANCED_FACE('',(#493),#402,.T.);
#1529=ADVANCED_FACE('',(#494),#403,.T.);
#1530=ADVANCED_FACE('',(#495),#404,.F.);
#1531=ADVANCED_FACE('',(#496),#405,.T.);
#1532=ADVANCED_FACE('',(#497),#406,.T.);
#1533=ADVANCED_FACE('',(#498),#407,.T.);
#1534=ADVANCED_FACE('',(#499),#408,.F.);
#1535=ADVANCED_FACE('',(#500),#409,.F.);
#1536=ADVANCED_FACE('',(#501),#410,.T.);
#1537=ADVANCED_FACE('',(#502),#411,.T.);
#1538=ADVANCED_FACE('',(#503),#412,.T.);
#1539=ADVANCED_FACE('',(#504),#55,.T.);
#1540=ADVANCED_FACE('',(#505),#413,.T.);
#1541=ADVANCED_FACE('',(#506),#414,.T.);
#1542=ADVANCED_FACE('',(#507),#56,.F.);
#1543=ADVANCED_FACE('',(#508),#57,.T.);
#1544=ADVANCED_FACE('',(#509,#32),#415,.F.);
#1545=ADVANCED_FACE('',(#510,#33),#416,.T.);
#1546=CLOSED_SHELL('',(#1452,#1453,#1454));
#1547=CLOSED_SHELL('',(#1455,#1456,#1457,#1458,#1459,#1460,#1461,#1462,
#1463,#1464,#1465,#1466,#1467,#1468,#1469,#1470,#1471,#1472,#1473,#1474,
#1475,#1476,#1477,#1478,#1479,#1480,#1481,#1482,#1483,#1484,#1485,#1486,
#1487,#1488,#1489,#1490,#1491,#1492,#1493,#1494));
#1548=CLOSED_SHELL('',(#1495,#1496,#1497,#1498,#1499,#1500,#1501,#1502));
#1549=CLOSED_SHELL('',(#1503,#1504,#1505,#1506,#1507,#1508,#1509,#1510,
#1511,#1512));
#1550=CLOSED_SHELL('',(#1513,#1514,#1515,#1516,#1517,#1518,#1519,#1520,
#1521,#1522));
#1551=CLOSED_SHELL('',(#1523,#1524,#1525,#1526,#1527,#1528,#1529,#1530));
#1552=CLOSED_SHELL('',(#1531,#1532,#1533,#1534,#1535,#1536));
#1553=CLOSED_SHELL('',(#1537,#1538,#1539,#1540,#1541,#1542,#1543,#1544,
#1545));
#1554=DERIVED_UNIT_ELEMENT(#1558,1.);
#1555=DERIVED_UNIT_ELEMENT(#4066,-3.);
#1556=DERIVED_UNIT_ELEMENT(#1558,1.);
#1557=DERIVED_UNIT_ELEMENT(#4066,-3.);
#1558=(
MASS_UNIT()
NAMED_UNIT(*)
SI_UNIT(.KILO.,.GRAM.)
);
#1559=DERIVED_UNIT((#1554,#1555));
#1560=DERIVED_UNIT((#1556,#1557));
#1561=MEASURE_REPRESENTATION_ITEM('density measure',
POSITIVE_RATIO_MEASURE(7850.),#1559);
#1562=MEASURE_REPRESENTATION_ITEM('density measure',
POSITIVE_RATIO_MEASURE(1060.),#1560);
#1563=PROPERTY_DEFINITION_REPRESENTATION(#1573,#1567);
#1564=PROPERTY_DEFINITION_REPRESENTATION(#1574,#1568);
#1565=PROPERTY_DEFINITION_REPRESENTATION(#1575,#1569);
#1566=PROPERTY_DEFINITION_REPRESENTATION(#1576,#1570);
#1567=REPRESENTATION('material name',(#1571),#4062);
#1568=REPRESENTATION('density',(#1561),#4062);
#1569=REPRESENTATION('material name',(#1572),#4063);
#1570=REPRESENTATION('density',(#1562),#4063);
#1571=DESCRIPTIVE_REPRESENTATION_ITEM('Steel','Steel');
#1572=DESCRIPTIVE_REPRESENTATION_ITEM('ABS Plastic','ABS Plastic');
#1573=PROPERTY_DEFINITION('material property','material name',#4082);
#1574=PROPERTY_DEFINITION('material property','density of part',#4082);
#1575=PROPERTY_DEFINITION('material property','material name',#4083);
#1576=PROPERTY_DEFINITION('material property','density of part',#4083);
#1577=AXIS2_PLACEMENT_3D('',#2211,#1743,#1744);
#1578=AXIS2_PLACEMENT_3D('',#2212,#1745,#1746);
#1579=AXIS2_PLACEMENT_3D('',#3384,#1747,#1748);
#1580=AXIS2_PLACEMENT_3D('',#3503,#1749,#1750);
#1581=AXIS2_PLACEMENT_3D('',#3504,#1751,#1752);
#1582=AXIS2_PLACEMENT_3D('',#3505,#1753,#1754);
#1583=AXIS2_PLACEMENT_3D('',#3506,#1755,#1756);
#1584=AXIS2_PLACEMENT_3D('',#3507,#1757,#1758);
#1585=AXIS2_PLACEMENT_3D('',#3516,#1763,#1764);
#1586=AXIS2_PLACEMENT_3D('',#3522,#1768,#1769);
#1587=AXIS2_PLACEMENT_3D('',#3524,#1770,#1771);
#1588=AXIS2_PLACEMENT_3D('',#3526,#1772,#1773);
#1589=AXIS2_PLACEMENT_3D('',#3528,#1775,#1776);
#1590=AXIS2_PLACEMENT_3D('',#3530,#1777,#1778);
#1591=AXIS2_PLACEMENT_3D('',#3533,#1780,#1781);
#1592=AXIS2_PLACEMENT_3D('',#3534,#1782,#1783);
#1593=AXIS2_PLACEMENT_3D('',#3540,#1787,#1788);
#1594=AXIS2_PLACEMENT_3D('',#3543,#1791,#1792);
#1595=AXIS2_PLACEMENT_3D('',#3545,#1793,#1794);
#1596=AXIS2_PLACEMENT_3D('',#3546,#1795,#1796);
#1597=AXIS2_PLACEMENT_3D('',#3555,#1801,#1802);
#1598=AXIS2_PLACEMENT_3D('',#3557,#1803,#1804);
#1599=AXIS2_PLACEMENT_3D('',#3559,#1805,#1806);
#1600=AXIS2_PLACEMENT_3D('',#3561,#1808,#1809);
#1601=AXIS2_PLACEMENT_3D('',#3567,#1813,#1814);
#1602=AXIS2_PLACEMENT_3D('',#3568,#1815,#1816);
#1603=AXIS2_PLACEMENT_3D('',#3569,#1817,#1818);
#1604=AXIS2_PLACEMENT_3D('',#3570,#1819,#1820);
#1605=AXIS2_PLACEMENT_3D('',#3571,#1821,#1822);
#1606=AXIS2_PLACEMENT_3D('',#3580,#1827,#1828);
#1607=AXIS2_PLACEMENT_3D('',#3582,#1829,#1830);
#1608=AXIS2_PLACEMENT_3D('',#3584,#1831,#1832);
#1609=AXIS2_PLACEMENT_3D('',#3586,#1834,#1835);
#1610=AXIS2_PLACEMENT_3D('',#3592,#1839,#1840);
#1611=AXIS2_PLACEMENT_3D('',#3593,#1841,#1842);
#1612=AXIS2_PLACEMENT_3D('',#3594,#1843,#1844);
#1613=AXIS2_PLACEMENT_3D('',#3595,#1845,#1846);
#1614=AXIS2_PLACEMENT_3D('',#3596,#1847,#1848);
#1615=AXIS2_PLACEMENT_3D('',#3605,#1853,#1854);
#1616=AXIS2_PLACEMENT_3D('',#3607,#1855,#1856);
#1617=AXIS2_PLACEMENT_3D('',#3609,#1857,#1858);
#1618=AXIS2_PLACEMENT_3D('',#3611,#1860,#1861);
#1619=AXIS2_PLACEMENT_3D('',#3617,#1865,#1866);
#1620=AXIS2_PLACEMENT_3D('',#3618,#1867,#1868);
#1621=AXIS2_PLACEMENT_3D('',#3619,#1869,#1870);
#1622=AXIS2_PLACEMENT_3D('',#3620,#1871,#1872);
#1623=AXIS2_PLACEMENT_3D('',#3621,#1873,#1874);
#1624=AXIS2_PLACEMENT_3D('',#3630,#1879,#1880);
#1625=AXIS2_PLACEMENT_3D('',#3632,#1881,#1882);
#1626=AXIS2_PLACEMENT_3D('',#3634,#1883,#1884);
#1627=AXIS2_PLACEMENT_3D('',#3636,#1886,#1887);
#1628=AXIS2_PLACEMENT_3D('',#3642,#1891,#1892);
#1629=AXIS2_PLACEMENT_3D('',#3643,#1893,#1894);
#1630=AXIS2_PLACEMENT_3D('',#3644,#1895,#1896);
#1631=AXIS2_PLACEMENT_3D('',#3645,#1897,#1898);
#1632=AXIS2_PLACEMENT_3D('',#3646,#1899,#1900);
#1633=AXIS2_PLACEMENT_3D('',#3649,#1901,#1902);
#1634=AXIS2_PLACEMENT_3D('',#3651,#1903,#1904);
#1635=AXIS2_PLACEMENT_3D('',#3653,#1905,#1906);
#1636=AXIS2_PLACEMENT_3D('',#3655,#1907,#1908);
#1637=AXIS2_PLACEMENT_3D('',#3656,#1909,#1910);
#1638=AXIS2_PLACEMENT_3D('',#3730,#1911,#1912);
#1639=AXIS2_PLACEMENT_3D('',#3771,#1913,#1914);
#1640=AXIS2_PLACEMENT_3D('',#3780,#1915,#1916);
#1641=AXIS2_PLACEMENT_3D('',#3782,#1917,#1918);
#1642=AXIS2_PLACEMENT_3D('',#3783,#1919,#1920);
#1643=AXIS2_PLACEMENT_3D('',#3784,#1921,#1922);
#1644=AXIS2_PLACEMENT_3D('',#3785,#1923,#1924);
#1645=AXIS2_PLACEMENT_3D('',#3787,#1926,#1927);
#1646=AXIS2_PLACEMENT_3D('',#3791,#1929,#1930);
#1647=AXIS2_PLACEMENT_3D('',#3793,#1931,#1932);
#1648=AXIS2_PLACEMENT_3D('',#3794,#1933,#1934);
#1649=AXIS2_PLACEMENT_3D('',#3795,#1935,#1936);
#1650=AXIS2_PLACEMENT_3D('',#3797,#1937,#1938);
#1651=AXIS2_PLACEMENT_3D('',#3798,#1939,#1940);
#1652=AXIS2_PLACEMENT_3D('',#3799,#1941,#1942);
#1653=AXIS2_PLACEMENT_3D('',#3801,#1943,#1944);
#1654=AXIS2_PLACEMENT_3D('',#3802,#1945,#1946);
#1655=AXIS2_PLACEMENT_3D('',#3804,#1947,#1948);
#1656=AXIS2_PLACEMENT_3D('',#3806,#1950,#1951);
#1657=AXIS2_PLACEMENT_3D('',#3808,#1952,#1953);
#1658=AXIS2_PLACEMENT_3D('',#3810,#1955,#1956);
#1659=AXIS2_PLACEMENT_3D('',#3811,#1957,#1958);
#1660=AXIS2_PLACEMENT_3D('',#3812,#1959,#1960);
#1661=AXIS2_PLACEMENT_3D('',#3813,#1961,#1962);
#1662=AXIS2_PLACEMENT_3D('',#3816,#1963,#1964);
#1663=AXIS2_PLACEMENT_3D('',#3820,#1966,#1967);
#1664=AXIS2_PLACEMENT_3D('',#3822,#1969,#1970);
#1665=AXIS2_PLACEMENT_3D('',#3826,#1972,#1973);
#1666=AXIS2_PLACEMENT_3D('',#3832,#1977,#1978);
#1667=AXIS2_PLACEMENT_3D('',#3836,#1981,#1982);
#1668=AXIS2_PLACEMENT_3D('',#3838,#1983,#1984);
#1669=AXIS2_PLACEMENT_3D('',#3840,#1986,#1987);
#1670=AXIS2_PLACEMENT_3D('',#3844,#1990,#1991);
#1671=AXIS2_PLACEMENT_3D('',#3848,#1994,#1995);
#1672=AXIS2_PLACEMENT_3D('',#3850,#1997,#1998);
#1673=AXIS2_PLACEMENT_3D('',#3851,#1999,#2000);
#1674=AXIS2_PLACEMENT_3D('',#3854,#2001,#2002);
#1675=AXIS2_PLACEMENT_3D('',#3858,#2004,#2005);
#1676=AXIS2_PLACEMENT_3D('',#3860,#2007,#2008);
#1677=AXIS2_PLACEMENT_3D('',#3864,#2010,#2011);
#1678=AXIS2_PLACEMENT_3D('',#3870,#2015,#2016);
#1679=AXIS2_PLACEMENT_3D('',#3874,#2019,#2020);
#1680=AXIS2_PLACEMENT_3D('',#3876,#2021,#2022);
#1681=AXIS2_PLACEMENT_3D('',#3878,#2024,#2025);
#1682=AXIS2_PLACEMENT_3D('',#3880,#2026,#2027);
#1683=AXIS2_PLACEMENT_3D('',#3883,#2029,#2030);
#1684=AXIS2_PLACEMENT_3D('',#3884,#2031,#2032);
#1685=AXIS2_PLACEMENT_3D('',#3885,#2033,#2034);
#1686=AXIS2_PLACEMENT_3D('',#3891,#2038,#2039);
#1687=AXIS2_PLACEMENT_3D('',#3893,#2041,#2042);
#1688=AXIS2_PLACEMENT_3D('',#3895,#2044,#2045);
#1689=AXIS2_PLACEMENT_3D('',#3896,#2046,#2047);
#1690=AXIS2_PLACEMENT_3D('',#3905,#2052,#2053);
#1691=AXIS2_PLACEMENT_3D('',#3907,#2054,#2055);
#1692=AXIS2_PLACEMENT_3D('',#3909,#2056,#2057);
#1693=AXIS2_PLACEMENT_3D('',#3911,#2059,#2060);
#1694=AXIS2_PLACEMENT_3D('',#3917,#2064,#2065);
#1695=AXIS2_PLACEMENT_3D('',#3918,#2066,#2067);
#1696=AXIS2_PLACEMENT_3D('',#3919,#2068,#2069);
#1697=AXIS2_PLACEMENT_3D('',#3920,#2070,#2071);
#1698=AXIS2_PLACEMENT_3D('',#3929,#2076,#2077);
#1699=AXIS2_PLACEMENT_3D('',#3931,#2078,#2079);
#1700=AXIS2_PLACEMENT_3D('',#3933,#2080,#2081);
#1701=AXIS2_PLACEMENT_3D('',#3935,#2083,#2084);
#1702=AXIS2_PLACEMENT_3D('',#3941,#2088,#2089);
#1703=AXIS2_PLACEMENT_3D('',#3942,#2090,#2091);
#1704=AXIS2_PLACEMENT_3D('',#3943,#2092,#2093);
#1705=AXIS2_PLACEMENT_3D('',#3944,#2094,#2095);
#1706=AXIS2_PLACEMENT_3D('',#3945,#2096,#2097);
#1707=AXIS2_PLACEMENT_3D('',#3946,#2098,#2099);
#1708=AXIS2_PLACEMENT_3D('',#3949,#2100,#2101);
#1709=AXIS2_PLACEMENT_3D('',#3953,#2103,#2104);
#1710=AXIS2_PLACEMENT_3D('',#3955,#2106,#2107);
#1711=AXIS2_PLACEMENT_3D('',#3959,#2109,#2110);
#1712=AXIS2_PLACEMENT_3D('',#3965,#2114,#2115);
#1713=AXIS2_PLACEMENT_3D('',#3969,#2118,#2119);
#1714=AXIS2_PLACEMENT_3D('',#3971,#2120,#2121);
#1715=AXIS2_PLACEMENT_3D('',#3973,#2123,#2124);
#1716=AXIS2_PLACEMENT_3D('',#3977,#2127,#2128);
#1717=AXIS2_PLACEMENT_3D('',#3981,#2131,#2132);
#1718=AXIS2_PLACEMENT_3D('',#3983,#2134,#2135);
#1719=AXIS2_PLACEMENT_3D('',#3984,#2136,#2137);
#1720=AXIS2_PLACEMENT_3D('',#3993,#2142,#2143);
#1721=AXIS2_PLACEMENT_3D('',#4002,#2148,#2149);
#1722=AXIS2_PLACEMENT_3D('',#4005,#2152,#2153);
#1723=AXIS2_PLACEMENT_3D('',#4007,#2155,#2156);
#1724=AXIS2_PLACEMENT_3D('',#4009,#2158,#2159);
#1725=AXIS2_PLACEMENT_3D('',#4010,#2160,#2161);
#1726=AXIS2_PLACEMENT_3D('',#4019,#2166,#2167);
#1727=AXIS2_PLACEMENT_3D('',#4025,#2171,#2172);
#1728=AXIS2_PLACEMENT_3D('',#4027,#2173,#2174);
#1729=AXIS2_PLACEMENT_3D('',#4029,#2175,#2176);
#1730=AXIS2_PLACEMENT_3D('',#4031,#2178,#2179);
#1731=AXIS2_PLACEMENT_3D('',#4037,#2183,#2184);
#1732=AXIS2_PLACEMENT_3D('',#4043,#2188,#2189);
#1733=AXIS2_PLACEMENT_3D('',#4044,#2190,#2191);
#1734=AXIS2_PLACEMENT_3D('',#4045,#2192,#2193);
#1735=AXIS2_PLACEMENT_3D('',#4046,#2194,#2195);
#1736=AXIS2_PLACEMENT_3D('',#4048,#2196,#2197);
#1737=AXIS2_PLACEMENT_3D('',#4051,#2199,#2200);
#1738=AXIS2_PLACEMENT_3D('',#4052,#2201,#2202);
#1739=AXIS2_PLACEMENT_3D('',#4053,#2203,#2204);
#1740=AXIS2_PLACEMENT_3D('',#4054,#2205,#2206);
#1741=AXIS2_PLACEMENT_3D('',#4055,#2207,#2208);
#1742=AXIS2_PLACEMENT_3D('',#4056,#2209,#2210);
#1743=DIRECTION('axis',(0.,0.,1.));
#1744=DIRECTION('refdir',(1.,0.,0.));
#1745=DIRECTION('axis',(0.,0.,1.));
#1746=DIRECTION('refdir',(1.,0.,0.));
#1747=DIRECTION('center_axis',(0.,1.,0.));
#1748=DIRECTION('ref_axis',(-1.,0.,0.));
#1749=DIRECTION('center_axis',(2.20436423846524E-15,1.,0.));
#1750=DIRECTION('ref_axis',(-1.,2.20436423846524E-15,0.));
#1751=DIRECTION('center_axis',(2.20436423846524E-15,1.,0.));
#1752=DIRECTION('ref_axis',(0.,0.,1.));
#1753=DIRECTION('center_axis',(0.,1.,0.));
#1754=DIRECTION('ref_axis',(0.,0.,1.));
#1755=DIRECTION('axis',(0.,0.,1.));
#1756=DIRECTION('refdir',(1.,0.,0.));
#1757=DIRECTION('center_axis',(0.,-1.,0.));
#1758=DIRECTION('ref_axis',(1.,0.,0.));
#1759=DIRECTION('',(-1.,0.,0.));
#1760=DIRECTION('',(0.,0.,1.));
#1761=DIRECTION('',(1.,0.,0.));
#1762=DIRECTION('',(0.,0.,1.));
#1763=DIRECTION('center_axis',(-1.,8.88178419700124E-15,0.));
#1764=DIRECTION('ref_axis',(-8.88178419700124E-15,-1.,0.));
#1765=DIRECTION('',(8.88178419700124E-15,1.,0.));
#1766=DIRECTION('',(-8.88178419700124E-15,-1.,0.));
#1767=DIRECTION('',(0.,0.,1.));
#1768=DIRECTION('center_axis',(0.,0.,1.));
#1769=DIRECTION('ref_axis',(-1.,0.,0.));
#1770=DIRECTION('center_axis',(0.,0.,1.));
#1771=DIRECTION('ref_axis',(-1.,0.,0.));
#1772=DIRECTION('center_axis',(0.,0.,-1.));
#1773=DIRECTION('ref_axis',(-1.,0.,0.));
#1774=DIRECTION('',(0.,0.,1.));
#1775=DIRECTION('center_axis',(0.,0.,1.));
#1776=DIRECTION('ref_axis',(1.,-2.77555756156289E-15,0.));
#1777=DIRECTION('center_axis',(0.,0.,-1.));
#1778=DIRECTION('ref_axis',(1.,-2.77555756156289E-15,0.));
#1779=DIRECTION('',(0.,0.,1.));
#1780=DIRECTION('center_axis',(0.,0.,1.));
#1781=DIRECTION('ref_axis',(1.,-2.77555756156289E-15,0.));
#1782=DIRECTION('center_axis',(0.,-1.,0.));
#1783=DIRECTION('ref_axis',(1.,0.,0.));
#1784=DIRECTION('',(-1.,0.,0.));
#1785=DIRECTION('',(0.,0.,1.));
#1786=DIRECTION('',(1.,0.,0.));
#1787=DIRECTION('center_axis',(1.,-7.40148683083436E-16,0.));
#1788=DIRECTION('ref_axis',(7.40148683083436E-16,1.,0.));
#1789=DIRECTION('',(-7.40148683083436E-16,-1.,0.));
#1790=DIRECTION('',(7.40148683083436E-16,1.,0.));
#1791=DIRECTION('center_axis',(0.,0.,1.));
#1792=DIRECTION('ref_axis',(1.,0.,0.));
#1793=DIRECTION('center_axis',(0.,0.,1.));
#1794=DIRECTION('ref_axis',(-1.,0.,0.));
#1795=DIRECTION('center_axis',(-0.779924225138633,0.625873951400681,0.));
#1796=DIRECTION('ref_axis',(0.625873951400681,0.779924225138633,0.));
#1797=DIRECTION('',(0.625873951400681,0.779924225138633,0.));
#1798=DIRECTION('',(0.,0.,1.));
#1799=DIRECTION('',(0.625873951400681,0.779924225138633,0.));
#1800=DIRECTION('',(0.,0.,-1.));
#1801=DIRECTION('center_axis',(0.,0.,-1.));
#1802=DIRECTION('ref_axis',(-0.581116659136001,-0.8138202679183,0.));
#1803=DIRECTION('center_axis',(0.,0.,-1.));
#1804=DIRECTION('ref_axis',(0.845151021501608,-0.534527595971235,0.));
#1805=DIRECTION('center_axis',(0.,0.,-1.));
#1806=DIRECTION('ref_axis',(0.845151021501608,-0.534527595971235,0.));
#1807=DIRECTION('',(0.,0.,-1.));
#1808=DIRECTION('center_axis',(0.845151021628216,-0.534527595771054,0.));
#1809=DIRECTION('ref_axis',(-0.534527595771054,-0.845151021628216,0.));
#1810=DIRECTION('',(-0.534527595771054,-0.845151021628216,0.));
#1811=DIRECTION('',(-0.534527595771054,-0.845151021628216,0.));
#1812=DIRECTION('',(0.,0.,-1.));
#1813=DIRECTION('center_axis',(0.,0.,-1.));
#1814=DIRECTION('ref_axis',(-1.,0.,0.));
#1815=DIRECTION('center_axis',(0.,0.,-1.));
#1816=DIRECTION('ref_axis',(1.,0.,0.));
#1817=DIRECTION('center_axis',(0.,0.,-1.));
#1818=DIRECTION('ref_axis',(-1.,0.,0.));
#1819=DIRECTION('center_axis',(0.,0.,1.));
#1820=DIRECTION('ref_axis',(1.,0.,0.));
#1821=DIRECTION('center_axis',(0.779924226163181,-0.625873950123955,0.));
#1822=DIRECTION('ref_axis',(-0.625873950123955,-0.779924226163181,0.));
#1823=DIRECTION('',(-0.625873950123955,-0.779924226163181,0.));
#1824=DIRECTION('',(0.,0.,1.));
#1825=DIRECTION('',(-0.625873950123955,-0.779924226163181,0.));
#1826=DIRECTION('',(0.,0.,-1.));
#1827=DIRECTION('center_axis',(0.,0.,-1.));
#1828=DIRECTION('ref_axis',(0.581116659077645,0.81382026795997,0.));
#1829=DIRECTION('center_axis',(0.,0.,-1.));
#1830=DIRECTION('ref_axis',(-0.845151021496196,0.534527595979792,0.));
#1831=DIRECTION('center_axis',(0.,0.,-1.));
#1832=DIRECTION('ref_axis',(-0.845151021496196,0.534527595979792,0.));
#1833=DIRECTION('',(0.,0.,-1.));
#1834=DIRECTION('center_axis',(-0.845151021932963,0.534527595289213,0.));
#1835=DIRECTION('ref_axis',(0.534527595289213,0.845151021932963,0.));
#1836=DIRECTION('',(0.534527595289213,0.845151021932963,0.));
#1837=DIRECTION('',(0.534527595289213,0.845151021932963,0.));
#1838=DIRECTION('',(0.,0.,-1.));
#1839=DIRECTION('center_axis',(0.,0.,-1.));
#1840=DIRECTION('ref_axis',(-1.,0.,0.));
#1841=DIRECTION('center_axis',(0.,0.,-1.));
#1842=DIRECTION('ref_axis',(1.,0.,0.));
#1843=DIRECTION('center_axis',(0.,0.,-1.));
#1844=DIRECTION('ref_axis',(-1.,0.,0.));
#1845=DIRECTION('center_axis',(0.,0.,1.));
#1846=DIRECTION('ref_axis',(1.,0.,0.));
#1847=DIRECTION('center_axis',(-0.845151022689685,-0.534527594092746,0.));
#1848=DIRECTION('ref_axis',(-0.534527594092746,0.845151022689685,0.));
#1849=DIRECTION('',(0.534527594092746,-0.845151022689685,0.));
#1850=DIRECTION('',(0.,0.,1.));
#1851=DIRECTION('',(-0.534527594092746,0.845151022689685,0.));
#1852=DIRECTION('',(0.,0.,-1.));
#1853=DIRECTION('center_axis',(0.,0.,-1.));
#1854=DIRECTION('ref_axis',(0.581116659084144,-0.813820267955329,0.));
#1855=DIRECTION('center_axis',(0.,0.,-1.));
#1856=DIRECTION('ref_axis',(0.779924225122106,0.625873951421277,0.));
#1857=DIRECTION('center_axis',(0.,0.,-1.));
#1858=DIRECTION('ref_axis',(0.779924225122106,0.625873951421277,0.));
#1859=DIRECTION('',(0.,0.,-1.));
#1860=DIRECTION('center_axis',(0.779924227256253,0.625873948761838,0.));
#1861=DIRECTION('ref_axis',(0.625873948761838,-0.779924227256253,0.));
#1862=DIRECTION('',(-0.625873948761838,0.779924227256253,0.));
#1863=DIRECTION('',(0.625873948761838,-0.779924227256253,0.));
#1864=DIRECTION('',(0.,0.,-1.));
#1865=DIRECTION('center_axis',(0.,0.,-1.));
#1866=DIRECTION('ref_axis',(-1.,0.,0.));
#1867=DIRECTION('center_axis',(0.,0.,-1.));
#1868=DIRECTION('ref_axis',(1.,0.,0.));
#1869=DIRECTION('center_axis',(0.,0.,-1.));
#1870=DIRECTION('ref_axis',(-1.,0.,0.));
#1871=DIRECTION('center_axis',(0.,0.,1.));
#1872=DIRECTION('ref_axis',(1.,0.,0.));
#1873=DIRECTION('center_axis',(0.845151021708266,0.534527595644486,0.));
#1874=DIRECTION('ref_axis',(0.534527595644486,-0.845151021708265,0.));
#1875=DIRECTION('',(-0.534527595644486,0.845151021708265,0.));
#1876=DIRECTION('',(0.,0.,1.));
#1877=DIRECTION('',(0.534527595644486,-0.845151021708265,0.));
#1878=DIRECTION('',(0.,0.,-1.));
#1879=DIRECTION('center_axis',(0.,0.,-1.));
#1880=DIRECTION('ref_axis',(-0.581116659040862,0.813820267986235,0.));
#1881=DIRECTION('center_axis',(0.,0.,-1.));
#1882=DIRECTION('ref_axis',(-0.779924225206325,-0.625873951316328,0.));
#1883=DIRECTION('center_axis',(0.,0.,-1.));
#1884=DIRECTION('ref_axis',(-0.779924225206325,-0.625873951316328,0.));
#1885=DIRECTION('',(0.,0.,-1.));
#1886=DIRECTION('center_axis',(-0.779924225500146,-0.625873950950187,0.));
#1887=DIRECTION('ref_axis',(-0.625873950950187,0.779924225500146,0.));
#1888=DIRECTION('',(0.625873950950187,-0.779924225500146,0.));
#1889=DIRECTION('',(-0.625873950950187,0.779924225500146,0.));
#1890=DIRECTION('',(0.,0.,-1.));
#1891=DIRECTION('center_axis',(0.,0.,-1.));
#1892=DIRECTION('ref_axis',(-1.,0.,0.));
#1893=DIRECTION('center_axis',(0.,0.,-1.));
#1894=DIRECTION('ref_axis',(1.,0.,0.));
#1895=DIRECTION('center_axis',(0.,0.,-1.));
#1896=DIRECTION('ref_axis',(-1.,0.,0.));
#1897=DIRECTION('center_axis',(0.,0.,1.));
#1898=DIRECTION('ref_axis',(1.,0.,0.));
#1899=DIRECTION('center_axis',(0.,0.,-1.));
#1900=DIRECTION('ref_axis',(-6.12323399573677E-17,1.,0.));
#1901=DIRECTION('center_axis',(0.472000000000001,-0.881598548093178,0.));
#1902=DIRECTION('ref_axis',(0.881598548093178,0.472,0.));
#1903=DIRECTION('center_axis',(0.,0.,-1.));
#1904=DIRECTION('ref_axis',(-6.12323399573677E-17,1.,0.));
#1905=DIRECTION('center_axis',(-0.472000000000001,-0.881598548093178,0.));
#1906=DIRECTION('ref_axis',(0.,0.,1.));
#1907=DIRECTION('center_axis',(0.,0.,1.));
#1908=DIRECTION('ref_axis',(-6.12323399573677E-17,1.,0.));
#1909=DIRECTION('center_axis',(0.,0.,1.));
#1910=DIRECTION('ref_axis',(-6.12323399573677E-17,1.,0.));
#1911=DIRECTION('center_axis',(0.,0.,1.));
#1912=DIRECTION('ref_axis',(1.,0.,0.));
#1913=DIRECTION('center_axis',(0.,0.,1.));
#1914=DIRECTION('ref_axis',(1.,0.,0.));
#1915=DIRECTION('center_axis',(0.,0.,-1.));
#1916=DIRECTION('ref_axis',(-1.,0.,0.));
#1917=DIRECTION('center_axis',(0.,0.,1.));
#1918=DIRECTION('ref_axis',(1.,0.,0.));
#1919=DIRECTION('center_axis',(0.,0.,1.));
#1920=DIRECTION('ref_axis',(1.,0.,0.));
#1921=DIRECTION('center_axis',(0.,0.,-1.));
#1922=DIRECTION('ref_axis',(-1.,0.,0.));
#1923=DIRECTION('center_axis',(0.,0.,1.));
#1924=DIRECTION('ref_axis',(-1.,0.,0.));
#1925=DIRECTION('',(0.,0.,1.));
#1926=DIRECTION('center_axis',(0.,0.,-1.));
#1927=DIRECTION('ref_axis',(1.,0.,0.));
#1928=DIRECTION('',(0.,0.,1.));
#1929=DIRECTION('center_axis',(0.,0.,1.));
#1930=DIRECTION('ref_axis',(1.,0.,0.));
#1931=DIRECTION('center_axis',(0.,0.,1.));
#1932=DIRECTION('ref_axis',(1.,0.,0.));
#1933=DIRECTION('center_axis',(0.,0.,1.));
#1934=DIRECTION('ref_axis',(1.,0.,0.));
#1935=DIRECTION('center_axis',(0.,0.,1.));
#1936=DIRECTION('ref_axis',(1.,0.,0.));
#1937=DIRECTION('center_axis',(0.,0.,1.));
#1938=DIRECTION('ref_axis',(1.,0.,0.));
#1939=DIRECTION('center_axis',(0.,0.,1.));
#1940=DIRECTION('ref_axis',(1.,0.,0.));
#1941=DIRECTION('center_axis',(0.,0.,1.));
#1942=DIRECTION('ref_axis',(1.,0.,0.));
#1943=DIRECTION('center_axis',(0.,0.,-1.));
#1944=DIRECTION('ref_axis',(1.,0.,0.));
#1945=DIRECTION('center_axis',(0.,0.,1.));
#1946=DIRECTION('ref_axis',(1.,0.,0.));
#1947=DIRECTION('center_axis',(0.,0.,-1.));
#1948=DIRECTION('ref_axis',(1.,0.,0.));
#1949=DIRECTION('',(0.,0.,-1.));
#1950=DIRECTION('center_axis',(0.,0.,1.));
#1951=DIRECTION('ref_axis',(1.,0.,0.));
#1952=DIRECTION('center_axis',(0.,0.,1.));
#1953=DIRECTION('ref_axis',(1.,0.,0.));
#1954=DIRECTION('',(0.,0.,-1.));
#1955=DIRECTION('center_axis',(0.,0.,1.));
#1956=DIRECTION('ref_axis',(1.,0.,0.));
#1957=DIRECTION('center_axis',(0.,0.,1.));
#1958=DIRECTION('ref_axis',(1.,0.,0.));
#1959=DIRECTION('center_axis',(0.,0.,1.));
#1960=DIRECTION('ref_axis',(1.,0.,0.));
#1961=DIRECTION('center_axis',(1.,0.,0.));
#1962=DIRECTION('ref_axis',(0.,0.707106781186547,0.707106781186548));
#1963=DIRECTION('center_axis',(-1.,0.,0.));
#1964=DIRECTION('ref_axis',(0.,0.707106781186547,0.707106781186548));
#1965=DIRECTION('',(-1.,0.,0.));
#1966=DIRECTION('center_axis',(1.,0.,0.));
#1967=DIRECTION('ref_axis',(0.,0.707106781186547,0.707106781186548));
#1968=DIRECTION('',(1.,0.,0.));
#1969=DIRECTION('center_axis',(-1.,0.,0.));
#1970=DIRECTION('ref_axis',(0.,0.,1.));
#1971=DIRECTION('',(0.,0.,1.));
#1972=DIRECTION('center_axis',(1.,0.,0.));
#1973=DIRECTION('ref_axis',(0.,0.707106781186548,-0.707106781186548));
#1974=DIRECTION('',(0.,1.,0.));
#1975=DIRECTION('',(0.,0.,1.));
#1976=DIRECTION('',(0.,1.,0.));
#1977=DIRECTION('center_axis',(0.,1.,0.));
#1978=DIRECTION('ref_axis',(0.,0.,1.));
#1979=DIRECTION('',(0.,0.,-1.));
#1980=DIRECTION('',(1.,0.,0.));
#1981=DIRECTION('center_axis',(-1.,0.,0.));
#1982=DIRECTION('ref_axis',(0.,0.707106781186548,-0.707106781186548));
#1983=DIRECTION('center_axis',(-1.,0.,0.));
#1984=DIRECTION('ref_axis',(0.,0.707106781186548,-0.707106781186548));
#1985=DIRECTION('',(-1.,0.,0.));
#1986=DIRECTION('center_axis',(0.,0.,1.));
#1987=DIRECTION('ref_axis',(1.,0.,0.));
#1988=DIRECTION('',(1.,0.,0.));
#1989=DIRECTION('',(0.,1.,0.));
#1990=DIRECTION('center_axis',(0.,0.,-1.));
#1991=DIRECTION('ref_axis',(-1.,0.,0.));
#1992=DIRECTION('',(0.,1.,0.));
#1993=DIRECTION('',(-1.,0.,0.));
#1994=DIRECTION('center_axis',(1.,0.,0.));
#1995=DIRECTION('ref_axis',(0.,0.,-1.));
#1996=DIRECTION('',(0.,0.,-1.));
#1997=DIRECTION('center_axis',(0.,1.,0.));
#1998=DIRECTION('ref_axis',(1.,0.,0.));
#1999=DIRECTION('center_axis',(7.24058494320757E-16,0.,-1.));
#2000=DIRECTION('ref_axis',(0.707106781186547,0.707106781186548,0.));
#2001=DIRECTION('center_axis',(0.,0.,1.));
#2002=DIRECTION('ref_axis',(0.707106781186547,0.707106781186548,0.));
#2003=DIRECTION('',(-7.24058494320757E-16,0.,1.));
#2004=DIRECTION('center_axis',(0.,0.,-1.));
#2005=DIRECTION('ref_axis',(0.707106781186547,0.707106781186548,0.));
#2006=DIRECTION('',(7.24058494320757E-16,0.,-1.));
#2007=DIRECTION('center_axis',(0.,0.,1.));
#2008=DIRECTION('ref_axis',(1.,0.,0.));
#2009=DIRECTION('',(1.,0.,0.));
#2010=DIRECTION('center_axis',(0.,0.,-1.));
#2011=DIRECTION('ref_axis',(-0.707106781186547,0.707106781186548,0.));
#2012=DIRECTION('',(0.,1.,0.));
#2013=DIRECTION('',(1.,0.,0.));
#2014=DIRECTION('',(0.,1.,0.));
#2015=DIRECTION('center_axis',(0.,1.,0.));
#2016=DIRECTION('ref_axis',(0.,0.,1.));
#2017=DIRECTION('',(-1.,0.,0.));
#2018=DIRECTION('',(-7.24058494320757E-16,0.,-1.));
#2019=DIRECTION('center_axis',(7.24058494320757E-16,0.,1.));
#2020=DIRECTION('ref_axis',(-0.707106781186547,0.707106781186548,0.));
#2021=DIRECTION('center_axis',(0.,0.,1.));
#2022=DIRECTION('ref_axis',(-0.707106781186547,0.707106781186548,0.));
#2023=DIRECTION('',(7.24058494320757E-16,0.,1.));
#2024=DIRECTION('center_axis',(0.,0.,-1.));
#2025=DIRECTION('ref_axis',(-1.,0.,0.));
#2026=DIRECTION('center_axis',(0.,0.,-1.));
#2027=DIRECTION('ref_axis',(-1.,0.,0.));
#2028=DIRECTION('',(0.,0.,1.));
#2029=DIRECTION('center_axis',(0.,0.,1.));
#2030=DIRECTION('ref_axis',(-1.,0.,0.));
#2031=DIRECTION('center_axis',(0.,0.,-1.));
#2032=DIRECTION('ref_axis',(-1.,0.,0.));
#2033=DIRECTION('center_axis',(0.,0.,-1.));
#2034=DIRECTION('ref_axis',(-1.,0.,0.));
#2035=DIRECTION('',(0.,1.,0.));
#2036=DIRECTION('',(1.,0.,0.));
#2037=DIRECTION('',(0.,1.,0.));
#2038=DIRECTION('center_axis',(1.,0.,7.24058494320757E-16));
#2039=DIRECTION('ref_axis',(7.24058494320757E-16,0.,-1.));
#2040=DIRECTION('',(-7.24058494320757E-16,0.,1.));
#2041=DIRECTION('center_axis',(-1.,0.,7.24058494320757E-16));
#2042=DIRECTION('ref_axis',(7.24058494320757E-16,0.,1.));
#2043=DIRECTION('',(7.24058494320757E-16,0.,1.));
#2044=DIRECTION('center_axis',(0.,1.,0.));
#2045=DIRECTION('ref_axis',(1.,0.,0.));
#2046=DIRECTION('center_axis',(0.,-1.,5.514352771317E-17));
#2047=DIRECTION('ref_axis',(0.,-5.514352771317E-17,-1.));
#2048=DIRECTION('',(0.,-5.514352771317E-17,-1.));
#2049=DIRECTION('',(1.,0.,0.));
#2050=DIRECTION('',(0.,-5.514352771317E-17,-1.));
#2051=DIRECTION('',(1.,0.,0.));
#2052=DIRECTION('center_axis',(1.,0.,0.));
#2053=DIRECTION('ref_axis',(0.,1.,0.));
#2054=DIRECTION('center_axis',(-1.,0.,0.));
#2055=DIRECTION('ref_axis',(0.,1.,0.));
#2056=DIRECTION('center_axis',(-1.,0.,0.));
#2057=DIRECTION('ref_axis',(0.,1.,0.));
#2058=DIRECTION('',(1.,0.,0.));
#2059=DIRECTION('center_axis',(0.,1.,-1.838117590439E-17));
#2060=DIRECTION('ref_axis',(0.,1.838117590439E-17,1.));
#2061=DIRECTION('',(0.,1.838117590439E-17,1.));
#2062=DIRECTION('',(0.,1.838117590439E-17,1.));
#2063=DIRECTION('',(1.,0.,0.));
#2064=DIRECTION('center_axis',(1.,0.,0.));
#2065=DIRECTION('ref_axis',(0.,-1.,0.));
#2066=DIRECTION('center_axis',(-1.,0.,0.));
#2067=DIRECTION('ref_axis',(0.,-1.,0.));
#2068=DIRECTION('center_axis',(-1.,0.,0.));
#2069=DIRECTION('ref_axis',(0.,-1.,0.));
#2070=DIRECTION('center_axis',(0.,1.,-7.35247251862083E-17));
#2071=DIRECTION('ref_axis',(0.,7.35247251862083E-17,1.));
#2072=DIRECTION('',(0.,7.35247251862083E-17,1.));
#2073=DIRECTION('',(1.,0.,0.));
#2074=DIRECTION('',(0.,7.35247251862083E-17,1.));
#2075=DIRECTION('',(1.,0.,0.));
#2076=DIRECTION('center_axis',(1.,0.,0.));
#2077=DIRECTION('ref_axis',(0.,7.18035688483773E-7,-0.999999999999742));
#2078=DIRECTION('center_axis',(1.,0.,0.));
#2079=DIRECTION('ref_axis',(0.,-0.999999999999442,1.05640476247367E-6));
#2080=DIRECTION('center_axis',(1.,0.,0.));
#2081=DIRECTION('ref_axis',(0.,-0.999999999999442,1.05640476247367E-6));
#2082=DIRECTION('',(1.,0.,0.));
#2083=DIRECTION('center_axis',(0.,-1.,-7.35247170193514E-17));
#2084=DIRECTION('ref_axis',(0.,7.35247170193514E-17,-1.));
#2085=DIRECTION('',(0.,7.35247170193514E-17,-1.));
#2086=DIRECTION('',(0.,7.35247170193514E-17,-1.));
#2087=DIRECTION('',(1.,0.,0.));
#2088=DIRECTION('center_axis',(1.,0.,0.));
#2089=DIRECTION('ref_axis',(0.,0.999999999999613,8.80239581961742E-7));
#2090=DIRECTION('center_axis',(1.,0.,0.));
#2091=DIRECTION('ref_axis',(0.,0.999999999999613,8.80239581961742E-7));
#2092=DIRECTION('center_axis',(1.,0.,0.));
#2093=DIRECTION('ref_axis',(0.,0.999999999999613,8.80239581961742E-7));
#2094=DIRECTION('center_axis',(1.,0.,0.));
#2095=DIRECTION('ref_axis',(0.,0.,-1.));
#2096=DIRECTION('center_axis',(1.,0.,0.));
#2097=DIRECTION('ref_axis',(0.,0.,-1.));
#2098=DIRECTION('center_axis',(-1.,3.81639164714898E-16,0.));
#2099=DIRECTION('ref_axis',(-2.88619937258047E-16,-0.707106781186548,0.707106781186548));
#2100=DIRECTION('center_axis',(1.,-3.81639164714898E-16,2.3996174883829E-16));
#2101=DIRECTION('ref_axis',(-2.88619937258047E-16,-0.707106781186548,0.707106781186548));
#2102=DIRECTION('',(1.,-3.81639164714898E-16,0.));
#2103=DIRECTION('center_axis',(-1.,3.81639164714898E-16,0.));
#2104=DIRECTION('ref_axis',(-2.88619937258047E-16,-0.707106781186548,0.707106781186548));
#2105=DIRECTION('',(-1.,3.81639164714898E-16,0.));
#2106=DIRECTION('center_axis',(1.,-3.81639164714898E-16,0.));
#2107=DIRECTION('ref_axis',(0.,0.,1.));
#2108=DIRECTION('',(0.,0.,1.));
#2109=DIRECTION('center_axis',(-1.,3.81639164714898E-16,0.));
#2110=DIRECTION('ref_axis',(-2.30895949806438E-16,-0.707106781186548,-0.707106781186548));
#2111=DIRECTION('',(-3.81639164714898E-16,-1.,0.));
#2112=DIRECTION('',(0.,0.,-1.));
#2113=DIRECTION('',(-3.81639164714898E-16,-1.,0.));
#2114=DIRECTION('center_axis',(-3.81639164714898E-16,-1.,0.));
#2115=DIRECTION('ref_axis',(0.,0.,-1.));
#2116=DIRECTION('',(2.3996174883829E-16,-8.8160516289784E-32,-1.));
#2117=DIRECTION('',(-1.,3.81639164714898E-16,0.));
#2118=DIRECTION('center_axis',(1.,-3.81639164714898E-16,0.));
#2119=DIRECTION('ref_axis',(-2.30895949806438E-16,-0.707106781186548,-0.707106781186548));
#2120=DIRECTION('center_axis',(1.,-3.81639164714898E-16,2.3996174883829E-16));
#2121=DIRECTION('ref_axis',(-2.30895949806438E-16,-0.707106781186548,-0.707106781186548));
#2122=DIRECTION('',(1.,-3.81639164714898E-16,0.));
#2123=DIRECTION('center_axis',(0.,0.,-1.));
#2124=DIRECTION('ref_axis',(1.,-3.67394039744206E-16,0.));
#2125=DIRECTION('',(-3.81639164714898E-16,-1.,0.));
#2126=DIRECTION('',(-1.,3.67394039744206E-16,0.));
#2127=DIRECTION('center_axis',(-1.,3.81639164714898E-16,-2.3996174883829E-16));
#2128=DIRECTION('ref_axis',(2.3996174883829E-16,-8.8160516289784E-32,-1.));
#2129=DIRECTION('',(-3.81639164714898E-16,-1.,0.));
#2130=DIRECTION('',(-2.3996174883829E-16,8.8160516289784E-32,1.));
#2131=DIRECTION('center_axis',(0.,0.,1.));
#2132=DIRECTION('ref_axis',(-1.,3.67394039744206E-16,0.));
#2133=DIRECTION('',(1.,-3.67394039744206E-16,0.));
#2134=DIRECTION('center_axis',(-3.67394039744206E-16,-1.,0.));
#2135=DIRECTION('ref_axis',(-1.,3.67394039744206E-16,0.));
#2136=DIRECTION('center_axis',(-8.54017711250121E-17,1.,0.));
#2137=DIRECTION('ref_axis',(1.,8.54017711250121E-17,0.));
#2138=DIRECTION('',(-0.371390676354104,-3.17174215399566E-17,0.928476690885259));
#2139=DIRECTION('',(-1.,-8.54017711250121E-17,0.));
#2140=DIRECTION('',(-0.371390676354104,-3.17174215399566E-17,-0.928476690885259));
#2141=DIRECTION('',(1.,8.54017711250121E-17,0.));
#2142=DIRECTION('center_axis',(0.,-1.,0.));
#2143=DIRECTION('ref_axis',(-1.,0.,0.));
#2144=DIRECTION('',(0.371390676354104,0.,-0.928476690885259));
#2145=DIRECTION('',(-1.,0.,0.));
#2146=DIRECTION('',(0.371390676354104,0.,0.928476690885259));
#2147=DIRECTION('',(1.,0.,0.));
#2148=DIRECTION('center_axis',(0.,0.,-1.));
#2149=DIRECTION('ref_axis',(-1.,0.,0.));
#2150=DIRECTION('',(0.,1.,0.));
#2151=DIRECTION('',(0.,-1.,0.));
#2152=DIRECTION('center_axis',(-0.928476690885259,0.,0.371390676354104));
#2153=DIRECTION('ref_axis',(0.371390676354104,0.,0.928476690885259));
#2154=DIRECTION('',(0.,1.,0.));
#2155=DIRECTION('center_axis',(0.928476690885259,0.,0.371390676354104));
#2156=DIRECTION('ref_axis',(0.371390676354104,0.,-0.928476690885259));
#2157=DIRECTION('',(0.,1.,0.));
#2158=DIRECTION('center_axis',(0.,0.,1.));
#2159=DIRECTION('ref_axis',(1.,0.,0.));
#2160=DIRECTION('center_axis',(1.,-7.40148683083436E-16,0.));
#2161=DIRECTION('ref_axis',(-7.40148683083436E-16,-1.,0.));
#2162=DIRECTION('',(7.40148683083436E-16,1.,0.));
#2163=DIRECTION('',(0.,0.,-1.));
#2164=DIRECTION('',(-7.40148683083436E-16,-1.,0.));
#2165=DIRECTION('',(0.,0.,-1.));
#2166=DIRECTION('center_axis',(0.,-1.,0.));
#2167=DIRECTION('ref_axis',(-1.,0.,0.));
#2168=DIRECTION('',(1.,0.,0.));
#2169=DIRECTION('',(-1.,0.,0.));
#2170=DIRECTION('',(0.,0.,-1.));
#2171=DIRECTION('center_axis',(0.,0.,-1.));
#2172=DIRECTION('ref_axis',(1.,-2.77555756156289E-15,0.));
#2173=DIRECTION('center_axis',(0.,0.,1.));
#2174=DIRECTION('ref_axis',(1.,-2.77555756156289E-15,0.));
#2175=DIRECTION('center_axis',(0.,0.,-1.));
#2176=DIRECTION('ref_axis',(1.,-2.77555756156289E-15,0.));
#2177=DIRECTION('',(0.,0.,-1.));
#2178=DIRECTION('center_axis',(0.,-1.,0.));
#2179=DIRECTION('ref_axis',(-1.,0.,0.));
#2180=DIRECTION('',(1.,0.,0.));
#2181=DIRECTION('',(-1.,0.,0.));
#2182=DIRECTION('',(0.,0.,-1.));
#2183=DIRECTION('center_axis',(-1.,8.88178419700124E-15,0.));
#2184=DIRECTION('ref_axis',(8.88178419700124E-15,1.,0.));
#2185=DIRECTION('',(-8.88178419700124E-15,-1.,0.));
#2186=DIRECTION('',(8.88178419700124E-15,1.,0.));
#2187=DIRECTION('',(0.,0.,-1.));
#2188=DIRECTION('center_axis',(0.,0.,-1.));
#2189=DIRECTION('ref_axis',(-1.,0.,0.));
#2190=DIRECTION('center_axis',(0.,0.,-1.));
#2191=DIRECTION('ref_axis',(-1.,0.,0.));
#2192=DIRECTION('center_axis',(0.,0.,1.));
#2193=DIRECTION('ref_axis',(-1.,0.,0.));
#2194=DIRECTION('center_axis',(0.,0.,-1.));
#2195=DIRECTION('ref_axis',(-1.,0.,0.));
#2196=DIRECTION('center_axis',(0.,0.,-1.));
#2197=DIRECTION('ref_axis',(-1.,0.,0.));
#2198=DIRECTION('',(0.,0.,1.));
#2199=DIRECTION('center_axis',(0.,0.,1.));
#2200=DIRECTION('ref_axis',(-1.,0.,0.));
#2201=DIRECTION('center_axis',(0.,0.,1.));
#2202=DIRECTION('ref_axis',(1.,0.,0.));
#2203=DIRECTION('center_axis',(0.,0.,1.));
#2204=DIRECTION('ref_axis',(1.,0.,0.));
#2205=DIRECTION('',(5.47382212626882E-48,-1.,3.05311331771918E-16));
#2206=DIRECTION('',(-1.,3.73898545197895E-32,1.22464679914735E-16));
#2207=DIRECTION('',(-5.47382212626882E-48,1.,-3.05311331771918E-16));
#2208=DIRECTION('',(-1.,3.73898545197895E-32,1.22464679914735E-16));
#2209=DIRECTION('center_axis',(0.,0.,1.));
#2210=DIRECTION('ref_axis',(1.,0.,0.));
#2211=CARTESIAN_POINT('',(0.,0.,0.));
#2212=CARTESIAN_POINT('',(0.,0.,0.));
#2213=CARTESIAN_POINT('Ctrl Pts',(11.22,0.,-8.81745695386094E-17));
#2214=CARTESIAN_POINT('Ctrl Pts',(11.22,1.85519313543566,0.207602339181286));
#2215=CARTESIAN_POINT('Ctrl Pts',(10.2820499796524,5.56375386372382,0.62280701754386));
#2216=CARTESIAN_POINT('Ctrl Pts',(6.39394677037982,9.78717245108313,1.24561403508772));
#2217=CARTESIAN_POINT('Ctrl Pts',(0.965509775718914,11.6506043101575,1.86842105263158));
#2218=CARTESIAN_POINT('Ctrl Pts',(-4.69612115609087,10.706001563603,2.49122807017544));
#2219=CARTESIAN_POINT('Ctrl Pts',(-9.22551651606578,7.18050661431949,3.1140350877193));
#2220=CARTESIAN_POINT('Ctrl Pts',(-11.5311886345914,1.92422341514447,3.73684210526316));
#2221=CARTESIAN_POINT('Ctrl Pts',(-11.0571843002973,-3.79594351783369,4.35964912280702));
#2222=CARTESIAN_POINT('Ctrl Pts',(-7.91784507329593,-8.60106660852828,4.98245614035088));
#2223=CARTESIAN_POINT('Ctrl Pts',(-2.86987617281203,-11.332892071076,5.60526315789473));
#2224=CARTESIAN_POINT('Ctrl Pts',(2.86987695270921,-11.3328901786596,6.2280701754386));
#2225=CARTESIAN_POINT('Ctrl Pts',(7.91784232988154,-8.60106948057566,6.85087719298245));
#2226=CARTESIAN_POINT('Ctrl Pts',(11.0571904273911,-3.79593817940643,7.47368421052632));
#2227=CARTESIAN_POINT('Ctrl Pts',(11.5311759520196,1.92421284682616,8.09649122807017));
#2228=CARTESIAN_POINT('Ctrl Pts',(9.22554231994351,7.18052788353697,8.71929824561404));
#2229=CARTESIAN_POINT('Ctrl Pts',(4.69606886444762,10.7059585802534,9.34210526315789));
#2230=CARTESIAN_POINT('Ctrl Pts',(-0.965403815735861,11.6506913010483,9.96491228070176));
#2231=CARTESIAN_POINT('Ctrl Pts',(-6.39416344747714,9.78699574611159,10.5877192982456));
#2232=CARTESIAN_POINT('Ctrl Pts',(-10.2815940336887,5.56412044197435,11.2105263157895));
#2233=CARTESIAN_POINT('Ctrl Pts',(-11.6906206873077,-1.10068721786279E-9,
11.8333333333333));
#2234=CARTESIAN_POINT('Ctrl Pts',(-10.2815940316394,-5.56412043920317,12.4561403508772));
#2235=CARTESIAN_POINT('Ctrl Pts',(-6.39416345263651,-9.78699575088706,13.0789473684211));
#2236=CARTESIAN_POINT('Ctrl Pts',(-0.965403804795581,-11.6506912917964,
13.7017543859649));
#2237=CARTESIAN_POINT('Ctrl Pts',(4.69606884206305,-10.705958598771,14.3245614035088));
#2238=CARTESIAN_POINT('Ctrl Pts',(9.22554236535995,-7.1805278461678,14.9473684210526));
#2239=CARTESIAN_POINT('Ctrl Pts',(11.5311758600609,-1.92421292239147,15.5701754385965));
#2240=CARTESIAN_POINT('Ctrl Pts',(11.0571906134955,3.79593833228513,16.1929824561403));
#2241=CARTESIAN_POINT('Ctrl Pts',(7.91784195329248,8.60106917124417,16.8157894736842));
#2242=CARTESIAN_POINT('Ctrl Pts',(2.86987771472863,11.3328908045728,17.4385964912281));
#2243=CARTESIAN_POINT('Ctrl Pts',(-2.86987771472982,11.3328908045699,18.0614035087719));
#2244=CARTESIAN_POINT('Ctrl Pts',(-7.91784195328828,8.60106917124858,18.6842105263158));
#2245=CARTESIAN_POINT('Ctrl Pts',(-11.0571906135049,3.79593833227695,19.3070175438596));
#2246=CARTESIAN_POINT('Ctrl Pts',(-11.5311758600415,-1.92421292237532,19.9298245614035));
#2247=CARTESIAN_POINT('Ctrl Pts',(-9.22554236539938,-7.18052784620032,20.5526315789474));
#2248=CARTESIAN_POINT('Ctrl Pts',(-4.69606884198315,-10.7059585987053,21.1754385964912));
#2249=CARTESIAN_POINT('Ctrl Pts',(0.965403804633852,-11.6506912919293,21.7982456140351));
#2250=CARTESIAN_POINT('Ctrl Pts',(6.39416345296379,-9.78699575061824,22.421052631579));
#2251=CARTESIAN_POINT('Ctrl Pts',(10.2815940309772,-5.56412043974714,23.0438596491228));
#2252=CARTESIAN_POINT('Ctrl Pts',(11.6906206886477,-1.14899584089049E-14,
23.6666666666666));
#2253=CARTESIAN_POINT('Ctrl Pts',(10.2815940309772,5.56412043974714,24.2894736842106));
#2254=CARTESIAN_POINT('Ctrl Pts',(6.3941634529638,9.78699575061824,24.9122807017544));
#2255=CARTESIAN_POINT('Ctrl Pts',(0.965403804633826,11.6506912919292,25.5350877192983));
#2256=CARTESIAN_POINT('Ctrl Pts',(-4.69606884198313,10.7059585987053,26.1578947368421));
#2257=CARTESIAN_POINT('Ctrl Pts',(-9.22554236539947,7.18052784620024,26.780701754386));
#2258=CARTESIAN_POINT('Ctrl Pts',(-11.5311758600414,1.92421292237543,27.4035087719298));
#2259=CARTESIAN_POINT('Ctrl Pts',(-11.0571906135051,-3.7959383322772,28.0263157894737));
#2260=CARTESIAN_POINT('Ctrl Pts',(-7.91784195328771,-8.60106917124809,28.6491228070175));
#2261=CARTESIAN_POINT('Ctrl Pts',(-2.86987771473099,-11.3328908045709,29.2719298245614));
#2262=CARTESIAN_POINT('Ctrl Pts',(2.86987771473097,-11.3328908045709,29.8947368421053));
#2263=CARTESIAN_POINT('Ctrl Pts',(7.9178419532877,-8.60106917124811,30.5175438596491));
#2264=CARTESIAN_POINT('Ctrl Pts',(11.0571906135051,-3.79593833227722,31.140350877193));
#2265=CARTESIAN_POINT('Ctrl Pts',(11.5311758600414,1.92421292237543,31.7631578947368));
#2266=CARTESIAN_POINT('Ctrl Pts',(9.22554236539946,7.18052784620024,32.3859649122807));
#2267=CARTESIAN_POINT('Ctrl Pts',(4.69606884198312,10.7059585987053,33.0087719298246));
#2268=CARTESIAN_POINT('Ctrl Pts',(-0.965403804633836,11.6506912919292,33.6315789473684));
#2269=CARTESIAN_POINT('Ctrl Pts',(-6.39416345296379,9.78699575061824,34.2543859649123));
#2270=CARTESIAN_POINT('Ctrl Pts',(-10.2815940309772,5.56412043974715,34.8771929824561));
#2271=CARTESIAN_POINT('Ctrl Pts',(-11.6906206886477,1.33041623682057E-14,
35.5));
#2272=CARTESIAN_POINT('Ctrl Pts',(-10.2815940309772,-5.56412043974715,36.1228070175438));
#2273=CARTESIAN_POINT('Ctrl Pts',(-6.3941634529638,-9.78699575061824,36.7456140350877));
#2274=CARTESIAN_POINT('Ctrl Pts',(-0.965403804633814,-11.6506912919292,
37.3684210526316));
#2275=CARTESIAN_POINT('Ctrl Pts',(4.69606884198313,-10.7059585987053,37.9912280701754));
#2276=CARTESIAN_POINT('Ctrl Pts',(9.22554236539946,-7.18052784620025,38.6140350877193));
#2277=CARTESIAN_POINT('Ctrl Pts',(11.5311758600414,-1.92421292237543,39.2368421052631));
#2278=CARTESIAN_POINT('Ctrl Pts',(11.0571906135051,3.79593833227719,39.859649122807));
#2279=CARTESIAN_POINT('Ctrl Pts',(7.91784195328771,8.60106917124811,40.4824561403509));
#2280=CARTESIAN_POINT('Ctrl Pts',(2.86987771473096,11.3328908045709,41.1052631578947));
#2281=CARTESIAN_POINT('Ctrl Pts',(-2.86987771473103,11.3328908045709,41.7280701754386));
#2282=CARTESIAN_POINT('Ctrl Pts',(-7.91784195328771,8.60106917124807,42.3508771929825));
#2283=CARTESIAN_POINT('Ctrl Pts',(-11.0571906135052,3.7959383322772,42.9736842105263));
#2284=CARTESIAN_POINT('Ctrl Pts',(-11.5311758600414,-1.92421292237545,43.5964912280702));
#2285=CARTESIAN_POINT('Ctrl Pts',(-9.22554236539944,-7.18052784620026,44.2192982456141));
#2286=CARTESIAN_POINT('Ctrl Pts',(-4.69606884198312,-10.7059585987053,44.8421052631579));
#2287=CARTESIAN_POINT('Ctrl Pts',(0.965403804633813,-11.6506912919292,45.4649122807018));
#2288=CARTESIAN_POINT('Ctrl Pts',(6.39416345296379,-9.78699575061826,46.0877192982456));
#2289=CARTESIAN_POINT('Ctrl Pts',(10.2815940309772,-5.56412043974713,46.7105263157895));
#2290=CARTESIAN_POINT('Ctrl Pts',(11.6906206886477,-2.53988554302108E-14,
47.3333333333333));
#2291=CARTESIAN_POINT('Ctrl Pts',(10.2815940309772,5.56412043974712,47.9561403508772));
#2292=CARTESIAN_POINT('Ctrl Pts',(6.39416345296381,9.78699575061822,48.578947368421));
#2293=CARTESIAN_POINT('Ctrl Pts',(0.965403804633865,11.6506912919293,49.2017543859649));
#2294=CARTESIAN_POINT('Ctrl Pts',(-4.69606884198312,10.7059585987053,49.8245614035088));
#2295=CARTESIAN_POINT('Ctrl Pts',(-9.22554236539936,7.18052784620036,50.4473684210527));
#2296=CARTESIAN_POINT('Ctrl Pts',(-11.5311758600415,1.92421292237536,51.0701754385964));
#2297=CARTESIAN_POINT('Ctrl Pts',(-11.0571906135049,-3.79593833227695,51.6929824561404));
#2298=CARTESIAN_POINT('Ctrl Pts',(-7.91784195328827,-8.6010691712486,52.3157894736842));
#2299=CARTESIAN_POINT('Ctrl Pts',(-2.86987771472978,-11.33289080457,52.9385964912281));
#2300=CARTESIAN_POINT('Ctrl Pts',(2.86987771472864,-11.3328908045728,53.561403508772));
#2301=CARTESIAN_POINT('Ctrl Pts',(7.91784195329248,-8.60106917124418,54.1842105263158));
#2302=CARTESIAN_POINT('Ctrl Pts',(11.0571906134955,-3.79593833228512,54.8070175438596));
#2303=CARTESIAN_POINT('Ctrl Pts',(11.5311758600609,1.9242129223915,55.4298245614035));
#2304=CARTESIAN_POINT('Ctrl Pts',(9.22554236535994,7.18052784616778,56.0526315789474));
#2305=CARTESIAN_POINT('Ctrl Pts',(4.69606884206308,10.705958598771,56.6754385964912));
#2306=CARTESIAN_POINT('Ctrl Pts',(-0.965403804795574,11.6506912917964,57.2982456140351));
#2307=CARTESIAN_POINT('Ctrl Pts',(-6.3941634526365,9.78699575088708,57.921052631579));
#2308=CARTESIAN_POINT('Ctrl Pts',(-10.2815940316394,5.56412043920319,58.5438596491228));
#2309=CARTESIAN_POINT('Ctrl Pts',(-11.6906206873077,1.10072833981864E-9,
59.1666666666667));
#2310=CARTESIAN_POINT('Ctrl Pts',(-10.2815940336887,-5.56412044197433,59.7894736842105));
#2311=CARTESIAN_POINT('Ctrl Pts',(-6.39416344747714,-9.78699574611159,60.4122807017544));
#2312=CARTESIAN_POINT('Ctrl Pts',(-0.965403815735899,-11.6506913010483,
61.0350877192982));
#2313=CARTESIAN_POINT('Ctrl Pts',(4.69606886444757,-10.7059585802534,61.6578947368422));
#2314=CARTESIAN_POINT('Ctrl Pts',(9.22554231994348,-7.18052788353701,62.2807017543859));
#2315=CARTESIAN_POINT('Ctrl Pts',(11.5311759520196,-1.92421284682617,62.9035087719299));
#2316=CARTESIAN_POINT('Ctrl Pts',(11.0571904273911,3.79593817940645,63.5263157894736));
#2317=CARTESIAN_POINT('Ctrl Pts',(7.91784232988153,8.60106948057569,64.1491228070176));
#2318=CARTESIAN_POINT('Ctrl Pts',(2.86987695270919,11.3328901786596,64.7719298245614));
#2319=CARTESIAN_POINT('Ctrl Pts',(-2.86987617281203,11.332892071076,65.3947368421053));
#2320=CARTESIAN_POINT('Ctrl Pts',(-7.91784507329594,8.60106660852827,66.0175438596492));
#2321=CARTESIAN_POINT('Ctrl Pts',(-11.0571843002973,3.79594351783368,66.640350877193));
#2322=CARTESIAN_POINT('Ctrl Pts',(-11.5311886345913,-1.92422341514447,67.2631578947368));
#2323=CARTESIAN_POINT('Ctrl Pts',(-9.2255165160658,-7.18050661431947,67.8859649122807));
#2324=CARTESIAN_POINT('Ctrl Pts',(-4.69612115609087,-10.706001563603,68.5087719298245));
#2325=CARTESIAN_POINT('Ctrl Pts',(0.96550977571891,-11.6506043101575,69.1315789473685));
#2326=CARTESIAN_POINT('Ctrl Pts',(6.39394677037981,-9.78717245108314,69.7543859649122));
#2327=CARTESIAN_POINT('Ctrl Pts',(10.2820499796524,-5.56375386372384,70.3771929824562));
#2328=CARTESIAN_POINT('Ctrl Pts',(11.22,-1.85519313543569,70.7923976608187));
#2329=CARTESIAN_POINT('Ctrl Pts',(11.22,-2.47329667555799E-14,71.));
#2330=CARTESIAN_POINT('Ctrl Pts',(11.22,0.,-0.215423496246157));
#2331=CARTESIAN_POINT('Ctrl Pts',(11.22,1.85551710079062,-0.0078211570648707));
#2332=CARTESIAN_POINT('Ctrl Pts',(10.2821089319001,5.56359116861312,0.407383521297703));
#2333=CARTESIAN_POINT('Ctrl Pts',(6.39396112513302,9.78729564514338,1.03019053884156));
#2334=CARTESIAN_POINT('Ctrl Pts',(0.965518127667334,11.6506057241018,1.65299755638542));
#2335=CARTESIAN_POINT('Ctrl Pts',(-4.69614112826537,10.7060626834384,2.27580457392928));
#2336=CARTESIAN_POINT('Ctrl Pts',(-9.2255500160782,7.18052325521724,2.89861159147314));
#2337=CARTESIAN_POINT('Ctrl Pts',(-11.5312325173772,1.92423574804999,3.521418609017));
#2338=CARTESIAN_POINT('Ctrl Pts',(-11.0572255515036,-3.79596029905473,4.14422562656086));
#2339=CARTESIAN_POINT('Ctrl Pts',(-7.91787495322914,-8.60109766876569,4.76703264410472));
#2340=CARTESIAN_POINT('Ctrl Pts',(-2.86988688381323,-11.3329352556077,5.38983966164858));
#2341=CARTESIAN_POINT('Ctrl Pts',(2.86988769848951,-11.3329324424433,6.01264667919244));
#2342=CARTESIAN_POINT('Ctrl Pts',(7.91787208747368,-8.60110193819677,6.6354536967363));
#2343=CARTESIAN_POINT('Ctrl Pts',(11.0572319518318,-3.79595236323551,7.25826071428016));
#2344=CARTESIAN_POINT('Ctrl Pts',(11.5312192692331,1.92422003774797,7.88106773182402));
#2345=CARTESIAN_POINT('Ctrl Pts',(9.22557697066584,7.18055487302049,8.50387474936788));
#2346=CARTESIAN_POINT('Ctrl Pts',(4.69608650470469,10.7059987847272,9.12668176691174));
#2347=CARTESIAN_POINT('Ctrl Pts',(-0.965407442456362,11.6507350675177,9.7494887844556));
#2348=CARTESIAN_POINT('Ctrl Pts',(-6.39418746482785,9.78703250558535,10.3722958019995));
#2349=CARTESIAN_POINT('Ctrl Pts',(-10.2816326532737,5.56414134286677,10.9951028195433));
#2350=CARTESIAN_POINT('Ctrl Pts',(-11.6906645992623,-1.63622510828233E-9,
11.6179098370872));
#2351=CARTESIAN_POINT('Ctrl Pts',(-10.281632651133,-5.56414133874729,12.240716854631));
#2352=CARTESIAN_POINT('Ctrl Pts',(-6.39418747021731,-9.78703251268432,12.8635238721749));
#2353=CARTESIAN_POINT('Ctrl Pts',(-0.965407431028207,-11.6507350537644,
13.4863308897188));
#2354=CARTESIAN_POINT('Ctrl Pts',(4.6960864813219,-10.7059988122544,14.1091379072626));
#2355=CARTESIAN_POINT('Ctrl Pts',(9.2255770181076,-7.18055481746951,14.7319449248065));
#2356=CARTESIAN_POINT('Ctrl Pts',(11.5312191731735,-1.92422015007929,15.3547519423503));
#2357=CARTESIAN_POINT('Ctrl Pts',(11.0572321462354,3.79595259049675,15.9775589598942));
#2358=CARTESIAN_POINT('Ctrl Pts',(7.91787169409083,8.60110147836123,16.600365977438));
#2359=CARTESIAN_POINT('Ctrl Pts',(2.86988849449077,11.3329333728922,17.2231729949819));
#2360=CARTESIAN_POINT('Ctrl Pts',(-2.86988849449201,11.3329333728879,17.8459800125258));
#2361=CARTESIAN_POINT('Ctrl Pts',(-7.91787169408645,8.60110147836777,18.4687870300696));
#2362=CARTESIAN_POINT('Ctrl Pts',(-11.0572321462452,3.79595259048461,19.0915940476135));
#2363=CARTESIAN_POINT('Ctrl Pts',(-11.5312191731533,-1.92422015005529,19.7144010651574));
#2364=CARTESIAN_POINT('Ctrl Pts',(-9.2255770181488,-7.18055481751783,20.3372080827012));
#2365=CARTESIAN_POINT('Ctrl Pts',(-4.69608648123842,-10.7059988121568,20.9600151002451));
#2366=CARTESIAN_POINT('Ctrl Pts',(0.965407430859259,-11.6507350539619,21.5828221177889));
#2367=CARTESIAN_POINT('Ctrl Pts',(6.39418747055919,-9.7870325122847,22.2056291353328));
#2368=CARTESIAN_POINT('Ctrl Pts',(10.2816326504412,-5.56414133955593,22.8284361528767));
#2369=CARTESIAN_POINT('Ctrl Pts',(11.6906646006621,-9.67575444960413E-15,
23.4512431704205));
#2370=CARTESIAN_POINT('Ctrl Pts',(10.2816326504412,5.56414133955591,24.0740501879644));
#2371=CARTESIAN_POINT('Ctrl Pts',(6.3941874705592,9.78703251228471,24.6968572055082));
#2372=CARTESIAN_POINT('Ctrl Pts',(0.96540743085924,11.6507350539619,25.3196642230521));
#2373=CARTESIAN_POINT('Ctrl Pts',(-4.69608648123842,10.7059988121569,25.942471240596));
#2374=CARTESIAN_POINT('Ctrl Pts',(-9.22557701814887,7.18055481751772,26.5652782581398));
#2375=CARTESIAN_POINT('Ctrl Pts',(-11.5312191731531,1.92422015005546,27.1880852756837));
#2376=CARTESIAN_POINT('Ctrl Pts',(-11.0572321462455,-3.79595259048497,27.8108922932275));
#2377=CARTESIAN_POINT('Ctrl Pts',(-7.91787169408585,-8.60110147836705,28.4336993107714));
#2378=CARTESIAN_POINT('Ctrl Pts',(-2.86988849449323,-11.3329333728894,29.0565063283152));
#2379=CARTESIAN_POINT('Ctrl Pts',(2.86988849449321,-11.3329333728894,29.6793133458591));
#2380=CARTESIAN_POINT('Ctrl Pts',(7.91787169408583,-8.60110147836707,30.302120363403));
#2381=CARTESIAN_POINT('Ctrl Pts',(11.0572321462455,-3.79595259048499,30.9249273809468));
#2382=CARTESIAN_POINT('Ctrl Pts',(11.5312191731532,1.92422015005544,31.5477343984907));
#2383=CARTESIAN_POINT('Ctrl Pts',(9.22557701814887,7.18055481751774,32.1705414160345));
#2384=CARTESIAN_POINT('Ctrl Pts',(4.6960864812384,10.7059988121569,32.7933484335784));
#2385=CARTESIAN_POINT('Ctrl Pts',(-0.965407430859243,11.6507350539619,33.4161554511223));
#2386=CARTESIAN_POINT('Ctrl Pts',(-6.39418747055919,9.7870325122847,34.0389624686661));
#2387=CARTESIAN_POINT('Ctrl Pts',(-10.2816326504412,5.56414133955593,34.6617694862099));
#2388=CARTESIAN_POINT('Ctrl Pts',(-11.6906646006621,1.20946930620052E-14,
35.2845765037539));
#2389=CARTESIAN_POINT('Ctrl Pts',(-10.2816326504412,-5.56414133955592,35.9073835212977));
#2390=CARTESIAN_POINT('Ctrl Pts',(-6.39418747055919,-9.78703251228471,36.5301905388416));
#2391=CARTESIAN_POINT('Ctrl Pts',(-0.965407430859229,-11.6507350539619,
37.1529975563854));
#2392=CARTESIAN_POINT('Ctrl Pts',(4.69608648123841,-10.7059988121568,37.7758045739293));
#2393=CARTESIAN_POINT('Ctrl Pts',(9.22557701814887,-7.18055481751774,38.3986115914731));
#2394=CARTESIAN_POINT('Ctrl Pts',(11.5312191731531,-1.92422015005545,39.021418609017));
#2395=CARTESIAN_POINT('Ctrl Pts',(11.0572321462455,3.79595259048496,39.6442256265609));
#2396=CARTESIAN_POINT('Ctrl Pts',(7.91787169408584,8.60110147836707,40.2670326441047));
#2397=CARTESIAN_POINT('Ctrl Pts',(2.8698884944932,11.3329333728894,40.8898396616486));
#2398=CARTESIAN_POINT('Ctrl Pts',(-2.86988849449327,11.3329333728893,41.5126466791925));
#2399=CARTESIAN_POINT('Ctrl Pts',(-7.91787169408585,8.60110147836705,42.1354536967363));
#2400=CARTESIAN_POINT('Ctrl Pts',(-11.0572321462455,3.79595259048496,42.7582607142802));
#2401=CARTESIAN_POINT('Ctrl Pts',(-11.5312191731531,-1.92422015005547,43.381067731824));
#2402=CARTESIAN_POINT('Ctrl Pts',(-9.22557701814885,-7.18055481751776,44.0038747493679));
#2403=CARTESIAN_POINT('Ctrl Pts',(-4.6960864812384,-10.7059988121568,44.6266817669117));
#2404=CARTESIAN_POINT('Ctrl Pts',(0.96540743085923,-11.6507350539619,45.2494887844556));
#2405=CARTESIAN_POINT('Ctrl Pts',(6.39418747055918,-9.78703251228471,45.8722958019994));
#2406=CARTESIAN_POINT('Ctrl Pts',(10.2816326504412,-5.56414133955592,46.4951028195433));
#2407=CARTESIAN_POINT('Ctrl Pts',(11.6906646006621,-2.41893861240103E-14,
47.1179098370872));
#2408=CARTESIAN_POINT('Ctrl Pts',(10.2816326504412,5.56414133955591,47.7407168546311));
#2409=CARTESIAN_POINT('Ctrl Pts',(6.3941874705592,9.78703251228468,48.3635238721749));
#2410=CARTESIAN_POINT('Ctrl Pts',(0.965407430859278,11.6507350539619,48.9863308897188));
#2411=CARTESIAN_POINT('Ctrl Pts',(-4.6960864812384,10.7059988121568,49.6091379072626));
#2412=CARTESIAN_POINT('Ctrl Pts',(-9.22557701814877,7.18055481751787,50.2319449248065));
#2413=CARTESIAN_POINT('Ctrl Pts',(-11.5312191731533,1.92422015005533,50.8547519423503));
#2414=CARTESIAN_POINT('Ctrl Pts',(-11.0572321462452,-3.79595259048461,51.4775589598942));
#2415=CARTESIAN_POINT('Ctrl Pts',(-7.91787169408643,-8.60110147836779,52.100365977438));
#2416=CARTESIAN_POINT('Ctrl Pts',(-2.86988849449198,-11.3329333728879,52.723172994982));
#2417=CARTESIAN_POINT('Ctrl Pts',(2.86988849449078,-11.3329333728922,53.3459800125258));
#2418=CARTESIAN_POINT('Ctrl Pts',(7.91787169409083,-8.60110147836124,53.9687870300696));
#2419=CARTESIAN_POINT('Ctrl Pts',(11.0572321462354,-3.79595259049674,54.5915940476135));
#2420=CARTESIAN_POINT('Ctrl Pts',(11.5312191731735,1.92422015007932,55.2144010651574));
#2421=CARTESIAN_POINT('Ctrl Pts',(9.22557701810759,7.1805548174695,55.8372080827012));
#2422=CARTESIAN_POINT('Ctrl Pts',(4.69608648132192,10.7059988122544,56.4600151002451));
#2423=CARTESIAN_POINT('Ctrl Pts',(-0.965407431028199,11.6507350537644,57.0828221177889));
#2424=CARTESIAN_POINT('Ctrl Pts',(-6.39418747021731,9.78703251268432,57.7056291353328));
#2425=CARTESIAN_POINT('Ctrl Pts',(-10.281632651133,5.56414133874731,58.3284361528767));
#2426=CARTESIAN_POINT('Ctrl Pts',(-11.6906645992623,1.63625836868742E-9,
58.9512431704205));
#2427=CARTESIAN_POINT('Ctrl Pts',(-10.2816326532737,-5.56414134286674,59.5740501879644));
#2428=CARTESIAN_POINT('Ctrl Pts',(-6.39418746482786,-9.78703250558535,60.1968572055082));
#2429=CARTESIAN_POINT('Ctrl Pts',(-0.9654074424564,-11.6507350675177,60.8196642230521));
#2430=CARTESIAN_POINT('Ctrl Pts',(4.69608650470464,-10.7059987847272,61.4424712405959));
#2431=CARTESIAN_POINT('Ctrl Pts',(9.22557697066582,-7.18055487302054,62.0652782581398));
#2432=CARTESIAN_POINT('Ctrl Pts',(11.5312192692331,-1.92422003774798,62.6880852756837));
#2433=CARTESIAN_POINT('Ctrl Pts',(11.0572319518318,3.79595236323553,63.3108922932275));
#2434=CARTESIAN_POINT('Ctrl Pts',(7.91787208747366,8.60110193819681,63.9336993107714));
#2435=CARTESIAN_POINT('Ctrl Pts',(2.86988769848949,11.3329324424433,64.5565063283152));
#2436=CARTESIAN_POINT('Ctrl Pts',(-2.86988688381324,11.3329352556077,65.1793133458591));
#2437=CARTESIAN_POINT('Ctrl Pts',(-7.91787495322914,8.60109766876568,65.802120363403));
#2438=CARTESIAN_POINT('Ctrl Pts',(-11.0572255515036,3.79596029905472,66.4249273809469));
#2439=CARTESIAN_POINT('Ctrl Pts',(-11.5312325173772,-1.92423574804999,67.0477343984907));
#2440=CARTESIAN_POINT('Ctrl Pts',(-9.22555001607822,-7.18052325521722,67.6705414160346));
#2441=CARTESIAN_POINT('Ctrl Pts',(-4.69614112826538,-10.7060626834384,68.2933484335784));
#2442=CARTESIAN_POINT('Ctrl Pts',(0.965518127667336,-11.6506057241018,68.9161554511222));
#2443=CARTESIAN_POINT('Ctrl Pts',(6.393961125133,-9.78729564514339,69.5389624686662));
#2444=CARTESIAN_POINT('Ctrl Pts',(10.2821089319001,-5.56359116861315,70.1617694862099));
#2445=CARTESIAN_POINT('Ctrl Pts',(11.22,-1.85551710079066,70.5769741645726));
#2446=CARTESIAN_POINT('Ctrl Pts',(11.22,-2.47329667555799E-14,70.7845765037539));
#2447=CARTESIAN_POINT('Ctrl Pts',(11.0137452462434,0.,-0.644903656650399));
#2448=CARTESIAN_POINT('Ctrl Pts',(11.0137452462434,1.82101256397751,-0.437301317469112));
#2449=CARTESIAN_POINT('Ctrl Pts',(10.09302334523,5.4615152737291,-0.0220966391065398));
#2450=CARTESIAN_POINT('Ctrl Pts',(6.27640486460949,9.60722777660903,0.600710378437321));
#2451=CARTESIAN_POINT('Ctrl Pts',(0.947759040853474,11.4364335176156,1.22351739598118));
#2452=CARTESIAN_POINT('Ctrl Pts',(-4.60978866470503,10.5091810069181,1.84632441352504));
#2453=CARTESIAN_POINT('Ctrl Pts',(-9.0559179474625,7.04850501147242,2.4691314310689));
#2454=CARTESIAN_POINT('Ctrl Pts',(-11.31920294363,1.88884791576636,3.09193844861276));
#2455=CARTESIAN_POINT('Ctrl Pts',(-10.8539127503667,-3.72615954903061,3.71474546615661));
#2456=CARTESIAN_POINT('Ctrl Pts',(-7.77228599681605,-8.44294774275264,4.33755248370048));
#2457=CARTESIAN_POINT('Ctrl Pts',(-2.81711733536872,-11.1245517874449,4.96035950124433));
#2458=CARTESIAN_POINT('Ctrl Pts',(2.81711809266612,-11.1245501485755,5.58316651878821));
#2459=CARTESIAN_POINT('Ctrl Pts',(7.77228333290007,-8.44295023000147,6.20597353633205));
#2460=CARTESIAN_POINT('Ctrl Pts',(10.8539186999101,-3.72615492584898,6.82878055387592));
#2461=CARTESIAN_POINT('Ctrl Pts',(11.3191906285726,1.8888387633994,7.45158757141977));
#2462=CARTESIAN_POINT('Ctrl Pts',(9.05594300359783,7.04852343099744,8.07439458896364));
#2463=CARTESIAN_POINT('Ctrl Pts',(4.6097378883642,10.5091437829717,8.69720160650749));
#2464=CARTESIAN_POINT('Ctrl Pts',(-0.947656151369042,11.4365088468985,9.32000862405136));
#2465=CARTESIAN_POINT('Ctrl Pts',(-6.27661526285786,9.607074855831,9.94281564159522));
#2466=CARTESIAN_POINT('Ctrl Pts',(-10.0925806116263,5.46183149295088,10.5656226591391));
#2467=CARTESIAN_POINT('Ctrl Pts',(-11.4757041856038,-9.53213601684422E-10,
11.1884296766829));
#2468=CARTESIAN_POINT('Ctrl Pts',(-10.0925806096364,-5.46183149055099,11.8112366942268));
#2469=CARTESIAN_POINT('Ctrl Pts',(-6.27661526786774,-9.60707485996665,12.4340437117707));
#2470=CARTESIAN_POINT('Ctrl Pts',(-0.947656140745779,-11.4365088388862,
13.0568507293145));
#2471=CARTESIAN_POINT('Ctrl Pts',(4.60973786662829,-10.5091437990083,13.6796577468584));
#2472=CARTESIAN_POINT('Ctrl Pts',(9.05594304769821,-7.04852339863502,14.3024647644022));
#2473=CARTESIAN_POINT('Ctrl Pts',(11.3191905392787,-1.88883882884042,14.9252717819461));
#2474=CARTESIAN_POINT('Ctrl Pts',(10.8539188806216,3.72615505824489,15.5480787994899));
#2475=CARTESIAN_POINT('Ctrl Pts',(7.77228296722376,8.44294996211442,16.1708858170338));
#2476=CARTESIAN_POINT('Ctrl Pts',(2.81711883260381,11.1245506906285,16.7936928345777));
#2477=CARTESIAN_POINT('Ctrl Pts',(-2.81711883260496,11.124550690626,17.4164998521215));
#2478=CARTESIAN_POINT('Ctrl Pts',(-7.77228296721971,8.44294996211821,18.0393068696654));
#2479=CARTESIAN_POINT('Ctrl Pts',(-10.8539188806307,3.72615505823782,18.6621138872093));
#2480=CARTESIAN_POINT('Ctrl Pts',(-11.3191905392599,-1.88883882882644,19.2849209047531));
#2481=CARTESIAN_POINT('Ctrl Pts',(-9.05594304773648,-7.04852339866318,19.9077279222969));
#2482=CARTESIAN_POINT('Ctrl Pts',(-4.60973786655071,-10.5091437989514,20.5305349398409));
#2483=CARTESIAN_POINT('Ctrl Pts',(0.947656140588745,-11.4365088390013,21.1533419573847));
#2484=CARTESIAN_POINT('Ctrl Pts',(6.27661526818552,-9.60707485973383,21.7761489749286));
#2485=CARTESIAN_POINT('Ctrl Pts',(10.0925806089934,-5.46183149102208,22.3989559924724));
#2486=CARTESIAN_POINT('Ctrl Pts',(11.475704186905,-9.67575444960413E-15,
23.0217630100163));
#2487=CARTESIAN_POINT('Ctrl Pts',(10.0925806089934,5.46183149102207,23.6445700275602));
#2488=CARTESIAN_POINT('Ctrl Pts',(6.27661526818553,9.60707485973384,24.2673770451039));
#2489=CARTESIAN_POINT('Ctrl Pts',(0.94765614058872,11.4365088390013,24.8901840626479));
#2490=CARTESIAN_POINT('Ctrl Pts',(-4.6097378665507,10.5091437989514,25.5129910801917));
#2491=CARTESIAN_POINT('Ctrl Pts',(-9.05594304773656,7.0485233986631,26.1357980977356));
#2492=CARTESIAN_POINT('Ctrl Pts',(-11.3191905392597,1.88883882882654,26.7586051152794));
#2493=CARTESIAN_POINT('Ctrl Pts',(-10.8539188806309,-3.72615505823803,27.3814121328233));
#2494=CARTESIAN_POINT('Ctrl Pts',(-7.77228296721913,-8.4429499621178,28.0042191503671));
#2495=CARTESIAN_POINT('Ctrl Pts',(-2.81711883260611,-11.1245506906268,28.627026167911));
#2496=CARTESIAN_POINT('Ctrl Pts',(2.81711883260608,-11.1245506906268,29.2498331854549));
#2497=CARTESIAN_POINT('Ctrl Pts',(7.77228296721912,-8.44294996211782,29.8726402029987));
#2498=CARTESIAN_POINT('Ctrl Pts',(10.8539188806309,-3.72615505823805,30.4954472205426));
#2499=CARTESIAN_POINT('Ctrl Pts',(11.3191905392597,1.88883882882652,31.1182542380864));
#2500=CARTESIAN_POINT('Ctrl Pts',(9.05594304773656,7.04852339866312,31.7410612556303));
#2501=CARTESIAN_POINT('Ctrl Pts',(4.60973786655068,10.5091437989514,32.3638682731742));
#2502=CARTESIAN_POINT('Ctrl Pts',(-0.947656140588729,11.4365088390013,32.986675290718));
#2503=CARTESIAN_POINT('Ctrl Pts',(-6.27661526818552,9.60707485973384,33.6094823082619));
#2504=CARTESIAN_POINT('Ctrl Pts',(-10.0925806089934,5.46183149102209,34.2322893258057));
#2505=CARTESIAN_POINT('Ctrl Pts',(-11.475704186905,1.3908897021306E-14,
34.8550963433496));
#2506=CARTESIAN_POINT('Ctrl Pts',(-10.0925806089934,-5.46183149102208,35.4779033608935));
#2507=CARTESIAN_POINT('Ctrl Pts',(-6.27661526818553,-9.60707485973384,36.1007103784373));
#2508=CARTESIAN_POINT('Ctrl Pts',(-0.947656140588704,-11.4365088390013,
36.7235173959812));
#2509=CARTESIAN_POINT('Ctrl Pts',(4.60973786655068,-10.5091437989514,37.346324413525));
#2510=CARTESIAN_POINT('Ctrl Pts',(9.05594304773657,-7.04852339866311,37.9691314310689));
#2511=CARTESIAN_POINT('Ctrl Pts',(11.3191905392597,-1.88883882882654,38.5919384486127));
#2512=CARTESIAN_POINT('Ctrl Pts',(10.8539188806309,3.72615505823803,39.2147454661566));
#2513=CARTESIAN_POINT('Ctrl Pts',(7.77228296721914,8.4429499621178,39.8375524837004));
#2514=CARTESIAN_POINT('Ctrl Pts',(2.81711883260606,11.1245506906268,40.4603595012443));
#2515=CARTESIAN_POINT('Ctrl Pts',(-2.81711883260613,11.1245506906268,41.0831665187882));
#2516=CARTESIAN_POINT('Ctrl Pts',(-7.77228296721915,8.44294996211779,41.705973536332));
#2517=CARTESIAN_POINT('Ctrl Pts',(-10.8539188806309,3.72615505823803,42.3287805538759));
#2518=CARTESIAN_POINT('Ctrl Pts',(-11.3191905392597,-1.88883882882655,42.9515875714198));
#2519=CARTESIAN_POINT('Ctrl Pts',(-9.05594304773656,-7.04852339866313,43.5743945889636));
#2520=CARTESIAN_POINT('Ctrl Pts',(-4.60973786655067,-10.5091437989514,44.1972016065075));
#2521=CARTESIAN_POINT('Ctrl Pts',(0.947656140588703,-11.4365088390013,44.8200086240514));
#2522=CARTESIAN_POINT('Ctrl Pts',(6.27661526818553,-9.60707485973385,45.4428156415952));
#2523=CARTESIAN_POINT('Ctrl Pts',(10.0925806089934,-5.46183149102207,46.0656226591391));
#2524=CARTESIAN_POINT('Ctrl Pts',(11.475704186905,-2.23751821647095E-14,
46.6884296766829));
#2525=CARTESIAN_POINT('Ctrl Pts',(10.0925806089934,5.46183149102206,47.3112366942268));
#2526=CARTESIAN_POINT('Ctrl Pts',(6.27661526818555,9.60707485973382,47.9340437117706));
#2527=CARTESIAN_POINT('Ctrl Pts',(0.947656140588748,11.4365088390013,48.5568507293146));
#2528=CARTESIAN_POINT('Ctrl Pts',(-4.60973786655067,10.5091437989514,49.1796577468583));
#2529=CARTESIAN_POINT('Ctrl Pts',(-9.05594304773647,7.04852339866322,49.8024647644022));
#2530=CARTESIAN_POINT('Ctrl Pts',(-11.3191905392599,1.88883882882648,50.4252717819461));
#2531=CARTESIAN_POINT('Ctrl Pts',(-10.8539188806307,-3.72615505823782,51.04807879949));
#2532=CARTESIAN_POINT('Ctrl Pts',(-7.77228296721968,-8.44294996211823,51.6708858170338));
#2533=CARTESIAN_POINT('Ctrl Pts',(-2.81711883260492,-11.124550690626,52.2936928345777));
#2534=CARTESIAN_POINT('Ctrl Pts',(2.81711883260382,-11.1245506906285,52.9164998521215));
#2535=CARTESIAN_POINT('Ctrl Pts',(7.77228296722377,-8.44294996211442,53.5393068696654));
#2536=CARTESIAN_POINT('Ctrl Pts',(10.8539188806216,-3.72615505824488,54.1621138872092));
#2537=CARTESIAN_POINT('Ctrl Pts',(11.3191905392787,1.88883882884044,54.7849209047532));
#2538=CARTESIAN_POINT('Ctrl Pts',(9.0559430476982,7.04852339863501,55.4077279222969));
#2539=CARTESIAN_POINT('Ctrl Pts',(4.60973786662831,10.5091437990083,56.0305349398408));
#2540=CARTESIAN_POINT('Ctrl Pts',(-0.94765614074577,11.4365088388862,56.6533419573847));
#2541=CARTESIAN_POINT('Ctrl Pts',(-6.27661526786774,9.60707485996666,57.2761489749286));
#2542=CARTESIAN_POINT('Ctrl Pts',(-10.0925806096364,5.461831490551,57.8989559924723));
#2543=CARTESIAN_POINT('Ctrl Pts',(-11.4757041856038,9.53258352048268E-10,
58.5217630100163));
#2544=CARTESIAN_POINT('Ctrl Pts',(-10.0925806116263,-5.46183149295086,59.1445700275601));
#2545=CARTESIAN_POINT('Ctrl Pts',(-6.27661526285788,-9.60707485583099,59.767377045104));
#2546=CARTESIAN_POINT('Ctrl Pts',(-0.947656151369072,-11.4365088468985,
60.3901840626478));
#2547=CARTESIAN_POINT('Ctrl Pts',(4.60973788836415,-10.5091437829717,61.0129910801917));
#2548=CARTESIAN_POINT('Ctrl Pts',(9.05594300359781,-7.04852343099747,61.6357980977356));
#2549=CARTESIAN_POINT('Ctrl Pts',(11.3191906285726,-1.88883876339941,62.2586051152794));
#2550=CARTESIAN_POINT('Ctrl Pts',(10.8539186999101,3.726154925849,62.8814121328233));
#2551=CARTESIAN_POINT('Ctrl Pts',(7.77228333290005,8.4429502300015,63.5042191503671));
#2552=CARTESIAN_POINT('Ctrl Pts',(2.8171180926661,11.1245501485755,64.127026167911));
#2553=CARTESIAN_POINT('Ctrl Pts',(-2.81711733536872,11.1245517874449,64.7498331854549));
#2554=CARTESIAN_POINT('Ctrl Pts',(-7.77228599681606,8.44294774275263,65.3726402029987));
#2555=CARTESIAN_POINT('Ctrl Pts',(-10.8539127503667,3.72615954903059,65.9954472205426));
#2556=CARTESIAN_POINT('Ctrl Pts',(-11.31920294363,-1.88884791576636,66.6182542380864));
#2557=CARTESIAN_POINT('Ctrl Pts',(-9.05591794746251,-7.0485050114724,67.2410612556304));
#2558=CARTESIAN_POINT('Ctrl Pts',(-4.60978866470504,-10.5091810069181,67.8638682731741));
#2559=CARTESIAN_POINT('Ctrl Pts',(0.947759040853477,-11.4364335176156,68.4866752907181));
#2560=CARTESIAN_POINT('Ctrl Pts',(6.27640486460947,-9.60722777660904,69.1094823082618));
#2561=CARTESIAN_POINT('Ctrl Pts',(10.0930233452299,-5.46151527372912,69.7322893258058));
#2562=CARTESIAN_POINT('Ctrl Pts',(11.0137452462434,-1.82101256397755,70.1474940041683));
#2563=CARTESIAN_POINT('Ctrl Pts',(11.0137452462434,-2.42783061523854E-14,
70.3550963433496));
#2564=CARTESIAN_POINT('Ctrl Pts',(10.3169415296799,0.,-0.802789122395594));
#2565=CARTESIAN_POINT('Ctrl Pts',(10.3169415296799,1.70586731838024,-0.595186783214307));
#2566=CARTESIAN_POINT('Ctrl Pts',(9.45448239480181,5.11595074748635,-0.179982104851735));
#2567=CARTESIAN_POINT('Ctrl Pts',(5.87932006094985,8.99943427219222,0.442824912692125));
#2568=CARTESIAN_POINT('Ctrl Pts',(0.887799076569267,10.7128879741677,1.06563193023598));
#2569=CARTESIAN_POINT('Ctrl Pts',(-4.31814634325879,9.84431154949276,1.68843894777984));
#2570=CARTESIAN_POINT('Ctrl Pts',(-8.48298622095183,6.60257240497752,2.3112459653237));
#2571=CARTESIAN_POINT('Ctrl Pts',(-10.603082622002,1.76934911960392,2.93405298286757));
#2572=CARTESIAN_POINT('Ctrl Pts',(-10.1672292985985,-3.49042092476515,3.55686000041142));
#2573=CARTESIAN_POINT('Ctrl Pts',(-7.28056475623947,-7.90879615650294,4.17966701795528));
#2574=CARTESIAN_POINT('Ctrl Pts',(-2.63888964079477,-10.420746270656,4.80247403549914));
#2575=CARTESIAN_POINT('Ctrl Pts',(2.63889035708076,-10.4207445527921,5.425281053043));
#2576=CARTESIAN_POINT('Ctrl Pts',(7.28056223658775,-7.90879876363875,6.04808807058686));
#2577=CARTESIAN_POINT('Ctrl Pts',(10.1672349259447,-3.49041607874314,6.67089508813072));
#2578=CARTESIAN_POINT('Ctrl Pts',(10.6030709738661,1.76933952608515,7.29370210567458));
#2579=CARTESIAN_POINT('Ctrl Pts',(8.48300992017317,6.60259171236427,7.91650912321844));
#2580=CARTESIAN_POINT('Ctrl Pts',(4.31809831670865,9.84427253088415,8.5393161407623));
#2581=CARTESIAN_POINT('Ctrl Pts',(-0.887701759060702,10.7129669405401,9.16212315830616));
#2582=CARTESIAN_POINT('Ctrl Pts',(-5.87951906508959,8.99927387721043,9.78493017585002));
#2583=CARTESIAN_POINT('Ctrl Pts',(-9.4540636374186,5.11628338680493,10.4077371933939));
#2584=CARTESIAN_POINT('Ctrl Pts',(-10.7496825469509,-9.99158619321064E-10,
11.0305442109377));
#2585=CARTESIAN_POINT('Ctrl Pts',(-9.45406363553646,-5.11628338428937,11.6533512284816));
#2586=CARTESIAN_POINT('Ctrl Pts',(-5.87951906982815,-8.9992738815454,12.2761582460254));
#2587=CARTESIAN_POINT('Ctrl Pts',(-0.887701749012749,-10.7129669321416,
12.8989652635693));
#2588=CARTESIAN_POINT('Ctrl Pts',(4.31809829614985,-9.8442725476937,13.5217722811132));
#2589=CARTESIAN_POINT('Ctrl Pts',(8.48300996188529,-6.60259167844196,14.144579298657));
#2590=CARTESIAN_POINT('Ctrl Pts',(10.6030708894079,-1.76933959468046,14.7673863162009));
#2591=CARTESIAN_POINT('Ctrl Pts',(10.1672350968697,3.49041621752062,15.3901933337447));
#2592=CARTESIAN_POINT('Ctrl Pts',(7.28056189071463,7.90879848283934,16.0130003512886));
#2593=CARTESIAN_POINT('Ctrl Pts',(2.63889105694715,10.4207451209724,16.6358073688325));
#2594=CARTESIAN_POINT('Ctrl Pts',(-2.63889105694824,10.4207451209698,17.2586143863763));
#2595=CARTESIAN_POINT('Ctrl Pts',(-7.28056189071079,7.90879848284334,17.8814214039202));
#2596=CARTESIAN_POINT('Ctrl Pts',(-10.1672350968783,3.49041621751321,18.504228421464));
#2597=CARTESIAN_POINT('Ctrl Pts',(-10.6030708893901,-1.76933959466581,19.1270354390079));
#2598=CARTESIAN_POINT('Ctrl Pts',(-8.48300996192151,-6.60259167847147,19.7498424565518));
#2599=CARTESIAN_POINT('Ctrl Pts',(-4.31809829607645,-9.84427254763409,20.3726494740956));
#2600=CARTESIAN_POINT('Ctrl Pts',(0.88770174886421,-10.7129669322622,20.9954564916395));
#2601=CARTESIAN_POINT('Ctrl Pts',(5.87951907012873,-8.99927388130138,21.6182635091834));
#2602=CARTESIAN_POINT('Ctrl Pts',(9.45406363492823,-5.11628338478317,22.2410705267272));
#2603=CARTESIAN_POINT('Ctrl Pts',(10.7496825481816,-1.11875910823548E-14,
22.8638775442711));
#2604=CARTESIAN_POINT('Ctrl Pts',(9.45406363492823,5.11628338478316,23.4866845618149));
#2605=CARTESIAN_POINT('Ctrl Pts',(5.87951907012874,8.99927388130138,24.1094915793588));
#2606=CARTESIAN_POINT('Ctrl Pts',(0.887701748864191,10.7129669322622,24.7322985969027));
#2607=CARTESIAN_POINT('Ctrl Pts',(-4.31809829607645,9.8442725476341,25.3551056144465));
#2608=CARTESIAN_POINT('Ctrl Pts',(-8.48300996192158,6.60259167847141,25.9779126319904));
#2609=CARTESIAN_POINT('Ctrl Pts',(-10.6030708893899,1.76933959466591,26.6007196495342));
#2610=CARTESIAN_POINT('Ctrl Pts',(-10.1672350968786,-3.49041621751343,27.2235266670781));
#2611=CARTESIAN_POINT('Ctrl Pts',(-7.28056189071026,-7.90879848284289,27.8463336846219));
#2612=CARTESIAN_POINT('Ctrl Pts',(-2.63889105694932,-10.4207451209706,28.4691407021658));
#2613=CARTESIAN_POINT('Ctrl Pts',(2.6388910569493,-10.4207451209706,29.0919477197096));
#2614=CARTESIAN_POINT('Ctrl Pts',(7.28056189071024,-7.90879848284292,29.7147547372535));
#2615=CARTESIAN_POINT('Ctrl Pts',(10.1672350968786,-3.49041621751344,30.3375617547974));
#2616=CARTESIAN_POINT('Ctrl Pts',(10.6030708893899,1.76933959466589,30.9603687723413));
#2617=CARTESIAN_POINT('Ctrl Pts',(8.48300996192158,6.60259167847142,31.5831757898851));
#2618=CARTESIAN_POINT('Ctrl Pts',(4.31809829607643,9.84427254763411,32.205982807429));
#2619=CARTESIAN_POINT('Ctrl Pts',(-0.887701748864193,10.7129669322622,32.8287898249728));
#2620=CARTESIAN_POINT('Ctrl Pts',(-5.87951907012873,8.99927388130138,33.4515968425167));
#2621=CARTESIAN_POINT('Ctrl Pts',(-9.45406363492821,5.11628338478317,34.0744038600605));
#2622=CARTESIAN_POINT('Ctrl Pts',(-10.7496825481816,1.57231009806067E-14,
34.6972108776044));
#2623=CARTESIAN_POINT('Ctrl Pts',(-9.45406363492822,-5.11628338478317,35.3200178951483));
#2624=CARTESIAN_POINT('Ctrl Pts',(-5.87951907012874,-8.99927388130138,35.9428249126921));
#2625=CARTESIAN_POINT('Ctrl Pts',(-0.887701748864176,-10.7129669322622,
36.565631930236));
#2626=CARTESIAN_POINT('Ctrl Pts',(4.31809829607644,-9.8442725476341,37.1884389477798));
#2627=CARTESIAN_POINT('Ctrl Pts',(8.48300996192158,-6.60259167847141,37.8112459653237));
#2628=CARTESIAN_POINT('Ctrl Pts',(10.6030708893899,-1.76933959466591,38.4340529828676));
#2629=CARTESIAN_POINT('Ctrl Pts',(10.1672350968786,3.49041621751342,39.0568600004114));
#2630=CARTESIAN_POINT('Ctrl Pts',(7.28056189071025,7.90879848284291,39.6796670179553));
#2631=CARTESIAN_POINT('Ctrl Pts',(2.63889105694929,10.4207451209707,40.3024740354991));
#2632=CARTESIAN_POINT('Ctrl Pts',(-2.63889105694935,10.4207451209706,40.925281053043));
#2633=CARTESIAN_POINT('Ctrl Pts',(-7.28056189071026,7.90879848284289,41.5480880705869));
#2634=CARTESIAN_POINT('Ctrl Pts',(-10.1672350968786,3.49041621751342,42.1708950881307));
#2635=CARTESIAN_POINT('Ctrl Pts',(-10.6030708893899,-1.76933959466592,42.7937021056746));
#2636=CARTESIAN_POINT('Ctrl Pts',(-8.48300996192155,-6.60259167847144,43.4165091232184));
#2637=CARTESIAN_POINT('Ctrl Pts',(-4.31809829607643,-9.84427254763409,44.0393161407623));
#2638=CARTESIAN_POINT('Ctrl Pts',(0.88770174886418,-10.7129669322622,44.6621231583062));
#2639=CARTESIAN_POINT('Ctrl Pts',(5.87951907012873,-8.99927388130138,45.28493017585));
#2640=CARTESIAN_POINT('Ctrl Pts',(9.45406363492824,-5.11628338478317,45.9077371933939));
#2641=CARTESIAN_POINT('Ctrl Pts',(10.7496825481816,-1.96538762257583E-14,
46.5305442109377));
#2642=CARTESIAN_POINT('Ctrl Pts',(9.45406363492825,5.11628338478315,47.1533512284816));
#2643=CARTESIAN_POINT('Ctrl Pts',(5.87951907012875,8.99927388130136,47.7761582460254));
#2644=CARTESIAN_POINT('Ctrl Pts',(0.887701748864221,10.7129669322622,48.3989652635693));
#2645=CARTESIAN_POINT('Ctrl Pts',(-4.31809829607643,9.84427254763409,49.0217722811131));
#2646=CARTESIAN_POINT('Ctrl Pts',(-8.48300996192148,6.60259167847151,49.6445792986571));
#2647=CARTESIAN_POINT('Ctrl Pts',(-10.6030708893901,1.76933959466585,50.2673863162008));
#2648=CARTESIAN_POINT('Ctrl Pts',(-10.1672350968783,-3.49041621751321,50.8901933337448));
#2649=CARTESIAN_POINT('Ctrl Pts',(-7.28056189071077,-7.90879848284335,51.5130003512886));
#2650=CARTESIAN_POINT('Ctrl Pts',(-2.63889105694821,-10.4207451209698,52.1358073688325));
#2651=CARTESIAN_POINT('Ctrl Pts',(2.63889105694716,-10.4207451209724,52.7586143863763));
#2652=CARTESIAN_POINT('Ctrl Pts',(7.28056189071464,-7.90879848283935,53.3814214039202));
#2653=CARTESIAN_POINT('Ctrl Pts',(10.1672350968697,-3.49041621752061,54.004228421464));
#2654=CARTESIAN_POINT('Ctrl Pts',(10.6030708894078,1.76933959468049,54.6270354390079));
#2655=CARTESIAN_POINT('Ctrl Pts',(8.48300996188529,6.60259167844195,55.2498424565517));
#2656=CARTESIAN_POINT('Ctrl Pts',(4.31809829614986,9.84427254769372,55.8726494740957));
#2657=CARTESIAN_POINT('Ctrl Pts',(-0.887701749012738,10.7129669321416,56.4954564916395));
#2658=CARTESIAN_POINT('Ctrl Pts',(-5.87951906982815,8.99927388154542,57.1182635091833));
#2659=CARTESIAN_POINT('Ctrl Pts',(-9.45406363553645,5.11628338428939,57.7410705267271));
#2660=CARTESIAN_POINT('Ctrl Pts',(-10.7496825469509,9.99201253113601E-10,
58.3638775442711));
#2661=CARTESIAN_POINT('Ctrl Pts',(-9.45406363741861,-5.11628338680493,58.9866845618149));
#2662=CARTESIAN_POINT('Ctrl Pts',(-5.8795190650896,-8.9992738772104,59.6094915793588));
#2663=CARTESIAN_POINT('Ctrl Pts',(-0.887701759060734,-10.7129669405401,
60.2322985969026));
#2664=CARTESIAN_POINT('Ctrl Pts',(4.3180983167086,-9.84427253088416,60.8551056144465));
#2665=CARTESIAN_POINT('Ctrl Pts',(8.48300992017315,-6.60259171236431,61.4779126319903));
#2666=CARTESIAN_POINT('Ctrl Pts',(10.6030709738661,-1.76933952608515,62.1007196495342));
#2667=CARTESIAN_POINT('Ctrl Pts',(10.1672349259447,3.49041607874316,62.7235266670781));
#2668=CARTESIAN_POINT('Ctrl Pts',(7.28056223658774,7.90879876363877,63.3463336846219));
#2669=CARTESIAN_POINT('Ctrl Pts',(2.63889035708074,10.4207445527921,63.9691407021658));
#2670=CARTESIAN_POINT('Ctrl Pts',(-2.63888964079477,10.420746270656,64.5919477197097));
#2671=CARTESIAN_POINT('Ctrl Pts',(-7.28056475623947,7.90879615650293,65.2147547372534));
#2672=CARTESIAN_POINT('Ctrl Pts',(-10.1672292985985,3.49042092476514,65.8375617547975));
#2673=CARTESIAN_POINT('Ctrl Pts',(-10.603082622002,-1.76934911960392,66.4603687723412));
#2674=CARTESIAN_POINT('Ctrl Pts',(-8.48298622095185,-6.60257240497751,67.0831757898851));
#2675=CARTESIAN_POINT('Ctrl Pts',(-4.31814634325879,-9.84431154949277,67.705982807429));
#2676=CARTESIAN_POINT('Ctrl Pts',(0.887799076569271,-10.7128879741677,68.3287898249728));
#2677=CARTESIAN_POINT('Ctrl Pts',(5.87932006094983,-8.99943427219224,68.9515968425167));
#2678=CARTESIAN_POINT('Ctrl Pts',(9.4544823948018,-5.11595074748637,69.5744038600606));
#2679=CARTESIAN_POINT('Ctrl Pts',(10.3169415296799,-1.70586731838028,69.9896085384231));
#2680=CARTESIAN_POINT('Ctrl Pts',(10.3169415296799,-2.27422969583631E-14,
70.1972108776044));
#2681=CARTESIAN_POINT('Ctrl Pts',(9.7563750960597,0.,-0.35789596461599));
#2682=CARTESIAN_POINT('Ctrl Pts',(9.7563750960597,1.61332190075693,-0.150293625434704));
#2683=CARTESIAN_POINT('Ctrl Pts',(8.94080315766168,4.83790646182315,0.26491105292787));
#2684=CARTESIAN_POINT('Ctrl Pts',(5.55987611544635,8.51050805577275,0.88771807047173));
#2685=CARTESIAN_POINT('Ctrl Pts',(0.839564572281368,10.1308085867314,1.51052508801559));
#2686=CARTESIAN_POINT('Ctrl Pts',(-4.08353054237799,9.30945206938625,2.13333210555945));
#2687=CARTESIAN_POINT('Ctrl Pts',(-8.02208163071363,6.24383186768507,2.75613912310331));
#2688=CARTESIAN_POINT('Ctrl Pts',(-10.0269880908614,1.67321773191419,3.37894614064717));
#2689=CARTESIAN_POINT('Ctrl Pts',(-9.61481550962475,-3.3007778168073,4.00175315819103));
#2690=CARTESIAN_POINT('Ctrl Pts',(-6.88499161383762,-7.47908885793111,4.62456017573489));
#2691=CARTESIAN_POINT('Ctrl Pts',(-2.49551144373472,-9.85455859781611,5.24736719327875));
#2692=CARTESIAN_POINT('Ctrl Pts',(2.49551213635938,-9.85455656935515,5.87017421082261));
#2693=CARTESIAN_POINT('Ctrl Pts',(6.88498917741846,-7.47909193644808,6.49298122836646));
#2694=CARTESIAN_POINT('Ctrl Pts',(9.61482095108078,-3.3007720946038,7.11578824591033));
#2695=CARTESIAN_POINT('Ctrl Pts',(10.0269768275024,1.67320640384281,7.73859526345419));
#2696=CARTESIAN_POINT('Ctrl Pts',(8.02210454707011,6.24385466598627,8.36140228099805));
#2697=CARTESIAN_POINT('Ctrl Pts',(4.08348410230607,9.30940599516991,8.9842092985419));
#2698=CARTESIAN_POINT('Ctrl Pts',(-0.839470469496905,10.1309018427509,9.60701631608577));
#2699=CARTESIAN_POINT('Ctrl Pts',(-5.56006854581109,8.51031845652578,10.2298233336296));
#2700=CARTESIAN_POINT('Ctrl Pts',(-8.94039823324105,4.83830157175292,10.8526303511735));
#2701=CARTESIAN_POINT('Ctrl Pts',(-10.1656225868272,-1.17981946852694E-9,
11.4754373687174));
#2702=CARTESIAN_POINT('Ctrl Pts',(-8.9403982314211,-4.83830156878252,12.0982443862612));
#2703=CARTESIAN_POINT('Ctrl Pts',(-5.56006855039312,-8.51031846164457,12.7210514038051));
#2704=CARTESIAN_POINT('Ctrl Pts',(-0.839470459780869,-10.1309018328339,
13.3438584213489));
#2705=CARTESIAN_POINT('Ctrl Pts',(4.08348408242639,-9.30940601501873,13.9666654388928));
#2706=CARTESIAN_POINT('Ctrl Pts',(8.02210458740433,-6.24385462593066,14.5894724564366));
#2707=CARTESIAN_POINT('Ctrl Pts',(10.0269767458342,-1.67320648484046,15.2122794739805));
#2708=CARTESIAN_POINT('Ctrl Pts',(9.61482111635957,3.30077225847284,15.8350864915244));
#2709=CARTESIAN_POINT('Ctrl Pts',(6.88498884297069,7.47909160487897,16.4578935090682));
#2710=CARTESIAN_POINT('Ctrl Pts',(2.49551281310684,9.85455724026486,17.0807005266121));
#2711=CARTESIAN_POINT('Ctrl Pts',(-2.49551281310789,9.85455724026176,17.7035075441559));
#2712=CARTESIAN_POINT('Ctrl Pts',(-6.88498884296697,7.47909160488368,18.3263145616998));
#2713=CARTESIAN_POINT('Ctrl Pts',(-9.61482111636788,3.30077225846409,18.9491215792436));
#2714=CARTESIAN_POINT('Ctrl Pts',(-10.026976745817,-1.67320648482316,19.5719285967875));
#2715=CARTESIAN_POINT('Ctrl Pts',(-8.02210458743934,-6.2438546259655,20.1947356143314));
#2716=CARTESIAN_POINT('Ctrl Pts',(-4.08348408235544,-9.30940601494832,20.8175426318752));
#2717=CARTESIAN_POINT('Ctrl Pts',(0.839470459637244,-10.1309018329763,21.4403496494191));
#2718=CARTESIAN_POINT('Ctrl Pts',(5.56006855068376,-8.5103184613564,22.063156666963));
#2719=CARTESIAN_POINT('Ctrl Pts',(8.94039823083295,-4.8383015693656,22.6859636845068));
#2720=CARTESIAN_POINT('Ctrl Pts',(10.1656225880172,-5.14024455135219E-15,
23.3087707020507));
#2721=CARTESIAN_POINT('Ctrl Pts',(8.94039823083296,4.83830156936559,23.9315777195945));
#2722=CARTESIAN_POINT('Ctrl Pts',(5.56006855068377,8.51031846135642,24.5543847371384));
#2723=CARTESIAN_POINT('Ctrl Pts',(0.839470459637217,10.1309018329763,25.1771917546823));
#2724=CARTESIAN_POINT('Ctrl Pts',(-4.08348408235542,9.30940601494836,25.7999987722261));
#2725=CARTESIAN_POINT('Ctrl Pts',(-8.02210458743942,6.24385462596543,26.42280578977));
#2726=CARTESIAN_POINT('Ctrl Pts',(-10.0269767458168,1.67320648482327,27.0456128073138));
#2727=CARTESIAN_POINT('Ctrl Pts',(-9.61482111636814,-3.30077225846434,27.6684198248577));
#2728=CARTESIAN_POINT('Ctrl Pts',(-6.88498884296646,-7.47909160488317,28.2912268424015));
#2729=CARTESIAN_POINT('Ctrl Pts',(-2.49551281310893,-9.85455724026279,28.9140338599454));
#2730=CARTESIAN_POINT('Ctrl Pts',(2.49551281310892,-9.85455724026278,29.5368408774893));
#2731=CARTESIAN_POINT('Ctrl Pts',(6.88498884296644,-7.47909160488318,30.1596478950331));
#2732=CARTESIAN_POINT('Ctrl Pts',(9.61482111636814,-3.30077225846436,30.782454912577));
#2733=CARTESIAN_POINT('Ctrl Pts',(10.0269767458169,1.67320648482326,31.4052619301209));
#2734=CARTESIAN_POINT('Ctrl Pts',(8.02210458743942,6.24385462596544,32.0280689476647));
#2735=CARTESIAN_POINT('Ctrl Pts',(4.08348408235541,9.30940601494834,32.6508759652086));
#2736=CARTESIAN_POINT('Ctrl Pts',(-0.839470459637226,10.1309018329763,33.2736829827525));
#2737=CARTESIAN_POINT('Ctrl Pts',(-5.56006855068377,8.51031846135641,33.8964900002963));
#2738=CARTESIAN_POINT('Ctrl Pts',(-8.94039823083294,4.83830156936561,34.5192970178401));
#2739=CARTESIAN_POINT('Ctrl Pts',(-10.1656225880173,8.16391781685351E-15,
35.1421040353841));
#2740=CARTESIAN_POINT('Ctrl Pts',(-8.94039823083295,-4.8383015693656,35.7649110529278));
#2741=CARTESIAN_POINT('Ctrl Pts',(-5.56006855068377,-8.51031846135642,36.3877180704718));
#2742=CARTESIAN_POINT('Ctrl Pts',(-0.839470459637208,-10.1309018329763,
37.0105250880156));
#2743=CARTESIAN_POINT('Ctrl Pts',(4.08348408235541,-9.30940601494834,37.6333321055595));
#2744=CARTESIAN_POINT('Ctrl Pts',(8.02210458743942,-6.24385462596544,38.2561391231033));
#2745=CARTESIAN_POINT('Ctrl Pts',(10.0269767458168,-1.67320648482327,38.8789461406471));
#2746=CARTESIAN_POINT('Ctrl Pts',(9.61482111636815,3.30077225846433,39.501753158191));
#2747=CARTESIAN_POINT('Ctrl Pts',(6.88498884296645,7.47909160488318,40.1245601757349));
#2748=CARTESIAN_POINT('Ctrl Pts',(2.4955128131089,9.85455724026279,40.7473671932787));
#2749=CARTESIAN_POINT('Ctrl Pts',(-2.49551281310896,9.85455724026279,41.3701742108227));
#2750=CARTESIAN_POINT('Ctrl Pts',(-6.88498884296646,7.47909160488315,41.9929812283664));
#2751=CARTESIAN_POINT('Ctrl Pts',(-9.61482111636815,3.30077225846435,42.6157882459104));
#2752=CARTESIAN_POINT('Ctrl Pts',(-10.0269767458168,-1.67320648482329,43.2385952634542));
#2753=CARTESIAN_POINT('Ctrl Pts',(-8.02210458743941,-6.24385462596545,43.861402280998));
#2754=CARTESIAN_POINT('Ctrl Pts',(-4.0834840823554,-9.30940601494835,44.4842092985419));
#2755=CARTESIAN_POINT('Ctrl Pts',(0.839470459637207,-10.1309018329763,45.1070163160858));
#2756=CARTESIAN_POINT('Ctrl Pts',(5.56006855068377,-8.51031846135642,45.7298233336296));
#2757=CARTESIAN_POINT('Ctrl Pts',(8.94039823083295,-4.83830156936559,46.3526303511735));
#2758=CARTESIAN_POINT('Ctrl Pts',(10.1656225880172,-2.02586108788586E-14,
46.9754373687173));
#2759=CARTESIAN_POINT('Ctrl Pts',(8.94039823083297,4.83830156936558,47.5982443862612));
#2760=CARTESIAN_POINT('Ctrl Pts',(5.56006855068379,8.51031846135639,48.221051403805));
#2761=CARTESIAN_POINT('Ctrl Pts',(0.839470459637249,10.1309018329763,48.8438584213489));
#2762=CARTESIAN_POINT('Ctrl Pts',(-4.0834840823554,9.30940601494833,49.4666654388928));
#2763=CARTESIAN_POINT('Ctrl Pts',(-8.02210458743933,6.24385462596554,50.0894724564367));
#2764=CARTESIAN_POINT('Ctrl Pts',(-10.026976745817,1.67320648482319,50.7122794739804));
#2765=CARTESIAN_POINT('Ctrl Pts',(-9.6148211163679,-3.30077225846408,51.3350864915244));
#2766=CARTESIAN_POINT('Ctrl Pts',(-6.88498884296695,-7.47909160488371,51.9578935090682));
#2767=CARTESIAN_POINT('Ctrl Pts',(-2.49551281310786,-9.85455724026176,52.580700526612));
#2768=CARTESIAN_POINT('Ctrl Pts',(2.49551281310684,-9.85455724026485,53.203507544156));
#2769=CARTESIAN_POINT('Ctrl Pts',(6.8849888429707,-7.47909160487897,53.8263145616998));
#2770=CARTESIAN_POINT('Ctrl Pts',(9.61482111635957,-3.30077225847283,54.4491215792436));
#2771=CARTESIAN_POINT('Ctrl Pts',(10.0269767458342,1.67320648484048,55.0719285967875));
#2772=CARTESIAN_POINT('Ctrl Pts',(8.02210458740432,6.24385462593065,55.6947356143313));
#2773=CARTESIAN_POINT('Ctrl Pts',(4.08348408242642,9.30940601501873,56.3175426318752));
#2774=CARTESIAN_POINT('Ctrl Pts',(-0.839470459780864,10.1309018328339,56.9403496494191));
#2775=CARTESIAN_POINT('Ctrl Pts',(-5.56006855039311,8.51031846164457,57.5631566669629));
#2776=CARTESIAN_POINT('Ctrl Pts',(-8.94039823142108,4.83830156878254,58.1859636845069));
#2777=CARTESIAN_POINT('Ctrl Pts',(-10.1656225868272,1.17985242656494E-9,
58.8087707020507));
#2778=CARTESIAN_POINT('Ctrl Pts',(-8.94039823324106,-4.8383015717529,59.4315777195945));
#2779=CARTESIAN_POINT('Ctrl Pts',(-5.5600685458111,-8.51031845652577,60.0543847371384));
#2780=CARTESIAN_POINT('Ctrl Pts',(-0.839470469496937,-10.1309018427509,
60.6771917546823));
#2781=CARTESIAN_POINT('Ctrl Pts',(4.08348410230602,-9.30940599516993,61.2999987722261));
#2782=CARTESIAN_POINT('Ctrl Pts',(8.02210454707009,-6.2438546659863,61.9228057897701));
#2783=CARTESIAN_POINT('Ctrl Pts',(10.0269768275024,-1.67320640384282,62.5456128073137));
#2784=CARTESIAN_POINT('Ctrl Pts',(9.61482095108078,3.30077209460381,63.1684198248578));
#2785=CARTESIAN_POINT('Ctrl Pts',(6.88498917741844,7.47909193644812,63.7912268424015));
#2786=CARTESIAN_POINT('Ctrl Pts',(2.49551213635936,9.85455656935514,64.4140338599454));
#2787=CARTESIAN_POINT('Ctrl Pts',(-2.49551144373472,9.85455859781613,65.0368408774893));
#2788=CARTESIAN_POINT('Ctrl Pts',(-6.88499161383763,7.4790888579311,65.6596478950331));
#2789=CARTESIAN_POINT('Ctrl Pts',(-9.61481550962476,3.30077781680729,66.282454912577));
#2790=CARTESIAN_POINT('Ctrl Pts',(-10.0269880908614,-1.67321773191419,66.9052619301208));
#2791=CARTESIAN_POINT('Ctrl Pts',(-8.02208163071365,-6.24383186768505,67.5280689476647));
#2792=CARTESIAN_POINT('Ctrl Pts',(-4.08353054237799,-9.30945206938626,68.1508759652085));
#2793=CARTESIAN_POINT('Ctrl Pts',(0.839564572281366,-10.1308085867314,68.7736829827524));
#2794=CARTESIAN_POINT('Ctrl Pts',(5.55987611544634,-8.51050805577276,69.3964900002963));
#2795=CARTESIAN_POINT('Ctrl Pts',(8.94080315766166,-4.83790646182316,70.0192970178402));
#2796=CARTESIAN_POINT('Ctrl Pts',(9.75637509605969,-1.61332190075696,70.4345016962027));
#2797=CARTESIAN_POINT('Ctrl Pts',(9.7563750960597,-2.15066043588068E-14,
70.642104035384));
#2798=CARTESIAN_POINT('Ctrl Pts',(9.75832586439361,0.,0.357100305410956));
#2799=CARTESIAN_POINT('Ctrl Pts',(9.75832586439361,1.61335808096074,0.564702644592243));
#2800=CARTESIAN_POINT('Ctrl Pts',(8.94253873744404,4.83901762188401,0.979907322954815));
#2801=CARTESIAN_POINT('Ctrl Pts',(5.56097511165694,8.51210080614154,1.60271434049868));
#2802=CARTESIAN_POINT('Ctrl Pts',(0.839725058084523,10.1328329723254,2.22552135804254));
#2803=CARTESIAN_POINT('Ctrl Pts',(-4.0843293800853,9.31125944355759,2.84832837558639));
#2804=CARTESIAN_POINT('Ctrl Pts',(-8.02365601485907,6.24506559846794,3.47113539313025));
#2805=CARTESIAN_POINT('Ctrl Pts',(-10.0289541733235,1.67354138570392,4.09394241067411));
#2806=CARTESIAN_POINT('Ctrl Pts',(-9.61670150541465,-3.30142296557158,4.71674942821797));
#2807=CARTESIAN_POINT('Ctrl Pts',(-6.88634183935087,-7.48055682859586,5.33955644576184));
#2808=CARTESIAN_POINT('Ctrl Pts',(-2.49600094740061,-9.85649082062362,5.96236346330569));
#2809=CARTESIAN_POINT('Ctrl Pts',(2.49600160941742,-9.85648960574095,6.58517048084956));
#2810=CARTESIAN_POINT('Ctrl Pts',(6.88633951059973,-7.4805586723764,7.2079774983934));
#2811=CARTESIAN_POINT('Ctrl Pts',(9.61670670640679,-3.30141953843883,7.83078451593727));
#2812=CARTESIAN_POINT('Ctrl Pts',(10.0289434077047,1.67353460111947,8.45359153348113));
#2813=CARTESIAN_POINT('Ctrl Pts',(8.02367791851672,6.2450792526981,9.07639855102498));
#2814=CARTESIAN_POINT('Ctrl Pts',(4.0842849922509,9.31123185027801,9.69920556856886));
#2815=CARTESIAN_POINT('Ctrl Pts',(-0.839635113804918,10.1328888053959,10.3220125861127));
#2816=CARTESIAN_POINT('Ctrl Pts',(-5.56115903831363,8.5119875811655,10.9448196036566));
#2817=CARTESIAN_POINT('Ctrl Pts',(-8.94215170707592,4.83925050343833,11.5676266212004));
#2818=CARTESIAN_POINT('Ctrl Pts',(-10.1676163632021,-7.06610369333174E-10,
12.1904336387443));
#2819=CARTESIAN_POINT('Ctrl Pts',(-8.9421517053364,-4.83925050165931,12.8132406562881));
#2820=CARTESIAN_POINT('Ctrl Pts',(-5.56115904269318,-8.51198758423122,13.436047673832));
#2821=CARTESIAN_POINT('Ctrl Pts',(-0.839635104518246,-10.1328887994564,
14.0588546913759));
#2822=CARTESIAN_POINT('Ctrl Pts',(4.08428497324973,-9.31123186216583,14.6816617089197));
#2823=CARTESIAN_POINT('Ctrl Pts',(8.02367795706853,-6.24507922870806,15.3044687264636));
#2824=CARTESIAN_POINT('Ctrl Pts',(10.0289433296454,-1.67353464963045,15.9272757440074));
#2825=CARTESIAN_POINT('Ctrl Pts',(9.61670686438173,3.30141963658302,16.5500827615513));
#2826=CARTESIAN_POINT('Ctrl Pts',(6.88633919093158,7.48055847379355,17.1728897790952));
#2827=CARTESIAN_POINT('Ctrl Pts',(2.49600225625867,9.85649000756114,17.795696796639));
#2828=CARTESIAN_POINT('Ctrl Pts',(-2.49600225625968,9.85649000755929,18.4185038141829));
#2829=CARTESIAN_POINT('Ctrl Pts',(-6.88633919092803,7.48055847379637,19.0413108317267));
#2830=CARTESIAN_POINT('Ctrl Pts',(-9.61670686438967,3.30141963657777,19.6641178492706));
#2831=CARTESIAN_POINT('Ctrl Pts',(-10.028943329629,-1.67353464962009,20.2869248668145));
#2832=CARTESIAN_POINT('Ctrl Pts',(-8.02367795710199,-6.24507922872893,20.9097318843583));
#2833=CARTESIAN_POINT('Ctrl Pts',(-4.0842849731819,-9.31123186212367,21.5325389019022));
#2834=CARTESIAN_POINT('Ctrl Pts',(0.839635104380958,-10.1328887995417,22.1553459194461));
#2835=CARTESIAN_POINT('Ctrl Pts',(5.56115904297099,-8.51198758405864,22.7781529369899));
#2836=CARTESIAN_POINT('Ctrl Pts',(8.94215170477424,-4.83925050200853,23.4009599545338));
#2837=CARTESIAN_POINT('Ctrl Pts',(10.1676163643396,-6.04734653100258E-15,
24.0237669720776));
#2838=CARTESIAN_POINT('Ctrl Pts',(8.94215170477424,4.83925050200851,24.6465739896215));
#2839=CARTESIAN_POINT('Ctrl Pts',(5.561159042971,8.51198758405865,25.2693810071653));
#2840=CARTESIAN_POINT('Ctrl Pts',(0.839635104380934,10.1328887995417,25.8921880247092));
#2841=CARTESIAN_POINT('Ctrl Pts',(-4.08428497318189,9.31123186212368,26.514995042253));
#2842=CARTESIAN_POINT('Ctrl Pts',(-8.02367795710208,6.24507922872888,27.1378020597969));
#2843=CARTESIAN_POINT('Ctrl Pts',(-10.0289433296289,1.67353464962016,27.7606090773408));
#2844=CARTESIAN_POINT('Ctrl Pts',(-9.61670686438992,-3.30141963657793,28.3834160948846));
#2845=CARTESIAN_POINT('Ctrl Pts',(-6.88633919092753,-7.48055847379605,29.0062231124285));
#2846=CARTESIAN_POINT('Ctrl Pts',(-2.49600225626068,-9.8564900075599,29.6290301299723));
#2847=CARTESIAN_POINT('Ctrl Pts',(2.49600225626066,-9.85649000755991,30.2518371475162));
#2848=CARTESIAN_POINT('Ctrl Pts',(6.88633919092752,-7.48055847379607,30.8746441650601));
#2849=CARTESIAN_POINT('Ctrl Pts',(9.61670686438992,-3.30141963657795,31.4974511826039));
#2850=CARTESIAN_POINT('Ctrl Pts',(10.0289433296289,1.67353464962015,32.1202582001478));
#2851=CARTESIAN_POINT('Ctrl Pts',(8.02367795710207,6.24507922872888,32.7430652176917));
#2852=CARTESIAN_POINT('Ctrl Pts',(4.08428497318187,9.31123186212369,33.3658722352355));
#2853=CARTESIAN_POINT('Ctrl Pts',(-0.83963510438094,10.1328887995417,33.9886792527794));
#2854=CARTESIAN_POINT('Ctrl Pts',(-5.56115904297099,8.51198758405865,34.6114862703232));
#2855=CARTESIAN_POINT('Ctrl Pts',(-8.94215170477423,4.83925050200853,35.2342932878671));
#2856=CARTESIAN_POINT('Ctrl Pts',(-10.1676163643396,1.36065296947558E-14,
35.857100305411));
#2857=CARTESIAN_POINT('Ctrl Pts',(-8.94215170477424,-4.83925050200852,36.4799073229548));
#2858=CARTESIAN_POINT('Ctrl Pts',(-5.56115904297099,-8.51198758405864,37.1027143404987));
#2859=CARTESIAN_POINT('Ctrl Pts',(-0.839635104380925,-10.1328887995417,
37.7255213580425));
#2860=CARTESIAN_POINT('Ctrl Pts',(4.08428497318189,-9.31123186212367,38.3483283755864));
#2861=CARTESIAN_POINT('Ctrl Pts',(8.02367795710207,-6.24507922872889,38.9711353931302));
#2862=CARTESIAN_POINT('Ctrl Pts',(10.0289433296289,-1.67353464962016,39.5939424106741));
#2863=CARTESIAN_POINT('Ctrl Pts',(9.61670686438993,3.30141963657792,40.216749428218));
#2864=CARTESIAN_POINT('Ctrl Pts',(6.88633919092753,7.48055847379607,40.8395564457619));
#2865=CARTESIAN_POINT('Ctrl Pts',(2.49600225626065,9.85649000755991,41.4623634633057));
#2866=CARTESIAN_POINT('Ctrl Pts',(-2.49600225626071,9.85649000755989,42.0851704808495));
#2867=CARTESIAN_POINT('Ctrl Pts',(-6.88633919092753,7.48055847379604,42.7079774983934));
#2868=CARTESIAN_POINT('Ctrl Pts',(-9.61670686438993,3.30141963657793,43.3307845159373));
#2869=CARTESIAN_POINT('Ctrl Pts',(-10.0289433296289,-1.67353464962018,43.9535915334811));
#2870=CARTESIAN_POINT('Ctrl Pts',(-8.02367795710205,-6.2450792287289,44.576398551025));
#2871=CARTESIAN_POINT('Ctrl Pts',(-4.08428497318188,-9.31123186212368,45.1992055685689));
#2872=CARTESIAN_POINT('Ctrl Pts',(0.839635104380927,-10.1328887995417,45.8220125861127));
#2873=CARTESIAN_POINT('Ctrl Pts',(5.56115904297099,-8.51198758405865,46.4448196036566));
#2874=CARTESIAN_POINT('Ctrl Pts',(8.94215170477424,-4.83925050200852,47.0676266212004));
#2875=CARTESIAN_POINT('Ctrl Pts',(10.1676163643396,-1.81420395930077E-14,
47.6904336387443));
#2876=CARTESIAN_POINT('Ctrl Pts',(8.94215170477425,4.8392505020085,48.3132406562881));
#2877=CARTESIAN_POINT('Ctrl Pts',(5.56115904297101,8.51198758405863,48.936047673832));
#2878=CARTESIAN_POINT('Ctrl Pts',(0.839635104380965,10.1328887995417,49.5588546913759));
#2879=CARTESIAN_POINT('Ctrl Pts',(-4.08428497318187,9.31123186212367,50.1816617089197));
#2880=CARTESIAN_POINT('Ctrl Pts',(-8.02367795710199,6.24507922872896,50.8044687264637));
#2881=CARTESIAN_POINT('Ctrl Pts',(-10.028943329629,1.67353464962013,51.4272757440074));
#2882=CARTESIAN_POINT('Ctrl Pts',(-9.61670686438969,-3.30141963657777,52.0500827615513));
#2883=CARTESIAN_POINT('Ctrl Pts',(-6.88633919092801,-7.48055847379639,52.6728897790951));
#2884=CARTESIAN_POINT('Ctrl Pts',(-2.49600225625964,-9.85649000755929,53.295696796639));
#2885=CARTESIAN_POINT('Ctrl Pts',(2.49600225625868,-9.85649000756114,53.9185038141828));
#2886=CARTESIAN_POINT('Ctrl Pts',(6.88633919093159,-7.48055847379355,54.5413108317268));
#2887=CARTESIAN_POINT('Ctrl Pts',(9.61670686438173,-3.30141963658301,55.1641178492706));
#2888=CARTESIAN_POINT('Ctrl Pts',(10.0289433296454,1.67353464963048,55.7869248668145));
#2889=CARTESIAN_POINT('Ctrl Pts',(8.02367795706852,6.24507922870805,56.4097318843583));
#2890=CARTESIAN_POINT('Ctrl Pts',(4.08428497324975,9.31123186216584,57.0325389019022));
#2891=CARTESIAN_POINT('Ctrl Pts',(-0.839635104518234,10.1328887994564,57.655345919446));
#2892=CARTESIAN_POINT('Ctrl Pts',(-5.56115904269317,8.51198758423122,58.2781529369899));
#2893=CARTESIAN_POINT('Ctrl Pts',(-8.94215170533638,4.83925050165932,58.9009599545337));
#2894=CARTESIAN_POINT('Ctrl Pts',(-10.1676163632021,7.0664423447339E-10,
59.5237669720777));
#2895=CARTESIAN_POINT('Ctrl Pts',(-8.94215170707593,-4.83925050343831,60.1465739896214));
#2896=CARTESIAN_POINT('Ctrl Pts',(-5.56115903831365,-8.51198758116549,60.7693810071653));
#2897=CARTESIAN_POINT('Ctrl Pts',(-0.839635113804941,-10.1328888053959,
61.3921880247092));
#2898=CARTESIAN_POINT('Ctrl Pts',(4.08428499225085,-9.31123185027804,62.0149950422531));
#2899=CARTESIAN_POINT('Ctrl Pts',(8.0236779185167,-6.24507925269813,62.6378020597969));
#2900=CARTESIAN_POINT('Ctrl Pts',(10.0289434077047,-1.67353460111948,63.2606090773408));
#2901=CARTESIAN_POINT('Ctrl Pts',(9.61670670640678,3.30141953843885,63.8834160948846));
#2902=CARTESIAN_POINT('Ctrl Pts',(6.88633951059972,7.48055867237642,64.5062231124286));
#2903=CARTESIAN_POINT('Ctrl Pts',(2.4960016094174,9.85648960574095,65.1290301299722));
#2904=CARTESIAN_POINT('Ctrl Pts',(-2.49600094740061,9.85649082062362,65.7518371475163));
#2905=CARTESIAN_POINT('Ctrl Pts',(-6.88634183935088,7.48055682859585,66.37464416506));
#2906=CARTESIAN_POINT('Ctrl Pts',(-9.61670150541465,3.30142296557157,66.997451182604));
#2907=CARTESIAN_POINT('Ctrl Pts',(-10.0289541733235,-1.67354138570392,67.6202582001478));
#2908=CARTESIAN_POINT('Ctrl Pts',(-8.02365601485909,-6.24506559846794,68.2430652176917));
#2909=CARTESIAN_POINT('Ctrl Pts',(-4.08432938008531,-9.31125944355759,68.8658722352355));
#2910=CARTESIAN_POINT('Ctrl Pts',(0.839725058084529,-10.1328329723254,69.4886792527795));
#2911=CARTESIAN_POINT('Ctrl Pts',(5.56097511165692,-8.51210080614154,70.1114862703232));
#2912=CARTESIAN_POINT('Ctrl Pts',(8.94253873744403,-4.83901762188403,70.7342932878672));
#2913=CARTESIAN_POINT('Ctrl Pts',(9.7583258643936,-1.61335808096077,71.1494979662297));
#2914=CARTESIAN_POINT('Ctrl Pts',(9.75832586439361,-2.15109045627596E-14,
71.357100305411));
#2915=CARTESIAN_POINT('Ctrl Pts',(10.3161726962985,0.,0.804863069235027));
#2916=CARTESIAN_POINT('Ctrl Pts',(10.3161726962985,1.70588323496089,1.01246540841631));
#2917=CARTESIAN_POINT('Ctrl Pts',(9.45380386227988,5.11549766475011,1.42767008677889));
#2918=CARTESIAN_POINT('Ctrl Pts',(5.8788882635763,8.99881801517194,2.05047710432274));
#2919=CARTESIAN_POINT('Ctrl Pts',(0.887736604132032,10.7120902585837,2.67328412186661));
#2920=CARTESIAN_POINT('Ctrl Pts',(-4.31783336706267,9.8436049233933,3.29609113941047));
#2921=CARTESIAN_POINT('Ctrl Pts',(-8.48236884781376,6.60208771919524,3.91889815695432));
#2922=CARTESIAN_POINT('Ctrl Pts',(-10.6023118405198,1.76922271049462,4.54170517449818));
#2923=CARTESIAN_POINT('Ctrl Pts',(-10.1664898356152,-3.49016822296228,5.16451219204205));
#2924=CARTESIAN_POINT('Ctrl Pts',(-7.28003539091342,-7.9082204956049,5.7873192095859));
#2925=CARTESIAN_POINT('Ctrl Pts',(-2.63869771615146,-10.4199887688421,6.41012622712976));
#2926=CARTESIAN_POINT('Ctrl Pts',(2.63869844774006,-10.4199866445688,7.03293324467363));
#2927=CARTESIAN_POINT('Ctrl Pts',(7.28003281743226,-7.90822371953261,7.65574026221748));
#2928=CARTESIAN_POINT('Ctrl Pts',(10.1664955831831,-3.49016223047611,8.27854727976135));
#2929=CARTESIAN_POINT('Ctrl Pts',(10.6022999435349,1.76921084735303,8.90135429730519));
#2930=CARTESIAN_POINT('Ctrl Pts',(8.48239305334143,6.60211159434957,9.52416131484906));
#2931=CARTESIAN_POINT('Ctrl Pts',(4.31778431448108,9.84355667294223,10.1469683323929));
#2932=CARTESIAN_POINT('Ctrl Pts',(-0.887637207547959,10.7121879189627,10.7697753499368));
#2933=CARTESIAN_POINT('Ctrl Pts',(-5.87909151920829,8.99861946871913,11.3925823674806));
#2934=CARTESIAN_POINT('Ctrl Pts',(-9.45337615863168,5.11591134234014,12.0153893850245));
#2935=CARTESIAN_POINT('Ctrl Pts',(-10.7489008535094,-1.23554244076956E-9,
12.6381964025684));
#2936=CARTESIAN_POINT('Ctrl Pts',(-9.45337615670934,-5.11591133922945,13.2610034201122));
#2937=CARTESIAN_POINT('Ctrl Pts',(-5.87909152404809,-8.99861947407969,13.8838104376561));
#2938=CARTESIAN_POINT('Ctrl Pts',(-0.887637197285336,-10.7121879085773,
14.5066174551999));
#2939=CARTESIAN_POINT('Ctrl Pts',(4.31778429348306,-9.84355669372857,15.1294244727438));
#2940=CARTESIAN_POINT('Ctrl Pts',(8.48239309594469,-6.60211155240198,15.7522314902876));
#2941=CARTESIAN_POINT('Ctrl Pts',(10.6022998572724,-1.76921093217651,16.3750385078315));
#2942=CARTESIAN_POINT('Ctrl Pts',(10.1664957577598,3.49016240208534,16.9978455253754));
#2943=CARTESIAN_POINT('Ctrl Pts',(7.28003246416998,7.90822337230215,17.6206525429192));
#2944=CARTESIAN_POINT('Ctrl Pts',(2.63869916255829,10.4199873471683,18.2434595604631));
#2945=CARTESIAN_POINT('Ctrl Pts',(-2.6386991625594,10.419987347165,18.866266578007));
#2946=CARTESIAN_POINT('Ctrl Pts',(-7.28003246416605,7.90822337230708,19.4890735955508));
#2947=CARTESIAN_POINT('Ctrl Pts',(-10.1664957577685,3.49016240207617,20.1118806130947));
#2948=CARTESIAN_POINT('Ctrl Pts',(-10.6022998572542,-1.76921093215839,20.7346876306385));
#2949=CARTESIAN_POINT('Ctrl Pts',(-8.48239309598167,-6.60211155243847,21.3574946481824));
#2950=CARTESIAN_POINT('Ctrl Pts',(-4.31778429340811,-9.84355669365484,21.9803016657262));
#2951=CARTESIAN_POINT('Ctrl Pts',(0.88763719713363,-10.7121879087264,22.6031086832701));
#2952=CARTESIAN_POINT('Ctrl Pts',(5.87909152435508,-8.99861947377791,23.225915700814));
#2953=CARTESIAN_POINT('Ctrl Pts',(9.4533761560881,-5.11591133984008,23.8487227183578));
#2954=CARTESIAN_POINT('Ctrl Pts',(10.7489008547665,-4.83787722480207E-15,
24.4715297359017));
#2955=CARTESIAN_POINT('Ctrl Pts',(9.45337615608811,5.11591133984006,25.0943367534455));
#2956=CARTESIAN_POINT('Ctrl Pts',(5.87909152435509,8.99861947377793,25.7171437709894));
#2957=CARTESIAN_POINT('Ctrl Pts',(0.887637197133607,10.7121879087264,26.3399507885333));
#2958=CARTESIAN_POINT('Ctrl Pts',(-4.3177842934081,9.84355669365488,26.9627578060771));
#2959=CARTESIAN_POINT('Ctrl Pts',(-8.48239309598174,6.60211155243838,27.585564823621));
#2960=CARTESIAN_POINT('Ctrl Pts',(-10.6022998572541,1.76921093215852,28.2083718411648));
#2961=CARTESIAN_POINT('Ctrl Pts',(-10.1664957577688,-3.49016240207644,28.8311788587087));
#2962=CARTESIAN_POINT('Ctrl Pts',(-7.28003246416551,-7.90822337230654,29.4539858762526));
#2963=CARTESIAN_POINT('Ctrl Pts',(-2.6386991625605,-10.4199873471661,30.0767928937964));
#2964=CARTESIAN_POINT('Ctrl Pts',(2.63869916256049,-10.4199873471661,30.6995999113403));
#2965=CARTESIAN_POINT('Ctrl Pts',(7.28003246416549,-7.90822337230656,31.3224069288841));
#2966=CARTESIAN_POINT('Ctrl Pts',(10.1664957577688,-3.49016240207646,31.945213946428));
#2967=CARTESIAN_POINT('Ctrl Pts',(10.6022998572541,1.76921093215851,32.5680209639719));
#2968=CARTESIAN_POINT('Ctrl Pts',(8.48239309598174,6.6021115524384,33.1908279815157));
#2969=CARTESIAN_POINT('Ctrl Pts',(4.31778429340808,9.84355669365488,33.8136349990596));
#2970=CARTESIAN_POINT('Ctrl Pts',(-0.887637197133612,10.7121879087264,34.4364420166034));
#2971=CARTESIAN_POINT('Ctrl Pts',(-5.87909152435509,8.99861947377793,35.0592490341473));
#2972=CARTESIAN_POINT('Ctrl Pts',(-9.45337615608809,5.11591133984007,35.6820560516911));
#2973=CARTESIAN_POINT('Ctrl Pts',(-10.7489008547665,1.45136316744062E-14,
36.304863069235));
#2974=CARTESIAN_POINT('Ctrl Pts',(-9.4533761560881,-5.11591133984007,36.9276700867789));
#2975=CARTESIAN_POINT('Ctrl Pts',(-5.87909152435509,-8.99861947377792,37.5504771043228));
#2976=CARTESIAN_POINT('Ctrl Pts',(-0.887637197133596,-10.7121879087264,
38.1732841218666));
#2977=CARTESIAN_POINT('Ctrl Pts',(4.31778429340809,-9.84355669365486,38.7960911394104));
#2978=CARTESIAN_POINT('Ctrl Pts',(8.48239309598174,-6.6021115524384,39.4188981569543));
#2979=CARTESIAN_POINT('Ctrl Pts',(10.6022998572541,-1.76921093215852,40.0417051744982));
#2980=CARTESIAN_POINT('Ctrl Pts',(10.1664957577688,3.49016240207644,40.664512192042));
#2981=CARTESIAN_POINT('Ctrl Pts',(7.2800324641655,7.90822337230655,41.2873192095859));
#2982=CARTESIAN_POINT('Ctrl Pts',(2.63869916256048,10.4199873471661,41.9101262271297));
#2983=CARTESIAN_POINT('Ctrl Pts',(-2.63869916256054,10.4199873471661,42.5329332446737));
#2984=CARTESIAN_POINT('Ctrl Pts',(-7.2800324641655,7.90822337230654,43.1557402622175));
#2985=CARTESIAN_POINT('Ctrl Pts',(-10.1664957577688,3.49016240207644,43.7785472797613));
#2986=CARTESIAN_POINT('Ctrl Pts',(-10.6022998572541,-1.76921093215852,44.4013542973052));
#2987=CARTESIAN_POINT('Ctrl Pts',(-8.48239309598173,-6.60211155243841,45.0241613148491));
#2988=CARTESIAN_POINT('Ctrl Pts',(-4.31778429340808,-9.84355669365486,45.6469683323929));
#2989=CARTESIAN_POINT('Ctrl Pts',(0.887637197133596,-10.7121879087264,46.2697753499368));
#2990=CARTESIAN_POINT('Ctrl Pts',(5.87909152435508,-8.99861947377792,46.8925823674806));
#2991=CARTESIAN_POINT('Ctrl Pts',(9.4533761560881,-5.11591133984007,47.5153893850245));
#2992=CARTESIAN_POINT('Ctrl Pts',(10.7489008547665,-1.63278356337069E-14,
48.1381964025683));
#2993=CARTESIAN_POINT('Ctrl Pts',(9.45337615608812,5.11591133984005,48.7610034201122));
#2994=CARTESIAN_POINT('Ctrl Pts',(5.87909152435511,8.9986194737779,49.3838104376561));
#2995=CARTESIAN_POINT('Ctrl Pts',(0.887637197133637,10.7121879087264,50.0066174551999));
#2996=CARTESIAN_POINT('Ctrl Pts',(-4.31778429340808,9.84355669365485,50.6294244727438));
#2997=CARTESIAN_POINT('Ctrl Pts',(-8.48239309598164,6.60211155243851,51.2522314902876));
#2998=CARTESIAN_POINT('Ctrl Pts',(-10.6022998572542,1.76921093215843,51.8750385078315));
#2999=CARTESIAN_POINT('Ctrl Pts',(-10.1664957577685,-3.49016240207617,52.4978455253753));
#3000=CARTESIAN_POINT('Ctrl Pts',(-7.28003246416603,-7.9082233723071,53.1206525429192));
#3001=CARTESIAN_POINT('Ctrl Pts',(-2.63869916255937,-10.419987347165,53.7434595604631));
#3002=CARTESIAN_POINT('Ctrl Pts',(2.6386991625583,-10.4199873471683,54.366266578007));
#3003=CARTESIAN_POINT('Ctrl Pts',(7.28003246416998,-7.90822337230215,54.9890735955508));
#3004=CARTESIAN_POINT('Ctrl Pts',(10.1664957577598,-3.49016240208533,55.6118806130946));
#3005=CARTESIAN_POINT('Ctrl Pts',(10.6022998572724,1.76921093217654,56.2346876306386));
#3006=CARTESIAN_POINT('Ctrl Pts',(8.48239309594467,6.60211155240197,56.8574946481823));
#3007=CARTESIAN_POINT('Ctrl Pts',(4.31778429348308,9.84355669372857,57.4803016657263));
#3008=CARTESIAN_POINT('Ctrl Pts',(-0.887637197285333,10.7121879085773,58.1031086832701));
#3009=CARTESIAN_POINT('Ctrl Pts',(-5.87909152404808,8.99861947407969,58.725915700814));
#3010=CARTESIAN_POINT('Ctrl Pts',(-9.45337615670932,5.11591133922947,59.3487227183578));
#3011=CARTESIAN_POINT('Ctrl Pts',(-10.7489008535094,1.23558084141941E-9,
59.9715297359018));
#3012=CARTESIAN_POINT('Ctrl Pts',(-9.45337615863169,-5.11591134234013,60.5943367534455));
#3013=CARTESIAN_POINT('Ctrl Pts',(-5.8790915192083,-8.99861946871912,61.2171437709894));
#3014=CARTESIAN_POINT('Ctrl Pts',(-0.887637207547987,-10.7121879189626,
61.8399507885333));
#3015=CARTESIAN_POINT('Ctrl Pts',(4.31778431448102,-9.84355667294225,62.4627578060771));
#3016=CARTESIAN_POINT('Ctrl Pts',(8.48239305334141,-6.6021115943496,63.085564823621));
#3017=CARTESIAN_POINT('Ctrl Pts',(10.6022999435349,-1.76921084735304,63.7083718411649));
#3018=CARTESIAN_POINT('Ctrl Pts',(10.1664955831831,3.49016223047613,64.3311788587086));
#3019=CARTESIAN_POINT('Ctrl Pts',(7.28003281743225,7.90822371953263,64.9539858762526));
#3020=CARTESIAN_POINT('Ctrl Pts',(2.63869844774004,10.4199866445688,65.5767928937964));
#3021=CARTESIAN_POINT('Ctrl Pts',(-2.63869771615146,10.4199887688422,66.1995999113404));
#3022=CARTESIAN_POINT('Ctrl Pts',(-7.28003539091342,7.90822049560489,66.822406928884));
#3023=CARTESIAN_POINT('Ctrl Pts',(-10.1664898356153,3.49016822296227,67.4452139464281));
#3024=CARTESIAN_POINT('Ctrl Pts',(-10.6023118405198,-1.76922271049462,68.0680209639718));
#3025=CARTESIAN_POINT('Ctrl Pts',(-8.48236884781379,-6.60208771919522,68.6908279815158));
#3026=CARTESIAN_POINT('Ctrl Pts',(-4.31783336706267,-9.84360492339331,69.3136349990595));
#3027=CARTESIAN_POINT('Ctrl Pts',(0.887736604132031,-10.7120902585837,69.9364420166034));
#3028=CARTESIAN_POINT('Ctrl Pts',(5.87888826357629,-8.99881801517195,70.5592490341473));
#3029=CARTESIAN_POINT('Ctrl Pts',(9.45380386227986,-5.11549766475014,71.1820560516911));
#3030=CARTESIAN_POINT('Ctrl Pts',(10.3161726962985,-1.70588323496092,71.5972607300537));
#3031=CARTESIAN_POINT('Ctrl Pts',(10.3161726962985,-2.27406021695518E-14,
71.804863069235));
#3032=CARTESIAN_POINT('Ctrl Pts',(11.0138256369788,0.,0.643394113041798));
#3033=CARTESIAN_POINT('Ctrl Pts',(11.0138256369788,1.82095076716546,0.850996452223085));
#3034=CARTESIAN_POINT('Ctrl Pts',(10.0930833515599,5.46159284746314,1.26620113058566));
#3035=CARTESIAN_POINT('Ctrl Pts',(6.27644734975006,9.60726934710245,1.88900814812952));
#3036=CARTESIAN_POINT('Ctrl Pts',(0.94776402285525,11.4365166658831,2.51181516567337));
#3037=CARTESIAN_POINT('Ctrl Pts',(-4.60981768299612,10.5092435484331,3.13462218321724));
#3038=CARTESIAN_POINT('Ctrl Pts',(-9.0559762831408,7.04855260238865,3.75742920076109));
#3039=CARTESIAN_POINT('Ctrl Pts',(-11.3192753927981,1.88885884419089,4.38023621830497));
#3040=CARTESIAN_POINT('Ctrl Pts',(-10.8539824132691,-3.72618285719823,5.00304323584881));
#3041=CARTESIAN_POINT('Ctrl Pts',(-7.77233580216167,-8.44300216977349,5.62585025339268));
#3042=CARTESIAN_POINT('Ctrl Pts',(-2.8171354152751,-11.1246229776705,6.24865727093653));
#3043=CARTESIAN_POINT('Ctrl Pts',(2.81713616451693,-11.1246215521999,6.8714642884804));
#3044=CARTESIAN_POINT('Ctrl Pts',(7.77233316658243,-8.44300433315522,7.49427130602425));
#3045=CARTESIAN_POINT('Ctrl Pts',(10.8539882995258,-3.72617883600576,8.11707832356812));
#3046=CARTESIAN_POINT('Ctrl Pts',(11.3192632087391,1.88885088356494,8.73988534111198));
#3047=CARTESIAN_POINT('Ctrl Pts',(9.05600107274774,7.04856862345527,9.36269235865583));
#3048=CARTESIAN_POINT('Ctrl Pts',(4.60976744677597,10.5092111719727,9.9854993761997));
#3049=CARTESIAN_POINT('Ctrl Pts',(-0.947662227832064,11.4365821792572,10.6083063937436));
#3050=CARTESIAN_POINT('Ctrl Pts',(-6.2766555099395,9.60713645899687,11.2311134112874));
#3051=CARTESIAN_POINT('Ctrl Pts',(-10.0926453274247,5.46186651515355,11.8539204288313));
#3052=CARTESIAN_POINT('Ctrl Pts',(-11.4757777703338,-8.29097256747408E-10,
12.4767274463751));
#3053=CARTESIAN_POINT('Ctrl Pts',(-10.092645325456,-5.46186651306615,13.099534463919));
#3054=CARTESIAN_POINT('Ctrl Pts',(-6.27665551489607,-9.60713646259401,13.7223414814629));
#3055=CARTESIAN_POINT('Ctrl Pts',(-0.947662217321815,-11.4365821722882,
14.3451484990067));
#3056=CARTESIAN_POINT('Ctrl Pts',(4.60976742527127,-10.5092111859212,14.9679555165506));
#3057=CARTESIAN_POINT('Ctrl Pts',(9.056001116379,-7.0485685953068,15.5907625340944));
#3058=CARTESIAN_POINT('Ctrl Pts',(11.319263120395,-1.88885094048482,16.2135695516383));
#3059=CARTESIAN_POINT('Ctrl Pts',(10.8539884783149,3.72617895116228,16.8363765691821));
#3060=CARTESIAN_POINT('Ctrl Pts',(7.77233280479592,8.44300410014998,17.459183586726));
#3061=CARTESIAN_POINT('Ctrl Pts',(2.81713689658372,11.1246220236717,18.0819906042699));
#3062=CARTESIAN_POINT('Ctrl Pts',(-2.81713689658486,11.1246220236695,18.7047976218137));
#3063=CARTESIAN_POINT('Ctrl Pts',(-7.7723328047919,8.44300410015329,19.3276046393576));
#3064=CARTESIAN_POINT('Ctrl Pts',(-10.8539884783239,3.72617895115613,19.9504116569015));
#3065=CARTESIAN_POINT('Ctrl Pts',(-11.3192631203764,-1.88885094047266,20.5732186744453));
#3066=CARTESIAN_POINT('Ctrl Pts',(-9.05600111641688,-7.04856859533129,21.1960256919892));
#3067=CARTESIAN_POINT('Ctrl Pts',(-4.60976742519451,-10.5092111858717,21.8188327095331));
#3068=CARTESIAN_POINT('Ctrl Pts',(0.947662217166439,-11.4365821723883,22.4416397270769));
#3069=CARTESIAN_POINT('Ctrl Pts',(6.27665551521049,-9.60713646239151,23.0644467446208));
#3070=CARTESIAN_POINT('Ctrl Pts',(10.0926453248197,-5.4618665134759,23.6872537621646));
#3071=CARTESIAN_POINT('Ctrl Pts',(11.4757777716212,-1.45136316744062E-14,
24.3100607797085));
#3072=CARTESIAN_POINT('Ctrl Pts',(10.0926453248197,5.4618665134759,24.9328677972523));
#3073=CARTESIAN_POINT('Ctrl Pts',(6.2766555152105,9.6071364623915,25.5556748147962));
#3074=CARTESIAN_POINT('Ctrl Pts',(0.947662217166416,11.4365821723883,26.17848183234));
#3075=CARTESIAN_POINT('Ctrl Pts',(-4.6097674251945,10.5092111858717,26.8012888498839));
#3076=CARTESIAN_POINT('Ctrl Pts',(-9.05600111641695,7.04856859533123,27.4240958674278));
#3077=CARTESIAN_POINT('Ctrl Pts',(-11.3192631203763,1.88885094047274,28.0469028849716));
#3078=CARTESIAN_POINT('Ctrl Pts',(-10.8539884783242,-3.72617895115631,28.6697099025155));
#3079=CARTESIAN_POINT('Ctrl Pts',(-7.77233280479135,-8.44300410015292,29.2925169200593));
#3080=CARTESIAN_POINT('Ctrl Pts',(-2.81713689658599,-11.1246220236702,29.9153239376032));
#3081=CARTESIAN_POINT('Ctrl Pts',(2.81713689658597,-11.1246220236702,30.5381309551471));
#3082=CARTESIAN_POINT('Ctrl Pts',(7.77233280479133,-8.44300410015295,31.1609379726909));
#3083=CARTESIAN_POINT('Ctrl Pts',(10.8539884783242,-3.72617895115632,31.7837449902348));
#3084=CARTESIAN_POINT('Ctrl Pts',(11.3192631203763,1.88885094047273,32.4065520077786));
#3085=CARTESIAN_POINT('Ctrl Pts',(9.05600111641695,7.04856859533124,33.0293590253225));
#3086=CARTESIAN_POINT('Ctrl Pts',(4.60976742519448,10.5092111858717,33.6521660428664));
#3087=CARTESIAN_POINT('Ctrl Pts',(-0.947662217166423,11.4365821723883,34.2749730604102));
#3088=CARTESIAN_POINT('Ctrl Pts',(-6.27665551521049,9.60713646239152,34.8977800779541));
#3089=CARTESIAN_POINT('Ctrl Pts',(-10.0926453248197,5.4618665134759,35.5205870954979));
#3090=CARTESIAN_POINT('Ctrl Pts',(-11.4757777716212,1.26994277151055E-14,
36.1433941130418));
#3091=CARTESIAN_POINT('Ctrl Pts',(-10.0926453248197,-5.4618665134759,36.7662011305856));
#3092=CARTESIAN_POINT('Ctrl Pts',(-6.27665551521049,-9.60713646239152,37.3890081481295));
#3093=CARTESIAN_POINT('Ctrl Pts',(-0.947662217166405,-11.4365821723883,
38.0118151656734));
#3094=CARTESIAN_POINT('Ctrl Pts',(4.60976742519449,-10.5092111858717,38.6346221832173));
#3095=CARTESIAN_POINT('Ctrl Pts',(9.05600111641695,-7.04856859533124,39.2574292007611));
#3096=CARTESIAN_POINT('Ctrl Pts',(11.3192631203763,-1.88885094047274,39.880236218305));
#3097=CARTESIAN_POINT('Ctrl Pts',(10.8539884783242,3.7261789511563,40.5030432358488));
#3098=CARTESIAN_POINT('Ctrl Pts',(7.77233280479134,8.44300410015294,41.1258502533928));
#3099=CARTESIAN_POINT('Ctrl Pts',(2.81713689658595,11.1246220236702,41.7486572709365));
#3100=CARTESIAN_POINT('Ctrl Pts',(-2.81713689658602,11.1246220236702,42.3714642884805));
#3101=CARTESIAN_POINT('Ctrl Pts',(-7.77233280479135,8.44300410015292,42.9942713060242));
#3102=CARTESIAN_POINT('Ctrl Pts',(-10.8539884783242,3.72617895115631,43.6170783235682));
#3103=CARTESIAN_POINT('Ctrl Pts',(-11.3192631203763,-1.88885094047275,44.239885341112));
#3104=CARTESIAN_POINT('Ctrl Pts',(-9.05600111641694,-7.04856859533126,44.8626923586558));
#3105=CARTESIAN_POINT('Ctrl Pts',(-4.60976742519448,-10.5092111858717,45.4854993761997));
#3106=CARTESIAN_POINT('Ctrl Pts',(0.947662217166401,-11.4365821723883,46.1083063937436));
#3107=CARTESIAN_POINT('Ctrl Pts',(6.27665551521049,-9.60713646239152,46.7311134112874));
#3108=CARTESIAN_POINT('Ctrl Pts',(10.0926453248197,-5.4618665134759,47.3539204288313));
#3109=CARTESIAN_POINT('Ctrl Pts',(11.4757777716212,-1.87467742461079E-14,
47.9767274463751));
#3110=CARTESIAN_POINT('Ctrl Pts',(10.0926453248198,5.46186651347587,48.5995344639191));
#3111=CARTESIAN_POINT('Ctrl Pts',(6.27665551521051,9.60713646239151,49.2223414814628));
#3112=CARTESIAN_POINT('Ctrl Pts',(0.947662217166447,11.4365821723883,49.8451484990068));
#3113=CARTESIAN_POINT('Ctrl Pts',(-4.60976742519447,10.5092111858717,50.4679555165506));
#3114=CARTESIAN_POINT('Ctrl Pts',(-9.05600111641686,7.04856859533132,51.0907625340944));
#3115=CARTESIAN_POINT('Ctrl Pts',(-11.3192631203764,1.8888509404727,51.7135695516384));
#3116=CARTESIAN_POINT('Ctrl Pts',(-10.8539884783239,-3.72617895115613,52.3363765691821));
#3117=CARTESIAN_POINT('Ctrl Pts',(-7.77233280479188,-8.44300410015331,52.9591835867261));
#3118=CARTESIAN_POINT('Ctrl Pts',(-2.81713689658482,-11.1246220236695,53.5819906042699));
#3119=CARTESIAN_POINT('Ctrl Pts',(2.81713689658373,-11.1246220236717,54.2047976218137));
#3120=CARTESIAN_POINT('Ctrl Pts',(7.77233280479594,-8.44300410014999,54.8276046393577));
#3121=CARTESIAN_POINT('Ctrl Pts',(10.8539884783149,-3.72617895116227,55.4504116569015));
#3122=CARTESIAN_POINT('Ctrl Pts',(11.319263120395,1.88885094048485,56.0732186744453));
#3123=CARTESIAN_POINT('Ctrl Pts',(9.05600111637899,7.04856859530679,56.6960256919892));
#3124=CARTESIAN_POINT('Ctrl Pts',(4.6097674252713,10.5092111859212,57.318832709533));
#3125=CARTESIAN_POINT('Ctrl Pts',(-0.947662217321805,11.4365821722882,57.9416397270769));
#3126=CARTESIAN_POINT('Ctrl Pts',(-6.27665551489607,9.60713646259402,58.5644467446208));
#3127=CARTESIAN_POINT('Ctrl Pts',(-10.0926453254559,5.46186651306617,59.1872537621646));
#3128=CARTESIAN_POINT('Ctrl Pts',(-11.4757777703338,8.29132936091521E-10,
59.8100607797085));
#3129=CARTESIAN_POINT('Ctrl Pts',(-10.0926453274247,-5.46186651515352,60.4328677972524));
#3130=CARTESIAN_POINT('Ctrl Pts',(-6.27665550993951,-9.60713645899686,61.0556748147962));
#3131=CARTESIAN_POINT('Ctrl Pts',(-0.947662227832098,-11.4365821792572,
61.6784818323401));
#3132=CARTESIAN_POINT('Ctrl Pts',(4.60976744677592,-10.5092111719727,62.3012888498839));
#3133=CARTESIAN_POINT('Ctrl Pts',(9.05600107274772,-7.04856862345532,62.9240958674278));
#3134=CARTESIAN_POINT('Ctrl Pts',(11.3192632087391,-1.88885088356495,63.5469028849716));
#3135=CARTESIAN_POINT('Ctrl Pts',(10.8539882995258,3.72617883600578,64.1697099025156));
#3136=CARTESIAN_POINT('Ctrl Pts',(7.77233316658241,8.44300433315525,64.7925169200594));
#3137=CARTESIAN_POINT('Ctrl Pts',(2.81713616451692,11.1246215521999,65.4153239376032));
#3138=CARTESIAN_POINT('Ctrl Pts',(-2.81713541527511,11.1246229776705,66.0381309551472));
#3139=CARTESIAN_POINT('Ctrl Pts',(-7.77233580216168,8.44300216977348,66.6609379726909));
#3140=CARTESIAN_POINT('Ctrl Pts',(-10.8539824132691,3.72618285719821,67.2837449902349));
#3141=CARTESIAN_POINT('Ctrl Pts',(-11.3192753927981,-1.8888588441909,67.9065520077786));
#3142=CARTESIAN_POINT('Ctrl Pts',(-9.05597628314082,-7.04855260238864,68.5293590253226));
#3143=CARTESIAN_POINT('Ctrl Pts',(-4.60981768299613,-10.5092435484331,69.1521660428664));
#3144=CARTESIAN_POINT('Ctrl Pts',(0.947764022855248,-11.4365166658831,69.7749730604103));
#3145=CARTESIAN_POINT('Ctrl Pts',(6.27644734975004,-9.60726934710246,70.3977800779541));
#3146=CARTESIAN_POINT('Ctrl Pts',(10.0930833515599,-5.46159284746317,71.020587095498));
#3147=CARTESIAN_POINT('Ctrl Pts',(11.0138256369788,-1.82095076716549,71.4357917738605));
#3148=CARTESIAN_POINT('Ctrl Pts',(11.0138256369788,-2.42784833628476E-14,
71.6433941130418));
#3149=CARTESIAN_POINT('Ctrl Pts',(11.22,0.,0.215423496246157));
#3150=CARTESIAN_POINT('Ctrl Pts',(11.22,1.85555934328207,0.423025835427444));
#3151=CARTESIAN_POINT('Ctrl Pts',(10.2821166188017,5.56356995447181,0.838230513790018));
#3152=CARTESIAN_POINT('Ctrl Pts',(6.39396299687803,9.78731170866362,1.46103753133388));
#3153=CARTESIAN_POINT('Ctrl Pts',(0.965519216694618,11.6506059084688,2.08384454887774));
#3154=CARTESIAN_POINT('Ctrl Pts',(-4.69614373247721,10.7060706529762,2.70665156642159));
#3155=CARTESIAN_POINT('Ctrl Pts',(-9.2255543842119,7.18052542505721,3.32945858396545));
#3156=CARTESIAN_POINT('Ctrl Pts',(-11.5312382393416,1.92423735616225,3.95226560150932));
#3157=CARTESIAN_POINT('Ctrl Pts',(-11.057230930331,-3.79596248719175,4.57507261905317));
#3158=CARTESIAN_POINT('Ctrl Pts',(-7.91787884933347,-8.60110171877225,5.19787963659704));
#3159=CARTESIAN_POINT('Ctrl Pts',(-2.86988828044213,-11.3329408865253,5.82068665414089));
#3160=CARTESIAN_POINT('Ctrl Pts',(2.86988909965332,-11.3329379533027,6.44349367168476));
#3161=CARTESIAN_POINT('Ctrl Pts',(7.91787596762571,-8.60110617041099,7.0663006892286));
#3162=CARTESIAN_POINT('Ctrl Pts',(11.0572373662868,-3.7959542126934,7.68910770677248));
#3163=CARTESIAN_POINT('Ctrl Pts',(11.5312249174513,1.92422097538668,8.31191472431633));
#3164=CARTESIAN_POINT('Ctrl Pts',(9.22558148884292,7.1805583922333,8.93472174186019));
#3165=CARTESIAN_POINT('Ctrl Pts',(4.69608880485314,10.7060040270691,9.55752875940405));
#3166=CARTESIAN_POINT('Ctrl Pts',(-0.965407915351712,11.6507407743153,10.1803357769479));
#3167=CARTESIAN_POINT('Ctrl Pts',(-6.39419059649831,9.78703729872677,10.8031427944918));
#3168=CARTESIAN_POINT('Ctrl Pts',(-10.2816376889587,5.56414406817598,11.4259498120356));
#3169=CARTESIAN_POINT('Ctrl Pts',(-11.69067032503,-1.70605260920654E-9,
12.0487568295795));
#3170=CARTESIAN_POINT('Ctrl Pts',(-10.2816376868061,-5.5641440638807,12.6715638471233));
#3171=CARTESIAN_POINT('Ctrl Pts',(-6.39419060191778,-9.7870373061287,13.2943708646672));
#3172=CARTESIAN_POINT('Ctrl Pts',(-0.965407903859937,-11.650740759975,13.9171778822111));
#3173=CARTESIAN_POINT('Ctrl Pts',(4.69608878134018,-10.7060040557711,14.5399848997549));
#3174=CARTESIAN_POINT('Ctrl Pts',(9.22558153654878,-7.18055833431155,15.1627919172988));
#3175=CARTESIAN_POINT('Ctrl Pts',(11.531224820857,-1.92422109251198,15.7855989348426));
#3176=CARTESIAN_POINT('Ctrl Pts',(11.0572375617725,3.79595444965352,16.4084059523865));
#3177=CARTESIAN_POINT('Ctrl Pts',(7.91787557205308,8.60110569095093,17.0312129699304));
#3178=CARTESIAN_POINT('Ctrl Pts',(2.86988990008555,11.3329389234607,17.6540199874742));
#3179=CARTESIAN_POINT('Ctrl Pts',(-2.8698899000868,11.3329389234562,18.2768270050181));
#3180=CARTESIAN_POINT('Ctrl Pts',(-7.91787557204868,8.60110569095775,18.899634022562));
#3181=CARTESIAN_POINT('Ctrl Pts',(-11.0572375617824,3.79595444964086,19.5224410401058));
#3182=CARTESIAN_POINT('Ctrl Pts',(-11.5312248208367,-1.92422109248695,20.1452480576497));
#3183=CARTESIAN_POINT('Ctrl Pts',(-9.22558153659019,-7.18055833436194,20.7680550751935));
#3184=CARTESIAN_POINT('Ctrl Pts',(-4.69608878125625,-10.7060040556693,21.3908620927374));
#3185=CARTESIAN_POINT('Ctrl Pts',(0.965407903690054,-11.650740760181,22.0136691102812));
#3186=CARTESIAN_POINT('Ctrl Pts',(6.39419060226155,-9.78703730571201,22.6364761278251));
#3187=CARTESIAN_POINT('Ctrl Pts',(10.2816376861105,-5.56414406472385,23.259283145369));
#3188=CARTESIAN_POINT('Ctrl Pts',(11.6906703264376,-1.39088970213059E-14,
23.8820901629128));
#3189=CARTESIAN_POINT('Ctrl Pts',(10.2816376861105,5.56414406472385,24.5048971804567));
#3190=CARTESIAN_POINT('Ctrl Pts',(6.39419060226157,9.787037305712,25.1277041980005));
#3191=CARTESIAN_POINT('Ctrl Pts',(0.965407903690027,11.650740760181,25.7505112155444));
#3192=CARTESIAN_POINT('Ctrl Pts',(-4.69608878125624,10.7060040556693,26.3733182330883));
#3193=CARTESIAN_POINT('Ctrl Pts',(-9.22558153659028,7.18055833436184,26.9961252506321));
#3194=CARTESIAN_POINT('Ctrl Pts',(-11.5312248208365,1.92422109248713,27.618932268176));
#3195=CARTESIAN_POINT('Ctrl Pts',(-11.0572375617827,-3.79595444964123,28.2417392857198));
#3196=CARTESIAN_POINT('Ctrl Pts',(-7.91787557204808,-8.601105690957,28.8645463032637));
#3197=CARTESIAN_POINT('Ctrl Pts',(-2.86988990008803,-11.3329389234576,29.4873533208076));
#3198=CARTESIAN_POINT('Ctrl Pts',(2.86988990008801,-11.3329389234576,30.1101603383514));
#3199=CARTESIAN_POINT('Ctrl Pts',(7.91787557204806,-8.60110569095702,30.7329673558953));
#3200=CARTESIAN_POINT('Ctrl Pts',(11.0572375617827,-3.79595444964126,31.3557743734391));
#3201=CARTESIAN_POINT('Ctrl Pts',(11.5312248208365,1.92422109248712,31.978581390983));
#3202=CARTESIAN_POINT('Ctrl Pts',(9.22558153659028,7.18055833436185,32.6013884085268));
#3203=CARTESIAN_POINT('Ctrl Pts',(4.69608878125621,10.7060040556693,33.2241954260708));
#3204=CARTESIAN_POINT('Ctrl Pts',(-0.965407903690036,11.6507407601809,33.8470024436146));
#3205=CARTESIAN_POINT('Ctrl Pts',(-6.39419060226155,9.787037305712,34.4698094611584));
#3206=CARTESIAN_POINT('Ctrl Pts',(-10.2816376861105,5.56414406472386,35.0926164787023));
#3207=CARTESIAN_POINT('Ctrl Pts',(-11.6906703264376,1.02804891027044E-14,
35.7154234962462));
#3208=CARTESIAN_POINT('Ctrl Pts',(-10.2816376861105,-5.56414406472384,36.33823051379));
#3209=CARTESIAN_POINT('Ctrl Pts',(-6.39419060226155,-9.78703730571202,36.9610375313339));
#3210=CARTESIAN_POINT('Ctrl Pts',(-0.965407903690023,-11.6507407601809,
37.5838445488778));
#3211=CARTESIAN_POINT('Ctrl Pts',(4.69608878125623,-10.7060040556693,38.2066515664216));
#3212=CARTESIAN_POINT('Ctrl Pts',(9.22558153659028,-7.18055833436184,38.8294585839655));
#3213=CARTESIAN_POINT('Ctrl Pts',(11.5312248208365,-1.92422109248713,39.4522656015093));
#3214=CARTESIAN_POINT('Ctrl Pts',(11.0572375617827,3.79595444964123,40.0750726190532));
#3215=CARTESIAN_POINT('Ctrl Pts',(7.91787557204807,8.60110569095702,40.6978796365971));
#3216=CARTESIAN_POINT('Ctrl Pts',(2.86988990008799,11.3329389234577,41.3206866541409));
#3217=CARTESIAN_POINT('Ctrl Pts',(-2.86988990008806,11.3329389234576,41.9434936716848));
#3218=CARTESIAN_POINT('Ctrl Pts',(-7.91787557204809,8.60110569095698,42.5663006892286));
#3219=CARTESIAN_POINT('Ctrl Pts',(-11.0572375617827,3.79595444964124,43.1891077067725));
#3220=CARTESIAN_POINT('Ctrl Pts',(-11.5312248208365,-1.92422109248714,43.8119147243163));
#3221=CARTESIAN_POINT('Ctrl Pts',(-9.22558153659026,-7.18055833436186,44.4347217418602));
#3222=CARTESIAN_POINT('Ctrl Pts',(-4.69608878125621,-10.7060040556693,45.0575287594041));
#3223=CARTESIAN_POINT('Ctrl Pts',(0.965407903690017,-11.6507407601809,45.6803357769479));
#3224=CARTESIAN_POINT('Ctrl Pts',(6.39419060226155,-9.78703730571203,46.3031427944918));
#3225=CARTESIAN_POINT('Ctrl Pts',(10.2816376861105,-5.56414406472384,46.9259498120357));
#3226=CARTESIAN_POINT('Ctrl Pts',(11.6906703264376,-2.1165712858509E-14,
47.5487568295795));
#3227=CARTESIAN_POINT('Ctrl Pts',(10.2816376861105,5.56414406472382,48.1715638471234));
#3228=CARTESIAN_POINT('Ctrl Pts',(6.39419060226158,9.78703730571199,48.7943708646672));
#3229=CARTESIAN_POINT('Ctrl Pts',(0.965407903690066,11.650740760181,49.4171778822111));
#3230=CARTESIAN_POINT('Ctrl Pts',(-4.69608878125622,10.7060040556693,50.0399848997549));
#3231=CARTESIAN_POINT('Ctrl Pts',(-9.22558153659017,7.18055833436197,50.6627919172989));
#3232=CARTESIAN_POINT('Ctrl Pts',(-11.5312248208367,1.924221092487,51.2855989348426));
#3233=CARTESIAN_POINT('Ctrl Pts',(-11.0572375617824,-3.79595444964087,51.9084059523865));
#3234=CARTESIAN_POINT('Ctrl Pts',(-7.91787557204866,-8.60110569095777,52.5312129699304));
#3235=CARTESIAN_POINT('Ctrl Pts',(-2.86988990008676,-11.3329389234562,53.1540199874743));
#3236=CARTESIAN_POINT('Ctrl Pts',(2.86988990008556,-11.3329389234606,53.776827005018));
#3237=CARTESIAN_POINT('Ctrl Pts',(7.9178755720531,-8.60110569095093,54.399634022562));
#3238=CARTESIAN_POINT('Ctrl Pts',(11.0572375617725,-3.79595444965351,55.0224410401058));
#3239=CARTESIAN_POINT('Ctrl Pts',(11.531224820857,1.92422109251201,55.6452480576497));
#3240=CARTESIAN_POINT('Ctrl Pts',(9.22558153654877,7.18055833431154,56.2680550751935));
#3241=CARTESIAN_POINT('Ctrl Pts',(4.6960887813402,10.7060040557711,56.8908620927374));
#3242=CARTESIAN_POINT('Ctrl Pts',(-0.965407903859929,11.650740759975,57.5136691102812));
#3243=CARTESIAN_POINT('Ctrl Pts',(-6.39419060191777,9.78703730612869,58.1364761278251));
#3244=CARTESIAN_POINT('Ctrl Pts',(-10.2816376868061,5.56414406388073,58.7592831453689));
#3245=CARTESIAN_POINT('Ctrl Pts',(-11.69067032503,1.70608828855021E-9,59.3820901629129));
#3246=CARTESIAN_POINT('Ctrl Pts',(-10.2816376889587,-5.56414406817596,60.0048971804566));
#3247=CARTESIAN_POINT('Ctrl Pts',(-6.39419059649833,-9.78703729872676,60.6277041980006));
#3248=CARTESIAN_POINT('Ctrl Pts',(-0.96540791535175,-11.6507407743153,61.2505112155443));
#3249=CARTESIAN_POINT('Ctrl Pts',(4.69608880485309,-10.7060040270691,61.8733182330884));
#3250=CARTESIAN_POINT('Ctrl Pts',(9.22558148884289,-7.18055839223334,62.496125250632));
#3251=CARTESIAN_POINT('Ctrl Pts',(11.5312249174513,-1.92422097538668,63.1189322681761));
#3252=CARTESIAN_POINT('Ctrl Pts',(11.0572373662868,3.79595421269342,63.7417392857198));
#3253=CARTESIAN_POINT('Ctrl Pts',(7.91787596762569,8.60110617041102,64.3645463032637));
#3254=CARTESIAN_POINT('Ctrl Pts',(2.8698890996533,11.3329379533027,64.9873533208075));
#3255=CARTESIAN_POINT('Ctrl Pts',(-2.86988828044213,11.3329408865253,65.6101603383515));
#3256=CARTESIAN_POINT('Ctrl Pts',(-7.91787884933348,8.60110171877224,66.2329673558952));
#3257=CARTESIAN_POINT('Ctrl Pts',(-11.057230930331,3.79596248719174,66.8557743734392));
#3258=CARTESIAN_POINT('Ctrl Pts',(-11.5312382393416,-1.92423735616224,67.478581390983));
#3259=CARTESIAN_POINT('Ctrl Pts',(-9.22555438421193,-7.18052542505721,68.1013884085269));
#3260=CARTESIAN_POINT('Ctrl Pts',(-4.69614373247722,-10.7060706529762,68.7241954260707));
#3261=CARTESIAN_POINT('Ctrl Pts',(0.965519216694619,-11.6506059084688,69.3470024436145));
#3262=CARTESIAN_POINT('Ctrl Pts',(6.39396299687801,-9.78731170866362,69.9698094611585));
#3263=CARTESIAN_POINT('Ctrl Pts',(10.2821166188017,-5.56356995447183,70.5926164787023));
#3264=CARTESIAN_POINT('Ctrl Pts',(11.22,-1.8555593432821,71.0078211570649));
#3265=CARTESIAN_POINT('Ctrl Pts',(11.22,-2.47329667555799E-14,71.2154234962462));
#3266=CARTESIAN_POINT('Ctrl Pts',(11.22,0.,8.81745695386094E-17));
#3267=CARTESIAN_POINT('Ctrl Pts',(11.22,1.85519313543566,0.207602339181287));
#3268=CARTESIAN_POINT('Ctrl Pts',(10.2820499796524,5.56375386372382,0.622807017543859));
#3269=CARTESIAN_POINT('Ctrl Pts',(6.39394677037982,9.78717245108313,1.24561403508772));
#3270=CARTESIAN_POINT('Ctrl Pts',(0.965509775718914,11.6506043101575,1.86842105263158));
#3271=CARTESIAN_POINT('Ctrl Pts',(-4.69612115609087,10.706001563603,2.49122807017544));
#3272=CARTESIAN_POINT('Ctrl Pts',(-9.22551651606578,7.18050661431949,3.1140350877193));
#3273=CARTESIAN_POINT('Ctrl Pts',(-11.5311886345914,1.92422341514447,3.73684210526316));
#3274=CARTESIAN_POINT('Ctrl Pts',(-11.0571843002973,-3.79594351783369,4.35964912280702));
#3275=CARTESIAN_POINT('Ctrl Pts',(-7.91784507329593,-8.60106660852828,4.98245614035088));
#3276=CARTESIAN_POINT('Ctrl Pts',(-2.86987617281203,-11.332892071076,5.60526315789473));
#3277=CARTESIAN_POINT('Ctrl Pts',(2.86987695270921,-11.3328901786596,6.2280701754386));
#3278=CARTESIAN_POINT('Ctrl Pts',(7.91784232988154,-8.60106948057566,6.85087719298245));
#3279=CARTESIAN_POINT('Ctrl Pts',(11.0571904273911,-3.79593817940643,7.47368421052632));
#3280=CARTESIAN_POINT('Ctrl Pts',(11.5311759520196,1.92421284682616,8.09649122807017));
#3281=CARTESIAN_POINT('Ctrl Pts',(9.22554231994351,7.18052788353697,8.71929824561404));
#3282=CARTESIAN_POINT('Ctrl Pts',(4.69606886444762,10.7059585802534,9.34210526315789));
#3283=CARTESIAN_POINT('Ctrl Pts',(-0.965403815735861,11.6506913010483,9.96491228070176));
#3284=CARTESIAN_POINT('Ctrl Pts',(-6.39416344747714,9.78699574611159,10.5877192982456));
#3285=CARTESIAN_POINT('Ctrl Pts',(-10.2815940336887,5.56412044197435,11.2105263157895));
#3286=CARTESIAN_POINT('Ctrl Pts',(-11.6906206873077,-1.10068721786279E-9,
11.8333333333333));
#3287=CARTESIAN_POINT('Ctrl Pts',(-10.2815940316394,-5.56412043920317,12.4561403508772));
#3288=CARTESIAN_POINT('Ctrl Pts',(-6.39416345263651,-9.78699575088706,13.0789473684211));
#3289=CARTESIAN_POINT('Ctrl Pts',(-0.965403804795581,-11.6506912917964,
13.7017543859649));
#3290=CARTESIAN_POINT('Ctrl Pts',(4.69606884206305,-10.705958598771,14.3245614035088));
#3291=CARTESIAN_POINT('Ctrl Pts',(9.22554236535995,-7.1805278461678,14.9473684210526));
#3292=CARTESIAN_POINT('Ctrl Pts',(11.5311758600609,-1.92421292239147,15.5701754385965));
#3293=CARTESIAN_POINT('Ctrl Pts',(11.0571906134955,3.79593833228513,16.1929824561403));
#3294=CARTESIAN_POINT('Ctrl Pts',(7.91784195329248,8.60106917124417,16.8157894736842));
#3295=CARTESIAN_POINT('Ctrl Pts',(2.86987771472863,11.3328908045728,17.4385964912281));
#3296=CARTESIAN_POINT('Ctrl Pts',(-2.86987771472982,11.3328908045699,18.0614035087719));
#3297=CARTESIAN_POINT('Ctrl Pts',(-7.91784195328828,8.60106917124858,18.6842105263158));
#3298=CARTESIAN_POINT('Ctrl Pts',(-11.0571906135049,3.79593833227695,19.3070175438596));
#3299=CARTESIAN_POINT('Ctrl Pts',(-11.5311758600415,-1.92421292237532,19.9298245614035));
#3300=CARTESIAN_POINT('Ctrl Pts',(-9.22554236539938,-7.18052784620032,20.5526315789474));
#3301=CARTESIAN_POINT('Ctrl Pts',(-4.69606884198315,-10.7059585987053,21.1754385964912));
#3302=CARTESIAN_POINT('Ctrl Pts',(0.965403804633852,-11.6506912919293,21.7982456140351));
#3303=CARTESIAN_POINT('Ctrl Pts',(6.39416345296379,-9.78699575061824,22.421052631579));
#3304=CARTESIAN_POINT('Ctrl Pts',(10.2815940309772,-5.56412043974714,23.0438596491228));
#3305=CARTESIAN_POINT('Ctrl Pts',(11.6906206886477,-1.14899584089049E-14,
23.6666666666666));
#3306=CARTESIAN_POINT('Ctrl Pts',(10.2815940309772,5.56412043974714,24.2894736842106));
#3307=CARTESIAN_POINT('Ctrl Pts',(6.3941634529638,9.78699575061824,24.9122807017544));
#3308=CARTESIAN_POINT('Ctrl Pts',(0.965403804633826,11.6506912919292,25.5350877192983));
#3309=CARTESIAN_POINT('Ctrl Pts',(-4.69606884198313,10.7059585987053,26.1578947368421));
#3310=CARTESIAN_POINT('Ctrl Pts',(-9.22554236539947,7.18052784620024,26.780701754386));
#3311=CARTESIAN_POINT('Ctrl Pts',(-11.5311758600414,1.92421292237543,27.4035087719298));
#3312=CARTESIAN_POINT('Ctrl Pts',(-11.0571906135051,-3.7959383322772,28.0263157894737));
#3313=CARTESIAN_POINT('Ctrl Pts',(-7.91784195328771,-8.60106917124809,28.6491228070175));
#3314=CARTESIAN_POINT('Ctrl Pts',(-2.86987771473099,-11.3328908045709,29.2719298245614));
#3315=CARTESIAN_POINT('Ctrl Pts',(2.86987771473097,-11.3328908045709,29.8947368421053));
#3316=CARTESIAN_POINT('Ctrl Pts',(7.9178419532877,-8.60106917124811,30.5175438596491));
#3317=CARTESIAN_POINT('Ctrl Pts',(11.0571906135051,-3.79593833227722,31.140350877193));
#3318=CARTESIAN_POINT('Ctrl Pts',(11.5311758600414,1.92421292237543,31.7631578947368));
#3319=CARTESIAN_POINT('Ctrl Pts',(9.22554236539946,7.18052784620024,32.3859649122807));
#3320=CARTESIAN_POINT('Ctrl Pts',(4.69606884198312,10.7059585987053,33.0087719298246));
#3321=CARTESIAN_POINT('Ctrl Pts',(-0.965403804633836,11.6506912919292,33.6315789473684));
#3322=CARTESIAN_POINT('Ctrl Pts',(-6.39416345296379,9.78699575061824,34.2543859649123));
#3323=CARTESIAN_POINT('Ctrl Pts',(-10.2815940309772,5.56412043974715,34.8771929824561));
#3324=CARTESIAN_POINT('Ctrl Pts',(-11.6906206886477,1.33041623682057E-14,
35.5));
#3325=CARTESIAN_POINT('Ctrl Pts',(-10.2815940309772,-5.56412043974715,36.1228070175438));
#3326=CARTESIAN_POINT('Ctrl Pts',(-6.3941634529638,-9.78699575061824,36.7456140350877));
#3327=CARTESIAN_POINT('Ctrl Pts',(-0.965403804633814,-11.6506912919292,
37.3684210526316));
#3328=CARTESIAN_POINT('Ctrl Pts',(4.69606884198313,-10.7059585987053,37.9912280701754));
#3329=CARTESIAN_POINT('Ctrl Pts',(9.22554236539946,-7.18052784620025,38.6140350877193));
#3330=CARTESIAN_POINT('Ctrl Pts',(11.5311758600414,-1.92421292237543,39.2368421052631));
#3331=CARTESIAN_POINT('Ctrl Pts',(11.0571906135051,3.79593833227719,39.859649122807));
#3332=CARTESIAN_POINT('Ctrl Pts',(7.91784195328771,8.60106917124811,40.4824561403509));
#3333=CARTESIAN_POINT('Ctrl Pts',(2.86987771473096,11.3328908045709,41.1052631578947));
#3334=CARTESIAN_POINT('Ctrl Pts',(-2.86987771473103,11.3328908045709,41.7280701754386));
#3335=CARTESIAN_POINT('Ctrl Pts',(-7.91784195328771,8.60106917124807,42.3508771929825));
#3336=CARTESIAN_POINT('Ctrl Pts',(-11.0571906135052,3.7959383322772,42.9736842105263));
#3337=CARTESIAN_POINT('Ctrl Pts',(-11.5311758600414,-1.92421292237545,43.5964912280702));
#3338=CARTESIAN_POINT('Ctrl Pts',(-9.22554236539944,-7.18052784620026,44.2192982456141));
#3339=CARTESIAN_POINT('Ctrl Pts',(-4.69606884198312,-10.7059585987053,44.8421052631579));
#3340=CARTESIAN_POINT('Ctrl Pts',(0.965403804633813,-11.6506912919292,45.4649122807018));
#3341=CARTESIAN_POINT('Ctrl Pts',(6.39416345296379,-9.78699575061826,46.0877192982456));
#3342=CARTESIAN_POINT('Ctrl Pts',(10.2815940309772,-5.56412043974713,46.7105263157895));
#3343=CARTESIAN_POINT('Ctrl Pts',(11.6906206886477,-2.53988554302108E-14,
47.3333333333333));
#3344=CARTESIAN_POINT('Ctrl Pts',(10.2815940309772,5.56412043974712,47.9561403508772));
#3345=CARTESIAN_POINT('Ctrl Pts',(6.39416345296381,9.78699575061822,48.578947368421));
#3346=CARTESIAN_POINT('Ctrl Pts',(0.965403804633865,11.6506912919293,49.2017543859649));
#3347=CARTESIAN_POINT('Ctrl Pts',(-4.69606884198312,10.7059585987053,49.8245614035088));
#3348=CARTESIAN_POINT('Ctrl Pts',(-9.22554236539936,7.18052784620036,50.4473684210527));
#3349=CARTESIAN_POINT('Ctrl Pts',(-11.5311758600415,1.92421292237536,51.0701754385964));
#3350=CARTESIAN_POINT('Ctrl Pts',(-11.0571906135049,-3.79593833227695,51.6929824561404));
#3351=CARTESIAN_POINT('Ctrl Pts',(-7.91784195328827,-8.6010691712486,52.3157894736842));
#3352=CARTESIAN_POINT('Ctrl Pts',(-2.86987771472978,-11.33289080457,52.9385964912281));
#3353=CARTESIAN_POINT('Ctrl Pts',(2.86987771472864,-11.3328908045728,53.561403508772));
#3354=CARTESIAN_POINT('Ctrl Pts',(7.91784195329248,-8.60106917124418,54.1842105263158));
#3355=CARTESIAN_POINT('Ctrl Pts',(11.0571906134955,-3.79593833228512,54.8070175438596));
#3356=CARTESIAN_POINT('Ctrl Pts',(11.5311758600609,1.9242129223915,55.4298245614035));
#3357=CARTESIAN_POINT('Ctrl Pts',(9.22554236535994,7.18052784616778,56.0526315789474));
#3358=CARTESIAN_POINT('Ctrl Pts',(4.69606884206308,10.705958598771,56.6754385964912));
#3359=CARTESIAN_POINT('Ctrl Pts',(-0.965403804795574,11.6506912917964,57.2982456140351));
#3360=CARTESIAN_POINT('Ctrl Pts',(-6.3941634526365,9.78699575088708,57.921052631579));
#3361=CARTESIAN_POINT('Ctrl Pts',(-10.2815940316394,5.56412043920319,58.5438596491228));
#3362=CARTESIAN_POINT('Ctrl Pts',(-11.6906206873077,1.10072833981864E-9,
59.1666666666667));
#3363=CARTESIAN_POINT('Ctrl Pts',(-10.2815940336887,-5.56412044197433,59.7894736842105));
#3364=CARTESIAN_POINT('Ctrl Pts',(-6.39416344747714,-9.78699574611159,60.4122807017544));
#3365=CARTESIAN_POINT('Ctrl Pts',(-0.965403815735899,-11.6506913010483,
61.0350877192982));
#3366=CARTESIAN_POINT('Ctrl Pts',(4.69606886444757,-10.7059585802534,61.6578947368422));
#3367=CARTESIAN_POINT('Ctrl Pts',(9.22554231994348,-7.18052788353701,62.2807017543859));
#3368=CARTESIAN_POINT('Ctrl Pts',(11.5311759520196,-1.92421284682617,62.9035087719299));
#3369=CARTESIAN_POINT('Ctrl Pts',(11.0571904273911,3.79593817940645,63.5263157894736));
#3370=CARTESIAN_POINT('Ctrl Pts',(7.91784232988153,8.60106948057569,64.1491228070176));
#3371=CARTESIAN_POINT('Ctrl Pts',(2.86987695270919,11.3328901786596,64.7719298245614));
#3372=CARTESIAN_POINT('Ctrl Pts',(-2.86987617281203,11.332892071076,65.3947368421053));
#3373=CARTESIAN_POINT('Ctrl Pts',(-7.91784507329594,8.60106660852827,66.0175438596492));
#3374=CARTESIAN_POINT('Ctrl Pts',(-11.0571843002973,3.79594351783368,66.640350877193));
#3375=CARTESIAN_POINT('Ctrl Pts',(-11.5311886345913,-1.92422341514447,67.2631578947368));
#3376=CARTESIAN_POINT('Ctrl Pts',(-9.2255165160658,-7.18050661431947,67.8859649122807));
#3377=CARTESIAN_POINT('Ctrl Pts',(-4.69612115609087,-10.706001563603,68.5087719298245));
#3378=CARTESIAN_POINT('Ctrl Pts',(0.96550977571891,-11.6506043101575,69.1315789473685));
#3379=CARTESIAN_POINT('Ctrl Pts',(6.39394677037981,-9.78717245108314,69.7543859649122));
#3380=CARTESIAN_POINT('Ctrl Pts',(10.2820499796524,-5.56375386372384,70.3771929824562));
#3381=CARTESIAN_POINT('Ctrl Pts',(11.22,-1.85519313543569,70.7923976608187));
#3382=CARTESIAN_POINT('Ctrl Pts',(11.22,-2.47329667555799E-14,71.));
#3383=CARTESIAN_POINT('',(11.22,0.,-8.81745695386094E-17));
#3384=CARTESIAN_POINT('Origin',(10.5,0.,0.));
#3385=CARTESIAN_POINT('',(11.22,-2.47329667555799E-14,71.));
#3386=CARTESIAN_POINT('Ctrl Pts',(11.22,0.,8.81745695386094E-17));
#3387=CARTESIAN_POINT('Ctrl Pts',(11.22,1.85519313543566,0.207602339181287));
#3388=CARTESIAN_POINT('Ctrl Pts',(10.2820499796524,5.56375386372382,0.622807017543859));
#3389=CARTESIAN_POINT('Ctrl Pts',(6.39394677037982,9.78717245108313,1.24561403508772));
#3390=CARTESIAN_POINT('Ctrl Pts',(0.965509775718914,11.6506043101575,1.86842105263158));
#3391=CARTESIAN_POINT('Ctrl Pts',(-4.69612115609087,10.706001563603,2.49122807017544));
#3392=CARTESIAN_POINT('Ctrl Pts',(-9.22551651606578,7.18050661431949,3.1140350877193));
#3393=CARTESIAN_POINT('Ctrl Pts',(-11.5311886345914,1.92422341514447,3.73684210526316));
#3394=CARTESIAN_POINT('Ctrl Pts',(-11.0571843002973,-3.79594351783369,4.35964912280702));
#3395=CARTESIAN_POINT('Ctrl Pts',(-7.91784507329593,-8.60106660852828,4.98245614035088));
#3396=CARTESIAN_POINT('Ctrl Pts',(-2.86987617281203,-11.332892071076,5.60526315789473));
#3397=CARTESIAN_POINT('Ctrl Pts',(2.86987695270921,-11.3328901786596,6.2280701754386));
#3398=CARTESIAN_POINT('Ctrl Pts',(7.91784232988154,-8.60106948057566,6.85087719298245));
#3399=CARTESIAN_POINT('Ctrl Pts',(11.0571904273911,-3.79593817940643,7.47368421052632));
#3400=CARTESIAN_POINT('Ctrl Pts',(11.5311759520196,1.92421284682616,8.09649122807017));
#3401=CARTESIAN_POINT('Ctrl Pts',(9.22554231994351,7.18052788353697,8.71929824561404));
#3402=CARTESIAN_POINT('Ctrl Pts',(4.69606886444762,10.7059585802534,9.34210526315789));
#3403=CARTESIAN_POINT('Ctrl Pts',(-0.965403815735861,11.6506913010483,9.96491228070176));
#3404=CARTESIAN_POINT('Ctrl Pts',(-6.39416344747714,9.78699574611159,10.5877192982456));
#3405=CARTESIAN_POINT('Ctrl Pts',(-10.2815940336887,5.56412044197435,11.2105263157895));
#3406=CARTESIAN_POINT('Ctrl Pts',(-11.6906206873077,-1.10068721786279E-9,
11.8333333333333));
#3407=CARTESIAN_POINT('Ctrl Pts',(-10.2815940316394,-5.56412043920317,12.4561403508772));
#3408=CARTESIAN_POINT('Ctrl Pts',(-6.39416345263651,-9.78699575088706,13.0789473684211));
#3409=CARTESIAN_POINT('Ctrl Pts',(-0.965403804795581,-11.6506912917964,
13.7017543859649));
#3410=CARTESIAN_POINT('Ctrl Pts',(4.69606884206305,-10.705958598771,14.3245614035088));
#3411=CARTESIAN_POINT('Ctrl Pts',(9.22554236535995,-7.1805278461678,14.9473684210526));
#3412=CARTESIAN_POINT('Ctrl Pts',(11.5311758600609,-1.92421292239147,15.5701754385965));
#3413=CARTESIAN_POINT('Ctrl Pts',(11.0571906134955,3.79593833228513,16.1929824561403));
#3414=CARTESIAN_POINT('Ctrl Pts',(7.91784195329248,8.60106917124417,16.8157894736842));
#3415=CARTESIAN_POINT('Ctrl Pts',(2.86987771472863,11.3328908045728,17.4385964912281));
#3416=CARTESIAN_POINT('Ctrl Pts',(-2.86987771472982,11.3328908045699,18.0614035087719));
#3417=CARTESIAN_POINT('Ctrl Pts',(-7.91784195328828,8.60106917124858,18.6842105263158));
#3418=CARTESIAN_POINT('Ctrl Pts',(-11.0571906135049,3.79593833227695,19.3070175438596));
#3419=CARTESIAN_POINT('Ctrl Pts',(-11.5311758600415,-1.92421292237532,19.9298245614035));
#3420=CARTESIAN_POINT('Ctrl Pts',(-9.22554236539938,-7.18052784620032,20.5526315789474));
#3421=CARTESIAN_POINT('Ctrl Pts',(-4.69606884198315,-10.7059585987053,21.1754385964912));
#3422=CARTESIAN_POINT('Ctrl Pts',(0.965403804633852,-11.6506912919293,21.7982456140351));
#3423=CARTESIAN_POINT('Ctrl Pts',(6.39416345296379,-9.78699575061824,22.421052631579));
#3424=CARTESIAN_POINT('Ctrl Pts',(10.2815940309772,-5.56412043974714,23.0438596491228));
#3425=CARTESIAN_POINT('Ctrl Pts',(11.6906206886477,-1.14899584089049E-14,
23.6666666666666));
#3426=CARTESIAN_POINT('Ctrl Pts',(10.2815940309772,5.56412043974714,24.2894736842106));
#3427=CARTESIAN_POINT('Ctrl Pts',(6.3941634529638,9.78699575061824,24.9122807017544));
#3428=CARTESIAN_POINT('Ctrl Pts',(0.965403804633826,11.6506912919292,25.5350877192983));
#3429=CARTESIAN_POINT('Ctrl Pts',(-4.69606884198313,10.7059585987053,26.1578947368421));
#3430=CARTESIAN_POINT('Ctrl Pts',(-9.22554236539947,7.18052784620024,26.780701754386));
#3431=CARTESIAN_POINT('Ctrl Pts',(-11.5311758600414,1.92421292237543,27.4035087719298));
#3432=CARTESIAN_POINT('Ctrl Pts',(-11.0571906135051,-3.7959383322772,28.0263157894737));
#3433=CARTESIAN_POINT('Ctrl Pts',(-7.91784195328771,-8.60106917124809,28.6491228070175));
#3434=CARTESIAN_POINT('Ctrl Pts',(-2.86987771473099,-11.3328908045709,29.2719298245614));
#3435=CARTESIAN_POINT('Ctrl Pts',(2.86987771473097,-11.3328908045709,29.8947368421053));
#3436=CARTESIAN_POINT('Ctrl Pts',(7.9178419532877,-8.60106917124811,30.5175438596491));
#3437=CARTESIAN_POINT('Ctrl Pts',(11.0571906135051,-3.79593833227722,31.140350877193));
#3438=CARTESIAN_POINT('Ctrl Pts',(11.5311758600414,1.92421292237543,31.7631578947368));
#3439=CARTESIAN_POINT('Ctrl Pts',(9.22554236539946,7.18052784620024,32.3859649122807));
#3440=CARTESIAN_POINT('Ctrl Pts',(4.69606884198312,10.7059585987053,33.0087719298246));
#3441=CARTESIAN_POINT('Ctrl Pts',(-0.965403804633836,11.6506912919292,33.6315789473684));
#3442=CARTESIAN_POINT('Ctrl Pts',(-6.39416345296379,9.78699575061824,34.2543859649123));
#3443=CARTESIAN_POINT('Ctrl Pts',(-10.2815940309772,5.56412043974715,34.8771929824561));
#3444=CARTESIAN_POINT('Ctrl Pts',(-11.6906206886477,1.33041623682057E-14,
35.5));
#3445=CARTESIAN_POINT('Ctrl Pts',(-10.2815940309772,-5.56412043974715,36.1228070175438));
#3446=CARTESIAN_POINT('Ctrl Pts',(-6.3941634529638,-9.78699575061824,36.7456140350877));
#3447=CARTESIAN_POINT('Ctrl Pts',(-0.965403804633814,-11.6506912919292,
37.3684210526316));
#3448=CARTESIAN_POINT('Ctrl Pts',(4.69606884198313,-10.7059585987053,37.9912280701754));
#3449=CARTESIAN_POINT('Ctrl Pts',(9.22554236539946,-7.18052784620025,38.6140350877193));
#3450=CARTESIAN_POINT('Ctrl Pts',(11.5311758600414,-1.92421292237543,39.2368421052631));
#3451=CARTESIAN_POINT('Ctrl Pts',(11.0571906135051,3.79593833227719,39.859649122807));
#3452=CARTESIAN_POINT('Ctrl Pts',(7.91784195328771,8.60106917124811,40.4824561403509));
#3453=CARTESIAN_POINT('Ctrl Pts',(2.86987771473096,11.3328908045709,41.1052631578947));
#3454=CARTESIAN_POINT('Ctrl Pts',(-2.86987771473103,11.3328908045709,41.7280701754386));
#3455=CARTESIAN_POINT('Ctrl Pts',(-7.91784195328771,8.60106917124807,42.3508771929825));
#3456=CARTESIAN_POINT('Ctrl Pts',(-11.0571906135052,3.7959383322772,42.9736842105263));
#3457=CARTESIAN_POINT('Ctrl Pts',(-11.5311758600414,-1.92421292237545,43.5964912280702));
#3458=CARTESIAN_POINT('Ctrl Pts',(-9.22554236539944,-7.18052784620026,44.2192982456141));
#3459=CARTESIAN_POINT('Ctrl Pts',(-4.69606884198312,-10.7059585987053,44.8421052631579));
#3460=CARTESIAN_POINT('Ctrl Pts',(0.965403804633813,-11.6506912919292,45.4649122807018));
#3461=CARTESIAN_POINT('Ctrl Pts',(6.39416345296379,-9.78699575061826,46.0877192982456));
#3462=CARTESIAN_POINT('Ctrl Pts',(10.2815940309772,-5.56412043974713,46.7105263157895));
#3463=CARTESIAN_POINT('Ctrl Pts',(11.6906206886477,-2.53988554302108E-14,
47.3333333333333));
#3464=CARTESIAN_POINT('Ctrl Pts',(10.2815940309772,5.56412043974712,47.9561403508772));
#3465=CARTESIAN_POINT('Ctrl Pts',(6.39416345296381,9.78699575061822,48.578947368421));
#3466=CARTESIAN_POINT('Ctrl Pts',(0.965403804633865,11.6506912919293,49.2017543859649));
#3467=CARTESIAN_POINT('Ctrl Pts',(-4.69606884198312,10.7059585987053,49.8245614035088));
#3468=CARTESIAN_POINT('Ctrl Pts',(-9.22554236539936,7.18052784620036,50.4473684210527));
#3469=CARTESIAN_POINT('Ctrl Pts',(-11.5311758600415,1.92421292237536,51.0701754385964));
#3470=CARTESIAN_POINT('Ctrl Pts',(-11.0571906135049,-3.79593833227695,51.6929824561404));
#3471=CARTESIAN_POINT('Ctrl Pts',(-7.91784195328827,-8.6010691712486,52.3157894736842));
#3472=CARTESIAN_POINT('Ctrl Pts',(-2.86987771472978,-11.33289080457,52.9385964912281));
#3473=CARTESIAN_POINT('Ctrl Pts',(2.86987771472864,-11.3328908045728,53.561403508772));
#3474=CARTESIAN_POINT('Ctrl Pts',(7.91784195329248,-8.60106917124418,54.1842105263158));
#3475=CARTESIAN_POINT('Ctrl Pts',(11.0571906134955,-3.79593833228512,54.8070175438596));
#3476=CARTESIAN_POINT('Ctrl Pts',(11.5311758600609,1.9242129223915,55.4298245614035));
#3477=CARTESIAN_POINT('Ctrl Pts',(9.22554236535994,7.18052784616778,56.0526315789474));
#3478=CARTESIAN_POINT('Ctrl Pts',(4.69606884206308,10.705958598771,56.6754385964912));
#3479=CARTESIAN_POINT('Ctrl Pts',(-0.965403804795574,11.6506912917964,57.2982456140351));
#3480=CARTESIAN_POINT('Ctrl Pts',(-6.3941634526365,9.78699575088708,57.921052631579));
#3481=CARTESIAN_POINT('Ctrl Pts',(-10.2815940316394,5.56412043920319,58.5438596491228));
#3482=CARTESIAN_POINT('Ctrl Pts',(-11.6906206873077,1.10072833981864E-9,
59.1666666666667));
#3483=CARTESIAN_POINT('Ctrl Pts',(-10.2815940336887,-5.56412044197433,59.7894736842105));
#3484=CARTESIAN_POINT('Ctrl Pts',(-6.39416344747714,-9.78699574611159,60.4122807017544));
#3485=CARTESIAN_POINT('Ctrl Pts',(-0.965403815735899,-11.6506913010483,
61.0350877192982));
#3486=CARTESIAN_POINT('Ctrl Pts',(4.69606886444757,-10.7059585802534,61.6578947368422));
#3487=CARTESIAN_POINT('Ctrl Pts',(9.22554231994348,-7.18052788353701,62.2807017543859));
#3488=CARTESIAN_POINT('Ctrl Pts',(11.5311759520196,-1.92421284682617,62.9035087719299));
#3489=CARTESIAN_POINT('Ctrl Pts',(11.0571904273911,3.79593817940645,63.5263157894736));
#3490=CARTESIAN_POINT('Ctrl Pts',(7.91784232988153,8.60106948057569,64.1491228070176));
#3491=CARTESIAN_POINT('Ctrl Pts',(2.86987695270919,11.3328901786596,64.7719298245614));
#3492=CARTESIAN_POINT('Ctrl Pts',(-2.86987617281203,11.332892071076,65.3947368421053));
#3493=CARTESIAN_POINT('Ctrl Pts',(-7.91784507329594,8.60106660852827,66.0175438596492));
#3494=CARTESIAN_POINT('Ctrl Pts',(-11.0571843002973,3.79594351783368,66.640350877193));
#3495=CARTESIAN_POINT('Ctrl Pts',(-11.5311886345913,-1.92422341514447,67.2631578947368));
#3496=CARTESIAN_POINT('Ctrl Pts',(-9.2255165160658,-7.18050661431947,67.8859649122807));
#3497=CARTESIAN_POINT('Ctrl Pts',(-4.69612115609087,-10.706001563603,68.5087719298245));
#3498=CARTESIAN_POINT('Ctrl Pts',(0.96550977571891,-11.6506043101575,69.1315789473685));
#3499=CARTESIAN_POINT('Ctrl Pts',(6.39394677037981,-9.78717245108314,69.7543859649122));
#3500=CARTESIAN_POINT('Ctrl Pts',(10.2820499796524,-5.56375386372384,70.3771929824562));
#3501=CARTESIAN_POINT('Ctrl Pts',(11.22,-1.85519313543569,70.7923976608187));
#3502=CARTESIAN_POINT('Ctrl Pts',(11.22,-2.47329667555799E-14,71.));
#3503=CARTESIAN_POINT('Origin',(10.5,-2.3145824503885E-14,71.));
#3504=CARTESIAN_POINT('Origin',(10.5,-2.3145824503885E-14,71.));
#3505=CARTESIAN_POINT('Origin',(10.5,0.,0.));
#3506=CARTESIAN_POINT('',(0.,0.,0.));
#3507=CARTESIAN_POINT('Origin',(1.6,-11.32,-18.3));
#3508=CARTESIAN_POINT('',(9.07180246698528,-11.32,-17.3));
#3509=CARTESIAN_POINT('',(1.6,-11.32,-17.3));
#3510=CARTESIAN_POINT('',(10.4166981332858,-11.32,-17.3));
#3511=CARTESIAN_POINT('',(1.6,-11.32,-16.3));
#3512=CARTESIAN_POINT('',(1.6,-11.32,-18.3));
#3513=CARTESIAN_POINT('',(9.07180246698528,-11.32,-16.3));
#3514=CARTESIAN_POINT('',(4.53590123349264,-11.32,-16.3));
#3515=CARTESIAN_POINT('',(9.07180246698528,-11.32,-18.3));
#3516=CARTESIAN_POINT('Origin',(9.07180246698528,-11.32,-18.3));
#3517=CARTESIAN_POINT('',(9.07180246698527,-12.82,-17.3));
#3518=CARTESIAN_POINT('',(9.07180246698528,-11.32,-17.3));
#3519=CARTESIAN_POINT('',(9.07180246698527,-12.82,-16.3));
#3520=CARTESIAN_POINT('',(9.0718024669853,-8.91000000000004,-16.3));
#3521=CARTESIAN_POINT('',(9.07180246698527,-12.82,-18.3));
#3522=CARTESIAN_POINT('Origin',(0.,-10.,-18.3));
#3523=CARTESIAN_POINT('',(-9.07180246698527,-12.82,-17.3));
#3524=CARTESIAN_POINT('Origin',(0.,-10.,-17.3));
#3525=CARTESIAN_POINT('',(-9.07180246698527,-12.82,-16.3));
#3526=CARTESIAN_POINT('Origin',(0.,-10.,-16.3));
#3527=CARTESIAN_POINT('',(-9.07180246698527,-12.82,-18.3));
#3528=CARTESIAN_POINT('Origin',(0.,-11.32,-18.3));
#3529=CARTESIAN_POINT('',(-1.6,-11.32,-17.3));
#3530=CARTESIAN_POINT('Origin',(0.,-11.32,-17.3));
#3531=CARTESIAN_POINT('',(-1.6,-11.32,-16.3));
#3532=CARTESIAN_POINT('',(-1.6,-11.32,-18.3));
#3533=CARTESIAN_POINT('Origin',(0.,-11.32,-16.3));
#3534=CARTESIAN_POINT('Origin',(-9.07180246698527,-11.32,-18.3));
#3535=CARTESIAN_POINT('',(-9.07180246698527,-11.32,-17.3));
#3536=CARTESIAN_POINT('',(0.,-11.32,-17.3));
#3537=CARTESIAN_POINT('',(-9.07180246698527,-11.32,-16.3));
#3538=CARTESIAN_POINT('',(-9.07180246698527,-11.32,-18.3));
#3539=CARTESIAN_POINT('',(-0.8,-11.32,-16.3));
#3540=CARTESIAN_POINT('Origin',(-9.07180246698527,-12.82,-18.3));
#3541=CARTESIAN_POINT('',(-9.07180246698527,-11.32,-17.3));
#3542=CARTESIAN_POINT('',(-9.07180246698527,-8.16,-16.3));
#3543=CARTESIAN_POINT('Origin',(0.,-5.,-16.3));
#3544=CARTESIAN_POINT('',(10.5,-10.,-16.3));
#3545=CARTESIAN_POINT('Origin',(0.,-10.,-16.3));
#3546=CARTESIAN_POINT('Origin',(-10.8258348544007,-18.4062816193254,-2.1));
#3547=CARTESIAN_POINT('',(-10.8258348543047,-18.4062816194025,-2.1));
#3548=CARTESIAN_POINT('',(-9.74208316620912,-17.0557793436453,-2.1));
#3549=CARTESIAN_POINT('',(-10.8258348544007,-18.4062816193254,-2.1));
#3550=CARTESIAN_POINT('',(-9.74208316620912,-17.0557793436453,-3.75));
#3551=CARTESIAN_POINT('',(-9.74208316620912,-17.0557793436453,0.));
#3552=CARTESIAN_POINT('',(-10.8258348543047,-18.4062816194025,-3.75));
#3553=CARTESIAN_POINT('',(-10.8258348544007,-18.4062816193254,-3.75));
#3554=CARTESIAN_POINT('',(-10.8258348543047,-18.4062816194025,-2.1));
#3555=CARTESIAN_POINT('Origin',(-9.20730413626216,-19.70512089546,-2.1));
#3556=CARTESIAN_POINT('',(-7.45341209702067,-20.8143944708065,-2.1));
#3557=CARTESIAN_POINT('Origin',(-9.20730413626216,-19.70512089546,-2.1));
#3558=CARTESIAN_POINT('',(-7.45341209702067,-20.8143944708065,-3.75));
#3559=CARTESIAN_POINT('Origin',(-9.20730413626216,-19.70512089546,-3.75));
#3560=CARTESIAN_POINT('',(-7.45341209702067,-20.8143944708065,-2.1));
#3561=CARTESIAN_POINT('Origin',(-6.38435690550453,-19.1240924275911,-2.1));
#3562=CARTESIAN_POINT('',(-6.38435690550453,-19.1240924275911,-2.1));
#3563=CARTESIAN_POINT('',(-6.38435690541226,-19.1240924274452,-2.1));
#3564=CARTESIAN_POINT('',(-6.38435690550453,-19.1240924275911,-3.75));
#3565=CARTESIAN_POINT('',(-6.38435690541226,-19.1240924274452,-3.75));
#3566=CARTESIAN_POINT('',(-6.38435690550453,-19.1240924275911,0.));
#3567=CARTESIAN_POINT('Origin',(2.22044604925031E-15,-5.64018094076643,
-3.75));
#3568=CARTESIAN_POINT('Origin',(2.23692204069019E-28,-5.,-3.75));
#3569=CARTESIAN_POINT('Origin',(2.22044604925031E-15,-5.64018094076643,
-2.1));
#3570=CARTESIAN_POINT('Origin',(2.23692204069019E-28,-5.,-2.1));
#3571=CARTESIAN_POINT('Origin',(10.8258348540802,8.40628162007564,-2.1));
#3572=CARTESIAN_POINT('',(10.8258348540118,8.40628162013052,-2.1));
#3573=CARTESIAN_POINT('',(9.74208316785421,7.05577934231593,-2.1));
#3574=CARTESIAN_POINT('',(10.8258348540802,8.40628162007564,-2.1));
#3575=CARTESIAN_POINT('',(9.74208316785421,7.05577934231593,-3.75));
#3576=CARTESIAN_POINT('',(9.74208316785421,7.05577934231594,0.));
#3577=CARTESIAN_POINT('',(10.8258348540118,8.40628162013052,-3.75));
#3578=CARTESIAN_POINT('',(10.8258348540802,8.40628162007564,-3.75));
#3579=CARTESIAN_POINT('',(10.8258348540118,8.40628162013052,-2.1));
#3580=CARTESIAN_POINT('Origin',(9.20730413583035,9.70512089589099,-2.1));
#3581=CARTESIAN_POINT('',(7.45341209666559,10.8143944712138,-2.1));
#3582=CARTESIAN_POINT('Origin',(9.20730413583035,9.70512089589099,-2.1));
#3583=CARTESIAN_POINT('',(7.45341209666559,10.8143944712138,-3.75));
#3584=CARTESIAN_POINT('Origin',(9.20730413583035,9.70512089589099,-3.75));
#3585=CARTESIAN_POINT('',(7.45341209666559,10.8143944712138,-2.1));
#3586=CARTESIAN_POINT('Origin',(6.38435690607725,9.12409242733223,-2.1));
#3587=CARTESIAN_POINT('',(6.38435690607725,9.12409242733223,-2.1));
#3588=CARTESIAN_POINT('',(6.38435690581612,9.12409242691935,-2.1));
#3589=CARTESIAN_POINT('',(6.38435690607725,9.12409242733223,-3.75));
#3590=CARTESIAN_POINT('',(6.38435690581612,9.12409242691935,-3.75));
#3591=CARTESIAN_POINT('',(6.38435690607726,9.12409242733223,0.));
#3592=CARTESIAN_POINT('Origin',(8.83345101382092,9.41807061169494,-3.75));
#3593=CARTESIAN_POINT('Origin',(2.23692204069019E-28,-5.,-3.75));
#3594=CARTESIAN_POINT('Origin',(8.83345101382092,9.41807061169494,-2.1));
#3595=CARTESIAN_POINT('Origin',(2.23692204069019E-28,-5.,-2.1));
#3596=CARTESIAN_POINT('Origin',(7.45341209566649,-20.8143944712661,-2.1));
#3597=CARTESIAN_POINT('',(6.38435690791902,-19.1240924264997,-2.1));
#3598=CARTESIAN_POINT('',(7.45341209599308,-20.8143944710596,-2.1));
#3599=CARTESIAN_POINT('',(6.3843569080451,-19.1240924267787,-2.1));
#3600=CARTESIAN_POINT('',(6.38435690791902,-19.1240924264997,-3.75));
#3601=CARTESIAN_POINT('',(6.38435690787987,-19.1240924265174,0.));
#3602=CARTESIAN_POINT('',(7.45341209599308,-20.8143944710596,-3.75));
#3603=CARTESIAN_POINT('',(6.3843569080451,-19.1240924267787,-3.75));
#3604=CARTESIAN_POINT('',(7.45341209599308,-20.8143944710596,-2.1));
#3605=CARTESIAN_POINT('Origin',(9.20730413520342,-19.7051208961175,-2.1));
#3606=CARTESIAN_POINT('',(10.8258348530188,-18.4062816201645,-2.1));
#3607=CARTESIAN_POINT('Origin',(9.20730413520342,-19.7051208961175,-2.1));
#3608=CARTESIAN_POINT('',(10.8258348530188,-18.4062816201645,-3.75));
#3609=CARTESIAN_POINT('Origin',(9.20730413520342,-19.7051208961175,-3.75));
#3610=CARTESIAN_POINT('',(10.8258348530188,-18.4062816201645,-2.1));
#3611=CARTESIAN_POINT('Origin',(9.74208316973839,-17.0557793412435,-2.1));
#3612=CARTESIAN_POINT('',(9.74208316951834,-17.0557793409712,-2.1));
#3613=CARTESIAN_POINT('',(10.8258348530188,-18.4062816201645,-2.1));
#3614=CARTESIAN_POINT('',(9.74208316951834,-17.0557793409712,-3.75));
#3615=CARTESIAN_POINT('',(10.8258348530188,-18.4062816201645,-3.75));
#3616=CARTESIAN_POINT('',(9.74208316951927,-17.0557793409704,0.));
#3617=CARTESIAN_POINT('Origin',(2.22044604925031E-15,-5.64018094097394,
-3.75));
#3618=CARTESIAN_POINT('Origin',(2.23692204069019E-28,-5.,-3.75));
#3619=CARTESIAN_POINT('Origin',(2.22044604925031E-15,-5.64018094097394,
-2.1));
#3620=CARTESIAN_POINT('Origin',(2.23692204069019E-28,-5.,-2.1));
#3621=CARTESIAN_POINT('Origin',(-7.45341209673493,10.8143944706319,-2.1));
#3622=CARTESIAN_POINT('',(-6.38435690564378,9.12409242752816,-2.1));
#3623=CARTESIAN_POINT('',(-7.45341209655835,10.8143944707436,-2.1));
#3624=CARTESIAN_POINT('',(-6.38435690563856,9.12409242751992,-2.1));
#3625=CARTESIAN_POINT('',(-6.38435690564378,9.12409242752816,-3.75));
#3626=CARTESIAN_POINT('',(-6.38435690564378,9.12409242752817,0.));
#3627=CARTESIAN_POINT('',(-7.45341209655835,10.8143944707436,-3.75));
#3628=CARTESIAN_POINT('',(-6.38435690563856,9.12409242751992,-3.75));
#3629=CARTESIAN_POINT('',(-7.45341209655835,10.8143944707436,-2.1));
#3630=CARTESIAN_POINT('Origin',(-9.20730413607213,9.70512089554039,-2.1));
#3631=CARTESIAN_POINT('',(-10.8258348543712,8.40628161955728,-2.1));
#3632=CARTESIAN_POINT('Origin',(-9.20730413607213,9.70512089554039,-2.1));
#3633=CARTESIAN_POINT('',(-10.8258348543712,8.40628161955728,-3.75));
#3634=CARTESIAN_POINT('Origin',(-9.20730413607213,9.70512089554039,-3.75));
#3635=CARTESIAN_POINT('',(-10.8258348543712,8.40628161955728,-2.1));
#3636=CARTESIAN_POINT('Origin',(-9.74208316685625,7.05577934312236,-2.1));
#3637=CARTESIAN_POINT('',(-9.74208316685625,7.05577934312236,-2.1));
#3638=CARTESIAN_POINT('',(-10.8258348543712,8.40628161955728,-2.1));
#3639=CARTESIAN_POINT('',(-9.74208316685625,7.05577934312236,-3.75));
#3640=CARTESIAN_POINT('',(-10.8258348543712,8.40628161955728,-3.75));
#3641=CARTESIAN_POINT('',(-9.74208316685626,7.05577934312237,0.));
#3642=CARTESIAN_POINT('Origin',(2.22044604925031E-15,-4.35981905911661,
-3.75));
#3643=CARTESIAN_POINT('Origin',(2.23692204069019E-28,-5.,-3.75));
#3644=CARTESIAN_POINT('Origin',(2.22044604925031E-15,-4.35981905911661,
-2.1));
#3645=CARTESIAN_POINT('Origin',(2.23692204069019E-28,-5.,-2.1));
#3646=CARTESIAN_POINT('Origin',(0.,-10.,-13.3));
#3647=CARTESIAN_POINT('',(-9.25678475497837,-14.956,-13.3));
#3648=CARTESIAN_POINT('',(-11.0199818511647,-15.9,-11.3));
#3649=CARTESIAN_POINT('Origin',(-11.0199818511647,-15.9,-13.3));
#3650=CARTESIAN_POINT('',(11.0199818511647,-15.9,-11.3));
#3651=CARTESIAN_POINT('Origin',(0.,-10.,-11.3));
#3652=CARTESIAN_POINT('',(9.25678475497837,-14.956,-13.3));
#3653=CARTESIAN_POINT('Origin',(11.0199818511647,-15.9,-13.3));
#3654=CARTESIAN_POINT('',(10.5,-10.,-13.3));
#3655=CARTESIAN_POINT('Origin',(0.,-10.,-13.3));
#3656=CARTESIAN_POINT('Origin',(0.,-10.,-13.3));
#3657=CARTESIAN_POINT('Ctrl Pts',(-11.0199818511647,-15.9,-11.3));
#3658=CARTESIAN_POINT('Ctrl Pts',(-10.4104981772518,-16.5161925711102,-11.3));
#3659=CARTESIAN_POINT('Ctrl Pts',(-9.09200840775912,-17.6378283751627,-11.3));
#3660=CARTESIAN_POINT('Ctrl Pts',(-6.9644316831148,-18.9193764633446,-11.3));
#3661=CARTESIAN_POINT('Ctrl Pts',(-5.08093834555475,-19.6818915999259,-11.3));
#3662=CARTESIAN_POINT('Ctrl Pts',(-3.54914957060466,-20.1037481203485,-11.3));
#3663=CARTESIAN_POINT('Ctrl Pts',(-2.38144647841654,-20.3314317973713,-11.3));
#3664=CARTESIAN_POINT('Ctrl Pts',(-1.20099056145405,-20.4685429905081,-11.3));
#3665=CARTESIAN_POINT('Ctrl Pts',(-0.414617892070105,-20.4994009139328,
-11.3));
#3666=CARTESIAN_POINT('Ctrl Pts',(-0.0154039182010584,-20.499994237612,
-11.3));
#3667=CARTESIAN_POINT('Ctrl Pts',(-0.00770200826932301,-20.5,-11.3));
#3668=CARTESIAN_POINT('Ctrl Pts',(9.49101269339423E-16,-20.5,-11.3));
#3669=CARTESIAN_POINT('Ctrl Pts',(-10.4924345136209,-15.6175558604773,-11.3));
#3670=CARTESIAN_POINT('Ctrl Pts',(-9.94518602854994,-16.2174901422077,-11.3760393298019));
#3671=CARTESIAN_POINT('Ctrl Pts',(-8.75935815566979,-17.3530441816193,-11.4790073859983));
#3672=CARTESIAN_POINT('Ctrl Pts',(-6.7888496259483,-18.7221579796485,-11.525186952494));
#3673=CARTESIAN_POINT('Ctrl Pts',(-4.98963667701304,-19.5693920542528,-11.4984203599271));
#3674=CARTESIAN_POINT('Ctrl Pts',(-3.50000384454326,-20.0462650757083,-11.451474913526));
#3675=CARTESIAN_POINT('Ctrl Pts',(-2.35447296107179,-20.3062156343796,-11.4067106666397));
#3676=CARTESIAN_POINT('Ctrl Pts',(-1.18921045463137,-20.4637680566433,-11.3553291186142));
#3677=CARTESIAN_POINT('Ctrl Pts',(-0.410548233692869,-20.4993151407699,
-11.3190786870649));
#3678=CARTESIAN_POINT('Ctrl Pts',(-0.0152523973989923,-20.4999932901856,
-11.300708095602));
#3679=CARTESIAN_POINT('Ctrl Pts',(-0.00762628960106665,-20.5,-11.3003541416426));
#3680=CARTESIAN_POINT('Ctrl Pts',(9.5525835507021E-16,-20.5,-11.3));
#3681=CARTESIAN_POINT('Ctrl Pts',(-9.57877740932324,-15.1283919954037,-11.8016824289832));
#3682=CARTESIAN_POINT('Ctrl Pts',(-9.18074143369194,-15.744684323596,-11.9189765883204));
#3683=CARTESIAN_POINT('Ctrl Pts',(-8.24958088967155,-16.9553048792534,-12.0485973645271));
#3684=CARTESIAN_POINT('Ctrl Pts',(-6.52564588749883,-18.4722952347922,-12.0244668420529));
#3685=CARTESIAN_POINT('Ctrl Pts',(-4.84829401175918,-19.4326120907501,-11.8846939208024));
#3686=CARTESIAN_POINT('Ctrl Pts',(-3.42060276461863,-19.9778888205961,-11.7293962539384));
#3687=CARTESIAN_POINT('Ctrl Pts',(-2.30878693978568,-20.2765393329139,-11.5962166305574));
#3688=CARTESIAN_POINT('Ctrl Pts',(-1.16844627957556,-20.4581208514352,-11.4517958540664));
#3689=CARTESIAN_POINT('Ctrl Pts',(-0.403406716493139,-20.4992016460316,
-11.352422491602));
#3690=CARTESIAN_POINT('Ctrl Pts',(-0.0149874842537553,-20.4999923676368,
-11.3019478173838));
#3691=CARTESIAN_POINT('Ctrl Pts',(-0.00749378193161806,-20.5,-11.3009738895171));
#3692=CARTESIAN_POINT('Ctrl Pts',(9.66033255099087E-16,-20.5,-11.3));
#3693=CARTESIAN_POINT('Ctrl Pts',(-9.25678475497837,-14.956,-12.8512010494872));
#3694=CARTESIAN_POINT('Ctrl Pts',(-8.90668472087268,-15.611237419894,-12.8860355563429));
#3695=CARTESIAN_POINT('Ctrl Pts',(-8.0451847481555,-16.8747868182892,-12.8555481137464));
#3696=CARTESIAN_POINT('Ctrl Pts',(-6.38963744292578,-18.4352631369227,-12.6145157090571));
#3697=CARTESIAN_POINT('Ctrl Pts',(-4.75531065593318,-19.4151558191798,-12.3045402613029));
#3698=CARTESIAN_POINT('Ctrl Pts',(-3.3578230965019,-19.9699399711327,-12.018696773619));
#3699=CARTESIAN_POINT('Ctrl Pts',(-2.2674548639149,-20.2733036228418,-11.788796857712));
#3700=CARTESIAN_POINT('Ctrl Pts',(-1.14783217407886,-20.4575559248109,-11.5484592436917));
#3701=CARTESIAN_POINT('Ctrl Pts',(-0.396279045931531,-20.4991941635763,
-11.3857871982476));
#3702=CARTESIAN_POINT('Ctrl Pts',(-0.0147224006983756,-20.4999922053309,
-11.3031872787736));
#3703=CARTESIAN_POINT('Ctrl Pts',(-0.00736127426216942,-20.5,-11.3015936373916));
#3704=CARTESIAN_POINT('Ctrl Pts',(9.76808155127964E-16,-20.5,-11.3));
#3705=CARTESIAN_POINT('Ctrl Pts',(-9.25678475497837,-14.956,-13.3));
#3706=CARTESIAN_POINT('Ctrl Pts',(-8.89835714987092,-15.6254687632611,-13.3));
#3707=CARTESIAN_POINT('Ctrl Pts',(-8.02286233664956,-16.9016358972986,-13.2012572558886));
#3708=CARTESIAN_POINT('Ctrl Pts',(-6.35756852388852,-18.458823790139,-12.8674637003128));
#3709=CARTESIAN_POINT('Ctrl Pts',(-4.72522711814952,-19.4295128349369,-12.4845406715953));
#3710=CARTESIAN_POINT('Ctrl Pts',(-3.33416869139109,-19.977515203357,-12.1427241542227));
#3711=CARTESIAN_POINT('Ctrl Pts',(-2.25050457486668,-20.2766773065942,-11.8713588524949));
#3712=CARTESIAN_POINT('Ctrl Pts',(-1.1389568097834,-20.4581973257589,-11.5898996814501));
#3713=CARTESIAN_POINT('Ctrl Pts',(-0.393219101878514,-20.4992048448293,
-11.4000878722393));
#3714=CARTESIAN_POINT('Ctrl Pts',(-0.0146088598356388,-20.499992345523,
-11.3037184574942));
#3715=CARTESIAN_POINT('Ctrl Pts',(-0.00730448526097717,-20.5,-11.3018592436236));
#3716=CARTESIAN_POINT('Ctrl Pts',(9.81425969426054E-16,-20.5,-11.3));
#3717=CARTESIAN_POINT('',(1.68852878216047E-15,-20.5,-11.3));
#3718=CARTESIAN_POINT('Ctrl Pts',(-9.25678475497837,-14.956,-13.3));
#3719=CARTESIAN_POINT('Ctrl Pts',(-8.89835714987092,-15.6254687632611,-13.3));
#3720=CARTESIAN_POINT('Ctrl Pts',(-8.02286233664956,-16.9016358972986,-13.2012572558886));
#3721=CARTESIAN_POINT('Ctrl Pts',(-6.35756852388852,-18.458823790139,-12.8674637003128));
#3722=CARTESIAN_POINT('Ctrl Pts',(-4.72522711814952,-19.4295128349369,-12.4845406715953));
#3723=CARTESIAN_POINT('Ctrl Pts',(-3.33416869139109,-19.977515203357,-12.1427241542227));
#3724=CARTESIAN_POINT('Ctrl Pts',(-2.25050457486668,-20.2766773065942,-11.8713588524949));
#3725=CARTESIAN_POINT('Ctrl Pts',(-1.1389568097834,-20.4581973257589,-11.5898996814501));
#3726=CARTESIAN_POINT('Ctrl Pts',(-0.393219101878514,-20.4992048448293,
-11.4000878722393));
#3727=CARTESIAN_POINT('Ctrl Pts',(-0.0146088598356388,-20.499992345523,
-11.3037184574942));
#3728=CARTESIAN_POINT('Ctrl Pts',(-0.00730448526097717,-20.5,-11.3018592436236));
#3729=CARTESIAN_POINT('Ctrl Pts',(9.81425969426054E-16,-20.5,-11.3));
#3730=CARTESIAN_POINT('Origin',(2.23692204069019E-28,-5.,-11.3));
#3731=CARTESIAN_POINT('Ctrl Pts',(9.49101269339423E-16,-20.5,-11.3));
#3732=CARTESIAN_POINT('Ctrl Pts',(0.00770200826931725,-20.5,-11.3));
#3733=CARTESIAN_POINT('Ctrl Pts',(0.015393112879946,-20.4999940043242,-11.3));
#3734=CARTESIAN_POINT('Ctrl Pts',(1.59232118636425,-20.4977174308281,-11.3));
#3735=CARTESIAN_POINT('Ctrl Pts',(3.96531412514411,-20.1318455010243,-11.3));
#3736=CARTESIAN_POINT('Ctrl Pts',(7.70485814536647,-18.6216304957205,-11.3));
#3737=CARTESIAN_POINT('Ctrl Pts',(9.80101450333886,-17.1323851422205,-11.3));
#3738=CARTESIAN_POINT('Ctrl Pts',(11.0199818511647,-15.9,-11.3));
#3739=CARTESIAN_POINT('Ctrl Pts',(9.49101269339423E-16,-20.5,-11.3));
#3740=CARTESIAN_POINT('Ctrl Pts',(0.00768740263303319,-20.5000618493086,
-11.3003738809402));
#3741=CARTESIAN_POINT('Ctrl Pts',(0.0151839301353681,-20.4999338248949,
-11.3006895545064));
#3742=CARTESIAN_POINT('Ctrl Pts',(1.57776440029951,-20.4990149481763,-11.37346401596));
#3743=CARTESIAN_POINT('Ctrl Pts',(3.92321038756733,-20.069849895572,-11.4818767879508));
#3744=CARTESIAN_POINT('Ctrl Pts',(7.49707782133177,-18.3910426832718,-11.5346419358925));
#3745=CARTESIAN_POINT('Ctrl Pts',(9.40233900800791,-16.8198291281678,-11.4483486647383));
#3746=CARTESIAN_POINT('Ctrl Pts',(10.4924345136209,-15.6175558604773,-11.3));
#3747=CARTESIAN_POINT('Ctrl Pts',(9.49101269339423E-16,-20.5,-11.3));
#3748=CARTESIAN_POINT('Ctrl Pts',(0.00752419106885039,-20.5000467432038,
-11.3009565857923));
#3749=CARTESIAN_POINT('Ctrl Pts',(0.0149467295571287,-20.4999446307987,
-11.3019631983616));
#3750=CARTESIAN_POINT('Ctrl Pts',(1.5502279566291,-20.498843134145,-11.5008775729258));
#3751=CARTESIAN_POINT('Ctrl Pts',(3.85260232422001,-19.9996958698641,-11.802804318956));
#3752=CARTESIAN_POINT('Ctrl Pts',(7.18841305842279,-18.0980045079405,-12.0789518749635));
#3753=CARTESIAN_POINT('Ctrl Pts',(8.78603096848094,-16.3639752944072,-12.038056937231));
#3754=CARTESIAN_POINT('Ctrl Pts',(9.57912256657992,-15.1285767895206,-11.8022822382267));
#3755=CARTESIAN_POINT('Ctrl Pts',(9.49101269339423E-16,-20.5,-11.3));
#3756=CARTESIAN_POINT('Ctrl Pts',(0.00737301024580538,-20.5000208807914,
-11.3015818626535));
#3757=CARTESIAN_POINT('Ctrl Pts',(0.0146996374038771,-20.4999690913581,
-11.3031967539205));
#3758=CARTESIAN_POINT('Ctrl Pts',(1.52249615510574,-20.4982410181753,-11.6290480431014));
#3759=CARTESIAN_POINT('Ctrl Pts',(3.78521121714358,-19.9941744247963,-12.1221148726318));
#3760=CARTESIAN_POINT('Ctrl Pts',(7.03429569365342,-18.0521969624799,-12.7353195387934));
#3761=CARTESIAN_POINT('Ctrl Pts',(8.55608264405736,-16.2672640985023,-12.9221663279468));
#3762=CARTESIAN_POINT('Ctrl Pts',(9.25678475497837,-14.956,-12.8512010494872));
#3763=CARTESIAN_POINT('Ctrl Pts',(9.49101269339423E-16,-20.5,-11.3));
#3764=CARTESIAN_POINT('Ctrl Pts',(0.00730448526097025,-20.5,-11.3018592436236));
#3765=CARTESIAN_POINT('Ctrl Pts',(0.0145971747819187,-20.4999890704446,
-11.3037167368936));
#3766=CARTESIAN_POINT('Ctrl Pts',(1.51055697074658,-20.4978380392152,-11.6841243099872));
#3767=CARTESIAN_POINT('Ctrl Pts',(3.75647991298955,-20.0032063218404,-12.2586905565034));
#3768=CARTESIAN_POINT('Ctrl Pts',(7.00154194855284,-18.0792126866596,-13.0167938670112));
#3769=CARTESIAN_POINT('Ctrl Pts',(8.5399295447635,-16.2949375265222,-13.3));
#3770=CARTESIAN_POINT('Ctrl Pts',(9.25678475497837,-14.956,-13.3));
#3771=CARTESIAN_POINT('Origin',(2.23692204069019E-28,-5.,-11.3));
#3772=CARTESIAN_POINT('Ctrl Pts',(9.49101269339423E-16,-20.5,-11.3));
#3773=CARTESIAN_POINT('Ctrl Pts',(0.00730448526097025,-20.5,-11.3018592436236));
#3774=CARTESIAN_POINT('Ctrl Pts',(0.0145971747819187,-20.4999890704446,
-11.3037167368936));
#3775=CARTESIAN_POINT('Ctrl Pts',(1.51055697074658,-20.4978380392152,-11.6841243099872));
#3776=CARTESIAN_POINT('Ctrl Pts',(3.75647991298955,-20.0032063218404,-12.2586905565034));
#3777=CARTESIAN_POINT('Ctrl Pts',(7.00154194855284,-18.0792126866596,-13.0167938670112));
#3778=CARTESIAN_POINT('Ctrl Pts',(8.5399295447635,-16.2949375265222,-13.3));
#3779=CARTESIAN_POINT('Ctrl Pts',(9.25678475497837,-14.956,-13.3));
#3780=CARTESIAN_POINT('Origin',(0.,-5.,-11.3));
#3781=CARTESIAN_POINT('',(-15.5,-5.,-11.3));
#3782=CARTESIAN_POINT('Origin',(2.23692204069019E-28,-5.,-11.3));
#3783=CARTESIAN_POINT('Origin',(2.23692204069019E-28,-5.,-11.3));
#3784=CARTESIAN_POINT('Origin',(5.55111512312578E-15,-15.41,-17.3));
#3785=CARTESIAN_POINT('Origin',(0.,-10.,-18.3));
#3786=CARTESIAN_POINT('',(10.5,-10.,-18.3));
#3787=CARTESIAN_POINT('Origin',(2.23692204069019E-28,-5.,0.));
#3788=CARTESIAN_POINT('',(-15.5,-5.,0.));
#3789=CARTESIAN_POINT('',(-15.5,-5.,0.));
#3790=CARTESIAN_POINT('',(-13.4983202079925,2.61875000000001,0.));
#3791=CARTESIAN_POINT('Origin',(2.23692204069019E-28,-5.,0.));
#3792=CARTESIAN_POINT('',(13.4983202079925,2.61875000000001,0.));
#3793=CARTESIAN_POINT('Origin',(2.23692204069019E-28,-5.,0.));
#3794=CARTESIAN_POINT('Origin',(2.23692204069019E-28,-5.,0.));
#3795=CARTESIAN_POINT('Origin',(0.,-5.,0.));
#3796=CARTESIAN_POINT('',(-13.75,-1.68388934882761E-15,0.));
#3797=CARTESIAN_POINT('Origin',(0.,0.,0.));
#3798=CARTESIAN_POINT('Origin',(0.,0.,0.));
#3799=CARTESIAN_POINT('Origin',(0.,0.,2.));
#3800=CARTESIAN_POINT('',(-11.95,-1.46345292498109E-15,2.));
#3801=CARTESIAN_POINT('Origin',(0.,0.,2.));
#3802=CARTESIAN_POINT('Origin',(0.,0.,0.));
#3803=CARTESIAN_POINT('',(-11.95,-1.46345292498109E-15,78.));
#3804=CARTESIAN_POINT('Origin',(0.,0.,78.));
#3805=CARTESIAN_POINT('',(-11.95,-1.46345292498109E-15,0.));
#3806=CARTESIAN_POINT('Origin',(0.,0.,0.));
#3807=CARTESIAN_POINT('',(-13.75,-1.68388934882761E-15,78.));
#3808=CARTESIAN_POINT('Origin',(0.,0.,78.));
#3809=CARTESIAN_POINT('',(-13.75,-1.68388934882761E-15,0.));
#3810=CARTESIAN_POINT('Origin',(0.,0.,0.));
#3811=CARTESIAN_POINT('Origin',(0.,0.,78.));
#3812=CARTESIAN_POINT('Origin',(0.,0.,0.));
#3813=CARTESIAN_POINT('Origin',(-1.04,16.05,5.17));
#3814=CARTESIAN_POINT('',(8.41944674413805E-16,16.05,6.87));
#3815=CARTESIAN_POINT('',(8.41944674413805E-16,17.75,5.17));
#3816=CARTESIAN_POINT('Origin',(8.32667268468867E-16,16.05,5.17));
#3817=CARTESIAN_POINT('',(-2.08,17.75,5.17));
#3818=CARTESIAN_POINT('',(-1.04,17.75,5.17));
#3819=CARTESIAN_POINT('',(-2.08,16.05,6.87));
#3820=CARTESIAN_POINT('Origin',(-2.08,16.05,5.17));
#3821=CARTESIAN_POINT('',(-1.04,16.05,6.87));
#3822=CARTESIAN_POINT('Origin',(-2.08,13.75,3.4));
#3823=CARTESIAN_POINT('',(-2.08,17.75,5.1));
#3824=CARTESIAN_POINT('',(-2.08,17.75,3.4));
#3825=CARTESIAN_POINT('',(-2.08,16.05,3.4));
#3826=CARTESIAN_POINT('Origin',(-2.08,16.05,5.1));
#3827=CARTESIAN_POINT('',(-2.08,13.75,3.4));
#3828=CARTESIAN_POINT('',(-2.08,13.75,3.4));
#3829=CARTESIAN_POINT('',(-2.08,13.75,6.87));
#3830=CARTESIAN_POINT('',(-2.08,13.75,3.4));
#3831=CARTESIAN_POINT('',(-2.08,13.75,6.87));
#3832=CARTESIAN_POINT('Origin',(8.41944674413805E-16,17.75,36.0625));
#3833=CARTESIAN_POINT('',(8.41944674413805E-16,17.75,5.1));
#3834=CARTESIAN_POINT('',(8.41944674413805E-16,17.75,6.87));
#3835=CARTESIAN_POINT('',(8.41944674413805E-16,17.75,5.1));
#3836=CARTESIAN_POINT('Origin',(8.41944674413805E-16,16.05,5.1));
#3837=CARTESIAN_POINT('',(8.41944674413805E-16,16.05,3.4));
#3838=CARTESIAN_POINT('Origin',(8.41944674413805E-16,16.05,5.1));
#3839=CARTESIAN_POINT('',(8.41944674413805E-16,16.05,3.4));
#3840=CARTESIAN_POINT('Origin',(-2.08,13.75,6.87));
#3841=CARTESIAN_POINT('',(8.41944674413805E-16,13.75,6.87));
#3842=CARTESIAN_POINT('',(-2.08,13.75,6.87));
#3843=CARTESIAN_POINT('',(8.41944674413805E-16,13.75,6.87));
#3844=CARTESIAN_POINT('Origin',(8.41944674413805E-16,13.75,3.4));
#3845=CARTESIAN_POINT('',(8.41944674413805E-16,13.75,3.4));
#3846=CARTESIAN_POINT('',(8.41944674413805E-16,13.75,3.4));
#3847=CARTESIAN_POINT('',(8.41944674413805E-16,13.75,3.4));
#3848=CARTESIAN_POINT('Origin',(8.41944674413805E-16,13.75,6.87));
#3849=CARTESIAN_POINT('',(8.41944674413805E-16,13.75,6.87));
#3850=CARTESIAN_POINT('Origin',(8.41944674413805E-16,13.75,36.0625));
#3851=CARTESIAN_POINT('Origin',(0.350000000000001,18.75,67.8625));
#3852=CARTESIAN_POINT('',(2.35,18.75,65.275));
#3853=CARTESIAN_POINT('',(0.350000000000003,20.75,65.275));
#3854=CARTESIAN_POINT('Origin',(0.350000000000003,18.75,65.275));
#3855=CARTESIAN_POINT('',(0.350000000000001,20.75,68.725));
#3856=CARTESIAN_POINT('',(0.350000000000001,20.75,67.8625));
#3857=CARTESIAN_POINT('',(2.35,18.75,68.725));
#3858=CARTESIAN_POINT('Origin',(0.350000000000001,18.75,68.725));
#3859=CARTESIAN_POINT('',(2.35,18.75,67.8625));
#3860=CARTESIAN_POINT('Origin',(-2.35,13.75,68.725));
#3861=CARTESIAN_POINT('',(-0.349999999999999,20.75,68.725));
#3862=CARTESIAN_POINT('',(-2.35,20.75,68.725));
#3863=CARTESIAN_POINT('',(-2.35,18.75,68.725));
#3864=CARTESIAN_POINT('Origin',(-0.349999999999999,18.75,68.725));
#3865=CARTESIAN_POINT('',(-2.35,13.75,68.725));
#3866=CARTESIAN_POINT('',(-2.35,13.75,68.725));
#3867=CARTESIAN_POINT('',(2.35,13.75,68.725));
#3868=CARTESIAN_POINT('',(-2.35,13.75,68.725));
#3869=CARTESIAN_POINT('',(2.35,13.75,68.725));
#3870=CARTESIAN_POINT('Origin',(8.32667268468867E-16,20.75,67.));
#3871=CARTESIAN_POINT('',(-0.350000000000002,20.75,65.275));
#3872=CARTESIAN_POINT('',(8.41944674413805E-16,20.75,65.275));
#3873=CARTESIAN_POINT('',(-0.350000000000001,20.75,66.1375));
#3874=CARTESIAN_POINT('Origin',(-0.350000000000001,18.75,66.1375));
#3875=CARTESIAN_POINT('',(-2.35,18.75,65.275));
#3876=CARTESIAN_POINT('Origin',(-0.350000000000002,18.75,65.275));
#3877=CARTESIAN_POINT('',(-2.35,18.75,66.1375));
#3878=CARTESIAN_POINT('Origin',(8.32667268468867E-16,17.25,65.275));
#3879=CARTESIAN_POINT('',(2.025,17.25,61.825));
#3880=CARTESIAN_POINT('Origin',(8.32667268468867E-16,17.25,61.825));
#3881=CARTESIAN_POINT('',(2.025,17.25,65.275));
#3882=CARTESIAN_POINT('',(2.025,17.25,65.275));
#3883=CARTESIAN_POINT('Origin',(8.32667268468867E-16,17.25,65.275));
#3884=CARTESIAN_POINT('Origin',(8.32667268468867E-16,17.25,61.825));
#3885=CARTESIAN_POINT('Origin',(2.35,13.75,65.275));
#3886=CARTESIAN_POINT('',(2.35,13.75,65.275));
#3887=CARTESIAN_POINT('',(2.35,13.75,65.275));
#3888=CARTESIAN_POINT('',(-2.35,13.75,65.275));
#3889=CARTESIAN_POINT('',(8.41944674413805E-16,13.75,65.275));
#3890=CARTESIAN_POINT('',(-2.35,13.75,65.275));
#3891=CARTESIAN_POINT('Origin',(2.35,13.75,68.725));
#3892=CARTESIAN_POINT('',(2.35,13.75,65.275));
#3893=CARTESIAN_POINT('Origin',(-2.35,13.75,65.275));
#3894=CARTESIAN_POINT('',(-2.35,13.75,65.275));
#3895=CARTESIAN_POINT('Origin',(8.41944674413805E-16,13.75,67.));
#3896=CARTESIAN_POINT('Origin',(13.75,1.4475,49.5500000000011));
#3897=CARTESIAN_POINT('',(13.75,1.4475,49.5500000000011));
#3898=CARTESIAN_POINT('',(13.75,1.4475,34.4500000000011));
#3899=CARTESIAN_POINT('',(13.75,1.4475,34.4500000000011));
#3900=CARTESIAN_POINT('',(16.75,1.4475,34.4500000000011));
#3901=CARTESIAN_POINT('',(13.75,1.4475,34.4500000000011));
#3902=CARTESIAN_POINT('',(16.75,1.4475,49.5500000000011));
#3903=CARTESIAN_POINT('',(16.75,1.4475,34.4500000000011));
#3904=CARTESIAN_POINT('',(13.75,1.4475,49.5500000000011));
#3905=CARTESIAN_POINT('Origin',(13.75,-2.52583402324142E-15,49.5500000000011));
#3906=CARTESIAN_POINT('',(13.75,-1.4475,49.5500000000011));
#3907=CARTESIAN_POINT('Origin',(13.75,-2.52583402324142E-15,49.5500000000011));
#3908=CARTESIAN_POINT('',(16.75,-1.4475,49.5500000000011));
#3909=CARTESIAN_POINT('Origin',(16.75,-2.52583402324142E-15,49.5500000000011));
#3910=CARTESIAN_POINT('',(13.75,-1.4475,49.5500000000011));
#3911=CARTESIAN_POINT('Origin',(13.75,-1.4475,34.4500000000011));
#3912=CARTESIAN_POINT('',(13.75,-1.4475,34.4500000000011));
#3913=CARTESIAN_POINT('',(13.75,-1.4475,49.5500000000011));
#3914=CARTESIAN_POINT('',(16.75,-1.4475,34.4500000000011));
#3915=CARTESIAN_POINT('',(16.75,-1.4475,49.5500000000011));
#3916=CARTESIAN_POINT('',(13.75,-1.4475,34.4500000000011));
#3917=CARTESIAN_POINT('Origin',(13.75,-2.52583402324142E-15,34.4500000000011));
#3918=CARTESIAN_POINT('Origin',(13.75,-2.52583402324142E-15,34.4500000000011));
#3919=CARTESIAN_POINT('Origin',(16.75,-2.52583402324142E-15,34.4500000000011));
#3920=CARTESIAN_POINT('Origin',(13.75,2.7475,34.4500068480793));
#3921=CARTESIAN_POINT('',(13.75,2.7475,34.4500068480793));
#3922=CARTESIAN_POINT('',(13.75,2.7475,49.5500024184593));
#3923=CARTESIAN_POINT('',(13.75,2.7475,34.4500068480793));
#3924=CARTESIAN_POINT('',(16.75,2.7475,49.5500024184593));
#3925=CARTESIAN_POINT('',(13.75,2.7475,49.5500024184593));
#3926=CARTESIAN_POINT('',(16.75,2.7475,34.4500068480793));
#3927=CARTESIAN_POINT('',(16.75,2.7475,34.4500068480793));
#3928=CARTESIAN_POINT('',(13.75,2.7475,34.4500068480793));
#3929=CARTESIAN_POINT('Origin',(13.75,-2.52583402324142E-15,34.4500000000011));
#3930=CARTESIAN_POINT('',(13.75,-2.7475,34.4500029024732));
#3931=CARTESIAN_POINT('Origin',(13.75,-2.52583402324142E-15,34.4500000000011));
#3932=CARTESIAN_POINT('',(16.75,-2.7475,34.4500029024732));
#3933=CARTESIAN_POINT('Origin',(16.75,-2.52583402324142E-15,34.4500000000011));
#3934=CARTESIAN_POINT('',(13.75,-2.7475,34.4500029024732));
#3935=CARTESIAN_POINT('Origin',(13.75,-2.7475,49.5500001494244));
#3936=CARTESIAN_POINT('',(13.75,-2.74750000000106,49.5500001494244));
#3937=CARTESIAN_POINT('',(13.75,-2.7475,49.5500001501056));
#3938=CARTESIAN_POINT('',(16.75,-2.74750000000106,49.5500001494244));
#3939=CARTESIAN_POINT('',(16.75,-2.7475,49.5500001501056));
#3940=CARTESIAN_POINT('',(13.75,-2.74750000000106,49.5500001494244));
#3941=CARTESIAN_POINT('Origin',(13.75,-2.52583402324142E-15,49.5500000000011));
#3942=CARTESIAN_POINT('Origin',(13.75,-2.52583402324142E-15,49.5500000000011));
#3943=CARTESIAN_POINT('Origin',(16.75,-2.52583402324142E-15,49.5500000000011));
#3944=CARTESIAN_POINT('Origin',(16.75,-2.52583402324142E-15,42.0000000000008));
#3945=CARTESIAN_POINT('Origin',(13.75,-2.52583402324142E-15,42.0000000000008));
#3946=CARTESIAN_POINT('Origin',(0.539999999999996,-16.05,39.77));
#3947=CARTESIAN_POINT('',(-1.08000000000003,-16.05,41.47));
#3948=CARTESIAN_POINT('',(-1.08000000000003,-17.75,39.77));
#3949=CARTESIAN_POINT('Origin',(-1.08000000000003,-16.05,39.77));
#3950=CARTESIAN_POINT('',(1.08,-17.75,39.77));
#3951=CARTESIAN_POINT('',(0.539999999999996,-17.75,39.77));
#3952=CARTESIAN_POINT('',(1.08,-16.05,41.47));
#3953=CARTESIAN_POINT('Origin',(1.08,-16.05,39.77));
#3954=CARTESIAN_POINT('',(0.539999999999996,-16.05,41.47));
#3955=CARTESIAN_POINT('Origin',(1.08000000000001,-13.75,38.));
#3956=CARTESIAN_POINT('',(1.08,-17.75,39.7));
#3957=CARTESIAN_POINT('',(1.08,-17.75,41.47));
#3958=CARTESIAN_POINT('',(1.08,-16.05,38.));
#3959=CARTESIAN_POINT('Origin',(1.08,-16.05,39.7));
#3960=CARTESIAN_POINT('',(1.08000000000001,-13.75,38.));
#3961=CARTESIAN_POINT('',(1.08000000000001,-13.75,38.));
#3962=CARTESIAN_POINT('',(1.08000000000001,-13.75,41.47));
#3963=CARTESIAN_POINT('',(1.08000000000001,-13.75,41.47));
#3964=CARTESIAN_POINT('',(1.08000000000001,-13.75,41.47));
#3965=CARTESIAN_POINT('Origin',(-1.23512311489549E-14,-17.75,39.735));
#3966=CARTESIAN_POINT('',(-1.08000000000003,-17.75,39.7));
#3967=CARTESIAN_POINT('',(-1.08000000000003,-17.75,38.));
#3968=CARTESIAN_POINT('',(-0.54000000000002,-17.75,39.7));
#3969=CARTESIAN_POINT('Origin',(-0.54000000000002,-16.05,39.7));
#3970=CARTESIAN_POINT('',(-1.08000000000003,-16.05,38.));
#3971=CARTESIAN_POINT('Origin',(-1.08000000000003,-16.05,39.7));
#3972=CARTESIAN_POINT('',(-0.54000000000002,-16.05,38.));
#3973=CARTESIAN_POINT('Origin',(-1.08000000000003,-13.75,38.));
#3974=CARTESIAN_POINT('',(-1.08000000000003,-13.75,38.));
#3975=CARTESIAN_POINT('',(-1.08000000000003,-13.75,38.));
#3976=CARTESIAN_POINT('',(1.08000000000001,-13.75,38.));
#3977=CARTESIAN_POINT('Origin',(-1.08000000000003,-13.75,41.47));
#3978=CARTESIAN_POINT('',(-1.08000000000003,-13.75,41.47));
#3979=CARTESIAN_POINT('',(-1.08000000000003,-13.75,41.47));
#3980=CARTESIAN_POINT('',(-1.08000000000003,-13.75,38.));
#3981=CARTESIAN_POINT('Origin',(1.08000000000001,-13.75,41.47));
#3982=CARTESIAN_POINT('',(-1.08000000000003,-13.75,41.47));
#3983=CARTESIAN_POINT('Origin',(-1.08803389257649E-14,-13.75,39.735));
#3984=CARTESIAN_POINT('Origin',(-6.5,-5.61,-17.3));
#3985=CARTESIAN_POINT('',(-0.500000000000004,-5.61,-22.3));
#3986=CARTESIAN_POINT('',(-2.1,-5.61,-18.3));
#3987=CARTESIAN_POINT('',(-2.57586206896552,-5.61,-17.1103448275862));
#3988=CARTESIAN_POINT('',(2.1,-5.61,-18.3));
#3989=CARTESIAN_POINT('',(-3.25,-5.61,-18.3));
#3990=CARTESIAN_POINT('',(0.499999999999996,-5.61,-22.3));
#3991=CARTESIAN_POINT('',(0.879310344827582,-5.61,-21.351724137931));
#3992=CARTESIAN_POINT('',(6.49999999999999,-5.61,-22.3));
#3993=CARTESIAN_POINT('Origin',(6.49999999999999,-7.31,-17.3));
#3994=CARTESIAN_POINT('',(-2.1,-7.31,-18.3));
#3995=CARTESIAN_POINT('',(-0.500000000000004,-7.31,-22.3));
#3996=CARTESIAN_POINT('',(-1.67931034482759,-7.31,-19.351724137931));
#3997=CARTESIAN_POINT('',(0.499999999999996,-7.31,-22.3));
#3998=CARTESIAN_POINT('',(-6.5,-7.31,-22.3));
#3999=CARTESIAN_POINT('',(2.1,-7.31,-18.3));
#4000=CARTESIAN_POINT('',(1.77586206896551,-7.31,-19.1103448275862));
#4001=CARTESIAN_POINT('',(3.25,-7.31,-18.3));
#4002=CARTESIAN_POINT('Origin',(-4.44089209850063E-15,-6.46,-22.3));
#4003=CARTESIAN_POINT('',(-0.500000000000006,-6.885,-22.3));
#4004=CARTESIAN_POINT('',(0.499999999999997,-6.885,-22.3));
#4005=CARTESIAN_POINT('Origin',(0.499999999999996,-7.31,-22.3));
#4006=CARTESIAN_POINT('',(2.1,-7.31,-18.3));
#4007=CARTESIAN_POINT('Origin',(-2.1,-7.31,-18.3));
#4008=CARTESIAN_POINT('',(-2.1,-7.31,-18.3));
#4009=CARTESIAN_POINT('Origin',(0.,-5.,-18.3));
#4010=CARTESIAN_POINT('Origin',(-9.07180246698527,-11.32,-16.3));
#4011=CARTESIAN_POINT('',(-9.07180246698527,-12.82,-16.3));
#4012=CARTESIAN_POINT('',(-9.07180246698527,-11.32,-16.3));
#4013=CARTESIAN_POINT('',(-9.07180246698527,-8.16,-16.3));
#4014=CARTESIAN_POINT('',(-9.07180246698527,-12.82,-18.3));
#4015=CARTESIAN_POINT('',(-9.07180246698527,-12.82,-16.3));
#4016=CARTESIAN_POINT('',(-9.07180246698527,-11.32,-18.3));
#4017=CARTESIAN_POINT('',(-9.07180246698527,-8.16,-18.3));
#4018=CARTESIAN_POINT('',(-9.07180246698527,-11.32,-16.3));
#4019=CARTESIAN_POINT('Origin',(-1.6,-11.32,-16.3));
#4020=CARTESIAN_POINT('',(-1.6,-11.32,-16.3));
#4021=CARTESIAN_POINT('',(-0.8,-11.32,-16.3));
#4022=CARTESIAN_POINT('',(-1.6,-11.32,-18.3));
#4023=CARTESIAN_POINT('',(-0.8,-11.32,-18.3));
#4024=CARTESIAN_POINT('',(-1.6,-11.32,-16.3));
#4025=CARTESIAN_POINT('Origin',(0.,-11.32,-16.3));
#4026=CARTESIAN_POINT('',(1.6,-11.32,-16.3));
#4027=CARTESIAN_POINT('Origin',(0.,-11.32,-16.3));
#4028=CARTESIAN_POINT('',(1.6,-11.32,-18.3));
#4029=CARTESIAN_POINT('Origin',(0.,-11.32,-18.3));
#4030=CARTESIAN_POINT('',(1.6,-11.32,-16.3));
#4031=CARTESIAN_POINT('Origin',(9.07180246698528,-11.32,-16.3));
#4032=CARTESIAN_POINT('',(9.07180246698528,-11.32,-16.3));
#4033=CARTESIAN_POINT('',(4.53590123349264,-11.32,-16.3));
#4034=CARTESIAN_POINT('',(9.07180246698528,-11.32,-18.3));
#4035=CARTESIAN_POINT('',(4.53590123349264,-11.32,-18.3));
#4036=CARTESIAN_POINT('',(9.07180246698528,-11.32,-16.3));
#4037=CARTESIAN_POINT('Origin',(9.07180246698527,-12.82,-16.3));
#4038=CARTESIAN_POINT('',(9.07180246698527,-12.82,-16.3));
#4039=CARTESIAN_POINT('',(9.0718024669853,-8.91000000000004,-16.3));
#4040=CARTESIAN_POINT('',(9.07180246698527,-12.82,-18.3));
#4041=CARTESIAN_POINT('',(9.0718024669853,-8.91000000000004,-18.3));
#4042=CARTESIAN_POINT('',(9.07180246698527,-12.82,-16.3));
#4043=CARTESIAN_POINT('Origin',(0.,-10.,-16.3));
#4044=CARTESIAN_POINT('Origin',(0.,-10.,-16.3));
#4045=CARTESIAN_POINT('Origin',(0.,-10.,-18.3));
#4046=CARTESIAN_POINT('Origin',(0.,-10.,-16.3));
#4047=CARTESIAN_POINT('',(10.5,-10.,-18.3));
#4048=CARTESIAN_POINT('Origin',(0.,-10.,-18.3));
#4049=CARTESIAN_POINT('',(10.5,-10.,-16.3));
#4050=CARTESIAN_POINT('',(10.5,-10.,-16.3));
#4051=CARTESIAN_POINT('Origin',(0.,-10.,-16.3));
#4052=CARTESIAN_POINT('Origin',(0.,-5.,-18.3));
#4053=CARTESIAN_POINT('Origin',(0.,-5.,-16.3));
#4054=CARTESIAN_POINT('',(0.219999999999998,80.4453540342754,1.38543929087348));
#4055=CARTESIAN_POINT('',(0.,-2.55464596572466,1.38543929087353));
#4056=CARTESIAN_POINT('Origin',(0.,0.,0.));
#4057=UNCERTAINTY_MEASURE_WITH_UNIT(LENGTH_MEASURE(0.01),#4065,
'DISTANCE_ACCURACY_VALUE',
'Maximum model space distance between geometric entities at asserted c
onnectivities');
#4058=UNCERTAINTY_MEASURE_WITH_UNIT(LENGTH_MEASURE(0.01),#4065,
'DISTANCE_ACCURACY_VALUE',
'Maximum model space distance between geometric entities at asserted c
onnectivities');
#4059=UNCERTAINTY_MEASURE_WITH_UNIT(LENGTH_MEASURE(0.01),#4065,
'DISTANCE_ACCURACY_VALUE',
'Maximum model space distance between geometric entities at asserted c
onnectivities');
#4060=UNCERTAINTY_MEASURE_WITH_UNIT(LENGTH_MEASURE(0.01),#4065,
'DISTANCE_ACCURACY_VALUE',
'Maximum model space distance between geometric entities at asserted c
onnectivities');
#4061=(
GEOMETRIC_REPRESENTATION_CONTEXT(3)
GLOBAL_UNCERTAINTY_ASSIGNED_CONTEXT((#4057))
GLOBAL_UNIT_ASSIGNED_CONTEXT((#4065,#4067,#4068))
REPRESENTATION_CONTEXT('','3D')
);
#4062=(
GEOMETRIC_REPRESENTATION_CONTEXT(3)
GLOBAL_UNCERTAINTY_ASSIGNED_CONTEXT((#4058))
GLOBAL_UNIT_ASSIGNED_CONTEXT((#4065,#4067,#4068))
REPRESENTATION_CONTEXT('','3D')
);
#4063=(
GEOMETRIC_REPRESENTATION_CONTEXT(3)
GLOBAL_UNCERTAINTY_ASSIGNED_CONTEXT((#4059))
GLOBAL_UNIT_ASSIGNED_CONTEXT((#4065,#4067,#4068))
REPRESENTATION_CONTEXT('','3D')
);
#4064=(
GEOMETRIC_REPRESENTATION_CONTEXT(3)
GLOBAL_UNCERTAINTY_ASSIGNED_CONTEXT((#4060))
GLOBAL_UNIT_ASSIGNED_CONTEXT((#4065,#4067,#4068))
REPRESENTATION_CONTEXT('','3D')
);
#4065=(
LENGTH_UNIT()
NAMED_UNIT(*)
SI_UNIT(.MILLI.,.METRE.)
);
#4066=(
LENGTH_UNIT()
NAMED_UNIT(*)
SI_UNIT($,.METRE.)
);
#4067=(
NAMED_UNIT(*)
PLANE_ANGLE_UNIT()
SI_UNIT($,.RADIAN.)
);
#4068=(
NAMED_UNIT(*)
SI_UNIT($,.STERADIAN.)
SOLID_ANGLE_UNIT()
);
#4069=SHAPE_DEFINITION_REPRESENTATION(#4072,#4077);
#4070=SHAPE_DEFINITION_REPRESENTATION(#4073,#4078);
#4071=SHAPE_DEFINITION_REPRESENTATION(#4074,#4079);
#4072=PRODUCT_DEFINITION_SHAPE('',$,#4081);
#4073=PRODUCT_DEFINITION_SHAPE('',$,#4082);
#4074=PRODUCT_DEFINITION_SHAPE('',$,#4083);
#4075=PRODUCT_DEFINITION_SHAPE($,$,#20);
#4076=PRODUCT_DEFINITION_SHAPE($,$,#21);
#4077=SHAPE_REPRESENTATION('',(#1577,#1740,#1741),#4061);
#4078=SHAPE_REPRESENTATION('',(#1578),#4062);
#4079=SHAPE_REPRESENTATION('',(#1583),#4063);
#4080=PRODUCT_DEFINITION_CONTEXT('part definition',#4091,'design');
#4081=PRODUCT_DEFINITION('plunger_gasket_subassy',
'plunger_gasket_subassy v16',#4084,#4080);
#4082=PRODUCT_DEFINITION('PlungerSpring','PlungerSpring v5',#4085,#4080);
#4083=PRODUCT_DEFINITION('PlungerSpringHousing',
'PlungerSpringHousing v14',#4086,#4080);
#4084=PRODUCT_DEFINITION_FORMATION('',$,#4093);
#4085=PRODUCT_DEFINITION_FORMATION('',$,#4094);
#4086=PRODUCT_DEFINITION_FORMATION('',$,#4095);
#4087=PRODUCT_RELATED_PRODUCT_CATEGORY('plunger_gasket_subassy v16',
'plunger_gasket_subassy v16',(#4093));
#4088=PRODUCT_RELATED_PRODUCT_CATEGORY('PlungerSpring v5',
'PlungerSpring v5',(#4094));
#4089=PRODUCT_RELATED_PRODUCT_CATEGORY('PlungerSpringHousing v14',
'PlungerSpringHousing v14',(#4095));
#4090=APPLICATION_PROTOCOL_DEFINITION('international standard',
'automotive_design',2009,#4091);
#4091=APPLICATION_CONTEXT(
'Core Data for Automotive Mechanical Design Process');
#4092=PRODUCT_CONTEXT('part definition',#4091,'mechanical');
#4093=PRODUCT('plunger_gasket_subassy','plunger_gasket_subassy v16',$,(#4092));
#4094=PRODUCT('PlungerSpring','PlungerSpring v5',$,(#4092));
#4095=PRODUCT('PlungerSpringHousing','PlungerSpringHousing v14',$,(#4092));
#4096=PRESENTATION_STYLE_ASSIGNMENT((#4100));
#4097=PRESENTATION_STYLE_ASSIGNMENT((#4101));
#4098=PRESENTATION_STYLE_ASSIGNMENT((#4102));
#4099=PRESENTATION_STYLE_ASSIGNMENT((NULL_STYLE(.NULL.)));
#4100=SURFACE_STYLE_USAGE(.BOTH.,#4103);
#4101=SURFACE_STYLE_USAGE(.BOTH.,#4104);
#4102=SURFACE_STYLE_USAGE(.BOTH.,#4105);
#4103=SURFACE_SIDE_STYLE('',(#4106));
#4104=SURFACE_SIDE_STYLE('',(#4107));
#4105=SURFACE_SIDE_STYLE('',(#4108));
#4106=SURFACE_STYLE_FILL_AREA(#4109);
#4107=SURFACE_STYLE_FILL_AREA(#4110);
#4108=SURFACE_STYLE_FILL_AREA(#4111);
#4109=FILL_AREA_STYLE('Plastic - Glossy (Grey)',(#4112));
#4110=FILL_AREA_STYLE('Steel - Satin',(#4113));
#4111=FILL_AREA_STYLE('ABS (White)',(#4114));
#4112=FILL_AREA_STYLE_COLOUR('Plastic - Glossy (Grey)',#4115);
#4113=FILL_AREA_STYLE_COLOUR('Steel - Satin',#4116);
#4114=FILL_AREA_STYLE_COLOUR('ABS (White)',#4117);
#4115=COLOUR_RGB('Plastic - Glossy (Grey)',0.109803921568627,0.101960784313725,
0.101960784313725);
#4116=COLOUR_RGB('Steel - Satin',0.627450980392157,0.627450980392157,0.627450980392157);
#4117=COLOUR_RGB('ABS (White)',0.894117647058824,0.443137254901961,0.152941176470588);
ENDSEC;
END-ISO-10303-21;
